"speaker_split"	"tracker_id"	"start_offset_ms"	"end_offset_ms"	"paired_speaker_support"	"f1_20_positive_speakers"	"f1_20_zero_speakers"	"dress_minus_fleece_f1_20_median_hz"	"f2_20_positive_speakers"	"f2_20_zero_speakers"	"fleece_minus_dress_f2_20_median_hz"	"f1_30_positive_speakers"	"f1_30_zero_speakers"	"dress_minus_fleece_f1_30_median_hz"	"f2_30_positive_speakers"	"f2_30_zero_speakers"	"fleece_minus_dress_f2_30_median_hz"	"f1_40_positive_speakers"	"f1_40_zero_speakers"	"dress_minus_fleece_f1_40_median_hz"	"f2_40_positive_speakers"	"f2_40_zero_speakers"	"fleece_minus_dress_f2_40_median_hz"	"f1_50_positive_speakers"	"f1_50_zero_speakers"	"dress_minus_fleece_f1_50_median_hz"	"f2_50_positive_speakers"	"f2_50_zero_speakers"	"fleece_minus_dress_f2_50_median_hz"	"f1_60_positive_speakers"	"f1_60_zero_speakers"	"dress_minus_fleece_f1_60_median_hz"	"f2_60_positive_speakers"	"f2_60_zero_speakers"	"fleece_minus_dress_f2_60_median_hz"	"f1_70_positive_speakers"	"f1_70_zero_speakers"	"dress_minus_fleece_f1_70_median_hz"	"f2_70_positive_speakers"	"f2_70_zero_speakers"	"fleece_minus_dress_f2_70_median_hz"	"f1_80_positive_speakers"	"f1_80_zero_speakers"	"dress_minus_fleece_f1_80_median_hz"	"f2_80_positive_speakers"	"f2_80_zero_speakers"	"fleece_minus_dress_f2_80_median_hz"
"CONFIRMATION_ODD"	"T4500_W025"	-20	-20	46	45	0	"149 245018992161/250000000000"	41	0	"286 48053306837/200000000000"	46	0	"183 157318939619/200000000000"	39	0	"365 436389342811/1000000000000"	46	0	"213 731695278417/1000000000000"	42	0	"351 150190804557/500000000000"	46	0	"228 101516891713/200000000000"	44	0	"393 2034917517/8000000000"	46	0	"242 759327118477/1000000000000"	42	0	"452 158680178149/500000000000"	46	0	"265 591926770941/1000000000000"	42	0	"420 1467756023/2000000000"	46	0	"265 138689315931/250000000000"	43	0	"466 852541914353/1000000000000"
"CONFIRMATION_ODD"	"T4500_W025"	-20	-10	47	47	0	"150 162406664359/500000000000"	42	0	"291 25828723721/125000000000"	47	0	"197 8873648431/500000000000"	43	0	"354 751533946761/1000000000000"	47	0	"225 169077951207/1000000000000"	45	0	"378 345298449631/1000000000000"	47	0	"243 117823553941/200000000000"	44	0	"417 660509382889/1000000000000"	47	0	"260 981074618061/1000000000000"	43	0	"419 536450507873/1000000000000"	47	0	"268 56739110311/1000000000000"	42	0	"422 67750734741/250000000000"	47	0	"265 442205230957/500000000000"	44	0	"488 11739550989/100000000000"
"CONFIRMATION_ODD"	"T4500_W025"	-20	0	46	46	0	"168 44785727789/500000000000"	41	0	"349 173581531557/200000000000"	46	0	"199 219892580689/1000000000000"	43	0	"360 57440385773/200000000000"	46	0	"225 419821600643/1000000000000"	44	0	"391 23884558893/200000000000"	46	0	"252 59043491673/250000000000"	43	0	"428 127209619693/500000000000"	46	0	"265 486764443529/500000000000"	43	0	"420 13794124339/62500000000"	46	0	"264 16986030641/20000000000"	42	0	"485 479015664643/1000000000000"	46	0	"238 169416332397/200000000000"	45	0	"443 83846759403/200000000000"
"CONFIRMATION_ODD"	"T4500_W025"	-20	10	36	36	0	"159 870659644427/1000000000000"	31	0	"345 233639823327/500000000000"	36	0	"194 833010587723/1000000000000"	33	0	"342 564068878083/1000000000000"	36	0	"227 82241591507/250000000000"	32	0	"398 1593256007/3125000000"	36	0	"254 313680802757/1000000000000"	35	0	"443 217324879137/1000000000000"	36	0	"253 346745817827/1000000000000"	30	0	"443 462697740813/1000000000000"	36	0	"248 129508743551/1000000000000"	34	0	"475 920920887683/1000000000000"	36	0	"242 438208928687/1000000000000"	31	0	"332 15779065561/250000000000"
"CONFIRMATION_ODD"	"T4500_W025"	-20	20	40	40	0	"180 136628308803/500000000000"	35	0	"434 133750545937/250000000000"	40	0	"217 304013466509/1000000000000"	37	0	"480 32358022367/1000000000000"	40	0	"247 231488570597/500000000000"	38	0	"413 580930533203/1000000000000"	40	0	"275 412747089891/1000000000000"	38	0	"486 38803889009/200000000000"	40	0	"264 142370619271/1000000000000"	35	0	"476 29696298257/100000000000"	40	0	"251 592558331887/1000000000000"	37	0	"391 316824199617/1000000000000"	40	0	"237 67023893181/500000000000"	35	0	"296 28882591363/250000000000"
"CONFIRMATION_ODD"	"T4500_W025"	-10	-20	47	47	0	"182 36076693809/50000000000"	42	0	"352 79975759713/200000000000"	47	0	"198 70484237607/200000000000"	44	0	"385 240720880387/1000000000000"	47	0	"221 17039400121/31250000000"	45	0	"408 118865839609/250000000000"	47	0	"240 371910907689/500000000000"	44	0	"417 12154597581/12500000000"	47	0	"249 416452317821/500000000000"	44	0	"441 86348976301/125000000000"	47	0	"257 50418870589/100000000000"	43	0	"431 794153645379/1000000000000"	47	0	"265 645790553293/1000000000000"	44	0	"454 284047397797/1000000000000"
"CONFIRMATION_ODD"	"T4500_W025"	-10	-10	46	46	0	"187 149819816147/250000000000"	40	0	"354 993153485699/1000000000000"	46	0	"208 329456864433/1000000000000"	43	0	"375 218136361973/250000000000"	46	0	"228 7899349479/15625000000"	42	0	"395 139651240127/1000000000000"	46	0	"250 23571090541/100000000000"	44	0	"409 323178243717/500000000000"	46	0	"268 420498231027/500000000000"	42	0	"420 258516396427/500000000000"	46	0	"268 125129444239/1000000000000"	41	0	"479 213835728703/250000000000"	46	0	"248 336855207217/500000000000"	44	0	"486 60665706401/250000000000"
"CONFIRMATION_ODD"	"T4500_W025"	-10	0	46	46	0	"197 126671046533/1000000000000"	42	0	"362 146661941327/200000000000"	46	0	"218 3754070139/125000000000"	44	0	"417 992082358317/1000000000000"	46	0	"241 240272374453/500000000000"	43	0	"433 39474859633/1000000000000"	46	0	"256 202397246403/1000000000000"	43	0	"435 36927902223/1000000000000"	46	0	"274 79994748081/100000000000"	42	0	"447 40201653479/500000000000"	46	0	"261 967512807859/1000000000000"	43	0	"475 298007918567/500000000000"	46	0	"238 15384297727/62500000000"	44	0	"404 3275627349/31250000000"
"CONFIRMATION_ODD"	"T4500_W025"	-10	10	41	41	0	"191 142987240159/500000000000"	36	0	"395 102348020641/125000000000"	41	0	"224 48229121287/62500000000"	36	0	"448 157749969351/200000000000"	41	0	"249 130010090191/500000000000"	40	0	"435 316752934293/1000000000000"	41	0	"269 602897248471/1000000000000"	39	0	"481 899419322541/1000000000000"	41	0	"265 15512043251/20000000000"	36	0	"433 303787072833/500000000000"	41	0	"249 456467581657/1000000000000"	40	0	"495 7472199369/125000000000"	41	0	"239 15509005581/15625000000"	33	0	"316 357097432547/1000000000000"
"CONFIRMATION_ODD"	"T4500_W025"	-10	20	40	40	0	"196 949074521703/1000000000000"	34	0	"396 788079537/12500000000"	40	0	"229 97294826063/1000000000000"	34	0	"380 102372003/400000000"	40	0	"268 48395261259/250000000000"	38	0	"408 58403536493/1000000000000"	40	0	"278 446002655563/1000000000000"	37	0	"426 34342666409/50000000000"	40	0	"262 720854063159/1000000000000"	36	0	"485 340832497187/1000000000000"	40	0	"250 328751653221/1000000000000"	34	0	"388 603078163823/1000000000000"	40	0	"221 143288921677/1000000000000"	34	0	"195 853052180913/1000000000000"
"CONFIRMATION_ODD"	"T4500_W025"	0	-20	49	49	0	"205 574695652727/1000000000000"	45	0	"366 119278699797/200000000000"	49	0	"229 2614668337/7812500000"	46	0	"421 728461494999/1000000000000"	49	0	"239 384685375337/1000000000000"	45	0	"440 894299609/5000000000"	49	0	"251 621470348543/1000000000000"	46	0	"408 207740555299/500000000000"	49	0	"263 341199251003/1000000000000"	46	0	"445 393759707057/500000000000"	49	0	"273 78638211523/250000000000"	45	0	"432 148564600469/500000000000"	49	0	"267 4609817343/5000000000"	46	0	"439 222467505033/250000000000"
"CONFIRMATION_ODD"	"T4500_W025"	0	-10	47	47	0	"212 98783488839/125000000000"	44	0	"388 82246075779/500000000000"	47	0	"229 237816225093/1000000000000"	45	0	"409 361131532789/500000000000"	47	0	"254 12905130907/62500000000"	43	0	"416 14673342527/250000000000"	47	0	"260 456929817403/1000000000000"	45	0	"435 388434388057/1000000000000"	47	0	"265 25833148029/1000000000000"	45	0	"458 63476580321/250000000000"	47	0	"268 972453012949/1000000000000"	43	0	"478 217954276371/1000000000000"	47	0	"234 163809178887/250000000000"	45	0	"464 883839436111/1000000000000"
"CONFIRMATION_ODD"	"T4500_W025"	0	0	47	47	0	"209 3541373989/100000000000"	44	0	"380 3380093253/250000000000"	47	0	"239 969091257753/1000000000000"	42	0	"418 108438296989/500000000000"	47	0	"262 96972422871/125000000000"	45	0	"403 10775924833/15625000000"	47	0	"263 71538486813/200000000000"	44	0	"438 4808353751/200000000000"	47	0	"251 136586787321/250000000000"	43	0	"403 143796153071/200000000000"	47	0	"239 545068004781/1000000000000"	43	0	"488 34077948851/125000000000"	47	0	"236 329302568483/500000000000"	42	0	"402 288816886211/1000000000000"
"CONFIRMATION_ODD"	"T4500_W025"	0	10	43	43	0	"223 95239611493/125000000000"	38	0	"454 37915098169/100000000000"	43	0	"242 434884333403/500000000000"	39	0	"456 682399765501/1000000000000"	43	0	"264 303689534563/1000000000000"	42	0	"439 17840060989/200000000000"	43	0	"257 407519917741/1000000000000"	41	0	"428 224889065741/1000000000000"	43	0	"269 436461278541/1000000000000"	40	0	"447 128882324797/500000000000"	43	0	"248 236259488491/500000000000"	41	0	"423 117929475439/125000000000"	43	0	"239 190482725243/500000000000"	36	0	"320 784265925571/1000000000000"
"CONFIRMATION_ODD"	"T4500_W025"	0	20	41	41	0	"228 334117533403/500000000000"	38	0	"433 589369824363/1000000000000"	41	0	"248 247095754653/250000000000"	39	0	"411 584552483361/1000000000000"	41	0	"260 54368548779/1000000000000"	40	0	"391 20251010547/200000000000"	41	0	"253 218305396121/250000000000"	38	0	"363 104470691157/125000000000"	41	0	"240 895338500593/1000000000000"	39	0	"454 219406771639/1000000000000"	41	0	"235 887848746157/1000000000000"	34	0	"364 13203754469/40000000000"	41	0	"217 140248257021/500000000000"	32	0	"182 24147211901/500000000000"
"CONFIRMATION_ODD"	"T4500_W025"	10	-20	49	49	0	"230 203874395121/500000000000"	46	0	"400 42573144137/62500000000"	49	0	"243 362362778619/1000000000000"	43	0	"396 800250687759/1000000000000"	49	0	"258 85660794717/125000000000"	47	0	"402 813716658537/1000000000000"	49	0	"261 273256245479/1000000000000"	46	0	"402 430371875743/1000000000000"	49	0	"265 1751820867/40000000000"	46	0	"437 17720702949/25000000000"	49	0	"257 125736254121/250000000000"	45	0	"432 18493991223/250000000000"	49	0	"258 336776146287/500000000000"	46	0	"499 172519442189/200000000000"
"CONFIRMATION_ODD"	"T4500_W025"	10	-10	50	50	0	"235 55366522023/1000000000000"	47	0	"409 569951772867/1000000000000"	50	0	"248 197901200463/250000000000"	46	0	"432 22817285963/1000000000000"	50	0	"259 422680719691/500000000000"	47	0	"429 873280216893/1000000000000"	50	0	"260 55052010759/1000000000000"	47	0	"467 343567516167/1000000000000"	50	0	"272 317754435061/1000000000000"	47	0	"461 59127314519/500000000000"	50	0	"252 15291534917/62500000000"	47	0	"456 47955226469/500000000000"	50	0	"256 30684630681/125000000000"	47	0	"465 351751783699/500000000000"
"CONFIRMATION_ODD"	"T4500_W025"	10	0	49	49	0	"239 712367568347/1000000000000"	46	0	"406 496436042079/500000000000"	49	0	"254 72118528099/1000000000000"	47	0	"395 607284479177/1000000000000"	49	0	"259 140739852051/1000000000000"	46	0	"419 446855676523/1000000000000"	49	0	"272 722473522721/1000000000000"	46	0	"447 6391573163/20000000000"	49	0	"268 37937951737/250000000000"	44	0	"420 427498167501/500000000000"	49	0	"248 11092012569/100000000000"	45	0	"457 202966867263/500000000000"	49	0	"245 11630208827/12500000000"	44	0	"381 986856952241/1000000000000"
"CONFIRMATION_ODD"	"T4500_W025"	10	10	45	45	0	"243 212537917831/1000000000000"	39	0	"482 30191024801/100000000000"	45	0	"257 248404841773/500000000000"	42	0	"398 7608740691/8000000000"	45	0	"257 323457861453/500000000000"	44	0	"472 249539797357/500000000000"	45	0	"256 807826799963/1000000000000"	40	0	"448 370755558881/1000000000000"	45	0	"267 237753662151/250000000000"	41	0	"464 749654002833/1000000000000"	45	0	"251 29264097773/1000000000000"	38	0	"425 244772720763/1000000000000"	45	0	"238 201465881681/500000000000"	36	0	"294 97511907829/500000000000"
"CONFIRMATION_ODD"	"T4500_W025"	10	20	42	42	0	"247 397817427309/1000000000000"	38	0	"447 45811287791/50000000000"	42	0	"261 576115525417/1000000000000"	38	0	"373 628488655683/1000000000000"	42	0	"266 60344012657/100000000000"	39	0	"390 927971196043/1000000000000"	42	0	"250 184328362821/200000000000"	38	0	"448 415224396043/1000000000000"	42	0	"254 375962213307/500000000000"	39	0	"487 59473677843/1000000000000"	42	0	"217 843679948121/1000000000000"	35	0	"350 197471547381/250000000000"	42	0	"208 412149856129/1000000000000"	34	0	"222 471974431261/500000000000"
"CONFIRMATION_ODD"	"T4500_W025"	20	-20	50	50	0	"249 91676298333/200000000000"	46	0	"393 71000639317/100000000000"	50	0	"254 759676010193/1000000000000"	48	0	"412 22030056493/1000000000000"	50	0	"258 51204367/3125000000"	47	0	"395 683206174803/1000000000000"	50	0	"266 911712469447/1000000000000"	47	0	"443 21896991417/100000000000"	50	0	"267 145761551743/1000000000000"	47	0	"452 7814968069/31250000000"	50	0	"272 2635397067/125000000000"	45	0	"447 198679278681/1000000000000"	50	0	"267 331334124451/500000000000"	46	0	"459 349258765601/500000000000"
"CONFIRMATION_ODD"	"T4500_W025"	20	-10	49	49	0	"248 269544845509/500000000000"	45	0	"446 751940287939/1000000000000"	49	0	"261 59397194357/200000000000"	45	0	"413 32849564861/125000000000"	49	0	"259 9570719867/31250000000"	47	0	"441 27845100393/125000000000"	49	0	"261 66994669083/125000000000"	46	0	"434 992794742239/1000000000000"	49	0	"269 118873416779/250000000000"	45	0	"412 49145857521/100000000000"	49	0	"257 7704398703/50000000000"	47	0	"468 698813516079/1000000000000"	49	0	"247 467214312359/500000000000"	47	0	"434 712686436157/1000000000000"
"CONFIRMATION_ODD"	"T4500_W025"	20	0	48	48	0	"251 832517617397/1000000000000"	45	0	"414 182258250789/250000000000"	48	0	"264 908998310509/1000000000000"	43	0	"442 818512376327/1000000000000"	48	0	"260 27105637321/1000000000000"	46	0	"454 57504202613/62500000000"	48	0	"254 27195744507/50000000000"	46	0	"409 675472159271/1000000000000"	48	0	"248 421899165059/500000000000"	43	0	"442 556215321571/1000000000000"	48	0	"246 88050722657/250000000000"	43	0	"459 327921557747/500000000000"	48	0	"218 1182332649/250000000000"	42	0	"346 684977193919/1000000000000"
"CONFIRMATION_ODD"	"T4500_W025"	20	10	44	44	0	"256 108980749061/500000000000"	39	0	"404 236192205713/1000000000000"	44	0	"269 127896804851/200000000000"	43	0	"364 49578339081/62500000000"	44	0	"267 433153571523/1000000000000"	42	0	"414 461586328889/1000000000000"	44	0	"258 4674316089/200000000000"	40	0	"382 79580941423/200000000000"	44	0	"260 727989255599/1000000000000"	39	0	"451 267619835129/500000000000"	44	0	"241 212755448089/250000000000"	37	0	"308 96161762877/100000000000"	44	0	"235 121998316773/1000000000000"	38	0	"238 17956374201/62500000000"
"CONFIRMATION_ODD"	"T4500_W025"	20	20	42	42	0	"258 175828513897/500000000000"	38	0	"370 266725242917/500000000000"	42	0	"272 113615207679/250000000000"	41	0	"435 257564878593/1000000000000"	42	0	"281 348006291987/1000000000000"	39	0	"382 85145317651/200000000000"	42	0	"274 165533544249/200000000000"	37	0	"430 227308707517/500000000000"	42	0	"250 138261231479/250000000000"	34	0	"439 720226363293/1000000000000"	42	0	"241 368703757111/500000000000"	33	0	"346 854206595279/1000000000000"	42	0	"207 347980271597/1000000000000"	29	0	"195 187804916961/200000000000"
"CONFIRMATION_ODD"	"T5000_W025"	-20	-20	48	47	0	"159 171541655213/250000000000"	43	0	"372 9062847233/100000000000"	48	0	"192 231918699777/250000000000"	47	0	"418 98346396057/500000000000"	48	0	"215 999011107157/1000000000000"	48	0	"448 120226364951/1000000000000"	48	0	"236 144506436973/200000000000"	47	0	"512 19120606539/250000000000"	48	0	"259 18489849057/50000000000"	47	0	"544 450926699277/1000000000000"	48	0	"262 7133830153/100000000000"	46	0	"547 986910544731/1000000000000"	48	0	"255 23164818809/200000000000"	47	0	"533 380508330113/1000000000000"
"CONFIRMATION_ODD"	"T5000_W025"	-20	-10	49	49	0	"163 92487776443/250000000000"	44	0	"355 275768001901/1000000000000"	49	0	"196 309725434873/1000000000000"	49	0	"436 480882083443/500000000000"	49	0	"222 49950658357/125000000000"	47	0	"478 383048640383/1000000000000"	49	0	"248 781544717197/1000000000000"	49	0	"543 9064141741/20000000000"	49	0	"266 603059067073/1000000000000"	48	0	"565 170722820523/200000000000"	49	0	"264 137878573547/500000000000"	48	0	"536 810041383573/1000000000000"	49	0	"263 671034533347/1000000000000"	47	0	"528 407471972157/500000000000"
"CONFIRMATION_ODD"	"T5000_W025"	-20	0	47	45	0	"159 1848373503/2000000000"	44	0	"381 647538932717/1000000000000"	47	0	"205 714718035683/1000000000000"	47	0	"465 40266654211/1000000000000"	47	0	"237 599076897843/1000000000000"	46	0	"483 791733390817/1000000000000"	47	0	"261 398969845221/1000000000000"	46	0	"550 1016696857/3906250000"	47	0	"269 60935791949/1000000000000"	47	0	"555 248843226983/500000000000"	47	0	"269 163910767713/200000000000"	45	0	"547 819630372447/1000000000000"	47	0	"259 80844875873/1000000000000"	46	0	"516 89045280283/125000000000"
"CONFIRMATION_ODD"	"T5000_W025"	-20	10	47	46	0	"178 596864485109/1000000000000"	45	0	"443 552426215549/1000000000000"	47	0	"210 619733087529/1000000000000"	47	0	"502 1420613703/6250000000"	47	0	"241 339556009891/500000000000"	46	0	"566 105881714657/1000000000000"	47	0	"267 11810917/800000000"	45	0	"584 190511169393/250000000000"	47	0	"278 427236879753/1000000000000"	45	0	"608 105781378313/250000000000"	47	0	"262 467058153371/1000000000000"	46	0	"552 478489208437/500000000000"	47	0	"255 487718035293/500000000000"	46	0	"467 982579568929/1000000000000"
"CONFIRMATION_ODD"	"T5000_W025"	-20	20	44	44	0	"182 420672610671/1000000000000"	43	0	"449 41338564111/62500000000"	44	0	"221 196558466559/1000000000000"	43	0	"527 76271759293/100000000000"	44	0	"259 626465255907/1000000000000"	43	0	"578 439046354857/500000000000"	44	0	"265 225491058529/1000000000000"	42	0	"670 622418796307/1000000000000"	44	0	"275 6102613593/25000000000"	43	0	"577 183286951817/250000000000"	44	0	"269 20352273891/62500000000"	43	0	"519 74843164857/1000000000000"	44	0	"242 675340729403/1000000000000"	44	0	"385 917821817683/1000000000000"
"CONFIRMATION_ODD"	"T5000_W025"	-10	-20	49	49	0	"176 794460489933/1000000000000"	49	0	"416 916462953213/1000000000000"	49	0	"209 96165588829/250000000000"	49	0	"469 338432373897/1000000000000"	49	0	"230 420246846183/1000000000000"	47	0	"496 238492024453/500000000000"	49	0	"251 958221753033/1000000000000"	49	0	"555 347851830683/500000000000"	49	0	"266 103498857733/500000000000"	47	0	"551 747509551963/1000000000000"	49	0	"264 135280569561/500000000000"	47	0	"564 359974583949/500000000000"	49	0	"257 60388686607/250000000000"	47	0	"534 310117673727/500000000000"
"CONFIRMATION_ODD"	"T5000_W025"	-10	-10	49	49	0	"196 518770181259/1000000000000"	49	0	"441 358819086613/1000000000000"	49	0	"212 818193783327/1000000000000"	49	0	"473 58838440797/1000000000000"	49	0	"239 593277171303/1000000000000"	48	0	"501 243415668479/500000000000"	49	0	"261 398969845221/1000000000000"	48	0	"555 7504240669/200000000000"	49	0	"264 976528890993/1000000000000"	48	0	"615 372785386131/1000000000000"	49	0	"267 33059136189/200000000000"	47	0	"548 183103125119/1000000000000"	49	0	"260 620208357391/1000000000000"	47	0	"536 71545115363/100000000000"
"CONFIRMATION_ODD"	"T5000_W025"	-10	0	49	48	0	"195 492563685423/1000000000000"	49	0	"452 305111734377/500000000000"	49	0	"225 161517623489/250000000000"	49	0	"504 382796159531/1000000000000"	49	0	"256 97296539467/250000000000"	49	0	"550 362851292227/1000000000000"	49	0	"263 969628549357/1000000000000"	48	0	"544 16976579689/31250000000"	49	0	"268 724139947321/1000000000000"	48	0	"542 330199347367/1000000000000"	49	0	"258 7293984501/500000000000"	47	0	"545 777459266297/1000000000000"	49	0	"253 373457543341/500000000000"	49	0	"506 150402096253/500000000000"
"CONFIRMATION_ODD"	"T5000_W025"	-10	10	47	47	0	"204 12076008373/31250000000"	46	0	"532 166154852493/250000000000"	47	0	"233 106722316003/500000000000"	45	0	"518 8321833599/12500000000"	47	0	"260 127134335849/1000000000000"	47	0	"572 600667849143/1000000000000"	47	0	"271 29721958433/31250000000"	45	0	"633 42135357737/50000000000"	47	0	"291 565810198189/1000000000000"	46	0	"567 196288483621/200000000000"	47	0	"264 2322732087/15625000000"	46	0	"529 322949860081/500000000000"	47	0	"260 27241527333/62500000000"	45	0	"417 281265846277/500000000000"
"CONFIRMATION_ODD"	"T5000_W025"	-10	20	46	46	0	"208 260101083259/1000000000000"	46	0	"523 439428104953/1000000000000"	46	0	"238 10247155551/100000000000"	45	0	"525 262517058001/1000000000000"	46	0	"263 852404956519/1000000000000"	43	0	"583 789378658379/1000000000000"	46	0	"274 299745337813/1000000000000"	44	0	"599 117366497953/1000000000000"	46	0	"270 72879236237/125000000000"	44	0	"539 412519152321/1000000000000"	46	0	"254 72142060797/125000000000"	44	0	"501 350430588409/500000000000"	46	0	"224 446937797941/500000000000"	43	0	"378 124163760547/125000000000"
"CONFIRMATION_ODD"	"T5000_W025"	0	-20	50	50	0	"204 138596678861/1000000000000"	50	0	"468 91079056679/250000000000"	50	0	"227 963300112539/1000000000000"	50	0	"460 442161090363/500000000000"	50	0	"243 325642017239/1000000000000"	49	0	"501 965487871661/1000000000000"	50	0	"258 455394232183/1000000000000"	48	0	"549 703109366157/1000000000000"	50	0	"266 280950447667/500000000000"	48	0	"566 4680291103/7812500000"	50	0	"272 62772351257/250000000000"	49	0	"511 425047140399/500000000000"	50	0	"265 108791416697/125000000000"	49	0	"511 77396633/2000000000"
"CONFIRMATION_ODD"	"T5000_W025"	0	-10	50	50	0	"211 867330081/1000000000000"	50	0	"497 372953833957/500000000000"	50	0	"236 32548575663/125000000000"	50	0	"476 986709997957/1000000000000"	50	0	"258 449385417561/1000000000000"	50	0	"539 170789178853/250000000000"	50	0	"276 111991691937/500000000000"	48	0	"524 610015054699/1000000000000"	50	0	"280 57179446991/1000000000000"	50	0	"516 11219789439/40000000000"	50	0	"273 870497798743/1000000000000"	47	0	"525 2572855341/15625000000"	50	0	"267 393033473013/1000000000000"	48	0	"511 151182530363/250000000000"
"CONFIRMATION_ODD"	"T5000_W025"	0	0	49	49	0	"213 130563871949/1000000000000"	49	0	"470 871349343/5000000000"	49	0	"239 86254765701/1000000000000"	47	0	"487 7142485639/250000000000"	49	0	"266 198742395381/250000000000"	48	0	"545 15661387597/100000000000"	49	0	"278 416129392599/1000000000000"	48	0	"537 53936865877/200000000000"	49	0	"268 2994880681/31250000000"	47	0	"523 130460714991/250000000000"	49	0	"257 2056196241/8000000000"	47	0	"511 585950473339/1000000000000"	49	0	"242 530734630461/1000000000000"	49	0	"473 152348381131/250000000000"
"CONFIRMATION_ODD"	"T5000_W025"	0	10	46	46	0	"223 366961311/12500000000"	44	0	"522 285321353823/1000000000000"	46	0	"244 582310645491/1000000000000"	44	0	"562 348498047847/500000000000"	46	0	"270 231985852781/500000000000"	45	0	"562 810532641977/1000000000000"	46	0	"274 399983376559/500000000000"	44	0	"603 6039291909/250000000000"	46	0	"264 901463566273/1000000000000"	43	0	"581 7891368587/200000000000"	46	0	"263 19944559141/250000000000"	45	0	"501 197011737151/500000000000"	46	0	"241 39635449087/500000000000"	45	0	"412 51813740101/125000000000"
"CONFIRMATION_ODD"	"T5000_W025"	0	20	47	47	0	"229 47179178717/1000000000000"	45	0	"507 387723357159/1000000000000"	47	0	"259 844744105359/1000000000000"	46	0	"567 142646885357/1000000000000"	47	0	"285 151251125159/250000000000"	46	0	"575 22532468943/250000000000"	47	0	"291 108034317907/250000000000"	45	0	"546 66778863857/100000000000"	47	0	"267 158859609341/500000000000"	45	0	"505 232441929561/1000000000000"	47	0	"263 939716228793/1000000000000"	44	0	"435 350842825637/1000000000000"	46	0	"217 182805147427/1000000000000"	41	0	"334 407902918123/500000000000"
"CONFIRMATION_ODD"	"T5000_W025"	10	-20	50	50	0	"227 723428763191/1000000000000"	50	0	"489 3518613449/500000000000"	50	0	"244 106980634117/500000000000"	49	0	"507 86420757677/100000000000"	50	0	"262 246463373347/250000000000"	49	0	"521 911167414569/1000000000000"	50	0	"271 789758639787/1000000000000"	48	0	"533 233015344893/500000000000"	50	0	"274 345279974637/1000000000000"	49	0	"542 177673109597/1000000000000"	50	0	"273 17282434497/250000000000"	50	0	"512 190955632441/250000000000"	50	0	"265 67864162087/100000000000"	48	0	"518 88406520161/200000000000"
"CONFIRMATION_ODD"	"T5000_W025"	10	-10	50	50	0	"234 600070991279/1000000000000"	50	0	"479 873893386873/1000000000000"	50	0	"251 484116557757/1000000000000"	49	0	"529 69323976677/1000000000000"	50	0	"270 576742659687/1000000000000"	49	0	"565 41514226487/200000000000"	50	0	"278 872635785243/1000000000000"	50	0	"545 2697921179/31250000000"	50	0	"270 419587695513/1000000000000"	49	0	"513 52874011523/62500000000"	50	0	"262 973721837777/1000000000000"	48	0	"521 186027574063/1000000000000"	50	0	"260 31558841437/100000000000"	49	0	"487 29039287231/500000000000"
"CONFIRMATION_ODD"	"T5000_W025"	10	0	50	50	0	"239 714224628123/1000000000000"	50	0	"487 118816813277/250000000000"	50	0	"259 218404931379/1000000000000"	50	0	"541 37804114821/250000000000"	50	0	"277 633890889921/1000000000000"	48	0	"539 525211319813/1000000000000"	50	0	"274 347388671209/500000000000"	49	0	"530 926274531059/1000000000000"	50	0	"268 566120125519/1000000000000"	47	0	"522 85449622303/250000000000"	50	0	"258 353825460541/1000000000000"	48	0	"492 397151182853/1000000000000"	50	0	"249 917284119347/1000000000000"	48	0	"444 437047651657/1000000000000"
"CONFIRMATION_ODD"	"T5000_W025"	10	10	47	47	0	"249 350708171119/500000000000"	47	0	"531 853812824919/1000000000000"	47	0	"266 125668692771/500000000000"	45	0	"564 17028462627/125000000000"	47	0	"272 255455827141/500000000000"	44	0	"595 40530915851/200000000000"	47	0	"290 14827907121/40000000000"	46	0	"586 301008416533/1000000000000"	47	0	"266 594473695937/1000000000000"	44	0	"520 460964689701/1000000000000"	47	0	"260 11164654697/50000000000"	46	0	"494 4076962323/15625000000"	47	0	"232 731698603321/1000000000000"	45	0	"402 444938040351/500000000000"
"CONFIRMATION_ODD"	"T5000_W025"	10	20	44	44	0	"246 37959626011/40000000000"	43	0	"594 761070075831/1000000000000"	44	0	"268 1960939811/12500000000"	43	0	"583 644571992711/1000000000000"	44	0	"274 291010444491/1000000000000"	44	0	"650 328754314341/500000000000"	44	0	"269 161034795179/1000000000000"	42	0	"516 33660156611/100000000000"	44	0	"267 959711156109/1000000000000"	43	0	"522 495440753/2500000000"	44	0	"247 68821677293/250000000000"	44	0	"414 85692794567/200000000000"	44	0	"205 272449434439/500000000000"	40	0	"286 293598621159/500000000000"
"CONFIRMATION_ODD"	"T5000_W025"	20	-20	50	50	0	"246 370514789/31250000000"	50	0	"541 166340774241/1000000000000"	50	0	"258 47371469607/62500000000"	50	0	"532 20071871449/1000000000000"	50	0	"276 29945826751/1000000000000"	49	0	"534 40526834257/500000000000"	50	0	"288 110068712871/125000000000"	50	0	"541 961725551029/1000000000000"	50	0	"289 221233352567/250000000000"	50	0	"526 336710544263/500000000000"	50	0	"278 652205204561/1000000000000"	49	0	"527 613841663243/1000000000000"	50	0	"280 813509155503/1000000000000"	48	0	"510 133285906071/250000000000"
"CONFIRMATION_ODD"	"T5000_W025"	20	-10	50	50	0	"249 916281616187/1000000000000"	50	0	"536 55746800489/1000000000000"	50	0	"266 51263934063/125000000000"	48	0	"532 118225315841/1000000000000"	50	0	"276 97435256993/250000000000"	49	0	"541 9727897457/200000000000"	50	0	"274 347388671209/500000000000"	48	0	"530 926274531059/1000000000000"	50	0	"270 60431993293/200000000000"	49	0	"501 785356326433/1000000000000"	50	0	"262 45862015747/50000000000"	49	0	"509 50861876347/62500000000"	50	0	"247 571301855473/1000000000000"	48	0	"485 203650924509/1000000000000"
"CONFIRMATION_ODD"	"T5000_W025"	20	0	50	50	0	"254 45484346887/1000000000000"	49	0	"502 86946056291/100000000000"	50	0	"271 20349433371/40000000000"	48	0	"561 973750748661/1000000000000"	50	0	"268 24031802673/100000000000"	48	0	"547 877002636747/1000000000000"	50	0	"268 108438298597/500000000000"	48	0	"519 113103856943/200000000000"	50	0	"260 181297955121/200000000000"	47	0	"512 135263887157/250000000000"	50	0	"255 340965254171/500000000000"	49	0	"480 216282301/50000000000"	50	0	"237 385702719/1250000000"	49	0	"425 466814324337/1000000000000"
"CONFIRMATION_ODD"	"T5000_W025"	20	10	45	45	0	"257 488725314529/500000000000"	44	0	"554 481459887307/500000000000"	45	0	"269 382890609043/500000000000"	45	0	"567 196435621517/200000000000"	45	0	"283 519001242401/1000000000000"	45	0	"647 265331329257/500000000000"	45	0	"270 5726983307/50000000000"	42	0	"512 8592999651/100000000000"	45	0	"270 89780832133/250000000000"	43	0	"510 54062810089/125000000000"	45	0	"263 284571183751/1000000000000"	44	0	"511 27187716759/62500000000"	45	0	"226 76745215569/200000000000"	45	0	"397 175571776189/200000000000"
"CONFIRMATION_ODD"	"T5000_W025"	20	20	45	45	0	"270 560427534359/1000000000000"	43	0	"582 616909749231/1000000000000"	45	0	"287 151556092511/200000000000"	44	0	"573 259141702487/1000000000000"	45	0	"292 807019547207/1000000000000"	44	0	"535 40323090197/500000000000"	45	0	"274 8763104163/500000000000"	43	0	"529 126492328671/250000000000"	45	0	"265 698364789/1000000000000"	42	0	"504 21357721753/200000000000"	45	0	"233 935208864119/1000000000000"	43	0	"396 50283270569/62500000000"	45	0	"206 370912088063/1000000000000"	39	0	"226 500811116771/1000000000000"
"CONFIRMATION_ODD"	"T5000_W030"	-20	-20	48	46	0	"152 191887216533/500000000000"	44	0	"371 110721519109/1000000000000"	48	0	"192 113808308409/500000000000"	48	0	"419 247805031131/500000000000"	48	0	"216 237485767327/500000000000"	47	0	"449 16774830233/40000000000"	48	0	"237 247939120061/1000000000000"	47	0	"510 88219526719/200000000000"	48	0	"256 86380562399/250000000000"	45	0	"522 52108575123/500000000000"	48	0	"259 430896889561/500000000000"	46	0	"541 15862276881/200000000000"	48	0	"255 81461013329/200000000000"	46	0	"534 430079812941/500000000000"
"CONFIRMATION_ODD"	"T5000_W030"	-20	-10	49	49	0	"163 16352200217/200000000000"	45	0	"361 75311573453/250000000000"	49	0	"201 52509529591/500000000000"	48	0	"444 398750479127/500000000000"	49	0	"224 679877336171/1000000000000"	47	0	"468 93222005877/1000000000000"	49	0	"248 960953560407/1000000000000"	49	0	"528 84689880223/250000000000"	49	0	"266 28609810037/250000000000"	48	0	"562 100547656683/125000000000"	49	0	"264 16704966481/100000000000"	49	0	"545 31104340397/500000000000"	49	0	"267 687061245373/1000000000000"	48	0	"523 3856308607/10000000000"
"CONFIRMATION_ODD"	"T5000_W030"	-20	0	47	47	0	"171 758843355673/1000000000000"	46	0	"386 408011583487/500000000000"	47	0	"207 71458674893/200000000000"	47	0	"490 50349330121/125000000000"	47	0	"236 478822276447/500000000000"	46	0	"517 618689638977/1000000000000"	47	0	"258 678374418863/1000000000000"	47	0	"551 11543943083/50000000000"	47	0	"266 78098559529/250000000000"	46	0	"568 794094734871/1000000000000"	47	0	"271 930109254007/1000000000000"	45	0	"543 437852692611/1000000000000"	47	0	"260 728746223/100000000000"	45	0	"514 354413999203/1000000000000"
"CONFIRMATION_ODD"	"T5000_W030"	-20	10	45	45	0	"177 4713513259/31250000000"	44	0	"435 422946568861/1000000000000"	45	0	"209 493273984111/1000000000000"	44	0	"503 101251669077/250000000000"	45	0	"241 191696065753/1000000000000"	45	0	"529 198555566387/200000000000"	45	0	"266 558236013351/1000000000000"	43	0	"590 371717550117/1000000000000"	45	0	"279 266612969901/1000000000000"	44	0	"586 66980362931/500000000000"	45	0	"262 928681131/25000000000"	43	0	"543 642192789851/1000000000000"	45	0	"256 73455184941/1000000000000"	44	0	"460 23040415933/40000000000"
"CONFIRMATION_ODD"	"T5000_W030"	-20	20	44	44	0	"184 5987282109/20000000000"	43	0	"449 594686278011/1000000000000"	44	0	"221 324048201087/1000000000000"	44	0	"514 100714547797/200000000000"	44	0	"253 3129007567/40000000000"	43	0	"585 6257102917/125000000000"	44	0	"264 245759691499/1000000000000"	42	0	"671 460007397377/1000000000000"	44	0	"285 393439399031/500000000000"	44	0	"571 124052552647/500000000000"	44	0	"267 321912961947/500000000000"	43	0	"487 171430288633/1000000000000"	44	0	"253 228713875871/500000000000"	44	0	"436 164325183491/250000000000"
"CONFIRMATION_ODD"	"T5000_W030"	-10	-20	49	49	0	"187 3441616219/125000000000"	49	0	"417 317474198073/500000000000"	49	0	"209 142961439737/200000000000"	49	0	"471 9009802489/50000000000"	49	0	"231 51278988507/125000000000"	47	0	"484 956646860767/1000000000000"	49	0	"251 3193280509/500000000000"	49	0	"528 84689880223/250000000000"	49	0	"265 87871797383/1000000000000"	47	0	"566 654931007257/1000000000000"	49	0	"264 136040663019/1000000000000"	47	0	"555 16321404113/31250000000"	49	0	"257 997910108011/1000000000000"	47	0	"531 9722136909/10000000000"
"CONFIRMATION_ODD"	"T5000_W030"	-10	-10	48	48	0	"196 4188912367/10000000000"	48	0	"445 623997720267/1000000000000"	48	0	"214 158925129613/250000000000"	48	0	"464 396661245351/500000000000"	48	0	"242 410575444763/500000000000"	47	0	"495 391849863767/1000000000000"	48	0	"259 493082981057/500000000000"	48	0	"546 79455539537/200000000000"	48	0	"266 254131120509/1000000000000"	47	0	"603 70976013593/200000000000"	48	0	"281 40257674001/250000000000"	47	0	"546 47124315507/100000000000"	48	0	"270 144042902547/1000000000000"	46	0	"521 111078212087/500000000000"
"CONFIRMATION_ODD"	"T5000_W030"	-10	0	47	47	0	"194 21564140471/25000000000"	47	0	"466 2566647039/1000000000000"	47	0	"218 512327591063/1000000000000"	47	0	"501 199247113781/1000000000000"	47	0	"245 396208014969/1000000000000"	47	0	"543 250632623181/1000000000000"	47	0	"261 181798040731/250000000000"	46	0	"556 774149213353/1000000000000"	47	0	"267 223154230513/500000000000"	47	0	"542 165520755253/200000000000"	47	0	"257 8090895681/15625000000"	46	0	"513 30418635519/50000000000"	47	0	"252 817472684909/1000000000000"	47	0	"504 495196162287/1000000000000"
"CONFIRMATION_ODD"	"T5000_W030"	-10	10	47	47	0	"203 146811022767/1000000000000"	46	0	"531 42844241431/200000000000"	47	0	"226 430981289579/1000000000000"	44	0	"517 525124259731/1000000000000"	47	0	"252 89905602959/125000000000"	47	0	"574 773112264813/1000000000000"	47	0	"270 148290062331/250000000000"	45	0	"651 929977845741/1000000000000"	47	0	"292 429254977237/500000000000"	45	0	"556 409840273729/1000000000000"	47	0	"272 392030898773/1000000000000"	45	0	"522 231527088379/500000000000"	47	0	"257 625572482887/1000000000000"	45	0	"457 903648560373/1000000000000"
"CONFIRMATION_ODD"	"T5000_W030"	-10	20	47	47	0	"208 515642004311/1000000000000"	47	0	"523 165083214581/1000000000000"	47	0	"237 14690330759/31250000000"	46	0	"540 33189034767/500000000000"	47	0	"263 112367258731/1000000000000"	46	0	"586 319663552499/500000000000"	47	0	"275 110924395703/200000000000"	45	0	"605 131962547861/250000000000"	47	0	"275 427583425229/1000000000000"	45	0	"535 155115264347/1000000000000"	47	0	"264 135956664097/250000000000"	46	0	"500 83659950877/100000000000"	47	0	"245 74228152121/500000000000"	43	0	"406 996683633957/1000000000000"
"CONFIRMATION_ODD"	"T5000_W030"	0	-20	49	49	0	"203 6641874263/1000000000000"	49	0	"478 336166892467/1000000000000"	49	0	"228 30014785853/40000000000"	48	0	"456 101602415331/500000000000"	49	0	"245 289949443329/1000000000000"	48	0	"475 86394258163/1000000000000"	49	0	"254 148580501633/1000000000000"	48	0	"523 680452422267/1000000000000"	49	0	"267 859592360833/1000000000000"	47	0	"564 274735593111/1000000000000"	49	0	"271 218506339919/250000000000"	49	0	"538 407951858381/500000000000"	49	0	"268 20329232179/31250000000"	47	0	"511 494936578953/500000000000"
"CONFIRMATION_ODD"	"T5000_W030"	0	-10	50	50	0	"212 18601009777/125000000000"	50	0	"494 131016078671/500000000000"	50	0	"238 3093213169/5000000000"	50	0	"447 766949592717/1000000000000"	50	0	"257 98108570757/100000000000"	50	0	"525 122488941451/250000000000"	50	0	"274 64074458011/100000000000"	48	0	"531 388860239413/1000000000000"	50	0	"279 175118390339/250000000000"	50	0	"518 94905442617/500000000000"	50	0	"273 749872221691/1000000000000"	47	0	"522 83981837261/200000000000"	50	0	"266 160727582661/250000000000"	48	0	"507 631038817707/1000000000000"
"CONFIRMATION_ODD"	"T5000_W030"	0	0	49	49	0	"215 426947073079/500000000000"	49	0	"449 996579549009/1000000000000"	49	0	"240 6982421623/12500000000"	49	0	"469 806837750953/1000000000000"	49	0	"256 5037824883/25000000000"	49	0	"545 943821081043/1000000000000"	49	0	"276 310201018529/1000000000000"	48	0	"533 544161786339/1000000000000"	49	0	"267 947048745829/1000000000000"	48	0	"523 831679083781/1000000000000"	49	0	"259 907106632919/1000000000000"	47	0	"495 26031002267/125000000000"	49	0	"242 11966207023/1000000000000"	49	0	"475 7343988391/125000000000"
"CONFIRMATION_ODD"	"T5000_W030"	0	10	45	45	0	"225 25644494701/250000000000"	43	0	"493 25425977733/125000000000"	45	0	"247 67905065119/125000000000"	43	0	"562 276343558217/1000000000000"	45	0	"270 324376445989/500000000000"	44	0	"583 17635150181/40000000000"	45	0	"282 607742771171/1000000000000"	45	0	"578 379721216889/1000000000000"	45	0	"267 117807891763/500000000000"	44	0	"527 110149084351/125000000000"	45	0	"261 49606036271/500000000000"	44	0	"493 21388545739/62500000000"	45	0	"244 32805554691/125000000000"	45	0	"421 653078081343/1000000000000"
"CONFIRMATION_ODD"	"T5000_W030"	0	20	47	47	0	"230 96607897079/1000000000000"	46	0	"510 77083003729/100000000000"	47	0	"260 222133984319/250000000000"	47	0	"568 22707879101/62500000000"	47	0	"286 626196521429/1000000000000"	45	0	"590 3467517309/100000000000"	47	0	"292 611787966847/1000000000000"	45	0	"529 403815956553/500000000000"	47	0	"267 797953509073/1000000000000"	44	0	"518 3971129269/4000000000"	47	0	"260 882030326923/1000000000000"	45	0	"481 80054456863/1000000000000"	46	0	"222 202412217171/500000000000"	43	0	"366 14466845543/25000000000"
"CONFIRMATION_ODD"	"T5000_W030"	10	-20	49	49	0	"228 225256362263/250000000000"	49	0	"472 854463744969/1000000000000"	49	0	"245 612919058417/1000000000000"	48	0	"489 360759852533/1000000000000"	49	0	"260 245123581531/250000000000"	49	0	"515 146460313589/200000000000"	49	0	"271 100796251049/200000000000"	47	0	"550 23174061219/100000000000"	49	0	"276 66573776053/1000000000000"	48	0	"547 136276202751/1000000000000"	49	0	"278 44985290643/1000000000000"	49	0	"526 93669993417/100000000000"	49	0	"270 267684439493/1000000000000"	48	0	"505 295904623313/1000000000000"
"CONFIRMATION_ODD"	"T5000_W030"	10	-10	50	50	0	"234 915903566599/1000000000000"	50	0	"494 344706185119/1000000000000"	50	0	"251 116307677593/200000000000"	49	0	"537 47562674347/62500000000"	50	0	"264 33687134737/200000000000"	49	0	"548 64714448629/100000000000"	50	0	"277 73876614233/125000000000"	49	0	"547 10744020861/50000000000"	50	0	"270 91893621/390625000"	48	0	"508 76617565479/100000000000"	50	0	"267 52913386531/1000000000000"	48	0	"503 205159452481/250000000000"	50	0	"261 380404142349/500000000000"	48	0	"488 883381455111/1000000000000"
"CONFIRMATION_ODD"	"T5000_W030"	10	0	50	50	0	"240 72127988077/1000000000000"	50	0	"500 172570630417/1000000000000"	50	0	"262 101208013271/125000000000"	50	0	"520 7244938401/15625000000"	50	0	"267 185492639677/200000000000"	49	0	"556 677443781213/1000000000000"	50	0	"270 161848154929/1000000000000"	50	0	"526 985150114623/1000000000000"	50	0	"268 373739282949/1000000000000"	49	0	"509 19301180859/62500000000"	50	0	"262 103428816483/200000000000"	48	0	"475 74419629423/250000000000"	50	0	"251 54266266551/1000000000000"	49	0	"457 447890909619/500000000000"
"CONFIRMATION_ODD"	"T5000_W030"	10	10	48	48	0	"252 120785613693/500000000000"	47	0	"537 645000275659/1000000000000"	48	0	"268 40418394791/125000000000"	47	0	"562 3002965117/20000000000"	48	0	"281 60814840669/500000000000"	45	0	"593 17750155999/40000000000"	48	0	"292 80080506967/250000000000"	46	0	"539 25773402643/62500000000"	48	0	"272 12883697727/100000000000"	46	0	"511 9650765511/25000000000"	48	0	"264 23500786827/31250000000"	47	0	"494 405574301269/500000000000"	48	0	"242 70037109429/500000000000"	47	0	"430 345649043343/1000000000000"
"CONFIRMATION_ODD"	"T5000_W030"	10	20	44	44	0	"260 96017606067/200000000000"	44	0	"578 40893250003/125000000000"	44	0	"268 176170892133/1000000000000"	44	0	"570 576387250609/1000000000000"	44	0	"281 10160955241/62500000000"	43	0	"655 130188758483/200000000000"	44	0	"281 193988005527/500000000000"	43	0	"503 14416955641/250000000000"	44	0	"269 29270973367/125000000000"	43	0	"517 32340611109/40000000000"	44	0	"261 160331171043/250000000000"	42	0	"447 62034259879/200000000000"	44	0	"216 18450209761/1000000000000"	42	0	"309 352610128087/500000000000"
"CONFIRMATION_ODD"	"T5000_W030"	20	-20	50	50	0	"250 903372959623/1000000000000"	49	0	"532 40151235791/200000000000"	50	0	"265 124696475251/500000000000"	50	0	"511 246469208423/250000000000"	50	0	"273 168035740361/250000000000"	49	0	"552 37587611949/200000000000"	50	0	"289 501373104947/1000000000000"	49	0	"566 127804442281/200000000000"	50	0	"294 186117378231/250000000000"	50	0	"526 232568340867/1000000000000"	50	0	"283 74167391673/100000000000"	49	0	"522 873547416407/1000000000000"	50	0	"275 3676581877/31250000000"	49	0	"504 104013618151/125000000000"
"CONFIRMATION_ODD"	"T5000_W030"	20	-10	50	50	0	"256 262018487561/1000000000000"	50	0	"534 45609520121/100000000000"	50	0	"265 893611281219/1000000000000"	49	0	"523 451099909741/1000000000000"	50	0	"272 209098267249/500000000000"	48	0	"561 52508959263/500000000000"	50	0	"275 965107497071/1000000000000"	48	0	"533 11286372371/1000000000000"	50	0	"270 683970046063/1000000000000"	48	0	"490 90392201701/200000000000"	50	0	"258 352329663/781250000"	48	0	"488 9398125457/50000000000"	50	0	"256 101953718237/500000000000"	48	0	"494 435968334121/1000000000000"
"CONFIRMATION_ODD"	"T5000_W030"	20	0	50	50	0	"254 1192563133/62500000000"	49	0	"532 572836312651/1000000000000"	50	0	"264 494187505231/500000000000"	49	0	"552 68461497221/250000000000"	50	0	"269 380978467931/500000000000"	48	0	"552 68817257909/500000000000"	50	0	"267 868607374237/1000000000000"	50	0	"518 225591140457/500000000000"	50	0	"261 11908028587/40000000000"	47	0	"510 197816375463/200000000000"	50	0	"258 270301563291/500000000000"	48	0	"483 33217155789/100000000000"	50	0	"241 170803036283/250000000000"	50	0	"439 25127585667/125000000000"
"CONFIRMATION_ODD"	"T5000_W030"	20	10	46	46	0	"257 82663718073/1000000000000"	46	0	"587 49076938691/250000000000"	46	0	"274 794975484753/1000000000000"	46	0	"570 416978130307/500000000000"	46	0	"289 93718431809/500000000000"	46	0	"574 57210770003/125000000000"	46	0	"281 193988005527/500000000000"	45	0	"497 175682474371/250000000000"	46	0	"269 359121260711/1000000000000"	44	0	"509 174746310171/250000000000"	46	0	"265 70964292399/100000000000"	45	0	"511 288074329/800000000"	46	0	"241 251356767691/500000000000"	45	0	"420 309133863887/1000000000000"
"CONFIRMATION_ODD"	"T5000_W030"	20	20	46	46	0	"263 7584014879/20000000000"	45	0	"593 55466110799/1000000000000"	46	0	"290 352173651391/1000000000000"	44	0	"580 109420971291/1000000000000"	46	0	"296 960425323343/1000000000000"	44	0	"530 110615081563/125000000000"	46	0	"277 835758312861/1000000000000"	44	0	"517 3895632301/4000000000"	46	0	"264 280964652351/500000000000"	43	0	"524 859248363959/1000000000000"	46	0	"256 361133236143/500000000000"	44	0	"424 131345298303/200000000000"	45	0	"212 126979302719/500000000000"	42	0	"245 853825776819/1000000000000"
"CONFIRMATION_ODD"	"T5500_W025"	-20	-20	49	47	0	"161 9877524089/15625000000"	48	0	"388 1245196971/500000000000"	49	0	"182 170151099387/250000000000"	49	0	"500 428326942599/500000000000"	49	0	"219 293770436579/1000000000000"	49	0	"521 34691817891/40000000000"	49	0	"244 378484774687/500000000000"	49	0	"629 139468710653/200000000000"	49	0	"259 112160158907/500000000000"	49	0	"632 1214391619/62500000000"	49	0	"267 451559429657/500000000000"	49	0	"647 19614094821/50000000000"	49	0	"266 85797904101/125000000000"	49	0	"669 8629673823/50000000000"
"CONFIRMATION_ODD"	"T5500_W025"	-20	-10	49	45	0	"168 37173298889/1000000000000"	48	0	"427 63764307/8000000000"	49	0	"196 227708175509/250000000000"	49	0	"493 86081575293/100000000000"	49	0	"232 497143423831/500000000000"	49	0	"561 539420110641/1000000000000"	49	0	"256 972545064809/1000000000000"	49	0	"607 227906006269/250000000000"	49	0	"265 415353616429/500000000000"	49	0	"646 868915995873/1000000000000"	49	0	"270 82398820479/200000000000"	49	0	"660 6105623447/250000000000"	49	0	"272 62621450407/200000000000"	49	0	"634 20288879/125000000000"
"CONFIRMATION_ODD"	"T5500_W025"	-20	0	49	48	0	"148 420305160609/500000000000"	49	0	"447 203937800841/500000000000"	49	0	"212 53393497493/500000000000"	49	0	"501 349397493351/500000000000"	49	0	"241 922269062949/1000000000000"	49	0	"587 585723160619/1000000000000"	49	0	"257 356893133659/500000000000"	49	0	"638 36402201671/125000000000"	49	0	"264 442842909743/1000000000000"	49	0	"654 19181423939/1000000000000"	49	0	"270 233195204887/1000000000000"	49	0	"634 64097759121/100000000000"	49	0	"248 43387239593/125000000000"	49	0	"599 648147196987/1000000000000"
"CONFIRMATION_ODD"	"T5500_W025"	-20	10	45	43	0	"175 43070859047/50000000000"	45	0	"497 515929938507/1000000000000"	45	0	"219 868210114973/1000000000000"	45	0	"599 91061497419/100000000000"	45	0	"243 1439946737/100000000000"	45	0	"666 299781150743/1000000000000"	45	0	"260 17787776999/50000000000"	45	0	"695 30507825403/62500000000"	45	0	"279 531203211247/1000000000000"	45	0	"704 105598284827/1000000000000"	45	0	"263 94736853473/200000000000"	45	0	"655 812809743079/1000000000000"	45	0	"242 243255982557/250000000000"	45	0	"564 663391385233/1000000000000"
"CONFIRMATION_ODD"	"T5500_W025"	-20	20	46	46	0	"183 138140734501/200000000000"	46	0	"516 81465979457/1000000000000"	46	0	"227 151069379753/250000000000"	46	0	"652 26331835073/500000000000"	46	0	"263 143514096821/1000000000000"	46	0	"689 256973022627/500000000000"	46	0	"270 785012758557/1000000000000"	46	0	"694 209327333051/250000000000"	46	0	"284 296501277777/500000000000"	46	0	"680 117585894263/500000000000"	46	0	"264 67298796807/1000000000000"	46	0	"608 222369767409/500000000000"	46	0	"227 20449961329/250000000000"	44	0	"503 926154867/12500000000"
"CONFIRMATION_ODD"	"T5500_W025"	-10	-20	49	49	0	"184 171816071591/500000000000"	49	0	"487 2689853677/250000000000"	49	0	"215 772535394071/1000000000000"	49	0	"517 28414601431/1000000000000"	49	0	"238 17331507783/250000000000"	49	0	"595 201837218103/1000000000000"	49	0	"246 61453911723/100000000000"	49	0	"618 859124713959/1000000000000"	49	0	"257 875931417511/1000000000000"	49	0	"650 999883941133/1000000000000"	49	0	"267 61066314911/125000000000"	49	0	"654 866203787483/1000000000000"	49	0	"262 933849244193/1000000000000"	49	0	"645 93892631483/500000000000"
"CONFIRMATION_ODD"	"T5500_W025"	-10	-10	49	49	0	"192 4763460543/200000000000"	49	0	"501 223630580993/1000000000000"	49	0	"221 181090524047/200000000000"	49	0	"569 86794979611/200000000000"	49	0	"245 62300525253/62500000000"	49	0	"612 149341894239/250000000000"	49	0	"257 356893133659/500000000000"	49	0	"638 36402201671/125000000000"	49	0	"266 68830786741/500000000000"	49	0	"654 201550621029/500000000000"	49	0	"264 408042307519/500000000000"	49	0	"653 125223892733/500000000000"	49	0	"271 362509106807/1000000000000"	49	0	"607 29133230899/1000000000000"
"CONFIRMATION_ODD"	"T5500_W025"	-10	0	49	48	0	"200 884598944217/1000000000000"	49	0	"512 322910175059/500000000000"	49	0	"230 383423671633/1000000000000"	49	0	"576 25698721489/40000000000"	49	0	"250 458605406133/1000000000000"	49	0	"600 140411440027/200000000000"	49	0	"262 124494543231/500000000000"	49	0	"650 51374803057/500000000000"	49	0	"276 560739650019/1000000000000"	49	0	"647 494145720059/1000000000000"	49	0	"275 25710043799/250000000000"	49	0	"646 925745650781/1000000000000"	49	0	"247 37037826749/100000000000"	49	0	"568 616926154467/1000000000000"
"CONFIRMATION_ODD"	"T5500_W025"	-10	10	46	46	0	"206 318778803077/500000000000"	46	0	"582 107482467293/250000000000"	46	0	"235 40651387489/100000000000"	46	0	"663 92676669533/250000000000"	46	0	"257 40062226417/500000000000"	46	0	"685 950957318469/1000000000000"	46	0	"269 483308273097/1000000000000"	46	0	"694 209327333051/250000000000"	46	0	"274 127739811209/200000000000"	46	0	"701 312504606559/1000000000000"	46	0	"258 70293283879/250000000000"	46	0	"661 530799664713/1000000000000"	46	0	"241 64433830177/1000000000000"	46	0	"559 117851863361/125000000000"
"CONFIRMATION_ODD"	"T5500_W025"	-10	20	45	45	0	"212 19986724733/100000000000"	45	0	"591 234658746773/500000000000"	45	0	"247 199988491731/500000000000"	45	0	"672 351945637681/1000000000000"	45	0	"266 996711115271/1000000000000"	45	0	"708 274539791773/500000000000"	45	0	"278 3832135027/12500000000"	45	0	"693 95080716523/200000000000"	45	0	"264 104464239539/125000000000"	45	0	"678 47956723361/100000000000"	45	0	"252 159932894579/500000000000"	45	0	"580 21565216821/62500000000"	44	0	"215 509212127513/1000000000000"	43	0	"428 444914913487/500000000000"
"CONFIRMATION_ODD"	"T5500_W025"	0	-20	49	49	0	"219 94411662071/250000000000"	49	0	"497 28562757261/50000000000"	49	0	"238 128266950241/500000000000"	49	0	"544 21625189123/25000000000"	49	0	"252 116354984671/250000000000"	49	0	"579 955097202473/1000000000000"	49	0	"257 290572891989/1000000000000"	49	0	"611 146885148877/250000000000"	49	0	"267 141492237429/500000000000"	49	0	"619 62590590543/200000000000"	49	0	"267 204261311723/250000000000"	49	0	"636 618370480837/1000000000000"	49	0	"265 718674502821/1000000000000"	49	0	"597 834324344363/1000000000000"
"CONFIRMATION_ODD"	"T5500_W025"	0	-10	50	50	0	"224 113347499401/250000000000"	50	0	"520 96937907139/500000000000"	50	0	"248 3307695079/20000000000"	50	0	"551 126196886251/250000000000"	50	0	"263 338968673/8000000000"	50	0	"592 821705269117/1000000000000"	50	0	"263 61111491233/250000000000"	50	0	"617 552178394439/1000000000000"	50	0	"273 60850339059/125000000000"	50	0	"622 26410276983/500000000000"	50	0	"272 4851063539/7812500000"	50	0	"623 346609757547/500000000000"	50	0	"256 656135237863/1000000000000"	50	0	"591 265373406697/1000000000000"
"CONFIRMATION_ODD"	"T5500_W025"	0	0	50	50	0	"229 315281259337/1000000000000"	50	0	"525 799314437817/1000000000000"	50	0	"259 98642744943/1000000000000"	50	0	"570 79865542043/1000000000000"	50	0	"262 14026765357/50000000000"	50	0	"620 220996538861/500000000000"	50	0	"268 422133663089/1000000000000"	50	0	"616 673914255231/1000000000000"	50	0	"273 973263302189/1000000000000"	50	0	"642 76590777989/125000000000"	50	0	"267 64940629433/125000000000"	50	0	"609 435707547089/500000000000"	50	0	"241 533623033007/1000000000000"	50	0	"558 220658051481/1000000000000"
"CONFIRMATION_ODD"	"T5500_W025"	0	10	47	47	0	"239 486361388073/1000000000000"	47	0	"637 14548511839/100000000000"	47	0	"262 615840029803/1000000000000"	47	0	"649 909995829979/1000000000000"	47	0	"266 33422509987/100000000000"	47	0	"668 175451404453/1000000000000"	47	0	"275 54883121243/62500000000"	47	0	"673 112878266661/125000000000"	47	0	"272 981443043547/1000000000000"	47	0	"652 457343645869/500000000000"	47	0	"260 66516800787/250000000000"	47	0	"599 23867248613/100000000000"	47	0	"244 300784706507/1000000000000"	47	0	"521 920502593/6250000000"
"CONFIRMATION_ODD"	"T5500_W025"	0	20	47	47	0	"242 660413720603/1000000000000"	47	0	"660 15357870599/500000000000"	47	0	"262 576827325543/1000000000000"	47	0	"649 179840558753/250000000000"	47	0	"267 587851357761/1000000000000"	47	0	"671 813976370249/1000000000000"	47	0	"276 7210347843/25000000000"	47	0	"679 193832609999/500000000000"	47	0	"273 236132448627/250000000000"	47	0	"629 567230976087/1000000000000"	47	0	"243 874493414887/1000000000000"	47	0	"569 234418570061/250000000000"	47	0	"201 6428377153/1000000000000"	45	0	"383 69998588461/100000000000"
"CONFIRMATION_ODD"	"T5500_W025"	10	-20	50	50	0	"242 292411697959/1000000000000"	50	0	"567 58669127273/125000000000"	50	0	"259 7731472181/500000000000"	50	0	"573 117662322371/125000000000"	50	0	"261 10356966659/12500000000"	50	0	"607 878795845691/1000000000000"	50	0	"263 61111491233/250000000000"	50	0	"613 517674216813/1000000000000"	50	0	"273 386634170009/1000000000000"	50	0	"615 121297822007/125000000000"	50	0	"269 34962789223/40000000000"	50	0	"631 226812291033/500000000000"	50	0	"270 52230030419/62500000000"	50	0	"611 998417234309/1000000000000"
"CONFIRMATION_ODD"	"T5500_W025"	10	-10	50	50	0	"245 35495520869/100000000000"	50	0	"568 80020314643/125000000000"	50	0	"258 177816048897/200000000000"	50	0	"592 43998463729/62500000000"	50	0	"263 90202126109/250000000000"	50	0	"627 448393689233/1000000000000"	50	0	"268 422133663089/1000000000000"	50	0	"617 3553899751/1000000000000"	50	0	"273 320789061579/1000000000000"	50	0	"633 77938911887/200000000000"	50	0	"273 30849846877/500000000000"	50	0	"621 173705469841/200000000000"	50	0	"253 96928534441/100000000000"	50	0	"571 77591348639/125000000000"
"CONFIRMATION_ODD"	"T5500_W025"	10	0	50	50	0	"248 253791997399/500000000000"	50	0	"571 47567606491/250000000000"	50	0	"262 374422539879/500000000000"	50	0	"611 7589891143/31250000000"	50	0	"268 10485780309/62500000000"	50	0	"625 132170719909/1000000000000"	50	0	"273 230262585683/500000000000"	50	0	"639 26404103867/40000000000"	50	0	"267 430398608317/1000000000000"	50	0	"635 320297934159/1000000000000"	50	0	"262 8271113099/40000000000"	50	0	"610 32769212893/50000000000"	50	0	"238 34257278269/125000000000"	50	0	"536 187181197361/500000000000"
"CONFIRMATION_ODD"	"T5500_W025"	10	10	48	48	0	"256 44012144229/250000000000"	48	0	"648 120705692171/1000000000000"	48	0	"259 925994317181/1000000000000"	48	0	"658 172860878961/200000000000"	48	0	"272 243977617997/1000000000000"	48	0	"672 542817091/31250000000"	48	0	"277 361031384071/500000000000"	48	0	"670 476054975541/500000000000"	48	0	"277 149798932883/200000000000"	48	0	"649 145803387323/1000000000000"	48	0	"256 198539968371/500000000000"	48	0	"549 600175711061/1000000000000"	48	0	"224 21464741337/50000000000"	47	0	"514 707247271141/1000000000000"
"CONFIRMATION_ODD"	"T5500_W025"	10	20	45	45	0	"259 216255839207/500000000000"	45	0	"653 310307693063/1000000000000"	45	0	"268 13290740543/20000000000"	45	0	"681 1654999657/31250000000"	45	0	"272 147715167381/250000000000"	45	0	"686 416303868017/500000000000"	45	0	"277 13733987351/62500000000"	45	0	"663 178926713929/200000000000"	45	0	"262 47370711139/500000000000"	45	0	"588 17106866533/200000000000"	45	0	"250 28982762337/31250000000"	45	0	"537 881450679241/1000000000000"	45	0	"210 168752374649/250000000000"	43	0	"350 621772777/40000000000"
"CONFIRMATION_ODD"	"T5500_W025"	20	-20	50	50	0	"262 119534514819/125000000000"	50	0	"583 447764135989/1000000000000"	50	0	"263 305518067999/1000000000000"	50	0	"618 15934783733/40000000000"	50	0	"265 107929773173/250000000000"	50	0	"633 264211687671/500000000000"	50	0	"267 104930553963/200000000000"	50	0	"614 17548603057/50000000000"	50	0	"276 911369276503/1000000000000"	50	0	"626 33062586093/62500000000"	50	0	"275 482219141343/1000000000000"	50	0	"646 29764512863/40000000000"	50	0	"274 485407030303/500000000000"	50	0	"611 549725466179/1000000000000"
"CONFIRMATION_ODD"	"T5500_W025"	20	-10	50	50	0	"259 874184502479/1000000000000"	50	0	"587 4323766539/6250000000"	50	0	"264 247485881789/250000000000"	50	0	"614 48160367363/125000000000"	50	0	"269 184230404051/1000000000000"	50	0	"621 380134875751/1000000000000"	50	0	"273 230262585683/500000000000"	50	0	"633 36524059979/250000000000"	50	0	"273 417353225401/500000000000"	50	0	"648 60522641867/1000000000000"	50	0	"267 77689688439/200000000000"	50	0	"609 112659251239/125000000000"	50	0	"250 301424043139/500000000000"	50	0	"582 63549038841/100000000000"
"CONFIRMATION_ODD"	"T5500_W025"	20	0	50	50	0	"261 569292973019/1000000000000"	50	0	"605 113032451077/500000000000"	50	0	"268 63329109319/100000000000"	50	0	"631 7647110579/500000000000"	50	0	"272 67969209019/250000000000"	50	0	"633 998536904377/1000000000000"	50	0	"273 880338544393/1000000000000"	50	0	"648 556177150099/1000000000000"	50	0	"267 186929981321/250000000000"	50	0	"626 420524459013/500000000000"	50	0	"257 26567186757/100000000000"	50	0	"583 500955811269/1000000000000"	50	0	"232 782778804383/1000000000000"	50	0	"515 232229008087/500000000000"
"CONFIRMATION_ODD"	"T5500_W025"	20	10	46	46	0	"266 178286742299/250000000000"	46	0	"652 360062155919/500000000000"	46	0	"270 892641281593/1000000000000"	46	0	"648 44919728789/1000000000000"	46	0	"275 215617944933/250000000000"	46	0	"683 6056701811/500000000000"	46	0	"280 195720803427/1000000000000"	46	0	"667 383434699/4000000000"	46	0	"268 33262149437/1000000000000"	46	0	"612 87054492079/250000000000"	46	0	"245 73766409997/200000000000"	46	0	"558 17216159199/25000000000"	46	0	"219 930174790639/1000000000000"	44	0	"479 365517584791/1000000000000"
"CONFIRMATION_ODD"	"T5500_W025"	20	20	45	45	0	"270 12081372313/40000000000"	45	0	"656 82068963777/200000000000"	45	0	"272 4160798023/250000000000"	45	0	"676 337462890721/500000000000"	45	0	"272 166704087217/500000000000"	45	0	"680 177326389573/500000000000"	45	0	"273 16050264813/40000000000"	45	0	"640 321948934643/500000000000"	45	0	"251 404265739197/1000000000000"	45	0	"572 719660607447/1000000000000"	45	0	"237 1997341559/3906250000"	44	0	"484 151582447809/500000000000"	41	0	"187 701070922687/1000000000000"	41	0	"344 15583189683/62500000000"
"CONFIRMATION_ODD"	"T5500_W030"	-20	-20	49	47	0	"164 759707847363/1000000000000"	49	0	"405 520408643971/1000000000000"	49	0	"181 28406502657/250000000000"	49	0	"513 834304733787/1000000000000"	49	0	"221 490090680817/500000000000"	49	0	"513 814912837953/1000000000000"	49	0	"241 513611813757/1000000000000"	49	0	"627 50144448491/200000000000"	49	0	"256 65769523413/500000000000"	49	0	"643 113770348093/200000000000"	49	0	"266 873404367077/1000000000000"	49	0	"661 213777291083/250000000000"	49	0	"262 53420748767/100000000000"	49	0	"692 942060944247/1000000000000"
"CONFIRMATION_ODD"	"T5500_W030"	-20	-10	49	47	0	"164 312473994067/500000000000"	49	0	"451 24605185839/40000000000"	49	0	"195 81706255719/100000000000"	49	0	"535 80455469611/1000000000000"	49	0	"234 2078729787/25000000000"	49	0	"582 432385470369/1000000000000"	49	0	"246 570834761887/1000000000000"	49	0	"619 9807704513/1000000000000"	49	0	"262 93666516547/125000000000"	49	0	"652 626132242931/1000000000000"	49	0	"261 439135207713/500000000000"	49	0	"666 12738356457/31250000000"	49	0	"271 158618951211/250000000000"	49	0	"612 809322028467/1000000000000"
"CONFIRMATION_ODD"	"T5500_W030"	-20	0	49	49	0	"152 951653325511/1000000000000"	49	0	"460 173322753997/200000000000"	49	0	"212 6283834521/8000000000"	49	0	"527 19008618231/25000000000"	49	0	"241 966038356669/1000000000000"	49	0	"603 120242555633/125000000000"	49	0	"257 3620798379/1000000000000"	49	0	"638 20023659251/125000000000"	49	0	"264 232495540503/1000000000000"	49	0	"652 146989155447/1000000000000"	49	0	"275 123618720003/500000000000"	49	0	"637 168529410943/1000000000000"	49	0	"252 397243541843/1000000000000"	49	0	"608 416449442961/500000000000"
"CONFIRMATION_ODD"	"T5500_W030"	-20	10	46	45	0	"181 144960549201/250000000000"	46	0	"502 299246913/800000000"	46	0	"222 179229969337/250000000000"	46	0	"590 23596749241/62500000000"	46	0	"252 31986755077/100000000000"	46	0	"662 358701920947/1000000000000"	46	0	"262 135786237081/500000000000"	46	0	"691 140207534771/1000000000000"	46	0	"278 111527373001/1000000000000"	46	0	"692 105429978491/200000000000"	46	0	"270 574748852859/1000000000000"	46	0	"667 732282957281/1000000000000"	46	0	"249 821150234051/1000000000000"	46	0	"568 152838109227/250000000000"
"CONFIRMATION_ODD"	"T5500_W030"	-20	20	46	46	0	"184 409483909217/500000000000"	46	0	"532 851089956577/1000000000000"	46	0	"229 51914348541/200000000000"	46	0	"628 8962537933/31250000000"	46	0	"263 447415859303/1000000000000"	46	0	"693 631729903699/1000000000000"	46	0	"271 85049934211/125000000000"	46	0	"695 682086466233/1000000000000"	46	0	"284 215550757433/250000000000"	46	0	"680 215227893243/500000000000"	46	0	"269 402711956741/500000000000"	46	0	"623 134454753399/1000000000000"	46	0	"230 812559468667/1000000000000"	45	0	"530 109420048093/200000000000"
"CONFIRMATION_ODD"	"T5500_W030"	-10	-20	49	49	0	"188 514503249483/1000000000000"	49	0	"493 2888001797/6250000000"	49	0	"217 492116306677/1000000000000"	49	0	"525 193741465283/500000000000"	49	0	"238 64251638561/500000000000"	49	0	"601 546897304859/1000000000000"	49	0	"246 570834761887/1000000000000"	49	0	"619 9807704513/1000000000000"	49	0	"261 184979352333/250000000000"	49	0	"663 42674003109/50000000000"	49	0	"265 275885894639/1000000000000"	49	0	"673 5856913103/100000000000"	49	0	"260 67488830541/1000000000000"	49	0	"644 876741895177/1000000000000"
"CONFIRMATION_ODD"	"T5500_W030"	-10	-10	49	49	0	"195 85685475367/250000000000"	49	0	"506 69136422269/1000000000000"	49	0	"222 936466982949/1000000000000"	49	0	"540 14643290331/15625000000"	49	0	"245 473581053639/500000000000"	49	0	"624 159455031587/500000000000"	49	0	"257 3620798379/1000000000000"	49	0	"638 20023659251/125000000000"	49	0	"265 3007225461/4000000000"	49	0	"653 5768151733/8000000000"	49	0	"264 71536232961/1000000000000"	49	0	"673 54021482847/125000000000"	49	0	"273 530611721861/1000000000000"	49	0	"597 121916389103/125000000000"
"CONFIRMATION_ODD"	"T5500_W030"	-10	0	49	48	0	"201 371652596573/500000000000"	49	0	"511 975649840911/1000000000000"	49	0	"233 372328096519/1000000000000"	49	0	"575 314826009481/1000000000000"	49	0	"250 629862447231/1000000000000"	49	0	"610 170615406759/1000000000000"	49	0	"261 174566383381/250000000000"	49	0	"651 1744021171/250000000000"	49	0	"275 68468088601/250000000000"	49	0	"651 468806750917/500000000000"	49	0	"273 170395162121/1000000000000"	49	0	"647 936903913003/1000000000000"	49	0	"252 12236429001/25000000000"	49	0	"572 425770730349/1000000000000"
"CONFIRMATION_ODD"	"T5500_W030"	-10	10	46	46	0	"210 25775106421/250000000000"	46	0	"596 687330187409/1000000000000"	46	0	"236 229028581667/1000000000000"	46	0	"661 462287465923/1000000000000"	46	0	"256 542850510101/1000000000000"	46	0	"693 2872109307/31250000000"	46	0	"268 116891813063/250000000000"	46	0	"695 682086466233/1000000000000"	46	0	"275 462239630027/500000000000"	46	0	"692 888634576407/1000000000000"	46	0	"267 658021344429/1000000000000"	46	0	"632 68749796049/1000000000000"	46	0	"249 491666830747/1000000000000"	46	0	"562 27370003537/250000000000"
"CONFIRMATION_ODD"	"T5500_W030"	-10	20	45	45	0	"214 115214703789/500000000000"	45	0	"600 312217399851/1000000000000"	45	0	"247 33525315573/100000000000"	45	0	"668 681829913997/1000000000000"	45	0	"266 349631002463/500000000000"	45	0	"690 42676987071/50000000000"	45	0	"278 132518454613/200000000000"	45	0	"697 469811668469/500000000000"	45	0	"281 193074198901/250000000000"	45	0	"679 137199139113/500000000000"	45	0	"255 153641728511/250000000000"	45	0	"586 816024743611/1000000000000"	44	0	"220 237387682643/500000000000"	44	0	"480 290269815737/1000000000000"
"CONFIRMATION_ODD"	"T5500_W030"	0	-20	49	49	0	"218 452939015379/500000000000"	49	0	"510 3995155821/12500000000"	49	0	"243 236234317333/250000000000"	49	0	"544 530917267251/1000000000000"	49	0	"252 46294868563/125000000000"	49	0	"580 382160462343/500000000000"	49	0	"257 76422416077/500000000000"	49	0	"610 41556877057/50000000000"	49	0	"267 506199509347/1000000000000"	49	0	"618 1087383943/8000000000"	49	0	"268 271174504547/1000000000000"	49	0	"655 64725319591/125000000000"	49	0	"265 808991035717/1000000000000"	49	0	"600 525556789531/1000000000000"
"CONFIRMATION_ODD"	"T5500_W030"	0	-10	50	50	0	"224 897434008221/1000000000000"	50	0	"512 746694994627/1000000000000"	50	0	"249 236757803673/500000000000"	50	0	"566 103763743829/500000000000"	50	0	"261 379668665789/500000000000"	50	0	"598 489069512109/500000000000"	50	0	"262 486973244633/500000000000"	50	0	"618 267765345197/1000000000000"	50	0	"273 508704855027/1000000000000"	50	0	"624 241625505543/1000000000000"	50	0	"272 142647137823/500000000000"	50	0	"622 473832086123/1000000000000"	50	0	"257 17070464543/62500000000"	50	0	"573 806283880139/1000000000000"
"CONFIRMATION_ODD"	"T5500_W030"	0	0	50	50	0	"236 5577280463/500000000000"	50	0	"525 243148163737/1000000000000"	50	0	"259 330552467857/500000000000"	50	0	"574 482157366577/500000000000"	50	0	"260 58387679361/500000000000"	50	0	"622 112397966379/1000000000000"	50	0	"267 16329480989/25000000000"	50	0	"617 111710734217/500000000000"	50	0	"273 295424631507/500000000000"	50	0	"640 262564464927/500000000000"	50	0	"260 409123358303/500000000000"	50	0	"604 122024739721/250000000000"	50	0	"242 2677318133/1000000000000"	50	0	"555 176954794821/1000000000000"
"CONFIRMATION_ODD"	"T5500_W030"	0	10	48	48	0	"240 430709711691/1000000000000"	48	0	"625 141877464607/500000000000"	48	0	"262 661805376389/1000000000000"	48	0	"651 6760528117/15625000000"	48	0	"266 2177871401/200000000000"	48	0	"664 277483164359/500000000000"	48	0	"275 207915156073/500000000000"	48	0	"671 128986845101/500000000000"	48	0	"277 17083238951/125000000000"	48	0	"657 161005811331/250000000000"	48	0	"263 584869072461/1000000000000"	48	0	"598 18379514927/125000000000"	48	0	"247 582891131751/1000000000000"	48	0	"539 112895673513/125000000000"
"CONFIRMATION_ODD"	"T5500_W030"	0	20	47	47	0	"249 570052934111/1000000000000"	47	0	"631 7955884651/100000000000"	47	0	"262 36389420459/125000000000"	47	0	"682 608823076233/1000000000000"	47	0	"266 325380176999/1000000000000"	47	0	"681 661295613803/1000000000000"	47	0	"278 455293758859/1000000000000"	47	0	"678 159365076639/250000000000"	47	0	"275 214413293469/250000000000"	47	0	"634 249699889091/1000000000000"	47	0	"246 12073827639/125000000000"	47	0	"559 305480974353/500000000000"	47	0	"208 552274210809/1000000000000"	45	0	"458 401698647601/500000000000"
"CONFIRMATION_ODD"	"T5500_W030"	10	-20	50	50	0	"247 891383676771/1000000000000"	50	0	"546 584848380991/1000000000000"	50	0	"256 161547376523/500000000000"	50	0	"579 770001366239/1000000000000"	50	0	"260 424583441/1000000000"	50	0	"609 331369341503/500000000000"	50	0	"262 486973244633/500000000000"	50	0	"614 97257502067/500000000000"	50	0	"274 602166549673/1000000000000"	50	0	"614 96567043009/200000000000"	50	0	"269 72050793967/100000000000"	50	0	"645 98501405403/500000000000"	50	0	"270 198795831231/500000000000"	50	0	"606 227789499691/1000000000000"
"CONFIRMATION_ODD"	"T5500_W030"	10	-10	50	50	0	"251 1278716963/200000000000"	50	0	"552 184553639653/200000000000"	50	0	"258 301306752593/500000000000"	50	0	"595 473735762699/1000000000000"	50	0	"262 737149015319/1000000000000"	50	0	"625 7232428293/8000000000"	50	0	"267 16329480989/25000000000"	50	0	"617 497233461831/500000000000"	50	0	"273 1464654659/40000000000"	50	0	"642 5435809877/31250000000"	50	0	"273 6676060377/50000000000"	50	0	"622 22960475263/25000000000"	50	0	"253 955882893051/1000000000000"	50	0	"587 26664961591/31250000000"
"CONFIRMATION_ODD"	"T5500_W030"	10	0	50	50	0	"253 228137445969/1000000000000"	50	0	"574 1239133127/50000000000"	50	0	"262 312004238003/500000000000"	50	0	"613 116448569677/250000000000"	50	0	"267 159047014671/500000000000"	50	0	"623 936819588317/1000000000000"	50	0	"271 265407143457/1000000000000"	50	0	"639 733888991069/1000000000000"	50	0	"268 97115783947/100000000000"	50	0	"629 114968350527/1000000000000"	50	0	"263 569531671693/1000000000000"	50	0	"607 6250186981/31250000000"	50	0	"239 247533099921/1000000000000"	50	0	"531 21473966481/250000000000"
"CONFIRMATION_ODD"	"T5500_W030"	10	10	48	48	0	"256 39055365121/500000000000"	48	0	"641 8999645631/10000000000"	48	0	"262 721382020079/1000000000000"	48	0	"651 94766287759/250000000000"	48	0	"271 230161340789/1000000000000"	48	0	"674 3562237061/250000000000"	48	0	"278 884202779319/1000000000000"	48	0	"670 16666561067/125000000000"	48	0	"279 6056525443/250000000000"	48	0	"646 932406603831/1000000000000"	48	0	"258 74820309073/1000000000000"	48	0	"562 468913700833/1000000000000"	47	0	"225 1312925577/500000000000"	48	0	"526 41226615077/50000000000"
"CONFIRMATION_ODD"	"T5500_W030"	10	20	46	46	0	"259 798395560757/1000000000000"	46	0	"662 426066859081/500000000000"	46	0	"269 11234787507/15625000000"	46	0	"663 449001806389/1000000000000"	46	0	"276 725178919111/1000000000000"	46	0	"672 53428640553/125000000000"	46	0	"282 208709984871/1000000000000"	46	0	"670 277208889113/500000000000"	46	0	"266 678117106009/1000000000000"	46	0	"608 35491985183/100000000000"	46	0	"243 7089271227/125000000000"	46	0	"547 415815712189/1000000000000"	46	0	"206 275050656967/1000000000000"	44	0	"393 4001436139/8000000000"
"CONFIRMATION_ODD"	"T5500_W030"	20	-20	50	50	0	"263 189413532841/500000000000"	50	0	"592 1765496711/4000000000"	50	0	"263 1044621213/5000000000"	50	0	"617 210174374607/500000000000"	50	0	"264 5929072503/8000000000"	50	0	"631 125588552757/200000000000"	50	0	"267 165648149259/500000000000"	50	0	"613 854352046173/1000000000000"	50	0	"276 820848075591/1000000000000"	50	0	"629 19878226793/125000000000"	50	0	"275 1836733807/62500000000"	50	0	"630 324767465709/500000000000"	50	0	"275 121688291719/500000000000"	50	0	"615 36138174969/200000000000"
"CONFIRMATION_ODD"	"T5500_W030"	20	-10	50	50	0	"257 937766830043/1000000000000"	50	0	"596 222377298259/500000000000"	50	0	"264 136566661951/1000000000000"	50	0	"609 306910985081/500000000000"	50	0	"269 29258241753/125000000000"	50	0	"615 163154300487/500000000000"	50	0	"271 265407143457/1000000000000"	50	0	"629 10348964183/31250000000"	50	0	"274 147560358957/1000000000000"	50	0	"634 80803417451/200000000000"	50	0	"269 84746388967/1000000000000"	50	0	"600 105642200167/1000000000000"	50	0	"251 832156674423/1000000000000"	50	0	"585 22960924287/1000000000000"
"CONFIRMATION_ODD"	"T5500_W030"	20	0	50	50	0	"260 918449931623/1000000000000"	50	0	"610 68754382371/200000000000"	50	0	"266 352234505999/1000000000000"	50	0	"632 31142297609/500000000000"	50	0	"270 878200989107/1000000000000"	50	0	"616 75987358211/100000000000"	50	0	"273 347938965997/500000000000"	50	0	"643 679004221883/1000000000000"	50	0	"267 20150571883/50000000000"	50	0	"628 79669133117/100000000000"	50	0	"257 17332663491/50000000000"	50	0	"576 419344667503/1000000000000"	50	0	"231 514242233107/1000000000000"	50	0	"515 846413536069/1000000000000"
"CONFIRMATION_ODD"	"T5500_W030"	20	10	46	46	0	"266 725598976403/1000000000000"	46	0	"652 536982517037/1000000000000"	46	0	"269 17596660263/25000000000"	46	0	"667 21577044883/1000000000000"	46	0	"276 1282374107/20000000000"	46	0	"678 597347137873/1000000000000"	46	0	"281 95530126343/125000000000"	46	0	"671 477956286173/500000000000"	46	0	"269 944108586213/1000000000000"	46	0	"622 465956468841/500000000000"	46	0	"253 273838682957/500000000000"	46	0	"552 648929929681/1000000000000"	46	0	"222 168092945481/200000000000"	45	0	"509 318668983509/1000000000000"
"CONFIRMATION_ODD"	"T5500_W030"	20	20	47	47	0	"276 91546007979/200000000000"	47	0	"644 243091910671/250000000000"	47	0	"277 356823225991/1000000000000"	47	0	"668 6963862377/500000000000"	47	0	"275 171271345897/500000000000"	47	0	"682 400267555767/1000000000000"	47	0	"275 134224294819/200000000000"	47	0	"643 162952399437/500000000000"	47	0	"249 469908845147/500000000000"	47	0	"581 410292842253/1000000000000"	47	0	"236 448356503917/500000000000"	47	0	"522 218860032803/1000000000000"	45	0	"200 22000905203/40000000000"	43	0	"351 64192595419/100000000000"
"CONFIRMATION_ODD"	"T6000_W025"	-20	-20	47	46	0	"157 27173743477/100000000000"	46	0	"464 50467166527/500000000000"	47	0	"189 49629958451/100000000000"	47	0	"548 439837191809/1000000000000"	47	0	"228 427833018177/500000000000"	47	0	"601 188465948899/250000000000"	47	0	"256 385309063461/1000000000000"	47	0	"654 82155238863/250000000000"	47	0	"269 133256991173/250000000000"	47	0	"662 135510418609/200000000000"	47	0	"274 85309307117/250000000000"	47	0	"690 187471090271/250000000000"	47	0	"287 209233911979/1000000000000"	47	0	"665 708275527771/1000000000000"
"CONFIRMATION_ODD"	"T6000_W025"	-20	-10	49	47	0	"165 894523464933/1000000000000"	49	0	"494 455180932433/1000000000000"	49	0	"210 3943659627/100000000000"	48	0	"568 59776061277/125000000000"	49	0	"245 163798530133/500000000000"	49	0	"625 192172575747/1000000000000"	49	0	"277 111858600733/250000000000"	49	0	"637 141464149073/200000000000"	49	0	"289 22794878089/31250000000"	49	0	"660 42476662587/50000000000"	49	0	"297 30933670901/1000000000000"	49	0	"678 232790881871/1000000000000"	49	0	"275 879573811857/1000000000000"	49	0	"652 170259335137/1000000000000"
"CONFIRMATION_ODD"	"T6000_W025"	-20	0	49	47	0	"169 666842853951/1000000000000"	49	0	"519 196835751699/200000000000"	49	0	"227 104219126831/500000000000"	48	0	"584 155773246741/500000000000"	49	0	"250 3027868509/15625000000"	49	0	"640 86793719021/500000000000"	49	0	"283 88335344031/250000000000"	49	0	"646 387742963159/1000000000000"	49	0	"296 657966493639/1000000000000"	49	0	"690 118134047521/1000000000000"	49	0	"285 64144249487/250000000000"	49	0	"644 278046042733/1000000000000"	49	0	"274 143522106813/500000000000"	49	0	"612 125093708259/500000000000"
"CONFIRMATION_ODD"	"T6000_W025"	-20	10	46	45	0	"180 63803391051/1000000000000"	46	0	"563 163033298143/500000000000"	45	0	"232 53353644253/125000000000"	46	0	"636 31871718259/62500000000"	46	0	"261 52506528147/200000000000"	46	0	"690 372829853899/1000000000000"	46	0	"280 280090100923/1000000000000"	46	0	"712 1453617803/250000000000"	46	0	"293 193067600569/250000000000"	46	0	"720 530226731/1000000000"	46	0	"283 133613625619/250000000000"	46	0	"686 109235547997/200000000000"	46	0	"265 66752444541/250000000000"	46	0	"601 212450174297/250000000000"
"CONFIRMATION_ODD"	"T6000_W025"	-20	20	45	45	0	"187 182480049019/500000000000"	45	0	"596 844781354667/1000000000000"	45	0	"237 836884325473/1000000000000"	45	0	"680 6106856921/500000000000"	45	0	"271 137563361/3125000000"	45	0	"698 135619139143/1000000000000"	45	0	"289 160387445497/200000000000"	45	0	"739 492791536977/1000000000000"	45	0	"294 469934909459/500000000000"	45	0	"686 338646270869/1000000000000"	45	0	"262 274529639313/500000000000"	45	0	"641 558990165293/1000000000000"	44	0	"231 155347849941/200000000000"	45	0	"548 382573882701/1000000000000"
"CONFIRMATION_ODD"	"T6000_W025"	-10	-20	49	49	0	"192 67833841357/100000000000"	48	0	"535 80298928701/250000000000"	49	0	"226 734410875927/1000000000000"	49	0	"591 956627297439/1000000000000"	49	0	"248 493019810489/1000000000000"	49	0	"626 483567076951/1000000000000"	49	0	"270 99336592473/200000000000"	49	0	"633 10265307253/250000000000"	49	0	"286 919869306537/1000000000000"	49	0	"653 556422239349/1000000000000"	49	0	"292 45211957169/500000000000"	49	0	"669 160580816713/200000000000"	49	0	"274 173569582503/500000000000"	49	0	"637 64278202119/200000000000"
"CONFIRMATION_ODD"	"T6000_W025"	-10	-10	49	49	0	"200 548214144691/1000000000000"	49	0	"564 11501549057/20000000000"	49	0	"237 438312749461/500000000000"	49	0	"627 24035305267/100000000000"	49	0	"262 633238312091/1000000000000"	49	0	"628 167452735193/500000000000"	49	0	"283 88335344031/250000000000"	49	0	"632 241342177831/250000000000"	49	0	"293 70164796413/200000000000"	49	0	"677 83168290277/250000000000"	49	0	"290 366170054011/1000000000000"	49	0	"650 934644258147/1000000000000"	49	0	"275 834998407793/1000000000000"	49	0	"634 199797565107/500000000000"
"CONFIRMATION_ODD"	"T6000_W025"	-10	0	49	48	0	"214 63639434839/500000000000"	48	0	"573 922946284717/1000000000000"	49	0	"242 147001703297/1000000000000"	49	0	"639 107118532047/1000000000000"	49	0	"264 394981459107/500000000000"	49	0	"631 3440678057/200000000000"	49	0	"278 473412036963/1000000000000"	49	0	"659 6745495573/62500000000"	49	0	"287 561583741707/1000000000000"	49	0	"713 436832062039/1000000000000"	49	0	"280 858926222653/1000000000000"	49	0	"661 120238104927/250000000000"	49	0	"257 22484793043/50000000000"	49	0	"591 80656935443/100000000000"
"CONFIRMATION_ODD"	"T6000_W025"	-10	10	45	45	0	"214 165373426217/200000000000"	45	0	"647 112230216063/1000000000000"	45	0	"249 5314513633/250000000000"	45	0	"687 815301115557/1000000000000"	45	0	"273 803118342011/1000000000000"	45	0	"714 49832364611/100000000000"	45	0	"290 105324857803/500000000000"	45	0	"739 492791536977/1000000000000"	45	0	"297 140755821767/500000000000"	45	0	"697 83943536799/250000000000"	45	0	"274 798147389297/1000000000000"	45	0	"677 147702090143/200000000000"	45	0	"262 1521383627/3906250000"	45	0	"586 12504545383/40000000000"
"CONFIRMATION_ODD"	"T6000_W025"	-10	20	42	42	0	"217 466031053017/1000000000000"	42	0	"650 706290918891/1000000000000"	42	0	"249 570415629729/1000000000000"	42	0	"667 991732349929/1000000000000"	42	0	"289 375560225717/1000000000000"	42	0	"730 7336755091/8000000000"	42	0	"291 385200688801/500000000000"	42	0	"734 32836908539/250000000000"	42	0	"282 30042204563/50000000000"	42	0	"700 721957209563/1000000000000"	42	0	"270 12725674483/200000000000"	42	0	"608 451881450701/500000000000"	38	0	"223 802135451997/1000000000000"	42	0	"515 71203386669/250000000000"
"CONFIRMATION_ODD"	"T6000_W025"	0	-20	50	50	0	"228 118215294649/500000000000"	50	0	"551 179443754497/250000000000"	50	0	"251 101214359249/500000000000"	50	0	"588 42523341997/50000000000"	50	0	"260 272224011759/500000000000"	50	0	"625 370901191151/500000000000"	50	0	"282 67788644423/500000000000"	50	0	"604 20099748113/62500000000"	50	0	"291 288940697129/1000000000000"	50	0	"648 116473950401/1000000000000"	50	0	"291 579494348611/1000000000000"	50	0	"644 36807274317/50000000000"	50	0	"276 22413793567/50000000000"	50	0	"613 456846558137/500000000000"
"CONFIRMATION_ODD"	"T6000_W025"	0	-10	50	50	0	"234 685071076623/1000000000000"	50	0	"561 30141438119/40000000000"	50	0	"260 43685147349/500000000000"	50	0	"591 122533933679/200000000000"	50	0	"272 711601850793/1000000000000"	50	0	"634 89189585693/500000000000"	50	0	"290 196616477/800000000"	50	0	"630 549360420339/1000000000000"	50	0	"293 85725924123/250000000000"	50	0	"664 281334302329/500000000000"	50	0	"278 521127632843/1000000000000"	50	0	"648 268392069449/1000000000000"	50	0	"280 149420777107/1000000000000"	50	0	"621 64725217287/1000000000000"
"CONFIRMATION_ODD"	"T6000_W025"	0	0	50	50	0	"237 803055890439/1000000000000"	50	0	"588 485941580397/1000000000000"	50	0	"256 48486517159/500000000000"	50	0	"603 258847931351/500000000000"	50	0	"285 103106051933/250000000000"	50	0	"623 38706019107/40000000000"	50	0	"290 650220181631/1000000000000"	50	0	"657 548245975919/1000000000000"	50	0	"288 161490197311/1000000000000"	50	0	"661 81767921519/200000000000"	50	0	"278 269718815133/500000000000"	50	0	"634 296816183057/1000000000000"	50	0	"262 191820742839/200000000000"	50	0	"575 7601825421/500000000000"
"CONFIRMATION_ODD"	"T6000_W025"	0	10	46	46	0	"238 157010656523/200000000000"	46	0	"651 433216124633/500000000000"	46	0	"256 101895115471/500000000000"	46	0	"661 389376643183/1000000000000"	46	0	"292 268825033101/1000000000000"	46	0	"709 450712731/125000000000"	46	0	"296 19092103147/200000000000"	46	0	"703 927959332883/1000000000000"	46	0	"277 438377628977/500000000000"	46	0	"680 1274126643/7812500000"	46	0	"265 199351971031/200000000000"	46	0	"625 85866722097/1000000000000"	46	0	"256 324419349227/1000000000000"	46	0	"539 6406143281/200000000000"
"CONFIRMATION_ODD"	"T6000_W025"	0	20	43	43	0	"240 306253499/7812500000"	43	0	"696 130977336309/1000000000000"	43	0	"262 374030290671/1000000000000"	43	0	"705 199282092967/200000000000"	43	0	"277 293857973809/1000000000000"	43	0	"709 362963473439/500000000000"	43	0	"278 77390005147/100000000000"	43	0	"720 4977592259/250000000000"	43	0	"270 472755886561/1000000000000"	43	0	"661 668403543453/1000000000000"	43	0	"252 940457296273/1000000000000"	43	0	"559 602508132781/1000000000000"	41	0	"202 300409558949/1000000000000"	42	0	"485 522718559723/1000000000000"
"CONFIRMATION_ODD"	"T6000_W025"	10	-20	50	50	0	"247 901509841299/1000000000000"	50	0	"583 441533541541/1000000000000"	50	0	"257 168552894951/1000000000000"	50	0	"606 71858686979/200000000000"	50	0	"280 5052715401/12500000000"	50	0	"621 90489988643/250000000000"	50	0	"290 196616477/800000000"	50	0	"630 549360420339/1000000000000"	50	0	"292 290073378381/500000000000"	50	0	"665 2631724133/3125000000"	50	0	"285 503273673759/1000000000000"	50	0	"664 120802686931/125000000000"	50	0	"275 19196380767/31250000000"	50	0	"642 214852031443/1000000000000"
"CONFIRMATION_ODD"	"T6000_W025"	10	-10	50	50	0	"248 8523512023/12500000000"	50	0	"592 20242811849/31250000000"	50	0	"259 873585286303/1000000000000"	50	0	"610 3488915393/6250000000"	50	0	"288 419277797793/500000000000"	50	0	"643 20660233549/200000000000"	50	0	"287 287462564627/1000000000000"	50	0	"657 548245975919/1000000000000"	50	0	"283 125922692503/500000000000"	50	0	"657 13192372381/200000000000"	50	0	"277 56900145821/125000000000"	50	0	"607 270524408597/1000000000000"	50	0	"273 85424041937/125000000000"	50	0	"594 170551908881/500000000000"
"CONFIRMATION_ODD"	"T6000_W025"	10	0	50	50	0	"258 33317345909/1000000000000"	50	0	"589 282506779539/500000000000"	50	0	"270 13319034607/125000000000"	50	0	"621 50232829277/62500000000"	50	0	"287 92439202927/100000000000"	50	0	"652 179800732777/500000000000"	50	0	"295 75036192573/250000000000"	50	0	"658 230954383141/250000000000"	50	0	"280 79321980963/100000000000"	50	0	"633 832909598877/1000000000000"	50	0	"284 405513580113/500000000000"	50	0	"623 936519754283/1000000000000"	50	0	"256 113840215423/200000000000"	50	0	"568 23680042629/31250000000"
"CONFIRMATION_ODD"	"T6000_W025"	10	10	45	45	0	"252 819855383763/1000000000000"	45	0	"645 215558809293/1000000000000"	45	0	"279 147505259511/1000000000000"	45	0	"713 131926699593/500000000000"	45	0	"283 186744273067/500000000000"	45	0	"703 141115485527/1000000000000"	45	0	"278 77390005147/100000000000"	45	0	"706 666136741611/1000000000000"	45	0	"268 8747316527/62500000000"	45	0	"650 68249054037/1000000000000"	45	0	"266 239657375747/500000000000"	45	0	"595 5861365413/50000000000"	45	0	"249 431804102017/500000000000"	45	0	"524 331302094047/1000000000000"
"CONFIRMATION_ODD"	"T6000_W025"	10	20	41	41	0	"271 697478343077/1000000000000"	41	0	"704 361596854413/500000000000"	41	0	"304 208149865739/250000000000"	41	0	"722 52618136881/200000000000"	41	0	"310 103976205481/250000000000"	41	0	"719 12655008923/15625000000"	41	0	"284 712028845083/1000000000000"	41	0	"690 387369528699/500000000000"	41	0	"277 274518719897/1000000000000"	41	0	"644 238164259959/1000000000000"	41	0	"260 14468181041/1000000000000"	41	0	"558 107463620227/250000000000"	39	0	"205 291263155203/1000000000000"	41	0	"450 699800451/50000000000"
"CONFIRMATION_ODD"	"T6000_W025"	20	-20	50	50	0	"265 161082879051/250000000000"	50	0	"592 768389866713/1000000000000"	50	0	"285 37651507843/50000000000"	50	0	"629 55639058563/1000000000000"	50	0	"295 453061912187/500000000000"	50	0	"645 915026413013/1000000000000"	50	0	"301 450124029/100000000000"	50	0	"657 548245975919/1000000000000"	50	0	"302 47066607437/100000000000"	50	0	"661 56656162869/1000000000000"	50	0	"279 12564601279/100000000000"	50	0	"627 240940962103/1000000000000"	50	0	"280 152349884337/500000000000"	50	0	"619 47783544003/200000000000"
"CONFIRMATION_ODD"	"T6000_W025"	20	-10	50	50	0	"276 355484065219/1000000000000"	50	0	"594 100234172059/1000000000000"	50	0	"279 30588931067/50000000000"	50	0	"647 588081327087/1000000000000"	50	0	"292 228923677907/500000000000"	50	0	"647 1228915953/125000000000"	50	0	"295 75036192573/250000000000"	50	0	"658 230954383141/250000000000"	50	0	"292 110125205671/1000000000000"	50	0	"649 27947766863/62500000000"	50	0	"285 321575483439/500000000000"	50	0	"637 736093403263/1000000000000"	50	0	"270 931780822867/1000000000000"	50	0	"579 73185054927/500000000000"
"CONFIRMATION_ODD"	"T6000_W025"	20	0	50	50	0	"276 527548662959/1000000000000"	50	0	"628 112717914483/1000000000000"	50	0	"284 618662543269/1000000000000"	50	0	"632 923258871161/1000000000000"	50	0	"290 442508684903/500000000000"	50	0	"635 238790866241/1000000000000"	50	0	"285 35149962451/125000000000"	50	0	"668 299854597071/1000000000000"	50	0	"282 186296977649/1000000000000"	50	0	"640 214377835397/500000000000"	50	0	"273 723446757197/1000000000000"	50	0	"603 72619726659/200000000000"	50	0	"251 42189821439/500000000000"	50	0	"555 139956595401/1000000000000"
"CONFIRMATION_ODD"	"T6000_W025"	20	10	46	46	0	"282 143242953837/1000000000000"	46	0	"704 229953802151/250000000000"	46	0	"287 380074424387/1000000000000"	46	0	"712 124600668229/250000000000"	46	0	"289 231845084963/1000000000000"	46	0	"695 321605765181/1000000000000"	46	0	"278 298120125179/1000000000000"	46	0	"662 496642265913/1000000000000"	46	0	"273 7699045333/40000000000"	46	0	"646 69488693503/100000000000"	46	0	"263 80974002529/200000000000"	46	0	"567 159189234557/250000000000"	45	0	"225 445566712491/1000000000000"	46	0	"507 108258161129/500000000000"
"CONFIRMATION_ODD"	"T6000_W025"	20	20	40	40	0	"285 279878315551/1000000000000"	40	0	"707 699713003761/1000000000000"	40	0	"279 67360888181/100000000000"	40	0	"704 99267113819/1000000000000"	40	0	"275 18406570129/50000000000"	40	0	"734 196102909969/1000000000000"	40	0	"271 993623669487/1000000000000"	40	0	"667 356904886311/500000000000"	40	0	"257 229112693211/500000000000"	40	0	"599 104724079221/125000000000"	39	0	"235 148872927733/250000000000"	40	0	"517 776166094451/1000000000000"	38	0	"185 28924746911/250000000000"	36	0	"353 22293434297/62500000000"
"DEVELOPMENT_EVEN"	"T4500_W025"	-20	-20	43	42	0	"135 20436901499/200000000000"	42	0	"361 34754581537/1000000000000"	43	0	"175 28196563777/1000000000000"	38	0	"422 155603777779/250000000000"	43	0	"207 367693448737/1000000000000"	40	0	"489 953342114053/1000000000000"	43	0	"229 13582530939/250000000000"	38	0	"534 18085453527/31250000000"	43	0	"247 519394157491/1000000000000"	38	0	"524 526642434371/1000000000000"	43	0	"257 174286246449/500000000000"	41	0	"535 246557873577/250000000000"	43	0	"234 27199320961/250000000000"	41	0	"576 153062534491/1000000000000"
"DEVELOPMENT_EVEN"	"T4500_W025"	-20	-10	44	44	0	"147 818385702713/1000000000000"	40	0	"372 72455585839/1000000000000"	44	0	"179 5397419759/500000000000"	39	0	"438 11828071759/12500000000"	44	0	"215 229232943727/250000000000"	39	0	"481 752266167887/1000000000000"	44	0	"228 921207032919/1000000000000"	40	0	"524 634042915329/1000000000000"	44	0	"252 121342202773/250000000000"	42	0	"504 775762928183/1000000000000"	44	0	"249 134440209241/1000000000000"	41	0	"516 245123969947/500000000000"	44	0	"241 962723583/1953125000"	40	0	"541 38433746123/1000000000000"
"DEVELOPMENT_EVEN"	"T4500_W025"	-20	0	42	42	0	"151 348305156071/1000000000000"	40	0	"399 255753426513/1000000000000"	42	0	"186 14660804927/40000000000"	38	0	"446 75357908057/200000000000"	42	0	"217 234706418209/500000000000"	39	0	"492 293925715347/1000000000000"	42	0	"238 870372962311/1000000000000"	39	0	"508 431099797759/1000000000000"	42	0	"254 735109301937/1000000000000"	41	0	"528 406087407059/1000000000000"	42	0	"246 23968186937/50000000000"	40	0	"548 88959165913/200000000000"	42	0	"221 865663482631/1000000000000"	41	0	"514 106219892017/500000000000"
"DEVELOPMENT_EVEN"	"T4500_W025"	-20	10	37	37	0	"155 61492517019/62500000000"	34	0	"443 741476701889/1000000000000"	37	0	"201 108150447527/1000000000000"	34	0	"469 991187409917/1000000000000"	37	0	"232 56555021943/200000000000"	35	0	"564 407403508551/500000000000"	37	0	"247 6917253163/100000000000"	34	0	"547 3712152751/31250000000"	37	0	"248 212843322193/500000000000"	35	0	"580 136330303289/250000000000"	37	0	"237 315461450569/1000000000000"	35	0	"577 23963045913/50000000000"	37	0	"219 591502315071/1000000000000"	36	0	"448 333462786361/500000000000"
"DEVELOPMENT_EVEN"	"T4500_W025"	-20	20	37	37	0	"166 15394636777/15625000000"	36	0	"477 103442365951/125000000000"	37	0	"213 73952931039/250000000000"	35	0	"556 168774840589/500000000000"	37	0	"240 236528095233/250000000000"	35	0	"584 487942612747/1000000000000"	37	0	"259 174313927357/1000000000000"	36	0	"537 741892941831/1000000000000"	37	0	"245 864962708637/1000000000000"	36	0	"570 93466016857/500000000000"	37	0	"225 148806548971/500000000000"	35	0	"525 106748312671/200000000000"	37	0	"212 16691390619/20000000000"	34	0	"403 581611440313/1000000000000"
"DEVELOPMENT_EVEN"	"T4500_W025"	-10	-20	44	44	0	"158 480487717107/1000000000000"	39	0	"431 167660888783/250000000000"	44	0	"196 266398093857/500000000000"	40	0	"477 451675811073/1000000000000"	44	0	"220 83605084319/500000000000"	40	0	"498 825465058969/1000000000000"	44	0	"237 157826226763/250000000000"	40	0	"496 3242084077/1000000000000"	44	0	"252 68896055329/100000000000"	43	0	"502 258457043197/500000000000"	44	0	"252 331153474193/500000000000"	42	0	"530 473171382851/1000000000000"	44	0	"235 476005235457/500000000000"	42	0	"521 8676166793/500000000000"
"DEVELOPMENT_EVEN"	"T4500_W025"	-10	-10	43	43	0	"164 686118658359/1000000000000"	39	0	"440 613928026309/1000000000000"	43	0	"195 787840691093/1000000000000"	39	0	"471 611040366379/1000000000000"	43	0	"220 2168026917/40000000000"	41	0	"491 201194737657/1000000000000"	43	0	"243 149195518041/250000000000"	38	0	"504 40588966529/50000000000"	43	0	"256 111493607341/1000000000000"	40	0	"548 47192106553/500000000000"	43	0	"249 24892690693/1000000000000"	40	0	"540 400391265637/1000000000000"	43	0	"238 281217302729/500000000000"	41	0	"554 928682843769/1000000000000"
"DEVELOPMENT_EVEN"	"T4500_W025"	-10	0	42	42	0	"171 342398898481/1000000000000"	39	0	"451 600366067357/1000000000000"	42	0	"210 25428746979/100000000000"	40	0	"505 258271466767/500000000000"	42	0	"236 9386350309/31250000000"	39	0	"527 859640456847/1000000000000"	42	0	"248 412539554689/1000000000000"	39	0	"489 27826238773/200000000000"	42	0	"248 397463559811/1000000000000"	40	0	"512 375424569059/1000000000000"	42	0	"230 61622547371/250000000000"	39	0	"536 81585324607/250000000000"	42	0	"221 199048632017/500000000000"	40	0	"504 824650789669/1000000000000"
"DEVELOPMENT_EVEN"	"T4500_W025"	-10	10	39	39	0	"183 515060834177/1000000000000"	35	0	"481 25579458379/40000000000"	39	0	"226 13792238827/20000000000"	37	0	"515 116654855031/250000000000"	39	0	"258 148318052973/1000000000000"	36	0	"559 318233420179/500000000000"	39	0	"252 135847528237/200000000000"	38	0	"553 33952539/40000000000"	39	0	"244 1385707733/1953125000"	38	0	"597 419601929459/500000000000"	39	0	"225 88405282313/1000000000000"	38	0	"565 29477123953/50000000000"	39	0	"221 267662942351/1000000000000"	38	0	"440 12398192977/15625000000"
"DEVELOPMENT_EVEN"	"T4500_W025"	-10	20	37	37	0	"192 202935982449/1000000000000"	34	0	"491 78484219663/100000000000"	37	0	"229 7667119011/8000000000"	34	0	"558 118722696531/200000000000"	37	0	"245 260455819897/1000000000000"	34	0	"569 263474411611/500000000000"	37	0	"246 128216510313/250000000000"	34	0	"586 157898905929/1000000000000"	37	0	"240 85043344531/200000000000"	35	0	"569 34859652777/100000000000"	37	0	"221 137354351101/250000000000"	36	0	"521 14859048233/25000000000"	37	0	"213 270067943463/500000000000"	32	0	"371 129586681751/250000000000"
"DEVELOPMENT_EVEN"	"T4500_W025"	0	-20	44	44	0	"198 107240987459/500000000000"	39	0	"437 270175318517/500000000000"	44	0	"220 817668539621/1000000000000"	42	0	"480 372576329697/1000000000000"	44	0	"233 111039199729/200000000000"	41	0	"494 132528251969/1000000000000"	44	0	"243 89592801567/200000000000"	39	0	"509 326898201479/500000000000"	44	0	"250 205630510627/1000000000000"	43	0	"474 765045270589/1000000000000"	44	0	"251 29993662709/500000000000"	42	0	"506 29332761987/62500000000"	44	0	"231 119777647157/500000000000"	42	0	"508 202336498521/500000000000"
"DEVELOPMENT_EVEN"	"T4500_W025"	0	-10	45	45	0	"202 29030482677/200000000000"	42	0	"447 726636606519/1000000000000"	45	0	"228 58828303101/125000000000"	42	0	"490 79132263309/200000000000"	45	0	"236 384534525661/500000000000"	40	0	"509 968371471881/1000000000000"	45	0	"239 51967132759/1000000000000"	44	0	"489 4725363/6250000"	45	0	"249 86270918659/500000000000"	43	0	"477 364763229441/500000000000"	45	0	"246 226745080111/1000000000000"	43	0	"514 37125377627/1000000000000"	45	0	"231 127376728081/250000000000"	44	0	"481 964488492807/1000000000000"
"DEVELOPMENT_EVEN"	"T4500_W025"	0	0	46	46	0	"216 86247859987/125000000000"	43	0	"448 82741213069/250000000000"	46	0	"232 813674978143/1000000000000"	43	0	"474 817885750131/1000000000000"	46	0	"246 88512795929/500000000000"	40	0	"479 29283280963/31250000000"	46	0	"252 894995321517/1000000000000"	44	0	"525 190399297449/200000000000"	46	0	"251 897239444551/1000000000000"	44	0	"526 69122420287/100000000000"	46	0	"233 516646274699/1000000000000"	43	0	"515 61034104979/200000000000"	46	0	"215 828806590023/1000000000000"	44	0	"465 81139678383/250000000000"
"DEVELOPMENT_EVEN"	"T4500_W025"	0	10	41	41	0	"217 529849622729/1000000000000"	38	0	"513 168464663803/250000000000"	41	0	"237 15305878487/25000000000"	37	0	"495 17385960143/40000000000"	41	0	"242 194657432039/500000000000"	36	0	"527 240264661709/500000000000"	41	0	"248 456275040579/500000000000"	38	0	"530 87028313939/250000000000"	41	0	"244 816725694853/1000000000000"	39	0	"553 52244685939/200000000000"	41	0	"224 968263135567/1000000000000"	39	0	"522 60755547559/62500000000"	41	0	"213 149252721451/200000000000"	39	0	"413 91150422051/1000000000000"
"DEVELOPMENT_EVEN"	"T4500_W025"	0	20	41	41	0	"228 708829258861/1000000000000"	38	0	"502 188201541361/500000000000"	41	0	"252 135056855431/200000000000"	38	0	"428 193889123669/1000000000000"	41	0	"253 904182369229/1000000000000"	40	0	"524 156847292839/1000000000000"	41	0	"247 30549347349/250000000000"	38	0	"560 430123001271/1000000000000"	41	0	"236 11683092547/40000000000"	37	0	"482 79344144259/250000000000"	41	0	"227 680345797/12500000000"	39	0	"424 958702519587/1000000000000"	41	0	"204 81759285521/250000000000"	31	0	"288 67242478147/1000000000000"
"DEVELOPMENT_EVEN"	"T4500_W025"	10	-20	46	46	0	"223 63783332859/250000000000"	44	0	"493 363814196181/1000000000000"	46	0	"226 407518987387/1000000000000"	43	0	"489 440131308853/1000000000000"	46	0	"245 344973550173/1000000000000"	41	0	"502 277737690139/500000000000"	46	0	"242 13736646081/250000000000"	42	0	"506 46611249377/250000000000"	46	0	"255 578660305073/1000000000000"	44	0	"451 10751085079/20000000000"	46	0	"252 489560613997/1000000000000"	43	0	"518 748298826607/1000000000000"	46	0	"249 888699904651/1000000000000"	42	0	"500 257626980777/1000000000000"
"DEVELOPMENT_EVEN"	"T4500_W025"	10	-10	47	47	0	"232 123190429917/500000000000"	45	0	"477 898776192743/1000000000000"	47	0	"238 616162888289/1000000000000"	42	0	"480 93770326293/100000000000"	47	0	"249 273148139291/1000000000000"	40	0	"489 45208494271/200000000000"	47	0	"254 42046479983/100000000000"	45	0	"500 197688494511/500000000000"	47	0	"247 171302491481/500000000000"	44	0	"503 255416677441/1000000000000"	47	0	"249 232523726351/500000000000"	43	0	"531 650671654141/1000000000000"	47	0	"227 342086908707/500000000000"	44	0	"493 1815597207/25000000000"
"DEVELOPMENT_EVEN"	"T4500_W025"	10	0	47	47	0	"236 374357537573/1000000000000"	43	0	"494 27360777087/31250000000"	47	0	"246 979947054311/1000000000000"	41	0	"488 339117962673/1000000000000"	47	0	"253 57066869269/1000000000000"	45	0	"500 158562581751/500000000000"	47	0	"254 833625229121/1000000000000"	44	0	"516 476619086461/500000000000"	47	0	"250 228918915977/500000000000"	44	0	"519 126062936931/200000000000"	47	0	"233 8160790013/12500000000"	43	0	"494 173574563001/250000000000"	47	0	"218 123275231367/1000000000000"	43	0	"452 188342772373/250000000000"
"DEVELOPMENT_EVEN"	"T4500_W025"	10	10	42	42	0	"230 393354978709/1000000000000"	38	0	"493 355401147171/1000000000000"	42	0	"249 10120656091/200000000000"	38	0	"486 873848481621/1000000000000"	42	0	"248 35364454153/100000000000"	39	0	"518 12967733929/15625000000"	42	0	"247 184020849793/1000000000000"	40	0	"565 10947376077/40000000000"	42	0	"238 442833014461/500000000000"	38	0	"550 351090823567/500000000000"	42	0	"225 20398100583/100000000000"	40	0	"470 271545050293/500000000000"	42	0	"213 395661825593/500000000000"	36	0	"397 708140862183/1000000000000"
"DEVELOPMENT_EVEN"	"T4500_W025"	10	20	42	42	0	"239 604447783179/1000000000000"	37	0	"457 58824076119/62500000000"	42	0	"241 86649485729/100000000000"	37	0	"510 375465531743/1000000000000"	42	0	"246 14179413491/62500000000"	39	0	"512 326197562547/1000000000000"	42	0	"239 74828446311/125000000000"	39	0	"522 212948905153/1000000000000"	42	0	"230 50937987281/100000000000"	40	0	"466 338406560899/500000000000"	42	0	"218 9801338059/31250000000"	39	0	"410 744783963111/1000000000000"	42	0	"199 249889829/1250000000"	29	0	"266 335816873439/1000000000000"
"DEVELOPMENT_EVEN"	"T4500_W025"	20	-20	46	46	0	"238 174978859343/1000000000000"	41	0	"456 376566152839/1000000000000"	46	0	"246 173595079431/1000000000000"	41	0	"437 119088763343/250000000000"	46	0	"254 7706346813/500000000000"	39	0	"458 755308734899/1000000000000"	46	0	"254 30129881301/50000000000"	44	0	"486 220308197723/250000000000"	46	0	"249 538332573789/1000000000000"	43	0	"470 7922473977/500000000000"	46	0	"252 116671437379/125000000000"	43	0	"496 33085942821/125000000000"	46	0	"239 177434449989/200000000000"	43	0	"504 11894134287/50000000000"
"DEVELOPMENT_EVEN"	"T4500_W025"	20	-10	48	48	0	"234 357329336647/1000000000000"	43	0	"480 123962161257/200000000000"	48	0	"255 13426419791/100000000000"	43	0	"477 163839762939/1000000000000"	48	0	"254 190365642379/1000000000000"	45	0	"505 33911736067/50000000000"	48	0	"255 3052301523/15625000000"	45	0	"516 586267165471/1000000000000"	48	0	"248 268079293227/500000000000"	45	0	"510 462244945403/500000000000"	48	0	"238 922147908453/1000000000000"	43	0	"520 792320119853/1000000000000"	48	0	"225 46135589751/200000000000"	45	0	"473 684349801/8000000000"
"DEVELOPMENT_EVEN"	"T4500_W025"	20	0	45	45	0	"249 65646001497/250000000000"	42	0	"484 109262349253/1000000000000"	45	0	"251 193189396791/1000000000000"	41	0	"508 22839641481/1000000000000"	45	0	"249 705052101313/1000000000000"	43	0	"515 86923608667/1000000000000"	45	0	"248 46313942329/125000000000"	42	0	"535 357744938113/1000000000000"	45	0	"243 102630819679/500000000000"	43	0	"513 1670479283/200000000000"	45	0	"220 304368090831/500000000000"	43	0	"465 274253247659/500000000000"	45	0	"214 226477822371/500000000000"	43	0	"445 103209768233/200000000000"
"DEVELOPMENT_EVEN"	"T4500_W025"	20	10	41	41	0	"238 493121618943/1000000000000"	38	0	"511 444978635793/1000000000000"	41	0	"242 841189433681/1000000000000"	38	0	"551 43644406793/100000000000"	41	0	"247 23637890063/31250000000"	39	0	"569 334764308163/1000000000000"	41	0	"240 872743395183/1000000000000"	39	0	"546 170339554103/200000000000"	41	0	"230 97041462729/500000000000"	40	0	"529 345298352973/500000000000"	41	0	"222 175562366191/250000000000"	38	0	"451 103952093743/250000000000"	41	0	"202 781312205071/1000000000000"	38	0	"382 317871901849/1000000000000"
"DEVELOPMENT_EVEN"	"T4500_W025"	20	20	41	41	0	"250 143267832117/1000000000000"	37	0	"475 342564971137/1000000000000"	41	0	"246 60376729417/250000000000"	39	0	"490 550412250669/1000000000000"	41	0	"248 254980314267/1000000000000"	39	0	"557 430699503419/500000000000"	41	0	"239 288802279491/1000000000000"	38	0	"539 793807290301/1000000000000"	41	0	"228 112957581561/500000000000"	39	0	"440 198850957587/250000000000"	41	0	"217 1566352733/20000000000"	35	0	"394 90433331831/1000000000000"	40	0	"196 381721674063/500000000000"	33	0	"243 58102907261/200000000000"
"DEVELOPMENT_EVEN"	"T5000_W025"	-20	-20	47	47	0	"153 17184434883/1000000000000"	46	0	"368 25292887067/40000000000"	47	0	"190 341810941801/500000000000"	47	0	"479 244103575591/1000000000000"	47	0	"220 37328923467/250000000000"	46	0	"527 937524630369/1000000000000"	47	0	"247 187588186481/1000000000000"	47	0	"556 12203385673/200000000000"	47	0	"261 943569603073/1000000000000"	47	0	"584 331917123049/1000000000000"	47	0	"268 12310182527/40000000000"	46	0	"586 28721983497/62500000000"	47	0	"257 628138673343/1000000000000"	46	0	"603 59524025147/125000000000"
"DEVELOPMENT_EVEN"	"T5000_W025"	-20	-10	47	47	0	"157 246918505119/500000000000"	47	0	"391 474115651877/1000000000000"	47	0	"194 977358212029/1000000000000"	46	0	"520 186286209041/500000000000"	47	0	"229 792846556393/1000000000000"	47	0	"543 401415323221/500000000000"	47	0	"255 10838840407/62500000000"	47	0	"566 57665380093/62500000000"	47	0	"270 4133085311/8000000000"	46	0	"596 247396000093/250000000000"	47	0	"264 102724744951/200000000000"	46	0	"587 499656895873/500000000000"	47	0	"257 98127604797/125000000000"	46	0	"577 978652418699/1000000000000"
"DEVELOPMENT_EVEN"	"T5000_W025"	-20	0	47	47	0	"165 11126307417/31250000000"	47	0	"447 457776996289/500000000000"	47	0	"203 90715715901/500000000000"	46	0	"517 471201233993/1000000000000"	47	0	"243 35937223213/50000000000"	47	0	"562 489055693573/500000000000"	47	0	"265 7600038567/20000000000"	47	0	"570 403412393299/500000000000"	47	0	"277 196826724873/1000000000000"	46	0	"591 851850561679/1000000000000"	47	0	"256 7815113879/31250000000"	46	0	"598 291463039183/1000000000000"	47	0	"244 133194597641/1000000000000"	46	0	"539 44966193881/250000000000"
"DEVELOPMENT_EVEN"	"T5000_W025"	-20	10	47	47	0	"175 723505891/1562500000"	47	0	"488 330290373493/500000000000"	47	0	"217 35584676147/40000000000"	46	0	"566 273834880041/1000000000000"	47	0	"255 74333878829/1000000000000"	47	0	"589 13586724129/125000000000"	47	0	"270 521811034781/1000000000000"	46	0	"631 120740330931/125000000000"	47	0	"264 360495559509/500000000000"	46	0	"607 361998380543/500000000000"	47	0	"253 339765946239/1000000000000"	47	0	"603 655108533037/1000000000000"	47	0	"241 859103501419/1000000000000"	45	0	"518 99462643843/100000000000"
"DEVELOPMENT_EVEN"	"T5000_W025"	-20	20	47	47	0	"179 44073371951/50000000000"	47	0	"503 138798457711/250000000000"	47	0	"230 146657865633/1000000000000"	46	0	"567 753695647599/1000000000000"	47	0	"266 348277337781/1000000000000"	47	0	"602 278010363089/1000000000000"	47	0	"276 431498190527/500000000000"	46	0	"626 316491763227/1000000000000"	47	0	"260 681978039893/1000000000000"	46	0	"612 87032233077/1000000000000"	47	0	"245 568848159297/1000000000000"	47	0	"563 402173413509/500000000000"	47	0	"217 247839761167/500000000000"	46	0	"429 145248932481/250000000000"
"DEVELOPMENT_EVEN"	"T5000_W025"	-10	-20	47	47	0	"171 25712608491/31250000000"	47	0	"456 13375311463/1000000000000"	47	0	"206 486417407/7812500000"	46	0	"533 566332176777/1000000000000"	47	0	"239 553421743239/1000000000000"	47	0	"544 133953630983/200000000000"	47	0	"260 83349751721/100000000000"	47	0	"566 57665380093/62500000000"	47	0	"269 4761366717/50000000000"	46	0	"592 533318033033/1000000000000"	47	0	"270 50691876419/62500000000"	46	0	"588 315371468941/1000000000000"	47	0	"254 706408057283/1000000000000"	46	0	"589 233064010701/1000000000000"
"DEVELOPMENT_EVEN"	"T5000_W025"	-10	-10	47	47	0	"181 25962409407/250000000000"	47	0	"497 687039261423/1000000000000"	47	0	"221 485573565489/500000000000"	46	0	"507 822645182759/1000000000000"	47	0	"249 165335363813/250000000000"	47	0	"541 598239145899/1000000000000"	47	0	"265 7600038567/20000000000"	47	0	"570 403412393299/500000000000"	47	0	"275 203207895829/250000000000"	46	0	"590 90113024171/125000000000"	47	0	"260 55649372879/500000000000"	46	0	"593 358416258081/1000000000000"	47	0	"258 472592593487/1000000000000"	46	0	"569 209314533197/500000000000"
"DEVELOPMENT_EVEN"	"T5000_W025"	-10	0	47	47	0	"188 78803010803/500000000000"	47	0	"522 160007587797/200000000000"	47	0	"233 263836293763/1000000000000"	47	0	"522 633597322221/1000000000000"	47	0	"262 154285683331/1000000000000"	47	0	"557 37746015117/200000000000"	47	0	"270 179913278861/200000000000"	46	0	"589 90042261487/125000000000"	47	0	"272 26433629413/1000000000000"	46	0	"594 154072268259/1000000000000"	47	0	"257 905186439059/1000000000000"	46	0	"565 94216948897/200000000000"	47	0	"245 498283546413/1000000000000"	47	0	"509 17866790169/50000000000"
"DEVELOPMENT_EVEN"	"T5000_W025"	-10	10	46	46	0	"201 5384701879/200000000000"	45	0	"551 264110187881/1000000000000"	46	0	"242 116440724077/125000000000"	46	0	"614 2631561367/200000000000"	46	0	"264 582299887247/1000000000000"	46	0	"596 114205800503/250000000000"	46	0	"274 20108117967/500000000000"	45	0	"623 878731690099/1000000000000"	46	0	"264 520560096709/1000000000000"	45	0	"611 872886057459/1000000000000"	46	0	"247 250021621099/500000000000"	46	0	"595 350060658487/1000000000000"	46	0	"240 96491541471/125000000000"	44	0	"524 292625796959/500000000000"
"DEVELOPMENT_EVEN"	"T5000_W025"	-10	20	47	47	0	"213 239360502001/1000000000000"	46	0	"548 888613222469/1000000000000"	47	0	"251 142665206659/1000000000000"	47	0	"585 62883947203/125000000000"	47	0	"269 345776924311/1000000000000"	46	0	"605 23356956459/250000000000"	47	0	"268 202611587947/250000000000"	45	0	"624 904511476839/1000000000000"	47	0	"260 1911230559/7812500000"	46	0	"613 579588973901/1000000000000"	47	0	"239 187625047701/500000000000"	46	0	"552 421860735069/1000000000000"	47	0	"217 459006141047/1000000000000"	45	0	"440 20116394139/25000000000"
"DEVELOPMENT_EVEN"	"T5000_W025"	0	-20	49	49	0	"207 676698877697/1000000000000"	48	0	"481 85933645627/200000000000"	49	0	"230 141468476887/250000000000"	49	0	"511 116903535409/250000000000"	49	0	"254 594461716363/1000000000000"	49	0	"524 131805028459/500000000000"	49	0	"263 44290877281/1000000000000"	49	0	"540 445545304909/500000000000"	49	0	"266 507729894897/1000000000000"	48	0	"582 187884918251/1000000000000"	49	0	"265 56604012831/62500000000"	48	0	"573 931227764027/1000000000000"	49	0	"254 46287215671/62500000000"	48	0	"564 74583875627/200000000000"
"DEVELOPMENT_EVEN"	"T5000_W025"	0	-10	49	49	0	"214 119338114921/1000000000000"	48	0	"505 495944840517/1000000000000"	49	0	"238 117927915361/125000000000"	49	0	"529 76839691461/100000000000"	49	0	"260 23628310407/25000000000"	49	0	"529 130012385921/200000000000"	49	0	"270 102330674463/200000000000"	48	0	"571 178334010531/1000000000000"	49	0	"269 373378291311/1000000000000"	48	0	"566 691896409811/1000000000000"	49	0	"257 86644449691/250000000000"	48	0	"563 574339004303/1000000000000"	49	0	"245 1012829703/62500000000"	48	0	"532 48641343963/200000000000"
"DEVELOPMENT_EVEN"	"T5000_W025"	0	0	49	49	0	"221 2150464631/31250000000"	49	0	"496 51898069591/200000000000"	49	0	"244 23169575233/200000000000"	49	0	"516 41007693101/250000000000"	49	0	"263 10675136687/125000000000"	49	0	"539 466035353477/1000000000000"	49	0	"270 769839638777/1000000000000"	48	0	"589 502018591099/1000000000000"	49	0	"263 15600363013/31250000000"	48	0	"562 19564824453/31250000000"	49	0	"252 284658590489/1000000000000"	48	0	"547 319623292193/1000000000000"	49	0	"238 4242913701/50000000000"	49	0	"470 31233710167/100000000000"
"DEVELOPMENT_EVEN"	"T5000_W025"	0	10	48	48	0	"232 44208477119/62500000000"	46	0	"536 214559452707/250000000000"	48	0	"258 199730908553/1000000000000"	47	0	"552 440593572121/1000000000000"	48	0	"266 33723580411/40000000000"	47	0	"600 29298089529/40000000000"	48	0	"264 39589035629/62500000000"	48	0	"595 601607424731/1000000000000"	48	0	"253 96715699437/100000000000"	48	0	"595 46481780637/100000000000"	48	0	"247 54229273973/125000000000"	48	0	"566 451726354203/1000000000000"	48	0	"230 7448293153/8000000000"	47	0	"469 82806167521/1000000000000"
"DEVELOPMENT_EVEN"	"T5000_W025"	0	20	48	48	0	"238 192502848307/200000000000"	47	0	"553 446408532099/1000000000000"	48	0	"260 12296036363/40000000000"	48	0	"564 937367958483/1000000000000"	48	0	"270 900785374299/1000000000000"	48	0	"602 266895199311/500000000000"	48	0	"267 445882271621/1000000000000"	47	0	"574 5672630103/8000000000"	48	0	"250 344544550311/500000000000"	47	0	"569 928472161401/1000000000000"	48	0	"238 64651570351/200000000000"	46	0	"517 724195274947/1000000000000"	48	0	"217 376414201759/500000000000"	45	0	"374 89084387071/200000000000"
"DEVELOPMENT_EVEN"	"T5000_W025"	10	-20	49	49	0	"235 156377276751/1000000000000"	49	0	"509 416399864811/1000000000000"	49	0	"249 5950048537/50000000000"	49	0	"515 500339095461/1000000000000"	49	0	"265 234095790993/250000000000"	49	0	"540 556828595071/1000000000000"	49	0	"271 179751916221/500000000000"	48	0	"566 93102974261/250000000000"	49	0	"271 286720926101/500000000000"	48	0	"562 168894923657/200000000000"	49	0	"259 702370685591/1000000000000"	48	0	"571 418904282061/1000000000000"	49	0	"253 763194752337/1000000000000"	48	0	"561 52022722387/200000000000"
"DEVELOPMENT_EVEN"	"T5000_W025"	10	-10	49	49	0	"239 18929296583/250000000000"	49	0	"510 46346549029/62500000000"	49	0	"256 217302523023/250000000000"	49	0	"515 28884834923/62500000000"	49	0	"265 858907958701/1000000000000"	48	0	"549 296240093873/1000000000000"	49	0	"271 972625287579/1000000000000"	48	0	"582 1046183781/2000000000"	49	0	"265 780351722391/1000000000000"	48	0	"560 167395950949/250000000000"	49	0	"255 74632299323/100000000000"	48	0	"552 187138808879/250000000000"	49	0	"244 148542215527/200000000000"	48	0	"514 34784808959/1000000000000"
"DEVELOPMENT_EVEN"	"T5000_W025"	10	0	49	49	0	"240 208651410373/500000000000"	49	0	"512 29156968021/100000000000"	49	0	"260 35449644581/50000000000"	49	0	"540 64598014867/100000000000"	49	0	"270 36282184537/200000000000"	48	0	"565 11652609491/250000000000"	49	0	"270 354963852617/500000000000"	48	0	"573 380468530849/1000000000000"	49	0	"261 396542704301/500000000000"	48	0	"559 5735578329/100000000000"	49	0	"245 202953002373/250000000000"	48	0	"532 23099783433/31250000000"	49	0	"230 308894759083/1000000000000"	49	0	"460 169503216301/250000000000"
"DEVELOPMENT_EVEN"	"T5000_W025"	10	10	49	49	0	"246 421167738529/1000000000000"	49	0	"549 226064506163/250000000000"	49	0	"263 480303639857/1000000000000"	47	0	"566 476147230007/1000000000000"	49	0	"269 5462534353/25000000000"	48	0	"609 37680232309/1000000000000"	49	0	"267 535997583243/1000000000000"	48	0	"579 86715143529/100000000000"	49	0	"254 659678941749/1000000000000"	49	0	"581 12308145751/1000000000000"	49	0	"247 824778583803/1000000000000"	49	0	"524 88969164023/125000000000"	49	0	"226 672550045141/1000000000000"	49	0	"428 11418887437/15625000000"
"DEVELOPMENT_EVEN"	"T5000_W025"	10	20	48	48	0	"250 221751245769/250000000000"	48	0	"566 86357628487/500000000000"	48	0	"264 10224428561/25000000000"	48	0	"583 160935803111/500000000000"	48	0	"263 61625001791/62500000000"	48	0	"606 679022985931/1000000000000"	48	0	"264 72634653871/1000000000000"	48	0	"606 1720596177/25000000000"	48	0	"244 262479179961/1000000000000"	48	0	"548 47811044417/250000000000"	48	0	"236 6436899159/125000000000"	46	0	"486 346974133971/500000000000"	46	0	"207 273721031201/500000000000"	42	0	"347 280206009493/500000000000"
"DEVELOPMENT_EVEN"	"T5000_W025"	20	-20	48	48	0	"252 25827599951/62500000000"	48	0	"518 10049039163/20000000000"	48	0	"266 88924220899/200000000000"	48	0	"537 413258957739/1000000000000"	48	0	"273 836641652159/1000000000000"	47	0	"537 436551236761/1000000000000"	48	0	"277 240818357519/1000000000000"	47	0	"570 302022721519/1000000000000"	48	0	"275 68105409199/1000000000000"	47	0	"564 894342297659/1000000000000"	48	0	"266 141399314999/500000000000"	47	0	"556 75292874979/125000000000"	48	0	"260 203712052103/500000000000"	47	0	"523 79849837343/500000000000"
"DEVELOPMENT_EVEN"	"T5000_W025"	20	-10	49	49	0	"251 228574199033/250000000000"	49	0	"518 694398939961/1000000000000"	49	0	"263 88338174583/200000000000"	48	0	"547 672053861541/1000000000000"	49	0	"270 733755866447/1000000000000"	49	0	"567 225330200119/250000000000"	49	0	"270 373050257439/500000000000"	48	0	"572 115408661819/500000000000"	49	0	"273 83458879591/500000000000"	48	0	"557 206477110033/250000000000"	49	0	"257 897349885811/1000000000000"	48	0	"545 40229265383/62500000000"	49	0	"238 7753322093/250000000000"	47	0	"517 206540671267/1000000000000"
"DEVELOPMENT_EVEN"	"T5000_W025"	20	0	49	49	0	"261 256514674093/1000000000000"	49	0	"530 907050476307/1000000000000"	49	0	"269 680165754491/1000000000000"	48	0	"547 326283903167/500000000000"	49	0	"270 419594974321/500000000000"	48	0	"581 11329760977/250000000000"	49	0	"270 18702317707/20000000000"	48	0	"555 404996043099/1000000000000"	49	0	"261 355947404113/500000000000"	48	0	"552 111937425333/125000000000"	49	0	"249 15479254153/62500000000"	48	0	"512 791564956477/1000000000000"	49	0	"231 798559683307/1000000000000"	47	0	"448 13226822089/500000000000"
"DEVELOPMENT_EVEN"	"T5000_W025"	20	10	49	49	0	"266 201604077183/1000000000000"	48	0	"566 920616896757/1000000000000"	49	0	"269 80069658883/125000000000"	49	0	"597 260822937817/500000000000"	49	0	"269 36633353633/50000000000"	48	0	"595 542703973023/1000000000000"	49	0	"264 14328762803/62500000000"	48	0	"583 16133716981/31250000000"	49	0	"249 781474664777/1000000000000"	49	0	"558 904435595387/1000000000000"	49	0	"241 377389145733/500000000000"	49	0	"523 1119710311/25000000000"	49	0	"220 890465054371/1000000000000"	48	0	"426 97275278913/250000000000"
"DEVELOPMENT_EVEN"	"T5000_W025"	20	20	48	48	0	"269 110147161139/250000000000"	46	0	"573 15742853277/31250000000"	48	0	"269 11268033337/15625000000"	48	0	"603 185336581173/1000000000000"	48	0	"271 104758665667/500000000000"	47	0	"594 118582722841/125000000000"	48	0	"255 365390410327/1000000000000"	47	0	"606 3531890779/500000000000"	48	0	"243 162690486767/200000000000"	48	0	"539 6307680621/10000000000"	48	0	"231 946283183707/1000000000000"	44	0	"467 736528119759/1000000000000"	44	0	"199 13829224877/31250000000"	44	0	"305 98239991803/500000000000"
"DEVELOPMENT_EVEN"	"T5000_W030"	-20	-20	47	47	0	"160 602538507831/1000000000000"	45	0	"353 282057162061/1000000000000"	47	0	"195 8513292929/250000000000"	47	0	"478 379582777969/1000000000000"	47	0	"221 6337348253/1000000000000"	46	0	"538 461615354019/500000000000"	47	0	"248 15700018439/1000000000000"	47	0	"553 683348606921/1000000000000"	47	0	"262 21688120797/1000000000000"	47	0	"579 135302843113/1000000000000"	47	0	"264 79587498287/100000000000"	46	0	"586 42093693297/100000000000"	47	0	"263 318664234543/500000000000"	46	0	"587 84716166689/100000000000"
"DEVELOPMENT_EVEN"	"T5000_W030"	-20	-10	47	47	0	"166 11329712337/100000000000"	47	0	"395 32385883503/1000000000000"	47	0	"198 441515506341/1000000000000"	47	0	"535 645691154837/1000000000000"	47	0	"236 489106904667/1000000000000"	47	0	"540 354987298533/1000000000000"	47	0	"259 185203349569/1000000000000"	47	0	"568 176071133217/1000000000000"	47	0	"270 36817724967/62500000000"	46	0	"585 17778930241/62500000000"	47	0	"265 12944235473/40000000000"	46	0	"595 920183704503/1000000000000"	47	0	"259 87744689713/200000000000"	46	0	"580 135233471131/1000000000000"
"DEVELOPMENT_EVEN"	"T5000_W030"	-20	0	47	47	0	"169 579664667241/1000000000000"	47	0	"448 53087103151/62500000000"	47	0	"204 735840057867/1000000000000"	46	0	"517 66709071201/1000000000000"	47	0	"246 95414859699/250000000000"	47	0	"542 872641313447/1000000000000"	47	0	"265 117712868671/125000000000"	47	0	"575 18665376621/200000000000"	47	0	"274 531659370273/1000000000000"	46	0	"592 163121745787/500000000000"	47	0	"260 139094331849/500000000000"	46	0	"598 800652908883/1000000000000"	47	0	"245 12446073221/200000000000"	47	0	"524 421888687771/500000000000"
"DEVELOPMENT_EVEN"	"T5000_W030"	-20	10	46	46	0	"178 61374605511/200000000000"	46	0	"492 57568674091/250000000000"	46	0	"217 253251985621/500000000000"	46	0	"555 53487235523/100000000000"	46	0	"255 868091704121/1000000000000"	46	0	"586 305461239541/1000000000000"	46	0	"269 949785219089/1000000000000"	45	0	"635 65191200057/500000000000"	46	0	"265 3104823751/31250000000"	45	0	"611 81326032109/100000000000"	46	0	"249 325376580287/1000000000000"	46	0	"608 256222719789/1000000000000"	46	0	"235 707600726169/1000000000000"	45	0	"524 109790698519/250000000000"
"DEVELOPMENT_EVEN"	"T5000_W030"	-20	20	45	45	0	"176 133422468973/200000000000"	45	0	"496 123054484773/200000000000"	45	0	"227 632502947531/1000000000000"	45	0	"565 83040789823/125000000000"	45	0	"263 253654965809/500000000000"	45	0	"605 818467882921/1000000000000"	45	0	"272 35739105217/100000000000"	44	0	"621 150408064367/1000000000000"	45	0	"261 102975218353/1000000000000"	44	0	"616 88114793103/100000000000"	45	0	"247 93150422001/200000000000"	45	0	"565 469843311743/1000000000000"	45	0	"221 93544669811/125000000000"	44	0	"463 235679263237/1000000000000"
"DEVELOPMENT_EVEN"	"T5000_W030"	-10	-20	47	47	0	"177 908137523801/1000000000000"	47	0	"465 106373405323/1000000000000"	47	0	"208 204854047287/250000000000"	46	0	"535 52225708071/125000000000"	47	0	"240 639174437017/1000000000000"	47	0	"543 37496794807/40000000000"	47	0	"259 784901936839/1000000000000"	47	0	"571 20658318/48828125"	47	0	"269 635136295061/1000000000000"	46	0	"589 9183043157/100000000000"	47	0	"269 1583864911/31250000000"	46	0	"601 283869683443/500000000000"	47	0	"266 14322553089/125000000000"	46	0	"595 31906019529/200000000000"
"DEVELOPMENT_EVEN"	"T5000_W030"	-10	-10	47	47	0	"184 92112610611/500000000000"	47	0	"502 61810337319/62500000000"	47	0	"220 11729499479/12500000000"	47	0	"512 75867494867/1000000000000"	47	0	"256 832452779863/1000000000000"	47	0	"549 502180215007/1000000000000"	47	0	"265 117712868671/125000000000"	47	0	"575 18665376621/200000000000"	47	0	"274 54710163763/125000000000"	46	0	"587 213244439357/1000000000000"	47	0	"265 803222349463/1000000000000"	46	0	"600 67775231877/250000000000"	47	0	"259 537647776697/1000000000000"	46	0	"569 247240279943/250000000000"
"DEVELOPMENT_EVEN"	"T5000_W030"	-10	0	47	47	0	"191 7101084763/1000000000000"	47	0	"507 821728496829/1000000000000"	47	0	"233 96198722493/200000000000"	47	0	"524 317527819619/1000000000000"	47	0	"260 603747100449/1000000000000"	47	0	"555 29009696591/50000000000"	47	0	"274 28783155301/100000000000"	46	0	"579 61308356811/250000000000"	47	0	"273 1938452333/4000000000"	46	0	"586 682906129883/1000000000000"	47	0	"258 90655406069/250000000000"	46	0	"570 91228258837/200000000000"	47	0	"247 91699323999/500000000000"	47	0	"517 212662809103/1000000000000"
"DEVELOPMENT_EVEN"	"T5000_W030"	-10	10	45	45	0	"203 163506314739/1000000000000"	45	0	"535 443262479/50000000000"	45	0	"243 863928037627/1000000000000"	45	0	"576 249406540589/250000000000"	45	0	"263 974244936713/1000000000000"	44	0	"589 171814462737/500000000000"	45	0	"272 35739105217/100000000000"	44	0	"621 254448668901/500000000000"	45	0	"256 939734223197/1000000000000"	44	0	"605 171275275497/500000000000"	45	0	"239 21743688041/125000000000"	45	0	"584 271909926877/500000000000"	45	0	"224 340443549061/500000000000"	44	0	"502 11551391603/12500000000"
"DEVELOPMENT_EVEN"	"T5000_W030"	-10	20	46	46	0	"212 505349540471/1000000000000"	45	0	"539 47738680349/62500000000"	46	0	"252 248342106183/1000000000000"	46	0	"580 114425352719/250000000000"	46	0	"271 485552182431/500000000000"	46	0	"604 826281847137/1000000000000"	46	0	"266 324589006757/1000000000000"	44	0	"620 176240597773/250000000000"	46	0	"259 612756307899/1000000000000"	45	0	"619 218496222813/250000000000"	46	0	"241 429704348079/500000000000"	45	0	"545 2496428273/250000000000"	46	0	"227 853903413751/1000000000000"	44	0	"455 139952860743/250000000000"
"DEVELOPMENT_EVEN"	"T5000_W030"	0	-20	49	49	0	"208 644740842083/1000000000000"	49	0	"478 491425937209/500000000000"	49	0	"230 411197869577/1000000000000"	49	0	"512 847441959889/1000000000000"	49	0	"252 149214206807/250000000000"	49	0	"520 7211907799/100000000000"	49	0	"263 23354397049/250000000000"	48	0	"545 38319357429/40000000000"	49	0	"265 11767343091/12500000000"	48	0	"577 269496049491/1000000000000"	49	0	"270 97086203709/1000000000000"	48	0	"563 108687215007/1000000000000"	49	0	"260 517028176813/1000000000000"	48	0	"559 493840843429/500000000000"
"DEVELOPMENT_EVEN"	"T5000_W030"	0	-10	49	49	0	"217 21239511489/250000000000"	49	0	"505 461541150481/1000000000000"	49	0	"239 222278484033/500000000000"	49	0	"514 97853137371/1000000000000"	49	0	"261 36144858319/500000000000"	49	0	"540 124021039739/200000000000"	49	0	"270 55424179111/100000000000"	48	0	"543 54161278511/125000000000"	49	0	"270 171242074991/250000000000"	48	0	"565 374430702647/1000000000000"	49	0	"263 393053188973/1000000000000"	48	0	"564 255752113419/1000000000000"	49	0	"245 679744467549/1000000000000"	48	0	"534 486659099279/500000000000"
"DEVELOPMENT_EVEN"	"T5000_W030"	0	0	49	49	0	"221 3182218289/125000000000"	49	0	"501 562787521591/1000000000000"	49	0	"245 113789730359/200000000000"	49	0	"515 354821289583/500000000000"	49	0	"264 547654462851/1000000000000"	48	0	"542 732722402161/1000000000000"	49	0	"270 398222281031/500000000000"	48	0	"581 164418210117/250000000000"	49	0	"271 27191299161/200000000000"	48	0	"564 389812797971/1000000000000"	49	0	"256 60386760847/250000000000"	48	0	"544 38159045397/40000000000"	49	0	"242 109662035129/125000000000"	49	0	"462 77260460159/500000000000"
"DEVELOPMENT_EVEN"	"T5000_W030"	0	10	49	49	0	"231 358384499783/500000000000"	47	0	"551 322951083113/1000000000000"	49	0	"254 325889415041/500000000000"	48	0	"550 108653170617/250000000000"	49	0	"266 66268671529/250000000000"	48	0	"582 71884932609/1000000000000"	49	0	"264 704755631867/1000000000000"	48	0	"592 270926078509/1000000000000"	49	0	"258 107144796981/500000000000"	48	0	"589 75825734241/250000000000"	49	0	"242 262958542353/500000000000"	48	0	"565 106745778313/500000000000"	49	0	"228 58710449363/100000000000"	47	0	"453 440500945261/1000000000000"
"DEVELOPMENT_EVEN"	"T5000_W030"	0	20	49	49	0	"240 429295928051/1000000000000"	47	0	"554 428223922097/500000000000"	49	0	"261 52441883953/62500000000"	48	0	"570 202813987039/500000000000"	49	0	"270 195922577437/200000000000"	48	0	"580 717012454349/1000000000000"	49	0	"268 91106168863/250000000000"	48	0	"578 242183830999/1000000000000"	49	0	"251 313084899749/1000000000000"	48	0	"576 120954809033/500000000000"	49	0	"238 79148126177/250000000000"	46	0	"514 696793316131/1000000000000"	49	0	"219 950714716397/1000000000000"	45	0	"342 925997695423/1000000000000"
"DEVELOPMENT_EVEN"	"T5000_W030"	10	-20	49	49	0	"235 843024566041/1000000000000"	49	0	"505 74826365529/1000000000000"	49	0	"257 772364918557/1000000000000"	49	0	"512 910783869657/1000000000000"	49	0	"263 3969150359/62500000000"	48	0	"535 5104378247/40000000000"	49	0	"270 804564623897/1000000000000"	48	0	"545 68175347189/100000000000"	49	0	"270 61713102909/62500000000"	48	0	"561 30394826657/100000000000"	49	0	"264 68117643209/200000000000"	48	0	"566 410591467869/1000000000000"	49	0	"255 5224520559/500000000000"	48	0	"556 270286556743/1000000000000"
"DEVELOPMENT_EVEN"	"T5000_W030"	10	-10	49	49	0	"243 201885384349/500000000000"	49	0	"515 104297197463/1000000000000"	49	0	"253 275058165359/1000000000000"	49	0	"515 196810663531/200000000000"	49	0	"262 69981589967/100000000000"	48	0	"550 5942558763/15625000000"	49	0	"270 952051088293/1000000000000"	48	0	"570 19292424313/40000000000"	49	0	"266 297499193243/1000000000000"	48	0	"562 9419034669/20000000000"	49	0	"257 750602779041/1000000000000"	48	0	"553 346869968203/1000000000000"	49	0	"244 604090090807/1000000000000"	48	0	"515 544933505539/1000000000000"
"DEVELOPMENT_EVEN"	"T5000_W030"	10	0	49	49	0	"240 26995972259/1000000000000"	49	0	"520 739475690813/1000000000000"	49	0	"261 1771941317/1000000000000"	49	0	"539 635819326271/1000000000000"	49	0	"270 6091527067/31250000000"	48	0	"562 556477025951/1000000000000"	49	0	"271 359769709759/1000000000000"	48	0	"567 95122605783/125000000000"	49	0	"266 895590231789/1000000000000"	48	0	"557 91002937589/500000000000"	49	0	"246 6522581573/20000000000"	48	0	"525 478580608003/500000000000"	49	0	"238 434073457027/500000000000"	49	0	"461 961751805599/1000000000000"
"DEVELOPMENT_EVEN"	"T5000_W030"	10	10	49	49	0	"250 27139190543/125000000000"	48	0	"560 221414065311/1000000000000"	49	0	"264 188160964629/1000000000000"	48	0	"580 421800286427/500000000000"	49	0	"270 396269195207/500000000000"	49	0	"598 41405185909/100000000000"	49	0	"268 91106168863/250000000000"	48	0	"581 808687676091/1000000000000"	49	0	"255 36766252963/200000000000"	49	0	"580 463649675109/1000000000000"	49	0	"241 619548114713/1000000000000"	49	0	"529 189364119529/200000000000"	49	0	"228 347884210473/500000000000"	48	0	"456 5866856779/40000000000"
"DEVELOPMENT_EVEN"	"T5000_W030"	10	20	49	49	0	"253 11431919261/40000000000"	49	0	"571 289877169917/1000000000000"	49	0	"266 859260163661/1000000000000"	48	0	"577 761424613837/1000000000000"	49	0	"265 41862346183/100000000000"	48	0	"600 683630399853/1000000000000"	49	0	"264 39982515667/50000000000"	48	0	"581 15534508899/15625000000"	49	0	"244 236259855649/250000000000"	48	0	"551 117135174669/500000000000"	49	0	"238 87638438321/250000000000"	47	0	"489 139161441387/1000000000000"	47	0	"202 280593355339/500000000000"	44	0	"352 6167391813/6250000000"
"DEVELOPMENT_EVEN"	"T5000_W030"	20	-20	48	48	0	"252 739234001/1250000000"	47	0	"510 138275602873/1000000000000"	48	0	"263 20577817729/31250000000"	48	0	"520 62199309061/1000000000000"	48	0	"272 768550928599/1000000000000"	47	0	"542 190812524167/1000000000000"	48	0	"273 131403410303/500000000000"	47	0	"559 34391718539/40000000000"	48	0	"276 1855906379/12500000000"	47	0	"558 938392194293/1000000000000"	48	0	"269 37446572847/100000000000"	47	0	"553 18106503763/100000000000"	48	0	"266 7188094541/100000000000"	47	0	"521 115915532721/200000000000"
"DEVELOPMENT_EVEN"	"T5000_W030"	20	-10	49	49	0	"253 50806231847/1000000000000"	47	0	"518 57327062603/1000000000000"	49	0	"264 21351968253/200000000000"	47	0	"546 489980185057/500000000000"	49	0	"271 96290901567/125000000000"	49	0	"564 548901684103/1000000000000"	49	0	"271 359769709759/1000000000000"	48	0	"572 631755640179/1000000000000"	49	0	"273 282518644289/500000000000"	48	0	"554 6620606733/10000000000"	49	0	"260 44301838807/200000000000"	48	0	"546 69990363291/500000000000"	49	0	"238 333769704457/1000000000000"	48	0	"499 33548852587/100000000000"
"DEVELOPMENT_EVEN"	"T5000_W030"	20	0	49	49	0	"258 71463021631/100000000000"	49	0	"530 768629005659/1000000000000"	49	0	"269 248990331181/1000000000000"	48	0	"552 138012093307/1000000000000"	49	0	"268 844625524787/1000000000000"	48	0	"580 25259935023/1000000000000"	49	0	"275 79760228361/125000000000"	48	0	"551 4285199363/1000000000000"	49	0	"257 821402495127/1000000000000"	48	0	"550 226268539947/1000000000000"	49	0	"248 7583536791/31250000000"	48	0	"503 475701192841/500000000000"	49	0	"228 210906616391/1000000000000"	47	0	"449 427448094129/1000000000000"
"DEVELOPMENT_EVEN"	"T5000_W030"	20	10	48	48	0	"263 196235922297/250000000000"	47	0	"565 53065018131/200000000000"	48	0	"268 143208068183/500000000000"	48	0	"590 43686105029/250000000000"	48	0	"265 46959765003/1000000000000"	47	0	"595 211791549/1953125000"	48	0	"263 111410514217/200000000000"	47	0	"579 754504614897/1000000000000"	48	0	"247 47500899501/62500000000"	48	0	"554 228842508959/250000000000"	48	0	"241 188120480429/200000000000"	46	0	"483 364557275149/1000000000000"	48	0	"225 265710815847/1000000000000"	46	0	"418 70138998841/1000000000000"
"DEVELOPMENT_EVEN"	"T5000_W030"	20	20	49	49	0	"269 882453162163/1000000000000"	48	0	"574 398170144781/1000000000000"	49	0	"268 70227446767/200000000000"	49	0	"595 324886470589/500000000000"	49	0	"267 18722868471/500000000000"	48	0	"591 46096947251/125000000000"	49	0	"259 704342658049/1000000000000"	48	0	"601 185063112349/500000000000"	49	0	"244 470305665927/1000000000000"	49	0	"539 817327528419/1000000000000"	49	0	"226 363753404101/1000000000000"	48	0	"442 496775008969/500000000000"	46	0	"198 541811005457/1000000000000"	44	0	"305 545156513327/1000000000000"
"DEVELOPMENT_EVEN"	"T5500_W025"	-20	-20	46	45	0	"157 170984291799/1000000000000"	46	0	"404 27946993259/500000000000"	46	0	"202 35203832959/40000000000"	46	0	"495 35208479467/50000000000"	46	0	"222 959005330413/1000000000000"	46	0	"558 221552476493/250000000000"	46	0	"248 5684419963/100000000000"	46	0	"592 42052302301/1000000000000"	46	0	"264 204000230373/1000000000000"	46	0	"573 590373041999/1000000000000"	46	0	"269 171312191223/1000000000000"	46	0	"606 291118700649/500000000000"	46	0	"265 223062207027/250000000000"	46	0	"581 269663815259/1000000000000"
"DEVELOPMENT_EVEN"	"T5500_W025"	-20	-10	47	47	0	"171 14143873901/40000000000"	47	0	"415 82902018883/125000000000"	47	0	"202 96046404563/250000000000"	47	0	"519 695275076171/1000000000000"	47	0	"235 312444707203/500000000000"	47	0	"569 127588770383/1000000000000"	47	0	"260 35023924409/40000000000"	47	0	"591 543695282029/1000000000000"	47	0	"273 312792413/12500000000"	47	0	"605 92118191301/125000000000"	47	0	"271 704171234787/1000000000000"	47	0	"593 23440317083/500000000000"	47	0	"258 54568993069/100000000000"	47	0	"587 2126761953/500000000000"
"DEVELOPMENT_EVEN"	"T5500_W025"	-20	0	47	46	0	"181 13957119171/125000000000"	47	0	"446 93446528647/250000000000"	47	0	"203 463255964433/500000000000"	47	0	"564 44011328541/100000000000"	47	0	"247 65273836709/100000000000"	47	0	"607 160134299547/1000000000000"	47	0	"268 18577465897/20000000000"	47	0	"606 45701772829/500000000000"	47	0	"274 5551080567/62500000000"	47	0	"620 3699124487/31250000000"	47	0	"268 95801908187/200000000000"	47	0	"605 277924101499/500000000000"	47	0	"244 502322515069/1000000000000"	47	0	"560 851323217993/1000000000000"
"DEVELOPMENT_EVEN"	"T5500_W025"	-20	10	47	47	0	"184 591343978839/1000000000000"	47	0	"509 112410623201/250000000000"	47	0	"222 765552710037/1000000000000"	47	0	"632 408231078271/1000000000000"	47	0	"264 257618938873/1000000000000"	47	0	"645 2131942309/20000000000"	47	0	"274 1621860537/1953125000"	47	0	"646 58874033969/200000000000"	47	0	"271 92856572097/250000000000"	47	0	"683 100165234253/125000000000"	47	0	"256 116934243999/125000000000"	47	0	"637 291129452297/1000000000000"	47	0	"236 185972768861/200000000000"	47	0	"598 162656202881/200000000000"
"DEVELOPMENT_EVEN"	"T5500_W025"	-20	20	46	46	0	"186 137222254759/250000000000"	46	0	"550 325242667369/500000000000"	46	0	"235 32797087059/100000000000"	46	0	"621 432192605957/500000000000"	46	0	"270 29705707003/40000000000"	46	0	"657 115325058423/500000000000"	46	0	"272 64835496313/1000000000000"	46	0	"662 228063610179/1000000000000"	46	0	"264 817039548967/1000000000000"	46	0	"640 22005945637/1000000000000"	46	0	"243 407955837327/1000000000000"	46	0	"626 12344717757/125000000000"	46	0	"213 691796270417/1000000000000"	46	0	"527 559516188379/1000000000000"
"DEVELOPMENT_EVEN"	"T5500_W025"	-10	-20	47	47	0	"177 233688494601/250000000000"	47	0	"495 32213526159/500000000000"	47	0	"208 538079959161/1000000000000"	47	0	"552 581663950037/1000000000000"	47	0	"242 530383670769/1000000000000"	47	0	"574 874011580437/1000000000000"	47	0	"260 35023924409/40000000000"	47	0	"591 543695282029/1000000000000"	47	0	"269 846038585113/1000000000000"	47	0	"608 474893020343/500000000000"	47	0	"270 321094267427/500000000000"	47	0	"641 680467771263/1000000000000"	47	0	"266 228327689629/1000000000000"	47	0	"594 623974313829/1000000000000"
"DEVELOPMENT_EVEN"	"T5500_W025"	-10	-10	47	47	0	"189 365032859271/500000000000"	47	0	"507 939842118551/1000000000000"	47	0	"225 337811594317/1000000000000"	47	0	"571 376651437177/500000000000"	47	0	"254 322307061277/1000000000000"	47	0	"599 290257588837/500000000000"	47	0	"268 18577465897/20000000000"	47	0	"606 45701772829/500000000000"	47	0	"273 52437648099/200000000000"	47	0	"635 80471799461/250000000000"	47	0	"268 200617642543/250000000000"	47	0	"605 288171348367/1000000000000"	47	0	"255 143021702699/200000000000"	47	0	"574 14739994647/15625000000"
"DEVELOPMENT_EVEN"	"T5500_W025"	-10	0	47	47	0	"194 293529318821/500000000000"	47	0	"531 628260741393/1000000000000"	47	0	"237 140870722589/1000000000000"	47	0	"589 9283752593/250000000000"	47	0	"265 55111109583/100000000000"	47	0	"611 306639313167/500000000000"	47	0	"276 58456275403/200000000000"	47	0	"608 8804810851/500000000000"	47	0	"271 82459176689/100000000000"	47	0	"610 399527175437/1000000000000"	47	0	"264 215538241179/500000000000"	47	0	"586 987169334429/1000000000000"	47	0	"239 641457536381/1000000000000"	47	0	"553 42366095679/50000000000"
"DEVELOPMENT_EVEN"	"T5500_W025"	-10	10	47	47	0	"204 5061986623/10000000000"	47	0	"561 490174362679/1000000000000"	47	0	"249 38557077127/250000000000"	47	0	"638 88842858429/200000000000"	47	0	"271 896800190177/1000000000000"	47	0	"643 206212233489/500000000000"	47	0	"272 29365679487/62500000000"	47	0	"645 116562193973/250000000000"	47	0	"272 221251141881/250000000000"	47	0	"648 3222546037/50000000000"	47	0	"257 287477603381/500000000000"	47	0	"627 232312598173/1000000000000"	47	0	"231 697174413107/1000000000000"	47	0	"595 10476314541/50000000000"
"DEVELOPMENT_EVEN"	"T5500_W025"	-10	20	46	46	0	"213 31450481207/62500000000"	46	0	"596 27781448717/125000000000"	46	0	"258 4085334251/1000000000000"	46	0	"655 209651192973/250000000000"	46	0	"277 234585509651/250000000000"	46	0	"651 249556031/1600000000"	46	0	"275 348680961527/1000000000000"	46	0	"667 151056425687/500000000000"	46	0	"262 228796629277/1000000000000"	46	0	"653 782830388001/1000000000000"	46	0	"242 65159244577/100000000000"	46	0	"630 128104822909/200000000000"	46	0	"201 317546386319/500000000000"	46	0	"466 18245842641/40000000000"
"DEVELOPMENT_EVEN"	"T5500_W025"	0	-20	49	49	0	"206 20245392233/62500000000"	49	0	"512 107908866359/1000000000000"	49	0	"236 389003725449/1000000000000"	49	0	"545 239017366787/1000000000000"	49	0	"253 88277709783/1000000000000"	49	0	"564 147965486207/250000000000"	49	0	"264 208689013619/1000000000000"	49	0	"589 432669311/10000000000"	49	0	"273 204449069993/1000000000000"	49	0	"604 890374128043/1000000000000"	49	0	"276 193187417753/250000000000"	49	0	"590 486712051239/500000000000"	49	0	"265 3441388133/25000000000"	49	0	"574 39197342829/250000000000"
"DEVELOPMENT_EVEN"	"T5500_W025"	0	-10	49	49	0	"213 81471630803/125000000000"	49	0	"520 747749520421/1000000000000"	49	0	"244 912350275411/1000000000000"	49	0	"554 416514792091/1000000000000"	49	0	"260 11574085717/40000000000"	49	0	"576 253856944189/500000000000"	49	0	"268 124001167829/250000000000"	49	0	"596 239591815089/250000000000"	49	0	"268 371409379933/1000000000000"	49	0	"593 91255937663/1000000000000"	49	0	"271 615961800681/1000000000000"	49	0	"568 492250746021/1000000000000"	49	0	"256 617444792603/1000000000000"	49	0	"552 807597497339/1000000000000"
"DEVELOPMENT_EVEN"	"T5500_W025"	0	0	49	49	0	"220 92629778601/500000000000"	49	0	"534 475026590957/1000000000000"	49	0	"254 29712445157/1000000000000"	49	0	"558 915459413917/1000000000000"	49	0	"265 1741321163/3906250000"	49	0	"594 945674483683/1000000000000"	49	0	"270 8595910177/40000000000"	49	0	"593 60890143217/250000000000"	49	0	"270 124410727049/250000000000"	49	0	"579 266616218821/500000000000"	49	0	"264 619810356097/1000000000000"	49	0	"566 714563764741/1000000000000"	49	0	"236 391482542783/500000000000"	49	0	"520 188927289749/200000000000"
"DEVELOPMENT_EVEN"	"T5500_W025"	0	10	48	48	0	"231 7499891147/40000000000"	48	0	"590 743079112347/1000000000000"	48	0	"256 962554580057/1000000000000"	48	0	"618 112880894607/125000000000"	48	0	"267 302060086359/500000000000"	48	0	"605 895629913591/1000000000000"	48	0	"270 3555759313/10000000000"	48	0	"646 411939189/200000000000"	48	0	"265 153637728581/200000000000"	48	0	"641 894684826823/1000000000000"	48	0	"243 4133354281/7812500000"	48	0	"605 72049870587/100000000000"	48	0	"231 81961341941/500000000000"	48	0	"538 958722795667/1000000000000"
"DEVELOPMENT_EVEN"	"T5500_W025"	0	20	48	48	0	"242 197829728271/500000000000"	48	0	"599 435438703399/1000000000000"	48	0	"266 6764375301/20000000000"	48	0	"625 175589843689/1000000000000"	48	0	"266 731302442563/1000000000000"	48	0	"622 10121914287/20000000000"	48	0	"278 4609705393/20000000000"	48	0	"637 25474078961/31250000000"	48	0	"263 4201001401/40000000000"	48	0	"615 420570519109/500000000000"	48	0	"238 158354955087/1000000000000"	48	0	"577 159410065077/1000000000000"	47	0	"206 793295486699/1000000000000"	47	0	"426 2624376211/50000000000"
"DEVELOPMENT_EVEN"	"T5500_W025"	10	-20	49	49	0	"235 373521888971/500000000000"	49	0	"546 111453700917/500000000000"	49	0	"259 217483852659/1000000000000"	49	0	"563 16876319577/125000000000"	49	0	"264 865223198079/1000000000000"	49	0	"584 34512153597/200000000000"	49	0	"273 138878079467/200000000000"	49	0	"596 239591815089/250000000000"	49	0	"273 220495077/2000000000"	49	0	"610 46017230649/100000000000"	49	0	"274 906930257/20000000000"	49	0	"578 45136798469/1000000000000"	49	0	"259 139862022207/200000000000"	49	0	"567 401050316323/500000000000"
"DEVELOPMENT_EVEN"	"T5500_W025"	10	-10	49	49	0	"240 62872419527/200000000000"	49	0	"560 506694904907/1000000000000"	49	0	"259 330516311269/1000000000000"	49	0	"601 13711509799/40000000000"	49	0	"268 317839641853/1000000000000"	49	0	"605 164896801557/250000000000"	49	0	"270 8595910177/40000000000"	49	0	"593 60890143217/250000000000"	49	0	"269 82596084769/125000000000"	49	0	"583 428227314433/500000000000"	49	0	"269 531812370423/1000000000000"	49	0	"566 94985240383/1000000000000"	49	0	"249 19583132503/125000000000"	49	0	"542 538311679731/1000000000000"
"DEVELOPMENT_EVEN"	"T5500_W025"	10	0	49	49	0	"248 367713762723/1000000000000"	49	0	"559 604522504419/1000000000000"	49	0	"262 168625377979/200000000000"	49	0	"581 52210850727/500000000000"	49	0	"267 879925384783/1000000000000"	49	0	"584 605911499143/1000000000000"	49	0	"273 118830725693/125000000000"	49	0	"595 815773166177/1000000000000"	49	0	"276 2481878857/4000000000"	49	0	"570 95884215763/250000000000"	49	0	"260 26118690359/40000000000"	49	0	"561 144916203401/1000000000000"	49	0	"231 120778189379/200000000000"	49	0	"520 95916849447/100000000000"
"DEVELOPMENT_EVEN"	"T5500_W025"	10	10	49	49	0	"256 72893793103/1000000000000"	49	0	"606 891408321141/1000000000000"	49	0	"266 123244019991/200000000000"	49	0	"611 811410170627/1000000000000"	49	0	"268 38858521537/62500000000"	49	0	"624 113595951621/250000000000"	49	0	"274 360552542519/1000000000000"	49	0	"636 30841910637/125000000000"	49	0	"265 975142229587/1000000000000"	49	0	"612 850033838227/1000000000000"	49	0	"242 3182902453/10000000000"	49	0	"579 717083764781/1000000000000"	49	0	"225 542353369861/1000000000000"	49	0	"518 66398439083/200000000000"
"DEVELOPMENT_EVEN"	"T5500_W025"	10	20	48	48	0	"263 15596427131/125000000000"	48	0	"610 18266640007/62500000000"	48	0	"270 197039643081/250000000000"	48	0	"638 113651113311/1000000000000"	48	0	"270 802206677737/1000000000000"	48	0	"672 198251378923/250000000000"	48	0	"272 330816050161/500000000000"	48	0	"628 972658594081/1000000000000"	48	0	"252 118335216021/200000000000"	47	0	"616 48347374039/125000000000"	48	0	"235 64343905997/125000000000"	48	0	"564 156780587833/250000000000"	47	0	"215 426190116551/1000000000000"	45	0	"409 24883414743/40000000000"
"DEVELOPMENT_EVEN"	"T5500_W025"	20	-20	48	48	0	"258 459787722331/500000000000"	48	0	"553 12552620849/25000000000"	48	0	"268 210191352523/250000000000"	48	0	"587 133760752887/500000000000"	48	0	"273 324839494031/500000000000"	48	0	"573 4756790627/250000000000"	48	0	"275 895669793169/1000000000000"	48	0	"574 370691217651/1000000000000"	48	0	"280 383391597259/500000000000"	48	0	"586 140210758263/200000000000"	48	0	"272 193302692863/1000000000000"	48	0	"561 187944945199/500000000000"	48	0	"261 849360626207/1000000000000"	48	0	"568 253010311063/500000000000"
"DEVELOPMENT_EVEN"	"T5500_W025"	20	-10	49	49	0	"261 399923365213/1000000000000"	49	0	"579 143492730869/250000000000"	49	0	"269 220666854029/1000000000000"	49	0	"589 387479065831/1000000000000"	49	0	"270 141262618769/1000000000000"	49	0	"587 818144771093/1000000000000"	49	0	"276 432859778237/500000000000"	49	0	"595 815773166177/1000000000000"	49	0	"273 801720773799/1000000000000"	49	0	"587 25594032773/62500000000"	49	0	"266 7593336221/7812500000"	49	0	"576 65346181359/250000000000"	49	0	"244 357122257683/500000000000"	49	0	"544 91064556647/500000000000"
"DEVELOPMENT_EVEN"	"T5500_W025"	20	0	49	49	0	"261 86099054389/1000000000000"	49	0	"584 492297213767/1000000000000"	49	0	"268 277797395613/1000000000000"	49	0	"600 122132988471/125000000000"	49	0	"271 758622368703/1000000000000"	49	0	"609 35690948739/500000000000"	49	0	"274 40311295749/250000000000"	49	0	"584 38024165993/125000000000"	49	0	"270 99105312921/125000000000"	49	0	"576 266451429/781250000"	49	0	"249 224331159309/500000000000"	49	0	"551 226320680869/500000000000"	49	0	"225 17234424297/125000000000"	49	0	"516 164001079347/200000000000"
"DEVELOPMENT_EVEN"	"T5500_W025"	20	10	49	49	0	"271 193988276157/250000000000"	49	0	"593 965556066049/1000000000000"	49	0	"268 715329141451/1000000000000"	49	0	"600 975778463447/1000000000000"	49	0	"270 193355450419/250000000000"	49	0	"642 698053471069/1000000000000"	49	0	"270 39876257257/62500000000"	49	0	"591 100808807311/125000000000"	49	0	"256 326027037237/1000000000000"	49	0	"609 2956636713/1000000000000"	49	0	"238 666769653007/1000000000000"	49	0	"577 746228187541/1000000000000"	49	0	"215 70583416391/500000000000"	49	0	"466 410189372643/500000000000"
"DEVELOPMENT_EVEN"	"T5500_W025"	20	20	46	46	0	"272 484967295093/1000000000000"	46	0	"607 136197411929/1000000000000"	46	0	"269 784307499989/1000000000000"	46	0	"681 85783185081/100000000000"	46	0	"275 312613975769/1000000000000"	46	0	"656 199566385779/1000000000000"	46	0	"260 710975192507/1000000000000"	46	0	"637 238750344991/500000000000"	46	0	"246 387032097693/1000000000000"	46	0	"595 98096095411/1000000000000"	46	0	"227 199845072503/1000000000000"	46	0	"548 547023475957/1000000000000"	41	0	"185 623264667147/1000000000000"	41	0	"412 535050001253/1000000000000"
"DEVELOPMENT_EVEN"	"T5500_W030"	-20	-20	47	46	0	"165 71177099997/200000000000"	47	0	"406 402255599/2000000000"	47	0	"200 235707104179/250000000000"	47	0	"511 7344400643/8000000000"	47	0	"220 153887426239/250000000000"	47	0	"568 217142011751/1000000000000"	47	0	"249 366039970119/500000000000"	47	0	"601 84814502177/500000000000"	47	0	"263 47019735443/62500000000"	47	0	"595 153560043257/1000000000000"	47	0	"268 518017367877/1000000000000"	47	0	"608 209558398361/500000000000"	47	0	"264 980633027591/1000000000000"	47	0	"587 209496798787/1000000000000"
"DEVELOPMENT_EVEN"	"T5500_W030"	-20	-10	47	46	0	"175 35905698417/50000000000"	47	0	"446 339324280671/1000000000000"	47	0	"199 153814613461/500000000000"	47	0	"534 46316468859/100000000000"	47	0	"237 724479065513/1000000000000"	47	0	"569 49686057349/1000000000000"	47	0	"260 875823738477/1000000000000"	47	0	"596 825279744937/1000000000000"	47	0	"273 229903379559/250000000000"	47	0	"606 363366952883/1000000000000"	47	0	"272 2266334913/3906250000"	47	0	"601 339033103501/500000000000"	47	0	"258 17756582799/31250000000"	47	0	"587 81016149201/1000000000000"
"DEVELOPMENT_EVEN"	"T5500_W030"	-20	0	47	47	0	"182 204856131487/250000000000"	47	0	"467 697106683183/1000000000000"	47	0	"209 286575822167/1000000000000"	47	0	"565 126240761799/1000000000000"	47	0	"248 80332982093/200000000000"	47	0	"607 18282730251/250000000000"	47	0	"268 30948627429/40000000000"	47	0	"607 361320865453/500000000000"	47	0	"273 132056259117/200000000000"	47	0	"615 358689055799/1000000000000"	47	0	"267 39211137321/1000000000000"	47	0	"607 930040780333/1000000000000"	47	0	"247 328754186663/1000000000000"	47	0	"546 194685757913/1000000000000"
"DEVELOPMENT_EVEN"	"T5500_W030"	-20	10	47	47	0	"187 666324374499/1000000000000"	47	0	"518 31013400699/100000000000"	47	0	"225 77981986013/500000000000"	47	0	"629 20876106293/40000000000"	47	0	"261 9596458647/500000000000"	47	0	"658 65206278723/100000000000"	47	0	"275 119162491851/500000000000"	47	0	"644 24485108631/62500000000"	47	0	"270 494662878873/1000000000000"	47	0	"659 135235509927/1000000000000"	47	0	"258 8281429617/12500000000"	47	0	"636 985040632381/1000000000000"	47	0	"238 45230341581/125000000000"	47	0	"593 27722703623/62500000000"
"DEVELOPMENT_EVEN"	"T5500_W030"	-20	20	47	47	0	"184 513177861983/1000000000000"	47	0	"547 121340557033/200000000000"	47	0	"236 52329972941/200000000000"	47	0	"628 1361060293/15625000000"	47	0	"269 53891534451/1000000000000"	47	0	"655 12505832407/125000000000"	47	0	"271 39435479887/50000000000"	47	0	"660 219116271237/250000000000"	47	0	"265 3893168663/20000000000"	47	0	"644 31965924393/250000000000"	47	0	"246 13605409617/40000000000"	47	0	"628 449727661163/500000000000"	47	0	"219 254633638147/1000000000000"	47	0	"518 302118815027/500000000000"
"DEVELOPMENT_EVEN"	"T5500_W030"	-10	-20	47	47	0	"176 450917258163/1000000000000"	47	0	"500 275849589773/1000000000000"	47	0	"209 310594900967/500000000000"	47	0	"554 27491937359/200000000000"	47	0	"244 143444430919/1000000000000"	47	0	"579 270412825799/1000000000000"	47	0	"260 875823738477/1000000000000"	47	0	"605 161872262907/200000000000"	47	0	"268 144638927067/500000000000"	47	0	"608 207807875191/250000000000"	47	0	"270 1697762597/3125000000"	47	0	"634 3331619601/20000000000"	47	0	"266 218408489379/1000000000000"	47	0	"596 4515539797/500000000000"
"DEVELOPMENT_EVEN"	"T5500_W030"	-10	-10	47	47	0	"191 393877224253/1000000000000"	47	0	"508 421534388763/500000000000"	47	0	"223 155304955631/250000000000"	47	0	"578 32344279451/200000000000"	47	0	"253 403389611177/500000000000"	47	0	"625 501687755149/1000000000000"	47	0	"268 30948627429/40000000000"	47	0	"607 361320865453/500000000000"	47	0	"273 592255600917/1000000000000"	47	0	"631 58997390571/250000000000"	47	0	"269 49824537911/250000000000"	47	0	"602 7090532703/8000000000"	47	0	"256 99992406707/500000000000"	47	0	"576 84573737457/250000000000"
"DEVELOPMENT_EVEN"	"T5500_W030"	-10	0	47	47	0	"194 42964600229/200000000000"	47	0	"534 360684214339/500000000000"	47	0	"237 35692926627/1000000000000"	47	0	"591 21298970417/40000000000"	47	0	"265 104130068893/500000000000"	47	0	"609 5267565049/8000000000"	47	0	"276 537628910821/1000000000000"	47	0	"607 83444683253/250000000000"	47	0	"272 3768445059/15625000000"	47	0	"610 751733458059/1000000000000"	47	0	"260 463177199329/500000000000"	47	0	"597 703776712221/1000000000000"	47	0	"242 57151432031/1000000000000"	47	0	"555 20571143489/62500000000"
"DEVELOPMENT_EVEN"	"T5500_W030"	-10	10	47	47	0	"204 438480703887/500000000000"	47	0	"563 447335879067/1000000000000"	47	0	"249 61984514899/125000000000"	47	0	"640 649546250011/1000000000000"	47	0	"270 453773388167/500000000000"	47	0	"646 959189853227/1000000000000"	47	0	"271 39435479887/50000000000"	47	0	"642 27172420991/200000000000"	47	0	"270 120521323649/500000000000"	47	0	"654 139329730753/250000000000"	47	0	"257 477340452961/1000000000000"	47	0	"627 96080853711/125000000000"	47	0	"233 50065823721/62500000000"	47	0	"591 38707369957/100000000000"
"DEVELOPMENT_EVEN"	"T5500_W030"	-10	20	46	46	0	"216 393904115259/1000000000000"	46	0	"596 7611475801/40000000000"	46	0	"258 636395717247/1000000000000"	46	0	"654 66022439577/125000000000"	46	0	"277 10936955923/100000000000"	46	0	"637 445315378409/500000000000"	46	0	"276 16729750039/250000000000"	46	0	"667 841984682297/1000000000000"	46	0	"267 53558590277/500000000000"	46	0	"657 285300986123/1000000000000"	46	0	"246 136002229943/500000000000"	46	0	"609 18363397/19531250"	46	0	"209 794356630043/1000000000000"	46	0	"470 244815738141/250000000000"
"DEVELOPMENT_EVEN"	"T5500_W030"	0	-20	49	49	0	"206 462231048259/1000000000000"	49	0	"512 965825582423/1000000000000"	49	0	"236 462620264799/500000000000"	49	0	"545 12159923221/125000000000"	49	0	"252 65077903783/250000000000"	49	0	"581 77545138737/100000000000"	49	0	"263 641846562921/1000000000000"	49	0	"586 102967688523/125000000000"	49	0	"274 169455283473/1000000000000"	49	0	"610 98393952039/250000000000"	49	0	"276 323389217319/1000000000000"	49	0	"588 292963164223/1000000000000"	49	0	"264 293678517351/500000000000"	49	0	"573 303183009559/500000000000"
"DEVELOPMENT_EVEN"	"T5500_W030"	0	-10	49	49	0	"213 8033287997/15625000000"	49	0	"526 945892376869/1000000000000"	49	0	"246 5638274727/25000000000"	49	0	"561 149150893541/500000000000"	49	0	"260 165980038607/250000000000"	49	0	"595 8494925291/125000000000"	49	0	"268 786220668849/1000000000000"	49	0	"576 599432647857/1000000000000"	49	0	"268 113984086481/200000000000"	49	0	"594 390738661073/1000000000000"	49	0	"272 77016844667/500000000000"	49	0	"566 67888481807/250000000000"	49	0	"255 1094814451/1562500000"	49	0	"548 1772313973/12500000000"
"DEVELOPMENT_EVEN"	"T5500_W030"	0	0	49	49	0	"220 20030855073/200000000000"	49	0	"535 780773457129/1000000000000"	49	0	"253 947605492093/1000000000000"	49	0	"570 46259338981/125000000000"	49	0	"265 780815688751/1000000000000"	49	0	"593 119621762051/125000000000"	49	0	"270 60604452397/1000000000000"	49	0	"591 48748395541/50000000000"	49	0	"270 39521277033/1000000000000"	49	0	"581 172639348267/500000000000"	49	0	"261 90743080693/100000000000"	49	0	"566 628337239941/1000000000000"	49	0	"239 234361626653/1000000000000"	49	0	"522 289713942631/500000000000"
"DEVELOPMENT_EVEN"	"T5500_W030"	0	10	49	49	0	"232 208876310133/1000000000000"	49	0	"593 39335587053/50000000000"	49	0	"258 216348943681/250000000000"	49	0	"613 44806143403/250000000000"	49	0	"267 668434904447/1000000000000"	49	0	"603 193761275003/500000000000"	49	0	"270 198329467853/1000000000000"	49	0	"637 51596146883/125000000000"	49	0	"268 156107918897/250000000000"	49	0	"616 51536380731/1000000000000"	49	0	"247 753565525811/1000000000000"	49	0	"611 149696298869/1000000000000"	49	0	"230 335574944027/1000000000000"	49	0	"551 238177047279/500000000000"
"DEVELOPMENT_EVEN"	"T5500_W030"	0	20	49	49	0	"241 8504451443/40000000000"	49	0	"597 68994170899/100000000000"	49	0	"268 33713891739/50000000000"	49	0	"635 244021635671/250000000000"	49	0	"270 69022219767/500000000000"	49	0	"613 147056602861/200000000000"	49	0	"274 20422658769/62500000000"	49	0	"641 70178866509/1000000000000"	49	0	"262 77301172293/125000000000"	49	0	"610 375139939027/500000000000"	49	0	"238 254387234323/500000000000"	49	0	"570 848242790351/1000000000000"	46	0	"198 895774604891/1000000000000"	49	0	"424 403281644837/500000000000"
"DEVELOPMENT_EVEN"	"T5500_W030"	10	-20	49	49	0	"233 261165009973/500000000000"	49	0	"546 40476442777/125000000000"	49	0	"256 139297498383/1000000000000"	49	0	"571 139094116653/500000000000"	49	0	"265 895963736419/1000000000000"	49	0	"605 849749937127/1000000000000"	49	0	"273 120969616323/200000000000"	49	0	"604 840881730811/1000000000000"	49	0	"272 150557151193/200000000000"	49	0	"606 50512511943/500000000000"	49	0	"275 27565047589/200000000000"	49	0	"577 773959828941/1000000000000"	49	0	"259 343707092507/1000000000000"	49	0	"567 97735441081/100000000000"
"DEVELOPMENT_EVEN"	"T5500_W030"	10	-10	49	49	0	"239 950981206287/1000000000000"	49	0	"561 57416929953/250000000000"	49	0	"259 8908472109/25000000000"	49	0	"597 817485518829/1000000000000"	49	0	"267 14411325741/1000000000000"	49	0	"602 199274001/781250000"	49	0	"270 60604452397/1000000000000"	49	0	"591 48748395541/50000000000"	49	0	"269 634153872697/1000000000000"	49	0	"584 268546695747/1000000000000"	49	0	"269 440562389503/500000000000"	49	0	"563 90366144573/100000000000"	49	0	"249 393920696917/1000000000000"	49	0	"539 61152328873/100000000000"
"DEVELOPMENT_EVEN"	"T5500_W030"	10	0	49	49	0	"247 228182996217/500000000000"	49	0	"564 159798558433/250000000000"	49	0	"263 1492959753/6250000000"	49	0	"615 9019273133/200000000000"	49	0	"268 780907467069/1000000000000"	49	0	"587 709017392697/1000000000000"	49	0	"273 698843986497/1000000000000"	49	0	"595 257830469319/500000000000"	49	0	"276 664473285733/1000000000000"	49	0	"568 52887469433/250000000000"	49	0	"261 356750239891/1000000000000"	49	0	"546 40328479317/62500000000"	49	0	"234 112206192221/250000000000"	49	0	"512 1412139987/6250000000"
"DEVELOPMENT_EVEN"	"T5500_W030"	10	10	49	49	0	"256 5748453549/125000000000"	49	0	"614 338758493679/500000000000"	49	0	"267 69085021551/1000000000000"	49	0	"611 134302914443/500000000000"	49	0	"268 285754196763/1000000000000"	49	0	"622 702599921411/1000000000000"	49	0	"274 20422658769/62500000000"	49	0	"641 70178866509/1000000000000"	49	0	"266 115830138781/200000000000"	49	0	"607 242442549411/1000000000000"	49	0	"246 185675048777/500000000000"	49	0	"578 283212062847/500000000000"	49	0	"226 96561803481/100000000000"	49	0	"518 5261656281/25000000000"
"DEVELOPMENT_EVEN"	"T5500_W030"	10	20	47	47	0	"260 636167925483/1000000000000"	47	0	"612 41910527819/62500000000"	47	0	"270 843940463181/1000000000000"	47	0	"616 919997515689/1000000000000"	47	0	"271 658592804091/1000000000000"	47	0	"672 59349565481/100000000000"	47	0	"271 104303448189/1000000000000"	47	0	"650 184793781437/250000000000"	47	0	"252 259460612351/500000000000"	47	0	"614 143098412609/1000000000000"	47	0	"231 36902957267/50000000000"	47	0	"569 68609768237/1000000000000"	47	0	"210 195292333911/200000000000"	46	0	"442 117581272171/200000000000"
"DEVELOPMENT_EVEN"	"T5500_W030"	20	-20	48	48	0	"258 44436954007/125000000000"	48	0	"554 724326413173/1000000000000"	48	0	"268 4896376827/125000000000"	48	0	"584 23879304283/31250000000"	48	0	"273 477194539071/1000000000000"	48	0	"571 98250847227/500000000000"	48	0	"275 995059987071/1000000000000"	48	0	"573 148504851871/200000000000"	48	0	"276 211632950781/250000000000"	48	0	"589 136859052959/250000000000"	48	0	"270 621432126901/1000000000000"	48	0	"561 283876259541/500000000000"	48	0	"258 64647817559/200000000000"	48	0	"567 769410669279/1000000000000"
"DEVELOPMENT_EVEN"	"T5500_W030"	20	-10	49	49	0	"260 276745559997/500000000000"	49	0	"594 20626515679/50000000000"	49	0	"269 195844042383/1000000000000"	49	0	"601 143909999747/500000000000"	49	0	"270 774514077/15625000000"	49	0	"610 201025661/500000000000"	49	0	"277 425414082549/1000000000000"	49	0	"595 257830469319/500000000000"	49	0	"273 942039489329/1000000000000"	49	0	"582 860134132579/1000000000000"	49	0	"267 1994003591/12500000000"	49	0	"571 54483540883/250000000000"	49	0	"245 182287586561/250000000000"	49	0	"538 101074972801/500000000000"
"DEVELOPMENT_EVEN"	"T5500_W030"	20	0	49	49	0	"261 809215991429/1000000000000"	49	0	"589 56998522543/500000000000"	49	0	"268 348518264713/1000000000000"	49	0	"574 251385042987/1000000000000"	49	0	"270 159725032669/200000000000"	49	0	"587 252890121081/1000000000000"	49	0	"273 410529886937/500000000000"	49	0	"576 86497208337/100000000000"	49	0	"270 21148265811/40000000000"	49	0	"581 29499101783/500000000000"	49	0	"252 515866847227/1000000000000"	49	0	"549 810967988807/1000000000000"	49	0	"230 208836402337/500000000000"	49	0	"519 344107127713/1000000000000"
"DEVELOPMENT_EVEN"	"T5500_W030"	20	10	49	49	0	"271 306769109021/1000000000000"	49	0	"616 83716641329/125000000000"	49	0	"269 17772026547/31250000000"	49	0	"619 422906238943/1000000000000"	49	0	"270 227849296641/250000000000"	49	0	"641 2754760603/250000000000"	49	0	"271 104303448189/1000000000000"	49	0	"591 8935652409/100000000000"	49	0	"258 767503618469/1000000000000"	49	0	"615 29143515673/31250000000"	49	0	"240 84032288081/500000000000"	49	0	"573 696910004587/1000000000000"	49	0	"223 4191916467/25000000000"	49	0	"499 59092148367/62500000000"
"DEVELOPMENT_EVEN"	"T5500_W030"	20	20	47	47	0	"272 411312219187/1000000000000"	47	0	"595 849096465697/1000000000000"	47	0	"268 19280862253/25000000000"	47	0	"659 11136821211/31250000000"	47	0	"274 69909170491/200000000000"	47	0	"655 433256122807/500000000000"	47	0	"258 344079087123/500000000000"	47	0	"618 4662454123/25000000000"	47	0	"244 896118146571/1000000000000"	47	0	"598 456948754053/1000000000000"	46	0	"226 29341211621/100000000000"	47	0	"559 107428814847/1000000000000"	42	0	"175 593790490961/1000000000000"	43	0	"409 62462197953/100000000000"
"DEVELOPMENT_EVEN"	"T6000_W025"	-20	-20	46	44	0	"161 4328255669/20000000000"	44	0	"484 211328057299/1000000000000"	46	0	"207 488144946831/1000000000000"	45	0	"522 868124001/250000000000"	46	0	"229 205816422599/500000000000"	46	0	"563 232678263567/500000000000"	46	0	"249 351304967829/500000000000"	46	0	"600 206491736981/250000000000"	46	0	"269 495687112853/1000000000000"	46	0	"625 110525436307/125000000000"	46	0	"282 957043329979/1000000000000"	46	0	"627 247262908849/500000000000"	46	0	"279 4671539477/125000000000"	46	0	"628 160828626859/200000000000"
"DEVELOPMENT_EVEN"	"T6000_W025"	-20	-10	46	45	0	"172 792080029061/1000000000000"	45	0	"469 151191086169/200000000000"	46	0	"214 436182698921/1000000000000"	46	0	"514 3221391923/25000000000"	46	0	"239 82564634287/250000000000"	46	0	"583 665902116601/1000000000000"	46	0	"263 173477393837/1000000000000"	46	0	"617 181095555467/200000000000"	46	0	"280 458601711377/500000000000"	46	0	"631 299458828741/500000000000"	46	0	"286 38219577849/200000000000"	46	0	"633 30145977267/62500000000"	46	0	"272 843168663743/1000000000000"	46	0	"617 131734845007/250000000000"
"DEVELOPMENT_EVEN"	"T6000_W025"	-20	0	47	45	0	"188 183279328003/250000000000"	47	0	"436 917762012559/1000000000000"	47	0	"213 1573169089/10000000000"	47	0	"550 73914393283/250000000000"	47	0	"244 287757639143/500000000000"	47	0	"626 761441776517/1000000000000"	47	0	"274 616617544247/1000000000000"	47	0	"634 170508130201/500000000000"	47	0	"292 50802647119/250000000000"	47	0	"635 82396851169/125000000000"	47	0	"276 408084317109/500000000000"	47	0	"659 162281540809/200000000000"	47	0	"251 729256144261/1000000000000"	47	0	"599 147127568219/200000000000"
"DEVELOPMENT_EVEN"	"T6000_W025"	-20	10	44	44	0	"197 23194239113/62500000000"	44	0	"565 820093208367/1000000000000"	44	0	"227 319430888279/500000000000"	44	0	"657 114903393907/500000000000"	44	0	"263 800597610801/1000000000000"	44	0	"645 396079034599/1000000000000"	44	0	"282 30762407371/500000000000"	44	0	"687 430957780669/1000000000000"	44	0	"276 348132581069/1000000000000"	44	0	"676 192348014107/1000000000000"	44	0	"273 419449801227/1000000000000"	44	0	"685 72797681317/200000000000"	44	0	"247 531473596679/1000000000000"	44	0	"589 359169681553/500000000000"
"DEVELOPMENT_EVEN"	"T6000_W025"	-20	20	44	44	0	"205 191768467007/200000000000"	44	0	"567 18908400261/40000000000"	44	0	"238 302893759097/1000000000000"	44	0	"645 157577043017/250000000000"	44	0	"274 36920847481/100000000000"	44	0	"653 143382206821/200000000000"	44	0	"287 321763034289/1000000000000"	44	0	"682 513856173959/1000000000000"	44	0	"278 695009237451/1000000000000"	44	0	"675 20961630161/40000000000"	44	0	"253 181275236291/1000000000000"	44	0	"637 333545997879/1000000000000"	44	0	"232 725813097089/1000000000000"	42	0	"541 197486908151/250000000000"
"DEVELOPMENT_EVEN"	"T6000_W025"	-10	-20	46	46	0	"201 870436457371/1000000000000"	46	0	"527 269690953027/500000000000"	46	0	"217 5211838957/6250000000"	46	0	"562 43840591829/200000000000"	46	0	"244 731052310871/1000000000000"	46	0	"591 66344877397/100000000000"	46	0	"263 36511711079/1000000000000"	46	0	"636 303934799461/1000000000000"	46	0	"276 956428345483/1000000000000"	46	0	"628 79566807039/100000000000"	46	0	"283 32172887507/62500000000"	46	0	"627 335596108251/500000000000"	46	0	"277 56181033063/62500000000"	46	0	"638 183359121791/500000000000"
"DEVELOPMENT_EVEN"	"T6000_W025"	-10	-10	46	46	0	"200 160442257473/250000000000"	46	0	"540 25986640121/31250000000"	46	0	"230 485577115633/1000000000000"	46	0	"593 181444355173/500000000000"	46	0	"254 91226224041/200000000000"	46	0	"625 184359146369/500000000000"	46	0	"274 829289097333/1000000000000"	46	0	"640 48569098383/100000000000"	46	0	"283 920171287211/1000000000000"	46	0	"639 233769725997/1000000000000"	46	0	"280 937833611949/1000000000000"	46	0	"632 702145917217/1000000000000"	46	0	"262 109646030831/1000000000000"	46	0	"622 15798099229/250000000000"
"DEVELOPMENT_EVEN"	"T6000_W025"	-10	0	46	46	0	"205 19225362939/100000000000"	46	0	"552 874474183401/1000000000000"	46	0	"237 602979417553/1000000000000"	46	0	"621 883584736763/1000000000000"	46	0	"265 260101158517/500000000000"	46	0	"641 338989652561/1000000000000"	46	0	"280 106595476969/125000000000"	46	0	"635 718331390063/1000000000000"	46	0	"285 235824547139/250000000000"	46	0	"638 1755412637/31250000000"	46	0	"276 13483271741/125000000000"	46	0	"640 619500888379/1000000000000"	46	0	"252 37059111069/50000000000"	46	0	"582 768042243797/1000000000000"
"DEVELOPMENT_EVEN"	"T6000_W025"	-10	10	45	45	0	"212 724010006281/1000000000000"	45	0	"625 377172579459/500000000000"	45	0	"250 89447100549/250000000000"	45	0	"665 10164545959/15625000000"	45	0	"274 62023560927/250000000000"	45	0	"664 71833092217/200000000000"	45	0	"285 3125923703/25000000000"	45	0	"690 798159216213/1000000000000"	45	0	"277 120365898521/250000000000"	45	0	"680 207402919157/250000000000"	45	0	"269 408941839077/1000000000000"	45	0	"657 171188145669/200000000000"	45	0	"237 474316703513/500000000000"	45	0	"559 460773384711/500000000000"
"DEVELOPMENT_EVEN"	"T6000_W025"	-10	20	44	44	0	"220 358015501301/1000000000000"	44	0	"627 190777723379/1000000000000"	44	0	"260 15658250523/125000000000"	44	0	"646 443415820693/500000000000"	44	0	"285 919385621759/1000000000000"	44	0	"667 810494342953/1000000000000"	44	0	"280 495766362687/500000000000"	44	0	"674 77004960407/250000000000"	44	0	"277 399451705559/1000000000000"	44	0	"664 66706608687/100000000000"	44	0	"256 664215018071/1000000000000"	44	0	"603 350226500209/500000000000"	43	0	"219 11664225663/20000000000"	42	0	"570 693110296379/1000000000000"
"DEVELOPMENT_EVEN"	"T6000_W025"	0	-20	48	48	0	"209 76342904759/250000000000"	48	0	"542 372303866073/500000000000"	48	0	"234 410742140953/1000000000000"	48	0	"585 819727691299/1000000000000"	48	0	"256 149221785817/1000000000000"	48	0	"586 9448735109/125000000000"	48	0	"268 712367799073/1000000000000"	48	0	"626 396845289697/500000000000"	48	0	"279 128154766223/1000000000000"	48	0	"634 122413911911/200000000000"	48	0	"283 822743660553/1000000000000"	48	0	"612 43416342891/250000000000"	48	0	"267 120089048079/125000000000"	48	0	"605 119799951021/250000000000"
"DEVELOPMENT_EVEN"	"T6000_W025"	0	-10	48	48	0	"220 23204381703/200000000000"	48	0	"560 45394202131/100000000000"	48	0	"246 326200148237/1000000000000"	48	0	"593 429735338623/1000000000000"	48	0	"262 163720584107/500000000000"	48	0	"608 51434587617/1000000000000"	48	0	"277 40720015281/250000000000"	48	0	"621 182926062037/500000000000"	48	0	"281 134017334957/250000000000"	48	0	"605 53464013829/1000000000000"	48	0	"273 507727602743/1000000000000"	48	0	"606 14485200409/100000000000"	48	0	"263 69743352663/500000000000"	48	0	"578 296233035467/500000000000"
"DEVELOPMENT_EVEN"	"T6000_W025"	0	0	48	48	0	"225 212881806977/250000000000"	48	0	"573 456548020379/1000000000000"	48	0	"254 37151954209/62500000000"	48	0	"610 11363804457/15625000000"	48	0	"272 717409612461/1000000000000"	48	0	"610 125538663043/200000000000"	48	0	"282 197517927831/1000000000000"	48	0	"627 401962607521/1000000000000"	48	0	"282 48435316953/50000000000"	48	0	"616 7898608251/125000000000"	48	0	"261 72789578093/125000000000"	48	0	"586 17906649997/1000000000000"	48	0	"247 80002644379/200000000000"	47	0	"542 313688352423/500000000000"
"DEVELOPMENT_EVEN"	"T6000_W025"	0	10	46	46	0	"235 14400519383/25000000000"	46	0	"622 178211448183/500000000000"	46	0	"263 400745344343/500000000000"	46	0	"635 46792901029/125000000000"	46	0	"278 23253642451/31250000000"	46	0	"643 189632678429/1000000000000"	46	0	"280 8851234683/20000000000"	46	0	"639 195809221313/250000000000"	46	0	"276 19758004179/250000000000"	46	0	"637 39169249227/200000000000"	46	0	"261 765065177481/1000000000000"	46	0	"605 44119964651/62500000000"	46	0	"231 241801518701/250000000000"	46	0	"528 18004370913/125000000000"
"DEVELOPMENT_EVEN"	"T6000_W025"	0	20	47	47	0	"243 153523809797/250000000000"	47	0	"637 16041804703/100000000000"	47	0	"271 4371941961/1000000000000"	47	0	"665 72297968209/500000000000"	47	0	"282 858136734301/1000000000000"	47	0	"681 212309218887/250000000000"	47	0	"285 115840858/244140625"	47	0	"657 432905063603/1000000000000"	47	0	"273 23201900827/200000000000"	47	0	"634 328624746609/1000000000000"	47	0	"248 661529132239/1000000000000"	47	0	"574 57291829233/100000000000"	44	0	"198 20373650949/50000000000"	46	0	"527 686316050689/1000000000000"
"DEVELOPMENT_EVEN"	"T6000_W025"	10	-20	48	48	0	"239 471832768651/1000000000000"	48	0	"589 38608644057/125000000000"	48	0	"261 5856499139/12500000000"	48	0	"604 54870186411/62500000000"	48	0	"271 15276269713/31250000000"	48	0	"617 706745475521/1000000000000"	48	0	"278 519245936851/1000000000000"	48	0	"628 7726076889/20000000000"	48	0	"283 153770379783/500000000000"	48	0	"613 268868120723/1000000000000"	48	0	"280 30966730243/125000000000"	48	0	"610 93369536497/125000000000"	48	0	"266 199595836447/200000000000"	48	0	"598 20713931199/200000000000"
"DEVELOPMENT_EVEN"	"T6000_W025"	10	-10	48	48	0	"246 115306640517/200000000000"	48	0	"602 200754025837/1000000000000"	48	0	"262 790011280993/1000000000000"	48	0	"608 81650115431/200000000000"	48	0	"275 269157027989/1000000000000"	48	0	"624 139736133697/200000000000"	48	0	"281 330917981059/1000000000000"	48	0	"615 213520999219/250000000000"	48	0	"284 58120161/10000000000"	48	0	"615 56440041271/1000000000000"	48	0	"274 103852667017/125000000000"	48	0	"613 58513622261/1000000000000"	48	0	"258 92117502811/100000000000"	48	0	"574 59833811481/100000000000"
"DEVELOPMENT_EVEN"	"T6000_W025"	10	0	47	47	0	"252 458428235009/1000000000000"	47	0	"614 2015184641/6250000000"	47	0	"265 777887215007/1000000000000"	47	0	"617 722331671583/1000000000000"	47	0	"279 3912169907/20000000000"	47	0	"650 484902418379/1000000000000"	47	0	"282 88957674903/200000000000"	47	0	"617 13378302909/200000000000"	47	0	"271 9766267/500000000000"	47	0	"621 23891139279/500000000000"	47	0	"263 19508887171/100000000000"	47	0	"584 494179381283/500000000000"	47	0	"239 140045797959/250000000000"	47	0	"535 57545708373/250000000000"
"DEVELOPMENT_EVEN"	"T6000_W025"	10	10	47	47	0	"261 7657376063/50000000000"	47	0	"642 10857808557/15625000000"	47	0	"281 342535365847/1000000000000"	47	0	"636 51623322509/62500000000"	47	0	"280 6790040471/40000000000"	47	0	"657 478623113279/500000000000"	47	0	"280 514781035249/1000000000000"	47	0	"635 70972216749/100000000000"	47	0	"274 97904979811/500000000000"	47	0	"630 17461700741/40000000000"	47	0	"252 370949986443/500000000000"	47	0	"564 117276544481/500000000000"	47	0	"233 53916506719/100000000000"	46	0	"529 29449425741/40000000000"
"DEVELOPMENT_EVEN"	"T6000_W025"	10	20	46	46	0	"261 285830038111/500000000000"	46	0	"655 30967377757/62500000000"	46	0	"277 181691492699/500000000000"	46	0	"672 54621207551/250000000000"	46	0	"279 671219639481/1000000000000"	46	0	"654 486545115699/1000000000000"	46	0	"277 430428311141/1000000000000"	46	0	"673 925238016707/1000000000000"	46	0	"262 101567354691/250000000000"	46	0	"638 31716582199/62500000000"	46	0	"243 214491955201/1000000000000"	45	0	"571 106934883457/200000000000"	43	0	"210 27088546207/62500000000"	44	0	"459 650400169431/1000000000000"
"DEVELOPMENT_EVEN"	"T6000_W025"	20	-20	46	46	0	"264 70416412101/500000000000"	46	0	"620 97919167469/200000000000"	46	0	"275 35515686029/62500000000"	46	0	"608 606191260487/1000000000000"	46	0	"279 86193925771/500000000000"	46	0	"619 4347292513/125000000000"	46	0	"284 26872950247/500000000000"	46	0	"613 739586708331/1000000000000"	46	0	"286 32689007091/1000000000000"	46	0	"608 493037025237/500000000000"	46	0	"281 64257211637/100000000000"	46	0	"613 9758333473/250000000000"	46	0	"274 31534139519/125000000000"	46	0	"602 1366158679/25000000000"
"DEVELOPMENT_EVEN"	"T6000_W025"	20	-10	48	48	0	"268 697177804217/1000000000000"	48	0	"614 968270894247/1000000000000"	48	0	"277 172395431183/500000000000"	48	0	"620 35881375739/50000000000"	48	0	"283 78886630497/500000000000"	48	0	"633 432909164047/500000000000"	48	0	"284 115163450611/250000000000"	48	0	"609 394258922679/1000000000000"	48	0	"281 401043032507/1000000000000"	48	0	"616 304855370811/500000000000"	48	0	"270 622378280297/1000000000000"	48	0	"588 166667628637/1000000000000"	48	0	"255 133153059843/1000000000000"	48	0	"572 193061303059/1000000000000"
"DEVELOPMENT_EVEN"	"T6000_W025"	20	0	47	47	0	"264 100584878183/200000000000"	47	0	"627 63513281659/1000000000000"	47	0	"275 199755116041/1000000000000"	47	0	"643 213310542963/1000000000000"	47	0	"277 139562903341/250000000000"	47	0	"625 142512045889/250000000000"	47	0	"279 31209376469/31250000000"	47	0	"612 359811328759/500000000000"	47	0	"277 37073368833/250000000000"	47	0	"597 22110796889/200000000000"	47	0	"263 93523388913/500000000000"	47	0	"582 52279065063/62500000000"	47	0	"234 8556114451/1000000000000"	47	0	"507 84304494677/500000000000"
"DEVELOPMENT_EVEN"	"T6000_W025"	20	10	47	47	0	"278 115232536511/200000000000"	47	0	"632 7220801763/7812500000"	47	0	"280 612353878003/1000000000000"	47	0	"679 662870219733/1000000000000"	47	0	"280 70711802277/125000000000"	47	0	"656 287166411569/1000000000000"	47	0	"278 974561450641/1000000000000"	47	0	"668 28987198841/100000000000"	47	0	"266 1198439973/1600000000"	47	0	"632 50704626943/100000000000"	47	0	"250 47535458533/50000000000"	47	0	"558 325723728031/1000000000000"	47	0	"229 179498430069/200000000000"	45	0	"521 709970780827/1000000000000"
"DEVELOPMENT_EVEN"	"T6000_W025"	20	20	46	46	0	"272 363297466317/500000000000"	46	0	"648 601543323973/1000000000000"	46	0	"279 1256573971/7812500000"	46	0	"656 15439555471/50000000000"	46	0	"279 909845880997/1000000000000"	46	0	"660 432613373991/500000000000"	46	0	"276 26628625267/31250000000"	46	0	"664 133063531999/500000000000"	46	0	"256 94307092943/500000000000"	46	0	"599 741279727719/1000000000000"	46	0	"231 120595590723/1000000000000"	45	0	"575 632132658421/1000000000000"	41	0	"189 268561925693/500000000000"	42	0	"436 419682201057/1000000000000"
