outer_fold,inner_fold,analysis_variant,information_protocol,approximation,rho_prior,hu_tau,model,alpha,training_block_hash,grammar_fit_hash,validation_scoreable_roots,pooled_root_balanced_mean_log_density,selected_alpha
0,0,all_strict,side_informed,laplace,beta_half_half,20.0,retention_bounded,0.0,ff71152f04ff3c17c4f535bdcd272443a47086eca1b6c90e413744cda8c3d050,780f208c209440623de0add20390249a8ab2e8d4a6b3dbb789ad4d3e61146a05,139,-0.32371447673675324,0.01
0,0,all_strict,side_informed,laplace,beta_half_half,20.0,retention_bounded,0.0001,ff71152f04ff3c17c4f535bdcd272443a47086eca1b6c90e413744cda8c3d050,44c72cfc302efd443ddbf2dba895bd0e0f4039c0929f53ddf0875e895b628c6e,139,-0.3226954468859377,0.01
0,0,all_strict,side_informed,laplace,beta_half_half,20.0,retention_bounded,0.001,ff71152f04ff3c17c4f535bdcd272443a47086eca1b6c90e413744cda8c3d050,0cff344fd1066ae239bcca22afa9c2654523b5d36b444aac6b66f3b8bb5ec4d9,139,-0.3157445029710183,0.01
0,0,all_strict,side_informed,laplace,beta_half_half,20.0,retention_bounded,0.01,ff71152f04ff3c17c4f535bdcd272443a47086eca1b6c90e413744cda8c3d050,c9048083df378c9eef7195d95e2910aaa99fa329b823f975d01b3fabf2cd8ab5,139,-0.29676873166976814,0.01
0,0,all_strict,side_informed,laplace,beta_half_half,20.0,retention_bounded,0.1,ff71152f04ff3c17c4f535bdcd272443a47086eca1b6c90e413744cda8c3d050,54f459ba83dfb33dd249f9152dd9e65712b4d00310f982769f73ef3ec1c2bac3,139,-0.3387829240931206,0.01
0,1,all_strict,side_informed,laplace,beta_half_half,20.0,retention_bounded,0.0,27a3bb4a6140f901a59aa471a99c58258a97e252dc1e140d0e5312309b75b41b,67e33906e1bf7c7dcc472d700108fb23b5fe8749a81d27dd87eab39c07fe340d,136,-0.32371447673675324,0.01
0,1,all_strict,side_informed,laplace,beta_half_half,20.0,retention_bounded,0.0001,27a3bb4a6140f901a59aa471a99c58258a97e252dc1e140d0e5312309b75b41b,7869290de186312d5312621882a6bb8b61c52126d8673106812edaf86a985cbc,136,-0.3226954468859377,0.01
0,1,all_strict,side_informed,laplace,beta_half_half,20.0,retention_bounded,0.001,27a3bb4a6140f901a59aa471a99c58258a97e252dc1e140d0e5312309b75b41b,f39fd84eebba9add737f53e32fc50e471f0dbb7d88ec7f1c364fa180bdcb7b95,136,-0.3157445029710183,0.01
0,1,all_strict,side_informed,laplace,beta_half_half,20.0,retention_bounded,0.01,27a3bb4a6140f901a59aa471a99c58258a97e252dc1e140d0e5312309b75b41b,22976107a461612b67a4dc1daac4bf933ae7c37fdbfe87a9bf143860aea96fe4,136,-0.29676873166976814,0.01
0,1,all_strict,side_informed,laplace,beta_half_half,20.0,retention_bounded,0.1,27a3bb4a6140f901a59aa471a99c58258a97e252dc1e140d0e5312309b75b41b,88991a93c1aa7af77bb5db1107a08bbacf56c987425be07ef62a8b122bdda485,136,-0.3387829240931206,0.01
0,2,all_strict,side_informed,laplace,beta_half_half,20.0,retention_bounded,0.0,c3a17ae49362d3af3c889169dd61b790e7c0ea833118c8eb2e1b2cc8668b3073,d9d53401eebb466257625c8060c321832eeac6771d8b138d69eec6684a806c07,138,-0.32371447673675324,0.01
0,2,all_strict,side_informed,laplace,beta_half_half,20.0,retention_bounded,0.0001,c3a17ae49362d3af3c889169dd61b790e7c0ea833118c8eb2e1b2cc8668b3073,6a1d12b69be55980d5cd7a28670e918aba096e1b0619690782178bfd727a0401,138,-0.3226954468859377,0.01
0,2,all_strict,side_informed,laplace,beta_half_half,20.0,retention_bounded,0.001,c3a17ae49362d3af3c889169dd61b790e7c0ea833118c8eb2e1b2cc8668b3073,140e5df6af1b855bd91be035f500474ba95da67c75c164b6ce9c14a39bc800eb,138,-0.3157445029710183,0.01
0,2,all_strict,side_informed,laplace,beta_half_half,20.0,retention_bounded,0.01,c3a17ae49362d3af3c889169dd61b790e7c0ea833118c8eb2e1b2cc8668b3073,122f9f552fb0488b2662456b03e1f07ba26a923b5915541d7a74c3c315b4f583,138,-0.29676873166976814,0.01
0,2,all_strict,side_informed,laplace,beta_half_half,20.0,retention_bounded,0.1,c3a17ae49362d3af3c889169dd61b790e7c0ea833118c8eb2e1b2cc8668b3073,0ea18ac87a13e2260278e0847da03fd787a3f379441cd3defec2c8fec1ab71bc,138,-0.3387829240931206,0.01
0,0,all_strict,side_informed,laplace,beta_half_half,20.0,retention_nonnegative,0.0,ff71152f04ff3c17c4f535bdcd272443a47086eca1b6c90e413744cda8c3d050,7ffe262298c4e849b62e8dfbe8bf75dc01ba01b5e403cf9c9c80442b70497a73,139,-0.32371447876553017,0.01
0,0,all_strict,side_informed,laplace,beta_half_half,20.0,retention_nonnegative,0.0001,ff71152f04ff3c17c4f535bdcd272443a47086eca1b6c90e413744cda8c3d050,8e35cd6be76f9419f6e06406c37b3cae374c37d3708719e3cefc4280d5aae7fd,139,-0.32252651285043965,0.01
0,0,all_strict,side_informed,laplace,beta_half_half,20.0,retention_nonnegative,0.001,ff71152f04ff3c17c4f535bdcd272443a47086eca1b6c90e413744cda8c3d050,c7f2b04ef2855f6e37f5da47f3a42d60ab3dea76ceca9aa637497e535247aee1,139,-0.3159653986270262,0.01
0,0,all_strict,side_informed,laplace,beta_half_half,20.0,retention_nonnegative,0.01,ff71152f04ff3c17c4f535bdcd272443a47086eca1b6c90e413744cda8c3d050,fa2e2596dcfea877a62deec2a0ed8bca1677784ebfa59b04700c3022a316a7b1,139,-0.3146905985430582,0.01
0,0,all_strict,side_informed,laplace,beta_half_half,20.0,retention_nonnegative,0.1,ff71152f04ff3c17c4f535bdcd272443a47086eca1b6c90e413744cda8c3d050,62102411b20c8198f64879f426c160864700daaff5744365b543e31f144ca065,139,-0.3968355528801035,0.01
0,1,all_strict,side_informed,laplace,beta_half_half,20.0,retention_nonnegative,0.0,27a3bb4a6140f901a59aa471a99c58258a97e252dc1e140d0e5312309b75b41b,02d5601bcf21b1cdf2240ef9cd45648bba841b5856984c6ea640d44cd16c0895,136,-0.32371447876553017,0.01
0,1,all_strict,side_informed,laplace,beta_half_half,20.0,retention_nonnegative,0.0001,27a3bb4a6140f901a59aa471a99c58258a97e252dc1e140d0e5312309b75b41b,96874650e57c0f3aaa67c602ac253fb78f294a6b6a0dcacfc26f0181e7680e12,136,-0.32252651285043965,0.01
0,1,all_strict,side_informed,laplace,beta_half_half,20.0,retention_nonnegative,0.001,27a3bb4a6140f901a59aa471a99c58258a97e252dc1e140d0e5312309b75b41b,cab991336877bd819898b4a6ed64d5321cb69ec99d176298b2c102d8ad253894,136,-0.3159653986270262,0.01
0,1,all_strict,side_informed,laplace,beta_half_half,20.0,retention_nonnegative,0.01,27a3bb4a6140f901a59aa471a99c58258a97e252dc1e140d0e5312309b75b41b,04a109544615566c98c80b434643aaf0cdd0868cf6f8540f2f1987b1b3287594,136,-0.3146905985430582,0.01
0,1,all_strict,side_informed,laplace,beta_half_half,20.0,retention_nonnegative,0.1,27a3bb4a6140f901a59aa471a99c58258a97e252dc1e140d0e5312309b75b41b,d61eb13bf1b7b8b255a94949bc0422e56007f07666c937127ec2afaaad30bc21,136,-0.3968355528801035,0.01
0,2,all_strict,side_informed,laplace,beta_half_half,20.0,retention_nonnegative,0.0,c3a17ae49362d3af3c889169dd61b790e7c0ea833118c8eb2e1b2cc8668b3073,b30083af18531cdaa1d9b60818849831e3085d6f5323ca15fa9e0a598b1981dc,138,-0.32371447876553017,0.01
0,2,all_strict,side_informed,laplace,beta_half_half,20.0,retention_nonnegative,0.0001,c3a17ae49362d3af3c889169dd61b790e7c0ea833118c8eb2e1b2cc8668b3073,b3e52fbb37de1a7c44cab9c59d51024009d7c299b1c767665a93ed39386203fa,138,-0.32252651285043965,0.01
0,2,all_strict,side_informed,laplace,beta_half_half,20.0,retention_nonnegative,0.001,c3a17ae49362d3af3c889169dd61b790e7c0ea833118c8eb2e1b2cc8668b3073,a34a5edc586a24b0b5749ca6c0be14f9ad6f2a4077c7a744e2f4f7e8cad2e9f5,138,-0.3159653986270262,0.01
0,2,all_strict,side_informed,laplace,beta_half_half,20.0,retention_nonnegative,0.01,c3a17ae49362d3af3c889169dd61b790e7c0ea833118c8eb2e1b2cc8668b3073,700599dac38806cca64a2854df7f877534069d7123684a32ef7c7a589a3f6f95,138,-0.3146905985430582,0.01
0,2,all_strict,side_informed,laplace,beta_half_half,20.0,retention_nonnegative,0.1,c3a17ae49362d3af3c889169dd61b790e7c0ea833118c8eb2e1b2cc8668b3073,dd96ee39152fa42b54942f276ef44f0b0615aeb251b2088025f82d0e39af843c,138,-0.3968355528801035,0.01
0,0,all_strict,side_informed,laplace,beta_half_half,20.0,current_only,0.0,ff71152f04ff3c17c4f535bdcd272443a47086eca1b6c90e413744cda8c3d050,83dfe825465a310a309d1faa844d7ef4c455c1bbd5ab6a3a8941b14ca2ae9d65,139,-0.5734764010443315,0.01
0,0,all_strict,side_informed,laplace,beta_half_half,20.0,current_only,0.0001,ff71152f04ff3c17c4f535bdcd272443a47086eca1b6c90e413744cda8c3d050,68c006c1d7f71802c62431c93190a7b7801e2682348d1e9ee0e07f2ae711efe0,139,-0.57323507263972,0.01
0,0,all_strict,side_informed,laplace,beta_half_half,20.0,current_only,0.001,ff71152f04ff3c17c4f535bdcd272443a47086eca1b6c90e413744cda8c3d050,c67b70afa0a63e4f219cbd65ba9ebfe42a2902b9077f670345dc47d28d0bceb3,139,-0.5711599128285171,0.01
0,0,all_strict,side_informed,laplace,beta_half_half,20.0,current_only,0.01,ff71152f04ff3c17c4f535bdcd272443a47086eca1b6c90e413744cda8c3d050,6d85fb9461c2a3fc4a760f243ec9e4472236ab2921719cc7f98cf9bed69bc556,139,-0.5571840808923644,0.01
0,0,all_strict,side_informed,laplace,beta_half_half,20.0,current_only,0.1,ff71152f04ff3c17c4f535bdcd272443a47086eca1b6c90e413744cda8c3d050,81dd341b8d53ad36b903343e1c7497a19b0ee5e0167d526830e26bb3ad5d39a3,139,-0.558176875197105,0.01
0,1,all_strict,side_informed,laplace,beta_half_half,20.0,current_only,0.0,27a3bb4a6140f901a59aa471a99c58258a97e252dc1e140d0e5312309b75b41b,b08a8768a2e72dec474a1e8f7f90c95567449a126720c81b503a62c81aafefc3,136,-0.5734764010443315,0.01
0,1,all_strict,side_informed,laplace,beta_half_half,20.0,current_only,0.0001,27a3bb4a6140f901a59aa471a99c58258a97e252dc1e140d0e5312309b75b41b,95ef64d7a03f456509b22821add933a92202a961ada78625112c2526da9e5575,136,-0.57323507263972,0.01
0,1,all_strict,side_informed,laplace,beta_half_half,20.0,current_only,0.001,27a3bb4a6140f901a59aa471a99c58258a97e252dc1e140d0e5312309b75b41b,251bd11727afda19c9c073590054e396a7387dde51d3f1142503b688a22e9941,136,-0.5711599128285171,0.01
0,1,all_strict,side_informed,laplace,beta_half_half,20.0,current_only,0.01,27a3bb4a6140f901a59aa471a99c58258a97e252dc1e140d0e5312309b75b41b,441ea046640411fbc34b4905b5d84dfb3a454c25e60ff4597cd36ee2fd7585ea,136,-0.5571840808923644,0.01
0,1,all_strict,side_informed,laplace,beta_half_half,20.0,current_only,0.1,27a3bb4a6140f901a59aa471a99c58258a97e252dc1e140d0e5312309b75b41b,a3d4dec150748d5a22d460804a617877c3063c680e0484a18fbc2046633fb848,136,-0.558176875197105,0.01
0,2,all_strict,side_informed,laplace,beta_half_half,20.0,current_only,0.0,c3a17ae49362d3af3c889169dd61b790e7c0ea833118c8eb2e1b2cc8668b3073,f2c61083adeabd8647a24682328d232be1857caac98083fd9cea80534ce9ee07,138,-0.5734764010443315,0.01
0,2,all_strict,side_informed,laplace,beta_half_half,20.0,current_only,0.0001,c3a17ae49362d3af3c889169dd61b790e7c0ea833118c8eb2e1b2cc8668b3073,cbd0f093a1d98d47d89ed4f42351e92295c1bfe53090e4d7ebbcfa85f7a4ed32,138,-0.57323507263972,0.01
0,2,all_strict,side_informed,laplace,beta_half_half,20.0,current_only,0.001,c3a17ae49362d3af3c889169dd61b790e7c0ea833118c8eb2e1b2cc8668b3073,2a98f0494af585b0337f843049750de0690bb0938caf4c9b9cc37b758aae2267,138,-0.5711599128285171,0.01
0,2,all_strict,side_informed,laplace,beta_half_half,20.0,current_only,0.01,c3a17ae49362d3af3c889169dd61b790e7c0ea833118c8eb2e1b2cc8668b3073,b868313a6027f9162a6ad82c022c5877448cec5472d7ae48a94c91703d95ad21,138,-0.5571840808923644,0.01
0,2,all_strict,side_informed,laplace,beta_half_half,20.0,current_only,0.1,c3a17ae49362d3af3c889169dd61b790e7c0ea833118c8eb2e1b2cc8668b3073,fee6f6923267963de3489fe63fe1435ef724ec853359a49748dc82752738398d,138,-0.558176875197105,0.01
0,0,all_strict,side_informed,laplace,beta_half_half,20.0,input_plus_surface,0.0,ff71152f04ff3c17c4f535bdcd272443a47086eca1b6c90e413744cda8c3d050,6c9ae72e1aac67b461964bcaa347504d914f25f7235f87cb65b25c7ed39c79d8,139,-0.3082615456812793,0.01
0,0,all_strict,side_informed,laplace,beta_half_half,20.0,input_plus_surface,0.0001,ff71152f04ff3c17c4f535bdcd272443a47086eca1b6c90e413744cda8c3d050,1e327b75da21ca1607e055c6fb658e0fe48aa07b7f256b2844a2fe3125881910,139,-0.307143668433886,0.01
0,0,all_strict,side_informed,laplace,beta_half_half,20.0,input_plus_surface,0.001,ff71152f04ff3c17c4f535bdcd272443a47086eca1b6c90e413744cda8c3d050,b504c12b547d42157e96535ffff16b25ef6895ae2e37cd8d136ffd8c546f047d,139,-0.2997889577301783,0.01
0,0,all_strict,side_informed,laplace,beta_half_half,20.0,input_plus_surface,0.01,ff71152f04ff3c17c4f535bdcd272443a47086eca1b6c90e413744cda8c3d050,943b70c0b1d37fd0ad54c6ab4078545687e1eaff661c3a9349cff628bbae2e4b,139,-0.28598758949612163,0.01
0,0,all_strict,side_informed,laplace,beta_half_half,20.0,input_plus_surface,0.1,ff71152f04ff3c17c4f535bdcd272443a47086eca1b6c90e413744cda8c3d050,de180b33b0f12e684e574654103714ffff1a81722e5cb4ae961493179dbeaf74,139,-0.353275835904294,0.01
0,1,all_strict,side_informed,laplace,beta_half_half,20.0,input_plus_surface,0.0,27a3bb4a6140f901a59aa471a99c58258a97e252dc1e140d0e5312309b75b41b,f63e8fa0a729e81f5fc7c53d9a40056d869a40c78b0f915890d7d3ff0e82495a,136,-0.3082615456812793,0.01
0,1,all_strict,side_informed,laplace,beta_half_half,20.0,input_plus_surface,0.0001,27a3bb4a6140f901a59aa471a99c58258a97e252dc1e140d0e5312309b75b41b,e25aff4cdf2886a55274978bba51671fc981182121b27d4dafc03a60faef0397,136,-0.307143668433886,0.01
0,1,all_strict,side_informed,laplace,beta_half_half,20.0,input_plus_surface,0.001,27a3bb4a6140f901a59aa471a99c58258a97e252dc1e140d0e5312309b75b41b,a85a239bb1ba7e9e08e48b8be4c1c2d33be9dd8889d1f35ecc255a8dd226ec8d,136,-0.2997889577301783,0.01
0,1,all_strict,side_informed,laplace,beta_half_half,20.0,input_plus_surface,0.01,27a3bb4a6140f901a59aa471a99c58258a97e252dc1e140d0e5312309b75b41b,99d7987ea30550536c168e21a432f378487188c6165ce33d129e2cb08d894043,136,-0.28598758949612163,0.01
0,1,all_strict,side_informed,laplace,beta_half_half,20.0,input_plus_surface,0.1,27a3bb4a6140f901a59aa471a99c58258a97e252dc1e140d0e5312309b75b41b,868e9d69c4f973c6705f52be2d380241cb55315b1ade217edb96bea2045ae088,136,-0.353275835904294,0.01
0,2,all_strict,side_informed,laplace,beta_half_half,20.0,input_plus_surface,0.0,c3a17ae49362d3af3c889169dd61b790e7c0ea833118c8eb2e1b2cc8668b3073,2ce61b585cde435ca8fcd9d6c4b8c70ffe55b55b45769ef689b3673b99886fe4,138,-0.3082615456812793,0.01
0,2,all_strict,side_informed,laplace,beta_half_half,20.0,input_plus_surface,0.0001,c3a17ae49362d3af3c889169dd61b790e7c0ea833118c8eb2e1b2cc8668b3073,27dc46e47596d7d71b767192715301fee02db242425c20c3ac3cc86251e57992,138,-0.307143668433886,0.01
0,2,all_strict,side_informed,laplace,beta_half_half,20.0,input_plus_surface,0.001,c3a17ae49362d3af3c889169dd61b790e7c0ea833118c8eb2e1b2cc8668b3073,087212fe79b3754146a4b0723f4422e6653e9ce7ac2c4db78571d0db612c12ac,138,-0.2997889577301783,0.01
0,2,all_strict,side_informed,laplace,beta_half_half,20.0,input_plus_surface,0.01,c3a17ae49362d3af3c889169dd61b790e7c0ea833118c8eb2e1b2cc8668b3073,c1d1f22ea4f1807cda9d9a1fc3655d95478d8c0d9e0c81989a144b7069463e40,138,-0.28598758949612163,0.01
0,2,all_strict,side_informed,laplace,beta_half_half,20.0,input_plus_surface,0.1,c3a17ae49362d3af3c889169dd61b790e7c0ea833118c8eb2e1b2cc8668b3073,4ab321c6a28a308c8baf552bedd8a8f067622aaccc13cda3d78c2cb1543fc5ee,138,-0.353275835904294,0.01
0,0,all_strict,side_informed,laplace,beta_half_half,20.0,HU_plus_surface,0.0,ff71152f04ff3c17c4f535bdcd272443a47086eca1b6c90e413744cda8c3d050,e866698ffc65c25150978973bf8713e7ed05a2533a3bb9e52d46ab3e9bb0ebbe,139,-0.3168397417889722,0.01
0,0,all_strict,side_informed,laplace,beta_half_half,20.0,HU_plus_surface,0.0001,ff71152f04ff3c17c4f535bdcd272443a47086eca1b6c90e413744cda8c3d050,c0f78b17efb82fd3ec4e66fbdbabf3c5aee4c7137536a3ef86b253ba78d9be2e,139,-0.3156891765651281,0.01
0,0,all_strict,side_informed,laplace,beta_half_half,20.0,HU_plus_surface,0.001,ff71152f04ff3c17c4f535bdcd272443a47086eca1b6c90e413744cda8c3d050,34b02f5e6787c4cbd1c8f4fe5dec4abbed22c73c7d3232ff209303221615fc6a,139,-0.3081435785639089,0.01
0,0,all_strict,side_informed,laplace,beta_half_half,20.0,HU_plus_surface,0.01,ff71152f04ff3c17c4f535bdcd272443a47086eca1b6c90e413744cda8c3d050,89b1274478abc557ee7e376c5abdcd5ca327376eca22b90ae94888c25ee7545a,139,-0.29335622184834864,0.01
0,0,all_strict,side_informed,laplace,beta_half_half,20.0,HU_plus_surface,0.1,ff71152f04ff3c17c4f535bdcd272443a47086eca1b6c90e413744cda8c3d050,73289bf9ef57afad259be0e7fa8d932dcfc66b531103f9add196f4777a17b172,139,-0.35775507460485645,0.01
0,1,all_strict,side_informed,laplace,beta_half_half,20.0,HU_plus_surface,0.0,27a3bb4a6140f901a59aa471a99c58258a97e252dc1e140d0e5312309b75b41b,1466b54d5b4ce2ed1803147cb3a1553362ac36a4fe273f5a317c426abc580e89,136,-0.3168397417889722,0.01
0,1,all_strict,side_informed,laplace,beta_half_half,20.0,HU_plus_surface,0.0001,27a3bb4a6140f901a59aa471a99c58258a97e252dc1e140d0e5312309b75b41b,e7578ad5a5e23c68394739cfed3b557f6a262c95d076b357da8e85c5a6041273,136,-0.3156891765651281,0.01
0,1,all_strict,side_informed,laplace,beta_half_half,20.0,HU_plus_surface,0.001,27a3bb4a6140f901a59aa471a99c58258a97e252dc1e140d0e5312309b75b41b,20d8bbfb821ae7dfef8c09d3cc17535dbf14d04a6f2161fb66f405cfd2973a43,136,-0.3081435785639089,0.01
0,1,all_strict,side_informed,laplace,beta_half_half,20.0,HU_plus_surface,0.01,27a3bb4a6140f901a59aa471a99c58258a97e252dc1e140d0e5312309b75b41b,527136017fea1a279f1f1bc6ae1080cbb3a37e16ed607958919c13a6ca456f3c,136,-0.29335622184834864,0.01
0,1,all_strict,side_informed,laplace,beta_half_half,20.0,HU_plus_surface,0.1,27a3bb4a6140f901a59aa471a99c58258a97e252dc1e140d0e5312309b75b41b,0adb1a4bf643819888630c4a9199ac34fdd36103401329198ce6c209a8ff76ea,136,-0.35775507460485645,0.01
0,2,all_strict,side_informed,laplace,beta_half_half,20.0,HU_plus_surface,0.0,c3a17ae49362d3af3c889169dd61b790e7c0ea833118c8eb2e1b2cc8668b3073,f892da130ec6fe00a0099c5e2694661ca4904f682e4d13f421ddfac796323bcd,138,-0.3168397417889722,0.01
0,2,all_strict,side_informed,laplace,beta_half_half,20.0,HU_plus_surface,0.0001,c3a17ae49362d3af3c889169dd61b790e7c0ea833118c8eb2e1b2cc8668b3073,1179d60ebbc55d9824705579cc137bb25d2c73452d7ebed280cf30ec160e8138,138,-0.3156891765651281,0.01
0,2,all_strict,side_informed,laplace,beta_half_half,20.0,HU_plus_surface,0.001,c3a17ae49362d3af3c889169dd61b790e7c0ea833118c8eb2e1b2cc8668b3073,0d58dbeffec51d71067c9c7e3d19195bee4d60edf31367e32fa7e9a218d8c8c5,138,-0.3081435785639089,0.01
0,2,all_strict,side_informed,laplace,beta_half_half,20.0,HU_plus_surface,0.01,c3a17ae49362d3af3c889169dd61b790e7c0ea833118c8eb2e1b2cc8668b3073,2a3b5ef51c4bab7470c8cc71da0c4548f6ad7e05aedbda9fa10f5416bc8a0ed6,138,-0.29335622184834864,0.01
0,2,all_strict,side_informed,laplace,beta_half_half,20.0,HU_plus_surface,0.1,c3a17ae49362d3af3c889169dd61b790e7c0ea833118c8eb2e1b2cc8668b3073,8ee8bf9f7d2cdf17148fe47a7c8a9ce73570fd3570105459d66c9830f291c476,138,-0.35775507460485645,0.01
0,0,all_strict,side_informed,laplace,beta_half_half,20.0,retention_bounded_plus_HU,0.0,ff71152f04ff3c17c4f535bdcd272443a47086eca1b6c90e413744cda8c3d050,4b860f1cffa887f5a660f341ff650506c4cef8f011fd7e61ff470398b7ddf8e6,139,-0.3183028564350402,0.01
0,0,all_strict,side_informed,laplace,beta_half_half,20.0,retention_bounded_plus_HU,0.0001,ff71152f04ff3c17c4f535bdcd272443a47086eca1b6c90e413744cda8c3d050,4afd2d1703686d15148ec165bf8576af21a1dcfcb63eb2a098f74487a57effed,139,-0.31751416746058314,0.01
0,0,all_strict,side_informed,laplace,beta_half_half,20.0,retention_bounded_plus_HU,0.001,ff71152f04ff3c17c4f535bdcd272443a47086eca1b6c90e413744cda8c3d050,1370967a3dadb32484dd42c32065df31f42011c3f63f07431a02730a3d1d4d61,139,-0.31394658318848456,0.01
0,0,all_strict,side_informed,laplace,beta_half_half,20.0,retention_bounded_plus_HU,0.01,ff71152f04ff3c17c4f535bdcd272443a47086eca1b6c90e413744cda8c3d050,a56e31a5396324dbaa189594bbe346221320771453e301748a1a0aa6cf92efee,139,-0.299290580063149,0.01
0,0,all_strict,side_informed,laplace,beta_half_half,20.0,retention_bounded_plus_HU,0.1,ff71152f04ff3c17c4f535bdcd272443a47086eca1b6c90e413744cda8c3d050,5f3408a6015f1916f9b068b1b796c33cc7b8e648995c1b9a46d0c4e212aea25f,139,-0.319502631473175,0.01
0,1,all_strict,side_informed,laplace,beta_half_half,20.0,retention_bounded_plus_HU,0.0,27a3bb4a6140f901a59aa471a99c58258a97e252dc1e140d0e5312309b75b41b,a1a5db4123d712c4ee328c63fa3a966178c25562ffe2bda395daa8ed2a47c077,136,-0.3183028564350402,0.01
0,1,all_strict,side_informed,laplace,beta_half_half,20.0,retention_bounded_plus_HU,0.0001,27a3bb4a6140f901a59aa471a99c58258a97e252dc1e140d0e5312309b75b41b,9965625ced9a695d57003a779d2e2a03fef12aec6f56f9c78fec5c5e279643f7,136,-0.31751416746058314,0.01
0,1,all_strict,side_informed,laplace,beta_half_half,20.0,retention_bounded_plus_HU,0.001,27a3bb4a6140f901a59aa471a99c58258a97e252dc1e140d0e5312309b75b41b,7de27c3003dc370b115b22a3859fca2c89ac6922e0bb53024d5e22129036201f,136,-0.31394658318848456,0.01
0,1,all_strict,side_informed,laplace,beta_half_half,20.0,retention_bounded_plus_HU,0.01,27a3bb4a6140f901a59aa471a99c58258a97e252dc1e140d0e5312309b75b41b,ed572ab172c712cf6b720dc1955827c67127be731aac06257c6db6d4c93799a0,136,-0.299290580063149,0.01
0,1,all_strict,side_informed,laplace,beta_half_half,20.0,retention_bounded_plus_HU,0.1,27a3bb4a6140f901a59aa471a99c58258a97e252dc1e140d0e5312309b75b41b,e8789e122ae3c16ac177328da0b583c8f8e3f9ffd956aeb4aeca6f867f7e2e18,136,-0.319502631473175,0.01
0,2,all_strict,side_informed,laplace,beta_half_half,20.0,retention_bounded_plus_HU,0.0,c3a17ae49362d3af3c889169dd61b790e7c0ea833118c8eb2e1b2cc8668b3073,4e709c99e535d253868c2571f989d08b12655b09e7a59e9fb36b106f402e1674,138,-0.3183028564350402,0.01
0,2,all_strict,side_informed,laplace,beta_half_half,20.0,retention_bounded_plus_HU,0.0001,c3a17ae49362d3af3c889169dd61b790e7c0ea833118c8eb2e1b2cc8668b3073,05a7d1547aae80e76dd23ccff5c93fcbc8cde21209d8259ef4e6125a29e2bf1a,138,-0.31751416746058314,0.01
0,2,all_strict,side_informed,laplace,beta_half_half,20.0,retention_bounded_plus_HU,0.001,c3a17ae49362d3af3c889169dd61b790e7c0ea833118c8eb2e1b2cc8668b3073,4f98c51ae7ca85c4725e19eb4ffa5495ca3d1797f082537262a630d50006cba6,138,-0.31394658318848456,0.01
0,2,all_strict,side_informed,laplace,beta_half_half,20.0,retention_bounded_plus_HU,0.01,c3a17ae49362d3af3c889169dd61b790e7c0ea833118c8eb2e1b2cc8668b3073,ff2c200172fd8894e54a4c8a421a40ad34eb40be533570c2af95b2e44a16cab9,138,-0.299290580063149,0.01
0,2,all_strict,side_informed,laplace,beta_half_half,20.0,retention_bounded_plus_HU,0.1,c3a17ae49362d3af3c889169dd61b790e7c0ea833118c8eb2e1b2cc8668b3073,e41b8759ac801142a4d9344049d7907d6a1144025238902bd37aee5a6518d071,138,-0.319502631473175,0.01
0,0,all_strict,side_informed,gh80,beta_half_half,20.0,HU_plus_surface,0.0,ff71152f04ff3c17c4f535bdcd272443a47086eca1b6c90e413744cda8c3d050,457e3a76a86b51c2056b97dc827a42d2cdc203c277c03857e7d593f6f0a9b705,139,-0.3078223421656243,0.01
0,0,all_strict,side_informed,gh80,beta_half_half,20.0,HU_plus_surface,0.0001,ff71152f04ff3c17c4f535bdcd272443a47086eca1b6c90e413744cda8c3d050,b7ebadf79e1bfaf32689a47028c9e1a4a4bc63732575affa230e7cee19d6d668,139,-0.3065874505511665,0.01
0,0,all_strict,side_informed,gh80,beta_half_half,20.0,HU_plus_surface,0.001,ff71152f04ff3c17c4f535bdcd272443a47086eca1b6c90e413744cda8c3d050,c42ec9b0b560f9d2e420557498c67330debade6e7bf353e465502abf0ff77023,139,-0.29868546704281446,0.01
0,0,all_strict,side_informed,gh80,beta_half_half,20.0,HU_plus_surface,0.01,ff71152f04ff3c17c4f535bdcd272443a47086eca1b6c90e413744cda8c3d050,cf341c1a2f581b26ee8852a5966bfe3e0bad0c411b7220d851c96f90b629466a,139,-0.2851568694256468,0.01
0,0,all_strict,side_informed,gh80,beta_half_half,20.0,HU_plus_surface,0.1,ff71152f04ff3c17c4f535bdcd272443a47086eca1b6c90e413744cda8c3d050,1dc993ab26c8b318837fa93d7c2417e896c07c783608cab4af1f5a0208ba0b88,139,-0.35479789023289815,0.01
0,1,all_strict,side_informed,gh80,beta_half_half,20.0,HU_plus_surface,0.0,27a3bb4a6140f901a59aa471a99c58258a97e252dc1e140d0e5312309b75b41b,6f77d4d8c988fbcc1c95fa1a34fa79f3c002099a7a1b087c4f693688e3ff35ae,136,-0.3078223421656243,0.01
0,1,all_strict,side_informed,gh80,beta_half_half,20.0,HU_plus_surface,0.0001,27a3bb4a6140f901a59aa471a99c58258a97e252dc1e140d0e5312309b75b41b,1d896ff3eceda4096ec35d525630a20371567e35e981919527867638cb271bb8,136,-0.3065874505511665,0.01
0,1,all_strict,side_informed,gh80,beta_half_half,20.0,HU_plus_surface,0.001,27a3bb4a6140f901a59aa471a99c58258a97e252dc1e140d0e5312309b75b41b,49adb5217c8971122f8ba98352c77593b9689a9b1d6346ba3c749ad51a1bfd58,136,-0.29868546704281446,0.01
0,1,all_strict,side_informed,gh80,beta_half_half,20.0,HU_plus_surface,0.01,27a3bb4a6140f901a59aa471a99c58258a97e252dc1e140d0e5312309b75b41b,7b10abc6b765d5227354a00f779ddd8bf9f520e9bd2656e38fe61467d25b4e57,136,-0.2851568694256468,0.01
0,1,all_strict,side_informed,gh80,beta_half_half,20.0,HU_plus_surface,0.1,27a3bb4a6140f901a59aa471a99c58258a97e252dc1e140d0e5312309b75b41b,efb01ee73413831ed635dfc405b103437f523b720b6be84e3580de6e6a2ffce0,136,-0.35479789023289815,0.01
0,2,all_strict,side_informed,gh80,beta_half_half,20.0,HU_plus_surface,0.0,c3a17ae49362d3af3c889169dd61b790e7c0ea833118c8eb2e1b2cc8668b3073,13eb117a7e2b4547802b3c30d2fe4e865b61bac865ae47e3e0bb2feb6a9c79a8,138,-0.3078223421656243,0.01
0,2,all_strict,side_informed,gh80,beta_half_half,20.0,HU_plus_surface,0.0001,c3a17ae49362d3af3c889169dd61b790e7c0ea833118c8eb2e1b2cc8668b3073,816d29fb996d22e0becdc05909bc8a5822cf446d1da4940a36a83f30725d7fdc,138,-0.3065874505511665,0.01
0,2,all_strict,side_informed,gh80,beta_half_half,20.0,HU_plus_surface,0.001,c3a17ae49362d3af3c889169dd61b790e7c0ea833118c8eb2e1b2cc8668b3073,d43fd55051616dfe57da7014d5536a1ce19eb801bbf3bb59880bbbe7b88b2fa2,138,-0.29868546704281446,0.01
0,2,all_strict,side_informed,gh80,beta_half_half,20.0,HU_plus_surface,0.01,c3a17ae49362d3af3c889169dd61b790e7c0ea833118c8eb2e1b2cc8668b3073,c75fb8b66f949bb5e009634025ad5f493bbe60ddae4fbfc2ab73ffb5d92b2d30,138,-0.2851568694256468,0.01
0,2,all_strict,side_informed,gh80,beta_half_half,20.0,HU_plus_surface,0.1,c3a17ae49362d3af3c889169dd61b790e7c0ea833118c8eb2e1b2cc8668b3073,7deb88d48e120d06eed9e33f65ab92e616c5e4bc499adea65d3a5635cd876cfa,138,-0.35479789023289815,0.01
0,0,all_strict,side_informed,gh80,beta_half_half,20.0,retention_bounded_plus_HU,0.0,ff71152f04ff3c17c4f535bdcd272443a47086eca1b6c90e413744cda8c3d050,30f7164ac5617d2aa8aac3a2455eca9b1b5000b94bfaa44ca889b9c6b210048b,139,-0.31867760270480056,0.01
0,0,all_strict,side_informed,gh80,beta_half_half,20.0,retention_bounded_plus_HU,0.0001,ff71152f04ff3c17c4f535bdcd272443a47086eca1b6c90e413744cda8c3d050,f2153daa0f13112eb1e134dc283e96d41555495b2a2c6414c1fbf8e4be46f1b7,139,-0.31760148081094963,0.01
0,0,all_strict,side_informed,gh80,beta_half_half,20.0,retention_bounded_plus_HU,0.001,ff71152f04ff3c17c4f535bdcd272443a47086eca1b6c90e413744cda8c3d050,d8b19ea14497d65b383184b79885bbc398368916281babc385c6e1b7a23fc262,139,-0.3145062883808548,0.01
0,0,all_strict,side_informed,gh80,beta_half_half,20.0,retention_bounded_plus_HU,0.01,ff71152f04ff3c17c4f535bdcd272443a47086eca1b6c90e413744cda8c3d050,2c80755253c0185cc85339c640ce5a54245d2101c9763c245ba78c28efb29ee3,139,-0.29990260899168614,0.01
0,0,all_strict,side_informed,gh80,beta_half_half,20.0,retention_bounded_plus_HU,0.1,ff71152f04ff3c17c4f535bdcd272443a47086eca1b6c90e413744cda8c3d050,57f7976dc8175f7cb16e3be0aa5e48e948a0e4608d3409c0fac9b532fbb5c2bb,139,-0.3194880020771326,0.01
0,1,all_strict,side_informed,gh80,beta_half_half,20.0,retention_bounded_plus_HU,0.0,27a3bb4a6140f901a59aa471a99c58258a97e252dc1e140d0e5312309b75b41b,cfa6ffa16498f12b25a2747e2032e0f37df03fba80be8599fa1e2666bed776f4,136,-0.31867760270480056,0.01
0,1,all_strict,side_informed,gh80,beta_half_half,20.0,retention_bounded_plus_HU,0.0001,27a3bb4a6140f901a59aa471a99c58258a97e252dc1e140d0e5312309b75b41b,bc26392c635a7e3328987d1c0400ff324df65d146bf8c2156d7ee65472e13b08,136,-0.31760148081094963,0.01
0,1,all_strict,side_informed,gh80,beta_half_half,20.0,retention_bounded_plus_HU,0.001,27a3bb4a6140f901a59aa471a99c58258a97e252dc1e140d0e5312309b75b41b,3c208c1ff8b8c0a29c7ea7db5db78f0f8ad8a60ae79bed6230dc417804a81b4b,136,-0.3145062883808548,0.01
0,1,all_strict,side_informed,gh80,beta_half_half,20.0,retention_bounded_plus_HU,0.01,27a3bb4a6140f901a59aa471a99c58258a97e252dc1e140d0e5312309b75b41b,f35c2ab91721dfad9a695ff4f492bc40bf8602666aafdaaa7a4385c826aaafff,136,-0.29990260899168614,0.01
0,1,all_strict,side_informed,gh80,beta_half_half,20.0,retention_bounded_plus_HU,0.1,27a3bb4a6140f901a59aa471a99c58258a97e252dc1e140d0e5312309b75b41b,42caaa57ea9e6c4fb17429777ac56a17938ebceb32a3e8c70548f24115e18e66,136,-0.3194880020771326,0.01
0,2,all_strict,side_informed,gh80,beta_half_half,20.0,retention_bounded_plus_HU,0.0,c3a17ae49362d3af3c889169dd61b790e7c0ea833118c8eb2e1b2cc8668b3073,ee554894b53cebb5f8ee262a438fc6caa3ae4e5623b252f9ff375f95296f8252,138,-0.31867760270480056,0.01
0,2,all_strict,side_informed,gh80,beta_half_half,20.0,retention_bounded_plus_HU,0.0001,c3a17ae49362d3af3c889169dd61b790e7c0ea833118c8eb2e1b2cc8668b3073,3d0bf8b87f75618718c112a045d2afb73e3e57c6c7bc55a0aefe5b0e4e8f3cd9,138,-0.31760148081094963,0.01
0,2,all_strict,side_informed,gh80,beta_half_half,20.0,retention_bounded_plus_HU,0.001,c3a17ae49362d3af3c889169dd61b790e7c0ea833118c8eb2e1b2cc8668b3073,af79ec2a2055e83ce18ac8285521127224ec8a8250c6945bd5095d82f9be3ba4,138,-0.3145062883808548,0.01
0,2,all_strict,side_informed,gh80,beta_half_half,20.0,retention_bounded_plus_HU,0.01,c3a17ae49362d3af3c889169dd61b790e7c0ea833118c8eb2e1b2cc8668b3073,000ed4a7a3c49872687b2e8d777d344ec57600cf1552c041c564d61b0e69b0b1,138,-0.29990260899168614,0.01
0,2,all_strict,side_informed,gh80,beta_half_half,20.0,retention_bounded_plus_HU,0.1,c3a17ae49362d3af3c889169dd61b790e7c0ea833118c8eb2e1b2cc8668b3073,2f003dcc4d4286a7e1f569f9ed42c544ea213c439026c92abad129d1af2bfe2e,138,-0.3194880020771326,0.01
0,0,all_strict,wholly_unseen,laplace,beta_half_half,20.0,retention_bounded,0.0,ff71152f04ff3c17c4f535bdcd272443a47086eca1b6c90e413744cda8c3d050,780f208c209440623de0add20390249a8ab2e8d4a6b3dbb789ad4d3e61146a05,139,-0.6161852652180919,0.01
0,0,all_strict,wholly_unseen,laplace,beta_half_half,20.0,retention_bounded,0.0001,ff71152f04ff3c17c4f535bdcd272443a47086eca1b6c90e413744cda8c3d050,44c72cfc302efd443ddbf2dba895bd0e0f4039c0929f53ddf0875e895b628c6e,139,-0.6154496056882253,0.01
0,0,all_strict,wholly_unseen,laplace,beta_half_half,20.0,retention_bounded,0.001,ff71152f04ff3c17c4f535bdcd272443a47086eca1b6c90e413744cda8c3d050,0cff344fd1066ae239bcca22afa9c2654523b5d36b444aac6b66f3b8bb5ec4d9,139,-0.6098463975967823,0.01
0,0,all_strict,wholly_unseen,laplace,beta_half_half,20.0,retention_bounded,0.01,ff71152f04ff3c17c4f535bdcd272443a47086eca1b6c90e413744cda8c3d050,c9048083df378c9eef7195d95e2910aaa99fa329b823f975d01b3fabf2cd8ab5,139,-0.5854113312657643,0.01
0,0,all_strict,wholly_unseen,laplace,beta_half_half,20.0,retention_bounded,0.1,ff71152f04ff3c17c4f535bdcd272443a47086eca1b6c90e413744cda8c3d050,54f459ba83dfb33dd249f9152dd9e65712b4d00310f982769f73ef3ec1c2bac3,139,-0.6156799626401799,0.01
0,1,all_strict,wholly_unseen,laplace,beta_half_half,20.0,retention_bounded,0.0,27a3bb4a6140f901a59aa471a99c58258a97e252dc1e140d0e5312309b75b41b,67e33906e1bf7c7dcc472d700108fb23b5fe8749a81d27dd87eab39c07fe340d,136,-0.6161852652180919,0.01
0,1,all_strict,wholly_unseen,laplace,beta_half_half,20.0,retention_bounded,0.0001,27a3bb4a6140f901a59aa471a99c58258a97e252dc1e140d0e5312309b75b41b,7869290de186312d5312621882a6bb8b61c52126d8673106812edaf86a985cbc,136,-0.6154496056882253,0.01
0,1,all_strict,wholly_unseen,laplace,beta_half_half,20.0,retention_bounded,0.001,27a3bb4a6140f901a59aa471a99c58258a97e252dc1e140d0e5312309b75b41b,f39fd84eebba9add737f53e32fc50e471f0dbb7d88ec7f1c364fa180bdcb7b95,136,-0.6098463975967823,0.01
0,1,all_strict,wholly_unseen,laplace,beta_half_half,20.0,retention_bounded,0.01,27a3bb4a6140f901a59aa471a99c58258a97e252dc1e140d0e5312309b75b41b,22976107a461612b67a4dc1daac4bf933ae7c37fdbfe87a9bf143860aea96fe4,136,-0.5854113312657643,0.01
0,1,all_strict,wholly_unseen,laplace,beta_half_half,20.0,retention_bounded,0.1,27a3bb4a6140f901a59aa471a99c58258a97e252dc1e140d0e5312309b75b41b,88991a93c1aa7af77bb5db1107a08bbacf56c987425be07ef62a8b122bdda485,136,-0.6156799626401799,0.01
0,2,all_strict,wholly_unseen,laplace,beta_half_half,20.0,retention_bounded,0.0,c3a17ae49362d3af3c889169dd61b790e7c0ea833118c8eb2e1b2cc8668b3073,d9d53401eebb466257625c8060c321832eeac6771d8b138d69eec6684a806c07,138,-0.6161852652180919,0.01
0,2,all_strict,wholly_unseen,laplace,beta_half_half,20.0,retention_bounded,0.0001,c3a17ae49362d3af3c889169dd61b790e7c0ea833118c8eb2e1b2cc8668b3073,6a1d12b69be55980d5cd7a28670e918aba096e1b0619690782178bfd727a0401,138,-0.6154496056882253,0.01
0,2,all_strict,wholly_unseen,laplace,beta_half_half,20.0,retention_bounded,0.001,c3a17ae49362d3af3c889169dd61b790e7c0ea833118c8eb2e1b2cc8668b3073,140e5df6af1b855bd91be035f500474ba95da67c75c164b6ce9c14a39bc800eb,138,-0.6098463975967823,0.01
0,2,all_strict,wholly_unseen,laplace,beta_half_half,20.0,retention_bounded,0.01,c3a17ae49362d3af3c889169dd61b790e7c0ea833118c8eb2e1b2cc8668b3073,122f9f552fb0488b2662456b03e1f07ba26a923b5915541d7a74c3c315b4f583,138,-0.5854113312657643,0.01
0,2,all_strict,wholly_unseen,laplace,beta_half_half,20.0,retention_bounded,0.1,c3a17ae49362d3af3c889169dd61b790e7c0ea833118c8eb2e1b2cc8668b3073,0ea18ac87a13e2260278e0847da03fd787a3f379441cd3defec2c8fec1ab71bc,138,-0.6156799626401799,0.01
0,0,all_strict,wholly_unseen,laplace,beta_half_half,20.0,retention_nonnegative,0.0,ff71152f04ff3c17c4f535bdcd272443a47086eca1b6c90e413744cda8c3d050,7ffe262298c4e849b62e8dfbe8bf75dc01ba01b5e403cf9c9c80442b70497a73,139,-0.6161852707925453,0.01
0,0,all_strict,wholly_unseen,laplace,beta_half_half,20.0,retention_nonnegative,0.0001,ff71152f04ff3c17c4f535bdcd272443a47086eca1b6c90e413744cda8c3d050,8e35cd6be76f9419f6e06406c37b3cae374c37d3708719e3cefc4280d5aae7fd,139,-0.613520439791196,0.01
0,0,all_strict,wholly_unseen,laplace,beta_half_half,20.0,retention_nonnegative,0.001,ff71152f04ff3c17c4f535bdcd272443a47086eca1b6c90e413744cda8c3d050,c7f2b04ef2855f6e37f5da47f3a42d60ab3dea76ceca9aa637497e535247aee1,139,-0.5983027499552305,0.01
0,0,all_strict,wholly_unseen,laplace,beta_half_half,20.0,retention_nonnegative,0.01,ff71152f04ff3c17c4f535bdcd272443a47086eca1b6c90e413744cda8c3d050,fa2e2596dcfea877a62deec2a0ed8bca1677784ebfa59b04700c3022a316a7b1,139,-0.5904200217680956,0.01
0,0,all_strict,wholly_unseen,laplace,beta_half_half,20.0,retention_nonnegative,0.1,ff71152f04ff3c17c4f535bdcd272443a47086eca1b6c90e413744cda8c3d050,62102411b20c8198f64879f426c160864700daaff5744365b543e31f144ca065,139,-0.6832785601283682,0.01
0,1,all_strict,wholly_unseen,laplace,beta_half_half,20.0,retention_nonnegative,0.0,27a3bb4a6140f901a59aa471a99c58258a97e252dc1e140d0e5312309b75b41b,02d5601bcf21b1cdf2240ef9cd45648bba841b5856984c6ea640d44cd16c0895,136,-0.6161852707925453,0.01
0,1,all_strict,wholly_unseen,laplace,beta_half_half,20.0,retention_nonnegative,0.0001,27a3bb4a6140f901a59aa471a99c58258a97e252dc1e140d0e5312309b75b41b,96874650e57c0f3aaa67c602ac253fb78f294a6b6a0dcacfc26f0181e7680e12,136,-0.613520439791196,0.01
0,1,all_strict,wholly_unseen,laplace,beta_half_half,20.0,retention_nonnegative,0.001,27a3bb4a6140f901a59aa471a99c58258a97e252dc1e140d0e5312309b75b41b,cab991336877bd819898b4a6ed64d5321cb69ec99d176298b2c102d8ad253894,136,-0.5983027499552305,0.01
0,1,all_strict,wholly_unseen,laplace,beta_half_half,20.0,retention_nonnegative,0.01,27a3bb4a6140f901a59aa471a99c58258a97e252dc1e140d0e5312309b75b41b,04a109544615566c98c80b434643aaf0cdd0868cf6f8540f2f1987b1b3287594,136,-0.5904200217680956,0.01
0,1,all_strict,wholly_unseen,laplace,beta_half_half,20.0,retention_nonnegative,0.1,27a3bb4a6140f901a59aa471a99c58258a97e252dc1e140d0e5312309b75b41b,d61eb13bf1b7b8b255a94949bc0422e56007f07666c937127ec2afaaad30bc21,136,-0.6832785601283682,0.01
0,2,all_strict,wholly_unseen,laplace,beta_half_half,20.0,retention_nonnegative,0.0,c3a17ae49362d3af3c889169dd61b790e7c0ea833118c8eb2e1b2cc8668b3073,b30083af18531cdaa1d9b60818849831e3085d6f5323ca15fa9e0a598b1981dc,138,-0.6161852707925453,0.01
0,2,all_strict,wholly_unseen,laplace,beta_half_half,20.0,retention_nonnegative,0.0001,c3a17ae49362d3af3c889169dd61b790e7c0ea833118c8eb2e1b2cc8668b3073,b3e52fbb37de1a7c44cab9c59d51024009d7c299b1c767665a93ed39386203fa,138,-0.613520439791196,0.01
0,2,all_strict,wholly_unseen,laplace,beta_half_half,20.0,retention_nonnegative,0.001,c3a17ae49362d3af3c889169dd61b790e7c0ea833118c8eb2e1b2cc8668b3073,a34a5edc586a24b0b5749ca6c0be14f9ad6f2a4077c7a744e2f4f7e8cad2e9f5,138,-0.5983027499552305,0.01
0,2,all_strict,wholly_unseen,laplace,beta_half_half,20.0,retention_nonnegative,0.01,c3a17ae49362d3af3c889169dd61b790e7c0ea833118c8eb2e1b2cc8668b3073,700599dac38806cca64a2854df7f877534069d7123684a32ef7c7a589a3f6f95,138,-0.5904200217680956,0.01
0,2,all_strict,wholly_unseen,laplace,beta_half_half,20.0,retention_nonnegative,0.1,c3a17ae49362d3af3c889169dd61b790e7c0ea833118c8eb2e1b2cc8668b3073,dd96ee39152fa42b54942f276ef44f0b0615aeb251b2088025f82d0e39af843c,138,-0.6832785601283682,0.01
0,0,all_strict,wholly_unseen,laplace,beta_half_half,20.0,current_only,0.0,ff71152f04ff3c17c4f535bdcd272443a47086eca1b6c90e413744cda8c3d050,83dfe825465a310a309d1faa844d7ef4c455c1bbd5ab6a3a8941b14ca2ae9d65,139,-0.8609514560940413,0.01
0,0,all_strict,wholly_unseen,laplace,beta_half_half,20.0,current_only,0.0001,ff71152f04ff3c17c4f535bdcd272443a47086eca1b6c90e413744cda8c3d050,68c006c1d7f71802c62431c93190a7b7801e2682348d1e9ee0e07f2ae711efe0,139,-0.8607101276894299,0.01
0,0,all_strict,wholly_unseen,laplace,beta_half_half,20.0,current_only,0.001,ff71152f04ff3c17c4f535bdcd272443a47086eca1b6c90e413744cda8c3d050,c67b70afa0a63e4f219cbd65ba9ebfe42a2902b9077f670345dc47d28d0bceb3,139,-0.8586349678782268,0.01
0,0,all_strict,wholly_unseen,laplace,beta_half_half,20.0,current_only,0.01,ff71152f04ff3c17c4f535bdcd272443a47086eca1b6c90e413744cda8c3d050,6d85fb9461c2a3fc4a760f243ec9e4472236ab2921719cc7f98cf9bed69bc556,139,-0.8446591359420741,0.01
0,0,all_strict,wholly_unseen,laplace,beta_half_half,20.0,current_only,0.1,ff71152f04ff3c17c4f535bdcd272443a47086eca1b6c90e413744cda8c3d050,81dd341b8d53ad36b903343e1c7497a19b0ee5e0167d526830e26bb3ad5d39a3,139,-0.8456519302468147,0.01
0,1,all_strict,wholly_unseen,laplace,beta_half_half,20.0,current_only,0.0,27a3bb4a6140f901a59aa471a99c58258a97e252dc1e140d0e5312309b75b41b,b08a8768a2e72dec474a1e8f7f90c95567449a126720c81b503a62c81aafefc3,136,-0.8609514560940413,0.01
0,1,all_strict,wholly_unseen,laplace,beta_half_half,20.0,current_only,0.0001,27a3bb4a6140f901a59aa471a99c58258a97e252dc1e140d0e5312309b75b41b,95ef64d7a03f456509b22821add933a92202a961ada78625112c2526da9e5575,136,-0.8607101276894299,0.01
0,1,all_strict,wholly_unseen,laplace,beta_half_half,20.0,current_only,0.001,27a3bb4a6140f901a59aa471a99c58258a97e252dc1e140d0e5312309b75b41b,251bd11727afda19c9c073590054e396a7387dde51d3f1142503b688a22e9941,136,-0.8586349678782268,0.01
0,1,all_strict,wholly_unseen,laplace,beta_half_half,20.0,current_only,0.01,27a3bb4a6140f901a59aa471a99c58258a97e252dc1e140d0e5312309b75b41b,441ea046640411fbc34b4905b5d84dfb3a454c25e60ff4597cd36ee2fd7585ea,136,-0.8446591359420741,0.01
0,1,all_strict,wholly_unseen,laplace,beta_half_half,20.0,current_only,0.1,27a3bb4a6140f901a59aa471a99c58258a97e252dc1e140d0e5312309b75b41b,a3d4dec150748d5a22d460804a617877c3063c680e0484a18fbc2046633fb848,136,-0.8456519302468147,0.01
0,2,all_strict,wholly_unseen,laplace,beta_half_half,20.0,current_only,0.0,c3a17ae49362d3af3c889169dd61b790e7c0ea833118c8eb2e1b2cc8668b3073,f2c61083adeabd8647a24682328d232be1857caac98083fd9cea80534ce9ee07,138,-0.8609514560940413,0.01
0,2,all_strict,wholly_unseen,laplace,beta_half_half,20.0,current_only,0.0001,c3a17ae49362d3af3c889169dd61b790e7c0ea833118c8eb2e1b2cc8668b3073,cbd0f093a1d98d47d89ed4f42351e92295c1bfe53090e4d7ebbcfa85f7a4ed32,138,-0.8607101276894299,0.01
0,2,all_strict,wholly_unseen,laplace,beta_half_half,20.0,current_only,0.001,c3a17ae49362d3af3c889169dd61b790e7c0ea833118c8eb2e1b2cc8668b3073,2a98f0494af585b0337f843049750de0690bb0938caf4c9b9cc37b758aae2267,138,-0.8586349678782268,0.01
0,2,all_strict,wholly_unseen,laplace,beta_half_half,20.0,current_only,0.01,c3a17ae49362d3af3c889169dd61b790e7c0ea833118c8eb2e1b2cc8668b3073,b868313a6027f9162a6ad82c022c5877448cec5472d7ae48a94c91703d95ad21,138,-0.8446591359420741,0.01
0,2,all_strict,wholly_unseen,laplace,beta_half_half,20.0,current_only,0.1,c3a17ae49362d3af3c889169dd61b790e7c0ea833118c8eb2e1b2cc8668b3073,fee6f6923267963de3489fe63fe1435ef724ec853359a49748dc82752738398d,138,-0.8456519302468147,0.01
0,0,all_strict,wholly_unseen,laplace,beta_half_half,20.0,input_plus_surface,0.0,ff71152f04ff3c17c4f535bdcd272443a47086eca1b6c90e413744cda8c3d050,6c9ae72e1aac67b461964bcaa347504d914f25f7235f87cb65b25c7ed39c79d8,139,-0.5917627076325406,0.01
0,0,all_strict,wholly_unseen,laplace,beta_half_half,20.0,input_plus_surface,0.0001,ff71152f04ff3c17c4f535bdcd272443a47086eca1b6c90e413744cda8c3d050,1e327b75da21ca1607e055c6fb658e0fe48aa07b7f256b2844a2fe3125881910,139,-0.5903502326030613,0.01
0,0,all_strict,wholly_unseen,laplace,beta_half_half,20.0,input_plus_surface,0.001,ff71152f04ff3c17c4f535bdcd272443a47086eca1b6c90e413744cda8c3d050,b504c12b547d42157e96535ffff16b25ef6895ae2e37cd8d136ffd8c546f047d,139,-0.5810931851521807,0.01
0,0,all_strict,wholly_unseen,laplace,beta_half_half,20.0,input_plus_surface,0.01,ff71152f04ff3c17c4f535bdcd272443a47086eca1b6c90e413744cda8c3d050,943b70c0b1d37fd0ad54c6ab4078545687e1eaff661c3a9349cff628bbae2e4b,139,-0.5632249902957616,0.01
0,0,all_strict,wholly_unseen,laplace,beta_half_half,20.0,input_plus_surface,0.1,ff71152f04ff3c17c4f535bdcd272443a47086eca1b6c90e413744cda8c3d050,de180b33b0f12e684e574654103714ffff1a81722e5cb4ae961493179dbeaf74,139,-0.6324034898960235,0.01
0,1,all_strict,wholly_unseen,laplace,beta_half_half,20.0,input_plus_surface,0.0,27a3bb4a6140f901a59aa471a99c58258a97e252dc1e140d0e5312309b75b41b,f63e8fa0a729e81f5fc7c53d9a40056d869a40c78b0f915890d7d3ff0e82495a,136,-0.5917627076325406,0.01
0,1,all_strict,wholly_unseen,laplace,beta_half_half,20.0,input_plus_surface,0.0001,27a3bb4a6140f901a59aa471a99c58258a97e252dc1e140d0e5312309b75b41b,e25aff4cdf2886a55274978bba51671fc981182121b27d4dafc03a60faef0397,136,-0.5903502326030613,0.01
0,1,all_strict,wholly_unseen,laplace,beta_half_half,20.0,input_plus_surface,0.001,27a3bb4a6140f901a59aa471a99c58258a97e252dc1e140d0e5312309b75b41b,a85a239bb1ba7e9e08e48b8be4c1c2d33be9dd8889d1f35ecc255a8dd226ec8d,136,-0.5810931851521807,0.01
0,1,all_strict,wholly_unseen,laplace,beta_half_half,20.0,input_plus_surface,0.01,27a3bb4a6140f901a59aa471a99c58258a97e252dc1e140d0e5312309b75b41b,99d7987ea30550536c168e21a432f378487188c6165ce33d129e2cb08d894043,136,-0.5632249902957616,0.01
0,1,all_strict,wholly_unseen,laplace,beta_half_half,20.0,input_plus_surface,0.1,27a3bb4a6140f901a59aa471a99c58258a97e252dc1e140d0e5312309b75b41b,868e9d69c4f973c6705f52be2d380241cb55315b1ade217edb96bea2045ae088,136,-0.6324034898960235,0.01
0,2,all_strict,wholly_unseen,laplace,beta_half_half,20.0,input_plus_surface,0.0,c3a17ae49362d3af3c889169dd61b790e7c0ea833118c8eb2e1b2cc8668b3073,2ce61b585cde435ca8fcd9d6c4b8c70ffe55b55b45769ef689b3673b99886fe4,138,-0.5917627076325406,0.01
0,2,all_strict,wholly_unseen,laplace,beta_half_half,20.0,input_plus_surface,0.0001,c3a17ae49362d3af3c889169dd61b790e7c0ea833118c8eb2e1b2cc8668b3073,27dc46e47596d7d71b767192715301fee02db242425c20c3ac3cc86251e57992,138,-0.5903502326030613,0.01
0,2,all_strict,wholly_unseen,laplace,beta_half_half,20.0,input_plus_surface,0.001,c3a17ae49362d3af3c889169dd61b790e7c0ea833118c8eb2e1b2cc8668b3073,087212fe79b3754146a4b0723f4422e6653e9ce7ac2c4db78571d0db612c12ac,138,-0.5810931851521807,0.01
0,2,all_strict,wholly_unseen,laplace,beta_half_half,20.0,input_plus_surface,0.01,c3a17ae49362d3af3c889169dd61b790e7c0ea833118c8eb2e1b2cc8668b3073,c1d1f22ea4f1807cda9d9a1fc3655d95478d8c0d9e0c81989a144b7069463e40,138,-0.5632249902957616,0.01
0,2,all_strict,wholly_unseen,laplace,beta_half_half,20.0,input_plus_surface,0.1,c3a17ae49362d3af3c889169dd61b790e7c0ea833118c8eb2e1b2cc8668b3073,4ab321c6a28a308c8baf552bedd8a8f067622aaccc13cda3d78c2cb1543fc5ee,138,-0.6324034898960235,0.01
0,0,all_strict,wholly_unseen,laplace,beta_half_half,20.0,HU_plus_surface,0.0,ff71152f04ff3c17c4f535bdcd272443a47086eca1b6c90e413744cda8c3d050,e866698ffc65c25150978973bf8713e7ed05a2533a3bb9e52d46ab3e9bb0ebbe,139,-0.6020806270567058,0.01
0,0,all_strict,wholly_unseen,laplace,beta_half_half,20.0,HU_plus_surface,0.0001,ff71152f04ff3c17c4f535bdcd272443a47086eca1b6c90e413744cda8c3d050,c0f78b17efb82fd3ec4e66fbdbabf3c5aee4c7137536a3ef86b253ba78d9be2e,139,-0.6005722784922654,0.01
0,0,all_strict,wholly_unseen,laplace,beta_half_half,20.0,HU_plus_surface,0.001,ff71152f04ff3c17c4f535bdcd272443a47086eca1b6c90e413744cda8c3d050,34b02f5e6787c4cbd1c8f4fe5dec4abbed22c73c7d3232ff209303221615fc6a,139,-0.5906818045727555,0.01
0,0,all_strict,wholly_unseen,laplace,beta_half_half,20.0,HU_plus_surface,0.01,ff71152f04ff3c17c4f535bdcd272443a47086eca1b6c90e413744cda8c3d050,89b1274478abc557ee7e376c5abdcd5ca327376eca22b90ae94888c25ee7545a,139,-0.5706281434538337,0.01
0,0,all_strict,wholly_unseen,laplace,beta_half_half,20.0,HU_plus_surface,0.1,ff71152f04ff3c17c4f535bdcd272443a47086eca1b6c90e413744cda8c3d050,73289bf9ef57afad259be0e7fa8d932dcfc66b531103f9add196f4777a17b172,139,-0.6366657022685083,0.01
0,1,all_strict,wholly_unseen,laplace,beta_half_half,20.0,HU_plus_surface,0.0,27a3bb4a6140f901a59aa471a99c58258a97e252dc1e140d0e5312309b75b41b,1466b54d5b4ce2ed1803147cb3a1553362ac36a4fe273f5a317c426abc580e89,136,-0.6020806270567058,0.01
0,1,all_strict,wholly_unseen,laplace,beta_half_half,20.0,HU_plus_surface,0.0001,27a3bb4a6140f901a59aa471a99c58258a97e252dc1e140d0e5312309b75b41b,e7578ad5a5e23c68394739cfed3b557f6a262c95d076b357da8e85c5a6041273,136,-0.6005722784922654,0.01
0,1,all_strict,wholly_unseen,laplace,beta_half_half,20.0,HU_plus_surface,0.001,27a3bb4a6140f901a59aa471a99c58258a97e252dc1e140d0e5312309b75b41b,20d8bbfb821ae7dfef8c09d3cc17535dbf14d04a6f2161fb66f405cfd2973a43,136,-0.5906818045727555,0.01
0,1,all_strict,wholly_unseen,laplace,beta_half_half,20.0,HU_plus_surface,0.01,27a3bb4a6140f901a59aa471a99c58258a97e252dc1e140d0e5312309b75b41b,527136017fea1a279f1f1bc6ae1080cbb3a37e16ed607958919c13a6ca456f3c,136,-0.5706281434538337,0.01
0,1,all_strict,wholly_unseen,laplace,beta_half_half,20.0,HU_plus_surface,0.1,27a3bb4a6140f901a59aa471a99c58258a97e252dc1e140d0e5312309b75b41b,0adb1a4bf643819888630c4a9199ac34fdd36103401329198ce6c209a8ff76ea,136,-0.6366657022685083,0.01
0,2,all_strict,wholly_unseen,laplace,beta_half_half,20.0,HU_plus_surface,0.0,c3a17ae49362d3af3c889169dd61b790e7c0ea833118c8eb2e1b2cc8668b3073,f892da130ec6fe00a0099c5e2694661ca4904f682e4d13f421ddfac796323bcd,138,-0.6020806270567058,0.01
0,2,all_strict,wholly_unseen,laplace,beta_half_half,20.0,HU_plus_surface,0.0001,c3a17ae49362d3af3c889169dd61b790e7c0ea833118c8eb2e1b2cc8668b3073,1179d60ebbc55d9824705579cc137bb25d2c73452d7ebed280cf30ec160e8138,138,-0.6005722784922654,0.01
0,2,all_strict,wholly_unseen,laplace,beta_half_half,20.0,HU_plus_surface,0.001,c3a17ae49362d3af3c889169dd61b790e7c0ea833118c8eb2e1b2cc8668b3073,0d58dbeffec51d71067c9c7e3d19195bee4d60edf31367e32fa7e9a218d8c8c5,138,-0.5906818045727555,0.01
0,2,all_strict,wholly_unseen,laplace,beta_half_half,20.0,HU_plus_surface,0.01,c3a17ae49362d3af3c889169dd61b790e7c0ea833118c8eb2e1b2cc8668b3073,2a3b5ef51c4bab7470c8cc71da0c4548f6ad7e05aedbda9fa10f5416bc8a0ed6,138,-0.5706281434538337,0.01
0,2,all_strict,wholly_unseen,laplace,beta_half_half,20.0,HU_plus_surface,0.1,c3a17ae49362d3af3c889169dd61b790e7c0ea833118c8eb2e1b2cc8668b3073,8ee8bf9f7d2cdf17148fe47a7c8a9ce73570fd3570105459d66c9830f291c476,138,-0.6366657022685083,0.01
0,0,all_strict,wholly_unseen,laplace,beta_half_half,20.0,retention_bounded_plus_HU,0.0,ff71152f04ff3c17c4f535bdcd272443a47086eca1b6c90e413744cda8c3d050,4b860f1cffa887f5a660f341ff650506c4cef8f011fd7e61ff470398b7ddf8e6,139,-0.607521546260802,0.01
0,0,all_strict,wholly_unseen,laplace,beta_half_half,20.0,retention_bounded_plus_HU,0.0001,ff71152f04ff3c17c4f535bdcd272443a47086eca1b6c90e413744cda8c3d050,4afd2d1703686d15148ec165bf8576af21a1dcfcb63eb2a098f74487a57effed,139,-0.6067078723506636,0.01
0,0,all_strict,wholly_unseen,laplace,beta_half_half,20.0,retention_bounded_plus_HU,0.001,ff71152f04ff3c17c4f535bdcd272443a47086eca1b6c90e413744cda8c3d050,1370967a3dadb32484dd42c32065df31f42011c3f63f07431a02730a3d1d4d61,139,-0.601753016710574,0.01
0,0,all_strict,wholly_unseen,laplace,beta_half_half,20.0,retention_bounded_plus_HU,0.01,ff71152f04ff3c17c4f535bdcd272443a47086eca1b6c90e413744cda8c3d050,a56e31a5396324dbaa189594bbe346221320771453e301748a1a0aa6cf92efee,139,-0.5799149728175734,0.01
0,0,all_strict,wholly_unseen,laplace,beta_half_half,20.0,retention_bounded_plus_HU,0.1,ff71152f04ff3c17c4f535bdcd272443a47086eca1b6c90e413744cda8c3d050,5f3408a6015f1916f9b068b1b796c33cc7b8e648995c1b9a46d0c4e212aea25f,139,-0.5962389675996155,0.01
0,1,all_strict,wholly_unseen,laplace,beta_half_half,20.0,retention_bounded_plus_HU,0.0,27a3bb4a6140f901a59aa471a99c58258a97e252dc1e140d0e5312309b75b41b,a1a5db4123d712c4ee328c63fa3a966178c25562ffe2bda395daa8ed2a47c077,136,-0.607521546260802,0.01
0,1,all_strict,wholly_unseen,laplace,beta_half_half,20.0,retention_bounded_plus_HU,0.0001,27a3bb4a6140f901a59aa471a99c58258a97e252dc1e140d0e5312309b75b41b,9965625ced9a695d57003a779d2e2a03fef12aec6f56f9c78fec5c5e279643f7,136,-0.6067078723506636,0.01
0,1,all_strict,wholly_unseen,laplace,beta_half_half,20.0,retention_bounded_plus_HU,0.001,27a3bb4a6140f901a59aa471a99c58258a97e252dc1e140d0e5312309b75b41b,7de27c3003dc370b115b22a3859fca2c89ac6922e0bb53024d5e22129036201f,136,-0.601753016710574,0.01
0,1,all_strict,wholly_unseen,laplace,beta_half_half,20.0,retention_bounded_plus_HU,0.01,27a3bb4a6140f901a59aa471a99c58258a97e252dc1e140d0e5312309b75b41b,ed572ab172c712cf6b720dc1955827c67127be731aac06257c6db6d4c93799a0,136,-0.5799149728175734,0.01
0,1,all_strict,wholly_unseen,laplace,beta_half_half,20.0,retention_bounded_plus_HU,0.1,27a3bb4a6140f901a59aa471a99c58258a97e252dc1e140d0e5312309b75b41b,e8789e122ae3c16ac177328da0b583c8f8e3f9ffd956aeb4aeca6f867f7e2e18,136,-0.5962389675996155,0.01
0,2,all_strict,wholly_unseen,laplace,beta_half_half,20.0,retention_bounded_plus_HU,0.0,c3a17ae49362d3af3c889169dd61b790e7c0ea833118c8eb2e1b2cc8668b3073,4e709c99e535d253868c2571f989d08b12655b09e7a59e9fb36b106f402e1674,138,-0.607521546260802,0.01
0,2,all_strict,wholly_unseen,laplace,beta_half_half,20.0,retention_bounded_plus_HU,0.0001,c3a17ae49362d3af3c889169dd61b790e7c0ea833118c8eb2e1b2cc8668b3073,05a7d1547aae80e76dd23ccff5c93fcbc8cde21209d8259ef4e6125a29e2bf1a,138,-0.6067078723506636,0.01
0,2,all_strict,wholly_unseen,laplace,beta_half_half,20.0,retention_bounded_plus_HU,0.001,c3a17ae49362d3af3c889169dd61b790e7c0ea833118c8eb2e1b2cc8668b3073,4f98c51ae7ca85c4725e19eb4ffa5495ca3d1797f082537262a630d50006cba6,138,-0.601753016710574,0.01
0,2,all_strict,wholly_unseen,laplace,beta_half_half,20.0,retention_bounded_plus_HU,0.01,c3a17ae49362d3af3c889169dd61b790e7c0ea833118c8eb2e1b2cc8668b3073,ff2c200172fd8894e54a4c8a421a40ad34eb40be533570c2af95b2e44a16cab9,138,-0.5799149728175734,0.01
0,2,all_strict,wholly_unseen,laplace,beta_half_half,20.0,retention_bounded_plus_HU,0.1,c3a17ae49362d3af3c889169dd61b790e7c0ea833118c8eb2e1b2cc8668b3073,e41b8759ac801142a4d9344049d7907d6a1144025238902bd37aee5a6518d071,138,-0.5962389675996155,0.01
0,0,all_strict,wholly_unseen,gh80,beta_half_half,20.0,HU_plus_surface,0.0,ff71152f04ff3c17c4f535bdcd272443a47086eca1b6c90e413744cda8c3d050,457e3a76a86b51c2056b97dc827a42d2cdc203c277c03857e7d593f6f0a9b705,139,-0.591046517083364,0.01
0,0,all_strict,wholly_unseen,gh80,beta_half_half,20.0,HU_plus_surface,0.0001,ff71152f04ff3c17c4f535bdcd272443a47086eca1b6c90e413744cda8c3d050,b7ebadf79e1bfaf32689a47028c9e1a4a4bc63732575affa230e7cee19d6d668,139,-0.5895000079051579,0.01
0,0,all_strict,wholly_unseen,gh80,beta_half_half,20.0,HU_plus_surface,0.001,ff71152f04ff3c17c4f535bdcd272443a47086eca1b6c90e413744cda8c3d050,c42ec9b0b560f9d2e420557498c67330debade6e7bf353e465502abf0ff77023,139,-0.5796056976664629,0.01
0,0,all_strict,wholly_unseen,gh80,beta_half_half,20.0,HU_plus_surface,0.01,ff71152f04ff3c17c4f535bdcd272443a47086eca1b6c90e413744cda8c3d050,cf341c1a2f581b26ee8852a5966bfe3e0bad0c411b7220d851c96f90b629466a,139,-0.5618241567559422,0.01
0,0,all_strict,wholly_unseen,gh80,beta_half_half,20.0,HU_plus_surface,0.1,ff71152f04ff3c17c4f535bdcd272443a47086eca1b6c90e413744cda8c3d050,1dc993ab26c8b318837fa93d7c2417e896c07c783608cab4af1f5a0208ba0b88,139,-0.6333532696047367,0.01
0,1,all_strict,wholly_unseen,gh80,beta_half_half,20.0,HU_plus_surface,0.0,27a3bb4a6140f901a59aa471a99c58258a97e252dc1e140d0e5312309b75b41b,6f77d4d8c988fbcc1c95fa1a34fa79f3c002099a7a1b087c4f693688e3ff35ae,136,-0.591046517083364,0.01
0,1,all_strict,wholly_unseen,gh80,beta_half_half,20.0,HU_plus_surface,0.0001,27a3bb4a6140f901a59aa471a99c58258a97e252dc1e140d0e5312309b75b41b,1d896ff3eceda4096ec35d525630a20371567e35e981919527867638cb271bb8,136,-0.5895000079051579,0.01
0,1,all_strict,wholly_unseen,gh80,beta_half_half,20.0,HU_plus_surface,0.001,27a3bb4a6140f901a59aa471a99c58258a97e252dc1e140d0e5312309b75b41b,49adb5217c8971122f8ba98352c77593b9689a9b1d6346ba3c749ad51a1bfd58,136,-0.5796056976664629,0.01
0,1,all_strict,wholly_unseen,gh80,beta_half_half,20.0,HU_plus_surface,0.01,27a3bb4a6140f901a59aa471a99c58258a97e252dc1e140d0e5312309b75b41b,7b10abc6b765d5227354a00f779ddd8bf9f520e9bd2656e38fe61467d25b4e57,136,-0.5618241567559422,0.01
0,1,all_strict,wholly_unseen,gh80,beta_half_half,20.0,HU_plus_surface,0.1,27a3bb4a6140f901a59aa471a99c58258a97e252dc1e140d0e5312309b75b41b,efb01ee73413831ed635dfc405b103437f523b720b6be84e3580de6e6a2ffce0,136,-0.6333532696047367,0.01
0,2,all_strict,wholly_unseen,gh80,beta_half_half,20.0,HU_plus_surface,0.0,c3a17ae49362d3af3c889169dd61b790e7c0ea833118c8eb2e1b2cc8668b3073,13eb117a7e2b4547802b3c30d2fe4e865b61bac865ae47e3e0bb2feb6a9c79a8,138,-0.591046517083364,0.01
0,2,all_strict,wholly_unseen,gh80,beta_half_half,20.0,HU_plus_surface,0.0001,c3a17ae49362d3af3c889169dd61b790e7c0ea833118c8eb2e1b2cc8668b3073,816d29fb996d22e0becdc05909bc8a5822cf446d1da4940a36a83f30725d7fdc,138,-0.5895000079051579,0.01
0,2,all_strict,wholly_unseen,gh80,beta_half_half,20.0,HU_plus_surface,0.001,c3a17ae49362d3af3c889169dd61b790e7c0ea833118c8eb2e1b2cc8668b3073,d43fd55051616dfe57da7014d5536a1ce19eb801bbf3bb59880bbbe7b88b2fa2,138,-0.5796056976664629,0.01
0,2,all_strict,wholly_unseen,gh80,beta_half_half,20.0,HU_plus_surface,0.01,c3a17ae49362d3af3c889169dd61b790e7c0ea833118c8eb2e1b2cc8668b3073,c75fb8b66f949bb5e009634025ad5f493bbe60ddae4fbfc2ab73ffb5d92b2d30,138,-0.5618241567559422,0.01
0,2,all_strict,wholly_unseen,gh80,beta_half_half,20.0,HU_plus_surface,0.1,c3a17ae49362d3af3c889169dd61b790e7c0ea833118c8eb2e1b2cc8668b3073,7deb88d48e120d06eed9e33f65ab92e616c5e4bc499adea65d3a5635cd876cfa,138,-0.6333532696047367,0.01
0,0,all_strict,wholly_unseen,gh80,beta_half_half,20.0,retention_bounded_plus_HU,0.0,ff71152f04ff3c17c4f535bdcd272443a47086eca1b6c90e413744cda8c3d050,30f7164ac5617d2aa8aac3a2455eca9b1b5000b94bfaa44ca889b9c6b210048b,139,-0.6071089362096115,0.01
0,0,all_strict,wholly_unseen,gh80,beta_half_half,20.0,retention_bounded_plus_HU,0.0001,ff71152f04ff3c17c4f535bdcd272443a47086eca1b6c90e413744cda8c3d050,f2153daa0f13112eb1e134dc283e96d41555495b2a2c6414c1fbf8e4be46f1b7,139,-0.6058482299347684,0.01
0,0,all_strict,wholly_unseen,gh80,beta_half_half,20.0,retention_bounded_plus_HU,0.001,ff71152f04ff3c17c4f535bdcd272443a47086eca1b6c90e413744cda8c3d050,d8b19ea14497d65b383184b79885bbc398368916281babc385c6e1b7a23fc262,139,-0.6008303195980536,0.01
0,0,all_strict,wholly_unseen,gh80,beta_half_half,20.0,retention_bounded_plus_HU,0.01,ff71152f04ff3c17c4f535bdcd272443a47086eca1b6c90e413744cda8c3d050,2c80755253c0185cc85339c640ce5a54245d2101c9763c245ba78c28efb29ee3,139,-0.5797125053422351,0.01
0,0,all_strict,wholly_unseen,gh80,beta_half_half,20.0,retention_bounded_plus_HU,0.1,ff71152f04ff3c17c4f535bdcd272443a47086eca1b6c90e413744cda8c3d050,57f7976dc8175f7cb16e3be0aa5e48e948a0e4608d3409c0fac9b532fbb5c2bb,139,-0.5959013255989585,0.01
0,1,all_strict,wholly_unseen,gh80,beta_half_half,20.0,retention_bounded_plus_HU,0.0,27a3bb4a6140f901a59aa471a99c58258a97e252dc1e140d0e5312309b75b41b,cfa6ffa16498f12b25a2747e2032e0f37df03fba80be8599fa1e2666bed776f4,136,-0.6071089362096115,0.01
0,1,all_strict,wholly_unseen,gh80,beta_half_half,20.0,retention_bounded_plus_HU,0.0001,27a3bb4a6140f901a59aa471a99c58258a97e252dc1e140d0e5312309b75b41b,bc26392c635a7e3328987d1c0400ff324df65d146bf8c2156d7ee65472e13b08,136,-0.6058482299347684,0.01
0,1,all_strict,wholly_unseen,gh80,beta_half_half,20.0,retention_bounded_plus_HU,0.001,27a3bb4a6140f901a59aa471a99c58258a97e252dc1e140d0e5312309b75b41b,3c208c1ff8b8c0a29c7ea7db5db78f0f8ad8a60ae79bed6230dc417804a81b4b,136,-0.6008303195980536,0.01
0,1,all_strict,wholly_unseen,gh80,beta_half_half,20.0,retention_bounded_plus_HU,0.01,27a3bb4a6140f901a59aa471a99c58258a97e252dc1e140d0e5312309b75b41b,f35c2ab91721dfad9a695ff4f492bc40bf8602666aafdaaa7a4385c826aaafff,136,-0.5797125053422351,0.01
0,1,all_strict,wholly_unseen,gh80,beta_half_half,20.0,retention_bounded_plus_HU,0.1,27a3bb4a6140f901a59aa471a99c58258a97e252dc1e140d0e5312309b75b41b,42caaa57ea9e6c4fb17429777ac56a17938ebceb32a3e8c70548f24115e18e66,136,-0.5959013255989585,0.01
0,2,all_strict,wholly_unseen,gh80,beta_half_half,20.0,retention_bounded_plus_HU,0.0,c3a17ae49362d3af3c889169dd61b790e7c0ea833118c8eb2e1b2cc8668b3073,ee554894b53cebb5f8ee262a438fc6caa3ae4e5623b252f9ff375f95296f8252,138,-0.6071089362096115,0.01
0,2,all_strict,wholly_unseen,gh80,beta_half_half,20.0,retention_bounded_plus_HU,0.0001,c3a17ae49362d3af3c889169dd61b790e7c0ea833118c8eb2e1b2cc8668b3073,3d0bf8b87f75618718c112a045d2afb73e3e57c6c7bc55a0aefe5b0e4e8f3cd9,138,-0.6058482299347684,0.01
0,2,all_strict,wholly_unseen,gh80,beta_half_half,20.0,retention_bounded_plus_HU,0.001,c3a17ae49362d3af3c889169dd61b790e7c0ea833118c8eb2e1b2cc8668b3073,af79ec2a2055e83ce18ac8285521127224ec8a8250c6945bd5095d82f9be3ba4,138,-0.6008303195980536,0.01
0,2,all_strict,wholly_unseen,gh80,beta_half_half,20.0,retention_bounded_plus_HU,0.01,c3a17ae49362d3af3c889169dd61b790e7c0ea833118c8eb2e1b2cc8668b3073,000ed4a7a3c49872687b2e8d777d344ec57600cf1552c041c564d61b0e69b0b1,138,-0.5797125053422351,0.01
0,2,all_strict,wholly_unseen,gh80,beta_half_half,20.0,retention_bounded_plus_HU,0.1,c3a17ae49362d3af3c889169dd61b790e7c0ea833118c8eb2e1b2cc8668b3073,2f003dcc4d4286a7e1f569f9ed42c544ea213c439026c92abad129d1af2bfe2e,138,-0.5959013255989585,0.01
0,0,all_agreeing_offsets,side_informed,laplace,beta_half_half,20.0,retention_bounded,0.0,ff71152f04ff3c17c4f535bdcd272443a47086eca1b6c90e413744cda8c3d050,f01b2484ba3ee95d8d1d1cf3576c18587fbc7bae8ff2e26d78d44e1a83ededf5,139,-0.3054484264845484,0.01
0,0,all_agreeing_offsets,side_informed,laplace,beta_half_half,20.0,retention_bounded,0.0001,ff71152f04ff3c17c4f535bdcd272443a47086eca1b6c90e413744cda8c3d050,5bffbf77f0b87a81ebbf8412fbb0de7cf2f4ce53befde7ac1cdd6117e81735be,139,-0.3046832844754803,0.01
0,0,all_agreeing_offsets,side_informed,laplace,beta_half_half,20.0,retention_bounded,0.001,ff71152f04ff3c17c4f535bdcd272443a47086eca1b6c90e413744cda8c3d050,6a6acf4c9a4affe4ea1856088f6cbdbcdfa321f6d7704bb3f4c9dc45039ec49d,139,-0.2992976497788973,0.01
0,0,all_agreeing_offsets,side_informed,laplace,beta_half_half,20.0,retention_bounded,0.01,ff71152f04ff3c17c4f535bdcd272443a47086eca1b6c90e413744cda8c3d050,72fd8843e1bfcd766951948c8e41af70822b610f4c43668e349d24d30be07fa3,139,-0.2859637430881167,0.01
0,0,all_agreeing_offsets,side_informed,laplace,beta_half_half,20.0,retention_bounded,0.1,ff71152f04ff3c17c4f535bdcd272443a47086eca1b6c90e413744cda8c3d050,f16ee8131edee63821892e70003fade1ed07a95270f829a4514ec696ad4b8e0f,139,-0.33950048131262134,0.01
0,1,all_agreeing_offsets,side_informed,laplace,beta_half_half,20.0,retention_bounded,0.0,27a3bb4a6140f901a59aa471a99c58258a97e252dc1e140d0e5312309b75b41b,6e2d200780f11a300475c06aa5e7439490dc538911d17ad24d2f72512347a433,136,-0.3054484264845484,0.01
0,1,all_agreeing_offsets,side_informed,laplace,beta_half_half,20.0,retention_bounded,0.0001,27a3bb4a6140f901a59aa471a99c58258a97e252dc1e140d0e5312309b75b41b,3215f7ba640295812dd2182d0b0ace3f95fa54533621f7a5408bb324fe5a4a3b,136,-0.3046832844754803,0.01
0,1,all_agreeing_offsets,side_informed,laplace,beta_half_half,20.0,retention_bounded,0.001,27a3bb4a6140f901a59aa471a99c58258a97e252dc1e140d0e5312309b75b41b,3d5ca9770332df2d340c1806e4a90dd5c961427795060e3a5e118df7851cd501,136,-0.2992976497788973,0.01
0,1,all_agreeing_offsets,side_informed,laplace,beta_half_half,20.0,retention_bounded,0.01,27a3bb4a6140f901a59aa471a99c58258a97e252dc1e140d0e5312309b75b41b,8fdca609f83afbc7c8e0d865ac1ea45d063ca8009b246f9f63a94e99bc9196c1,136,-0.2859637430881167,0.01
0,1,all_agreeing_offsets,side_informed,laplace,beta_half_half,20.0,retention_bounded,0.1,27a3bb4a6140f901a59aa471a99c58258a97e252dc1e140d0e5312309b75b41b,775ab95059edac517993da4bead12f6349e6398352322e5ed931324a68af1860,136,-0.33950048131262134,0.01
0,2,all_agreeing_offsets,side_informed,laplace,beta_half_half,20.0,retention_bounded,0.0,c3a17ae49362d3af3c889169dd61b790e7c0ea833118c8eb2e1b2cc8668b3073,c43823f0f0ac46904ffa036cdce65529c4ca266f3051380b19e80079d7d56072,138,-0.3054484264845484,0.01
0,2,all_agreeing_offsets,side_informed,laplace,beta_half_half,20.0,retention_bounded,0.0001,c3a17ae49362d3af3c889169dd61b790e7c0ea833118c8eb2e1b2cc8668b3073,cbdc9504e3e82328d43468207f45b2b098397a36d24df9da38a1afbaa079b613,138,-0.3046832844754803,0.01
0,2,all_agreeing_offsets,side_informed,laplace,beta_half_half,20.0,retention_bounded,0.001,c3a17ae49362d3af3c889169dd61b790e7c0ea833118c8eb2e1b2cc8668b3073,6b671b4502c07a068d845e32e598b7a9847d03b3183d1e384bbcef5d01355ab5,138,-0.2992976497788973,0.01
0,2,all_agreeing_offsets,side_informed,laplace,beta_half_half,20.0,retention_bounded,0.01,c3a17ae49362d3af3c889169dd61b790e7c0ea833118c8eb2e1b2cc8668b3073,e00f0f5566fbd93239d209c7aa76cc95e3e074999ffb914b8fdb3e93d7f34458,138,-0.2859637430881167,0.01
0,2,all_agreeing_offsets,side_informed,laplace,beta_half_half,20.0,retention_bounded,0.1,c3a17ae49362d3af3c889169dd61b790e7c0ea833118c8eb2e1b2cc8668b3073,495ba54f39ba0c2b2fd06da9b1becf8c906f6ca9da1a51b784ecdbb6b634a5a0,138,-0.33950048131262134,0.01
0,0,all_agreeing_offsets,side_informed,laplace,beta_half_half,20.0,retention_nonnegative,0.0,ff71152f04ff3c17c4f535bdcd272443a47086eca1b6c90e413744cda8c3d050,9e24797726c41c4bc1ca2225bae5cf42e7f264219878d0d86270991dc5d56316,139,-0.30544842725195054,0.001
0,0,all_agreeing_offsets,side_informed,laplace,beta_half_half,20.0,retention_nonnegative,0.0001,ff71152f04ff3c17c4f535bdcd272443a47086eca1b6c90e413744cda8c3d050,051a2dfa863e69a1c9806c001f0db6755f450d90a3fc6196692648ea2ecfde28,139,-0.304328800513523,0.001
0,0,all_agreeing_offsets,side_informed,laplace,beta_half_half,20.0,retention_nonnegative,0.001,ff71152f04ff3c17c4f535bdcd272443a47086eca1b6c90e413744cda8c3d050,2b6698e06c323995151e1e56c1d1fe4eb5876a7a0614555dc1c53030662ee449,139,-0.29910953540139734,0.001
0,0,all_agreeing_offsets,side_informed,laplace,beta_half_half,20.0,retention_nonnegative,0.01,ff71152f04ff3c17c4f535bdcd272443a47086eca1b6c90e413744cda8c3d050,231db54c5fb4b80611b25004d61c578e66a443883b03851c108329e3fab27867,139,-0.309934919850863,0.001
0,0,all_agreeing_offsets,side_informed,laplace,beta_half_half,20.0,retention_nonnegative,0.1,ff71152f04ff3c17c4f535bdcd272443a47086eca1b6c90e413744cda8c3d050,9354e5d72d14a22c045da28ec678403e6b9eec629b24f99f8659540bdf48de04,139,-0.4084306442536495,0.001
0,1,all_agreeing_offsets,side_informed,laplace,beta_half_half,20.0,retention_nonnegative,0.0,27a3bb4a6140f901a59aa471a99c58258a97e252dc1e140d0e5312309b75b41b,cb5b612a2b121e584ba4d0b882f603f7f2e2ff40a7f76ccb6f8978ba4fc5bb16,136,-0.30544842725195054,0.001
0,1,all_agreeing_offsets,side_informed,laplace,beta_half_half,20.0,retention_nonnegative,0.0001,27a3bb4a6140f901a59aa471a99c58258a97e252dc1e140d0e5312309b75b41b,cf2ed37aebaf5e3b031c35d341d43c3f7cbd60c8a3cfc9593c86452d279bc18d,136,-0.304328800513523,0.001
0,1,all_agreeing_offsets,side_informed,laplace,beta_half_half,20.0,retention_nonnegative,0.001,27a3bb4a6140f901a59aa471a99c58258a97e252dc1e140d0e5312309b75b41b,f95bcde583870a72d22e0ba17861768c29c3469d34a6a8a473d56f6073430397,136,-0.29910953540139734,0.001
0,1,all_agreeing_offsets,side_informed,laplace,beta_half_half,20.0,retention_nonnegative,0.01,27a3bb4a6140f901a59aa471a99c58258a97e252dc1e140d0e5312309b75b41b,6a20505fe26f1d7e62245f91d3320a8682983424709174e7b71211177daa15ba,136,-0.309934919850863,0.001
0,1,all_agreeing_offsets,side_informed,laplace,beta_half_half,20.0,retention_nonnegative,0.1,27a3bb4a6140f901a59aa471a99c58258a97e252dc1e140d0e5312309b75b41b,da7320bfa8944f031de7bf9b319c2514a38735c030e1f1d2da1885bdca292d48,136,-0.4084306442536495,0.001
0,2,all_agreeing_offsets,side_informed,laplace,beta_half_half,20.0,retention_nonnegative,0.0,c3a17ae49362d3af3c889169dd61b790e7c0ea833118c8eb2e1b2cc8668b3073,d832d4c58049411c7a29104d0e445b769a07a075de4f83826a07fa62d1cb6ae5,138,-0.30544842725195054,0.001
0,2,all_agreeing_offsets,side_informed,laplace,beta_half_half,20.0,retention_nonnegative,0.0001,c3a17ae49362d3af3c889169dd61b790e7c0ea833118c8eb2e1b2cc8668b3073,4439d3eaf69cb1a7c21c8c7f60435fa43b742665f4419269be982c9347517295,138,-0.304328800513523,0.001
0,2,all_agreeing_offsets,side_informed,laplace,beta_half_half,20.0,retention_nonnegative,0.001,c3a17ae49362d3af3c889169dd61b790e7c0ea833118c8eb2e1b2cc8668b3073,0165baecf6672e020f891721c75027c02ca892f237b1e5c953050817df63fd8b,138,-0.29910953540139734,0.001
0,2,all_agreeing_offsets,side_informed,laplace,beta_half_half,20.0,retention_nonnegative,0.01,c3a17ae49362d3af3c889169dd61b790e7c0ea833118c8eb2e1b2cc8668b3073,eaba6b19a63d413ae09fcdf67b63309858427f1f401deae855f6983a0720e4fe,138,-0.309934919850863,0.001
0,2,all_agreeing_offsets,side_informed,laplace,beta_half_half,20.0,retention_nonnegative,0.1,c3a17ae49362d3af3c889169dd61b790e7c0ea833118c8eb2e1b2cc8668b3073,86009e771624eabb09be241c990ce4dea99bd9db9a6408f2795a8433fa0a1984,138,-0.4084306442536495,0.001
0,0,all_agreeing_offsets,side_informed,laplace,beta_half_half,20.0,current_only,0.0,ff71152f04ff3c17c4f535bdcd272443a47086eca1b6c90e413744cda8c3d050,872e2658d65f5f86c56c82842ff966016b6f17ed2d246f49be4380b3e569634b,139,-0.5869609549516163,0.01
0,0,all_agreeing_offsets,side_informed,laplace,beta_half_half,20.0,current_only,0.0001,ff71152f04ff3c17c4f535bdcd272443a47086eca1b6c90e413744cda8c3d050,bd7726584147fac6680e2a9685132cc609dce0c86cbd0e6090b70ffb02e6a788,139,-0.5867196265470047,0.01
0,0,all_agreeing_offsets,side_informed,laplace,beta_half_half,20.0,current_only,0.001,ff71152f04ff3c17c4f535bdcd272443a47086eca1b6c90e413744cda8c3d050,7d2f7d2299b814f22ccba58a4b63e7d04949e1cdc3226bd21b0dfbe086a35689,139,-0.5846444667358018,0.01
0,0,all_agreeing_offsets,side_informed,laplace,beta_half_half,20.0,current_only,0.01,ff71152f04ff3c17c4f535bdcd272443a47086eca1b6c90e413744cda8c3d050,49790f477b4fb024318c77097c679f64e98e1750219cd3ab18052d113c23cd0b,139,-0.5706686345860732,0.01
0,0,all_agreeing_offsets,side_informed,laplace,beta_half_half,20.0,current_only,0.1,ff71152f04ff3c17c4f535bdcd272443a47086eca1b6c90e413744cda8c3d050,9fcbc3a801a74c559760d3b1b1521ece172766ee61d643e84332030ac74974eb,139,-0.5716614291043897,0.01
0,1,all_agreeing_offsets,side_informed,laplace,beta_half_half,20.0,current_only,0.0,27a3bb4a6140f901a59aa471a99c58258a97e252dc1e140d0e5312309b75b41b,65e6421358b398cc9bdf33f245aea40e6224f74639d42a359c91d2309fcb604b,136,-0.5869609549516163,0.01
0,1,all_agreeing_offsets,side_informed,laplace,beta_half_half,20.0,current_only,0.0001,27a3bb4a6140f901a59aa471a99c58258a97e252dc1e140d0e5312309b75b41b,76895cd4aef070fea4cea509aaedf917142cd3d9c6a4416042d402226724e3e1,136,-0.5867196265470047,0.01
0,1,all_agreeing_offsets,side_informed,laplace,beta_half_half,20.0,current_only,0.001,27a3bb4a6140f901a59aa471a99c58258a97e252dc1e140d0e5312309b75b41b,e9c93f051788e02234cb5471f0c8ae051b61ad071c84e7ff70cde7d913c326fc,136,-0.5846444667358018,0.01
0,1,all_agreeing_offsets,side_informed,laplace,beta_half_half,20.0,current_only,0.01,27a3bb4a6140f901a59aa471a99c58258a97e252dc1e140d0e5312309b75b41b,707579bcb0cdd25d0918ffa7d4f0ca7719bf66aec1427a288ad17a6f6a210f04,136,-0.5706686345860732,0.01
0,1,all_agreeing_offsets,side_informed,laplace,beta_half_half,20.0,current_only,0.1,27a3bb4a6140f901a59aa471a99c58258a97e252dc1e140d0e5312309b75b41b,e890aaab1d12ea00b8b9214fa0e03923df2796a71b3994ed532948907cb8781e,136,-0.5716614291043897,0.01
0,2,all_agreeing_offsets,side_informed,laplace,beta_half_half,20.0,current_only,0.0,c3a17ae49362d3af3c889169dd61b790e7c0ea833118c8eb2e1b2cc8668b3073,e780a810f116ed1cbbd724cae5caa70144a970398e20080b264e0882dbbf1647,138,-0.5869609549516163,0.01
0,2,all_agreeing_offsets,side_informed,laplace,beta_half_half,20.0,current_only,0.0001,c3a17ae49362d3af3c889169dd61b790e7c0ea833118c8eb2e1b2cc8668b3073,c15e694dc01f0327bd9b06e3f4351f00680ee4f02867596de0ae7a08ebcde749,138,-0.5867196265470047,0.01
0,2,all_agreeing_offsets,side_informed,laplace,beta_half_half,20.0,current_only,0.001,c3a17ae49362d3af3c889169dd61b790e7c0ea833118c8eb2e1b2cc8668b3073,cfb7d4a55168c8492872a182887c09ff35cafa4acbee2ce4d3a6350b76ec06cd,138,-0.5846444667358018,0.01
0,2,all_agreeing_offsets,side_informed,laplace,beta_half_half,20.0,current_only,0.01,c3a17ae49362d3af3c889169dd61b790e7c0ea833118c8eb2e1b2cc8668b3073,0f891c2859885b19ae9f039840f756ae416121e4743112a36b04338da8dcedf6,138,-0.5706686345860732,0.01
0,2,all_agreeing_offsets,side_informed,laplace,beta_half_half,20.0,current_only,0.1,c3a17ae49362d3af3c889169dd61b790e7c0ea833118c8eb2e1b2cc8668b3073,828886358397fa033c47f282fbdb81ef80024132b33b287177672aa2a247a36d,138,-0.5716614291043897,0.01
0,0,all_agreeing_offsets,side_informed,laplace,beta_half_half,20.0,input_plus_surface,0.0,ff71152f04ff3c17c4f535bdcd272443a47086eca1b6c90e413744cda8c3d050,7d1f3b3297a2f9415b16ce09086297338e5b9a73f69c21283ffe60cca81de4c5,139,-0.3031536799548574,0.01
0,0,all_agreeing_offsets,side_informed,laplace,beta_half_half,20.0,input_plus_surface,0.0001,ff71152f04ff3c17c4f535bdcd272443a47086eca1b6c90e413744cda8c3d050,8822dc6c281505f5718f55716df16c334551525a81d2bf85c884adf9fbe9dc01,139,-0.3019968255721629,0.01
0,0,all_agreeing_offsets,side_informed,laplace,beta_half_half,20.0,input_plus_surface,0.001,ff71152f04ff3c17c4f535bdcd272443a47086eca1b6c90e413744cda8c3d050,6e415c5aba7c9912fd7cb0bd0a820df3c105c441261af351d963519ab4eca5bd,139,-0.2948919207262276,0.01
0,0,all_agreeing_offsets,side_informed,laplace,beta_half_half,20.0,input_plus_surface,0.01,ff71152f04ff3c17c4f535bdcd272443a47086eca1b6c90e413744cda8c3d050,bde0ff30cd391dba782f60e9fecb78b72276c7642966a26024b85d76fc904aad,139,-0.2855877303816244,0.01
0,0,all_agreeing_offsets,side_informed,laplace,beta_half_half,20.0,input_plus_surface,0.1,ff71152f04ff3c17c4f535bdcd272443a47086eca1b6c90e413744cda8c3d050,13b80c1f30911321233f0543ca27404f0a830ac82833bb24d27eec17fb1e529c,139,-0.36014141167221486,0.01
0,1,all_agreeing_offsets,side_informed,laplace,beta_half_half,20.0,input_plus_surface,0.0,27a3bb4a6140f901a59aa471a99c58258a97e252dc1e140d0e5312309b75b41b,a713056dbc488d484a089b210c3f0d1d4099f54c947aeaaea5fc9738b5db3cca,136,-0.3031536799548574,0.01
0,1,all_agreeing_offsets,side_informed,laplace,beta_half_half,20.0,input_plus_surface,0.0001,27a3bb4a6140f901a59aa471a99c58258a97e252dc1e140d0e5312309b75b41b,49feda6ab41b128236bfc59921c671e7d8b8cfe4b404bf5ef6604d421b1d6f66,136,-0.3019968255721629,0.01
0,1,all_agreeing_offsets,side_informed,laplace,beta_half_half,20.0,input_plus_surface,0.001,27a3bb4a6140f901a59aa471a99c58258a97e252dc1e140d0e5312309b75b41b,e1465dcc16aef68eedee1881375479ff18af1148abde2c15d3fe6118f7c58619,136,-0.2948919207262276,0.01
0,1,all_agreeing_offsets,side_informed,laplace,beta_half_half,20.0,input_plus_surface,0.01,27a3bb4a6140f901a59aa471a99c58258a97e252dc1e140d0e5312309b75b41b,e8e783f6e678730ffa9c024ae216e31601596a4970ada4ec8bc1f150fe755956,136,-0.2855877303816244,0.01
0,1,all_agreeing_offsets,side_informed,laplace,beta_half_half,20.0,input_plus_surface,0.1,27a3bb4a6140f901a59aa471a99c58258a97e252dc1e140d0e5312309b75b41b,5470a50c15c47e06ecf9ae65806b47c08af7effb359c06ee2b2a5a0f7dc7557b,136,-0.36014141167221486,0.01
0,2,all_agreeing_offsets,side_informed,laplace,beta_half_half,20.0,input_plus_surface,0.0,c3a17ae49362d3af3c889169dd61b790e7c0ea833118c8eb2e1b2cc8668b3073,3e1207bc4d75460f4fcc31fdd94d9cb5ba66b1939bc54760893d301cfe909998,138,-0.3031536799548574,0.01
0,2,all_agreeing_offsets,side_informed,laplace,beta_half_half,20.0,input_plus_surface,0.0001,c3a17ae49362d3af3c889169dd61b790e7c0ea833118c8eb2e1b2cc8668b3073,f649eb587a61fe0cfdb1a996e054d894499048d74a2d45a808c6d470fb1936de,138,-0.3019968255721629,0.01
0,2,all_agreeing_offsets,side_informed,laplace,beta_half_half,20.0,input_plus_surface,0.001,c3a17ae49362d3af3c889169dd61b790e7c0ea833118c8eb2e1b2cc8668b3073,6411dc885cf609fa5951525f269ce9aaa238a5985f04e235b0bb24893170219d,138,-0.2948919207262276,0.01
0,2,all_agreeing_offsets,side_informed,laplace,beta_half_half,20.0,input_plus_surface,0.01,c3a17ae49362d3af3c889169dd61b790e7c0ea833118c8eb2e1b2cc8668b3073,c0a1ba9dcde397cfd2c8ab967ec22855bf3baadbe8b77da027ad28d440901020,138,-0.2855877303816244,0.01
0,2,all_agreeing_offsets,side_informed,laplace,beta_half_half,20.0,input_plus_surface,0.1,c3a17ae49362d3af3c889169dd61b790e7c0ea833118c8eb2e1b2cc8668b3073,d0e82242e8a11af5e53ada64de8fae84007f9babdab23e3dea4216dd19c32c5f,138,-0.36014141167221486,0.01
0,0,all_agreeing_offsets,side_informed,laplace,beta_half_half,20.0,HU_plus_surface,0.0,ff71152f04ff3c17c4f535bdcd272443a47086eca1b6c90e413744cda8c3d050,a1bd19cfd2b99496afdd0a6581f88872edc11dd8f423e2131bb9080ccfee014a,139,-0.31188938830351093,0.01
0,0,all_agreeing_offsets,side_informed,laplace,beta_half_half,20.0,HU_plus_surface,0.0001,ff71152f04ff3c17c4f535bdcd272443a47086eca1b6c90e413744cda8c3d050,f72328fc03d75cd1992fa97d2065ce70c6c169bd3afda28336d6b38c88eedc12,139,-0.31068327502856785,0.01
0,0,all_agreeing_offsets,side_informed,laplace,beta_half_half,20.0,HU_plus_surface,0.001,ff71152f04ff3c17c4f535bdcd272443a47086eca1b6c90e413744cda8c3d050,eca771445615b1c9f2ee9fa0a3afaaa84b46765562518eae99a8616c2d311ddd,139,-0.30330399754754644,0.01
0,0,all_agreeing_offsets,side_informed,laplace,beta_half_half,20.0,HU_plus_surface,0.01,ff71152f04ff3c17c4f535bdcd272443a47086eca1b6c90e413744cda8c3d050,b035cb9a4fefd9363b17b2e91f4242ac9b19090e2467ffa922de68561d223d8b,139,-0.29298917119984264,0.01
0,0,all_agreeing_offsets,side_informed,laplace,beta_half_half,20.0,HU_plus_surface,0.1,ff71152f04ff3c17c4f535bdcd272443a47086eca1b6c90e413744cda8c3d050,4e595c3a93549f7f022927354227febcf8d6a3c174bf372f6d2736db63602f41,139,-0.36478600931682403,0.01
0,1,all_agreeing_offsets,side_informed,laplace,beta_half_half,20.0,HU_plus_surface,0.0,27a3bb4a6140f901a59aa471a99c58258a97e252dc1e140d0e5312309b75b41b,61b8b80b96c02ccb22146809499e8cedba84e411a754030c36357ac4e9e4545c,136,-0.31188938830351093,0.01
0,1,all_agreeing_offsets,side_informed,laplace,beta_half_half,20.0,HU_plus_surface,0.0001,27a3bb4a6140f901a59aa471a99c58258a97e252dc1e140d0e5312309b75b41b,d43b39d82c77ccee406d90a16c8e76dd476ea30706d8edd51ccad605455fea09,136,-0.31068327502856785,0.01
0,1,all_agreeing_offsets,side_informed,laplace,beta_half_half,20.0,HU_plus_surface,0.001,27a3bb4a6140f901a59aa471a99c58258a97e252dc1e140d0e5312309b75b41b,eb4e58ca607cde8ef473d25e390b4d076d93a0bb44d8985e84bfd08f71625e08,136,-0.30330399754754644,0.01
0,1,all_agreeing_offsets,side_informed,laplace,beta_half_half,20.0,HU_plus_surface,0.01,27a3bb4a6140f901a59aa471a99c58258a97e252dc1e140d0e5312309b75b41b,4ad331ee5ab6b3f30d8bfe7c8118c2b033caa342b2c73dc4101b30503aea5a35,136,-0.29298917119984264,0.01
0,1,all_agreeing_offsets,side_informed,laplace,beta_half_half,20.0,HU_plus_surface,0.1,27a3bb4a6140f901a59aa471a99c58258a97e252dc1e140d0e5312309b75b41b,8100ce1d25cc95fcd24450fb8e426e511ee0e206869f18e189df11801dff7fa1,136,-0.36478600931682403,0.01
0,2,all_agreeing_offsets,side_informed,laplace,beta_half_half,20.0,HU_plus_surface,0.0,c3a17ae49362d3af3c889169dd61b790e7c0ea833118c8eb2e1b2cc8668b3073,3cf91a574a939b03da50fde2bcbe10cf1efba90bbe7e5c1bef5bd18ad8d1476f,138,-0.31188938830351093,0.01
0,2,all_agreeing_offsets,side_informed,laplace,beta_half_half,20.0,HU_plus_surface,0.0001,c3a17ae49362d3af3c889169dd61b790e7c0ea833118c8eb2e1b2cc8668b3073,375184e54915240239cfb40e2afc12d232884c93e08da66a64fab005cd0fc928,138,-0.31068327502856785,0.01
0,2,all_agreeing_offsets,side_informed,laplace,beta_half_half,20.0,HU_plus_surface,0.001,c3a17ae49362d3af3c889169dd61b790e7c0ea833118c8eb2e1b2cc8668b3073,0dac7c71e87ec421aa7ad01a0f19d28575c5e228a31209ceb5785e4993099468,138,-0.30330399754754644,0.01
0,2,all_agreeing_offsets,side_informed,laplace,beta_half_half,20.0,HU_plus_surface,0.01,c3a17ae49362d3af3c889169dd61b790e7c0ea833118c8eb2e1b2cc8668b3073,a1f888afa59659e10eb76c8b64d644d577533a46f28d6a2d6006ea4e8babc86b,138,-0.29298917119984264,0.01
0,2,all_agreeing_offsets,side_informed,laplace,beta_half_half,20.0,HU_plus_surface,0.1,c3a17ae49362d3af3c889169dd61b790e7c0ea833118c8eb2e1b2cc8668b3073,f294d2d9df67c047358b64011d74e7252705ba0db9fe76692a66129d378d47b9,138,-0.36478600931682403,0.01
0,0,all_agreeing_offsets,side_informed,laplace,beta_half_half,20.0,retention_bounded_plus_HU,0.0,ff71152f04ff3c17c4f535bdcd272443a47086eca1b6c90e413744cda8c3d050,4cff3f888e1d318bc769afa0f5d95e1b6629ebb1de1a8ed54bc234885b883f3e,139,-0.3002879274249724,0.01
0,0,all_agreeing_offsets,side_informed,laplace,beta_half_half,20.0,retention_bounded_plus_HU,0.0001,ff71152f04ff3c17c4f535bdcd272443a47086eca1b6c90e413744cda8c3d050,28d47cc68d9147d96b9a7bbe227f2ea01944911c0f5132ca90da0b5048093627,139,-0.29969994485706986,0.01
0,0,all_agreeing_offsets,side_informed,laplace,beta_half_half,20.0,retention_bounded_plus_HU,0.001,ff71152f04ff3c17c4f535bdcd272443a47086eca1b6c90e413744cda8c3d050,eb9c2a1e6a2b06206e3c8893caa37a51bde7339b0e51be212d4302c9a7768398,139,-0.29760540729368135,0.01
0,0,all_agreeing_offsets,side_informed,laplace,beta_half_half,20.0,retention_bounded_plus_HU,0.01,ff71152f04ff3c17c4f535bdcd272443a47086eca1b6c90e413744cda8c3d050,57f3d003c312a1b32c8c2ad75bb8b6c6b19c5ee63be24cef82c592f78edce00a,139,-0.29055925391334997,0.01
0,0,all_agreeing_offsets,side_informed,laplace,beta_half_half,20.0,retention_bounded_plus_HU,0.1,ff71152f04ff3c17c4f535bdcd272443a47086eca1b6c90e413744cda8c3d050,a6f622191d73599e3ff1ff648ea7fb51b0e7f0477799d35aac8243938c1e04c4,139,-0.3223390965045463,0.01
0,1,all_agreeing_offsets,side_informed,laplace,beta_half_half,20.0,retention_bounded_plus_HU,0.0,27a3bb4a6140f901a59aa471a99c58258a97e252dc1e140d0e5312309b75b41b,5c1534a36c12930bc8deb2f862b693a7599c724fbc337330583d58f9d82c4052,136,-0.3002879274249724,0.01
0,1,all_agreeing_offsets,side_informed,laplace,beta_half_half,20.0,retention_bounded_plus_HU,0.0001,27a3bb4a6140f901a59aa471a99c58258a97e252dc1e140d0e5312309b75b41b,dd8693a0299c2389ad8f258f933fe6846a5fb5acce14aec4ed092387ac807938,136,-0.29969994485706986,0.01
0,1,all_agreeing_offsets,side_informed,laplace,beta_half_half,20.0,retention_bounded_plus_HU,0.001,27a3bb4a6140f901a59aa471a99c58258a97e252dc1e140d0e5312309b75b41b,cfaa0bf24c112f97ea1de025271cd7229be61a5d08f633aa773057bbe8079a85,136,-0.29760540729368135,0.01
0,1,all_agreeing_offsets,side_informed,laplace,beta_half_half,20.0,retention_bounded_plus_HU,0.01,27a3bb4a6140f901a59aa471a99c58258a97e252dc1e140d0e5312309b75b41b,e1f754a5b5d4ed13c1a5eda2f9520c42db2c4cc2715504e1993a0ace64eb0c52,136,-0.29055925391334997,0.01
0,1,all_agreeing_offsets,side_informed,laplace,beta_half_half,20.0,retention_bounded_plus_HU,0.1,27a3bb4a6140f901a59aa471a99c58258a97e252dc1e140d0e5312309b75b41b,2a6102aa45e1a78e9c8d723b2f228873fd8dd072619d545e0cc3e2aefb15be5a,136,-0.3223390965045463,0.01
0,2,all_agreeing_offsets,side_informed,laplace,beta_half_half,20.0,retention_bounded_plus_HU,0.0,c3a17ae49362d3af3c889169dd61b790e7c0ea833118c8eb2e1b2cc8668b3073,37a65fcacf5d42580b41bcd77a6f0bd8512f1fd3d182bef6f7e564044f3e2317,138,-0.3002879274249724,0.01
0,2,all_agreeing_offsets,side_informed,laplace,beta_half_half,20.0,retention_bounded_plus_HU,0.0001,c3a17ae49362d3af3c889169dd61b790e7c0ea833118c8eb2e1b2cc8668b3073,13b02e09de7df6478203b4ab16aef512146a3277bd8cee95365445e3460f654e,138,-0.29969994485706986,0.01
0,2,all_agreeing_offsets,side_informed,laplace,beta_half_half,20.0,retention_bounded_plus_HU,0.001,c3a17ae49362d3af3c889169dd61b790e7c0ea833118c8eb2e1b2cc8668b3073,9135f5fa96c00029b159395e311bdd8b227aef1d6d1e617bd1bff1c87c1d0320,138,-0.29760540729368135,0.01
0,2,all_agreeing_offsets,side_informed,laplace,beta_half_half,20.0,retention_bounded_plus_HU,0.01,c3a17ae49362d3af3c889169dd61b790e7c0ea833118c8eb2e1b2cc8668b3073,482d9cfad590290f2b5ad8217df37074542d85ba3b5423520295e71527a92ebb,138,-0.29055925391334997,0.01
0,2,all_agreeing_offsets,side_informed,laplace,beta_half_half,20.0,retention_bounded_plus_HU,0.1,c3a17ae49362d3af3c889169dd61b790e7c0ea833118c8eb2e1b2cc8668b3073,1bebddd1541bc57d30efb0c2dd288251fda02b9c3038ca53990394bd97bfa843,138,-0.3223390965045463,0.01
0,0,all_agreeing_offsets,side_informed,gh80,beta_half_half,20.0,HU_plus_surface,0.0,ff71152f04ff3c17c4f535bdcd272443a47086eca1b6c90e413744cda8c3d050,74de9244da3e71c78344b9497cb3fb4b5061ee985f397f4d2777748dc38e85f0,139,-0.3020624252534955,0.01
0,0,all_agreeing_offsets,side_informed,gh80,beta_half_half,20.0,HU_plus_surface,0.0001,ff71152f04ff3c17c4f535bdcd272443a47086eca1b6c90e413744cda8c3d050,fac37b0199799b31775aac9144611e5475d597622beb31d67ca1cd60fff85e20,139,-0.30083174591861245,0.01
0,0,all_agreeing_offsets,side_informed,gh80,beta_half_half,20.0,HU_plus_surface,0.001,ff71152f04ff3c17c4f535bdcd272443a47086eca1b6c90e413744cda8c3d050,c6b38ff2aca46877df55176567afe3844ebd2825ac304f541e44906d160dd48c,139,-0.2934736044595801,0.01
0,0,all_agreeing_offsets,side_informed,gh80,beta_half_half,20.0,HU_plus_surface,0.01,ff71152f04ff3c17c4f535bdcd272443a47086eca1b6c90e413744cda8c3d050,8994cc72d71f881272e0615074b217fdb74026bd214036a9e6071a14d12caa81,139,-0.284983145721053,0.01
0,0,all_agreeing_offsets,side_informed,gh80,beta_half_half,20.0,HU_plus_surface,0.1,ff71152f04ff3c17c4f535bdcd272443a47086eca1b6c90e413744cda8c3d050,787435e3731c0099711f70b3baa698de453abb1ddc2ea8e34160705ae5b4413b,139,-0.36182730235390353,0.01
0,1,all_agreeing_offsets,side_informed,gh80,beta_half_half,20.0,HU_plus_surface,0.0,27a3bb4a6140f901a59aa471a99c58258a97e252dc1e140d0e5312309b75b41b,6af7c7a4704235f2ea62a0f2ea805bd371e316b910fb40246aca8153391a1276,136,-0.3020624252534955,0.01
0,1,all_agreeing_offsets,side_informed,gh80,beta_half_half,20.0,HU_plus_surface,0.0001,27a3bb4a6140f901a59aa471a99c58258a97e252dc1e140d0e5312309b75b41b,0032aafd27b871a28392322bbf7f442d3ec19ff09743d303458ec414e4d49994,136,-0.30083174591861245,0.01
0,1,all_agreeing_offsets,side_informed,gh80,beta_half_half,20.0,HU_plus_surface,0.001,27a3bb4a6140f901a59aa471a99c58258a97e252dc1e140d0e5312309b75b41b,7cf204f275f6fee0c73dd07fea977b1b4ed4cbf21f045c0e96d7ac4e0565f14f,136,-0.2934736044595801,0.01
0,1,all_agreeing_offsets,side_informed,gh80,beta_half_half,20.0,HU_plus_surface,0.01,27a3bb4a6140f901a59aa471a99c58258a97e252dc1e140d0e5312309b75b41b,719e09bcacb302a61b54f77938a4c9d3fdaeed9265f8d5202a7afbfc3b01134c,136,-0.284983145721053,0.01
0,1,all_agreeing_offsets,side_informed,gh80,beta_half_half,20.0,HU_plus_surface,0.1,27a3bb4a6140f901a59aa471a99c58258a97e252dc1e140d0e5312309b75b41b,285190e3c6e35f5d628f4f187417e78a893b129302ad1237d960697454ffa2c6,136,-0.36182730235390353,0.01
0,2,all_agreeing_offsets,side_informed,gh80,beta_half_half,20.0,HU_plus_surface,0.0,c3a17ae49362d3af3c889169dd61b790e7c0ea833118c8eb2e1b2cc8668b3073,b3afe8794333235456c7fe9682c488b4516decab65a0262a1c0e8f8bcc6a41e6,138,-0.3020624252534955,0.01
0,2,all_agreeing_offsets,side_informed,gh80,beta_half_half,20.0,HU_plus_surface,0.0001,c3a17ae49362d3af3c889169dd61b790e7c0ea833118c8eb2e1b2cc8668b3073,29cb81c347c3f67ef45b6399195e5102073e4d9d09373d26f7b16c70665ae3c6,138,-0.30083174591861245,0.01
0,2,all_agreeing_offsets,side_informed,gh80,beta_half_half,20.0,HU_plus_surface,0.001,c3a17ae49362d3af3c889169dd61b790e7c0ea833118c8eb2e1b2cc8668b3073,9c3b13a1a2feaaab95e069f839430528c0c843d8ca43c7430abf9988d74894dd,138,-0.2934736044595801,0.01
0,2,all_agreeing_offsets,side_informed,gh80,beta_half_half,20.0,HU_plus_surface,0.01,c3a17ae49362d3af3c889169dd61b790e7c0ea833118c8eb2e1b2cc8668b3073,9d582bccd804cfa174d90360a9ad249c3368ad3f3a68930e4d8981daf6e95d9d,138,-0.284983145721053,0.01
0,2,all_agreeing_offsets,side_informed,gh80,beta_half_half,20.0,HU_plus_surface,0.1,c3a17ae49362d3af3c889169dd61b790e7c0ea833118c8eb2e1b2cc8668b3073,438c1c35e55b9ffc74bf7fb15b380fc848307e135bd7c6505ec930062348992c,138,-0.36182730235390353,0.01
0,0,all_agreeing_offsets,side_informed,gh80,beta_half_half,20.0,retention_bounded_plus_HU,0.0,ff71152f04ff3c17c4f535bdcd272443a47086eca1b6c90e413744cda8c3d050,91e238773d50656be85150dd7d62ee0d45cd409dfa65f7861fe17dda2be75481,139,-0.3008362342617007,0.01
0,0,all_agreeing_offsets,side_informed,gh80,beta_half_half,20.0,retention_bounded_plus_HU,0.0001,ff71152f04ff3c17c4f535bdcd272443a47086eca1b6c90e413744cda8c3d050,57ce6bddfa1176bc6facb9662e535fdebc966afe6998ec5f402153438eec4934,139,-0.299948302207393,0.01
0,0,all_agreeing_offsets,side_informed,gh80,beta_half_half,20.0,retention_bounded_plus_HU,0.001,ff71152f04ff3c17c4f535bdcd272443a47086eca1b6c90e413744cda8c3d050,e31fd7cdd15ce847af2a69f7481a0ffa4f650ed21a974a431f37a2b36d1d512d,139,-0.2982833206044607,0.01
0,0,all_agreeing_offsets,side_informed,gh80,beta_half_half,20.0,retention_bounded_plus_HU,0.01,ff71152f04ff3c17c4f535bdcd272443a47086eca1b6c90e413744cda8c3d050,f89710865ee5de8d1440e383947f343e2cb0eaa1360e964707a1b05d5a7163d6,139,-0.29131010147921915,0.01
0,0,all_agreeing_offsets,side_informed,gh80,beta_half_half,20.0,retention_bounded_plus_HU,0.1,ff71152f04ff3c17c4f535bdcd272443a47086eca1b6c90e413744cda8c3d050,8570756ff081f406bf3bf0578edd34c8bbb6a3b51c4a9742650f83c2ec77f050,139,-0.32237440496767406,0.01
0,1,all_agreeing_offsets,side_informed,gh80,beta_half_half,20.0,retention_bounded_plus_HU,0.0,27a3bb4a6140f901a59aa471a99c58258a97e252dc1e140d0e5312309b75b41b,c264d6ee3f797a09e4885615206f9e7f66922fdc2f6b7b3ca6c70f0ef47aba46,136,-0.3008362342617007,0.01
0,1,all_agreeing_offsets,side_informed,gh80,beta_half_half,20.0,retention_bounded_plus_HU,0.0001,27a3bb4a6140f901a59aa471a99c58258a97e252dc1e140d0e5312309b75b41b,56d8536da6812470f488ab7277771ddd9b9e1e9558761634363958874ba46ac2,136,-0.299948302207393,0.01
0,1,all_agreeing_offsets,side_informed,gh80,beta_half_half,20.0,retention_bounded_plus_HU,0.001,27a3bb4a6140f901a59aa471a99c58258a97e252dc1e140d0e5312309b75b41b,278543131009a7b27c744c714f234dc36cfac3d6812ddcbe7731708a180a445a,136,-0.2982833206044607,0.01
0,1,all_agreeing_offsets,side_informed,gh80,beta_half_half,20.0,retention_bounded_plus_HU,0.01,27a3bb4a6140f901a59aa471a99c58258a97e252dc1e140d0e5312309b75b41b,94e55be1cbef4e81ffed3f0a8ece54a4d750b1257113b6923d42ab409232a8c3,136,-0.29131010147921915,0.01
0,1,all_agreeing_offsets,side_informed,gh80,beta_half_half,20.0,retention_bounded_plus_HU,0.1,27a3bb4a6140f901a59aa471a99c58258a97e252dc1e140d0e5312309b75b41b,eda205e51e844acf7c672c451d7378db16d3cea3067b4ccbfd59e5e50ce9bb54,136,-0.32237440496767406,0.01
0,2,all_agreeing_offsets,side_informed,gh80,beta_half_half,20.0,retention_bounded_plus_HU,0.0,c3a17ae49362d3af3c889169dd61b790e7c0ea833118c8eb2e1b2cc8668b3073,02cdf9bc9c2c6d77498f86874016bbefaef97348df2493af49d7bdcb038e557f,138,-0.3008362342617007,0.01
0,2,all_agreeing_offsets,side_informed,gh80,beta_half_half,20.0,retention_bounded_plus_HU,0.0001,c3a17ae49362d3af3c889169dd61b790e7c0ea833118c8eb2e1b2cc8668b3073,ec6e78192b9f79cc0ad1d60e1e84d0ea22e3a6ccfaa119382d88b3fbe09d89b1,138,-0.299948302207393,0.01
0,2,all_agreeing_offsets,side_informed,gh80,beta_half_half,20.0,retention_bounded_plus_HU,0.001,c3a17ae49362d3af3c889169dd61b790e7c0ea833118c8eb2e1b2cc8668b3073,e9d919f367d360fa8e74c64db12ac32b0ec0cb799db01a2482c799b044c2e653,138,-0.2982833206044607,0.01
0,2,all_agreeing_offsets,side_informed,gh80,beta_half_half,20.0,retention_bounded_plus_HU,0.01,c3a17ae49362d3af3c889169dd61b790e7c0ea833118c8eb2e1b2cc8668b3073,4eb7759de2eb6a36f126cb2491de57359c3aef9c00578ddbad2757e7e67b2a95,138,-0.29131010147921915,0.01
0,2,all_agreeing_offsets,side_informed,gh80,beta_half_half,20.0,retention_bounded_plus_HU,0.1,c3a17ae49362d3af3c889169dd61b790e7c0ea833118c8eb2e1b2cc8668b3073,e4e40db3d89ca0ac84f7c128f647704528a50138a48387a49f73ba5203b02f9a,138,-0.32237440496767406,0.01
0,0,all_agreeing_offsets,wholly_unseen,laplace,beta_half_half,20.0,retention_bounded,0.0,ff71152f04ff3c17c4f535bdcd272443a47086eca1b6c90e413744cda8c3d050,f01b2484ba3ee95d8d1d1cf3576c18587fbc7bae8ff2e26d78d44e1a83ededf5,139,-0.5865352628860065,0.01
0,0,all_agreeing_offsets,wholly_unseen,laplace,beta_half_half,20.0,retention_bounded,0.0001,ff71152f04ff3c17c4f535bdcd272443a47086eca1b6c90e413744cda8c3d050,5bffbf77f0b87a81ebbf8412fbb0de7cf2f4ce53befde7ac1cdd6117e81735be,139,-0.5855393065552144,0.01
0,0,all_agreeing_offsets,wholly_unseen,laplace,beta_half_half,20.0,retention_bounded,0.001,ff71152f04ff3c17c4f535bdcd272443a47086eca1b6c90e413744cda8c3d050,6a6acf4c9a4affe4ea1856088f6cbdbcdfa321f6d7704bb3f4c9dc45039ec49d,139,-0.5783216165377828,0.01
0,0,all_agreeing_offsets,wholly_unseen,laplace,beta_half_half,20.0,retention_bounded,0.01,ff71152f04ff3c17c4f535bdcd272443a47086eca1b6c90e413744cda8c3d050,72fd8843e1bfcd766951948c8e41af70822b610f4c43668e349d24d30be07fa3,139,-0.5595687598724123,0.01
0,0,all_agreeing_offsets,wholly_unseen,laplace,beta_half_half,20.0,retention_bounded,0.1,ff71152f04ff3c17c4f535bdcd272443a47086eca1b6c90e413744cda8c3d050,f16ee8131edee63821892e70003fade1ed07a95270f829a4514ec696ad4b8e0f,139,-0.6248840627666181,0.01
0,1,all_agreeing_offsets,wholly_unseen,laplace,beta_half_half,20.0,retention_bounded,0.0,27a3bb4a6140f901a59aa471a99c58258a97e252dc1e140d0e5312309b75b41b,6e2d200780f11a300475c06aa5e7439490dc538911d17ad24d2f72512347a433,136,-0.5865352628860065,0.01
0,1,all_agreeing_offsets,wholly_unseen,laplace,beta_half_half,20.0,retention_bounded,0.0001,27a3bb4a6140f901a59aa471a99c58258a97e252dc1e140d0e5312309b75b41b,3215f7ba640295812dd2182d0b0ace3f95fa54533621f7a5408bb324fe5a4a3b,136,-0.5855393065552144,0.01
0,1,all_agreeing_offsets,wholly_unseen,laplace,beta_half_half,20.0,retention_bounded,0.001,27a3bb4a6140f901a59aa471a99c58258a97e252dc1e140d0e5312309b75b41b,3d5ca9770332df2d340c1806e4a90dd5c961427795060e3a5e118df7851cd501,136,-0.5783216165377828,0.01
0,1,all_agreeing_offsets,wholly_unseen,laplace,beta_half_half,20.0,retention_bounded,0.01,27a3bb4a6140f901a59aa471a99c58258a97e252dc1e140d0e5312309b75b41b,8fdca609f83afbc7c8e0d865ac1ea45d063ca8009b246f9f63a94e99bc9196c1,136,-0.5595687598724123,0.01
0,1,all_agreeing_offsets,wholly_unseen,laplace,beta_half_half,20.0,retention_bounded,0.1,27a3bb4a6140f901a59aa471a99c58258a97e252dc1e140d0e5312309b75b41b,775ab95059edac517993da4bead12f6349e6398352322e5ed931324a68af1860,136,-0.6248840627666181,0.01
0,2,all_agreeing_offsets,wholly_unseen,laplace,beta_half_half,20.0,retention_bounded,0.0,c3a17ae49362d3af3c889169dd61b790e7c0ea833118c8eb2e1b2cc8668b3073,c43823f0f0ac46904ffa036cdce65529c4ca266f3051380b19e80079d7d56072,138,-0.5865352628860065,0.01
0,2,all_agreeing_offsets,wholly_unseen,laplace,beta_half_half,20.0,retention_bounded,0.0001,c3a17ae49362d3af3c889169dd61b790e7c0ea833118c8eb2e1b2cc8668b3073,cbdc9504e3e82328d43468207f45b2b098397a36d24df9da38a1afbaa079b613,138,-0.5855393065552144,0.01
0,2,all_agreeing_offsets,wholly_unseen,laplace,beta_half_half,20.0,retention_bounded,0.001,c3a17ae49362d3af3c889169dd61b790e7c0ea833118c8eb2e1b2cc8668b3073,6b671b4502c07a068d845e32e598b7a9847d03b3183d1e384bbcef5d01355ab5,138,-0.5783216165377828,0.01
0,2,all_agreeing_offsets,wholly_unseen,laplace,beta_half_half,20.0,retention_bounded,0.01,c3a17ae49362d3af3c889169dd61b790e7c0ea833118c8eb2e1b2cc8668b3073,e00f0f5566fbd93239d209c7aa76cc95e3e074999ffb914b8fdb3e93d7f34458,138,-0.5595687598724123,0.01
0,2,all_agreeing_offsets,wholly_unseen,laplace,beta_half_half,20.0,retention_bounded,0.1,c3a17ae49362d3af3c889169dd61b790e7c0ea833118c8eb2e1b2cc8668b3073,495ba54f39ba0c2b2fd06da9b1becf8c906f6ca9da1a51b784ecdbb6b634a5a0,138,-0.6248840627666181,0.01
0,0,all_agreeing_offsets,wholly_unseen,laplace,beta_half_half,20.0,retention_nonnegative,0.0,ff71152f04ff3c17c4f535bdcd272443a47086eca1b6c90e413744cda8c3d050,9e24797726c41c4bc1ca2225bae5cf42e7f264219878d0d86270991dc5d56316,139,-0.5865352624470052,0.001
0,0,all_agreeing_offsets,wholly_unseen,laplace,beta_half_half,20.0,retention_nonnegative,0.0001,ff71152f04ff3c17c4f535bdcd272443a47086eca1b6c90e413744cda8c3d050,051a2dfa863e69a1c9806c001f0db6755f450d90a3fc6196692648ea2ecfde28,139,-0.5841418705478053,0.001
0,0,all_agreeing_offsets,wholly_unseen,laplace,beta_half_half,20.0,retention_nonnegative,0.001,ff71152f04ff3c17c4f535bdcd272443a47086eca1b6c90e413744cda8c3d050,2b6698e06c323995151e1e56c1d1fe4eb5876a7a0614555dc1c53030662ee449,139,-0.5730311984238137,0.001
0,0,all_agreeing_offsets,wholly_unseen,laplace,beta_half_half,20.0,retention_nonnegative,0.01,ff71152f04ff3c17c4f535bdcd272443a47086eca1b6c90e413744cda8c3d050,231db54c5fb4b80611b25004d61c578e66a443883b03851c108329e3fab27867,139,-0.5952604236529768,0.001
0,0,all_agreeing_offsets,wholly_unseen,laplace,beta_half_half,20.0,retention_nonnegative,0.1,ff71152f04ff3c17c4f535bdcd272443a47086eca1b6c90e413744cda8c3d050,9354e5d72d14a22c045da28ec678403e6b9eec629b24f99f8659540bdf48de04,139,-0.7210001197507935,0.001
0,1,all_agreeing_offsets,wholly_unseen,laplace,beta_half_half,20.0,retention_nonnegative,0.0,27a3bb4a6140f901a59aa471a99c58258a97e252dc1e140d0e5312309b75b41b,cb5b612a2b121e584ba4d0b882f603f7f2e2ff40a7f76ccb6f8978ba4fc5bb16,136,-0.5865352624470052,0.001
0,1,all_agreeing_offsets,wholly_unseen,laplace,beta_half_half,20.0,retention_nonnegative,0.0001,27a3bb4a6140f901a59aa471a99c58258a97e252dc1e140d0e5312309b75b41b,cf2ed37aebaf5e3b031c35d341d43c3f7cbd60c8a3cfc9593c86452d279bc18d,136,-0.5841418705478053,0.001
0,1,all_agreeing_offsets,wholly_unseen,laplace,beta_half_half,20.0,retention_nonnegative,0.001,27a3bb4a6140f901a59aa471a99c58258a97e252dc1e140d0e5312309b75b41b,f95bcde583870a72d22e0ba17861768c29c3469d34a6a8a473d56f6073430397,136,-0.5730311984238137,0.001
0,1,all_agreeing_offsets,wholly_unseen,laplace,beta_half_half,20.0,retention_nonnegative,0.01,27a3bb4a6140f901a59aa471a99c58258a97e252dc1e140d0e5312309b75b41b,6a20505fe26f1d7e62245f91d3320a8682983424709174e7b71211177daa15ba,136,-0.5952604236529768,0.001
0,1,all_agreeing_offsets,wholly_unseen,laplace,beta_half_half,20.0,retention_nonnegative,0.1,27a3bb4a6140f901a59aa471a99c58258a97e252dc1e140d0e5312309b75b41b,da7320bfa8944f031de7bf9b319c2514a38735c030e1f1d2da1885bdca292d48,136,-0.7210001197507935,0.001
0,2,all_agreeing_offsets,wholly_unseen,laplace,beta_half_half,20.0,retention_nonnegative,0.0,c3a17ae49362d3af3c889169dd61b790e7c0ea833118c8eb2e1b2cc8668b3073,d832d4c58049411c7a29104d0e445b769a07a075de4f83826a07fa62d1cb6ae5,138,-0.5865352624470052,0.001
0,2,all_agreeing_offsets,wholly_unseen,laplace,beta_half_half,20.0,retention_nonnegative,0.0001,c3a17ae49362d3af3c889169dd61b790e7c0ea833118c8eb2e1b2cc8668b3073,4439d3eaf69cb1a7c21c8c7f60435fa43b742665f4419269be982c9347517295,138,-0.5841418705478053,0.001
0,2,all_agreeing_offsets,wholly_unseen,laplace,beta_half_half,20.0,retention_nonnegative,0.001,c3a17ae49362d3af3c889169dd61b790e7c0ea833118c8eb2e1b2cc8668b3073,0165baecf6672e020f891721c75027c02ca892f237b1e5c953050817df63fd8b,138,-0.5730311984238137,0.001
0,2,all_agreeing_offsets,wholly_unseen,laplace,beta_half_half,20.0,retention_nonnegative,0.01,c3a17ae49362d3af3c889169dd61b790e7c0ea833118c8eb2e1b2cc8668b3073,eaba6b19a63d413ae09fcdf67b63309858427f1f401deae855f6983a0720e4fe,138,-0.5952604236529768,0.001
0,2,all_agreeing_offsets,wholly_unseen,laplace,beta_half_half,20.0,retention_nonnegative,0.1,c3a17ae49362d3af3c889169dd61b790e7c0ea833118c8eb2e1b2cc8668b3073,86009e771624eabb09be241c990ce4dea99bd9db9a6408f2795a8433fa0a1984,138,-0.7210001197507935,0.001
0,0,all_agreeing_offsets,wholly_unseen,laplace,beta_half_half,20.0,current_only,0.0,ff71152f04ff3c17c4f535bdcd272443a47086eca1b6c90e413744cda8c3d050,872e2658d65f5f86c56c82842ff966016b6f17ed2d246f49be4380b3e569634b,139,-0.902376624859773,0.01
0,0,all_agreeing_offsets,wholly_unseen,laplace,beta_half_half,20.0,current_only,0.0001,ff71152f04ff3c17c4f535bdcd272443a47086eca1b6c90e413744cda8c3d050,bd7726584147fac6680e2a9685132cc609dce0c86cbd0e6090b70ffb02e6a788,139,-0.9021352964551612,0.01
0,0,all_agreeing_offsets,wholly_unseen,laplace,beta_half_half,20.0,current_only,0.001,ff71152f04ff3c17c4f535bdcd272443a47086eca1b6c90e413744cda8c3d050,7d2f7d2299b814f22ccba58a4b63e7d04949e1cdc3226bd21b0dfbe086a35689,139,-0.9000601366439583,0.01
0,0,all_agreeing_offsets,wholly_unseen,laplace,beta_half_half,20.0,current_only,0.01,ff71152f04ff3c17c4f535bdcd272443a47086eca1b6c90e413744cda8c3d050,49790f477b4fb024318c77097c679f64e98e1750219cd3ab18052d113c23cd0b,139,-0.8860843044942298,0.01
0,0,all_agreeing_offsets,wholly_unseen,laplace,beta_half_half,20.0,current_only,0.1,ff71152f04ff3c17c4f535bdcd272443a47086eca1b6c90e413744cda8c3d050,9fcbc3a801a74c559760d3b1b1521ece172766ee61d643e84332030ac74974eb,139,-0.8870770990125463,0.01
0,1,all_agreeing_offsets,wholly_unseen,laplace,beta_half_half,20.0,current_only,0.0,27a3bb4a6140f901a59aa471a99c58258a97e252dc1e140d0e5312309b75b41b,65e6421358b398cc9bdf33f245aea40e6224f74639d42a359c91d2309fcb604b,136,-0.902376624859773,0.01
0,1,all_agreeing_offsets,wholly_unseen,laplace,beta_half_half,20.0,current_only,0.0001,27a3bb4a6140f901a59aa471a99c58258a97e252dc1e140d0e5312309b75b41b,76895cd4aef070fea4cea509aaedf917142cd3d9c6a4416042d402226724e3e1,136,-0.9021352964551612,0.01
0,1,all_agreeing_offsets,wholly_unseen,laplace,beta_half_half,20.0,current_only,0.001,27a3bb4a6140f901a59aa471a99c58258a97e252dc1e140d0e5312309b75b41b,e9c93f051788e02234cb5471f0c8ae051b61ad071c84e7ff70cde7d913c326fc,136,-0.9000601366439583,0.01
0,1,all_agreeing_offsets,wholly_unseen,laplace,beta_half_half,20.0,current_only,0.01,27a3bb4a6140f901a59aa471a99c58258a97e252dc1e140d0e5312309b75b41b,707579bcb0cdd25d0918ffa7d4f0ca7719bf66aec1427a288ad17a6f6a210f04,136,-0.8860843044942298,0.01
0,1,all_agreeing_offsets,wholly_unseen,laplace,beta_half_half,20.0,current_only,0.1,27a3bb4a6140f901a59aa471a99c58258a97e252dc1e140d0e5312309b75b41b,e890aaab1d12ea00b8b9214fa0e03923df2796a71b3994ed532948907cb8781e,136,-0.8870770990125463,0.01
0,2,all_agreeing_offsets,wholly_unseen,laplace,beta_half_half,20.0,current_only,0.0,c3a17ae49362d3af3c889169dd61b790e7c0ea833118c8eb2e1b2cc8668b3073,e780a810f116ed1cbbd724cae5caa70144a970398e20080b264e0882dbbf1647,138,-0.902376624859773,0.01
0,2,all_agreeing_offsets,wholly_unseen,laplace,beta_half_half,20.0,current_only,0.0001,c3a17ae49362d3af3c889169dd61b790e7c0ea833118c8eb2e1b2cc8668b3073,c15e694dc01f0327bd9b06e3f4351f00680ee4f02867596de0ae7a08ebcde749,138,-0.9021352964551612,0.01
0,2,all_agreeing_offsets,wholly_unseen,laplace,beta_half_half,20.0,current_only,0.001,c3a17ae49362d3af3c889169dd61b790e7c0ea833118c8eb2e1b2cc8668b3073,cfb7d4a55168c8492872a182887c09ff35cafa4acbee2ce4d3a6350b76ec06cd,138,-0.9000601366439583,0.01
0,2,all_agreeing_offsets,wholly_unseen,laplace,beta_half_half,20.0,current_only,0.01,c3a17ae49362d3af3c889169dd61b790e7c0ea833118c8eb2e1b2cc8668b3073,0f891c2859885b19ae9f039840f756ae416121e4743112a36b04338da8dcedf6,138,-0.8860843044942298,0.01
0,2,all_agreeing_offsets,wholly_unseen,laplace,beta_half_half,20.0,current_only,0.1,c3a17ae49362d3af3c889169dd61b790e7c0ea833118c8eb2e1b2cc8668b3073,828886358397fa033c47f282fbdb81ef80024132b33b287177672aa2a247a36d,138,-0.8870770990125463,0.01
0,0,all_agreeing_offsets,wholly_unseen,laplace,beta_half_half,20.0,input_plus_surface,0.0,ff71152f04ff3c17c4f535bdcd272443a47086eca1b6c90e413744cda8c3d050,7d1f3b3297a2f9415b16ce09086297338e5b9a73f69c21283ffe60cca81de4c5,139,-0.5757144119429602,0.01
0,0,all_agreeing_offsets,wholly_unseen,laplace,beta_half_half,20.0,input_plus_surface,0.0001,ff71152f04ff3c17c4f535bdcd272443a47086eca1b6c90e413744cda8c3d050,8822dc6c281505f5718f55716df16c334551525a81d2bf85c884adf9fbe9dc01,139,-0.5745584217060261,0.01
0,0,all_agreeing_offsets,wholly_unseen,laplace,beta_half_half,20.0,input_plus_surface,0.001,ff71152f04ff3c17c4f535bdcd272443a47086eca1b6c90e413744cda8c3d050,6e415c5aba7c9912fd7cb0bd0a820df3c105c441261af351d963519ab4eca5bd,139,-0.5680242504521992,0.01
0,0,all_agreeing_offsets,wholly_unseen,laplace,beta_half_half,20.0,input_plus_surface,0.01,ff71152f04ff3c17c4f535bdcd272443a47086eca1b6c90e413744cda8c3d050,bde0ff30cd391dba782f60e9fecb78b72276c7642966a26024b85d76fc904aad,139,-0.566088466484422,0.01
0,0,all_agreeing_offsets,wholly_unseen,laplace,beta_half_half,20.0,input_plus_surface,0.1,ff71152f04ff3c17c4f535bdcd272443a47086eca1b6c90e413744cda8c3d050,13b80c1f30911321233f0543ca27404f0a830ac82833bb24d27eec17fb1e529c,139,-0.6585496980419792,0.01
0,1,all_agreeing_offsets,wholly_unseen,laplace,beta_half_half,20.0,input_plus_surface,0.0,27a3bb4a6140f901a59aa471a99c58258a97e252dc1e140d0e5312309b75b41b,a713056dbc488d484a089b210c3f0d1d4099f54c947aeaaea5fc9738b5db3cca,136,-0.5757144119429602,0.01
0,1,all_agreeing_offsets,wholly_unseen,laplace,beta_half_half,20.0,input_plus_surface,0.0001,27a3bb4a6140f901a59aa471a99c58258a97e252dc1e140d0e5312309b75b41b,49feda6ab41b128236bfc59921c671e7d8b8cfe4b404bf5ef6604d421b1d6f66,136,-0.5745584217060261,0.01
0,1,all_agreeing_offsets,wholly_unseen,laplace,beta_half_half,20.0,input_plus_surface,0.001,27a3bb4a6140f901a59aa471a99c58258a97e252dc1e140d0e5312309b75b41b,e1465dcc16aef68eedee1881375479ff18af1148abde2c15d3fe6118f7c58619,136,-0.5680242504521992,0.01
0,1,all_agreeing_offsets,wholly_unseen,laplace,beta_half_half,20.0,input_plus_surface,0.01,27a3bb4a6140f901a59aa471a99c58258a97e252dc1e140d0e5312309b75b41b,e8e783f6e678730ffa9c024ae216e31601596a4970ada4ec8bc1f150fe755956,136,-0.566088466484422,0.01
0,1,all_agreeing_offsets,wholly_unseen,laplace,beta_half_half,20.0,input_plus_surface,0.1,27a3bb4a6140f901a59aa471a99c58258a97e252dc1e140d0e5312309b75b41b,5470a50c15c47e06ecf9ae65806b47c08af7effb359c06ee2b2a5a0f7dc7557b,136,-0.6585496980419792,0.01
0,2,all_agreeing_offsets,wholly_unseen,laplace,beta_half_half,20.0,input_plus_surface,0.0,c3a17ae49362d3af3c889169dd61b790e7c0ea833118c8eb2e1b2cc8668b3073,3e1207bc4d75460f4fcc31fdd94d9cb5ba66b1939bc54760893d301cfe909998,138,-0.5757144119429602,0.01
0,2,all_agreeing_offsets,wholly_unseen,laplace,beta_half_half,20.0,input_plus_surface,0.0001,c3a17ae49362d3af3c889169dd61b790e7c0ea833118c8eb2e1b2cc8668b3073,f649eb587a61fe0cfdb1a996e054d894499048d74a2d45a808c6d470fb1936de,138,-0.5745584217060261,0.01
0,2,all_agreeing_offsets,wholly_unseen,laplace,beta_half_half,20.0,input_plus_surface,0.001,c3a17ae49362d3af3c889169dd61b790e7c0ea833118c8eb2e1b2cc8668b3073,6411dc885cf609fa5951525f269ce9aaa238a5985f04e235b0bb24893170219d,138,-0.5680242504521992,0.01
0,2,all_agreeing_offsets,wholly_unseen,laplace,beta_half_half,20.0,input_plus_surface,0.01,c3a17ae49362d3af3c889169dd61b790e7c0ea833118c8eb2e1b2cc8668b3073,c0a1ba9dcde397cfd2c8ab967ec22855bf3baadbe8b77da027ad28d440901020,138,-0.566088466484422,0.01
0,2,all_agreeing_offsets,wholly_unseen,laplace,beta_half_half,20.0,input_plus_surface,0.1,c3a17ae49362d3af3c889169dd61b790e7c0ea833118c8eb2e1b2cc8668b3073,d0e82242e8a11af5e53ada64de8fae84007f9babdab23e3dea4216dd19c32c5f,138,-0.6585496980419792,0.01
0,0,all_agreeing_offsets,wholly_unseen,laplace,beta_half_half,20.0,HU_plus_surface,0.0,ff71152f04ff3c17c4f535bdcd272443a47086eca1b6c90e413744cda8c3d050,a1bd19cfd2b99496afdd0a6581f88872edc11dd8f423e2131bb9080ccfee014a,139,-0.584742787443956,0.01
0,0,all_agreeing_offsets,wholly_unseen,laplace,beta_half_half,20.0,HU_plus_surface,0.0001,ff71152f04ff3c17c4f535bdcd272443a47086eca1b6c90e413744cda8c3d050,f72328fc03d75cd1992fa97d2065ce70c6c169bd3afda28336d6b38c88eedc12,139,-0.5835253871887189,0.01
0,0,all_agreeing_offsets,wholly_unseen,laplace,beta_half_half,20.0,HU_plus_surface,0.001,ff71152f04ff3c17c4f535bdcd272443a47086eca1b6c90e413744cda8c3d050,eca771445615b1c9f2ee9fa0a3afaaa84b46765562518eae99a8616c2d311ddd,139,-0.576626063320231,0.01
0,0,all_agreeing_offsets,wholly_unseen,laplace,beta_half_half,20.0,HU_plus_surface,0.01,ff71152f04ff3c17c4f535bdcd272443a47086eca1b6c90e413744cda8c3d050,b035cb9a4fefd9363b17b2e91f4242ac9b19090e2467ffa922de68561d223d8b,139,-0.5734246485992083,0.01
0,0,all_agreeing_offsets,wholly_unseen,laplace,beta_half_half,20.0,HU_plus_surface,0.1,ff71152f04ff3c17c4f535bdcd272443a47086eca1b6c90e413744cda8c3d050,4e595c3a93549f7f022927354227febcf8d6a3c174bf372f6d2736db63602f41,139,-0.6631509457202429,0.01
0,1,all_agreeing_offsets,wholly_unseen,laplace,beta_half_half,20.0,HU_plus_surface,0.0,27a3bb4a6140f901a59aa471a99c58258a97e252dc1e140d0e5312309b75b41b,61b8b80b96c02ccb22146809499e8cedba84e411a754030c36357ac4e9e4545c,136,-0.584742787443956,0.01
0,1,all_agreeing_offsets,wholly_unseen,laplace,beta_half_half,20.0,HU_plus_surface,0.0001,27a3bb4a6140f901a59aa471a99c58258a97e252dc1e140d0e5312309b75b41b,d43b39d82c77ccee406d90a16c8e76dd476ea30706d8edd51ccad605455fea09,136,-0.5835253871887189,0.01
0,1,all_agreeing_offsets,wholly_unseen,laplace,beta_half_half,20.0,HU_plus_surface,0.001,27a3bb4a6140f901a59aa471a99c58258a97e252dc1e140d0e5312309b75b41b,eb4e58ca607cde8ef473d25e390b4d076d93a0bb44d8985e84bfd08f71625e08,136,-0.576626063320231,0.01
0,1,all_agreeing_offsets,wholly_unseen,laplace,beta_half_half,20.0,HU_plus_surface,0.01,27a3bb4a6140f901a59aa471a99c58258a97e252dc1e140d0e5312309b75b41b,4ad331ee5ab6b3f30d8bfe7c8118c2b033caa342b2c73dc4101b30503aea5a35,136,-0.5734246485992083,0.01
0,1,all_agreeing_offsets,wholly_unseen,laplace,beta_half_half,20.0,HU_plus_surface,0.1,27a3bb4a6140f901a59aa471a99c58258a97e252dc1e140d0e5312309b75b41b,8100ce1d25cc95fcd24450fb8e426e511ee0e206869f18e189df11801dff7fa1,136,-0.6631509457202429,0.01
0,2,all_agreeing_offsets,wholly_unseen,laplace,beta_half_half,20.0,HU_plus_surface,0.0,c3a17ae49362d3af3c889169dd61b790e7c0ea833118c8eb2e1b2cc8668b3073,3cf91a574a939b03da50fde2bcbe10cf1efba90bbe7e5c1bef5bd18ad8d1476f,138,-0.584742787443956,0.01
0,2,all_agreeing_offsets,wholly_unseen,laplace,beta_half_half,20.0,HU_plus_surface,0.0001,c3a17ae49362d3af3c889169dd61b790e7c0ea833118c8eb2e1b2cc8668b3073,375184e54915240239cfb40e2afc12d232884c93e08da66a64fab005cd0fc928,138,-0.5835253871887189,0.01
0,2,all_agreeing_offsets,wholly_unseen,laplace,beta_half_half,20.0,HU_plus_surface,0.001,c3a17ae49362d3af3c889169dd61b790e7c0ea833118c8eb2e1b2cc8668b3073,0dac7c71e87ec421aa7ad01a0f19d28575c5e228a31209ceb5785e4993099468,138,-0.576626063320231,0.01
0,2,all_agreeing_offsets,wholly_unseen,laplace,beta_half_half,20.0,HU_plus_surface,0.01,c3a17ae49362d3af3c889169dd61b790e7c0ea833118c8eb2e1b2cc8668b3073,a1f888afa59659e10eb76c8b64d644d577533a46f28d6a2d6006ea4e8babc86b,138,-0.5734246485992083,0.01
0,2,all_agreeing_offsets,wholly_unseen,laplace,beta_half_half,20.0,HU_plus_surface,0.1,c3a17ae49362d3af3c889169dd61b790e7c0ea833118c8eb2e1b2cc8668b3073,f294d2d9df67c047358b64011d74e7252705ba0db9fe76692a66129d378d47b9,138,-0.6631509457202429,0.01
0,0,all_agreeing_offsets,wholly_unseen,laplace,beta_half_half,20.0,retention_bounded_plus_HU,0.0,ff71152f04ff3c17c4f535bdcd272443a47086eca1b6c90e413744cda8c3d050,4cff3f888e1d318bc769afa0f5d95e1b6629ebb1de1a8ed54bc234885b883f3e,139,-0.5794139875067347,0.01
0,0,all_agreeing_offsets,wholly_unseen,laplace,beta_half_half,20.0,retention_bounded_plus_HU,0.0001,ff71152f04ff3c17c4f535bdcd272443a47086eca1b6c90e413744cda8c3d050,28d47cc68d9147d96b9a7bbe227f2ea01944911c0f5132ca90da0b5048093627,139,-0.5784909457506336,0.01
0,0,all_agreeing_offsets,wholly_unseen,laplace,beta_half_half,20.0,retention_bounded_plus_HU,0.001,ff71152f04ff3c17c4f535bdcd272443a47086eca1b6c90e413744cda8c3d050,eb9c2a1e6a2b06206e3c8893caa37a51bde7339b0e51be212d4302c9a7768398,139,-0.573733129314519,0.01
0,0,all_agreeing_offsets,wholly_unseen,laplace,beta_half_half,20.0,retention_bounded_plus_HU,0.01,ff71152f04ff3c17c4f535bdcd272443a47086eca1b6c90e413744cda8c3d050,57f3d003c312a1b32c8c2ad75bb8b6c6b19c5ee63be24cef82c592f78edce00a,139,-0.5636885343821565,0.01
0,0,all_agreeing_offsets,wholly_unseen,laplace,beta_half_half,20.0,retention_bounded_plus_HU,0.1,ff71152f04ff3c17c4f535bdcd272443a47086eca1b6c90e413744cda8c3d050,a6f622191d73599e3ff1ff648ea7fb51b0e7f0477799d35aac8243938c1e04c4,139,-0.6112712629794833,0.01
0,1,all_agreeing_offsets,wholly_unseen,laplace,beta_half_half,20.0,retention_bounded_plus_HU,0.0,27a3bb4a6140f901a59aa471a99c58258a97e252dc1e140d0e5312309b75b41b,5c1534a36c12930bc8deb2f862b693a7599c724fbc337330583d58f9d82c4052,136,-0.5794139875067347,0.01
0,1,all_agreeing_offsets,wholly_unseen,laplace,beta_half_half,20.0,retention_bounded_plus_HU,0.0001,27a3bb4a6140f901a59aa471a99c58258a97e252dc1e140d0e5312309b75b41b,dd8693a0299c2389ad8f258f933fe6846a5fb5acce14aec4ed092387ac807938,136,-0.5784909457506336,0.01
0,1,all_agreeing_offsets,wholly_unseen,laplace,beta_half_half,20.0,retention_bounded_plus_HU,0.001,27a3bb4a6140f901a59aa471a99c58258a97e252dc1e140d0e5312309b75b41b,cfaa0bf24c112f97ea1de025271cd7229be61a5d08f633aa773057bbe8079a85,136,-0.573733129314519,0.01
0,1,all_agreeing_offsets,wholly_unseen,laplace,beta_half_half,20.0,retention_bounded_plus_HU,0.01,27a3bb4a6140f901a59aa471a99c58258a97e252dc1e140d0e5312309b75b41b,e1f754a5b5d4ed13c1a5eda2f9520c42db2c4cc2715504e1993a0ace64eb0c52,136,-0.5636885343821565,0.01
0,1,all_agreeing_offsets,wholly_unseen,laplace,beta_half_half,20.0,retention_bounded_plus_HU,0.1,27a3bb4a6140f901a59aa471a99c58258a97e252dc1e140d0e5312309b75b41b,2a6102aa45e1a78e9c8d723b2f228873fd8dd072619d545e0cc3e2aefb15be5a,136,-0.6112712629794833,0.01
0,2,all_agreeing_offsets,wholly_unseen,laplace,beta_half_half,20.0,retention_bounded_plus_HU,0.0,c3a17ae49362d3af3c889169dd61b790e7c0ea833118c8eb2e1b2cc8668b3073,37a65fcacf5d42580b41bcd77a6f0bd8512f1fd3d182bef6f7e564044f3e2317,138,-0.5794139875067347,0.01
0,2,all_agreeing_offsets,wholly_unseen,laplace,beta_half_half,20.0,retention_bounded_plus_HU,0.0001,c3a17ae49362d3af3c889169dd61b790e7c0ea833118c8eb2e1b2cc8668b3073,13b02e09de7df6478203b4ab16aef512146a3277bd8cee95365445e3460f654e,138,-0.5784909457506336,0.01
0,2,all_agreeing_offsets,wholly_unseen,laplace,beta_half_half,20.0,retention_bounded_plus_HU,0.001,c3a17ae49362d3af3c889169dd61b790e7c0ea833118c8eb2e1b2cc8668b3073,9135f5fa96c00029b159395e311bdd8b227aef1d6d1e617bd1bff1c87c1d0320,138,-0.573733129314519,0.01
0,2,all_agreeing_offsets,wholly_unseen,laplace,beta_half_half,20.0,retention_bounded_plus_HU,0.01,c3a17ae49362d3af3c889169dd61b790e7c0ea833118c8eb2e1b2cc8668b3073,482d9cfad590290f2b5ad8217df37074542d85ba3b5423520295e71527a92ebb,138,-0.5636885343821565,0.01
0,2,all_agreeing_offsets,wholly_unseen,laplace,beta_half_half,20.0,retention_bounded_plus_HU,0.1,c3a17ae49362d3af3c889169dd61b790e7c0ea833118c8eb2e1b2cc8668b3073,1bebddd1541bc57d30efb0c2dd288251fda02b9c3038ca53990394bd97bfa843,138,-0.6112712629794833,0.01
0,0,all_agreeing_offsets,wholly_unseen,gh80,beta_half_half,20.0,HU_plus_surface,0.0,ff71152f04ff3c17c4f535bdcd272443a47086eca1b6c90e413744cda8c3d050,74de9244da3e71c78344b9497cb3fb4b5061ee985f397f4d2777748dc38e85f0,139,-0.574835885807859,0.01
0,0,all_agreeing_offsets,wholly_unseen,gh80,beta_half_half,20.0,HU_plus_surface,0.0001,ff71152f04ff3c17c4f535bdcd272443a47086eca1b6c90e413744cda8c3d050,fac37b0199799b31775aac9144611e5475d597622beb31d67ca1cd60fff85e20,139,-0.5736042171529194,0.01
0,0,all_agreeing_offsets,wholly_unseen,gh80,beta_half_half,20.0,HU_plus_surface,0.001,ff71152f04ff3c17c4f535bdcd272443a47086eca1b6c90e413744cda8c3d050,c6b38ff2aca46877df55176567afe3844ebd2825ac304f541e44906d160dd48c,139,-0.5668106296547251,0.01
0,0,all_agreeing_offsets,wholly_unseen,gh80,beta_half_half,20.0,HU_plus_surface,0.01,ff71152f04ff3c17c4f535bdcd272443a47086eca1b6c90e413744cda8c3d050,8994cc72d71f881272e0615074b217fdb74026bd214036a9e6071a14d12caa81,139,-0.5654518462053677,0.01
0,0,all_agreeing_offsets,wholly_unseen,gh80,beta_half_half,20.0,HU_plus_surface,0.1,ff71152f04ff3c17c4f535bdcd272443a47086eca1b6c90e413744cda8c3d050,787435e3731c0099711f70b3baa698de453abb1ddc2ea8e34160705ae5b4413b,139,-0.6598901730738327,0.01
0,1,all_agreeing_offsets,wholly_unseen,gh80,beta_half_half,20.0,HU_plus_surface,0.0,27a3bb4a6140f901a59aa471a99c58258a97e252dc1e140d0e5312309b75b41b,6af7c7a4704235f2ea62a0f2ea805bd371e316b910fb40246aca8153391a1276,136,-0.574835885807859,0.01
0,1,all_agreeing_offsets,wholly_unseen,gh80,beta_half_half,20.0,HU_plus_surface,0.0001,27a3bb4a6140f901a59aa471a99c58258a97e252dc1e140d0e5312309b75b41b,0032aafd27b871a28392322bbf7f442d3ec19ff09743d303458ec414e4d49994,136,-0.5736042171529194,0.01
0,1,all_agreeing_offsets,wholly_unseen,gh80,beta_half_half,20.0,HU_plus_surface,0.001,27a3bb4a6140f901a59aa471a99c58258a97e252dc1e140d0e5312309b75b41b,7cf204f275f6fee0c73dd07fea977b1b4ed4cbf21f045c0e96d7ac4e0565f14f,136,-0.5668106296547251,0.01
0,1,all_agreeing_offsets,wholly_unseen,gh80,beta_half_half,20.0,HU_plus_surface,0.01,27a3bb4a6140f901a59aa471a99c58258a97e252dc1e140d0e5312309b75b41b,719e09bcacb302a61b54f77938a4c9d3fdaeed9265f8d5202a7afbfc3b01134c,136,-0.5654518462053677,0.01
0,1,all_agreeing_offsets,wholly_unseen,gh80,beta_half_half,20.0,HU_plus_surface,0.1,27a3bb4a6140f901a59aa471a99c58258a97e252dc1e140d0e5312309b75b41b,285190e3c6e35f5d628f4f187417e78a893b129302ad1237d960697454ffa2c6,136,-0.6598901730738327,0.01
0,2,all_agreeing_offsets,wholly_unseen,gh80,beta_half_half,20.0,HU_plus_surface,0.0,c3a17ae49362d3af3c889169dd61b790e7c0ea833118c8eb2e1b2cc8668b3073,b3afe8794333235456c7fe9682c488b4516decab65a0262a1c0e8f8bcc6a41e6,138,-0.574835885807859,0.01
0,2,all_agreeing_offsets,wholly_unseen,gh80,beta_half_half,20.0,HU_plus_surface,0.0001,c3a17ae49362d3af3c889169dd61b790e7c0ea833118c8eb2e1b2cc8668b3073,29cb81c347c3f67ef45b6399195e5102073e4d9d09373d26f7b16c70665ae3c6,138,-0.5736042171529194,0.01
0,2,all_agreeing_offsets,wholly_unseen,gh80,beta_half_half,20.0,HU_plus_surface,0.001,c3a17ae49362d3af3c889169dd61b790e7c0ea833118c8eb2e1b2cc8668b3073,9c3b13a1a2feaaab95e069f839430528c0c843d8ca43c7430abf9988d74894dd,138,-0.5668106296547251,0.01
0,2,all_agreeing_offsets,wholly_unseen,gh80,beta_half_half,20.0,HU_plus_surface,0.01,c3a17ae49362d3af3c889169dd61b790e7c0ea833118c8eb2e1b2cc8668b3073,9d582bccd804cfa174d90360a9ad249c3368ad3f3a68930e4d8981daf6e95d9d,138,-0.5654518462053677,0.01
0,2,all_agreeing_offsets,wholly_unseen,gh80,beta_half_half,20.0,HU_plus_surface,0.1,c3a17ae49362d3af3c889169dd61b790e7c0ea833118c8eb2e1b2cc8668b3073,438c1c35e55b9ffc74bf7fb15b380fc848307e135bd7c6505ec930062348992c,138,-0.6598901730738327,0.01
0,0,all_agreeing_offsets,wholly_unseen,gh80,beta_half_half,20.0,retention_bounded_plus_HU,0.0,ff71152f04ff3c17c4f535bdcd272443a47086eca1b6c90e413744cda8c3d050,91e238773d50656be85150dd7d62ee0d45cd409dfa65f7861fe17dda2be75481,139,-0.5794943627151132,0.01
0,0,all_agreeing_offsets,wholly_unseen,gh80,beta_half_half,20.0,retention_bounded_plus_HU,0.0001,ff71152f04ff3c17c4f535bdcd272443a47086eca1b6c90e413744cda8c3d050,57ce6bddfa1176bc6facb9662e535fdebc966afe6998ec5f402153438eec4934,139,-0.5782598275397656,0.01
0,0,all_agreeing_offsets,wholly_unseen,gh80,beta_half_half,20.0,retention_bounded_plus_HU,0.001,ff71152f04ff3c17c4f535bdcd272443a47086eca1b6c90e413744cda8c3d050,e31fd7cdd15ce847af2a69f7481a0ffa4f650ed21a974a431f37a2b36d1d512d,139,-0.5736605895995658,0.01
0,0,all_agreeing_offsets,wholly_unseen,gh80,beta_half_half,20.0,retention_bounded_plus_HU,0.01,ff71152f04ff3c17c4f535bdcd272443a47086eca1b6c90e413744cda8c3d050,f89710865ee5de8d1440e383947f343e2cb0eaa1360e964707a1b05d5a7163d6,139,-0.5640719367349742,0.01
0,0,all_agreeing_offsets,wholly_unseen,gh80,beta_half_half,20.0,retention_bounded_plus_HU,0.1,ff71152f04ff3c17c4f535bdcd272443a47086eca1b6c90e413744cda8c3d050,8570756ff081f406bf3bf0578edd34c8bbb6a3b51c4a9742650f83c2ec77f050,139,-0.6110430788073185,0.01
0,1,all_agreeing_offsets,wholly_unseen,gh80,beta_half_half,20.0,retention_bounded_plus_HU,0.0,27a3bb4a6140f901a59aa471a99c58258a97e252dc1e140d0e5312309b75b41b,c264d6ee3f797a09e4885615206f9e7f66922fdc2f6b7b3ca6c70f0ef47aba46,136,-0.5794943627151132,0.01
0,1,all_agreeing_offsets,wholly_unseen,gh80,beta_half_half,20.0,retention_bounded_plus_HU,0.0001,27a3bb4a6140f901a59aa471a99c58258a97e252dc1e140d0e5312309b75b41b,56d8536da6812470f488ab7277771ddd9b9e1e9558761634363958874ba46ac2,136,-0.5782598275397656,0.01
0,1,all_agreeing_offsets,wholly_unseen,gh80,beta_half_half,20.0,retention_bounded_plus_HU,0.001,27a3bb4a6140f901a59aa471a99c58258a97e252dc1e140d0e5312309b75b41b,278543131009a7b27c744c714f234dc36cfac3d6812ddcbe7731708a180a445a,136,-0.5736605895995658,0.01
0,1,all_agreeing_offsets,wholly_unseen,gh80,beta_half_half,20.0,retention_bounded_plus_HU,0.01,27a3bb4a6140f901a59aa471a99c58258a97e252dc1e140d0e5312309b75b41b,94e55be1cbef4e81ffed3f0a8ece54a4d750b1257113b6923d42ab409232a8c3,136,-0.5640719367349742,0.01
0,1,all_agreeing_offsets,wholly_unseen,gh80,beta_half_half,20.0,retention_bounded_plus_HU,0.1,27a3bb4a6140f901a59aa471a99c58258a97e252dc1e140d0e5312309b75b41b,eda205e51e844acf7c672c451d7378db16d3cea3067b4ccbfd59e5e50ce9bb54,136,-0.6110430788073185,0.01
0,2,all_agreeing_offsets,wholly_unseen,gh80,beta_half_half,20.0,retention_bounded_plus_HU,0.0,c3a17ae49362d3af3c889169dd61b790e7c0ea833118c8eb2e1b2cc8668b3073,02cdf9bc9c2c6d77498f86874016bbefaef97348df2493af49d7bdcb038e557f,138,-0.5794943627151132,0.01
0,2,all_agreeing_offsets,wholly_unseen,gh80,beta_half_half,20.0,retention_bounded_plus_HU,0.0001,c3a17ae49362d3af3c889169dd61b790e7c0ea833118c8eb2e1b2cc8668b3073,ec6e78192b9f79cc0ad1d60e1e84d0ea22e3a6ccfaa119382d88b3fbe09d89b1,138,-0.5782598275397656,0.01
0,2,all_agreeing_offsets,wholly_unseen,gh80,beta_half_half,20.0,retention_bounded_plus_HU,0.001,c3a17ae49362d3af3c889169dd61b790e7c0ea833118c8eb2e1b2cc8668b3073,e9d919f367d360fa8e74c64db12ac32b0ec0cb799db01a2482c799b044c2e653,138,-0.5736605895995658,0.01
0,2,all_agreeing_offsets,wholly_unseen,gh80,beta_half_half,20.0,retention_bounded_plus_HU,0.01,c3a17ae49362d3af3c889169dd61b790e7c0ea833118c8eb2e1b2cc8668b3073,4eb7759de2eb6a36f126cb2491de57359c3aef9c00578ddbad2757e7e67b2a95,138,-0.5640719367349742,0.01
0,2,all_agreeing_offsets,wholly_unseen,gh80,beta_half_half,20.0,retention_bounded_plus_HU,0.1,c3a17ae49362d3af3c889169dd61b790e7c0ea833118c8eb2e1b2cc8668b3073,e4e40db3d89ca0ac84f7c128f647704528a50138a48387a49f73ba5203b02f9a,138,-0.6110430788073185,0.01
0,0,unrounded_strict,side_informed,laplace,beta_half_half,20.0,retention_bounded,0.0,5408050a7c8e3fd51bef6658f73bc7cde508d9922d061daa850381a661f5a7ea,4a96b53be0063694b55962c2946a0874701361b257f532fa8a691bcc3f351c49,91,-0.36103083039533734,0.01
0,0,unrounded_strict,side_informed,laplace,beta_half_half,20.0,retention_bounded,0.0001,5408050a7c8e3fd51bef6658f73bc7cde508d9922d061daa850381a661f5a7ea,bfbcc492702a7dd090d0b215a69cfa4ee7dac4850dacff38b40437af9b77228c,91,-0.36034308840936213,0.01
0,0,unrounded_strict,side_informed,laplace,beta_half_half,20.0,retention_bounded,0.001,5408050a7c8e3fd51bef6658f73bc7cde508d9922d061daa850381a661f5a7ea,edfc325c476ab9496567535b2bfab7aa059f92f884e3f6a8d0dc8655d006f7ef,91,-0.35520394206295064,0.01
0,0,unrounded_strict,side_informed,laplace,beta_half_half,20.0,retention_bounded,0.01,5408050a7c8e3fd51bef6658f73bc7cde508d9922d061daa850381a661f5a7ea,8f77424abe978a81858c77edac48b2ca1525a2fea22b4d77f85574c51f3dc9d5,91,-0.3371080192998354,0.01
0,0,unrounded_strict,side_informed,laplace,beta_half_half,20.0,retention_bounded,0.1,5408050a7c8e3fd51bef6658f73bc7cde508d9922d061daa850381a661f5a7ea,8a34df4327ff9dd94fb3be16f0c0a15ffe608f8b1aab807a7828ecaf26b5c0e6,91,-0.3698216560370823,0.01
0,1,unrounded_strict,side_informed,laplace,beta_half_half,20.0,retention_bounded,0.0,43df9afd7bbb08c16a32c53d9b371bf2731a1085c0b15d2f9d9a4be61ba45707,5ce01d82384198867e6492f5b2229dbe6e20ea550b548a6167b4c3e976cc21a9,89,-0.36103083039533734,0.01
0,1,unrounded_strict,side_informed,laplace,beta_half_half,20.0,retention_bounded,0.0001,43df9afd7bbb08c16a32c53d9b371bf2731a1085c0b15d2f9d9a4be61ba45707,0a5c7d4c47e118054ea3167ee62e9a8b558baf5db941df4dc915cd42752b7da2,89,-0.36034308840936213,0.01
0,1,unrounded_strict,side_informed,laplace,beta_half_half,20.0,retention_bounded,0.001,43df9afd7bbb08c16a32c53d9b371bf2731a1085c0b15d2f9d9a4be61ba45707,f1630fbf6af54c528b69fc30d809334fb9f9dfcb89ef16a8a809f70e311aa0df,89,-0.35520394206295064,0.01
0,1,unrounded_strict,side_informed,laplace,beta_half_half,20.0,retention_bounded,0.01,43df9afd7bbb08c16a32c53d9b371bf2731a1085c0b15d2f9d9a4be61ba45707,5b10f3a99f5c495a9906706bffcce2d61f625d1af5e34aadd42fca535fcf6592,89,-0.3371080192998354,0.01
0,1,unrounded_strict,side_informed,laplace,beta_half_half,20.0,retention_bounded,0.1,43df9afd7bbb08c16a32c53d9b371bf2731a1085c0b15d2f9d9a4be61ba45707,2949211acbad73757eadd500186e16defa085aff564a7581444c5881c69666c9,89,-0.3698216560370823,0.01
0,2,unrounded_strict,side_informed,laplace,beta_half_half,20.0,retention_bounded,0.0,8b66ea1302bcaaf1be700d516d29455d16642176198b117e045d901728cddd91,95a2aa4b99685f9917a70a19b95e896e11436a846727259fc2faeef1d43e667e,91,-0.36103083039533734,0.01
0,2,unrounded_strict,side_informed,laplace,beta_half_half,20.0,retention_bounded,0.0001,8b66ea1302bcaaf1be700d516d29455d16642176198b117e045d901728cddd91,0c06dbd267a557c100998d4749d65823bf0c791b29d4139dff211bee1b6de32d,91,-0.36034308840936213,0.01
0,2,unrounded_strict,side_informed,laplace,beta_half_half,20.0,retention_bounded,0.001,8b66ea1302bcaaf1be700d516d29455d16642176198b117e045d901728cddd91,17c2f023178bd06e9eb88f7088fae68619469bd6a0025a06fb37edfbb3d9cd0f,91,-0.35520394206295064,0.01
0,2,unrounded_strict,side_informed,laplace,beta_half_half,20.0,retention_bounded,0.01,8b66ea1302bcaaf1be700d516d29455d16642176198b117e045d901728cddd91,3b767ab415f14404198231d6cced01eccdcc0d5521a4778440950b5c86508213,91,-0.3371080192998354,0.01
0,2,unrounded_strict,side_informed,laplace,beta_half_half,20.0,retention_bounded,0.1,8b66ea1302bcaaf1be700d516d29455d16642176198b117e045d901728cddd91,d1d2304a75d249e94623e0f99397ef503e53cea38953224bda1ef6878a158f95,91,-0.3698216560370823,0.01
0,0,unrounded_strict,side_informed,laplace,beta_half_half,20.0,retention_nonnegative,0.0,5408050a7c8e3fd51bef6658f73bc7cde508d9922d061daa850381a661f5a7ea,ae825f34fb61030ee4cb58e3789907c619ed6e01c2d90c68e8602775591ddde0,91,-0.3610308437164481,0.01
0,0,unrounded_strict,side_informed,laplace,beta_half_half,20.0,retention_nonnegative,0.0001,5408050a7c8e3fd51bef6658f73bc7cde508d9922d061daa850381a661f5a7ea,f2f0cb4b089f6675ab47cbd4d97de01a30fd25c440b56c83a51ffc27a9ac972e,91,-0.36005824089981486,0.01
0,0,unrounded_strict,side_informed,laplace,beta_half_half,20.0,retention_nonnegative,0.001,5408050a7c8e3fd51bef6658f73bc7cde508d9922d061daa850381a661f5a7ea,18ab90e5939f4e21bd1ac6158e6052db181cfae294dcb83be7e40baa0e319c74,91,-0.3537112718459148,0.01
0,0,unrounded_strict,side_informed,laplace,beta_half_half,20.0,retention_nonnegative,0.01,5408050a7c8e3fd51bef6658f73bc7cde508d9922d061daa850381a661f5a7ea,fcf5e5d8378a2d1bdcefc7e7b2e427e1c416043a2b914c02ccf3b479a350b450,91,-0.34581488562415275,0.01
0,0,unrounded_strict,side_informed,laplace,beta_half_half,20.0,retention_nonnegative,0.1,5408050a7c8e3fd51bef6658f73bc7cde508d9922d061daa850381a661f5a7ea,75bd846adcc54a7779a132ea6d1fca48fc226b7994b5e546f6a7b61087486127,91,-0.42043103299964335,0.01
0,1,unrounded_strict,side_informed,laplace,beta_half_half,20.0,retention_nonnegative,0.0,43df9afd7bbb08c16a32c53d9b371bf2731a1085c0b15d2f9d9a4be61ba45707,596760386a92b00427bb3751528daf41a39e1e96b1dafa4d020d082e0291ff41,89,-0.3610308437164481,0.01
0,1,unrounded_strict,side_informed,laplace,beta_half_half,20.0,retention_nonnegative,0.0001,43df9afd7bbb08c16a32c53d9b371bf2731a1085c0b15d2f9d9a4be61ba45707,8413d1e6f4a0e92b5a31239f9d365519a02debd46322fff89dbc277b5513c9a0,89,-0.36005824089981486,0.01
0,1,unrounded_strict,side_informed,laplace,beta_half_half,20.0,retention_nonnegative,0.001,43df9afd7bbb08c16a32c53d9b371bf2731a1085c0b15d2f9d9a4be61ba45707,734c046d90bcd2e7f415db8166add52eb7f461a9a3ad8cf7d8ba7b2c45c626c9,89,-0.3537112718459148,0.01
0,1,unrounded_strict,side_informed,laplace,beta_half_half,20.0,retention_nonnegative,0.01,43df9afd7bbb08c16a32c53d9b371bf2731a1085c0b15d2f9d9a4be61ba45707,375a19c6d68bef2e57688537508fcaf2204ba90267c8ce1c1f80f21277f4b4f8,89,-0.34581488562415275,0.01
0,1,unrounded_strict,side_informed,laplace,beta_half_half,20.0,retention_nonnegative,0.1,43df9afd7bbb08c16a32c53d9b371bf2731a1085c0b15d2f9d9a4be61ba45707,2826fc71a51c8a66b7ce780227f307b680463d733bf9d290d3cbfde2d7c60b5d,89,-0.42043103299964335,0.01
0,2,unrounded_strict,side_informed,laplace,beta_half_half,20.0,retention_nonnegative,0.0,8b66ea1302bcaaf1be700d516d29455d16642176198b117e045d901728cddd91,6b94d139ed2c239718449f3cd219fd3099c9f70853eb1ad2e65e5ba32866e0c5,91,-0.3610308437164481,0.01
0,2,unrounded_strict,side_informed,laplace,beta_half_half,20.0,retention_nonnegative,0.0001,8b66ea1302bcaaf1be700d516d29455d16642176198b117e045d901728cddd91,ff387fd523b1ebaa8871182e410a9ca391a1a0a8096499463ba62a620b9c9d3f,91,-0.36005824089981486,0.01
0,2,unrounded_strict,side_informed,laplace,beta_half_half,20.0,retention_nonnegative,0.001,8b66ea1302bcaaf1be700d516d29455d16642176198b117e045d901728cddd91,159ad050d1a4840fee2b1cb65f5b8a8edf62a9ca3e4bb80283ca1056830d7174,91,-0.3537112718459148,0.01
0,2,unrounded_strict,side_informed,laplace,beta_half_half,20.0,retention_nonnegative,0.01,8b66ea1302bcaaf1be700d516d29455d16642176198b117e045d901728cddd91,ab3d4b8b9025bc5d03c191b11a01802db314f8560365e6a8c133949060a3983d,91,-0.34581488562415275,0.01
0,2,unrounded_strict,side_informed,laplace,beta_half_half,20.0,retention_nonnegative,0.1,8b66ea1302bcaaf1be700d516d29455d16642176198b117e045d901728cddd91,6f4e4da261f956840e17aa8690aaad4d726ba1af8b814c54343246eef7fb3361,91,-0.42043103299964335,0.01
0,0,unrounded_strict,side_informed,laplace,beta_half_half,20.0,current_only,0.0,5408050a7c8e3fd51bef6658f73bc7cde508d9922d061daa850381a661f5a7ea,96d36799dd78d2927c3342110903d5027118ee6ce3a1b820ba47d34ba240a3a3,91,-0.6240642454629064,0.1
0,0,unrounded_strict,side_informed,laplace,beta_half_half,20.0,current_only,0.0001,5408050a7c8e3fd51bef6658f73bc7cde508d9922d061daa850381a661f5a7ea,3ac076e47543288381f2046ef0a40da869f29c96722b1cc1c19dcd5d27116f12,91,-0.6238707218594214,0.1
0,0,unrounded_strict,side_informed,laplace,beta_half_half,20.0,current_only,0.001,5408050a7c8e3fd51bef6658f73bc7cde508d9922d061daa850381a661f5a7ea,4ecbef9d247078d16ca63bdf9fb775eac2026ea8f51d78ba51fa0ef430864ed5,91,-0.6221918073314192,0.1
0,0,unrounded_strict,side_informed,laplace,beta_half_half,20.0,current_only,0.01,5408050a7c8e3fd51bef6658f73bc7cde508d9922d061daa850381a661f5a7ea,e99fd860db2d56bfda65ea1e99b74b4b50cea4f36a366da033f5515859212f55,91,-0.61007011037967,0.1
0,0,unrounded_strict,side_informed,laplace,beta_half_half,20.0,current_only,0.1,5408050a7c8e3fd51bef6658f73bc7cde508d9922d061daa850381a661f5a7ea,d60608d2f1c8d72055779f6e4aa572d9a7f0681937e0127e762a99837021708b,91,-0.6036849638609384,0.1
0,1,unrounded_strict,side_informed,laplace,beta_half_half,20.0,current_only,0.0,43df9afd7bbb08c16a32c53d9b371bf2731a1085c0b15d2f9d9a4be61ba45707,6705a85e0e9731473f933490540bf83ec38079d311299c1b4ffd858b3d21f597,89,-0.6240642454629064,0.1
0,1,unrounded_strict,side_informed,laplace,beta_half_half,20.0,current_only,0.0001,43df9afd7bbb08c16a32c53d9b371bf2731a1085c0b15d2f9d9a4be61ba45707,e6ece114ecd83fc61e5b204f853e9d4efcc4430af999e7f1838b54ac8b95dbaf,89,-0.6238707218594214,0.1
0,1,unrounded_strict,side_informed,laplace,beta_half_half,20.0,current_only,0.001,43df9afd7bbb08c16a32c53d9b371bf2731a1085c0b15d2f9d9a4be61ba45707,826a2f1128714f08974d4c31fb557af90d33d560c9a9e3fa147a82b36e1a7563,89,-0.6221918073314192,0.1
0,1,unrounded_strict,side_informed,laplace,beta_half_half,20.0,current_only,0.01,43df9afd7bbb08c16a32c53d9b371bf2731a1085c0b15d2f9d9a4be61ba45707,332848fd8d12b35069d0c877615e5d4a6bb7c9858eb92f71de3368910223e020,89,-0.61007011037967,0.1
0,1,unrounded_strict,side_informed,laplace,beta_half_half,20.0,current_only,0.1,43df9afd7bbb08c16a32c53d9b371bf2731a1085c0b15d2f9d9a4be61ba45707,a66a8e7e9126874d24c5b680850ac6fd7cffb23544afe4d6683f5c6eebaafa6b,89,-0.6036849638609384,0.1
0,2,unrounded_strict,side_informed,laplace,beta_half_half,20.0,current_only,0.0,8b66ea1302bcaaf1be700d516d29455d16642176198b117e045d901728cddd91,2408be112964daf3018cf230a1813bbb556c0a53c61c011501e6dafa10ed9559,91,-0.6240642454629064,0.1
0,2,unrounded_strict,side_informed,laplace,beta_half_half,20.0,current_only,0.0001,8b66ea1302bcaaf1be700d516d29455d16642176198b117e045d901728cddd91,98e497d2d93bf180ee72e7a023ea37ee48269cad020c6564209928676e5959b4,91,-0.6238707218594214,0.1
0,2,unrounded_strict,side_informed,laplace,beta_half_half,20.0,current_only,0.001,8b66ea1302bcaaf1be700d516d29455d16642176198b117e045d901728cddd91,6acef95473c7d0a9ddbd839a36af273b89562274ce34b34477901b7d10951322,91,-0.6221918073314192,0.1
0,2,unrounded_strict,side_informed,laplace,beta_half_half,20.0,current_only,0.01,8b66ea1302bcaaf1be700d516d29455d16642176198b117e045d901728cddd91,b246a4102bd7f520ca34f3b2d94217b506eee3966b6624d5cff485fea69e8df4,91,-0.61007011037967,0.1
0,2,unrounded_strict,side_informed,laplace,beta_half_half,20.0,current_only,0.1,8b66ea1302bcaaf1be700d516d29455d16642176198b117e045d901728cddd91,5f69f1eafef84c9bd22de73217405617d3639a312a3f9aa704aa24747fe488ed,91,-0.6036849638609384,0.1
0,0,unrounded_strict,side_informed,laplace,beta_half_half,20.0,input_plus_surface,0.0,5408050a7c8e3fd51bef6658f73bc7cde508d9922d061daa850381a661f5a7ea,248e4027ed2b011999cce62767b99a812575913d2139f29f5a979b078c0d531f,91,-0.34312069587151756,0.01
0,0,unrounded_strict,side_informed,laplace,beta_half_half,20.0,input_plus_surface,0.0001,5408050a7c8e3fd51bef6658f73bc7cde508d9922d061daa850381a661f5a7ea,1b7161cadd693598a9bffd2d285c9d1fb565d705df6bfabd8f5c9c85f815bb4b,91,-0.3422029765883752,0.01
0,0,unrounded_strict,side_informed,laplace,beta_half_half,20.0,input_plus_surface,0.001,5408050a7c8e3fd51bef6658f73bc7cde508d9922d061daa850381a661f5a7ea,b256c50f0a381996fd5da19d4cfc6fdf02b3d2d73c51f2764bbd5cbcbf8890e0,91,-0.3358085103827559,0.01
0,0,unrounded_strict,side_informed,laplace,beta_half_half,20.0,input_plus_surface,0.01,5408050a7c8e3fd51bef6658f73bc7cde508d9922d061daa850381a661f5a7ea,7f2f143eb1cf24ba932e1d55e64ffb9f04d3828a861a9e42fe9552aeafb24f64,91,-0.32089428376152035,0.01
0,0,unrounded_strict,side_informed,laplace,beta_half_half,20.0,input_plus_surface,0.1,5408050a7c8e3fd51bef6658f73bc7cde508d9922d061daa850381a661f5a7ea,8e1425a96b7bc8c26773a609dc7d68b896f184bd797eb6d3accd58b256f60d18,91,-0.38027169958798634,0.01
0,1,unrounded_strict,side_informed,laplace,beta_half_half,20.0,input_plus_surface,0.0,43df9afd7bbb08c16a32c53d9b371bf2731a1085c0b15d2f9d9a4be61ba45707,d7f833793ad14acaf93ed354ff8cdcb1ee6e370adbecd830e628addae7ee4657,89,-0.34312069587151756,0.01
0,1,unrounded_strict,side_informed,laplace,beta_half_half,20.0,input_plus_surface,0.0001,43df9afd7bbb08c16a32c53d9b371bf2731a1085c0b15d2f9d9a4be61ba45707,af8f81a6a49c4083674b74eb27f58f325dadd4434c7a4ede55c129d75ad28b7d,89,-0.3422029765883752,0.01
0,1,unrounded_strict,side_informed,laplace,beta_half_half,20.0,input_plus_surface,0.001,43df9afd7bbb08c16a32c53d9b371bf2731a1085c0b15d2f9d9a4be61ba45707,74b1d72ddcc817b7dbd574964cfd02ada3890af9b557e41fcf12ce32fa9103a5,89,-0.3358085103827559,0.01
0,1,unrounded_strict,side_informed,laplace,beta_half_half,20.0,input_plus_surface,0.01,43df9afd7bbb08c16a32c53d9b371bf2731a1085c0b15d2f9d9a4be61ba45707,99622f525ec9c161ee703c74c9320c7d92389a533d225d0d5d0be831cdb6a42f,89,-0.32089428376152035,0.01
0,1,unrounded_strict,side_informed,laplace,beta_half_half,20.0,input_plus_surface,0.1,43df9afd7bbb08c16a32c53d9b371bf2731a1085c0b15d2f9d9a4be61ba45707,546cd1d4f1e4e4c0a3284ec5f8ff5104a7d1f4718e3547bac2a84714a7233c2d,89,-0.38027169958798634,0.01
0,2,unrounded_strict,side_informed,laplace,beta_half_half,20.0,input_plus_surface,0.0,8b66ea1302bcaaf1be700d516d29455d16642176198b117e045d901728cddd91,0c79d565c8760707da5b4a1ebdea11ed0d81fc4c21f4a21ee66762e668be6c58,91,-0.34312069587151756,0.01
0,2,unrounded_strict,side_informed,laplace,beta_half_half,20.0,input_plus_surface,0.0001,8b66ea1302bcaaf1be700d516d29455d16642176198b117e045d901728cddd91,678813389338afbfb7808a278038fde159f8adfadc1453842b868de7f93597cf,91,-0.3422029765883752,0.01
0,2,unrounded_strict,side_informed,laplace,beta_half_half,20.0,input_plus_surface,0.001,8b66ea1302bcaaf1be700d516d29455d16642176198b117e045d901728cddd91,57db4ec7d2a46b753aba852859e2ae23f88c65508976f568380e5e6d447ef977,91,-0.3358085103827559,0.01
0,2,unrounded_strict,side_informed,laplace,beta_half_half,20.0,input_plus_surface,0.01,8b66ea1302bcaaf1be700d516d29455d16642176198b117e045d901728cddd91,f37611da480afb3d8c2d315c2e2e784683c18a8aa44955f4f5833b054c46c2cc,91,-0.32089428376152035,0.01
0,2,unrounded_strict,side_informed,laplace,beta_half_half,20.0,input_plus_surface,0.1,8b66ea1302bcaaf1be700d516d29455d16642176198b117e045d901728cddd91,dc4d0ef607aff584641263c4c758bac045a44281b0ed0501464570b3bb5d3070,91,-0.38027169958798634,0.01
0,0,unrounded_strict,side_informed,laplace,beta_half_half,20.0,HU_plus_surface,0.0,5408050a7c8e3fd51bef6658f73bc7cde508d9922d061daa850381a661f5a7ea,c6f7b90c9ba4bb9addd63fdbe46f2acd96a4329d5caa194aaf97d76bd975d81c,91,-0.34792704763755966,0.01
0,0,unrounded_strict,side_informed,laplace,beta_half_half,20.0,HU_plus_surface,0.0001,5408050a7c8e3fd51bef6658f73bc7cde508d9922d061daa850381a661f5a7ea,4f719905347222c4882e4fa3d190592470ff4440d5912c7827958a57afd32d8a,91,-0.3468629534283575,0.01
0,0,unrounded_strict,side_informed,laplace,beta_half_half,20.0,HU_plus_surface,0.001,5408050a7c8e3fd51bef6658f73bc7cde508d9922d061daa850381a661f5a7ea,4918017c3c23a28696f9a58265320c9def2ff22cb66f34ded8b03fd18b273396,91,-0.33953330690808065,0.01
0,0,unrounded_strict,side_informed,laplace,beta_half_half,20.0,HU_plus_surface,0.01,5408050a7c8e3fd51bef6658f73bc7cde508d9922d061daa850381a661f5a7ea,7f44144511b26c71ccfc5736554e49472483a543b614d89eab776125cf157782,91,-0.32245767538874043,0.01
0,0,unrounded_strict,side_informed,laplace,beta_half_half,20.0,HU_plus_surface,0.1,5408050a7c8e3fd51bef6658f73bc7cde508d9922d061daa850381a661f5a7ea,9be7ab3ce7ba2dd7171cd71b3f2aa8cc71a2bf3b9b02b6877af961953c1fa156,91,-0.3813787363244153,0.01
0,1,unrounded_strict,side_informed,laplace,beta_half_half,20.0,HU_plus_surface,0.0,43df9afd7bbb08c16a32c53d9b371bf2731a1085c0b15d2f9d9a4be61ba45707,d61e9a0882a3efa804c29edd0c0c437622c7369f67341a0d6a26c10c44fd53ad,89,-0.34792704763755966,0.01
0,1,unrounded_strict,side_informed,laplace,beta_half_half,20.0,HU_plus_surface,0.0001,43df9afd7bbb08c16a32c53d9b371bf2731a1085c0b15d2f9d9a4be61ba45707,ef312dbcc41ec5e626631b4dcd59dac4946a395ebc1c3378c38478c14ba089d0,89,-0.3468629534283575,0.01
0,1,unrounded_strict,side_informed,laplace,beta_half_half,20.0,HU_plus_surface,0.001,43df9afd7bbb08c16a32c53d9b371bf2731a1085c0b15d2f9d9a4be61ba45707,9296d30f1da15a52df6c520b8263e2b18b893a02fe330282d2fc770c8e071ad4,89,-0.33953330690808065,0.01
0,1,unrounded_strict,side_informed,laplace,beta_half_half,20.0,HU_plus_surface,0.01,43df9afd7bbb08c16a32c53d9b371bf2731a1085c0b15d2f9d9a4be61ba45707,ec8f892b1896b2dd215034047e70f4819d89fffdd92c1861966d638736a62570,89,-0.32245767538874043,0.01
0,1,unrounded_strict,side_informed,laplace,beta_half_half,20.0,HU_plus_surface,0.1,43df9afd7bbb08c16a32c53d9b371bf2731a1085c0b15d2f9d9a4be61ba45707,87d9521a3155e6e64110ba731c1e9d5e98e71ad1145e397bed4e0b782d2f9fda,89,-0.3813787363244153,0.01
0,2,unrounded_strict,side_informed,laplace,beta_half_half,20.0,HU_plus_surface,0.0,8b66ea1302bcaaf1be700d516d29455d16642176198b117e045d901728cddd91,d2fa46f9860708d5029fabc374e00102fafe5508f80935e7097beae9608995ba,91,-0.34792704763755966,0.01
0,2,unrounded_strict,side_informed,laplace,beta_half_half,20.0,HU_plus_surface,0.0001,8b66ea1302bcaaf1be700d516d29455d16642176198b117e045d901728cddd91,b00a373eb9f0a2cd0d01972e4e15ec19a78169dd58a8de158a92627073f4e478,91,-0.3468629534283575,0.01
0,2,unrounded_strict,side_informed,laplace,beta_half_half,20.0,HU_plus_surface,0.001,8b66ea1302bcaaf1be700d516d29455d16642176198b117e045d901728cddd91,217caff3c6b06273b36aaa023f894e52ed146ae4b72f504fc25b740ed4e9d24c,91,-0.33953330690808065,0.01
0,2,unrounded_strict,side_informed,laplace,beta_half_half,20.0,HU_plus_surface,0.01,8b66ea1302bcaaf1be700d516d29455d16642176198b117e045d901728cddd91,99e68fd0cfb1d3ae52dcdeed432066236c3b089235943d84bcf33cf8e50c17b2,91,-0.32245767538874043,0.01
0,2,unrounded_strict,side_informed,laplace,beta_half_half,20.0,HU_plus_surface,0.1,8b66ea1302bcaaf1be700d516d29455d16642176198b117e045d901728cddd91,f258b7e83729c87a3c9cc5ae5ba29cbd627f825e0f3683ccd380276688d6c975,91,-0.3813787363244153,0.01
0,0,unrounded_strict,side_informed,laplace,beta_half_half,20.0,retention_bounded_plus_HU,0.0,5408050a7c8e3fd51bef6658f73bc7cde508d9922d061daa850381a661f5a7ea,8a30ab7f6bbc9ffd8076ff1c87c3b0d8b2ead4c6014996bf0794b7bbbcb2c664,91,-0.36324612677502083,0.01
0,0,unrounded_strict,side_informed,laplace,beta_half_half,20.0,retention_bounded_plus_HU,0.0001,5408050a7c8e3fd51bef6658f73bc7cde508d9922d061daa850381a661f5a7ea,4b4941829d82d9ca5195d2c6596c440f2596bb24f74c29d514d02a8dc0618cf9,91,-0.36243018775368807,0.01
0,0,unrounded_strict,side_informed,laplace,beta_half_half,20.0,retention_bounded_plus_HU,0.001,5408050a7c8e3fd51bef6658f73bc7cde508d9922d061daa850381a661f5a7ea,61b5997c9c717afef2dae86e192f6b955ccbe27633aaf1bc9353e432dd0ea5a7,91,-0.35991115763722464,0.01
0,0,unrounded_strict,side_informed,laplace,beta_half_half,20.0,retention_bounded_plus_HU,0.01,5408050a7c8e3fd51bef6658f73bc7cde508d9922d061daa850381a661f5a7ea,0890a57ba9a1007e43976e72629765e663326d0a08f1542f6405f251ea9445d2,91,-0.3444648467654015,0.01
0,0,unrounded_strict,side_informed,laplace,beta_half_half,20.0,retention_bounded_plus_HU,0.1,5408050a7c8e3fd51bef6658f73bc7cde508d9922d061daa850381a661f5a7ea,5903bc231b816c1c4a5b341188fb503546109a68149099de6a5a6c76f261d757,91,-0.35354847222715147,0.01
0,1,unrounded_strict,side_informed,laplace,beta_half_half,20.0,retention_bounded_plus_HU,0.0,43df9afd7bbb08c16a32c53d9b371bf2731a1085c0b15d2f9d9a4be61ba45707,f9138cab9d221cf79952f0f2f14d5b13d38821e228d12aab9a0b5e873ed84168,89,-0.36324612677502083,0.01
0,1,unrounded_strict,side_informed,laplace,beta_half_half,20.0,retention_bounded_plus_HU,0.0001,43df9afd7bbb08c16a32c53d9b371bf2731a1085c0b15d2f9d9a4be61ba45707,1591be7ad5935ff2ebb104f66ac7dcc02bc645f7eeec366babb4c26879b05932,89,-0.36243018775368807,0.01
0,1,unrounded_strict,side_informed,laplace,beta_half_half,20.0,retention_bounded_plus_HU,0.001,43df9afd7bbb08c16a32c53d9b371bf2731a1085c0b15d2f9d9a4be61ba45707,a160fa2e1ff101ca1130dc8e0486304b70ccf7ae287767adbfef88db7092ef79,89,-0.35991115763722464,0.01
0,1,unrounded_strict,side_informed,laplace,beta_half_half,20.0,retention_bounded_plus_HU,0.01,43df9afd7bbb08c16a32c53d9b371bf2731a1085c0b15d2f9d9a4be61ba45707,28e3b30ac852c2c32c06564fdfba6a87e802bf057ccc14fa3aed4384ca56779a,89,-0.3444648467654015,0.01
0,1,unrounded_strict,side_informed,laplace,beta_half_half,20.0,retention_bounded_plus_HU,0.1,43df9afd7bbb08c16a32c53d9b371bf2731a1085c0b15d2f9d9a4be61ba45707,db98cdba1fff197a45dfc286d1142a51f9ba3a284f551906b65e4a27a1403e5a,89,-0.35354847222715147,0.01
0,2,unrounded_strict,side_informed,laplace,beta_half_half,20.0,retention_bounded_plus_HU,0.0,8b66ea1302bcaaf1be700d516d29455d16642176198b117e045d901728cddd91,17923988adb1561cb5e9ead7d990948a8bbe34440fc9c56e3841acb55b692bd6,91,-0.36324612677502083,0.01
0,2,unrounded_strict,side_informed,laplace,beta_half_half,20.0,retention_bounded_plus_HU,0.0001,8b66ea1302bcaaf1be700d516d29455d16642176198b117e045d901728cddd91,d9d74662ced83efbcc0465cd3dacb3f49d88d9bc136a0c98b2db387ac5a5377d,91,-0.36243018775368807,0.01
0,2,unrounded_strict,side_informed,laplace,beta_half_half,20.0,retention_bounded_plus_HU,0.001,8b66ea1302bcaaf1be700d516d29455d16642176198b117e045d901728cddd91,46bb38049576cb6b9038cdb9abfe397e55ea02eda0626b1c14addb9ee5c91082,91,-0.35991115763722464,0.01
0,2,unrounded_strict,side_informed,laplace,beta_half_half,20.0,retention_bounded_plus_HU,0.01,8b66ea1302bcaaf1be700d516d29455d16642176198b117e045d901728cddd91,b42be4ea6a9550f00dcc1f9568939a32f6f1850ac01374051321b60e12de55ed,91,-0.3444648467654015,0.01
0,2,unrounded_strict,side_informed,laplace,beta_half_half,20.0,retention_bounded_plus_HU,0.1,8b66ea1302bcaaf1be700d516d29455d16642176198b117e045d901728cddd91,efe8fbabbe329ee6625653773125cfbd93c4296b27d20677d37cb720bfeb046d,91,-0.35354847222715147,0.01
0,0,unrounded_strict,side_informed,gh80,beta_half_half,20.0,HU_plus_surface,0.0,5408050a7c8e3fd51bef6658f73bc7cde508d9922d061daa850381a661f5a7ea,675660c94a402adbcdea26b1b1c6e147d07f886b15001192a838bd281f8a42d9,91,-0.3332034244544866,0.01
0,0,unrounded_strict,side_informed,gh80,beta_half_half,20.0,HU_plus_surface,0.0001,5408050a7c8e3fd51bef6658f73bc7cde508d9922d061daa850381a661f5a7ea,a7b78a16f963b250b2a50ee97745c7f68623ff0eebd3d72a773592c87b51e0f8,91,-0.33207401460722596,0.01
0,0,unrounded_strict,side_informed,gh80,beta_half_half,20.0,HU_plus_surface,0.001,5408050a7c8e3fd51bef6658f73bc7cde508d9922d061daa850381a661f5a7ea,55d04ee730e18b6fe8ec535342f2eebe6265fc396451f9110125921ae544a0bf,91,-0.3247988999939435,0.01
0,0,unrounded_strict,side_informed,gh80,beta_half_half,20.0,HU_plus_surface,0.01,5408050a7c8e3fd51bef6658f73bc7cde508d9922d061daa850381a661f5a7ea,c32123909cff7ced71d6990525feea5fa6a0955a8b4c1f9db07e1b4bc1764a94,91,-0.31153402895117743,0.01
0,0,unrounded_strict,side_informed,gh80,beta_half_half,20.0,HU_plus_surface,0.1,5408050a7c8e3fd51bef6658f73bc7cde508d9922d061daa850381a661f5a7ea,08ec0ee4c7351877424f9aa8854dbce01cccd02805ebd5603338f86671415fc9,91,-0.378058678801653,0.01
0,1,unrounded_strict,side_informed,gh80,beta_half_half,20.0,HU_plus_surface,0.0,43df9afd7bbb08c16a32c53d9b371bf2731a1085c0b15d2f9d9a4be61ba45707,1cc7d1659db5c58e38b2bf907a53447a47ff6347308ce844321e43a9dc741ec1,89,-0.3332034244544866,0.01
0,1,unrounded_strict,side_informed,gh80,beta_half_half,20.0,HU_plus_surface,0.0001,43df9afd7bbb08c16a32c53d9b371bf2731a1085c0b15d2f9d9a4be61ba45707,bb73fd939bde886cd70976980b97499547e3f4db5e28ff3f2e242de2b6cbf8e0,89,-0.33207401460722596,0.01
0,1,unrounded_strict,side_informed,gh80,beta_half_half,20.0,HU_plus_surface,0.001,43df9afd7bbb08c16a32c53d9b371bf2731a1085c0b15d2f9d9a4be61ba45707,7c5859a4e29297abbc7b601767207f9b2045b53ba18828fda345f2103c6f9ac8,89,-0.3247988999939435,0.01
0,1,unrounded_strict,side_informed,gh80,beta_half_half,20.0,HU_plus_surface,0.01,43df9afd7bbb08c16a32c53d9b371bf2731a1085c0b15d2f9d9a4be61ba45707,38ed81dd93871dcd9724994af1e7eb6ac0ddee359960f44669ad56d0781f8559,89,-0.31153402895117743,0.01
0,1,unrounded_strict,side_informed,gh80,beta_half_half,20.0,HU_plus_surface,0.1,43df9afd7bbb08c16a32c53d9b371bf2731a1085c0b15d2f9d9a4be61ba45707,c5ef8ad404a0fad066fd5f44a3fc098b3e950a955f87a47e261920f15b4fb267,89,-0.378058678801653,0.01
0,2,unrounded_strict,side_informed,gh80,beta_half_half,20.0,HU_plus_surface,0.0,8b66ea1302bcaaf1be700d516d29455d16642176198b117e045d901728cddd91,536abd71587a8fe5c49bdfd5082e7f968ff537c397b091dcde27a95b21f496bc,91,-0.3332034244544866,0.01
0,2,unrounded_strict,side_informed,gh80,beta_half_half,20.0,HU_plus_surface,0.0001,8b66ea1302bcaaf1be700d516d29455d16642176198b117e045d901728cddd91,c2798b0bccad4435a30c52ca7aacefef8df357ebe205c3bda5917a2f9ea71b6d,91,-0.33207401460722596,0.01
0,2,unrounded_strict,side_informed,gh80,beta_half_half,20.0,HU_plus_surface,0.001,8b66ea1302bcaaf1be700d516d29455d16642176198b117e045d901728cddd91,e2dc4c8e6c4569fcbf00435d07b628d844c1b2bcfd82449ee1132516b25353ae,91,-0.3247988999939435,0.01
0,2,unrounded_strict,side_informed,gh80,beta_half_half,20.0,HU_plus_surface,0.01,8b66ea1302bcaaf1be700d516d29455d16642176198b117e045d901728cddd91,9d86f19317560b8b765a6818bd42535219d796cb2159a4465b01b92538b79f94,91,-0.31153402895117743,0.01
0,2,unrounded_strict,side_informed,gh80,beta_half_half,20.0,HU_plus_surface,0.1,8b66ea1302bcaaf1be700d516d29455d16642176198b117e045d901728cddd91,dcce187ace0d2e11788c77950276619321eb10a1419e62f897f58cbd4be6fad0,91,-0.378058678801653,0.01
0,0,unrounded_strict,side_informed,gh80,beta_half_half,20.0,retention_bounded_plus_HU,0.0,5408050a7c8e3fd51bef6658f73bc7cde508d9922d061daa850381a661f5a7ea,587f19a3bfbe08e88c59fb969e6f8145830ce33c6a4f7ec682158f0900e14286,91,-0.35192789717700235,0.01
0,0,unrounded_strict,side_informed,gh80,beta_half_half,20.0,retention_bounded_plus_HU,0.0001,5408050a7c8e3fd51bef6658f73bc7cde508d9922d061daa850381a661f5a7ea,aa66569bf3cd58dcbde03563c85ce07078347681fa96344720824e7cc2ea28c4,91,-0.35070225223996687,0.01
0,0,unrounded_strict,side_informed,gh80,beta_half_half,20.0,retention_bounded_plus_HU,0.001,5408050a7c8e3fd51bef6658f73bc7cde508d9922d061daa850381a661f5a7ea,4ce58800c14278ca9dab53fe2324066449d9e882c93a8166fa2924f38c3e0f63,91,-0.3470037839797816,0.01
0,0,unrounded_strict,side_informed,gh80,beta_half_half,20.0,retention_bounded_plus_HU,0.01,5408050a7c8e3fd51bef6658f73bc7cde508d9922d061daa850381a661f5a7ea,badf6201d497b0804c28bc921bdec114a221cab361d9bfbc637b1d38666e457a,91,-0.33630714558537,0.01
0,0,unrounded_strict,side_informed,gh80,beta_half_half,20.0,retention_bounded_plus_HU,0.1,5408050a7c8e3fd51bef6658f73bc7cde508d9922d061daa850381a661f5a7ea,ab23fb66d45f237d425168bc65a5a2118131ce9f9c2d894365dfb298e516bb64,91,-0.34923476480403043,0.01
0,1,unrounded_strict,side_informed,gh80,beta_half_half,20.0,retention_bounded_plus_HU,0.0,43df9afd7bbb08c16a32c53d9b371bf2731a1085c0b15d2f9d9a4be61ba45707,034cb9fa4f1c946da48e066d2dd684e75238b563495259ba75ee2e24b26d04a6,89,-0.35192789717700235,0.01
0,1,unrounded_strict,side_informed,gh80,beta_half_half,20.0,retention_bounded_plus_HU,0.0001,43df9afd7bbb08c16a32c53d9b371bf2731a1085c0b15d2f9d9a4be61ba45707,83ea6b49e9e8f665c62a48885da433240932047ad9bd7c1d38be8e23bdb9c45a,89,-0.35070225223996687,0.01
0,1,unrounded_strict,side_informed,gh80,beta_half_half,20.0,retention_bounded_plus_HU,0.001,43df9afd7bbb08c16a32c53d9b371bf2731a1085c0b15d2f9d9a4be61ba45707,a7ffe6030d8ccce8503216ba44bfd1bb8ed2b448e4e838307f6b24ead91c1937,89,-0.3470037839797816,0.01
0,1,unrounded_strict,side_informed,gh80,beta_half_half,20.0,retention_bounded_plus_HU,0.01,43df9afd7bbb08c16a32c53d9b371bf2731a1085c0b15d2f9d9a4be61ba45707,4034b0fe3575d3939d405bb76758a67f223f563dfb9627ced293771118145f41,89,-0.33630714558537,0.01
0,1,unrounded_strict,side_informed,gh80,beta_half_half,20.0,retention_bounded_plus_HU,0.1,43df9afd7bbb08c16a32c53d9b371bf2731a1085c0b15d2f9d9a4be61ba45707,9b2cba55fe8bd6d54fec8e76854b61bf2ee00b75ade2098ec44fb24359551ebf,89,-0.34923476480403043,0.01
0,2,unrounded_strict,side_informed,gh80,beta_half_half,20.0,retention_bounded_plus_HU,0.0,8b66ea1302bcaaf1be700d516d29455d16642176198b117e045d901728cddd91,ff6dded285c131edda3e01553cb5a944b55cd6bdc8afb2d66e27d2e8f5d7bd84,91,-0.35192789717700235,0.01
0,2,unrounded_strict,side_informed,gh80,beta_half_half,20.0,retention_bounded_plus_HU,0.0001,8b66ea1302bcaaf1be700d516d29455d16642176198b117e045d901728cddd91,ab339705b2b2928e75c8dba13cfbce486ef365a2587874488741910eca0662f7,91,-0.35070225223996687,0.01
0,2,unrounded_strict,side_informed,gh80,beta_half_half,20.0,retention_bounded_plus_HU,0.001,8b66ea1302bcaaf1be700d516d29455d16642176198b117e045d901728cddd91,0c6548d44905a6399b89036abb4acfceb2fe16641ebd22c67c7576b235eaa07c,91,-0.3470037839797816,0.01
0,2,unrounded_strict,side_informed,gh80,beta_half_half,20.0,retention_bounded_plus_HU,0.01,8b66ea1302bcaaf1be700d516d29455d16642176198b117e045d901728cddd91,e993a673b4061e85dc872a851b0481d98abd7968144737815cdf9e045041c5ec,91,-0.33630714558537,0.01
0,2,unrounded_strict,side_informed,gh80,beta_half_half,20.0,retention_bounded_plus_HU,0.1,8b66ea1302bcaaf1be700d516d29455d16642176198b117e045d901728cddd91,f99f51a46f9d24a68cc574027c00fa5b0ba5b104216668d65a10e8d5be80809a,91,-0.34923476480403043,0.01
0,0,unrounded_strict,wholly_unseen,laplace,beta_half_half,20.0,retention_bounded,0.0,5408050a7c8e3fd51bef6658f73bc7cde508d9922d061daa850381a661f5a7ea,4a96b53be0063694b55962c2946a0874701361b257f532fa8a691bcc3f351c49,91,-0.6628805505523029,0.01
0,0,unrounded_strict,wholly_unseen,laplace,beta_half_half,20.0,retention_bounded,0.0001,5408050a7c8e3fd51bef6658f73bc7cde508d9922d061daa850381a661f5a7ea,bfbcc492702a7dd090d0b215a69cfa4ee7dac4850dacff38b40437af9b77228c,91,-0.662266495060103,0.01
0,0,unrounded_strict,wholly_unseen,laplace,beta_half_half,20.0,retention_bounded,0.001,5408050a7c8e3fd51bef6658f73bc7cde508d9922d061daa850381a661f5a7ea,edfc325c476ab9496567535b2bfab7aa059f92f884e3f6a8d0dc8655d006f7ef,91,-0.6573538901293146,0.01
0,0,unrounded_strict,wholly_unseen,laplace,beta_half_half,20.0,retention_bounded,0.01,5408050a7c8e3fd51bef6658f73bc7cde508d9922d061daa850381a661f5a7ea,8f77424abe978a81858c77edac48b2ca1525a2fea22b4d77f85574c51f3dc9d5,91,-0.6328682702330958,0.01
0,0,unrounded_strict,wholly_unseen,laplace,beta_half_half,20.0,retention_bounded,0.1,5408050a7c8e3fd51bef6658f73bc7cde508d9922d061daa850381a661f5a7ea,8a34df4327ff9dd94fb3be16f0c0a15ffe608f8b1aab807a7828ecaf26b5c0e6,91,-0.6485330264906969,0.01
0,1,unrounded_strict,wholly_unseen,laplace,beta_half_half,20.0,retention_bounded,0.0,43df9afd7bbb08c16a32c53d9b371bf2731a1085c0b15d2f9d9a4be61ba45707,5ce01d82384198867e6492f5b2229dbe6e20ea550b548a6167b4c3e976cc21a9,89,-0.6628805505523029,0.01
0,1,unrounded_strict,wholly_unseen,laplace,beta_half_half,20.0,retention_bounded,0.0001,43df9afd7bbb08c16a32c53d9b371bf2731a1085c0b15d2f9d9a4be61ba45707,0a5c7d4c47e118054ea3167ee62e9a8b558baf5db941df4dc915cd42752b7da2,89,-0.662266495060103,0.01
0,1,unrounded_strict,wholly_unseen,laplace,beta_half_half,20.0,retention_bounded,0.001,43df9afd7bbb08c16a32c53d9b371bf2731a1085c0b15d2f9d9a4be61ba45707,f1630fbf6af54c528b69fc30d809334fb9f9dfcb89ef16a8a809f70e311aa0df,89,-0.6573538901293146,0.01
0,1,unrounded_strict,wholly_unseen,laplace,beta_half_half,20.0,retention_bounded,0.01,43df9afd7bbb08c16a32c53d9b371bf2731a1085c0b15d2f9d9a4be61ba45707,5b10f3a99f5c495a9906706bffcce2d61f625d1af5e34aadd42fca535fcf6592,89,-0.6328682702330958,0.01
0,1,unrounded_strict,wholly_unseen,laplace,beta_half_half,20.0,retention_bounded,0.1,43df9afd7bbb08c16a32c53d9b371bf2731a1085c0b15d2f9d9a4be61ba45707,2949211acbad73757eadd500186e16defa085aff564a7581444c5881c69666c9,89,-0.6485330264906969,0.01
0,2,unrounded_strict,wholly_unseen,laplace,beta_half_half,20.0,retention_bounded,0.0,8b66ea1302bcaaf1be700d516d29455d16642176198b117e045d901728cddd91,95a2aa4b99685f9917a70a19b95e896e11436a846727259fc2faeef1d43e667e,91,-0.6628805505523029,0.01
0,2,unrounded_strict,wholly_unseen,laplace,beta_half_half,20.0,retention_bounded,0.0001,8b66ea1302bcaaf1be700d516d29455d16642176198b117e045d901728cddd91,0c06dbd267a557c100998d4749d65823bf0c791b29d4139dff211bee1b6de32d,91,-0.662266495060103,0.01
0,2,unrounded_strict,wholly_unseen,laplace,beta_half_half,20.0,retention_bounded,0.001,8b66ea1302bcaaf1be700d516d29455d16642176198b117e045d901728cddd91,17c2f023178bd06e9eb88f7088fae68619469bd6a0025a06fb37edfbb3d9cd0f,91,-0.6573538901293146,0.01
0,2,unrounded_strict,wholly_unseen,laplace,beta_half_half,20.0,retention_bounded,0.01,8b66ea1302bcaaf1be700d516d29455d16642176198b117e045d901728cddd91,3b767ab415f14404198231d6cced01eccdcc0d5521a4778440950b5c86508213,91,-0.6328682702330958,0.01
0,2,unrounded_strict,wholly_unseen,laplace,beta_half_half,20.0,retention_bounded,0.1,8b66ea1302bcaaf1be700d516d29455d16642176198b117e045d901728cddd91,d1d2304a75d249e94623e0f99397ef503e53cea38953224bda1ef6878a158f95,91,-0.6485330264906969,0.01
0,0,unrounded_strict,wholly_unseen,laplace,beta_half_half,20.0,retention_nonnegative,0.0,5408050a7c8e3fd51bef6658f73bc7cde508d9922d061daa850381a661f5a7ea,ae825f34fb61030ee4cb58e3789907c619ed6e01c2d90c68e8602775591ddde0,91,-0.6628805634718467,0.01
0,0,unrounded_strict,wholly_unseen,laplace,beta_half_half,20.0,retention_nonnegative,0.0001,5408050a7c8e3fd51bef6658f73bc7cde508d9922d061daa850381a661f5a7ea,f2f0cb4b089f6675ab47cbd4d97de01a30fd25c440b56c83a51ffc27a9ac972e,91,-0.6607203517633834,0.01
0,0,unrounded_strict,wholly_unseen,laplace,beta_half_half,20.0,retention_nonnegative,0.001,5408050a7c8e3fd51bef6658f73bc7cde508d9922d061daa850381a661f5a7ea,18ab90e5939f4e21bd1ac6158e6052db181cfae294dcb83be7e40baa0e319c74,91,-0.6462486820661677,0.01
0,0,unrounded_strict,wholly_unseen,laplace,beta_half_half,20.0,retention_nonnegative,0.01,5408050a7c8e3fd51bef6658f73bc7cde508d9922d061daa850381a661f5a7ea,fcf5e5d8378a2d1bdcefc7e7b2e427e1c416043a2b914c02ccf3b479a350b450,91,-0.621551667733965,0.01
0,0,unrounded_strict,wholly_unseen,laplace,beta_half_half,20.0,retention_nonnegative,0.1,5408050a7c8e3fd51bef6658f73bc7cde508d9922d061daa850381a661f5a7ea,75bd846adcc54a7779a132ea6d1fca48fc226b7994b5e546f6a7b61087486127,91,-0.6996580216789352,0.01
0,1,unrounded_strict,wholly_unseen,laplace,beta_half_half,20.0,retention_nonnegative,0.0,43df9afd7bbb08c16a32c53d9b371bf2731a1085c0b15d2f9d9a4be61ba45707,596760386a92b00427bb3751528daf41a39e1e96b1dafa4d020d082e0291ff41,89,-0.6628805634718467,0.01
0,1,unrounded_strict,wholly_unseen,laplace,beta_half_half,20.0,retention_nonnegative,0.0001,43df9afd7bbb08c16a32c53d9b371bf2731a1085c0b15d2f9d9a4be61ba45707,8413d1e6f4a0e92b5a31239f9d365519a02debd46322fff89dbc277b5513c9a0,89,-0.6607203517633834,0.01
0,1,unrounded_strict,wholly_unseen,laplace,beta_half_half,20.0,retention_nonnegative,0.001,43df9afd7bbb08c16a32c53d9b371bf2731a1085c0b15d2f9d9a4be61ba45707,734c046d90bcd2e7f415db8166add52eb7f461a9a3ad8cf7d8ba7b2c45c626c9,89,-0.6462486820661677,0.01
0,1,unrounded_strict,wholly_unseen,laplace,beta_half_half,20.0,retention_nonnegative,0.01,43df9afd7bbb08c16a32c53d9b371bf2731a1085c0b15d2f9d9a4be61ba45707,375a19c6d68bef2e57688537508fcaf2204ba90267c8ce1c1f80f21277f4b4f8,89,-0.621551667733965,0.01
0,1,unrounded_strict,wholly_unseen,laplace,beta_half_half,20.0,retention_nonnegative,0.1,43df9afd7bbb08c16a32c53d9b371bf2731a1085c0b15d2f9d9a4be61ba45707,2826fc71a51c8a66b7ce780227f307b680463d733bf9d290d3cbfde2d7c60b5d,89,-0.6996580216789352,0.01
0,2,unrounded_strict,wholly_unseen,laplace,beta_half_half,20.0,retention_nonnegative,0.0,8b66ea1302bcaaf1be700d516d29455d16642176198b117e045d901728cddd91,6b94d139ed2c239718449f3cd219fd3099c9f70853eb1ad2e65e5ba32866e0c5,91,-0.6628805634718467,0.01
0,2,unrounded_strict,wholly_unseen,laplace,beta_half_half,20.0,retention_nonnegative,0.0001,8b66ea1302bcaaf1be700d516d29455d16642176198b117e045d901728cddd91,ff387fd523b1ebaa8871182e410a9ca391a1a0a8096499463ba62a620b9c9d3f,91,-0.6607203517633834,0.01
0,2,unrounded_strict,wholly_unseen,laplace,beta_half_half,20.0,retention_nonnegative,0.001,8b66ea1302bcaaf1be700d516d29455d16642176198b117e045d901728cddd91,159ad050d1a4840fee2b1cb65f5b8a8edf62a9ca3e4bb80283ca1056830d7174,91,-0.6462486820661677,0.01
0,2,unrounded_strict,wholly_unseen,laplace,beta_half_half,20.0,retention_nonnegative,0.01,8b66ea1302bcaaf1be700d516d29455d16642176198b117e045d901728cddd91,ab3d4b8b9025bc5d03c191b11a01802db314f8560365e6a8c133949060a3983d,91,-0.621551667733965,0.01
0,2,unrounded_strict,wholly_unseen,laplace,beta_half_half,20.0,retention_nonnegative,0.1,8b66ea1302bcaaf1be700d516d29455d16642176198b117e045d901728cddd91,6f4e4da261f956840e17aa8690aaad4d726ba1af8b814c54343246eef7fb3361,91,-0.6996580216789352,0.01
0,0,unrounded_strict,wholly_unseen,laplace,beta_half_half,20.0,current_only,0.0,5408050a7c8e3fd51bef6658f73bc7cde508d9922d061daa850381a661f5a7ea,96d36799dd78d2927c3342110903d5027118ee6ce3a1b820ba47d34ba240a3a3,91,-0.9042844367876672,0.1
0,0,unrounded_strict,wholly_unseen,laplace,beta_half_half,20.0,current_only,0.0001,5408050a7c8e3fd51bef6658f73bc7cde508d9922d061daa850381a661f5a7ea,3ac076e47543288381f2046ef0a40da869f29c96722b1cc1c19dcd5d27116f12,91,-0.9040909131841822,0.1
0,0,unrounded_strict,wholly_unseen,laplace,beta_half_half,20.0,current_only,0.001,5408050a7c8e3fd51bef6658f73bc7cde508d9922d061daa850381a661f5a7ea,4ecbef9d247078d16ca63bdf9fb775eac2026ea8f51d78ba51fa0ef430864ed5,91,-0.9024119986561799,0.1
0,0,unrounded_strict,wholly_unseen,laplace,beta_half_half,20.0,current_only,0.01,5408050a7c8e3fd51bef6658f73bc7cde508d9922d061daa850381a661f5a7ea,e99fd860db2d56bfda65ea1e99b74b4b50cea4f36a366da033f5515859212f55,91,-0.8902903017044308,0.1
0,0,unrounded_strict,wholly_unseen,laplace,beta_half_half,20.0,current_only,0.1,5408050a7c8e3fd51bef6658f73bc7cde508d9922d061daa850381a661f5a7ea,d60608d2f1c8d72055779f6e4aa572d9a7f0681937e0127e762a99837021708b,91,-0.8839051551856992,0.1
0,1,unrounded_strict,wholly_unseen,laplace,beta_half_half,20.0,current_only,0.0,43df9afd7bbb08c16a32c53d9b371bf2731a1085c0b15d2f9d9a4be61ba45707,6705a85e0e9731473f933490540bf83ec38079d311299c1b4ffd858b3d21f597,89,-0.9042844367876672,0.1
0,1,unrounded_strict,wholly_unseen,laplace,beta_half_half,20.0,current_only,0.0001,43df9afd7bbb08c16a32c53d9b371bf2731a1085c0b15d2f9d9a4be61ba45707,e6ece114ecd83fc61e5b204f853e9d4efcc4430af999e7f1838b54ac8b95dbaf,89,-0.9040909131841822,0.1
0,1,unrounded_strict,wholly_unseen,laplace,beta_half_half,20.0,current_only,0.001,43df9afd7bbb08c16a32c53d9b371bf2731a1085c0b15d2f9d9a4be61ba45707,826a2f1128714f08974d4c31fb557af90d33d560c9a9e3fa147a82b36e1a7563,89,-0.9024119986561799,0.1
0,1,unrounded_strict,wholly_unseen,laplace,beta_half_half,20.0,current_only,0.01,43df9afd7bbb08c16a32c53d9b371bf2731a1085c0b15d2f9d9a4be61ba45707,332848fd8d12b35069d0c877615e5d4a6bb7c9858eb92f71de3368910223e020,89,-0.8902903017044308,0.1
0,1,unrounded_strict,wholly_unseen,laplace,beta_half_half,20.0,current_only,0.1,43df9afd7bbb08c16a32c53d9b371bf2731a1085c0b15d2f9d9a4be61ba45707,a66a8e7e9126874d24c5b680850ac6fd7cffb23544afe4d6683f5c6eebaafa6b,89,-0.8839051551856992,0.1
0,2,unrounded_strict,wholly_unseen,laplace,beta_half_half,20.0,current_only,0.0,8b66ea1302bcaaf1be700d516d29455d16642176198b117e045d901728cddd91,2408be112964daf3018cf230a1813bbb556c0a53c61c011501e6dafa10ed9559,91,-0.9042844367876672,0.1
0,2,unrounded_strict,wholly_unseen,laplace,beta_half_half,20.0,current_only,0.0001,8b66ea1302bcaaf1be700d516d29455d16642176198b117e045d901728cddd91,98e497d2d93bf180ee72e7a023ea37ee48269cad020c6564209928676e5959b4,91,-0.9040909131841822,0.1
0,2,unrounded_strict,wholly_unseen,laplace,beta_half_half,20.0,current_only,0.001,8b66ea1302bcaaf1be700d516d29455d16642176198b117e045d901728cddd91,6acef95473c7d0a9ddbd839a36af273b89562274ce34b34477901b7d10951322,91,-0.9024119986561799,0.1
0,2,unrounded_strict,wholly_unseen,laplace,beta_half_half,20.0,current_only,0.01,8b66ea1302bcaaf1be700d516d29455d16642176198b117e045d901728cddd91,b246a4102bd7f520ca34f3b2d94217b506eee3966b6624d5cff485fea69e8df4,91,-0.8902903017044308,0.1
0,2,unrounded_strict,wholly_unseen,laplace,beta_half_half,20.0,current_only,0.1,8b66ea1302bcaaf1be700d516d29455d16642176198b117e045d901728cddd91,5f69f1eafef84c9bd22de73217405617d3639a312a3f9aa704aa24747fe488ed,91,-0.8839051551856992,0.1
0,0,unrounded_strict,wholly_unseen,laplace,beta_half_half,20.0,input_plus_surface,0.0,5408050a7c8e3fd51bef6658f73bc7cde508d9922d061daa850381a661f5a7ea,248e4027ed2b011999cce62767b99a812575913d2139f29f5a979b078c0d531f,91,-0.6362246811562188,0.01
0,0,unrounded_strict,wholly_unseen,laplace,beta_half_half,20.0,input_plus_surface,0.0001,5408050a7c8e3fd51bef6658f73bc7cde508d9922d061daa850381a661f5a7ea,1b7161cadd693598a9bffd2d285c9d1fb565d705df6bfabd8f5c9c85f815bb4b,91,-0.6348605821566212,0.01
0,0,unrounded_strict,wholly_unseen,laplace,beta_half_half,20.0,input_plus_surface,0.001,5408050a7c8e3fd51bef6658f73bc7cde508d9922d061daa850381a661f5a7ea,b256c50f0a381996fd5da19d4cfc6fdf02b3d2d73c51f2764bbd5cbcbf8890e0,91,-0.6253617904393186,0.01
0,0,unrounded_strict,wholly_unseen,laplace,beta_half_half,20.0,input_plus_surface,0.01,5408050a7c8e3fd51bef6658f73bc7cde508d9922d061daa850381a661f5a7ea,7f2f143eb1cf24ba932e1d55e64ffb9f04d3828a861a9e42fe9552aeafb24f64,91,-0.6017397540311662,0.01
0,0,unrounded_strict,wholly_unseen,laplace,beta_half_half,20.0,input_plus_surface,0.1,5408050a7c8e3fd51bef6658f73bc7cde508d9922d061daa850381a661f5a7ea,8e1425a96b7bc8c26773a609dc7d68b896f184bd797eb6d3accd58b256f60d18,91,-0.6572510024935578,0.01
0,1,unrounded_strict,wholly_unseen,laplace,beta_half_half,20.0,input_plus_surface,0.0,43df9afd7bbb08c16a32c53d9b371bf2731a1085c0b15d2f9d9a4be61ba45707,d7f833793ad14acaf93ed354ff8cdcb1ee6e370adbecd830e628addae7ee4657,89,-0.6362246811562188,0.01
0,1,unrounded_strict,wholly_unseen,laplace,beta_half_half,20.0,input_plus_surface,0.0001,43df9afd7bbb08c16a32c53d9b371bf2731a1085c0b15d2f9d9a4be61ba45707,af8f81a6a49c4083674b74eb27f58f325dadd4434c7a4ede55c129d75ad28b7d,89,-0.6348605821566212,0.01
0,1,unrounded_strict,wholly_unseen,laplace,beta_half_half,20.0,input_plus_surface,0.001,43df9afd7bbb08c16a32c53d9b371bf2731a1085c0b15d2f9d9a4be61ba45707,74b1d72ddcc817b7dbd574964cfd02ada3890af9b557e41fcf12ce32fa9103a5,89,-0.6253617904393186,0.01
0,1,unrounded_strict,wholly_unseen,laplace,beta_half_half,20.0,input_plus_surface,0.01,43df9afd7bbb08c16a32c53d9b371bf2731a1085c0b15d2f9d9a4be61ba45707,99622f525ec9c161ee703c74c9320c7d92389a533d225d0d5d0be831cdb6a42f,89,-0.6017397540311662,0.01
0,1,unrounded_strict,wholly_unseen,laplace,beta_half_half,20.0,input_plus_surface,0.1,43df9afd7bbb08c16a32c53d9b371bf2731a1085c0b15d2f9d9a4be61ba45707,546cd1d4f1e4e4c0a3284ec5f8ff5104a7d1f4718e3547bac2a84714a7233c2d,89,-0.6572510024935578,0.01
0,2,unrounded_strict,wholly_unseen,laplace,beta_half_half,20.0,input_plus_surface,0.0,8b66ea1302bcaaf1be700d516d29455d16642176198b117e045d901728cddd91,0c79d565c8760707da5b4a1ebdea11ed0d81fc4c21f4a21ee66762e668be6c58,91,-0.6362246811562188,0.01
0,2,unrounded_strict,wholly_unseen,laplace,beta_half_half,20.0,input_plus_surface,0.0001,8b66ea1302bcaaf1be700d516d29455d16642176198b117e045d901728cddd91,678813389338afbfb7808a278038fde159f8adfadc1453842b868de7f93597cf,91,-0.6348605821566212,0.01
0,2,unrounded_strict,wholly_unseen,laplace,beta_half_half,20.0,input_plus_surface,0.001,8b66ea1302bcaaf1be700d516d29455d16642176198b117e045d901728cddd91,57db4ec7d2a46b753aba852859e2ae23f88c65508976f568380e5e6d447ef977,91,-0.6253617904393186,0.01
0,2,unrounded_strict,wholly_unseen,laplace,beta_half_half,20.0,input_plus_surface,0.01,8b66ea1302bcaaf1be700d516d29455d16642176198b117e045d901728cddd91,f37611da480afb3d8c2d315c2e2e784683c18a8aa44955f4f5833b054c46c2cc,91,-0.6017397540311662,0.01
0,2,unrounded_strict,wholly_unseen,laplace,beta_half_half,20.0,input_plus_surface,0.1,8b66ea1302bcaaf1be700d516d29455d16642176198b117e045d901728cddd91,dc4d0ef607aff584641263c4c758bac045a44281b0ed0501464570b3bb5d3070,91,-0.6572510024935578,0.01
0,0,unrounded_strict,wholly_unseen,laplace,beta_half_half,20.0,HU_plus_surface,0.0,5408050a7c8e3fd51bef6658f73bc7cde508d9922d061daa850381a661f5a7ea,c6f7b90c9ba4bb9addd63fdbe46f2acd96a4329d5caa194aaf97d76bd975d81c,91,-0.6339492862277255,0.01
0,0,unrounded_strict,wholly_unseen,laplace,beta_half_half,20.0,HU_plus_surface,0.0001,5408050a7c8e3fd51bef6658f73bc7cde508d9922d061daa850381a661f5a7ea,4f719905347222c4882e4fa3d190592470ff4440d5912c7827958a57afd32d8a,91,-0.6325193569257603,0.01
0,0,unrounded_strict,wholly_unseen,laplace,beta_half_half,20.0,HU_plus_surface,0.001,5408050a7c8e3fd51bef6658f73bc7cde508d9922d061daa850381a661f5a7ea,4918017c3c23a28696f9a58265320c9def2ff22cb66f34ded8b03fd18b273396,91,-0.6227153458763087,0.01
0,0,unrounded_strict,wholly_unseen,laplace,beta_half_half,20.0,HU_plus_surface,0.01,5408050a7c8e3fd51bef6658f73bc7cde508d9922d061daa850381a661f5a7ea,7f44144511b26c71ccfc5736554e49472483a543b614d89eab776125cf157782,91,-0.5994494108713381,0.01
0,0,unrounded_strict,wholly_unseen,laplace,beta_half_half,20.0,HU_plus_surface,0.1,5408050a7c8e3fd51bef6658f73bc7cde508d9922d061daa850381a661f5a7ea,9be7ab3ce7ba2dd7171cd71b3f2aa8cc71a2bf3b9b02b6877af961953c1fa156,91,-0.6570301137006678,0.01
0,1,unrounded_strict,wholly_unseen,laplace,beta_half_half,20.0,HU_plus_surface,0.0,43df9afd7bbb08c16a32c53d9b371bf2731a1085c0b15d2f9d9a4be61ba45707,d61e9a0882a3efa804c29edd0c0c437622c7369f67341a0d6a26c10c44fd53ad,89,-0.6339492862277255,0.01
0,1,unrounded_strict,wholly_unseen,laplace,beta_half_half,20.0,HU_plus_surface,0.0001,43df9afd7bbb08c16a32c53d9b371bf2731a1085c0b15d2f9d9a4be61ba45707,ef312dbcc41ec5e626631b4dcd59dac4946a395ebc1c3378c38478c14ba089d0,89,-0.6325193569257603,0.01
0,1,unrounded_strict,wholly_unseen,laplace,beta_half_half,20.0,HU_plus_surface,0.001,43df9afd7bbb08c16a32c53d9b371bf2731a1085c0b15d2f9d9a4be61ba45707,9296d30f1da15a52df6c520b8263e2b18b893a02fe330282d2fc770c8e071ad4,89,-0.6227153458763087,0.01
0,1,unrounded_strict,wholly_unseen,laplace,beta_half_half,20.0,HU_plus_surface,0.01,43df9afd7bbb08c16a32c53d9b371bf2731a1085c0b15d2f9d9a4be61ba45707,ec8f892b1896b2dd215034047e70f4819d89fffdd92c1861966d638736a62570,89,-0.5994494108713381,0.01
0,1,unrounded_strict,wholly_unseen,laplace,beta_half_half,20.0,HU_plus_surface,0.1,43df9afd7bbb08c16a32c53d9b371bf2731a1085c0b15d2f9d9a4be61ba45707,87d9521a3155e6e64110ba731c1e9d5e98e71ad1145e397bed4e0b782d2f9fda,89,-0.6570301137006678,0.01
0,2,unrounded_strict,wholly_unseen,laplace,beta_half_half,20.0,HU_plus_surface,0.0,8b66ea1302bcaaf1be700d516d29455d16642176198b117e045d901728cddd91,d2fa46f9860708d5029fabc374e00102fafe5508f80935e7097beae9608995ba,91,-0.6339492862277255,0.01
0,2,unrounded_strict,wholly_unseen,laplace,beta_half_half,20.0,HU_plus_surface,0.0001,8b66ea1302bcaaf1be700d516d29455d16642176198b117e045d901728cddd91,b00a373eb9f0a2cd0d01972e4e15ec19a78169dd58a8de158a92627073f4e478,91,-0.6325193569257603,0.01
0,2,unrounded_strict,wholly_unseen,laplace,beta_half_half,20.0,HU_plus_surface,0.001,8b66ea1302bcaaf1be700d516d29455d16642176198b117e045d901728cddd91,217caff3c6b06273b36aaa023f894e52ed146ae4b72f504fc25b740ed4e9d24c,91,-0.6227153458763087,0.01
0,2,unrounded_strict,wholly_unseen,laplace,beta_half_half,20.0,HU_plus_surface,0.01,8b66ea1302bcaaf1be700d516d29455d16642176198b117e045d901728cddd91,99e68fd0cfb1d3ae52dcdeed432066236c3b089235943d84bcf33cf8e50c17b2,91,-0.5994494108713381,0.01
0,2,unrounded_strict,wholly_unseen,laplace,beta_half_half,20.0,HU_plus_surface,0.1,8b66ea1302bcaaf1be700d516d29455d16642176198b117e045d901728cddd91,f258b7e83729c87a3c9cc5ae5ba29cbd627f825e0f3683ccd380276688d6c975,91,-0.6570301137006678,0.01
0,0,unrounded_strict,wholly_unseen,laplace,beta_half_half,20.0,retention_bounded_plus_HU,0.0,5408050a7c8e3fd51bef6658f73bc7cde508d9922d061daa850381a661f5a7ea,8a30ab7f6bbc9ffd8076ff1c87c3b0d8b2ead4c6014996bf0794b7bbbcb2c664,91,-0.6549590166146124,0.01
0,0,unrounded_strict,wholly_unseen,laplace,beta_half_half,20.0,retention_bounded_plus_HU,0.0001,5408050a7c8e3fd51bef6658f73bc7cde508d9922d061daa850381a661f5a7ea,4b4941829d82d9ca5195d2c6596c440f2596bb24f74c29d514d02a8dc0618cf9,91,-0.6541029910581896,0.01
0,0,unrounded_strict,wholly_unseen,laplace,beta_half_half,20.0,retention_bounded_plus_HU,0.001,5408050a7c8e3fd51bef6658f73bc7cde508d9922d061daa850381a661f5a7ea,61b5997c9c717afef2dae86e192f6b955ccbe27633aaf1bc9353e432dd0ea5a7,91,-0.6517464244205531,0.01
0,0,unrounded_strict,wholly_unseen,laplace,beta_half_half,20.0,retention_bounded_plus_HU,0.01,5408050a7c8e3fd51bef6658f73bc7cde508d9922d061daa850381a661f5a7ea,0890a57ba9a1007e43976e72629765e663326d0a08f1542f6405f251ea9445d2,91,-0.6289147987260763,0.01
0,0,unrounded_strict,wholly_unseen,laplace,beta_half_half,20.0,retention_bounded_plus_HU,0.1,5408050a7c8e3fd51bef6658f73bc7cde508d9922d061daa850381a661f5a7ea,5903bc231b816c1c4a5b341188fb503546109a68149099de6a5a6c76f261d757,91,-0.6294927155712036,0.01
0,1,unrounded_strict,wholly_unseen,laplace,beta_half_half,20.0,retention_bounded_plus_HU,0.0,43df9afd7bbb08c16a32c53d9b371bf2731a1085c0b15d2f9d9a4be61ba45707,f9138cab9d221cf79952f0f2f14d5b13d38821e228d12aab9a0b5e873ed84168,89,-0.6549590166146124,0.01
0,1,unrounded_strict,wholly_unseen,laplace,beta_half_half,20.0,retention_bounded_plus_HU,0.0001,43df9afd7bbb08c16a32c53d9b371bf2731a1085c0b15d2f9d9a4be61ba45707,1591be7ad5935ff2ebb104f66ac7dcc02bc645f7eeec366babb4c26879b05932,89,-0.6541029910581896,0.01
0,1,unrounded_strict,wholly_unseen,laplace,beta_half_half,20.0,retention_bounded_plus_HU,0.001,43df9afd7bbb08c16a32c53d9b371bf2731a1085c0b15d2f9d9a4be61ba45707,a160fa2e1ff101ca1130dc8e0486304b70ccf7ae287767adbfef88db7092ef79,89,-0.6517464244205531,0.01
0,1,unrounded_strict,wholly_unseen,laplace,beta_half_half,20.0,retention_bounded_plus_HU,0.01,43df9afd7bbb08c16a32c53d9b371bf2731a1085c0b15d2f9d9a4be61ba45707,28e3b30ac852c2c32c06564fdfba6a87e802bf057ccc14fa3aed4384ca56779a,89,-0.6289147987260763,0.01
0,1,unrounded_strict,wholly_unseen,laplace,beta_half_half,20.0,retention_bounded_plus_HU,0.1,43df9afd7bbb08c16a32c53d9b371bf2731a1085c0b15d2f9d9a4be61ba45707,db98cdba1fff197a45dfc286d1142a51f9ba3a284f551906b65e4a27a1403e5a,89,-0.6294927155712036,0.01
0,2,unrounded_strict,wholly_unseen,laplace,beta_half_half,20.0,retention_bounded_plus_HU,0.0,8b66ea1302bcaaf1be700d516d29455d16642176198b117e045d901728cddd91,17923988adb1561cb5e9ead7d990948a8bbe34440fc9c56e3841acb55b692bd6,91,-0.6549590166146124,0.01
0,2,unrounded_strict,wholly_unseen,laplace,beta_half_half,20.0,retention_bounded_plus_HU,0.0001,8b66ea1302bcaaf1be700d516d29455d16642176198b117e045d901728cddd91,d9d74662ced83efbcc0465cd3dacb3f49d88d9bc136a0c98b2db387ac5a5377d,91,-0.6541029910581896,0.01
0,2,unrounded_strict,wholly_unseen,laplace,beta_half_half,20.0,retention_bounded_plus_HU,0.001,8b66ea1302bcaaf1be700d516d29455d16642176198b117e045d901728cddd91,46bb38049576cb6b9038cdb9abfe397e55ea02eda0626b1c14addb9ee5c91082,91,-0.6517464244205531,0.01
0,2,unrounded_strict,wholly_unseen,laplace,beta_half_half,20.0,retention_bounded_plus_HU,0.01,8b66ea1302bcaaf1be700d516d29455d16642176198b117e045d901728cddd91,b42be4ea6a9550f00dcc1f9568939a32f6f1850ac01374051321b60e12de55ed,91,-0.6289147987260763,0.01
0,2,unrounded_strict,wholly_unseen,laplace,beta_half_half,20.0,retention_bounded_plus_HU,0.1,8b66ea1302bcaaf1be700d516d29455d16642176198b117e045d901728cddd91,efe8fbabbe329ee6625653773125cfbd93c4296b27d20677d37cb720bfeb046d,91,-0.6294927155712036,0.01
0,0,unrounded_strict,wholly_unseen,gh80,beta_half_half,20.0,HU_plus_surface,0.0,5408050a7c8e3fd51bef6658f73bc7cde508d9922d061daa850381a661f5a7ea,675660c94a402adbcdea26b1b1c6e147d07f886b15001192a838bd281f8a42d9,91,-0.6149504353301642,0.01
0,0,unrounded_strict,wholly_unseen,gh80,beta_half_half,20.0,HU_plus_surface,0.0001,5408050a7c8e3fd51bef6658f73bc7cde508d9922d061daa850381a661f5a7ea,a7b78a16f963b250b2a50ee97745c7f68623ff0eebd3d72a773592c87b51e0f8,91,-0.6135093382479364,0.01
0,0,unrounded_strict,wholly_unseen,gh80,beta_half_half,20.0,HU_plus_surface,0.001,5408050a7c8e3fd51bef6658f73bc7cde508d9922d061daa850381a661f5a7ea,55d04ee730e18b6fe8ec535342f2eebe6265fc396451f9110125921ae544a0bf,91,-0.6041956675907563,0.01
0,0,unrounded_strict,wholly_unseen,gh80,beta_half_half,20.0,HU_plus_surface,0.01,5408050a7c8e3fd51bef6658f73bc7cde508d9922d061daa850381a661f5a7ea,c32123909cff7ced71d6990525feea5fa6a0955a8b4c1f9db07e1b4bc1764a94,91,-0.5862074690108953,0.01
0,0,unrounded_strict,wholly_unseen,gh80,beta_half_half,20.0,HU_plus_surface,0.1,5408050a7c8e3fd51bef6658f73bc7cde508d9922d061daa850381a661f5a7ea,08ec0ee4c7351877424f9aa8854dbce01cccd02805ebd5603338f86671415fc9,91,-0.6526785266943383,0.01
0,1,unrounded_strict,wholly_unseen,gh80,beta_half_half,20.0,HU_plus_surface,0.0,43df9afd7bbb08c16a32c53d9b371bf2731a1085c0b15d2f9d9a4be61ba45707,1cc7d1659db5c58e38b2bf907a53447a47ff6347308ce844321e43a9dc741ec1,89,-0.6149504353301642,0.01
0,1,unrounded_strict,wholly_unseen,gh80,beta_half_half,20.0,HU_plus_surface,0.0001,43df9afd7bbb08c16a32c53d9b371bf2731a1085c0b15d2f9d9a4be61ba45707,bb73fd939bde886cd70976980b97499547e3f4db5e28ff3f2e242de2b6cbf8e0,89,-0.6135093382479364,0.01
0,1,unrounded_strict,wholly_unseen,gh80,beta_half_half,20.0,HU_plus_surface,0.001,43df9afd7bbb08c16a32c53d9b371bf2731a1085c0b15d2f9d9a4be61ba45707,7c5859a4e29297abbc7b601767207f9b2045b53ba18828fda345f2103c6f9ac8,89,-0.6041956675907563,0.01
0,1,unrounded_strict,wholly_unseen,gh80,beta_half_half,20.0,HU_plus_surface,0.01,43df9afd7bbb08c16a32c53d9b371bf2731a1085c0b15d2f9d9a4be61ba45707,38ed81dd93871dcd9724994af1e7eb6ac0ddee359960f44669ad56d0781f8559,89,-0.5862074690108953,0.01
0,1,unrounded_strict,wholly_unseen,gh80,beta_half_half,20.0,HU_plus_surface,0.1,43df9afd7bbb08c16a32c53d9b371bf2731a1085c0b15d2f9d9a4be61ba45707,c5ef8ad404a0fad066fd5f44a3fc098b3e950a955f87a47e261920f15b4fb267,89,-0.6526785266943383,0.01
0,2,unrounded_strict,wholly_unseen,gh80,beta_half_half,20.0,HU_plus_surface,0.0,8b66ea1302bcaaf1be700d516d29455d16642176198b117e045d901728cddd91,536abd71587a8fe5c49bdfd5082e7f968ff537c397b091dcde27a95b21f496bc,91,-0.6149504353301642,0.01
0,2,unrounded_strict,wholly_unseen,gh80,beta_half_half,20.0,HU_plus_surface,0.0001,8b66ea1302bcaaf1be700d516d29455d16642176198b117e045d901728cddd91,c2798b0bccad4435a30c52ca7aacefef8df357ebe205c3bda5917a2f9ea71b6d,91,-0.6135093382479364,0.01
0,2,unrounded_strict,wholly_unseen,gh80,beta_half_half,20.0,HU_plus_surface,0.001,8b66ea1302bcaaf1be700d516d29455d16642176198b117e045d901728cddd91,e2dc4c8e6c4569fcbf00435d07b628d844c1b2bcfd82449ee1132516b25353ae,91,-0.6041956675907563,0.01
0,2,unrounded_strict,wholly_unseen,gh80,beta_half_half,20.0,HU_plus_surface,0.01,8b66ea1302bcaaf1be700d516d29455d16642176198b117e045d901728cddd91,9d86f19317560b8b765a6818bd42535219d796cb2159a4465b01b92538b79f94,91,-0.5862074690108953,0.01
0,2,unrounded_strict,wholly_unseen,gh80,beta_half_half,20.0,HU_plus_surface,0.1,8b66ea1302bcaaf1be700d516d29455d16642176198b117e045d901728cddd91,dcce187ace0d2e11788c77950276619321eb10a1419e62f897f58cbd4be6fad0,91,-0.6526785266943383,0.01
0,0,unrounded_strict,wholly_unseen,gh80,beta_half_half,20.0,retention_bounded_plus_HU,0.0,5408050a7c8e3fd51bef6658f73bc7cde508d9922d061daa850381a661f5a7ea,587f19a3bfbe08e88c59fb969e6f8145830ce33c6a4f7ec682158f0900e14286,91,-0.6381330884539936,0.01
0,0,unrounded_strict,wholly_unseen,gh80,beta_half_half,20.0,retention_bounded_plus_HU,0.0001,5408050a7c8e3fd51bef6658f73bc7cde508d9922d061daa850381a661f5a7ea,aa66569bf3cd58dcbde03563c85ce07078347681fa96344720824e7cc2ea28c4,91,-0.6370086043032059,0.01
0,0,unrounded_strict,wholly_unseen,gh80,beta_half_half,20.0,retention_bounded_plus_HU,0.001,5408050a7c8e3fd51bef6658f73bc7cde508d9922d061daa850381a661f5a7ea,4ce58800c14278ca9dab53fe2324066449d9e882c93a8166fa2924f38c3e0f63,91,-0.6342755890994034,0.01
0,0,unrounded_strict,wholly_unseen,gh80,beta_half_half,20.0,retention_bounded_plus_HU,0.01,5408050a7c8e3fd51bef6658f73bc7cde508d9922d061daa850381a661f5a7ea,badf6201d497b0804c28bc921bdec114a221cab361d9bfbc637b1d38666e457a,91,-0.618780333442145,0.01
0,0,unrounded_strict,wholly_unseen,gh80,beta_half_half,20.0,retention_bounded_plus_HU,0.1,5408050a7c8e3fd51bef6658f73bc7cde508d9922d061daa850381a661f5a7ea,ab23fb66d45f237d425168bc65a5a2118131ce9f9c2d894365dfb298e516bb64,91,-0.624289185629107,0.01
0,1,unrounded_strict,wholly_unseen,gh80,beta_half_half,20.0,retention_bounded_plus_HU,0.0,43df9afd7bbb08c16a32c53d9b371bf2731a1085c0b15d2f9d9a4be61ba45707,034cb9fa4f1c946da48e066d2dd684e75238b563495259ba75ee2e24b26d04a6,89,-0.6381330884539936,0.01
0,1,unrounded_strict,wholly_unseen,gh80,beta_half_half,20.0,retention_bounded_plus_HU,0.0001,43df9afd7bbb08c16a32c53d9b371bf2731a1085c0b15d2f9d9a4be61ba45707,83ea6b49e9e8f665c62a48885da433240932047ad9bd7c1d38be8e23bdb9c45a,89,-0.6370086043032059,0.01
0,1,unrounded_strict,wholly_unseen,gh80,beta_half_half,20.0,retention_bounded_plus_HU,0.001,43df9afd7bbb08c16a32c53d9b371bf2731a1085c0b15d2f9d9a4be61ba45707,a7ffe6030d8ccce8503216ba44bfd1bb8ed2b448e4e838307f6b24ead91c1937,89,-0.6342755890994034,0.01
0,1,unrounded_strict,wholly_unseen,gh80,beta_half_half,20.0,retention_bounded_plus_HU,0.01,43df9afd7bbb08c16a32c53d9b371bf2731a1085c0b15d2f9d9a4be61ba45707,4034b0fe3575d3939d405bb76758a67f223f563dfb9627ced293771118145f41,89,-0.618780333442145,0.01
0,1,unrounded_strict,wholly_unseen,gh80,beta_half_half,20.0,retention_bounded_plus_HU,0.1,43df9afd7bbb08c16a32c53d9b371bf2731a1085c0b15d2f9d9a4be61ba45707,9b2cba55fe8bd6d54fec8e76854b61bf2ee00b75ade2098ec44fb24359551ebf,89,-0.624289185629107,0.01
0,2,unrounded_strict,wholly_unseen,gh80,beta_half_half,20.0,retention_bounded_plus_HU,0.0,8b66ea1302bcaaf1be700d516d29455d16642176198b117e045d901728cddd91,ff6dded285c131edda3e01553cb5a944b55cd6bdc8afb2d66e27d2e8f5d7bd84,91,-0.6381330884539936,0.01
0,2,unrounded_strict,wholly_unseen,gh80,beta_half_half,20.0,retention_bounded_plus_HU,0.0001,8b66ea1302bcaaf1be700d516d29455d16642176198b117e045d901728cddd91,ab339705b2b2928e75c8dba13cfbce486ef365a2587874488741910eca0662f7,91,-0.6370086043032059,0.01
0,2,unrounded_strict,wholly_unseen,gh80,beta_half_half,20.0,retention_bounded_plus_HU,0.001,8b66ea1302bcaaf1be700d516d29455d16642176198b117e045d901728cddd91,0c6548d44905a6399b89036abb4acfceb2fe16641ebd22c67c7576b235eaa07c,91,-0.6342755890994034,0.01
0,2,unrounded_strict,wholly_unseen,gh80,beta_half_half,20.0,retention_bounded_plus_HU,0.01,8b66ea1302bcaaf1be700d516d29455d16642176198b117e045d901728cddd91,e993a673b4061e85dc872a851b0481d98abd7968144737815cdf9e045041c5ec,91,-0.618780333442145,0.01
0,2,unrounded_strict,wholly_unseen,gh80,beta_half_half,20.0,retention_bounded_plus_HU,0.1,8b66ea1302bcaaf1be700d516d29455d16642176198b117e045d901728cddd91,f99f51a46f9d24a68cc574027c00fa5b0ba5b104216668d65a10e8d5be80809a,91,-0.624289185629107,0.01
1,0,all_strict,side_informed,laplace,beta_half_half,20.0,retention_bounded,0.0,923683bb3d7d22d12d61ea5cd490f1fa6b90d6fe9e8fbdd8e0da06bd1e664b5a,2ff87b26871c2b7eaaf844c96470a865e5b4e88eb1283266a538c7d7dfdcc6f0,135,-0.37983319809752114,0.01
1,0,all_strict,side_informed,laplace,beta_half_half,20.0,retention_bounded,0.0001,923683bb3d7d22d12d61ea5cd490f1fa6b90d6fe9e8fbdd8e0da06bd1e664b5a,d6269c30a9e84381668371d40a4f838b4a642f5e3f717efcc965515d91f6d17b,135,-0.3762700053692657,0.01
1,0,all_strict,side_informed,laplace,beta_half_half,20.0,retention_bounded,0.001,923683bb3d7d22d12d61ea5cd490f1fa6b90d6fe9e8fbdd8e0da06bd1e664b5a,bde1942416ca4274003b4a02b61c8b5952a0e95d4cc761308807fce89519e432,135,-0.3571504605182618,0.01
1,0,all_strict,side_informed,laplace,beta_half_half,20.0,retention_bounded,0.01,923683bb3d7d22d12d61ea5cd490f1fa6b90d6fe9e8fbdd8e0da06bd1e664b5a,5c39ccc6c4a0b95727872ee68f486a44f207ddae952254e9e86470719b988049,135,-0.3166618418076389,0.01
1,0,all_strict,side_informed,laplace,beta_half_half,20.0,retention_bounded,0.1,923683bb3d7d22d12d61ea5cd490f1fa6b90d6fe9e8fbdd8e0da06bd1e664b5a,a3db452b254e06c551cccf205af1f73672324c98525b5d031af759c403627b9c,135,-0.34242519921631354,0.01
1,1,all_strict,side_informed,laplace,beta_half_half,20.0,retention_bounded,0.0,1fdce97f339c6596d23e9bb1065fcfdd1ee9e853c2e9a26822948904df8c6047,3498061dac2fe8ec398828cacdc03ca928f99876b614b1f796848a28173d4815,138,-0.37983319809752114,0.01
1,1,all_strict,side_informed,laplace,beta_half_half,20.0,retention_bounded,0.0001,1fdce97f339c6596d23e9bb1065fcfdd1ee9e853c2e9a26822948904df8c6047,11b2c4f85e43ef893723d7a335772eb33031254dcdffc1aa516b8e341aec5606,138,-0.3762700053692657,0.01
1,1,all_strict,side_informed,laplace,beta_half_half,20.0,retention_bounded,0.001,1fdce97f339c6596d23e9bb1065fcfdd1ee9e853c2e9a26822948904df8c6047,a7af7c96b1139b407c94396533767c3fc36ddaa6cb471e6b92efbe1f74d8629b,138,-0.3571504605182618,0.01
1,1,all_strict,side_informed,laplace,beta_half_half,20.0,retention_bounded,0.01,1fdce97f339c6596d23e9bb1065fcfdd1ee9e853c2e9a26822948904df8c6047,f6c40beb5b2c346d5d0ca47fb2fceef9316cbb98c604040593f690457a6d9b34,138,-0.3166618418076389,0.01
1,1,all_strict,side_informed,laplace,beta_half_half,20.0,retention_bounded,0.1,1fdce97f339c6596d23e9bb1065fcfdd1ee9e853c2e9a26822948904df8c6047,bcd706888dec6295ace5f2383d967739a6fea7b1824e6a4ec9dbda58553b1ce6,138,-0.34242519921631354,0.01
1,2,all_strict,side_informed,laplace,beta_half_half,20.0,retention_bounded,0.0,ea2a01c7ebcf95c320336f26b2b7d7ff133eac0910f84eeb63c63859a6fb024d,dc6cdd268891acf801ff53c65652bd96fab0bcba79b62e42dfb7b733b8aa03f6,137,-0.37983319809752114,0.01
1,2,all_strict,side_informed,laplace,beta_half_half,20.0,retention_bounded,0.0001,ea2a01c7ebcf95c320336f26b2b7d7ff133eac0910f84eeb63c63859a6fb024d,f92ea1a76f476b3f51c45a57269db2678b827e56590b68226e7b8378d2c34d7b,137,-0.3762700053692657,0.01
1,2,all_strict,side_informed,laplace,beta_half_half,20.0,retention_bounded,0.001,ea2a01c7ebcf95c320336f26b2b7d7ff133eac0910f84eeb63c63859a6fb024d,bd0cb5236658d65ee7a0d220cf742540e3e56984060f31955b8907e35040ceae,137,-0.3571504605182618,0.01
1,2,all_strict,side_informed,laplace,beta_half_half,20.0,retention_bounded,0.01,ea2a01c7ebcf95c320336f26b2b7d7ff133eac0910f84eeb63c63859a6fb024d,38d4469d8537d1db847200e444998d4240b515c824e69b5e762bc53d732f1c2e,137,-0.3166618418076389,0.01
1,2,all_strict,side_informed,laplace,beta_half_half,20.0,retention_bounded,0.1,ea2a01c7ebcf95c320336f26b2b7d7ff133eac0910f84eeb63c63859a6fb024d,2f03472c8d74f5d8b049ec6def55a48311dad2c016fb4f34c4a36603f3897173,137,-0.34242519921631354,0.01
1,0,all_strict,side_informed,laplace,beta_half_half,20.0,retention_nonnegative,0.0,923683bb3d7d22d12d61ea5cd490f1fa6b90d6fe9e8fbdd8e0da06bd1e664b5a,ae70f2835e51f4c965b3fcb57cd7887d83dcead68e4ce061294dc40338cfd424,135,-0.37983320044894403,0.01
1,0,all_strict,side_informed,laplace,beta_half_half,20.0,retention_nonnegative,0.0001,923683bb3d7d22d12d61ea5cd490f1fa6b90d6fe9e8fbdd8e0da06bd1e664b5a,aa3f494e65656ab9eb8ab9eb2ed6126063ed703a0d50ca8755878e5896ab7953,135,-0.3759825858955775,0.01
1,0,all_strict,side_informed,laplace,beta_half_half,20.0,retention_nonnegative,0.001,923683bb3d7d22d12d61ea5cd490f1fa6b90d6fe9e8fbdd8e0da06bd1e664b5a,972fd1a3f4d4aed7f1e31662cf091eeed8dcf97db0794409add517156742cbb2,135,-0.35814881906351137,0.01
1,0,all_strict,side_informed,laplace,beta_half_half,20.0,retention_nonnegative,0.01,923683bb3d7d22d12d61ea5cd490f1fa6b90d6fe9e8fbdd8e0da06bd1e664b5a,a0ec985bedcb4171a43a826fefbbd55bcc884278540b77a4252e2aa0d2efbb3c,135,-0.3402645040179123,0.01
1,0,all_strict,side_informed,laplace,beta_half_half,20.0,retention_nonnegative,0.1,923683bb3d7d22d12d61ea5cd490f1fa6b90d6fe9e8fbdd8e0da06bd1e664b5a,124619ed9d4c7c5146a211e436a2f20b8060cddc3c8dbe972531d88f4e6aa22e,135,-0.40188230489489635,0.01
1,1,all_strict,side_informed,laplace,beta_half_half,20.0,retention_nonnegative,0.0,1fdce97f339c6596d23e9bb1065fcfdd1ee9e853c2e9a26822948904df8c6047,36adfee9848faf474e546b8c707834baf71a0c4efa6389c1acad45944d51cb31,138,-0.37983320044894403,0.01
1,1,all_strict,side_informed,laplace,beta_half_half,20.0,retention_nonnegative,0.0001,1fdce97f339c6596d23e9bb1065fcfdd1ee9e853c2e9a26822948904df8c6047,3fabdbba0383a3c85d10f13c7a53f5350cc6ab5307d20c7aa53dcef980b67f54,138,-0.3759825858955775,0.01
1,1,all_strict,side_informed,laplace,beta_half_half,20.0,retention_nonnegative,0.001,1fdce97f339c6596d23e9bb1065fcfdd1ee9e853c2e9a26822948904df8c6047,1eaaaf73910633ce3e4d3355dacca5e89121f21c8433a74855c4d2509888550f,138,-0.35814881906351137,0.01
1,1,all_strict,side_informed,laplace,beta_half_half,20.0,retention_nonnegative,0.01,1fdce97f339c6596d23e9bb1065fcfdd1ee9e853c2e9a26822948904df8c6047,3b818b1637e0092a453fa158baae066bcf69f2095d9a0052efe5e3e2d09f7d69,138,-0.3402645040179123,0.01
1,1,all_strict,side_informed,laplace,beta_half_half,20.0,retention_nonnegative,0.1,1fdce97f339c6596d23e9bb1065fcfdd1ee9e853c2e9a26822948904df8c6047,c2e7d21d68df4e921255b79523cbede795c6a69035bd73c7f40827672bc97560,138,-0.40188230489489635,0.01
1,2,all_strict,side_informed,laplace,beta_half_half,20.0,retention_nonnegative,0.0,ea2a01c7ebcf95c320336f26b2b7d7ff133eac0910f84eeb63c63859a6fb024d,401eb21a7662f28ddbe020573e36c823d2fdd69a29d7c2a4e486ce7cdcc1d204,137,-0.37983320044894403,0.01
1,2,all_strict,side_informed,laplace,beta_half_half,20.0,retention_nonnegative,0.0001,ea2a01c7ebcf95c320336f26b2b7d7ff133eac0910f84eeb63c63859a6fb024d,acc599797c983f63d0bbde023b63737915ef8ef0cbc48bbabd1620eb56e2cdc6,137,-0.3759825858955775,0.01
1,2,all_strict,side_informed,laplace,beta_half_half,20.0,retention_nonnegative,0.001,ea2a01c7ebcf95c320336f26b2b7d7ff133eac0910f84eeb63c63859a6fb024d,a650f9d888d1ab9b4e71e33aca537e8619335a9465b49d09df7708f30827f69f,137,-0.35814881906351137,0.01
1,2,all_strict,side_informed,laplace,beta_half_half,20.0,retention_nonnegative,0.01,ea2a01c7ebcf95c320336f26b2b7d7ff133eac0910f84eeb63c63859a6fb024d,f2e5c0c46e98ac6b211fd2ee4b36d38876a024f47bc3a94d55f87077e46c8eee,137,-0.3402645040179123,0.01
1,2,all_strict,side_informed,laplace,beta_half_half,20.0,retention_nonnegative,0.1,ea2a01c7ebcf95c320336f26b2b7d7ff133eac0910f84eeb63c63859a6fb024d,451aa3753221ebef771efaa87c416782b6c8c748557a0603364f1c877a8d7a83,137,-0.40188230489489635,0.01
1,0,all_strict,side_informed,laplace,beta_half_half,20.0,current_only,0.0,923683bb3d7d22d12d61ea5cd490f1fa6b90d6fe9e8fbdd8e0da06bd1e664b5a,3411980a5a33f9ca42ef35d9f16574c94f0b4f551ce7e631683f92dd4ab5b93a,135,-0.5654689563152668,0.01
1,0,all_strict,side_informed,laplace,beta_half_half,20.0,current_only,0.0001,923683bb3d7d22d12d61ea5cd490f1fa6b90d6fe9e8fbdd8e0da06bd1e664b5a,4bc60c67316fbc6a4196bd970a8496c7e30d5247cb939713b99773b42e002a30,135,-0.5652415656551479,0.01
1,0,all_strict,side_informed,laplace,beta_half_half,20.0,current_only,0.001,923683bb3d7d22d12d61ea5cd490f1fa6b90d6fe9e8fbdd8e0da06bd1e664b5a,ce5d2656e47083ba39bb94ee11cac1f3768818ba500c64bd15e6f56b4b579f63,135,-0.5632970161841913,0.01
1,0,all_strict,side_informed,laplace,beta_half_half,20.0,current_only,0.01,923683bb3d7d22d12d61ea5cd490f1fa6b90d6fe9e8fbdd8e0da06bd1e664b5a,5a9dbda7098ff155da36b3d04520f9a3d0ae2bff1da6a99c885fbb76c3cc63a7,135,-0.5506331741181522,0.01
1,0,all_strict,side_informed,laplace,beta_half_half,20.0,current_only,0.1,923683bb3d7d22d12d61ea5cd490f1fa6b90d6fe9e8fbdd8e0da06bd1e664b5a,6dcef36a38f41e1b4a68d9b42f65ae972531087516023ec4ab6a9a064104f1cf,135,-0.5543100517120606,0.01
1,1,all_strict,side_informed,laplace,beta_half_half,20.0,current_only,0.0,1fdce97f339c6596d23e9bb1065fcfdd1ee9e853c2e9a26822948904df8c6047,bda7d798f428d5ef05fe5b9ef4e01013797dd14c1fe0537771b38d7fafb7b3ec,138,-0.5654689563152668,0.01
1,1,all_strict,side_informed,laplace,beta_half_half,20.0,current_only,0.0001,1fdce97f339c6596d23e9bb1065fcfdd1ee9e853c2e9a26822948904df8c6047,6e574d09181efc1a327a76217834803089e2f85296e620466ede5a392edc1953,138,-0.5652415656551479,0.01
1,1,all_strict,side_informed,laplace,beta_half_half,20.0,current_only,0.001,1fdce97f339c6596d23e9bb1065fcfdd1ee9e853c2e9a26822948904df8c6047,04b7f8501f8d11eb7ce2de8a80f146e129b22863a0925ecd7c0745b3e2117d1a,138,-0.5632970161841913,0.01
1,1,all_strict,side_informed,laplace,beta_half_half,20.0,current_only,0.01,1fdce97f339c6596d23e9bb1065fcfdd1ee9e853c2e9a26822948904df8c6047,546278238a3b3cb14c36327250b91b71781139a9c357918c5904d5f346ebf1dc,138,-0.5506331741181522,0.01
1,1,all_strict,side_informed,laplace,beta_half_half,20.0,current_only,0.1,1fdce97f339c6596d23e9bb1065fcfdd1ee9e853c2e9a26822948904df8c6047,4e99cb8a9191d3653a32177835870bc310e03070a7ec60ed0bc9eaf93c4a9d9b,138,-0.5543100517120606,0.01
1,2,all_strict,side_informed,laplace,beta_half_half,20.0,current_only,0.0,ea2a01c7ebcf95c320336f26b2b7d7ff133eac0910f84eeb63c63859a6fb024d,798776a50a5adebb28d4de59bab731d590f26baf5d61108516dfabdd1f895b0f,137,-0.5654689563152668,0.01
1,2,all_strict,side_informed,laplace,beta_half_half,20.0,current_only,0.0001,ea2a01c7ebcf95c320336f26b2b7d7ff133eac0910f84eeb63c63859a6fb024d,b82ec9327b73f5eaf24dca4a9c274ee8d6058213b44774668c1f8be49b442747,137,-0.5652415656551479,0.01
1,2,all_strict,side_informed,laplace,beta_half_half,20.0,current_only,0.001,ea2a01c7ebcf95c320336f26b2b7d7ff133eac0910f84eeb63c63859a6fb024d,a6479843d716b59313b470c5dce14e8ce37164c8e7673379750fa6723902a1b6,137,-0.5632970161841913,0.01
1,2,all_strict,side_informed,laplace,beta_half_half,20.0,current_only,0.01,ea2a01c7ebcf95c320336f26b2b7d7ff133eac0910f84eeb63c63859a6fb024d,3bcbd12bb4e4b5f3079c7bf8f9082fab2c2717ab0ec7d8ac61c75fffbf9663a8,137,-0.5506331741181522,0.01
1,2,all_strict,side_informed,laplace,beta_half_half,20.0,current_only,0.1,ea2a01c7ebcf95c320336f26b2b7d7ff133eac0910f84eeb63c63859a6fb024d,e06b9cb8880015b07396095356b6ac7d904b6b29b0db326022c4ba4bc4504ca6,137,-0.5543100517120606,0.01
1,0,all_strict,side_informed,laplace,beta_half_half,20.0,input_plus_surface,0.0,923683bb3d7d22d12d61ea5cd490f1fa6b90d6fe9e8fbdd8e0da06bd1e664b5a,ba236be5d9cd862d5d4c64367a9c511db2689ae6a8d841fec90ba44f00caee11,135,-0.3604496794177124,0.01
1,0,all_strict,side_informed,laplace,beta_half_half,20.0,input_plus_surface,0.0001,923683bb3d7d22d12d61ea5cd490f1fa6b90d6fe9e8fbdd8e0da06bd1e664b5a,01467c743b1169e7abdc87bf78915af3183641e95d821ce3d7ed11fa30e3bdd4,135,-0.35677336872837956,0.01
1,0,all_strict,side_informed,laplace,beta_half_half,20.0,input_plus_surface,0.001,923683bb3d7d22d12d61ea5cd490f1fa6b90d6fe9e8fbdd8e0da06bd1e664b5a,911dcdaa4def063f20dfcfc6f78941fe56053c2c1d37ad171a9bd68dae1df89c,135,-0.3374126988961267,0.01
1,0,all_strict,side_informed,laplace,beta_half_half,20.0,input_plus_surface,0.01,923683bb3d7d22d12d61ea5cd490f1fa6b90d6fe9e8fbdd8e0da06bd1e664b5a,2343a677726bc46791e1a238cb5b7e99debf9b853d500bcd77a25057164a8383,135,-0.30294896611678473,0.01
1,0,all_strict,side_informed,laplace,beta_half_half,20.0,input_plus_surface,0.1,923683bb3d7d22d12d61ea5cd490f1fa6b90d6fe9e8fbdd8e0da06bd1e664b5a,4f9d95ec3f313368ba469d3d6615533dde26d124a19f61a3621a5310ec60e99a,135,-0.3537049500298213,0.01
1,1,all_strict,side_informed,laplace,beta_half_half,20.0,input_plus_surface,0.0,1fdce97f339c6596d23e9bb1065fcfdd1ee9e853c2e9a26822948904df8c6047,4542ce114ab699d5412cd080a3230fbea0e7a99e023134b7bd2bd312a12bb367,138,-0.3604496794177124,0.01
1,1,all_strict,side_informed,laplace,beta_half_half,20.0,input_plus_surface,0.0001,1fdce97f339c6596d23e9bb1065fcfdd1ee9e853c2e9a26822948904df8c6047,36b4fa53da9b9a87a3538c92d68f351911b0e8d32a0f6f6a8076fc63c12decf9,138,-0.35677336872837956,0.01
1,1,all_strict,side_informed,laplace,beta_half_half,20.0,input_plus_surface,0.001,1fdce97f339c6596d23e9bb1065fcfdd1ee9e853c2e9a26822948904df8c6047,f9d388599c502b550da2e992f17e15454bc8fc82dd78924bb5afb82c68ca83a5,138,-0.3374126988961267,0.01
1,1,all_strict,side_informed,laplace,beta_half_half,20.0,input_plus_surface,0.01,1fdce97f339c6596d23e9bb1065fcfdd1ee9e853c2e9a26822948904df8c6047,712f9bee991dfa9a328c77648ba4135104f51ee837d6ac894438a829af9ad573,138,-0.30294896611678473,0.01
1,1,all_strict,side_informed,laplace,beta_half_half,20.0,input_plus_surface,0.1,1fdce97f339c6596d23e9bb1065fcfdd1ee9e853c2e9a26822948904df8c6047,c1bfe0e96f07ab5120980ab302e50e3e289418bab36d0aabfe748960768821f1,138,-0.3537049500298213,0.01
1,2,all_strict,side_informed,laplace,beta_half_half,20.0,input_plus_surface,0.0,ea2a01c7ebcf95c320336f26b2b7d7ff133eac0910f84eeb63c63859a6fb024d,f7e898e114f9ac9ce600c15e301a89a93fc9c89eb03207a325149bb14153ada3,137,-0.3604496794177124,0.01
1,2,all_strict,side_informed,laplace,beta_half_half,20.0,input_plus_surface,0.0001,ea2a01c7ebcf95c320336f26b2b7d7ff133eac0910f84eeb63c63859a6fb024d,af72cde06898470432a079a6a38498e2b388dc4f83977e4e3fe5c047930ea1da,137,-0.35677336872837956,0.01
1,2,all_strict,side_informed,laplace,beta_half_half,20.0,input_plus_surface,0.001,ea2a01c7ebcf95c320336f26b2b7d7ff133eac0910f84eeb63c63859a6fb024d,8d45b8112621b357068be957b18415dbca0d6bc67822ec8acd428f90cd5e8254,137,-0.3374126988961267,0.01
1,2,all_strict,side_informed,laplace,beta_half_half,20.0,input_plus_surface,0.01,ea2a01c7ebcf95c320336f26b2b7d7ff133eac0910f84eeb63c63859a6fb024d,7d76914b2686d9d8f239edfea3a8a424c972d5d457477835d79b14f4771296ad,137,-0.30294896611678473,0.01
1,2,all_strict,side_informed,laplace,beta_half_half,20.0,input_plus_surface,0.1,ea2a01c7ebcf95c320336f26b2b7d7ff133eac0910f84eeb63c63859a6fb024d,43654e6fa0d6e839e07b5e79aa8691358d882151c8372d13895ff424d154a734,137,-0.3537049500298213,0.01
1,0,all_strict,side_informed,laplace,beta_half_half,20.0,HU_plus_surface,0.0,923683bb3d7d22d12d61ea5cd490f1fa6b90d6fe9e8fbdd8e0da06bd1e664b5a,37da27f5416ca8fda43124394c8ddc54681a4f8e97f41c1dabfa3ba566366db0,135,-0.3060082733025011,0.01
1,0,all_strict,side_informed,laplace,beta_half_half,20.0,HU_plus_surface,0.0001,923683bb3d7d22d12d61ea5cd490f1fa6b90d6fe9e8fbdd8e0da06bd1e664b5a,0839cc9da878c6a5a0ed1b2d687030a4441ca2d02b17157056ebe209a9db75ca,135,-0.3036305039467462,0.01
1,0,all_strict,side_informed,laplace,beta_half_half,20.0,HU_plus_surface,0.001,923683bb3d7d22d12d61ea5cd490f1fa6b90d6fe9e8fbdd8e0da06bd1e664b5a,dcbdab243125b660c61ef8b70500d0eeba5d0a18029ddc25fa51ef1e8a052f5e,135,-0.2911554509873349,0.01
1,0,all_strict,side_informed,laplace,beta_half_half,20.0,HU_plus_surface,0.01,923683bb3d7d22d12d61ea5cd490f1fa6b90d6fe9e8fbdd8e0da06bd1e664b5a,7b03efd747cc904566b6afd4d8fd658bfd84a824af262d4cdd352aed7478a32e,135,-0.2733893849965884,0.01
1,0,all_strict,side_informed,laplace,beta_half_half,20.0,HU_plus_surface,0.1,923683bb3d7d22d12d61ea5cd490f1fa6b90d6fe9e8fbdd8e0da06bd1e664b5a,ada8aaf7a6484fdf6ddfcc57a8665e8d5d0f8db0aa8504c16b81c588de6708bd,135,-0.3405498380234878,0.01
1,1,all_strict,side_informed,laplace,beta_half_half,20.0,HU_plus_surface,0.0,1fdce97f339c6596d23e9bb1065fcfdd1ee9e853c2e9a26822948904df8c6047,b6d6294c1851fe1eeecfc4814dc9b254f02bba1a2c8f456c37e0d70fda609fd8,138,-0.3060082733025011,0.01
1,1,all_strict,side_informed,laplace,beta_half_half,20.0,HU_plus_surface,0.0001,1fdce97f339c6596d23e9bb1065fcfdd1ee9e853c2e9a26822948904df8c6047,62a9d7f22809a6cb30fc04dfa31a0ef88078d713a7087a9c3b69e65722468728,138,-0.3036305039467462,0.01
1,1,all_strict,side_informed,laplace,beta_half_half,20.0,HU_plus_surface,0.001,1fdce97f339c6596d23e9bb1065fcfdd1ee9e853c2e9a26822948904df8c6047,41f007f2f3e7b45c11305ca03dbad702f834d844861121a44efb12b30abd2c0a,138,-0.2911554509873349,0.01
1,1,all_strict,side_informed,laplace,beta_half_half,20.0,HU_plus_surface,0.01,1fdce97f339c6596d23e9bb1065fcfdd1ee9e853c2e9a26822948904df8c6047,f858bb6a143dc60778de2718c3320c5c2447ca68fe25e5e9fd0288f72a31e837,138,-0.2733893849965884,0.01
1,1,all_strict,side_informed,laplace,beta_half_half,20.0,HU_plus_surface,0.1,1fdce97f339c6596d23e9bb1065fcfdd1ee9e853c2e9a26822948904df8c6047,344f23578c2a7ff72bc20227c19c212c9a0e81a4f5e06829d9ff920fca1ed483,138,-0.3405498380234878,0.01
1,2,all_strict,side_informed,laplace,beta_half_half,20.0,HU_plus_surface,0.0,ea2a01c7ebcf95c320336f26b2b7d7ff133eac0910f84eeb63c63859a6fb024d,606c1a4330b9e31880e8bbd114a2653f350555886119ba064551607492ee9d1a,137,-0.3060082733025011,0.01
1,2,all_strict,side_informed,laplace,beta_half_half,20.0,HU_plus_surface,0.0001,ea2a01c7ebcf95c320336f26b2b7d7ff133eac0910f84eeb63c63859a6fb024d,718e7a3f3655ecdd3cfa1e56f4c24221fd9576ef482ebe932cd32d235f5ac6f9,137,-0.3036305039467462,0.01
1,2,all_strict,side_informed,laplace,beta_half_half,20.0,HU_plus_surface,0.001,ea2a01c7ebcf95c320336f26b2b7d7ff133eac0910f84eeb63c63859a6fb024d,6ab2dd9d694e926e8fe5d8bb6d4735468190e2585e31b978d40ffaf3fa8d43e9,137,-0.2911554509873349,0.01
1,2,all_strict,side_informed,laplace,beta_half_half,20.0,HU_plus_surface,0.01,ea2a01c7ebcf95c320336f26b2b7d7ff133eac0910f84eeb63c63859a6fb024d,a7746fe2042c9e915f9706c077f6d6dd455572701b07104dbe2e9668fe7bb815,137,-0.2733893849965884,0.01
1,2,all_strict,side_informed,laplace,beta_half_half,20.0,HU_plus_surface,0.1,ea2a01c7ebcf95c320336f26b2b7d7ff133eac0910f84eeb63c63859a6fb024d,4589c56bb7842d947f0d213984b3e5c3f3bf27dff34a6c3f47a868010a5cd267,137,-0.3405498380234878,0.01
1,0,all_strict,side_informed,laplace,beta_half_half,20.0,retention_bounded_plus_HU,0.0,923683bb3d7d22d12d61ea5cd490f1fa6b90d6fe9e8fbdd8e0da06bd1e664b5a,45e78b4506f5e4d4b65eae13eaa1e6b5b48ba87e10d618cd081ffcade1575902,135,-0.31871251362659186,0.01
1,0,all_strict,side_informed,laplace,beta_half_half,20.0,retention_bounded_plus_HU,0.0001,923683bb3d7d22d12d61ea5cd490f1fa6b90d6fe9e8fbdd8e0da06bd1e664b5a,ebbda8c8d7dc5e6890797aa00269694cfdfcaee586efec83e4c5907a996dadd5,135,-0.3174485081549924,0.01
1,0,all_strict,side_informed,laplace,beta_half_half,20.0,retention_bounded_plus_HU,0.001,923683bb3d7d22d12d61ea5cd490f1fa6b90d6fe9e8fbdd8e0da06bd1e664b5a,9ec33291b1b67e4295dc9a3b4a894aef074d8260bdfd76277c92cc34c2f199af,135,-0.30917484701418363,0.01
1,0,all_strict,side_informed,laplace,beta_half_half,20.0,retention_bounded_plus_HU,0.01,923683bb3d7d22d12d61ea5cd490f1fa6b90d6fe9e8fbdd8e0da06bd1e664b5a,222e57eb60fe49232c1facb3c19451c2e0b8bd272dcc055caef9f2273ddb4df7,135,-0.28617187962223845,0.01
1,0,all_strict,side_informed,laplace,beta_half_half,20.0,retention_bounded_plus_HU,0.1,923683bb3d7d22d12d61ea5cd490f1fa6b90d6fe9e8fbdd8e0da06bd1e664b5a,e8d995e1dece24bbe5820022e082ab555d76546f5ba42414c5250c0c0b587c36,135,-0.3063167837029224,0.01
1,1,all_strict,side_informed,laplace,beta_half_half,20.0,retention_bounded_plus_HU,0.0,1fdce97f339c6596d23e9bb1065fcfdd1ee9e853c2e9a26822948904df8c6047,298a0b18fb1be0b759e6020630062c647703f3013e90277e68c650cf56d3973f,138,-0.31871251362659186,0.01
1,1,all_strict,side_informed,laplace,beta_half_half,20.0,retention_bounded_plus_HU,0.0001,1fdce97f339c6596d23e9bb1065fcfdd1ee9e853c2e9a26822948904df8c6047,df866267a324998efeb3e8175c5c8e23757cde6bbbe9b4b5a587352c3c88f9ed,138,-0.3174485081549924,0.01
1,1,all_strict,side_informed,laplace,beta_half_half,20.0,retention_bounded_plus_HU,0.001,1fdce97f339c6596d23e9bb1065fcfdd1ee9e853c2e9a26822948904df8c6047,7cc58adc1a4f672ba80d3c795190c413cbda392485bfb913cb3adc394ce13e9c,138,-0.30917484701418363,0.01
1,1,all_strict,side_informed,laplace,beta_half_half,20.0,retention_bounded_plus_HU,0.01,1fdce97f339c6596d23e9bb1065fcfdd1ee9e853c2e9a26822948904df8c6047,b83dd7cef17c9cda557eb878dd2ac41cc622ab0470a19b1a7280809bb503e1e5,138,-0.28617187962223845,0.01
1,1,all_strict,side_informed,laplace,beta_half_half,20.0,retention_bounded_plus_HU,0.1,1fdce97f339c6596d23e9bb1065fcfdd1ee9e853c2e9a26822948904df8c6047,96387e8c3925c593bb1ec0129f6c8e1da2c02c0251dbad63d3584c9499debdc2,138,-0.3063167837029224,0.01
1,2,all_strict,side_informed,laplace,beta_half_half,20.0,retention_bounded_plus_HU,0.0,ea2a01c7ebcf95c320336f26b2b7d7ff133eac0910f84eeb63c63859a6fb024d,31e3797f5c5a18516f6f211d200a6b58ef6884d7aacffe81654c9e7b3a4967e1,137,-0.31871251362659186,0.01
1,2,all_strict,side_informed,laplace,beta_half_half,20.0,retention_bounded_plus_HU,0.0001,ea2a01c7ebcf95c320336f26b2b7d7ff133eac0910f84eeb63c63859a6fb024d,62297d981b06977ff4770f37c76d00d50add4567de7c523950f6396e7096162c,137,-0.3174485081549924,0.01
1,2,all_strict,side_informed,laplace,beta_half_half,20.0,retention_bounded_plus_HU,0.001,ea2a01c7ebcf95c320336f26b2b7d7ff133eac0910f84eeb63c63859a6fb024d,33dea53f3eabf6221f712f437e2c1dfe85a55d3353291e83f3d273861cb34ade,137,-0.30917484701418363,0.01
1,2,all_strict,side_informed,laplace,beta_half_half,20.0,retention_bounded_plus_HU,0.01,ea2a01c7ebcf95c320336f26b2b7d7ff133eac0910f84eeb63c63859a6fb024d,e8859fd958968406a0c2df45af5597730adb5293e5448be8e9bf9bdb147cbe13,137,-0.28617187962223845,0.01
1,2,all_strict,side_informed,laplace,beta_half_half,20.0,retention_bounded_plus_HU,0.1,ea2a01c7ebcf95c320336f26b2b7d7ff133eac0910f84eeb63c63859a6fb024d,47141bc033deb2e719e69a0d85253b27daa7515f9b3062a5d56720ae99e5fc32,137,-0.3063167837029224,0.01
1,0,all_strict,side_informed,gh80,beta_half_half,20.0,HU_plus_surface,0.0,923683bb3d7d22d12d61ea5cd490f1fa6b90d6fe9e8fbdd8e0da06bd1e664b5a,41b9127bda117d12e0ddd162f6e317f01353c4522c7507b734a81bde6b45cf09,135,-0.3114585607674794,0.01
1,0,all_strict,side_informed,gh80,beta_half_half,20.0,HU_plus_surface,0.0001,923683bb3d7d22d12d61ea5cd490f1fa6b90d6fe9e8fbdd8e0da06bd1e664b5a,736a7b7732d703290c71004c6461408f9ededf69fdb64e04a915670592608c9c,135,-0.30862715037744304,0.01
1,0,all_strict,side_informed,gh80,beta_half_half,20.0,HU_plus_surface,0.001,923683bb3d7d22d12d61ea5cd490f1fa6b90d6fe9e8fbdd8e0da06bd1e664b5a,cc9b3009084938276727ab4b4c32f5a5569feef4a6031ecf532fcab312fb2556,135,-0.29425202860970834,0.01
1,0,all_strict,side_informed,gh80,beta_half_half,20.0,HU_plus_surface,0.01,923683bb3d7d22d12d61ea5cd490f1fa6b90d6fe9e8fbdd8e0da06bd1e664b5a,96e0bf41163b740b589232d8bc3d4daedf301f934b9f8cfe42b82e00e6b17e8d,135,-0.27487992163885083,0.01
1,0,all_strict,side_informed,gh80,beta_half_half,20.0,HU_plus_surface,0.1,923683bb3d7d22d12d61ea5cd490f1fa6b90d6fe9e8fbdd8e0da06bd1e664b5a,8c77b663a02da45894aa8195b4fc010b1806cdcfa8ac2726991e5d258736e7c6,135,-0.343047575696426,0.01
1,1,all_strict,side_informed,gh80,beta_half_half,20.0,HU_plus_surface,0.0,1fdce97f339c6596d23e9bb1065fcfdd1ee9e853c2e9a26822948904df8c6047,c0a725c349fd56559d5b7fbee98c1f2414327aa51b63ae13435649d40520a676,138,-0.3114585607674794,0.01
1,1,all_strict,side_informed,gh80,beta_half_half,20.0,HU_plus_surface,0.0001,1fdce97f339c6596d23e9bb1065fcfdd1ee9e853c2e9a26822948904df8c6047,fb6b3631170cf28be14c4acca4aec6558f1378104d0a5db4610c1f373dbdde7a,138,-0.30862715037744304,0.01
1,1,all_strict,side_informed,gh80,beta_half_half,20.0,HU_plus_surface,0.001,1fdce97f339c6596d23e9bb1065fcfdd1ee9e853c2e9a26822948904df8c6047,fe002e38816f22262e4511bf0a9a5783fcc6a143152a5406d22bf472d8ccf35b,138,-0.29425202860970834,0.01
1,1,all_strict,side_informed,gh80,beta_half_half,20.0,HU_plus_surface,0.01,1fdce97f339c6596d23e9bb1065fcfdd1ee9e853c2e9a26822948904df8c6047,ad87ade4ef3c397b84ef994ed3d51f056b0fa79740667d42b6714672097ea9a9,138,-0.27487992163885083,0.01
1,1,all_strict,side_informed,gh80,beta_half_half,20.0,HU_plus_surface,0.1,1fdce97f339c6596d23e9bb1065fcfdd1ee9e853c2e9a26822948904df8c6047,2eafb2942af3ff3236fe91fe5025ed05c2baf678d3682366961e6a1d3e6db630,138,-0.343047575696426,0.01
1,2,all_strict,side_informed,gh80,beta_half_half,20.0,HU_plus_surface,0.0,ea2a01c7ebcf95c320336f26b2b7d7ff133eac0910f84eeb63c63859a6fb024d,bf3fa2df44bad182c17df380c27ace2d343aa80a0d8ebd8d5ea7c2f9cdf3b0cc,137,-0.3114585607674794,0.01
1,2,all_strict,side_informed,gh80,beta_half_half,20.0,HU_plus_surface,0.0001,ea2a01c7ebcf95c320336f26b2b7d7ff133eac0910f84eeb63c63859a6fb024d,3fe0b19e9ad44c67f637e9b12c60690e456905fba4ab743d02b0e9c340a9077b,137,-0.30862715037744304,0.01
1,2,all_strict,side_informed,gh80,beta_half_half,20.0,HU_plus_surface,0.001,ea2a01c7ebcf95c320336f26b2b7d7ff133eac0910f84eeb63c63859a6fb024d,093db2f12348dcc970d54d91fd79d289831d8a1e927cbe473942e1c19417ee85,137,-0.29425202860970834,0.01
1,2,all_strict,side_informed,gh80,beta_half_half,20.0,HU_plus_surface,0.01,ea2a01c7ebcf95c320336f26b2b7d7ff133eac0910f84eeb63c63859a6fb024d,17e07bc69b163fa16f1bc3e7fa552be11b9b30a870da7886c4a6eeeee7abe22f,137,-0.27487992163885083,0.01
1,2,all_strict,side_informed,gh80,beta_half_half,20.0,HU_plus_surface,0.1,ea2a01c7ebcf95c320336f26b2b7d7ff133eac0910f84eeb63c63859a6fb024d,b956f12045dddb7f20412e79ce769c140fa980ca9186831baf82119c9fbb485b,137,-0.343047575696426,0.01
1,0,all_strict,side_informed,gh80,beta_half_half,20.0,retention_bounded_plus_HU,0.0,923683bb3d7d22d12d61ea5cd490f1fa6b90d6fe9e8fbdd8e0da06bd1e664b5a,6029867cc3b9b615ad447c1532e69559b7c41e9fd3473199e1ba521571b21ad8,135,-0.3249801618846384,0.01
1,0,all_strict,side_informed,gh80,beta_half_half,20.0,retention_bounded_plus_HU,0.0001,923683bb3d7d22d12d61ea5cd490f1fa6b90d6fe9e8fbdd8e0da06bd1e664b5a,2e15b1d3dbf1a881ee504b931b3fd352bac09a888744c877df3a09b5ce87dd68,135,-0.324307544901668,0.01
1,0,all_strict,side_informed,gh80,beta_half_half,20.0,retention_bounded_plus_HU,0.001,923683bb3d7d22d12d61ea5cd490f1fa6b90d6fe9e8fbdd8e0da06bd1e664b5a,9689878823c624bfb6a7ada122770cafcdfc0d9edda7ceb4d05d0749c528c253,135,-0.31869060899806,0.01
1,0,all_strict,side_informed,gh80,beta_half_half,20.0,retention_bounded_plus_HU,0.01,923683bb3d7d22d12d61ea5cd490f1fa6b90d6fe9e8fbdd8e0da06bd1e664b5a,4c7c24da65d4582be74cc95e5ba103acad4ff4de00bfb22b8080d5952f9cd6ff,135,-0.2958988582900207,0.01
1,0,all_strict,side_informed,gh80,beta_half_half,20.0,retention_bounded_plus_HU,0.1,923683bb3d7d22d12d61ea5cd490f1fa6b90d6fe9e8fbdd8e0da06bd1e664b5a,eee513471766ca24946d703636fa3f0ca43cf1b9b66e063c8a916345e708e9d7,135,-0.311799820765528,0.01
1,1,all_strict,side_informed,gh80,beta_half_half,20.0,retention_bounded_plus_HU,0.0,1fdce97f339c6596d23e9bb1065fcfdd1ee9e853c2e9a26822948904df8c6047,efa49ffc975f056a9839e440879aec654ffeb6e850fabc86cafc013df7e96581,138,-0.3249801618846384,0.01
1,1,all_strict,side_informed,gh80,beta_half_half,20.0,retention_bounded_plus_HU,0.0001,1fdce97f339c6596d23e9bb1065fcfdd1ee9e853c2e9a26822948904df8c6047,42955b1cdcb142bd492cb2c0ceb5d78a8547175c6e71ba9f2040dfa9d2bd5c7f,138,-0.324307544901668,0.01
1,1,all_strict,side_informed,gh80,beta_half_half,20.0,retention_bounded_plus_HU,0.001,1fdce97f339c6596d23e9bb1065fcfdd1ee9e853c2e9a26822948904df8c6047,bfba15abae6f9fa1de0370eb29790ab6c7d8361c1fef5cedad69cd0ef4452113,138,-0.31869060899806,0.01
1,1,all_strict,side_informed,gh80,beta_half_half,20.0,retention_bounded_plus_HU,0.01,1fdce97f339c6596d23e9bb1065fcfdd1ee9e853c2e9a26822948904df8c6047,028b4bf70dfb63ea829d23682a94762c6c7cb36e234e08c4b8a32ab317594c51,138,-0.2958988582900207,0.01
1,1,all_strict,side_informed,gh80,beta_half_half,20.0,retention_bounded_plus_HU,0.1,1fdce97f339c6596d23e9bb1065fcfdd1ee9e853c2e9a26822948904df8c6047,53aa786fab19b77fafc7ce7e98d37cf66bd257044d746295bc3b0bff5ed3d561,138,-0.311799820765528,0.01
1,2,all_strict,side_informed,gh80,beta_half_half,20.0,retention_bounded_plus_HU,0.0,ea2a01c7ebcf95c320336f26b2b7d7ff133eac0910f84eeb63c63859a6fb024d,4586e8aaa2c30bff1cbdca663c06ec1b6a8ef252e98e0233126731ec17d9c806,137,-0.3249801618846384,0.01
1,2,all_strict,side_informed,gh80,beta_half_half,20.0,retention_bounded_plus_HU,0.0001,ea2a01c7ebcf95c320336f26b2b7d7ff133eac0910f84eeb63c63859a6fb024d,74ac3e61b154829a2a6ad0d870b8e1c4c55aedea117a5b23bd0d3eb3aa483eb2,137,-0.324307544901668,0.01
1,2,all_strict,side_informed,gh80,beta_half_half,20.0,retention_bounded_plus_HU,0.001,ea2a01c7ebcf95c320336f26b2b7d7ff133eac0910f84eeb63c63859a6fb024d,116a8ee6f5e0019e211e4b8ed0993c32cceb370f946596b07ff19fa6ee8e1d75,137,-0.31869060899806,0.01
1,2,all_strict,side_informed,gh80,beta_half_half,20.0,retention_bounded_plus_HU,0.01,ea2a01c7ebcf95c320336f26b2b7d7ff133eac0910f84eeb63c63859a6fb024d,51f6a21d096b5a738271ec3188f4b6233ae50e077fea38902184838899788b85,137,-0.2958988582900207,0.01
1,2,all_strict,side_informed,gh80,beta_half_half,20.0,retention_bounded_plus_HU,0.1,ea2a01c7ebcf95c320336f26b2b7d7ff133eac0910f84eeb63c63859a6fb024d,28a10b74e7adfa70ddf49e56440fb3c1dcedea2dc6513a33269203976c76914a,137,-0.311799820765528,0.01
1,0,all_strict,wholly_unseen,laplace,beta_half_half,20.0,retention_bounded,0.0,923683bb3d7d22d12d61ea5cd490f1fa6b90d6fe9e8fbdd8e0da06bd1e664b5a,2ff87b26871c2b7eaaf844c96470a865e5b4e88eb1283266a538c7d7dfdcc6f0,135,-0.6781374320213065,0.01
1,0,all_strict,wholly_unseen,laplace,beta_half_half,20.0,retention_bounded,0.0001,923683bb3d7d22d12d61ea5cd490f1fa6b90d6fe9e8fbdd8e0da06bd1e664b5a,d6269c30a9e84381668371d40a4f838b4a642f5e3f717efcc965515d91f6d17b,135,-0.674587405595466,0.01
1,0,all_strict,wholly_unseen,laplace,beta_half_half,20.0,retention_bounded,0.001,923683bb3d7d22d12d61ea5cd490f1fa6b90d6fe9e8fbdd8e0da06bd1e664b5a,bde1942416ca4274003b4a02b61c8b5952a0e95d4cc761308807fce89519e432,135,-0.6545652270077994,0.01
1,0,all_strict,wholly_unseen,laplace,beta_half_half,20.0,retention_bounded,0.01,923683bb3d7d22d12d61ea5cd490f1fa6b90d6fe9e8fbdd8e0da06bd1e664b5a,5c39ccc6c4a0b95727872ee68f486a44f207ddae952254e9e86470719b988049,135,-0.6011041099379961,0.01
1,0,all_strict,wholly_unseen,laplace,beta_half_half,20.0,retention_bounded,0.1,923683bb3d7d22d12d61ea5cd490f1fa6b90d6fe9e8fbdd8e0da06bd1e664b5a,a3db452b254e06c551cccf205af1f73672324c98525b5d031af759c403627b9c,135,-0.6127239854496471,0.01
1,1,all_strict,wholly_unseen,laplace,beta_half_half,20.0,retention_bounded,0.0,1fdce97f339c6596d23e9bb1065fcfdd1ee9e853c2e9a26822948904df8c6047,3498061dac2fe8ec398828cacdc03ca928f99876b614b1f796848a28173d4815,138,-0.6781374320213065,0.01
1,1,all_strict,wholly_unseen,laplace,beta_half_half,20.0,retention_bounded,0.0001,1fdce97f339c6596d23e9bb1065fcfdd1ee9e853c2e9a26822948904df8c6047,11b2c4f85e43ef893723d7a335772eb33031254dcdffc1aa516b8e341aec5606,138,-0.674587405595466,0.01
1,1,all_strict,wholly_unseen,laplace,beta_half_half,20.0,retention_bounded,0.001,1fdce97f339c6596d23e9bb1065fcfdd1ee9e853c2e9a26822948904df8c6047,a7af7c96b1139b407c94396533767c3fc36ddaa6cb471e6b92efbe1f74d8629b,138,-0.6545652270077994,0.01
1,1,all_strict,wholly_unseen,laplace,beta_half_half,20.0,retention_bounded,0.01,1fdce97f339c6596d23e9bb1065fcfdd1ee9e853c2e9a26822948904df8c6047,f6c40beb5b2c346d5d0ca47fb2fceef9316cbb98c604040593f690457a6d9b34,138,-0.6011041099379961,0.01
1,1,all_strict,wholly_unseen,laplace,beta_half_half,20.0,retention_bounded,0.1,1fdce97f339c6596d23e9bb1065fcfdd1ee9e853c2e9a26822948904df8c6047,bcd706888dec6295ace5f2383d967739a6fea7b1824e6a4ec9dbda58553b1ce6,138,-0.6127239854496471,0.01
1,2,all_strict,wholly_unseen,laplace,beta_half_half,20.0,retention_bounded,0.0,ea2a01c7ebcf95c320336f26b2b7d7ff133eac0910f84eeb63c63859a6fb024d,dc6cdd268891acf801ff53c65652bd96fab0bcba79b62e42dfb7b733b8aa03f6,137,-0.6781374320213065,0.01
1,2,all_strict,wholly_unseen,laplace,beta_half_half,20.0,retention_bounded,0.0001,ea2a01c7ebcf95c320336f26b2b7d7ff133eac0910f84eeb63c63859a6fb024d,f92ea1a76f476b3f51c45a57269db2678b827e56590b68226e7b8378d2c34d7b,137,-0.674587405595466,0.01
1,2,all_strict,wholly_unseen,laplace,beta_half_half,20.0,retention_bounded,0.001,ea2a01c7ebcf95c320336f26b2b7d7ff133eac0910f84eeb63c63859a6fb024d,bd0cb5236658d65ee7a0d220cf742540e3e56984060f31955b8907e35040ceae,137,-0.6545652270077994,0.01
1,2,all_strict,wholly_unseen,laplace,beta_half_half,20.0,retention_bounded,0.01,ea2a01c7ebcf95c320336f26b2b7d7ff133eac0910f84eeb63c63859a6fb024d,38d4469d8537d1db847200e444998d4240b515c824e69b5e762bc53d732f1c2e,137,-0.6011041099379961,0.01
1,2,all_strict,wholly_unseen,laplace,beta_half_half,20.0,retention_bounded,0.1,ea2a01c7ebcf95c320336f26b2b7d7ff133eac0910f84eeb63c63859a6fb024d,2f03472c8d74f5d8b049ec6def55a48311dad2c016fb4f34c4a36603f3897173,137,-0.6127239854496471,0.01
1,0,all_strict,wholly_unseen,laplace,beta_half_half,20.0,retention_nonnegative,0.0,923683bb3d7d22d12d61ea5cd490f1fa6b90d6fe9e8fbdd8e0da06bd1e664b5a,ae70f2835e51f4c965b3fcb57cd7887d83dcead68e4ce061294dc40338cfd424,135,-0.6781374430925378,0.01
1,0,all_strict,wholly_unseen,laplace,beta_half_half,20.0,retention_nonnegative,0.0001,923683bb3d7d22d12d61ea5cd490f1fa6b90d6fe9e8fbdd8e0da06bd1e664b5a,aa3f494e65656ab9eb8ab9eb2ed6126063ed703a0d50ca8755878e5896ab7953,135,-0.6720759251377109,0.01
1,0,all_strict,wholly_unseen,laplace,beta_half_half,20.0,retention_nonnegative,0.001,923683bb3d7d22d12d61ea5cd490f1fa6b90d6fe9e8fbdd8e0da06bd1e664b5a,972fd1a3f4d4aed7f1e31662cf091eeed8dcf97db0794409add517156742cbb2,135,-0.6415092726567715,0.01
1,0,all_strict,wholly_unseen,laplace,beta_half_half,20.0,retention_nonnegative,0.01,923683bb3d7d22d12d61ea5cd490f1fa6b90d6fe9e8fbdd8e0da06bd1e664b5a,a0ec985bedcb4171a43a826fefbbd55bcc884278540b77a4252e2aa0d2efbb3c,135,-0.6115124558670865,0.01
1,0,all_strict,wholly_unseen,laplace,beta_half_half,20.0,retention_nonnegative,0.1,923683bb3d7d22d12d61ea5cd490f1fa6b90d6fe9e8fbdd8e0da06bd1e664b5a,124619ed9d4c7c5146a211e436a2f20b8060cddc3c8dbe972531d88f4e6aa22e,135,-0.6813957233639324,0.01
1,1,all_strict,wholly_unseen,laplace,beta_half_half,20.0,retention_nonnegative,0.0,1fdce97f339c6596d23e9bb1065fcfdd1ee9e853c2e9a26822948904df8c6047,36adfee9848faf474e546b8c707834baf71a0c4efa6389c1acad45944d51cb31,138,-0.6781374430925378,0.01
1,1,all_strict,wholly_unseen,laplace,beta_half_half,20.0,retention_nonnegative,0.0001,1fdce97f339c6596d23e9bb1065fcfdd1ee9e853c2e9a26822948904df8c6047,3fabdbba0383a3c85d10f13c7a53f5350cc6ab5307d20c7aa53dcef980b67f54,138,-0.6720759251377109,0.01
1,1,all_strict,wholly_unseen,laplace,beta_half_half,20.0,retention_nonnegative,0.001,1fdce97f339c6596d23e9bb1065fcfdd1ee9e853c2e9a26822948904df8c6047,1eaaaf73910633ce3e4d3355dacca5e89121f21c8433a74855c4d2509888550f,138,-0.6415092726567715,0.01
1,1,all_strict,wholly_unseen,laplace,beta_half_half,20.0,retention_nonnegative,0.01,1fdce97f339c6596d23e9bb1065fcfdd1ee9e853c2e9a26822948904df8c6047,3b818b1637e0092a453fa158baae066bcf69f2095d9a0052efe5e3e2d09f7d69,138,-0.6115124558670865,0.01
1,1,all_strict,wholly_unseen,laplace,beta_half_half,20.0,retention_nonnegative,0.1,1fdce97f339c6596d23e9bb1065fcfdd1ee9e853c2e9a26822948904df8c6047,c2e7d21d68df4e921255b79523cbede795c6a69035bd73c7f40827672bc97560,138,-0.6813957233639324,0.01
1,2,all_strict,wholly_unseen,laplace,beta_half_half,20.0,retention_nonnegative,0.0,ea2a01c7ebcf95c320336f26b2b7d7ff133eac0910f84eeb63c63859a6fb024d,401eb21a7662f28ddbe020573e36c823d2fdd69a29d7c2a4e486ce7cdcc1d204,137,-0.6781374430925378,0.01
1,2,all_strict,wholly_unseen,laplace,beta_half_half,20.0,retention_nonnegative,0.0001,ea2a01c7ebcf95c320336f26b2b7d7ff133eac0910f84eeb63c63859a6fb024d,acc599797c983f63d0bbde023b63737915ef8ef0cbc48bbabd1620eb56e2cdc6,137,-0.6720759251377109,0.01
1,2,all_strict,wholly_unseen,laplace,beta_half_half,20.0,retention_nonnegative,0.001,ea2a01c7ebcf95c320336f26b2b7d7ff133eac0910f84eeb63c63859a6fb024d,a650f9d888d1ab9b4e71e33aca537e8619335a9465b49d09df7708f30827f69f,137,-0.6415092726567715,0.01
1,2,all_strict,wholly_unseen,laplace,beta_half_half,20.0,retention_nonnegative,0.01,ea2a01c7ebcf95c320336f26b2b7d7ff133eac0910f84eeb63c63859a6fb024d,f2e5c0c46e98ac6b211fd2ee4b36d38876a024f47bc3a94d55f87077e46c8eee,137,-0.6115124558670865,0.01
1,2,all_strict,wholly_unseen,laplace,beta_half_half,20.0,retention_nonnegative,0.1,ea2a01c7ebcf95c320336f26b2b7d7ff133eac0910f84eeb63c63859a6fb024d,451aa3753221ebef771efaa87c416782b6c8c748557a0603364f1c877a8d7a83,137,-0.6813957233639324,0.01
1,0,all_strict,wholly_unseen,laplace,beta_half_half,20.0,current_only,0.0,923683bb3d7d22d12d61ea5cd490f1fa6b90d6fe9e8fbdd8e0da06bd1e664b5a,3411980a5a33f9ca42ef35d9f16574c94f0b4f551ce7e631683f92dd4ab5b93a,135,-0.8452886690421157,0.01
1,0,all_strict,wholly_unseen,laplace,beta_half_half,20.0,current_only,0.0001,923683bb3d7d22d12d61ea5cd490f1fa6b90d6fe9e8fbdd8e0da06bd1e664b5a,4bc60c67316fbc6a4196bd970a8496c7e30d5247cb939713b99773b42e002a30,135,-0.845061278381997,0.01
1,0,all_strict,wholly_unseen,laplace,beta_half_half,20.0,current_only,0.001,923683bb3d7d22d12d61ea5cd490f1fa6b90d6fe9e8fbdd8e0da06bd1e664b5a,ce5d2656e47083ba39bb94ee11cac1f3768818ba500c64bd15e6f56b4b579f63,135,-0.8431167289110403,0.01
1,0,all_strict,wholly_unseen,laplace,beta_half_half,20.0,current_only,0.01,923683bb3d7d22d12d61ea5cd490f1fa6b90d6fe9e8fbdd8e0da06bd1e664b5a,5a9dbda7098ff155da36b3d04520f9a3d0ae2bff1da6a99c885fbb76c3cc63a7,135,-0.8304528868450011,0.01
1,0,all_strict,wholly_unseen,laplace,beta_half_half,20.0,current_only,0.1,923683bb3d7d22d12d61ea5cd490f1fa6b90d6fe9e8fbdd8e0da06bd1e664b5a,6dcef36a38f41e1b4a68d9b42f65ae972531087516023ec4ab6a9a064104f1cf,135,-0.8341297644389095,0.01
1,1,all_strict,wholly_unseen,laplace,beta_half_half,20.0,current_only,0.0,1fdce97f339c6596d23e9bb1065fcfdd1ee9e853c2e9a26822948904df8c6047,bda7d798f428d5ef05fe5b9ef4e01013797dd14c1fe0537771b38d7fafb7b3ec,138,-0.8452886690421157,0.01
1,1,all_strict,wholly_unseen,laplace,beta_half_half,20.0,current_only,0.0001,1fdce97f339c6596d23e9bb1065fcfdd1ee9e853c2e9a26822948904df8c6047,6e574d09181efc1a327a76217834803089e2f85296e620466ede5a392edc1953,138,-0.845061278381997,0.01
1,1,all_strict,wholly_unseen,laplace,beta_half_half,20.0,current_only,0.001,1fdce97f339c6596d23e9bb1065fcfdd1ee9e853c2e9a26822948904df8c6047,04b7f8501f8d11eb7ce2de8a80f146e129b22863a0925ecd7c0745b3e2117d1a,138,-0.8431167289110403,0.01
1,1,all_strict,wholly_unseen,laplace,beta_half_half,20.0,current_only,0.01,1fdce97f339c6596d23e9bb1065fcfdd1ee9e853c2e9a26822948904df8c6047,546278238a3b3cb14c36327250b91b71781139a9c357918c5904d5f346ebf1dc,138,-0.8304528868450011,0.01
1,1,all_strict,wholly_unseen,laplace,beta_half_half,20.0,current_only,0.1,1fdce97f339c6596d23e9bb1065fcfdd1ee9e853c2e9a26822948904df8c6047,4e99cb8a9191d3653a32177835870bc310e03070a7ec60ed0bc9eaf93c4a9d9b,138,-0.8341297644389095,0.01
1,2,all_strict,wholly_unseen,laplace,beta_half_half,20.0,current_only,0.0,ea2a01c7ebcf95c320336f26b2b7d7ff133eac0910f84eeb63c63859a6fb024d,798776a50a5adebb28d4de59bab731d590f26baf5d61108516dfabdd1f895b0f,137,-0.8452886690421157,0.01
1,2,all_strict,wholly_unseen,laplace,beta_half_half,20.0,current_only,0.0001,ea2a01c7ebcf95c320336f26b2b7d7ff133eac0910f84eeb63c63859a6fb024d,b82ec9327b73f5eaf24dca4a9c274ee8d6058213b44774668c1f8be49b442747,137,-0.845061278381997,0.01
1,2,all_strict,wholly_unseen,laplace,beta_half_half,20.0,current_only,0.001,ea2a01c7ebcf95c320336f26b2b7d7ff133eac0910f84eeb63c63859a6fb024d,a6479843d716b59313b470c5dce14e8ce37164c8e7673379750fa6723902a1b6,137,-0.8431167289110403,0.01
1,2,all_strict,wholly_unseen,laplace,beta_half_half,20.0,current_only,0.01,ea2a01c7ebcf95c320336f26b2b7d7ff133eac0910f84eeb63c63859a6fb024d,3bcbd12bb4e4b5f3079c7bf8f9082fab2c2717ab0ec7d8ac61c75fffbf9663a8,137,-0.8304528868450011,0.01
1,2,all_strict,wholly_unseen,laplace,beta_half_half,20.0,current_only,0.1,ea2a01c7ebcf95c320336f26b2b7d7ff133eac0910f84eeb63c63859a6fb024d,e06b9cb8880015b07396095356b6ac7d904b6b29b0db326022c4ba4bc4504ca6,137,-0.8341297644389095,0.01
1,0,all_strict,wholly_unseen,laplace,beta_half_half,20.0,input_plus_surface,0.0,923683bb3d7d22d12d61ea5cd490f1fa6b90d6fe9e8fbdd8e0da06bd1e664b5a,ba236be5d9cd862d5d4c64367a9c511db2689ae6a8d841fec90ba44f00caee11,135,-0.6432146705901883,0.01
1,0,all_strict,wholly_unseen,laplace,beta_half_half,20.0,input_plus_surface,0.0001,923683bb3d7d22d12d61ea5cd490f1fa6b90d6fe9e8fbdd8e0da06bd1e664b5a,01467c743b1169e7abdc87bf78915af3183641e95d821ce3d7ed11fa30e3bdd4,135,-0.6388271031441477,0.01
1,0,all_strict,wholly_unseen,laplace,beta_half_half,20.0,input_plus_surface,0.001,923683bb3d7d22d12d61ea5cd490f1fa6b90d6fe9e8fbdd8e0da06bd1e664b5a,911dcdaa4def063f20dfcfc6f78941fe56053c2c1d37ad171a9bd68dae1df89c,135,-0.6153983452929654,0.01
1,0,all_strict,wholly_unseen,laplace,beta_half_half,20.0,input_plus_surface,0.01,923683bb3d7d22d12d61ea5cd490f1fa6b90d6fe9e8fbdd8e0da06bd1e664b5a,2343a677726bc46791e1a238cb5b7e99debf9b853d500bcd77a25057164a8383,135,-0.5740427615219789,0.01
1,0,all_strict,wholly_unseen,laplace,beta_half_half,20.0,input_plus_surface,0.1,923683bb3d7d22d12d61ea5cd490f1fa6b90d6fe9e8fbdd8e0da06bd1e664b5a,4f9d95ec3f313368ba469d3d6615533dde26d124a19f61a3621a5310ec60e99a,135,-0.625975126250144,0.01
1,1,all_strict,wholly_unseen,laplace,beta_half_half,20.0,input_plus_surface,0.0,1fdce97f339c6596d23e9bb1065fcfdd1ee9e853c2e9a26822948904df8c6047,4542ce114ab699d5412cd080a3230fbea0e7a99e023134b7bd2bd312a12bb367,138,-0.6432146705901883,0.01
1,1,all_strict,wholly_unseen,laplace,beta_half_half,20.0,input_plus_surface,0.0001,1fdce97f339c6596d23e9bb1065fcfdd1ee9e853c2e9a26822948904df8c6047,36b4fa53da9b9a87a3538c92d68f351911b0e8d32a0f6f6a8076fc63c12decf9,138,-0.6388271031441477,0.01
1,1,all_strict,wholly_unseen,laplace,beta_half_half,20.0,input_plus_surface,0.001,1fdce97f339c6596d23e9bb1065fcfdd1ee9e853c2e9a26822948904df8c6047,f9d388599c502b550da2e992f17e15454bc8fc82dd78924bb5afb82c68ca83a5,138,-0.6153983452929654,0.01
1,1,all_strict,wholly_unseen,laplace,beta_half_half,20.0,input_plus_surface,0.01,1fdce97f339c6596d23e9bb1065fcfdd1ee9e853c2e9a26822948904df8c6047,712f9bee991dfa9a328c77648ba4135104f51ee837d6ac894438a829af9ad573,138,-0.5740427615219789,0.01
1,1,all_strict,wholly_unseen,laplace,beta_half_half,20.0,input_plus_surface,0.1,1fdce97f339c6596d23e9bb1065fcfdd1ee9e853c2e9a26822948904df8c6047,c1bfe0e96f07ab5120980ab302e50e3e289418bab36d0aabfe748960768821f1,138,-0.625975126250144,0.01
1,2,all_strict,wholly_unseen,laplace,beta_half_half,20.0,input_plus_surface,0.0,ea2a01c7ebcf95c320336f26b2b7d7ff133eac0910f84eeb63c63859a6fb024d,f7e898e114f9ac9ce600c15e301a89a93fc9c89eb03207a325149bb14153ada3,137,-0.6432146705901883,0.01
1,2,all_strict,wholly_unseen,laplace,beta_half_half,20.0,input_plus_surface,0.0001,ea2a01c7ebcf95c320336f26b2b7d7ff133eac0910f84eeb63c63859a6fb024d,af72cde06898470432a079a6a38498e2b388dc4f83977e4e3fe5c047930ea1da,137,-0.6388271031441477,0.01
1,2,all_strict,wholly_unseen,laplace,beta_half_half,20.0,input_plus_surface,0.001,ea2a01c7ebcf95c320336f26b2b7d7ff133eac0910f84eeb63c63859a6fb024d,8d45b8112621b357068be957b18415dbca0d6bc67822ec8acd428f90cd5e8254,137,-0.6153983452929654,0.01
1,2,all_strict,wholly_unseen,laplace,beta_half_half,20.0,input_plus_surface,0.01,ea2a01c7ebcf95c320336f26b2b7d7ff133eac0910f84eeb63c63859a6fb024d,7d76914b2686d9d8f239edfea3a8a424c972d5d457477835d79b14f4771296ad,137,-0.5740427615219789,0.01
1,2,all_strict,wholly_unseen,laplace,beta_half_half,20.0,input_plus_surface,0.1,ea2a01c7ebcf95c320336f26b2b7d7ff133eac0910f84eeb63c63859a6fb024d,43654e6fa0d6e839e07b5e79aa8691358d882151c8372d13895ff424d154a734,137,-0.625975126250144,0.01
1,0,all_strict,wholly_unseen,laplace,beta_half_half,20.0,HU_plus_surface,0.0,923683bb3d7d22d12d61ea5cd490f1fa6b90d6fe9e8fbdd8e0da06bd1e664b5a,37da27f5416ca8fda43124394c8ddc54681a4f8e97f41c1dabfa3ba566366db0,135,-0.5897876362410113,0.01
1,0,all_strict,wholly_unseen,laplace,beta_half_half,20.0,HU_plus_surface,0.0001,923683bb3d7d22d12d61ea5cd490f1fa6b90d6fe9e8fbdd8e0da06bd1e664b5a,0839cc9da878c6a5a0ed1b2d687030a4441ca2d02b17157056ebe209a9db75ca,135,-0.5866130785918471,0.01
1,0,all_strict,wholly_unseen,laplace,beta_half_half,20.0,HU_plus_surface,0.001,923683bb3d7d22d12d61ea5cd490f1fa6b90d6fe9e8fbdd8e0da06bd1e664b5a,dcbdab243125b660c61ef8b70500d0eeba5d0a18029ddc25fa51ef1e8a052f5e,135,-0.5695125453776321,0.01
1,0,all_strict,wholly_unseen,laplace,beta_half_half,20.0,HU_plus_surface,0.01,923683bb3d7d22d12d61ea5cd490f1fa6b90d6fe9e8fbdd8e0da06bd1e664b5a,7b03efd747cc904566b6afd4d8fd658bfd84a824af262d4cdd352aed7478a32e,135,-0.5437190267930496,0.01
1,0,all_strict,wholly_unseen,laplace,beta_half_half,20.0,HU_plus_surface,0.1,923683bb3d7d22d12d61ea5cd490f1fa6b90d6fe9e8fbdd8e0da06bd1e664b5a,ada8aaf7a6484fdf6ddfcc57a8665e8d5d0f8db0aa8504c16b81c588de6708bd,135,-0.6125066889286344,0.01
1,1,all_strict,wholly_unseen,laplace,beta_half_half,20.0,HU_plus_surface,0.0,1fdce97f339c6596d23e9bb1065fcfdd1ee9e853c2e9a26822948904df8c6047,b6d6294c1851fe1eeecfc4814dc9b254f02bba1a2c8f456c37e0d70fda609fd8,138,-0.5897876362410113,0.01
1,1,all_strict,wholly_unseen,laplace,beta_half_half,20.0,HU_plus_surface,0.0001,1fdce97f339c6596d23e9bb1065fcfdd1ee9e853c2e9a26822948904df8c6047,62a9d7f22809a6cb30fc04dfa31a0ef88078d713a7087a9c3b69e65722468728,138,-0.5866130785918471,0.01
1,1,all_strict,wholly_unseen,laplace,beta_half_half,20.0,HU_plus_surface,0.001,1fdce97f339c6596d23e9bb1065fcfdd1ee9e853c2e9a26822948904df8c6047,41f007f2f3e7b45c11305ca03dbad702f834d844861121a44efb12b30abd2c0a,138,-0.5695125453776321,0.01
1,1,all_strict,wholly_unseen,laplace,beta_half_half,20.0,HU_plus_surface,0.01,1fdce97f339c6596d23e9bb1065fcfdd1ee9e853c2e9a26822948904df8c6047,f858bb6a143dc60778de2718c3320c5c2447ca68fe25e5e9fd0288f72a31e837,138,-0.5437190267930496,0.01
1,1,all_strict,wholly_unseen,laplace,beta_half_half,20.0,HU_plus_surface,0.1,1fdce97f339c6596d23e9bb1065fcfdd1ee9e853c2e9a26822948904df8c6047,344f23578c2a7ff72bc20227c19c212c9a0e81a4f5e06829d9ff920fca1ed483,138,-0.6125066889286344,0.01
1,2,all_strict,wholly_unseen,laplace,beta_half_half,20.0,HU_plus_surface,0.0,ea2a01c7ebcf95c320336f26b2b7d7ff133eac0910f84eeb63c63859a6fb024d,606c1a4330b9e31880e8bbd114a2653f350555886119ba064551607492ee9d1a,137,-0.5897876362410113,0.01
1,2,all_strict,wholly_unseen,laplace,beta_half_half,20.0,HU_plus_surface,0.0001,ea2a01c7ebcf95c320336f26b2b7d7ff133eac0910f84eeb63c63859a6fb024d,718e7a3f3655ecdd3cfa1e56f4c24221fd9576ef482ebe932cd32d235f5ac6f9,137,-0.5866130785918471,0.01
1,2,all_strict,wholly_unseen,laplace,beta_half_half,20.0,HU_plus_surface,0.001,ea2a01c7ebcf95c320336f26b2b7d7ff133eac0910f84eeb63c63859a6fb024d,6ab2dd9d694e926e8fe5d8bb6d4735468190e2585e31b978d40ffaf3fa8d43e9,137,-0.5695125453776321,0.01
1,2,all_strict,wholly_unseen,laplace,beta_half_half,20.0,HU_plus_surface,0.01,ea2a01c7ebcf95c320336f26b2b7d7ff133eac0910f84eeb63c63859a6fb024d,a7746fe2042c9e915f9706c077f6d6dd455572701b07104dbe2e9668fe7bb815,137,-0.5437190267930496,0.01
1,2,all_strict,wholly_unseen,laplace,beta_half_half,20.0,HU_plus_surface,0.1,ea2a01c7ebcf95c320336f26b2b7d7ff133eac0910f84eeb63c63859a6fb024d,4589c56bb7842d947f0d213984b3e5c3f3bf27dff34a6c3f47a868010a5cd267,137,-0.6125066889286344,0.01
1,0,all_strict,wholly_unseen,laplace,beta_half_half,20.0,retention_bounded_plus_HU,0.0,923683bb3d7d22d12d61ea5cd490f1fa6b90d6fe9e8fbdd8e0da06bd1e664b5a,45e78b4506f5e4d4b65eae13eaa1e6b5b48ba87e10d618cd081ffcade1575902,135,-0.6147199049992557,0.01
1,0,all_strict,wholly_unseen,laplace,beta_half_half,20.0,retention_bounded_plus_HU,0.0001,923683bb3d7d22d12d61ea5cd490f1fa6b90d6fe9e8fbdd8e0da06bd1e664b5a,ebbda8c8d7dc5e6890797aa00269694cfdfcaee586efec83e4c5907a996dadd5,135,-0.612904125802569,0.01
1,0,all_strict,wholly_unseen,laplace,beta_half_half,20.0,retention_bounded_plus_HU,0.001,923683bb3d7d22d12d61ea5cd490f1fa6b90d6fe9e8fbdd8e0da06bd1e664b5a,9ec33291b1b67e4295dc9a3b4a894aef074d8260bdfd76277c92cc34c2f199af,135,-0.6004336475038384,0.01
1,0,all_strict,wholly_unseen,laplace,beta_half_half,20.0,retention_bounded_plus_HU,0.01,923683bb3d7d22d12d61ea5cd490f1fa6b90d6fe9e8fbdd8e0da06bd1e664b5a,222e57eb60fe49232c1facb3c19451c2e0b8bd272dcc055caef9f2273ddb4df7,135,-0.5622034194655025,0.01
1,0,all_strict,wholly_unseen,laplace,beta_half_half,20.0,retention_bounded_plus_HU,0.1,923683bb3d7d22d12d61ea5cd490f1fa6b90d6fe9e8fbdd8e0da06bd1e664b5a,e8d995e1dece24bbe5820022e082ab555d76546f5ba42414c5250c0c0b587c36,135,-0.5760743576836438,0.01
1,1,all_strict,wholly_unseen,laplace,beta_half_half,20.0,retention_bounded_plus_HU,0.0,1fdce97f339c6596d23e9bb1065fcfdd1ee9e853c2e9a26822948904df8c6047,298a0b18fb1be0b759e6020630062c647703f3013e90277e68c650cf56d3973f,138,-0.6147199049992557,0.01
1,1,all_strict,wholly_unseen,laplace,beta_half_half,20.0,retention_bounded_plus_HU,0.0001,1fdce97f339c6596d23e9bb1065fcfdd1ee9e853c2e9a26822948904df8c6047,df866267a324998efeb3e8175c5c8e23757cde6bbbe9b4b5a587352c3c88f9ed,138,-0.612904125802569,0.01
1,1,all_strict,wholly_unseen,laplace,beta_half_half,20.0,retention_bounded_plus_HU,0.001,1fdce97f339c6596d23e9bb1065fcfdd1ee9e853c2e9a26822948904df8c6047,7cc58adc1a4f672ba80d3c795190c413cbda392485bfb913cb3adc394ce13e9c,138,-0.6004336475038384,0.01
1,1,all_strict,wholly_unseen,laplace,beta_half_half,20.0,retention_bounded_plus_HU,0.01,1fdce97f339c6596d23e9bb1065fcfdd1ee9e853c2e9a26822948904df8c6047,b83dd7cef17c9cda557eb878dd2ac41cc622ab0470a19b1a7280809bb503e1e5,138,-0.5622034194655025,0.01
1,1,all_strict,wholly_unseen,laplace,beta_half_half,20.0,retention_bounded_plus_HU,0.1,1fdce97f339c6596d23e9bb1065fcfdd1ee9e853c2e9a26822948904df8c6047,96387e8c3925c593bb1ec0129f6c8e1da2c02c0251dbad63d3584c9499debdc2,138,-0.5760743576836438,0.01
1,2,all_strict,wholly_unseen,laplace,beta_half_half,20.0,retention_bounded_plus_HU,0.0,ea2a01c7ebcf95c320336f26b2b7d7ff133eac0910f84eeb63c63859a6fb024d,31e3797f5c5a18516f6f211d200a6b58ef6884d7aacffe81654c9e7b3a4967e1,137,-0.6147199049992557,0.01
1,2,all_strict,wholly_unseen,laplace,beta_half_half,20.0,retention_bounded_plus_HU,0.0001,ea2a01c7ebcf95c320336f26b2b7d7ff133eac0910f84eeb63c63859a6fb024d,62297d981b06977ff4770f37c76d00d50add4567de7c523950f6396e7096162c,137,-0.612904125802569,0.01
1,2,all_strict,wholly_unseen,laplace,beta_half_half,20.0,retention_bounded_plus_HU,0.001,ea2a01c7ebcf95c320336f26b2b7d7ff133eac0910f84eeb63c63859a6fb024d,33dea53f3eabf6221f712f437e2c1dfe85a55d3353291e83f3d273861cb34ade,137,-0.6004336475038384,0.01
1,2,all_strict,wholly_unseen,laplace,beta_half_half,20.0,retention_bounded_plus_HU,0.01,ea2a01c7ebcf95c320336f26b2b7d7ff133eac0910f84eeb63c63859a6fb024d,e8859fd958968406a0c2df45af5597730adb5293e5448be8e9bf9bdb147cbe13,137,-0.5622034194655025,0.01
1,2,all_strict,wholly_unseen,laplace,beta_half_half,20.0,retention_bounded_plus_HU,0.1,ea2a01c7ebcf95c320336f26b2b7d7ff133eac0910f84eeb63c63859a6fb024d,47141bc033deb2e719e69a0d85253b27daa7515f9b3062a5d56720ae99e5fc32,137,-0.5760743576836438,0.01
1,0,all_strict,wholly_unseen,gh80,beta_half_half,20.0,HU_plus_surface,0.0,923683bb3d7d22d12d61ea5cd490f1fa6b90d6fe9e8fbdd8e0da06bd1e664b5a,41b9127bda117d12e0ddd162f6e317f01353c4522c7507b734a81bde6b45cf09,135,-0.586862187389854,0.01
1,0,all_strict,wholly_unseen,gh80,beta_half_half,20.0,HU_plus_surface,0.0001,923683bb3d7d22d12d61ea5cd490f1fa6b90d6fe9e8fbdd8e0da06bd1e664b5a,736a7b7732d703290c71004c6461408f9ededf69fdb64e04a915670592608c9c,135,-0.583390071432908,0.01
1,0,all_strict,wholly_unseen,gh80,beta_half_half,20.0,HU_plus_surface,0.001,923683bb3d7d22d12d61ea5cd490f1fa6b90d6fe9e8fbdd8e0da06bd1e664b5a,cc9b3009084938276727ab4b4c32f5a5569feef4a6031ecf532fcab312fb2556,135,-0.5653566437442141,0.01
1,0,all_strict,wholly_unseen,gh80,beta_half_half,20.0,HU_plus_surface,0.01,923683bb3d7d22d12d61ea5cd490f1fa6b90d6fe9e8fbdd8e0da06bd1e664b5a,96e0bf41163b740b589232d8bc3d4daedf301f934b9f8cfe42b82e00e6b17e8d,135,-0.5408682486386446,0.01
1,0,all_strict,wholly_unseen,gh80,beta_half_half,20.0,HU_plus_surface,0.1,923683bb3d7d22d12d61ea5cd490f1fa6b90d6fe9e8fbdd8e0da06bd1e664b5a,8c77b663a02da45894aa8195b4fc010b1806cdcfa8ac2726991e5d258736e7c6,135,-0.6134990212129924,0.01
1,1,all_strict,wholly_unseen,gh80,beta_half_half,20.0,HU_plus_surface,0.0,1fdce97f339c6596d23e9bb1065fcfdd1ee9e853c2e9a26822948904df8c6047,c0a725c349fd56559d5b7fbee98c1f2414327aa51b63ae13435649d40520a676,138,-0.586862187389854,0.01
1,1,all_strict,wholly_unseen,gh80,beta_half_half,20.0,HU_plus_surface,0.0001,1fdce97f339c6596d23e9bb1065fcfdd1ee9e853c2e9a26822948904df8c6047,fb6b3631170cf28be14c4acca4aec6558f1378104d0a5db4610c1f373dbdde7a,138,-0.583390071432908,0.01
1,1,all_strict,wholly_unseen,gh80,beta_half_half,20.0,HU_plus_surface,0.001,1fdce97f339c6596d23e9bb1065fcfdd1ee9e853c2e9a26822948904df8c6047,fe002e38816f22262e4511bf0a9a5783fcc6a143152a5406d22bf472d8ccf35b,138,-0.5653566437442141,0.01
1,1,all_strict,wholly_unseen,gh80,beta_half_half,20.0,HU_plus_surface,0.01,1fdce97f339c6596d23e9bb1065fcfdd1ee9e853c2e9a26822948904df8c6047,ad87ade4ef3c397b84ef994ed3d51f056b0fa79740667d42b6714672097ea9a9,138,-0.5408682486386446,0.01
1,1,all_strict,wholly_unseen,gh80,beta_half_half,20.0,HU_plus_surface,0.1,1fdce97f339c6596d23e9bb1065fcfdd1ee9e853c2e9a26822948904df8c6047,2eafb2942af3ff3236fe91fe5025ed05c2baf678d3682366961e6a1d3e6db630,138,-0.6134990212129924,0.01
1,2,all_strict,wholly_unseen,gh80,beta_half_half,20.0,HU_plus_surface,0.0,ea2a01c7ebcf95c320336f26b2b7d7ff133eac0910f84eeb63c63859a6fb024d,bf3fa2df44bad182c17df380c27ace2d343aa80a0d8ebd8d5ea7c2f9cdf3b0cc,137,-0.586862187389854,0.01
1,2,all_strict,wholly_unseen,gh80,beta_half_half,20.0,HU_plus_surface,0.0001,ea2a01c7ebcf95c320336f26b2b7d7ff133eac0910f84eeb63c63859a6fb024d,3fe0b19e9ad44c67f637e9b12c60690e456905fba4ab743d02b0e9c340a9077b,137,-0.583390071432908,0.01
1,2,all_strict,wholly_unseen,gh80,beta_half_half,20.0,HU_plus_surface,0.001,ea2a01c7ebcf95c320336f26b2b7d7ff133eac0910f84eeb63c63859a6fb024d,093db2f12348dcc970d54d91fd79d289831d8a1e927cbe473942e1c19417ee85,137,-0.5653566437442141,0.01
1,2,all_strict,wholly_unseen,gh80,beta_half_half,20.0,HU_plus_surface,0.01,ea2a01c7ebcf95c320336f26b2b7d7ff133eac0910f84eeb63c63859a6fb024d,17e07bc69b163fa16f1bc3e7fa552be11b9b30a870da7886c4a6eeeee7abe22f,137,-0.5408682486386446,0.01
1,2,all_strict,wholly_unseen,gh80,beta_half_half,20.0,HU_plus_surface,0.1,ea2a01c7ebcf95c320336f26b2b7d7ff133eac0910f84eeb63c63859a6fb024d,b956f12045dddb7f20412e79ce769c140fa980ca9186831baf82119c9fbb485b,137,-0.6134990212129924,0.01
1,0,all_strict,wholly_unseen,gh80,beta_half_half,20.0,retention_bounded_plus_HU,0.0,923683bb3d7d22d12d61ea5cd490f1fa6b90d6fe9e8fbdd8e0da06bd1e664b5a,6029867cc3b9b615ad447c1532e69559b7c41e9fd3473199e1ba521571b21ad8,135,-0.6089597727946164,0.01
1,0,all_strict,wholly_unseen,gh80,beta_half_half,20.0,retention_bounded_plus_HU,0.0001,923683bb3d7d22d12d61ea5cd490f1fa6b90d6fe9e8fbdd8e0da06bd1e664b5a,2e15b1d3dbf1a881ee504b931b3fd352bac09a888744c877df3a09b5ce87dd68,135,-0.6080600187777676,0.01
1,0,all_strict,wholly_unseen,gh80,beta_half_half,20.0,retention_bounded_plus_HU,0.001,923683bb3d7d22d12d61ea5cd490f1fa6b90d6fe9e8fbdd8e0da06bd1e664b5a,9689878823c624bfb6a7ada122770cafcdfc0d9edda7ceb4d05d0749c528c253,135,-0.6002013881141876,0.01
1,0,all_strict,wholly_unseen,gh80,beta_half_half,20.0,retention_bounded_plus_HU,0.01,923683bb3d7d22d12d61ea5cd490f1fa6b90d6fe9e8fbdd8e0da06bd1e664b5a,4c7c24da65d4582be74cc95e5ba103acad4ff4de00bfb22b8080d5952f9cd6ff,135,-0.5662067141880006,0.01
1,0,all_strict,wholly_unseen,gh80,beta_half_half,20.0,retention_bounded_plus_HU,0.1,923683bb3d7d22d12d61ea5cd490f1fa6b90d6fe9e8fbdd8e0da06bd1e664b5a,eee513471766ca24946d703636fa3f0ca43cf1b9b66e063c8a916345e708e9d7,135,-0.5792538394960001,0.01
1,1,all_strict,wholly_unseen,gh80,beta_half_half,20.0,retention_bounded_plus_HU,0.0,1fdce97f339c6596d23e9bb1065fcfdd1ee9e853c2e9a26822948904df8c6047,efa49ffc975f056a9839e440879aec654ffeb6e850fabc86cafc013df7e96581,138,-0.6089597727946164,0.01
1,1,all_strict,wholly_unseen,gh80,beta_half_half,20.0,retention_bounded_plus_HU,0.0001,1fdce97f339c6596d23e9bb1065fcfdd1ee9e853c2e9a26822948904df8c6047,42955b1cdcb142bd492cb2c0ceb5d78a8547175c6e71ba9f2040dfa9d2bd5c7f,138,-0.6080600187777676,0.01
1,1,all_strict,wholly_unseen,gh80,beta_half_half,20.0,retention_bounded_plus_HU,0.001,1fdce97f339c6596d23e9bb1065fcfdd1ee9e853c2e9a26822948904df8c6047,bfba15abae6f9fa1de0370eb29790ab6c7d8361c1fef5cedad69cd0ef4452113,138,-0.6002013881141876,0.01
1,1,all_strict,wholly_unseen,gh80,beta_half_half,20.0,retention_bounded_plus_HU,0.01,1fdce97f339c6596d23e9bb1065fcfdd1ee9e853c2e9a26822948904df8c6047,028b4bf70dfb63ea829d23682a94762c6c7cb36e234e08c4b8a32ab317594c51,138,-0.5662067141880006,0.01
1,1,all_strict,wholly_unseen,gh80,beta_half_half,20.0,retention_bounded_plus_HU,0.1,1fdce97f339c6596d23e9bb1065fcfdd1ee9e853c2e9a26822948904df8c6047,53aa786fab19b77fafc7ce7e98d37cf66bd257044d746295bc3b0bff5ed3d561,138,-0.5792538394960001,0.01
1,2,all_strict,wholly_unseen,gh80,beta_half_half,20.0,retention_bounded_plus_HU,0.0,ea2a01c7ebcf95c320336f26b2b7d7ff133eac0910f84eeb63c63859a6fb024d,4586e8aaa2c30bff1cbdca663c06ec1b6a8ef252e98e0233126731ec17d9c806,137,-0.6089597727946164,0.01
1,2,all_strict,wholly_unseen,gh80,beta_half_half,20.0,retention_bounded_plus_HU,0.0001,ea2a01c7ebcf95c320336f26b2b7d7ff133eac0910f84eeb63c63859a6fb024d,74ac3e61b154829a2a6ad0d870b8e1c4c55aedea117a5b23bd0d3eb3aa483eb2,137,-0.6080600187777676,0.01
1,2,all_strict,wholly_unseen,gh80,beta_half_half,20.0,retention_bounded_plus_HU,0.001,ea2a01c7ebcf95c320336f26b2b7d7ff133eac0910f84eeb63c63859a6fb024d,116a8ee6f5e0019e211e4b8ed0993c32cceb370f946596b07ff19fa6ee8e1d75,137,-0.6002013881141876,0.01
1,2,all_strict,wholly_unseen,gh80,beta_half_half,20.0,retention_bounded_plus_HU,0.01,ea2a01c7ebcf95c320336f26b2b7d7ff133eac0910f84eeb63c63859a6fb024d,51f6a21d096b5a738271ec3188f4b6233ae50e077fea38902184838899788b85,137,-0.5662067141880006,0.01
1,2,all_strict,wholly_unseen,gh80,beta_half_half,20.0,retention_bounded_plus_HU,0.1,ea2a01c7ebcf95c320336f26b2b7d7ff133eac0910f84eeb63c63859a6fb024d,28a10b74e7adfa70ddf49e56440fb3c1dcedea2dc6513a33269203976c76914a,137,-0.5792538394960001,0.01
1,0,all_agreeing_offsets,side_informed,laplace,beta_half_half,20.0,retention_bounded,0.0,923683bb3d7d22d12d61ea5cd490f1fa6b90d6fe9e8fbdd8e0da06bd1e664b5a,f043b64572dc984a94c528690b86427af91bc90fdd51f854228d320d1694d182,135,-0.355957792242265,0.01
1,0,all_agreeing_offsets,side_informed,laplace,beta_half_half,20.0,retention_bounded,0.0001,923683bb3d7d22d12d61ea5cd490f1fa6b90d6fe9e8fbdd8e0da06bd1e664b5a,92a08113348101b73196ee7b7601e30835e6742dfd6df82ae1d113e539b6f3d5,135,-0.3532022812125361,0.01
1,0,all_agreeing_offsets,side_informed,laplace,beta_half_half,20.0,retention_bounded,0.001,923683bb3d7d22d12d61ea5cd490f1fa6b90d6fe9e8fbdd8e0da06bd1e664b5a,02d2d3f0e7e1d97e837b3452129522e322c4515238638e1bcac63d88189fdd18,135,-0.33767877093120796,0.01
1,0,all_agreeing_offsets,side_informed,laplace,beta_half_half,20.0,retention_bounded,0.01,923683bb3d7d22d12d61ea5cd490f1fa6b90d6fe9e8fbdd8e0da06bd1e664b5a,cc3df594114830fda87ef2aeafa1bb3309572525a39b0d52dc1658e75bb4f025,135,-0.30647504081429416,0.01
1,0,all_agreeing_offsets,side_informed,laplace,beta_half_half,20.0,retention_bounded,0.1,923683bb3d7d22d12d61ea5cd490f1fa6b90d6fe9e8fbdd8e0da06bd1e664b5a,c7679b12861f8cfffc9eb36e63629d5d10803ed652ce5240c75680faabe1e34b,135,-0.347085062466211,0.01
1,1,all_agreeing_offsets,side_informed,laplace,beta_half_half,20.0,retention_bounded,0.0,1fdce97f339c6596d23e9bb1065fcfdd1ee9e853c2e9a26822948904df8c6047,c5eaf54820230b5160a80591cbb8f92c16f7c4a2b7541e7a1b8fb4c5dfd1cbdb,138,-0.355957792242265,0.01
1,1,all_agreeing_offsets,side_informed,laplace,beta_half_half,20.0,retention_bounded,0.0001,1fdce97f339c6596d23e9bb1065fcfdd1ee9e853c2e9a26822948904df8c6047,b8e6e15138bff208f52c788bc345b2b79476597fd2bd55e15b9fbc10fa094590,138,-0.3532022812125361,0.01
1,1,all_agreeing_offsets,side_informed,laplace,beta_half_half,20.0,retention_bounded,0.001,1fdce97f339c6596d23e9bb1065fcfdd1ee9e853c2e9a26822948904df8c6047,38af2d6f4f48a3f8cda4e38995658fe87cf5f6e6514c48547269dc7fd6be2991,138,-0.33767877093120796,0.01
1,1,all_agreeing_offsets,side_informed,laplace,beta_half_half,20.0,retention_bounded,0.01,1fdce97f339c6596d23e9bb1065fcfdd1ee9e853c2e9a26822948904df8c6047,6b630f885989c20b2b4fddae24dffbcd8b60d5eaa49aa06f4cf86400df043261,138,-0.30647504081429416,0.01
1,1,all_agreeing_offsets,side_informed,laplace,beta_half_half,20.0,retention_bounded,0.1,1fdce97f339c6596d23e9bb1065fcfdd1ee9e853c2e9a26822948904df8c6047,1f74cc076063a7bb957a923ce8a0fe69c2964a797c11463043338757c0be97cd,138,-0.347085062466211,0.01
1,2,all_agreeing_offsets,side_informed,laplace,beta_half_half,20.0,retention_bounded,0.0,ea2a01c7ebcf95c320336f26b2b7d7ff133eac0910f84eeb63c63859a6fb024d,97a3c22b8aedccb575c1cf75856d0c7a0d1bba9e2b7cb9b30f5d23c47f4a4da0,137,-0.355957792242265,0.01
1,2,all_agreeing_offsets,side_informed,laplace,beta_half_half,20.0,retention_bounded,0.0001,ea2a01c7ebcf95c320336f26b2b7d7ff133eac0910f84eeb63c63859a6fb024d,9565d34ca0a60bc2923c07669c8f832cfe21ff6a503627e9431588f7c0319c48,137,-0.3532022812125361,0.01
1,2,all_agreeing_offsets,side_informed,laplace,beta_half_half,20.0,retention_bounded,0.001,ea2a01c7ebcf95c320336f26b2b7d7ff133eac0910f84eeb63c63859a6fb024d,4615ac7942eaff18034e7a518eeb3e0860cde24294970d71ac281d8dbcb61a3e,137,-0.33767877093120796,0.01
1,2,all_agreeing_offsets,side_informed,laplace,beta_half_half,20.0,retention_bounded,0.01,ea2a01c7ebcf95c320336f26b2b7d7ff133eac0910f84eeb63c63859a6fb024d,4899203bda418e1827b322dd79479ee82ed81138ab18c2bda58ece9ecab2af8b,137,-0.30647504081429416,0.01
1,2,all_agreeing_offsets,side_informed,laplace,beta_half_half,20.0,retention_bounded,0.1,ea2a01c7ebcf95c320336f26b2b7d7ff133eac0910f84eeb63c63859a6fb024d,61525690a5fc40db85a27bfd17dad42d3ee1274784074907ceddd41eb5a2b830,137,-0.347085062466211,0.01
1,0,all_agreeing_offsets,side_informed,laplace,beta_half_half,20.0,retention_nonnegative,0.0,923683bb3d7d22d12d61ea5cd490f1fa6b90d6fe9e8fbdd8e0da06bd1e664b5a,5a715c5c7a2f5c176eeb4b3ee1a8b0e4f3f53ec5a136b46cdfdcb466fd186292,135,-0.3559577897079975,0.001
1,0,all_agreeing_offsets,side_informed,laplace,beta_half_half,20.0,retention_nonnegative,0.0001,923683bb3d7d22d12d61ea5cd490f1fa6b90d6fe9e8fbdd8e0da06bd1e664b5a,6c26e864786c577d1da8e9df012163e5bd51327935509420376ff422ac9bbb14,135,-0.35161757810118277,0.001
1,0,all_agreeing_offsets,side_informed,laplace,beta_half_half,20.0,retention_nonnegative,0.001,923683bb3d7d22d12d61ea5cd490f1fa6b90d6fe9e8fbdd8e0da06bd1e664b5a,7a52f0ee4226b9f4e6157ccf80faa5ca5941bfdc5c28a245cb0586da2f66f95f,135,-0.33423250390866177,0.001
1,0,all_agreeing_offsets,side_informed,laplace,beta_half_half,20.0,retention_nonnegative,0.01,923683bb3d7d22d12d61ea5cd490f1fa6b90d6fe9e8fbdd8e0da06bd1e664b5a,7ecf0b5f6fef5c23c4adc4a44aa7bc3967490d984fb36273d1b4f56068ba085b,135,-0.3345305718065003,0.001
1,0,all_agreeing_offsets,side_informed,laplace,beta_half_half,20.0,retention_nonnegative,0.1,923683bb3d7d22d12d61ea5cd490f1fa6b90d6fe9e8fbdd8e0da06bd1e664b5a,3948cb9118232ab10a2ad01f113092e006c268245269316f001a16dd005723d4,135,-0.4184346128435009,0.001
1,1,all_agreeing_offsets,side_informed,laplace,beta_half_half,20.0,retention_nonnegative,0.0,1fdce97f339c6596d23e9bb1065fcfdd1ee9e853c2e9a26822948904df8c6047,ef9cd87741f2d9f22dc97607ac3fdd7db0bee870f86ae94495f815f8d6ca2b96,138,-0.3559577897079975,0.001
1,1,all_agreeing_offsets,side_informed,laplace,beta_half_half,20.0,retention_nonnegative,0.0001,1fdce97f339c6596d23e9bb1065fcfdd1ee9e853c2e9a26822948904df8c6047,868c3feb844170d19caabda5189792e58eb8223fe1367f5d2e7bff3324d38aa6,138,-0.35161757810118277,0.001
1,1,all_agreeing_offsets,side_informed,laplace,beta_half_half,20.0,retention_nonnegative,0.001,1fdce97f339c6596d23e9bb1065fcfdd1ee9e853c2e9a26822948904df8c6047,7b317a6afd5aba058e587f8ecbfc35d037914dbf6889b1f90c0c4f6925daaef1,138,-0.33423250390866177,0.001
1,1,all_agreeing_offsets,side_informed,laplace,beta_half_half,20.0,retention_nonnegative,0.01,1fdce97f339c6596d23e9bb1065fcfdd1ee9e853c2e9a26822948904df8c6047,914c37f6ca7a7a89fc5a2fc07c7146ca4131d86e14b597ddeb429ba724f2df68,138,-0.3345305718065003,0.001
1,1,all_agreeing_offsets,side_informed,laplace,beta_half_half,20.0,retention_nonnegative,0.1,1fdce97f339c6596d23e9bb1065fcfdd1ee9e853c2e9a26822948904df8c6047,4b0d38cd3c5e2e8a1db362745304cb92fc1f194a3c93cbbdd76a0373ed4c1f4e,138,-0.4184346128435009,0.001
1,2,all_agreeing_offsets,side_informed,laplace,beta_half_half,20.0,retention_nonnegative,0.0,ea2a01c7ebcf95c320336f26b2b7d7ff133eac0910f84eeb63c63859a6fb024d,22a3f4d7908f40f00122c6c1994d4ac138259e640abf6daf9df74a079c5f0006,137,-0.3559577897079975,0.001
1,2,all_agreeing_offsets,side_informed,laplace,beta_half_half,20.0,retention_nonnegative,0.0001,ea2a01c7ebcf95c320336f26b2b7d7ff133eac0910f84eeb63c63859a6fb024d,f2034ccb5c0ddda25182d65d5de2729adb311494817410c856a926b373ea7db6,137,-0.35161757810118277,0.001
1,2,all_agreeing_offsets,side_informed,laplace,beta_half_half,20.0,retention_nonnegative,0.001,ea2a01c7ebcf95c320336f26b2b7d7ff133eac0910f84eeb63c63859a6fb024d,ebe038057f43dcb570ee162fd438a343bfa69f2b9140272d52cd955d8fc402c6,137,-0.33423250390866177,0.001
1,2,all_agreeing_offsets,side_informed,laplace,beta_half_half,20.0,retention_nonnegative,0.01,ea2a01c7ebcf95c320336f26b2b7d7ff133eac0910f84eeb63c63859a6fb024d,79f7a7c47cd40941e2def2c78950681035ad60696d0ff4feb32fa4a53668ff94,137,-0.3345305718065003,0.001
1,2,all_agreeing_offsets,side_informed,laplace,beta_half_half,20.0,retention_nonnegative,0.1,ea2a01c7ebcf95c320336f26b2b7d7ff133eac0910f84eeb63c63859a6fb024d,dbfd089885278e31800700a65fc76879dd27427ed10472635bbdc3771dd58bcc,137,-0.4184346128435009,0.001
1,0,all_agreeing_offsets,side_informed,laplace,beta_half_half,20.0,current_only,0.0,923683bb3d7d22d12d61ea5cd490f1fa6b90d6fe9e8fbdd8e0da06bd1e664b5a,be12ac240cf9a5464af4173fa7253c3132853a9b19ae071b2e00c48e6a1c9e88,135,-0.5846981166530755,0.01
1,0,all_agreeing_offsets,side_informed,laplace,beta_half_half,20.0,current_only,0.0001,923683bb3d7d22d12d61ea5cd490f1fa6b90d6fe9e8fbdd8e0da06bd1e664b5a,10a06ddaf214218ad2aea7bf23714a8db0ae0cb846feb099775cf06eb64a57e8,135,-0.5844707259929566,0.01
1,0,all_agreeing_offsets,side_informed,laplace,beta_half_half,20.0,current_only,0.001,923683bb3d7d22d12d61ea5cd490f1fa6b90d6fe9e8fbdd8e0da06bd1e664b5a,15164069e617e2d07c53c3603421c674e7504e8df3f20755b1376cace6b74d02,135,-0.5825261765220001,0.01
1,0,all_agreeing_offsets,side_informed,laplace,beta_half_half,20.0,current_only,0.01,923683bb3d7d22d12d61ea5cd490f1fa6b90d6fe9e8fbdd8e0da06bd1e664b5a,d7b76d0625cc9a079bd7b6c7685eaa9be8c5957dc29afbe4e5c0ba4d0f265e30,135,-0.5698623344559608,0.01
1,0,all_agreeing_offsets,side_informed,laplace,beta_half_half,20.0,current_only,0.1,923683bb3d7d22d12d61ea5cd490f1fa6b90d6fe9e8fbdd8e0da06bd1e664b5a,37d1c9311494abe0572d59ce7558e35f145f8c75f6e85ff0382265e7fff11276,135,-0.5735392120498691,0.01
1,1,all_agreeing_offsets,side_informed,laplace,beta_half_half,20.0,current_only,0.0,1fdce97f339c6596d23e9bb1065fcfdd1ee9e853c2e9a26822948904df8c6047,a12de8a15ef662f6ad7052a459becb854d1652928979e758044570e84b39dcdc,138,-0.5846981166530755,0.01
1,1,all_agreeing_offsets,side_informed,laplace,beta_half_half,20.0,current_only,0.0001,1fdce97f339c6596d23e9bb1065fcfdd1ee9e853c2e9a26822948904df8c6047,4e1efa1249db304a6b1977ea651575337523a9da663714005a2ce77d18cd7a25,138,-0.5844707259929566,0.01
1,1,all_agreeing_offsets,side_informed,laplace,beta_half_half,20.0,current_only,0.001,1fdce97f339c6596d23e9bb1065fcfdd1ee9e853c2e9a26822948904df8c6047,3a4f343191fcc67d69110ad4e731ae9a64764e233712f18527b55d2035425c28,138,-0.5825261765220001,0.01
1,1,all_agreeing_offsets,side_informed,laplace,beta_half_half,20.0,current_only,0.01,1fdce97f339c6596d23e9bb1065fcfdd1ee9e853c2e9a26822948904df8c6047,aa655f4988d5a3ba4c84cbb8ca5189bda451444a84a89d77f6d65c2e6c7c1da3,138,-0.5698623344559608,0.01
1,1,all_agreeing_offsets,side_informed,laplace,beta_half_half,20.0,current_only,0.1,1fdce97f339c6596d23e9bb1065fcfdd1ee9e853c2e9a26822948904df8c6047,6c44a3f02be02704acf4f4636dcdff5e25d0c40e83408d97aaf5ea1105ab6c91,138,-0.5735392120498691,0.01
1,2,all_agreeing_offsets,side_informed,laplace,beta_half_half,20.0,current_only,0.0,ea2a01c7ebcf95c320336f26b2b7d7ff133eac0910f84eeb63c63859a6fb024d,de45cf54b8639052fea48f90cd70662ffcb3002e859dbfcd5233c571e92d56ed,137,-0.5846981166530755,0.01
1,2,all_agreeing_offsets,side_informed,laplace,beta_half_half,20.0,current_only,0.0001,ea2a01c7ebcf95c320336f26b2b7d7ff133eac0910f84eeb63c63859a6fb024d,1b10e7fbc536d4de3068f06ed14b84c12880b2d4a3dc0be11df5f59a7fde57d8,137,-0.5844707259929566,0.01
1,2,all_agreeing_offsets,side_informed,laplace,beta_half_half,20.0,current_only,0.001,ea2a01c7ebcf95c320336f26b2b7d7ff133eac0910f84eeb63c63859a6fb024d,3135cf65e48ff619cbb4d3b354d146a13369d00e9c52bb3b1abcfef68328767e,137,-0.5825261765220001,0.01
1,2,all_agreeing_offsets,side_informed,laplace,beta_half_half,20.0,current_only,0.01,ea2a01c7ebcf95c320336f26b2b7d7ff133eac0910f84eeb63c63859a6fb024d,90dfe0871e63e4ec44d371cf778d0be05b70da118a22424cd39993d901602e9e,137,-0.5698623344559608,0.01
1,2,all_agreeing_offsets,side_informed,laplace,beta_half_half,20.0,current_only,0.1,ea2a01c7ebcf95c320336f26b2b7d7ff133eac0910f84eeb63c63859a6fb024d,06af0445869e9b6a9afd4928f74d5e5fd0971721d2afdbc179858d566cb70a34,137,-0.5735392120498691,0.01
1,0,all_agreeing_offsets,side_informed,laplace,beta_half_half,20.0,input_plus_surface,0.0,923683bb3d7d22d12d61ea5cd490f1fa6b90d6fe9e8fbdd8e0da06bd1e664b5a,3267193e82295a12f473a6b23e58268edf066dd76dc7dd931c0fefa5a8b405bd,135,-0.36466512934341433,0.01
1,0,all_agreeing_offsets,side_informed,laplace,beta_half_half,20.0,input_plus_surface,0.0001,923683bb3d7d22d12d61ea5cd490f1fa6b90d6fe9e8fbdd8e0da06bd1e664b5a,7243c66a3040e29bc22cd734256568fbf7b2767dd0ff9c9f1019cec0cd3603df,135,-0.35968830662783347,0.01
1,0,all_agreeing_offsets,side_informed,laplace,beta_half_half,20.0,input_plus_surface,0.001,923683bb3d7d22d12d61ea5cd490f1fa6b90d6fe9e8fbdd8e0da06bd1e664b5a,345afd94a21d48cd2c447906c1ab9b3d73c4780ea78e1739e376ebbb472f0a2c,135,-0.33680217647020905,0.01
1,0,all_agreeing_offsets,side_informed,laplace,beta_half_half,20.0,input_plus_surface,0.01,923683bb3d7d22d12d61ea5cd490f1fa6b90d6fe9e8fbdd8e0da06bd1e664b5a,57498ee4d08335b4d3cb4fd838ead92ee964ee3c66b62b8b855b6a4978303ec6,135,-0.3065560167396339,0.01
1,0,all_agreeing_offsets,side_informed,laplace,beta_half_half,20.0,input_plus_surface,0.1,923683bb3d7d22d12d61ea5cd490f1fa6b90d6fe9e8fbdd8e0da06bd1e664b5a,d103e55da471eb3ee76246433b3cf0fdcd3d6096e612905e6becd5f644cc7270,135,-0.3654657662938519,0.01
1,1,all_agreeing_offsets,side_informed,laplace,beta_half_half,20.0,input_plus_surface,0.0,1fdce97f339c6596d23e9bb1065fcfdd1ee9e853c2e9a26822948904df8c6047,417f6eab0faf91db333de127fa1480239cba37892ae9d4df44c81e4d82a2363d,138,-0.36466512934341433,0.01
1,1,all_agreeing_offsets,side_informed,laplace,beta_half_half,20.0,input_plus_surface,0.0001,1fdce97f339c6596d23e9bb1065fcfdd1ee9e853c2e9a26822948904df8c6047,ca74ac0aacedce801e251e26a5d7abac316f0d58af12fefcfb717904656a66be,138,-0.35968830662783347,0.01
1,1,all_agreeing_offsets,side_informed,laplace,beta_half_half,20.0,input_plus_surface,0.001,1fdce97f339c6596d23e9bb1065fcfdd1ee9e853c2e9a26822948904df8c6047,25017142e3767763ecc3344a932e07ee3ad0af596556b71f4490558582fe3629,138,-0.33680217647020905,0.01
1,1,all_agreeing_offsets,side_informed,laplace,beta_half_half,20.0,input_plus_surface,0.01,1fdce97f339c6596d23e9bb1065fcfdd1ee9e853c2e9a26822948904df8c6047,49e5ff1228891a067209ca05f05407112cd681020416a43d37062538fa819eb6,138,-0.3065560167396339,0.01
1,1,all_agreeing_offsets,side_informed,laplace,beta_half_half,20.0,input_plus_surface,0.1,1fdce97f339c6596d23e9bb1065fcfdd1ee9e853c2e9a26822948904df8c6047,e50afead7940529f6c2f3ec8169c57aa3b758608094e5ce30e5b7247ffc4d171,138,-0.3654657662938519,0.01
1,2,all_agreeing_offsets,side_informed,laplace,beta_half_half,20.0,input_plus_surface,0.0,ea2a01c7ebcf95c320336f26b2b7d7ff133eac0910f84eeb63c63859a6fb024d,f7a035b68bb215b8a8e304dfaf42adf4946198eaf715762b1c557aa74544bb90,137,-0.36466512934341433,0.01
1,2,all_agreeing_offsets,side_informed,laplace,beta_half_half,20.0,input_plus_surface,0.0001,ea2a01c7ebcf95c320336f26b2b7d7ff133eac0910f84eeb63c63859a6fb024d,1f4c653bd05461ce7e4dbcef3712c25d3f3365753c2b67fad24789fe16ff8a44,137,-0.35968830662783347,0.01
1,2,all_agreeing_offsets,side_informed,laplace,beta_half_half,20.0,input_plus_surface,0.001,ea2a01c7ebcf95c320336f26b2b7d7ff133eac0910f84eeb63c63859a6fb024d,acf520dc697e1329faf002fd40063ac3c1c6929c7477d66218b03c9ef0542b0d,137,-0.33680217647020905,0.01
1,2,all_agreeing_offsets,side_informed,laplace,beta_half_half,20.0,input_plus_surface,0.01,ea2a01c7ebcf95c320336f26b2b7d7ff133eac0910f84eeb63c63859a6fb024d,1074ba663ff06c29c993850f7fa3acb4e01f91558754910fd95a21556cebd5d0,137,-0.3065560167396339,0.01
1,2,all_agreeing_offsets,side_informed,laplace,beta_half_half,20.0,input_plus_surface,0.1,ea2a01c7ebcf95c320336f26b2b7d7ff133eac0910f84eeb63c63859a6fb024d,5ee57da25839d2c52572f8a2904d802fee061ba3266929ad1d03130ce865e40a,137,-0.3654657662938519,0.01
1,0,all_agreeing_offsets,side_informed,laplace,beta_half_half,20.0,HU_plus_surface,0.0,923683bb3d7d22d12d61ea5cd490f1fa6b90d6fe9e8fbdd8e0da06bd1e664b5a,5444d9d308f6a08172ea96c3c705f2d3f548d41cfc29b4dc47d8b1984ec75e81,135,-0.316302090664704,0.01
1,0,all_agreeing_offsets,side_informed,laplace,beta_half_half,20.0,HU_plus_surface,0.0001,923683bb3d7d22d12d61ea5cd490f1fa6b90d6fe9e8fbdd8e0da06bd1e664b5a,615a7cda2b6ba47133ad44e5516ef0e1475c797bbe3bcb05000eaec5b5e99d5f,135,-0.31293050835781244,0.01
1,0,all_agreeing_offsets,side_informed,laplace,beta_half_half,20.0,HU_plus_surface,0.001,923683bb3d7d22d12d61ea5cd490f1fa6b90d6fe9e8fbdd8e0da06bd1e664b5a,1dda317587fb1da298998a8d0a3487045f9662ec2778d8fbe4d399fbd05af601,135,-0.2975427754731367,0.01
1,0,all_agreeing_offsets,side_informed,laplace,beta_half_half,20.0,HU_plus_surface,0.01,923683bb3d7d22d12d61ea5cd490f1fa6b90d6fe9e8fbdd8e0da06bd1e664b5a,48ebce7842f75681271af38f516e1d33af9902cfaa6a1895096ef122f0dfb27c,135,-0.28134439818687923,0.01
1,0,all_agreeing_offsets,side_informed,laplace,beta_half_half,20.0,HU_plus_surface,0.1,923683bb3d7d22d12d61ea5cd490f1fa6b90d6fe9e8fbdd8e0da06bd1e664b5a,090a5ed90473a36eac577f1f7fb1044f8d4dbcd14240dcfb3bfca38d0779fe74,135,-0.3535202712874599,0.01
1,1,all_agreeing_offsets,side_informed,laplace,beta_half_half,20.0,HU_plus_surface,0.0,1fdce97f339c6596d23e9bb1065fcfdd1ee9e853c2e9a26822948904df8c6047,9c7a9e623934b511b4bd469f110e5c0611a09c5325265a21f04439c25747d1cd,138,-0.316302090664704,0.01
1,1,all_agreeing_offsets,side_informed,laplace,beta_half_half,20.0,HU_plus_surface,0.0001,1fdce97f339c6596d23e9bb1065fcfdd1ee9e853c2e9a26822948904df8c6047,3373da978e2297a255c748f482932b7d156e7630e665de58eb50e59251dfac86,138,-0.31293050835781244,0.01
1,1,all_agreeing_offsets,side_informed,laplace,beta_half_half,20.0,HU_plus_surface,0.001,1fdce97f339c6596d23e9bb1065fcfdd1ee9e853c2e9a26822948904df8c6047,2f5d063f3962f264d83bb73a42ac3af7c2c63294b568b07e580f0f98e76e5564,138,-0.2975427754731367,0.01
1,1,all_agreeing_offsets,side_informed,laplace,beta_half_half,20.0,HU_plus_surface,0.01,1fdce97f339c6596d23e9bb1065fcfdd1ee9e853c2e9a26822948904df8c6047,ef1aaaa3d2eda6dc51fde729dcf350f40f1efa3eae3bc07e157926f9d61546d1,138,-0.28134439818687923,0.01
1,1,all_agreeing_offsets,side_informed,laplace,beta_half_half,20.0,HU_plus_surface,0.1,1fdce97f339c6596d23e9bb1065fcfdd1ee9e853c2e9a26822948904df8c6047,9ab508d6fbe99763f229f7549c8e0b0e00864259ee8befaf9c2fefaf1f7784ab,138,-0.3535202712874599,0.01
1,2,all_agreeing_offsets,side_informed,laplace,beta_half_half,20.0,HU_plus_surface,0.0,ea2a01c7ebcf95c320336f26b2b7d7ff133eac0910f84eeb63c63859a6fb024d,bfd98ffec102d43ff4592a921f39a1cd2dcdda8ceb40b33453a6af50d2a91e4a,137,-0.316302090664704,0.01
1,2,all_agreeing_offsets,side_informed,laplace,beta_half_half,20.0,HU_plus_surface,0.0001,ea2a01c7ebcf95c320336f26b2b7d7ff133eac0910f84eeb63c63859a6fb024d,f15cd738d8dfb05a88389187998fd5043f7bae2431df623eada0e993fb88fcc3,137,-0.31293050835781244,0.01
1,2,all_agreeing_offsets,side_informed,laplace,beta_half_half,20.0,HU_plus_surface,0.001,ea2a01c7ebcf95c320336f26b2b7d7ff133eac0910f84eeb63c63859a6fb024d,2a356d4294da0f3f6b1f7843507bbe1ad2f53391cf48e156a64cd3cdeb7912c5,137,-0.2975427754731367,0.01
1,2,all_agreeing_offsets,side_informed,laplace,beta_half_half,20.0,HU_plus_surface,0.01,ea2a01c7ebcf95c320336f26b2b7d7ff133eac0910f84eeb63c63859a6fb024d,ac42113f0393d0f1c8e47227931863a0d47e800c884a44006a614a8f27567e82,137,-0.28134439818687923,0.01
1,2,all_agreeing_offsets,side_informed,laplace,beta_half_half,20.0,HU_plus_surface,0.1,ea2a01c7ebcf95c320336f26b2b7d7ff133eac0910f84eeb63c63859a6fb024d,a16b736595365d2c75107a273923109b26337a075ce9ad37a67469ef665fe60b,137,-0.3535202712874599,0.01
1,0,all_agreeing_offsets,side_informed,laplace,beta_half_half,20.0,retention_bounded_plus_HU,0.0,923683bb3d7d22d12d61ea5cd490f1fa6b90d6fe9e8fbdd8e0da06bd1e664b5a,c993b155a5c8f2b8d5dd340fab8a8b2bfe9bcdb15d3ba5537a1153b664e72b73,135,-0.3008676193267099,0.01
1,0,all_agreeing_offsets,side_informed,laplace,beta_half_half,20.0,retention_bounded_plus_HU,0.0001,923683bb3d7d22d12d61ea5cd490f1fa6b90d6fe9e8fbdd8e0da06bd1e664b5a,f12bca742d8363c7d9c8308b01a0fee403061b88c6d9104c7ce3ded36d4418cb,135,-0.30036465141161195,0.01
1,0,all_agreeing_offsets,side_informed,laplace,beta_half_half,20.0,retention_bounded_plus_HU,0.001,923683bb3d7d22d12d61ea5cd490f1fa6b90d6fe9e8fbdd8e0da06bd1e664b5a,d8de20a4add9ea209bc4e5a9b3c1e8c3c3614099b6fa5c49335ebad0d6fbc56d,135,-0.29574238175323236,0.01
1,0,all_agreeing_offsets,side_informed,laplace,beta_half_half,20.0,retention_bounded_plus_HU,0.01,923683bb3d7d22d12d61ea5cd490f1fa6b90d6fe9e8fbdd8e0da06bd1e664b5a,057d363a645bbee7b53637da7c9a2089da9dde2c38c74fa9a2b08d73fd1fae2a,135,-0.2817477002119079,0.01
1,0,all_agreeing_offsets,side_informed,laplace,beta_half_half,20.0,retention_bounded_plus_HU,0.1,923683bb3d7d22d12d61ea5cd490f1fa6b90d6fe9e8fbdd8e0da06bd1e664b5a,38af767b42ad0d202e6ffe4906fa6fb06eaef857873e90ff41148776d10941ff,135,-0.3141273872193142,0.01
1,1,all_agreeing_offsets,side_informed,laplace,beta_half_half,20.0,retention_bounded_plus_HU,0.0,1fdce97f339c6596d23e9bb1065fcfdd1ee9e853c2e9a26822948904df8c6047,f04c4479798ce5e0dd48aafb64b687934717ec635088eaf0e5cd6551db3a878e,138,-0.3008676193267099,0.01
1,1,all_agreeing_offsets,side_informed,laplace,beta_half_half,20.0,retention_bounded_plus_HU,0.0001,1fdce97f339c6596d23e9bb1065fcfdd1ee9e853c2e9a26822948904df8c6047,9ffac50d1be96cf959d0f7a41a0d03e4bf88e9bd2dda805d4d7272e9d30d737e,138,-0.30036465141161195,0.01
1,1,all_agreeing_offsets,side_informed,laplace,beta_half_half,20.0,retention_bounded_plus_HU,0.001,1fdce97f339c6596d23e9bb1065fcfdd1ee9e853c2e9a26822948904df8c6047,cf92542de7891b111fb1847c7538291c5bbb26e8c14d998a3065e0e45f98628c,138,-0.29574238175323236,0.01
1,1,all_agreeing_offsets,side_informed,laplace,beta_half_half,20.0,retention_bounded_plus_HU,0.01,1fdce97f339c6596d23e9bb1065fcfdd1ee9e853c2e9a26822948904df8c6047,42fb981c90772d84542c7e63ac4129946b5e70949861a27afed64daab4ca4417,138,-0.2817477002119079,0.01
1,1,all_agreeing_offsets,side_informed,laplace,beta_half_half,20.0,retention_bounded_plus_HU,0.1,1fdce97f339c6596d23e9bb1065fcfdd1ee9e853c2e9a26822948904df8c6047,722c41459a13d9c58814b008c0233228cda927fd6d42f3308c975dbce72d570f,138,-0.3141273872193142,0.01
1,2,all_agreeing_offsets,side_informed,laplace,beta_half_half,20.0,retention_bounded_plus_HU,0.0,ea2a01c7ebcf95c320336f26b2b7d7ff133eac0910f84eeb63c63859a6fb024d,612b6974694eed0b0bf6e26d3d76aeadd0bb9f7c580aa44f151b67ad27be6f4e,137,-0.3008676193267099,0.01
1,2,all_agreeing_offsets,side_informed,laplace,beta_half_half,20.0,retention_bounded_plus_HU,0.0001,ea2a01c7ebcf95c320336f26b2b7d7ff133eac0910f84eeb63c63859a6fb024d,88f6b02a9a708dccf25ad7540656c4ac108e648c41cf6d707090d2953b1835e7,137,-0.30036465141161195,0.01
1,2,all_agreeing_offsets,side_informed,laplace,beta_half_half,20.0,retention_bounded_plus_HU,0.001,ea2a01c7ebcf95c320336f26b2b7d7ff133eac0910f84eeb63c63859a6fb024d,ae944e0575ebfb094fd9fdf81932b49eaac591aee1b8492634141f6a8f7e141d,137,-0.29574238175323236,0.01
1,2,all_agreeing_offsets,side_informed,laplace,beta_half_half,20.0,retention_bounded_plus_HU,0.01,ea2a01c7ebcf95c320336f26b2b7d7ff133eac0910f84eeb63c63859a6fb024d,7116fb02604c47a51fa53c86f6941bcd7c18d74e44cc2519d2cfd26991e682ce,137,-0.2817477002119079,0.01
1,2,all_agreeing_offsets,side_informed,laplace,beta_half_half,20.0,retention_bounded_plus_HU,0.1,ea2a01c7ebcf95c320336f26b2b7d7ff133eac0910f84eeb63c63859a6fb024d,6a6e0d94b1fcd541162ad52855fc6ab5cc668057a169419f1aaf9a8d8f66f5cc,137,-0.3141273872193142,0.01
1,0,all_agreeing_offsets,side_informed,gh80,beta_half_half,20.0,HU_plus_surface,0.0,923683bb3d7d22d12d61ea5cd490f1fa6b90d6fe9e8fbdd8e0da06bd1e664b5a,9d662136bc5c4217e1bc805a0fc495c0bc6f2a1f25135158202b4d9164ae6dcf,135,-0.32376681826458004,0.01
1,0,all_agreeing_offsets,side_informed,gh80,beta_half_half,20.0,HU_plus_surface,0.0001,923683bb3d7d22d12d61ea5cd490f1fa6b90d6fe9e8fbdd8e0da06bd1e664b5a,603506883e40a3ede37c6f4c34956f4446c9a775ce03604119d25b5a3401deb6,135,-0.31959175267048445,0.01
1,0,all_agreeing_offsets,side_informed,gh80,beta_half_half,20.0,HU_plus_surface,0.001,923683bb3d7d22d12d61ea5cd490f1fa6b90d6fe9e8fbdd8e0da06bd1e664b5a,1ba762976d392ebb16e35ec90dc06d3a6197b25073374570c712fe5de51fc04b,135,-0.30108351026943553,0.01
1,0,all_agreeing_offsets,side_informed,gh80,beta_half_half,20.0,HU_plus_surface,0.01,923683bb3d7d22d12d61ea5cd490f1fa6b90d6fe9e8fbdd8e0da06bd1e664b5a,3cb11a8fad9bd9b0f74ced4c057de73e8af4ec855995d7cffee82e7e1f37d8cc,135,-0.282695858490967,0.01
1,0,all_agreeing_offsets,side_informed,gh80,beta_half_half,20.0,HU_plus_surface,0.1,923683bb3d7d22d12d61ea5cd490f1fa6b90d6fe9e8fbdd8e0da06bd1e664b5a,dbc0d3d2e9b64881bce76d02905fe7bcfd6fe66ff1d1b3815b7ab4de99bf1bbf,135,-0.3558071189342042,0.01
1,1,all_agreeing_offsets,side_informed,gh80,beta_half_half,20.0,HU_plus_surface,0.0,1fdce97f339c6596d23e9bb1065fcfdd1ee9e853c2e9a26822948904df8c6047,4d8f66a909522ea3a38d050c8a3c530bb37e5a2fed84c07baf55ebbc5a60f624,138,-0.32376681826458004,0.01
1,1,all_agreeing_offsets,side_informed,gh80,beta_half_half,20.0,HU_plus_surface,0.0001,1fdce97f339c6596d23e9bb1065fcfdd1ee9e853c2e9a26822948904df8c6047,af10f770629eb2e18be09dca75686d8e6b65c9ba83990514220646c109e44bcc,138,-0.31959175267048445,0.01
1,1,all_agreeing_offsets,side_informed,gh80,beta_half_half,20.0,HU_plus_surface,0.001,1fdce97f339c6596d23e9bb1065fcfdd1ee9e853c2e9a26822948904df8c6047,a0a962efa1b8ad240972c283f78e743edb879a687d0d3d4afb29b7ba8c7a5d84,138,-0.30108351026943553,0.01
1,1,all_agreeing_offsets,side_informed,gh80,beta_half_half,20.0,HU_plus_surface,0.01,1fdce97f339c6596d23e9bb1065fcfdd1ee9e853c2e9a26822948904df8c6047,3d2ab2477fb3b7723761b5b670a192262f27cac3e075d2e460ecde536b321d0f,138,-0.282695858490967,0.01
1,1,all_agreeing_offsets,side_informed,gh80,beta_half_half,20.0,HU_plus_surface,0.1,1fdce97f339c6596d23e9bb1065fcfdd1ee9e853c2e9a26822948904df8c6047,2dd798518443f11a74b3bfc4dc51832c5704daade3b17473510a1ea8f1071735,138,-0.3558071189342042,0.01
1,2,all_agreeing_offsets,side_informed,gh80,beta_half_half,20.0,HU_plus_surface,0.0,ea2a01c7ebcf95c320336f26b2b7d7ff133eac0910f84eeb63c63859a6fb024d,0489e04892df3dab45c5930fc6895169d5317702b63f20f946981bef1edff2c2,137,-0.32376681826458004,0.01
1,2,all_agreeing_offsets,side_informed,gh80,beta_half_half,20.0,HU_plus_surface,0.0001,ea2a01c7ebcf95c320336f26b2b7d7ff133eac0910f84eeb63c63859a6fb024d,7825282831f4d52275471c7c8ed43f21fa743a1002ec4c4bfdb9a3c773384984,137,-0.31959175267048445,0.01
1,2,all_agreeing_offsets,side_informed,gh80,beta_half_half,20.0,HU_plus_surface,0.001,ea2a01c7ebcf95c320336f26b2b7d7ff133eac0910f84eeb63c63859a6fb024d,d76e20f3f8306ee63e0b9f99444d2a820f97828e9b80deb3704e15ef5774781c,137,-0.30108351026943553,0.01
1,2,all_agreeing_offsets,side_informed,gh80,beta_half_half,20.0,HU_plus_surface,0.01,ea2a01c7ebcf95c320336f26b2b7d7ff133eac0910f84eeb63c63859a6fb024d,bf7d6a075e7ccf1e2786f7327e738608604ca151da5b0a6b4c195942d826c207,137,-0.282695858490967,0.01
1,2,all_agreeing_offsets,side_informed,gh80,beta_half_half,20.0,HU_plus_surface,0.1,ea2a01c7ebcf95c320336f26b2b7d7ff133eac0910f84eeb63c63859a6fb024d,4933d6ae2d11cb22fc849e3867fbbf89627eec0139082c5a1426d3535b8881d6,137,-0.3558071189342042,0.01
1,0,all_agreeing_offsets,side_informed,gh80,beta_half_half,20.0,retention_bounded_plus_HU,0.0,923683bb3d7d22d12d61ea5cd490f1fa6b90d6fe9e8fbdd8e0da06bd1e664b5a,8f0a39ef2428194f68a0f8633bb3e8279277c59c5157c8a0f8cbd9a678d2d2c4,135,-0.3093769153907598,0.01
1,0,all_agreeing_offsets,side_informed,gh80,beta_half_half,20.0,retention_bounded_plus_HU,0.0001,923683bb3d7d22d12d61ea5cd490f1fa6b90d6fe9e8fbdd8e0da06bd1e664b5a,1f607b557a7ece264270032e27f85c38291466a8b41b38b7155cc44fad3f91b8,135,-0.3091351244505477,0.01
1,0,all_agreeing_offsets,side_informed,gh80,beta_half_half,20.0,retention_bounded_plus_HU,0.001,923683bb3d7d22d12d61ea5cd490f1fa6b90d6fe9e8fbdd8e0da06bd1e664b5a,b52998ca3ad76a263d30100f836e25096205080d8201f49d264a88a0ee7ef23f,135,-0.3058696483372575,0.01
1,0,all_agreeing_offsets,side_informed,gh80,beta_half_half,20.0,retention_bounded_plus_HU,0.01,923683bb3d7d22d12d61ea5cd490f1fa6b90d6fe9e8fbdd8e0da06bd1e664b5a,c2d92029e20374e2636e3dcb5e66baba0eea07fe2f0405cf37b8a1af9321556b,135,-0.2910994590020271,0.01
1,0,all_agreeing_offsets,side_informed,gh80,beta_half_half,20.0,retention_bounded_plus_HU,0.1,923683bb3d7d22d12d61ea5cd490f1fa6b90d6fe9e8fbdd8e0da06bd1e664b5a,07ae19703cc7ae2f59cd3a504467a3d31d9b22709f54bb43a8d3fbe8025836ec,135,-0.3195146056613884,0.01
1,1,all_agreeing_offsets,side_informed,gh80,beta_half_half,20.0,retention_bounded_plus_HU,0.0,1fdce97f339c6596d23e9bb1065fcfdd1ee9e853c2e9a26822948904df8c6047,4a0768bf0571d22787bcfa8957fac0f3767fc5103bef54ae68b923f8077db84d,138,-0.3093769153907598,0.01
1,1,all_agreeing_offsets,side_informed,gh80,beta_half_half,20.0,retention_bounded_plus_HU,0.0001,1fdce97f339c6596d23e9bb1065fcfdd1ee9e853c2e9a26822948904df8c6047,948f8df999d89075f063b6ffe0b28ab5ff06203ab969923cc0d3878c4b4efb1e,138,-0.3091351244505477,0.01
1,1,all_agreeing_offsets,side_informed,gh80,beta_half_half,20.0,retention_bounded_plus_HU,0.001,1fdce97f339c6596d23e9bb1065fcfdd1ee9e853c2e9a26822948904df8c6047,9d0f20d31c832802852cc391d055836a90d71ac7515907c225bbb3aac5a4e5a5,138,-0.3058696483372575,0.01
1,1,all_agreeing_offsets,side_informed,gh80,beta_half_half,20.0,retention_bounded_plus_HU,0.01,1fdce97f339c6596d23e9bb1065fcfdd1ee9e853c2e9a26822948904df8c6047,225fd41d102282279d5632dfb0820298b1b086352fd568bae7aa13db51bf30e6,138,-0.2910994590020271,0.01
1,1,all_agreeing_offsets,side_informed,gh80,beta_half_half,20.0,retention_bounded_plus_HU,0.1,1fdce97f339c6596d23e9bb1065fcfdd1ee9e853c2e9a26822948904df8c6047,8d5d431821ee40d409aec7502b40b771eddc8f9150654c56aca03a4052aa1c16,138,-0.3195146056613884,0.01
1,2,all_agreeing_offsets,side_informed,gh80,beta_half_half,20.0,retention_bounded_plus_HU,0.0,ea2a01c7ebcf95c320336f26b2b7d7ff133eac0910f84eeb63c63859a6fb024d,24745bd6a025ebb4b3f33e76816eb6b2f8645177dc505cc5715a2a3f7bf1948e,137,-0.3093769153907598,0.01
1,2,all_agreeing_offsets,side_informed,gh80,beta_half_half,20.0,retention_bounded_plus_HU,0.0001,ea2a01c7ebcf95c320336f26b2b7d7ff133eac0910f84eeb63c63859a6fb024d,9de201804fc0252c1052965c8dcf6a368c766f34d7b74ff900908ef038ae94b7,137,-0.3091351244505477,0.01
1,2,all_agreeing_offsets,side_informed,gh80,beta_half_half,20.0,retention_bounded_plus_HU,0.001,ea2a01c7ebcf95c320336f26b2b7d7ff133eac0910f84eeb63c63859a6fb024d,1a3fc431991da577997736ff678d69a48c251b3a6ef9fe86d8631bda20bd329f,137,-0.3058696483372575,0.01
1,2,all_agreeing_offsets,side_informed,gh80,beta_half_half,20.0,retention_bounded_plus_HU,0.01,ea2a01c7ebcf95c320336f26b2b7d7ff133eac0910f84eeb63c63859a6fb024d,c3877fd36415ab8f95d939284c476e463465cdf14dcff59ef57363cd32c4335d,137,-0.2910994590020271,0.01
1,2,all_agreeing_offsets,side_informed,gh80,beta_half_half,20.0,retention_bounded_plus_HU,0.1,ea2a01c7ebcf95c320336f26b2b7d7ff133eac0910f84eeb63c63859a6fb024d,490c4d0e07c4b19dc246fb63057e2d2c877d67eaf0bbe0da97bdcd000f4af092,137,-0.3195146056613884,0.01
1,0,all_agreeing_offsets,wholly_unseen,laplace,beta_half_half,20.0,retention_bounded,0.0,923683bb3d7d22d12d61ea5cd490f1fa6b90d6fe9e8fbdd8e0da06bd1e664b5a,f043b64572dc984a94c528690b86427af91bc90fdd51f854228d320d1694d182,135,-0.6570147242138121,0.01
1,0,all_agreeing_offsets,wholly_unseen,laplace,beta_half_half,20.0,retention_bounded,0.0001,923683bb3d7d22d12d61ea5cd490f1fa6b90d6fe9e8fbdd8e0da06bd1e664b5a,92a08113348101b73196ee7b7601e30835e6742dfd6df82ae1d113e539b6f3d5,135,-0.6535773963634501,0.01
1,0,all_agreeing_offsets,wholly_unseen,laplace,beta_half_half,20.0,retention_bounded,0.001,923683bb3d7d22d12d61ea5cd490f1fa6b90d6fe9e8fbdd8e0da06bd1e664b5a,02d2d3f0e7e1d97e837b3452129522e322c4515238638e1bcac63d88189fdd18,135,-0.6332350079359034,0.01
1,0,all_agreeing_offsets,wholly_unseen,laplace,beta_half_half,20.0,retention_bounded,0.01,923683bb3d7d22d12d61ea5cd490f1fa6b90d6fe9e8fbdd8e0da06bd1e664b5a,cc3df594114830fda87ef2aeafa1bb3309572525a39b0d52dc1658e75bb4f025,135,-0.5947133319299449,0.01
1,0,all_agreeing_offsets,wholly_unseen,laplace,beta_half_half,20.0,retention_bounded,0.1,923683bb3d7d22d12d61ea5cd490f1fa6b90d6fe9e8fbdd8e0da06bd1e664b5a,c7679b12861f8cfffc9eb36e63629d5d10803ed652ce5240c75680faabe1e34b,135,-0.6551217725854397,0.01
1,1,all_agreeing_offsets,wholly_unseen,laplace,beta_half_half,20.0,retention_bounded,0.0,1fdce97f339c6596d23e9bb1065fcfdd1ee9e853c2e9a26822948904df8c6047,c5eaf54820230b5160a80591cbb8f92c16f7c4a2b7541e7a1b8fb4c5dfd1cbdb,138,-0.6570147242138121,0.01
1,1,all_agreeing_offsets,wholly_unseen,laplace,beta_half_half,20.0,retention_bounded,0.0001,1fdce97f339c6596d23e9bb1065fcfdd1ee9e853c2e9a26822948904df8c6047,b8e6e15138bff208f52c788bc345b2b79476597fd2bd55e15b9fbc10fa094590,138,-0.6535773963634501,0.01
1,1,all_agreeing_offsets,wholly_unseen,laplace,beta_half_half,20.0,retention_bounded,0.001,1fdce97f339c6596d23e9bb1065fcfdd1ee9e853c2e9a26822948904df8c6047,38af2d6f4f48a3f8cda4e38995658fe87cf5f6e6514c48547269dc7fd6be2991,138,-0.6332350079359034,0.01
1,1,all_agreeing_offsets,wholly_unseen,laplace,beta_half_half,20.0,retention_bounded,0.01,1fdce97f339c6596d23e9bb1065fcfdd1ee9e853c2e9a26822948904df8c6047,6b630f885989c20b2b4fddae24dffbcd8b60d5eaa49aa06f4cf86400df043261,138,-0.5947133319299449,0.01
1,1,all_agreeing_offsets,wholly_unseen,laplace,beta_half_half,20.0,retention_bounded,0.1,1fdce97f339c6596d23e9bb1065fcfdd1ee9e853c2e9a26822948904df8c6047,1f74cc076063a7bb957a923ce8a0fe69c2964a797c11463043338757c0be97cd,138,-0.6551217725854397,0.01
1,2,all_agreeing_offsets,wholly_unseen,laplace,beta_half_half,20.0,retention_bounded,0.0,ea2a01c7ebcf95c320336f26b2b7d7ff133eac0910f84eeb63c63859a6fb024d,97a3c22b8aedccb575c1cf75856d0c7a0d1bba9e2b7cb9b30f5d23c47f4a4da0,137,-0.6570147242138121,0.01
1,2,all_agreeing_offsets,wholly_unseen,laplace,beta_half_half,20.0,retention_bounded,0.0001,ea2a01c7ebcf95c320336f26b2b7d7ff133eac0910f84eeb63c63859a6fb024d,9565d34ca0a60bc2923c07669c8f832cfe21ff6a503627e9431588f7c0319c48,137,-0.6535773963634501,0.01
1,2,all_agreeing_offsets,wholly_unseen,laplace,beta_half_half,20.0,retention_bounded,0.001,ea2a01c7ebcf95c320336f26b2b7d7ff133eac0910f84eeb63c63859a6fb024d,4615ac7942eaff18034e7a518eeb3e0860cde24294970d71ac281d8dbcb61a3e,137,-0.6332350079359034,0.01
1,2,all_agreeing_offsets,wholly_unseen,laplace,beta_half_half,20.0,retention_bounded,0.01,ea2a01c7ebcf95c320336f26b2b7d7ff133eac0910f84eeb63c63859a6fb024d,4899203bda418e1827b322dd79479ee82ed81138ab18c2bda58ece9ecab2af8b,137,-0.5947133319299449,0.01
1,2,all_agreeing_offsets,wholly_unseen,laplace,beta_half_half,20.0,retention_bounded,0.1,ea2a01c7ebcf95c320336f26b2b7d7ff133eac0910f84eeb63c63859a6fb024d,61525690a5fc40db85a27bfd17dad42d3ee1274784074907ceddd41eb5a2b830,137,-0.6551217725854397,0.01
1,0,all_agreeing_offsets,wholly_unseen,laplace,beta_half_half,20.0,retention_nonnegative,0.0,923683bb3d7d22d12d61ea5cd490f1fa6b90d6fe9e8fbdd8e0da06bd1e664b5a,5a715c5c7a2f5c176eeb4b3ee1a8b0e4f3f53ec5a136b46cdfdcb466fd186292,135,-0.6570147218210447,0.001
1,0,all_agreeing_offsets,wholly_unseen,laplace,beta_half_half,20.0,retention_nonnegative,0.0001,923683bb3d7d22d12d61ea5cd490f1fa6b90d6fe9e8fbdd8e0da06bd1e664b5a,6c26e864786c577d1da8e9df012163e5bd51327935509420376ff422ac9bbb14,135,-0.6503648997959642,0.001
1,0,all_agreeing_offsets,wholly_unseen,laplace,beta_half_half,20.0,retention_nonnegative,0.001,923683bb3d7d22d12d61ea5cd490f1fa6b90d6fe9e8fbdd8e0da06bd1e664b5a,7a52f0ee4226b9f4e6157ccf80faa5ca5941bfdc5c28a245cb0586da2f66f95f,135,-0.6236619801980419,0.001
1,0,all_agreeing_offsets,wholly_unseen,laplace,beta_half_half,20.0,retention_nonnegative,0.01,923683bb3d7d22d12d61ea5cd490f1fa6b90d6fe9e8fbdd8e0da06bd1e664b5a,7ecf0b5f6fef5c23c4adc4a44aa7bc3967490d984fb36273d1b4f56068ba085b,135,-0.6398900284237903,0.001
1,0,all_agreeing_offsets,wholly_unseen,laplace,beta_half_half,20.0,retention_nonnegative,0.1,923683bb3d7d22d12d61ea5cd490f1fa6b90d6fe9e8fbdd8e0da06bd1e664b5a,3948cb9118232ab10a2ad01f113092e006c268245269316f001a16dd005723d4,135,-0.7549101666381517,0.001
1,1,all_agreeing_offsets,wholly_unseen,laplace,beta_half_half,20.0,retention_nonnegative,0.0,1fdce97f339c6596d23e9bb1065fcfdd1ee9e853c2e9a26822948904df8c6047,ef9cd87741f2d9f22dc97607ac3fdd7db0bee870f86ae94495f815f8d6ca2b96,138,-0.6570147218210447,0.001
1,1,all_agreeing_offsets,wholly_unseen,laplace,beta_half_half,20.0,retention_nonnegative,0.0001,1fdce97f339c6596d23e9bb1065fcfdd1ee9e853c2e9a26822948904df8c6047,868c3feb844170d19caabda5189792e58eb8223fe1367f5d2e7bff3324d38aa6,138,-0.6503648997959642,0.001
1,1,all_agreeing_offsets,wholly_unseen,laplace,beta_half_half,20.0,retention_nonnegative,0.001,1fdce97f339c6596d23e9bb1065fcfdd1ee9e853c2e9a26822948904df8c6047,7b317a6afd5aba058e587f8ecbfc35d037914dbf6889b1f90c0c4f6925daaef1,138,-0.6236619801980419,0.001
1,1,all_agreeing_offsets,wholly_unseen,laplace,beta_half_half,20.0,retention_nonnegative,0.01,1fdce97f339c6596d23e9bb1065fcfdd1ee9e853c2e9a26822948904df8c6047,914c37f6ca7a7a89fc5a2fc07c7146ca4131d86e14b597ddeb429ba724f2df68,138,-0.6398900284237903,0.001
1,1,all_agreeing_offsets,wholly_unseen,laplace,beta_half_half,20.0,retention_nonnegative,0.1,1fdce97f339c6596d23e9bb1065fcfdd1ee9e853c2e9a26822948904df8c6047,4b0d38cd3c5e2e8a1db362745304cb92fc1f194a3c93cbbdd76a0373ed4c1f4e,138,-0.7549101666381517,0.001
1,2,all_agreeing_offsets,wholly_unseen,laplace,beta_half_half,20.0,retention_nonnegative,0.0,ea2a01c7ebcf95c320336f26b2b7d7ff133eac0910f84eeb63c63859a6fb024d,22a3f4d7908f40f00122c6c1994d4ac138259e640abf6daf9df74a079c5f0006,137,-0.6570147218210447,0.001
1,2,all_agreeing_offsets,wholly_unseen,laplace,beta_half_half,20.0,retention_nonnegative,0.0001,ea2a01c7ebcf95c320336f26b2b7d7ff133eac0910f84eeb63c63859a6fb024d,f2034ccb5c0ddda25182d65d5de2729adb311494817410c856a926b373ea7db6,137,-0.6503648997959642,0.001
1,2,all_agreeing_offsets,wholly_unseen,laplace,beta_half_half,20.0,retention_nonnegative,0.001,ea2a01c7ebcf95c320336f26b2b7d7ff133eac0910f84eeb63c63859a6fb024d,ebe038057f43dcb570ee162fd438a343bfa69f2b9140272d52cd955d8fc402c6,137,-0.6236619801980419,0.001
1,2,all_agreeing_offsets,wholly_unseen,laplace,beta_half_half,20.0,retention_nonnegative,0.01,ea2a01c7ebcf95c320336f26b2b7d7ff133eac0910f84eeb63c63859a6fb024d,79f7a7c47cd40941e2def2c78950681035ad60696d0ff4feb32fa4a53668ff94,137,-0.6398900284237903,0.001
1,2,all_agreeing_offsets,wholly_unseen,laplace,beta_half_half,20.0,retention_nonnegative,0.1,ea2a01c7ebcf95c320336f26b2b7d7ff133eac0910f84eeb63c63859a6fb024d,dbfd089885278e31800700a65fc76879dd27427ed10472635bbdc3771dd58bcc,137,-0.7549101666381517,0.001
1,0,all_agreeing_offsets,wholly_unseen,laplace,beta_half_half,20.0,current_only,0.0,923683bb3d7d22d12d61ea5cd490f1fa6b90d6fe9e8fbdd8e0da06bd1e664b5a,be12ac240cf9a5464af4173fa7253c3132853a9b19ae071b2e00c48e6a1c9e88,135,-0.924404770467052,0.01
1,0,all_agreeing_offsets,wholly_unseen,laplace,beta_half_half,20.0,current_only,0.0001,923683bb3d7d22d12d61ea5cd490f1fa6b90d6fe9e8fbdd8e0da06bd1e664b5a,10a06ddaf214218ad2aea7bf23714a8db0ae0cb846feb099775cf06eb64a57e8,135,-0.924177379806933,0.01
1,0,all_agreeing_offsets,wholly_unseen,laplace,beta_half_half,20.0,current_only,0.001,923683bb3d7d22d12d61ea5cd490f1fa6b90d6fe9e8fbdd8e0da06bd1e664b5a,15164069e617e2d07c53c3603421c674e7504e8df3f20755b1376cace6b74d02,135,-0.9222328303359768,0.01
1,0,all_agreeing_offsets,wholly_unseen,laplace,beta_half_half,20.0,current_only,0.01,923683bb3d7d22d12d61ea5cd490f1fa6b90d6fe9e8fbdd8e0da06bd1e664b5a,d7b76d0625cc9a079bd7b6c7685eaa9be8c5957dc29afbe4e5c0ba4d0f265e30,135,-0.9095689882699373,0.01
1,0,all_agreeing_offsets,wholly_unseen,laplace,beta_half_half,20.0,current_only,0.1,923683bb3d7d22d12d61ea5cd490f1fa6b90d6fe9e8fbdd8e0da06bd1e664b5a,37d1c9311494abe0572d59ce7558e35f145f8c75f6e85ff0382265e7fff11276,135,-0.9132458658638456,0.01
1,1,all_agreeing_offsets,wholly_unseen,laplace,beta_half_half,20.0,current_only,0.0,1fdce97f339c6596d23e9bb1065fcfdd1ee9e853c2e9a26822948904df8c6047,a12de8a15ef662f6ad7052a459becb854d1652928979e758044570e84b39dcdc,138,-0.924404770467052,0.01
1,1,all_agreeing_offsets,wholly_unseen,laplace,beta_half_half,20.0,current_only,0.0001,1fdce97f339c6596d23e9bb1065fcfdd1ee9e853c2e9a26822948904df8c6047,4e1efa1249db304a6b1977ea651575337523a9da663714005a2ce77d18cd7a25,138,-0.924177379806933,0.01
1,1,all_agreeing_offsets,wholly_unseen,laplace,beta_half_half,20.0,current_only,0.001,1fdce97f339c6596d23e9bb1065fcfdd1ee9e853c2e9a26822948904df8c6047,3a4f343191fcc67d69110ad4e731ae9a64764e233712f18527b55d2035425c28,138,-0.9222328303359768,0.01
1,1,all_agreeing_offsets,wholly_unseen,laplace,beta_half_half,20.0,current_only,0.01,1fdce97f339c6596d23e9bb1065fcfdd1ee9e853c2e9a26822948904df8c6047,aa655f4988d5a3ba4c84cbb8ca5189bda451444a84a89d77f6d65c2e6c7c1da3,138,-0.9095689882699373,0.01
1,1,all_agreeing_offsets,wholly_unseen,laplace,beta_half_half,20.0,current_only,0.1,1fdce97f339c6596d23e9bb1065fcfdd1ee9e853c2e9a26822948904df8c6047,6c44a3f02be02704acf4f4636dcdff5e25d0c40e83408d97aaf5ea1105ab6c91,138,-0.9132458658638456,0.01
1,2,all_agreeing_offsets,wholly_unseen,laplace,beta_half_half,20.0,current_only,0.0,ea2a01c7ebcf95c320336f26b2b7d7ff133eac0910f84eeb63c63859a6fb024d,de45cf54b8639052fea48f90cd70662ffcb3002e859dbfcd5233c571e92d56ed,137,-0.924404770467052,0.01
1,2,all_agreeing_offsets,wholly_unseen,laplace,beta_half_half,20.0,current_only,0.0001,ea2a01c7ebcf95c320336f26b2b7d7ff133eac0910f84eeb63c63859a6fb024d,1b10e7fbc536d4de3068f06ed14b84c12880b2d4a3dc0be11df5f59a7fde57d8,137,-0.924177379806933,0.01
1,2,all_agreeing_offsets,wholly_unseen,laplace,beta_half_half,20.0,current_only,0.001,ea2a01c7ebcf95c320336f26b2b7d7ff133eac0910f84eeb63c63859a6fb024d,3135cf65e48ff619cbb4d3b354d146a13369d00e9c52bb3b1abcfef68328767e,137,-0.9222328303359768,0.01
1,2,all_agreeing_offsets,wholly_unseen,laplace,beta_half_half,20.0,current_only,0.01,ea2a01c7ebcf95c320336f26b2b7d7ff133eac0910f84eeb63c63859a6fb024d,90dfe0871e63e4ec44d371cf778d0be05b70da118a22424cd39993d901602e9e,137,-0.9095689882699373,0.01
1,2,all_agreeing_offsets,wholly_unseen,laplace,beta_half_half,20.0,current_only,0.1,ea2a01c7ebcf95c320336f26b2b7d7ff133eac0910f84eeb63c63859a6fb024d,06af0445869e9b6a9afd4928f74d5e5fd0971721d2afdbc179858d566cb70a34,137,-0.9132458658638456,0.01
1,0,all_agreeing_offsets,wholly_unseen,laplace,beta_half_half,20.0,input_plus_surface,0.0,923683bb3d7d22d12d61ea5cd490f1fa6b90d6fe9e8fbdd8e0da06bd1e664b5a,3267193e82295a12f473a6b23e58268edf066dd76dc7dd931c0fefa5a8b405bd,135,-0.6531496839769011,0.01
1,0,all_agreeing_offsets,wholly_unseen,laplace,beta_half_half,20.0,input_plus_surface,0.0001,923683bb3d7d22d12d61ea5cd490f1fa6b90d6fe9e8fbdd8e0da06bd1e664b5a,7243c66a3040e29bc22cd734256568fbf7b2767dd0ff9c9f1019cec0cd3603df,135,-0.6476265996938043,0.01
1,0,all_agreeing_offsets,wholly_unseen,laplace,beta_half_half,20.0,input_plus_surface,0.001,923683bb3d7d22d12d61ea5cd490f1fa6b90d6fe9e8fbdd8e0da06bd1e664b5a,345afd94a21d48cd2c447906c1ab9b3d73c4780ea78e1739e376ebbb472f0a2c,135,-0.6247884606594505,0.01
1,0,all_agreeing_offsets,wholly_unseen,laplace,beta_half_half,20.0,input_plus_surface,0.01,923683bb3d7d22d12d61ea5cd490f1fa6b90d6fe9e8fbdd8e0da06bd1e664b5a,57498ee4d08335b4d3cb4fd838ead92ee964ee3c66b62b8b855b6a4978303ec6,135,-0.6076081045976659,0.01
1,0,all_agreeing_offsets,wholly_unseen,laplace,beta_half_half,20.0,input_plus_surface,0.1,923683bb3d7d22d12d61ea5cd490f1fa6b90d6fe9e8fbdd8e0da06bd1e664b5a,d103e55da471eb3ee76246433b3cf0fdcd3d6096e612905e6becd5f644cc7270,135,-0.6882581809703693,0.01
1,1,all_agreeing_offsets,wholly_unseen,laplace,beta_half_half,20.0,input_plus_surface,0.0,1fdce97f339c6596d23e9bb1065fcfdd1ee9e853c2e9a26822948904df8c6047,417f6eab0faf91db333de127fa1480239cba37892ae9d4df44c81e4d82a2363d,138,-0.6531496839769011,0.01
1,1,all_agreeing_offsets,wholly_unseen,laplace,beta_half_half,20.0,input_plus_surface,0.0001,1fdce97f339c6596d23e9bb1065fcfdd1ee9e853c2e9a26822948904df8c6047,ca74ac0aacedce801e251e26a5d7abac316f0d58af12fefcfb717904656a66be,138,-0.6476265996938043,0.01
1,1,all_agreeing_offsets,wholly_unseen,laplace,beta_half_half,20.0,input_plus_surface,0.001,1fdce97f339c6596d23e9bb1065fcfdd1ee9e853c2e9a26822948904df8c6047,25017142e3767763ecc3344a932e07ee3ad0af596556b71f4490558582fe3629,138,-0.6247884606594505,0.01
1,1,all_agreeing_offsets,wholly_unseen,laplace,beta_half_half,20.0,input_plus_surface,0.01,1fdce97f339c6596d23e9bb1065fcfdd1ee9e853c2e9a26822948904df8c6047,49e5ff1228891a067209ca05f05407112cd681020416a43d37062538fa819eb6,138,-0.6076081045976659,0.01
1,1,all_agreeing_offsets,wholly_unseen,laplace,beta_half_half,20.0,input_plus_surface,0.1,1fdce97f339c6596d23e9bb1065fcfdd1ee9e853c2e9a26822948904df8c6047,e50afead7940529f6c2f3ec8169c57aa3b758608094e5ce30e5b7247ffc4d171,138,-0.6882581809703693,0.01
1,2,all_agreeing_offsets,wholly_unseen,laplace,beta_half_half,20.0,input_plus_surface,0.0,ea2a01c7ebcf95c320336f26b2b7d7ff133eac0910f84eeb63c63859a6fb024d,f7a035b68bb215b8a8e304dfaf42adf4946198eaf715762b1c557aa74544bb90,137,-0.6531496839769011,0.01
1,2,all_agreeing_offsets,wholly_unseen,laplace,beta_half_half,20.0,input_plus_surface,0.0001,ea2a01c7ebcf95c320336f26b2b7d7ff133eac0910f84eeb63c63859a6fb024d,1f4c653bd05461ce7e4dbcef3712c25d3f3365753c2b67fad24789fe16ff8a44,137,-0.6476265996938043,0.01
1,2,all_agreeing_offsets,wholly_unseen,laplace,beta_half_half,20.0,input_plus_surface,0.001,ea2a01c7ebcf95c320336f26b2b7d7ff133eac0910f84eeb63c63859a6fb024d,acf520dc697e1329faf002fd40063ac3c1c6929c7477d66218b03c9ef0542b0d,137,-0.6247884606594505,0.01
1,2,all_agreeing_offsets,wholly_unseen,laplace,beta_half_half,20.0,input_plus_surface,0.01,ea2a01c7ebcf95c320336f26b2b7d7ff133eac0910f84eeb63c63859a6fb024d,1074ba663ff06c29c993850f7fa3acb4e01f91558754910fd95a21556cebd5d0,137,-0.6076081045976659,0.01
1,2,all_agreeing_offsets,wholly_unseen,laplace,beta_half_half,20.0,input_plus_surface,0.1,ea2a01c7ebcf95c320336f26b2b7d7ff133eac0910f84eeb63c63859a6fb024d,5ee57da25839d2c52572f8a2904d802fee061ba3266929ad1d03130ce865e40a,137,-0.6882581809703693,0.01
1,0,all_agreeing_offsets,wholly_unseen,laplace,beta_half_half,20.0,HU_plus_surface,0.0,923683bb3d7d22d12d61ea5cd490f1fa6b90d6fe9e8fbdd8e0da06bd1e664b5a,5444d9d308f6a08172ea96c3c705f2d3f548d41cfc29b4dc47d8b1984ec75e81,135,-0.6082512932811794,0.01
1,0,all_agreeing_offsets,wholly_unseen,laplace,beta_half_half,20.0,HU_plus_surface,0.0001,923683bb3d7d22d12d61ea5cd490f1fa6b90d6fe9e8fbdd8e0da06bd1e664b5a,615a7cda2b6ba47133ad44e5516ef0e1475c797bbe3bcb05000eaec5b5e99d5f,135,-0.6042883124406657,0.01
1,0,all_agreeing_offsets,wholly_unseen,laplace,beta_half_half,20.0,HU_plus_surface,0.001,923683bb3d7d22d12d61ea5cd490f1fa6b90d6fe9e8fbdd8e0da06bd1e664b5a,1dda317587fb1da298998a8d0a3487045f9662ec2778d8fbe4d399fbd05af601,135,-0.588414412272789,0.01
1,0,all_agreeing_offsets,wholly_unseen,laplace,beta_half_half,20.0,HU_plus_surface,0.01,923683bb3d7d22d12d61ea5cd490f1fa6b90d6fe9e8fbdd8e0da06bd1e664b5a,48ebce7842f75681271af38f516e1d33af9902cfaa6a1895096ef122f0dfb27c,135,-0.584052423144542,0.01
1,0,all_agreeing_offsets,wholly_unseen,laplace,beta_half_half,20.0,HU_plus_surface,0.1,923683bb3d7d22d12d61ea5cd490f1fa6b90d6fe9e8fbdd8e0da06bd1e664b5a,090a5ed90473a36eac577f1f7fb1044f8d4dbcd14240dcfb3bfca38d0779fe74,135,-0.6773522980693226,0.01
1,1,all_agreeing_offsets,wholly_unseen,laplace,beta_half_half,20.0,HU_plus_surface,0.0,1fdce97f339c6596d23e9bb1065fcfdd1ee9e853c2e9a26822948904df8c6047,9c7a9e623934b511b4bd469f110e5c0611a09c5325265a21f04439c25747d1cd,138,-0.6082512932811794,0.01
1,1,all_agreeing_offsets,wholly_unseen,laplace,beta_half_half,20.0,HU_plus_surface,0.0001,1fdce97f339c6596d23e9bb1065fcfdd1ee9e853c2e9a26822948904df8c6047,3373da978e2297a255c748f482932b7d156e7630e665de58eb50e59251dfac86,138,-0.6042883124406657,0.01
1,1,all_agreeing_offsets,wholly_unseen,laplace,beta_half_half,20.0,HU_plus_surface,0.001,1fdce97f339c6596d23e9bb1065fcfdd1ee9e853c2e9a26822948904df8c6047,2f5d063f3962f264d83bb73a42ac3af7c2c63294b568b07e580f0f98e76e5564,138,-0.588414412272789,0.01
1,1,all_agreeing_offsets,wholly_unseen,laplace,beta_half_half,20.0,HU_plus_surface,0.01,1fdce97f339c6596d23e9bb1065fcfdd1ee9e853c2e9a26822948904df8c6047,ef1aaaa3d2eda6dc51fde729dcf350f40f1efa3eae3bc07e157926f9d61546d1,138,-0.584052423144542,0.01
1,1,all_agreeing_offsets,wholly_unseen,laplace,beta_half_half,20.0,HU_plus_surface,0.1,1fdce97f339c6596d23e9bb1065fcfdd1ee9e853c2e9a26822948904df8c6047,9ab508d6fbe99763f229f7549c8e0b0e00864259ee8befaf9c2fefaf1f7784ab,138,-0.6773522980693226,0.01
1,2,all_agreeing_offsets,wholly_unseen,laplace,beta_half_half,20.0,HU_plus_surface,0.0,ea2a01c7ebcf95c320336f26b2b7d7ff133eac0910f84eeb63c63859a6fb024d,bfd98ffec102d43ff4592a921f39a1cd2dcdda8ceb40b33453a6af50d2a91e4a,137,-0.6082512932811794,0.01
1,2,all_agreeing_offsets,wholly_unseen,laplace,beta_half_half,20.0,HU_plus_surface,0.0001,ea2a01c7ebcf95c320336f26b2b7d7ff133eac0910f84eeb63c63859a6fb024d,f15cd738d8dfb05a88389187998fd5043f7bae2431df623eada0e993fb88fcc3,137,-0.6042883124406657,0.01
1,2,all_agreeing_offsets,wholly_unseen,laplace,beta_half_half,20.0,HU_plus_surface,0.001,ea2a01c7ebcf95c320336f26b2b7d7ff133eac0910f84eeb63c63859a6fb024d,2a356d4294da0f3f6b1f7843507bbe1ad2f53391cf48e156a64cd3cdeb7912c5,137,-0.588414412272789,0.01
1,2,all_agreeing_offsets,wholly_unseen,laplace,beta_half_half,20.0,HU_plus_surface,0.01,ea2a01c7ebcf95c320336f26b2b7d7ff133eac0910f84eeb63c63859a6fb024d,ac42113f0393d0f1c8e47227931863a0d47e800c884a44006a614a8f27567e82,137,-0.584052423144542,0.01
1,2,all_agreeing_offsets,wholly_unseen,laplace,beta_half_half,20.0,HU_plus_surface,0.1,ea2a01c7ebcf95c320336f26b2b7d7ff133eac0910f84eeb63c63859a6fb024d,a16b736595365d2c75107a273923109b26337a075ce9ad37a67469ef665fe60b,137,-0.6773522980693226,0.01
1,0,all_agreeing_offsets,wholly_unseen,laplace,beta_half_half,20.0,retention_bounded_plus_HU,0.0,923683bb3d7d22d12d61ea5cd490f1fa6b90d6fe9e8fbdd8e0da06bd1e664b5a,c993b155a5c8f2b8d5dd340fab8a8b2bfe9bcdb15d3ba5537a1153b664e72b73,135,-0.6004144341946662,0.01
1,0,all_agreeing_offsets,wholly_unseen,laplace,beta_half_half,20.0,retention_bounded_plus_HU,0.0001,923683bb3d7d22d12d61ea5cd490f1fa6b90d6fe9e8fbdd8e0da06bd1e664b5a,f12bca742d8363c7d9c8308b01a0fee403061b88c6d9104c7ce3ded36d4418cb,135,-0.5989910217979606,0.01
1,0,all_agreeing_offsets,wholly_unseen,laplace,beta_half_half,20.0,retention_bounded_plus_HU,0.001,923683bb3d7d22d12d61ea5cd490f1fa6b90d6fe9e8fbdd8e0da06bd1e664b5a,d8de20a4add9ea209bc4e5a9b3c1e8c3c3614099b6fa5c49335ebad0d6fbc56d,135,-0.5888556303142669,0.01
1,0,all_agreeing_offsets,wholly_unseen,laplace,beta_half_half,20.0,retention_bounded_plus_HU,0.01,923683bb3d7d22d12d61ea5cd490f1fa6b90d6fe9e8fbdd8e0da06bd1e664b5a,057d363a645bbee7b53637da7c9a2089da9dde2c38c74fa9a2b08d73fd1fae2a,135,-0.570974649198764,0.01
1,0,all_agreeing_offsets,wholly_unseen,laplace,beta_half_half,20.0,retention_bounded_plus_HU,0.1,923683bb3d7d22d12d61ea5cd490f1fa6b90d6fe9e8fbdd8e0da06bd1e664b5a,38af767b42ad0d202e6ffe4906fa6fb06eaef857873e90ff41148776d10941ff,135,-0.6260458974336855,0.01
1,1,all_agreeing_offsets,wholly_unseen,laplace,beta_half_half,20.0,retention_bounded_plus_HU,0.0,1fdce97f339c6596d23e9bb1065fcfdd1ee9e853c2e9a26822948904df8c6047,f04c4479798ce5e0dd48aafb64b687934717ec635088eaf0e5cd6551db3a878e,138,-0.6004144341946662,0.01
1,1,all_agreeing_offsets,wholly_unseen,laplace,beta_half_half,20.0,retention_bounded_plus_HU,0.0001,1fdce97f339c6596d23e9bb1065fcfdd1ee9e853c2e9a26822948904df8c6047,9ffac50d1be96cf959d0f7a41a0d03e4bf88e9bd2dda805d4d7272e9d30d737e,138,-0.5989910217979606,0.01
1,1,all_agreeing_offsets,wholly_unseen,laplace,beta_half_half,20.0,retention_bounded_plus_HU,0.001,1fdce97f339c6596d23e9bb1065fcfdd1ee9e853c2e9a26822948904df8c6047,cf92542de7891b111fb1847c7538291c5bbb26e8c14d998a3065e0e45f98628c,138,-0.5888556303142669,0.01
1,1,all_agreeing_offsets,wholly_unseen,laplace,beta_half_half,20.0,retention_bounded_plus_HU,0.01,1fdce97f339c6596d23e9bb1065fcfdd1ee9e853c2e9a26822948904df8c6047,42fb981c90772d84542c7e63ac4129946b5e70949861a27afed64daab4ca4417,138,-0.570974649198764,0.01
1,1,all_agreeing_offsets,wholly_unseen,laplace,beta_half_half,20.0,retention_bounded_plus_HU,0.1,1fdce97f339c6596d23e9bb1065fcfdd1ee9e853c2e9a26822948904df8c6047,722c41459a13d9c58814b008c0233228cda927fd6d42f3308c975dbce72d570f,138,-0.6260458974336855,0.01
1,2,all_agreeing_offsets,wholly_unseen,laplace,beta_half_half,20.0,retention_bounded_plus_HU,0.0,ea2a01c7ebcf95c320336f26b2b7d7ff133eac0910f84eeb63c63859a6fb024d,612b6974694eed0b0bf6e26d3d76aeadd0bb9f7c580aa44f151b67ad27be6f4e,137,-0.6004144341946662,0.01
1,2,all_agreeing_offsets,wholly_unseen,laplace,beta_half_half,20.0,retention_bounded_plus_HU,0.0001,ea2a01c7ebcf95c320336f26b2b7d7ff133eac0910f84eeb63c63859a6fb024d,88f6b02a9a708dccf25ad7540656c4ac108e648c41cf6d707090d2953b1835e7,137,-0.5989910217979606,0.01
1,2,all_agreeing_offsets,wholly_unseen,laplace,beta_half_half,20.0,retention_bounded_plus_HU,0.001,ea2a01c7ebcf95c320336f26b2b7d7ff133eac0910f84eeb63c63859a6fb024d,ae944e0575ebfb094fd9fdf81932b49eaac591aee1b8492634141f6a8f7e141d,137,-0.5888556303142669,0.01
1,2,all_agreeing_offsets,wholly_unseen,laplace,beta_half_half,20.0,retention_bounded_plus_HU,0.01,ea2a01c7ebcf95c320336f26b2b7d7ff133eac0910f84eeb63c63859a6fb024d,7116fb02604c47a51fa53c86f6941bcd7c18d74e44cc2519d2cfd26991e682ce,137,-0.570974649198764,0.01
1,2,all_agreeing_offsets,wholly_unseen,laplace,beta_half_half,20.0,retention_bounded_plus_HU,0.1,ea2a01c7ebcf95c320336f26b2b7d7ff133eac0910f84eeb63c63859a6fb024d,6a6e0d94b1fcd541162ad52855fc6ab5cc668057a169419f1aaf9a8d8f66f5cc,137,-0.6260458974336855,0.01
1,0,all_agreeing_offsets,wholly_unseen,gh80,beta_half_half,20.0,HU_plus_surface,0.0,923683bb3d7d22d12d61ea5cd490f1fa6b90d6fe9e8fbdd8e0da06bd1e664b5a,9d662136bc5c4217e1bc805a0fc495c0bc6f2a1f25135158202b4d9164ae6dcf,135,-0.6078166563210768,0.01
1,0,all_agreeing_offsets,wholly_unseen,gh80,beta_half_half,20.0,HU_plus_surface,0.0001,923683bb3d7d22d12d61ea5cd490f1fa6b90d6fe9e8fbdd8e0da06bd1e664b5a,603506883e40a3ede37c6f4c34956f4446c9a775ce03604119d25b5a3401deb6,135,-0.6032866423803918,0.01
1,0,all_agreeing_offsets,wholly_unseen,gh80,beta_half_half,20.0,HU_plus_surface,0.001,923683bb3d7d22d12d61ea5cd490f1fa6b90d6fe9e8fbdd8e0da06bd1e664b5a,1ba762976d392ebb16e35ec90dc06d3a6197b25073374570c712fe5de51fc04b,135,-0.5857025627903134,0.01
1,0,all_agreeing_offsets,wholly_unseen,gh80,beta_half_half,20.0,HU_plus_surface,0.01,923683bb3d7d22d12d61ea5cd490f1fa6b90d6fe9e8fbdd8e0da06bd1e664b5a,3cb11a8fad9bd9b0f74ced4c057de73e8af4ec855995d7cffee82e7e1f37d8cc,135,-0.5819313963821865,0.01
1,0,all_agreeing_offsets,wholly_unseen,gh80,beta_half_half,20.0,HU_plus_surface,0.1,923683bb3d7d22d12d61ea5cd490f1fa6b90d6fe9e8fbdd8e0da06bd1e664b5a,dbc0d3d2e9b64881bce76d02905fe7bcfd6fe66ff1d1b3815b7ab4de99bf1bbf,135,-0.678289290550331,0.01
1,1,all_agreeing_offsets,wholly_unseen,gh80,beta_half_half,20.0,HU_plus_surface,0.0,1fdce97f339c6596d23e9bb1065fcfdd1ee9e853c2e9a26822948904df8c6047,4d8f66a909522ea3a38d050c8a3c530bb37e5a2fed84c07baf55ebbc5a60f624,138,-0.6078166563210768,0.01
1,1,all_agreeing_offsets,wholly_unseen,gh80,beta_half_half,20.0,HU_plus_surface,0.0001,1fdce97f339c6596d23e9bb1065fcfdd1ee9e853c2e9a26822948904df8c6047,af10f770629eb2e18be09dca75686d8e6b65c9ba83990514220646c109e44bcc,138,-0.6032866423803918,0.01
1,1,all_agreeing_offsets,wholly_unseen,gh80,beta_half_half,20.0,HU_plus_surface,0.001,1fdce97f339c6596d23e9bb1065fcfdd1ee9e853c2e9a26822948904df8c6047,a0a962efa1b8ad240972c283f78e743edb879a687d0d3d4afb29b7ba8c7a5d84,138,-0.5857025627903134,0.01
1,1,all_agreeing_offsets,wholly_unseen,gh80,beta_half_half,20.0,HU_plus_surface,0.01,1fdce97f339c6596d23e9bb1065fcfdd1ee9e853c2e9a26822948904df8c6047,3d2ab2477fb3b7723761b5b670a192262f27cac3e075d2e460ecde536b321d0f,138,-0.5819313963821865,0.01
1,1,all_agreeing_offsets,wholly_unseen,gh80,beta_half_half,20.0,HU_plus_surface,0.1,1fdce97f339c6596d23e9bb1065fcfdd1ee9e853c2e9a26822948904df8c6047,2dd798518443f11a74b3bfc4dc51832c5704daade3b17473510a1ea8f1071735,138,-0.678289290550331,0.01
1,2,all_agreeing_offsets,wholly_unseen,gh80,beta_half_half,20.0,HU_plus_surface,0.0,ea2a01c7ebcf95c320336f26b2b7d7ff133eac0910f84eeb63c63859a6fb024d,0489e04892df3dab45c5930fc6895169d5317702b63f20f946981bef1edff2c2,137,-0.6078166563210768,0.01
1,2,all_agreeing_offsets,wholly_unseen,gh80,beta_half_half,20.0,HU_plus_surface,0.0001,ea2a01c7ebcf95c320336f26b2b7d7ff133eac0910f84eeb63c63859a6fb024d,7825282831f4d52275471c7c8ed43f21fa743a1002ec4c4bfdb9a3c773384984,137,-0.6032866423803918,0.01
1,2,all_agreeing_offsets,wholly_unseen,gh80,beta_half_half,20.0,HU_plus_surface,0.001,ea2a01c7ebcf95c320336f26b2b7d7ff133eac0910f84eeb63c63859a6fb024d,d76e20f3f8306ee63e0b9f99444d2a820f97828e9b80deb3704e15ef5774781c,137,-0.5857025627903134,0.01
1,2,all_agreeing_offsets,wholly_unseen,gh80,beta_half_half,20.0,HU_plus_surface,0.01,ea2a01c7ebcf95c320336f26b2b7d7ff133eac0910f84eeb63c63859a6fb024d,bf7d6a075e7ccf1e2786f7327e738608604ca151da5b0a6b4c195942d826c207,137,-0.5819313963821865,0.01
1,2,all_agreeing_offsets,wholly_unseen,gh80,beta_half_half,20.0,HU_plus_surface,0.1,ea2a01c7ebcf95c320336f26b2b7d7ff133eac0910f84eeb63c63859a6fb024d,4933d6ae2d11cb22fc849e3867fbbf89627eec0139082c5a1426d3535b8881d6,137,-0.678289290550331,0.01
1,0,all_agreeing_offsets,wholly_unseen,gh80,beta_half_half,20.0,retention_bounded_plus_HU,0.0,923683bb3d7d22d12d61ea5cd490f1fa6b90d6fe9e8fbdd8e0da06bd1e664b5a,8f0a39ef2428194f68a0f8633bb3e8279277c59c5157c8a0f8cbd9a678d2d2c4,135,-0.5977104624903975,0.01
1,0,all_agreeing_offsets,wholly_unseen,gh80,beta_half_half,20.0,retention_bounded_plus_HU,0.0001,923683bb3d7d22d12d61ea5cd490f1fa6b90d6fe9e8fbdd8e0da06bd1e664b5a,1f607b557a7ece264270032e27f85c38291466a8b41b38b7155cc44fad3f91b8,135,-0.5970744389136382,0.01
1,0,all_agreeing_offsets,wholly_unseen,gh80,beta_half_half,20.0,retention_bounded_plus_HU,0.001,923683bb3d7d22d12d61ea5cd490f1fa6b90d6fe9e8fbdd8e0da06bd1e664b5a,b52998ca3ad76a263d30100f836e25096205080d8201f49d264a88a0ee7ef23f,135,-0.5906978835117511,0.01
1,0,all_agreeing_offsets,wholly_unseen,gh80,beta_half_half,20.0,retention_bounded_plus_HU,0.01,923683bb3d7d22d12d61ea5cd490f1fa6b90d6fe9e8fbdd8e0da06bd1e664b5a,c2d92029e20374e2636e3dcb5e66baba0eea07fe2f0405cf37b8a1af9321556b,135,-0.5751831254179475,0.01
1,0,all_agreeing_offsets,wholly_unseen,gh80,beta_half_half,20.0,retention_bounded_plus_HU,0.1,923683bb3d7d22d12d61ea5cd490f1fa6b90d6fe9e8fbdd8e0da06bd1e664b5a,07ae19703cc7ae2f59cd3a504467a3d31d9b22709f54bb43a8d3fbe8025836ec,135,-0.6291752197687559,0.01
1,1,all_agreeing_offsets,wholly_unseen,gh80,beta_half_half,20.0,retention_bounded_plus_HU,0.0,1fdce97f339c6596d23e9bb1065fcfdd1ee9e853c2e9a26822948904df8c6047,4a0768bf0571d22787bcfa8957fac0f3767fc5103bef54ae68b923f8077db84d,138,-0.5977104624903975,0.01
1,1,all_agreeing_offsets,wholly_unseen,gh80,beta_half_half,20.0,retention_bounded_plus_HU,0.0001,1fdce97f339c6596d23e9bb1065fcfdd1ee9e853c2e9a26822948904df8c6047,948f8df999d89075f063b6ffe0b28ab5ff06203ab969923cc0d3878c4b4efb1e,138,-0.5970744389136382,0.01
1,1,all_agreeing_offsets,wholly_unseen,gh80,beta_half_half,20.0,retention_bounded_plus_HU,0.001,1fdce97f339c6596d23e9bb1065fcfdd1ee9e853c2e9a26822948904df8c6047,9d0f20d31c832802852cc391d055836a90d71ac7515907c225bbb3aac5a4e5a5,138,-0.5906978835117511,0.01
1,1,all_agreeing_offsets,wholly_unseen,gh80,beta_half_half,20.0,retention_bounded_plus_HU,0.01,1fdce97f339c6596d23e9bb1065fcfdd1ee9e853c2e9a26822948904df8c6047,225fd41d102282279d5632dfb0820298b1b086352fd568bae7aa13db51bf30e6,138,-0.5751831254179475,0.01
1,1,all_agreeing_offsets,wholly_unseen,gh80,beta_half_half,20.0,retention_bounded_plus_HU,0.1,1fdce97f339c6596d23e9bb1065fcfdd1ee9e853c2e9a26822948904df8c6047,8d5d431821ee40d409aec7502b40b771eddc8f9150654c56aca03a4052aa1c16,138,-0.6291752197687559,0.01
1,2,all_agreeing_offsets,wholly_unseen,gh80,beta_half_half,20.0,retention_bounded_plus_HU,0.0,ea2a01c7ebcf95c320336f26b2b7d7ff133eac0910f84eeb63c63859a6fb024d,24745bd6a025ebb4b3f33e76816eb6b2f8645177dc505cc5715a2a3f7bf1948e,137,-0.5977104624903975,0.01
1,2,all_agreeing_offsets,wholly_unseen,gh80,beta_half_half,20.0,retention_bounded_plus_HU,0.0001,ea2a01c7ebcf95c320336f26b2b7d7ff133eac0910f84eeb63c63859a6fb024d,9de201804fc0252c1052965c8dcf6a368c766f34d7b74ff900908ef038ae94b7,137,-0.5970744389136382,0.01
1,2,all_agreeing_offsets,wholly_unseen,gh80,beta_half_half,20.0,retention_bounded_plus_HU,0.001,ea2a01c7ebcf95c320336f26b2b7d7ff133eac0910f84eeb63c63859a6fb024d,1a3fc431991da577997736ff678d69a48c251b3a6ef9fe86d8631bda20bd329f,137,-0.5906978835117511,0.01
1,2,all_agreeing_offsets,wholly_unseen,gh80,beta_half_half,20.0,retention_bounded_plus_HU,0.01,ea2a01c7ebcf95c320336f26b2b7d7ff133eac0910f84eeb63c63859a6fb024d,c3877fd36415ab8f95d939284c476e463465cdf14dcff59ef57363cd32c4335d,137,-0.5751831254179475,0.01
1,2,all_agreeing_offsets,wholly_unseen,gh80,beta_half_half,20.0,retention_bounded_plus_HU,0.1,ea2a01c7ebcf95c320336f26b2b7d7ff133eac0910f84eeb63c63859a6fb024d,490c4d0e07c4b19dc246fb63057e2d2c877d67eaf0bbe0da97bdcd000f4af092,137,-0.6291752197687559,0.01
1,0,unrounded_strict,side_informed,laplace,beta_half_half,20.0,retention_bounded,0.0,3621dc2abef477b0c382bff9ca4f0e425eef9e24668b0f7e0a7276ea3ebab3ba,d5c76e7ecec95188adc8dda9c3ec479e6ccf18e4941a6de1d77e06de75742d39,88,-0.39380566907933107,0.01
1,0,unrounded_strict,side_informed,laplace,beta_half_half,20.0,retention_bounded,0.0001,3621dc2abef477b0c382bff9ca4f0e425eef9e24668b0f7e0a7276ea3ebab3ba,4312083df2e03bb3c0405e9dd09bd8b5f8360d021154bc8ba2add538756ae83c,88,-0.3914819991757474,0.01
1,0,unrounded_strict,side_informed,laplace,beta_half_half,20.0,retention_bounded,0.001,3621dc2abef477b0c382bff9ca4f0e425eef9e24668b0f7e0a7276ea3ebab3ba,68d30cddace306d7cb6048116f6a5d7e7a2fc4fc989e44d09060bf7ca5b1a27e,88,-0.37747315218065014,0.01
1,0,unrounded_strict,side_informed,laplace,beta_half_half,20.0,retention_bounded,0.01,3621dc2abef477b0c382bff9ca4f0e425eef9e24668b0f7e0a7276ea3ebab3ba,e65422ac97ea0e4f389954d432b38713f1a3efbb8a40174cebba2addbcb3dc04,88,-0.34246508302193546,0.01
1,0,unrounded_strict,side_informed,laplace,beta_half_half,20.0,retention_bounded,0.1,3621dc2abef477b0c382bff9ca4f0e425eef9e24668b0f7e0a7276ea3ebab3ba,49d8847a9f09273ac57df14d6ee31694a0304a501866cc932a708709f2d32ad8,88,-0.36253231696874677,0.01
1,1,unrounded_strict,side_informed,laplace,beta_half_half,20.0,retention_bounded,0.0,83e7d988bb1f3d1b55c2ee260f4982106f1cca34f9196a19a0d4434f968f2336,eb6681e301fa8db33c99fde91f4619e7d414485b2ad402c7e09ca929d6165f6e,91,-0.39380566907933107,0.01
1,1,unrounded_strict,side_informed,laplace,beta_half_half,20.0,retention_bounded,0.0001,83e7d988bb1f3d1b55c2ee260f4982106f1cca34f9196a19a0d4434f968f2336,409bd0f2bf2414c6ca501f7408935b53114ef29c8c0de11f6691662ef7371e48,91,-0.3914819991757474,0.01
1,1,unrounded_strict,side_informed,laplace,beta_half_half,20.0,retention_bounded,0.001,83e7d988bb1f3d1b55c2ee260f4982106f1cca34f9196a19a0d4434f968f2336,d41f2662c5606e491e28ebe6fc85e682eaab70c65669c6bd82d5a6ad5ff59221,91,-0.37747315218065014,0.01
1,1,unrounded_strict,side_informed,laplace,beta_half_half,20.0,retention_bounded,0.01,83e7d988bb1f3d1b55c2ee260f4982106f1cca34f9196a19a0d4434f968f2336,3c4749c95b2cc1d7f2593125a6fbffd2616d8298ba1703b110dbb8a10137f17b,91,-0.34246508302193546,0.01
1,1,unrounded_strict,side_informed,laplace,beta_half_half,20.0,retention_bounded,0.1,83e7d988bb1f3d1b55c2ee260f4982106f1cca34f9196a19a0d4434f968f2336,1a4c06bef09fcd035f7395d52610f91db2047560fcfb437a991ca1cc448900ab,91,-0.36253231696874677,0.01
1,2,unrounded_strict,side_informed,laplace,beta_half_half,20.0,retention_bounded,0.0,44b130c3b861e53a2e0871984a8a3860901a45fffcbc6fe2163c231273f232be,a7dfa13a1d1b2e0b844e6bd3c6f09d11080830cb23be6e39b9b97435cb03b218,90,-0.39380566907933107,0.01
1,2,unrounded_strict,side_informed,laplace,beta_half_half,20.0,retention_bounded,0.0001,44b130c3b861e53a2e0871984a8a3860901a45fffcbc6fe2163c231273f232be,834931a3378dce037b2507897131f0f7f1fd696788f31599f5a00bd8ae0e4615,90,-0.3914819991757474,0.01
1,2,unrounded_strict,side_informed,laplace,beta_half_half,20.0,retention_bounded,0.001,44b130c3b861e53a2e0871984a8a3860901a45fffcbc6fe2163c231273f232be,91091125f051ca322cfc809fba1ddb13729230b6634cb985b39f816fbd487169,90,-0.37747315218065014,0.01
1,2,unrounded_strict,side_informed,laplace,beta_half_half,20.0,retention_bounded,0.01,44b130c3b861e53a2e0871984a8a3860901a45fffcbc6fe2163c231273f232be,0f2591e43b9dda58531394f3c5776a6abce2fe00b8e2ea163e4d9271ab66e57b,90,-0.34246508302193546,0.01
1,2,unrounded_strict,side_informed,laplace,beta_half_half,20.0,retention_bounded,0.1,44b130c3b861e53a2e0871984a8a3860901a45fffcbc6fe2163c231273f232be,92ab07859282f7fe9d8cd843ff12fa87da4525560f67cefa9fdf8d12d1f21f09,90,-0.36253231696874677,0.01
1,0,unrounded_strict,side_informed,laplace,beta_half_half,20.0,retention_nonnegative,0.0,3621dc2abef477b0c382bff9ca4f0e425eef9e24668b0f7e0a7276ea3ebab3ba,d2e3cf73e2ae31e24363975f25c4a1d62a3f28348f5735cf3271ab3588503e1f,88,-0.3938056680291179,0.01
1,0,unrounded_strict,side_informed,laplace,beta_half_half,20.0,retention_nonnegative,0.0001,3621dc2abef477b0c382bff9ca4f0e425eef9e24668b0f7e0a7276ea3ebab3ba,3af607864c406eb5e93aeb7fa8f3aeb8ba206c9801077c6c0a8241835f9b9aae,88,-0.3909302578593824,0.01
1,0,unrounded_strict,side_informed,laplace,beta_half_half,20.0,retention_nonnegative,0.001,3621dc2abef477b0c382bff9ca4f0e425eef9e24668b0f7e0a7276ea3ebab3ba,b9d2476926174f2bafc479cdfb1a44763c777d2bd50a5b39c619593d3d7dfb76,88,-0.37487932203783847,0.01
1,0,unrounded_strict,side_informed,laplace,beta_half_half,20.0,retention_nonnegative,0.01,3621dc2abef477b0c382bff9ca4f0e425eef9e24668b0f7e0a7276ea3ebab3ba,a22f7a5b32bb4fdd03c0edce9dd59f4c80b3d23e864cd90f96e8f4f93dfb9c0d,88,-0.3497855590567045,0.01
1,0,unrounded_strict,side_informed,laplace,beta_half_half,20.0,retention_nonnegative,0.1,3621dc2abef477b0c382bff9ca4f0e425eef9e24668b0f7e0a7276ea3ebab3ba,ae73ba34260e46257afab7c4972ddb9936b8eeafa6551154e66b6c5b5974dbac,88,-0.4110072551411292,0.01
1,1,unrounded_strict,side_informed,laplace,beta_half_half,20.0,retention_nonnegative,0.0,83e7d988bb1f3d1b55c2ee260f4982106f1cca34f9196a19a0d4434f968f2336,b8d8bf5df17562d0105f323a4d94dec814238e4a0d9ad6842d4009f1f90e9e22,91,-0.3938056680291179,0.01
1,1,unrounded_strict,side_informed,laplace,beta_half_half,20.0,retention_nonnegative,0.0001,83e7d988bb1f3d1b55c2ee260f4982106f1cca34f9196a19a0d4434f968f2336,9bce5631207b5c428716fea848197d0f1cad2fcc7ed5c887d427f99a54f0b9d0,91,-0.3909302578593824,0.01
1,1,unrounded_strict,side_informed,laplace,beta_half_half,20.0,retention_nonnegative,0.001,83e7d988bb1f3d1b55c2ee260f4982106f1cca34f9196a19a0d4434f968f2336,0acc3fcafa19be6e56e23689f6b204b9cff6d475f4ead613b2ee579086ec1dfe,91,-0.37487932203783847,0.01
1,1,unrounded_strict,side_informed,laplace,beta_half_half,20.0,retention_nonnegative,0.01,83e7d988bb1f3d1b55c2ee260f4982106f1cca34f9196a19a0d4434f968f2336,b01c522a32ee3c3e16a840425cefc5aa4f99d8e865cada23bd1837bf29ae669a,91,-0.3497855590567045,0.01
1,1,unrounded_strict,side_informed,laplace,beta_half_half,20.0,retention_nonnegative,0.1,83e7d988bb1f3d1b55c2ee260f4982106f1cca34f9196a19a0d4434f968f2336,a9899b59192f52b8231d7672052d87de45fc6ba2be33b3afe6f1e9323fc3f9cd,91,-0.4110072551411292,0.01
1,2,unrounded_strict,side_informed,laplace,beta_half_half,20.0,retention_nonnegative,0.0,44b130c3b861e53a2e0871984a8a3860901a45fffcbc6fe2163c231273f232be,11d2a2b46dc8a79ee12a424f9d4d7d4cb2ab0c80f346dcc69897d191abb360f2,90,-0.3938056680291179,0.01
1,2,unrounded_strict,side_informed,laplace,beta_half_half,20.0,retention_nonnegative,0.0001,44b130c3b861e53a2e0871984a8a3860901a45fffcbc6fe2163c231273f232be,fc1dda8efb3a1bd0ba05c36ec3ad53f85e3dde217daa4f0af196a6517409aac4,90,-0.3909302578593824,0.01
1,2,unrounded_strict,side_informed,laplace,beta_half_half,20.0,retention_nonnegative,0.001,44b130c3b861e53a2e0871984a8a3860901a45fffcbc6fe2163c231273f232be,fd500cab16cf281940eb11ddbae33ea6c2e110bfcb2c1e606c9f7761e19b359e,90,-0.37487932203783847,0.01
1,2,unrounded_strict,side_informed,laplace,beta_half_half,20.0,retention_nonnegative,0.01,44b130c3b861e53a2e0871984a8a3860901a45fffcbc6fe2163c231273f232be,e3330b9233c861a65cd6b89b306b8235875c7e8625409807e7c145adbbcd7aa7,90,-0.3497855590567045,0.01
1,2,unrounded_strict,side_informed,laplace,beta_half_half,20.0,retention_nonnegative,0.1,44b130c3b861e53a2e0871984a8a3860901a45fffcbc6fe2163c231273f232be,7099bf22dedc3568fe8f901b41e1ff3c4eecb49ab828f29f2cb8cb0dde22aaf6,90,-0.4110072551411292,0.01
1,0,unrounded_strict,side_informed,laplace,beta_half_half,20.0,current_only,0.0,3621dc2abef477b0c382bff9ca4f0e425eef9e24668b0f7e0a7276ea3ebab3ba,82a29cc0b9ef86eaaec5683bb168aaa10101fa6b90569fc224f79209a60da280,88,-0.5898570176031348,0.01
1,0,unrounded_strict,side_informed,laplace,beta_half_half,20.0,current_only,0.0001,3621dc2abef477b0c382bff9ca4f0e425eef9e24668b0f7e0a7276ea3ebab3ba,b8e1119207a747707dd1ac3fdd376116863f198f6cc049543f19e3f05e323e65,88,-0.5898291308278815,0.01
1,0,unrounded_strict,side_informed,laplace,beta_half_half,20.0,current_only,0.001,3621dc2abef477b0c382bff9ca4f0e425eef9e24668b0f7e0a7276ea3ebab3ba,2d531d78a70d74db1c931ccb406cbd0666b03ea33aca8fd2149dc24f90638299,88,-0.5895901200178627,0.01
1,0,unrounded_strict,side_informed,laplace,beta_half_half,20.0,current_only,0.01,3621dc2abef477b0c382bff9ca4f0e425eef9e24668b0f7e0a7276ea3ebab3ba,71dd581d45c8e11d0da78fbd29d5f8f42362e7e0bc163cc6248a6930de4dc64c,88,-0.5881916797876279,0.01
1,0,unrounded_strict,side_informed,laplace,beta_half_half,20.0,current_only,0.1,3621dc2abef477b0c382bff9ca4f0e425eef9e24668b0f7e0a7276ea3ebab3ba,655cfa9713197edd35a2b71b60ee84d7aeafe498fb97432eb648a0e753404991,88,-0.6060260925268486,0.01
1,1,unrounded_strict,side_informed,laplace,beta_half_half,20.0,current_only,0.0,83e7d988bb1f3d1b55c2ee260f4982106f1cca34f9196a19a0d4434f968f2336,a6e20f6e54581733d367d154d1154ad8a0d7b3465dd2150ffde3d4109addc3e0,91,-0.5898570176031348,0.01
1,1,unrounded_strict,side_informed,laplace,beta_half_half,20.0,current_only,0.0001,83e7d988bb1f3d1b55c2ee260f4982106f1cca34f9196a19a0d4434f968f2336,84f207624a7bca5d1cc5f32b46c097fbd80fa9efab11dabd9a4f4c08457f0207,91,-0.5898291308278815,0.01
1,1,unrounded_strict,side_informed,laplace,beta_half_half,20.0,current_only,0.001,83e7d988bb1f3d1b55c2ee260f4982106f1cca34f9196a19a0d4434f968f2336,c8a321ba3bf3113b4f6c77c300594ea5543b16fa58dd96af9c1def327b04762f,91,-0.5895901200178627,0.01
1,1,unrounded_strict,side_informed,laplace,beta_half_half,20.0,current_only,0.01,83e7d988bb1f3d1b55c2ee260f4982106f1cca34f9196a19a0d4434f968f2336,9ba9c3934a544a59d72b074ff77aed2f0857cb27fa37dbc37f62b8dff6c2434c,91,-0.5881916797876279,0.01
1,1,unrounded_strict,side_informed,laplace,beta_half_half,20.0,current_only,0.1,83e7d988bb1f3d1b55c2ee260f4982106f1cca34f9196a19a0d4434f968f2336,9177b93b9f4426c09cf9aa68c295c59f4d5b2a14f62932ebeaeb5b40f5302130,91,-0.6060260925268486,0.01
1,2,unrounded_strict,side_informed,laplace,beta_half_half,20.0,current_only,0.0,44b130c3b861e53a2e0871984a8a3860901a45fffcbc6fe2163c231273f232be,44d169a7e8b5d39616d6e39a7c993a226e77f63d013638ea3e672346f3d8779a,90,-0.5898570176031348,0.01
1,2,unrounded_strict,side_informed,laplace,beta_half_half,20.0,current_only,0.0001,44b130c3b861e53a2e0871984a8a3860901a45fffcbc6fe2163c231273f232be,34fd75ee5bc3e1da9d73dc56302630df6c9a79d8a4ff1da9daee514f1bdaad4f,90,-0.5898291308278815,0.01
1,2,unrounded_strict,side_informed,laplace,beta_half_half,20.0,current_only,0.001,44b130c3b861e53a2e0871984a8a3860901a45fffcbc6fe2163c231273f232be,e4a7664a2a351a43f5fb011e26a3c9394187ef4302eab177c06c88f92c22aa37,90,-0.5895901200178627,0.01
1,2,unrounded_strict,side_informed,laplace,beta_half_half,20.0,current_only,0.01,44b130c3b861e53a2e0871984a8a3860901a45fffcbc6fe2163c231273f232be,4879812bf08950efa3c8d67ae1f371a0053dc049b4b696bd4af1e2f801075419,90,-0.5881916797876279,0.01
1,2,unrounded_strict,side_informed,laplace,beta_half_half,20.0,current_only,0.1,44b130c3b861e53a2e0871984a8a3860901a45fffcbc6fe2163c231273f232be,59a32e20a924ecc3b35d31e1a81ce9d31af82868a5ad77baf4e50f5ece605cb1,90,-0.6060260925268486,0.01
1,0,unrounded_strict,side_informed,laplace,beta_half_half,20.0,input_plus_surface,0.0,3621dc2abef477b0c382bff9ca4f0e425eef9e24668b0f7e0a7276ea3ebab3ba,cda2727204491276b619b29e590f0b4d06b4f2d699088a03247f26b2f6ac7469,88,-0.37829499569962344,0.01
1,0,unrounded_strict,side_informed,laplace,beta_half_half,20.0,input_plus_surface,0.0001,3621dc2abef477b0c382bff9ca4f0e425eef9e24668b0f7e0a7276ea3ebab3ba,60a289688f78688ef69f7050356aa280dcfd23ea3d8d14a7d779d76b5619a2d8,88,-0.3756538235184995,0.01
1,0,unrounded_strict,side_informed,laplace,beta_half_half,20.0,input_plus_surface,0.001,3621dc2abef477b0c382bff9ca4f0e425eef9e24668b0f7e0a7276ea3ebab3ba,08c29d571f92a413f3f60e9280cc12c0815827ce249e502749cf8a7c1a40aa31,88,-0.3601678892489456,0.01
1,0,unrounded_strict,side_informed,laplace,beta_half_half,20.0,input_plus_surface,0.01,3621dc2abef477b0c382bff9ca4f0e425eef9e24668b0f7e0a7276ea3ebab3ba,f730d6744a8c24f5f1a603c3c8346ca9da71667c31886f3a7b6f148cb65e14c0,88,-0.3272497347822013,0.01
1,0,unrounded_strict,side_informed,laplace,beta_half_half,20.0,input_plus_surface,0.1,3621dc2abef477b0c382bff9ca4f0e425eef9e24668b0f7e0a7276ea3ebab3ba,c8f918aabdf8c420bf9ae3a7cf1c8708e17445908237d393f252c79400406a73,88,-0.37097074951036696,0.01
1,1,unrounded_strict,side_informed,laplace,beta_half_half,20.0,input_plus_surface,0.0,83e7d988bb1f3d1b55c2ee260f4982106f1cca34f9196a19a0d4434f968f2336,0fd13cf285945f55f5c095a298ffce9724cb35c37bbe7918b13e530f1f3fae7b,91,-0.37829499569962344,0.01
1,1,unrounded_strict,side_informed,laplace,beta_half_half,20.0,input_plus_surface,0.0001,83e7d988bb1f3d1b55c2ee260f4982106f1cca34f9196a19a0d4434f968f2336,1fab356cb23f95c005e7cdaae451aef98275d42876d1e5f293048a32f2dfd0be,91,-0.3756538235184995,0.01
1,1,unrounded_strict,side_informed,laplace,beta_half_half,20.0,input_plus_surface,0.001,83e7d988bb1f3d1b55c2ee260f4982106f1cca34f9196a19a0d4434f968f2336,8de68fc26ce77f99d12b547c0b5b2a36cc471076028732239fea37229c7a08ed,91,-0.3601678892489456,0.01
1,1,unrounded_strict,side_informed,laplace,beta_half_half,20.0,input_plus_surface,0.01,83e7d988bb1f3d1b55c2ee260f4982106f1cca34f9196a19a0d4434f968f2336,8211ef1462b7207332268e7ffc9d47f1d876f1c5cbc5098584503f65a77c4977,91,-0.3272497347822013,0.01
1,1,unrounded_strict,side_informed,laplace,beta_half_half,20.0,input_plus_surface,0.1,83e7d988bb1f3d1b55c2ee260f4982106f1cca34f9196a19a0d4434f968f2336,5f93d36a8ef2315b37261d537b8221092e3491fea68c837a24f8802d5cba2d4c,91,-0.37097074951036696,0.01
1,2,unrounded_strict,side_informed,laplace,beta_half_half,20.0,input_plus_surface,0.0,44b130c3b861e53a2e0871984a8a3860901a45fffcbc6fe2163c231273f232be,4e518ea58db94b87d17128f0fdbbd1c504ae34b08e196f3856df3213155a03a9,90,-0.37829499569962344,0.01
1,2,unrounded_strict,side_informed,laplace,beta_half_half,20.0,input_plus_surface,0.0001,44b130c3b861e53a2e0871984a8a3860901a45fffcbc6fe2163c231273f232be,a121ed16fa717347a6bb80fb626dcc2b51a5f673d3d216391eb08610d2ca4ca7,90,-0.3756538235184995,0.01
1,2,unrounded_strict,side_informed,laplace,beta_half_half,20.0,input_plus_surface,0.001,44b130c3b861e53a2e0871984a8a3860901a45fffcbc6fe2163c231273f232be,d92d9fc4908cb19cc9c7792585c790b6a96fb9a801e5fbbeab84fa150f25f2ed,90,-0.3601678892489456,0.01
1,2,unrounded_strict,side_informed,laplace,beta_half_half,20.0,input_plus_surface,0.01,44b130c3b861e53a2e0871984a8a3860901a45fffcbc6fe2163c231273f232be,54b4aaaa68c20b8152f9f8352d1fa3e95b218df38f610b63ab947e88c5ff67c5,90,-0.3272497347822013,0.01
1,2,unrounded_strict,side_informed,laplace,beta_half_half,20.0,input_plus_surface,0.1,44b130c3b861e53a2e0871984a8a3860901a45fffcbc6fe2163c231273f232be,bff7c08d909c4e2c48803033dc43e6e5e8be35b111d0600e95ced5c952ac0aa4,90,-0.37097074951036696,0.01
1,0,unrounded_strict,side_informed,laplace,beta_half_half,20.0,HU_plus_surface,0.0,3621dc2abef477b0c382bff9ca4f0e425eef9e24668b0f7e0a7276ea3ebab3ba,3f62ad68a6edb7d8dc750912e3959d3bec25a74a11f2eb9c2eeb203ba6c35bb8,88,-0.34991783765283097,0.01
1,0,unrounded_strict,side_informed,laplace,beta_half_half,20.0,HU_plus_surface,0.0001,3621dc2abef477b0c382bff9ca4f0e425eef9e24668b0f7e0a7276ea3ebab3ba,2abbd72ea6b11e23cb9ccb180bc9e966b34d5aa38b21789b7348ae840c075bd6,88,-0.3475121392693049,0.01
1,0,unrounded_strict,side_informed,laplace,beta_half_half,20.0,HU_plus_surface,0.001,3621dc2abef477b0c382bff9ca4f0e425eef9e24668b0f7e0a7276ea3ebab3ba,836c570fa41f1c6657bfb3ce3860a0d148bff2de9dd07b794bf01109c82a8c7c,88,-0.3339854622893937,0.01
1,0,unrounded_strict,side_informed,laplace,beta_half_half,20.0,HU_plus_surface,0.01,3621dc2abef477b0c382bff9ca4f0e425eef9e24668b0f7e0a7276ea3ebab3ba,c3767ed1b48bd1b931e0815583bdfefabf7d0ce58fbd9f445b4bc69bf88c4677,88,-0.30841173725733206,0.01
1,0,unrounded_strict,side_informed,laplace,beta_half_half,20.0,HU_plus_surface,0.1,3621dc2abef477b0c382bff9ca4f0e425eef9e24668b0f7e0a7276ea3ebab3ba,a9dcef0cb0f7499c0b5eda22e373026c0bcf30fe7116ce44b808973961b8d4a7,88,-0.36247231078700937,0.01
1,1,unrounded_strict,side_informed,laplace,beta_half_half,20.0,HU_plus_surface,0.0,83e7d988bb1f3d1b55c2ee260f4982106f1cca34f9196a19a0d4434f968f2336,883a07678647ce6729800a07fee6819a62c923653cd453bc1b836283cdfbb2ee,91,-0.34991783765283097,0.01
1,1,unrounded_strict,side_informed,laplace,beta_half_half,20.0,HU_plus_surface,0.0001,83e7d988bb1f3d1b55c2ee260f4982106f1cca34f9196a19a0d4434f968f2336,41c3d56c73c3cc8988544ed4a5d460da2534fecb8700aa158b87ab131d50c233,91,-0.3475121392693049,0.01
1,1,unrounded_strict,side_informed,laplace,beta_half_half,20.0,HU_plus_surface,0.001,83e7d988bb1f3d1b55c2ee260f4982106f1cca34f9196a19a0d4434f968f2336,a26caaadcc6e602b441af76f65aa8a3034a68dca83f335b975c58f253d686407,91,-0.3339854622893937,0.01
1,1,unrounded_strict,side_informed,laplace,beta_half_half,20.0,HU_plus_surface,0.01,83e7d988bb1f3d1b55c2ee260f4982106f1cca34f9196a19a0d4434f968f2336,9a237cf0a649ddb8e270fe2d33c76938b9dcf315b1095db89ffce84a4644b688,91,-0.30841173725733206,0.01
1,1,unrounded_strict,side_informed,laplace,beta_half_half,20.0,HU_plus_surface,0.1,83e7d988bb1f3d1b55c2ee260f4982106f1cca34f9196a19a0d4434f968f2336,fa21ffe4b4c60cf9da64e55130cedde1edaa3b10cc903d2869b9d87fc1615b96,91,-0.36247231078700937,0.01
1,2,unrounded_strict,side_informed,laplace,beta_half_half,20.0,HU_plus_surface,0.0,44b130c3b861e53a2e0871984a8a3860901a45fffcbc6fe2163c231273f232be,a1a915debe313e4107ea15f9e384c10f25e3abe665df8766248a16bcd50e1912,90,-0.34991783765283097,0.01
1,2,unrounded_strict,side_informed,laplace,beta_half_half,20.0,HU_plus_surface,0.0001,44b130c3b861e53a2e0871984a8a3860901a45fffcbc6fe2163c231273f232be,6a8431b867653c0bdc2940a43bcc7844e1ca04e036799b8f0d00e385529b0955,90,-0.3475121392693049,0.01
1,2,unrounded_strict,side_informed,laplace,beta_half_half,20.0,HU_plus_surface,0.001,44b130c3b861e53a2e0871984a8a3860901a45fffcbc6fe2163c231273f232be,7529fc83d1f82c472976323c64a6678aaf3bb3990ed528dda14ed4b1a1431b3d,90,-0.3339854622893937,0.01
1,2,unrounded_strict,side_informed,laplace,beta_half_half,20.0,HU_plus_surface,0.01,44b130c3b861e53a2e0871984a8a3860901a45fffcbc6fe2163c231273f232be,8bca6493a9551efd1e3da7aadbf193a91f816d01172702ce02857aa826b97920,90,-0.30841173725733206,0.01
1,2,unrounded_strict,side_informed,laplace,beta_half_half,20.0,HU_plus_surface,0.1,44b130c3b861e53a2e0871984a8a3860901a45fffcbc6fe2163c231273f232be,bdb8c16a715beea6b4e07beb6bbb6e918833e3b7815ca966babcd292983dcf68,90,-0.36247231078700937,0.01
1,0,unrounded_strict,side_informed,laplace,beta_half_half,20.0,retention_bounded_plus_HU,0.0,3621dc2abef477b0c382bff9ca4f0e425eef9e24668b0f7e0a7276ea3ebab3ba,d2fb5e6a94213296d75695d1a4a39bd33938e309e1277957bf65d3331d19a3eb,88,-0.35306108955354437,0.01
1,0,unrounded_strict,side_informed,laplace,beta_half_half,20.0,retention_bounded_plus_HU,0.0001,3621dc2abef477b0c382bff9ca4f0e425eef9e24668b0f7e0a7276ea3ebab3ba,7ad3cc9363eb4ffd051f752ee9243c99d209961dda63ee3277d53aa4f6bed918,88,-0.35298752586264087,0.01
1,0,unrounded_strict,side_informed,laplace,beta_half_half,20.0,retention_bounded_plus_HU,0.001,3621dc2abef477b0c382bff9ca4f0e425eef9e24668b0f7e0a7276ea3ebab3ba,fd655369582167eb7db3568e743cb8c7c06c2dbcc7e5f2902f38833da2d3e01d,88,-0.35122396566651365,0.01
1,0,unrounded_strict,side_informed,laplace,beta_half_half,20.0,retention_bounded_plus_HU,0.01,3621dc2abef477b0c382bff9ca4f0e425eef9e24668b0f7e0a7276ea3ebab3ba,b6415815acbea003e6ea80187e1ff74d7e53dc9ee013e21cd6923caacf5b6059,88,-0.3275040646219754,0.01
1,0,unrounded_strict,side_informed,laplace,beta_half_half,20.0,retention_bounded_plus_HU,0.1,3621dc2abef477b0c382bff9ca4f0e425eef9e24668b0f7e0a7276ea3ebab3ba,79c742ff2ac66704e2e0c2f5dea1d3c22699c733ab6049958c4d4939505933d3,88,-0.3344928668900373,0.01
1,1,unrounded_strict,side_informed,laplace,beta_half_half,20.0,retention_bounded_plus_HU,0.0,83e7d988bb1f3d1b55c2ee260f4982106f1cca34f9196a19a0d4434f968f2336,a94705e850c110fa954a3234cf5dc837027ccb3a6776da2de4323113ddfe6dc5,91,-0.35306108955354437,0.01
1,1,unrounded_strict,side_informed,laplace,beta_half_half,20.0,retention_bounded_plus_HU,0.0001,83e7d988bb1f3d1b55c2ee260f4982106f1cca34f9196a19a0d4434f968f2336,15571bbf42ebd41bb555aee3513e61c0363f1db02694ebb7d4c7f19aa56436d9,91,-0.35298752586264087,0.01
1,1,unrounded_strict,side_informed,laplace,beta_half_half,20.0,retention_bounded_plus_HU,0.001,83e7d988bb1f3d1b55c2ee260f4982106f1cca34f9196a19a0d4434f968f2336,ce64ba28a086a9937237a5d63a5288fc9aec22b2fbcaade0d2b246245226dceb,91,-0.35122396566651365,0.01
1,1,unrounded_strict,side_informed,laplace,beta_half_half,20.0,retention_bounded_plus_HU,0.01,83e7d988bb1f3d1b55c2ee260f4982106f1cca34f9196a19a0d4434f968f2336,f7a3c2ca97b1b0e9ca61312813b2d0b50d2910de74b415db3599c79d2bd69cdb,91,-0.3275040646219754,0.01
1,1,unrounded_strict,side_informed,laplace,beta_half_half,20.0,retention_bounded_plus_HU,0.1,83e7d988bb1f3d1b55c2ee260f4982106f1cca34f9196a19a0d4434f968f2336,7cd55ac6d9a90edf404a458ffd239e8d2afa0ddc9cca0e14644e1439eb6ccd28,91,-0.3344928668900373,0.01
1,2,unrounded_strict,side_informed,laplace,beta_half_half,20.0,retention_bounded_plus_HU,0.0,44b130c3b861e53a2e0871984a8a3860901a45fffcbc6fe2163c231273f232be,78f4ce246789d700566d13362ae72bd4f1964f005b6a384b1ad20d8dda16bad0,90,-0.35306108955354437,0.01
1,2,unrounded_strict,side_informed,laplace,beta_half_half,20.0,retention_bounded_plus_HU,0.0001,44b130c3b861e53a2e0871984a8a3860901a45fffcbc6fe2163c231273f232be,b733ac0e4e18de4f122fc1d9606866681e86fc9ddb81fa87755184a17dd26dd4,90,-0.35298752586264087,0.01
1,2,unrounded_strict,side_informed,laplace,beta_half_half,20.0,retention_bounded_plus_HU,0.001,44b130c3b861e53a2e0871984a8a3860901a45fffcbc6fe2163c231273f232be,ae14bfb057dc414c3a87ac53848d0ffe33e3aebb043c9317a6cd95a3b492a7fd,90,-0.35122396566651365,0.01
1,2,unrounded_strict,side_informed,laplace,beta_half_half,20.0,retention_bounded_plus_HU,0.01,44b130c3b861e53a2e0871984a8a3860901a45fffcbc6fe2163c231273f232be,79747372601d71dd53f00770e0ebab8b403047c4ee5747b705dafcc9a8b7acc8,90,-0.3275040646219754,0.01
1,2,unrounded_strict,side_informed,laplace,beta_half_half,20.0,retention_bounded_plus_HU,0.1,44b130c3b861e53a2e0871984a8a3860901a45fffcbc6fe2163c231273f232be,aa3b08857686b8dcc2c5f47de7a2d6b75e82aa574e1011c5e876c0e5d3d8463d,90,-0.3344928668900373,0.01
1,0,unrounded_strict,side_informed,gh80,beta_half_half,20.0,HU_plus_surface,0.0,3621dc2abef477b0c382bff9ca4f0e425eef9e24668b0f7e0a7276ea3ebab3ba,9e591c86e84191ada9b3100db472fd3eccf045acf471e665ba4649bd0e56c55f,88,-0.34604241014018094,0.01
1,0,unrounded_strict,side_informed,gh80,beta_half_half,20.0,HU_plus_surface,0.0001,3621dc2abef477b0c382bff9ca4f0e425eef9e24668b0f7e0a7276ea3ebab3ba,5854796a3b96d64b8bc562e8cdb6f1be73af539d8e589b655cfb7cc686abbd7e,88,-0.34367994273259644,0.01
1,0,unrounded_strict,side_informed,gh80,beta_half_half,20.0,HU_plus_surface,0.001,3621dc2abef477b0c382bff9ca4f0e425eef9e24668b0f7e0a7276ea3ebab3ba,c8e85098ba1ee6ee1238daa523d3ac69f36ff4fec68ee8364ce2ea9b48fdfa9d,88,-0.33055998117801155,0.01
1,0,unrounded_strict,side_informed,gh80,beta_half_half,20.0,HU_plus_surface,0.01,3621dc2abef477b0c382bff9ca4f0e425eef9e24668b0f7e0a7276ea3ebab3ba,e1723a147dcfd93e0f3a369938eea02198769fa0da7aba925d278aa68f7473ce,88,-0.30699514330028255,0.01
1,0,unrounded_strict,side_informed,gh80,beta_half_half,20.0,HU_plus_surface,0.1,3621dc2abef477b0c382bff9ca4f0e425eef9e24668b0f7e0a7276ea3ebab3ba,fdaafce5a24e0700d71a2ef13a54e8baf4869fa7daf16298984c7d178f9991e3,88,-0.3640565015268553,0.01
1,1,unrounded_strict,side_informed,gh80,beta_half_half,20.0,HU_plus_surface,0.0,83e7d988bb1f3d1b55c2ee260f4982106f1cca34f9196a19a0d4434f968f2336,138e2e744e5f94e8f9903de189a9ccca24314f3b24339d4c02ae09019d9ed5f1,91,-0.34604241014018094,0.01
1,1,unrounded_strict,side_informed,gh80,beta_half_half,20.0,HU_plus_surface,0.0001,83e7d988bb1f3d1b55c2ee260f4982106f1cca34f9196a19a0d4434f968f2336,eaae395d3fbfb863a22be41fbc522290ad2daf817139c62424d3ca07336b2a13,91,-0.34367994273259644,0.01
1,1,unrounded_strict,side_informed,gh80,beta_half_half,20.0,HU_plus_surface,0.001,83e7d988bb1f3d1b55c2ee260f4982106f1cca34f9196a19a0d4434f968f2336,c340a78b4eedb8033deb5b3c97177f89acd19a93d54985cf7950717168889dec,91,-0.33055998117801155,0.01
1,1,unrounded_strict,side_informed,gh80,beta_half_half,20.0,HU_plus_surface,0.01,83e7d988bb1f3d1b55c2ee260f4982106f1cca34f9196a19a0d4434f968f2336,8a1ef62d85a942bfc685487b4f3df5e4fa2f68e73e3d2e0ec7182f6dfe2baf00,91,-0.30699514330028255,0.01
1,1,unrounded_strict,side_informed,gh80,beta_half_half,20.0,HU_plus_surface,0.1,83e7d988bb1f3d1b55c2ee260f4982106f1cca34f9196a19a0d4434f968f2336,aea5cba3518f7b5d2f48d02b0dcb1671e12673b6b878fad84aed8134b92dfa32,91,-0.3640565015268553,0.01
1,2,unrounded_strict,side_informed,gh80,beta_half_half,20.0,HU_plus_surface,0.0,44b130c3b861e53a2e0871984a8a3860901a45fffcbc6fe2163c231273f232be,972b855dbc908d8056785b940fe7b888ca754a144bb34314f4f597e6f868da1e,90,-0.34604241014018094,0.01
1,2,unrounded_strict,side_informed,gh80,beta_half_half,20.0,HU_plus_surface,0.0001,44b130c3b861e53a2e0871984a8a3860901a45fffcbc6fe2163c231273f232be,f8fe4be3a6f7b4e611992b235a80e1e4ba939b35fc206e11ab62e8081d2f50c8,90,-0.34367994273259644,0.01
1,2,unrounded_strict,side_informed,gh80,beta_half_half,20.0,HU_plus_surface,0.001,44b130c3b861e53a2e0871984a8a3860901a45fffcbc6fe2163c231273f232be,d2db2b6b3463646aa0e18c8cd8c0dfc0e5c224fceee33a92d39d33b983e1a0e1,90,-0.33055998117801155,0.01
1,2,unrounded_strict,side_informed,gh80,beta_half_half,20.0,HU_plus_surface,0.01,44b130c3b861e53a2e0871984a8a3860901a45fffcbc6fe2163c231273f232be,bd9cdd533f07cff0c06bed31cbfefe47ea7bb5e15cdb843121553af9263eccc1,90,-0.30699514330028255,0.01
1,2,unrounded_strict,side_informed,gh80,beta_half_half,20.0,HU_plus_surface,0.1,44b130c3b861e53a2e0871984a8a3860901a45fffcbc6fe2163c231273f232be,c3fc5813346629f85c71a2d84e3fdbd32a68fddac4e5d82b9e387753583fd2d4,90,-0.3640565015268553,0.01
1,0,unrounded_strict,side_informed,gh80,beta_half_half,20.0,retention_bounded_plus_HU,0.0,3621dc2abef477b0c382bff9ca4f0e425eef9e24668b0f7e0a7276ea3ebab3ba,4b79c94ce560df6131d533a5cda1c1c7f1f912385187d2bed81ad789a86663dc,88,-0.35200027478813556,0.01
1,0,unrounded_strict,side_informed,gh80,beta_half_half,20.0,retention_bounded_plus_HU,0.0001,3621dc2abef477b0c382bff9ca4f0e425eef9e24668b0f7e0a7276ea3ebab3ba,eccba671b591d4a94e6334a4ed50e60f1a4311147b6e4a7cb89d0dedf0091023,88,-0.3520586582655918,0.01
1,0,unrounded_strict,side_informed,gh80,beta_half_half,20.0,retention_bounded_plus_HU,0.001,3621dc2abef477b0c382bff9ca4f0e425eef9e24668b0f7e0a7276ea3ebab3ba,4e0e099ad2ac7a31d627e961eb632b58cc9573b73a0c9712a7232ac610834e10,88,-0.35159575828532125,0.01
1,0,unrounded_strict,side_informed,gh80,beta_half_half,20.0,retention_bounded_plus_HU,0.01,3621dc2abef477b0c382bff9ca4f0e425eef9e24668b0f7e0a7276ea3ebab3ba,2faa9ce51337bad50566210e1e3ab82ab38cb2be73617fdec118e6467453d475,88,-0.32887175311107175,0.01
1,0,unrounded_strict,side_informed,gh80,beta_half_half,20.0,retention_bounded_plus_HU,0.1,3621dc2abef477b0c382bff9ca4f0e425eef9e24668b0f7e0a7276ea3ebab3ba,aa102947cfb984872c4d9ac98220d78c7765085111dd8a2d70bfefe5c7112a08,88,-0.33596543341439183,0.01
1,1,unrounded_strict,side_informed,gh80,beta_half_half,20.0,retention_bounded_plus_HU,0.0,83e7d988bb1f3d1b55c2ee260f4982106f1cca34f9196a19a0d4434f968f2336,cb6d7742acd8704c07e454d938d43c387e488f7f3248fd3d5f94a23428856d0c,91,-0.35200027478813556,0.01
1,1,unrounded_strict,side_informed,gh80,beta_half_half,20.0,retention_bounded_plus_HU,0.0001,83e7d988bb1f3d1b55c2ee260f4982106f1cca34f9196a19a0d4434f968f2336,c35ca5e9223883d7a659c26a8c8a0154e2a6734112e65e6caf4fb822412a3651,91,-0.3520586582655918,0.01
1,1,unrounded_strict,side_informed,gh80,beta_half_half,20.0,retention_bounded_plus_HU,0.001,83e7d988bb1f3d1b55c2ee260f4982106f1cca34f9196a19a0d4434f968f2336,9ce1d84f020b70c9b82fa8140b6751b569d60142dd54944bb6e20c3b7ca8b299,91,-0.35159575828532125,0.01
1,1,unrounded_strict,side_informed,gh80,beta_half_half,20.0,retention_bounded_plus_HU,0.01,83e7d988bb1f3d1b55c2ee260f4982106f1cca34f9196a19a0d4434f968f2336,d068d8d127a8a4f4d8516a331affc0c0d9b62c6d4c6071d9884556e85692a545,91,-0.32887175311107175,0.01
1,1,unrounded_strict,side_informed,gh80,beta_half_half,20.0,retention_bounded_plus_HU,0.1,83e7d988bb1f3d1b55c2ee260f4982106f1cca34f9196a19a0d4434f968f2336,7244b01689921fe5dd44668cb67318070bed4126c5a86f48c37ddbbb0f6ca46e,91,-0.33596543341439183,0.01
1,2,unrounded_strict,side_informed,gh80,beta_half_half,20.0,retention_bounded_plus_HU,0.0,44b130c3b861e53a2e0871984a8a3860901a45fffcbc6fe2163c231273f232be,7fd536c1fa0c0f817a0cfdfba671592b3ea8509a3e444445f2e60c838db04305,90,-0.35200027478813556,0.01
1,2,unrounded_strict,side_informed,gh80,beta_half_half,20.0,retention_bounded_plus_HU,0.0001,44b130c3b861e53a2e0871984a8a3860901a45fffcbc6fe2163c231273f232be,d7bfb78d3bd2d94922556a115d7673d913239728b6646b0d5a7b62b414256216,90,-0.3520586582655918,0.01
1,2,unrounded_strict,side_informed,gh80,beta_half_half,20.0,retention_bounded_plus_HU,0.001,44b130c3b861e53a2e0871984a8a3860901a45fffcbc6fe2163c231273f232be,ea4b47b5947694aeda80d3717f67ce14e8fa41a76f10172a98306af4000e7d89,90,-0.35159575828532125,0.01
1,2,unrounded_strict,side_informed,gh80,beta_half_half,20.0,retention_bounded_plus_HU,0.01,44b130c3b861e53a2e0871984a8a3860901a45fffcbc6fe2163c231273f232be,18b2e13a9aeee21da37cf7de7a5ecabaf626d5d868edce4f0945c5018d3560dc,90,-0.32887175311107175,0.01
1,2,unrounded_strict,side_informed,gh80,beta_half_half,20.0,retention_bounded_plus_HU,0.1,44b130c3b861e53a2e0871984a8a3860901a45fffcbc6fe2163c231273f232be,2170beff9b2cc3e61a385c5494f3be3bbd34b8a6d8e39656ebdb601f6908d31e,90,-0.33596543341439183,0.01
1,0,unrounded_strict,wholly_unseen,laplace,beta_half_half,20.0,retention_bounded,0.0,3621dc2abef477b0c382bff9ca4f0e425eef9e24668b0f7e0a7276ea3ebab3ba,d5c76e7ecec95188adc8dda9c3ec479e6ccf18e4941a6de1d77e06de75742d39,88,-0.7000484118156959,0.01
1,0,unrounded_strict,wholly_unseen,laplace,beta_half_half,20.0,retention_bounded,0.0001,3621dc2abef477b0c382bff9ca4f0e425eef9e24668b0f7e0a7276ea3ebab3ba,4312083df2e03bb3c0405e9dd09bd8b5f8360d021154bc8ba2add538756ae83c,88,-0.697577340238685,0.01
1,0,unrounded_strict,wholly_unseen,laplace,beta_half_half,20.0,retention_bounded,0.001,3621dc2abef477b0c382bff9ca4f0e425eef9e24668b0f7e0a7276ea3ebab3ba,68d30cddace306d7cb6048116f6a5d7e7a2fc4fc989e44d09060bf7ca5b1a27e,88,-0.6822471328286449,0.01
1,0,unrounded_strict,wholly_unseen,laplace,beta_half_half,20.0,retention_bounded,0.01,3621dc2abef477b0c382bff9ca4f0e425eef9e24668b0f7e0a7276ea3ebab3ba,e65422ac97ea0e4f389954d432b38713f1a3efbb8a40174cebba2addbcb3dc04,88,-0.6379784428355487,0.01
1,0,unrounded_strict,wholly_unseen,laplace,beta_half_half,20.0,retention_bounded,0.1,3621dc2abef477b0c382bff9ca4f0e425eef9e24668b0f7e0a7276ea3ebab3ba,49d8847a9f09273ac57df14d6ee31694a0304a501866cc932a708709f2d32ad8,88,-0.6436518357540513,0.01
1,1,unrounded_strict,wholly_unseen,laplace,beta_half_half,20.0,retention_bounded,0.0,83e7d988bb1f3d1b55c2ee260f4982106f1cca34f9196a19a0d4434f968f2336,eb6681e301fa8db33c99fde91f4619e7d414485b2ad402c7e09ca929d6165f6e,91,-0.7000484118156959,0.01
1,1,unrounded_strict,wholly_unseen,laplace,beta_half_half,20.0,retention_bounded,0.0001,83e7d988bb1f3d1b55c2ee260f4982106f1cca34f9196a19a0d4434f968f2336,409bd0f2bf2414c6ca501f7408935b53114ef29c8c0de11f6691662ef7371e48,91,-0.697577340238685,0.01
1,1,unrounded_strict,wholly_unseen,laplace,beta_half_half,20.0,retention_bounded,0.001,83e7d988bb1f3d1b55c2ee260f4982106f1cca34f9196a19a0d4434f968f2336,d41f2662c5606e491e28ebe6fc85e682eaab70c65669c6bd82d5a6ad5ff59221,91,-0.6822471328286449,0.01
1,1,unrounded_strict,wholly_unseen,laplace,beta_half_half,20.0,retention_bounded,0.01,83e7d988bb1f3d1b55c2ee260f4982106f1cca34f9196a19a0d4434f968f2336,3c4749c95b2cc1d7f2593125a6fbffd2616d8298ba1703b110dbb8a10137f17b,91,-0.6379784428355487,0.01
1,1,unrounded_strict,wholly_unseen,laplace,beta_half_half,20.0,retention_bounded,0.1,83e7d988bb1f3d1b55c2ee260f4982106f1cca34f9196a19a0d4434f968f2336,1a4c06bef09fcd035f7395d52610f91db2047560fcfb437a991ca1cc448900ab,91,-0.6436518357540513,0.01
1,2,unrounded_strict,wholly_unseen,laplace,beta_half_half,20.0,retention_bounded,0.0,44b130c3b861e53a2e0871984a8a3860901a45fffcbc6fe2163c231273f232be,a7dfa13a1d1b2e0b844e6bd3c6f09d11080830cb23be6e39b9b97435cb03b218,90,-0.7000484118156959,0.01
1,2,unrounded_strict,wholly_unseen,laplace,beta_half_half,20.0,retention_bounded,0.0001,44b130c3b861e53a2e0871984a8a3860901a45fffcbc6fe2163c231273f232be,834931a3378dce037b2507897131f0f7f1fd696788f31599f5a00bd8ae0e4615,90,-0.697577340238685,0.01
1,2,unrounded_strict,wholly_unseen,laplace,beta_half_half,20.0,retention_bounded,0.001,44b130c3b861e53a2e0871984a8a3860901a45fffcbc6fe2163c231273f232be,91091125f051ca322cfc809fba1ddb13729230b6634cb985b39f816fbd487169,90,-0.6822471328286449,0.01
1,2,unrounded_strict,wholly_unseen,laplace,beta_half_half,20.0,retention_bounded,0.01,44b130c3b861e53a2e0871984a8a3860901a45fffcbc6fe2163c231273f232be,0f2591e43b9dda58531394f3c5776a6abce2fe00b8e2ea163e4d9271ab66e57b,90,-0.6379784428355487,0.01
1,2,unrounded_strict,wholly_unseen,laplace,beta_half_half,20.0,retention_bounded,0.1,44b130c3b861e53a2e0871984a8a3860901a45fffcbc6fe2163c231273f232be,92ab07859282f7fe9d8cd843ff12fa87da4525560f67cefa9fdf8d12d1f21f09,90,-0.6436518357540513,0.01
1,0,unrounded_strict,wholly_unseen,laplace,beta_half_half,20.0,retention_nonnegative,0.0,3621dc2abef477b0c382bff9ca4f0e425eef9e24668b0f7e0a7276ea3ebab3ba,d2e3cf73e2ae31e24363975f25c4a1d62a3f28348f5735cf3271ab3588503e1f,88,-0.7000484105829222,0.01
1,0,unrounded_strict,wholly_unseen,laplace,beta_half_half,20.0,retention_nonnegative,0.0001,3621dc2abef477b0c382bff9ca4f0e425eef9e24668b0f7e0a7276ea3ebab3ba,3af607864c406eb5e93aeb7fa8f3aeb8ba206c9801077c6c0a8241835f9b9aae,88,-0.6961900396744055,0.01
1,0,unrounded_strict,wholly_unseen,laplace,beta_half_half,20.0,retention_nonnegative,0.001,3621dc2abef477b0c382bff9ca4f0e425eef9e24668b0f7e0a7276ea3ebab3ba,b9d2476926174f2bafc479cdfb1a44763c777d2bd50a5b39c619593d3d7dfb76,88,-0.6733578627991592,0.01
1,0,unrounded_strict,wholly_unseen,laplace,beta_half_half,20.0,retention_nonnegative,0.01,3621dc2abef477b0c382bff9ca4f0e425eef9e24668b0f7e0a7276ea3ebab3ba,a22f7a5b32bb4fdd03c0edce9dd59f4c80b3d23e864cd90f96e8f4f93dfb9c0d,88,-0.6331713900027952,0.01
1,0,unrounded_strict,wholly_unseen,laplace,beta_half_half,20.0,retention_nonnegative,0.1,3621dc2abef477b0c382bff9ca4f0e425eef9e24668b0f7e0a7276ea3ebab3ba,ae73ba34260e46257afab7c4972ddb9936b8eeafa6551154e66b6c5b5974dbac,88,-0.6950112805562068,0.01
1,1,unrounded_strict,wholly_unseen,laplace,beta_half_half,20.0,retention_nonnegative,0.0,83e7d988bb1f3d1b55c2ee260f4982106f1cca34f9196a19a0d4434f968f2336,b8d8bf5df17562d0105f323a4d94dec814238e4a0d9ad6842d4009f1f90e9e22,91,-0.7000484105829222,0.01
1,1,unrounded_strict,wholly_unseen,laplace,beta_half_half,20.0,retention_nonnegative,0.0001,83e7d988bb1f3d1b55c2ee260f4982106f1cca34f9196a19a0d4434f968f2336,9bce5631207b5c428716fea848197d0f1cad2fcc7ed5c887d427f99a54f0b9d0,91,-0.6961900396744055,0.01
1,1,unrounded_strict,wholly_unseen,laplace,beta_half_half,20.0,retention_nonnegative,0.001,83e7d988bb1f3d1b55c2ee260f4982106f1cca34f9196a19a0d4434f968f2336,0acc3fcafa19be6e56e23689f6b204b9cff6d475f4ead613b2ee579086ec1dfe,91,-0.6733578627991592,0.01
1,1,unrounded_strict,wholly_unseen,laplace,beta_half_half,20.0,retention_nonnegative,0.01,83e7d988bb1f3d1b55c2ee260f4982106f1cca34f9196a19a0d4434f968f2336,b01c522a32ee3c3e16a840425cefc5aa4f99d8e865cada23bd1837bf29ae669a,91,-0.6331713900027952,0.01
1,1,unrounded_strict,wholly_unseen,laplace,beta_half_half,20.0,retention_nonnegative,0.1,83e7d988bb1f3d1b55c2ee260f4982106f1cca34f9196a19a0d4434f968f2336,a9899b59192f52b8231d7672052d87de45fc6ba2be33b3afe6f1e9323fc3f9cd,91,-0.6950112805562068,0.01
1,2,unrounded_strict,wholly_unseen,laplace,beta_half_half,20.0,retention_nonnegative,0.0,44b130c3b861e53a2e0871984a8a3860901a45fffcbc6fe2163c231273f232be,11d2a2b46dc8a79ee12a424f9d4d7d4cb2ab0c80f346dcc69897d191abb360f2,90,-0.7000484105829222,0.01
1,2,unrounded_strict,wholly_unseen,laplace,beta_half_half,20.0,retention_nonnegative,0.0001,44b130c3b861e53a2e0871984a8a3860901a45fffcbc6fe2163c231273f232be,fc1dda8efb3a1bd0ba05c36ec3ad53f85e3dde217daa4f0af196a6517409aac4,90,-0.6961900396744055,0.01
1,2,unrounded_strict,wholly_unseen,laplace,beta_half_half,20.0,retention_nonnegative,0.001,44b130c3b861e53a2e0871984a8a3860901a45fffcbc6fe2163c231273f232be,fd500cab16cf281940eb11ddbae33ea6c2e110bfcb2c1e606c9f7761e19b359e,90,-0.6733578627991592,0.01
1,2,unrounded_strict,wholly_unseen,laplace,beta_half_half,20.0,retention_nonnegative,0.01,44b130c3b861e53a2e0871984a8a3860901a45fffcbc6fe2163c231273f232be,e3330b9233c861a65cd6b89b306b8235875c7e8625409807e7c145adbbcd7aa7,90,-0.6331713900027952,0.01
1,2,unrounded_strict,wholly_unseen,laplace,beta_half_half,20.0,retention_nonnegative,0.1,44b130c3b861e53a2e0871984a8a3860901a45fffcbc6fe2163c231273f232be,7099bf22dedc3568fe8f901b41e1ff3c4eecb49ab828f29f2cb8cb0dde22aaf6,90,-0.6950112805562068,0.01
1,0,unrounded_strict,wholly_unseen,laplace,beta_half_half,20.0,current_only,0.0,3621dc2abef477b0c382bff9ca4f0e425eef9e24668b0f7e0a7276ea3ebab3ba,82a29cc0b9ef86eaaec5683bb168aaa10101fa6b90569fc224f79209a60da280,88,-0.8742994516376034,0.01
1,0,unrounded_strict,wholly_unseen,laplace,beta_half_half,20.0,current_only,0.0001,3621dc2abef477b0c382bff9ca4f0e425eef9e24668b0f7e0a7276ea3ebab3ba,b8e1119207a747707dd1ac3fdd376116863f198f6cc049543f19e3f05e323e65,88,-0.8742715648623501,0.01
1,0,unrounded_strict,wholly_unseen,laplace,beta_half_half,20.0,current_only,0.001,3621dc2abef477b0c382bff9ca4f0e425eef9e24668b0f7e0a7276ea3ebab3ba,2d531d78a70d74db1c931ccb406cbd0666b03ea33aca8fd2149dc24f90638299,88,-0.8740325540523314,0.01
1,0,unrounded_strict,wholly_unseen,laplace,beta_half_half,20.0,current_only,0.01,3621dc2abef477b0c382bff9ca4f0e425eef9e24668b0f7e0a7276ea3ebab3ba,71dd581d45c8e11d0da78fbd29d5f8f42362e7e0bc163cc6248a6930de4dc64c,88,-0.8726341138220964,0.01
1,0,unrounded_strict,wholly_unseen,laplace,beta_half_half,20.0,current_only,0.1,3621dc2abef477b0c382bff9ca4f0e425eef9e24668b0f7e0a7276ea3ebab3ba,655cfa9713197edd35a2b71b60ee84d7aeafe498fb97432eb648a0e753404991,88,-0.8904685265613173,0.01
1,1,unrounded_strict,wholly_unseen,laplace,beta_half_half,20.0,current_only,0.0,83e7d988bb1f3d1b55c2ee260f4982106f1cca34f9196a19a0d4434f968f2336,a6e20f6e54581733d367d154d1154ad8a0d7b3465dd2150ffde3d4109addc3e0,91,-0.8742994516376034,0.01
1,1,unrounded_strict,wholly_unseen,laplace,beta_half_half,20.0,current_only,0.0001,83e7d988bb1f3d1b55c2ee260f4982106f1cca34f9196a19a0d4434f968f2336,84f207624a7bca5d1cc5f32b46c097fbd80fa9efab11dabd9a4f4c08457f0207,91,-0.8742715648623501,0.01
1,1,unrounded_strict,wholly_unseen,laplace,beta_half_half,20.0,current_only,0.001,83e7d988bb1f3d1b55c2ee260f4982106f1cca34f9196a19a0d4434f968f2336,c8a321ba3bf3113b4f6c77c300594ea5543b16fa58dd96af9c1def327b04762f,91,-0.8740325540523314,0.01
1,1,unrounded_strict,wholly_unseen,laplace,beta_half_half,20.0,current_only,0.01,83e7d988bb1f3d1b55c2ee260f4982106f1cca34f9196a19a0d4434f968f2336,9ba9c3934a544a59d72b074ff77aed2f0857cb27fa37dbc37f62b8dff6c2434c,91,-0.8726341138220964,0.01
1,1,unrounded_strict,wholly_unseen,laplace,beta_half_half,20.0,current_only,0.1,83e7d988bb1f3d1b55c2ee260f4982106f1cca34f9196a19a0d4434f968f2336,9177b93b9f4426c09cf9aa68c295c59f4d5b2a14f62932ebeaeb5b40f5302130,91,-0.8904685265613173,0.01
1,2,unrounded_strict,wholly_unseen,laplace,beta_half_half,20.0,current_only,0.0,44b130c3b861e53a2e0871984a8a3860901a45fffcbc6fe2163c231273f232be,44d169a7e8b5d39616d6e39a7c993a226e77f63d013638ea3e672346f3d8779a,90,-0.8742994516376034,0.01
1,2,unrounded_strict,wholly_unseen,laplace,beta_half_half,20.0,current_only,0.0001,44b130c3b861e53a2e0871984a8a3860901a45fffcbc6fe2163c231273f232be,34fd75ee5bc3e1da9d73dc56302630df6c9a79d8a4ff1da9daee514f1bdaad4f,90,-0.8742715648623501,0.01
1,2,unrounded_strict,wholly_unseen,laplace,beta_half_half,20.0,current_only,0.001,44b130c3b861e53a2e0871984a8a3860901a45fffcbc6fe2163c231273f232be,e4a7664a2a351a43f5fb011e26a3c9394187ef4302eab177c06c88f92c22aa37,90,-0.8740325540523314,0.01
1,2,unrounded_strict,wholly_unseen,laplace,beta_half_half,20.0,current_only,0.01,44b130c3b861e53a2e0871984a8a3860901a45fffcbc6fe2163c231273f232be,4879812bf08950efa3c8d67ae1f371a0053dc049b4b696bd4af1e2f801075419,90,-0.8726341138220964,0.01
1,2,unrounded_strict,wholly_unseen,laplace,beta_half_half,20.0,current_only,0.1,44b130c3b861e53a2e0871984a8a3860901a45fffcbc6fe2163c231273f232be,59a32e20a924ecc3b35d31e1a81ce9d31af82868a5ad77baf4e50f5ece605cb1,90,-0.8904685265613173,0.01
1,0,unrounded_strict,wholly_unseen,laplace,beta_half_half,20.0,input_plus_surface,0.0,3621dc2abef477b0c382bff9ca4f0e425eef9e24668b0f7e0a7276ea3ebab3ba,cda2727204491276b619b29e590f0b4d06b4f2d699088a03247f26b2f6ac7469,88,-0.6704541361923443,0.01
1,0,unrounded_strict,wholly_unseen,laplace,beta_half_half,20.0,input_plus_surface,0.0001,3621dc2abef477b0c382bff9ca4f0e425eef9e24668b0f7e0a7276ea3ebab3ba,60a289688f78688ef69f7050356aa280dcfd23ea3d8d14a7d779d76b5619a2d8,88,-0.6674489590881397,0.01
1,0,unrounded_strict,wholly_unseen,laplace,beta_half_half,20.0,input_plus_surface,0.001,3621dc2abef477b0c382bff9ca4f0e425eef9e24668b0f7e0a7276ea3ebab3ba,08c29d571f92a413f3f60e9280cc12c0815827ce249e502749cf8a7c1a40aa31,88,-0.6494713371633104,0.01
1,0,unrounded_strict,wholly_unseen,laplace,beta_half_half,20.0,input_plus_surface,0.01,3621dc2abef477b0c382bff9ca4f0e425eef9e24668b0f7e0a7276ea3ebab3ba,f730d6744a8c24f5f1a603c3c8346ca9da71667c31886f3a7b6f148cb65e14c0,88,-0.6097487046702087,0.01
1,0,unrounded_strict,wholly_unseen,laplace,beta_half_half,20.0,input_plus_surface,0.1,3621dc2abef477b0c382bff9ca4f0e425eef9e24668b0f7e0a7276ea3ebab3ba,c8f918aabdf8c420bf9ae3a7cf1c8708e17445908237d393f252c79400406a73,88,-0.6516060396571165,0.01
1,1,unrounded_strict,wholly_unseen,laplace,beta_half_half,20.0,input_plus_surface,0.0,83e7d988bb1f3d1b55c2ee260f4982106f1cca34f9196a19a0d4434f968f2336,0fd13cf285945f55f5c095a298ffce9724cb35c37bbe7918b13e530f1f3fae7b,91,-0.6704541361923443,0.01
1,1,unrounded_strict,wholly_unseen,laplace,beta_half_half,20.0,input_plus_surface,0.0001,83e7d988bb1f3d1b55c2ee260f4982106f1cca34f9196a19a0d4434f968f2336,1fab356cb23f95c005e7cdaae451aef98275d42876d1e5f293048a32f2dfd0be,91,-0.6674489590881397,0.01
1,1,unrounded_strict,wholly_unseen,laplace,beta_half_half,20.0,input_plus_surface,0.001,83e7d988bb1f3d1b55c2ee260f4982106f1cca34f9196a19a0d4434f968f2336,8de68fc26ce77f99d12b547c0b5b2a36cc471076028732239fea37229c7a08ed,91,-0.6494713371633104,0.01
1,1,unrounded_strict,wholly_unseen,laplace,beta_half_half,20.0,input_plus_surface,0.01,83e7d988bb1f3d1b55c2ee260f4982106f1cca34f9196a19a0d4434f968f2336,8211ef1462b7207332268e7ffc9d47f1d876f1c5cbc5098584503f65a77c4977,91,-0.6097487046702087,0.01
1,1,unrounded_strict,wholly_unseen,laplace,beta_half_half,20.0,input_plus_surface,0.1,83e7d988bb1f3d1b55c2ee260f4982106f1cca34f9196a19a0d4434f968f2336,5f93d36a8ef2315b37261d537b8221092e3491fea68c837a24f8802d5cba2d4c,91,-0.6516060396571165,0.01
1,2,unrounded_strict,wholly_unseen,laplace,beta_half_half,20.0,input_plus_surface,0.0,44b130c3b861e53a2e0871984a8a3860901a45fffcbc6fe2163c231273f232be,4e518ea58db94b87d17128f0fdbbd1c504ae34b08e196f3856df3213155a03a9,90,-0.6704541361923443,0.01
1,2,unrounded_strict,wholly_unseen,laplace,beta_half_half,20.0,input_plus_surface,0.0001,44b130c3b861e53a2e0871984a8a3860901a45fffcbc6fe2163c231273f232be,a121ed16fa717347a6bb80fb626dcc2b51a5f673d3d216391eb08610d2ca4ca7,90,-0.6674489590881397,0.01
1,2,unrounded_strict,wholly_unseen,laplace,beta_half_half,20.0,input_plus_surface,0.001,44b130c3b861e53a2e0871984a8a3860901a45fffcbc6fe2163c231273f232be,d92d9fc4908cb19cc9c7792585c790b6a96fb9a801e5fbbeab84fa150f25f2ed,90,-0.6494713371633104,0.01
1,2,unrounded_strict,wholly_unseen,laplace,beta_half_half,20.0,input_plus_surface,0.01,44b130c3b861e53a2e0871984a8a3860901a45fffcbc6fe2163c231273f232be,54b4aaaa68c20b8152f9f8352d1fa3e95b218df38f610b63ab947e88c5ff67c5,90,-0.6097487046702087,0.01
1,2,unrounded_strict,wholly_unseen,laplace,beta_half_half,20.0,input_plus_surface,0.1,44b130c3b861e53a2e0871984a8a3860901a45fffcbc6fe2163c231273f232be,bff7c08d909c4e2c48803033dc43e6e5e8be35b111d0600e95ced5c952ac0aa4,90,-0.6516060396571165,0.01
1,0,unrounded_strict,wholly_unseen,laplace,beta_half_half,20.0,HU_plus_surface,0.0,3621dc2abef477b0c382bff9ca4f0e425eef9e24668b0f7e0a7276ea3ebab3ba,3f62ad68a6edb7d8dc750912e3959d3bec25a74a11f2eb9c2eeb203ba6c35bb8,88,-0.6372348910248703,0.01
1,0,unrounded_strict,wholly_unseen,laplace,beta_half_half,20.0,HU_plus_surface,0.0001,3621dc2abef477b0c382bff9ca4f0e425eef9e24668b0f7e0a7276ea3ebab3ba,2abbd72ea6b11e23cb9ccb180bc9e966b34d5aa38b21789b7348ae840c075bd6,88,-0.6345307118380906,0.01
1,0,unrounded_strict,wholly_unseen,laplace,beta_half_half,20.0,HU_plus_surface,0.001,3621dc2abef477b0c382bff9ca4f0e425eef9e24668b0f7e0a7276ea3ebab3ba,836c570fa41f1c6657bfb3ce3860a0d148bff2de9dd07b794bf01109c82a8c7c,88,-0.6189031172835189,0.01
1,0,unrounded_strict,wholly_unseen,laplace,beta_half_half,20.0,HU_plus_surface,0.01,3621dc2abef477b0c382bff9ca4f0e425eef9e24668b0f7e0a7276ea3ebab3ba,c3767ed1b48bd1b931e0815583bdfefabf7d0ce58fbd9f445b4bc69bf88c4677,88,-0.5877823825586366,0.01
1,0,unrounded_strict,wholly_unseen,laplace,beta_half_half,20.0,HU_plus_surface,0.1,3621dc2abef477b0c382bff9ca4f0e425eef9e24668b0f7e0a7276ea3ebab3ba,a9dcef0cb0f7499c0b5eda22e373026c0bcf30fe7116ce44b808973961b8d4a7,88,-0.6417234728909144,0.01
1,1,unrounded_strict,wholly_unseen,laplace,beta_half_half,20.0,HU_plus_surface,0.0,83e7d988bb1f3d1b55c2ee260f4982106f1cca34f9196a19a0d4434f968f2336,883a07678647ce6729800a07fee6819a62c923653cd453bc1b836283cdfbb2ee,91,-0.6372348910248703,0.01
1,1,unrounded_strict,wholly_unseen,laplace,beta_half_half,20.0,HU_plus_surface,0.0001,83e7d988bb1f3d1b55c2ee260f4982106f1cca34f9196a19a0d4434f968f2336,41c3d56c73c3cc8988544ed4a5d460da2534fecb8700aa158b87ab131d50c233,91,-0.6345307118380906,0.01
1,1,unrounded_strict,wholly_unseen,laplace,beta_half_half,20.0,HU_plus_surface,0.001,83e7d988bb1f3d1b55c2ee260f4982106f1cca34f9196a19a0d4434f968f2336,a26caaadcc6e602b441af76f65aa8a3034a68dca83f335b975c58f253d686407,91,-0.6189031172835189,0.01
1,1,unrounded_strict,wholly_unseen,laplace,beta_half_half,20.0,HU_plus_surface,0.01,83e7d988bb1f3d1b55c2ee260f4982106f1cca34f9196a19a0d4434f968f2336,9a237cf0a649ddb8e270fe2d33c76938b9dcf315b1095db89ffce84a4644b688,91,-0.5877823825586366,0.01
1,1,unrounded_strict,wholly_unseen,laplace,beta_half_half,20.0,HU_plus_surface,0.1,83e7d988bb1f3d1b55c2ee260f4982106f1cca34f9196a19a0d4434f968f2336,fa21ffe4b4c60cf9da64e55130cedde1edaa3b10cc903d2869b9d87fc1615b96,91,-0.6417234728909144,0.01
1,2,unrounded_strict,wholly_unseen,laplace,beta_half_half,20.0,HU_plus_surface,0.0,44b130c3b861e53a2e0871984a8a3860901a45fffcbc6fe2163c231273f232be,a1a915debe313e4107ea15f9e384c10f25e3abe665df8766248a16bcd50e1912,90,-0.6372348910248703,0.01
1,2,unrounded_strict,wholly_unseen,laplace,beta_half_half,20.0,HU_plus_surface,0.0001,44b130c3b861e53a2e0871984a8a3860901a45fffcbc6fe2163c231273f232be,6a8431b867653c0bdc2940a43bcc7844e1ca04e036799b8f0d00e385529b0955,90,-0.6345307118380906,0.01
1,2,unrounded_strict,wholly_unseen,laplace,beta_half_half,20.0,HU_plus_surface,0.001,44b130c3b861e53a2e0871984a8a3860901a45fffcbc6fe2163c231273f232be,7529fc83d1f82c472976323c64a6678aaf3bb3990ed528dda14ed4b1a1431b3d,90,-0.6189031172835189,0.01
1,2,unrounded_strict,wholly_unseen,laplace,beta_half_half,20.0,HU_plus_surface,0.01,44b130c3b861e53a2e0871984a8a3860901a45fffcbc6fe2163c231273f232be,8bca6493a9551efd1e3da7aadbf193a91f816d01172702ce02857aa826b97920,90,-0.5877823825586366,0.01
1,2,unrounded_strict,wholly_unseen,laplace,beta_half_half,20.0,HU_plus_surface,0.1,44b130c3b861e53a2e0871984a8a3860901a45fffcbc6fe2163c231273f232be,bdb8c16a715beea6b4e07beb6bbb6e918833e3b7815ca966babcd292983dcf68,90,-0.6417234728909144,0.01
1,0,unrounded_strict,wholly_unseen,laplace,beta_half_half,20.0,retention_bounded_plus_HU,0.0,3621dc2abef477b0c382bff9ca4f0e425eef9e24668b0f7e0a7276ea3ebab3ba,d2fb5e6a94213296d75695d1a4a39bd33938e309e1277957bf65d3331d19a3eb,88,-0.6535404335650374,0.1
1,0,unrounded_strict,wholly_unseen,laplace,beta_half_half,20.0,retention_bounded_plus_HU,0.0001,3621dc2abef477b0c382bff9ca4f0e425eef9e24668b0f7e0a7276ea3ebab3ba,7ad3cc9363eb4ffd051f752ee9243c99d209961dda63ee3277d53aa4f6bed918,88,-0.6531659078146088,0.1
1,0,unrounded_strict,wholly_unseen,laplace,beta_half_half,20.0,retention_bounded_plus_HU,0.001,3621dc2abef477b0c382bff9ca4f0e425eef9e24668b0f7e0a7276ea3ebab3ba,fd655369582167eb7db3568e743cb8c7c06c2dbcc7e5f2902f38833da2d3e01d,88,-0.6501262015648134,0.1
1,0,unrounded_strict,wholly_unseen,laplace,beta_half_half,20.0,retention_bounded_plus_HU,0.01,3621dc2abef477b0c382bff9ca4f0e425eef9e24668b0f7e0a7276ea3ebab3ba,b6415815acbea003e6ea80187e1ff74d7e53dc9ee013e21cd6923caacf5b6059,88,-0.6159310310658663,0.1
1,0,unrounded_strict,wholly_unseen,laplace,beta_half_half,20.0,retention_bounded_plus_HU,0.1,3621dc2abef477b0c382bff9ca4f0e425eef9e24668b0f7e0a7276ea3ebab3ba,79c742ff2ac66704e2e0c2f5dea1d3c22699c733ab6049958c4d4939505933d3,88,-0.613751620866996,0.1
1,1,unrounded_strict,wholly_unseen,laplace,beta_half_half,20.0,retention_bounded_plus_HU,0.0,83e7d988bb1f3d1b55c2ee260f4982106f1cca34f9196a19a0d4434f968f2336,a94705e850c110fa954a3234cf5dc837027ccb3a6776da2de4323113ddfe6dc5,91,-0.6535404335650374,0.1
1,1,unrounded_strict,wholly_unseen,laplace,beta_half_half,20.0,retention_bounded_plus_HU,0.0001,83e7d988bb1f3d1b55c2ee260f4982106f1cca34f9196a19a0d4434f968f2336,15571bbf42ebd41bb555aee3513e61c0363f1db02694ebb7d4c7f19aa56436d9,91,-0.6531659078146088,0.1
1,1,unrounded_strict,wholly_unseen,laplace,beta_half_half,20.0,retention_bounded_plus_HU,0.001,83e7d988bb1f3d1b55c2ee260f4982106f1cca34f9196a19a0d4434f968f2336,ce64ba28a086a9937237a5d63a5288fc9aec22b2fbcaade0d2b246245226dceb,91,-0.6501262015648134,0.1
1,1,unrounded_strict,wholly_unseen,laplace,beta_half_half,20.0,retention_bounded_plus_HU,0.01,83e7d988bb1f3d1b55c2ee260f4982106f1cca34f9196a19a0d4434f968f2336,f7a3c2ca97b1b0e9ca61312813b2d0b50d2910de74b415db3599c79d2bd69cdb,91,-0.6159310310658663,0.1
1,1,unrounded_strict,wholly_unseen,laplace,beta_half_half,20.0,retention_bounded_plus_HU,0.1,83e7d988bb1f3d1b55c2ee260f4982106f1cca34f9196a19a0d4434f968f2336,7cd55ac6d9a90edf404a458ffd239e8d2afa0ddc9cca0e14644e1439eb6ccd28,91,-0.613751620866996,0.1
1,2,unrounded_strict,wholly_unseen,laplace,beta_half_half,20.0,retention_bounded_plus_HU,0.0,44b130c3b861e53a2e0871984a8a3860901a45fffcbc6fe2163c231273f232be,78f4ce246789d700566d13362ae72bd4f1964f005b6a384b1ad20d8dda16bad0,90,-0.6535404335650374,0.1
1,2,unrounded_strict,wholly_unseen,laplace,beta_half_half,20.0,retention_bounded_plus_HU,0.0001,44b130c3b861e53a2e0871984a8a3860901a45fffcbc6fe2163c231273f232be,b733ac0e4e18de4f122fc1d9606866681e86fc9ddb81fa87755184a17dd26dd4,90,-0.6531659078146088,0.1
1,2,unrounded_strict,wholly_unseen,laplace,beta_half_half,20.0,retention_bounded_plus_HU,0.001,44b130c3b861e53a2e0871984a8a3860901a45fffcbc6fe2163c231273f232be,ae14bfb057dc414c3a87ac53848d0ffe33e3aebb043c9317a6cd95a3b492a7fd,90,-0.6501262015648134,0.1
1,2,unrounded_strict,wholly_unseen,laplace,beta_half_half,20.0,retention_bounded_plus_HU,0.01,44b130c3b861e53a2e0871984a8a3860901a45fffcbc6fe2163c231273f232be,79747372601d71dd53f00770e0ebab8b403047c4ee5747b705dafcc9a8b7acc8,90,-0.6159310310658663,0.1
1,2,unrounded_strict,wholly_unseen,laplace,beta_half_half,20.0,retention_bounded_plus_HU,0.1,44b130c3b861e53a2e0871984a8a3860901a45fffcbc6fe2163c231273f232be,aa3b08857686b8dcc2c5f47de7a2d6b75e82aa574e1011c5e876c0e5d3d8463d,90,-0.613751620866996,0.1
1,0,unrounded_strict,wholly_unseen,gh80,beta_half_half,20.0,HU_plus_surface,0.0,3621dc2abef477b0c382bff9ca4f0e425eef9e24668b0f7e0a7276ea3ebab3ba,9e591c86e84191ada9b3100db472fd3eccf045acf471e665ba4649bd0e56c55f,88,-0.6328026615207204,0.01
1,0,unrounded_strict,wholly_unseen,gh80,beta_half_half,20.0,HU_plus_surface,0.0001,3621dc2abef477b0c382bff9ca4f0e425eef9e24668b0f7e0a7276ea3ebab3ba,5854796a3b96d64b8bc562e8cdb6f1be73af539d8e589b655cfb7cc686abbd7e,88,-0.6301530475171767,0.01
1,0,unrounded_strict,wholly_unseen,gh80,beta_half_half,20.0,HU_plus_surface,0.001,3621dc2abef477b0c382bff9ca4f0e425eef9e24668b0f7e0a7276ea3ebab3ba,c8e85098ba1ee6ee1238daa523d3ac69f36ff4fec68ee8364ce2ea9b48fdfa9d,88,-0.6150077941501012,0.01
1,0,unrounded_strict,wholly_unseen,gh80,beta_half_half,20.0,HU_plus_surface,0.01,3621dc2abef477b0c382bff9ca4f0e425eef9e24668b0f7e0a7276ea3ebab3ba,e1723a147dcfd93e0f3a369938eea02198769fa0da7aba925d278aa68f7473ce,88,-0.5860218743267969,0.01
1,0,unrounded_strict,wholly_unseen,gh80,beta_half_half,20.0,HU_plus_surface,0.1,3621dc2abef477b0c382bff9ca4f0e425eef9e24668b0f7e0a7276ea3ebab3ba,fdaafce5a24e0700d71a2ef13a54e8baf4869fa7daf16298984c7d178f9991e3,88,-0.642985294769073,0.01
1,1,unrounded_strict,wholly_unseen,gh80,beta_half_half,20.0,HU_plus_surface,0.0,83e7d988bb1f3d1b55c2ee260f4982106f1cca34f9196a19a0d4434f968f2336,138e2e744e5f94e8f9903de189a9ccca24314f3b24339d4c02ae09019d9ed5f1,91,-0.6328026615207204,0.01
1,1,unrounded_strict,wholly_unseen,gh80,beta_half_half,20.0,HU_plus_surface,0.0001,83e7d988bb1f3d1b55c2ee260f4982106f1cca34f9196a19a0d4434f968f2336,eaae395d3fbfb863a22be41fbc522290ad2daf817139c62424d3ca07336b2a13,91,-0.6301530475171767,0.01
1,1,unrounded_strict,wholly_unseen,gh80,beta_half_half,20.0,HU_plus_surface,0.001,83e7d988bb1f3d1b55c2ee260f4982106f1cca34f9196a19a0d4434f968f2336,c340a78b4eedb8033deb5b3c97177f89acd19a93d54985cf7950717168889dec,91,-0.6150077941501012,0.01
1,1,unrounded_strict,wholly_unseen,gh80,beta_half_half,20.0,HU_plus_surface,0.01,83e7d988bb1f3d1b55c2ee260f4982106f1cca34f9196a19a0d4434f968f2336,8a1ef62d85a942bfc685487b4f3df5e4fa2f68e73e3d2e0ec7182f6dfe2baf00,91,-0.5860218743267969,0.01
1,1,unrounded_strict,wholly_unseen,gh80,beta_half_half,20.0,HU_plus_surface,0.1,83e7d988bb1f3d1b55c2ee260f4982106f1cca34f9196a19a0d4434f968f2336,aea5cba3518f7b5d2f48d02b0dcb1671e12673b6b878fad84aed8134b92dfa32,91,-0.642985294769073,0.01
1,2,unrounded_strict,wholly_unseen,gh80,beta_half_half,20.0,HU_plus_surface,0.0,44b130c3b861e53a2e0871984a8a3860901a45fffcbc6fe2163c231273f232be,972b855dbc908d8056785b940fe7b888ca754a144bb34314f4f597e6f868da1e,90,-0.6328026615207204,0.01
1,2,unrounded_strict,wholly_unseen,gh80,beta_half_half,20.0,HU_plus_surface,0.0001,44b130c3b861e53a2e0871984a8a3860901a45fffcbc6fe2163c231273f232be,f8fe4be3a6f7b4e611992b235a80e1e4ba939b35fc206e11ab62e8081d2f50c8,90,-0.6301530475171767,0.01
1,2,unrounded_strict,wholly_unseen,gh80,beta_half_half,20.0,HU_plus_surface,0.001,44b130c3b861e53a2e0871984a8a3860901a45fffcbc6fe2163c231273f232be,d2db2b6b3463646aa0e18c8cd8c0dfc0e5c224fceee33a92d39d33b983e1a0e1,90,-0.6150077941501012,0.01
1,2,unrounded_strict,wholly_unseen,gh80,beta_half_half,20.0,HU_plus_surface,0.01,44b130c3b861e53a2e0871984a8a3860901a45fffcbc6fe2163c231273f232be,bd9cdd533f07cff0c06bed31cbfefe47ea7bb5e15cdb843121553af9263eccc1,90,-0.5860218743267969,0.01
1,2,unrounded_strict,wholly_unseen,gh80,beta_half_half,20.0,HU_plus_surface,0.1,44b130c3b861e53a2e0871984a8a3860901a45fffcbc6fe2163c231273f232be,c3fc5813346629f85c71a2d84e3fdbd32a68fddac4e5d82b9e387753583fd2d4,90,-0.642985294769073,0.01
1,0,unrounded_strict,wholly_unseen,gh80,beta_half_half,20.0,retention_bounded_plus_HU,0.0,3621dc2abef477b0c382bff9ca4f0e425eef9e24668b0f7e0a7276ea3ebab3ba,4b79c94ce560df6131d533a5cda1c1c7f1f912385187d2bed81ad789a86663dc,88,-0.6524832497191222,0.1
1,0,unrounded_strict,wholly_unseen,gh80,beta_half_half,20.0,retention_bounded_plus_HU,0.0001,3621dc2abef477b0c382bff9ca4f0e425eef9e24668b0f7e0a7276ea3ebab3ba,eccba671b591d4a94e6334a4ed50e60f1a4311147b6e4a7cb89d0dedf0091023,88,-0.6523303069707296,0.1
1,0,unrounded_strict,wholly_unseen,gh80,beta_half_half,20.0,retention_bounded_plus_HU,0.001,3621dc2abef477b0c382bff9ca4f0e425eef9e24668b0f7e0a7276ea3ebab3ba,4e0e099ad2ac7a31d627e961eb632b58cc9573b73a0c9712a7232ac610834e10,88,-0.6506641842075443,0.1
1,0,unrounded_strict,wholly_unseen,gh80,beta_half_half,20.0,retention_bounded_plus_HU,0.01,3621dc2abef477b0c382bff9ca4f0e425eef9e24668b0f7e0a7276ea3ebab3ba,2faa9ce51337bad50566210e1e3ab82ab38cb2be73617fdec118e6467453d475,88,-0.6175731793093538,0.1
1,0,unrounded_strict,wholly_unseen,gh80,beta_half_half,20.0,retention_bounded_plus_HU,0.1,3621dc2abef477b0c382bff9ca4f0e425eef9e24668b0f7e0a7276ea3ebab3ba,aa102947cfb984872c4d9ac98220d78c7765085111dd8a2d70bfefe5c7112a08,88,-0.6152829361247986,0.1
1,1,unrounded_strict,wholly_unseen,gh80,beta_half_half,20.0,retention_bounded_plus_HU,0.0,83e7d988bb1f3d1b55c2ee260f4982106f1cca34f9196a19a0d4434f968f2336,cb6d7742acd8704c07e454d938d43c387e488f7f3248fd3d5f94a23428856d0c,91,-0.6524832497191222,0.1
1,1,unrounded_strict,wholly_unseen,gh80,beta_half_half,20.0,retention_bounded_plus_HU,0.0001,83e7d988bb1f3d1b55c2ee260f4982106f1cca34f9196a19a0d4434f968f2336,c35ca5e9223883d7a659c26a8c8a0154e2a6734112e65e6caf4fb822412a3651,91,-0.6523303069707296,0.1
1,1,unrounded_strict,wholly_unseen,gh80,beta_half_half,20.0,retention_bounded_plus_HU,0.001,83e7d988bb1f3d1b55c2ee260f4982106f1cca34f9196a19a0d4434f968f2336,9ce1d84f020b70c9b82fa8140b6751b569d60142dd54944bb6e20c3b7ca8b299,91,-0.6506641842075443,0.1
1,1,unrounded_strict,wholly_unseen,gh80,beta_half_half,20.0,retention_bounded_plus_HU,0.01,83e7d988bb1f3d1b55c2ee260f4982106f1cca34f9196a19a0d4434f968f2336,d068d8d127a8a4f4d8516a331affc0c0d9b62c6d4c6071d9884556e85692a545,91,-0.6175731793093538,0.1
1,1,unrounded_strict,wholly_unseen,gh80,beta_half_half,20.0,retention_bounded_plus_HU,0.1,83e7d988bb1f3d1b55c2ee260f4982106f1cca34f9196a19a0d4434f968f2336,7244b01689921fe5dd44668cb67318070bed4126c5a86f48c37ddbbb0f6ca46e,91,-0.6152829361247986,0.1
1,2,unrounded_strict,wholly_unseen,gh80,beta_half_half,20.0,retention_bounded_plus_HU,0.0,44b130c3b861e53a2e0871984a8a3860901a45fffcbc6fe2163c231273f232be,7fd536c1fa0c0f817a0cfdfba671592b3ea8509a3e444445f2e60c838db04305,90,-0.6524832497191222,0.1
1,2,unrounded_strict,wholly_unseen,gh80,beta_half_half,20.0,retention_bounded_plus_HU,0.0001,44b130c3b861e53a2e0871984a8a3860901a45fffcbc6fe2163c231273f232be,d7bfb78d3bd2d94922556a115d7673d913239728b6646b0d5a7b62b414256216,90,-0.6523303069707296,0.1
1,2,unrounded_strict,wholly_unseen,gh80,beta_half_half,20.0,retention_bounded_plus_HU,0.001,44b130c3b861e53a2e0871984a8a3860901a45fffcbc6fe2163c231273f232be,ea4b47b5947694aeda80d3717f67ce14e8fa41a76f10172a98306af4000e7d89,90,-0.6506641842075443,0.1
1,2,unrounded_strict,wholly_unseen,gh80,beta_half_half,20.0,retention_bounded_plus_HU,0.01,44b130c3b861e53a2e0871984a8a3860901a45fffcbc6fe2163c231273f232be,18b2e13a9aeee21da37cf7de7a5ecabaf626d5d868edce4f0945c5018d3560dc,90,-0.6175731793093538,0.1
1,2,unrounded_strict,wholly_unseen,gh80,beta_half_half,20.0,retention_bounded_plus_HU,0.1,44b130c3b861e53a2e0871984a8a3860901a45fffcbc6fe2163c231273f232be,2170beff9b2cc3e61a385c5494f3be3bbd34b8a6d8e39656ebdb601f6908d31e,90,-0.6152829361247986,0.1
2,0,all_strict,side_informed,laplace,beta_half_half,20.0,retention_bounded,0.0,6af75daa525968e68fb8d352969dddfe3b92e90b6a86578e4f8560ce19d4e895,8bd8d7cabf13954e65cdafcd0d13d08918d05dda3f489a59d463cd0595d44fa9,137,-0.35538590480923526,0.01
2,0,all_strict,side_informed,laplace,beta_half_half,20.0,retention_bounded,0.0001,6af75daa525968e68fb8d352969dddfe3b92e90b6a86578e4f8560ce19d4e895,fa4b63ec4ea225bb24100f36609b864ffef413baa202438688bad375cb8de826,137,-0.3540025994230762,0.01
2,0,all_strict,side_informed,laplace,beta_half_half,20.0,retention_bounded,0.001,6af75daa525968e68fb8d352969dddfe3b92e90b6a86578e4f8560ce19d4e895,42e088bec14e02eecac851c8e326a062d296fd3ab13b1c1552f23fdeeef0c564,137,-0.34465801693923537,0.01
2,0,all_strict,side_informed,laplace,beta_half_half,20.0,retention_bounded,0.01,6af75daa525968e68fb8d352969dddfe3b92e90b6a86578e4f8560ce19d4e895,4b9d43ac1b492635a75f2ab38dd36df421022ec7f15a8e5b40dfd637ba0f8433,137,-0.31799163428790184,0.01
2,0,all_strict,side_informed,laplace,beta_half_half,20.0,retention_bounded,0.1,6af75daa525968e68fb8d352969dddfe3b92e90b6a86578e4f8560ce19d4e895,1390300481ea91776a33ec50092b0ea3847637029043a669897e440e92ddd106,137,-0.34838455032790133,0.01
2,1,all_strict,side_informed,laplace,beta_half_half,20.0,retention_bounded,0.0,720abc63837a1c45a58674d554acfed0556ae646781babf1ab0907514d9f87bd,055407eaca86c8ba0b322b5b9f6ae622e1dbcd77ce08bc7d82d0b4e32ef140f9,136,-0.35538590480923526,0.01
2,1,all_strict,side_informed,laplace,beta_half_half,20.0,retention_bounded,0.0001,720abc63837a1c45a58674d554acfed0556ae646781babf1ab0907514d9f87bd,f57bb434caf1e547adc95ff2d7e0adb595d3c9a98378b6ae0b1f4b4651ac4bad,136,-0.3540025994230762,0.01
2,1,all_strict,side_informed,laplace,beta_half_half,20.0,retention_bounded,0.001,720abc63837a1c45a58674d554acfed0556ae646781babf1ab0907514d9f87bd,4d2d1fb35d872509834a350d5c83c17e9b7d018bcfe6da26c49e36b85cf32e15,136,-0.34465801693923537,0.01
2,1,all_strict,side_informed,laplace,beta_half_half,20.0,retention_bounded,0.01,720abc63837a1c45a58674d554acfed0556ae646781babf1ab0907514d9f87bd,f4389797dc74e37b155ac7f0b20191a234b29f7351ce9de0665005fd025e4abc,136,-0.31799163428790184,0.01
2,1,all_strict,side_informed,laplace,beta_half_half,20.0,retention_bounded,0.1,720abc63837a1c45a58674d554acfed0556ae646781babf1ab0907514d9f87bd,c0cdd666ea4a8aa463761d93b6eb2743fa691b167fc84e7560f6125068ec2d29,136,-0.34838455032790133,0.01
2,2,all_strict,side_informed,laplace,beta_half_half,20.0,retention_bounded,0.0,46b216ba26aa11acaa5d3f570ff995f2e06b4023e6af3be0a5801b3a981e0482,98d38153375783fe67289f41e0bd358c7eaac4c11a83e056bb8b4a2c55204503,139,-0.35538590480923526,0.01
2,2,all_strict,side_informed,laplace,beta_half_half,20.0,retention_bounded,0.0001,46b216ba26aa11acaa5d3f570ff995f2e06b4023e6af3be0a5801b3a981e0482,fb76d03cb41dcdb4d5b11eefa30b4af1e3a88e93694ab574ecdecf1f69b2c200,139,-0.3540025994230762,0.01
2,2,all_strict,side_informed,laplace,beta_half_half,20.0,retention_bounded,0.001,46b216ba26aa11acaa5d3f570ff995f2e06b4023e6af3be0a5801b3a981e0482,4c8c436ffde8341db984525b5fe0bb5b3a8587c979eda46b181b34212ccb676b,139,-0.34465801693923537,0.01
2,2,all_strict,side_informed,laplace,beta_half_half,20.0,retention_bounded,0.01,46b216ba26aa11acaa5d3f570ff995f2e06b4023e6af3be0a5801b3a981e0482,5857e9c5ef879c503226fc8b472f745c11ba93a3bd8000d4f2aff99fecd577eb,139,-0.31799163428790184,0.01
2,2,all_strict,side_informed,laplace,beta_half_half,20.0,retention_bounded,0.1,46b216ba26aa11acaa5d3f570ff995f2e06b4023e6af3be0a5801b3a981e0482,9c41c1bad6fde9c3f25d341063c0b0a3ec44f882dd8840192e3c4cfff9edba29,139,-0.34838455032790133,0.01
2,0,all_strict,side_informed,laplace,beta_half_half,20.0,retention_nonnegative,0.0,6af75daa525968e68fb8d352969dddfe3b92e90b6a86578e4f8560ce19d4e895,a562ef1d45f2c44673f2e842ba116161f75b848e0c0623aab3036c7ca2fd5312,137,-0.35538590662591274,0.01
2,0,all_strict,side_informed,laplace,beta_half_half,20.0,retention_nonnegative,0.0001,6af75daa525968e68fb8d352969dddfe3b92e90b6a86578e4f8560ce19d4e895,d6cc74504e468b310563a350114da0e797989990d858f48d8e1e77624f1572e1,137,-0.35422557285834805,0.01
2,0,all_strict,side_informed,laplace,beta_half_half,20.0,retention_nonnegative,0.001,6af75daa525968e68fb8d352969dddfe3b92e90b6a86578e4f8560ce19d4e895,5e334dcd87aa4df316581b533db50800a402036b508a28aa763b6afe33cdc513,137,-0.34743820193005404,0.01
2,0,all_strict,side_informed,laplace,beta_half_half,20.0,retention_nonnegative,0.01,6af75daa525968e68fb8d352969dddfe3b92e90b6a86578e4f8560ce19d4e895,4b4872e647c829bb56f1996cf11ce3353dce17d2c8b98c926eecad19019081eb,137,-0.3403208227847339,0.01
2,0,all_strict,side_informed,laplace,beta_half_half,20.0,retention_nonnegative,0.1,6af75daa525968e68fb8d352969dddfe3b92e90b6a86578e4f8560ce19d4e895,529abfb59cc9edbec2d7b177864159a2b4893131ad37f1d230025a37bce24017,137,-0.4056625183362878,0.01
2,1,all_strict,side_informed,laplace,beta_half_half,20.0,retention_nonnegative,0.0,720abc63837a1c45a58674d554acfed0556ae646781babf1ab0907514d9f87bd,52f500c52759f416f80ff077ed6c1c6998b92ee837437cd54bd9d26706795543,136,-0.35538590662591274,0.01
2,1,all_strict,side_informed,laplace,beta_half_half,20.0,retention_nonnegative,0.0001,720abc63837a1c45a58674d554acfed0556ae646781babf1ab0907514d9f87bd,21a08fce354a811fd2e3511114e0f88d5d08c4947ed36c7c33c5f438a8f738b7,136,-0.35422557285834805,0.01
2,1,all_strict,side_informed,laplace,beta_half_half,20.0,retention_nonnegative,0.001,720abc63837a1c45a58674d554acfed0556ae646781babf1ab0907514d9f87bd,398d66da173f0f5436044e7992e07dc75036ac08d916571045df9f432297d4d2,136,-0.34743820193005404,0.01
2,1,all_strict,side_informed,laplace,beta_half_half,20.0,retention_nonnegative,0.01,720abc63837a1c45a58674d554acfed0556ae646781babf1ab0907514d9f87bd,26cdc94cf32165e5d472f9667ae77453156ef352a8149d153895e70c75069b99,136,-0.3403208227847339,0.01
2,1,all_strict,side_informed,laplace,beta_half_half,20.0,retention_nonnegative,0.1,720abc63837a1c45a58674d554acfed0556ae646781babf1ab0907514d9f87bd,5ecad3e0c645207507a3d55ed0713e61efbeb5946f064dc2cc1ca3ae05ba6fa3,136,-0.4056625183362878,0.01
2,2,all_strict,side_informed,laplace,beta_half_half,20.0,retention_nonnegative,0.0,46b216ba26aa11acaa5d3f570ff995f2e06b4023e6af3be0a5801b3a981e0482,dc4c7ee1229d87036e002b75f4555f75349915752fedd07eda8b0cd65a300281,139,-0.35538590662591274,0.01
2,2,all_strict,side_informed,laplace,beta_half_half,20.0,retention_nonnegative,0.0001,46b216ba26aa11acaa5d3f570ff995f2e06b4023e6af3be0a5801b3a981e0482,cea0bfe97d11984d9746f2d57b16738d14936b015ed648e679550ae82d851dab,139,-0.35422557285834805,0.01
2,2,all_strict,side_informed,laplace,beta_half_half,20.0,retention_nonnegative,0.001,46b216ba26aa11acaa5d3f570ff995f2e06b4023e6af3be0a5801b3a981e0482,33b94e491d2336927ecc60d7a3b639188e77d42a56270ebb764a6113acc3e450,139,-0.34743820193005404,0.01
2,2,all_strict,side_informed,laplace,beta_half_half,20.0,retention_nonnegative,0.01,46b216ba26aa11acaa5d3f570ff995f2e06b4023e6af3be0a5801b3a981e0482,9a7f699dbf19034f9ae8b3d0585e633299b7a37b7ff35eff5d85405f32bf8d1d,139,-0.3403208227847339,0.01
2,2,all_strict,side_informed,laplace,beta_half_half,20.0,retention_nonnegative,0.1,46b216ba26aa11acaa5d3f570ff995f2e06b4023e6af3be0a5801b3a981e0482,6e9bb185dc762fbfe4d59f7c8732efc90845fa71f8573a620fa4b5beec53662c,139,-0.4056625183362878,0.01
2,0,all_strict,side_informed,laplace,beta_half_half,20.0,current_only,0.0,6af75daa525968e68fb8d352969dddfe3b92e90b6a86578e4f8560ce19d4e895,d5990e324a016f824d7c270ca594b28201a598b64e1e8335f14476a8a17c6782,137,-0.5589410200355298,0.01
2,0,all_strict,side_informed,laplace,beta_half_half,20.0,current_only,0.0001,6af75daa525968e68fb8d352969dddfe3b92e90b6a86578e4f8560ce19d4e895,aa0521763471ad51f9dce86456569ba377a0765b3e9a8ce4d8da1296201c6f8d,137,-0.5587963409968189,0.01
2,0,all_strict,side_informed,laplace,beta_half_half,20.0,current_only,0.001,6af75daa525968e68fb8d352969dddfe3b92e90b6a86578e4f8560ce19d4e895,ec1c0c79cf108b85a89ecb106ca0f7057f9458da70487125e5b204161776b93b,137,-0.5575525056580833,0.01
2,0,all_strict,side_informed,laplace,beta_half_half,20.0,current_only,0.01,6af75daa525968e68fb8d352969dddfe3b92e90b6a86578e4f8560ce19d4e895,bb6753b06dc3e3c4ee8305e6ce408bfeb6680500d0933b70dc5fc2b2549436af,137,-0.5493092807974327,0.01
2,0,all_strict,side_informed,laplace,beta_half_half,20.0,current_only,0.1,6af75daa525968e68fb8d352969dddfe3b92e90b6a86578e4f8560ce19d4e895,95d7216ab7fb09e858ec015818ec1c42e83a12f86f7d6b8e9a42cb9c122290ae,137,-0.5605527012635819,0.01
2,1,all_strict,side_informed,laplace,beta_half_half,20.0,current_only,0.0,720abc63837a1c45a58674d554acfed0556ae646781babf1ab0907514d9f87bd,80f53a1b4f838849a80e5fdfd43423e7876b4876a33e6b98f096843b8e16f192,136,-0.5589410200355298,0.01
2,1,all_strict,side_informed,laplace,beta_half_half,20.0,current_only,0.0001,720abc63837a1c45a58674d554acfed0556ae646781babf1ab0907514d9f87bd,44131debe721c7c12fb1b3f42aea97cf8a9802d67a14ac5daf6bd976485de3d0,136,-0.5587963409968189,0.01
2,1,all_strict,side_informed,laplace,beta_half_half,20.0,current_only,0.001,720abc63837a1c45a58674d554acfed0556ae646781babf1ab0907514d9f87bd,e6346d19365bc0ba0b61411643c2254e665cedc023fdf07e4031c447b99edb63,136,-0.5575525056580833,0.01
2,1,all_strict,side_informed,laplace,beta_half_half,20.0,current_only,0.01,720abc63837a1c45a58674d554acfed0556ae646781babf1ab0907514d9f87bd,8f10a66b9545069075856857c8e0b97b559535d7fc9f1c000ea786c8e74af21f,136,-0.5493092807974327,0.01
2,1,all_strict,side_informed,laplace,beta_half_half,20.0,current_only,0.1,720abc63837a1c45a58674d554acfed0556ae646781babf1ab0907514d9f87bd,0d997d812226436c117dc71ad8b62382e762b8d9f2cea1c84fb99d73229d5a01,136,-0.5605527012635819,0.01
2,2,all_strict,side_informed,laplace,beta_half_half,20.0,current_only,0.0,46b216ba26aa11acaa5d3f570ff995f2e06b4023e6af3be0a5801b3a981e0482,97f069a821530605016652781b1734edba41a53c2c08a7533a6e56585e00c23a,139,-0.5589410200355298,0.01
2,2,all_strict,side_informed,laplace,beta_half_half,20.0,current_only,0.0001,46b216ba26aa11acaa5d3f570ff995f2e06b4023e6af3be0a5801b3a981e0482,241c2707ef9a914906143de69fcca4085a885ab90637a8ea2bbd2765a79912c3,139,-0.5587963409968189,0.01
2,2,all_strict,side_informed,laplace,beta_half_half,20.0,current_only,0.001,46b216ba26aa11acaa5d3f570ff995f2e06b4023e6af3be0a5801b3a981e0482,cb7c5a4f602c05fa39ea86c81da03a3f1c1206858440cb7760dee649fc96e50b,139,-0.5575525056580833,0.01
2,2,all_strict,side_informed,laplace,beta_half_half,20.0,current_only,0.01,46b216ba26aa11acaa5d3f570ff995f2e06b4023e6af3be0a5801b3a981e0482,cbcb7417bf201f71057f9cf7689985b01fc85580bf0b63a4548be85e685bc571,139,-0.5493092807974327,0.01
2,2,all_strict,side_informed,laplace,beta_half_half,20.0,current_only,0.1,46b216ba26aa11acaa5d3f570ff995f2e06b4023e6af3be0a5801b3a981e0482,edbcf820fa0a567b2946b5212c96c49f53f555925a1d3049b305cf5f53def984,139,-0.5605527012635819,0.01
2,0,all_strict,side_informed,laplace,beta_half_half,20.0,input_plus_surface,0.0,6af75daa525968e68fb8d352969dddfe3b92e90b6a86578e4f8560ce19d4e895,4dd03041279834eec9de86c4cb2e1a1d9de13fde8e50c6342adbf0a947854eae,137,-0.339238470535765,0.01
2,0,all_strict,side_informed,laplace,beta_half_half,20.0,input_plus_surface,0.0001,6af75daa525968e68fb8d352969dddfe3b92e90b6a86578e4f8560ce19d4e895,689213444e00c24cf3b42f95922099628a2462caf1f8f5bb91bc40d97b5388df,137,-0.33798820905354515,0.01
2,0,all_strict,side_informed,laplace,beta_half_half,20.0,input_plus_surface,0.001,6af75daa525968e68fb8d352969dddfe3b92e90b6a86578e4f8560ce19d4e895,246e164429f6eb17e7117d5584132fabd6bc00de659c0e26097e73e4ade9bcf8,137,-0.32948083125832756,0.01
2,0,all_strict,side_informed,laplace,beta_half_half,20.0,input_plus_surface,0.01,6af75daa525968e68fb8d352969dddfe3b92e90b6a86578e4f8560ce19d4e895,00edade3cb43f3a852411cf4034e001be18178df3f2fa0fe27080d79ba4442d2,137,-0.30794251968804737,0.01
2,0,all_strict,side_informed,laplace,beta_half_half,20.0,input_plus_surface,0.1,6af75daa525968e68fb8d352969dddfe3b92e90b6a86578e4f8560ce19d4e895,b4ba3d48cb2d42039f8bb276e482d839d2c5f0c635b92231c3d75d381d9a7c23,137,-0.35980141087063405,0.01
2,1,all_strict,side_informed,laplace,beta_half_half,20.0,input_plus_surface,0.0,720abc63837a1c45a58674d554acfed0556ae646781babf1ab0907514d9f87bd,2ad1b79484e07a97ac518300aee8868528e4408e4675fad9649a27eb21ce1a9a,136,-0.339238470535765,0.01
2,1,all_strict,side_informed,laplace,beta_half_half,20.0,input_plus_surface,0.0001,720abc63837a1c45a58674d554acfed0556ae646781babf1ab0907514d9f87bd,de673193db4335fb61a66ec6dfe4eba790ee3c3a052d04f73ff497e4439c75e4,136,-0.33798820905354515,0.01
2,1,all_strict,side_informed,laplace,beta_half_half,20.0,input_plus_surface,0.001,720abc63837a1c45a58674d554acfed0556ae646781babf1ab0907514d9f87bd,858bdebe450386501f6f9e564e105c367c9a1024ca1bfb8e174cdd9c9092d856,136,-0.32948083125832756,0.01
2,1,all_strict,side_informed,laplace,beta_half_half,20.0,input_plus_surface,0.01,720abc63837a1c45a58674d554acfed0556ae646781babf1ab0907514d9f87bd,a452bd893ab41da836359b823048711b7ade5c41d37e9f838000b6795fdae6a3,136,-0.30794251968804737,0.01
2,1,all_strict,side_informed,laplace,beta_half_half,20.0,input_plus_surface,0.1,720abc63837a1c45a58674d554acfed0556ae646781babf1ab0907514d9f87bd,3d3559775af5e2ea9a38c8195f0e6ee9efb5b3b37df4fbd02605c710232d9780,136,-0.35980141087063405,0.01
2,2,all_strict,side_informed,laplace,beta_half_half,20.0,input_plus_surface,0.0,46b216ba26aa11acaa5d3f570ff995f2e06b4023e6af3be0a5801b3a981e0482,dbdb5e1ba4ee05f5073dc3e7d45f76825eca13db6e66d086f91b8bea94fd82ec,139,-0.339238470535765,0.01
2,2,all_strict,side_informed,laplace,beta_half_half,20.0,input_plus_surface,0.0001,46b216ba26aa11acaa5d3f570ff995f2e06b4023e6af3be0a5801b3a981e0482,55e1f53a3b0ca8c37e63d386c1a6c541ac955d5c131e96f718b11e68a368b10f,139,-0.33798820905354515,0.01
2,2,all_strict,side_informed,laplace,beta_half_half,20.0,input_plus_surface,0.001,46b216ba26aa11acaa5d3f570ff995f2e06b4023e6af3be0a5801b3a981e0482,c3395f70ac082a6a1bf7163bd2a0e8dedcec1a07240ae88a746b6e6849a69a9b,139,-0.32948083125832756,0.01
2,2,all_strict,side_informed,laplace,beta_half_half,20.0,input_plus_surface,0.01,46b216ba26aa11acaa5d3f570ff995f2e06b4023e6af3be0a5801b3a981e0482,bfaf56194f917b410c50346b5b2d058d2b5555ccee2a2e962a11c687d726423d,139,-0.30794251968804737,0.01
2,2,all_strict,side_informed,laplace,beta_half_half,20.0,input_plus_surface,0.1,46b216ba26aa11acaa5d3f570ff995f2e06b4023e6af3be0a5801b3a981e0482,7a04fa80b5f238b3fe5399e5e2239fad6ed132fa76271a4a4ba9ac2e3f270f9a,139,-0.35980141087063405,0.01
2,0,all_strict,side_informed,laplace,beta_half_half,20.0,HU_plus_surface,0.0,6af75daa525968e68fb8d352969dddfe3b92e90b6a86578e4f8560ce19d4e895,5486f4d35752c69db38ad0394456cee2d5e687bc01395bf33b22fd4838b49382,137,-0.3063893085716742,0.01
2,0,all_strict,side_informed,laplace,beta_half_half,20.0,HU_plus_surface,0.0001,6af75daa525968e68fb8d352969dddfe3b92e90b6a86578e4f8560ce19d4e895,8724c5af4c8fdb4e96a888c03c8de2a19153668de72aa0005f3b5591ab6b5e4e,137,-0.30515749280138516,0.01
2,0,all_strict,side_informed,laplace,beta_half_half,20.0,HU_plus_surface,0.001,6af75daa525968e68fb8d352969dddfe3b92e90b6a86578e4f8560ce19d4e895,c1ee297276c37e8fadd7a2bc21500e1c8875cdeba38598ce3ad124667842e15a,137,-0.2974713611902765,0.01
2,0,all_strict,side_informed,laplace,beta_half_half,20.0,HU_plus_surface,0.01,6af75daa525968e68fb8d352969dddfe3b92e90b6a86578e4f8560ce19d4e895,8f576d4eb8040e528018f88f12cca7bdb85137470c1c07567fdf750ebf799b65,137,-0.28360153455089726,0.01
2,0,all_strict,side_informed,laplace,beta_half_half,20.0,HU_plus_surface,0.1,6af75daa525968e68fb8d352969dddfe3b92e90b6a86578e4f8560ce19d4e895,449905891e57d6aab89c2ff0a17cf7e56799cef8053e2bf6fa1bbccd9dc76317,137,-0.3497224428297261,0.01
2,1,all_strict,side_informed,laplace,beta_half_half,20.0,HU_plus_surface,0.0,720abc63837a1c45a58674d554acfed0556ae646781babf1ab0907514d9f87bd,a01c4f4bf423d2ee62101b7488672d90cf7eb05d2d4b23ed9368b269212d5280,136,-0.3063893085716742,0.01
2,1,all_strict,side_informed,laplace,beta_half_half,20.0,HU_plus_surface,0.0001,720abc63837a1c45a58674d554acfed0556ae646781babf1ab0907514d9f87bd,4f7746182c1b296c435b7e3561d92430faef222a5cafb1e1f625e19d47a84ff9,136,-0.30515749280138516,0.01
2,1,all_strict,side_informed,laplace,beta_half_half,20.0,HU_plus_surface,0.001,720abc63837a1c45a58674d554acfed0556ae646781babf1ab0907514d9f87bd,46b15dc7b3174e5d72c6435280714e7499a26ec35a18f73a4393ec2d06ade4b1,136,-0.2974713611902765,0.01
2,1,all_strict,side_informed,laplace,beta_half_half,20.0,HU_plus_surface,0.01,720abc63837a1c45a58674d554acfed0556ae646781babf1ab0907514d9f87bd,d643278ccd1e19e1fcb284f21fccb7e421b457a0bf8718ad654cbb9dccd2b776,136,-0.28360153455089726,0.01
2,1,all_strict,side_informed,laplace,beta_half_half,20.0,HU_plus_surface,0.1,720abc63837a1c45a58674d554acfed0556ae646781babf1ab0907514d9f87bd,bef91c8b87e67f532b20f7575be14a0502933b4e02a697333f2e05a36aa3d4cf,136,-0.3497224428297261,0.01
2,2,all_strict,side_informed,laplace,beta_half_half,20.0,HU_plus_surface,0.0,46b216ba26aa11acaa5d3f570ff995f2e06b4023e6af3be0a5801b3a981e0482,f72fbd93740b36a46cee26295524df3f9e909d90c626b5e479d5a6e62d0c6ec3,139,-0.3063893085716742,0.01
2,2,all_strict,side_informed,laplace,beta_half_half,20.0,HU_plus_surface,0.0001,46b216ba26aa11acaa5d3f570ff995f2e06b4023e6af3be0a5801b3a981e0482,4b99206455a8e3d83229c09bc6176aa96f5475c48664de8880ba7161e6ee94b5,139,-0.30515749280138516,0.01
2,2,all_strict,side_informed,laplace,beta_half_half,20.0,HU_plus_surface,0.001,46b216ba26aa11acaa5d3f570ff995f2e06b4023e6af3be0a5801b3a981e0482,659dd22080194392054d3c732e397aab53f2a28335868336eb8493a942ecc0b3,139,-0.2974713611902765,0.01
2,2,all_strict,side_informed,laplace,beta_half_half,20.0,HU_plus_surface,0.01,46b216ba26aa11acaa5d3f570ff995f2e06b4023e6af3be0a5801b3a981e0482,afc2f266b88f86a64ae97067ef89d5b3981aa4b11f42644007ef297377fa088b,139,-0.28360153455089726,0.01
2,2,all_strict,side_informed,laplace,beta_half_half,20.0,HU_plus_surface,0.1,46b216ba26aa11acaa5d3f570ff995f2e06b4023e6af3be0a5801b3a981e0482,7664a9d9d5159bba8a66363bd6b7c58076fdd4e0794e0841a66464cf8efca2a5,139,-0.3497224428297261,0.01
2,0,all_strict,side_informed,laplace,beta_half_half,20.0,retention_bounded_plus_HU,0.0,6af75daa525968e68fb8d352969dddfe3b92e90b6a86578e4f8560ce19d4e895,1191537f30e6d0d34ec82ddc9e686e9dcfa0cd5cd90657baf12d88595fdf78a4,137,-0.3096324271631297,0.01
2,0,all_strict,side_informed,laplace,beta_half_half,20.0,retention_bounded_plus_HU,0.0001,6af75daa525968e68fb8d352969dddfe3b92e90b6a86578e4f8560ce19d4e895,282bcd1ac8e21e8c2f3c84303b92f5540701929a93584c28e4859d1ad7c0bef3,137,-0.3084292937231895,0.01
2,0,all_strict,side_informed,laplace,beta_half_half,20.0,retention_bounded_plus_HU,0.001,6af75daa525968e68fb8d352969dddfe3b92e90b6a86578e4f8560ce19d4e895,42a32ac28d678e538d631e20675d807d5e6dc43ec125b2eac44b0f9b0f557a59,137,-0.3069099411984062,0.01
2,0,all_strict,side_informed,laplace,beta_half_half,20.0,retention_bounded_plus_HU,0.01,6af75daa525968e68fb8d352969dddfe3b92e90b6a86578e4f8560ce19d4e895,6ed105a6f3f3d21f2f80e1692241dbfc3ef0ba0f7afc4f0f6fc5e92702072fd4,137,-0.2980828758704273,0.01
2,0,all_strict,side_informed,laplace,beta_half_half,20.0,retention_bounded_plus_HU,0.1,6af75daa525968e68fb8d352969dddfe3b92e90b6a86578e4f8560ce19d4e895,f2b059c8ad80482e15b5623d46cccca5262547b25065c4882b7cacc2e937b9da,137,-0.3186870867388058,0.01
2,1,all_strict,side_informed,laplace,beta_half_half,20.0,retention_bounded_plus_HU,0.0,720abc63837a1c45a58674d554acfed0556ae646781babf1ab0907514d9f87bd,199e6d83d6f68379b8fc5683b99eadcffed274c1d535595c94a05814722546ee,136,-0.3096324271631297,0.01
2,1,all_strict,side_informed,laplace,beta_half_half,20.0,retention_bounded_plus_HU,0.0001,720abc63837a1c45a58674d554acfed0556ae646781babf1ab0907514d9f87bd,686176cb186ac0b47b14a0e05f42e472169119cd9617e2997cbf6c5e7031131a,136,-0.3084292937231895,0.01
2,1,all_strict,side_informed,laplace,beta_half_half,20.0,retention_bounded_plus_HU,0.001,720abc63837a1c45a58674d554acfed0556ae646781babf1ab0907514d9f87bd,be08220a24e220218b53d1e4d2dd96fecda44cef34906e7f38932519f04d60c0,136,-0.3069099411984062,0.01
2,1,all_strict,side_informed,laplace,beta_half_half,20.0,retention_bounded_plus_HU,0.01,720abc63837a1c45a58674d554acfed0556ae646781babf1ab0907514d9f87bd,8428e1b9c17db8acf32dba87167eca8ae05be1a26909d177bdd626eaf5f9130d,136,-0.2980828758704273,0.01
2,1,all_strict,side_informed,laplace,beta_half_half,20.0,retention_bounded_plus_HU,0.1,720abc63837a1c45a58674d554acfed0556ae646781babf1ab0907514d9f87bd,1f533c956fc6fc158206138c0785a1297e6390d09320122143e0d0c11f6eda07,136,-0.3186870867388058,0.01
2,2,all_strict,side_informed,laplace,beta_half_half,20.0,retention_bounded_plus_HU,0.0,46b216ba26aa11acaa5d3f570ff995f2e06b4023e6af3be0a5801b3a981e0482,b3dabebde7f0c7e061ace3355dc2da44b7eb0b8838b6519b2b20a18acdf83624,139,-0.3096324271631297,0.01
2,2,all_strict,side_informed,laplace,beta_half_half,20.0,retention_bounded_plus_HU,0.0001,46b216ba26aa11acaa5d3f570ff995f2e06b4023e6af3be0a5801b3a981e0482,258adfdc5e20fbeb2513af3f5c0e7ac0105c1bf6fbbf77a6c5401b1f420d634e,139,-0.3084292937231895,0.01
2,2,all_strict,side_informed,laplace,beta_half_half,20.0,retention_bounded_plus_HU,0.001,46b216ba26aa11acaa5d3f570ff995f2e06b4023e6af3be0a5801b3a981e0482,582714131c0bbbb4e63c92f3abaeb5ebbb3ecd044520e2bf590f2bf297534477,139,-0.3069099411984062,0.01
2,2,all_strict,side_informed,laplace,beta_half_half,20.0,retention_bounded_plus_HU,0.01,46b216ba26aa11acaa5d3f570ff995f2e06b4023e6af3be0a5801b3a981e0482,7344b4ea008028d4747fa1fe1130743368bb98281e05c955bddef2aeee87e4a1,139,-0.2980828758704273,0.01
2,2,all_strict,side_informed,laplace,beta_half_half,20.0,retention_bounded_plus_HU,0.1,46b216ba26aa11acaa5d3f570ff995f2e06b4023e6af3be0a5801b3a981e0482,cf15b256419a305ac4185302560cc48a885d73230abda9e0c95fff70c0c580a2,139,-0.3186870867388058,0.01
2,0,all_strict,side_informed,gh80,beta_half_half,20.0,HU_plus_surface,0.0,6af75daa525968e68fb8d352969dddfe3b92e90b6a86578e4f8560ce19d4e895,5ae6c4690941f0ac3a3b1c69d281eeb8ebb16120c5d3edb7b815b2534fc08c36,137,-0.3079566115038738,0.01
2,0,all_strict,side_informed,gh80,beta_half_half,20.0,HU_plus_surface,0.0001,6af75daa525968e68fb8d352969dddfe3b92e90b6a86578e4f8560ce19d4e895,58496766baeb3ade203f3d62dd81f3f57c0a26dd1c3b86250249c7365ec1968f,137,-0.3068439401832174,0.01
2,0,all_strict,side_informed,gh80,beta_half_half,20.0,HU_plus_surface,0.001,6af75daa525968e68fb8d352969dddfe3b92e90b6a86578e4f8560ce19d4e895,2de5345f216078c5b485c84e46abe9833f28632e5a02967329f5a80bcb70aafa,137,-0.29970403649009164,0.01
2,0,all_strict,side_informed,gh80,beta_half_half,20.0,HU_plus_surface,0.01,6af75daa525968e68fb8d352969dddfe3b92e90b6a86578e4f8560ce19d4e895,0e2e481618427f23f756d117f4a7d009e499ff9b8ae6063379c7e89ff82bc5d3,137,-0.28656422957867056,0.01
2,0,all_strict,side_informed,gh80,beta_half_half,20.0,HU_plus_surface,0.1,6af75daa525968e68fb8d352969dddfe3b92e90b6a86578e4f8560ce19d4e895,7c758df7167956d2fbfedf6a4bd8ef7d8000a1eccca9fe026149d429636db2b2,137,-0.35268918890874185,0.01
2,1,all_strict,side_informed,gh80,beta_half_half,20.0,HU_plus_surface,0.0,720abc63837a1c45a58674d554acfed0556ae646781babf1ab0907514d9f87bd,3bb09025d48a9f2ee90a7c3cf77c93b7deb6cd4b880a81241758f971b6eaaab3,136,-0.3079566115038738,0.01
2,1,all_strict,side_informed,gh80,beta_half_half,20.0,HU_plus_surface,0.0001,720abc63837a1c45a58674d554acfed0556ae646781babf1ab0907514d9f87bd,7a6f71d1fb74810d2b4a2f96a816d7247b8cd42f4a9921132dbdc012c6343a11,136,-0.3068439401832174,0.01
2,1,all_strict,side_informed,gh80,beta_half_half,20.0,HU_plus_surface,0.001,720abc63837a1c45a58674d554acfed0556ae646781babf1ab0907514d9f87bd,b684ee6d0bc525a43803124780d3768cba039c1fbb5519877991a3d90185838b,136,-0.29970403649009164,0.01
2,1,all_strict,side_informed,gh80,beta_half_half,20.0,HU_plus_surface,0.01,720abc63837a1c45a58674d554acfed0556ae646781babf1ab0907514d9f87bd,e9f3163095a174ea50bb669c3f5fdd54b321e7a96790aeccc9263eef254b97b2,136,-0.28656422957867056,0.01
2,1,all_strict,side_informed,gh80,beta_half_half,20.0,HU_plus_surface,0.1,720abc63837a1c45a58674d554acfed0556ae646781babf1ab0907514d9f87bd,5c6a4c30852b52fe8e3bc8b33347679ebe38db60b0eb9e1b902b2df3f544bddd,136,-0.35268918890874185,0.01
2,2,all_strict,side_informed,gh80,beta_half_half,20.0,HU_plus_surface,0.0,46b216ba26aa11acaa5d3f570ff995f2e06b4023e6af3be0a5801b3a981e0482,5c93bcbee4d1679140346be04dbd2ab86655a57ddf7b063f73846e55421261e3,139,-0.3079566115038738,0.01
2,2,all_strict,side_informed,gh80,beta_half_half,20.0,HU_plus_surface,0.0001,46b216ba26aa11acaa5d3f570ff995f2e06b4023e6af3be0a5801b3a981e0482,7bba43278c30ca34b33ebcc4987e3ab3058c97fc12e2ef1bdb329e45fc1b741c,139,-0.3068439401832174,0.01
2,2,all_strict,side_informed,gh80,beta_half_half,20.0,HU_plus_surface,0.001,46b216ba26aa11acaa5d3f570ff995f2e06b4023e6af3be0a5801b3a981e0482,e3cd2e21659cf5d3e5666f80b2b78332ee1eac62d5308f3849ef9f8a7dc9ea0a,139,-0.29970403649009164,0.01
2,2,all_strict,side_informed,gh80,beta_half_half,20.0,HU_plus_surface,0.01,46b216ba26aa11acaa5d3f570ff995f2e06b4023e6af3be0a5801b3a981e0482,2369a2f80df1242c46b70e0e64151a1c5ad9d7a1f33cbcb12748ceba0427ec24,139,-0.28656422957867056,0.01
2,2,all_strict,side_informed,gh80,beta_half_half,20.0,HU_plus_surface,0.1,46b216ba26aa11acaa5d3f570ff995f2e06b4023e6af3be0a5801b3a981e0482,693dedbc08ef5a2f1066b5fdd0e22e2548e166a4570e91a85b277f653334c3e8,139,-0.35268918890874185,0.01
2,0,all_strict,side_informed,gh80,beta_half_half,20.0,retention_bounded_plus_HU,0.0,6af75daa525968e68fb8d352969dddfe3b92e90b6a86578e4f8560ce19d4e895,1851550c34b88eeec7f42fc58630d9f3b41dede5d68ce431a59dadf5aa07a5e5,137,-0.3200733025574702,0.01
2,0,all_strict,side_informed,gh80,beta_half_half,20.0,retention_bounded_plus_HU,0.0001,6af75daa525968e68fb8d352969dddfe3b92e90b6a86578e4f8560ce19d4e895,945d9cc0f078f43781f813df5c6b4316cd2595c8b26a4b139e192705ee8f720d,137,-0.31899797939258695,0.01
2,0,all_strict,side_informed,gh80,beta_half_half,20.0,retention_bounded_plus_HU,0.001,6af75daa525968e68fb8d352969dddfe3b92e90b6a86578e4f8560ce19d4e895,198ac84d9903124b958c552f1236a82a4adc7ba6e99149cff412cfdcf7ef8806,137,-0.3201364177850282,0.01
2,0,all_strict,side_informed,gh80,beta_half_half,20.0,retention_bounded_plus_HU,0.01,6af75daa525968e68fb8d352969dddfe3b92e90b6a86578e4f8560ce19d4e895,a0e6fcfff776b3669f28308caf84d58c512f2f1939e3b63026b4cc9e3312d1f4,137,-0.30842020963862543,0.01
2,0,all_strict,side_informed,gh80,beta_half_half,20.0,retention_bounded_plus_HU,0.1,6af75daa525968e68fb8d352969dddfe3b92e90b6a86578e4f8560ce19d4e895,82d9d7998a46476edfb5823500e8f5ab1bfe7f4c0f505f552acff0ee46bc5a0d,137,-0.32411296111969895,0.01
2,1,all_strict,side_informed,gh80,beta_half_half,20.0,retention_bounded_plus_HU,0.0,720abc63837a1c45a58674d554acfed0556ae646781babf1ab0907514d9f87bd,61c200ba4ecda0e4c24a95d6079e42b67ba92370f7902c03051b761d9a13dbce,136,-0.3200733025574702,0.01
2,1,all_strict,side_informed,gh80,beta_half_half,20.0,retention_bounded_plus_HU,0.0001,720abc63837a1c45a58674d554acfed0556ae646781babf1ab0907514d9f87bd,cf1576c8ec0a17377d06b26d784c96cbc56acd5f12e0c7d428054de044ae5392,136,-0.31899797939258695,0.01
2,1,all_strict,side_informed,gh80,beta_half_half,20.0,retention_bounded_plus_HU,0.001,720abc63837a1c45a58674d554acfed0556ae646781babf1ab0907514d9f87bd,f5a4fae48e3ff5957bb93e498fe97f1be52b28d7ae1537b5edef287042ed0958,136,-0.3201364177850282,0.01
2,1,all_strict,side_informed,gh80,beta_half_half,20.0,retention_bounded_plus_HU,0.01,720abc63837a1c45a58674d554acfed0556ae646781babf1ab0907514d9f87bd,2cddf5ad026a6a932a070260183e5cc6e6cf218c948a097a943d0882a5aa7fd9,136,-0.30842020963862543,0.01
2,1,all_strict,side_informed,gh80,beta_half_half,20.0,retention_bounded_plus_HU,0.1,720abc63837a1c45a58674d554acfed0556ae646781babf1ab0907514d9f87bd,9435ec2ae657a2e518d4f88544cf8c259000053c966bafdba066b2705b62d444,136,-0.32411296111969895,0.01
2,2,all_strict,side_informed,gh80,beta_half_half,20.0,retention_bounded_plus_HU,0.0,46b216ba26aa11acaa5d3f570ff995f2e06b4023e6af3be0a5801b3a981e0482,ca75f8f0d467f75b1887da17cf0c6c28be2094a52d689eb0b5234a13d7f101fa,139,-0.3200733025574702,0.01
2,2,all_strict,side_informed,gh80,beta_half_half,20.0,retention_bounded_plus_HU,0.0001,46b216ba26aa11acaa5d3f570ff995f2e06b4023e6af3be0a5801b3a981e0482,7e153543fd8e44a315da6c66d3e27684a34e253cc8d299c8406c062869f7f0a6,139,-0.31899797939258695,0.01
2,2,all_strict,side_informed,gh80,beta_half_half,20.0,retention_bounded_plus_HU,0.001,46b216ba26aa11acaa5d3f570ff995f2e06b4023e6af3be0a5801b3a981e0482,54df7cf678ad3147810b4c2fc0e0a5312bdd4b3424aa294c1cdceb4a1c652afd,139,-0.3201364177850282,0.01
2,2,all_strict,side_informed,gh80,beta_half_half,20.0,retention_bounded_plus_HU,0.01,46b216ba26aa11acaa5d3f570ff995f2e06b4023e6af3be0a5801b3a981e0482,52d06914d879764da9e49990d0ea4df18e1c106278443c8e9dfa5bc72bed5da6,139,-0.30842020963862543,0.01
2,2,all_strict,side_informed,gh80,beta_half_half,20.0,retention_bounded_plus_HU,0.1,46b216ba26aa11acaa5d3f570ff995f2e06b4023e6af3be0a5801b3a981e0482,442c0f675a0f4c36befd0548ed94f5780f581b44ebee250d56f6a4c51d9fe243,139,-0.32411296111969895,0.01
2,0,all_strict,wholly_unseen,laplace,beta_half_half,20.0,retention_bounded,0.0,6af75daa525968e68fb8d352969dddfe3b92e90b6a86578e4f8560ce19d4e895,8bd8d7cabf13954e65cdafcd0d13d08918d05dda3f489a59d463cd0595d44fa9,137,-0.6514262972390691,0.01
2,0,all_strict,wholly_unseen,laplace,beta_half_half,20.0,retention_bounded,0.0001,6af75daa525968e68fb8d352969dddfe3b92e90b6a86578e4f8560ce19d4e895,fa4b63ec4ea225bb24100f36609b864ffef413baa202438688bad375cb8de826,137,-0.6502922749546032,0.01
2,0,all_strict,wholly_unseen,laplace,beta_half_half,20.0,retention_bounded,0.001,6af75daa525968e68fb8d352969dddfe3b92e90b6a86578e4f8560ce19d4e895,42e088bec14e02eecac851c8e326a062d296fd3ab13b1c1552f23fdeeef0c564,137,-0.6422442042074045,0.01
2,0,all_strict,wholly_unseen,laplace,beta_half_half,20.0,retention_bounded,0.01,6af75daa525968e68fb8d352969dddfe3b92e90b6a86578e4f8560ce19d4e895,4b9d43ac1b492635a75f2ab38dd36df421022ec7f15a8e5b40dfd637ba0f8433,137,-0.6123680508810079,0.01
2,0,all_strict,wholly_unseen,laplace,beta_half_half,20.0,retention_bounded,0.1,6af75daa525968e68fb8d352969dddfe3b92e90b6a86578e4f8560ce19d4e895,1390300481ea91776a33ec50092b0ea3847637029043a669897e440e92ddd106,137,-0.6340483585284157,0.01
2,1,all_strict,wholly_unseen,laplace,beta_half_half,20.0,retention_bounded,0.0,720abc63837a1c45a58674d554acfed0556ae646781babf1ab0907514d9f87bd,055407eaca86c8ba0b322b5b9f6ae622e1dbcd77ce08bc7d82d0b4e32ef140f9,136,-0.6514262972390691,0.01
2,1,all_strict,wholly_unseen,laplace,beta_half_half,20.0,retention_bounded,0.0001,720abc63837a1c45a58674d554acfed0556ae646781babf1ab0907514d9f87bd,f57bb434caf1e547adc95ff2d7e0adb595d3c9a98378b6ae0b1f4b4651ac4bad,136,-0.6502922749546032,0.01
2,1,all_strict,wholly_unseen,laplace,beta_half_half,20.0,retention_bounded,0.001,720abc63837a1c45a58674d554acfed0556ae646781babf1ab0907514d9f87bd,4d2d1fb35d872509834a350d5c83c17e9b7d018bcfe6da26c49e36b85cf32e15,136,-0.6422442042074045,0.01
2,1,all_strict,wholly_unseen,laplace,beta_half_half,20.0,retention_bounded,0.01,720abc63837a1c45a58674d554acfed0556ae646781babf1ab0907514d9f87bd,f4389797dc74e37b155ac7f0b20191a234b29f7351ce9de0665005fd025e4abc,136,-0.6123680508810079,0.01
2,1,all_strict,wholly_unseen,laplace,beta_half_half,20.0,retention_bounded,0.1,720abc63837a1c45a58674d554acfed0556ae646781babf1ab0907514d9f87bd,c0cdd666ea4a8aa463761d93b6eb2743fa691b167fc84e7560f6125068ec2d29,136,-0.6340483585284157,0.01
2,2,all_strict,wholly_unseen,laplace,beta_half_half,20.0,retention_bounded,0.0,46b216ba26aa11acaa5d3f570ff995f2e06b4023e6af3be0a5801b3a981e0482,98d38153375783fe67289f41e0bd358c7eaac4c11a83e056bb8b4a2c55204503,139,-0.6514262972390691,0.01
2,2,all_strict,wholly_unseen,laplace,beta_half_half,20.0,retention_bounded,0.0001,46b216ba26aa11acaa5d3f570ff995f2e06b4023e6af3be0a5801b3a981e0482,fb76d03cb41dcdb4d5b11eefa30b4af1e3a88e93694ab574ecdecf1f69b2c200,139,-0.6502922749546032,0.01
2,2,all_strict,wholly_unseen,laplace,beta_half_half,20.0,retention_bounded,0.001,46b216ba26aa11acaa5d3f570ff995f2e06b4023e6af3be0a5801b3a981e0482,4c8c436ffde8341db984525b5fe0bb5b3a8587c979eda46b181b34212ccb676b,139,-0.6422442042074045,0.01
2,2,all_strict,wholly_unseen,laplace,beta_half_half,20.0,retention_bounded,0.01,46b216ba26aa11acaa5d3f570ff995f2e06b4023e6af3be0a5801b3a981e0482,5857e9c5ef879c503226fc8b472f745c11ba93a3bd8000d4f2aff99fecd577eb,139,-0.6123680508810079,0.01
2,2,all_strict,wholly_unseen,laplace,beta_half_half,20.0,retention_bounded,0.1,46b216ba26aa11acaa5d3f570ff995f2e06b4023e6af3be0a5801b3a981e0482,9c41c1bad6fde9c3f25d341063c0b0a3ec44f882dd8840192e3c4cfff9edba29,139,-0.6340483585284157,0.01
2,0,all_strict,wholly_unseen,laplace,beta_half_half,20.0,retention_nonnegative,0.0,6af75daa525968e68fb8d352969dddfe3b92e90b6a86578e4f8560ce19d4e895,a562ef1d45f2c44673f2e842ba116161f75b848e0c0623aab3036c7ca2fd5312,137,-0.6514262975992794,0.01
2,0,all_strict,wholly_unseen,laplace,beta_half_half,20.0,retention_nonnegative,0.0001,6af75daa525968e68fb8d352969dddfe3b92e90b6a86578e4f8560ce19d4e895,d6cc74504e468b310563a350114da0e797989990d858f48d8e1e77624f1572e1,137,-0.6491638276591283,0.01
2,0,all_strict,wholly_unseen,laplace,beta_half_half,20.0,retention_nonnegative,0.001,6af75daa525968e68fb8d352969dddfe3b92e90b6a86578e4f8560ce19d4e895,5e334dcd87aa4df316581b533db50800a402036b508a28aa763b6afe33cdc513,137,-0.6361203270640442,0.01
2,0,all_strict,wholly_unseen,laplace,beta_half_half,20.0,retention_nonnegative,0.01,6af75daa525968e68fb8d352969dddfe3b92e90b6a86578e4f8560ce19d4e895,4b4872e647c829bb56f1996cf11ce3353dce17d2c8b98c926eecad19019081eb,137,-0.6272841630185252,0.01
2,0,all_strict,wholly_unseen,laplace,beta_half_half,20.0,retention_nonnegative,0.1,6af75daa525968e68fb8d352969dddfe3b92e90b6a86578e4f8560ce19d4e895,529abfb59cc9edbec2d7b177864159a2b4893131ad37f1d230025a37bce24017,137,-0.7024131964792587,0.01
2,1,all_strict,wholly_unseen,laplace,beta_half_half,20.0,retention_nonnegative,0.0,720abc63837a1c45a58674d554acfed0556ae646781babf1ab0907514d9f87bd,52f500c52759f416f80ff077ed6c1c6998b92ee837437cd54bd9d26706795543,136,-0.6514262975992794,0.01
2,1,all_strict,wholly_unseen,laplace,beta_half_half,20.0,retention_nonnegative,0.0001,720abc63837a1c45a58674d554acfed0556ae646781babf1ab0907514d9f87bd,21a08fce354a811fd2e3511114e0f88d5d08c4947ed36c7c33c5f438a8f738b7,136,-0.6491638276591283,0.01
2,1,all_strict,wholly_unseen,laplace,beta_half_half,20.0,retention_nonnegative,0.001,720abc63837a1c45a58674d554acfed0556ae646781babf1ab0907514d9f87bd,398d66da173f0f5436044e7992e07dc75036ac08d916571045df9f432297d4d2,136,-0.6361203270640442,0.01
2,1,all_strict,wholly_unseen,laplace,beta_half_half,20.0,retention_nonnegative,0.01,720abc63837a1c45a58674d554acfed0556ae646781babf1ab0907514d9f87bd,26cdc94cf32165e5d472f9667ae77453156ef352a8149d153895e70c75069b99,136,-0.6272841630185252,0.01
2,1,all_strict,wholly_unseen,laplace,beta_half_half,20.0,retention_nonnegative,0.1,720abc63837a1c45a58674d554acfed0556ae646781babf1ab0907514d9f87bd,5ecad3e0c645207507a3d55ed0713e61efbeb5946f064dc2cc1ca3ae05ba6fa3,136,-0.7024131964792587,0.01
2,2,all_strict,wholly_unseen,laplace,beta_half_half,20.0,retention_nonnegative,0.0,46b216ba26aa11acaa5d3f570ff995f2e06b4023e6af3be0a5801b3a981e0482,dc4c7ee1229d87036e002b75f4555f75349915752fedd07eda8b0cd65a300281,139,-0.6514262975992794,0.01
2,2,all_strict,wholly_unseen,laplace,beta_half_half,20.0,retention_nonnegative,0.0001,46b216ba26aa11acaa5d3f570ff995f2e06b4023e6af3be0a5801b3a981e0482,cea0bfe97d11984d9746f2d57b16738d14936b015ed648e679550ae82d851dab,139,-0.6491638276591283,0.01
2,2,all_strict,wholly_unseen,laplace,beta_half_half,20.0,retention_nonnegative,0.001,46b216ba26aa11acaa5d3f570ff995f2e06b4023e6af3be0a5801b3a981e0482,33b94e491d2336927ecc60d7a3b639188e77d42a56270ebb764a6113acc3e450,139,-0.6361203270640442,0.01
2,2,all_strict,wholly_unseen,laplace,beta_half_half,20.0,retention_nonnegative,0.01,46b216ba26aa11acaa5d3f570ff995f2e06b4023e6af3be0a5801b3a981e0482,9a7f699dbf19034f9ae8b3d0585e633299b7a37b7ff35eff5d85405f32bf8d1d,139,-0.6272841630185252,0.01
2,2,all_strict,wholly_unseen,laplace,beta_half_half,20.0,retention_nonnegative,0.1,46b216ba26aa11acaa5d3f570ff995f2e06b4023e6af3be0a5801b3a981e0482,6e9bb185dc762fbfe4d59f7c8732efc90845fa71f8573a620fa4b5beec53662c,139,-0.7024131964792587,0.01
2,0,all_strict,wholly_unseen,laplace,beta_half_half,20.0,current_only,0.0,6af75daa525968e68fb8d352969dddfe3b92e90b6a86578e4f8560ce19d4e895,d5990e324a016f824d7c270ca594b28201a598b64e1e8335f14476a8a17c6782,137,-0.8558232725081888,0.01
2,0,all_strict,wholly_unseen,laplace,beta_half_half,20.0,current_only,0.0001,6af75daa525968e68fb8d352969dddfe3b92e90b6a86578e4f8560ce19d4e895,aa0521763471ad51f9dce86456569ba377a0765b3e9a8ce4d8da1296201c6f8d,137,-0.8556785934694779,0.01
2,0,all_strict,wholly_unseen,laplace,beta_half_half,20.0,current_only,0.001,6af75daa525968e68fb8d352969dddfe3b92e90b6a86578e4f8560ce19d4e895,ec1c0c79cf108b85a89ecb106ca0f7057f9458da70487125e5b204161776b93b,137,-0.8544347581307424,0.01
2,0,all_strict,wholly_unseen,laplace,beta_half_half,20.0,current_only,0.01,6af75daa525968e68fb8d352969dddfe3b92e90b6a86578e4f8560ce19d4e895,bb6753b06dc3e3c4ee8305e6ce408bfeb6680500d0933b70dc5fc2b2549436af,137,-0.8461915332700917,0.01
2,0,all_strict,wholly_unseen,laplace,beta_half_half,20.0,current_only,0.1,6af75daa525968e68fb8d352969dddfe3b92e90b6a86578e4f8560ce19d4e895,95d7216ab7fb09e858ec015818ec1c42e83a12f86f7d6b8e9a42cb9c122290ae,137,-0.857434953736241,0.01
2,1,all_strict,wholly_unseen,laplace,beta_half_half,20.0,current_only,0.0,720abc63837a1c45a58674d554acfed0556ae646781babf1ab0907514d9f87bd,80f53a1b4f838849a80e5fdfd43423e7876b4876a33e6b98f096843b8e16f192,136,-0.8558232725081888,0.01
2,1,all_strict,wholly_unseen,laplace,beta_half_half,20.0,current_only,0.0001,720abc63837a1c45a58674d554acfed0556ae646781babf1ab0907514d9f87bd,44131debe721c7c12fb1b3f42aea97cf8a9802d67a14ac5daf6bd976485de3d0,136,-0.8556785934694779,0.01
2,1,all_strict,wholly_unseen,laplace,beta_half_half,20.0,current_only,0.001,720abc63837a1c45a58674d554acfed0556ae646781babf1ab0907514d9f87bd,e6346d19365bc0ba0b61411643c2254e665cedc023fdf07e4031c447b99edb63,136,-0.8544347581307424,0.01
2,1,all_strict,wholly_unseen,laplace,beta_half_half,20.0,current_only,0.01,720abc63837a1c45a58674d554acfed0556ae646781babf1ab0907514d9f87bd,8f10a66b9545069075856857c8e0b97b559535d7fc9f1c000ea786c8e74af21f,136,-0.8461915332700917,0.01
2,1,all_strict,wholly_unseen,laplace,beta_half_half,20.0,current_only,0.1,720abc63837a1c45a58674d554acfed0556ae646781babf1ab0907514d9f87bd,0d997d812226436c117dc71ad8b62382e762b8d9f2cea1c84fb99d73229d5a01,136,-0.857434953736241,0.01
2,2,all_strict,wholly_unseen,laplace,beta_half_half,20.0,current_only,0.0,46b216ba26aa11acaa5d3f570ff995f2e06b4023e6af3be0a5801b3a981e0482,97f069a821530605016652781b1734edba41a53c2c08a7533a6e56585e00c23a,139,-0.8558232725081888,0.01
2,2,all_strict,wholly_unseen,laplace,beta_half_half,20.0,current_only,0.0001,46b216ba26aa11acaa5d3f570ff995f2e06b4023e6af3be0a5801b3a981e0482,241c2707ef9a914906143de69fcca4085a885ab90637a8ea2bbd2765a79912c3,139,-0.8556785934694779,0.01
2,2,all_strict,wholly_unseen,laplace,beta_half_half,20.0,current_only,0.001,46b216ba26aa11acaa5d3f570ff995f2e06b4023e6af3be0a5801b3a981e0482,cb7c5a4f602c05fa39ea86c81da03a3f1c1206858440cb7760dee649fc96e50b,139,-0.8544347581307424,0.01
2,2,all_strict,wholly_unseen,laplace,beta_half_half,20.0,current_only,0.01,46b216ba26aa11acaa5d3f570ff995f2e06b4023e6af3be0a5801b3a981e0482,cbcb7417bf201f71057f9cf7689985b01fc85580bf0b63a4548be85e685bc571,139,-0.8461915332700917,0.01
2,2,all_strict,wholly_unseen,laplace,beta_half_half,20.0,current_only,0.1,46b216ba26aa11acaa5d3f570ff995f2e06b4023e6af3be0a5801b3a981e0482,edbcf820fa0a567b2946b5212c96c49f53f555925a1d3049b305cf5f53def984,139,-0.857434953736241,0.01
2,0,all_strict,wholly_unseen,laplace,beta_half_half,20.0,input_plus_surface,0.0,6af75daa525968e68fb8d352969dddfe3b92e90b6a86578e4f8560ce19d4e895,4dd03041279834eec9de86c4cb2e1a1d9de13fde8e50c6342adbf0a947854eae,137,-0.6305532505947968,0.01
2,0,all_strict,wholly_unseen,laplace,beta_half_half,20.0,input_plus_surface,0.0001,6af75daa525968e68fb8d352969dddfe3b92e90b6a86578e4f8560ce19d4e895,689213444e00c24cf3b42f95922099628a2462caf1f8f5bb91bc40d97b5388df,137,-0.6290169972334475,0.01
2,0,all_strict,wholly_unseen,laplace,beta_half_half,20.0,input_plus_surface,0.001,6af75daa525968e68fb8d352969dddfe3b92e90b6a86578e4f8560ce19d4e895,246e164429f6eb17e7117d5584132fabd6bc00de659c0e26097e73e4ade9bcf8,137,-0.6187458054169224,0.01
2,0,all_strict,wholly_unseen,laplace,beta_half_half,20.0,input_plus_surface,0.01,6af75daa525968e68fb8d352969dddfe3b92e90b6a86578e4f8560ce19d4e895,00edade3cb43f3a852411cf4034e001be18178df3f2fa0fe27080d79ba4442d2,137,-0.5940258958889841,0.01
2,0,all_strict,wholly_unseen,laplace,beta_half_half,20.0,input_plus_surface,0.1,6af75daa525968e68fb8d352969dddfe3b92e90b6a86578e4f8560ce19d4e895,b4ba3d48cb2d42039f8bb276e482d839d2c5f0c635b92231c3d75d381d9a7c23,137,-0.6484523104943442,0.01
2,1,all_strict,wholly_unseen,laplace,beta_half_half,20.0,input_plus_surface,0.0,720abc63837a1c45a58674d554acfed0556ae646781babf1ab0907514d9f87bd,2ad1b79484e07a97ac518300aee8868528e4408e4675fad9649a27eb21ce1a9a,136,-0.6305532505947968,0.01
2,1,all_strict,wholly_unseen,laplace,beta_half_half,20.0,input_plus_surface,0.0001,720abc63837a1c45a58674d554acfed0556ae646781babf1ab0907514d9f87bd,de673193db4335fb61a66ec6dfe4eba790ee3c3a052d04f73ff497e4439c75e4,136,-0.6290169972334475,0.01
2,1,all_strict,wholly_unseen,laplace,beta_half_half,20.0,input_plus_surface,0.001,720abc63837a1c45a58674d554acfed0556ae646781babf1ab0907514d9f87bd,858bdebe450386501f6f9e564e105c367c9a1024ca1bfb8e174cdd9c9092d856,136,-0.6187458054169224,0.01
2,1,all_strict,wholly_unseen,laplace,beta_half_half,20.0,input_plus_surface,0.01,720abc63837a1c45a58674d554acfed0556ae646781babf1ab0907514d9f87bd,a452bd893ab41da836359b823048711b7ade5c41d37e9f838000b6795fdae6a3,136,-0.5940258958889841,0.01
2,1,all_strict,wholly_unseen,laplace,beta_half_half,20.0,input_plus_surface,0.1,720abc63837a1c45a58674d554acfed0556ae646781babf1ab0907514d9f87bd,3d3559775af5e2ea9a38c8195f0e6ee9efb5b3b37df4fbd02605c710232d9780,136,-0.6484523104943442,0.01
2,2,all_strict,wholly_unseen,laplace,beta_half_half,20.0,input_plus_surface,0.0,46b216ba26aa11acaa5d3f570ff995f2e06b4023e6af3be0a5801b3a981e0482,dbdb5e1ba4ee05f5073dc3e7d45f76825eca13db6e66d086f91b8bea94fd82ec,139,-0.6305532505947968,0.01
2,2,all_strict,wholly_unseen,laplace,beta_half_half,20.0,input_plus_surface,0.0001,46b216ba26aa11acaa5d3f570ff995f2e06b4023e6af3be0a5801b3a981e0482,55e1f53a3b0ca8c37e63d386c1a6c541ac955d5c131e96f718b11e68a368b10f,139,-0.6290169972334475,0.01
2,2,all_strict,wholly_unseen,laplace,beta_half_half,20.0,input_plus_surface,0.001,46b216ba26aa11acaa5d3f570ff995f2e06b4023e6af3be0a5801b3a981e0482,c3395f70ac082a6a1bf7163bd2a0e8dedcec1a07240ae88a746b6e6849a69a9b,139,-0.6187458054169224,0.01
2,2,all_strict,wholly_unseen,laplace,beta_half_half,20.0,input_plus_surface,0.01,46b216ba26aa11acaa5d3f570ff995f2e06b4023e6af3be0a5801b3a981e0482,bfaf56194f917b410c50346b5b2d058d2b5555ccee2a2e962a11c687d726423d,139,-0.5940258958889841,0.01
2,2,all_strict,wholly_unseen,laplace,beta_half_half,20.0,input_plus_surface,0.1,46b216ba26aa11acaa5d3f570ff995f2e06b4023e6af3be0a5801b3a981e0482,7a04fa80b5f238b3fe5399e5e2239fad6ed132fa76271a4a4ba9ac2e3f270f9a,139,-0.6484523104943442,0.01
2,0,all_strict,wholly_unseen,laplace,beta_half_half,20.0,HU_plus_surface,0.0,6af75daa525968e68fb8d352969dddfe3b92e90b6a86578e4f8560ce19d4e895,5486f4d35752c69db38ad0394456cee2d5e687bc01395bf33b22fd4838b49382,137,-0.6046801099115986,0.01
2,0,all_strict,wholly_unseen,laplace,beta_half_half,20.0,HU_plus_surface,0.0001,6af75daa525968e68fb8d352969dddfe3b92e90b6a86578e4f8560ce19d4e895,8724c5af4c8fdb4e96a888c03c8de2a19153668de72aa0005f3b5591ab6b5e4e,137,-0.6030325186397095,0.01
2,0,all_strict,wholly_unseen,laplace,beta_half_half,20.0,HU_plus_surface,0.001,6af75daa525968e68fb8d352969dddfe3b92e90b6a86578e4f8560ce19d4e895,c1ee297276c37e8fadd7a2bc21500e1c8875cdeba38598ce3ad124667842e15a,137,-0.5928081235044292,0.01
2,0,all_strict,wholly_unseen,laplace,beta_half_half,20.0,HU_plus_surface,0.01,6af75daa525968e68fb8d352969dddfe3b92e90b6a86578e4f8560ce19d4e895,8f576d4eb8040e528018f88f12cca7bdb85137470c1c07567fdf750ebf799b65,137,-0.5732614714277428,0.01
2,0,all_strict,wholly_unseen,laplace,beta_half_half,20.0,HU_plus_surface,0.1,6af75daa525968e68fb8d352969dddfe3b92e90b6a86578e4f8560ce19d4e895,449905891e57d6aab89c2ff0a17cf7e56799cef8053e2bf6fa1bbccd9dc76317,137,-0.6388350696809125,0.01
2,1,all_strict,wholly_unseen,laplace,beta_half_half,20.0,HU_plus_surface,0.0,720abc63837a1c45a58674d554acfed0556ae646781babf1ab0907514d9f87bd,a01c4f4bf423d2ee62101b7488672d90cf7eb05d2d4b23ed9368b269212d5280,136,-0.6046801099115986,0.01
2,1,all_strict,wholly_unseen,laplace,beta_half_half,20.0,HU_plus_surface,0.0001,720abc63837a1c45a58674d554acfed0556ae646781babf1ab0907514d9f87bd,4f7746182c1b296c435b7e3561d92430faef222a5cafb1e1f625e19d47a84ff9,136,-0.6030325186397095,0.01
2,1,all_strict,wholly_unseen,laplace,beta_half_half,20.0,HU_plus_surface,0.001,720abc63837a1c45a58674d554acfed0556ae646781babf1ab0907514d9f87bd,46b15dc7b3174e5d72c6435280714e7499a26ec35a18f73a4393ec2d06ade4b1,136,-0.5928081235044292,0.01
2,1,all_strict,wholly_unseen,laplace,beta_half_half,20.0,HU_plus_surface,0.01,720abc63837a1c45a58674d554acfed0556ae646781babf1ab0907514d9f87bd,d643278ccd1e19e1fcb284f21fccb7e421b457a0bf8718ad654cbb9dccd2b776,136,-0.5732614714277428,0.01
2,1,all_strict,wholly_unseen,laplace,beta_half_half,20.0,HU_plus_surface,0.1,720abc63837a1c45a58674d554acfed0556ae646781babf1ab0907514d9f87bd,bef91c8b87e67f532b20f7575be14a0502933b4e02a697333f2e05a36aa3d4cf,136,-0.6388350696809125,0.01
2,2,all_strict,wholly_unseen,laplace,beta_half_half,20.0,HU_plus_surface,0.0,46b216ba26aa11acaa5d3f570ff995f2e06b4023e6af3be0a5801b3a981e0482,f72fbd93740b36a46cee26295524df3f9e909d90c626b5e479d5a6e62d0c6ec3,139,-0.6046801099115986,0.01
2,2,all_strict,wholly_unseen,laplace,beta_half_half,20.0,HU_plus_surface,0.0001,46b216ba26aa11acaa5d3f570ff995f2e06b4023e6af3be0a5801b3a981e0482,4b99206455a8e3d83229c09bc6176aa96f5475c48664de8880ba7161e6ee94b5,139,-0.6030325186397095,0.01
2,2,all_strict,wholly_unseen,laplace,beta_half_half,20.0,HU_plus_surface,0.001,46b216ba26aa11acaa5d3f570ff995f2e06b4023e6af3be0a5801b3a981e0482,659dd22080194392054d3c732e397aab53f2a28335868336eb8493a942ecc0b3,139,-0.5928081235044292,0.01
2,2,all_strict,wholly_unseen,laplace,beta_half_half,20.0,HU_plus_surface,0.01,46b216ba26aa11acaa5d3f570ff995f2e06b4023e6af3be0a5801b3a981e0482,afc2f266b88f86a64ae97067ef89d5b3981aa4b11f42644007ef297377fa088b,139,-0.5732614714277428,0.01
2,2,all_strict,wholly_unseen,laplace,beta_half_half,20.0,HU_plus_surface,0.1,46b216ba26aa11acaa5d3f570ff995f2e06b4023e6af3be0a5801b3a981e0482,7664a9d9d5159bba8a66363bd6b7c58076fdd4e0794e0841a66464cf8efca2a5,139,-0.6388350696809125,0.01
2,0,all_strict,wholly_unseen,laplace,beta_half_half,20.0,retention_bounded_plus_HU,0.0,6af75daa525968e68fb8d352969dddfe3b92e90b6a86578e4f8560ce19d4e895,1191537f30e6d0d34ec82ddc9e686e9dcfa0cd5cd90657baf12d88595fdf78a4,137,-0.6016874725694389,0.01
2,0,all_strict,wholly_unseen,laplace,beta_half_half,20.0,retention_bounded_plus_HU,0.0001,6af75daa525968e68fb8d352969dddfe3b92e90b6a86578e4f8560ce19d4e895,282bcd1ac8e21e8c2f3c84303b92f5540701929a93584c28e4859d1ad7c0bef3,137,-0.6006620208344818,0.01
2,0,all_strict,wholly_unseen,laplace,beta_half_half,20.0,retention_bounded_plus_HU,0.001,6af75daa525968e68fb8d352969dddfe3b92e90b6a86578e4f8560ce19d4e895,42a32ac28d678e538d631e20675d807d5e6dc43ec125b2eac44b0f9b0f557a59,137,-0.592011646023101,0.01
2,0,all_strict,wholly_unseen,laplace,beta_half_half,20.0,retention_bounded_plus_HU,0.01,6af75daa525968e68fb8d352969dddfe3b92e90b6a86578e4f8560ce19d4e895,6ed105a6f3f3d21f2f80e1692241dbfc3ef0ba0f7afc4f0f6fc5e92702072fd4,137,-0.5801583495185806,0.01
2,0,all_strict,wholly_unseen,laplace,beta_half_half,20.0,retention_bounded_plus_HU,0.1,6af75daa525968e68fb8d352969dddfe3b92e90b6a86578e4f8560ce19d4e895,f2b059c8ad80482e15b5623d46cccca5262547b25065c4882b7cacc2e937b9da,137,-0.6020304852833449,0.01
2,1,all_strict,wholly_unseen,laplace,beta_half_half,20.0,retention_bounded_plus_HU,0.0,720abc63837a1c45a58674d554acfed0556ae646781babf1ab0907514d9f87bd,199e6d83d6f68379b8fc5683b99eadcffed274c1d535595c94a05814722546ee,136,-0.6016874725694389,0.01
2,1,all_strict,wholly_unseen,laplace,beta_half_half,20.0,retention_bounded_plus_HU,0.0001,720abc63837a1c45a58674d554acfed0556ae646781babf1ab0907514d9f87bd,686176cb186ac0b47b14a0e05f42e472169119cd9617e2997cbf6c5e7031131a,136,-0.6006620208344818,0.01
2,1,all_strict,wholly_unseen,laplace,beta_half_half,20.0,retention_bounded_plus_HU,0.001,720abc63837a1c45a58674d554acfed0556ae646781babf1ab0907514d9f87bd,be08220a24e220218b53d1e4d2dd96fecda44cef34906e7f38932519f04d60c0,136,-0.592011646023101,0.01
2,1,all_strict,wholly_unseen,laplace,beta_half_half,20.0,retention_bounded_plus_HU,0.01,720abc63837a1c45a58674d554acfed0556ae646781babf1ab0907514d9f87bd,8428e1b9c17db8acf32dba87167eca8ae05be1a26909d177bdd626eaf5f9130d,136,-0.5801583495185806,0.01
2,1,all_strict,wholly_unseen,laplace,beta_half_half,20.0,retention_bounded_plus_HU,0.1,720abc63837a1c45a58674d554acfed0556ae646781babf1ab0907514d9f87bd,1f533c956fc6fc158206138c0785a1297e6390d09320122143e0d0c11f6eda07,136,-0.6020304852833449,0.01
2,2,all_strict,wholly_unseen,laplace,beta_half_half,20.0,retention_bounded_plus_HU,0.0,46b216ba26aa11acaa5d3f570ff995f2e06b4023e6af3be0a5801b3a981e0482,b3dabebde7f0c7e061ace3355dc2da44b7eb0b8838b6519b2b20a18acdf83624,139,-0.6016874725694389,0.01
2,2,all_strict,wholly_unseen,laplace,beta_half_half,20.0,retention_bounded_plus_HU,0.0001,46b216ba26aa11acaa5d3f570ff995f2e06b4023e6af3be0a5801b3a981e0482,258adfdc5e20fbeb2513af3f5c0e7ac0105c1bf6fbbf77a6c5401b1f420d634e,139,-0.6006620208344818,0.01
2,2,all_strict,wholly_unseen,laplace,beta_half_half,20.0,retention_bounded_plus_HU,0.001,46b216ba26aa11acaa5d3f570ff995f2e06b4023e6af3be0a5801b3a981e0482,582714131c0bbbb4e63c92f3abaeb5ebbb3ecd044520e2bf590f2bf297534477,139,-0.592011646023101,0.01
2,2,all_strict,wholly_unseen,laplace,beta_half_half,20.0,retention_bounded_plus_HU,0.01,46b216ba26aa11acaa5d3f570ff995f2e06b4023e6af3be0a5801b3a981e0482,7344b4ea008028d4747fa1fe1130743368bb98281e05c955bddef2aeee87e4a1,139,-0.5801583495185806,0.01
2,2,all_strict,wholly_unseen,laplace,beta_half_half,20.0,retention_bounded_plus_HU,0.1,46b216ba26aa11acaa5d3f570ff995f2e06b4023e6af3be0a5801b3a981e0482,cf15b256419a305ac4185302560cc48a885d73230abda9e0c95fff70c0c580a2,139,-0.6020304852833449,0.01
2,0,all_strict,wholly_unseen,gh80,beta_half_half,20.0,HU_plus_surface,0.0,6af75daa525968e68fb8d352969dddfe3b92e90b6a86578e4f8560ce19d4e895,5ae6c4690941f0ac3a3b1c69d281eeb8ebb16120c5d3edb7b815b2534fc08c36,137,-0.589274377240106,0.01
2,0,all_strict,wholly_unseen,gh80,beta_half_half,20.0,HU_plus_surface,0.0001,6af75daa525968e68fb8d352969dddfe3b92e90b6a86578e4f8560ce19d4e895,58496766baeb3ade203f3d62dd81f3f57c0a26dd1c3b86250249c7365ec1968f,137,-0.5879810433372716,0.01
2,0,all_strict,wholly_unseen,gh80,beta_half_half,20.0,HU_plus_surface,0.001,6af75daa525968e68fb8d352969dddfe3b92e90b6a86578e4f8560ce19d4e895,2de5345f216078c5b485c84e46abe9833f28632e5a02967329f5a80bcb70aafa,137,-0.5798711610524442,0.01
2,0,all_strict,wholly_unseen,gh80,beta_half_half,20.0,HU_plus_surface,0.01,6af75daa525968e68fb8d352969dddfe3b92e90b6a86578e4f8560ce19d4e895,0e2e481618427f23f756d117f4a7d009e499ff9b8ae6063379c7e89ff82bc5d3,137,-0.5664151362431279,0.01
2,0,all_strict,wholly_unseen,gh80,beta_half_half,20.0,HU_plus_surface,0.1,6af75daa525968e68fb8d352969dddfe3b92e90b6a86578e4f8560ce19d4e895,7c758df7167956d2fbfedf6a4bd8ef7d8000a1eccca9fe026149d429636db2b2,137,-0.6385941791253709,0.01
2,1,all_strict,wholly_unseen,gh80,beta_half_half,20.0,HU_plus_surface,0.0,720abc63837a1c45a58674d554acfed0556ae646781babf1ab0907514d9f87bd,3bb09025d48a9f2ee90a7c3cf77c93b7deb6cd4b880a81241758f971b6eaaab3,136,-0.589274377240106,0.01
2,1,all_strict,wholly_unseen,gh80,beta_half_half,20.0,HU_plus_surface,0.0001,720abc63837a1c45a58674d554acfed0556ae646781babf1ab0907514d9f87bd,7a6f71d1fb74810d2b4a2f96a816d7247b8cd42f4a9921132dbdc012c6343a11,136,-0.5879810433372716,0.01
2,1,all_strict,wholly_unseen,gh80,beta_half_half,20.0,HU_plus_surface,0.001,720abc63837a1c45a58674d554acfed0556ae646781babf1ab0907514d9f87bd,b684ee6d0bc525a43803124780d3768cba039c1fbb5519877991a3d90185838b,136,-0.5798711610524442,0.01
2,1,all_strict,wholly_unseen,gh80,beta_half_half,20.0,HU_plus_surface,0.01,720abc63837a1c45a58674d554acfed0556ae646781babf1ab0907514d9f87bd,e9f3163095a174ea50bb669c3f5fdd54b321e7a96790aeccc9263eef254b97b2,136,-0.5664151362431279,0.01
2,1,all_strict,wholly_unseen,gh80,beta_half_half,20.0,HU_plus_surface,0.1,720abc63837a1c45a58674d554acfed0556ae646781babf1ab0907514d9f87bd,5c6a4c30852b52fe8e3bc8b33347679ebe38db60b0eb9e1b902b2df3f544bddd,136,-0.6385941791253709,0.01
2,2,all_strict,wholly_unseen,gh80,beta_half_half,20.0,HU_plus_surface,0.0,46b216ba26aa11acaa5d3f570ff995f2e06b4023e6af3be0a5801b3a981e0482,5c93bcbee4d1679140346be04dbd2ab86655a57ddf7b063f73846e55421261e3,139,-0.589274377240106,0.01
2,2,all_strict,wholly_unseen,gh80,beta_half_half,20.0,HU_plus_surface,0.0001,46b216ba26aa11acaa5d3f570ff995f2e06b4023e6af3be0a5801b3a981e0482,7bba43278c30ca34b33ebcc4987e3ab3058c97fc12e2ef1bdb329e45fc1b741c,139,-0.5879810433372716,0.01
2,2,all_strict,wholly_unseen,gh80,beta_half_half,20.0,HU_plus_surface,0.001,46b216ba26aa11acaa5d3f570ff995f2e06b4023e6af3be0a5801b3a981e0482,e3cd2e21659cf5d3e5666f80b2b78332ee1eac62d5308f3849ef9f8a7dc9ea0a,139,-0.5798711610524442,0.01
2,2,all_strict,wholly_unseen,gh80,beta_half_half,20.0,HU_plus_surface,0.01,46b216ba26aa11acaa5d3f570ff995f2e06b4023e6af3be0a5801b3a981e0482,2369a2f80df1242c46b70e0e64151a1c5ad9d7a1f33cbcb12748ceba0427ec24,139,-0.5664151362431279,0.01
2,2,all_strict,wholly_unseen,gh80,beta_half_half,20.0,HU_plus_surface,0.1,46b216ba26aa11acaa5d3f570ff995f2e06b4023e6af3be0a5801b3a981e0482,693dedbc08ef5a2f1066b5fdd0e22e2548e166a4570e91a85b277f653334c3e8,139,-0.6385941791253709,0.01
2,0,all_strict,wholly_unseen,gh80,beta_half_half,20.0,retention_bounded_plus_HU,0.0,6af75daa525968e68fb8d352969dddfe3b92e90b6a86578e4f8560ce19d4e895,1851550c34b88eeec7f42fc58630d9f3b41dede5d68ce431a59dadf5aa07a5e5,137,-0.5964476579883007,0.01
2,0,all_strict,wholly_unseen,gh80,beta_half_half,20.0,retention_bounded_plus_HU,0.0001,6af75daa525968e68fb8d352969dddfe3b92e90b6a86578e4f8560ce19d4e895,945d9cc0f078f43781f813df5c6b4316cd2595c8b26a4b139e192705ee8f720d,137,-0.5955558008795742,0.01
2,0,all_strict,wholly_unseen,gh80,beta_half_half,20.0,retention_bounded_plus_HU,0.001,6af75daa525968e68fb8d352969dddfe3b92e90b6a86578e4f8560ce19d4e895,198ac84d9903124b958c552f1236a82a4adc7ba6e99149cff412cfdcf7ef8806,137,-0.5964069113708654,0.01
2,0,all_strict,wholly_unseen,gh80,beta_half_half,20.0,retention_bounded_plus_HU,0.01,6af75daa525968e68fb8d352969dddfe3b92e90b6a86578e4f8560ce19d4e895,a0e6fcfff776b3669f28308caf84d58c512f2f1939e3b63026b4cc9e3312d1f4,137,-0.5862588124602522,0.01
2,0,all_strict,wholly_unseen,gh80,beta_half_half,20.0,retention_bounded_plus_HU,0.1,6af75daa525968e68fb8d352969dddfe3b92e90b6a86578e4f8560ce19d4e895,82d9d7998a46476edfb5823500e8f5ab1bfe7f4c0f505f552acff0ee46bc5a0d,137,-0.6053438863892346,0.01
2,1,all_strict,wholly_unseen,gh80,beta_half_half,20.0,retention_bounded_plus_HU,0.0,720abc63837a1c45a58674d554acfed0556ae646781babf1ab0907514d9f87bd,61c200ba4ecda0e4c24a95d6079e42b67ba92370f7902c03051b761d9a13dbce,136,-0.5964476579883007,0.01
2,1,all_strict,wholly_unseen,gh80,beta_half_half,20.0,retention_bounded_plus_HU,0.0001,720abc63837a1c45a58674d554acfed0556ae646781babf1ab0907514d9f87bd,cf1576c8ec0a17377d06b26d784c96cbc56acd5f12e0c7d428054de044ae5392,136,-0.5955558008795742,0.01
2,1,all_strict,wholly_unseen,gh80,beta_half_half,20.0,retention_bounded_plus_HU,0.001,720abc63837a1c45a58674d554acfed0556ae646781babf1ab0907514d9f87bd,f5a4fae48e3ff5957bb93e498fe97f1be52b28d7ae1537b5edef287042ed0958,136,-0.5964069113708654,0.01
2,1,all_strict,wholly_unseen,gh80,beta_half_half,20.0,retention_bounded_plus_HU,0.01,720abc63837a1c45a58674d554acfed0556ae646781babf1ab0907514d9f87bd,2cddf5ad026a6a932a070260183e5cc6e6cf218c948a097a943d0882a5aa7fd9,136,-0.5862588124602522,0.01
2,1,all_strict,wholly_unseen,gh80,beta_half_half,20.0,retention_bounded_plus_HU,0.1,720abc63837a1c45a58674d554acfed0556ae646781babf1ab0907514d9f87bd,9435ec2ae657a2e518d4f88544cf8c259000053c966bafdba066b2705b62d444,136,-0.6053438863892346,0.01
2,2,all_strict,wholly_unseen,gh80,beta_half_half,20.0,retention_bounded_plus_HU,0.0,46b216ba26aa11acaa5d3f570ff995f2e06b4023e6af3be0a5801b3a981e0482,ca75f8f0d467f75b1887da17cf0c6c28be2094a52d689eb0b5234a13d7f101fa,139,-0.5964476579883007,0.01
2,2,all_strict,wholly_unseen,gh80,beta_half_half,20.0,retention_bounded_plus_HU,0.0001,46b216ba26aa11acaa5d3f570ff995f2e06b4023e6af3be0a5801b3a981e0482,7e153543fd8e44a315da6c66d3e27684a34e253cc8d299c8406c062869f7f0a6,139,-0.5955558008795742,0.01
2,2,all_strict,wholly_unseen,gh80,beta_half_half,20.0,retention_bounded_plus_HU,0.001,46b216ba26aa11acaa5d3f570ff995f2e06b4023e6af3be0a5801b3a981e0482,54df7cf678ad3147810b4c2fc0e0a5312bdd4b3424aa294c1cdceb4a1c652afd,139,-0.5964069113708654,0.01
2,2,all_strict,wholly_unseen,gh80,beta_half_half,20.0,retention_bounded_plus_HU,0.01,46b216ba26aa11acaa5d3f570ff995f2e06b4023e6af3be0a5801b3a981e0482,52d06914d879764da9e49990d0ea4df18e1c106278443c8e9dfa5bc72bed5da6,139,-0.5862588124602522,0.01
2,2,all_strict,wholly_unseen,gh80,beta_half_half,20.0,retention_bounded_plus_HU,0.1,46b216ba26aa11acaa5d3f570ff995f2e06b4023e6af3be0a5801b3a981e0482,442c0f675a0f4c36befd0548ed94f5780f581b44ebee250d56f6a4c51d9fe243,139,-0.6053438863892346,0.01
2,0,all_agreeing_offsets,side_informed,laplace,beta_half_half,20.0,retention_bounded,0.0,6af75daa525968e68fb8d352969dddfe3b92e90b6a86578e4f8560ce19d4e895,071543843a77b3a13ee5f92d3e64702afe555124d0e033daaeab38c4772a75f6,137,-0.3343269877368562,0.01
2,0,all_agreeing_offsets,side_informed,laplace,beta_half_half,20.0,retention_bounded,0.0001,6af75daa525968e68fb8d352969dddfe3b92e90b6a86578e4f8560ce19d4e895,279c6f35769e27fa2eebdc0f0c913ed8339a0a7cff8e888d671546bd134b5256,137,-0.3333529217755559,0.01
2,0,all_agreeing_offsets,side_informed,laplace,beta_half_half,20.0,retention_bounded,0.001,6af75daa525968e68fb8d352969dddfe3b92e90b6a86578e4f8560ce19d4e895,d569daafedd241944ac41046b9bad3a038853451aab9c3f1d5d706ea83a902fe,137,-0.3264613033765539,0.01
2,0,all_agreeing_offsets,side_informed,laplace,beta_half_half,20.0,retention_bounded,0.01,6af75daa525968e68fb8d352969dddfe3b92e90b6a86578e4f8560ce19d4e895,927073b268471b8bed5ee353b3c1f6429c8cd50e65871f34e4c1b33a9140ef43,137,-0.3061022516608128,0.01
2,0,all_agreeing_offsets,side_informed,laplace,beta_half_half,20.0,retention_bounded,0.1,6af75daa525968e68fb8d352969dddfe3b92e90b6a86578e4f8560ce19d4e895,b47eb6250ec3fd2abd5f7642559a80e07327c499953aff70279c1743427a1135,137,-0.34528814887728904,0.01
2,1,all_agreeing_offsets,side_informed,laplace,beta_half_half,20.0,retention_bounded,0.0,720abc63837a1c45a58674d554acfed0556ae646781babf1ab0907514d9f87bd,f2cbaf71f4689bc29018248df119423d2cb340993db36adadeb648cbbed393c5,136,-0.3343269877368562,0.01
2,1,all_agreeing_offsets,side_informed,laplace,beta_half_half,20.0,retention_bounded,0.0001,720abc63837a1c45a58674d554acfed0556ae646781babf1ab0907514d9f87bd,f10ca5228a2d2300c6a9152acfee80063321b9df0996b7a4d05a74c42e27c5fc,136,-0.3333529217755559,0.01
2,1,all_agreeing_offsets,side_informed,laplace,beta_half_half,20.0,retention_bounded,0.001,720abc63837a1c45a58674d554acfed0556ae646781babf1ab0907514d9f87bd,bc7e093da9cf75c8ac382e1e8371e27ce8060ba473a4ac0865d9e9c222714aad,136,-0.3264613033765539,0.01
2,1,all_agreeing_offsets,side_informed,laplace,beta_half_half,20.0,retention_bounded,0.01,720abc63837a1c45a58674d554acfed0556ae646781babf1ab0907514d9f87bd,f96e28d5faa04b11c89b16be32a00652c4f8ad872f5bc9448638e00994236e1d,136,-0.3061022516608128,0.01
2,1,all_agreeing_offsets,side_informed,laplace,beta_half_half,20.0,retention_bounded,0.1,720abc63837a1c45a58674d554acfed0556ae646781babf1ab0907514d9f87bd,d9301a6fe27dcc01132c8769d76d84e5b710235c98afc2ae0a6ca689ab4dd45b,136,-0.34528814887728904,0.01
2,2,all_agreeing_offsets,side_informed,laplace,beta_half_half,20.0,retention_bounded,0.0,46b216ba26aa11acaa5d3f570ff995f2e06b4023e6af3be0a5801b3a981e0482,25fe0b65ae76aaac3cd3b17ff05dee52080198407bdd8f9be4cc405fc52f07d3,139,-0.3343269877368562,0.01
2,2,all_agreeing_offsets,side_informed,laplace,beta_half_half,20.0,retention_bounded,0.0001,46b216ba26aa11acaa5d3f570ff995f2e06b4023e6af3be0a5801b3a981e0482,536b1be6570bea0f128254fb092d3987b738adfe416612924aa3689ab47372ba,139,-0.3333529217755559,0.01
2,2,all_agreeing_offsets,side_informed,laplace,beta_half_half,20.0,retention_bounded,0.001,46b216ba26aa11acaa5d3f570ff995f2e06b4023e6af3be0a5801b3a981e0482,97e79eba484e0cfec609818041e6eaebdffebff4cc603c82bf5a3fcc11ec0791,139,-0.3264613033765539,0.01
2,2,all_agreeing_offsets,side_informed,laplace,beta_half_half,20.0,retention_bounded,0.01,46b216ba26aa11acaa5d3f570ff995f2e06b4023e6af3be0a5801b3a981e0482,aa74d30bc1bf44351e0263d8a94ef7d9c51f41b927c5c7f3ac88a0d9c893d9ce,139,-0.3061022516608128,0.01
2,2,all_agreeing_offsets,side_informed,laplace,beta_half_half,20.0,retention_bounded,0.1,46b216ba26aa11acaa5d3f570ff995f2e06b4023e6af3be0a5801b3a981e0482,d1e13308708daba1988ba9fb8bad4b72309fd13c85e83fabc732765477e73000,139,-0.34528814887728904,0.01
2,0,all_agreeing_offsets,side_informed,laplace,beta_half_half,20.0,retention_nonnegative,0.0,6af75daa525968e68fb8d352969dddfe3b92e90b6a86578e4f8560ce19d4e895,81a68b533e79121231b3c5c6a6ef14b390e92f5c8a3df266a884c07898188aa6,137,-0.3343269886135328,0.001
2,0,all_agreeing_offsets,side_informed,laplace,beta_half_half,20.0,retention_nonnegative,0.0001,6af75daa525968e68fb8d352969dddfe3b92e90b6a86578e4f8560ce19d4e895,30065aa152ff6b2976846c45cf239a26cce0b729ac4ccd0faa3abf5c48fc5430,137,-0.3332640182874163,0.001
2,0,all_agreeing_offsets,side_informed,laplace,beta_half_half,20.0,retention_nonnegative,0.001,6af75daa525968e68fb8d352969dddfe3b92e90b6a86578e4f8560ce19d4e895,295b93802eab2d4eea9a10f90e34ba34e4c546fad61eb87071a188c1210db2e5,137,-0.3280753250620612,0.001
2,0,all_agreeing_offsets,side_informed,laplace,beta_half_half,20.0,retention_nonnegative,0.01,6af75daa525968e68fb8d352969dddfe3b92e90b6a86578e4f8560ce19d4e895,00dc5969a7a0a86d22e658e9e29476f290b2797b20faf13150beeb3c0b6e4552,137,-0.33246032809023773,0.001
2,0,all_agreeing_offsets,side_informed,laplace,beta_half_half,20.0,retention_nonnegative,0.1,6af75daa525968e68fb8d352969dddfe3b92e90b6a86578e4f8560ce19d4e895,3aa46d95e2965275d299befbdf0987e9ca2e3a7c0572127248d67965a5dfbb38,137,-0.4112156982261816,0.001
2,1,all_agreeing_offsets,side_informed,laplace,beta_half_half,20.0,retention_nonnegative,0.0,720abc63837a1c45a58674d554acfed0556ae646781babf1ab0907514d9f87bd,7242b070209b9fdfaf5d5c3882b4d93e09018dc361de5500f21df2b2bf103b3e,136,-0.3343269886135328,0.001
2,1,all_agreeing_offsets,side_informed,laplace,beta_half_half,20.0,retention_nonnegative,0.0001,720abc63837a1c45a58674d554acfed0556ae646781babf1ab0907514d9f87bd,e02b28ee2570b377c310e1aec15e4edf9c8b27f649d518c3f3ae9bea5f418b62,136,-0.3332640182874163,0.001
2,1,all_agreeing_offsets,side_informed,laplace,beta_half_half,20.0,retention_nonnegative,0.001,720abc63837a1c45a58674d554acfed0556ae646781babf1ab0907514d9f87bd,d7bbafc50d6e321a6b5cb5311433580f68af25e5f34117386eb8851211c2456f,136,-0.3280753250620612,0.001
2,1,all_agreeing_offsets,side_informed,laplace,beta_half_half,20.0,retention_nonnegative,0.01,720abc63837a1c45a58674d554acfed0556ae646781babf1ab0907514d9f87bd,166ad1a1c2a37f7843591e561542b4bede6657fb863a5a38f7d7ffa4a113feaf,136,-0.33246032809023773,0.001
2,1,all_agreeing_offsets,side_informed,laplace,beta_half_half,20.0,retention_nonnegative,0.1,720abc63837a1c45a58674d554acfed0556ae646781babf1ab0907514d9f87bd,9b27b0a1e951a9008c113dd36732594989af5bee767b60f4afba750ff1131c2c,136,-0.4112156982261816,0.001
2,2,all_agreeing_offsets,side_informed,laplace,beta_half_half,20.0,retention_nonnegative,0.0,46b216ba26aa11acaa5d3f570ff995f2e06b4023e6af3be0a5801b3a981e0482,fe3a1d0802a63f0b9b54d4aad73305f35f3a1729057c243e7d3fa71f1e492a7d,139,-0.3343269886135328,0.001
2,2,all_agreeing_offsets,side_informed,laplace,beta_half_half,20.0,retention_nonnegative,0.0001,46b216ba26aa11acaa5d3f570ff995f2e06b4023e6af3be0a5801b3a981e0482,a8f1f1dc9a1277756a444f38be4bff030c63dbd45e91fdb2714a6a52b738b123,139,-0.3332640182874163,0.001
2,2,all_agreeing_offsets,side_informed,laplace,beta_half_half,20.0,retention_nonnegative,0.001,46b216ba26aa11acaa5d3f570ff995f2e06b4023e6af3be0a5801b3a981e0482,aeb2a8aeac68af61e5131d6cf6b509520bd7d4c845b5a80c7bfe28e05b90782f,139,-0.3280753250620612,0.001
2,2,all_agreeing_offsets,side_informed,laplace,beta_half_half,20.0,retention_nonnegative,0.01,46b216ba26aa11acaa5d3f570ff995f2e06b4023e6af3be0a5801b3a981e0482,09d078be439564aa95d5c062b1b3e2ca818d9a43d271655a5526ac6ffd7f77a4,139,-0.33246032809023773,0.001
2,2,all_agreeing_offsets,side_informed,laplace,beta_half_half,20.0,retention_nonnegative,0.1,46b216ba26aa11acaa5d3f570ff995f2e06b4023e6af3be0a5801b3a981e0482,15807893a2bcf00dff527bc5b305d75c98b14e0d8d3baf95b34ff4b663eb71a9,139,-0.4112156982261816,0.001
2,0,all_agreeing_offsets,side_informed,laplace,beta_half_half,20.0,current_only,0.0,6af75daa525968e68fb8d352969dddfe3b92e90b6a86578e4f8560ce19d4e895,3c01ac9217979bc615cabd401eec672aac319a4b04b09748ddec5ec3535b18ca,137,-0.5655952668417756,0.01
2,0,all_agreeing_offsets,side_informed,laplace,beta_half_half,20.0,current_only,0.0001,6af75daa525968e68fb8d352969dddfe3b92e90b6a86578e4f8560ce19d4e895,f545edd3e37a042e45d3e14c54ef05e4baf93fbc320fb4e181666dd930d0b2c2,137,-0.5654505878030649,0.01
2,0,all_agreeing_offsets,side_informed,laplace,beta_half_half,20.0,current_only,0.001,6af75daa525968e68fb8d352969dddfe3b92e90b6a86578e4f8560ce19d4e895,e78e036fca93e52163141447b12d5cb1b3e43323af250f63e539d3a1ee639154,137,-0.5642067522949674,0.01
2,0,all_agreeing_offsets,side_informed,laplace,beta_half_half,20.0,current_only,0.01,6af75daa525968e68fb8d352969dddfe3b92e90b6a86578e4f8560ce19d4e895,1038e4429b8edc144862411c67b1d24935d0bc87230010cfdd2e3bdc154d7fae,137,-0.5559635276036786,0.01
2,0,all_agreeing_offsets,side_informed,laplace,beta_half_half,20.0,current_only,0.1,6af75daa525968e68fb8d352969dddfe3b92e90b6a86578e4f8560ce19d4e895,6ab75c5605beb0be519da7427fbb18d2dff3abc7de89ace7e62675d891779403,137,-0.5672069480698279,0.01
2,1,all_agreeing_offsets,side_informed,laplace,beta_half_half,20.0,current_only,0.0,720abc63837a1c45a58674d554acfed0556ae646781babf1ab0907514d9f87bd,e30f3c8f66256a9785d9d109a1c68a8a5ddffc857d150e2b9fdfa858532a5f24,136,-0.5655952668417756,0.01
2,1,all_agreeing_offsets,side_informed,laplace,beta_half_half,20.0,current_only,0.0001,720abc63837a1c45a58674d554acfed0556ae646781babf1ab0907514d9f87bd,7890ae6ccd4f80d98a10b8c5f69dd61e3789c69a849642d8aa52a8e0b6a1825c,136,-0.5654505878030649,0.01
2,1,all_agreeing_offsets,side_informed,laplace,beta_half_half,20.0,current_only,0.001,720abc63837a1c45a58674d554acfed0556ae646781babf1ab0907514d9f87bd,9bfc801f043039ce31d1ca575f0c38028485f638355205c7c819bac83ecc1996,136,-0.5642067522949674,0.01
2,1,all_agreeing_offsets,side_informed,laplace,beta_half_half,20.0,current_only,0.01,720abc63837a1c45a58674d554acfed0556ae646781babf1ab0907514d9f87bd,287e238f68542b226386ebe351c8785069207271d9423de5c8e91fcf8e59d71a,136,-0.5559635276036786,0.01
2,1,all_agreeing_offsets,side_informed,laplace,beta_half_half,20.0,current_only,0.1,720abc63837a1c45a58674d554acfed0556ae646781babf1ab0907514d9f87bd,3558200e62b6f499f6e9993cea861c011f2b430127e10efe9e26396a601bb85d,136,-0.5672069480698279,0.01
2,2,all_agreeing_offsets,side_informed,laplace,beta_half_half,20.0,current_only,0.0,46b216ba26aa11acaa5d3f570ff995f2e06b4023e6af3be0a5801b3a981e0482,b4296c234ca29962dda4d56e0615a8e39d20630c878349419ad508d411ce7ed7,139,-0.5655952668417756,0.01
2,2,all_agreeing_offsets,side_informed,laplace,beta_half_half,20.0,current_only,0.0001,46b216ba26aa11acaa5d3f570ff995f2e06b4023e6af3be0a5801b3a981e0482,cf9178fe98f968d20b1d84a73d24f93dd2e9aceaf35fd607f2a7b76abedbd9c7,139,-0.5654505878030649,0.01
2,2,all_agreeing_offsets,side_informed,laplace,beta_half_half,20.0,current_only,0.001,46b216ba26aa11acaa5d3f570ff995f2e06b4023e6af3be0a5801b3a981e0482,aada04c66b30eb4fa48557e7fa5a625dd815bf0242510fc1c42979ca40da58dc,139,-0.5642067522949674,0.01
2,2,all_agreeing_offsets,side_informed,laplace,beta_half_half,20.0,current_only,0.01,46b216ba26aa11acaa5d3f570ff995f2e06b4023e6af3be0a5801b3a981e0482,dd5debbd3d3d85b0b80b7b23360e167836bcf033c477dcb3dcdc85cfc876d00e,139,-0.5559635276036786,0.01
2,2,all_agreeing_offsets,side_informed,laplace,beta_half_half,20.0,current_only,0.1,46b216ba26aa11acaa5d3f570ff995f2e06b4023e6af3be0a5801b3a981e0482,a59e2107ffaa4dfab11f7fd02d1afe0699cc4947cdaff6f3dd7528cac2168683,139,-0.5672069480698279,0.01
2,0,all_agreeing_offsets,side_informed,laplace,beta_half_half,20.0,input_plus_surface,0.0,6af75daa525968e68fb8d352969dddfe3b92e90b6a86578e4f8560ce19d4e895,f5a3c32dd30355679ffdcec4fc51b3a1d90ad1b447353ef6b70ec1db1c716f6f,137,-0.3311794343825179,0.01
2,0,all_agreeing_offsets,side_informed,laplace,beta_half_half,20.0,input_plus_surface,0.0001,6af75daa525968e68fb8d352969dddfe3b92e90b6a86578e4f8560ce19d4e895,eca6796068efd038f5d096c58db4936dbd4f01134a67104d8d1fc7c13964d423,137,-0.3298798697140166,0.01
2,0,all_agreeing_offsets,side_informed,laplace,beta_half_half,20.0,input_plus_surface,0.001,6af75daa525968e68fb8d352969dddfe3b92e90b6a86578e4f8560ce19d4e895,60d25d4949a7b0ad3df72c008aef977581439bfd822b5657e621e00b71f4d6dc,137,-0.3215866905628588,0.01
2,0,all_agreeing_offsets,side_informed,laplace,beta_half_half,20.0,input_plus_surface,0.01,6af75daa525968e68fb8d352969dddfe3b92e90b6a86578e4f8560ce19d4e895,6e2c99cbf4e63baa8699ee6ae0ea469a731524746ec6052752f8d167c0bf0a4a,137,-0.30384903148633163,0.01
2,0,all_agreeing_offsets,side_informed,laplace,beta_half_half,20.0,input_plus_surface,0.1,6af75daa525968e68fb8d352969dddfe3b92e90b6a86578e4f8560ce19d4e895,83814ae7bf0b30c1e2a567c2d90f6b85aae6058587c07c5e94fbc189aa8881f0,137,-0.361401292727435,0.01
2,1,all_agreeing_offsets,side_informed,laplace,beta_half_half,20.0,input_plus_surface,0.0,720abc63837a1c45a58674d554acfed0556ae646781babf1ab0907514d9f87bd,b0b59ab8497c50f39d40a56c1ff42bae6a60fcde741099128c8c6fc18ca328f2,136,-0.3311794343825179,0.01
2,1,all_agreeing_offsets,side_informed,laplace,beta_half_half,20.0,input_plus_surface,0.0001,720abc63837a1c45a58674d554acfed0556ae646781babf1ab0907514d9f87bd,e5962126033a53958455619611dbe26b0614332f836717b60066acaee86d27bf,136,-0.3298798697140166,0.01
2,1,all_agreeing_offsets,side_informed,laplace,beta_half_half,20.0,input_plus_surface,0.001,720abc63837a1c45a58674d554acfed0556ae646781babf1ab0907514d9f87bd,6614361cc042735730ebd629489f71ff07e0caaa98e8f3ff9738d0fd88a39443,136,-0.3215866905628588,0.01
2,1,all_agreeing_offsets,side_informed,laplace,beta_half_half,20.0,input_plus_surface,0.01,720abc63837a1c45a58674d554acfed0556ae646781babf1ab0907514d9f87bd,59cdd9a4b9b97848be33724c9241fba54534c9b74babedabfda7e9f3414f70b1,136,-0.30384903148633163,0.01
2,1,all_agreeing_offsets,side_informed,laplace,beta_half_half,20.0,input_plus_surface,0.1,720abc63837a1c45a58674d554acfed0556ae646781babf1ab0907514d9f87bd,0bd04aa20182a0c406c67629062fa5f7b64d9fc83f155b70e0b09c1676d01a8a,136,-0.361401292727435,0.01
2,2,all_agreeing_offsets,side_informed,laplace,beta_half_half,20.0,input_plus_surface,0.0,46b216ba26aa11acaa5d3f570ff995f2e06b4023e6af3be0a5801b3a981e0482,ad3d7d019d0f0a5d5cb57244037690142461fac73c57933c1a22879a746c68be,139,-0.3311794343825179,0.01
2,2,all_agreeing_offsets,side_informed,laplace,beta_half_half,20.0,input_plus_surface,0.0001,46b216ba26aa11acaa5d3f570ff995f2e06b4023e6af3be0a5801b3a981e0482,bc578485d0fe8c85ae5041566547a0859ac602791e9be1880680f2e04139133a,139,-0.3298798697140166,0.01
2,2,all_agreeing_offsets,side_informed,laplace,beta_half_half,20.0,input_plus_surface,0.001,46b216ba26aa11acaa5d3f570ff995f2e06b4023e6af3be0a5801b3a981e0482,570fa79f1046bda013f0c9f4797818bd69ea91f2ad297a0b12da216f74619f76,139,-0.3215866905628588,0.01
2,2,all_agreeing_offsets,side_informed,laplace,beta_half_half,20.0,input_plus_surface,0.01,46b216ba26aa11acaa5d3f570ff995f2e06b4023e6af3be0a5801b3a981e0482,e36577b999b51d5cc2079e43acc9ec4cf7e97e985dfd8cde08137f2df5fde4be,139,-0.30384903148633163,0.01
2,2,all_agreeing_offsets,side_informed,laplace,beta_half_half,20.0,input_plus_surface,0.1,46b216ba26aa11acaa5d3f570ff995f2e06b4023e6af3be0a5801b3a981e0482,b45918f5e174994ede7096cb219376087f12f2ee71ea10ff73fee61cc80f4488,139,-0.361401292727435,0.01
2,0,all_agreeing_offsets,side_informed,laplace,beta_half_half,20.0,HU_plus_surface,0.0,6af75daa525968e68fb8d352969dddfe3b92e90b6a86578e4f8560ce19d4e895,1440e5f12a6e9d57025a441d32c1b7fa89946e8dd317d510cde38a92d4455d7b,137,-0.3011054087673655,0.01
2,0,all_agreeing_offsets,side_informed,laplace,beta_half_half,20.0,HU_plus_surface,0.0001,6af75daa525968e68fb8d352969dddfe3b92e90b6a86578e4f8560ce19d4e895,7746edbbd234d0f8e7e3d00cb8a166a475a26a9c045e5cec950c167d04349aa5,137,-0.2997664482318854,0.01
2,0,all_agreeing_offsets,side_informed,laplace,beta_half_half,20.0,HU_plus_surface,0.001,6af75daa525968e68fb8d352969dddfe3b92e90b6a86578e4f8560ce19d4e895,1de1605545759062800b96bf4737397ac1aabb3190e6c89b1f6c5dad71cc5f8e,137,-0.2921132141740039,0.01
2,0,all_agreeing_offsets,side_informed,laplace,beta_half_half,20.0,HU_plus_surface,0.01,6af75daa525968e68fb8d352969dddfe3b92e90b6a86578e4f8560ce19d4e895,dfffe6a054294fb59bafb7b347250ae155f4be3b147ec91cadb3dcc9781175f4,137,-0.28141408713920735,0.01
2,0,all_agreeing_offsets,side_informed,laplace,beta_half_half,20.0,HU_plus_surface,0.1,6af75daa525968e68fb8d352969dddfe3b92e90b6a86578e4f8560ce19d4e895,d29b0878212d55b627450610904e45e05254da592ccfdd0b9aadc42822e8951e,137,-0.3520207342863099,0.01
2,1,all_agreeing_offsets,side_informed,laplace,beta_half_half,20.0,HU_plus_surface,0.0,720abc63837a1c45a58674d554acfed0556ae646781babf1ab0907514d9f87bd,34f48045bae1c2d9750ae079abbd7436b871c3f3e57e370d35316ee1dd70b502,136,-0.3011054087673655,0.01
2,1,all_agreeing_offsets,side_informed,laplace,beta_half_half,20.0,HU_plus_surface,0.0001,720abc63837a1c45a58674d554acfed0556ae646781babf1ab0907514d9f87bd,617d21407319745d06a08160699a7234babb507d14b155c041410d34d3bf1ad5,136,-0.2997664482318854,0.01
2,1,all_agreeing_offsets,side_informed,laplace,beta_half_half,20.0,HU_plus_surface,0.001,720abc63837a1c45a58674d554acfed0556ae646781babf1ab0907514d9f87bd,802400bcf271c339de987c70fedf5a5e2f80ead09d4e6dbf00ee3ad28cfdbbba,136,-0.2921132141740039,0.01
2,1,all_agreeing_offsets,side_informed,laplace,beta_half_half,20.0,HU_plus_surface,0.01,720abc63837a1c45a58674d554acfed0556ae646781babf1ab0907514d9f87bd,79b35899cef68711aed7428b45cd3caedc5d304a7cd7c19455bda1a0cfdb6ca8,136,-0.28141408713920735,0.01
2,1,all_agreeing_offsets,side_informed,laplace,beta_half_half,20.0,HU_plus_surface,0.1,720abc63837a1c45a58674d554acfed0556ae646781babf1ab0907514d9f87bd,b713f6ec32d058d40ce2a9668815b8b91b0da941ca63caaedfabfdcba8a0231e,136,-0.3520207342863099,0.01
2,2,all_agreeing_offsets,side_informed,laplace,beta_half_half,20.0,HU_plus_surface,0.0,46b216ba26aa11acaa5d3f570ff995f2e06b4023e6af3be0a5801b3a981e0482,9c7cd6376c6530f09169316ab40dd8847879028adcf925a0976afd8dc3762713,139,-0.3011054087673655,0.01
2,2,all_agreeing_offsets,side_informed,laplace,beta_half_half,20.0,HU_plus_surface,0.0001,46b216ba26aa11acaa5d3f570ff995f2e06b4023e6af3be0a5801b3a981e0482,4a3830af8ebeeb2dd3267eed616e6b4ee352b55b1d225a8a359732ee71db406a,139,-0.2997664482318854,0.01
2,2,all_agreeing_offsets,side_informed,laplace,beta_half_half,20.0,HU_plus_surface,0.001,46b216ba26aa11acaa5d3f570ff995f2e06b4023e6af3be0a5801b3a981e0482,2ada5e36081d5c3f5b90ae934be23992894e56c449244e61227a6200d70c0fe6,139,-0.2921132141740039,0.01
2,2,all_agreeing_offsets,side_informed,laplace,beta_half_half,20.0,HU_plus_surface,0.01,46b216ba26aa11acaa5d3f570ff995f2e06b4023e6af3be0a5801b3a981e0482,8ab6eb9485f3c7b10a5eed1bd5f47f34388606e61f121a1983663a64546f743e,139,-0.28141408713920735,0.01
2,2,all_agreeing_offsets,side_informed,laplace,beta_half_half,20.0,HU_plus_surface,0.1,46b216ba26aa11acaa5d3f570ff995f2e06b4023e6af3be0a5801b3a981e0482,549e9d78b002f70458ebcd6169c5ddafbc221e584dcf9b369504d21ec3aa749b,139,-0.3520207342863099,0.01
2,0,all_agreeing_offsets,side_informed,laplace,beta_half_half,20.0,retention_bounded_plus_HU,0.0,6af75daa525968e68fb8d352969dddfe3b92e90b6a86578e4f8560ce19d4e895,3ef74fb9858e20e4e19adc5a160e3c092eeeb0a303a113ac68d1ef0aa6eef356,137,-0.2921050368100726,0.01
2,0,all_agreeing_offsets,side_informed,laplace,beta_half_half,20.0,retention_bounded_plus_HU,0.0001,6af75daa525968e68fb8d352969dddfe3b92e90b6a86578e4f8560ce19d4e895,b621a2d77f4d5ee04bef4b5c2a2edb1130165c4f85b3eb8f74d5bdbeec149074,137,-0.29131575743759974,0.01
2,0,all_agreeing_offsets,side_informed,laplace,beta_half_half,20.0,retention_bounded_plus_HU,0.001,6af75daa525968e68fb8d352969dddfe3b92e90b6a86578e4f8560ce19d4e895,e6f10b34b42cddf6b6c5e7749f6daf344e7756a4cc20a2a52c17ea37841012cc,137,-0.29161702943642526,0.01
2,0,all_agreeing_offsets,side_informed,laplace,beta_half_half,20.0,retention_bounded_plus_HU,0.01,6af75daa525968e68fb8d352969dddfe3b92e90b6a86578e4f8560ce19d4e895,abb650ed615f05854adbc778a4555968f6eba3a5d7e09a0459ab07440843ab80,137,-0.28925750702110786,0.01
2,0,all_agreeing_offsets,side_informed,laplace,beta_half_half,20.0,retention_bounded_plus_HU,0.1,6af75daa525968e68fb8d352969dddfe3b92e90b6a86578e4f8560ce19d4e895,45801773768addf1e17f8e1716c0bb6c2ac918696bca47c09c244acdaa7cdfd8,137,-0.31757769722911744,0.01
2,1,all_agreeing_offsets,side_informed,laplace,beta_half_half,20.0,retention_bounded_plus_HU,0.0,720abc63837a1c45a58674d554acfed0556ae646781babf1ab0907514d9f87bd,122a3ad222902e6c561fbed49070feb6d434823c2864963bbb848b6276d55653,136,-0.2921050368100726,0.01
2,1,all_agreeing_offsets,side_informed,laplace,beta_half_half,20.0,retention_bounded_plus_HU,0.0001,720abc63837a1c45a58674d554acfed0556ae646781babf1ab0907514d9f87bd,8fa121b4e9d63e23d7caba6deaf80243cd954ff5253bf5a0983754f73861e679,136,-0.29131575743759974,0.01
2,1,all_agreeing_offsets,side_informed,laplace,beta_half_half,20.0,retention_bounded_plus_HU,0.001,720abc63837a1c45a58674d554acfed0556ae646781babf1ab0907514d9f87bd,31df47ad224c29f2c055d3e60119e380125e499ef9604d1edc9048f845da7548,136,-0.29161702943642526,0.01
2,1,all_agreeing_offsets,side_informed,laplace,beta_half_half,20.0,retention_bounded_plus_HU,0.01,720abc63837a1c45a58674d554acfed0556ae646781babf1ab0907514d9f87bd,471f33bc85a975881827b647c36836be9c38c51d674799042cfdf7f25afdc978,136,-0.28925750702110786,0.01
2,1,all_agreeing_offsets,side_informed,laplace,beta_half_half,20.0,retention_bounded_plus_HU,0.1,720abc63837a1c45a58674d554acfed0556ae646781babf1ab0907514d9f87bd,033d5b3f710615e77d474c0c862c70bcad18a2792f3235c4ffbcf7505be1f72b,136,-0.31757769722911744,0.01
2,2,all_agreeing_offsets,side_informed,laplace,beta_half_half,20.0,retention_bounded_plus_HU,0.0,46b216ba26aa11acaa5d3f570ff995f2e06b4023e6af3be0a5801b3a981e0482,0d74440c1a2c085b81469a31c790813afe8f678a0a57def7e187b50491719cea,139,-0.2921050368100726,0.01
2,2,all_agreeing_offsets,side_informed,laplace,beta_half_half,20.0,retention_bounded_plus_HU,0.0001,46b216ba26aa11acaa5d3f570ff995f2e06b4023e6af3be0a5801b3a981e0482,d8b2efdbf0a6221505cc360cbe8c170ce2ebb8fba49077408c01a65f64b841af,139,-0.29131575743759974,0.01
2,2,all_agreeing_offsets,side_informed,laplace,beta_half_half,20.0,retention_bounded_plus_HU,0.001,46b216ba26aa11acaa5d3f570ff995f2e06b4023e6af3be0a5801b3a981e0482,508c69806191efb319696afc558b375cc059dc0b4414a54f3a456ba620bd7792,139,-0.29161702943642526,0.01
2,2,all_agreeing_offsets,side_informed,laplace,beta_half_half,20.0,retention_bounded_plus_HU,0.01,46b216ba26aa11acaa5d3f570ff995f2e06b4023e6af3be0a5801b3a981e0482,8f4d63f5e44be8d5435e7dbc0e82a898f1c266c989771c22920ccaf06973059d,139,-0.28925750702110786,0.01
2,2,all_agreeing_offsets,side_informed,laplace,beta_half_half,20.0,retention_bounded_plus_HU,0.1,46b216ba26aa11acaa5d3f570ff995f2e06b4023e6af3be0a5801b3a981e0482,a1cfdf69d3c0fef0a01b7a5007789bcb075b6451b46c3520c5d452d621522118,139,-0.31757769722911744,0.01
2,0,all_agreeing_offsets,side_informed,gh80,beta_half_half,20.0,HU_plus_surface,0.0,6af75daa525968e68fb8d352969dddfe3b92e90b6a86578e4f8560ce19d4e895,b9afe921738d4263ab0e0ab25357c836b0f7b0a8900685740fdc2ca3ecf5a045,137,-0.30181043435224364,0.01
2,0,all_agreeing_offsets,side_informed,gh80,beta_half_half,20.0,HU_plus_surface,0.0001,6af75daa525968e68fb8d352969dddfe3b92e90b6a86578e4f8560ce19d4e895,55364f237fc47f2f9241341ec11ebb8681aa40231686a588d5ccc9f81b063946,137,-0.30065521158202346,0.01
2,0,all_agreeing_offsets,side_informed,gh80,beta_half_half,20.0,HU_plus_surface,0.001,6af75daa525968e68fb8d352969dddfe3b92e90b6a86578e4f8560ce19d4e895,270f14c12a010960f778d159ee3ceda96ea3e298f26be339505301e262e46c8f,137,-0.2937896114685044,0.01
2,0,all_agreeing_offsets,side_informed,gh80,beta_half_half,20.0,HU_plus_surface,0.01,6af75daa525968e68fb8d352969dddfe3b92e90b6a86578e4f8560ce19d4e895,ed2498eed2444fc507a5cf4e0be8c318589055a12a9457d2016a44001d5d18ae,137,-0.28402697515390424,0.01
2,0,all_agreeing_offsets,side_informed,gh80,beta_half_half,20.0,HU_plus_surface,0.1,6af75daa525968e68fb8d352969dddfe3b92e90b6a86578e4f8560ce19d4e895,9ac28e9a5cae4ab9d6c435259005cd99f1c1f19a668ee23ba3c7c303651c2258,137,-0.35479017643612537,0.01
2,1,all_agreeing_offsets,side_informed,gh80,beta_half_half,20.0,HU_plus_surface,0.0,720abc63837a1c45a58674d554acfed0556ae646781babf1ab0907514d9f87bd,e28688a56bf90f9f9433b6df3b59672e4818fb8651997837dcf1f3b40d99a424,136,-0.30181043435224364,0.01
2,1,all_agreeing_offsets,side_informed,gh80,beta_half_half,20.0,HU_plus_surface,0.0001,720abc63837a1c45a58674d554acfed0556ae646781babf1ab0907514d9f87bd,67c872604da681ee231100093386810ea77ca12cfd7189018b6b821023a11982,136,-0.30065521158202346,0.01
2,1,all_agreeing_offsets,side_informed,gh80,beta_half_half,20.0,HU_plus_surface,0.001,720abc63837a1c45a58674d554acfed0556ae646781babf1ab0907514d9f87bd,212147c4aee9d78d9ae60eb2541f98057b4af826652c6b8766a2436e60e9e2e3,136,-0.2937896114685044,0.01
2,1,all_agreeing_offsets,side_informed,gh80,beta_half_half,20.0,HU_plus_surface,0.01,720abc63837a1c45a58674d554acfed0556ae646781babf1ab0907514d9f87bd,269ee8d3d7f24b42fbb81c02c1be2702a8454b9896f30fe72ece6a822e3d53ad,136,-0.28402697515390424,0.01
2,1,all_agreeing_offsets,side_informed,gh80,beta_half_half,20.0,HU_plus_surface,0.1,720abc63837a1c45a58674d554acfed0556ae646781babf1ab0907514d9f87bd,faa3c9a6a1715a2055cb876581773c68e7067f965f8c673c4b0b2c4c501bd452,136,-0.35479017643612537,0.01
2,2,all_agreeing_offsets,side_informed,gh80,beta_half_half,20.0,HU_plus_surface,0.0,46b216ba26aa11acaa5d3f570ff995f2e06b4023e6af3be0a5801b3a981e0482,2e0b8d39812c891f0064e9f762724f107435fba377df428678e8237e49b527d9,139,-0.30181043435224364,0.01
2,2,all_agreeing_offsets,side_informed,gh80,beta_half_half,20.0,HU_plus_surface,0.0001,46b216ba26aa11acaa5d3f570ff995f2e06b4023e6af3be0a5801b3a981e0482,493e654a559d327ba1e45d1e594b388948dc8156eb53971338d156090003ac64,139,-0.30065521158202346,0.01
2,2,all_agreeing_offsets,side_informed,gh80,beta_half_half,20.0,HU_plus_surface,0.001,46b216ba26aa11acaa5d3f570ff995f2e06b4023e6af3be0a5801b3a981e0482,eb23edd5b9a0b7ed66545c33b57dbc1dc3b9bccf7b02f5b6f6ca67e259f35c6b,139,-0.2937896114685044,0.01
2,2,all_agreeing_offsets,side_informed,gh80,beta_half_half,20.0,HU_plus_surface,0.01,46b216ba26aa11acaa5d3f570ff995f2e06b4023e6af3be0a5801b3a981e0482,6e12ba431675bb799b9e4d10e0cdbb7fa7eb2779442345af743846aad8a4c6ac,139,-0.28402697515390424,0.01
2,2,all_agreeing_offsets,side_informed,gh80,beta_half_half,20.0,HU_plus_surface,0.1,46b216ba26aa11acaa5d3f570ff995f2e06b4023e6af3be0a5801b3a981e0482,ba02e13c27a9476cec01401c5804f623590fbf3049d0c31d01ad9abaf62b2a4a,139,-0.35479017643612537,0.01
2,0,all_agreeing_offsets,side_informed,gh80,beta_half_half,20.0,retention_bounded_plus_HU,0.0,6af75daa525968e68fb8d352969dddfe3b92e90b6a86578e4f8560ce19d4e895,7dcff637b9378e298bae9c02ce2eb1ddbd1984c77f70aaf2a6f5c29c73f2f5d5,137,-0.30294595766842963,0.01
2,0,all_agreeing_offsets,side_informed,gh80,beta_half_half,20.0,retention_bounded_plus_HU,0.0001,6af75daa525968e68fb8d352969dddfe3b92e90b6a86578e4f8560ce19d4e895,a63d17507e09412309bc0a18501fcd153cd8f6c624107ad2c2b9c60691687b24,137,-0.30213535569187594,0.01
2,0,all_agreeing_offsets,side_informed,gh80,beta_half_half,20.0,retention_bounded_plus_HU,0.001,6af75daa525968e68fb8d352969dddfe3b92e90b6a86578e4f8560ce19d4e895,5096c90a0b2d5d9eca85ae953f554af2439b6313d3294780693b878cf425f752,137,-0.3041128843176827,0.01
2,0,all_agreeing_offsets,side_informed,gh80,beta_half_half,20.0,retention_bounded_plus_HU,0.01,6af75daa525968e68fb8d352969dddfe3b92e90b6a86578e4f8560ce19d4e895,73758711246b86db4fa4f9f035de2194e620dbd08886024ea8eced8e90fc1efb,137,-0.2990939146392268,0.01
2,0,all_agreeing_offsets,side_informed,gh80,beta_half_half,20.0,retention_bounded_plus_HU,0.1,6af75daa525968e68fb8d352969dddfe3b92e90b6a86578e4f8560ce19d4e895,7210d336eb11a442d93ed33b16dc002cc5e32be52e4d8ca5d3bb59805d2ab6c0,137,-0.3229164720478563,0.01
2,1,all_agreeing_offsets,side_informed,gh80,beta_half_half,20.0,retention_bounded_plus_HU,0.0,720abc63837a1c45a58674d554acfed0556ae646781babf1ab0907514d9f87bd,5179abb61bd17f34394fd31318d941a5c7c361765cd63936a41a8a916fde33c7,136,-0.30294595766842963,0.01
2,1,all_agreeing_offsets,side_informed,gh80,beta_half_half,20.0,retention_bounded_plus_HU,0.0001,720abc63837a1c45a58674d554acfed0556ae646781babf1ab0907514d9f87bd,bea6476f82bfc0395459511e5c2f620765c1520c4db8ab0437767138b873f0b9,136,-0.30213535569187594,0.01
2,1,all_agreeing_offsets,side_informed,gh80,beta_half_half,20.0,retention_bounded_plus_HU,0.001,720abc63837a1c45a58674d554acfed0556ae646781babf1ab0907514d9f87bd,8c5a47fd9de3c856911556279471d40aad6d8d8186d277b71cd86dfac7dea978,136,-0.3041128843176827,0.01
2,1,all_agreeing_offsets,side_informed,gh80,beta_half_half,20.0,retention_bounded_plus_HU,0.01,720abc63837a1c45a58674d554acfed0556ae646781babf1ab0907514d9f87bd,ad284c63ff728054f313fb89dd197928b640113a7d2bf6c173026ccc6156feb0,136,-0.2990939146392268,0.01
2,1,all_agreeing_offsets,side_informed,gh80,beta_half_half,20.0,retention_bounded_plus_HU,0.1,720abc63837a1c45a58674d554acfed0556ae646781babf1ab0907514d9f87bd,cf0cc5d804a385cec3d4abd7f3b96fec1c84a0a2832596c2b52e1cf4263be26d,136,-0.3229164720478563,0.01
2,2,all_agreeing_offsets,side_informed,gh80,beta_half_half,20.0,retention_bounded_plus_HU,0.0,46b216ba26aa11acaa5d3f570ff995f2e06b4023e6af3be0a5801b3a981e0482,19a9f058ba73cfcefcfaad8744a13bdceb5d9bfee944a90ba43a82b8f0f8a631,139,-0.30294595766842963,0.01
2,2,all_agreeing_offsets,side_informed,gh80,beta_half_half,20.0,retention_bounded_plus_HU,0.0001,46b216ba26aa11acaa5d3f570ff995f2e06b4023e6af3be0a5801b3a981e0482,a2651d58e0fbf3f728994deb97e755237e9e392ab78ab0597523b866bf9b60c0,139,-0.30213535569187594,0.01
2,2,all_agreeing_offsets,side_informed,gh80,beta_half_half,20.0,retention_bounded_plus_HU,0.001,46b216ba26aa11acaa5d3f570ff995f2e06b4023e6af3be0a5801b3a981e0482,3e8c36277a2f5e77dced30c06d39e5825789d92fd8e0a27cf66542d94a166975,139,-0.3041128843176827,0.01
2,2,all_agreeing_offsets,side_informed,gh80,beta_half_half,20.0,retention_bounded_plus_HU,0.01,46b216ba26aa11acaa5d3f570ff995f2e06b4023e6af3be0a5801b3a981e0482,23754b995a5a24c5d8086fdcaedf2832d0e60b7fb3b874678f5a4eba33ee0c00,139,-0.2990939146392268,0.01
2,2,all_agreeing_offsets,side_informed,gh80,beta_half_half,20.0,retention_bounded_plus_HU,0.1,46b216ba26aa11acaa5d3f570ff995f2e06b4023e6af3be0a5801b3a981e0482,c89cfc04fed7259a7aba4aad3fb33cd409f4c396e94bfd84314fccdb5213c5eb,139,-0.3229164720478563,0.01
2,0,all_agreeing_offsets,wholly_unseen,laplace,beta_half_half,20.0,retention_bounded,0.0,6af75daa525968e68fb8d352969dddfe3b92e90b6a86578e4f8560ce19d4e895,071543843a77b3a13ee5f92d3e64702afe555124d0e033daaeab38c4772a75f6,137,-0.6160010542419524,0.01
2,0,all_agreeing_offsets,wholly_unseen,laplace,beta_half_half,20.0,retention_bounded,0.0001,6af75daa525968e68fb8d352969dddfe3b92e90b6a86578e4f8560ce19d4e895,279c6f35769e27fa2eebdc0f0c913ed8339a0a7cff8e888d671546bd134b5256,137,-0.6148815155864903,0.01
2,0,all_agreeing_offsets,wholly_unseen,laplace,beta_half_half,20.0,retention_bounded,0.001,6af75daa525968e68fb8d352969dddfe3b92e90b6a86578e4f8560ce19d4e895,d569daafedd241944ac41046b9bad3a038853451aab9c3f1d5d706ea83a902fe,137,-0.6068299490660152,0.01
2,0,all_agreeing_offsets,wholly_unseen,laplace,beta_half_half,20.0,retention_bounded,0.01,6af75daa525968e68fb8d352969dddfe3b92e90b6a86578e4f8560ce19d4e895,927073b268471b8bed5ee353b3c1f6429c8cd50e65871f34e4c1b33a9140ef43,137,-0.5835825220835973,0.01
2,0,all_agreeing_offsets,wholly_unseen,laplace,beta_half_half,20.0,retention_bounded,0.1,6af75daa525968e68fb8d352969dddfe3b92e90b6a86578e4f8560ce19d4e895,b47eb6250ec3fd2abd5f7642559a80e07327c499953aff70279c1743427a1135,137,-0.6346469536539915,0.01
2,1,all_agreeing_offsets,wholly_unseen,laplace,beta_half_half,20.0,retention_bounded,0.0,720abc63837a1c45a58674d554acfed0556ae646781babf1ab0907514d9f87bd,f2cbaf71f4689bc29018248df119423d2cb340993db36adadeb648cbbed393c5,136,-0.6160010542419524,0.01
2,1,all_agreeing_offsets,wholly_unseen,laplace,beta_half_half,20.0,retention_bounded,0.0001,720abc63837a1c45a58674d554acfed0556ae646781babf1ab0907514d9f87bd,f10ca5228a2d2300c6a9152acfee80063321b9df0996b7a4d05a74c42e27c5fc,136,-0.6148815155864903,0.01
2,1,all_agreeing_offsets,wholly_unseen,laplace,beta_half_half,20.0,retention_bounded,0.001,720abc63837a1c45a58674d554acfed0556ae646781babf1ab0907514d9f87bd,bc7e093da9cf75c8ac382e1e8371e27ce8060ba473a4ac0865d9e9c222714aad,136,-0.6068299490660152,0.01
2,1,all_agreeing_offsets,wholly_unseen,laplace,beta_half_half,20.0,retention_bounded,0.01,720abc63837a1c45a58674d554acfed0556ae646781babf1ab0907514d9f87bd,f96e28d5faa04b11c89b16be32a00652c4f8ad872f5bc9448638e00994236e1d,136,-0.5835825220835973,0.01
2,1,all_agreeing_offsets,wholly_unseen,laplace,beta_half_half,20.0,retention_bounded,0.1,720abc63837a1c45a58674d554acfed0556ae646781babf1ab0907514d9f87bd,d9301a6fe27dcc01132c8769d76d84e5b710235c98afc2ae0a6ca689ab4dd45b,136,-0.6346469536539915,0.01
2,2,all_agreeing_offsets,wholly_unseen,laplace,beta_half_half,20.0,retention_bounded,0.0,46b216ba26aa11acaa5d3f570ff995f2e06b4023e6af3be0a5801b3a981e0482,25fe0b65ae76aaac3cd3b17ff05dee52080198407bdd8f9be4cc405fc52f07d3,139,-0.6160010542419524,0.01
2,2,all_agreeing_offsets,wholly_unseen,laplace,beta_half_half,20.0,retention_bounded,0.0001,46b216ba26aa11acaa5d3f570ff995f2e06b4023e6af3be0a5801b3a981e0482,536b1be6570bea0f128254fb092d3987b738adfe416612924aa3689ab47372ba,139,-0.6148815155864903,0.01
2,2,all_agreeing_offsets,wholly_unseen,laplace,beta_half_half,20.0,retention_bounded,0.001,46b216ba26aa11acaa5d3f570ff995f2e06b4023e6af3be0a5801b3a981e0482,97e79eba484e0cfec609818041e6eaebdffebff4cc603c82bf5a3fcc11ec0791,139,-0.6068299490660152,0.01
2,2,all_agreeing_offsets,wholly_unseen,laplace,beta_half_half,20.0,retention_bounded,0.01,46b216ba26aa11acaa5d3f570ff995f2e06b4023e6af3be0a5801b3a981e0482,aa74d30bc1bf44351e0263d8a94ef7d9c51f41b927c5c7f3ac88a0d9c893d9ce,139,-0.5835825220835973,0.01
2,2,all_agreeing_offsets,wholly_unseen,laplace,beta_half_half,20.0,retention_bounded,0.1,46b216ba26aa11acaa5d3f570ff995f2e06b4023e6af3be0a5801b3a981e0482,d1e13308708daba1988ba9fb8bad4b72309fd13c85e83fabc732765477e73000,139,-0.6346469536539915,0.01
2,0,all_agreeing_offsets,wholly_unseen,laplace,beta_half_half,20.0,retention_nonnegative,0.0,6af75daa525968e68fb8d352969dddfe3b92e90b6a86578e4f8560ce19d4e895,81a68b533e79121231b3c5c6a6ef14b390e92f5c8a3df266a884c07898188aa6,137,-0.616001055091513,0.001
2,0,all_agreeing_offsets,wholly_unseen,laplace,beta_half_half,20.0,retention_nonnegative,0.0001,6af75daa525968e68fb8d352969dddfe3b92e90b6a86578e4f8560ce19d4e895,30065aa152ff6b2976846c45cf239a26cce0b729ac4ccd0faa3abf5c48fc5430,137,-0.6140599882458534,0.001
2,0,all_agreeing_offsets,wholly_unseen,laplace,beta_half_half,20.0,retention_nonnegative,0.001,6af75daa525968e68fb8d352969dddfe3b92e90b6a86578e4f8560ce19d4e895,295b93802eab2d4eea9a10f90e34ba34e4c546fad61eb87071a188c1210db2e5,137,-0.6057378016781588,0.001
2,0,all_agreeing_offsets,wholly_unseen,laplace,beta_half_half,20.0,retention_nonnegative,0.01,6af75daa525968e68fb8d352969dddfe3b92e90b6a86578e4f8560ce19d4e895,00dc5969a7a0a86d22e658e9e29476f290b2797b20faf13150beeb3c0b6e4552,137,-0.625850004989984,0.001
2,0,all_agreeing_offsets,wholly_unseen,laplace,beta_half_half,20.0,retention_nonnegative,0.1,6af75daa525968e68fb8d352969dddfe3b92e90b6a86578e4f8560ce19d4e895,3aa46d95e2965275d299befbdf0987e9ca2e3a7c0572127248d67965a5dfbb38,137,-0.7282683029604609,0.001
2,1,all_agreeing_offsets,wholly_unseen,laplace,beta_half_half,20.0,retention_nonnegative,0.0,720abc63837a1c45a58674d554acfed0556ae646781babf1ab0907514d9f87bd,7242b070209b9fdfaf5d5c3882b4d93e09018dc361de5500f21df2b2bf103b3e,136,-0.616001055091513,0.001
2,1,all_agreeing_offsets,wholly_unseen,laplace,beta_half_half,20.0,retention_nonnegative,0.0001,720abc63837a1c45a58674d554acfed0556ae646781babf1ab0907514d9f87bd,e02b28ee2570b377c310e1aec15e4edf9c8b27f649d518c3f3ae9bea5f418b62,136,-0.6140599882458534,0.001
2,1,all_agreeing_offsets,wholly_unseen,laplace,beta_half_half,20.0,retention_nonnegative,0.001,720abc63837a1c45a58674d554acfed0556ae646781babf1ab0907514d9f87bd,d7bbafc50d6e321a6b5cb5311433580f68af25e5f34117386eb8851211c2456f,136,-0.6057378016781588,0.001
2,1,all_agreeing_offsets,wholly_unseen,laplace,beta_half_half,20.0,retention_nonnegative,0.01,720abc63837a1c45a58674d554acfed0556ae646781babf1ab0907514d9f87bd,166ad1a1c2a37f7843591e561542b4bede6657fb863a5a38f7d7ffa4a113feaf,136,-0.625850004989984,0.001
2,1,all_agreeing_offsets,wholly_unseen,laplace,beta_half_half,20.0,retention_nonnegative,0.1,720abc63837a1c45a58674d554acfed0556ae646781babf1ab0907514d9f87bd,9b27b0a1e951a9008c113dd36732594989af5bee767b60f4afba750ff1131c2c,136,-0.7282683029604609,0.001
2,2,all_agreeing_offsets,wholly_unseen,laplace,beta_half_half,20.0,retention_nonnegative,0.0,46b216ba26aa11acaa5d3f570ff995f2e06b4023e6af3be0a5801b3a981e0482,fe3a1d0802a63f0b9b54d4aad73305f35f3a1729057c243e7d3fa71f1e492a7d,139,-0.616001055091513,0.001
2,2,all_agreeing_offsets,wholly_unseen,laplace,beta_half_half,20.0,retention_nonnegative,0.0001,46b216ba26aa11acaa5d3f570ff995f2e06b4023e6af3be0a5801b3a981e0482,a8f1f1dc9a1277756a444f38be4bff030c63dbd45e91fdb2714a6a52b738b123,139,-0.6140599882458534,0.001
2,2,all_agreeing_offsets,wholly_unseen,laplace,beta_half_half,20.0,retention_nonnegative,0.001,46b216ba26aa11acaa5d3f570ff995f2e06b4023e6af3be0a5801b3a981e0482,aeb2a8aeac68af61e5131d6cf6b509520bd7d4c845b5a80c7bfe28e05b90782f,139,-0.6057378016781588,0.001
2,2,all_agreeing_offsets,wholly_unseen,laplace,beta_half_half,20.0,retention_nonnegative,0.01,46b216ba26aa11acaa5d3f570ff995f2e06b4023e6af3be0a5801b3a981e0482,09d078be439564aa95d5c062b1b3e2ca818d9a43d271655a5526ac6ffd7f77a4,139,-0.625850004989984,0.001
2,2,all_agreeing_offsets,wholly_unseen,laplace,beta_half_half,20.0,retention_nonnegative,0.1,46b216ba26aa11acaa5d3f570ff995f2e06b4023e6af3be0a5801b3a981e0482,15807893a2bcf00dff527bc5b305d75c98b14e0d8d3baf95b34ff4b663eb71a9,139,-0.7282683029604609,0.001
2,0,all_agreeing_offsets,wholly_unseen,laplace,beta_half_half,20.0,current_only,0.0,6af75daa525968e68fb8d352969dddfe3b92e90b6a86578e4f8560ce19d4e895,3c01ac9217979bc615cabd401eec672aac319a4b04b09748ddec5ec3535b18ca,137,-0.8839572554903314,0.01
2,0,all_agreeing_offsets,wholly_unseen,laplace,beta_half_half,20.0,current_only,0.0001,6af75daa525968e68fb8d352969dddfe3b92e90b6a86578e4f8560ce19d4e895,f545edd3e37a042e45d3e14c54ef05e4baf93fbc320fb4e181666dd930d0b2c2,137,-0.8838125764516208,0.01
2,0,all_agreeing_offsets,wholly_unseen,laplace,beta_half_half,20.0,current_only,0.001,6af75daa525968e68fb8d352969dddfe3b92e90b6a86578e4f8560ce19d4e895,e78e036fca93e52163141447b12d5cb1b3e43323af250f63e539d3a1ee639154,137,-0.8825687409435231,0.01
2,0,all_agreeing_offsets,wholly_unseen,laplace,beta_half_half,20.0,current_only,0.01,6af75daa525968e68fb8d352969dddfe3b92e90b6a86578e4f8560ce19d4e895,1038e4429b8edc144862411c67b1d24935d0bc87230010cfdd2e3bdc154d7fae,137,-0.8743255162522344,0.01
2,0,all_agreeing_offsets,wholly_unseen,laplace,beta_half_half,20.0,current_only,0.1,6af75daa525968e68fb8d352969dddfe3b92e90b6a86578e4f8560ce19d4e895,6ab75c5605beb0be519da7427fbb18d2dff3abc7de89ace7e62675d891779403,137,-0.8855689367183838,0.01
2,1,all_agreeing_offsets,wholly_unseen,laplace,beta_half_half,20.0,current_only,0.0,720abc63837a1c45a58674d554acfed0556ae646781babf1ab0907514d9f87bd,e30f3c8f66256a9785d9d109a1c68a8a5ddffc857d150e2b9fdfa858532a5f24,136,-0.8839572554903314,0.01
2,1,all_agreeing_offsets,wholly_unseen,laplace,beta_half_half,20.0,current_only,0.0001,720abc63837a1c45a58674d554acfed0556ae646781babf1ab0907514d9f87bd,7890ae6ccd4f80d98a10b8c5f69dd61e3789c69a849642d8aa52a8e0b6a1825c,136,-0.8838125764516208,0.01
2,1,all_agreeing_offsets,wholly_unseen,laplace,beta_half_half,20.0,current_only,0.001,720abc63837a1c45a58674d554acfed0556ae646781babf1ab0907514d9f87bd,9bfc801f043039ce31d1ca575f0c38028485f638355205c7c819bac83ecc1996,136,-0.8825687409435231,0.01
2,1,all_agreeing_offsets,wholly_unseen,laplace,beta_half_half,20.0,current_only,0.01,720abc63837a1c45a58674d554acfed0556ae646781babf1ab0907514d9f87bd,287e238f68542b226386ebe351c8785069207271d9423de5c8e91fcf8e59d71a,136,-0.8743255162522344,0.01
2,1,all_agreeing_offsets,wholly_unseen,laplace,beta_half_half,20.0,current_only,0.1,720abc63837a1c45a58674d554acfed0556ae646781babf1ab0907514d9f87bd,3558200e62b6f499f6e9993cea861c011f2b430127e10efe9e26396a601bb85d,136,-0.8855689367183838,0.01
2,2,all_agreeing_offsets,wholly_unseen,laplace,beta_half_half,20.0,current_only,0.0,46b216ba26aa11acaa5d3f570ff995f2e06b4023e6af3be0a5801b3a981e0482,b4296c234ca29962dda4d56e0615a8e39d20630c878349419ad508d411ce7ed7,139,-0.8839572554903314,0.01
2,2,all_agreeing_offsets,wholly_unseen,laplace,beta_half_half,20.0,current_only,0.0001,46b216ba26aa11acaa5d3f570ff995f2e06b4023e6af3be0a5801b3a981e0482,cf9178fe98f968d20b1d84a73d24f93dd2e9aceaf35fd607f2a7b76abedbd9c7,139,-0.8838125764516208,0.01
2,2,all_agreeing_offsets,wholly_unseen,laplace,beta_half_half,20.0,current_only,0.001,46b216ba26aa11acaa5d3f570ff995f2e06b4023e6af3be0a5801b3a981e0482,aada04c66b30eb4fa48557e7fa5a625dd815bf0242510fc1c42979ca40da58dc,139,-0.8825687409435231,0.01
2,2,all_agreeing_offsets,wholly_unseen,laplace,beta_half_half,20.0,current_only,0.01,46b216ba26aa11acaa5d3f570ff995f2e06b4023e6af3be0a5801b3a981e0482,dd5debbd3d3d85b0b80b7b23360e167836bcf033c477dcb3dcdc85cfc876d00e,139,-0.8743255162522344,0.01
2,2,all_agreeing_offsets,wholly_unseen,laplace,beta_half_half,20.0,current_only,0.1,46b216ba26aa11acaa5d3f570ff995f2e06b4023e6af3be0a5801b3a981e0482,a59e2107ffaa4dfab11f7fd02d1afe0699cc4947cdaff6f3dd7528cac2168683,139,-0.8855689367183838,0.01
2,0,all_agreeing_offsets,wholly_unseen,laplace,beta_half_half,20.0,input_plus_surface,0.0,6af75daa525968e68fb8d352969dddfe3b92e90b6a86578e4f8560ce19d4e895,f5a3c32dd30355679ffdcec4fc51b3a1d90ad1b447353ef6b70ec1db1c716f6f,137,-0.6102330795236298,0.01
2,0,all_agreeing_offsets,wholly_unseen,laplace,beta_half_half,20.0,input_plus_surface,0.0001,6af75daa525968e68fb8d352969dddfe3b92e90b6a86578e4f8560ce19d4e895,eca6796068efd038f5d096c58db4936dbd4f01134a67104d8d1fc7c13964d423,137,-0.6089080940727529,0.01
2,0,all_agreeing_offsets,wholly_unseen,laplace,beta_half_half,20.0,input_plus_surface,0.001,6af75daa525968e68fb8d352969dddfe3b92e90b6a86578e4f8560ce19d4e895,60d25d4949a7b0ad3df72c008aef977581439bfd822b5657e621e00b71f4d6dc,137,-0.6011144922422753,0.01
2,0,all_agreeing_offsets,wholly_unseen,laplace,beta_half_half,20.0,input_plus_surface,0.01,6af75daa525968e68fb8d352969dddfe3b92e90b6a86578e4f8560ce19d4e895,6e2c99cbf4e63baa8699ee6ae0ea469a731524746ec6052752f8d167c0bf0a4a,137,-0.5901491605599403,0.01
2,0,all_agreeing_offsets,wholly_unseen,laplace,beta_half_half,20.0,input_plus_surface,0.1,6af75daa525968e68fb8d352969dddfe3b92e90b6a86578e4f8560ce19d4e895,83814ae7bf0b30c1e2a567c2d90f6b85aae6058587c07c5e94fbc189aa8881f0,137,-0.6637823445660619,0.01
2,1,all_agreeing_offsets,wholly_unseen,laplace,beta_half_half,20.0,input_plus_surface,0.0,720abc63837a1c45a58674d554acfed0556ae646781babf1ab0907514d9f87bd,b0b59ab8497c50f39d40a56c1ff42bae6a60fcde741099128c8c6fc18ca328f2,136,-0.6102330795236298,0.01
2,1,all_agreeing_offsets,wholly_unseen,laplace,beta_half_half,20.0,input_plus_surface,0.0001,720abc63837a1c45a58674d554acfed0556ae646781babf1ab0907514d9f87bd,e5962126033a53958455619611dbe26b0614332f836717b60066acaee86d27bf,136,-0.6089080940727529,0.01
2,1,all_agreeing_offsets,wholly_unseen,laplace,beta_half_half,20.0,input_plus_surface,0.001,720abc63837a1c45a58674d554acfed0556ae646781babf1ab0907514d9f87bd,6614361cc042735730ebd629489f71ff07e0caaa98e8f3ff9738d0fd88a39443,136,-0.6011144922422753,0.01
2,1,all_agreeing_offsets,wholly_unseen,laplace,beta_half_half,20.0,input_plus_surface,0.01,720abc63837a1c45a58674d554acfed0556ae646781babf1ab0907514d9f87bd,59cdd9a4b9b97848be33724c9241fba54534c9b74babedabfda7e9f3414f70b1,136,-0.5901491605599403,0.01
2,1,all_agreeing_offsets,wholly_unseen,laplace,beta_half_half,20.0,input_plus_surface,0.1,720abc63837a1c45a58674d554acfed0556ae646781babf1ab0907514d9f87bd,0bd04aa20182a0c406c67629062fa5f7b64d9fc83f155b70e0b09c1676d01a8a,136,-0.6637823445660619,0.01
2,2,all_agreeing_offsets,wholly_unseen,laplace,beta_half_half,20.0,input_plus_surface,0.0,46b216ba26aa11acaa5d3f570ff995f2e06b4023e6af3be0a5801b3a981e0482,ad3d7d019d0f0a5d5cb57244037690142461fac73c57933c1a22879a746c68be,139,-0.6102330795236298,0.01
2,2,all_agreeing_offsets,wholly_unseen,laplace,beta_half_half,20.0,input_plus_surface,0.0001,46b216ba26aa11acaa5d3f570ff995f2e06b4023e6af3be0a5801b3a981e0482,bc578485d0fe8c85ae5041566547a0859ac602791e9be1880680f2e04139133a,139,-0.6089080940727529,0.01
2,2,all_agreeing_offsets,wholly_unseen,laplace,beta_half_half,20.0,input_plus_surface,0.001,46b216ba26aa11acaa5d3f570ff995f2e06b4023e6af3be0a5801b3a981e0482,570fa79f1046bda013f0c9f4797818bd69ea91f2ad297a0b12da216f74619f76,139,-0.6011144922422753,0.01
2,2,all_agreeing_offsets,wholly_unseen,laplace,beta_half_half,20.0,input_plus_surface,0.01,46b216ba26aa11acaa5d3f570ff995f2e06b4023e6af3be0a5801b3a981e0482,e36577b999b51d5cc2079e43acc9ec4cf7e97e985dfd8cde08137f2df5fde4be,139,-0.5901491605599403,0.01
2,2,all_agreeing_offsets,wholly_unseen,laplace,beta_half_half,20.0,input_plus_surface,0.1,46b216ba26aa11acaa5d3f570ff995f2e06b4023e6af3be0a5801b3a981e0482,b45918f5e174994ede7096cb219376087f12f2ee71ea10ff73fee61cc80f4488,139,-0.6637823445660619,0.01
2,0,all_agreeing_offsets,wholly_unseen,laplace,beta_half_half,20.0,HU_plus_surface,0.0,6af75daa525968e68fb8d352969dddfe3b92e90b6a86578e4f8560ce19d4e895,1440e5f12a6e9d57025a441d32c1b7fa89946e8dd317d510cde38a92d4455d7b,137,-0.5913143636755793,0.01
2,0,all_agreeing_offsets,wholly_unseen,laplace,beta_half_half,20.0,HU_plus_surface,0.0001,6af75daa525968e68fb8d352969dddfe3b92e90b6a86578e4f8560ce19d4e895,7746edbbd234d0f8e7e3d00cb8a166a475a26a9c045e5cec950c167d04349aa5,137,-0.5897655961163112,0.01
2,0,all_agreeing_offsets,wholly_unseen,laplace,beta_half_half,20.0,HU_plus_surface,0.001,6af75daa525968e68fb8d352969dddfe3b92e90b6a86578e4f8560ce19d4e895,1de1605545759062800b96bf4737397ac1aabb3190e6c89b1f6c5dad71cc5f8e,137,-0.5815488575724912,0.01
2,0,all_agreeing_offsets,wholly_unseen,laplace,beta_half_half,20.0,HU_plus_surface,0.01,6af75daa525968e68fb8d352969dddfe3b92e90b6a86578e4f8560ce19d4e895,dfffe6a054294fb59bafb7b347250ae155f4be3b147ec91cadb3dcc9781175f4,137,-0.5739563319493057,0.01
2,0,all_agreeing_offsets,wholly_unseen,laplace,beta_half_half,20.0,HU_plus_surface,0.1,6af75daa525968e68fb8d352969dddfe3b92e90b6a86578e4f8560ce19d4e895,d29b0878212d55b627450610904e45e05254da592ccfdd0b9aadc42822e8951e,137,-0.6559528705268651,0.01
2,1,all_agreeing_offsets,wholly_unseen,laplace,beta_half_half,20.0,HU_plus_surface,0.0,720abc63837a1c45a58674d554acfed0556ae646781babf1ab0907514d9f87bd,34f48045bae1c2d9750ae079abbd7436b871c3f3e57e370d35316ee1dd70b502,136,-0.5913143636755793,0.01
2,1,all_agreeing_offsets,wholly_unseen,laplace,beta_half_half,20.0,HU_plus_surface,0.0001,720abc63837a1c45a58674d554acfed0556ae646781babf1ab0907514d9f87bd,617d21407319745d06a08160699a7234babb507d14b155c041410d34d3bf1ad5,136,-0.5897655961163112,0.01
2,1,all_agreeing_offsets,wholly_unseen,laplace,beta_half_half,20.0,HU_plus_surface,0.001,720abc63837a1c45a58674d554acfed0556ae646781babf1ab0907514d9f87bd,802400bcf271c339de987c70fedf5a5e2f80ead09d4e6dbf00ee3ad28cfdbbba,136,-0.5815488575724912,0.01
2,1,all_agreeing_offsets,wholly_unseen,laplace,beta_half_half,20.0,HU_plus_surface,0.01,720abc63837a1c45a58674d554acfed0556ae646781babf1ab0907514d9f87bd,79b35899cef68711aed7428b45cd3caedc5d304a7cd7c19455bda1a0cfdb6ca8,136,-0.5739563319493057,0.01
2,1,all_agreeing_offsets,wholly_unseen,laplace,beta_half_half,20.0,HU_plus_surface,0.1,720abc63837a1c45a58674d554acfed0556ae646781babf1ab0907514d9f87bd,b713f6ec32d058d40ce2a9668815b8b91b0da941ca63caaedfabfdcba8a0231e,136,-0.6559528705268651,0.01
2,2,all_agreeing_offsets,wholly_unseen,laplace,beta_half_half,20.0,HU_plus_surface,0.0,46b216ba26aa11acaa5d3f570ff995f2e06b4023e6af3be0a5801b3a981e0482,9c7cd6376c6530f09169316ab40dd8847879028adcf925a0976afd8dc3762713,139,-0.5913143636755793,0.01
2,2,all_agreeing_offsets,wholly_unseen,laplace,beta_half_half,20.0,HU_plus_surface,0.0001,46b216ba26aa11acaa5d3f570ff995f2e06b4023e6af3be0a5801b3a981e0482,4a3830af8ebeeb2dd3267eed616e6b4ee352b55b1d225a8a359732ee71db406a,139,-0.5897655961163112,0.01
2,2,all_agreeing_offsets,wholly_unseen,laplace,beta_half_half,20.0,HU_plus_surface,0.001,46b216ba26aa11acaa5d3f570ff995f2e06b4023e6af3be0a5801b3a981e0482,2ada5e36081d5c3f5b90ae934be23992894e56c449244e61227a6200d70c0fe6,139,-0.5815488575724912,0.01
2,2,all_agreeing_offsets,wholly_unseen,laplace,beta_half_half,20.0,HU_plus_surface,0.01,46b216ba26aa11acaa5d3f570ff995f2e06b4023e6af3be0a5801b3a981e0482,8ab6eb9485f3c7b10a5eed1bd5f47f34388606e61f121a1983663a64546f743e,139,-0.5739563319493057,0.01
2,2,all_agreeing_offsets,wholly_unseen,laplace,beta_half_half,20.0,HU_plus_surface,0.1,46b216ba26aa11acaa5d3f570ff995f2e06b4023e6af3be0a5801b3a981e0482,549e9d78b002f70458ebcd6169c5ddafbc221e584dcf9b369504d21ec3aa749b,139,-0.6559528705268651,0.01
2,0,all_agreeing_offsets,wholly_unseen,laplace,beta_half_half,20.0,retention_bounded_plus_HU,0.0,6af75daa525968e68fb8d352969dddfe3b92e90b6a86578e4f8560ce19d4e895,3ef74fb9858e20e4e19adc5a160e3c092eeeb0a303a113ac68d1ef0aa6eef356,137,-0.5709366271484116,0.01
2,0,all_agreeing_offsets,wholly_unseen,laplace,beta_half_half,20.0,retention_bounded_plus_HU,0.0001,6af75daa525968e68fb8d352969dddfe3b92e90b6a86578e4f8560ce19d4e895,b621a2d77f4d5ee04bef4b5c2a2edb1130165c4f85b3eb8f74d5bdbeec149074,137,-0.570054228542079,0.01
2,0,all_agreeing_offsets,wholly_unseen,laplace,beta_half_half,20.0,retention_bounded_plus_HU,0.001,6af75daa525968e68fb8d352969dddfe3b92e90b6a86578e4f8560ce19d4e895,e6f10b34b42cddf6b6c5e7749f6daf344e7756a4cc20a2a52c17ea37841012cc,137,-0.5647559560535251,0.01
2,0,all_agreeing_offsets,wholly_unseen,laplace,beta_half_half,20.0,retention_bounded_plus_HU,0.01,6af75daa525968e68fb8d352969dddfe3b92e90b6a86578e4f8560ce19d4e895,abb650ed615f05854adbc778a4555968f6eba3a5d7e09a0459ab07440843ab80,137,-0.5630557744517998,0.01
2,0,all_agreeing_offsets,wholly_unseen,laplace,beta_half_half,20.0,retention_bounded_plus_HU,0.1,6af75daa525968e68fb8d352969dddfe3b92e90b6a86578e4f8560ce19d4e895,45801773768addf1e17f8e1716c0bb6c2ac918696bca47c09c244acdaa7cdfd8,137,-0.6085896486620986,0.01
2,1,all_agreeing_offsets,wholly_unseen,laplace,beta_half_half,20.0,retention_bounded_plus_HU,0.0,720abc63837a1c45a58674d554acfed0556ae646781babf1ab0907514d9f87bd,122a3ad222902e6c561fbed49070feb6d434823c2864963bbb848b6276d55653,136,-0.5709366271484116,0.01
2,1,all_agreeing_offsets,wholly_unseen,laplace,beta_half_half,20.0,retention_bounded_plus_HU,0.0001,720abc63837a1c45a58674d554acfed0556ae646781babf1ab0907514d9f87bd,8fa121b4e9d63e23d7caba6deaf80243cd954ff5253bf5a0983754f73861e679,136,-0.570054228542079,0.01
2,1,all_agreeing_offsets,wholly_unseen,laplace,beta_half_half,20.0,retention_bounded_plus_HU,0.001,720abc63837a1c45a58674d554acfed0556ae646781babf1ab0907514d9f87bd,31df47ad224c29f2c055d3e60119e380125e499ef9604d1edc9048f845da7548,136,-0.5647559560535251,0.01
2,1,all_agreeing_offsets,wholly_unseen,laplace,beta_half_half,20.0,retention_bounded_plus_HU,0.01,720abc63837a1c45a58674d554acfed0556ae646781babf1ab0907514d9f87bd,471f33bc85a975881827b647c36836be9c38c51d674799042cfdf7f25afdc978,136,-0.5630557744517998,0.01
2,1,all_agreeing_offsets,wholly_unseen,laplace,beta_half_half,20.0,retention_bounded_plus_HU,0.1,720abc63837a1c45a58674d554acfed0556ae646781babf1ab0907514d9f87bd,033d5b3f710615e77d474c0c862c70bcad18a2792f3235c4ffbcf7505be1f72b,136,-0.6085896486620986,0.01
2,2,all_agreeing_offsets,wholly_unseen,laplace,beta_half_half,20.0,retention_bounded_plus_HU,0.0,46b216ba26aa11acaa5d3f570ff995f2e06b4023e6af3be0a5801b3a981e0482,0d74440c1a2c085b81469a31c790813afe8f678a0a57def7e187b50491719cea,139,-0.5709366271484116,0.01
2,2,all_agreeing_offsets,wholly_unseen,laplace,beta_half_half,20.0,retention_bounded_plus_HU,0.0001,46b216ba26aa11acaa5d3f570ff995f2e06b4023e6af3be0a5801b3a981e0482,d8b2efdbf0a6221505cc360cbe8c170ce2ebb8fba49077408c01a65f64b841af,139,-0.570054228542079,0.01
2,2,all_agreeing_offsets,wholly_unseen,laplace,beta_half_half,20.0,retention_bounded_plus_HU,0.001,46b216ba26aa11acaa5d3f570ff995f2e06b4023e6af3be0a5801b3a981e0482,508c69806191efb319696afc558b375cc059dc0b4414a54f3a456ba620bd7792,139,-0.5647559560535251,0.01
2,2,all_agreeing_offsets,wholly_unseen,laplace,beta_half_half,20.0,retention_bounded_plus_HU,0.01,46b216ba26aa11acaa5d3f570ff995f2e06b4023e6af3be0a5801b3a981e0482,8f4d63f5e44be8d5435e7dbc0e82a898f1c266c989771c22920ccaf06973059d,139,-0.5630557744517998,0.01
2,2,all_agreeing_offsets,wholly_unseen,laplace,beta_half_half,20.0,retention_bounded_plus_HU,0.1,46b216ba26aa11acaa5d3f570ff995f2e06b4023e6af3be0a5801b3a981e0482,a1cfdf69d3c0fef0a01b7a5007789bcb075b6451b46c3520c5d452d621522118,139,-0.6085896486620986,0.01
2,0,all_agreeing_offsets,wholly_unseen,gh80,beta_half_half,20.0,HU_plus_surface,0.0,6af75daa525968e68fb8d352969dddfe3b92e90b6a86578e4f8560ce19d4e895,b9afe921738d4263ab0e0ab25357c836b0f7b0a8900685740fdc2ca3ecf5a045,137,-0.5755349233753306,0.01
2,0,all_agreeing_offsets,wholly_unseen,gh80,beta_half_half,20.0,HU_plus_surface,0.0001,6af75daa525968e68fb8d352969dddfe3b92e90b6a86578e4f8560ce19d4e895,55364f237fc47f2f9241341ec11ebb8681aa40231686a588d5ccc9f81b063946,137,-0.5744064517829363,0.01
2,0,all_agreeing_offsets,wholly_unseen,gh80,beta_half_half,20.0,HU_plus_surface,0.001,6af75daa525968e68fb8d352969dddfe3b92e90b6a86578e4f8560ce19d4e895,270f14c12a010960f778d159ee3ceda96ea3e298f26be339505301e262e46c8f,137,-0.5684885913327311,0.01
2,0,all_agreeing_offsets,wholly_unseen,gh80,beta_half_half,20.0,HU_plus_surface,0.01,6af75daa525968e68fb8d352969dddfe3b92e90b6a86578e4f8560ce19d4e895,ed2498eed2444fc507a5cf4e0be8c318589055a12a9457d2016a44001d5d18ae,137,-0.5669636706949556,0.01
2,0,all_agreeing_offsets,wholly_unseen,gh80,beta_half_half,20.0,HU_plus_surface,0.1,6af75daa525968e68fb8d352969dddfe3b92e90b6a86578e4f8560ce19d4e895,9ac28e9a5cae4ab9d6c435259005cd99f1c1f19a668ee23ba3c7c303651c2258,137,-0.6555113621752521,0.01
2,1,all_agreeing_offsets,wholly_unseen,gh80,beta_half_half,20.0,HU_plus_surface,0.0,720abc63837a1c45a58674d554acfed0556ae646781babf1ab0907514d9f87bd,e28688a56bf90f9f9433b6df3b59672e4818fb8651997837dcf1f3b40d99a424,136,-0.5755349233753306,0.01
2,1,all_agreeing_offsets,wholly_unseen,gh80,beta_half_half,20.0,HU_plus_surface,0.0001,720abc63837a1c45a58674d554acfed0556ae646781babf1ab0907514d9f87bd,67c872604da681ee231100093386810ea77ca12cfd7189018b6b821023a11982,136,-0.5744064517829363,0.01
2,1,all_agreeing_offsets,wholly_unseen,gh80,beta_half_half,20.0,HU_plus_surface,0.001,720abc63837a1c45a58674d554acfed0556ae646781babf1ab0907514d9f87bd,212147c4aee9d78d9ae60eb2541f98057b4af826652c6b8766a2436e60e9e2e3,136,-0.5684885913327311,0.01
2,1,all_agreeing_offsets,wholly_unseen,gh80,beta_half_half,20.0,HU_plus_surface,0.01,720abc63837a1c45a58674d554acfed0556ae646781babf1ab0907514d9f87bd,269ee8d3d7f24b42fbb81c02c1be2702a8454b9896f30fe72ece6a822e3d53ad,136,-0.5669636706949556,0.01
2,1,all_agreeing_offsets,wholly_unseen,gh80,beta_half_half,20.0,HU_plus_surface,0.1,720abc63837a1c45a58674d554acfed0556ae646781babf1ab0907514d9f87bd,faa3c9a6a1715a2055cb876581773c68e7067f965f8c673c4b0b2c4c501bd452,136,-0.6555113621752521,0.01
2,2,all_agreeing_offsets,wholly_unseen,gh80,beta_half_half,20.0,HU_plus_surface,0.0,46b216ba26aa11acaa5d3f570ff995f2e06b4023e6af3be0a5801b3a981e0482,2e0b8d39812c891f0064e9f762724f107435fba377df428678e8237e49b527d9,139,-0.5755349233753306,0.01
2,2,all_agreeing_offsets,wholly_unseen,gh80,beta_half_half,20.0,HU_plus_surface,0.0001,46b216ba26aa11acaa5d3f570ff995f2e06b4023e6af3be0a5801b3a981e0482,493e654a559d327ba1e45d1e594b388948dc8156eb53971338d156090003ac64,139,-0.5744064517829363,0.01
2,2,all_agreeing_offsets,wholly_unseen,gh80,beta_half_half,20.0,HU_plus_surface,0.001,46b216ba26aa11acaa5d3f570ff995f2e06b4023e6af3be0a5801b3a981e0482,eb23edd5b9a0b7ed66545c33b57dbc1dc3b9bccf7b02f5b6f6ca67e259f35c6b,139,-0.5684885913327311,0.01
2,2,all_agreeing_offsets,wholly_unseen,gh80,beta_half_half,20.0,HU_plus_surface,0.01,46b216ba26aa11acaa5d3f570ff995f2e06b4023e6af3be0a5801b3a981e0482,6e12ba431675bb799b9e4d10e0cdbb7fa7eb2779442345af743846aad8a4c6ac,139,-0.5669636706949556,0.01
2,2,all_agreeing_offsets,wholly_unseen,gh80,beta_half_half,20.0,HU_plus_surface,0.1,46b216ba26aa11acaa5d3f570ff995f2e06b4023e6af3be0a5801b3a981e0482,ba02e13c27a9476cec01401c5804f623590fbf3049d0c31d01ad9abaf62b2a4a,139,-0.6555113621752521,0.01
2,0,all_agreeing_offsets,wholly_unseen,gh80,beta_half_half,20.0,retention_bounded_plus_HU,0.0,6af75daa525968e68fb8d352969dddfe3b92e90b6a86578e4f8560ce19d4e895,7dcff637b9378e298bae9c02ce2eb1ddbd1984c77f70aaf2a6f5c29c73f2f5d5,137,-0.5682305999239303,0.0001
2,0,all_agreeing_offsets,wholly_unseen,gh80,beta_half_half,20.0,retention_bounded_plus_HU,0.0001,6af75daa525968e68fb8d352969dddfe3b92e90b6a86578e4f8560ce19d4e895,a63d17507e09412309bc0a18501fcd153cd8f6c624107ad2c2b9c60691687b24,137,-0.5673456685557561,0.0001
2,0,all_agreeing_offsets,wholly_unseen,gh80,beta_half_half,20.0,retention_bounded_plus_HU,0.001,6af75daa525968e68fb8d352969dddfe3b92e90b6a86578e4f8560ce19d4e895,5096c90a0b2d5d9eca85ae953f554af2439b6313d3294780693b878cf425f752,137,-0.5688102046217287,0.0001
2,0,all_agreeing_offsets,wholly_unseen,gh80,beta_half_half,20.0,retention_bounded_plus_HU,0.01,6af75daa525968e68fb8d352969dddfe3b92e90b6a86578e4f8560ce19d4e895,73758711246b86db4fa4f9f035de2194e620dbd08886024ea8eced8e90fc1efb,137,-0.5685495073334323,0.0001
2,0,all_agreeing_offsets,wholly_unseen,gh80,beta_half_half,20.0,retention_bounded_plus_HU,0.1,6af75daa525968e68fb8d352969dddfe3b92e90b6a86578e4f8560ce19d4e895,7210d336eb11a442d93ed33b16dc002cc5e32be52e4d8ca5d3bb59805d2ab6c0,137,-0.6117482342725727,0.0001
2,1,all_agreeing_offsets,wholly_unseen,gh80,beta_half_half,20.0,retention_bounded_plus_HU,0.0,720abc63837a1c45a58674d554acfed0556ae646781babf1ab0907514d9f87bd,5179abb61bd17f34394fd31318d941a5c7c361765cd63936a41a8a916fde33c7,136,-0.5682305999239303,0.0001
2,1,all_agreeing_offsets,wholly_unseen,gh80,beta_half_half,20.0,retention_bounded_plus_HU,0.0001,720abc63837a1c45a58674d554acfed0556ae646781babf1ab0907514d9f87bd,bea6476f82bfc0395459511e5c2f620765c1520c4db8ab0437767138b873f0b9,136,-0.5673456685557561,0.0001
2,1,all_agreeing_offsets,wholly_unseen,gh80,beta_half_half,20.0,retention_bounded_plus_HU,0.001,720abc63837a1c45a58674d554acfed0556ae646781babf1ab0907514d9f87bd,8c5a47fd9de3c856911556279471d40aad6d8d8186d277b71cd86dfac7dea978,136,-0.5688102046217287,0.0001
2,1,all_agreeing_offsets,wholly_unseen,gh80,beta_half_half,20.0,retention_bounded_plus_HU,0.01,720abc63837a1c45a58674d554acfed0556ae646781babf1ab0907514d9f87bd,ad284c63ff728054f313fb89dd197928b640113a7d2bf6c173026ccc6156feb0,136,-0.5685495073334323,0.0001
2,1,all_agreeing_offsets,wholly_unseen,gh80,beta_half_half,20.0,retention_bounded_plus_HU,0.1,720abc63837a1c45a58674d554acfed0556ae646781babf1ab0907514d9f87bd,cf0cc5d804a385cec3d4abd7f3b96fec1c84a0a2832596c2b52e1cf4263be26d,136,-0.6117482342725727,0.0001
2,2,all_agreeing_offsets,wholly_unseen,gh80,beta_half_half,20.0,retention_bounded_plus_HU,0.0,46b216ba26aa11acaa5d3f570ff995f2e06b4023e6af3be0a5801b3a981e0482,19a9f058ba73cfcefcfaad8744a13bdceb5d9bfee944a90ba43a82b8f0f8a631,139,-0.5682305999239303,0.0001
2,2,all_agreeing_offsets,wholly_unseen,gh80,beta_half_half,20.0,retention_bounded_plus_HU,0.0001,46b216ba26aa11acaa5d3f570ff995f2e06b4023e6af3be0a5801b3a981e0482,a2651d58e0fbf3f728994deb97e755237e9e392ab78ab0597523b866bf9b60c0,139,-0.5673456685557561,0.0001
2,2,all_agreeing_offsets,wholly_unseen,gh80,beta_half_half,20.0,retention_bounded_plus_HU,0.001,46b216ba26aa11acaa5d3f570ff995f2e06b4023e6af3be0a5801b3a981e0482,3e8c36277a2f5e77dced30c06d39e5825789d92fd8e0a27cf66542d94a166975,139,-0.5688102046217287,0.0001
2,2,all_agreeing_offsets,wholly_unseen,gh80,beta_half_half,20.0,retention_bounded_plus_HU,0.01,46b216ba26aa11acaa5d3f570ff995f2e06b4023e6af3be0a5801b3a981e0482,23754b995a5a24c5d8086fdcaedf2832d0e60b7fb3b874678f5a4eba33ee0c00,139,-0.5685495073334323,0.0001
2,2,all_agreeing_offsets,wholly_unseen,gh80,beta_half_half,20.0,retention_bounded_plus_HU,0.1,46b216ba26aa11acaa5d3f570ff995f2e06b4023e6af3be0a5801b3a981e0482,c89cfc04fed7259a7aba4aad3fb33cd409f4c396e94bfd84314fccdb5213c5eb,139,-0.6117482342725727,0.0001
2,0,unrounded_strict,side_informed,laplace,beta_half_half,20.0,retention_bounded,0.0,88cfbf3d123c09aeb16cc5603a8216ea53798432be360bfe759e416735aee1e6,9804686346e04d33d0f3bd2d819e3debaeab74c29f1e8ae98d5670ca8fc92e9b,91,-0.363429689877367,0.01
2,0,unrounded_strict,side_informed,laplace,beta_half_half,20.0,retention_bounded,0.0001,88cfbf3d123c09aeb16cc5603a8216ea53798432be360bfe759e416735aee1e6,235777c135c1dda82eee654a5955ee6d50bc5be2bf01ad0125f3bf588e535cab,91,-0.3624721723201301,0.01
2,0,unrounded_strict,side_informed,laplace,beta_half_half,20.0,retention_bounded,0.001,88cfbf3d123c09aeb16cc5603a8216ea53798432be360bfe759e416735aee1e6,d3bade808ae47e46ff8d3ae81850a5cb77f3bf6774d12e4478eff05b9f0ea75c,91,-0.35551044421516104,0.01
2,0,unrounded_strict,side_informed,laplace,beta_half_half,20.0,retention_bounded,0.01,88cfbf3d123c09aeb16cc5603a8216ea53798432be360bfe759e416735aee1e6,5a4f59180acb381fa9dc73c87b259a4c155cdaddbe2fc5c0d5eb059c23b1c5b5,91,-0.33182970648842997,0.01
2,0,unrounded_strict,side_informed,laplace,beta_half_half,20.0,retention_bounded,0.1,88cfbf3d123c09aeb16cc5603a8216ea53798432be360bfe759e416735aee1e6,4804eb7c1d4f96a87fa605f8490e9b8a93db9a51c3dc21e70428a81f52ecc33d,91,-0.3589392796425808,0.01
2,1,unrounded_strict,side_informed,laplace,beta_half_half,20.0,retention_bounded,0.0,b866bd6ecb3ec5659d4de6b67167b6378955e1543fe258d36dee45860d110980,06835dd982097d3c58e7b8cc95975ba7a07209e5572e6ec7471b02bbedc3fd28,89,-0.363429689877367,0.01
2,1,unrounded_strict,side_informed,laplace,beta_half_half,20.0,retention_bounded,0.0001,b866bd6ecb3ec5659d4de6b67167b6378955e1543fe258d36dee45860d110980,543cf061e97359cab1a392945322eaa26c2836c3160776e70edf752355af114d,89,-0.3624721723201301,0.01
2,1,unrounded_strict,side_informed,laplace,beta_half_half,20.0,retention_bounded,0.001,b866bd6ecb3ec5659d4de6b67167b6378955e1543fe258d36dee45860d110980,9848a7fb6d218939d0f7d64f6e929306d492a282c266ca5bf8f902ea5f920714,89,-0.35551044421516104,0.01
2,1,unrounded_strict,side_informed,laplace,beta_half_half,20.0,retention_bounded,0.01,b866bd6ecb3ec5659d4de6b67167b6378955e1543fe258d36dee45860d110980,347137f439340427c6355e53790254ec433b0353d06720d599d01efda4c1cf4e,89,-0.33182970648842997,0.01
2,1,unrounded_strict,side_informed,laplace,beta_half_half,20.0,retention_bounded,0.1,b866bd6ecb3ec5659d4de6b67167b6378955e1543fe258d36dee45860d110980,adbc9aa3b3d7aeab2e37f855f58180d19f940fe00d23f0569310d4fceaddf6e9,89,-0.3589392796425808,0.01
2,2,unrounded_strict,side_informed,laplace,beta_half_half,20.0,retention_bounded,0.0,6ebbd52c6c997d69db148aa80e059a97f5040959d2c6399495016458f9911221,25468ee35c204d8b28f1b5369145cc9e7141be2271e08cfc29fc8bfad9020b90,90,-0.363429689877367,0.01
2,2,unrounded_strict,side_informed,laplace,beta_half_half,20.0,retention_bounded,0.0001,6ebbd52c6c997d69db148aa80e059a97f5040959d2c6399495016458f9911221,9412f7f039432e70e48694456bcd145815731f2f450abf051de9163fbef8c891,90,-0.3624721723201301,0.01
2,2,unrounded_strict,side_informed,laplace,beta_half_half,20.0,retention_bounded,0.001,6ebbd52c6c997d69db148aa80e059a97f5040959d2c6399495016458f9911221,0ea64d548570813d84834acf600f97009a5916eeb16cb4f2410aba4d22b93d37,90,-0.35551044421516104,0.01
2,2,unrounded_strict,side_informed,laplace,beta_half_half,20.0,retention_bounded,0.01,6ebbd52c6c997d69db148aa80e059a97f5040959d2c6399495016458f9911221,46d729ced3866658d2312bf3e8a50e6671187d13433be1ef5999d0568a214b2b,90,-0.33182970648842997,0.01
2,2,unrounded_strict,side_informed,laplace,beta_half_half,20.0,retention_bounded,0.1,6ebbd52c6c997d69db148aa80e059a97f5040959d2c6399495016458f9911221,06060dc27375c08b55537e95efeecac3b8e9debd3a1682b9f62d6696078899c6,90,-0.3589392796425808,0.01
2,0,unrounded_strict,side_informed,laplace,beta_half_half,20.0,retention_nonnegative,0.0,88cfbf3d123c09aeb16cc5603a8216ea53798432be360bfe759e416735aee1e6,3c90b71581a54f4023315ed0f7564c66878d198dcaaf01875cb31a9b8b289490,91,-0.36342969093117755,0.01
2,0,unrounded_strict,side_informed,laplace,beta_half_half,20.0,retention_nonnegative,0.0001,88cfbf3d123c09aeb16cc5603a8216ea53798432be360bfe759e416735aee1e6,79fc078e7dbfc817fae35aff44a34890ffc7d68bbfe41d2c353bc3780b57b787,91,-0.36246797185948154,0.01
2,0,unrounded_strict,side_informed,laplace,beta_half_half,20.0,retention_nonnegative,0.001,88cfbf3d123c09aeb16cc5603a8216ea53798432be360bfe759e416735aee1e6,e263b90dae2afa6d0d3f2f8caf5c54b6c76b1c11f721bfa3b785f1132bc03c8e,91,-0.3561077712657975,0.01
2,0,unrounded_strict,side_informed,laplace,beta_half_half,20.0,retention_nonnegative,0.01,88cfbf3d123c09aeb16cc5603a8216ea53798432be360bfe759e416735aee1e6,690610ba9ca793d2a0421c224279babb4286ca6f4055dc61221064455a47b4fe,91,-0.3450273465532923,0.01
2,0,unrounded_strict,side_informed,laplace,beta_half_half,20.0,retention_nonnegative,0.1,88cfbf3d123c09aeb16cc5603a8216ea53798432be360bfe759e416735aee1e6,6445af48a67435a77711a1472a229b90f65aaef500c355553debb10bccde6b51,91,-0.40809509545037886,0.01
2,1,unrounded_strict,side_informed,laplace,beta_half_half,20.0,retention_nonnegative,0.0,b866bd6ecb3ec5659d4de6b67167b6378955e1543fe258d36dee45860d110980,d80fa1abb2bf0cb9609781f94f1f58d8f1d7c792922c6b05cdbfd0f356af6c44,89,-0.36342969093117755,0.01
2,1,unrounded_strict,side_informed,laplace,beta_half_half,20.0,retention_nonnegative,0.0001,b866bd6ecb3ec5659d4de6b67167b6378955e1543fe258d36dee45860d110980,bc31de60b09617d89ecb76648618b6d0e8c816743273548d2f242324fd8fad1d,89,-0.36246797185948154,0.01
2,1,unrounded_strict,side_informed,laplace,beta_half_half,20.0,retention_nonnegative,0.001,b866bd6ecb3ec5659d4de6b67167b6378955e1543fe258d36dee45860d110980,b63ead448fb91132c04b4b1a95ef50058b5c8fedc7e9497681e22a7692b51556,89,-0.3561077712657975,0.01
2,1,unrounded_strict,side_informed,laplace,beta_half_half,20.0,retention_nonnegative,0.01,b866bd6ecb3ec5659d4de6b67167b6378955e1543fe258d36dee45860d110980,28575bfcb38f3c604092d7094defcff07d458cd0b3c6dcc67dc1dd6d1556a9b2,89,-0.3450273465532923,0.01
2,1,unrounded_strict,side_informed,laplace,beta_half_half,20.0,retention_nonnegative,0.1,b866bd6ecb3ec5659d4de6b67167b6378955e1543fe258d36dee45860d110980,b5023781fc6363972913a7c761b36c63f8cd8be7b7f50ea1d41e055b28e830ce,89,-0.40809509545037886,0.01
2,2,unrounded_strict,side_informed,laplace,beta_half_half,20.0,retention_nonnegative,0.0,6ebbd52c6c997d69db148aa80e059a97f5040959d2c6399495016458f9911221,c46be60f9776e39a928cb1b9a9c62070f6280d3d40491a98fb3960d08c910686,90,-0.36342969093117755,0.01
2,2,unrounded_strict,side_informed,laplace,beta_half_half,20.0,retention_nonnegative,0.0001,6ebbd52c6c997d69db148aa80e059a97f5040959d2c6399495016458f9911221,ed073adc3b3730f52b00954c128364263327a7397b670f230edce4f3e46e1dea,90,-0.36246797185948154,0.01
2,2,unrounded_strict,side_informed,laplace,beta_half_half,20.0,retention_nonnegative,0.001,6ebbd52c6c997d69db148aa80e059a97f5040959d2c6399495016458f9911221,0ce7c8c0f7c5f59cd5302f92247b1cfff72a816159c45dbca5433f6b385e5489,90,-0.3561077712657975,0.01
2,2,unrounded_strict,side_informed,laplace,beta_half_half,20.0,retention_nonnegative,0.01,6ebbd52c6c997d69db148aa80e059a97f5040959d2c6399495016458f9911221,8b2f148f47dff889f555abf55fbd5c8ee1730fb9de9f2455fbdae8a782252bd3,90,-0.3450273465532923,0.01
2,2,unrounded_strict,side_informed,laplace,beta_half_half,20.0,retention_nonnegative,0.1,6ebbd52c6c997d69db148aa80e059a97f5040959d2c6399495016458f9911221,119a5fbc419192e132dc18d2f200457c41f9b97df7da48ba7b9f85269eedcb17,90,-0.40809509545037886,0.01
2,0,unrounded_strict,side_informed,laplace,beta_half_half,20.0,current_only,0.0,88cfbf3d123c09aeb16cc5603a8216ea53798432be360bfe759e416735aee1e6,b2352126a21c50b218ef672cebfa679a88a1102fb987108acc8cdcc7fb32cf12,91,-0.5879282364429435,0.01
2,0,unrounded_strict,side_informed,laplace,beta_half_half,20.0,current_only,0.0001,88cfbf3d123c09aeb16cc5603a8216ea53798432be360bfe759e416735aee1e6,2611239bf0b77e09274c164bf5cf8ffb4ab2d793083177e55ab7fb59701644ba,91,-0.5878727661072087,0.01
2,0,unrounded_strict,side_informed,laplace,beta_half_half,20.0,current_only,0.001,88cfbf3d123c09aeb16cc5603a8216ea53798432be360bfe759e416735aee1e6,6ae6d72cf6109ce2ba6fc8571d3db9db254b4b2a4d15f5f4fecb3b52749a3021,91,-0.5873941058814665,0.01
2,0,unrounded_strict,side_informed,laplace,beta_half_half,20.0,current_only,0.01,88cfbf3d123c09aeb16cc5603a8216ea53798432be360bfe759e416735aee1e6,438e03e1f9590cf95be0a8b67207111ef80eb1730aaf29728677464afc846eb8,91,-0.5842388573310064,0.01
2,0,unrounded_strict,side_informed,laplace,beta_half_half,20.0,current_only,0.1,88cfbf3d123c09aeb16cc5603a8216ea53798432be360bfe759e416735aee1e6,69fc00e50488ae65fb0a1740292dab0219c3651040c1da9559ce558e777952f3,91,-0.5992023608784246,0.01
2,1,unrounded_strict,side_informed,laplace,beta_half_half,20.0,current_only,0.0,b866bd6ecb3ec5659d4de6b67167b6378955e1543fe258d36dee45860d110980,6d3b92701db4eb0903f2861b58798d6babb31b35235db7f3d6bf34d44a69551c,89,-0.5879282364429435,0.01
2,1,unrounded_strict,side_informed,laplace,beta_half_half,20.0,current_only,0.0001,b866bd6ecb3ec5659d4de6b67167b6378955e1543fe258d36dee45860d110980,8565f22f9087645d494bcae27447b21a00332d50972a4f8ddd4ef16a12aace4d,89,-0.5878727661072087,0.01
2,1,unrounded_strict,side_informed,laplace,beta_half_half,20.0,current_only,0.001,b866bd6ecb3ec5659d4de6b67167b6378955e1543fe258d36dee45860d110980,93a02013d5b41d085186552849b2a8108e0714e342787cda08f1d397223b7522,89,-0.5873941058814665,0.01
2,1,unrounded_strict,side_informed,laplace,beta_half_half,20.0,current_only,0.01,b866bd6ecb3ec5659d4de6b67167b6378955e1543fe258d36dee45860d110980,c61d4d43e78e1b7a01d107fa3c23ef5d3426f9db525bf969720ef668d077b77e,89,-0.5842388573310064,0.01
2,1,unrounded_strict,side_informed,laplace,beta_half_half,20.0,current_only,0.1,b866bd6ecb3ec5659d4de6b67167b6378955e1543fe258d36dee45860d110980,1273d932fcc7b3ccf508a655e16a7d502ea94e770ef130f9c0e3ad3ee9f1a67f,89,-0.5992023608784246,0.01
2,2,unrounded_strict,side_informed,laplace,beta_half_half,20.0,current_only,0.0,6ebbd52c6c997d69db148aa80e059a97f5040959d2c6399495016458f9911221,77267cc54c0761457a2edcd3e50eda64aa2ad6635387caf438bae8cdd19874a1,90,-0.5879282364429435,0.01
2,2,unrounded_strict,side_informed,laplace,beta_half_half,20.0,current_only,0.0001,6ebbd52c6c997d69db148aa80e059a97f5040959d2c6399495016458f9911221,877e00ab6bbfccacbbaba9eeeef9519fa63364c0807615bda6bb0516b72cd599,90,-0.5878727661072087,0.01
2,2,unrounded_strict,side_informed,laplace,beta_half_half,20.0,current_only,0.001,6ebbd52c6c997d69db148aa80e059a97f5040959d2c6399495016458f9911221,c720a47f4b99720968a05fae53819a896310cdee46f0e1cc66da2d11711afd31,90,-0.5873941058814665,0.01
2,2,unrounded_strict,side_informed,laplace,beta_half_half,20.0,current_only,0.01,6ebbd52c6c997d69db148aa80e059a97f5040959d2c6399495016458f9911221,084156734b643e13cce33bcafba3028e6e3b8538cb2b9d1909c837a2ac68106c,90,-0.5842388573310064,0.01
2,2,unrounded_strict,side_informed,laplace,beta_half_half,20.0,current_only,0.1,6ebbd52c6c997d69db148aa80e059a97f5040959d2c6399495016458f9911221,deea9056d5e96e9cba710f9810c18028102099db8a3c9557ca62c4713ddbae1a,90,-0.5992023608784246,0.01
2,0,unrounded_strict,side_informed,laplace,beta_half_half,20.0,input_plus_surface,0.0,88cfbf3d123c09aeb16cc5603a8216ea53798432be360bfe759e416735aee1e6,47a80034d68f0180cf5c1075eb766c907cdcec20870e99705843f2fad61cbf85,91,-0.34546669796704815,0.01
2,0,unrounded_strict,side_informed,laplace,beta_half_half,20.0,input_plus_surface,0.0001,88cfbf3d123c09aeb16cc5603a8216ea53798432be360bfe759e416735aee1e6,f4ae39c6f283c2d2548b0f58dc0a8ef2bb36227f5ab341673a026d360b3512c1,91,-0.3444655634738159,0.01
2,0,unrounded_strict,side_informed,laplace,beta_half_half,20.0,input_plus_surface,0.001,88cfbf3d123c09aeb16cc5603a8216ea53798432be360bfe759e416735aee1e6,1a878d9e34c9c3399c5ca53857eb8b5ee197c1b67951cd65b4a2b49091181cdf,91,-0.33731783209591965,0.01
2,0,unrounded_strict,side_informed,laplace,beta_half_half,20.0,input_plus_surface,0.01,88cfbf3d123c09aeb16cc5603a8216ea53798432be360bfe759e416735aee1e6,a158551f166df2acb0018be4fb26cec7cd679351b325466d82b9f480d7df0642,91,-0.3170578392654187,0.01
2,0,unrounded_strict,side_informed,laplace,beta_half_half,20.0,input_plus_surface,0.1,88cfbf3d123c09aeb16cc5603a8216ea53798432be360bfe759e416735aee1e6,5c101706f99d5090c506901372b5704b834022a0e9e7ad2b2eff3294b949f06b,91,-0.3670884158045762,0.01
2,1,unrounded_strict,side_informed,laplace,beta_half_half,20.0,input_plus_surface,0.0,b866bd6ecb3ec5659d4de6b67167b6378955e1543fe258d36dee45860d110980,db9959d9b1121526636290412ed10bde765b150bef94ab4bea80b7f182bbe704,89,-0.34546669796704815,0.01
2,1,unrounded_strict,side_informed,laplace,beta_half_half,20.0,input_plus_surface,0.0001,b866bd6ecb3ec5659d4de6b67167b6378955e1543fe258d36dee45860d110980,8871734cd8da089fcc2395ecef62987b2fdc1e7ebd8246642cadacdb46785082,89,-0.3444655634738159,0.01
2,1,unrounded_strict,side_informed,laplace,beta_half_half,20.0,input_plus_surface,0.001,b866bd6ecb3ec5659d4de6b67167b6378955e1543fe258d36dee45860d110980,c02df7558a5a4ed96cf104b5e01c5b90fd3d14ccbe565c09a404acacc1dd8700,89,-0.33731783209591965,0.01
2,1,unrounded_strict,side_informed,laplace,beta_half_half,20.0,input_plus_surface,0.01,b866bd6ecb3ec5659d4de6b67167b6378955e1543fe258d36dee45860d110980,5ff6f61ecf6958e10e6540cd3f8b04d0c1c5e0009911a224f0b1957eb46d6b93,89,-0.3170578392654187,0.01
2,1,unrounded_strict,side_informed,laplace,beta_half_half,20.0,input_plus_surface,0.1,b866bd6ecb3ec5659d4de6b67167b6378955e1543fe258d36dee45860d110980,151a2097b3695037d1906524f2b93ff034ac3f16982638e867c727741c1bf56d,89,-0.3670884158045762,0.01
2,2,unrounded_strict,side_informed,laplace,beta_half_half,20.0,input_plus_surface,0.0,6ebbd52c6c997d69db148aa80e059a97f5040959d2c6399495016458f9911221,865f1318aa0ea96b6c3d5d4f5f3a527c05c2217b3123e4d49b279746e7cbd7f1,90,-0.34546669796704815,0.01
2,2,unrounded_strict,side_informed,laplace,beta_half_half,20.0,input_plus_surface,0.0001,6ebbd52c6c997d69db148aa80e059a97f5040959d2c6399495016458f9911221,e111dba8d8e71d57e7ac9cec54199516ec33b2a65ed7047d2d78ec1fc7f395cb,90,-0.3444655634738159,0.01
2,2,unrounded_strict,side_informed,laplace,beta_half_half,20.0,input_plus_surface,0.001,6ebbd52c6c997d69db148aa80e059a97f5040959d2c6399495016458f9911221,fec3ef8485d30c05b01ac971f397420dc4a92ff446bb9a08048423d6450cf7c5,90,-0.33731783209591965,0.01
2,2,unrounded_strict,side_informed,laplace,beta_half_half,20.0,input_plus_surface,0.01,6ebbd52c6c997d69db148aa80e059a97f5040959d2c6399495016458f9911221,e7fd0db6287d02cf7456d0bfffa570c62e8bc898ca8fdfea2d84f4fed49e4e28,90,-0.3170578392654187,0.01
2,2,unrounded_strict,side_informed,laplace,beta_half_half,20.0,input_plus_surface,0.1,6ebbd52c6c997d69db148aa80e059a97f5040959d2c6399495016458f9911221,aabce54e72c7af8d8a046dc63d6466f485d7c81e2e473f39599d9db8ebb94789,90,-0.3670884158045762,0.01
2,0,unrounded_strict,side_informed,laplace,beta_half_half,20.0,HU_plus_surface,0.0,88cfbf3d123c09aeb16cc5603a8216ea53798432be360bfe759e416735aee1e6,c47dcc821ff09b20aed783e1c7fda97888be00e6272c56fd78156eef7cce129f,91,-0.35075333666367514,0.01
2,0,unrounded_strict,side_informed,laplace,beta_half_half,20.0,HU_plus_surface,0.0001,88cfbf3d123c09aeb16cc5603a8216ea53798432be360bfe759e416735aee1e6,b5fc06c558d611eefd5770254b29d49fda428ee3286f43727d4f2b2b55a4ca4d,91,-0.3494969152578322,0.01
2,0,unrounded_strict,side_informed,laplace,beta_half_half,20.0,HU_plus_surface,0.001,88cfbf3d123c09aeb16cc5603a8216ea53798432be360bfe759e416735aee1e6,7491b64e37ba4cee0e7e7956756b14ed939d003d1e7adcde957b6898f7525622,91,-0.3409379382757982,0.01
2,0,unrounded_strict,side_informed,laplace,beta_half_half,20.0,HU_plus_surface,0.01,88cfbf3d123c09aeb16cc5603a8216ea53798432be360bfe759e416735aee1e6,9defac8b423e660e36d43dcd6d33f60079dd15b03b1cfca77a1563cc746641e3,91,-0.31844211379923665,0.01
2,0,unrounded_strict,side_informed,laplace,beta_half_half,20.0,HU_plus_surface,0.1,88cfbf3d123c09aeb16cc5603a8216ea53798432be360bfe759e416735aee1e6,6865e91ee4bd6fc522179938ff7d44ed85375d6f9e93ca2f771a50f7ddda5f92,91,-0.36822280989920797,0.01
2,1,unrounded_strict,side_informed,laplace,beta_half_half,20.0,HU_plus_surface,0.0,b866bd6ecb3ec5659d4de6b67167b6378955e1543fe258d36dee45860d110980,91d964e4b49658011cfbcab2fc58989fde30d0463c3e9897ccbbcf3a4f3fa4c5,89,-0.35075333666367514,0.01
2,1,unrounded_strict,side_informed,laplace,beta_half_half,20.0,HU_plus_surface,0.0001,b866bd6ecb3ec5659d4de6b67167b6378955e1543fe258d36dee45860d110980,c4b018743a687f9a53f9e0bfb7782a9f8ac043fc806b0764dff4a9f5fe397311,89,-0.3494969152578322,0.01
2,1,unrounded_strict,side_informed,laplace,beta_half_half,20.0,HU_plus_surface,0.001,b866bd6ecb3ec5659d4de6b67167b6378955e1543fe258d36dee45860d110980,019eb893db3b0f2bb2037c8546162bcad9bb402ec611b4a9949fe3d257d4e78a,89,-0.3409379382757982,0.01
2,1,unrounded_strict,side_informed,laplace,beta_half_half,20.0,HU_plus_surface,0.01,b866bd6ecb3ec5659d4de6b67167b6378955e1543fe258d36dee45860d110980,59cf79b8cb2bfea6ab1fcc684e24a51fd92a7c7d6ce3cf735f7c84570d12c2e2,89,-0.31844211379923665,0.01
2,1,unrounded_strict,side_informed,laplace,beta_half_half,20.0,HU_plus_surface,0.1,b866bd6ecb3ec5659d4de6b67167b6378955e1543fe258d36dee45860d110980,edce47509da5e04e5267b3de0ee3623cdef57e6053eacc7e2714bd8bf47db85f,89,-0.36822280989920797,0.01
2,2,unrounded_strict,side_informed,laplace,beta_half_half,20.0,HU_plus_surface,0.0,6ebbd52c6c997d69db148aa80e059a97f5040959d2c6399495016458f9911221,232510e726fd775f8ee4bf542221167f4476e0ca33e9edd8bc044fad8a94b834,90,-0.35075333666367514,0.01
2,2,unrounded_strict,side_informed,laplace,beta_half_half,20.0,HU_plus_surface,0.0001,6ebbd52c6c997d69db148aa80e059a97f5040959d2c6399495016458f9911221,89ea883645506ffe01b3f8b77d900f35e6c522daa606e7164366e486df1a7289,90,-0.3494969152578322,0.01
2,2,unrounded_strict,side_informed,laplace,beta_half_half,20.0,HU_plus_surface,0.001,6ebbd52c6c997d69db148aa80e059a97f5040959d2c6399495016458f9911221,f896f7221c1ba6e70a85d2735bb549ea38917f18c10473fcc147a515ef93d897,90,-0.3409379382757982,0.01
2,2,unrounded_strict,side_informed,laplace,beta_half_half,20.0,HU_plus_surface,0.01,6ebbd52c6c997d69db148aa80e059a97f5040959d2c6399495016458f9911221,3fc21d38ac561af01beac40ed27bb8006da70faf2327c3fbf21efe235545f1b2,90,-0.31844211379923665,0.01
2,2,unrounded_strict,side_informed,laplace,beta_half_half,20.0,HU_plus_surface,0.1,6ebbd52c6c997d69db148aa80e059a97f5040959d2c6399495016458f9911221,52a7ced77f4454f03231fa82811c6eff03cb02dc901d168b3b690fbd1d5c6adf,90,-0.36822280989920797,0.01
2,0,unrounded_strict,side_informed,laplace,beta_half_half,20.0,retention_bounded_plus_HU,0.0,88cfbf3d123c09aeb16cc5603a8216ea53798432be360bfe759e416735aee1e6,21609fc8b210367f512ce5437b0d380232f4f8084665e8bfbda06f33445b59cc,91,-0.3596281315246372,0.01
2,0,unrounded_strict,side_informed,laplace,beta_half_half,20.0,retention_bounded_plus_HU,0.0001,88cfbf3d123c09aeb16cc5603a8216ea53798432be360bfe759e416735aee1e6,b8c134d46e007c438ff0715c0091bc185a4cca653120e9db857626034dfc22e8,91,-0.3580481794951015,0.01
2,0,unrounded_strict,side_informed,laplace,beta_half_half,20.0,retention_bounded_plus_HU,0.001,88cfbf3d123c09aeb16cc5603a8216ea53798432be360bfe759e416735aee1e6,d3ba2bcdcdb2db1c3e15629c10fb75a55263448fb82b3f8b65111b9d1f51c691,91,-0.34979384711881656,0.01
2,0,unrounded_strict,side_informed,laplace,beta_half_half,20.0,retention_bounded_plus_HU,0.01,88cfbf3d123c09aeb16cc5603a8216ea53798432be360bfe759e416735aee1e6,884fb0bf827f9cb08d97a82fc7fadb420ca91698165af6f3999d848fb94ac5cd,91,-0.33196788293822754,0.01
2,0,unrounded_strict,side_informed,laplace,beta_half_half,20.0,retention_bounded_plus_HU,0.1,88cfbf3d123c09aeb16cc5603a8216ea53798432be360bfe759e416735aee1e6,ee1efc63607a6f779704fc0d264f66d17aebf3767d962c12da642542a1cd5c11,91,-0.33948458641790646,0.01
2,1,unrounded_strict,side_informed,laplace,beta_half_half,20.0,retention_bounded_plus_HU,0.0,b866bd6ecb3ec5659d4de6b67167b6378955e1543fe258d36dee45860d110980,c32804a72115ec3e169de7e1872c01d39754ca232edb9b78850b88da8a2ab4fa,89,-0.3596281315246372,0.01
2,1,unrounded_strict,side_informed,laplace,beta_half_half,20.0,retention_bounded_plus_HU,0.0001,b866bd6ecb3ec5659d4de6b67167b6378955e1543fe258d36dee45860d110980,7c72ea6e3d6b6a62eb1b288a9018862eb571601b98b2ae362145c691eadf0d59,89,-0.3580481794951015,0.01
2,1,unrounded_strict,side_informed,laplace,beta_half_half,20.0,retention_bounded_plus_HU,0.001,b866bd6ecb3ec5659d4de6b67167b6378955e1543fe258d36dee45860d110980,4a362ec0db4c1a2ecb0d47cdb0ee4c412f8d00c0b0548c03d98fcc9f9240cd51,89,-0.34979384711881656,0.01
2,1,unrounded_strict,side_informed,laplace,beta_half_half,20.0,retention_bounded_plus_HU,0.01,b866bd6ecb3ec5659d4de6b67167b6378955e1543fe258d36dee45860d110980,fa83dbc73a886745dcec69fa95065cf156e34dc6bdce971b2527cc6fa67958a6,89,-0.33196788293822754,0.01
2,1,unrounded_strict,side_informed,laplace,beta_half_half,20.0,retention_bounded_plus_HU,0.1,b866bd6ecb3ec5659d4de6b67167b6378955e1543fe258d36dee45860d110980,c091fd96f6fd31c853f6f2ee25949d7303dc0da1bc140ec1d4053faa6c5e40e1,89,-0.33948458641790646,0.01
2,2,unrounded_strict,side_informed,laplace,beta_half_half,20.0,retention_bounded_plus_HU,0.0,6ebbd52c6c997d69db148aa80e059a97f5040959d2c6399495016458f9911221,81a642b36d2a4226a5e3c43566d2f5701fe3f9cbc1a13b85ffd4d8216bdcc2f1,90,-0.3596281315246372,0.01
2,2,unrounded_strict,side_informed,laplace,beta_half_half,20.0,retention_bounded_plus_HU,0.0001,6ebbd52c6c997d69db148aa80e059a97f5040959d2c6399495016458f9911221,89ec804e07df43eb2f3f6571c8d8c6095c32dd51a34ea39780201a2971f011bc,90,-0.3580481794951015,0.01
2,2,unrounded_strict,side_informed,laplace,beta_half_half,20.0,retention_bounded_plus_HU,0.001,6ebbd52c6c997d69db148aa80e059a97f5040959d2c6399495016458f9911221,3bee7cc0e5bd8926b0a767283969f90798973f2f400cbcfabf86fb3e88fc2b04,90,-0.34979384711881656,0.01
2,2,unrounded_strict,side_informed,laplace,beta_half_half,20.0,retention_bounded_plus_HU,0.01,6ebbd52c6c997d69db148aa80e059a97f5040959d2c6399495016458f9911221,8f00a5c89c5c03c124310a6ce8fdd5afac1183b39160644c1c9baacbe5607953,90,-0.33196788293822754,0.01
2,2,unrounded_strict,side_informed,laplace,beta_half_half,20.0,retention_bounded_plus_HU,0.1,6ebbd52c6c997d69db148aa80e059a97f5040959d2c6399495016458f9911221,c7aebbdea34f5598701dcb695a0df628aa416ec0bf2c4e7f970696644b0ddf45,90,-0.33948458641790646,0.01
2,0,unrounded_strict,side_informed,gh80,beta_half_half,20.0,HU_plus_surface,0.0,88cfbf3d123c09aeb16cc5603a8216ea53798432be360bfe759e416735aee1e6,fa017c887c1c2b04705df21fb43f2dc3826b782eae34868604cd81baa42c11d2,91,-0.33615248660377806,0.01
2,0,unrounded_strict,side_informed,gh80,beta_half_half,20.0,HU_plus_surface,0.0001,88cfbf3d123c09aeb16cc5603a8216ea53798432be360bfe759e416735aee1e6,5e156ee8af58f657b96d09ad4273e52787862a022dfae4dc467776cc04187ba8,91,-0.3350584269841304,0.01
2,0,unrounded_strict,side_informed,gh80,beta_half_half,20.0,HU_plus_surface,0.001,88cfbf3d123c09aeb16cc5603a8216ea53798432be360bfe759e416735aee1e6,f3362b15cdab536d385d094c59c2f0a32f24dc98cb2d92f1170538d4ce1a392a,91,-0.3276303531923238,0.01
2,0,unrounded_strict,side_informed,gh80,beta_half_half,20.0,HU_plus_surface,0.01,88cfbf3d123c09aeb16cc5603a8216ea53798432be360bfe759e416735aee1e6,76b62fd1cdf47a782b5f6b916ff73ac7af83b8801dea4c266322651948203f82,91,-0.30950896384981685,0.01
2,0,unrounded_strict,side_informed,gh80,beta_half_half,20.0,HU_plus_surface,0.1,88cfbf3d123c09aeb16cc5603a8216ea53798432be360bfe759e416735aee1e6,f32fd64373a67ec36a1705c1e41b6d3910f6149cd13231c1b107d7fdaceec548,91,-0.36558842782146395,0.01
2,1,unrounded_strict,side_informed,gh80,beta_half_half,20.0,HU_plus_surface,0.0,b866bd6ecb3ec5659d4de6b67167b6378955e1543fe258d36dee45860d110980,7d243bd3dc2dc5dd75d560905a7b8e948fbb0f3fc92ef37c84b25c86176c41e3,89,-0.33615248660377806,0.01
2,1,unrounded_strict,side_informed,gh80,beta_half_half,20.0,HU_plus_surface,0.0001,b866bd6ecb3ec5659d4de6b67167b6378955e1543fe258d36dee45860d110980,706247229e19c1bfe46f4857012d3fa6328065d02099204993333ce89edf4a46,89,-0.3350584269841304,0.01
2,1,unrounded_strict,side_informed,gh80,beta_half_half,20.0,HU_plus_surface,0.001,b866bd6ecb3ec5659d4de6b67167b6378955e1543fe258d36dee45860d110980,f217fd91d8845bf8e5736ef3d8bda00c204afb1f75aa5561617e7a34675f107f,89,-0.3276303531923238,0.01
2,1,unrounded_strict,side_informed,gh80,beta_half_half,20.0,HU_plus_surface,0.01,b866bd6ecb3ec5659d4de6b67167b6378955e1543fe258d36dee45860d110980,af0381440fedb133ab229cd5079c0a0ff1e1e8d295f67db5ee63d1906a158c93,89,-0.30950896384981685,0.01
2,1,unrounded_strict,side_informed,gh80,beta_half_half,20.0,HU_plus_surface,0.1,b866bd6ecb3ec5659d4de6b67167b6378955e1543fe258d36dee45860d110980,e553091dab8457ecbb094bab3dc97b5de74f066b32845cb4e075e74e19b3937f,89,-0.36558842782146395,0.01
2,2,unrounded_strict,side_informed,gh80,beta_half_half,20.0,HU_plus_surface,0.0,6ebbd52c6c997d69db148aa80e059a97f5040959d2c6399495016458f9911221,f79186710912fde3634b3c15d7cde6f718eb0f6fef6214ed5b2e3089720390fc,90,-0.33615248660377806,0.01
2,2,unrounded_strict,side_informed,gh80,beta_half_half,20.0,HU_plus_surface,0.0001,6ebbd52c6c997d69db148aa80e059a97f5040959d2c6399495016458f9911221,d87d20ffa71920c973bc62204cf28d55266e15444c19fbbfac7be4c4fd0dfc8f,90,-0.3350584269841304,0.01
2,2,unrounded_strict,side_informed,gh80,beta_half_half,20.0,HU_plus_surface,0.001,6ebbd52c6c997d69db148aa80e059a97f5040959d2c6399495016458f9911221,473cab7a14bdab76a20a2602664369adfe619e18e59356e4d2b48c2c74ebbf7a,90,-0.3276303531923238,0.01
2,2,unrounded_strict,side_informed,gh80,beta_half_half,20.0,HU_plus_surface,0.01,6ebbd52c6c997d69db148aa80e059a97f5040959d2c6399495016458f9911221,f2f37903fc522259d5569d8113dfbced77eabbca8493e01bb7ec4f2b8c3a1ffe,90,-0.30950896384981685,0.01
2,2,unrounded_strict,side_informed,gh80,beta_half_half,20.0,HU_plus_surface,0.1,6ebbd52c6c997d69db148aa80e059a97f5040959d2c6399495016458f9911221,9b056b5f19dc439cb081bbaf1ba367c0cc654843a477a2e7883c495beb204ed3,90,-0.36558842782146395,0.01
2,0,unrounded_strict,side_informed,gh80,beta_half_half,20.0,retention_bounded_plus_HU,0.0,88cfbf3d123c09aeb16cc5603a8216ea53798432be360bfe759e416735aee1e6,e371c49986f0d4400fba6ef45f124c172254bbc9c4bfb8c23f0540c0a6751396,91,-0.3507877022554759,0.01
2,0,unrounded_strict,side_informed,gh80,beta_half_half,20.0,retention_bounded_plus_HU,0.0001,88cfbf3d123c09aeb16cc5603a8216ea53798432be360bfe759e416735aee1e6,fbd4b7c41923b54619e70b1259b55a3cd29a3e84c60705113f8e574beffe1ea5,91,-0.351383207789093,0.01
2,0,unrounded_strict,side_informed,gh80,beta_half_half,20.0,retention_bounded_plus_HU,0.001,88cfbf3d123c09aeb16cc5603a8216ea53798432be360bfe759e416735aee1e6,9acc5c1f078683e38455357e39b11b1a8f77a299a25718677b1edbe2b7f9e23d,91,-0.3456309539104255,0.01
2,0,unrounded_strict,side_informed,gh80,beta_half_half,20.0,retention_bounded_plus_HU,0.01,88cfbf3d123c09aeb16cc5603a8216ea53798432be360bfe759e416735aee1e6,6472d46682b8b4458b1bd159665b380cf09f8d11675b5951d17cbf89f4e42e10,91,-0.3292168430209122,0.01
2,0,unrounded_strict,side_informed,gh80,beta_half_half,20.0,retention_bounded_plus_HU,0.1,88cfbf3d123c09aeb16cc5603a8216ea53798432be360bfe759e416735aee1e6,3061e2e9c0939c47d5c6fa3343367abb8c7cca6e35fbe9baec71e2ff5254b91f,91,-0.338096198247064,0.01
2,1,unrounded_strict,side_informed,gh80,beta_half_half,20.0,retention_bounded_plus_HU,0.0,b866bd6ecb3ec5659d4de6b67167b6378955e1543fe258d36dee45860d110980,93742aad7a53c46509a7a3340e9d5a42b3baa57ea68b7a6f063ba0e1ebb78766,89,-0.3507877022554759,0.01
2,1,unrounded_strict,side_informed,gh80,beta_half_half,20.0,retention_bounded_plus_HU,0.0001,b866bd6ecb3ec5659d4de6b67167b6378955e1543fe258d36dee45860d110980,d092be13430722ee43e263f935e092969e2218180483f51a026c6807f2aa66e1,89,-0.351383207789093,0.01
2,1,unrounded_strict,side_informed,gh80,beta_half_half,20.0,retention_bounded_plus_HU,0.001,b866bd6ecb3ec5659d4de6b67167b6378955e1543fe258d36dee45860d110980,1e163e30b9ee5dde186c704907934426b488a176f060a7f015d77fbd37159fb4,89,-0.3456309539104255,0.01
2,1,unrounded_strict,side_informed,gh80,beta_half_half,20.0,retention_bounded_plus_HU,0.01,b866bd6ecb3ec5659d4de6b67167b6378955e1543fe258d36dee45860d110980,5b2ded45eb87603b8dbf55ecc96e1f6556ef79108a47f6a8cf3cd9b16a93b71a,89,-0.3292168430209122,0.01
2,1,unrounded_strict,side_informed,gh80,beta_half_half,20.0,retention_bounded_plus_HU,0.1,b866bd6ecb3ec5659d4de6b67167b6378955e1543fe258d36dee45860d110980,49cdbb6462b3233738ecb8c775143285e545fbcad848d7c305ccd20cbbaf5298,89,-0.338096198247064,0.01
2,2,unrounded_strict,side_informed,gh80,beta_half_half,20.0,retention_bounded_plus_HU,0.0,6ebbd52c6c997d69db148aa80e059a97f5040959d2c6399495016458f9911221,ea6a395b27a3ada5f8f5b7c8724ceea6e091b605d588a133b19b82826141f9e8,90,-0.3507877022554759,0.01
2,2,unrounded_strict,side_informed,gh80,beta_half_half,20.0,retention_bounded_plus_HU,0.0001,6ebbd52c6c997d69db148aa80e059a97f5040959d2c6399495016458f9911221,9da50952bdbc52dbb81c931f8012d5e099bfeeabd405f7fd6606151abb527a46,90,-0.351383207789093,0.01
2,2,unrounded_strict,side_informed,gh80,beta_half_half,20.0,retention_bounded_plus_HU,0.001,6ebbd52c6c997d69db148aa80e059a97f5040959d2c6399495016458f9911221,a0c42ff6b040d19d48cf8e0db7628eb4d95e367120688707bc1250a2ad48eb3a,90,-0.3456309539104255,0.01
2,2,unrounded_strict,side_informed,gh80,beta_half_half,20.0,retention_bounded_plus_HU,0.01,6ebbd52c6c997d69db148aa80e059a97f5040959d2c6399495016458f9911221,2cd69483dcb7a593026a5087f1952400be7ceaab654160c5072bc619dfa94c2f,90,-0.3292168430209122,0.01
2,2,unrounded_strict,side_informed,gh80,beta_half_half,20.0,retention_bounded_plus_HU,0.1,6ebbd52c6c997d69db148aa80e059a97f5040959d2c6399495016458f9911221,e094ba53a86df86c2994a48064a7e6935bc9729828640d6521d37b133a726de4,90,-0.338096198247064,0.01
2,0,unrounded_strict,wholly_unseen,laplace,beta_half_half,20.0,retention_bounded,0.0,88cfbf3d123c09aeb16cc5603a8216ea53798432be360bfe759e416735aee1e6,9804686346e04d33d0f3bd2d819e3debaeab74c29f1e8ae98d5670ca8fc92e9b,91,-0.6688714928426609,0.01
2,0,unrounded_strict,wholly_unseen,laplace,beta_half_half,20.0,retention_bounded,0.0001,88cfbf3d123c09aeb16cc5603a8216ea53798432be360bfe759e416735aee1e6,235777c135c1dda82eee654a5955ee6d50bc5be2bf01ad0125f3bf588e535cab,91,-0.6680754945989185,0.01
2,0,unrounded_strict,wholly_unseen,laplace,beta_half_half,20.0,retention_bounded,0.001,88cfbf3d123c09aeb16cc5603a8216ea53798432be360bfe759e416735aee1e6,d3bade808ae47e46ff8d3ae81850a5cb77f3bf6774d12e4478eff05b9f0ea75c,91,-0.662042541434351,0.01
2,0,unrounded_strict,wholly_unseen,laplace,beta_half_half,20.0,retention_bounded,0.01,88cfbf3d123c09aeb16cc5603a8216ea53798432be360bfe759e416735aee1e6,5a4f59180acb381fa9dc73c87b259a4c155cdaddbe2fc5c0d5eb059c23b1c5b5,91,-0.6362385753827235,0.01
2,0,unrounded_strict,wholly_unseen,laplace,beta_half_half,20.0,retention_bounded,0.1,88cfbf3d123c09aeb16cc5603a8216ea53798432be360bfe759e416735aee1e6,4804eb7c1d4f96a87fa605f8490e9b8a93db9a51c3dc21e70428a81f52ecc33d,91,-0.6531730715573018,0.01
2,1,unrounded_strict,wholly_unseen,laplace,beta_half_half,20.0,retention_bounded,0.0,b866bd6ecb3ec5659d4de6b67167b6378955e1543fe258d36dee45860d110980,06835dd982097d3c58e7b8cc95975ba7a07209e5572e6ec7471b02bbedc3fd28,89,-0.6688714928426609,0.01
2,1,unrounded_strict,wholly_unseen,laplace,beta_half_half,20.0,retention_bounded,0.0001,b866bd6ecb3ec5659d4de6b67167b6378955e1543fe258d36dee45860d110980,543cf061e97359cab1a392945322eaa26c2836c3160776e70edf752355af114d,89,-0.6680754945989185,0.01
2,1,unrounded_strict,wholly_unseen,laplace,beta_half_half,20.0,retention_bounded,0.001,b866bd6ecb3ec5659d4de6b67167b6378955e1543fe258d36dee45860d110980,9848a7fb6d218939d0f7d64f6e929306d492a282c266ca5bf8f902ea5f920714,89,-0.662042541434351,0.01
2,1,unrounded_strict,wholly_unseen,laplace,beta_half_half,20.0,retention_bounded,0.01,b866bd6ecb3ec5659d4de6b67167b6378955e1543fe258d36dee45860d110980,347137f439340427c6355e53790254ec433b0353d06720d599d01efda4c1cf4e,89,-0.6362385753827235,0.01
2,1,unrounded_strict,wholly_unseen,laplace,beta_half_half,20.0,retention_bounded,0.1,b866bd6ecb3ec5659d4de6b67167b6378955e1543fe258d36dee45860d110980,adbc9aa3b3d7aeab2e37f855f58180d19f940fe00d23f0569310d4fceaddf6e9,89,-0.6531730715573018,0.01
2,2,unrounded_strict,wholly_unseen,laplace,beta_half_half,20.0,retention_bounded,0.0,6ebbd52c6c997d69db148aa80e059a97f5040959d2c6399495016458f9911221,25468ee35c204d8b28f1b5369145cc9e7141be2271e08cfc29fc8bfad9020b90,90,-0.6688714928426609,0.01
2,2,unrounded_strict,wholly_unseen,laplace,beta_half_half,20.0,retention_bounded,0.0001,6ebbd52c6c997d69db148aa80e059a97f5040959d2c6399495016458f9911221,9412f7f039432e70e48694456bcd145815731f2f450abf051de9163fbef8c891,90,-0.6680754945989185,0.01
2,2,unrounded_strict,wholly_unseen,laplace,beta_half_half,20.0,retention_bounded,0.001,6ebbd52c6c997d69db148aa80e059a97f5040959d2c6399495016458f9911221,0ea64d548570813d84834acf600f97009a5916eeb16cb4f2410aba4d22b93d37,90,-0.662042541434351,0.01
2,2,unrounded_strict,wholly_unseen,laplace,beta_half_half,20.0,retention_bounded,0.01,6ebbd52c6c997d69db148aa80e059a97f5040959d2c6399495016458f9911221,46d729ced3866658d2312bf3e8a50e6671187d13433be1ef5999d0568a214b2b,90,-0.6362385753827235,0.01
2,2,unrounded_strict,wholly_unseen,laplace,beta_half_half,20.0,retention_bounded,0.1,6ebbd52c6c997d69db148aa80e059a97f5040959d2c6399495016458f9911221,06060dc27375c08b55537e95efeecac3b8e9debd3a1682b9f62d6696078899c6,90,-0.6531730715573018,0.01
2,0,unrounded_strict,wholly_unseen,laplace,beta_half_half,20.0,retention_nonnegative,0.0,88cfbf3d123c09aeb16cc5603a8216ea53798432be360bfe759e416735aee1e6,3c90b71581a54f4023315ed0f7564c66878d198dcaaf01875cb31a9b8b289490,91,-0.6688714954239863,0.01
2,0,unrounded_strict,wholly_unseen,laplace,beta_half_half,20.0,retention_nonnegative,0.0001,88cfbf3d123c09aeb16cc5603a8216ea53798432be360bfe759e416735aee1e6,79fc078e7dbfc817fae35aff44a34890ffc7d68bbfe41d2c353bc3780b57b787,91,-0.6670890285289599,0.01
2,0,unrounded_strict,wholly_unseen,laplace,beta_half_half,20.0,retention_nonnegative,0.001,88cfbf3d123c09aeb16cc5603a8216ea53798432be360bfe759e416735aee1e6,e263b90dae2afa6d0d3f2f8caf5c54b6c76b1c11f721bfa3b785f1132bc03c8e,91,-0.6554009760396716,0.01
2,0,unrounded_strict,wholly_unseen,laplace,beta_half_half,20.0,retention_nonnegative,0.01,88cfbf3d123c09aeb16cc5603a8216ea53798432be360bfe759e416735aee1e6,690610ba9ca793d2a0421c224279babb4286ca6f4055dc61221064455a47b4fe,91,-0.637340404743602,0.01
2,0,unrounded_strict,wholly_unseen,laplace,beta_half_half,20.0,retention_nonnegative,0.1,88cfbf3d123c09aeb16cc5603a8216ea53798432be360bfe759e416735aee1e6,6445af48a67435a77711a1472a229b90f65aaef500c355553debb10bccde6b51,91,-0.7076802470280678,0.01
2,1,unrounded_strict,wholly_unseen,laplace,beta_half_half,20.0,retention_nonnegative,0.0,b866bd6ecb3ec5659d4de6b67167b6378955e1543fe258d36dee45860d110980,d80fa1abb2bf0cb9609781f94f1f58d8f1d7c792922c6b05cdbfd0f356af6c44,89,-0.6688714954239863,0.01
2,1,unrounded_strict,wholly_unseen,laplace,beta_half_half,20.0,retention_nonnegative,0.0001,b866bd6ecb3ec5659d4de6b67167b6378955e1543fe258d36dee45860d110980,bc31de60b09617d89ecb76648618b6d0e8c816743273548d2f242324fd8fad1d,89,-0.6670890285289599,0.01
2,1,unrounded_strict,wholly_unseen,laplace,beta_half_half,20.0,retention_nonnegative,0.001,b866bd6ecb3ec5659d4de6b67167b6378955e1543fe258d36dee45860d110980,b63ead448fb91132c04b4b1a95ef50058b5c8fedc7e9497681e22a7692b51556,89,-0.6554009760396716,0.01
2,1,unrounded_strict,wholly_unseen,laplace,beta_half_half,20.0,retention_nonnegative,0.01,b866bd6ecb3ec5659d4de6b67167b6378955e1543fe258d36dee45860d110980,28575bfcb38f3c604092d7094defcff07d458cd0b3c6dcc67dc1dd6d1556a9b2,89,-0.637340404743602,0.01
2,1,unrounded_strict,wholly_unseen,laplace,beta_half_half,20.0,retention_nonnegative,0.1,b866bd6ecb3ec5659d4de6b67167b6378955e1543fe258d36dee45860d110980,b5023781fc6363972913a7c761b36c63f8cd8be7b7f50ea1d41e055b28e830ce,89,-0.7076802470280678,0.01
2,2,unrounded_strict,wholly_unseen,laplace,beta_half_half,20.0,retention_nonnegative,0.0,6ebbd52c6c997d69db148aa80e059a97f5040959d2c6399495016458f9911221,c46be60f9776e39a928cb1b9a9c62070f6280d3d40491a98fb3960d08c910686,90,-0.6688714954239863,0.01
2,2,unrounded_strict,wholly_unseen,laplace,beta_half_half,20.0,retention_nonnegative,0.0001,6ebbd52c6c997d69db148aa80e059a97f5040959d2c6399495016458f9911221,ed073adc3b3730f52b00954c128364263327a7397b670f230edce4f3e46e1dea,90,-0.6670890285289599,0.01
2,2,unrounded_strict,wholly_unseen,laplace,beta_half_half,20.0,retention_nonnegative,0.001,6ebbd52c6c997d69db148aa80e059a97f5040959d2c6399495016458f9911221,0ce7c8c0f7c5f59cd5302f92247b1cfff72a816159c45dbca5433f6b385e5489,90,-0.6554009760396716,0.01
2,2,unrounded_strict,wholly_unseen,laplace,beta_half_half,20.0,retention_nonnegative,0.01,6ebbd52c6c997d69db148aa80e059a97f5040959d2c6399495016458f9911221,8b2f148f47dff889f555abf55fbd5c8ee1730fb9de9f2455fbdae8a782252bd3,90,-0.637340404743602,0.01
2,2,unrounded_strict,wholly_unseen,laplace,beta_half_half,20.0,retention_nonnegative,0.1,6ebbd52c6c997d69db148aa80e059a97f5040959d2c6399495016458f9911221,119a5fbc419192e132dc18d2f200457c41f9b97df7da48ba7b9f85269eedcb17,90,-0.7076802470280678,0.01
2,0,unrounded_strict,wholly_unseen,laplace,beta_half_half,20.0,current_only,0.0,88cfbf3d123c09aeb16cc5603a8216ea53798432be360bfe759e416735aee1e6,b2352126a21c50b218ef672cebfa679a88a1102fb987108acc8cdcc7fb32cf12,91,-0.8876641275457976,0.01
2,0,unrounded_strict,wholly_unseen,laplace,beta_half_half,20.0,current_only,0.0001,88cfbf3d123c09aeb16cc5603a8216ea53798432be360bfe759e416735aee1e6,2611239bf0b77e09274c164bf5cf8ffb4ab2d793083177e55ab7fb59701644ba,91,-0.8876086572100629,0.01
2,0,unrounded_strict,wholly_unseen,laplace,beta_half_half,20.0,current_only,0.001,88cfbf3d123c09aeb16cc5603a8216ea53798432be360bfe759e416735aee1e6,6ae6d72cf6109ce2ba6fc8571d3db9db254b4b2a4d15f5f4fecb3b52749a3021,91,-0.8871299969843207,0.01
2,0,unrounded_strict,wholly_unseen,laplace,beta_half_half,20.0,current_only,0.01,88cfbf3d123c09aeb16cc5603a8216ea53798432be360bfe759e416735aee1e6,438e03e1f9590cf95be0a8b67207111ef80eb1730aaf29728677464afc846eb8,91,-0.8839747484338606,0.01
2,0,unrounded_strict,wholly_unseen,laplace,beta_half_half,20.0,current_only,0.1,88cfbf3d123c09aeb16cc5603a8216ea53798432be360bfe759e416735aee1e6,69fc00e50488ae65fb0a1740292dab0219c3651040c1da9559ce558e777952f3,91,-0.8989382519812789,0.01
2,1,unrounded_strict,wholly_unseen,laplace,beta_half_half,20.0,current_only,0.0,b866bd6ecb3ec5659d4de6b67167b6378955e1543fe258d36dee45860d110980,6d3b92701db4eb0903f2861b58798d6babb31b35235db7f3d6bf34d44a69551c,89,-0.8876641275457976,0.01
2,1,unrounded_strict,wholly_unseen,laplace,beta_half_half,20.0,current_only,0.0001,b866bd6ecb3ec5659d4de6b67167b6378955e1543fe258d36dee45860d110980,8565f22f9087645d494bcae27447b21a00332d50972a4f8ddd4ef16a12aace4d,89,-0.8876086572100629,0.01
2,1,unrounded_strict,wholly_unseen,laplace,beta_half_half,20.0,current_only,0.001,b866bd6ecb3ec5659d4de6b67167b6378955e1543fe258d36dee45860d110980,93a02013d5b41d085186552849b2a8108e0714e342787cda08f1d397223b7522,89,-0.8871299969843207,0.01
2,1,unrounded_strict,wholly_unseen,laplace,beta_half_half,20.0,current_only,0.01,b866bd6ecb3ec5659d4de6b67167b6378955e1543fe258d36dee45860d110980,c61d4d43e78e1b7a01d107fa3c23ef5d3426f9db525bf969720ef668d077b77e,89,-0.8839747484338606,0.01
2,1,unrounded_strict,wholly_unseen,laplace,beta_half_half,20.0,current_only,0.1,b866bd6ecb3ec5659d4de6b67167b6378955e1543fe258d36dee45860d110980,1273d932fcc7b3ccf508a655e16a7d502ea94e770ef130f9c0e3ad3ee9f1a67f,89,-0.8989382519812789,0.01
2,2,unrounded_strict,wholly_unseen,laplace,beta_half_half,20.0,current_only,0.0,6ebbd52c6c997d69db148aa80e059a97f5040959d2c6399495016458f9911221,77267cc54c0761457a2edcd3e50eda64aa2ad6635387caf438bae8cdd19874a1,90,-0.8876641275457976,0.01
2,2,unrounded_strict,wholly_unseen,laplace,beta_half_half,20.0,current_only,0.0001,6ebbd52c6c997d69db148aa80e059a97f5040959d2c6399495016458f9911221,877e00ab6bbfccacbbaba9eeeef9519fa63364c0807615bda6bb0516b72cd599,90,-0.8876086572100629,0.01
2,2,unrounded_strict,wholly_unseen,laplace,beta_half_half,20.0,current_only,0.001,6ebbd52c6c997d69db148aa80e059a97f5040959d2c6399495016458f9911221,c720a47f4b99720968a05fae53819a896310cdee46f0e1cc66da2d11711afd31,90,-0.8871299969843207,0.01
2,2,unrounded_strict,wholly_unseen,laplace,beta_half_half,20.0,current_only,0.01,6ebbd52c6c997d69db148aa80e059a97f5040959d2c6399495016458f9911221,084156734b643e13cce33bcafba3028e6e3b8538cb2b9d1909c837a2ac68106c,90,-0.8839747484338606,0.01
2,2,unrounded_strict,wholly_unseen,laplace,beta_half_half,20.0,current_only,0.1,6ebbd52c6c997d69db148aa80e059a97f5040959d2c6399495016458f9911221,deea9056d5e96e9cba710f9810c18028102099db8a3c9557ca62c4713ddbae1a,90,-0.8989382519812789,0.01
2,0,unrounded_strict,wholly_unseen,laplace,beta_half_half,20.0,input_plus_surface,0.0,88cfbf3d123c09aeb16cc5603a8216ea53798432be360bfe759e416735aee1e6,47a80034d68f0180cf5c1075eb766c907cdcec20870e99705843f2fad61cbf85,91,-0.6470940592114611,0.01
2,0,unrounded_strict,wholly_unseen,laplace,beta_half_half,20.0,input_plus_surface,0.0001,88cfbf3d123c09aeb16cc5603a8216ea53798432be360bfe759e416735aee1e6,f4ae39c6f283c2d2548b0f58dc0a8ef2bb36227f5ab341673a026d360b3512c1,91,-0.6457829957619211,0.01
2,0,unrounded_strict,wholly_unseen,laplace,beta_half_half,20.0,input_plus_surface,0.001,88cfbf3d123c09aeb16cc5603a8216ea53798432be360bfe759e416735aee1e6,1a878d9e34c9c3399c5ca53857eb8b5ee197c1b67951cd65b4a2b49091181cdf,91,-0.6365685626094509,0.01
2,0,unrounded_strict,wholly_unseen,laplace,beta_half_half,20.0,input_plus_surface,0.01,88cfbf3d123c09aeb16cc5603a8216ea53798432be360bfe759e416735aee1e6,a158551f166df2acb0018be4fb26cec7cd679351b325466d82b9f480d7df0642,91,-0.6116649618506377,0.01
2,0,unrounded_strict,wholly_unseen,laplace,beta_half_half,20.0,input_plus_surface,0.1,88cfbf3d123c09aeb16cc5603a8216ea53798432be360bfe759e416735aee1e6,5c101706f99d5090c506901372b5704b834022a0e9e7ad2b2eff3294b949f06b,91,-0.6620454987056289,0.01
2,1,unrounded_strict,wholly_unseen,laplace,beta_half_half,20.0,input_plus_surface,0.0,b866bd6ecb3ec5659d4de6b67167b6378955e1543fe258d36dee45860d110980,db9959d9b1121526636290412ed10bde765b150bef94ab4bea80b7f182bbe704,89,-0.6470940592114611,0.01
2,1,unrounded_strict,wholly_unseen,laplace,beta_half_half,20.0,input_plus_surface,0.0001,b866bd6ecb3ec5659d4de6b67167b6378955e1543fe258d36dee45860d110980,8871734cd8da089fcc2395ecef62987b2fdc1e7ebd8246642cadacdb46785082,89,-0.6457829957619211,0.01
2,1,unrounded_strict,wholly_unseen,laplace,beta_half_half,20.0,input_plus_surface,0.001,b866bd6ecb3ec5659d4de6b67167b6378955e1543fe258d36dee45860d110980,c02df7558a5a4ed96cf104b5e01c5b90fd3d14ccbe565c09a404acacc1dd8700,89,-0.6365685626094509,0.01
2,1,unrounded_strict,wholly_unseen,laplace,beta_half_half,20.0,input_plus_surface,0.01,b866bd6ecb3ec5659d4de6b67167b6378955e1543fe258d36dee45860d110980,5ff6f61ecf6958e10e6540cd3f8b04d0c1c5e0009911a224f0b1957eb46d6b93,89,-0.6116649618506377,0.01
2,1,unrounded_strict,wholly_unseen,laplace,beta_half_half,20.0,input_plus_surface,0.1,b866bd6ecb3ec5659d4de6b67167b6378955e1543fe258d36dee45860d110980,151a2097b3695037d1906524f2b93ff034ac3f16982638e867c727741c1bf56d,89,-0.6620454987056289,0.01
2,2,unrounded_strict,wholly_unseen,laplace,beta_half_half,20.0,input_plus_surface,0.0,6ebbd52c6c997d69db148aa80e059a97f5040959d2c6399495016458f9911221,865f1318aa0ea96b6c3d5d4f5f3a527c05c2217b3123e4d49b279746e7cbd7f1,90,-0.6470940592114611,0.01
2,2,unrounded_strict,wholly_unseen,laplace,beta_half_half,20.0,input_plus_surface,0.0001,6ebbd52c6c997d69db148aa80e059a97f5040959d2c6399495016458f9911221,e111dba8d8e71d57e7ac9cec54199516ec33b2a65ed7047d2d78ec1fc7f395cb,90,-0.6457829957619211,0.01
2,2,unrounded_strict,wholly_unseen,laplace,beta_half_half,20.0,input_plus_surface,0.001,6ebbd52c6c997d69db148aa80e059a97f5040959d2c6399495016458f9911221,fec3ef8485d30c05b01ac971f397420dc4a92ff446bb9a08048423d6450cf7c5,90,-0.6365685626094509,0.01
2,2,unrounded_strict,wholly_unseen,laplace,beta_half_half,20.0,input_plus_surface,0.01,6ebbd52c6c997d69db148aa80e059a97f5040959d2c6399495016458f9911221,e7fd0db6287d02cf7456d0bfffa570c62e8bc898ca8fdfea2d84f4fed49e4e28,90,-0.6116649618506377,0.01
2,2,unrounded_strict,wholly_unseen,laplace,beta_half_half,20.0,input_plus_surface,0.1,6ebbd52c6c997d69db148aa80e059a97f5040959d2c6399495016458f9911221,aabce54e72c7af8d8a046dc63d6466f485d7c81e2e473f39599d9db8ebb94789,90,-0.6620454987056289,0.01
2,0,unrounded_strict,wholly_unseen,laplace,beta_half_half,20.0,HU_plus_surface,0.0,88cfbf3d123c09aeb16cc5603a8216ea53798432be360bfe759e416735aee1e6,c47dcc821ff09b20aed783e1c7fda97888be00e6272c56fd78156eef7cce129f,91,-0.6532452356961872,0.01
2,0,unrounded_strict,wholly_unseen,laplace,beta_half_half,20.0,HU_plus_surface,0.0001,88cfbf3d123c09aeb16cc5603a8216ea53798432be360bfe759e416735aee1e6,b5fc06c558d611eefd5770254b29d49fda428ee3286f43727d4f2b2b55a4ca4d,91,-0.6516115269007917,0.01
2,0,unrounded_strict,wholly_unseen,laplace,beta_half_half,20.0,HU_plus_surface,0.001,88cfbf3d123c09aeb16cc5603a8216ea53798432be360bfe759e416735aee1e6,7491b64e37ba4cee0e7e7956756b14ed939d003d1e7adcde957b6898f7525622,91,-0.6406740030208367,0.01
2,0,unrounded_strict,wholly_unseen,laplace,beta_half_half,20.0,HU_plus_surface,0.01,88cfbf3d123c09aeb16cc5603a8216ea53798432be360bfe759e416735aee1e6,9defac8b423e660e36d43dcd6d33f60079dd15b03b1cfca77a1563cc746641e3,91,-0.6133059423495251,0.01
2,0,unrounded_strict,wholly_unseen,laplace,beta_half_half,20.0,HU_plus_surface,0.1,88cfbf3d123c09aeb16cc5603a8216ea53798432be360bfe759e416735aee1e6,6865e91ee4bd6fc522179938ff7d44ed85375d6f9e93ca2f771a50f7ddda5f92,91,-0.6630537091832878,0.01
2,1,unrounded_strict,wholly_unseen,laplace,beta_half_half,20.0,HU_plus_surface,0.0,b866bd6ecb3ec5659d4de6b67167b6378955e1543fe258d36dee45860d110980,91d964e4b49658011cfbcab2fc58989fde30d0463c3e9897ccbbcf3a4f3fa4c5,89,-0.6532452356961872,0.01
2,1,unrounded_strict,wholly_unseen,laplace,beta_half_half,20.0,HU_plus_surface,0.0001,b866bd6ecb3ec5659d4de6b67167b6378955e1543fe258d36dee45860d110980,c4b018743a687f9a53f9e0bfb7782a9f8ac043fc806b0764dff4a9f5fe397311,89,-0.6516115269007917,0.01
2,1,unrounded_strict,wholly_unseen,laplace,beta_half_half,20.0,HU_plus_surface,0.001,b866bd6ecb3ec5659d4de6b67167b6378955e1543fe258d36dee45860d110980,019eb893db3b0f2bb2037c8546162bcad9bb402ec611b4a9949fe3d257d4e78a,89,-0.6406740030208367,0.01
2,1,unrounded_strict,wholly_unseen,laplace,beta_half_half,20.0,HU_plus_surface,0.01,b866bd6ecb3ec5659d4de6b67167b6378955e1543fe258d36dee45860d110980,59cf79b8cb2bfea6ab1fcc684e24a51fd92a7c7d6ce3cf735f7c84570d12c2e2,89,-0.6133059423495251,0.01
2,1,unrounded_strict,wholly_unseen,laplace,beta_half_half,20.0,HU_plus_surface,0.1,b866bd6ecb3ec5659d4de6b67167b6378955e1543fe258d36dee45860d110980,edce47509da5e04e5267b3de0ee3623cdef57e6053eacc7e2714bd8bf47db85f,89,-0.6630537091832878,0.01
2,2,unrounded_strict,wholly_unseen,laplace,beta_half_half,20.0,HU_plus_surface,0.0,6ebbd52c6c997d69db148aa80e059a97f5040959d2c6399495016458f9911221,232510e726fd775f8ee4bf542221167f4476e0ca33e9edd8bc044fad8a94b834,90,-0.6532452356961872,0.01
2,2,unrounded_strict,wholly_unseen,laplace,beta_half_half,20.0,HU_plus_surface,0.0001,6ebbd52c6c997d69db148aa80e059a97f5040959d2c6399495016458f9911221,89ea883645506ffe01b3f8b77d900f35e6c522daa606e7164366e486df1a7289,90,-0.6516115269007917,0.01
2,2,unrounded_strict,wholly_unseen,laplace,beta_half_half,20.0,HU_plus_surface,0.001,6ebbd52c6c997d69db148aa80e059a97f5040959d2c6399495016458f9911221,f896f7221c1ba6e70a85d2735bb549ea38917f18c10473fcc147a515ef93d897,90,-0.6406740030208367,0.01
2,2,unrounded_strict,wholly_unseen,laplace,beta_half_half,20.0,HU_plus_surface,0.01,6ebbd52c6c997d69db148aa80e059a97f5040959d2c6399495016458f9911221,3fc21d38ac561af01beac40ed27bb8006da70faf2327c3fbf21efe235545f1b2,90,-0.6133059423495251,0.01
2,2,unrounded_strict,wholly_unseen,laplace,beta_half_half,20.0,HU_plus_surface,0.1,6ebbd52c6c997d69db148aa80e059a97f5040959d2c6399495016458f9911221,52a7ced77f4454f03231fa82811c6eff03cb02dc901d168b3b690fbd1d5c6adf,90,-0.6630537091832878,0.01
2,0,unrounded_strict,wholly_unseen,laplace,beta_half_half,20.0,retention_bounded_plus_HU,0.0,88cfbf3d123c09aeb16cc5603a8216ea53798432be360bfe759e416735aee1e6,21609fc8b210367f512ce5437b0d380232f4f8084665e8bfbda06f33445b59cc,91,-0.6607825121254363,0.01
2,0,unrounded_strict,wholly_unseen,laplace,beta_half_half,20.0,retention_bounded_plus_HU,0.0001,88cfbf3d123c09aeb16cc5603a8216ea53798432be360bfe759e416735aee1e6,b8c134d46e007c438ff0715c0091bc185a4cca653120e9db857626034dfc22e8,91,-0.6593762651065376,0.01
2,0,unrounded_strict,wholly_unseen,laplace,beta_half_half,20.0,retention_bounded_plus_HU,0.001,88cfbf3d123c09aeb16cc5603a8216ea53798432be360bfe759e416735aee1e6,d3ba2bcdcdb2db1c3e15629c10fb75a55263448fb82b3f8b65111b9d1f51c691,91,-0.6480234807358424,0.01
2,0,unrounded_strict,wholly_unseen,laplace,beta_half_half,20.0,retention_bounded_plus_HU,0.01,88cfbf3d123c09aeb16cc5603a8216ea53798432be360bfe759e416735aee1e6,884fb0bf827f9cb08d97a82fc7fadb420ca91698165af6f3999d848fb94ac5cd,91,-0.6269798272000897,0.01
2,0,unrounded_strict,wholly_unseen,laplace,beta_half_half,20.0,retention_bounded_plus_HU,0.1,88cfbf3d123c09aeb16cc5603a8216ea53798432be360bfe759e416735aee1e6,ee1efc63607a6f779704fc0d264f66d17aebf3767d962c12da642542a1cd5c11,91,-0.6319928811290823,0.01
2,1,unrounded_strict,wholly_unseen,laplace,beta_half_half,20.0,retention_bounded_plus_HU,0.0,b866bd6ecb3ec5659d4de6b67167b6378955e1543fe258d36dee45860d110980,c32804a72115ec3e169de7e1872c01d39754ca232edb9b78850b88da8a2ab4fa,89,-0.6607825121254363,0.01
2,1,unrounded_strict,wholly_unseen,laplace,beta_half_half,20.0,retention_bounded_plus_HU,0.0001,b866bd6ecb3ec5659d4de6b67167b6378955e1543fe258d36dee45860d110980,7c72ea6e3d6b6a62eb1b288a9018862eb571601b98b2ae362145c691eadf0d59,89,-0.6593762651065376,0.01
2,1,unrounded_strict,wholly_unseen,laplace,beta_half_half,20.0,retention_bounded_plus_HU,0.001,b866bd6ecb3ec5659d4de6b67167b6378955e1543fe258d36dee45860d110980,4a362ec0db4c1a2ecb0d47cdb0ee4c412f8d00c0b0548c03d98fcc9f9240cd51,89,-0.6480234807358424,0.01
2,1,unrounded_strict,wholly_unseen,laplace,beta_half_half,20.0,retention_bounded_plus_HU,0.01,b866bd6ecb3ec5659d4de6b67167b6378955e1543fe258d36dee45860d110980,fa83dbc73a886745dcec69fa95065cf156e34dc6bdce971b2527cc6fa67958a6,89,-0.6269798272000897,0.01
2,1,unrounded_strict,wholly_unseen,laplace,beta_half_half,20.0,retention_bounded_plus_HU,0.1,b866bd6ecb3ec5659d4de6b67167b6378955e1543fe258d36dee45860d110980,c091fd96f6fd31c853f6f2ee25949d7303dc0da1bc140ec1d4053faa6c5e40e1,89,-0.6319928811290823,0.01
2,2,unrounded_strict,wholly_unseen,laplace,beta_half_half,20.0,retention_bounded_plus_HU,0.0,6ebbd52c6c997d69db148aa80e059a97f5040959d2c6399495016458f9911221,81a642b36d2a4226a5e3c43566d2f5701fe3f9cbc1a13b85ffd4d8216bdcc2f1,90,-0.6607825121254363,0.01
2,2,unrounded_strict,wholly_unseen,laplace,beta_half_half,20.0,retention_bounded_plus_HU,0.0001,6ebbd52c6c997d69db148aa80e059a97f5040959d2c6399495016458f9911221,89ec804e07df43eb2f3f6571c8d8c6095c32dd51a34ea39780201a2971f011bc,90,-0.6593762651065376,0.01
2,2,unrounded_strict,wholly_unseen,laplace,beta_half_half,20.0,retention_bounded_plus_HU,0.001,6ebbd52c6c997d69db148aa80e059a97f5040959d2c6399495016458f9911221,3bee7cc0e5bd8926b0a767283969f90798973f2f400cbcfabf86fb3e88fc2b04,90,-0.6480234807358424,0.01
2,2,unrounded_strict,wholly_unseen,laplace,beta_half_half,20.0,retention_bounded_plus_HU,0.01,6ebbd52c6c997d69db148aa80e059a97f5040959d2c6399495016458f9911221,8f00a5c89c5c03c124310a6ce8fdd5afac1183b39160644c1c9baacbe5607953,90,-0.6269798272000897,0.01
2,2,unrounded_strict,wholly_unseen,laplace,beta_half_half,20.0,retention_bounded_plus_HU,0.1,6ebbd52c6c997d69db148aa80e059a97f5040959d2c6399495016458f9911221,c7aebbdea34f5598701dcb695a0df628aa416ec0bf2c4e7f970696644b0ddf45,90,-0.6319928811290823,0.01
2,0,unrounded_strict,wholly_unseen,gh80,beta_half_half,20.0,HU_plus_surface,0.0,88cfbf3d123c09aeb16cc5603a8216ea53798432be360bfe759e416735aee1e6,fa017c887c1c2b04705df21fb43f2dc3826b782eae34868604cd81baa42c11d2,91,-0.6329749864667419,0.01
2,0,unrounded_strict,wholly_unseen,gh80,beta_half_half,20.0,HU_plus_surface,0.0001,88cfbf3d123c09aeb16cc5603a8216ea53798432be360bfe759e416735aee1e6,5e156ee8af58f657b96d09ad4273e52787862a022dfae4dc467776cc04187ba8,91,-0.6315743024775654,0.01
2,0,unrounded_strict,wholly_unseen,gh80,beta_half_half,20.0,HU_plus_surface,0.001,88cfbf3d123c09aeb16cc5603a8216ea53798432be360bfe759e416735aee1e6,f3362b15cdab536d385d094c59c2f0a32f24dc98cb2d92f1170538d4ce1a392a,91,-0.6222608488058862,0.01
2,0,unrounded_strict,wholly_unseen,gh80,beta_half_half,20.0,HU_plus_surface,0.01,88cfbf3d123c09aeb16cc5603a8216ea53798432be360bfe759e416735aee1e6,76b62fd1cdf47a782b5f6b916ff73ac7af83b8801dea4c266322651948203f82,91,-0.6011711353315872,0.01
2,0,unrounded_strict,wholly_unseen,gh80,beta_half_half,20.0,HU_plus_surface,0.1,88cfbf3d123c09aeb16cc5603a8216ea53798432be360bfe759e416735aee1e6,f32fd64373a67ec36a1705c1e41b6d3910f6149cd13231c1b107d7fdaceec548,91,-0.6598915411065229,0.01
2,1,unrounded_strict,wholly_unseen,gh80,beta_half_half,20.0,HU_plus_surface,0.0,b866bd6ecb3ec5659d4de6b67167b6378955e1543fe258d36dee45860d110980,7d243bd3dc2dc5dd75d560905a7b8e948fbb0f3fc92ef37c84b25c86176c41e3,89,-0.6329749864667419,0.01
2,1,unrounded_strict,wholly_unseen,gh80,beta_half_half,20.0,HU_plus_surface,0.0001,b866bd6ecb3ec5659d4de6b67167b6378955e1543fe258d36dee45860d110980,706247229e19c1bfe46f4857012d3fa6328065d02099204993333ce89edf4a46,89,-0.6315743024775654,0.01
2,1,unrounded_strict,wholly_unseen,gh80,beta_half_half,20.0,HU_plus_surface,0.001,b866bd6ecb3ec5659d4de6b67167b6378955e1543fe258d36dee45860d110980,f217fd91d8845bf8e5736ef3d8bda00c204afb1f75aa5561617e7a34675f107f,89,-0.6222608488058862,0.01
2,1,unrounded_strict,wholly_unseen,gh80,beta_half_half,20.0,HU_plus_surface,0.01,b866bd6ecb3ec5659d4de6b67167b6378955e1543fe258d36dee45860d110980,af0381440fedb133ab229cd5079c0a0ff1e1e8d295f67db5ee63d1906a158c93,89,-0.6011711353315872,0.01
2,1,unrounded_strict,wholly_unseen,gh80,beta_half_half,20.0,HU_plus_surface,0.1,b866bd6ecb3ec5659d4de6b67167b6378955e1543fe258d36dee45860d110980,e553091dab8457ecbb094bab3dc97b5de74f066b32845cb4e075e74e19b3937f,89,-0.6598915411065229,0.01
2,2,unrounded_strict,wholly_unseen,gh80,beta_half_half,20.0,HU_plus_surface,0.0,6ebbd52c6c997d69db148aa80e059a97f5040959d2c6399495016458f9911221,f79186710912fde3634b3c15d7cde6f718eb0f6fef6214ed5b2e3089720390fc,90,-0.6329749864667419,0.01
2,2,unrounded_strict,wholly_unseen,gh80,beta_half_half,20.0,HU_plus_surface,0.0001,6ebbd52c6c997d69db148aa80e059a97f5040959d2c6399495016458f9911221,d87d20ffa71920c973bc62204cf28d55266e15444c19fbbfac7be4c4fd0dfc8f,90,-0.6315743024775654,0.01
2,2,unrounded_strict,wholly_unseen,gh80,beta_half_half,20.0,HU_plus_surface,0.001,6ebbd52c6c997d69db148aa80e059a97f5040959d2c6399495016458f9911221,473cab7a14bdab76a20a2602664369adfe619e18e59356e4d2b48c2c74ebbf7a,90,-0.6222608488058862,0.01
2,2,unrounded_strict,wholly_unseen,gh80,beta_half_half,20.0,HU_plus_surface,0.01,6ebbd52c6c997d69db148aa80e059a97f5040959d2c6399495016458f9911221,f2f37903fc522259d5569d8113dfbced77eabbca8493e01bb7ec4f2b8c3a1ffe,90,-0.6011711353315872,0.01
2,2,unrounded_strict,wholly_unseen,gh80,beta_half_half,20.0,HU_plus_surface,0.1,6ebbd52c6c997d69db148aa80e059a97f5040959d2c6399495016458f9911221,9b056b5f19dc439cb081bbaf1ba367c0cc654843a477a2e7883c495beb204ed3,90,-0.6598915411065229,0.01
2,0,unrounded_strict,wholly_unseen,gh80,beta_half_half,20.0,retention_bounded_plus_HU,0.0,88cfbf3d123c09aeb16cc5603a8216ea53798432be360bfe759e416735aee1e6,e371c49986f0d4400fba6ef45f124c172254bbc9c4bfb8c23f0540c0a6751396,91,-0.6458919741296311,0.01
2,0,unrounded_strict,wholly_unseen,gh80,beta_half_half,20.0,retention_bounded_plus_HU,0.0001,88cfbf3d123c09aeb16cc5603a8216ea53798432be360bfe759e416735aee1e6,fbd4b7c41923b54619e70b1259b55a3cd29a3e84c60705113f8e574beffe1ea5,91,-0.6476328029074554,0.01
2,0,unrounded_strict,wholly_unseen,gh80,beta_half_half,20.0,retention_bounded_plus_HU,0.001,88cfbf3d123c09aeb16cc5603a8216ea53798432be360bfe759e416735aee1e6,9acc5c1f078683e38455357e39b11b1a8f77a299a25718677b1edbe2b7f9e23d,91,-0.6407122906753407,0.01
2,0,unrounded_strict,wholly_unseen,gh80,beta_half_half,20.0,retention_bounded_plus_HU,0.01,88cfbf3d123c09aeb16cc5603a8216ea53798432be360bfe759e416735aee1e6,6472d46682b8b4458b1bd159665b380cf09f8d11675b5951d17cbf89f4e42e10,91,-0.6224956099864128,0.01
2,0,unrounded_strict,wholly_unseen,gh80,beta_half_half,20.0,retention_bounded_plus_HU,0.1,88cfbf3d123c09aeb16cc5603a8216ea53798432be360bfe759e416735aee1e6,3061e2e9c0939c47d5c6fa3343367abb8c7cca6e35fbe9baec71e2ff5254b91f,91,-0.6298576164483146,0.01
2,1,unrounded_strict,wholly_unseen,gh80,beta_half_half,20.0,retention_bounded_plus_HU,0.0,b866bd6ecb3ec5659d4de6b67167b6378955e1543fe258d36dee45860d110980,93742aad7a53c46509a7a3340e9d5a42b3baa57ea68b7a6f063ba0e1ebb78766,89,-0.6458919741296311,0.01
2,1,unrounded_strict,wholly_unseen,gh80,beta_half_half,20.0,retention_bounded_plus_HU,0.0001,b866bd6ecb3ec5659d4de6b67167b6378955e1543fe258d36dee45860d110980,d092be13430722ee43e263f935e092969e2218180483f51a026c6807f2aa66e1,89,-0.6476328029074554,0.01
2,1,unrounded_strict,wholly_unseen,gh80,beta_half_half,20.0,retention_bounded_plus_HU,0.001,b866bd6ecb3ec5659d4de6b67167b6378955e1543fe258d36dee45860d110980,1e163e30b9ee5dde186c704907934426b488a176f060a7f015d77fbd37159fb4,89,-0.6407122906753407,0.01
2,1,unrounded_strict,wholly_unseen,gh80,beta_half_half,20.0,retention_bounded_plus_HU,0.01,b866bd6ecb3ec5659d4de6b67167b6378955e1543fe258d36dee45860d110980,5b2ded45eb87603b8dbf55ecc96e1f6556ef79108a47f6a8cf3cd9b16a93b71a,89,-0.6224956099864128,0.01
2,1,unrounded_strict,wholly_unseen,gh80,beta_half_half,20.0,retention_bounded_plus_HU,0.1,b866bd6ecb3ec5659d4de6b67167b6378955e1543fe258d36dee45860d110980,49cdbb6462b3233738ecb8c775143285e545fbcad848d7c305ccd20cbbaf5298,89,-0.6298576164483146,0.01
2,2,unrounded_strict,wholly_unseen,gh80,beta_half_half,20.0,retention_bounded_plus_HU,0.0,6ebbd52c6c997d69db148aa80e059a97f5040959d2c6399495016458f9911221,ea6a395b27a3ada5f8f5b7c8724ceea6e091b605d588a133b19b82826141f9e8,90,-0.6458919741296311,0.01
2,2,unrounded_strict,wholly_unseen,gh80,beta_half_half,20.0,retention_bounded_plus_HU,0.0001,6ebbd52c6c997d69db148aa80e059a97f5040959d2c6399495016458f9911221,9da50952bdbc52dbb81c931f8012d5e099bfeeabd405f7fd6606151abb527a46,90,-0.6476328029074554,0.01
2,2,unrounded_strict,wholly_unseen,gh80,beta_half_half,20.0,retention_bounded_plus_HU,0.001,6ebbd52c6c997d69db148aa80e059a97f5040959d2c6399495016458f9911221,a0c42ff6b040d19d48cf8e0db7628eb4d95e367120688707bc1250a2ad48eb3a,90,-0.6407122906753407,0.01
2,2,unrounded_strict,wholly_unseen,gh80,beta_half_half,20.0,retention_bounded_plus_HU,0.01,6ebbd52c6c997d69db148aa80e059a97f5040959d2c6399495016458f9911221,2cd69483dcb7a593026a5087f1952400be7ceaab654160c5072bc619dfa94c2f,90,-0.6224956099864128,0.01
2,2,unrounded_strict,wholly_unseen,gh80,beta_half_half,20.0,retention_bounded_plus_HU,0.1,6ebbd52c6c997d69db148aa80e059a97f5040959d2c6399495016458f9911221,e094ba53a86df86c2994a48064a7e6935bc9729828640d6521d37b133a726de4,90,-0.6298576164483146,0.01
3,0,all_strict,side_informed,laplace,beta_half_half,20.0,retention_bounded,0.0,14d4aa4637a3952a7fd3ce3da18d16eb06dcd853812d80290ec3d67e3b7cdad5,af107fdefee284316e3a94ac7a837a2bcd97a1b125215c86a493fd73e2483418,137,-0.3510728279003121,0.01
3,0,all_strict,side_informed,laplace,beta_half_half,20.0,retention_bounded,0.0001,14d4aa4637a3952a7fd3ce3da18d16eb06dcd853812d80290ec3d67e3b7cdad5,6247f1f847f0d8d47cc6e4dee53cffc99d6561aba3eeac4f644ad6542f6af99b,137,-0.3493937160862983,0.01
3,0,all_strict,side_informed,laplace,beta_half_half,20.0,retention_bounded,0.001,14d4aa4637a3952a7fd3ce3da18d16eb06dcd853812d80290ec3d67e3b7cdad5,d6c8fea45f3bb478382245aca64dc220bb068e1bc166f7940af25760b070def8,137,-0.3381329868025564,0.01
3,0,all_strict,side_informed,laplace,beta_half_half,20.0,retention_bounded,0.01,14d4aa4637a3952a7fd3ce3da18d16eb06dcd853812d80290ec3d67e3b7cdad5,f2d7eec68fb527fca5e2d59ae990797a6d68663621f640293a03c1de375dd90f,137,-0.30778647335998993,0.01
3,0,all_strict,side_informed,laplace,beta_half_half,20.0,retention_bounded,0.1,14d4aa4637a3952a7fd3ce3da18d16eb06dcd853812d80290ec3d67e3b7cdad5,40963ac3022b913c033048ce3f4e5677d0679c5da42246eac799c025b6ac4723,137,-0.338012875154614,0.01
3,1,all_strict,side_informed,laplace,beta_half_half,20.0,retention_bounded,0.0,13a079af94e46f97cf9bd78dca9369cc9694a00172361b410848fb0439384c57,89f95f5f6882924dd8bdf669833c5f6b5237069e47da787f9c46b0848747e20d,139,-0.3510728279003121,0.01
3,1,all_strict,side_informed,laplace,beta_half_half,20.0,retention_bounded,0.0001,13a079af94e46f97cf9bd78dca9369cc9694a00172361b410848fb0439384c57,b47334bd7852c13d13e7542e252582cd9dece2cef8b3e7d8a9c379d43f3ec51e,139,-0.3493937160862983,0.01
3,1,all_strict,side_informed,laplace,beta_half_half,20.0,retention_bounded,0.001,13a079af94e46f97cf9bd78dca9369cc9694a00172361b410848fb0439384c57,6f4e0a4d2bc16e140f10c764b43cb772edc6d25f0abb3c90c8d80ff329398637,139,-0.3381329868025564,0.01
3,1,all_strict,side_informed,laplace,beta_half_half,20.0,retention_bounded,0.01,13a079af94e46f97cf9bd78dca9369cc9694a00172361b410848fb0439384c57,e5f14ef59029402093750d462932e8b2e17131dc1e9e1532b78a8868b5001087,139,-0.30778647335998993,0.01
3,1,all_strict,side_informed,laplace,beta_half_half,20.0,retention_bounded,0.1,13a079af94e46f97cf9bd78dca9369cc9694a00172361b410848fb0439384c57,1d0ab654537498f64ff026e7f099076f9bbbe5ae7e064e89a589eef512826bd6,139,-0.338012875154614,0.01
3,2,all_strict,side_informed,laplace,beta_half_half,20.0,retention_bounded,0.0,c987b1318e20fe8cc28abf40debc2ea1db6e17e61f72f092d3a4599fd1096ada,9b100419e3db77090974f7e6cb9d5b9db7a2aea1ac068163fef890698f20d5d5,137,-0.3510728279003121,0.01
3,2,all_strict,side_informed,laplace,beta_half_half,20.0,retention_bounded,0.0001,c987b1318e20fe8cc28abf40debc2ea1db6e17e61f72f092d3a4599fd1096ada,35a8d448713775ca5591bf95a405d29007757ad6b24cd84ae97da4c1c16b6dcd,137,-0.3493937160862983,0.01
3,2,all_strict,side_informed,laplace,beta_half_half,20.0,retention_bounded,0.001,c987b1318e20fe8cc28abf40debc2ea1db6e17e61f72f092d3a4599fd1096ada,07e97c0cab3c4b8bb9609506f0c1a71e1e9bff8a28caa7b25d4f5cf1f58f4b50,137,-0.3381329868025564,0.01
3,2,all_strict,side_informed,laplace,beta_half_half,20.0,retention_bounded,0.01,c987b1318e20fe8cc28abf40debc2ea1db6e17e61f72f092d3a4599fd1096ada,473cf5e923ef86180083f16b4132a0d11856c7d043f97d5186effeff2e25490a,137,-0.30778647335998993,0.01
3,2,all_strict,side_informed,laplace,beta_half_half,20.0,retention_bounded,0.1,c987b1318e20fe8cc28abf40debc2ea1db6e17e61f72f092d3a4599fd1096ada,8f10b8bd9742bcc9a65a5736caa3a52e3240ebf9e735f820c5d5a6f9b90f6e2d,137,-0.338012875154614,0.01
3,0,all_strict,side_informed,laplace,beta_half_half,20.0,retention_nonnegative,0.0,14d4aa4637a3952a7fd3ce3da18d16eb06dcd853812d80290ec3d67e3b7cdad5,db7035e8eb3799cf73591f6d7dc9be9f6dcfd2c2c711e108f15c36459eb9be06,137,-0.3510728309498708,0.01
3,0,all_strict,side_informed,laplace,beta_half_half,20.0,retention_nonnegative,0.0001,14d4aa4637a3952a7fd3ce3da18d16eb06dcd853812d80290ec3d67e3b7cdad5,fe85e343560808eee1e5494ac6c1b2e0a3b243bd7bdc36b2d681ae21a8b0603b,137,-0.34767963623189035,0.01
3,0,all_strict,side_informed,laplace,beta_half_half,20.0,retention_nonnegative,0.001,14d4aa4637a3952a7fd3ce3da18d16eb06dcd853812d80290ec3d67e3b7cdad5,46de0328014a17e4f396a1b925b2f756520ecf7a5677fba6faf5c66d10fdec22,137,-0.3345520148930574,0.01
3,0,all_strict,side_informed,laplace,beta_half_half,20.0,retention_nonnegative,0.01,14d4aa4637a3952a7fd3ce3da18d16eb06dcd853812d80290ec3d67e3b7cdad5,ade31c7cb9b529fca64aaccefbabb742ac5de38740a40ea2ee81743e121b1949,137,-0.3280637720216775,0.01
3,0,all_strict,side_informed,laplace,beta_half_half,20.0,retention_nonnegative,0.1,14d4aa4637a3952a7fd3ce3da18d16eb06dcd853812d80290ec3d67e3b7cdad5,3912c2f1ebada0b027b8ac9435a7ff6259a03c618896df842de1869238e664bc,137,-0.3931338979633057,0.01
3,1,all_strict,side_informed,laplace,beta_half_half,20.0,retention_nonnegative,0.0,13a079af94e46f97cf9bd78dca9369cc9694a00172361b410848fb0439384c57,aa50bb8a8643311b1475721968f797b5915050e18d7f20c124da611f55283b61,139,-0.3510728309498708,0.01
3,1,all_strict,side_informed,laplace,beta_half_half,20.0,retention_nonnegative,0.0001,13a079af94e46f97cf9bd78dca9369cc9694a00172361b410848fb0439384c57,79a2d0cef767d98b9e37630e9ca8749aaaa10d73e88727647cf0e04403d788ed,139,-0.34767963623189035,0.01
3,1,all_strict,side_informed,laplace,beta_half_half,20.0,retention_nonnegative,0.001,13a079af94e46f97cf9bd78dca9369cc9694a00172361b410848fb0439384c57,7388720e4504fb66e9f9d4b6e0c7a7b1bac78b91c4311966544e9b5031c829eb,139,-0.3345520148930574,0.01
3,1,all_strict,side_informed,laplace,beta_half_half,20.0,retention_nonnegative,0.01,13a079af94e46f97cf9bd78dca9369cc9694a00172361b410848fb0439384c57,7ba018047c3b445e039ce60dcae5bed3b0977b6cc826b85afb468fe69b9efe18,139,-0.3280637720216775,0.01
3,1,all_strict,side_informed,laplace,beta_half_half,20.0,retention_nonnegative,0.1,13a079af94e46f97cf9bd78dca9369cc9694a00172361b410848fb0439384c57,dcbfa8fa91a48d1996bb15710cbeb38279805cf25a7f425ab3f128b33506e245,139,-0.3931338979633057,0.01
3,2,all_strict,side_informed,laplace,beta_half_half,20.0,retention_nonnegative,0.0,c987b1318e20fe8cc28abf40debc2ea1db6e17e61f72f092d3a4599fd1096ada,9f001b9c248403c6b38d6f6517d1666ef1edb2c885b3f9275d0a77ed0fe88be5,137,-0.3510728309498708,0.01
3,2,all_strict,side_informed,laplace,beta_half_half,20.0,retention_nonnegative,0.0001,c987b1318e20fe8cc28abf40debc2ea1db6e17e61f72f092d3a4599fd1096ada,c0e6b354c71150d1b2d5fd8b2a4e1d691931db7ac4947d12e8365e7ad72240b7,137,-0.34767963623189035,0.01
3,2,all_strict,side_informed,laplace,beta_half_half,20.0,retention_nonnegative,0.001,c987b1318e20fe8cc28abf40debc2ea1db6e17e61f72f092d3a4599fd1096ada,c19fc80f46e89f105a94115e05c58a4f1fe3d1cc77e765c1857e5c4bf5d88907,137,-0.3345520148930574,0.01
3,2,all_strict,side_informed,laplace,beta_half_half,20.0,retention_nonnegative,0.01,c987b1318e20fe8cc28abf40debc2ea1db6e17e61f72f092d3a4599fd1096ada,91ec00f757e2a3719f014b5d98ad38dce5516213ad9b197e324a907cf1dceb53,137,-0.3280637720216775,0.01
3,2,all_strict,side_informed,laplace,beta_half_half,20.0,retention_nonnegative,0.1,c987b1318e20fe8cc28abf40debc2ea1db6e17e61f72f092d3a4599fd1096ada,82086ed24e9aba2616c5787bd628d1c091fa54bde60320bd3b32c21076c001c9,137,-0.3931338979633057,0.01
3,0,all_strict,side_informed,laplace,beta_half_half,20.0,current_only,0.0,14d4aa4637a3952a7fd3ce3da18d16eb06dcd853812d80290ec3d67e3b7cdad5,38885674221b3cb37e83291e21cc70af7e7718248cd4b851943488758f358a90,137,-0.6084286585196405,0.1
3,0,all_strict,side_informed,laplace,beta_half_half,20.0,current_only,0.0001,14d4aa4637a3952a7fd3ce3da18d16eb06dcd853812d80290ec3d67e3b7cdad5,b56f64b89cb01d643fa21297eab739de35b814db42602ebaf2b93395ff3d434b,137,-0.6076544011874889,0.1
3,0,all_strict,side_informed,laplace,beta_half_half,20.0,current_only,0.001,14d4aa4637a3952a7fd3ce3da18d16eb06dcd853812d80290ec3d67e3b7cdad5,86ec25c34b06e7a6784d29d71081778703d6e327072c77294f07630bcd714ab9,137,-0.6012355607203702,0.1
3,0,all_strict,side_informed,laplace,beta_half_half,20.0,current_only,0.01,14d4aa4637a3952a7fd3ce3da18d16eb06dcd853812d80290ec3d67e3b7cdad5,4bd55996a4147a860d8d227c79664ba5bf0c758bec28470622110400684c8db5,137,-0.5645812015276028,0.1
3,0,all_strict,side_informed,laplace,beta_half_half,20.0,current_only,0.1,14d4aa4637a3952a7fd3ce3da18d16eb06dcd853812d80290ec3d67e3b7cdad5,b80c801deb58aeed8fb159b2dfabd9388a7e62a323876e6aca135966bb5580a2,137,-0.5364722021412427,0.1
3,1,all_strict,side_informed,laplace,beta_half_half,20.0,current_only,0.0,13a079af94e46f97cf9bd78dca9369cc9694a00172361b410848fb0439384c57,9b6a009c1d92d5fdcf1f3c27012517d50cfe9895ae980392870930f48c6695ae,139,-0.6084286585196405,0.1
3,1,all_strict,side_informed,laplace,beta_half_half,20.0,current_only,0.0001,13a079af94e46f97cf9bd78dca9369cc9694a00172361b410848fb0439384c57,0214dcd664c4bac3eda59c013de8fa45ffe5b87fb04d507497b65556dfb38787,139,-0.6076544011874889,0.1
3,1,all_strict,side_informed,laplace,beta_half_half,20.0,current_only,0.001,13a079af94e46f97cf9bd78dca9369cc9694a00172361b410848fb0439384c57,d299377c6a53f6a3a2a71a086590acbc3d4df8481fd776c888453b0ae292e6cb,139,-0.6012355607203702,0.1
3,1,all_strict,side_informed,laplace,beta_half_half,20.0,current_only,0.01,13a079af94e46f97cf9bd78dca9369cc9694a00172361b410848fb0439384c57,8073331a3dc3fb399032f2e525c3dc13e2d89c6fdbc7a536ab2160e71088aece,139,-0.5645812015276028,0.1
3,1,all_strict,side_informed,laplace,beta_half_half,20.0,current_only,0.1,13a079af94e46f97cf9bd78dca9369cc9694a00172361b410848fb0439384c57,2cde162e406b6320b90483681be3bd46f44adfc6abd1a05c223066e0254034db,139,-0.5364722021412427,0.1
3,2,all_strict,side_informed,laplace,beta_half_half,20.0,current_only,0.0,c987b1318e20fe8cc28abf40debc2ea1db6e17e61f72f092d3a4599fd1096ada,719904ef1f10febee4bea2af1e844273b54318348fd8819e496021284fb723ea,137,-0.6084286585196405,0.1
3,2,all_strict,side_informed,laplace,beta_half_half,20.0,current_only,0.0001,c987b1318e20fe8cc28abf40debc2ea1db6e17e61f72f092d3a4599fd1096ada,e7641c7162152f10006148535e3b6f43182da6311392fa200dcae43307a0356b,137,-0.6076544011874889,0.1
3,2,all_strict,side_informed,laplace,beta_half_half,20.0,current_only,0.001,c987b1318e20fe8cc28abf40debc2ea1db6e17e61f72f092d3a4599fd1096ada,c428e659c92b6555ddfb55c48018e09f8a6d9eed53bf0b375ab495273b61e679,137,-0.6012355607203702,0.1
3,2,all_strict,side_informed,laplace,beta_half_half,20.0,current_only,0.01,c987b1318e20fe8cc28abf40debc2ea1db6e17e61f72f092d3a4599fd1096ada,5723dfa83c0d5942f79d7a022ea265d5f16cd5af48eda1742290d754c76f1430,137,-0.5645812015276028,0.1
3,2,all_strict,side_informed,laplace,beta_half_half,20.0,current_only,0.1,c987b1318e20fe8cc28abf40debc2ea1db6e17e61f72f092d3a4599fd1096ada,a700478e166b4af2b2ece1112321cf15daf92fc91d3f6c0c1f5b2dd227b29443,137,-0.5364722021412427,0.1
3,0,all_strict,side_informed,laplace,beta_half_half,20.0,input_plus_surface,0.0,14d4aa4637a3952a7fd3ce3da18d16eb06dcd853812d80290ec3d67e3b7cdad5,fb46640200fef3fba9e5692e5172c579710fb234bb3c8fd3be5c638a9fda02e3,137,-0.3271311303901051,0.01
3,0,all_strict,side_informed,laplace,beta_half_half,20.0,input_plus_surface,0.0001,14d4aa4637a3952a7fd3ce3da18d16eb06dcd853812d80290ec3d67e3b7cdad5,e17ab607063237b0053b962f01f430792474f442bb51d5b1c0e5fc92bb431ad4,137,-0.3247185150507731,0.01
3,0,all_strict,side_informed,laplace,beta_half_half,20.0,input_plus_surface,0.001,14d4aa4637a3952a7fd3ce3da18d16eb06dcd853812d80290ec3d67e3b7cdad5,524119e84bbb323dd00a59e440b8a66c30f62311a806aa7c673b4787de806db4,137,-0.31192917826387573,0.01
3,0,all_strict,side_informed,laplace,beta_half_half,20.0,input_plus_surface,0.01,14d4aa4637a3952a7fd3ce3da18d16eb06dcd853812d80290ec3d67e3b7cdad5,bddf5973caffc950cde36247cb3fce7275847971ff5f120a867fe210651deae2,137,-0.292049046229887,0.01
3,0,all_strict,side_informed,laplace,beta_half_half,20.0,input_plus_surface,0.1,14d4aa4637a3952a7fd3ce3da18d16eb06dcd853812d80290ec3d67e3b7cdad5,aa3aeb31a3758f68e5545fc9b3a75f49e79b80cd86ce6b207c08e33cd17778cb,137,-0.3511579394966607,0.01
3,1,all_strict,side_informed,laplace,beta_half_half,20.0,input_plus_surface,0.0,13a079af94e46f97cf9bd78dca9369cc9694a00172361b410848fb0439384c57,4d485db1740cc122cdbde893cb6302b39990a583dc74c9156c9691d72cc0bbbe,139,-0.3271311303901051,0.01
3,1,all_strict,side_informed,laplace,beta_half_half,20.0,input_plus_surface,0.0001,13a079af94e46f97cf9bd78dca9369cc9694a00172361b410848fb0439384c57,38379be4211ba7b2eabb4e264c46ab4efeaa5275b54b34a64db31c10d5388c4e,139,-0.3247185150507731,0.01
3,1,all_strict,side_informed,laplace,beta_half_half,20.0,input_plus_surface,0.001,13a079af94e46f97cf9bd78dca9369cc9694a00172361b410848fb0439384c57,04e11b3b1dfd239ea4049991fee4b4373d4eb08b0bf41c6f86ee32ffdf8bb711,139,-0.31192917826387573,0.01
3,1,all_strict,side_informed,laplace,beta_half_half,20.0,input_plus_surface,0.01,13a079af94e46f97cf9bd78dca9369cc9694a00172361b410848fb0439384c57,93f939f63d503277a068da31020604e690f8a118a7b05fd884c2bb9f95edb71f,139,-0.292049046229887,0.01
3,1,all_strict,side_informed,laplace,beta_half_half,20.0,input_plus_surface,0.1,13a079af94e46f97cf9bd78dca9369cc9694a00172361b410848fb0439384c57,84416e0df3ad35ceb1f3c9730ed37694a24f5eee1ae35d237bd510cd4561e951,139,-0.3511579394966607,0.01
3,2,all_strict,side_informed,laplace,beta_half_half,20.0,input_plus_surface,0.0,c987b1318e20fe8cc28abf40debc2ea1db6e17e61f72f092d3a4599fd1096ada,f799865eff2255d51cac2d9137532643296350e0691d44eec425bf5792cf2644,137,-0.3271311303901051,0.01
3,2,all_strict,side_informed,laplace,beta_half_half,20.0,input_plus_surface,0.0001,c987b1318e20fe8cc28abf40debc2ea1db6e17e61f72f092d3a4599fd1096ada,320373a2611e88567daac576e4137deaf26fbd627edf0883f9f42260aeb97490,137,-0.3247185150507731,0.01
3,2,all_strict,side_informed,laplace,beta_half_half,20.0,input_plus_surface,0.001,c987b1318e20fe8cc28abf40debc2ea1db6e17e61f72f092d3a4599fd1096ada,05e05b2ef47ea8fcd7fb51a3929b5c06a52b8f2dba7489ec9bc757bf5c90168d,137,-0.31192917826387573,0.01
3,2,all_strict,side_informed,laplace,beta_half_half,20.0,input_plus_surface,0.01,c987b1318e20fe8cc28abf40debc2ea1db6e17e61f72f092d3a4599fd1096ada,38b7aabacda8fa92cb3792a8f5972a786a6befede200cf5485197d3d7d5b111f,137,-0.292049046229887,0.01
3,2,all_strict,side_informed,laplace,beta_half_half,20.0,input_plus_surface,0.1,c987b1318e20fe8cc28abf40debc2ea1db6e17e61f72f092d3a4599fd1096ada,87371cb5ecd5f50782cc21541496e56ab39086826e1a49ce1f703debf5bd6a7b,137,-0.3511579394966607,0.01
3,0,all_strict,side_informed,laplace,beta_half_half,20.0,HU_plus_surface,0.0,14d4aa4637a3952a7fd3ce3da18d16eb06dcd853812d80290ec3d67e3b7cdad5,4c2bfd07b270351808459376f3518f31f880f9ab5cea36e79429a382687ea36c,137,-0.3007722635604027,0.01
3,0,all_strict,side_informed,laplace,beta_half_half,20.0,HU_plus_surface,0.0001,14d4aa4637a3952a7fd3ce3da18d16eb06dcd853812d80290ec3d67e3b7cdad5,465dc7368ca38628b10951b3966c3db9aee787ce6922c6bd7d9676152755729e,137,-0.29855735406832784,0.01
3,0,all_strict,side_informed,laplace,beta_half_half,20.0,HU_plus_surface,0.001,14d4aa4637a3952a7fd3ce3da18d16eb06dcd853812d80290ec3d67e3b7cdad5,c387409cc61b80e1f602fbe3350e1dffc40c8db9282863fca2b2a9611bd384c5,137,-0.28712345294028147,0.01
3,0,all_strict,side_informed,laplace,beta_half_half,20.0,HU_plus_surface,0.01,14d4aa4637a3952a7fd3ce3da18d16eb06dcd853812d80290ec3d67e3b7cdad5,a8c52b5912de9af5d74edbe13d513d9220ae33f15ab3d399f0d9fa5341f9d743,137,-0.2728707702445956,0.01
3,0,all_strict,side_informed,laplace,beta_half_half,20.0,HU_plus_surface,0.1,14d4aa4637a3952a7fd3ce3da18d16eb06dcd853812d80290ec3d67e3b7cdad5,b39f8ea5be8b6acbbcadfeb0a48f99f01219da8a2cb14d517d3a156c291a89b4,137,-0.3412690803264082,0.01
3,1,all_strict,side_informed,laplace,beta_half_half,20.0,HU_plus_surface,0.0,13a079af94e46f97cf9bd78dca9369cc9694a00172361b410848fb0439384c57,4acd5595e0d16278dd8c13fcbddbeb1eac60fbf2ae5f9e483b5b5dd571a118b1,139,-0.3007722635604027,0.01
3,1,all_strict,side_informed,laplace,beta_half_half,20.0,HU_plus_surface,0.0001,13a079af94e46f97cf9bd78dca9369cc9694a00172361b410848fb0439384c57,a052a731dfa9b96f5880f348f968d6a81453e27efc5a896045af2121293b54e7,139,-0.29855735406832784,0.01
3,1,all_strict,side_informed,laplace,beta_half_half,20.0,HU_plus_surface,0.001,13a079af94e46f97cf9bd78dca9369cc9694a00172361b410848fb0439384c57,c0f31cc89b881d0d160c4ed76190c9d87263fc42c8667e753fe9b2d382754c0f,139,-0.28712345294028147,0.01
3,1,all_strict,side_informed,laplace,beta_half_half,20.0,HU_plus_surface,0.01,13a079af94e46f97cf9bd78dca9369cc9694a00172361b410848fb0439384c57,c987cd9eaf964a9ce7bb4fc7f462b1598b0b6beb9c5f4e8cd2ddae76f138c123,139,-0.2728707702445956,0.01
3,1,all_strict,side_informed,laplace,beta_half_half,20.0,HU_plus_surface,0.1,13a079af94e46f97cf9bd78dca9369cc9694a00172361b410848fb0439384c57,6372bb3e9e7d7e7127ddbcccdc2975d6901e909514318092a2c6bf80a1536ee6,139,-0.3412690803264082,0.01
3,2,all_strict,side_informed,laplace,beta_half_half,20.0,HU_plus_surface,0.0,c987b1318e20fe8cc28abf40debc2ea1db6e17e61f72f092d3a4599fd1096ada,821aa9cd3d83fecca4ef343029f164b6f26584ed88ef3e20f9b9166d8df26871,137,-0.3007722635604027,0.01
3,2,all_strict,side_informed,laplace,beta_half_half,20.0,HU_plus_surface,0.0001,c987b1318e20fe8cc28abf40debc2ea1db6e17e61f72f092d3a4599fd1096ada,4c96e1d1916d8d4c02c61997a97bb350e82ce4cdd50f98e9e32641b2d49c71e0,137,-0.29855735406832784,0.01
3,2,all_strict,side_informed,laplace,beta_half_half,20.0,HU_plus_surface,0.001,c987b1318e20fe8cc28abf40debc2ea1db6e17e61f72f092d3a4599fd1096ada,b1c3f43f0c08f6560c35b6945663e6c99a9b8d2292473253f190d79f62de1571,137,-0.28712345294028147,0.01
3,2,all_strict,side_informed,laplace,beta_half_half,20.0,HU_plus_surface,0.01,c987b1318e20fe8cc28abf40debc2ea1db6e17e61f72f092d3a4599fd1096ada,2406f14a22ec6a207315e97af6753e2fff93a64be4a4c6d3c97bfa5d6bbb3dc1,137,-0.2728707702445956,0.01
3,2,all_strict,side_informed,laplace,beta_half_half,20.0,HU_plus_surface,0.1,c987b1318e20fe8cc28abf40debc2ea1db6e17e61f72f092d3a4599fd1096ada,f32be7472777c9fbb156d0cd319d9ef9f654e91810755dd04a3a7f4927526240,137,-0.3412690803264082,0.01
3,0,all_strict,side_informed,laplace,beta_half_half,20.0,retention_bounded_plus_HU,0.0,14d4aa4637a3952a7fd3ce3da18d16eb06dcd853812d80290ec3d67e3b7cdad5,f376b3bcfc1f98f4243f8c5c5166ddf745f4d0ddb71a8001a95497ce061ee2cc,137,-0.31007909145910023,0.01
3,0,all_strict,side_informed,laplace,beta_half_half,20.0,retention_bounded_plus_HU,0.0001,14d4aa4637a3952a7fd3ce3da18d16eb06dcd853812d80290ec3d67e3b7cdad5,7a33f301d07d92149f66a947b138db65162764b9aa13cd83331e4b30ea5502ca,137,-0.30917666993979165,0.01
3,0,all_strict,side_informed,laplace,beta_half_half,20.0,retention_bounded_plus_HU,0.001,14d4aa4637a3952a7fd3ce3da18d16eb06dcd853812d80290ec3d67e3b7cdad5,c67b35ce3d077c8e096e00095566d58af0555449e6a24c0a6652dd8cace3a3b3,137,-0.30337614499004395,0.01
3,0,all_strict,side_informed,laplace,beta_half_half,20.0,retention_bounded_plus_HU,0.01,14d4aa4637a3952a7fd3ce3da18d16eb06dcd853812d80290ec3d67e3b7cdad5,9814501c8f86537872baca59350d97bd1a301f83f7e77d4764945e241f0fe9a6,137,-0.285291855130032,0.01
3,0,all_strict,side_informed,laplace,beta_half_half,20.0,retention_bounded_plus_HU,0.1,14d4aa4637a3952a7fd3ce3da18d16eb06dcd853812d80290ec3d67e3b7cdad5,c699bddd2aa6127b10d6c37f15d8a9f3f12072c6ff33cc5cf52c9f2b75a999cd,137,-0.30528039093048753,0.01
3,1,all_strict,side_informed,laplace,beta_half_half,20.0,retention_bounded_plus_HU,0.0,13a079af94e46f97cf9bd78dca9369cc9694a00172361b410848fb0439384c57,cb5cd11e8cc2860e3f7defd9a3da1a60ff8630bfcbbb9b32401d7310bf2ff3a1,139,-0.31007909145910023,0.01
3,1,all_strict,side_informed,laplace,beta_half_half,20.0,retention_bounded_plus_HU,0.0001,13a079af94e46f97cf9bd78dca9369cc9694a00172361b410848fb0439384c57,4b62c89a0e8e92289ea6c288236e658ef9439ff385bfa6d1284d4d84955de3d2,139,-0.30917666993979165,0.01
3,1,all_strict,side_informed,laplace,beta_half_half,20.0,retention_bounded_plus_HU,0.001,13a079af94e46f97cf9bd78dca9369cc9694a00172361b410848fb0439384c57,fdb290392dba77e71697eee74c5e23b66a17fe472856b02b463029b96902c0a9,139,-0.30337614499004395,0.01
3,1,all_strict,side_informed,laplace,beta_half_half,20.0,retention_bounded_plus_HU,0.01,13a079af94e46f97cf9bd78dca9369cc9694a00172361b410848fb0439384c57,64c26e09c082b3f13d1ebe85bebce5c57208ef015008124a0e860edf61ad60cb,139,-0.285291855130032,0.01
3,1,all_strict,side_informed,laplace,beta_half_half,20.0,retention_bounded_plus_HU,0.1,13a079af94e46f97cf9bd78dca9369cc9694a00172361b410848fb0439384c57,cb921aa58b04d98c92b34d30513f9b01f4754d756cbab5e5a09a277f0e27f726,139,-0.30528039093048753,0.01
3,2,all_strict,side_informed,laplace,beta_half_half,20.0,retention_bounded_plus_HU,0.0,c987b1318e20fe8cc28abf40debc2ea1db6e17e61f72f092d3a4599fd1096ada,eb8be64ecfe4b1e933d5ab08c5bc0d4040809f7bc32f59d378a255bfc33b6c88,137,-0.31007909145910023,0.01
3,2,all_strict,side_informed,laplace,beta_half_half,20.0,retention_bounded_plus_HU,0.0001,c987b1318e20fe8cc28abf40debc2ea1db6e17e61f72f092d3a4599fd1096ada,91e501595b076d205d3b2aa997cc582c17b13c9e58876e0f0d297bd4c9a121c7,137,-0.30917666993979165,0.01
3,2,all_strict,side_informed,laplace,beta_half_half,20.0,retention_bounded_plus_HU,0.001,c987b1318e20fe8cc28abf40debc2ea1db6e17e61f72f092d3a4599fd1096ada,119f878d37271548c8db1379a564c3c64da74a98b33e6be550edd1fc0c438a61,137,-0.30337614499004395,0.01
3,2,all_strict,side_informed,laplace,beta_half_half,20.0,retention_bounded_plus_HU,0.01,c987b1318e20fe8cc28abf40debc2ea1db6e17e61f72f092d3a4599fd1096ada,af2e0dd0a7c6fe76dc2de51901862688565e092f41b695ff3c94af7c99503b22,137,-0.285291855130032,0.01
3,2,all_strict,side_informed,laplace,beta_half_half,20.0,retention_bounded_plus_HU,0.1,c987b1318e20fe8cc28abf40debc2ea1db6e17e61f72f092d3a4599fd1096ada,141af808d5e0099b70e691c9fcdd4a17bcf45ce11b11903fb4dffa0ff68e5eb2,137,-0.30528039093048753,0.01
3,0,all_strict,side_informed,gh80,beta_half_half,20.0,HU_plus_surface,0.0,14d4aa4637a3952a7fd3ce3da18d16eb06dcd853812d80290ec3d67e3b7cdad5,2c4eaa22cf5dad45a3889c204e4115b761c0298db1de586bf086961697867466,137,-0.30323836238726565,0.01
3,0,all_strict,side_informed,gh80,beta_half_half,20.0,HU_plus_surface,0.0001,14d4aa4637a3952a7fd3ce3da18d16eb06dcd853812d80290ec3d67e3b7cdad5,01590020cf04dcdb8a2bb1d7371b9f3f15924c6d0dc1fd12344ee94231fe93b6,137,-0.30088775863516565,0.01
3,0,all_strict,side_informed,gh80,beta_half_half,20.0,HU_plus_surface,0.001,14d4aa4637a3952a7fd3ce3da18d16eb06dcd853812d80290ec3d67e3b7cdad5,5388f423d7e1e2f85e3e6a296b30d26384f1fd7ae763ff3f0aad97d026ac5ee9,137,-0.28879595278273523,0.01
3,0,all_strict,side_informed,gh80,beta_half_half,20.0,HU_plus_surface,0.01,14d4aa4637a3952a7fd3ce3da18d16eb06dcd853812d80290ec3d67e3b7cdad5,38e83f505125c3ea79954990f3fe91c722eff6c6a893669b63cdb822bef19a3e,137,-0.2740947829876917,0.01
3,0,all_strict,side_informed,gh80,beta_half_half,20.0,HU_plus_surface,0.1,14d4aa4637a3952a7fd3ce3da18d16eb06dcd853812d80290ec3d67e3b7cdad5,f023f2dfee98b182ddf16c33556ba133f2b32083304e433d772588dff1a2a708,137,-0.34262611093968204,0.01
3,1,all_strict,side_informed,gh80,beta_half_half,20.0,HU_plus_surface,0.0,13a079af94e46f97cf9bd78dca9369cc9694a00172361b410848fb0439384c57,8aea79da96917c2fb0a6b6087e20e2a80abe4b2973adf085a2062deae4ddcb12,139,-0.30323836238726565,0.01
3,1,all_strict,side_informed,gh80,beta_half_half,20.0,HU_plus_surface,0.0001,13a079af94e46f97cf9bd78dca9369cc9694a00172361b410848fb0439384c57,7f84c6d1199d0bcd25aa34604a8dbe663ba478a4e66ebb0618ff1bfc74655802,139,-0.30088775863516565,0.01
3,1,all_strict,side_informed,gh80,beta_half_half,20.0,HU_plus_surface,0.001,13a079af94e46f97cf9bd78dca9369cc9694a00172361b410848fb0439384c57,5e26d64a969f505fa24783bb3aafb23f12af19d6e02c5b2063b7484ff21a252a,139,-0.28879595278273523,0.01
3,1,all_strict,side_informed,gh80,beta_half_half,20.0,HU_plus_surface,0.01,13a079af94e46f97cf9bd78dca9369cc9694a00172361b410848fb0439384c57,de1a114d47dfcf62c72701824dacc19ed95646795a32ee9fba79555cda05ce85,139,-0.2740947829876917,0.01
3,1,all_strict,side_informed,gh80,beta_half_half,20.0,HU_plus_surface,0.1,13a079af94e46f97cf9bd78dca9369cc9694a00172361b410848fb0439384c57,10034384c25e8a3e78ad2a80d9261520a0bd29e9473455015ccfc775b7583467,139,-0.34262611093968204,0.01
3,2,all_strict,side_informed,gh80,beta_half_half,20.0,HU_plus_surface,0.0,c987b1318e20fe8cc28abf40debc2ea1db6e17e61f72f092d3a4599fd1096ada,09bbdd0937979cb47b4f3238f64f431ffdaa982db80c50bba0c20204ecacf4dd,137,-0.30323836238726565,0.01
3,2,all_strict,side_informed,gh80,beta_half_half,20.0,HU_plus_surface,0.0001,c987b1318e20fe8cc28abf40debc2ea1db6e17e61f72f092d3a4599fd1096ada,ea4b0a85629d24c187ccdbb8cfd4aece6e620c1ef7db1551e5f666ec7ac7757a,137,-0.30088775863516565,0.01
3,2,all_strict,side_informed,gh80,beta_half_half,20.0,HU_plus_surface,0.001,c987b1318e20fe8cc28abf40debc2ea1db6e17e61f72f092d3a4599fd1096ada,bea0b8cb2d3a0384f4675db760f287473437bde917b7c8c416d845c8eb664031,137,-0.28879595278273523,0.01
3,2,all_strict,side_informed,gh80,beta_half_half,20.0,HU_plus_surface,0.01,c987b1318e20fe8cc28abf40debc2ea1db6e17e61f72f092d3a4599fd1096ada,19aa677372d9066f1151d4d5b83854796f2f49a7982ac44324650ab549f1b7c4,137,-0.2740947829876917,0.01
3,2,all_strict,side_informed,gh80,beta_half_half,20.0,HU_plus_surface,0.1,c987b1318e20fe8cc28abf40debc2ea1db6e17e61f72f092d3a4599fd1096ada,3de847855c5a73d14d99d18ffd59d1327dc253ad7c8673c6b61891dff5041f8c,137,-0.34262611093968204,0.01
3,0,all_strict,side_informed,gh80,beta_half_half,20.0,retention_bounded_plus_HU,0.0,14d4aa4637a3952a7fd3ce3da18d16eb06dcd853812d80290ec3d67e3b7cdad5,edfbb68679003c17ca10f6a970e64dfe5ff2d0e94e4cac0878a628f5cc153274,137,-0.3153387530262947,0.01
3,0,all_strict,side_informed,gh80,beta_half_half,20.0,retention_bounded_plus_HU,0.0001,14d4aa4637a3952a7fd3ce3da18d16eb06dcd853812d80290ec3d67e3b7cdad5,72c9491171c9e5185ce4e1e7f3542beccd14a3e2845d65016f0e33610de6b55b,137,-0.31433634931889654,0.01
3,0,all_strict,side_informed,gh80,beta_half_half,20.0,retention_bounded_plus_HU,0.001,14d4aa4637a3952a7fd3ce3da18d16eb06dcd853812d80290ec3d67e3b7cdad5,7ebaef19335414c98449a426ec41b0f116e690c807ad6d2d7b209558b0b0bd56,137,-0.3081120232797759,0.01
3,0,all_strict,side_informed,gh80,beta_half_half,20.0,retention_bounded_plus_HU,0.01,14d4aa4637a3952a7fd3ce3da18d16eb06dcd853812d80290ec3d67e3b7cdad5,511fe0f93bfe4ff91daf5878879067e6c18d18b35f53f1ae9b6f50782a42fb89,137,-0.2890218115720934,0.01
3,0,all_strict,side_informed,gh80,beta_half_half,20.0,retention_bounded_plus_HU,0.1,14d4aa4637a3952a7fd3ce3da18d16eb06dcd853812d80290ec3d67e3b7cdad5,cb6cdb6e8d757fe0512d3ec8430a3686843ebaf5c6761205324e96d42b1ae800,137,-0.30728927806705275,0.01
3,1,all_strict,side_informed,gh80,beta_half_half,20.0,retention_bounded_plus_HU,0.0,13a079af94e46f97cf9bd78dca9369cc9694a00172361b410848fb0439384c57,38845623f4723ff074377d90e5cd6e1f0e34a9d4b940e4a5d867d4b99fbf36b4,139,-0.3153387530262947,0.01
3,1,all_strict,side_informed,gh80,beta_half_half,20.0,retention_bounded_plus_HU,0.0001,13a079af94e46f97cf9bd78dca9369cc9694a00172361b410848fb0439384c57,3b59275539f147ba8b57edad291ad5dcb671f27f81e994d0acd1179a5e9c05f9,139,-0.31433634931889654,0.01
3,1,all_strict,side_informed,gh80,beta_half_half,20.0,retention_bounded_plus_HU,0.001,13a079af94e46f97cf9bd78dca9369cc9694a00172361b410848fb0439384c57,70687a255c4fb377f0addc75628101a59ef04aaadcd42cb879668bdb11121f17,139,-0.3081120232797759,0.01
3,1,all_strict,side_informed,gh80,beta_half_half,20.0,retention_bounded_plus_HU,0.01,13a079af94e46f97cf9bd78dca9369cc9694a00172361b410848fb0439384c57,b823745cba82e0e0330882695c05e8f3145a1b4930a6b682bfb9ac6ab4f7e930,139,-0.2890218115720934,0.01
3,1,all_strict,side_informed,gh80,beta_half_half,20.0,retention_bounded_plus_HU,0.1,13a079af94e46f97cf9bd78dca9369cc9694a00172361b410848fb0439384c57,9630cd3548095e727b94d122fd5df15b125e0b572fd8594192b7efd2efcf53db,139,-0.30728927806705275,0.01
3,2,all_strict,side_informed,gh80,beta_half_half,20.0,retention_bounded_plus_HU,0.0,c987b1318e20fe8cc28abf40debc2ea1db6e17e61f72f092d3a4599fd1096ada,bb0109428ce59a01a252e082c8e486ba1e83b36d64415ebf3b44e38e4d7dcd3a,137,-0.3153387530262947,0.01
3,2,all_strict,side_informed,gh80,beta_half_half,20.0,retention_bounded_plus_HU,0.0001,c987b1318e20fe8cc28abf40debc2ea1db6e17e61f72f092d3a4599fd1096ada,5627af5c4647ccc11530527faef001be96e39c24b9f9e069c42d39fc1e432260,137,-0.31433634931889654,0.01
3,2,all_strict,side_informed,gh80,beta_half_half,20.0,retention_bounded_plus_HU,0.001,c987b1318e20fe8cc28abf40debc2ea1db6e17e61f72f092d3a4599fd1096ada,b11ed6a562bd1b6f1d7fdbc1c31fa830cddda1c2d45d3d9437f42ca4663d4998,137,-0.3081120232797759,0.01
3,2,all_strict,side_informed,gh80,beta_half_half,20.0,retention_bounded_plus_HU,0.01,c987b1318e20fe8cc28abf40debc2ea1db6e17e61f72f092d3a4599fd1096ada,6a37fabcc6dcf1a0185bd44b856298bcf9a67d1a14394bb01e5e511018c45263,137,-0.2890218115720934,0.01
3,2,all_strict,side_informed,gh80,beta_half_half,20.0,retention_bounded_plus_HU,0.1,c987b1318e20fe8cc28abf40debc2ea1db6e17e61f72f092d3a4599fd1096ada,5ed5544142048a13b504e9a6477db095eab8a562fdd2ff0d32c170b192418a9a,137,-0.30728927806705275,0.01
3,0,all_strict,wholly_unseen,laplace,beta_half_half,20.0,retention_bounded,0.0,14d4aa4637a3952a7fd3ce3da18d16eb06dcd853812d80290ec3d67e3b7cdad5,af107fdefee284316e3a94ac7a837a2bcd97a1b125215c86a493fd73e2483418,137,-0.7244473296005739,0.01
3,0,all_strict,wholly_unseen,laplace,beta_half_half,20.0,retention_bounded,0.0001,14d4aa4637a3952a7fd3ce3da18d16eb06dcd853812d80290ec3d67e3b7cdad5,6247f1f847f0d8d47cc6e4dee53cffc99d6561aba3eeac4f644ad6542f6af99b,137,-0.7199637770680193,0.01
3,0,all_strict,wholly_unseen,laplace,beta_half_half,20.0,retention_bounded,0.001,14d4aa4637a3952a7fd3ce3da18d16eb06dcd853812d80290ec3d67e3b7cdad5,d6c8fea45f3bb478382245aca64dc220bb068e1bc166f7940af25760b070def8,137,-0.6903693378484653,0.01
3,0,all_strict,wholly_unseen,laplace,beta_half_half,20.0,retention_bounded,0.01,14d4aa4637a3952a7fd3ce3da18d16eb06dcd853812d80290ec3d67e3b7cdad5,f2d7eec68fb527fca5e2d59ae990797a6d68663621f640293a03c1de375dd90f,137,-0.6150658764372999,0.01
3,0,all_strict,wholly_unseen,laplace,beta_half_half,20.0,retention_bounded,0.1,14d4aa4637a3952a7fd3ce3da18d16eb06dcd853812d80290ec3d67e3b7cdad5,40963ac3022b913c033048ce3f4e5677d0679c5da42246eac799c025b6ac4723,137,-0.6225323980998928,0.01
3,1,all_strict,wholly_unseen,laplace,beta_half_half,20.0,retention_bounded,0.0,13a079af94e46f97cf9bd78dca9369cc9694a00172361b410848fb0439384c57,89f95f5f6882924dd8bdf669833c5f6b5237069e47da787f9c46b0848747e20d,139,-0.7244473296005739,0.01
3,1,all_strict,wholly_unseen,laplace,beta_half_half,20.0,retention_bounded,0.0001,13a079af94e46f97cf9bd78dca9369cc9694a00172361b410848fb0439384c57,b47334bd7852c13d13e7542e252582cd9dece2cef8b3e7d8a9c379d43f3ec51e,139,-0.7199637770680193,0.01
3,1,all_strict,wholly_unseen,laplace,beta_half_half,20.0,retention_bounded,0.001,13a079af94e46f97cf9bd78dca9369cc9694a00172361b410848fb0439384c57,6f4e0a4d2bc16e140f10c764b43cb772edc6d25f0abb3c90c8d80ff329398637,139,-0.6903693378484653,0.01
3,1,all_strict,wholly_unseen,laplace,beta_half_half,20.0,retention_bounded,0.01,13a079af94e46f97cf9bd78dca9369cc9694a00172361b410848fb0439384c57,e5f14ef59029402093750d462932e8b2e17131dc1e9e1532b78a8868b5001087,139,-0.6150658764372999,0.01
3,1,all_strict,wholly_unseen,laplace,beta_half_half,20.0,retention_bounded,0.1,13a079af94e46f97cf9bd78dca9369cc9694a00172361b410848fb0439384c57,1d0ab654537498f64ff026e7f099076f9bbbe5ae7e064e89a589eef512826bd6,139,-0.6225323980998928,0.01
3,2,all_strict,wholly_unseen,laplace,beta_half_half,20.0,retention_bounded,0.0,c987b1318e20fe8cc28abf40debc2ea1db6e17e61f72f092d3a4599fd1096ada,9b100419e3db77090974f7e6cb9d5b9db7a2aea1ac068163fef890698f20d5d5,137,-0.7244473296005739,0.01
3,2,all_strict,wholly_unseen,laplace,beta_half_half,20.0,retention_bounded,0.0001,c987b1318e20fe8cc28abf40debc2ea1db6e17e61f72f092d3a4599fd1096ada,35a8d448713775ca5591bf95a405d29007757ad6b24cd84ae97da4c1c16b6dcd,137,-0.7199637770680193,0.01
3,2,all_strict,wholly_unseen,laplace,beta_half_half,20.0,retention_bounded,0.001,c987b1318e20fe8cc28abf40debc2ea1db6e17e61f72f092d3a4599fd1096ada,07e97c0cab3c4b8bb9609506f0c1a71e1e9bff8a28caa7b25d4f5cf1f58f4b50,137,-0.6903693378484653,0.01
3,2,all_strict,wholly_unseen,laplace,beta_half_half,20.0,retention_bounded,0.01,c987b1318e20fe8cc28abf40debc2ea1db6e17e61f72f092d3a4599fd1096ada,473cf5e923ef86180083f16b4132a0d11856c7d043f97d5186effeff2e25490a,137,-0.6150658764372999,0.01
3,2,all_strict,wholly_unseen,laplace,beta_half_half,20.0,retention_bounded,0.1,c987b1318e20fe8cc28abf40debc2ea1db6e17e61f72f092d3a4599fd1096ada,8f10b8bd9742bcc9a65a5736caa3a52e3240ebf9e735f820c5d5a6f9b90f6e2d,137,-0.6225323980998928,0.01
3,0,all_strict,wholly_unseen,laplace,beta_half_half,20.0,retention_nonnegative,0.0,14d4aa4637a3952a7fd3ce3da18d16eb06dcd853812d80290ec3d67e3b7cdad5,db7035e8eb3799cf73591f6d7dc9be9f6dcfd2c2c711e108f15c36459eb9be06,137,-0.7244473291890633,0.01
3,0,all_strict,wholly_unseen,laplace,beta_half_half,20.0,retention_nonnegative,0.0001,14d4aa4637a3952a7fd3ce3da18d16eb06dcd853812d80290ec3d67e3b7cdad5,fe85e343560808eee1e5494ac6c1b2e0a3b243bd7bdc36b2d681ae21a8b0603b,137,-0.710988309527651,0.01
3,0,all_strict,wholly_unseen,laplace,beta_half_half,20.0,retention_nonnegative,0.001,14d4aa4637a3952a7fd3ce3da18d16eb06dcd853812d80290ec3d67e3b7cdad5,46de0328014a17e4f396a1b925b2f756520ecf7a5677fba6faf5c66d10fdec22,137,-0.6489413367953666,0.01
3,0,all_strict,wholly_unseen,laplace,beta_half_half,20.0,retention_nonnegative,0.01,14d4aa4637a3952a7fd3ce3da18d16eb06dcd853812d80290ec3d67e3b7cdad5,ade31c7cb9b529fca64aaccefbabb742ac5de38740a40ea2ee81743e121b1949,137,-0.6128392560302209,0.01
3,0,all_strict,wholly_unseen,laplace,beta_half_half,20.0,retention_nonnegative,0.1,14d4aa4637a3952a7fd3ce3da18d16eb06dcd853812d80290ec3d67e3b7cdad5,3912c2f1ebada0b027b8ac9435a7ff6259a03c618896df842de1869238e664bc,137,-0.6885605035600912,0.01
3,1,all_strict,wholly_unseen,laplace,beta_half_half,20.0,retention_nonnegative,0.0,13a079af94e46f97cf9bd78dca9369cc9694a00172361b410848fb0439384c57,aa50bb8a8643311b1475721968f797b5915050e18d7f20c124da611f55283b61,139,-0.7244473291890633,0.01
3,1,all_strict,wholly_unseen,laplace,beta_half_half,20.0,retention_nonnegative,0.0001,13a079af94e46f97cf9bd78dca9369cc9694a00172361b410848fb0439384c57,79a2d0cef767d98b9e37630e9ca8749aaaa10d73e88727647cf0e04403d788ed,139,-0.710988309527651,0.01
3,1,all_strict,wholly_unseen,laplace,beta_half_half,20.0,retention_nonnegative,0.001,13a079af94e46f97cf9bd78dca9369cc9694a00172361b410848fb0439384c57,7388720e4504fb66e9f9d4b6e0c7a7b1bac78b91c4311966544e9b5031c829eb,139,-0.6489413367953666,0.01
3,1,all_strict,wholly_unseen,laplace,beta_half_half,20.0,retention_nonnegative,0.01,13a079af94e46f97cf9bd78dca9369cc9694a00172361b410848fb0439384c57,7ba018047c3b445e039ce60dcae5bed3b0977b6cc826b85afb468fe69b9efe18,139,-0.6128392560302209,0.01
3,1,all_strict,wholly_unseen,laplace,beta_half_half,20.0,retention_nonnegative,0.1,13a079af94e46f97cf9bd78dca9369cc9694a00172361b410848fb0439384c57,dcbfa8fa91a48d1996bb15710cbeb38279805cf25a7f425ab3f128b33506e245,139,-0.6885605035600912,0.01
3,2,all_strict,wholly_unseen,laplace,beta_half_half,20.0,retention_nonnegative,0.0,c987b1318e20fe8cc28abf40debc2ea1db6e17e61f72f092d3a4599fd1096ada,9f001b9c248403c6b38d6f6517d1666ef1edb2c885b3f9275d0a77ed0fe88be5,137,-0.7244473291890633,0.01
3,2,all_strict,wholly_unseen,laplace,beta_half_half,20.0,retention_nonnegative,0.0001,c987b1318e20fe8cc28abf40debc2ea1db6e17e61f72f092d3a4599fd1096ada,c0e6b354c71150d1b2d5fd8b2a4e1d691931db7ac4947d12e8365e7ad72240b7,137,-0.710988309527651,0.01
3,2,all_strict,wholly_unseen,laplace,beta_half_half,20.0,retention_nonnegative,0.001,c987b1318e20fe8cc28abf40debc2ea1db6e17e61f72f092d3a4599fd1096ada,c19fc80f46e89f105a94115e05c58a4f1fe3d1cc77e765c1857e5c4bf5d88907,137,-0.6489413367953666,0.01
3,2,all_strict,wholly_unseen,laplace,beta_half_half,20.0,retention_nonnegative,0.01,c987b1318e20fe8cc28abf40debc2ea1db6e17e61f72f092d3a4599fd1096ada,91ec00f757e2a3719f014b5d98ad38dce5516213ad9b197e324a907cf1dceb53,137,-0.6128392560302209,0.01
3,2,all_strict,wholly_unseen,laplace,beta_half_half,20.0,retention_nonnegative,0.1,c987b1318e20fe8cc28abf40debc2ea1db6e17e61f72f092d3a4599fd1096ada,82086ed24e9aba2616c5787bd628d1c091fa54bde60320bd3b32c21076c001c9,137,-0.6885605035600912,0.01
3,0,all_strict,wholly_unseen,laplace,beta_half_half,20.0,current_only,0.0,14d4aa4637a3952a7fd3ce3da18d16eb06dcd853812d80290ec3d67e3b7cdad5,38885674221b3cb37e83291e21cc70af7e7718248cd4b851943488758f358a90,137,-0.9042968081166737,0.1
3,0,all_strict,wholly_unseen,laplace,beta_half_half,20.0,current_only,0.0001,14d4aa4637a3952a7fd3ce3da18d16eb06dcd853812d80290ec3d67e3b7cdad5,b56f64b89cb01d643fa21297eab739de35b814db42602ebaf2b93395ff3d434b,137,-0.9035225507845223,0.1
3,0,all_strict,wholly_unseen,laplace,beta_half_half,20.0,current_only,0.001,14d4aa4637a3952a7fd3ce3da18d16eb06dcd853812d80290ec3d67e3b7cdad5,86ec25c34b06e7a6784d29d71081778703d6e327072c77294f07630bcd714ab9,137,-0.8971037103174034,0.1
3,0,all_strict,wholly_unseen,laplace,beta_half_half,20.0,current_only,0.01,14d4aa4637a3952a7fd3ce3da18d16eb06dcd853812d80290ec3d67e3b7cdad5,4bd55996a4147a860d8d227c79664ba5bf0c758bec28470622110400684c8db5,137,-0.8604493511246359,0.1
3,0,all_strict,wholly_unseen,laplace,beta_half_half,20.0,current_only,0.1,14d4aa4637a3952a7fd3ce3da18d16eb06dcd853812d80290ec3d67e3b7cdad5,b80c801deb58aeed8fb159b2dfabd9388a7e62a323876e6aca135966bb5580a2,137,-0.8323403517382758,0.1
3,1,all_strict,wholly_unseen,laplace,beta_half_half,20.0,current_only,0.0,13a079af94e46f97cf9bd78dca9369cc9694a00172361b410848fb0439384c57,9b6a009c1d92d5fdcf1f3c27012517d50cfe9895ae980392870930f48c6695ae,139,-0.9042968081166737,0.1
3,1,all_strict,wholly_unseen,laplace,beta_half_half,20.0,current_only,0.0001,13a079af94e46f97cf9bd78dca9369cc9694a00172361b410848fb0439384c57,0214dcd664c4bac3eda59c013de8fa45ffe5b87fb04d507497b65556dfb38787,139,-0.9035225507845223,0.1
3,1,all_strict,wholly_unseen,laplace,beta_half_half,20.0,current_only,0.001,13a079af94e46f97cf9bd78dca9369cc9694a00172361b410848fb0439384c57,d299377c6a53f6a3a2a71a086590acbc3d4df8481fd776c888453b0ae292e6cb,139,-0.8971037103174034,0.1
3,1,all_strict,wholly_unseen,laplace,beta_half_half,20.0,current_only,0.01,13a079af94e46f97cf9bd78dca9369cc9694a00172361b410848fb0439384c57,8073331a3dc3fb399032f2e525c3dc13e2d89c6fdbc7a536ab2160e71088aece,139,-0.8604493511246359,0.1
3,1,all_strict,wholly_unseen,laplace,beta_half_half,20.0,current_only,0.1,13a079af94e46f97cf9bd78dca9369cc9694a00172361b410848fb0439384c57,2cde162e406b6320b90483681be3bd46f44adfc6abd1a05c223066e0254034db,139,-0.8323403517382758,0.1
3,2,all_strict,wholly_unseen,laplace,beta_half_half,20.0,current_only,0.0,c987b1318e20fe8cc28abf40debc2ea1db6e17e61f72f092d3a4599fd1096ada,719904ef1f10febee4bea2af1e844273b54318348fd8819e496021284fb723ea,137,-0.9042968081166737,0.1
3,2,all_strict,wholly_unseen,laplace,beta_half_half,20.0,current_only,0.0001,c987b1318e20fe8cc28abf40debc2ea1db6e17e61f72f092d3a4599fd1096ada,e7641c7162152f10006148535e3b6f43182da6311392fa200dcae43307a0356b,137,-0.9035225507845223,0.1
3,2,all_strict,wholly_unseen,laplace,beta_half_half,20.0,current_only,0.001,c987b1318e20fe8cc28abf40debc2ea1db6e17e61f72f092d3a4599fd1096ada,c428e659c92b6555ddfb55c48018e09f8a6d9eed53bf0b375ab495273b61e679,137,-0.8971037103174034,0.1
3,2,all_strict,wholly_unseen,laplace,beta_half_half,20.0,current_only,0.01,c987b1318e20fe8cc28abf40debc2ea1db6e17e61f72f092d3a4599fd1096ada,5723dfa83c0d5942f79d7a022ea265d5f16cd5af48eda1742290d754c76f1430,137,-0.8604493511246359,0.1
3,2,all_strict,wholly_unseen,laplace,beta_half_half,20.0,current_only,0.1,c987b1318e20fe8cc28abf40debc2ea1db6e17e61f72f092d3a4599fd1096ada,a700478e166b4af2b2ece1112321cf15daf92fc91d3f6c0c1f5b2dd227b29443,137,-0.8323403517382758,0.1
3,0,all_strict,wholly_unseen,laplace,beta_half_half,20.0,input_plus_surface,0.0,14d4aa4637a3952a7fd3ce3da18d16eb06dcd853812d80290ec3d67e3b7cdad5,fb46640200fef3fba9e5692e5172c579710fb234bb3c8fd3be5c638a9fda02e3,137,-0.6393258621054368,0.01
3,0,all_strict,wholly_unseen,laplace,beta_half_half,20.0,input_plus_surface,0.0001,14d4aa4637a3952a7fd3ce3da18d16eb06dcd853812d80290ec3d67e3b7cdad5,e17ab607063237b0053b962f01f430792474f442bb51d5b1c0e5fc92bb431ad4,137,-0.6348126647919458,0.01
3,0,all_strict,wholly_unseen,laplace,beta_half_half,20.0,input_plus_surface,0.001,14d4aa4637a3952a7fd3ce3da18d16eb06dcd853812d80290ec3d67e3b7cdad5,524119e84bbb323dd00a59e440b8a66c30f62311a806aa7c673b4787de806db4,137,-0.6125413973684621,0.01
3,0,all_strict,wholly_unseen,laplace,beta_half_half,20.0,input_plus_surface,0.01,14d4aa4637a3952a7fd3ce3da18d16eb06dcd853812d80290ec3d67e3b7cdad5,bddf5973caffc950cde36247cb3fce7275847971ff5f120a867fe210651deae2,137,-0.5792680527601232,0.01
3,0,all_strict,wholly_unseen,laplace,beta_half_half,20.0,input_plus_surface,0.1,14d4aa4637a3952a7fd3ce3da18d16eb06dcd853812d80290ec3d67e3b7cdad5,aa3aeb31a3758f68e5545fc9b3a75f49e79b80cd86ce6b207c08e33cd17778cb,137,-0.6375223747415822,0.01
3,1,all_strict,wholly_unseen,laplace,beta_half_half,20.0,input_plus_surface,0.0,13a079af94e46f97cf9bd78dca9369cc9694a00172361b410848fb0439384c57,4d485db1740cc122cdbde893cb6302b39990a583dc74c9156c9691d72cc0bbbe,139,-0.6393258621054368,0.01
3,1,all_strict,wholly_unseen,laplace,beta_half_half,20.0,input_plus_surface,0.0001,13a079af94e46f97cf9bd78dca9369cc9694a00172361b410848fb0439384c57,38379be4211ba7b2eabb4e264c46ab4efeaa5275b54b34a64db31c10d5388c4e,139,-0.6348126647919458,0.01
3,1,all_strict,wholly_unseen,laplace,beta_half_half,20.0,input_plus_surface,0.001,13a079af94e46f97cf9bd78dca9369cc9694a00172361b410848fb0439384c57,04e11b3b1dfd239ea4049991fee4b4373d4eb08b0bf41c6f86ee32ffdf8bb711,139,-0.6125413973684621,0.01
3,1,all_strict,wholly_unseen,laplace,beta_half_half,20.0,input_plus_surface,0.01,13a079af94e46f97cf9bd78dca9369cc9694a00172361b410848fb0439384c57,93f939f63d503277a068da31020604e690f8a118a7b05fd884c2bb9f95edb71f,139,-0.5792680527601232,0.01
3,1,all_strict,wholly_unseen,laplace,beta_half_half,20.0,input_plus_surface,0.1,13a079af94e46f97cf9bd78dca9369cc9694a00172361b410848fb0439384c57,84416e0df3ad35ceb1f3c9730ed37694a24f5eee1ae35d237bd510cd4561e951,139,-0.6375223747415822,0.01
3,2,all_strict,wholly_unseen,laplace,beta_half_half,20.0,input_plus_surface,0.0,c987b1318e20fe8cc28abf40debc2ea1db6e17e61f72f092d3a4599fd1096ada,f799865eff2255d51cac2d9137532643296350e0691d44eec425bf5792cf2644,137,-0.6393258621054368,0.01
3,2,all_strict,wholly_unseen,laplace,beta_half_half,20.0,input_plus_surface,0.0001,c987b1318e20fe8cc28abf40debc2ea1db6e17e61f72f092d3a4599fd1096ada,320373a2611e88567daac576e4137deaf26fbd627edf0883f9f42260aeb97490,137,-0.6348126647919458,0.01
3,2,all_strict,wholly_unseen,laplace,beta_half_half,20.0,input_plus_surface,0.001,c987b1318e20fe8cc28abf40debc2ea1db6e17e61f72f092d3a4599fd1096ada,05e05b2ef47ea8fcd7fb51a3929b5c06a52b8f2dba7489ec9bc757bf5c90168d,137,-0.6125413973684621,0.01
3,2,all_strict,wholly_unseen,laplace,beta_half_half,20.0,input_plus_surface,0.01,c987b1318e20fe8cc28abf40debc2ea1db6e17e61f72f092d3a4599fd1096ada,38b7aabacda8fa92cb3792a8f5972a786a6befede200cf5485197d3d7d5b111f,137,-0.5792680527601232,0.01
3,2,all_strict,wholly_unseen,laplace,beta_half_half,20.0,input_plus_surface,0.1,c987b1318e20fe8cc28abf40debc2ea1db6e17e61f72f092d3a4599fd1096ada,87371cb5ecd5f50782cc21541496e56ab39086826e1a49ce1f703debf5bd6a7b,137,-0.6375223747415822,0.01
3,0,all_strict,wholly_unseen,laplace,beta_half_half,20.0,HU_plus_surface,0.0,14d4aa4637a3952a7fd3ce3da18d16eb06dcd853812d80290ec3d67e3b7cdad5,4c2bfd07b270351808459376f3518f31f880f9ab5cea36e79429a382687ea36c,137,-0.5976752780313312,0.01
3,0,all_strict,wholly_unseen,laplace,beta_half_half,20.0,HU_plus_surface,0.0001,14d4aa4637a3952a7fd3ce3da18d16eb06dcd853812d80290ec3d67e3b7cdad5,465dc7368ca38628b10951b3966c3db9aee787ce6922c6bd7d9676152755729e,137,-0.5939418481668333,0.01
3,0,all_strict,wholly_unseen,laplace,beta_half_half,20.0,HU_plus_surface,0.001,14d4aa4637a3952a7fd3ce3da18d16eb06dcd853812d80290ec3d67e3b7cdad5,c387409cc61b80e1f602fbe3350e1dffc40c8db9282863fca2b2a9611bd384c5,137,-0.5760048355824885,0.01
3,0,all_strict,wholly_unseen,laplace,beta_half_half,20.0,HU_plus_surface,0.01,14d4aa4637a3952a7fd3ce3da18d16eb06dcd853812d80290ec3d67e3b7cdad5,a8c52b5912de9af5d74edbe13d513d9220ae33f15ab3d399f0d9fa5341f9d743,137,-0.5536947296200017,0.01
3,0,all_strict,wholly_unseen,laplace,beta_half_half,20.0,HU_plus_surface,0.1,14d4aa4637a3952a7fd3ce3da18d16eb06dcd853812d80290ec3d67e3b7cdad5,b39f8ea5be8b6acbbcadfeb0a48f99f01219da8a2cb14d517d3a156c291a89b4,137,-0.624898429868058,0.01
3,1,all_strict,wholly_unseen,laplace,beta_half_half,20.0,HU_plus_surface,0.0,13a079af94e46f97cf9bd78dca9369cc9694a00172361b410848fb0439384c57,4acd5595e0d16278dd8c13fcbddbeb1eac60fbf2ae5f9e483b5b5dd571a118b1,139,-0.5976752780313312,0.01
3,1,all_strict,wholly_unseen,laplace,beta_half_half,20.0,HU_plus_surface,0.0001,13a079af94e46f97cf9bd78dca9369cc9694a00172361b410848fb0439384c57,a052a731dfa9b96f5880f348f968d6a81453e27efc5a896045af2121293b54e7,139,-0.5939418481668333,0.01
3,1,all_strict,wholly_unseen,laplace,beta_half_half,20.0,HU_plus_surface,0.001,13a079af94e46f97cf9bd78dca9369cc9694a00172361b410848fb0439384c57,c0f31cc89b881d0d160c4ed76190c9d87263fc42c8667e753fe9b2d382754c0f,139,-0.5760048355824885,0.01
3,1,all_strict,wholly_unseen,laplace,beta_half_half,20.0,HU_plus_surface,0.01,13a079af94e46f97cf9bd78dca9369cc9694a00172361b410848fb0439384c57,c987cd9eaf964a9ce7bb4fc7f462b1598b0b6beb9c5f4e8cd2ddae76f138c123,139,-0.5536947296200017,0.01
3,1,all_strict,wholly_unseen,laplace,beta_half_half,20.0,HU_plus_surface,0.1,13a079af94e46f97cf9bd78dca9369cc9694a00172361b410848fb0439384c57,6372bb3e9e7d7e7127ddbcccdc2975d6901e909514318092a2c6bf80a1536ee6,139,-0.624898429868058,0.01
3,2,all_strict,wholly_unseen,laplace,beta_half_half,20.0,HU_plus_surface,0.0,c987b1318e20fe8cc28abf40debc2ea1db6e17e61f72f092d3a4599fd1096ada,821aa9cd3d83fecca4ef343029f164b6f26584ed88ef3e20f9b9166d8df26871,137,-0.5976752780313312,0.01
3,2,all_strict,wholly_unseen,laplace,beta_half_half,20.0,HU_plus_surface,0.0001,c987b1318e20fe8cc28abf40debc2ea1db6e17e61f72f092d3a4599fd1096ada,4c96e1d1916d8d4c02c61997a97bb350e82ce4cdd50f98e9e32641b2d49c71e0,137,-0.5939418481668333,0.01
3,2,all_strict,wholly_unseen,laplace,beta_half_half,20.0,HU_plus_surface,0.001,c987b1318e20fe8cc28abf40debc2ea1db6e17e61f72f092d3a4599fd1096ada,b1c3f43f0c08f6560c35b6945663e6c99a9b8d2292473253f190d79f62de1571,137,-0.5760048355824885,0.01
3,2,all_strict,wholly_unseen,laplace,beta_half_half,20.0,HU_plus_surface,0.01,c987b1318e20fe8cc28abf40debc2ea1db6e17e61f72f092d3a4599fd1096ada,2406f14a22ec6a207315e97af6753e2fff93a64be4a4c6d3c97bfa5d6bbb3dc1,137,-0.5536947296200017,0.01
3,2,all_strict,wholly_unseen,laplace,beta_half_half,20.0,HU_plus_surface,0.1,c987b1318e20fe8cc28abf40debc2ea1db6e17e61f72f092d3a4599fd1096ada,f32be7472777c9fbb156d0cd319d9ef9f654e91810755dd04a3a7f4927526240,137,-0.624898429868058,0.01
3,0,all_strict,wholly_unseen,laplace,beta_half_half,20.0,retention_bounded_plus_HU,0.0,14d4aa4637a3952a7fd3ce3da18d16eb06dcd853812d80290ec3d67e3b7cdad5,f376b3bcfc1f98f4243f8c5c5166ddf745f4d0ddb71a8001a95497ce061ee2cc,137,-0.6465399475608655,0.01
3,0,all_strict,wholly_unseen,laplace,beta_half_half,20.0,retention_bounded_plus_HU,0.0001,14d4aa4637a3952a7fd3ce3da18d16eb06dcd853812d80290ec3d67e3b7cdad5,7a33f301d07d92149f66a947b138db65162764b9aa13cd83331e4b30ea5502ca,137,-0.6424897076962214,0.01
3,0,all_strict,wholly_unseen,laplace,beta_half_half,20.0,retention_bounded_plus_HU,0.001,14d4aa4637a3952a7fd3ce3da18d16eb06dcd853812d80290ec3d67e3b7cdad5,c67b35ce3d077c8e096e00095566d58af0555449e6a24c0a6652dd8cace3a3b3,137,-0.6190580420710894,0.01
3,0,all_strict,wholly_unseen,laplace,beta_half_half,20.0,retention_bounded_plus_HU,0.01,14d4aa4637a3952a7fd3ce3da18d16eb06dcd853812d80290ec3d67e3b7cdad5,9814501c8f86537872baca59350d97bd1a301f83f7e77d4764945e241f0fe9a6,137,-0.5726174201498541,0.01
3,0,all_strict,wholly_unseen,laplace,beta_half_half,20.0,retention_bounded_plus_HU,0.1,14d4aa4637a3952a7fd3ce3da18d16eb06dcd853812d80290ec3d67e3b7cdad5,c699bddd2aa6127b10d6c37f15d8a9f3f12072c6ff33cc5cf52c9f2b75a999cd,137,-0.58719721890219,0.01
3,1,all_strict,wholly_unseen,laplace,beta_half_half,20.0,retention_bounded_plus_HU,0.0,13a079af94e46f97cf9bd78dca9369cc9694a00172361b410848fb0439384c57,cb5cd11e8cc2860e3f7defd9a3da1a60ff8630bfcbbb9b32401d7310bf2ff3a1,139,-0.6465399475608655,0.01
3,1,all_strict,wholly_unseen,laplace,beta_half_half,20.0,retention_bounded_plus_HU,0.0001,13a079af94e46f97cf9bd78dca9369cc9694a00172361b410848fb0439384c57,4b62c89a0e8e92289ea6c288236e658ef9439ff385bfa6d1284d4d84955de3d2,139,-0.6424897076962214,0.01
3,1,all_strict,wholly_unseen,laplace,beta_half_half,20.0,retention_bounded_plus_HU,0.001,13a079af94e46f97cf9bd78dca9369cc9694a00172361b410848fb0439384c57,fdb290392dba77e71697eee74c5e23b66a17fe472856b02b463029b96902c0a9,139,-0.6190580420710894,0.01
3,1,all_strict,wholly_unseen,laplace,beta_half_half,20.0,retention_bounded_plus_HU,0.01,13a079af94e46f97cf9bd78dca9369cc9694a00172361b410848fb0439384c57,64c26e09c082b3f13d1ebe85bebce5c57208ef015008124a0e860edf61ad60cb,139,-0.5726174201498541,0.01
3,1,all_strict,wholly_unseen,laplace,beta_half_half,20.0,retention_bounded_plus_HU,0.1,13a079af94e46f97cf9bd78dca9369cc9694a00172361b410848fb0439384c57,cb921aa58b04d98c92b34d30513f9b01f4754d756cbab5e5a09a277f0e27f726,139,-0.58719721890219,0.01
3,2,all_strict,wholly_unseen,laplace,beta_half_half,20.0,retention_bounded_plus_HU,0.0,c987b1318e20fe8cc28abf40debc2ea1db6e17e61f72f092d3a4599fd1096ada,eb8be64ecfe4b1e933d5ab08c5bc0d4040809f7bc32f59d378a255bfc33b6c88,137,-0.6465399475608655,0.01
3,2,all_strict,wholly_unseen,laplace,beta_half_half,20.0,retention_bounded_plus_HU,0.0001,c987b1318e20fe8cc28abf40debc2ea1db6e17e61f72f092d3a4599fd1096ada,91e501595b076d205d3b2aa997cc582c17b13c9e58876e0f0d297bd4c9a121c7,137,-0.6424897076962214,0.01
3,2,all_strict,wholly_unseen,laplace,beta_half_half,20.0,retention_bounded_plus_HU,0.001,c987b1318e20fe8cc28abf40debc2ea1db6e17e61f72f092d3a4599fd1096ada,119f878d37271548c8db1379a564c3c64da74a98b33e6be550edd1fc0c438a61,137,-0.6190580420710894,0.01
3,2,all_strict,wholly_unseen,laplace,beta_half_half,20.0,retention_bounded_plus_HU,0.01,c987b1318e20fe8cc28abf40debc2ea1db6e17e61f72f092d3a4599fd1096ada,af2e0dd0a7c6fe76dc2de51901862688565e092f41b695ff3c94af7c99503b22,137,-0.5726174201498541,0.01
3,2,all_strict,wholly_unseen,laplace,beta_half_half,20.0,retention_bounded_plus_HU,0.1,c987b1318e20fe8cc28abf40debc2ea1db6e17e61f72f092d3a4599fd1096ada,141af808d5e0099b70e691c9fcdd4a17bcf45ce11b11903fb4dffa0ff68e5eb2,137,-0.58719721890219,0.01
3,0,all_strict,wholly_unseen,gh80,beta_half_half,20.0,HU_plus_surface,0.0,14d4aa4637a3952a7fd3ce3da18d16eb06dcd853812d80290ec3d67e3b7cdad5,2c4eaa22cf5dad45a3889c204e4115b761c0298db1de586bf086961697867466,137,-0.5904282269538377,0.01
3,0,all_strict,wholly_unseen,gh80,beta_half_half,20.0,HU_plus_surface,0.0001,14d4aa4637a3952a7fd3ce3da18d16eb06dcd853812d80290ec3d67e3b7cdad5,01590020cf04dcdb8a2bb1d7371b9f3f15924c6d0dc1fd12344ee94231fe93b6,137,-0.5871117251864013,0.01
3,0,all_strict,wholly_unseen,gh80,beta_half_half,20.0,HU_plus_surface,0.001,14d4aa4637a3952a7fd3ce3da18d16eb06dcd853812d80290ec3d67e3b7cdad5,5388f423d7e1e2f85e3e6a296b30d26384f1fd7ae763ff3f0aad97d026ac5ee9,137,-0.5709534972938173,0.01
3,0,all_strict,wholly_unseen,gh80,beta_half_half,20.0,HU_plus_surface,0.01,14d4aa4637a3952a7fd3ce3da18d16eb06dcd853812d80290ec3d67e3b7cdad5,38e83f505125c3ea79954990f3fe91c722eff6c6a893669b63cdb822bef19a3e,137,-0.5518425066192301,0.01
3,0,all_strict,wholly_unseen,gh80,beta_half_half,20.0,HU_plus_surface,0.1,14d4aa4637a3952a7fd3ce3da18d16eb06dcd853812d80290ec3d67e3b7cdad5,f023f2dfee98b182ddf16c33556ba133f2b32083304e433d772588dff1a2a708,137,-0.6257151484539489,0.01
3,1,all_strict,wholly_unseen,gh80,beta_half_half,20.0,HU_plus_surface,0.0,13a079af94e46f97cf9bd78dca9369cc9694a00172361b410848fb0439384c57,8aea79da96917c2fb0a6b6087e20e2a80abe4b2973adf085a2062deae4ddcb12,139,-0.5904282269538377,0.01
3,1,all_strict,wholly_unseen,gh80,beta_half_half,20.0,HU_plus_surface,0.0001,13a079af94e46f97cf9bd78dca9369cc9694a00172361b410848fb0439384c57,7f84c6d1199d0bcd25aa34604a8dbe663ba478a4e66ebb0618ff1bfc74655802,139,-0.5871117251864013,0.01
3,1,all_strict,wholly_unseen,gh80,beta_half_half,20.0,HU_plus_surface,0.001,13a079af94e46f97cf9bd78dca9369cc9694a00172361b410848fb0439384c57,5e26d64a969f505fa24783bb3aafb23f12af19d6e02c5b2063b7484ff21a252a,139,-0.5709534972938173,0.01
3,1,all_strict,wholly_unseen,gh80,beta_half_half,20.0,HU_plus_surface,0.01,13a079af94e46f97cf9bd78dca9369cc9694a00172361b410848fb0439384c57,de1a114d47dfcf62c72701824dacc19ed95646795a32ee9fba79555cda05ce85,139,-0.5518425066192301,0.01
3,1,all_strict,wholly_unseen,gh80,beta_half_half,20.0,HU_plus_surface,0.1,13a079af94e46f97cf9bd78dca9369cc9694a00172361b410848fb0439384c57,10034384c25e8a3e78ad2a80d9261520a0bd29e9473455015ccfc775b7583467,139,-0.6257151484539489,0.01
3,2,all_strict,wholly_unseen,gh80,beta_half_half,20.0,HU_plus_surface,0.0,c987b1318e20fe8cc28abf40debc2ea1db6e17e61f72f092d3a4599fd1096ada,09bbdd0937979cb47b4f3238f64f431ffdaa982db80c50bba0c20204ecacf4dd,137,-0.5904282269538377,0.01
3,2,all_strict,wholly_unseen,gh80,beta_half_half,20.0,HU_plus_surface,0.0001,c987b1318e20fe8cc28abf40debc2ea1db6e17e61f72f092d3a4599fd1096ada,ea4b0a85629d24c187ccdbb8cfd4aece6e620c1ef7db1551e5f666ec7ac7757a,137,-0.5871117251864013,0.01
3,2,all_strict,wholly_unseen,gh80,beta_half_half,20.0,HU_plus_surface,0.001,c987b1318e20fe8cc28abf40debc2ea1db6e17e61f72f092d3a4599fd1096ada,bea0b8cb2d3a0384f4675db760f287473437bde917b7c8c416d845c8eb664031,137,-0.5709534972938173,0.01
3,2,all_strict,wholly_unseen,gh80,beta_half_half,20.0,HU_plus_surface,0.01,c987b1318e20fe8cc28abf40debc2ea1db6e17e61f72f092d3a4599fd1096ada,19aa677372d9066f1151d4d5b83854796f2f49a7982ac44324650ab549f1b7c4,137,-0.5518425066192301,0.01
3,2,all_strict,wholly_unseen,gh80,beta_half_half,20.0,HU_plus_surface,0.1,c987b1318e20fe8cc28abf40debc2ea1db6e17e61f72f092d3a4599fd1096ada,3de847855c5a73d14d99d18ffd59d1327dc253ad7c8673c6b61891dff5041f8c,137,-0.6257151484539489,0.01
3,0,all_strict,wholly_unseen,gh80,beta_half_half,20.0,retention_bounded_plus_HU,0.0,14d4aa4637a3952a7fd3ce3da18d16eb06dcd853812d80290ec3d67e3b7cdad5,edfbb68679003c17ca10f6a970e64dfe5ff2d0e94e4cac0878a628f5cc153274,137,-0.6501810385373284,0.01
3,0,all_strict,wholly_unseen,gh80,beta_half_half,20.0,retention_bounded_plus_HU,0.0001,14d4aa4637a3952a7fd3ce3da18d16eb06dcd853812d80290ec3d67e3b7cdad5,72c9491171c9e5185ce4e1e7f3542beccd14a3e2845d65016f0e33610de6b55b,137,-0.6467880903356672,0.01
3,0,all_strict,wholly_unseen,gh80,beta_half_half,20.0,retention_bounded_plus_HU,0.001,14d4aa4637a3952a7fd3ce3da18d16eb06dcd853812d80290ec3d67e3b7cdad5,7ebaef19335414c98449a426ec41b0f116e690c807ad6d2d7b209558b0b0bd56,137,-0.6258458452460545,0.01
3,0,all_strict,wholly_unseen,gh80,beta_half_half,20.0,retention_bounded_plus_HU,0.01,14d4aa4637a3952a7fd3ce3da18d16eb06dcd853812d80290ec3d67e3b7cdad5,511fe0f93bfe4ff91daf5878879067e6c18d18b35f53f1ae9b6f50782a42fb89,137,-0.5790937100412257,0.01
3,0,all_strict,wholly_unseen,gh80,beta_half_half,20.0,retention_bounded_plus_HU,0.1,14d4aa4637a3952a7fd3ce3da18d16eb06dcd853812d80290ec3d67e3b7cdad5,cb6cdb6e8d757fe0512d3ec8430a3686843ebaf5c6761205324e96d42b1ae800,137,-0.590529221888821,0.01
3,1,all_strict,wholly_unseen,gh80,beta_half_half,20.0,retention_bounded_plus_HU,0.0,13a079af94e46f97cf9bd78dca9369cc9694a00172361b410848fb0439384c57,38845623f4723ff074377d90e5cd6e1f0e34a9d4b940e4a5d867d4b99fbf36b4,139,-0.6501810385373284,0.01
3,1,all_strict,wholly_unseen,gh80,beta_half_half,20.0,retention_bounded_plus_HU,0.0001,13a079af94e46f97cf9bd78dca9369cc9694a00172361b410848fb0439384c57,3b59275539f147ba8b57edad291ad5dcb671f27f81e994d0acd1179a5e9c05f9,139,-0.6467880903356672,0.01
3,1,all_strict,wholly_unseen,gh80,beta_half_half,20.0,retention_bounded_plus_HU,0.001,13a079af94e46f97cf9bd78dca9369cc9694a00172361b410848fb0439384c57,70687a255c4fb377f0addc75628101a59ef04aaadcd42cb879668bdb11121f17,139,-0.6258458452460545,0.01
3,1,all_strict,wholly_unseen,gh80,beta_half_half,20.0,retention_bounded_plus_HU,0.01,13a079af94e46f97cf9bd78dca9369cc9694a00172361b410848fb0439384c57,b823745cba82e0e0330882695c05e8f3145a1b4930a6b682bfb9ac6ab4f7e930,139,-0.5790937100412257,0.01
3,1,all_strict,wholly_unseen,gh80,beta_half_half,20.0,retention_bounded_plus_HU,0.1,13a079af94e46f97cf9bd78dca9369cc9694a00172361b410848fb0439384c57,9630cd3548095e727b94d122fd5df15b125e0b572fd8594192b7efd2efcf53db,139,-0.590529221888821,0.01
3,2,all_strict,wholly_unseen,gh80,beta_half_half,20.0,retention_bounded_plus_HU,0.0,c987b1318e20fe8cc28abf40debc2ea1db6e17e61f72f092d3a4599fd1096ada,bb0109428ce59a01a252e082c8e486ba1e83b36d64415ebf3b44e38e4d7dcd3a,137,-0.6501810385373284,0.01
3,2,all_strict,wholly_unseen,gh80,beta_half_half,20.0,retention_bounded_plus_HU,0.0001,c987b1318e20fe8cc28abf40debc2ea1db6e17e61f72f092d3a4599fd1096ada,5627af5c4647ccc11530527faef001be96e39c24b9f9e069c42d39fc1e432260,137,-0.6467880903356672,0.01
3,2,all_strict,wholly_unseen,gh80,beta_half_half,20.0,retention_bounded_plus_HU,0.001,c987b1318e20fe8cc28abf40debc2ea1db6e17e61f72f092d3a4599fd1096ada,b11ed6a562bd1b6f1d7fdbc1c31fa830cddda1c2d45d3d9437f42ca4663d4998,137,-0.6258458452460545,0.01
3,2,all_strict,wholly_unseen,gh80,beta_half_half,20.0,retention_bounded_plus_HU,0.01,c987b1318e20fe8cc28abf40debc2ea1db6e17e61f72f092d3a4599fd1096ada,6a37fabcc6dcf1a0185bd44b856298bcf9a67d1a14394bb01e5e511018c45263,137,-0.5790937100412257,0.01
3,2,all_strict,wholly_unseen,gh80,beta_half_half,20.0,retention_bounded_plus_HU,0.1,c987b1318e20fe8cc28abf40debc2ea1db6e17e61f72f092d3a4599fd1096ada,5ed5544142048a13b504e9a6477db095eab8a562fdd2ff0d32c170b192418a9a,137,-0.590529221888821,0.01
3,0,all_agreeing_offsets,side_informed,laplace,beta_half_half,20.0,retention_bounded,0.0,14d4aa4637a3952a7fd3ce3da18d16eb06dcd853812d80290ec3d67e3b7cdad5,46584a18d8ca9c694ed8afc425d0b1a9748495e441aff312b47b64f93bab01a5,137,-0.3218677756372281,0.01
3,0,all_agreeing_offsets,side_informed,laplace,beta_half_half,20.0,retention_bounded,0.0001,14d4aa4637a3952a7fd3ce3da18d16eb06dcd853812d80290ec3d67e3b7cdad5,aea96da4de6bf6eab989a6b771929099400e66520c3d490077055b84a8b21173,137,-0.3203281642164027,0.01
3,0,all_agreeing_offsets,side_informed,laplace,beta_half_half,20.0,retention_bounded,0.001,14d4aa4637a3952a7fd3ce3da18d16eb06dcd853812d80290ec3d67e3b7cdad5,bfb210d7e71b3e215a5faa7087b0e2a0ba58b181952569bd6c1ccda36462333b,137,-0.31053724498248164,0.01
3,0,all_agreeing_offsets,side_informed,laplace,beta_half_half,20.0,retention_bounded,0.01,14d4aa4637a3952a7fd3ce3da18d16eb06dcd853812d80290ec3d67e3b7cdad5,99858a0b6cfd10f43bcf7eab331152ccbcc840153cb23276d4f673fbc3adb98b,137,-0.2883895778032238,0.01
3,0,all_agreeing_offsets,side_informed,laplace,beta_half_half,20.0,retention_bounded,0.1,14d4aa4637a3952a7fd3ce3da18d16eb06dcd853812d80290ec3d67e3b7cdad5,e122c0068add4bd5204faeb1f9bd64859d65f300d9ff3b113f52b2ffbac23ed3,137,-0.33032565857769464,0.01
3,1,all_agreeing_offsets,side_informed,laplace,beta_half_half,20.0,retention_bounded,0.0,13a079af94e46f97cf9bd78dca9369cc9694a00172361b410848fb0439384c57,373cbf18131a2c49feb514da30388afa6b1e69c03c5c64302979e352b497c4b3,139,-0.3218677756372281,0.01
3,1,all_agreeing_offsets,side_informed,laplace,beta_half_half,20.0,retention_bounded,0.0001,13a079af94e46f97cf9bd78dca9369cc9694a00172361b410848fb0439384c57,11055cd05f9bf5f8d7d654a4f8f245aaccb4ae4a0298644a87bc3054a4ed06fe,139,-0.3203281642164027,0.01
3,1,all_agreeing_offsets,side_informed,laplace,beta_half_half,20.0,retention_bounded,0.001,13a079af94e46f97cf9bd78dca9369cc9694a00172361b410848fb0439384c57,62539ab185dab37c384bc7b63ead86513cf9582986bfe6ee0aa5b55c0a7555b5,139,-0.31053724498248164,0.01
3,1,all_agreeing_offsets,side_informed,laplace,beta_half_half,20.0,retention_bounded,0.01,13a079af94e46f97cf9bd78dca9369cc9694a00172361b410848fb0439384c57,6eadfcb166eaf1ce127acd032833c3ce430b8bc34a11273c9919b72ea2d3d52d,139,-0.2883895778032238,0.01
3,1,all_agreeing_offsets,side_informed,laplace,beta_half_half,20.0,retention_bounded,0.1,13a079af94e46f97cf9bd78dca9369cc9694a00172361b410848fb0439384c57,3e897ef3bf81fdbe88f3211d426d0716c5cdb05233734956b0c652b577ae3a2d,139,-0.33032565857769464,0.01
3,2,all_agreeing_offsets,side_informed,laplace,beta_half_half,20.0,retention_bounded,0.0,c987b1318e20fe8cc28abf40debc2ea1db6e17e61f72f092d3a4599fd1096ada,84d66e80aeaa24daf9f3c320dfa4e5ae686cd9553b0751bceaa6c8bb916d2659,137,-0.3218677756372281,0.01
3,2,all_agreeing_offsets,side_informed,laplace,beta_half_half,20.0,retention_bounded,0.0001,c987b1318e20fe8cc28abf40debc2ea1db6e17e61f72f092d3a4599fd1096ada,a54e1855fc1f456647554a1be07d61bb4effb3719c68e307f3c54bfd27ff1709,137,-0.3203281642164027,0.01
3,2,all_agreeing_offsets,side_informed,laplace,beta_half_half,20.0,retention_bounded,0.001,c987b1318e20fe8cc28abf40debc2ea1db6e17e61f72f092d3a4599fd1096ada,b833c47937937a35d73d3555ce65417835199bdd45538bdc6ed9dea7b3aba29a,137,-0.31053724498248164,0.01
3,2,all_agreeing_offsets,side_informed,laplace,beta_half_half,20.0,retention_bounded,0.01,c987b1318e20fe8cc28abf40debc2ea1db6e17e61f72f092d3a4599fd1096ada,8e3bacff3a994057aef9641e8d198388bf105f50fe8d551630b67d64406000a3,137,-0.2883895778032238,0.01
3,2,all_agreeing_offsets,side_informed,laplace,beta_half_half,20.0,retention_bounded,0.1,c987b1318e20fe8cc28abf40debc2ea1db6e17e61f72f092d3a4599fd1096ada,6eee1af296fc8e0cff335fa674cf9c467b82edd520f074c7d18b6fbc61d7785a,137,-0.33032565857769464,0.01
3,0,all_agreeing_offsets,side_informed,laplace,beta_half_half,20.0,retention_nonnegative,0.0,14d4aa4637a3952a7fd3ce3da18d16eb06dcd853812d80290ec3d67e3b7cdad5,e8774de6f4e564c5e6b12f159f66f20a39c3affb45105661c0f94a49c78f7122,137,-0.3218677733742766,0.001
3,0,all_agreeing_offsets,side_informed,laplace,beta_half_half,20.0,retention_nonnegative,0.0001,14d4aa4637a3952a7fd3ce3da18d16eb06dcd853812d80290ec3d67e3b7cdad5,9a571bc66c7925ccdd0d9b7b5644df7b0ef3903f615db6cc3de7d09c0c07a06e,137,-0.3185005862964124,0.001
3,0,all_agreeing_offsets,side_informed,laplace,beta_half_half,20.0,retention_nonnegative,0.001,14d4aa4637a3952a7fd3ce3da18d16eb06dcd853812d80290ec3d67e3b7cdad5,db235897f9ee66628bd393774779bb68024395594843345358aa617204badfbc,137,-0.30888074333248566,0.001
3,0,all_agreeing_offsets,side_informed,laplace,beta_half_half,20.0,retention_nonnegative,0.01,14d4aa4637a3952a7fd3ce3da18d16eb06dcd853812d80290ec3d67e3b7cdad5,4614958c217d6ea4623fa3c76de372a8fb62fbdd7f4be294c06f35867ef5ef34,137,-0.3188119061111591,0.001
3,0,all_agreeing_offsets,side_informed,laplace,beta_half_half,20.0,retention_nonnegative,0.1,14d4aa4637a3952a7fd3ce3da18d16eb06dcd853812d80290ec3d67e3b7cdad5,5d55d784bd2d350055453893083348fa5d213378c66c6410cf70d89ab1c6642e,137,-0.39423084887915716,0.001
3,1,all_agreeing_offsets,side_informed,laplace,beta_half_half,20.0,retention_nonnegative,0.0,13a079af94e46f97cf9bd78dca9369cc9694a00172361b410848fb0439384c57,da1e56056ebc55aa1b052f14463d5642d1ea4de2cbf58899e86f937d8393adc9,139,-0.3218677733742766,0.001
3,1,all_agreeing_offsets,side_informed,laplace,beta_half_half,20.0,retention_nonnegative,0.0001,13a079af94e46f97cf9bd78dca9369cc9694a00172361b410848fb0439384c57,2f076402373809b47f01082582e780ad9d579a60f3b9bebb375556029e76d316,139,-0.3185005862964124,0.001
3,1,all_agreeing_offsets,side_informed,laplace,beta_half_half,20.0,retention_nonnegative,0.001,13a079af94e46f97cf9bd78dca9369cc9694a00172361b410848fb0439384c57,bbe605d1b9e44641a3878308052dc9de85ea3536eaad6824b8cadcfc39bd0b66,139,-0.30888074333248566,0.001
3,1,all_agreeing_offsets,side_informed,laplace,beta_half_half,20.0,retention_nonnegative,0.01,13a079af94e46f97cf9bd78dca9369cc9694a00172361b410848fb0439384c57,039d21d088d6e319f4eacc7a4891416483b46725ae15f6d918640fa6a1c69f95,139,-0.3188119061111591,0.001
3,1,all_agreeing_offsets,side_informed,laplace,beta_half_half,20.0,retention_nonnegative,0.1,13a079af94e46f97cf9bd78dca9369cc9694a00172361b410848fb0439384c57,86ba25239a43115565feb1cdbcfec0785a2a43c3730e0ed2cbc30227db9b8d05,139,-0.39423084887915716,0.001
3,2,all_agreeing_offsets,side_informed,laplace,beta_half_half,20.0,retention_nonnegative,0.0,c987b1318e20fe8cc28abf40debc2ea1db6e17e61f72f092d3a4599fd1096ada,85f5006d66fba9680e9bf044acdb785171eefd671c68557e5a1fe5bc7a3e3f37,137,-0.3218677733742766,0.001
3,2,all_agreeing_offsets,side_informed,laplace,beta_half_half,20.0,retention_nonnegative,0.0001,c987b1318e20fe8cc28abf40debc2ea1db6e17e61f72f092d3a4599fd1096ada,ddf81c947c7c71c494c89eea7cf6971d60abdf829dc7692bb711f1c1af1f870a,137,-0.3185005862964124,0.001
3,2,all_agreeing_offsets,side_informed,laplace,beta_half_half,20.0,retention_nonnegative,0.001,c987b1318e20fe8cc28abf40debc2ea1db6e17e61f72f092d3a4599fd1096ada,34f67fd50aedf2c36a6eb4fbd63fb6576cc23631866419caecfe3ceee3d34ee3,137,-0.30888074333248566,0.001
3,2,all_agreeing_offsets,side_informed,laplace,beta_half_half,20.0,retention_nonnegative,0.01,c987b1318e20fe8cc28abf40debc2ea1db6e17e61f72f092d3a4599fd1096ada,526b1add6bbe0a01c63107b6872521467dea459f2d4f5e74c057c06c2d6edfec,137,-0.3188119061111591,0.001
3,2,all_agreeing_offsets,side_informed,laplace,beta_half_half,20.0,retention_nonnegative,0.1,c987b1318e20fe8cc28abf40debc2ea1db6e17e61f72f092d3a4599fd1096ada,a046efd99208f01ac554fb49459cf2978f2ab275330b48eb6fde2e5ac88da238,137,-0.39423084887915716,0.001
3,0,all_agreeing_offsets,side_informed,laplace,beta_half_half,20.0,current_only,0.0,14d4aa4637a3952a7fd3ce3da18d16eb06dcd853812d80290ec3d67e3b7cdad5,e56350f9b1171625b4797406a81b3b6924207d0b455782fb421be0d8b80013c3,137,-0.6102399479244295,0.1
3,0,all_agreeing_offsets,side_informed,laplace,beta_half_half,20.0,current_only,0.0001,14d4aa4637a3952a7fd3ce3da18d16eb06dcd853812d80290ec3d67e3b7cdad5,a6cdeeef34701b440e9526252ebe8400c519ecce7cc1ba82689faf5d61b3919e,137,-0.609465690592278,0.1
3,0,all_agreeing_offsets,side_informed,laplace,beta_half_half,20.0,current_only,0.001,14d4aa4637a3952a7fd3ce3da18d16eb06dcd853812d80290ec3d67e3b7cdad5,7e57bc2ce90cb7323952ddef1a34fffb8446da0566cb94dacdcbfc097fe3006b,137,-0.6030468501251591,0.1
3,0,all_agreeing_offsets,side_informed,laplace,beta_half_half,20.0,current_only,0.01,14d4aa4637a3952a7fd3ce3da18d16eb06dcd853812d80290ec3d67e3b7cdad5,6e48b261997d04d81b7f78057e9fb5c8e1c681fde8944ef6351ace944d200a3c,137,-0.5663924909323917,0.1
3,0,all_agreeing_offsets,side_informed,laplace,beta_half_half,20.0,current_only,0.1,14d4aa4637a3952a7fd3ce3da18d16eb06dcd853812d80290ec3d67e3b7cdad5,2218a36eb1e44f7e457d64b852e38c2d2a2cd5d07fa4ee4d0eb13a94d3b10a1c,137,-0.5382834915460316,0.1
3,1,all_agreeing_offsets,side_informed,laplace,beta_half_half,20.0,current_only,0.0,13a079af94e46f97cf9bd78dca9369cc9694a00172361b410848fb0439384c57,5fb7a3e71dd38aa06ffafc8f1d7d2b22dce7b851b5759055f0996750ec7fdb40,139,-0.6102399479244295,0.1
3,1,all_agreeing_offsets,side_informed,laplace,beta_half_half,20.0,current_only,0.0001,13a079af94e46f97cf9bd78dca9369cc9694a00172361b410848fb0439384c57,0a90a7949bbae2b658a11153c40c4abb31f63ba495738140d370c7c5f8d4a662,139,-0.609465690592278,0.1
3,1,all_agreeing_offsets,side_informed,laplace,beta_half_half,20.0,current_only,0.001,13a079af94e46f97cf9bd78dca9369cc9694a00172361b410848fb0439384c57,729dc6eaee49a2fe396f87d0e5d0174cfd0207218afa292d2c9995a50793226e,139,-0.6030468501251591,0.1
3,1,all_agreeing_offsets,side_informed,laplace,beta_half_half,20.0,current_only,0.01,13a079af94e46f97cf9bd78dca9369cc9694a00172361b410848fb0439384c57,b0a809d860808e271432c72d1f84e55a6a4ff42caf777eda83ea5146ba097812,139,-0.5663924909323917,0.1
3,1,all_agreeing_offsets,side_informed,laplace,beta_half_half,20.0,current_only,0.1,13a079af94e46f97cf9bd78dca9369cc9694a00172361b410848fb0439384c57,047860ced19d0fca9a61e65627a03528403a616eb2056aea46d79a9e03cea5bb,139,-0.5382834915460316,0.1
3,2,all_agreeing_offsets,side_informed,laplace,beta_half_half,20.0,current_only,0.0,c987b1318e20fe8cc28abf40debc2ea1db6e17e61f72f092d3a4599fd1096ada,c2893bbe29d69bca1d394f41119043418af27b4227f59180fee311206388946b,137,-0.6102399479244295,0.1
3,2,all_agreeing_offsets,side_informed,laplace,beta_half_half,20.0,current_only,0.0001,c987b1318e20fe8cc28abf40debc2ea1db6e17e61f72f092d3a4599fd1096ada,c21b88e6118e943c9b04add45bcabc0a4c061e9fb285981417f1382c054e7346,137,-0.609465690592278,0.1
3,2,all_agreeing_offsets,side_informed,laplace,beta_half_half,20.0,current_only,0.001,c987b1318e20fe8cc28abf40debc2ea1db6e17e61f72f092d3a4599fd1096ada,ae4545cfff732bdc3018f58c01ceabc128f0b6e45d2de85ae58f6eaca3fe665f,137,-0.6030468501251591,0.1
3,2,all_agreeing_offsets,side_informed,laplace,beta_half_half,20.0,current_only,0.01,c987b1318e20fe8cc28abf40debc2ea1db6e17e61f72f092d3a4599fd1096ada,d1f354dead4b30ffe4b3dd6dd4005c29c72102d5c1ddbe2fc99cade662174eb5,137,-0.5663924909323917,0.1
3,2,all_agreeing_offsets,side_informed,laplace,beta_half_half,20.0,current_only,0.1,c987b1318e20fe8cc28abf40debc2ea1db6e17e61f72f092d3a4599fd1096ada,43f9a1df9010bccbf390bd52855528c3f4dcbb512e6a8f82c5ba0aba648c303e,137,-0.5382834915460316,0.1
3,0,all_agreeing_offsets,side_informed,laplace,beta_half_half,20.0,input_plus_surface,0.0,14d4aa4637a3952a7fd3ce3da18d16eb06dcd853812d80290ec3d67e3b7cdad5,7a1da6c508bcb7a079a87e795bd9ebb184025a67556f8f0742318409519b74ff,137,-0.31256947720818956,0.01
3,0,all_agreeing_offsets,side_informed,laplace,beta_half_half,20.0,input_plus_surface,0.0001,14d4aa4637a3952a7fd3ce3da18d16eb06dcd853812d80290ec3d67e3b7cdad5,796a6067c4309f628e67d8fe4af09ad7db2d5cdead2aaa6b8422d1948745b0d0,137,-0.3100025126739189,0.01
3,0,all_agreeing_offsets,side_informed,laplace,beta_half_half,20.0,input_plus_surface,0.001,14d4aa4637a3952a7fd3ce3da18d16eb06dcd853812d80290ec3d67e3b7cdad5,1575cd7303d830871190338a103dc4f6ca51f2da4975fb3be01abe81effb622c,137,-0.2976608264659218,0.01
3,0,all_agreeing_offsets,side_informed,laplace,beta_half_half,20.0,input_plus_surface,0.01,14d4aa4637a3952a7fd3ce3da18d16eb06dcd853812d80290ec3d67e3b7cdad5,8b63083bf32e1dcbc67c465318f64c4d14d71fec9fcff295682425c1ae90f9ef,137,-0.28249900466067035,0.01
3,0,all_agreeing_offsets,side_informed,laplace,beta_half_half,20.0,input_plus_surface,0.1,14d4aa4637a3952a7fd3ce3da18d16eb06dcd853812d80290ec3d67e3b7cdad5,374a8c574cfee56b611f637b5e9a9ca1ba922f59c6c9b05ac7f366b1e5b6e032,137,-0.34817122551156937,0.01
3,1,all_agreeing_offsets,side_informed,laplace,beta_half_half,20.0,input_plus_surface,0.0,13a079af94e46f97cf9bd78dca9369cc9694a00172361b410848fb0439384c57,c954376d6afdac0fdfefb3c8b05ac556e149cb5da2e216aa134909b2a131844b,139,-0.31256947720818956,0.01
3,1,all_agreeing_offsets,side_informed,laplace,beta_half_half,20.0,input_plus_surface,0.0001,13a079af94e46f97cf9bd78dca9369cc9694a00172361b410848fb0439384c57,fe1334edb1f9dc4be493525cbb677d1632aa5766d5a2cc5a42263dcb726c9011,139,-0.3100025126739189,0.01
3,1,all_agreeing_offsets,side_informed,laplace,beta_half_half,20.0,input_plus_surface,0.001,13a079af94e46f97cf9bd78dca9369cc9694a00172361b410848fb0439384c57,9e9a3ec27e450256f9364ddc5423fe2a76697a840fb29c8a93b6ad46d461bfc5,139,-0.2976608264659218,0.01
3,1,all_agreeing_offsets,side_informed,laplace,beta_half_half,20.0,input_plus_surface,0.01,13a079af94e46f97cf9bd78dca9369cc9694a00172361b410848fb0439384c57,84502c1f9b4f7ca525a6cc511327dacf6ea4b7e240d96d861157abac5da003db,139,-0.28249900466067035,0.01
3,1,all_agreeing_offsets,side_informed,laplace,beta_half_half,20.0,input_plus_surface,0.1,13a079af94e46f97cf9bd78dca9369cc9694a00172361b410848fb0439384c57,58de70f8f94269c4f7b0f7571df53100a00eac0200df7e74047b61e43365202a,139,-0.34817122551156937,0.01
3,2,all_agreeing_offsets,side_informed,laplace,beta_half_half,20.0,input_plus_surface,0.0,c987b1318e20fe8cc28abf40debc2ea1db6e17e61f72f092d3a4599fd1096ada,c844bc092cb836f57fb11235d370fc0ff022821279ec20af824fbffff6427c9a,137,-0.31256947720818956,0.01
3,2,all_agreeing_offsets,side_informed,laplace,beta_half_half,20.0,input_plus_surface,0.0001,c987b1318e20fe8cc28abf40debc2ea1db6e17e61f72f092d3a4599fd1096ada,58372f54d1bc33e460eb5f17a8acd6aaef40b0c7cdc144b47a8801880672e94b,137,-0.3100025126739189,0.01
3,2,all_agreeing_offsets,side_informed,laplace,beta_half_half,20.0,input_plus_surface,0.001,c987b1318e20fe8cc28abf40debc2ea1db6e17e61f72f092d3a4599fd1096ada,eb6e174a17a26b06ad502360677522197dc3f821a1876f223ac2f49677c60a32,137,-0.2976608264659218,0.01
3,2,all_agreeing_offsets,side_informed,laplace,beta_half_half,20.0,input_plus_surface,0.01,c987b1318e20fe8cc28abf40debc2ea1db6e17e61f72f092d3a4599fd1096ada,a0dabd16a805d34fb7d8d377efa4927c2890fcf2d7816e1f67072c8a06b91ca2,137,-0.28249900466067035,0.01
3,2,all_agreeing_offsets,side_informed,laplace,beta_half_half,20.0,input_plus_surface,0.1,c987b1318e20fe8cc28abf40debc2ea1db6e17e61f72f092d3a4599fd1096ada,dca34a46a04efc0868bf184e18cfb48056969bf36f015a6fe3279758122b6291,137,-0.34817122551156937,0.01
3,0,all_agreeing_offsets,side_informed,laplace,beta_half_half,20.0,HU_plus_surface,0.0,14d4aa4637a3952a7fd3ce3da18d16eb06dcd853812d80290ec3d67e3b7cdad5,1a5a3a9fa8e9a4628f61a4dba21d6a9a1c4cf85404f4d6daca162a8ba33f0dca,137,-0.29043632273270453,0.01
3,0,all_agreeing_offsets,side_informed,laplace,beta_half_half,20.0,HU_plus_surface,0.0001,14d4aa4637a3952a7fd3ce3da18d16eb06dcd853812d80290ec3d67e3b7cdad5,6eb063ddf59de3b31c7aadc5939214d6acacd582bca880b858c398860b72dfef,137,-0.2881126378666485,0.01
3,0,all_agreeing_offsets,side_informed,laplace,beta_half_half,20.0,HU_plus_surface,0.001,14d4aa4637a3952a7fd3ce3da18d16eb06dcd853812d80290ec3d67e3b7cdad5,c257d0276702de2f34197e4f15aaf26d7ec28336a5246c215ba1f57cef3e18a9,137,-0.2770089221683398,0.01
3,0,all_agreeing_offsets,side_informed,laplace,beta_half_half,20.0,HU_plus_surface,0.01,14d4aa4637a3952a7fd3ce3da18d16eb06dcd853812d80290ec3d67e3b7cdad5,02b5c6cbaf60f26a9124172ae83932a565b722518dbda046c003d11c4fd3bd4f,137,-0.2660810178646073,0.01
3,0,all_agreeing_offsets,side_informed,laplace,beta_half_half,20.0,HU_plus_surface,0.1,14d4aa4637a3952a7fd3ce3da18d16eb06dcd853812d80290ec3d67e3b7cdad5,6e8b21e8290cee863995856791e5501efac19942db2467c4802ff64af96c6bf9,137,-0.33925780863832367,0.01
3,1,all_agreeing_offsets,side_informed,laplace,beta_half_half,20.0,HU_plus_surface,0.0,13a079af94e46f97cf9bd78dca9369cc9694a00172361b410848fb0439384c57,61c92a570604e5af9f649e77dd1290df2322eb171e69d5f74d06c297c5e1eb19,139,-0.29043632273270453,0.01
3,1,all_agreeing_offsets,side_informed,laplace,beta_half_half,20.0,HU_plus_surface,0.0001,13a079af94e46f97cf9bd78dca9369cc9694a00172361b410848fb0439384c57,dc0b6fe779741fb5a080d3b69e02ceca573087877ffb12015c5fbbe776b61c8b,139,-0.2881126378666485,0.01
3,1,all_agreeing_offsets,side_informed,laplace,beta_half_half,20.0,HU_plus_surface,0.001,13a079af94e46f97cf9bd78dca9369cc9694a00172361b410848fb0439384c57,79e0441db18382683585d58a676bb33bde20833d668df85bac0ce323adcd077f,139,-0.2770089221683398,0.01
3,1,all_agreeing_offsets,side_informed,laplace,beta_half_half,20.0,HU_plus_surface,0.01,13a079af94e46f97cf9bd78dca9369cc9694a00172361b410848fb0439384c57,6ce09ccdc345a3c275ff72ac86bc09a64e10efaa8e6de8f29536e9492a23746e,139,-0.2660810178646073,0.01
3,1,all_agreeing_offsets,side_informed,laplace,beta_half_half,20.0,HU_plus_surface,0.1,13a079af94e46f97cf9bd78dca9369cc9694a00172361b410848fb0439384c57,20a73a79bf4eec5f6aa609f1c5017b181b10455a83f9731530566fd15a6605e1,139,-0.33925780863832367,0.01
3,2,all_agreeing_offsets,side_informed,laplace,beta_half_half,20.0,HU_plus_surface,0.0,c987b1318e20fe8cc28abf40debc2ea1db6e17e61f72f092d3a4599fd1096ada,72e1befe1e5a5e7fa37f739a4d4346284d515734e116b12f904204287527a2ee,137,-0.29043632273270453,0.01
3,2,all_agreeing_offsets,side_informed,laplace,beta_half_half,20.0,HU_plus_surface,0.0001,c987b1318e20fe8cc28abf40debc2ea1db6e17e61f72f092d3a4599fd1096ada,f5e0838d2e40cd4608141d94a467f8d93c73c00b7b0fb62c23ca683cf45e1720,137,-0.2881126378666485,0.01
3,2,all_agreeing_offsets,side_informed,laplace,beta_half_half,20.0,HU_plus_surface,0.001,c987b1318e20fe8cc28abf40debc2ea1db6e17e61f72f092d3a4599fd1096ada,948cd6b66c48d6d2adf60194fd43e6ce3b37df021b93e2a5f845a32d0ec3c102,137,-0.2770089221683398,0.01
3,2,all_agreeing_offsets,side_informed,laplace,beta_half_half,20.0,HU_plus_surface,0.01,c987b1318e20fe8cc28abf40debc2ea1db6e17e61f72f092d3a4599fd1096ada,1be1dc99ee9968ac230794801a056a87a77028cca336b09bd8fdd2758af1c943,137,-0.2660810178646073,0.01
3,2,all_agreeing_offsets,side_informed,laplace,beta_half_half,20.0,HU_plus_surface,0.1,c987b1318e20fe8cc28abf40debc2ea1db6e17e61f72f092d3a4599fd1096ada,c2b6cbab1520ca5a770311650b4739aea551381fedde0db8192bfe6e29fe712f,137,-0.33925780863832367,0.01
3,0,all_agreeing_offsets,side_informed,laplace,beta_half_half,20.0,retention_bounded_plus_HU,0.0,14d4aa4637a3952a7fd3ce3da18d16eb06dcd853812d80290ec3d67e3b7cdad5,c5ae94e2881bac9fc9cce6b98d210af461fb1b1675c58425d3d6af80b24c3105,137,-0.2864756025260407,0.01
3,0,all_agreeing_offsets,side_informed,laplace,beta_half_half,20.0,retention_bounded_plus_HU,0.0001,14d4aa4637a3952a7fd3ce3da18d16eb06dcd853812d80290ec3d67e3b7cdad5,46e6ec85531d49a31c34dc3d73352a0787a4cd61a8ca1d4d85ec29ec4e9d7016,137,-0.2857508323605905,0.01
3,0,all_agreeing_offsets,side_informed,laplace,beta_half_half,20.0,retention_bounded_plus_HU,0.001,14d4aa4637a3952a7fd3ce3da18d16eb06dcd853812d80290ec3d67e3b7cdad5,db04b2fac92c376419eca7f6752b8d737dbc5389c909117d97a50463413e4e4d,137,-0.28184144022201046,0.01
3,0,all_agreeing_offsets,side_informed,laplace,beta_half_half,20.0,retention_bounded_plus_HU,0.01,14d4aa4637a3952a7fd3ce3da18d16eb06dcd853812d80290ec3d67e3b7cdad5,959a7ec8d5e0a8380068de48c227721831cd76c6095dfb4104262297ab02a8fb,137,-0.27126835087782203,0.01
3,0,all_agreeing_offsets,side_informed,laplace,beta_half_half,20.0,retention_bounded_plus_HU,0.1,14d4aa4637a3952a7fd3ce3da18d16eb06dcd853812d80290ec3d67e3b7cdad5,af261064093369a744412aa54fc3b1c70495a999f102e32e368c56c891a339e3,137,-0.29985365164362016,0.01
3,1,all_agreeing_offsets,side_informed,laplace,beta_half_half,20.0,retention_bounded_plus_HU,0.0,13a079af94e46f97cf9bd78dca9369cc9694a00172361b410848fb0439384c57,1bf5e15b8f4abf53edda3f717fd08ee0308b62475fb84d592f87d11d1f476df4,139,-0.2864756025260407,0.01
3,1,all_agreeing_offsets,side_informed,laplace,beta_half_half,20.0,retention_bounded_plus_HU,0.0001,13a079af94e46f97cf9bd78dca9369cc9694a00172361b410848fb0439384c57,b3dccfcf2d0a5535296f62e560213e2fcc55938487f02cddb10323ce3707bb22,139,-0.2857508323605905,0.01
3,1,all_agreeing_offsets,side_informed,laplace,beta_half_half,20.0,retention_bounded_plus_HU,0.001,13a079af94e46f97cf9bd78dca9369cc9694a00172361b410848fb0439384c57,0bc295805f183562a8f5a57cc4ca4c2d22c7bcc675f9d5e7f3c368e3ec4133be,139,-0.28184144022201046,0.01
3,1,all_agreeing_offsets,side_informed,laplace,beta_half_half,20.0,retention_bounded_plus_HU,0.01,13a079af94e46f97cf9bd78dca9369cc9694a00172361b410848fb0439384c57,9c3a99e76b02b36d11247687133ab11195156626dd7939729c2e335c6a8b98b7,139,-0.27126835087782203,0.01
3,1,all_agreeing_offsets,side_informed,laplace,beta_half_half,20.0,retention_bounded_plus_HU,0.1,13a079af94e46f97cf9bd78dca9369cc9694a00172361b410848fb0439384c57,0768d3e32426572d2e686d3179d9da745e5a8323788814b114922e948eb4773b,139,-0.29985365164362016,0.01
3,2,all_agreeing_offsets,side_informed,laplace,beta_half_half,20.0,retention_bounded_plus_HU,0.0,c987b1318e20fe8cc28abf40debc2ea1db6e17e61f72f092d3a4599fd1096ada,1fcb7f25572323ea0c430863195a7ff230f73bd31e630b3ad01cbf304911adf3,137,-0.2864756025260407,0.01
3,2,all_agreeing_offsets,side_informed,laplace,beta_half_half,20.0,retention_bounded_plus_HU,0.0001,c987b1318e20fe8cc28abf40debc2ea1db6e17e61f72f092d3a4599fd1096ada,eba6b56fa027fe58d915f179b91025b0e8978399796ef7ae6da3ee0d496535ff,137,-0.2857508323605905,0.01
3,2,all_agreeing_offsets,side_informed,laplace,beta_half_half,20.0,retention_bounded_plus_HU,0.001,c987b1318e20fe8cc28abf40debc2ea1db6e17e61f72f092d3a4599fd1096ada,0a6838344d50a66d751253e1a7cf064bf57e227a77e7933e1ba53c51a3f09208,137,-0.28184144022201046,0.01
3,2,all_agreeing_offsets,side_informed,laplace,beta_half_half,20.0,retention_bounded_plus_HU,0.01,c987b1318e20fe8cc28abf40debc2ea1db6e17e61f72f092d3a4599fd1096ada,09fb1af767d25786052cf86239f35d16a82f81675ee000cfc09dff791eb53435,137,-0.27126835087782203,0.01
3,2,all_agreeing_offsets,side_informed,laplace,beta_half_half,20.0,retention_bounded_plus_HU,0.1,c987b1318e20fe8cc28abf40debc2ea1db6e17e61f72f092d3a4599fd1096ada,605786bcda196649decd51e7e375ec40f2e319bd5064dc3701c766e32e452426,137,-0.29985365164362016,0.01
3,0,all_agreeing_offsets,side_informed,gh80,beta_half_half,20.0,HU_plus_surface,0.0,14d4aa4637a3952a7fd3ce3da18d16eb06dcd853812d80290ec3d67e3b7cdad5,f07d0fce5c8cc3f61cd86e8006f507ccd030f545675e9145b521575cf1217bd0,137,-0.29292752280965617,0.01
3,0,all_agreeing_offsets,side_informed,gh80,beta_half_half,20.0,HU_plus_surface,0.0001,14d4aa4637a3952a7fd3ce3da18d16eb06dcd853812d80290ec3d67e3b7cdad5,0460a25564dd2b7f886c2251909583ec9389c5a5d20ba0787c6f0fb9210569e3,137,-0.2905121243080381,0.01
3,0,all_agreeing_offsets,side_informed,gh80,beta_half_half,20.0,HU_plus_surface,0.001,14d4aa4637a3952a7fd3ce3da18d16eb06dcd853812d80290ec3d67e3b7cdad5,82cb8899ea830468d9c839ba9cb4dc5c9a520444e0777ee257ccfd5cecc2e575,137,-0.2788173812723033,0.01
3,0,all_agreeing_offsets,side_informed,gh80,beta_half_half,20.0,HU_plus_surface,0.01,14d4aa4637a3952a7fd3ce3da18d16eb06dcd853812d80290ec3d67e3b7cdad5,fa53c3ecabfc9a0254da4d73f000c9d03779c4eae294282712cfdfdd9a18dd7c,137,-0.2673192889641055,0.01
3,0,all_agreeing_offsets,side_informed,gh80,beta_half_half,20.0,HU_plus_surface,0.1,14d4aa4637a3952a7fd3ce3da18d16eb06dcd853812d80290ec3d67e3b7cdad5,754ba2764a49ec7a42656624c0ce200804b7edd538eb152014aaaeede37166f4,137,-0.34055589897413385,0.01
3,1,all_agreeing_offsets,side_informed,gh80,beta_half_half,20.0,HU_plus_surface,0.0,13a079af94e46f97cf9bd78dca9369cc9694a00172361b410848fb0439384c57,bf58adf5eac6b1145674e24d30d9bbbc5822ddaf1fa64bfb2150db6c153acea0,139,-0.29292752280965617,0.01
3,1,all_agreeing_offsets,side_informed,gh80,beta_half_half,20.0,HU_plus_surface,0.0001,13a079af94e46f97cf9bd78dca9369cc9694a00172361b410848fb0439384c57,d5a204ffc1c865962e5c6d68d9cda83f2af2750f1aa0e699f8f1eab0a0dcfb07,139,-0.2905121243080381,0.01
3,1,all_agreeing_offsets,side_informed,gh80,beta_half_half,20.0,HU_plus_surface,0.001,13a079af94e46f97cf9bd78dca9369cc9694a00172361b410848fb0439384c57,532ef41087c1376810e758e47ff801fc31e1bb3c876db4f6394148288d2cd27b,139,-0.2788173812723033,0.01
3,1,all_agreeing_offsets,side_informed,gh80,beta_half_half,20.0,HU_plus_surface,0.01,13a079af94e46f97cf9bd78dca9369cc9694a00172361b410848fb0439384c57,c5850fd0afc115ec6e27f9c1a1ef9ff3697287325584cf4e6e1fc01828636093,139,-0.2673192889641055,0.01
3,1,all_agreeing_offsets,side_informed,gh80,beta_half_half,20.0,HU_plus_surface,0.1,13a079af94e46f97cf9bd78dca9369cc9694a00172361b410848fb0439384c57,1f30f5e98e44956289f776422fe2243e2b4dbc4ef1279b5dbdb2173b237abc4b,139,-0.34055589897413385,0.01
3,2,all_agreeing_offsets,side_informed,gh80,beta_half_half,20.0,HU_plus_surface,0.0,c987b1318e20fe8cc28abf40debc2ea1db6e17e61f72f092d3a4599fd1096ada,72a9867979df174a2fe809e8b70f1faf48c3eb7389a4c798161dc6879a81a062,137,-0.29292752280965617,0.01
3,2,all_agreeing_offsets,side_informed,gh80,beta_half_half,20.0,HU_plus_surface,0.0001,c987b1318e20fe8cc28abf40debc2ea1db6e17e61f72f092d3a4599fd1096ada,fb38d94a89edb0add6999407a8a0cb8fbf3e2a778edbac378b501418e51a4889,137,-0.2905121243080381,0.01
3,2,all_agreeing_offsets,side_informed,gh80,beta_half_half,20.0,HU_plus_surface,0.001,c987b1318e20fe8cc28abf40debc2ea1db6e17e61f72f092d3a4599fd1096ada,729f28781b553e6e4ccd82c64e1f561d7e617740db79634452948cee2f68e3ef,137,-0.2788173812723033,0.01
3,2,all_agreeing_offsets,side_informed,gh80,beta_half_half,20.0,HU_plus_surface,0.01,c987b1318e20fe8cc28abf40debc2ea1db6e17e61f72f092d3a4599fd1096ada,1a65b83e19dfb9a743e05b170612fb546eacd687b1dcd4095542b87474bf1f75,137,-0.2673192889641055,0.01
3,2,all_agreeing_offsets,side_informed,gh80,beta_half_half,20.0,HU_plus_surface,0.1,c987b1318e20fe8cc28abf40debc2ea1db6e17e61f72f092d3a4599fd1096ada,34a2b8b7b2c32eefdcbef28c7b5ba292bf2983c69a5d29759756a3a4d4a945d7,137,-0.34055589897413385,0.01
3,0,all_agreeing_offsets,side_informed,gh80,beta_half_half,20.0,retention_bounded_plus_HU,0.0,14d4aa4637a3952a7fd3ce3da18d16eb06dcd853812d80290ec3d67e3b7cdad5,e1d242dd2ac5c4fecced1522a4d399def552e1e9e0cddb7c0bb2845da163c36d,137,-0.2918779842102804,0.01
3,0,all_agreeing_offsets,side_informed,gh80,beta_half_half,20.0,retention_bounded_plus_HU,0.0001,14d4aa4637a3952a7fd3ce3da18d16eb06dcd853812d80290ec3d67e3b7cdad5,e78bcf755389edfb8863d8bcc39ac841e5f66317ccd3a715aab66dedb8a0fd79,137,-0.2909065226103031,0.01
3,0,all_agreeing_offsets,side_informed,gh80,beta_half_half,20.0,retention_bounded_plus_HU,0.001,14d4aa4637a3952a7fd3ce3da18d16eb06dcd853812d80290ec3d67e3b7cdad5,391d6e967757f30c8d311b8504759ef8ff7308ca4c527977a3a39371fa283c4e,137,-0.28655427267156486,0.01
3,0,all_agreeing_offsets,side_informed,gh80,beta_half_half,20.0,retention_bounded_plus_HU,0.01,14d4aa4637a3952a7fd3ce3da18d16eb06dcd853812d80290ec3d67e3b7cdad5,96019c56134c0319fbe928b4f8e85438be10be2d32d61dbdc3ee9ea34ce56abc,137,-0.27492629638142146,0.01
3,0,all_agreeing_offsets,side_informed,gh80,beta_half_half,20.0,retention_bounded_plus_HU,0.1,14d4aa4637a3952a7fd3ce3da18d16eb06dcd853812d80290ec3d67e3b7cdad5,3cb3eaf7ffb3c5f9577d89a697072a71193a354ee0be79ea45b2e3d29f5c3aef,137,-0.30183405219166437,0.01
3,1,all_agreeing_offsets,side_informed,gh80,beta_half_half,20.0,retention_bounded_plus_HU,0.0,13a079af94e46f97cf9bd78dca9369cc9694a00172361b410848fb0439384c57,5ba35c8614a032c021e0868d0a9f8e045f1fa3ae3ed5982067b991d971915c62,139,-0.2918779842102804,0.01
3,1,all_agreeing_offsets,side_informed,gh80,beta_half_half,20.0,retention_bounded_plus_HU,0.0001,13a079af94e46f97cf9bd78dca9369cc9694a00172361b410848fb0439384c57,c50f11bf7dad71e2ce9c5e33bd8f738d99cbbf95fd14f95408e60836a27197bf,139,-0.2909065226103031,0.01
3,1,all_agreeing_offsets,side_informed,gh80,beta_half_half,20.0,retention_bounded_plus_HU,0.001,13a079af94e46f97cf9bd78dca9369cc9694a00172361b410848fb0439384c57,24e6579d38477ba1853702b72731347d0689c63b0ec093099686e6d9749b7319,139,-0.28655427267156486,0.01
3,1,all_agreeing_offsets,side_informed,gh80,beta_half_half,20.0,retention_bounded_plus_HU,0.01,13a079af94e46f97cf9bd78dca9369cc9694a00172361b410848fb0439384c57,cc1941518a5474c60b32c1899b4614d926d78afb8a3e04f553781457da941d7b,139,-0.27492629638142146,0.01
3,1,all_agreeing_offsets,side_informed,gh80,beta_half_half,20.0,retention_bounded_plus_HU,0.1,13a079af94e46f97cf9bd78dca9369cc9694a00172361b410848fb0439384c57,8d734f414b3aa2bac1c81583b582393e5971ce738b34b9124ac242d44f12bedd,139,-0.30183405219166437,0.01
3,2,all_agreeing_offsets,side_informed,gh80,beta_half_half,20.0,retention_bounded_plus_HU,0.0,c987b1318e20fe8cc28abf40debc2ea1db6e17e61f72f092d3a4599fd1096ada,9e039250ad5ea75ff1a26e14aea8c3930647d2a1d0dabcb26324e14033a50933,137,-0.2918779842102804,0.01
3,2,all_agreeing_offsets,side_informed,gh80,beta_half_half,20.0,retention_bounded_plus_HU,0.0001,c987b1318e20fe8cc28abf40debc2ea1db6e17e61f72f092d3a4599fd1096ada,280ed671c5abf7f09d98ec57825fca61b2949ccb10c1c13c54a21d8eb5dea589,137,-0.2909065226103031,0.01
3,2,all_agreeing_offsets,side_informed,gh80,beta_half_half,20.0,retention_bounded_plus_HU,0.001,c987b1318e20fe8cc28abf40debc2ea1db6e17e61f72f092d3a4599fd1096ada,2c5e1640238ce4f71c960ff8441f3d95f56d0bb38c0d420371e7a534cf441c24,137,-0.28655427267156486,0.01
3,2,all_agreeing_offsets,side_informed,gh80,beta_half_half,20.0,retention_bounded_plus_HU,0.01,c987b1318e20fe8cc28abf40debc2ea1db6e17e61f72f092d3a4599fd1096ada,00770fb2ce9cb4ad7c43db46215e800ef1149a6668ed2aa8136ea436ad77517a,137,-0.27492629638142146,0.01
3,2,all_agreeing_offsets,side_informed,gh80,beta_half_half,20.0,retention_bounded_plus_HU,0.1,c987b1318e20fe8cc28abf40debc2ea1db6e17e61f72f092d3a4599fd1096ada,aa36525cd0d9bd661b1ed4036fdceeb989a55758dc1f54d528b63d2c2913a974,137,-0.30183405219166437,0.01
3,0,all_agreeing_offsets,wholly_unseen,laplace,beta_half_half,20.0,retention_bounded,0.0,14d4aa4637a3952a7fd3ce3da18d16eb06dcd853812d80290ec3d67e3b7cdad5,46584a18d8ca9c694ed8afc425d0b1a9748495e441aff312b47b64f93bab01a5,137,-0.6436250880038598,0.01
3,0,all_agreeing_offsets,wholly_unseen,laplace,beta_half_half,20.0,retention_bounded,0.0001,14d4aa4637a3952a7fd3ce3da18d16eb06dcd853812d80290ec3d67e3b7cdad5,aea96da4de6bf6eab989a6b771929099400e66520c3d490077055b84a8b21173,137,-0.638617406601711,0.01
3,0,all_agreeing_offsets,wholly_unseen,laplace,beta_half_half,20.0,retention_bounded,0.001,14d4aa4637a3952a7fd3ce3da18d16eb06dcd853812d80290ec3d67e3b7cdad5,bfb210d7e71b3e215a5faa7087b0e2a0ba58b181952569bd6c1ccda36462333b,137,-0.6100290038088042,0.01
3,0,all_agreeing_offsets,wholly_unseen,laplace,beta_half_half,20.0,retention_bounded,0.01,14d4aa4637a3952a7fd3ce3da18d16eb06dcd853812d80290ec3d67e3b7cdad5,99858a0b6cfd10f43bcf7eab331152ccbcc840153cb23276d4f673fbc3adb98b,137,-0.5661803567485362,0.01
3,0,all_agreeing_offsets,wholly_unseen,laplace,beta_half_half,20.0,retention_bounded,0.1,14d4aa4637a3952a7fd3ce3da18d16eb06dcd853812d80290ec3d67e3b7cdad5,e122c0068add4bd5204faeb1f9bd64859d65f300d9ff3b113f52b2ffbac23ed3,137,-0.6246373608542523,0.01
3,1,all_agreeing_offsets,wholly_unseen,laplace,beta_half_half,20.0,retention_bounded,0.0,13a079af94e46f97cf9bd78dca9369cc9694a00172361b410848fb0439384c57,373cbf18131a2c49feb514da30388afa6b1e69c03c5c64302979e352b497c4b3,139,-0.6436250880038598,0.01
3,1,all_agreeing_offsets,wholly_unseen,laplace,beta_half_half,20.0,retention_bounded,0.0001,13a079af94e46f97cf9bd78dca9369cc9694a00172361b410848fb0439384c57,11055cd05f9bf5f8d7d654a4f8f245aaccb4ae4a0298644a87bc3054a4ed06fe,139,-0.638617406601711,0.01
3,1,all_agreeing_offsets,wholly_unseen,laplace,beta_half_half,20.0,retention_bounded,0.001,13a079af94e46f97cf9bd78dca9369cc9694a00172361b410848fb0439384c57,62539ab185dab37c384bc7b63ead86513cf9582986bfe6ee0aa5b55c0a7555b5,139,-0.6100290038088042,0.01
3,1,all_agreeing_offsets,wholly_unseen,laplace,beta_half_half,20.0,retention_bounded,0.01,13a079af94e46f97cf9bd78dca9369cc9694a00172361b410848fb0439384c57,6eadfcb166eaf1ce127acd032833c3ce430b8bc34a11273c9919b72ea2d3d52d,139,-0.5661803567485362,0.01
3,1,all_agreeing_offsets,wholly_unseen,laplace,beta_half_half,20.0,retention_bounded,0.1,13a079af94e46f97cf9bd78dca9369cc9694a00172361b410848fb0439384c57,3e897ef3bf81fdbe88f3211d426d0716c5cdb05233734956b0c652b577ae3a2d,139,-0.6246373608542523,0.01
3,2,all_agreeing_offsets,wholly_unseen,laplace,beta_half_half,20.0,retention_bounded,0.0,c987b1318e20fe8cc28abf40debc2ea1db6e17e61f72f092d3a4599fd1096ada,84d66e80aeaa24daf9f3c320dfa4e5ae686cd9553b0751bceaa6c8bb916d2659,137,-0.6436250880038598,0.01
3,2,all_agreeing_offsets,wholly_unseen,laplace,beta_half_half,20.0,retention_bounded,0.0001,c987b1318e20fe8cc28abf40debc2ea1db6e17e61f72f092d3a4599fd1096ada,a54e1855fc1f456647554a1be07d61bb4effb3719c68e307f3c54bfd27ff1709,137,-0.638617406601711,0.01
3,2,all_agreeing_offsets,wholly_unseen,laplace,beta_half_half,20.0,retention_bounded,0.001,c987b1318e20fe8cc28abf40debc2ea1db6e17e61f72f092d3a4599fd1096ada,b833c47937937a35d73d3555ce65417835199bdd45538bdc6ed9dea7b3aba29a,137,-0.6100290038088042,0.01
3,2,all_agreeing_offsets,wholly_unseen,laplace,beta_half_half,20.0,retention_bounded,0.01,c987b1318e20fe8cc28abf40debc2ea1db6e17e61f72f092d3a4599fd1096ada,8e3bacff3a994057aef9641e8d198388bf105f50fe8d551630b67d64406000a3,137,-0.5661803567485362,0.01
3,2,all_agreeing_offsets,wholly_unseen,laplace,beta_half_half,20.0,retention_bounded,0.1,c987b1318e20fe8cc28abf40debc2ea1db6e17e61f72f092d3a4599fd1096ada,6eee1af296fc8e0cff335fa674cf9c467b82edd520f074c7d18b6fbc61d7785a,137,-0.6246373608542523,0.01
3,0,all_agreeing_offsets,wholly_unseen,laplace,beta_half_half,20.0,retention_nonnegative,0.0,14d4aa4637a3952a7fd3ce3da18d16eb06dcd853812d80290ec3d67e3b7cdad5,e8774de6f4e564c5e6b12f159f66f20a39c3affb45105661c0f94a49c78f7122,137,-0.6436250833834302,0.001
3,0,all_agreeing_offsets,wholly_unseen,laplace,beta_half_half,20.0,retention_nonnegative,0.0001,14d4aa4637a3952a7fd3ce3da18d16eb06dcd853812d80290ec3d67e3b7cdad5,9a571bc66c7925ccdd0d9b7b5644df7b0ef3903f615db6cc3de7d09c0c07a06e,137,-0.6309509949844336,0.001
3,0,all_agreeing_offsets,wholly_unseen,laplace,beta_half_half,20.0,retention_nonnegative,0.001,14d4aa4637a3952a7fd3ce3da18d16eb06dcd853812d80290ec3d67e3b7cdad5,db235897f9ee66628bd393774779bb68024395594843345358aa617204badfbc,137,-0.5890314862719542,0.001
3,0,all_agreeing_offsets,wholly_unseen,laplace,beta_half_half,20.0,retention_nonnegative,0.01,14d4aa4637a3952a7fd3ce3da18d16eb06dcd853812d80290ec3d67e3b7cdad5,4614958c217d6ea4623fa3c76de372a8fb62fbdd7f4be294c06f35867ef5ef34,137,-0.6188492408222573,0.001
3,0,all_agreeing_offsets,wholly_unseen,laplace,beta_half_half,20.0,retention_nonnegative,0.1,14d4aa4637a3952a7fd3ce3da18d16eb06dcd853812d80290ec3d67e3b7cdad5,5d55d784bd2d350055453893083348fa5d213378c66c6410cf70d89ab1c6642e,137,-0.7234895577666477,0.001
3,1,all_agreeing_offsets,wholly_unseen,laplace,beta_half_half,20.0,retention_nonnegative,0.0,13a079af94e46f97cf9bd78dca9369cc9694a00172361b410848fb0439384c57,da1e56056ebc55aa1b052f14463d5642d1ea4de2cbf58899e86f937d8393adc9,139,-0.6436250833834302,0.001
3,1,all_agreeing_offsets,wholly_unseen,laplace,beta_half_half,20.0,retention_nonnegative,0.0001,13a079af94e46f97cf9bd78dca9369cc9694a00172361b410848fb0439384c57,2f076402373809b47f01082582e780ad9d579a60f3b9bebb375556029e76d316,139,-0.6309509949844336,0.001
3,1,all_agreeing_offsets,wholly_unseen,laplace,beta_half_half,20.0,retention_nonnegative,0.001,13a079af94e46f97cf9bd78dca9369cc9694a00172361b410848fb0439384c57,bbe605d1b9e44641a3878308052dc9de85ea3536eaad6824b8cadcfc39bd0b66,139,-0.5890314862719542,0.001
3,1,all_agreeing_offsets,wholly_unseen,laplace,beta_half_half,20.0,retention_nonnegative,0.01,13a079af94e46f97cf9bd78dca9369cc9694a00172361b410848fb0439384c57,039d21d088d6e319f4eacc7a4891416483b46725ae15f6d918640fa6a1c69f95,139,-0.6188492408222573,0.001
3,1,all_agreeing_offsets,wholly_unseen,laplace,beta_half_half,20.0,retention_nonnegative,0.1,13a079af94e46f97cf9bd78dca9369cc9694a00172361b410848fb0439384c57,86ba25239a43115565feb1cdbcfec0785a2a43c3730e0ed2cbc30227db9b8d05,139,-0.7234895577666477,0.001
3,2,all_agreeing_offsets,wholly_unseen,laplace,beta_half_half,20.0,retention_nonnegative,0.0,c987b1318e20fe8cc28abf40debc2ea1db6e17e61f72f092d3a4599fd1096ada,85f5006d66fba9680e9bf044acdb785171eefd671c68557e5a1fe5bc7a3e3f37,137,-0.6436250833834302,0.001
3,2,all_agreeing_offsets,wholly_unseen,laplace,beta_half_half,20.0,retention_nonnegative,0.0001,c987b1318e20fe8cc28abf40debc2ea1db6e17e61f72f092d3a4599fd1096ada,ddf81c947c7c71c494c89eea7cf6971d60abdf829dc7692bb711f1c1af1f870a,137,-0.6309509949844336,0.001
3,2,all_agreeing_offsets,wholly_unseen,laplace,beta_half_half,20.0,retention_nonnegative,0.001,c987b1318e20fe8cc28abf40debc2ea1db6e17e61f72f092d3a4599fd1096ada,34f67fd50aedf2c36a6eb4fbd63fb6576cc23631866419caecfe3ceee3d34ee3,137,-0.5890314862719542,0.001
3,2,all_agreeing_offsets,wholly_unseen,laplace,beta_half_half,20.0,retention_nonnegative,0.01,c987b1318e20fe8cc28abf40debc2ea1db6e17e61f72f092d3a4599fd1096ada,526b1add6bbe0a01c63107b6872521467dea459f2d4f5e74c057c06c2d6edfec,137,-0.6188492408222573,0.001
3,2,all_agreeing_offsets,wholly_unseen,laplace,beta_half_half,20.0,retention_nonnegative,0.1,c987b1318e20fe8cc28abf40debc2ea1db6e17e61f72f092d3a4599fd1096ada,a046efd99208f01ac554fb49459cf2978f2ab275330b48eb6fde2e5ac88da238,137,-0.7234895577666477,0.001
3,0,all_agreeing_offsets,wholly_unseen,laplace,beta_half_half,20.0,current_only,0.0,14d4aa4637a3952a7fd3ce3da18d16eb06dcd853812d80290ec3d67e3b7cdad5,e56350f9b1171625b4797406a81b3b6924207d0b455782fb421be0d8b80013c3,137,-0.9411528200888595,0.1
3,0,all_agreeing_offsets,wholly_unseen,laplace,beta_half_half,20.0,current_only,0.0001,14d4aa4637a3952a7fd3ce3da18d16eb06dcd853812d80290ec3d67e3b7cdad5,a6cdeeef34701b440e9526252ebe8400c519ecce7cc1ba82689faf5d61b3919e,137,-0.9403785627567077,0.1
3,0,all_agreeing_offsets,wholly_unseen,laplace,beta_half_half,20.0,current_only,0.001,14d4aa4637a3952a7fd3ce3da18d16eb06dcd853812d80290ec3d67e3b7cdad5,7e57bc2ce90cb7323952ddef1a34fffb8446da0566cb94dacdcbfc097fe3006b,137,-0.9339597222895891,0.1
3,0,all_agreeing_offsets,wholly_unseen,laplace,beta_half_half,20.0,current_only,0.01,14d4aa4637a3952a7fd3ce3da18d16eb06dcd853812d80290ec3d67e3b7cdad5,6e48b261997d04d81b7f78057e9fb5c8e1c681fde8944ef6351ace944d200a3c,137,-0.8973053630968215,0.1
3,0,all_agreeing_offsets,wholly_unseen,laplace,beta_half_half,20.0,current_only,0.1,14d4aa4637a3952a7fd3ce3da18d16eb06dcd853812d80290ec3d67e3b7cdad5,2218a36eb1e44f7e457d64b852e38c2d2a2cd5d07fa4ee4d0eb13a94d3b10a1c,137,-0.8691963637104615,0.1
3,1,all_agreeing_offsets,wholly_unseen,laplace,beta_half_half,20.0,current_only,0.0,13a079af94e46f97cf9bd78dca9369cc9694a00172361b410848fb0439384c57,5fb7a3e71dd38aa06ffafc8f1d7d2b22dce7b851b5759055f0996750ec7fdb40,139,-0.9411528200888595,0.1
3,1,all_agreeing_offsets,wholly_unseen,laplace,beta_half_half,20.0,current_only,0.0001,13a079af94e46f97cf9bd78dca9369cc9694a00172361b410848fb0439384c57,0a90a7949bbae2b658a11153c40c4abb31f63ba495738140d370c7c5f8d4a662,139,-0.9403785627567077,0.1
3,1,all_agreeing_offsets,wholly_unseen,laplace,beta_half_half,20.0,current_only,0.001,13a079af94e46f97cf9bd78dca9369cc9694a00172361b410848fb0439384c57,729dc6eaee49a2fe396f87d0e5d0174cfd0207218afa292d2c9995a50793226e,139,-0.9339597222895891,0.1
3,1,all_agreeing_offsets,wholly_unseen,laplace,beta_half_half,20.0,current_only,0.01,13a079af94e46f97cf9bd78dca9369cc9694a00172361b410848fb0439384c57,b0a809d860808e271432c72d1f84e55a6a4ff42caf777eda83ea5146ba097812,139,-0.8973053630968215,0.1
3,1,all_agreeing_offsets,wholly_unseen,laplace,beta_half_half,20.0,current_only,0.1,13a079af94e46f97cf9bd78dca9369cc9694a00172361b410848fb0439384c57,047860ced19d0fca9a61e65627a03528403a616eb2056aea46d79a9e03cea5bb,139,-0.8691963637104615,0.1
3,2,all_agreeing_offsets,wholly_unseen,laplace,beta_half_half,20.0,current_only,0.0,c987b1318e20fe8cc28abf40debc2ea1db6e17e61f72f092d3a4599fd1096ada,c2893bbe29d69bca1d394f41119043418af27b4227f59180fee311206388946b,137,-0.9411528200888595,0.1
3,2,all_agreeing_offsets,wholly_unseen,laplace,beta_half_half,20.0,current_only,0.0001,c987b1318e20fe8cc28abf40debc2ea1db6e17e61f72f092d3a4599fd1096ada,c21b88e6118e943c9b04add45bcabc0a4c061e9fb285981417f1382c054e7346,137,-0.9403785627567077,0.1
3,2,all_agreeing_offsets,wholly_unseen,laplace,beta_half_half,20.0,current_only,0.001,c987b1318e20fe8cc28abf40debc2ea1db6e17e61f72f092d3a4599fd1096ada,ae4545cfff732bdc3018f58c01ceabc128f0b6e45d2de85ae58f6eaca3fe665f,137,-0.9339597222895891,0.1
3,2,all_agreeing_offsets,wholly_unseen,laplace,beta_half_half,20.0,current_only,0.01,c987b1318e20fe8cc28abf40debc2ea1db6e17e61f72f092d3a4599fd1096ada,d1f354dead4b30ffe4b3dd6dd4005c29c72102d5c1ddbe2fc99cade662174eb5,137,-0.8973053630968215,0.1
3,2,all_agreeing_offsets,wholly_unseen,laplace,beta_half_half,20.0,current_only,0.1,c987b1318e20fe8cc28abf40debc2ea1db6e17e61f72f092d3a4599fd1096ada,43f9a1df9010bccbf390bd52855528c3f4dcbb512e6a8f82c5ba0aba648c303e,137,-0.8691963637104615,0.1
3,0,all_agreeing_offsets,wholly_unseen,laplace,beta_half_half,20.0,input_plus_surface,0.0,14d4aa4637a3952a7fd3ce3da18d16eb06dcd853812d80290ec3d67e3b7cdad5,7a1da6c508bcb7a079a87e795bd9ebb184025a67556f8f0742318409519b74ff,137,-0.5950040308833774,0.01
3,0,all_agreeing_offsets,wholly_unseen,laplace,beta_half_half,20.0,input_plus_surface,0.0001,14d4aa4637a3952a7fd3ce3da18d16eb06dcd853812d80290ec3d67e3b7cdad5,796a6067c4309f628e67d8fe4af09ad7db2d5cdead2aaa6b8422d1948745b0d0,137,-0.591410745028528,0.01
3,0,all_agreeing_offsets,wholly_unseen,laplace,beta_half_half,20.0,input_plus_surface,0.001,14d4aa4637a3952a7fd3ce3da18d16eb06dcd853812d80290ec3d67e3b7cdad5,1575cd7303d830871190338a103dc4f6ca51f2da4975fb3be01abe81effb622c,137,-0.5770408112850037,0.01
3,0,all_agreeing_offsets,wholly_unseen,laplace,beta_half_half,20.0,input_plus_surface,0.01,14d4aa4637a3952a7fd3ce3da18d16eb06dcd853812d80290ec3d67e3b7cdad5,8b63083bf32e1dcbc67c465318f64c4d14d71fec9fcff295682425c1ae90f9ef,137,-0.5697786397620406,0.01
3,0,all_agreeing_offsets,wholly_unseen,laplace,beta_half_half,20.0,input_plus_surface,0.1,14d4aa4637a3952a7fd3ce3da18d16eb06dcd853812d80290ec3d67e3b7cdad5,374a8c574cfee56b611f637b5e9a9ca1ba922f59c6c9b05ac7f366b1e5b6e032,137,-0.6579292132562237,0.01
3,1,all_agreeing_offsets,wholly_unseen,laplace,beta_half_half,20.0,input_plus_surface,0.0,13a079af94e46f97cf9bd78dca9369cc9694a00172361b410848fb0439384c57,c954376d6afdac0fdfefb3c8b05ac556e149cb5da2e216aa134909b2a131844b,139,-0.5950040308833774,0.01
3,1,all_agreeing_offsets,wholly_unseen,laplace,beta_half_half,20.0,input_plus_surface,0.0001,13a079af94e46f97cf9bd78dca9369cc9694a00172361b410848fb0439384c57,fe1334edb1f9dc4be493525cbb677d1632aa5766d5a2cc5a42263dcb726c9011,139,-0.591410745028528,0.01
3,1,all_agreeing_offsets,wholly_unseen,laplace,beta_half_half,20.0,input_plus_surface,0.001,13a079af94e46f97cf9bd78dca9369cc9694a00172361b410848fb0439384c57,9e9a3ec27e450256f9364ddc5423fe2a76697a840fb29c8a93b6ad46d461bfc5,139,-0.5770408112850037,0.01
3,1,all_agreeing_offsets,wholly_unseen,laplace,beta_half_half,20.0,input_plus_surface,0.01,13a079af94e46f97cf9bd78dca9369cc9694a00172361b410848fb0439384c57,84502c1f9b4f7ca525a6cc511327dacf6ea4b7e240d96d861157abac5da003db,139,-0.5697786397620406,0.01
3,1,all_agreeing_offsets,wholly_unseen,laplace,beta_half_half,20.0,input_plus_surface,0.1,13a079af94e46f97cf9bd78dca9369cc9694a00172361b410848fb0439384c57,58de70f8f94269c4f7b0f7571df53100a00eac0200df7e74047b61e43365202a,139,-0.6579292132562237,0.01
3,2,all_agreeing_offsets,wholly_unseen,laplace,beta_half_half,20.0,input_plus_surface,0.0,c987b1318e20fe8cc28abf40debc2ea1db6e17e61f72f092d3a4599fd1096ada,c844bc092cb836f57fb11235d370fc0ff022821279ec20af824fbffff6427c9a,137,-0.5950040308833774,0.01
3,2,all_agreeing_offsets,wholly_unseen,laplace,beta_half_half,20.0,input_plus_surface,0.0001,c987b1318e20fe8cc28abf40debc2ea1db6e17e61f72f092d3a4599fd1096ada,58372f54d1bc33e460eb5f17a8acd6aaef40b0c7cdc144b47a8801880672e94b,137,-0.591410745028528,0.01
3,2,all_agreeing_offsets,wholly_unseen,laplace,beta_half_half,20.0,input_plus_surface,0.001,c987b1318e20fe8cc28abf40debc2ea1db6e17e61f72f092d3a4599fd1096ada,eb6e174a17a26b06ad502360677522197dc3f821a1876f223ac2f49677c60a32,137,-0.5770408112850037,0.01
3,2,all_agreeing_offsets,wholly_unseen,laplace,beta_half_half,20.0,input_plus_surface,0.01,c987b1318e20fe8cc28abf40debc2ea1db6e17e61f72f092d3a4599fd1096ada,a0dabd16a805d34fb7d8d377efa4927c2890fcf2d7816e1f67072c8a06b91ca2,137,-0.5697786397620406,0.01
3,2,all_agreeing_offsets,wholly_unseen,laplace,beta_half_half,20.0,input_plus_surface,0.1,c987b1318e20fe8cc28abf40debc2ea1db6e17e61f72f092d3a4599fd1096ada,dca34a46a04efc0868bf184e18cfb48056969bf36f015a6fe3279758122b6291,137,-0.6579292132562237,0.01
3,0,all_agreeing_offsets,wholly_unseen,laplace,beta_half_half,20.0,HU_plus_surface,0.0,14d4aa4637a3952a7fd3ce3da18d16eb06dcd853812d80290ec3d67e3b7cdad5,1a5a3a9fa8e9a4628f61a4dba21d6a9a1c4cf85404f4d6daca162a8ba33f0dca,137,-0.567438259665619,0.01
3,0,all_agreeing_offsets,wholly_unseen,laplace,beta_half_half,20.0,HU_plus_surface,0.0001,14d4aa4637a3952a7fd3ce3da18d16eb06dcd853812d80290ec3d67e3b7cdad5,6eb063ddf59de3b31c7aadc5939214d6acacd582bca880b858c398860b72dfef,137,-0.5645667648114071,0.01
3,0,all_agreeing_offsets,wholly_unseen,laplace,beta_half_half,20.0,HU_plus_surface,0.001,14d4aa4637a3952a7fd3ce3da18d16eb06dcd853812d80290ec3d67e3b7cdad5,c257d0276702de2f34197e4f15aaf26d7ec28336a5246c215ba1f57cef3e18a9,137,-0.5532670616108925,0.01
3,0,all_agreeing_offsets,wholly_unseen,laplace,beta_half_half,20.0,HU_plus_surface,0.01,14d4aa4637a3952a7fd3ce3da18d16eb06dcd853812d80290ec3d67e3b7cdad5,02b5c6cbaf60f26a9124172ae83932a565b722518dbda046c003d11c4fd3bd4f,137,-0.5518735378463767,0.01
3,0,all_agreeing_offsets,wholly_unseen,laplace,beta_half_half,20.0,HU_plus_surface,0.1,14d4aa4637a3952a7fd3ce3da18d16eb06dcd853812d80290ec3d67e3b7cdad5,6e8b21e8290cee863995856791e5501efac19942db2467c4802ff64af96c6bf9,137,-0.6479394449183256,0.01
3,1,all_agreeing_offsets,wholly_unseen,laplace,beta_half_half,20.0,HU_plus_surface,0.0,13a079af94e46f97cf9bd78dca9369cc9694a00172361b410848fb0439384c57,61c92a570604e5af9f649e77dd1290df2322eb171e69d5f74d06c297c5e1eb19,139,-0.567438259665619,0.01
3,1,all_agreeing_offsets,wholly_unseen,laplace,beta_half_half,20.0,HU_plus_surface,0.0001,13a079af94e46f97cf9bd78dca9369cc9694a00172361b410848fb0439384c57,dc0b6fe779741fb5a080d3b69e02ceca573087877ffb12015c5fbbe776b61c8b,139,-0.5645667648114071,0.01
3,1,all_agreeing_offsets,wholly_unseen,laplace,beta_half_half,20.0,HU_plus_surface,0.001,13a079af94e46f97cf9bd78dca9369cc9694a00172361b410848fb0439384c57,79e0441db18382683585d58a676bb33bde20833d668df85bac0ce323adcd077f,139,-0.5532670616108925,0.01
3,1,all_agreeing_offsets,wholly_unseen,laplace,beta_half_half,20.0,HU_plus_surface,0.01,13a079af94e46f97cf9bd78dca9369cc9694a00172361b410848fb0439384c57,6ce09ccdc345a3c275ff72ac86bc09a64e10efaa8e6de8f29536e9492a23746e,139,-0.5518735378463767,0.01
3,1,all_agreeing_offsets,wholly_unseen,laplace,beta_half_half,20.0,HU_plus_surface,0.1,13a079af94e46f97cf9bd78dca9369cc9694a00172361b410848fb0439384c57,20a73a79bf4eec5f6aa609f1c5017b181b10455a83f9731530566fd15a6605e1,139,-0.6479394449183256,0.01
3,2,all_agreeing_offsets,wholly_unseen,laplace,beta_half_half,20.0,HU_plus_surface,0.0,c987b1318e20fe8cc28abf40debc2ea1db6e17e61f72f092d3a4599fd1096ada,72e1befe1e5a5e7fa37f739a4d4346284d515734e116b12f904204287527a2ee,137,-0.567438259665619,0.01
3,2,all_agreeing_offsets,wholly_unseen,laplace,beta_half_half,20.0,HU_plus_surface,0.0001,c987b1318e20fe8cc28abf40debc2ea1db6e17e61f72f092d3a4599fd1096ada,f5e0838d2e40cd4608141d94a467f8d93c73c00b7b0fb62c23ca683cf45e1720,137,-0.5645667648114071,0.01
3,2,all_agreeing_offsets,wholly_unseen,laplace,beta_half_half,20.0,HU_plus_surface,0.001,c987b1318e20fe8cc28abf40debc2ea1db6e17e61f72f092d3a4599fd1096ada,948cd6b66c48d6d2adf60194fd43e6ce3b37df021b93e2a5f845a32d0ec3c102,137,-0.5532670616108925,0.01
3,2,all_agreeing_offsets,wholly_unseen,laplace,beta_half_half,20.0,HU_plus_surface,0.01,c987b1318e20fe8cc28abf40debc2ea1db6e17e61f72f092d3a4599fd1096ada,1be1dc99ee9968ac230794801a056a87a77028cca336b09bd8fdd2758af1c943,137,-0.5518735378463767,0.01
3,2,all_agreeing_offsets,wholly_unseen,laplace,beta_half_half,20.0,HU_plus_surface,0.1,c987b1318e20fe8cc28abf40debc2ea1db6e17e61f72f092d3a4599fd1096ada,c2b6cbab1520ca5a770311650b4739aea551381fedde0db8192bfe6e29fe712f,137,-0.6479394449183256,0.01
3,0,all_agreeing_offsets,wholly_unseen,laplace,beta_half_half,20.0,retention_bounded_plus_HU,0.0,14d4aa4637a3952a7fd3ce3da18d16eb06dcd853812d80290ec3d67e3b7cdad5,c5ae94e2881bac9fc9cce6b98d210af461fb1b1675c58425d3d6af80b24c3105,137,-0.5836186956013422,0.01
3,0,all_agreeing_offsets,wholly_unseen,laplace,beta_half_half,20.0,retention_bounded_plus_HU,0.0001,14d4aa4637a3952a7fd3ce3da18d16eb06dcd853812d80290ec3d67e3b7cdad5,46e6ec85531d49a31c34dc3d73352a0787a4cd61a8ca1d4d85ec29ec4e9d7016,137,-0.5794084322245768,0.01
3,0,all_agreeing_offsets,wholly_unseen,laplace,beta_half_half,20.0,retention_bounded_plus_HU,0.001,14d4aa4637a3952a7fd3ce3da18d16eb06dcd853812d80290ec3d67e3b7cdad5,db04b2fac92c376419eca7f6752b8d737dbc5389c909117d97a50463413e4e4d,137,-0.5604236759778956,0.01
3,0,all_agreeing_offsets,wholly_unseen,laplace,beta_half_half,20.0,retention_bounded_plus_HU,0.01,14d4aa4637a3952a7fd3ce3da18d16eb06dcd853812d80290ec3d67e3b7cdad5,959a7ec8d5e0a8380068de48c227721831cd76c6095dfb4104262297ab02a8fb,137,-0.5457977621997774,0.01
3,0,all_agreeing_offsets,wholly_unseen,laplace,beta_half_half,20.0,retention_bounded_plus_HU,0.1,14d4aa4637a3952a7fd3ce3da18d16eb06dcd853812d80290ec3d67e3b7cdad5,af261064093369a744412aa54fc3b1c70495a999f102e32e368c56c891a339e3,137,-0.5975685730230029,0.01
3,1,all_agreeing_offsets,wholly_unseen,laplace,beta_half_half,20.0,retention_bounded_plus_HU,0.0,13a079af94e46f97cf9bd78dca9369cc9694a00172361b410848fb0439384c57,1bf5e15b8f4abf53edda3f717fd08ee0308b62475fb84d592f87d11d1f476df4,139,-0.5836186956013422,0.01
3,1,all_agreeing_offsets,wholly_unseen,laplace,beta_half_half,20.0,retention_bounded_plus_HU,0.0001,13a079af94e46f97cf9bd78dca9369cc9694a00172361b410848fb0439384c57,b3dccfcf2d0a5535296f62e560213e2fcc55938487f02cddb10323ce3707bb22,139,-0.5794084322245768,0.01
3,1,all_agreeing_offsets,wholly_unseen,laplace,beta_half_half,20.0,retention_bounded_plus_HU,0.001,13a079af94e46f97cf9bd78dca9369cc9694a00172361b410848fb0439384c57,0bc295805f183562a8f5a57cc4ca4c2d22c7bcc675f9d5e7f3c368e3ec4133be,139,-0.5604236759778956,0.01
3,1,all_agreeing_offsets,wholly_unseen,laplace,beta_half_half,20.0,retention_bounded_plus_HU,0.01,13a079af94e46f97cf9bd78dca9369cc9694a00172361b410848fb0439384c57,9c3a99e76b02b36d11247687133ab11195156626dd7939729c2e335c6a8b98b7,139,-0.5457977621997774,0.01
3,1,all_agreeing_offsets,wholly_unseen,laplace,beta_half_half,20.0,retention_bounded_plus_HU,0.1,13a079af94e46f97cf9bd78dca9369cc9694a00172361b410848fb0439384c57,0768d3e32426572d2e686d3179d9da745e5a8323788814b114922e948eb4773b,139,-0.5975685730230029,0.01
3,2,all_agreeing_offsets,wholly_unseen,laplace,beta_half_half,20.0,retention_bounded_plus_HU,0.0,c987b1318e20fe8cc28abf40debc2ea1db6e17e61f72f092d3a4599fd1096ada,1fcb7f25572323ea0c430863195a7ff230f73bd31e630b3ad01cbf304911adf3,137,-0.5836186956013422,0.01
3,2,all_agreeing_offsets,wholly_unseen,laplace,beta_half_half,20.0,retention_bounded_plus_HU,0.0001,c987b1318e20fe8cc28abf40debc2ea1db6e17e61f72f092d3a4599fd1096ada,eba6b56fa027fe58d915f179b91025b0e8978399796ef7ae6da3ee0d496535ff,137,-0.5794084322245768,0.01
3,2,all_agreeing_offsets,wholly_unseen,laplace,beta_half_half,20.0,retention_bounded_plus_HU,0.001,c987b1318e20fe8cc28abf40debc2ea1db6e17e61f72f092d3a4599fd1096ada,0a6838344d50a66d751253e1a7cf064bf57e227a77e7933e1ba53c51a3f09208,137,-0.5604236759778956,0.01
3,2,all_agreeing_offsets,wholly_unseen,laplace,beta_half_half,20.0,retention_bounded_plus_HU,0.01,c987b1318e20fe8cc28abf40debc2ea1db6e17e61f72f092d3a4599fd1096ada,09fb1af767d25786052cf86239f35d16a82f81675ee000cfc09dff791eb53435,137,-0.5457977621997774,0.01
3,2,all_agreeing_offsets,wholly_unseen,laplace,beta_half_half,20.0,retention_bounded_plus_HU,0.1,c987b1318e20fe8cc28abf40debc2ea1db6e17e61f72f092d3a4599fd1096ada,605786bcda196649decd51e7e375ec40f2e319bd5064dc3701c766e32e452426,137,-0.5975685730230029,0.01
3,0,all_agreeing_offsets,wholly_unseen,gh80,beta_half_half,20.0,HU_plus_surface,0.0,14d4aa4637a3952a7fd3ce3da18d16eb06dcd853812d80290ec3d67e3b7cdad5,f07d0fce5c8cc3f61cd86e8006f507ccd030f545675e9145b521575cf1217bd0,137,-0.5612674552018345,0.001
3,0,all_agreeing_offsets,wholly_unseen,gh80,beta_half_half,20.0,HU_plus_surface,0.0001,14d4aa4637a3952a7fd3ce3da18d16eb06dcd853812d80290ec3d67e3b7cdad5,0460a25564dd2b7f886c2251909583ec9389c5a5d20ba0787c6f0fb9210569e3,137,-0.5588092222449065,0.001
3,0,all_agreeing_offsets,wholly_unseen,gh80,beta_half_half,20.0,HU_plus_surface,0.001,14d4aa4637a3952a7fd3ce3da18d16eb06dcd853812d80290ec3d67e3b7cdad5,82cb8899ea830468d9c839ba9cb4dc5c9a520444e0777ee257ccfd5cecc2e575,137,-0.5489018467537153,0.001
3,0,all_agreeing_offsets,wholly_unseen,gh80,beta_half_half,20.0,HU_plus_surface,0.01,14d4aa4637a3952a7fd3ce3da18d16eb06dcd853812d80290ec3d67e3b7cdad5,fa53c3ecabfc9a0254da4d73f000c9d03779c4eae294282712cfdfdd9a18dd7c,137,-0.549853558104136,0.001
3,0,all_agreeing_offsets,wholly_unseen,gh80,beta_half_half,20.0,HU_plus_surface,0.1,14d4aa4637a3952a7fd3ce3da18d16eb06dcd853812d80290ec3d67e3b7cdad5,754ba2764a49ec7a42656624c0ce200804b7edd538eb152014aaaeede37166f4,137,-0.6484846732776566,0.001
3,1,all_agreeing_offsets,wholly_unseen,gh80,beta_half_half,20.0,HU_plus_surface,0.0,13a079af94e46f97cf9bd78dca9369cc9694a00172361b410848fb0439384c57,bf58adf5eac6b1145674e24d30d9bbbc5822ddaf1fa64bfb2150db6c153acea0,139,-0.5612674552018345,0.001
3,1,all_agreeing_offsets,wholly_unseen,gh80,beta_half_half,20.0,HU_plus_surface,0.0001,13a079af94e46f97cf9bd78dca9369cc9694a00172361b410848fb0439384c57,d5a204ffc1c865962e5c6d68d9cda83f2af2750f1aa0e699f8f1eab0a0dcfb07,139,-0.5588092222449065,0.001
3,1,all_agreeing_offsets,wholly_unseen,gh80,beta_half_half,20.0,HU_plus_surface,0.001,13a079af94e46f97cf9bd78dca9369cc9694a00172361b410848fb0439384c57,532ef41087c1376810e758e47ff801fc31e1bb3c876db4f6394148288d2cd27b,139,-0.5489018467537153,0.001
3,1,all_agreeing_offsets,wholly_unseen,gh80,beta_half_half,20.0,HU_plus_surface,0.01,13a079af94e46f97cf9bd78dca9369cc9694a00172361b410848fb0439384c57,c5850fd0afc115ec6e27f9c1a1ef9ff3697287325584cf4e6e1fc01828636093,139,-0.549853558104136,0.001
3,1,all_agreeing_offsets,wholly_unseen,gh80,beta_half_half,20.0,HU_plus_surface,0.1,13a079af94e46f97cf9bd78dca9369cc9694a00172361b410848fb0439384c57,1f30f5e98e44956289f776422fe2243e2b4dbc4ef1279b5dbdb2173b237abc4b,139,-0.6484846732776566,0.001
3,2,all_agreeing_offsets,wholly_unseen,gh80,beta_half_half,20.0,HU_plus_surface,0.0,c987b1318e20fe8cc28abf40debc2ea1db6e17e61f72f092d3a4599fd1096ada,72a9867979df174a2fe809e8b70f1faf48c3eb7389a4c798161dc6879a81a062,137,-0.5612674552018345,0.001
3,2,all_agreeing_offsets,wholly_unseen,gh80,beta_half_half,20.0,HU_plus_surface,0.0001,c987b1318e20fe8cc28abf40debc2ea1db6e17e61f72f092d3a4599fd1096ada,fb38d94a89edb0add6999407a8a0cb8fbf3e2a778edbac378b501418e51a4889,137,-0.5588092222449065,0.001
3,2,all_agreeing_offsets,wholly_unseen,gh80,beta_half_half,20.0,HU_plus_surface,0.001,c987b1318e20fe8cc28abf40debc2ea1db6e17e61f72f092d3a4599fd1096ada,729f28781b553e6e4ccd82c64e1f561d7e617740db79634452948cee2f68e3ef,137,-0.5489018467537153,0.001
3,2,all_agreeing_offsets,wholly_unseen,gh80,beta_half_half,20.0,HU_plus_surface,0.01,c987b1318e20fe8cc28abf40debc2ea1db6e17e61f72f092d3a4599fd1096ada,1a65b83e19dfb9a743e05b170612fb546eacd687b1dcd4095542b87474bf1f75,137,-0.549853558104136,0.001
3,2,all_agreeing_offsets,wholly_unseen,gh80,beta_half_half,20.0,HU_plus_surface,0.1,c987b1318e20fe8cc28abf40debc2ea1db6e17e61f72f092d3a4599fd1096ada,34a2b8b7b2c32eefdcbef28c7b5ba292bf2983c69a5d29759756a3a4d4a945d7,137,-0.6484846732776566,0.001
3,0,all_agreeing_offsets,wholly_unseen,gh80,beta_half_half,20.0,retention_bounded_plus_HU,0.0,14d4aa4637a3952a7fd3ce3da18d16eb06dcd853812d80290ec3d67e3b7cdad5,e1d242dd2ac5c4fecced1522a4d399def552e1e9e0cddb7c0bb2845da163c36d,137,-0.5875714980244668,0.01
3,0,all_agreeing_offsets,wholly_unseen,gh80,beta_half_half,20.0,retention_bounded_plus_HU,0.0001,14d4aa4637a3952a7fd3ce3da18d16eb06dcd853812d80290ec3d67e3b7cdad5,e78bcf755389edfb8863d8bcc39ac841e5f66317ccd3a715aab66dedb8a0fd79,137,-0.583862161443945,0.01
3,0,all_agreeing_offsets,wholly_unseen,gh80,beta_half_half,20.0,retention_bounded_plus_HU,0.001,14d4aa4637a3952a7fd3ce3da18d16eb06dcd853812d80290ec3d67e3b7cdad5,391d6e967757f30c8d311b8504759ef8ff7308ca4c527977a3a39371fa283c4e,137,-0.5671542653302312,0.01
3,0,all_agreeing_offsets,wholly_unseen,gh80,beta_half_half,20.0,retention_bounded_plus_HU,0.01,14d4aa4637a3952a7fd3ce3da18d16eb06dcd853812d80290ec3d67e3b7cdad5,96019c56134c0319fbe928b4f8e85438be10be2d32d61dbdc3ee9ea34ce56abc,137,-0.5518641027529639,0.01
3,0,all_agreeing_offsets,wholly_unseen,gh80,beta_half_half,20.0,retention_bounded_plus_HU,0.1,14d4aa4637a3952a7fd3ce3da18d16eb06dcd853812d80290ec3d67e3b7cdad5,3cb3eaf7ffb3c5f9577d89a697072a71193a354ee0be79ea45b2e3d29f5c3aef,137,-0.6007332148227199,0.01
3,1,all_agreeing_offsets,wholly_unseen,gh80,beta_half_half,20.0,retention_bounded_plus_HU,0.0,13a079af94e46f97cf9bd78dca9369cc9694a00172361b410848fb0439384c57,5ba35c8614a032c021e0868d0a9f8e045f1fa3ae3ed5982067b991d971915c62,139,-0.5875714980244668,0.01
3,1,all_agreeing_offsets,wholly_unseen,gh80,beta_half_half,20.0,retention_bounded_plus_HU,0.0001,13a079af94e46f97cf9bd78dca9369cc9694a00172361b410848fb0439384c57,c50f11bf7dad71e2ce9c5e33bd8f738d99cbbf95fd14f95408e60836a27197bf,139,-0.583862161443945,0.01
3,1,all_agreeing_offsets,wholly_unseen,gh80,beta_half_half,20.0,retention_bounded_plus_HU,0.001,13a079af94e46f97cf9bd78dca9369cc9694a00172361b410848fb0439384c57,24e6579d38477ba1853702b72731347d0689c63b0ec093099686e6d9749b7319,139,-0.5671542653302312,0.01
3,1,all_agreeing_offsets,wholly_unseen,gh80,beta_half_half,20.0,retention_bounded_plus_HU,0.01,13a079af94e46f97cf9bd78dca9369cc9694a00172361b410848fb0439384c57,cc1941518a5474c60b32c1899b4614d926d78afb8a3e04f553781457da941d7b,139,-0.5518641027529639,0.01
3,1,all_agreeing_offsets,wholly_unseen,gh80,beta_half_half,20.0,retention_bounded_plus_HU,0.1,13a079af94e46f97cf9bd78dca9369cc9694a00172361b410848fb0439384c57,8d734f414b3aa2bac1c81583b582393e5971ce738b34b9124ac242d44f12bedd,139,-0.6007332148227199,0.01
3,2,all_agreeing_offsets,wholly_unseen,gh80,beta_half_half,20.0,retention_bounded_plus_HU,0.0,c987b1318e20fe8cc28abf40debc2ea1db6e17e61f72f092d3a4599fd1096ada,9e039250ad5ea75ff1a26e14aea8c3930647d2a1d0dabcb26324e14033a50933,137,-0.5875714980244668,0.01
3,2,all_agreeing_offsets,wholly_unseen,gh80,beta_half_half,20.0,retention_bounded_plus_HU,0.0001,c987b1318e20fe8cc28abf40debc2ea1db6e17e61f72f092d3a4599fd1096ada,280ed671c5abf7f09d98ec57825fca61b2949ccb10c1c13c54a21d8eb5dea589,137,-0.583862161443945,0.01
3,2,all_agreeing_offsets,wholly_unseen,gh80,beta_half_half,20.0,retention_bounded_plus_HU,0.001,c987b1318e20fe8cc28abf40debc2ea1db6e17e61f72f092d3a4599fd1096ada,2c5e1640238ce4f71c960ff8441f3d95f56d0bb38c0d420371e7a534cf441c24,137,-0.5671542653302312,0.01
3,2,all_agreeing_offsets,wholly_unseen,gh80,beta_half_half,20.0,retention_bounded_plus_HU,0.01,c987b1318e20fe8cc28abf40debc2ea1db6e17e61f72f092d3a4599fd1096ada,00770fb2ce9cb4ad7c43db46215e800ef1149a6668ed2aa8136ea436ad77517a,137,-0.5518641027529639,0.01
3,2,all_agreeing_offsets,wholly_unseen,gh80,beta_half_half,20.0,retention_bounded_plus_HU,0.1,c987b1318e20fe8cc28abf40debc2ea1db6e17e61f72f092d3a4599fd1096ada,aa36525cd0d9bd661b1ed4036fdceeb989a55758dc1f54d528b63d2c2913a974,137,-0.6007332148227199,0.01
3,0,unrounded_strict,side_informed,laplace,beta_half_half,20.0,retention_bounded,0.0,c4eb3f123e007e47a54532da89e89ea0c8c912c499aa99c7e3e7b9b25f6d2546,29233bdb6f5c0758ae1efdebaf09773db0154d5ef763abe98fd01401e024e1bd,90,-0.34967213000197256,0.01
3,0,unrounded_strict,side_informed,laplace,beta_half_half,20.0,retention_bounded,0.0001,c4eb3f123e007e47a54532da89e89ea0c8c912c499aa99c7e3e7b9b25f6d2546,f30ed6b8c9116368972221647146c7dca84babedc43f52474516f454ac813018,90,-0.34870124228600385,0.01
3,0,unrounded_strict,side_informed,laplace,beta_half_half,20.0,retention_bounded,0.001,c4eb3f123e007e47a54532da89e89ea0c8c912c499aa99c7e3e7b9b25f6d2546,f5b77bf9a4ab759914712b32d14e49b414d66f25ab8383370c35f13e22924417,90,-0.3415598925292179,0.01
3,0,unrounded_strict,side_informed,laplace,beta_half_half,20.0,retention_bounded,0.01,c4eb3f123e007e47a54532da89e89ea0c8c912c499aa99c7e3e7b9b25f6d2546,7e5f6592c0e4b49947db7c3baac77f5066884d917d32fa8779592ba53f32f1bb,90,-0.3177837494132281,0.01
3,0,unrounded_strict,side_informed,laplace,beta_half_half,20.0,retention_bounded,0.1,c4eb3f123e007e47a54532da89e89ea0c8c912c499aa99c7e3e7b9b25f6d2546,0d34cb201775ca28ae3b2a9b13123ecb77afa9c10d87923d62477f57dbc97be7,90,-0.34650268522255767,0.01
3,1,unrounded_strict,side_informed,laplace,beta_half_half,20.0,retention_bounded,0.0,bd4f2b8222f5d8f25a1a26e699004ec9648cbfd0ce2295443873a4bdc7fc8819,d140cc54d049139ff0b51ec80f1e38acdf3c71d5f1dce4fc4bfa223f1699e231,92,-0.34967213000197256,0.01
3,1,unrounded_strict,side_informed,laplace,beta_half_half,20.0,retention_bounded,0.0001,bd4f2b8222f5d8f25a1a26e699004ec9648cbfd0ce2295443873a4bdc7fc8819,12316ed5cf34a77e1d4e3451a392cfaf01f6c43063471ff1d9f73956dae8a186,92,-0.34870124228600385,0.01
3,1,unrounded_strict,side_informed,laplace,beta_half_half,20.0,retention_bounded,0.001,bd4f2b8222f5d8f25a1a26e699004ec9648cbfd0ce2295443873a4bdc7fc8819,c82979e47e8edcadf8d6ec072cf37195a54200e18dffcb68700357c4e5ee250a,92,-0.3415598925292179,0.01
3,1,unrounded_strict,side_informed,laplace,beta_half_half,20.0,retention_bounded,0.01,bd4f2b8222f5d8f25a1a26e699004ec9648cbfd0ce2295443873a4bdc7fc8819,151f6d151538374a3ccd4fb29a9331da1330613c24f51ab87c6f9e33f08765e1,92,-0.3177837494132281,0.01
3,1,unrounded_strict,side_informed,laplace,beta_half_half,20.0,retention_bounded,0.1,bd4f2b8222f5d8f25a1a26e699004ec9648cbfd0ce2295443873a4bdc7fc8819,019e0ab4cdb3f4b8b29fdeef50487b6c97aeee848ce74187e725db56b343bcaf,92,-0.34650268522255767,0.01
3,2,unrounded_strict,side_informed,laplace,beta_half_half,20.0,retention_bounded,0.0,ca6c1308be8aeb6c90081d7ac48ad09189e97b63d2259750e1b8e2714ae1846e,e6e78038cce9bdfb9f5fb36df6638d444d0b22ea85587d9e922f90b9da5a22b4,89,-0.34967213000197256,0.01
3,2,unrounded_strict,side_informed,laplace,beta_half_half,20.0,retention_bounded,0.0001,ca6c1308be8aeb6c90081d7ac48ad09189e97b63d2259750e1b8e2714ae1846e,28cf210a030dfa8390d2adca2b71cf7b3c1f79e3b3698cd453cf9c2677b91fb0,89,-0.34870124228600385,0.01
3,2,unrounded_strict,side_informed,laplace,beta_half_half,20.0,retention_bounded,0.001,ca6c1308be8aeb6c90081d7ac48ad09189e97b63d2259750e1b8e2714ae1846e,c064e19b3eea4bb9f5089de9cca458e6125c4de0e4d3f1ad8fb22b4a9524194b,89,-0.3415598925292179,0.01
3,2,unrounded_strict,side_informed,laplace,beta_half_half,20.0,retention_bounded,0.01,ca6c1308be8aeb6c90081d7ac48ad09189e97b63d2259750e1b8e2714ae1846e,6a52f64a11509189d9d73ebb357f69067aa725b32819f5db1d7139eba448d0e5,89,-0.3177837494132281,0.01
3,2,unrounded_strict,side_informed,laplace,beta_half_half,20.0,retention_bounded,0.1,ca6c1308be8aeb6c90081d7ac48ad09189e97b63d2259750e1b8e2714ae1846e,7c8875abc86ca1bade3d22fc3cc642c2d5715d0c1b276019d1c6ca8c62e06ef2,89,-0.34650268522255767,0.01
3,0,unrounded_strict,side_informed,laplace,beta_half_half,20.0,retention_nonnegative,0.0,c4eb3f123e007e47a54532da89e89ea0c8c912c499aa99c7e3e7b9b25f6d2546,ac68ea55edeb68bc842068cc64207f3e2093fdbbf1559a73dbe76e1fa7a9de22,90,-0.34967212997070907,0.01
3,0,unrounded_strict,side_informed,laplace,beta_half_half,20.0,retention_nonnegative,0.0001,c4eb3f123e007e47a54532da89e89ea0c8c912c499aa99c7e3e7b9b25f6d2546,8c29b69a16a2289eefea6505b854067b8e4ced1bee07633d7decf35e3bbafcba,90,-0.3478468109325807,0.01
3,0,unrounded_strict,side_informed,laplace,beta_half_half,20.0,retention_nonnegative,0.001,c4eb3f123e007e47a54532da89e89ea0c8c912c499aa99c7e3e7b9b25f6d2546,61d0f7a815d161b2a409ebff6f12884bc1e7e0a69bcbede4f77cac626fd7b37d,90,-0.3389288727742191,0.01
3,0,unrounded_strict,side_informed,laplace,beta_half_half,20.0,retention_nonnegative,0.01,c4eb3f123e007e47a54532da89e89ea0c8c912c499aa99c7e3e7b9b25f6d2546,cacc869c952eef962b503bacb6c2b308652c0133eb31f97e6b88095f66190948,90,-0.3307671305964837,0.01
3,0,unrounded_strict,side_informed,laplace,beta_half_half,20.0,retention_nonnegative,0.1,c4eb3f123e007e47a54532da89e89ea0c8c912c499aa99c7e3e7b9b25f6d2546,c122e19d5d977246520149d00d6bc5b2526ad8d8938f232f00fe63e89c1da355,90,-0.39395664277808823,0.01
3,1,unrounded_strict,side_informed,laplace,beta_half_half,20.0,retention_nonnegative,0.0,bd4f2b8222f5d8f25a1a26e699004ec9648cbfd0ce2295443873a4bdc7fc8819,64447257bb16a857114bd225a4c9229afc4b341e4d8d9d4dab2c3be023e244fe,92,-0.34967212997070907,0.01
3,1,unrounded_strict,side_informed,laplace,beta_half_half,20.0,retention_nonnegative,0.0001,bd4f2b8222f5d8f25a1a26e699004ec9648cbfd0ce2295443873a4bdc7fc8819,89d53fc8c94ac8b61e6e99f68ece51638b6e70983d39db57950b8dbd6e208764,92,-0.3478468109325807,0.01
3,1,unrounded_strict,side_informed,laplace,beta_half_half,20.0,retention_nonnegative,0.001,bd4f2b8222f5d8f25a1a26e699004ec9648cbfd0ce2295443873a4bdc7fc8819,dec6dffe8761ef71a250ce899022c9918b3458ed4f38443468c9091ccc9d5890,92,-0.3389288727742191,0.01
3,1,unrounded_strict,side_informed,laplace,beta_half_half,20.0,retention_nonnegative,0.01,bd4f2b8222f5d8f25a1a26e699004ec9648cbfd0ce2295443873a4bdc7fc8819,bb40c2a76eace0983f5bdbd9cfcb5188fd20f666b36780932e67337131f97ada,92,-0.3307671305964837,0.01
3,1,unrounded_strict,side_informed,laplace,beta_half_half,20.0,retention_nonnegative,0.1,bd4f2b8222f5d8f25a1a26e699004ec9648cbfd0ce2295443873a4bdc7fc8819,df0c46f1736a3e70da35a6a4623df47ba9cc3bce1c310fd77a55ba94c823ecce,92,-0.39395664277808823,0.01
3,2,unrounded_strict,side_informed,laplace,beta_half_half,20.0,retention_nonnegative,0.0,ca6c1308be8aeb6c90081d7ac48ad09189e97b63d2259750e1b8e2714ae1846e,add99e61c53c3c9b6e2c7f7b38dfa1dbd1d66ff85351cba6eb3c0cdc084eaf50,89,-0.34967212997070907,0.01
3,2,unrounded_strict,side_informed,laplace,beta_half_half,20.0,retention_nonnegative,0.0001,ca6c1308be8aeb6c90081d7ac48ad09189e97b63d2259750e1b8e2714ae1846e,1f967786bcbb8b077084397dca5530d3e0f6b06c7d2ca9061a3c6854e2926ec6,89,-0.3478468109325807,0.01
3,2,unrounded_strict,side_informed,laplace,beta_half_half,20.0,retention_nonnegative,0.001,ca6c1308be8aeb6c90081d7ac48ad09189e97b63d2259750e1b8e2714ae1846e,8dd5cd83fcfa34182a8eac4674b79f08559ead96480b0e937efd2160bad47d98,89,-0.3389288727742191,0.01
3,2,unrounded_strict,side_informed,laplace,beta_half_half,20.0,retention_nonnegative,0.01,ca6c1308be8aeb6c90081d7ac48ad09189e97b63d2259750e1b8e2714ae1846e,9031d876f752ae8f20e0418e7526915fe8d7e71fe9024a7bcb6f224883e15856,89,-0.3307671305964837,0.01
3,2,unrounded_strict,side_informed,laplace,beta_half_half,20.0,retention_nonnegative,0.1,ca6c1308be8aeb6c90081d7ac48ad09189e97b63d2259750e1b8e2714ae1846e,f03c20ad46564be550c01f298cd71d785fc4255dc3e19eb449321c0e80d89719,89,-0.39395664277808823,0.01
3,0,unrounded_strict,side_informed,laplace,beta_half_half,20.0,current_only,0.0,c4eb3f123e007e47a54532da89e89ea0c8c912c499aa99c7e3e7b9b25f6d2546,1bf18d7841b8d86561c2f214181ad9f1470fc20f2c477ecc2b5f596b82754e0e,90,-0.6237401848926951,0.1
3,0,unrounded_strict,side_informed,laplace,beta_half_half,20.0,current_only,0.0001,c4eb3f123e007e47a54532da89e89ea0c8c912c499aa99c7e3e7b9b25f6d2546,1abf2f6ea8177648378fee950a88f0bbd912f8fd1a9a94c6f46ff82c85fc5dfa,90,-0.6233267910374889,0.1
3,0,unrounded_strict,side_informed,laplace,beta_half_half,20.0,current_only,0.001,c4eb3f123e007e47a54532da89e89ea0c8c912c499aa99c7e3e7b9b25f6d2546,e73249f76d68c68c2895e6b0a5e646db3c038f09716e4662f28d56afee6d55f4,90,-0.6197821916913497,0.1
3,0,unrounded_strict,side_informed,laplace,beta_half_half,20.0,current_only,0.01,c4eb3f123e007e47a54532da89e89ea0c8c912c499aa99c7e3e7b9b25f6d2546,a6d8f0b5aa98cac1cfc3149772ac77b8c0a63e0c93ab2796e6b99fed987d3715,90,-0.5957655110880391,0.1
3,0,unrounded_strict,side_informed,laplace,beta_half_half,20.0,current_only,0.1,c4eb3f123e007e47a54532da89e89ea0c8c912c499aa99c7e3e7b9b25f6d2546,0b3470c7988092437b45a782e63265b800a02aa7b762b1fe2d28c05a2d5048d9,90,-0.5686971301356628,0.1
3,1,unrounded_strict,side_informed,laplace,beta_half_half,20.0,current_only,0.0,bd4f2b8222f5d8f25a1a26e699004ec9648cbfd0ce2295443873a4bdc7fc8819,aa0d82b59c305ecb35176b7f5d22eec7f4826b35b16f273055b72106c1109f81,92,-0.6237401848926951,0.1
3,1,unrounded_strict,side_informed,laplace,beta_half_half,20.0,current_only,0.0001,bd4f2b8222f5d8f25a1a26e699004ec9648cbfd0ce2295443873a4bdc7fc8819,6c60e30a926f82a990485ef5cf49c802580c55d2644e69980341cbc2a763baa0,92,-0.6233267910374889,0.1
3,1,unrounded_strict,side_informed,laplace,beta_half_half,20.0,current_only,0.001,bd4f2b8222f5d8f25a1a26e699004ec9648cbfd0ce2295443873a4bdc7fc8819,f77d59d7ae398e625180e4d7c8785b6099b7261abef078e9383676a0997c53ec,92,-0.6197821916913497,0.1
3,1,unrounded_strict,side_informed,laplace,beta_half_half,20.0,current_only,0.01,bd4f2b8222f5d8f25a1a26e699004ec9648cbfd0ce2295443873a4bdc7fc8819,d7b43759bccb3384e3fa2dc58ceb6b24a865df0c1e6387f80036ccc6966aa1b7,92,-0.5957655110880391,0.1
3,1,unrounded_strict,side_informed,laplace,beta_half_half,20.0,current_only,0.1,bd4f2b8222f5d8f25a1a26e699004ec9648cbfd0ce2295443873a4bdc7fc8819,76acc447110e3e3c7fa653f2c0cfa3cab36b3b5046a150b88b9192343d238ae5,92,-0.5686971301356628,0.1
3,2,unrounded_strict,side_informed,laplace,beta_half_half,20.0,current_only,0.0,ca6c1308be8aeb6c90081d7ac48ad09189e97b63d2259750e1b8e2714ae1846e,8c2c8dcbd68da58a3af6ddaf9784932be748f4eef839c6eb3a301b429a217f9e,89,-0.6237401848926951,0.1
3,2,unrounded_strict,side_informed,laplace,beta_half_half,20.0,current_only,0.0001,ca6c1308be8aeb6c90081d7ac48ad09189e97b63d2259750e1b8e2714ae1846e,dc20cd7cb18bb7f61737a8ab1382218de3b3c51caf782aca887cd373c7e4bbe4,89,-0.6233267910374889,0.1
3,2,unrounded_strict,side_informed,laplace,beta_half_half,20.0,current_only,0.001,ca6c1308be8aeb6c90081d7ac48ad09189e97b63d2259750e1b8e2714ae1846e,b93f071ae8bf651f2bd7044a9d4cc8f4efc02cb76645ff2c168dac4f4f342b24,89,-0.6197821916913497,0.1
3,2,unrounded_strict,side_informed,laplace,beta_half_half,20.0,current_only,0.01,ca6c1308be8aeb6c90081d7ac48ad09189e97b63d2259750e1b8e2714ae1846e,a9957aed7ff8984d3465534a9b76753d1d407f14b4996d5da3ba54c76a06f9f3,89,-0.5957655110880391,0.1
3,2,unrounded_strict,side_informed,laplace,beta_half_half,20.0,current_only,0.1,ca6c1308be8aeb6c90081d7ac48ad09189e97b63d2259750e1b8e2714ae1846e,7c31bd9d79e1c4618d69045ca90a554c217b6ee5886df92f15f4ca39af24e55b,89,-0.5686971301356628,0.1
3,0,unrounded_strict,side_informed,laplace,beta_half_half,20.0,input_plus_surface,0.0,c4eb3f123e007e47a54532da89e89ea0c8c912c499aa99c7e3e7b9b25f6d2546,9578ae18ed17dedc368ed145608d91c8f70c7ae132075e1c6e5b6a4c3e662235,90,-0.3232793657745653,0.01
3,0,unrounded_strict,side_informed,laplace,beta_half_half,20.0,input_plus_surface,0.0001,c4eb3f123e007e47a54532da89e89ea0c8c912c499aa99c7e3e7b9b25f6d2546,65df054d7204e6ce15fbf260d18e1e3e1b774258f795b382af36496fdc932731,90,-0.3220194006825306,0.01
3,0,unrounded_strict,side_informed,laplace,beta_half_half,20.0,input_plus_surface,0.001,c4eb3f123e007e47a54532da89e89ea0c8c912c499aa99c7e3e7b9b25f6d2546,2e80ce9b98201107ba469f6ce1ea509a20f38b61ff5a6979a05ccfb2758b8de9,90,-0.3140145659224537,0.01
3,0,unrounded_strict,side_informed,laplace,beta_half_half,20.0,input_plus_surface,0.01,c4eb3f123e007e47a54532da89e89ea0c8c912c499aa99c7e3e7b9b25f6d2546,c0da9d5adec0fe8a369191e6bc36fed33a55a74510963257df7e25f2408f1f57,90,-0.29787446079508206,0.01
3,0,unrounded_strict,side_informed,laplace,beta_half_half,20.0,input_plus_surface,0.1,c4eb3f123e007e47a54532da89e89ea0c8c912c499aa99c7e3e7b9b25f6d2546,e628e5506c563c96b0d5543d2ce55ddf0579dc5661dd8565a0b4b6a8a88508e2,90,-0.35634876360856504,0.01
3,1,unrounded_strict,side_informed,laplace,beta_half_half,20.0,input_plus_surface,0.0,bd4f2b8222f5d8f25a1a26e699004ec9648cbfd0ce2295443873a4bdc7fc8819,efc05ac975ae9257fb0560addd3b4f0d224fec56c7f98384bef406e9fff46cd4,92,-0.3232793657745653,0.01
3,1,unrounded_strict,side_informed,laplace,beta_half_half,20.0,input_plus_surface,0.0001,bd4f2b8222f5d8f25a1a26e699004ec9648cbfd0ce2295443873a4bdc7fc8819,63f835e4d1f98757d76546016afaa37fb322597e9d3472e61871d50771ef68a9,92,-0.3220194006825306,0.01
3,1,unrounded_strict,side_informed,laplace,beta_half_half,20.0,input_plus_surface,0.001,bd4f2b8222f5d8f25a1a26e699004ec9648cbfd0ce2295443873a4bdc7fc8819,b2dbc77ce2a60a9c2ee5cc1019086c368dc53bfd91c3a959421fd8d4847ae019,92,-0.3140145659224537,0.01
3,1,unrounded_strict,side_informed,laplace,beta_half_half,20.0,input_plus_surface,0.01,bd4f2b8222f5d8f25a1a26e699004ec9648cbfd0ce2295443873a4bdc7fc8819,34f5179983b76528e154f03ac74a9c4d7f7d4ce1d228eec877e67a24e9514b9b,92,-0.29787446079508206,0.01
3,1,unrounded_strict,side_informed,laplace,beta_half_half,20.0,input_plus_surface,0.1,bd4f2b8222f5d8f25a1a26e699004ec9648cbfd0ce2295443873a4bdc7fc8819,a1bdba9492935627da392ee9a28c172b478205a626365f712c99be65c9cbe5ac,92,-0.35634876360856504,0.01
3,2,unrounded_strict,side_informed,laplace,beta_half_half,20.0,input_plus_surface,0.0,ca6c1308be8aeb6c90081d7ac48ad09189e97b63d2259750e1b8e2714ae1846e,d98eedbea1d9c40a34a5efc3e2ede605f54cbbf497beda089fec9b09cda2e22c,89,-0.3232793657745653,0.01
3,2,unrounded_strict,side_informed,laplace,beta_half_half,20.0,input_plus_surface,0.0001,ca6c1308be8aeb6c90081d7ac48ad09189e97b63d2259750e1b8e2714ae1846e,fb2a4cc73d5a581593e643af60aad4d498f4502260bdee0c513e0316ee0222db,89,-0.3220194006825306,0.01
3,2,unrounded_strict,side_informed,laplace,beta_half_half,20.0,input_plus_surface,0.001,ca6c1308be8aeb6c90081d7ac48ad09189e97b63d2259750e1b8e2714ae1846e,237ddaed15446db42044bf4e530c15e8f6a2a744b93a1637ec3c2138ebe6174b,89,-0.3140145659224537,0.01
3,2,unrounded_strict,side_informed,laplace,beta_half_half,20.0,input_plus_surface,0.01,ca6c1308be8aeb6c90081d7ac48ad09189e97b63d2259750e1b8e2714ae1846e,51c375e8b9653c528ede0597837d22d8a5d4933645a00ee57020a6a37c475d03,89,-0.29787446079508206,0.01
3,2,unrounded_strict,side_informed,laplace,beta_half_half,20.0,input_plus_surface,0.1,ca6c1308be8aeb6c90081d7ac48ad09189e97b63d2259750e1b8e2714ae1846e,b29ba313ed0e2ec19ecb34b37697e7714a1d8c1fb528fa10eb0f6c4df8ab104c,89,-0.35634876360856504,0.01
3,0,unrounded_strict,side_informed,laplace,beta_half_half,20.0,HU_plus_surface,0.0,c4eb3f123e007e47a54532da89e89ea0c8c912c499aa99c7e3e7b9b25f6d2546,711d7d9c9007c2e04acfb2ee9253fc12af77fac10b4b27b964756335c81a0edd,90,-0.3046354442955206,0.01
3,0,unrounded_strict,side_informed,laplace,beta_half_half,20.0,HU_plus_surface,0.0001,c4eb3f123e007e47a54532da89e89ea0c8c912c499aa99c7e3e7b9b25f6d2546,5b0828ee9b1dd3e13c516bf3d51d64977c5381f2cd9b0a5cfd791d319c7ceef1,90,-0.30338673338649874,0.01
3,0,unrounded_strict,side_informed,laplace,beta_half_half,20.0,HU_plus_surface,0.001,c4eb3f123e007e47a54532da89e89ea0c8c912c499aa99c7e3e7b9b25f6d2546,6d9bf43f3bff217352a29d6fb4d25484481141497bd4ec4ff4ab3a96782408af,90,-0.29568835151211725,0.01
3,0,unrounded_strict,side_informed,laplace,beta_half_half,20.0,HU_plus_surface,0.01,c4eb3f123e007e47a54532da89e89ea0c8c912c499aa99c7e3e7b9b25f6d2546,efafc15d4fd52fabc279d0ad9fae6d2949728a604a663cde4988bc2393d1c438,90,-0.2826943200954233,0.01
3,0,unrounded_strict,side_informed,laplace,beta_half_half,20.0,HU_plus_surface,0.1,c4eb3f123e007e47a54532da89e89ea0c8c912c499aa99c7e3e7b9b25f6d2546,4652e2286bc22389818369aa76cea7b0d019c46f927e61a6fdf96dba7f292e22,90,-0.349069226688108,0.01
3,1,unrounded_strict,side_informed,laplace,beta_half_half,20.0,HU_plus_surface,0.0,bd4f2b8222f5d8f25a1a26e699004ec9648cbfd0ce2295443873a4bdc7fc8819,973cbeee11bf7bcad6fafc33c07c9c2a858a9b3c908ce40279dd43f5fd0e0664,92,-0.3046354442955206,0.01
3,1,unrounded_strict,side_informed,laplace,beta_half_half,20.0,HU_plus_surface,0.0001,bd4f2b8222f5d8f25a1a26e699004ec9648cbfd0ce2295443873a4bdc7fc8819,f925288057c1112fe48b4e43ed5ced0f3bba1e7a1a24c451b2e8bfc20f81672a,92,-0.30338673338649874,0.01
3,1,unrounded_strict,side_informed,laplace,beta_half_half,20.0,HU_plus_surface,0.001,bd4f2b8222f5d8f25a1a26e699004ec9648cbfd0ce2295443873a4bdc7fc8819,6f7883faa6bee3ecee9e47c765c5779918b8ec4ac50d3e22dc82d14dc416a146,92,-0.29568835151211725,0.01
3,1,unrounded_strict,side_informed,laplace,beta_half_half,20.0,HU_plus_surface,0.01,bd4f2b8222f5d8f25a1a26e699004ec9648cbfd0ce2295443873a4bdc7fc8819,398c61a2d1e22226455eb9db420872ecb959f1be732fec5c7ba8f6e76f55ffb3,92,-0.2826943200954233,0.01
3,1,unrounded_strict,side_informed,laplace,beta_half_half,20.0,HU_plus_surface,0.1,bd4f2b8222f5d8f25a1a26e699004ec9648cbfd0ce2295443873a4bdc7fc8819,5515dcc31a21a229431fd2d4320b66d6619f75eb63144fac6fd24ebc461d7d55,92,-0.349069226688108,0.01
3,2,unrounded_strict,side_informed,laplace,beta_half_half,20.0,HU_plus_surface,0.0,ca6c1308be8aeb6c90081d7ac48ad09189e97b63d2259750e1b8e2714ae1846e,658547cf8836fe87e506bab3ee0641f8b6ec9869bc72d01c08e5823caca07b86,89,-0.3046354442955206,0.01
3,2,unrounded_strict,side_informed,laplace,beta_half_half,20.0,HU_plus_surface,0.0001,ca6c1308be8aeb6c90081d7ac48ad09189e97b63d2259750e1b8e2714ae1846e,cd409af05a1070c91f6f3d2f07344bb93e7fa16bf9bd8f0ba2bc2b663b7e6ab5,89,-0.30338673338649874,0.01
3,2,unrounded_strict,side_informed,laplace,beta_half_half,20.0,HU_plus_surface,0.001,ca6c1308be8aeb6c90081d7ac48ad09189e97b63d2259750e1b8e2714ae1846e,99945d56ec12e3de87b81cbfe370519a87e9d0376a867ac5b28a18694a6869cc,89,-0.29568835151211725,0.01
3,2,unrounded_strict,side_informed,laplace,beta_half_half,20.0,HU_plus_surface,0.01,ca6c1308be8aeb6c90081d7ac48ad09189e97b63d2259750e1b8e2714ae1846e,3a60509271c154f38ce5b22b74c26f0fd7d73088564ad1957485c16e6fb78c8a,89,-0.2826943200954233,0.01
3,2,unrounded_strict,side_informed,laplace,beta_half_half,20.0,HU_plus_surface,0.1,ca6c1308be8aeb6c90081d7ac48ad09189e97b63d2259750e1b8e2714ae1846e,54e35e438dc2277ed1ea9e31016e66d105cfebcb035035e8259e190260b40fc2,89,-0.349069226688108,0.01
3,0,unrounded_strict,side_informed,laplace,beta_half_half,20.0,retention_bounded_plus_HU,0.0,c4eb3f123e007e47a54532da89e89ea0c8c912c499aa99c7e3e7b9b25f6d2546,f9e2a346ef4f6ba6c31c37d30399bb933e6e2cfd695ecfac70184503e4e987f2,90,-0.31865545898856457,0.01
3,0,unrounded_strict,side_informed,laplace,beta_half_half,20.0,retention_bounded_plus_HU,0.0001,c4eb3f123e007e47a54532da89e89ea0c8c912c499aa99c7e3e7b9b25f6d2546,64d4f11a67d75d0dc7bf148f050686692749f2dabe64071ae4aa8aafcabe7e01,90,-0.318223858745178,0.01
3,0,unrounded_strict,side_informed,laplace,beta_half_half,20.0,retention_bounded_plus_HU,0.001,c4eb3f123e007e47a54532da89e89ea0c8c912c499aa99c7e3e7b9b25f6d2546,cddd4313b23bcc1200a49533f888e521c1384c36a205d7253a4a2c6c547bb7ad,90,-0.3139932311332244,0.01
3,0,unrounded_strict,side_informed,laplace,beta_half_half,20.0,retention_bounded_plus_HU,0.01,c4eb3f123e007e47a54532da89e89ea0c8c912c499aa99c7e3e7b9b25f6d2546,5e0a4d3dd8213f4aec1f5c49ad67dd060b4a5ccf634f99cb7dff23772d0a9cf0,90,-0.30062118994998127,0.01
3,0,unrounded_strict,side_informed,laplace,beta_half_half,20.0,retention_bounded_plus_HU,0.1,c4eb3f123e007e47a54532da89e89ea0c8c912c499aa99c7e3e7b9b25f6d2546,a3983ce1cf804849ab2dab787a27f5db0118095a3908205dc26805954e9e938f,90,-0.3164889392345732,0.01
3,1,unrounded_strict,side_informed,laplace,beta_half_half,20.0,retention_bounded_plus_HU,0.0,bd4f2b8222f5d8f25a1a26e699004ec9648cbfd0ce2295443873a4bdc7fc8819,e3323aa7a59dd7e0235c88637fc16a734f22bd3a1f167b6fd7531eea5384625e,92,-0.31865545898856457,0.01
3,1,unrounded_strict,side_informed,laplace,beta_half_half,20.0,retention_bounded_plus_HU,0.0001,bd4f2b8222f5d8f25a1a26e699004ec9648cbfd0ce2295443873a4bdc7fc8819,025a55e2b79f96f92a8e2a770470efe3fa5718b6e417a689d0a82291d1a19695,92,-0.318223858745178,0.01
3,1,unrounded_strict,side_informed,laplace,beta_half_half,20.0,retention_bounded_plus_HU,0.001,bd4f2b8222f5d8f25a1a26e699004ec9648cbfd0ce2295443873a4bdc7fc8819,952aa9b8e6ba8473ec9597d87894a84c608e69e3dfab5a93226f7b4c277a6dcc,92,-0.3139932311332244,0.01
3,1,unrounded_strict,side_informed,laplace,beta_half_half,20.0,retention_bounded_plus_HU,0.01,bd4f2b8222f5d8f25a1a26e699004ec9648cbfd0ce2295443873a4bdc7fc8819,f6083b5ea801e3a71abcbe0b61e764ab68d8712c97f68494b3255ff382441412,92,-0.30062118994998127,0.01
3,1,unrounded_strict,side_informed,laplace,beta_half_half,20.0,retention_bounded_plus_HU,0.1,bd4f2b8222f5d8f25a1a26e699004ec9648cbfd0ce2295443873a4bdc7fc8819,7197fbd24d82b0db4d086a8e65212822643e206d69efbe49a9d2b53a813722e0,92,-0.3164889392345732,0.01
3,2,unrounded_strict,side_informed,laplace,beta_half_half,20.0,retention_bounded_plus_HU,0.0,ca6c1308be8aeb6c90081d7ac48ad09189e97b63d2259750e1b8e2714ae1846e,6c3c79cbf1eea351faa9c1309aff6604c84ae2bb91cdf4963e03349ab8b7e36d,89,-0.31865545898856457,0.01
3,2,unrounded_strict,side_informed,laplace,beta_half_half,20.0,retention_bounded_plus_HU,0.0001,ca6c1308be8aeb6c90081d7ac48ad09189e97b63d2259750e1b8e2714ae1846e,7d25f3c97077a7ba3546ba4db96ad2328769f5756383e4fc0d37ede183af8e7d,89,-0.318223858745178,0.01
3,2,unrounded_strict,side_informed,laplace,beta_half_half,20.0,retention_bounded_plus_HU,0.001,ca6c1308be8aeb6c90081d7ac48ad09189e97b63d2259750e1b8e2714ae1846e,ea6128b8c2d26da85ef22430ac30b470733ee5a7bcf0829576bbbd9d6d82fab7,89,-0.3139932311332244,0.01
3,2,unrounded_strict,side_informed,laplace,beta_half_half,20.0,retention_bounded_plus_HU,0.01,ca6c1308be8aeb6c90081d7ac48ad09189e97b63d2259750e1b8e2714ae1846e,114317adb6ad4ecd4a733fb704d088dfa57f29d67a3fd45198e360ad345b4dfe,89,-0.30062118994998127,0.01
3,2,unrounded_strict,side_informed,laplace,beta_half_half,20.0,retention_bounded_plus_HU,0.1,ca6c1308be8aeb6c90081d7ac48ad09189e97b63d2259750e1b8e2714ae1846e,b00941dd20983d58f1efb24c50c0c3af5a6e59bba19abf3de8068d9fd7722b1b,89,-0.3164889392345732,0.01
3,0,unrounded_strict,side_informed,gh80,beta_half_half,20.0,HU_plus_surface,0.0,c4eb3f123e007e47a54532da89e89ea0c8c912c499aa99c7e3e7b9b25f6d2546,3a7d1236dbc6d6d8f2be919b70c872a13418f5782fe032c3c2c588497a87fc43,90,-0.3111745354124699,0.01
3,0,unrounded_strict,side_informed,gh80,beta_half_half,20.0,HU_plus_surface,0.0001,c4eb3f123e007e47a54532da89e89ea0c8c912c499aa99c7e3e7b9b25f6d2546,611358e4047745fd455d06817f0da99b229cdec51fc11146d0b17db8b2d59cc8,90,-0.3098375944233278,0.01
3,0,unrounded_strict,side_informed,gh80,beta_half_half,20.0,HU_plus_surface,0.001,c4eb3f123e007e47a54532da89e89ea0c8c912c499aa99c7e3e7b9b25f6d2546,afb5cda3b737f55a814be89ddf1c0c390b37dfefc2c2480a9eec973636f9a42b,90,-0.30148256567938697,0.01
3,0,unrounded_strict,side_informed,gh80,beta_half_half,20.0,HU_plus_surface,0.01,c4eb3f123e007e47a54532da89e89ea0c8c912c499aa99c7e3e7b9b25f6d2546,a4139eae2170e23a63d6f034788d358dc74faf1abb9117564e2336b1df5aaa56,90,-0.28649107207475055,0.01
3,0,unrounded_strict,side_informed,gh80,beta_half_half,20.0,HU_plus_surface,0.1,c4eb3f123e007e47a54532da89e89ea0c8c912c499aa99c7e3e7b9b25f6d2546,721d98e321e004b381570c43c5786c575326f004fbbc025226edf77cf6be29fb,90,-0.351473833830261,0.01
3,1,unrounded_strict,side_informed,gh80,beta_half_half,20.0,HU_plus_surface,0.0,bd4f2b8222f5d8f25a1a26e699004ec9648cbfd0ce2295443873a4bdc7fc8819,971d4f49d1dec241b5be757233c68058752ef25e4443946ce11e0b5888f18c80,92,-0.3111745354124699,0.01
3,1,unrounded_strict,side_informed,gh80,beta_half_half,20.0,HU_plus_surface,0.0001,bd4f2b8222f5d8f25a1a26e699004ec9648cbfd0ce2295443873a4bdc7fc8819,42c2f5cc79c3422a01bc996cc44486ef8672b440276efcfd382e802e239d6d0f,92,-0.3098375944233278,0.01
3,1,unrounded_strict,side_informed,gh80,beta_half_half,20.0,HU_plus_surface,0.001,bd4f2b8222f5d8f25a1a26e699004ec9648cbfd0ce2295443873a4bdc7fc8819,4c0f15617c1b057347b6349da0f303c38c7e63fdf4426ad6e6d58b8a6601e392,92,-0.30148256567938697,0.01
3,1,unrounded_strict,side_informed,gh80,beta_half_half,20.0,HU_plus_surface,0.01,bd4f2b8222f5d8f25a1a26e699004ec9648cbfd0ce2295443873a4bdc7fc8819,4268f0c907ab22e0252704022b4a5b3adaaf8b72415133c289a51ac0f00c09e6,92,-0.28649107207475055,0.01
3,1,unrounded_strict,side_informed,gh80,beta_half_half,20.0,HU_plus_surface,0.1,bd4f2b8222f5d8f25a1a26e699004ec9648cbfd0ce2295443873a4bdc7fc8819,5627c94ffb137d714b960c28b802d187fa57011b3fa3ef7a17fad6367a950850,92,-0.351473833830261,0.01
3,2,unrounded_strict,side_informed,gh80,beta_half_half,20.0,HU_plus_surface,0.0,ca6c1308be8aeb6c90081d7ac48ad09189e97b63d2259750e1b8e2714ae1846e,b48b48ae349b40282b9e8b8d38bc99095c73c5b9caf8bc8294f6e47e3c3ecdf1,89,-0.3111745354124699,0.01
3,2,unrounded_strict,side_informed,gh80,beta_half_half,20.0,HU_plus_surface,0.0001,ca6c1308be8aeb6c90081d7ac48ad09189e97b63d2259750e1b8e2714ae1846e,e22a3ed3c0e5a3ef3664654537c9f3bd72ed0fd097db7061c19334890779a1fd,89,-0.3098375944233278,0.01
3,2,unrounded_strict,side_informed,gh80,beta_half_half,20.0,HU_plus_surface,0.001,ca6c1308be8aeb6c90081d7ac48ad09189e97b63d2259750e1b8e2714ae1846e,ad80d02d496ba9630a1162904646a7a87b2493c582c0719ad0df0dcc3681eae1,89,-0.30148256567938697,0.01
3,2,unrounded_strict,side_informed,gh80,beta_half_half,20.0,HU_plus_surface,0.01,ca6c1308be8aeb6c90081d7ac48ad09189e97b63d2259750e1b8e2714ae1846e,5855d55e00e882c58db5752a6ce3c7cea88bd335462f5721d21b0baa31833625,89,-0.28649107207475055,0.01
3,2,unrounded_strict,side_informed,gh80,beta_half_half,20.0,HU_plus_surface,0.1,ca6c1308be8aeb6c90081d7ac48ad09189e97b63d2259750e1b8e2714ae1846e,c87212802a70aee84b00b6711f0c251d187c92d9cecaba91dee044da324dc3e1,89,-0.351473833830261,0.01
3,0,unrounded_strict,side_informed,gh80,beta_half_half,20.0,retention_bounded_plus_HU,0.0,c4eb3f123e007e47a54532da89e89ea0c8c912c499aa99c7e3e7b9b25f6d2546,0736763b23fdbbc15fcd31e8598ba247de74a42786358f7027a94f7842a9232d,90,-0.3218514448448712,0.01
3,0,unrounded_strict,side_informed,gh80,beta_half_half,20.0,retention_bounded_plus_HU,0.0001,c4eb3f123e007e47a54532da89e89ea0c8c912c499aa99c7e3e7b9b25f6d2546,b79d12cab1e252c9a1927df3e86b92aa993fdd36c3374fb7af885af03ca64cfe,90,-0.32124422244937406,0.01
3,0,unrounded_strict,side_informed,gh80,beta_half_half,20.0,retention_bounded_plus_HU,0.001,c4eb3f123e007e47a54532da89e89ea0c8c912c499aa99c7e3e7b9b25f6d2546,f6e28c6d0c32270d7e1d639bedab99028b0f41357551b89acf2ed44c88991d11,90,-0.31649931195401393,0.01
3,0,unrounded_strict,side_informed,gh80,beta_half_half,20.0,retention_bounded_plus_HU,0.01,c4eb3f123e007e47a54532da89e89ea0c8c912c499aa99c7e3e7b9b25f6d2546,3b0b886d079275e16acc6087069cef10b987db17b6247c943ec303095e51acd6,90,-0.3026116818593347,0.01
3,0,unrounded_strict,side_informed,gh80,beta_half_half,20.0,retention_bounded_plus_HU,0.1,c4eb3f123e007e47a54532da89e89ea0c8c912c499aa99c7e3e7b9b25f6d2546,0b8b061bd7ebdcc0061c204b7cffabfd86482897a586a1ea95d1a16a43244964,90,-0.31799886460301785,0.01
3,1,unrounded_strict,side_informed,gh80,beta_half_half,20.0,retention_bounded_plus_HU,0.0,bd4f2b8222f5d8f25a1a26e699004ec9648cbfd0ce2295443873a4bdc7fc8819,8b1f1926c68a457d073b65849cd4db0240287a8b58175aa4f0c3c274e7596656,92,-0.3218514448448712,0.01
3,1,unrounded_strict,side_informed,gh80,beta_half_half,20.0,retention_bounded_plus_HU,0.0001,bd4f2b8222f5d8f25a1a26e699004ec9648cbfd0ce2295443873a4bdc7fc8819,cc2c8dd5f6afab7eb13077d157857340d24a17c70873fa0f3bc1aa164a7da42b,92,-0.32124422244937406,0.01
3,1,unrounded_strict,side_informed,gh80,beta_half_half,20.0,retention_bounded_plus_HU,0.001,bd4f2b8222f5d8f25a1a26e699004ec9648cbfd0ce2295443873a4bdc7fc8819,d5ac41d9a757b23c55dc61257bd56d6751aa5317071a0870e652c85c89caaef8,92,-0.31649931195401393,0.01
3,1,unrounded_strict,side_informed,gh80,beta_half_half,20.0,retention_bounded_plus_HU,0.01,bd4f2b8222f5d8f25a1a26e699004ec9648cbfd0ce2295443873a4bdc7fc8819,0689d72b59d0acacf6bbb338d961000ae5aa731f7cc879532f432ff0d243bc5f,92,-0.3026116818593347,0.01
3,1,unrounded_strict,side_informed,gh80,beta_half_half,20.0,retention_bounded_plus_HU,0.1,bd4f2b8222f5d8f25a1a26e699004ec9648cbfd0ce2295443873a4bdc7fc8819,a173e721caff23d8b4688cf7e43be84a06dfd9f74a46cc647463b959d63d874d,92,-0.31799886460301785,0.01
3,2,unrounded_strict,side_informed,gh80,beta_half_half,20.0,retention_bounded_plus_HU,0.0,ca6c1308be8aeb6c90081d7ac48ad09189e97b63d2259750e1b8e2714ae1846e,8be7ce31ce2daebb6172c09573904b96d16854299cb5f3ff439798b52158f3d3,89,-0.3218514448448712,0.01
3,2,unrounded_strict,side_informed,gh80,beta_half_half,20.0,retention_bounded_plus_HU,0.0001,ca6c1308be8aeb6c90081d7ac48ad09189e97b63d2259750e1b8e2714ae1846e,691b3576c503cf8d46774c2ed09dd75c309cef9e1638211c6730be6c937da74d,89,-0.32124422244937406,0.01
3,2,unrounded_strict,side_informed,gh80,beta_half_half,20.0,retention_bounded_plus_HU,0.001,ca6c1308be8aeb6c90081d7ac48ad09189e97b63d2259750e1b8e2714ae1846e,d9ceac10ce22eff571b8df9a293049c81137d0ba2d1a89cc77573f938c952f13,89,-0.31649931195401393,0.01
3,2,unrounded_strict,side_informed,gh80,beta_half_half,20.0,retention_bounded_plus_HU,0.01,ca6c1308be8aeb6c90081d7ac48ad09189e97b63d2259750e1b8e2714ae1846e,42cb0a57a481a008c22470c8b4c14ed5813d888e474e4ec15e29bda75476f359,89,-0.3026116818593347,0.01
3,2,unrounded_strict,side_informed,gh80,beta_half_half,20.0,retention_bounded_plus_HU,0.1,ca6c1308be8aeb6c90081d7ac48ad09189e97b63d2259750e1b8e2714ae1846e,74dd78d9abcf3c64cc6bc22b95000b45df17d033d2c856033b57c60e3255299a,89,-0.31799886460301785,0.01
3,0,unrounded_strict,wholly_unseen,laplace,beta_half_half,20.0,retention_bounded,0.0,c4eb3f123e007e47a54532da89e89ea0c8c912c499aa99c7e3e7b9b25f6d2546,29233bdb6f5c0758ae1efdebaf09773db0154d5ef763abe98fd01401e024e1bd,90,-0.7258094828628051,0.01
3,0,unrounded_strict,wholly_unseen,laplace,beta_half_half,20.0,retention_bounded,0.0001,c4eb3f123e007e47a54532da89e89ea0c8c912c499aa99c7e3e7b9b25f6d2546,f30ed6b8c9116368972221647146c7dca84babedc43f52474516f454ac813018,90,-0.7229943330361944,0.01
3,0,unrounded_strict,wholly_unseen,laplace,beta_half_half,20.0,retention_bounded,0.001,c4eb3f123e007e47a54532da89e89ea0c8c912c499aa99c7e3e7b9b25f6d2546,f5b77bf9a4ab759914712b32d14e49b414d66f25ab8383370c35f13e22924417,90,-0.7025678475069176,0.01
3,0,unrounded_strict,wholly_unseen,laplace,beta_half_half,20.0,retention_bounded,0.01,c4eb3f123e007e47a54532da89e89ea0c8c912c499aa99c7e3e7b9b25f6d2546,7e5f6592c0e4b49947db7c3baac77f5066884d917d32fa8779592ba53f32f1bb,90,-0.6358893558108877,0.01
3,0,unrounded_strict,wholly_unseen,laplace,beta_half_half,20.0,retention_bounded,0.1,c4eb3f123e007e47a54532da89e89ea0c8c912c499aa99c7e3e7b9b25f6d2546,0d34cb201775ca28ae3b2a9b13123ecb77afa9c10d87923d62477f57dbc97be7,90,-0.6362076750450998,0.01
3,1,unrounded_strict,wholly_unseen,laplace,beta_half_half,20.0,retention_bounded,0.0,bd4f2b8222f5d8f25a1a26e699004ec9648cbfd0ce2295443873a4bdc7fc8819,d140cc54d049139ff0b51ec80f1e38acdf3c71d5f1dce4fc4bfa223f1699e231,92,-0.7258094828628051,0.01
3,1,unrounded_strict,wholly_unseen,laplace,beta_half_half,20.0,retention_bounded,0.0001,bd4f2b8222f5d8f25a1a26e699004ec9648cbfd0ce2295443873a4bdc7fc8819,12316ed5cf34a77e1d4e3451a392cfaf01f6c43063471ff1d9f73956dae8a186,92,-0.7229943330361944,0.01
3,1,unrounded_strict,wholly_unseen,laplace,beta_half_half,20.0,retention_bounded,0.001,bd4f2b8222f5d8f25a1a26e699004ec9648cbfd0ce2295443873a4bdc7fc8819,c82979e47e8edcadf8d6ec072cf37195a54200e18dffcb68700357c4e5ee250a,92,-0.7025678475069176,0.01
3,1,unrounded_strict,wholly_unseen,laplace,beta_half_half,20.0,retention_bounded,0.01,bd4f2b8222f5d8f25a1a26e699004ec9648cbfd0ce2295443873a4bdc7fc8819,151f6d151538374a3ccd4fb29a9331da1330613c24f51ab87c6f9e33f08765e1,92,-0.6358893558108877,0.01
3,1,unrounded_strict,wholly_unseen,laplace,beta_half_half,20.0,retention_bounded,0.1,bd4f2b8222f5d8f25a1a26e699004ec9648cbfd0ce2295443873a4bdc7fc8819,019e0ab4cdb3f4b8b29fdeef50487b6c97aeee848ce74187e725db56b343bcaf,92,-0.6362076750450998,0.01
3,2,unrounded_strict,wholly_unseen,laplace,beta_half_half,20.0,retention_bounded,0.0,ca6c1308be8aeb6c90081d7ac48ad09189e97b63d2259750e1b8e2714ae1846e,e6e78038cce9bdfb9f5fb36df6638d444d0b22ea85587d9e922f90b9da5a22b4,89,-0.7258094828628051,0.01
3,2,unrounded_strict,wholly_unseen,laplace,beta_half_half,20.0,retention_bounded,0.0001,ca6c1308be8aeb6c90081d7ac48ad09189e97b63d2259750e1b8e2714ae1846e,28cf210a030dfa8390d2adca2b71cf7b3c1f79e3b3698cd453cf9c2677b91fb0,89,-0.7229943330361944,0.01
3,2,unrounded_strict,wholly_unseen,laplace,beta_half_half,20.0,retention_bounded,0.001,ca6c1308be8aeb6c90081d7ac48ad09189e97b63d2259750e1b8e2714ae1846e,c064e19b3eea4bb9f5089de9cca458e6125c4de0e4d3f1ad8fb22b4a9524194b,89,-0.7025678475069176,0.01
3,2,unrounded_strict,wholly_unseen,laplace,beta_half_half,20.0,retention_bounded,0.01,ca6c1308be8aeb6c90081d7ac48ad09189e97b63d2259750e1b8e2714ae1846e,6a52f64a11509189d9d73ebb357f69067aa725b32819f5db1d7139eba448d0e5,89,-0.6358893558108877,0.01
3,2,unrounded_strict,wholly_unseen,laplace,beta_half_half,20.0,retention_bounded,0.1,ca6c1308be8aeb6c90081d7ac48ad09189e97b63d2259750e1b8e2714ae1846e,7c8875abc86ca1bade3d22fc3cc642c2d5715d0c1b276019d1c6ca8c62e06ef2,89,-0.6362076750450998,0.01
3,0,unrounded_strict,wholly_unseen,laplace,beta_half_half,20.0,retention_nonnegative,0.0,c4eb3f123e007e47a54532da89e89ea0c8c912c499aa99c7e3e7b9b25f6d2546,ac68ea55edeb68bc842068cc64207f3e2093fdbbf1559a73dbe76e1fa7a9de22,90,-0.7258094827687007,0.01
3,0,unrounded_strict,wholly_unseen,laplace,beta_half_half,20.0,retention_nonnegative,0.0001,c4eb3f123e007e47a54532da89e89ea0c8c912c499aa99c7e3e7b9b25f6d2546,8c29b69a16a2289eefea6505b854067b8e4ced1bee07633d7decf35e3bbafcba,90,-0.7173771033610006,0.01
3,0,unrounded_strict,wholly_unseen,laplace,beta_half_half,20.0,retention_nonnegative,0.001,c4eb3f123e007e47a54532da89e89ea0c8c912c499aa99c7e3e7b9b25f6d2546,61d0f7a815d161b2a409ebff6f12884bc1e7e0a69bcbede4f77cac626fd7b37d,90,-0.6713218027237443,0.01
3,0,unrounded_strict,wholly_unseen,laplace,beta_half_half,20.0,retention_nonnegative,0.01,c4eb3f123e007e47a54532da89e89ea0c8c912c499aa99c7e3e7b9b25f6d2546,cacc869c952eef962b503bacb6c2b308652c0133eb31f97e6b88095f66190948,90,-0.6189107681152742,0.01
3,0,unrounded_strict,wholly_unseen,laplace,beta_half_half,20.0,retention_nonnegative,0.1,c4eb3f123e007e47a54532da89e89ea0c8c912c499aa99c7e3e7b9b25f6d2546,c122e19d5d977246520149d00d6bc5b2526ad8d8938f232f00fe63e89c1da355,90,-0.6874592614072244,0.01
3,1,unrounded_strict,wholly_unseen,laplace,beta_half_half,20.0,retention_nonnegative,0.0,bd4f2b8222f5d8f25a1a26e699004ec9648cbfd0ce2295443873a4bdc7fc8819,64447257bb16a857114bd225a4c9229afc4b341e4d8d9d4dab2c3be023e244fe,92,-0.7258094827687007,0.01
3,1,unrounded_strict,wholly_unseen,laplace,beta_half_half,20.0,retention_nonnegative,0.0001,bd4f2b8222f5d8f25a1a26e699004ec9648cbfd0ce2295443873a4bdc7fc8819,89d53fc8c94ac8b61e6e99f68ece51638b6e70983d39db57950b8dbd6e208764,92,-0.7173771033610006,0.01
3,1,unrounded_strict,wholly_unseen,laplace,beta_half_half,20.0,retention_nonnegative,0.001,bd4f2b8222f5d8f25a1a26e699004ec9648cbfd0ce2295443873a4bdc7fc8819,dec6dffe8761ef71a250ce899022c9918b3458ed4f38443468c9091ccc9d5890,92,-0.6713218027237443,0.01
3,1,unrounded_strict,wholly_unseen,laplace,beta_half_half,20.0,retention_nonnegative,0.01,bd4f2b8222f5d8f25a1a26e699004ec9648cbfd0ce2295443873a4bdc7fc8819,bb40c2a76eace0983f5bdbd9cfcb5188fd20f666b36780932e67337131f97ada,92,-0.6189107681152742,0.01
3,1,unrounded_strict,wholly_unseen,laplace,beta_half_half,20.0,retention_nonnegative,0.1,bd4f2b8222f5d8f25a1a26e699004ec9648cbfd0ce2295443873a4bdc7fc8819,df0c46f1736a3e70da35a6a4623df47ba9cc3bce1c310fd77a55ba94c823ecce,92,-0.6874592614072244,0.01
3,2,unrounded_strict,wholly_unseen,laplace,beta_half_half,20.0,retention_nonnegative,0.0,ca6c1308be8aeb6c90081d7ac48ad09189e97b63d2259750e1b8e2714ae1846e,add99e61c53c3c9b6e2c7f7b38dfa1dbd1d66ff85351cba6eb3c0cdc084eaf50,89,-0.7258094827687007,0.01
3,2,unrounded_strict,wholly_unseen,laplace,beta_half_half,20.0,retention_nonnegative,0.0001,ca6c1308be8aeb6c90081d7ac48ad09189e97b63d2259750e1b8e2714ae1846e,1f967786bcbb8b077084397dca5530d3e0f6b06c7d2ca9061a3c6854e2926ec6,89,-0.7173771033610006,0.01
3,2,unrounded_strict,wholly_unseen,laplace,beta_half_half,20.0,retention_nonnegative,0.001,ca6c1308be8aeb6c90081d7ac48ad09189e97b63d2259750e1b8e2714ae1846e,8dd5cd83fcfa34182a8eac4674b79f08559ead96480b0e937efd2160bad47d98,89,-0.6713218027237443,0.01
3,2,unrounded_strict,wholly_unseen,laplace,beta_half_half,20.0,retention_nonnegative,0.01,ca6c1308be8aeb6c90081d7ac48ad09189e97b63d2259750e1b8e2714ae1846e,9031d876f752ae8f20e0418e7526915fe8d7e71fe9024a7bcb6f224883e15856,89,-0.6189107681152742,0.01
3,2,unrounded_strict,wholly_unseen,laplace,beta_half_half,20.0,retention_nonnegative,0.1,ca6c1308be8aeb6c90081d7ac48ad09189e97b63d2259750e1b8e2714ae1846e,f03c20ad46564be550c01f298cd71d785fc4255dc3e19eb449321c0e80d89719,89,-0.6874592614072244,0.01
3,0,unrounded_strict,wholly_unseen,laplace,beta_half_half,20.0,current_only,0.0,c4eb3f123e007e47a54532da89e89ea0c8c912c499aa99c7e3e7b9b25f6d2546,1bf18d7841b8d86561c2f214181ad9f1470fc20f2c477ecc2b5f596b82754e0e,90,-0.9183327466376727,0.1
3,0,unrounded_strict,wholly_unseen,laplace,beta_half_half,20.0,current_only,0.0001,c4eb3f123e007e47a54532da89e89ea0c8c912c499aa99c7e3e7b9b25f6d2546,1abf2f6ea8177648378fee950a88f0bbd912f8fd1a9a94c6f46ff82c85fc5dfa,90,-0.9179193527824665,0.1
3,0,unrounded_strict,wholly_unseen,laplace,beta_half_half,20.0,current_only,0.001,c4eb3f123e007e47a54532da89e89ea0c8c912c499aa99c7e3e7b9b25f6d2546,e73249f76d68c68c2895e6b0a5e646db3c038f09716e4662f28d56afee6d55f4,90,-0.9143747534363273,0.1
3,0,unrounded_strict,wholly_unseen,laplace,beta_half_half,20.0,current_only,0.01,c4eb3f123e007e47a54532da89e89ea0c8c912c499aa99c7e3e7b9b25f6d2546,a6d8f0b5aa98cac1cfc3149772ac77b8c0a63e0c93ab2796e6b99fed987d3715,90,-0.8903580728330165,0.1
3,0,unrounded_strict,wholly_unseen,laplace,beta_half_half,20.0,current_only,0.1,c4eb3f123e007e47a54532da89e89ea0c8c912c499aa99c7e3e7b9b25f6d2546,0b3470c7988092437b45a782e63265b800a02aa7b762b1fe2d28c05a2d5048d9,90,-0.8632896918806404,0.1
3,1,unrounded_strict,wholly_unseen,laplace,beta_half_half,20.0,current_only,0.0,bd4f2b8222f5d8f25a1a26e699004ec9648cbfd0ce2295443873a4bdc7fc8819,aa0d82b59c305ecb35176b7f5d22eec7f4826b35b16f273055b72106c1109f81,92,-0.9183327466376727,0.1
3,1,unrounded_strict,wholly_unseen,laplace,beta_half_half,20.0,current_only,0.0001,bd4f2b8222f5d8f25a1a26e699004ec9648cbfd0ce2295443873a4bdc7fc8819,6c60e30a926f82a990485ef5cf49c802580c55d2644e69980341cbc2a763baa0,92,-0.9179193527824665,0.1
3,1,unrounded_strict,wholly_unseen,laplace,beta_half_half,20.0,current_only,0.001,bd4f2b8222f5d8f25a1a26e699004ec9648cbfd0ce2295443873a4bdc7fc8819,f77d59d7ae398e625180e4d7c8785b6099b7261abef078e9383676a0997c53ec,92,-0.9143747534363273,0.1
3,1,unrounded_strict,wholly_unseen,laplace,beta_half_half,20.0,current_only,0.01,bd4f2b8222f5d8f25a1a26e699004ec9648cbfd0ce2295443873a4bdc7fc8819,d7b43759bccb3384e3fa2dc58ceb6b24a865df0c1e6387f80036ccc6966aa1b7,92,-0.8903580728330165,0.1
3,1,unrounded_strict,wholly_unseen,laplace,beta_half_half,20.0,current_only,0.1,bd4f2b8222f5d8f25a1a26e699004ec9648cbfd0ce2295443873a4bdc7fc8819,76acc447110e3e3c7fa653f2c0cfa3cab36b3b5046a150b88b9192343d238ae5,92,-0.8632896918806404,0.1
3,2,unrounded_strict,wholly_unseen,laplace,beta_half_half,20.0,current_only,0.0,ca6c1308be8aeb6c90081d7ac48ad09189e97b63d2259750e1b8e2714ae1846e,8c2c8dcbd68da58a3af6ddaf9784932be748f4eef839c6eb3a301b429a217f9e,89,-0.9183327466376727,0.1
3,2,unrounded_strict,wholly_unseen,laplace,beta_half_half,20.0,current_only,0.0001,ca6c1308be8aeb6c90081d7ac48ad09189e97b63d2259750e1b8e2714ae1846e,dc20cd7cb18bb7f61737a8ab1382218de3b3c51caf782aca887cd373c7e4bbe4,89,-0.9179193527824665,0.1
3,2,unrounded_strict,wholly_unseen,laplace,beta_half_half,20.0,current_only,0.001,ca6c1308be8aeb6c90081d7ac48ad09189e97b63d2259750e1b8e2714ae1846e,b93f071ae8bf651f2bd7044a9d4cc8f4efc02cb76645ff2c168dac4f4f342b24,89,-0.9143747534363273,0.1
3,2,unrounded_strict,wholly_unseen,laplace,beta_half_half,20.0,current_only,0.01,ca6c1308be8aeb6c90081d7ac48ad09189e97b63d2259750e1b8e2714ae1846e,a9957aed7ff8984d3465534a9b76753d1d407f14b4996d5da3ba54c76a06f9f3,89,-0.8903580728330165,0.1
3,2,unrounded_strict,wholly_unseen,laplace,beta_half_half,20.0,current_only,0.1,ca6c1308be8aeb6c90081d7ac48ad09189e97b63d2259750e1b8e2714ae1846e,7c31bd9d79e1c4618d69045ca90a554c217b6ee5886df92f15f4ca39af24e55b,89,-0.8632896918806404,0.1
3,0,unrounded_strict,wholly_unseen,laplace,beta_half_half,20.0,input_plus_surface,0.0,c4eb3f123e007e47a54532da89e89ea0c8c912c499aa99c7e3e7b9b25f6d2546,9578ae18ed17dedc368ed145608d91c8f70c7ae132075e1c6e5b6a4c3e662235,90,-0.6409790087954197,0.01
3,0,unrounded_strict,wholly_unseen,laplace,beta_half_half,20.0,input_plus_surface,0.0001,c4eb3f123e007e47a54532da89e89ea0c8c912c499aa99c7e3e7b9b25f6d2546,65df054d7204e6ce15fbf260d18e1e3e1b774258f795b382af36496fdc932731,90,-0.6383760938933085,0.01
3,0,unrounded_strict,wholly_unseen,laplace,beta_half_half,20.0,input_plus_surface,0.001,c4eb3f123e007e47a54532da89e89ea0c8c912c499aa99c7e3e7b9b25f6d2546,2e80ce9b98201107ba469f6ce1ea509a20f38b61ff5a6979a05ccfb2758b8de9,90,-0.6226149164278035,0.01
3,0,unrounded_strict,wholly_unseen,laplace,beta_half_half,20.0,input_plus_surface,0.01,c4eb3f123e007e47a54532da89e89ea0c8c912c499aa99c7e3e7b9b25f6d2546,c0da9d5adec0fe8a369191e6bc36fed33a55a74510963257df7e25f2408f1f57,90,-0.5910924208626855,0.01
3,0,unrounded_strict,wholly_unseen,laplace,beta_half_half,20.0,input_plus_surface,0.1,c4eb3f123e007e47a54532da89e89ea0c8c912c499aa99c7e3e7b9b25f6d2546,e628e5506c563c96b0d5543d2ce55ddf0579dc5661dd8565a0b4b6a8a88508e2,90,-0.6452460831081537,0.01
3,1,unrounded_strict,wholly_unseen,laplace,beta_half_half,20.0,input_plus_surface,0.0,bd4f2b8222f5d8f25a1a26e699004ec9648cbfd0ce2295443873a4bdc7fc8819,efc05ac975ae9257fb0560addd3b4f0d224fec56c7f98384bef406e9fff46cd4,92,-0.6409790087954197,0.01
3,1,unrounded_strict,wholly_unseen,laplace,beta_half_half,20.0,input_plus_surface,0.0001,bd4f2b8222f5d8f25a1a26e699004ec9648cbfd0ce2295443873a4bdc7fc8819,63f835e4d1f98757d76546016afaa37fb322597e9d3472e61871d50771ef68a9,92,-0.6383760938933085,0.01
3,1,unrounded_strict,wholly_unseen,laplace,beta_half_half,20.0,input_plus_surface,0.001,bd4f2b8222f5d8f25a1a26e699004ec9648cbfd0ce2295443873a4bdc7fc8819,b2dbc77ce2a60a9c2ee5cc1019086c368dc53bfd91c3a959421fd8d4847ae019,92,-0.6226149164278035,0.01
3,1,unrounded_strict,wholly_unseen,laplace,beta_half_half,20.0,input_plus_surface,0.01,bd4f2b8222f5d8f25a1a26e699004ec9648cbfd0ce2295443873a4bdc7fc8819,34f5179983b76528e154f03ac74a9c4d7f7d4ce1d228eec877e67a24e9514b9b,92,-0.5910924208626855,0.01
3,1,unrounded_strict,wholly_unseen,laplace,beta_half_half,20.0,input_plus_surface,0.1,bd4f2b8222f5d8f25a1a26e699004ec9648cbfd0ce2295443873a4bdc7fc8819,a1bdba9492935627da392ee9a28c172b478205a626365f712c99be65c9cbe5ac,92,-0.6452460831081537,0.01
3,2,unrounded_strict,wholly_unseen,laplace,beta_half_half,20.0,input_plus_surface,0.0,ca6c1308be8aeb6c90081d7ac48ad09189e97b63d2259750e1b8e2714ae1846e,d98eedbea1d9c40a34a5efc3e2ede605f54cbbf497beda089fec9b09cda2e22c,89,-0.6409790087954197,0.01
3,2,unrounded_strict,wholly_unseen,laplace,beta_half_half,20.0,input_plus_surface,0.0001,ca6c1308be8aeb6c90081d7ac48ad09189e97b63d2259750e1b8e2714ae1846e,fb2a4cc73d5a581593e643af60aad4d498f4502260bdee0c513e0316ee0222db,89,-0.6383760938933085,0.01
3,2,unrounded_strict,wholly_unseen,laplace,beta_half_half,20.0,input_plus_surface,0.001,ca6c1308be8aeb6c90081d7ac48ad09189e97b63d2259750e1b8e2714ae1846e,237ddaed15446db42044bf4e530c15e8f6a2a744b93a1637ec3c2138ebe6174b,89,-0.6226149164278035,0.01
3,2,unrounded_strict,wholly_unseen,laplace,beta_half_half,20.0,input_plus_surface,0.01,ca6c1308be8aeb6c90081d7ac48ad09189e97b63d2259750e1b8e2714ae1846e,51c375e8b9653c528ede0597837d22d8a5d4933645a00ee57020a6a37c475d03,89,-0.5910924208626855,0.01
3,2,unrounded_strict,wholly_unseen,laplace,beta_half_half,20.0,input_plus_surface,0.1,ca6c1308be8aeb6c90081d7ac48ad09189e97b63d2259750e1b8e2714ae1846e,b29ba313ed0e2ec19ecb34b37697e7714a1d8c1fb528fa10eb0f6c4df8ab104c,89,-0.6452460831081537,0.01
3,0,unrounded_strict,wholly_unseen,laplace,beta_half_half,20.0,HU_plus_surface,0.0,c4eb3f123e007e47a54532da89e89ea0c8c912c499aa99c7e3e7b9b25f6d2546,711d7d9c9007c2e04acfb2ee9253fc12af77fac10b4b27b964756335c81a0edd,90,-0.6125101495204464,0.01
3,0,unrounded_strict,wholly_unseen,laplace,beta_half_half,20.0,HU_plus_surface,0.0001,c4eb3f123e007e47a54532da89e89ea0c8c912c499aa99c7e3e7b9b25f6d2546,5b0828ee9b1dd3e13c516bf3d51d64977c5381f2cd9b0a5cfd791d319c7ceef1,90,-0.6100890097143808,0.01
3,0,unrounded_strict,wholly_unseen,laplace,beta_half_half,20.0,HU_plus_surface,0.001,c4eb3f123e007e47a54532da89e89ea0c8c912c499aa99c7e3e7b9b25f6d2546,6d9bf43f3bff217352a29d6fb4d25484481141497bd4ec4ff4ab3a96782408af,90,-0.5958273494701652,0.01
3,0,unrounded_strict,wholly_unseen,laplace,beta_half_half,20.0,HU_plus_surface,0.01,c4eb3f123e007e47a54532da89e89ea0c8c912c499aa99c7e3e7b9b25f6d2546,efafc15d4fd52fabc279d0ad9fae6d2949728a604a663cde4988bc2393d1c438,90,-0.5708417343279248,0.01
3,0,unrounded_strict,wholly_unseen,laplace,beta_half_half,20.0,HU_plus_surface,0.1,c4eb3f123e007e47a54532da89e89ea0c8c912c499aa99c7e3e7b9b25f6d2546,4652e2286bc22389818369aa76cea7b0d019c46f927e61a6fdf96dba7f292e22,90,-0.6355481168822215,0.01
3,1,unrounded_strict,wholly_unseen,laplace,beta_half_half,20.0,HU_plus_surface,0.0,bd4f2b8222f5d8f25a1a26e699004ec9648cbfd0ce2295443873a4bdc7fc8819,973cbeee11bf7bcad6fafc33c07c9c2a858a9b3c908ce40279dd43f5fd0e0664,92,-0.6125101495204464,0.01
3,1,unrounded_strict,wholly_unseen,laplace,beta_half_half,20.0,HU_plus_surface,0.0001,bd4f2b8222f5d8f25a1a26e699004ec9648cbfd0ce2295443873a4bdc7fc8819,f925288057c1112fe48b4e43ed5ced0f3bba1e7a1a24c451b2e8bfc20f81672a,92,-0.6100890097143808,0.01
3,1,unrounded_strict,wholly_unseen,laplace,beta_half_half,20.0,HU_plus_surface,0.001,bd4f2b8222f5d8f25a1a26e699004ec9648cbfd0ce2295443873a4bdc7fc8819,6f7883faa6bee3ecee9e47c765c5779918b8ec4ac50d3e22dc82d14dc416a146,92,-0.5958273494701652,0.01
3,1,unrounded_strict,wholly_unseen,laplace,beta_half_half,20.0,HU_plus_surface,0.01,bd4f2b8222f5d8f25a1a26e699004ec9648cbfd0ce2295443873a4bdc7fc8819,398c61a2d1e22226455eb9db420872ecb959f1be732fec5c7ba8f6e76f55ffb3,92,-0.5708417343279248,0.01
3,1,unrounded_strict,wholly_unseen,laplace,beta_half_half,20.0,HU_plus_surface,0.1,bd4f2b8222f5d8f25a1a26e699004ec9648cbfd0ce2295443873a4bdc7fc8819,5515dcc31a21a229431fd2d4320b66d6619f75eb63144fac6fd24ebc461d7d55,92,-0.6355481168822215,0.01
3,2,unrounded_strict,wholly_unseen,laplace,beta_half_half,20.0,HU_plus_surface,0.0,ca6c1308be8aeb6c90081d7ac48ad09189e97b63d2259750e1b8e2714ae1846e,658547cf8836fe87e506bab3ee0641f8b6ec9869bc72d01c08e5823caca07b86,89,-0.6125101495204464,0.01
3,2,unrounded_strict,wholly_unseen,laplace,beta_half_half,20.0,HU_plus_surface,0.0001,ca6c1308be8aeb6c90081d7ac48ad09189e97b63d2259750e1b8e2714ae1846e,cd409af05a1070c91f6f3d2f07344bb93e7fa16bf9bd8f0ba2bc2b663b7e6ab5,89,-0.6100890097143808,0.01
3,2,unrounded_strict,wholly_unseen,laplace,beta_half_half,20.0,HU_plus_surface,0.001,ca6c1308be8aeb6c90081d7ac48ad09189e97b63d2259750e1b8e2714ae1846e,99945d56ec12e3de87b81cbfe370519a87e9d0376a867ac5b28a18694a6869cc,89,-0.5958273494701652,0.01
3,2,unrounded_strict,wholly_unseen,laplace,beta_half_half,20.0,HU_plus_surface,0.01,ca6c1308be8aeb6c90081d7ac48ad09189e97b63d2259750e1b8e2714ae1846e,3a60509271c154f38ce5b22b74c26f0fd7d73088564ad1957485c16e6fb78c8a,89,-0.5708417343279248,0.01
3,2,unrounded_strict,wholly_unseen,laplace,beta_half_half,20.0,HU_plus_surface,0.1,ca6c1308be8aeb6c90081d7ac48ad09189e97b63d2259750e1b8e2714ae1846e,54e35e438dc2277ed1ea9e31016e66d105cfebcb035035e8259e190260b40fc2,89,-0.6355481168822215,0.01
3,0,unrounded_strict,wholly_unseen,laplace,beta_half_half,20.0,retention_bounded_plus_HU,0.0,c4eb3f123e007e47a54532da89e89ea0c8c912c499aa99c7e3e7b9b25f6d2546,f9e2a346ef4f6ba6c31c37d30399bb933e6e2cfd695ecfac70184503e4e987f2,90,-0.6727193668461795,0.01
3,0,unrounded_strict,wholly_unseen,laplace,beta_half_half,20.0,retention_bounded_plus_HU,0.0001,c4eb3f123e007e47a54532da89e89ea0c8c912c499aa99c7e3e7b9b25f6d2546,64d4f11a67d75d0dc7bf148f050686692749f2dabe64071ae4aa8aafcabe7e01,90,-0.6698861781694969,0.01
3,0,unrounded_strict,wholly_unseen,laplace,beta_half_half,20.0,retention_bounded_plus_HU,0.001,c4eb3f123e007e47a54532da89e89ea0c8c912c499aa99c7e3e7b9b25f6d2546,cddd4313b23bcc1200a49533f888e521c1384c36a205d7253a4a2c6c547bb7ad,90,-0.6505958812595757,0.01
3,0,unrounded_strict,wholly_unseen,laplace,beta_half_half,20.0,retention_bounded_plus_HU,0.01,c4eb3f123e007e47a54532da89e89ea0c8c912c499aa99c7e3e7b9b25f6d2546,5e0a4d3dd8213f4aec1f5c49ad67dd060b4a5ccf634f99cb7dff23772d0a9cf0,90,-0.6023302337384709,0.01
3,0,unrounded_strict,wholly_unseen,laplace,beta_half_half,20.0,retention_bounded_plus_HU,0.1,c4eb3f123e007e47a54532da89e89ea0c8c912c499aa99c7e3e7b9b25f6d2546,a3983ce1cf804849ab2dab787a27f5db0118095a3908205dc26805954e9e938f,90,-0.6038280072577612,0.01
3,1,unrounded_strict,wholly_unseen,laplace,beta_half_half,20.0,retention_bounded_plus_HU,0.0,bd4f2b8222f5d8f25a1a26e699004ec9648cbfd0ce2295443873a4bdc7fc8819,e3323aa7a59dd7e0235c88637fc16a734f22bd3a1f167b6fd7531eea5384625e,92,-0.6727193668461795,0.01
3,1,unrounded_strict,wholly_unseen,laplace,beta_half_half,20.0,retention_bounded_plus_HU,0.0001,bd4f2b8222f5d8f25a1a26e699004ec9648cbfd0ce2295443873a4bdc7fc8819,025a55e2b79f96f92a8e2a770470efe3fa5718b6e417a689d0a82291d1a19695,92,-0.6698861781694969,0.01
3,1,unrounded_strict,wholly_unseen,laplace,beta_half_half,20.0,retention_bounded_plus_HU,0.001,bd4f2b8222f5d8f25a1a26e699004ec9648cbfd0ce2295443873a4bdc7fc8819,952aa9b8e6ba8473ec9597d87894a84c608e69e3dfab5a93226f7b4c277a6dcc,92,-0.6505958812595757,0.01
3,1,unrounded_strict,wholly_unseen,laplace,beta_half_half,20.0,retention_bounded_plus_HU,0.01,bd4f2b8222f5d8f25a1a26e699004ec9648cbfd0ce2295443873a4bdc7fc8819,f6083b5ea801e3a71abcbe0b61e764ab68d8712c97f68494b3255ff382441412,92,-0.6023302337384709,0.01
3,1,unrounded_strict,wholly_unseen,laplace,beta_half_half,20.0,retention_bounded_plus_HU,0.1,bd4f2b8222f5d8f25a1a26e699004ec9648cbfd0ce2295443873a4bdc7fc8819,7197fbd24d82b0db4d086a8e65212822643e206d69efbe49a9d2b53a813722e0,92,-0.6038280072577612,0.01
3,2,unrounded_strict,wholly_unseen,laplace,beta_half_half,20.0,retention_bounded_plus_HU,0.0,ca6c1308be8aeb6c90081d7ac48ad09189e97b63d2259750e1b8e2714ae1846e,6c3c79cbf1eea351faa9c1309aff6604c84ae2bb91cdf4963e03349ab8b7e36d,89,-0.6727193668461795,0.01
3,2,unrounded_strict,wholly_unseen,laplace,beta_half_half,20.0,retention_bounded_plus_HU,0.0001,ca6c1308be8aeb6c90081d7ac48ad09189e97b63d2259750e1b8e2714ae1846e,7d25f3c97077a7ba3546ba4db96ad2328769f5756383e4fc0d37ede183af8e7d,89,-0.6698861781694969,0.01
3,2,unrounded_strict,wholly_unseen,laplace,beta_half_half,20.0,retention_bounded_plus_HU,0.001,ca6c1308be8aeb6c90081d7ac48ad09189e97b63d2259750e1b8e2714ae1846e,ea6128b8c2d26da85ef22430ac30b470733ee5a7bcf0829576bbbd9d6d82fab7,89,-0.6505958812595757,0.01
3,2,unrounded_strict,wholly_unseen,laplace,beta_half_half,20.0,retention_bounded_plus_HU,0.01,ca6c1308be8aeb6c90081d7ac48ad09189e97b63d2259750e1b8e2714ae1846e,114317adb6ad4ecd4a733fb704d088dfa57f29d67a3fd45198e360ad345b4dfe,89,-0.6023302337384709,0.01
3,2,unrounded_strict,wholly_unseen,laplace,beta_half_half,20.0,retention_bounded_plus_HU,0.1,ca6c1308be8aeb6c90081d7ac48ad09189e97b63d2259750e1b8e2714ae1846e,b00941dd20983d58f1efb24c50c0c3af5a6e59bba19abf3de8068d9fd7722b1b,89,-0.6038280072577612,0.01
3,0,unrounded_strict,wholly_unseen,gh80,beta_half_half,20.0,HU_plus_surface,0.0,c4eb3f123e007e47a54532da89e89ea0c8c912c499aa99c7e3e7b9b25f6d2546,3a7d1236dbc6d6d8f2be919b70c872a13418f5782fe032c3c2c588497a87fc43,90,-0.6124143884884878,0.01
3,0,unrounded_strict,wholly_unseen,gh80,beta_half_half,20.0,HU_plus_surface,0.0001,c4eb3f123e007e47a54532da89e89ea0c8c912c499aa99c7e3e7b9b25f6d2546,611358e4047745fd455d06817f0da99b229cdec51fc11146d0b17db8b2d59cc8,90,-0.6101621932235713,0.01
3,0,unrounded_strict,wholly_unseen,gh80,beta_half_half,20.0,HU_plus_surface,0.001,c4eb3f123e007e47a54532da89e89ea0c8c912c499aa99c7e3e7b9b25f6d2546,afb5cda3b737f55a814be89ddf1c0c390b37dfefc2c2480a9eec973636f9a42b,90,-0.5966714249221073,0.01
3,0,unrounded_strict,wholly_unseen,gh80,beta_half_half,20.0,HU_plus_surface,0.01,c4eb3f123e007e47a54532da89e89ea0c8c912c499aa99c7e3e7b9b25f6d2546,a4139eae2170e23a63d6f034788d358dc74faf1abb9117564e2336b1df5aaa56,90,-0.5726230512059518,0.01
3,0,unrounded_strict,wholly_unseen,gh80,beta_half_half,20.0,HU_plus_surface,0.1,c4eb3f123e007e47a54532da89e89ea0c8c912c499aa99c7e3e7b9b25f6d2546,721d98e321e004b381570c43c5786c575326f004fbbc025226edf77cf6be29fb,90,-0.6376939245982707,0.01
3,1,unrounded_strict,wholly_unseen,gh80,beta_half_half,20.0,HU_plus_surface,0.0,bd4f2b8222f5d8f25a1a26e699004ec9648cbfd0ce2295443873a4bdc7fc8819,971d4f49d1dec241b5be757233c68058752ef25e4443946ce11e0b5888f18c80,92,-0.6124143884884878,0.01
3,1,unrounded_strict,wholly_unseen,gh80,beta_half_half,20.0,HU_plus_surface,0.0001,bd4f2b8222f5d8f25a1a26e699004ec9648cbfd0ce2295443873a4bdc7fc8819,42c2f5cc79c3422a01bc996cc44486ef8672b440276efcfd382e802e239d6d0f,92,-0.6101621932235713,0.01
3,1,unrounded_strict,wholly_unseen,gh80,beta_half_half,20.0,HU_plus_surface,0.001,bd4f2b8222f5d8f25a1a26e699004ec9648cbfd0ce2295443873a4bdc7fc8819,4c0f15617c1b057347b6349da0f303c38c7e63fdf4426ad6e6d58b8a6601e392,92,-0.5966714249221073,0.01
3,1,unrounded_strict,wholly_unseen,gh80,beta_half_half,20.0,HU_plus_surface,0.01,bd4f2b8222f5d8f25a1a26e699004ec9648cbfd0ce2295443873a4bdc7fc8819,4268f0c907ab22e0252704022b4a5b3adaaf8b72415133c289a51ac0f00c09e6,92,-0.5726230512059518,0.01
3,1,unrounded_strict,wholly_unseen,gh80,beta_half_half,20.0,HU_plus_surface,0.1,bd4f2b8222f5d8f25a1a26e699004ec9648cbfd0ce2295443873a4bdc7fc8819,5627c94ffb137d714b960c28b802d187fa57011b3fa3ef7a17fad6367a950850,92,-0.6376939245982707,0.01
3,2,unrounded_strict,wholly_unseen,gh80,beta_half_half,20.0,HU_plus_surface,0.0,ca6c1308be8aeb6c90081d7ac48ad09189e97b63d2259750e1b8e2714ae1846e,b48b48ae349b40282b9e8b8d38bc99095c73c5b9caf8bc8294f6e47e3c3ecdf1,89,-0.6124143884884878,0.01
3,2,unrounded_strict,wholly_unseen,gh80,beta_half_half,20.0,HU_plus_surface,0.0001,ca6c1308be8aeb6c90081d7ac48ad09189e97b63d2259750e1b8e2714ae1846e,e22a3ed3c0e5a3ef3664654537c9f3bd72ed0fd097db7061c19334890779a1fd,89,-0.6101621932235713,0.01
3,2,unrounded_strict,wholly_unseen,gh80,beta_half_half,20.0,HU_plus_surface,0.001,ca6c1308be8aeb6c90081d7ac48ad09189e97b63d2259750e1b8e2714ae1846e,ad80d02d496ba9630a1162904646a7a87b2493c582c0719ad0df0dcc3681eae1,89,-0.5966714249221073,0.01
3,2,unrounded_strict,wholly_unseen,gh80,beta_half_half,20.0,HU_plus_surface,0.01,ca6c1308be8aeb6c90081d7ac48ad09189e97b63d2259750e1b8e2714ae1846e,5855d55e00e882c58db5752a6ce3c7cea88bd335462f5721d21b0baa31833625,89,-0.5726230512059518,0.01
3,2,unrounded_strict,wholly_unseen,gh80,beta_half_half,20.0,HU_plus_surface,0.1,ca6c1308be8aeb6c90081d7ac48ad09189e97b63d2259750e1b8e2714ae1846e,c87212802a70aee84b00b6711f0c251d187c92d9cecaba91dee044da324dc3e1,89,-0.6376939245982707,0.01
3,0,unrounded_strict,wholly_unseen,gh80,beta_half_half,20.0,retention_bounded_plus_HU,0.0,c4eb3f123e007e47a54532da89e89ea0c8c912c499aa99c7e3e7b9b25f6d2546,0736763b23fdbbc15fcd31e8598ba247de74a42786358f7027a94f7842a9232d,90,-0.6774611625241211,0.1
3,0,unrounded_strict,wholly_unseen,gh80,beta_half_half,20.0,retention_bounded_plus_HU,0.0001,c4eb3f123e007e47a54532da89e89ea0c8c912c499aa99c7e3e7b9b25f6d2546,b79d12cab1e252c9a1927df3e86b92aa993fdd36c3374fb7af885af03ca64cfe,90,-0.674855388723913,0.1
3,0,unrounded_strict,wholly_unseen,gh80,beta_half_half,20.0,retention_bounded_plus_HU,0.001,c4eb3f123e007e47a54532da89e89ea0c8c912c499aa99c7e3e7b9b25f6d2546,f6e28c6d0c32270d7e1d639bedab99028b0f41357551b89acf2ed44c88991d11,90,-0.6567104704531712,0.1
3,0,unrounded_strict,wholly_unseen,gh80,beta_half_half,20.0,retention_bounded_plus_HU,0.01,c4eb3f123e007e47a54532da89e89ea0c8c912c499aa99c7e3e7b9b25f6d2546,3b0b886d079275e16acc6087069cef10b987db17b6247c943ec303095e51acd6,90,-0.6080794678633976,0.1
3,0,unrounded_strict,wholly_unseen,gh80,beta_half_half,20.0,retention_bounded_plus_HU,0.1,c4eb3f123e007e47a54532da89e89ea0c8c912c499aa99c7e3e7b9b25f6d2546,0b8b061bd7ebdcc0061c204b7cffabfd86482897a586a1ea95d1a16a43244964,90,-0.6070845849726203,0.1
3,1,unrounded_strict,wholly_unseen,gh80,beta_half_half,20.0,retention_bounded_plus_HU,0.0,bd4f2b8222f5d8f25a1a26e699004ec9648cbfd0ce2295443873a4bdc7fc8819,8b1f1926c68a457d073b65849cd4db0240287a8b58175aa4f0c3c274e7596656,92,-0.6774611625241211,0.1
3,1,unrounded_strict,wholly_unseen,gh80,beta_half_half,20.0,retention_bounded_plus_HU,0.0001,bd4f2b8222f5d8f25a1a26e699004ec9648cbfd0ce2295443873a4bdc7fc8819,cc2c8dd5f6afab7eb13077d157857340d24a17c70873fa0f3bc1aa164a7da42b,92,-0.674855388723913,0.1
3,1,unrounded_strict,wholly_unseen,gh80,beta_half_half,20.0,retention_bounded_plus_HU,0.001,bd4f2b8222f5d8f25a1a26e699004ec9648cbfd0ce2295443873a4bdc7fc8819,d5ac41d9a757b23c55dc61257bd56d6751aa5317071a0870e652c85c89caaef8,92,-0.6567104704531712,0.1
3,1,unrounded_strict,wholly_unseen,gh80,beta_half_half,20.0,retention_bounded_plus_HU,0.01,bd4f2b8222f5d8f25a1a26e699004ec9648cbfd0ce2295443873a4bdc7fc8819,0689d72b59d0acacf6bbb338d961000ae5aa731f7cc879532f432ff0d243bc5f,92,-0.6080794678633976,0.1
3,1,unrounded_strict,wholly_unseen,gh80,beta_half_half,20.0,retention_bounded_plus_HU,0.1,bd4f2b8222f5d8f25a1a26e699004ec9648cbfd0ce2295443873a4bdc7fc8819,a173e721caff23d8b4688cf7e43be84a06dfd9f74a46cc647463b959d63d874d,92,-0.6070845849726203,0.1
3,2,unrounded_strict,wholly_unseen,gh80,beta_half_half,20.0,retention_bounded_plus_HU,0.0,ca6c1308be8aeb6c90081d7ac48ad09189e97b63d2259750e1b8e2714ae1846e,8be7ce31ce2daebb6172c09573904b96d16854299cb5f3ff439798b52158f3d3,89,-0.6774611625241211,0.1
3,2,unrounded_strict,wholly_unseen,gh80,beta_half_half,20.0,retention_bounded_plus_HU,0.0001,ca6c1308be8aeb6c90081d7ac48ad09189e97b63d2259750e1b8e2714ae1846e,691b3576c503cf8d46774c2ed09dd75c309cef9e1638211c6730be6c937da74d,89,-0.674855388723913,0.1
3,2,unrounded_strict,wholly_unseen,gh80,beta_half_half,20.0,retention_bounded_plus_HU,0.001,ca6c1308be8aeb6c90081d7ac48ad09189e97b63d2259750e1b8e2714ae1846e,d9ceac10ce22eff571b8df9a293049c81137d0ba2d1a89cc77573f938c952f13,89,-0.6567104704531712,0.1
3,2,unrounded_strict,wholly_unseen,gh80,beta_half_half,20.0,retention_bounded_plus_HU,0.01,ca6c1308be8aeb6c90081d7ac48ad09189e97b63d2259750e1b8e2714ae1846e,42cb0a57a481a008c22470c8b4c14ed5813d888e474e4ec15e29bda75476f359,89,-0.6080794678633976,0.1
3,2,unrounded_strict,wholly_unseen,gh80,beta_half_half,20.0,retention_bounded_plus_HU,0.1,ca6c1308be8aeb6c90081d7ac48ad09189e97b63d2259750e1b8e2714ae1846e,74dd78d9abcf3c64cc6bc22b95000b45df17d033d2c856033b57c60e3255299a,89,-0.6070845849726203,0.1
4,0,all_strict,side_informed,laplace,beta_half_half,20.0,retention_bounded,0.0,dad5d4ffe3a4823687c1aff1acc1f86d373ce81b85b782fae1c4b7716c711349,8e3f8bdb444584d93a5406f3c573eb8568340679b26ebbdf035ad382d9bcf5f3,137,-0.3830606829756053,0.01
4,0,all_strict,side_informed,laplace,beta_half_half,20.0,retention_bounded,0.0001,dad5d4ffe3a4823687c1aff1acc1f86d373ce81b85b782fae1c4b7716c711349,b9257c9db5197719cf3e47442b3d14c9454cc5ce83f7aad5c117fd2fd330df46,137,-0.37954263683854356,0.01
4,0,all_strict,side_informed,laplace,beta_half_half,20.0,retention_bounded,0.001,dad5d4ffe3a4823687c1aff1acc1f86d373ce81b85b782fae1c4b7716c711349,8166484ebcbc077351c78db723d62ec37da19a9ff439b291ebc67751726841b7,137,-0.3599936662687107,0.01
4,0,all_strict,side_informed,laplace,beta_half_half,20.0,retention_bounded,0.01,dad5d4ffe3a4823687c1aff1acc1f86d373ce81b85b782fae1c4b7716c711349,e7fadfcd36555d846c7e8a344c3f3ff6de1fe709555225cff292260ed4932036,137,-0.32115864351061896,0.01
4,0,all_strict,side_informed,laplace,beta_half_half,20.0,retention_bounded,0.1,dad5d4ffe3a4823687c1aff1acc1f86d373ce81b85b782fae1c4b7716c711349,2761737ec49eb01cd69a6c7c0002a64235ebb35c4b189a5ae3c4d0f7863398f6,137,-0.3528358432496422,0.01
4,1,all_strict,side_informed,laplace,beta_half_half,20.0,retention_bounded,0.0,375ac5032a9e3c57e0a33947e30ec35ed19a33cd16476377d08907bad53f8f78,4f71b08553fd4bd66965671b596fe0446ffd8fd9c6b69b6e01e700853917c91c,138,-0.3830606829756053,0.01
4,1,all_strict,side_informed,laplace,beta_half_half,20.0,retention_bounded,0.0001,375ac5032a9e3c57e0a33947e30ec35ed19a33cd16476377d08907bad53f8f78,8dd83779f13d1bd65566e36efc75f7ebc6e21fe6ea7e13745ee569d6db7f6076,138,-0.37954263683854356,0.01
4,1,all_strict,side_informed,laplace,beta_half_half,20.0,retention_bounded,0.001,375ac5032a9e3c57e0a33947e30ec35ed19a33cd16476377d08907bad53f8f78,98cc876767b61256e0f8ca9fc4210e978de49eb6f06b2032d43767ac8e035d49,138,-0.3599936662687107,0.01
4,1,all_strict,side_informed,laplace,beta_half_half,20.0,retention_bounded,0.01,375ac5032a9e3c57e0a33947e30ec35ed19a33cd16476377d08907bad53f8f78,fa96e45c4986d88f3ae874e92821bfd11dee6a2dd9879ad1e94c693c54d94df0,138,-0.32115864351061896,0.01
4,1,all_strict,side_informed,laplace,beta_half_half,20.0,retention_bounded,0.1,375ac5032a9e3c57e0a33947e30ec35ed19a33cd16476377d08907bad53f8f78,4f462bc47daa228f69bbf32d96eb281b80335d5085b4d423d1b04d14a17168aa,138,-0.3528358432496422,0.01
4,2,all_strict,side_informed,laplace,beta_half_half,20.0,retention_bounded,0.0,21b28e9b95f6273e01cc5fd73d1827c62ba781b0fb4a0fc0e419afb51f80f1ef,66b3da5a626bbc9e915db3cdb6014e6fd17b09d4011685b246accb7168819fb7,137,-0.3830606829756053,0.01
4,2,all_strict,side_informed,laplace,beta_half_half,20.0,retention_bounded,0.0001,21b28e9b95f6273e01cc5fd73d1827c62ba781b0fb4a0fc0e419afb51f80f1ef,450d88b9e217927a79020e0595542141b3c0947d4f23166127cd998a81d5a9cb,137,-0.37954263683854356,0.01
4,2,all_strict,side_informed,laplace,beta_half_half,20.0,retention_bounded,0.001,21b28e9b95f6273e01cc5fd73d1827c62ba781b0fb4a0fc0e419afb51f80f1ef,8c8f2682f6dbcd1ba6246a8dd9bd9289a05d85048c17c5d5d24e954a8b77c62a,137,-0.3599936662687107,0.01
4,2,all_strict,side_informed,laplace,beta_half_half,20.0,retention_bounded,0.01,21b28e9b95f6273e01cc5fd73d1827c62ba781b0fb4a0fc0e419afb51f80f1ef,29bfc4550bce1a8a8625bb2c08e60072e342c82db244df68df205b0e72c89c70,137,-0.32115864351061896,0.01
4,2,all_strict,side_informed,laplace,beta_half_half,20.0,retention_bounded,0.1,21b28e9b95f6273e01cc5fd73d1827c62ba781b0fb4a0fc0e419afb51f80f1ef,2ccc4263fe144806d0078775a678d25e4db4d46120d12cde730b6104bc58bf6a,137,-0.3528358432496422,0.01
4,0,all_strict,side_informed,laplace,beta_half_half,20.0,retention_nonnegative,0.0,dad5d4ffe3a4823687c1aff1acc1f86d373ce81b85b782fae1c4b7716c711349,8d631be12186349a1574e7a7c89a3dbe6e155b6b3860f02621f86ddd830ba1bd,137,-0.38306068196885323,0.01
4,0,all_strict,side_informed,laplace,beta_half_half,20.0,retention_nonnegative,0.0001,dad5d4ffe3a4823687c1aff1acc1f86d373ce81b85b782fae1c4b7716c711349,cb9db5fff3c33a34bef05b078369967f9667bfbec519584c0bc12f90d141d35d,137,-0.379654371328568,0.01
4,0,all_strict,side_informed,laplace,beta_half_half,20.0,retention_nonnegative,0.001,dad5d4ffe3a4823687c1aff1acc1f86d373ce81b85b782fae1c4b7716c711349,62cc94dd53d5d83722c2212c1dddf52bcd264bd9ea941a7ec6b57e06fdebba0e,137,-0.3631974485192444,0.01
4,0,all_strict,side_informed,laplace,beta_half_half,20.0,retention_nonnegative,0.01,dad5d4ffe3a4823687c1aff1acc1f86d373ce81b85b782fae1c4b7716c711349,391a8762f8ef5f5f29745be416a5fd5bc259eadd2c1c87654d1b5743ab78b66b,137,-0.3458087544463487,0.01
4,0,all_strict,side_informed,laplace,beta_half_half,20.0,retention_nonnegative,0.1,dad5d4ffe3a4823687c1aff1acc1f86d373ce81b85b782fae1c4b7716c711349,58a09b30cef2f676e7b3485d14f2c458d02519f1f68a813df02127e5df8175dc,137,-0.4113746849787213,0.01
4,1,all_strict,side_informed,laplace,beta_half_half,20.0,retention_nonnegative,0.0,375ac5032a9e3c57e0a33947e30ec35ed19a33cd16476377d08907bad53f8f78,30ed343156f490426432c20cb9a19bb5df6322cdcaa35159e42ac1942cef6ca2,138,-0.38306068196885323,0.01
4,1,all_strict,side_informed,laplace,beta_half_half,20.0,retention_nonnegative,0.0001,375ac5032a9e3c57e0a33947e30ec35ed19a33cd16476377d08907bad53f8f78,2cba69b4f22798618e5661d068ccf1a9cf7873631632b8ee7621012de63e329c,138,-0.379654371328568,0.01
4,1,all_strict,side_informed,laplace,beta_half_half,20.0,retention_nonnegative,0.001,375ac5032a9e3c57e0a33947e30ec35ed19a33cd16476377d08907bad53f8f78,b197e75f823ee0985145c7c68dc7d68a5e473c1375e1c67aca8996de52b5d04d,138,-0.3631974485192444,0.01
4,1,all_strict,side_informed,laplace,beta_half_half,20.0,retention_nonnegative,0.01,375ac5032a9e3c57e0a33947e30ec35ed19a33cd16476377d08907bad53f8f78,9906401a00e7f5c0ea87596835fbeda4a639e2dca961a9fe968bd93330418934,138,-0.3458087544463487,0.01
4,1,all_strict,side_informed,laplace,beta_half_half,20.0,retention_nonnegative,0.1,375ac5032a9e3c57e0a33947e30ec35ed19a33cd16476377d08907bad53f8f78,989534ec09b326da68db290db2f5c66c32919c895a45f8b74c9716236b872617,138,-0.4113746849787213,0.01
4,2,all_strict,side_informed,laplace,beta_half_half,20.0,retention_nonnegative,0.0,21b28e9b95f6273e01cc5fd73d1827c62ba781b0fb4a0fc0e419afb51f80f1ef,605396b1bfef1e049e1eefa8cef1dcba83043192b8e9a506e82d5b98d9b2c2c5,137,-0.38306068196885323,0.01
4,2,all_strict,side_informed,laplace,beta_half_half,20.0,retention_nonnegative,0.0001,21b28e9b95f6273e01cc5fd73d1827c62ba781b0fb4a0fc0e419afb51f80f1ef,06d950538f86c195accb9a6cfb1d0954d4357310a40e4bd32f4f254a0b54390a,137,-0.379654371328568,0.01
4,2,all_strict,side_informed,laplace,beta_half_half,20.0,retention_nonnegative,0.001,21b28e9b95f6273e01cc5fd73d1827c62ba781b0fb4a0fc0e419afb51f80f1ef,384ce47f3ad291777901e2025a5f10e5f91b6884fd84b9148e31d8f88eafd6c8,137,-0.3631974485192444,0.01
4,2,all_strict,side_informed,laplace,beta_half_half,20.0,retention_nonnegative,0.01,21b28e9b95f6273e01cc5fd73d1827c62ba781b0fb4a0fc0e419afb51f80f1ef,76299258a4b7e9ad8097b4a33cb62ca3fb508f6c7a760cba5ca8017ec744db30,137,-0.3458087544463487,0.01
4,2,all_strict,side_informed,laplace,beta_half_half,20.0,retention_nonnegative,0.1,21b28e9b95f6273e01cc5fd73d1827c62ba781b0fb4a0fc0e419afb51f80f1ef,e95fc02d2f8a80ca4b94a041bf053c4d3fe9a170151178aaf892fca085a76559,137,-0.4113746849787213,0.01
4,0,all_strict,side_informed,laplace,beta_half_half,20.0,current_only,0.0,dad5d4ffe3a4823687c1aff1acc1f86d373ce81b85b782fae1c4b7716c711349,8207e5be91a7f9f67ae0a4eb74053a84b13b9c7cd1a0c1e46368ac1334510a80,137,-0.5931983587102426,0.1
4,0,all_strict,side_informed,laplace,beta_half_half,20.0,current_only,0.0001,dad5d4ffe3a4823687c1aff1acc1f86d373ce81b85b782fae1c4b7716c711349,11dfcd10b46649e1084917a8862234b29d647c19017ca691e7ccbce8d35e19c8,137,-0.5928462864102604,0.1
4,0,all_strict,side_informed,laplace,beta_half_half,20.0,current_only,0.001,dad5d4ffe3a4823687c1aff1acc1f86d373ce81b85b782fae1c4b7716c711349,274c245acd7ff13a86c55e28762e05ed0c1a55a963da574125159fbfead7079b,137,-0.589861429097062,0.1
4,0,all_strict,side_informed,laplace,beta_half_half,20.0,current_only,0.01,dad5d4ffe3a4823687c1aff1acc1f86d373ce81b85b782fae1c4b7716c711349,00ee3a04e389d15d8c7f4b5d389c6be3f4709052fb5b8e168f1eb42865113728,137,-0.5711802675655832,0.1
4,0,all_strict,side_informed,laplace,beta_half_half,20.0,current_only,0.1,dad5d4ffe3a4823687c1aff1acc1f86d373ce81b85b782fae1c4b7716c711349,c9659a5501f9a28148c40af0e85a628369400701ac4644bfe91df44702c4ec57,137,-0.5671506918023292,0.1
4,1,all_strict,side_informed,laplace,beta_half_half,20.0,current_only,0.0,375ac5032a9e3c57e0a33947e30ec35ed19a33cd16476377d08907bad53f8f78,3b00b9cb36da7689005eca0899f5b11e2a9096d7f0c7d79990e32d12056d8bf1,138,-0.5931983587102426,0.1
4,1,all_strict,side_informed,laplace,beta_half_half,20.0,current_only,0.0001,375ac5032a9e3c57e0a33947e30ec35ed19a33cd16476377d08907bad53f8f78,eb1f6ba18b566fca46d6318b991b342d1282dcc11b6d3b94bbef8a722d34d8f3,138,-0.5928462864102604,0.1
4,1,all_strict,side_informed,laplace,beta_half_half,20.0,current_only,0.001,375ac5032a9e3c57e0a33947e30ec35ed19a33cd16476377d08907bad53f8f78,53d87e51f908a3e4c8c610dd55753550c09f59069b89e395eb1a8dde336c08ea,138,-0.589861429097062,0.1
4,1,all_strict,side_informed,laplace,beta_half_half,20.0,current_only,0.01,375ac5032a9e3c57e0a33947e30ec35ed19a33cd16476377d08907bad53f8f78,f6dd238c76d25042d8eeeb8adb4ad56a006221c10af0304ae44758a9eae6557c,138,-0.5711802675655832,0.1
4,1,all_strict,side_informed,laplace,beta_half_half,20.0,current_only,0.1,375ac5032a9e3c57e0a33947e30ec35ed19a33cd16476377d08907bad53f8f78,f936f57c58dcb29b7d7b4129199efbda839b54980d5cdf5171995f3c38d5d139,138,-0.5671506918023292,0.1
4,2,all_strict,side_informed,laplace,beta_half_half,20.0,current_only,0.0,21b28e9b95f6273e01cc5fd73d1827c62ba781b0fb4a0fc0e419afb51f80f1ef,3e46bfd0af42e082f1c75dc5a02fc75ce98beaae1cf1e5c8a905a0c865e660d9,137,-0.5931983587102426,0.1
4,2,all_strict,side_informed,laplace,beta_half_half,20.0,current_only,0.0001,21b28e9b95f6273e01cc5fd73d1827c62ba781b0fb4a0fc0e419afb51f80f1ef,6551bc13b33f3d2adef5fc45195ae010ab9e674cba6cf7fa0ed3951585078d8d,137,-0.5928462864102604,0.1
4,2,all_strict,side_informed,laplace,beta_half_half,20.0,current_only,0.001,21b28e9b95f6273e01cc5fd73d1827c62ba781b0fb4a0fc0e419afb51f80f1ef,0af1c8e1b0cc9f4ed748aa46bae9cd949f9719ba1539beb2114dab76bb0bd8ea,137,-0.589861429097062,0.1
4,2,all_strict,side_informed,laplace,beta_half_half,20.0,current_only,0.01,21b28e9b95f6273e01cc5fd73d1827c62ba781b0fb4a0fc0e419afb51f80f1ef,e90a694094b1b08fdfcdee0f396da939e210fa4a5a72cc71e5c00940985fbe82,137,-0.5711802675655832,0.1
4,2,all_strict,side_informed,laplace,beta_half_half,20.0,current_only,0.1,21b28e9b95f6273e01cc5fd73d1827c62ba781b0fb4a0fc0e419afb51f80f1ef,e5bb8e292091535b0c377e8712ef5ce14c2d3578122261ce250760c69ba8c417,137,-0.5671506918023292,0.1
4,0,all_strict,side_informed,laplace,beta_half_half,20.0,input_plus_surface,0.0,dad5d4ffe3a4823687c1aff1acc1f86d373ce81b85b782fae1c4b7716c711349,87c8e8400553cb0c051fafa50d40a0575f439e20b75e144ac2479638df457b04,137,-0.3595253065929176,0.01
4,0,all_strict,side_informed,laplace,beta_half_half,20.0,input_plus_surface,0.0001,dad5d4ffe3a4823687c1aff1acc1f86d373ce81b85b782fae1c4b7716c711349,1302f8f05ae4d4ac85fe8c64c022506e15129e147fa978d4eecd17669762be52,137,-0.3562752568186471,0.01
4,0,all_strict,side_informed,laplace,beta_half_half,20.0,input_plus_surface,0.001,dad5d4ffe3a4823687c1aff1acc1f86d373ce81b85b782fae1c4b7716c711349,da13a75f938c048934e0a610152bb9b541325fe43f01651cf02a422f366b5e2a,137,-0.338423276944076,0.01
4,0,all_strict,side_informed,laplace,beta_half_half,20.0,input_plus_surface,0.01,dad5d4ffe3a4823687c1aff1acc1f86d373ce81b85b782fae1c4b7716c711349,03d1463209cb1744c735e2701f95680454a676bb9f354b2944a67d255779ce6f,137,-0.3076424569554362,0.01
4,0,all_strict,side_informed,laplace,beta_half_half,20.0,input_plus_surface,0.1,dad5d4ffe3a4823687c1aff1acc1f86d373ce81b85b782fae1c4b7716c711349,0f2576719e9677bc3fafa1279aa229b2a0f9da0b03b3b95e6d6e2a45ee63276f,137,-0.366079809481584,0.01
4,1,all_strict,side_informed,laplace,beta_half_half,20.0,input_plus_surface,0.0,375ac5032a9e3c57e0a33947e30ec35ed19a33cd16476377d08907bad53f8f78,0551e572f2937d68ed3d02ac6df50deca48848428fa3b4ade94a35af922afcc0,138,-0.3595253065929176,0.01
4,1,all_strict,side_informed,laplace,beta_half_half,20.0,input_plus_surface,0.0001,375ac5032a9e3c57e0a33947e30ec35ed19a33cd16476377d08907bad53f8f78,ebca60e6c5f8946bcc830600b16c49228f567f9a5c54be8f49300f2053e3f030,138,-0.3562752568186471,0.01
4,1,all_strict,side_informed,laplace,beta_half_half,20.0,input_plus_surface,0.001,375ac5032a9e3c57e0a33947e30ec35ed19a33cd16476377d08907bad53f8f78,abd08317877b56c31a4465c68e12a3c71e0b8915970f090991401044e802d3e4,138,-0.338423276944076,0.01
4,1,all_strict,side_informed,laplace,beta_half_half,20.0,input_plus_surface,0.01,375ac5032a9e3c57e0a33947e30ec35ed19a33cd16476377d08907bad53f8f78,018697ffb5130508380f5bcd8a2fc8c1ec3a6500dbe4f46f17e7169bbc942d38,138,-0.3076424569554362,0.01
4,1,all_strict,side_informed,laplace,beta_half_half,20.0,input_plus_surface,0.1,375ac5032a9e3c57e0a33947e30ec35ed19a33cd16476377d08907bad53f8f78,8836680fb6c598831204d46059f8dba7e1f042d445e9c4477c82c37e542fd04d,138,-0.366079809481584,0.01
4,2,all_strict,side_informed,laplace,beta_half_half,20.0,input_plus_surface,0.0,21b28e9b95f6273e01cc5fd73d1827c62ba781b0fb4a0fc0e419afb51f80f1ef,89a5c698f5d9f625a28952adbc199ecb1377f365a75a0ae163ae17179a4dcb6a,137,-0.3595253065929176,0.01
4,2,all_strict,side_informed,laplace,beta_half_half,20.0,input_plus_surface,0.0001,21b28e9b95f6273e01cc5fd73d1827c62ba781b0fb4a0fc0e419afb51f80f1ef,e03c387eca8ccef54d71f4b415ff032cc8744477c965c2c981ffd4471817f5ac,137,-0.3562752568186471,0.01
4,2,all_strict,side_informed,laplace,beta_half_half,20.0,input_plus_surface,0.001,21b28e9b95f6273e01cc5fd73d1827c62ba781b0fb4a0fc0e419afb51f80f1ef,e4417d7e8da06197c6f4e548ed724135cccb91f51c7f1a4de434e8a2b2db867b,137,-0.338423276944076,0.01
4,2,all_strict,side_informed,laplace,beta_half_half,20.0,input_plus_surface,0.01,21b28e9b95f6273e01cc5fd73d1827c62ba781b0fb4a0fc0e419afb51f80f1ef,ce2da8b669de7914c0c5f3ee3854babd268ad7e0fb410e962b5f9148a4803f69,137,-0.3076424569554362,0.01
4,2,all_strict,side_informed,laplace,beta_half_half,20.0,input_plus_surface,0.1,21b28e9b95f6273e01cc5fd73d1827c62ba781b0fb4a0fc0e419afb51f80f1ef,701e6886d8253b143835e716c763163167b280188df945a34ee4ab3771f25e77,137,-0.366079809481584,0.01
4,0,all_strict,side_informed,laplace,beta_half_half,20.0,HU_plus_surface,0.0,dad5d4ffe3a4823687c1aff1acc1f86d373ce81b85b782fae1c4b7716c711349,27521d87db2e56c204e789b1bdb15afe5a0d52b43b5b180ef5fb8b6588b9fe73,137,-0.3033957928659103,0.01
4,0,all_strict,side_informed,laplace,beta_half_half,20.0,HU_plus_surface,0.0001,dad5d4ffe3a4823687c1aff1acc1f86d373ce81b85b782fae1c4b7716c711349,0d205b3d716b14e6ef36bdbde1889db66c0d57b4d4d152a0155723584da926d2,137,-0.30108698265297873,0.01
4,0,all_strict,side_informed,laplace,beta_half_half,20.0,HU_plus_surface,0.001,dad5d4ffe3a4823687c1aff1acc1f86d373ce81b85b782fae1c4b7716c711349,5602f3926137c556560a9b55ef0f4bb45cb7c5f15c79fd08467f64d7c1e945a9,137,-0.2897234433910235,0.01
4,0,all_strict,side_informed,laplace,beta_half_half,20.0,HU_plus_surface,0.01,dad5d4ffe3a4823687c1aff1acc1f86d373ce81b85b782fae1c4b7716c711349,ce7f49f4f96866d0a7cc6400c82dc061fe64ded1a180bcf36b1f22e2a69c18ff,137,-0.27727692719372105,0.01
4,0,all_strict,side_informed,laplace,beta_half_half,20.0,HU_plus_surface,0.1,dad5d4ffe3a4823687c1aff1acc1f86d373ce81b85b782fae1c4b7716c711349,98d6b261ef055970a140ae43e1e3367318f2bd5eb39b0500b7beada0c52f5ee6,137,-0.35322016177666854,0.01
4,1,all_strict,side_informed,laplace,beta_half_half,20.0,HU_plus_surface,0.0,375ac5032a9e3c57e0a33947e30ec35ed19a33cd16476377d08907bad53f8f78,948e1e14bba0c99ec4ff7d2aaa4ef1c3a2fd5eea318f2b6b7fb2d36876bc18f7,138,-0.3033957928659103,0.01
4,1,all_strict,side_informed,laplace,beta_half_half,20.0,HU_plus_surface,0.0001,375ac5032a9e3c57e0a33947e30ec35ed19a33cd16476377d08907bad53f8f78,cce38ca67266e5c7ca7a5724ef871b84e3066d0d1579749f9500f6151158aa96,138,-0.30108698265297873,0.01
4,1,all_strict,side_informed,laplace,beta_half_half,20.0,HU_plus_surface,0.001,375ac5032a9e3c57e0a33947e30ec35ed19a33cd16476377d08907bad53f8f78,153453275e2c6a298e3372566ed96c6d68a0dbcbe98f6b0040876d17d5110356,138,-0.2897234433910235,0.01
4,1,all_strict,side_informed,laplace,beta_half_half,20.0,HU_plus_surface,0.01,375ac5032a9e3c57e0a33947e30ec35ed19a33cd16476377d08907bad53f8f78,b87849bd3e72f133da0ac748a5c1926a78bfc0590f212148296c42234387d0b8,138,-0.27727692719372105,0.01
4,1,all_strict,side_informed,laplace,beta_half_half,20.0,HU_plus_surface,0.1,375ac5032a9e3c57e0a33947e30ec35ed19a33cd16476377d08907bad53f8f78,8b3e9f7ca54e82fb6450b8f7f6a29d718b38e254930997ef04fd06cc92d0144e,138,-0.35322016177666854,0.01
4,2,all_strict,side_informed,laplace,beta_half_half,20.0,HU_plus_surface,0.0,21b28e9b95f6273e01cc5fd73d1827c62ba781b0fb4a0fc0e419afb51f80f1ef,53c4adbc9183d7b56723acd263ca072d0ccb09f38f127bc334c53ece5afed6bc,137,-0.3033957928659103,0.01
4,2,all_strict,side_informed,laplace,beta_half_half,20.0,HU_plus_surface,0.0001,21b28e9b95f6273e01cc5fd73d1827c62ba781b0fb4a0fc0e419afb51f80f1ef,bb0d41560bbc9eabb10bc28de434ce0cda2a43f90c44fd78203073b8a0ba72f6,137,-0.30108698265297873,0.01
4,2,all_strict,side_informed,laplace,beta_half_half,20.0,HU_plus_surface,0.001,21b28e9b95f6273e01cc5fd73d1827c62ba781b0fb4a0fc0e419afb51f80f1ef,d3ce5f2424549dcd5e6729e7bcc864f4dcd7fee1ce4a044fed0a58c85b38b95f,137,-0.2897234433910235,0.01
4,2,all_strict,side_informed,laplace,beta_half_half,20.0,HU_plus_surface,0.01,21b28e9b95f6273e01cc5fd73d1827c62ba781b0fb4a0fc0e419afb51f80f1ef,3e619d3ce223450bbe58b65bc524b9ffc0ef32cc330a5ea124b2246a69ba529d,137,-0.27727692719372105,0.01
4,2,all_strict,side_informed,laplace,beta_half_half,20.0,HU_plus_surface,0.1,21b28e9b95f6273e01cc5fd73d1827c62ba781b0fb4a0fc0e419afb51f80f1ef,a8148728076cd27933a814eb1e607780383d159531664a1c458959dffabec94e,137,-0.35322016177666854,0.01
4,0,all_strict,side_informed,laplace,beta_half_half,20.0,retention_bounded_plus_HU,0.0,dad5d4ffe3a4823687c1aff1acc1f86d373ce81b85b782fae1c4b7716c711349,f4d1692858533933d128fcffde3e4f7d5547402f50d6785e4e8f60852fd310a6,137,-0.3143808413183515,0.01
4,0,all_strict,side_informed,laplace,beta_half_half,20.0,retention_bounded_plus_HU,0.0001,dad5d4ffe3a4823687c1aff1acc1f86d373ce81b85b782fae1c4b7716c711349,d0bd191166a960e022ee1290e808d808a48b9b8e57f980df65af66625753c8fa,137,-0.3135315010134042,0.01
4,0,all_strict,side_informed,laplace,beta_half_half,20.0,retention_bounded_plus_HU,0.001,dad5d4ffe3a4823687c1aff1acc1f86d373ce81b85b782fae1c4b7716c711349,8d38036db53b52c6402ac2db768b53a7cdd0571c49a46581720e0c74a0ab1e41,137,-0.30745488651202574,0.01
4,0,all_strict,side_informed,laplace,beta_half_half,20.0,retention_bounded_plus_HU,0.01,dad5d4ffe3a4823687c1aff1acc1f86d373ce81b85b782fae1c4b7716c711349,c148043bfe35f0c2b46c81a9edd06ab7788c51ccaf4899f623400c63bc9d78a7,137,-0.2880665513743552,0.01
4,0,all_strict,side_informed,laplace,beta_half_half,20.0,retention_bounded_plus_HU,0.1,dad5d4ffe3a4823687c1aff1acc1f86d373ce81b85b782fae1c4b7716c711349,d6e7e5f823e4e33c821170ee2e162ded840382af8cf8864c6ec825fc98bbfa49,137,-0.3144242058743241,0.01
4,1,all_strict,side_informed,laplace,beta_half_half,20.0,retention_bounded_plus_HU,0.0,375ac5032a9e3c57e0a33947e30ec35ed19a33cd16476377d08907bad53f8f78,2bdbe6e8af347c29509fbe3254e6e9a658ffeb14502147e58c2e7d1d1f938047,138,-0.3143808413183515,0.01
4,1,all_strict,side_informed,laplace,beta_half_half,20.0,retention_bounded_plus_HU,0.0001,375ac5032a9e3c57e0a33947e30ec35ed19a33cd16476377d08907bad53f8f78,cee48bbeb06b0fc5f4da85d592c6dac70a7caf8f172e0c64169420dd04f2f58c,138,-0.3135315010134042,0.01
4,1,all_strict,side_informed,laplace,beta_half_half,20.0,retention_bounded_plus_HU,0.001,375ac5032a9e3c57e0a33947e30ec35ed19a33cd16476377d08907bad53f8f78,ba20f1722cddbd31d1b025dfa616da9f1002fe0c4cbc46318255e20bf01a09d3,138,-0.30745488651202574,0.01
4,1,all_strict,side_informed,laplace,beta_half_half,20.0,retention_bounded_plus_HU,0.01,375ac5032a9e3c57e0a33947e30ec35ed19a33cd16476377d08907bad53f8f78,41069c292503c7f55a59350e5f7c16240dc1583d7d378849b5f784e4a007137d,138,-0.2880665513743552,0.01
4,1,all_strict,side_informed,laplace,beta_half_half,20.0,retention_bounded_plus_HU,0.1,375ac5032a9e3c57e0a33947e30ec35ed19a33cd16476377d08907bad53f8f78,e8956545e0ea4a08f0625bdb6f77e962d45b9c939d91d7153ac3a76e6ef00349,138,-0.3144242058743241,0.01
4,2,all_strict,side_informed,laplace,beta_half_half,20.0,retention_bounded_plus_HU,0.0,21b28e9b95f6273e01cc5fd73d1827c62ba781b0fb4a0fc0e419afb51f80f1ef,dd79626d209eaa02dbe09ef88ca2ae1290cab2881b6b9617ec95f9c5223bd97c,137,-0.3143808413183515,0.01
4,2,all_strict,side_informed,laplace,beta_half_half,20.0,retention_bounded_plus_HU,0.0001,21b28e9b95f6273e01cc5fd73d1827c62ba781b0fb4a0fc0e419afb51f80f1ef,2c808f06791e72bb0c0984997750a8a760979e813e8e25e8c20c46722587e763,137,-0.3135315010134042,0.01
4,2,all_strict,side_informed,laplace,beta_half_half,20.0,retention_bounded_plus_HU,0.001,21b28e9b95f6273e01cc5fd73d1827c62ba781b0fb4a0fc0e419afb51f80f1ef,6c2129083a7a095ce5106c892e7b378f1d249aaf1aa933dd2b7e9eacfbdabd38,137,-0.30745488651202574,0.01
4,2,all_strict,side_informed,laplace,beta_half_half,20.0,retention_bounded_plus_HU,0.01,21b28e9b95f6273e01cc5fd73d1827c62ba781b0fb4a0fc0e419afb51f80f1ef,93445615eb353714d2adf54ee1e46bf1f16a4e83385bd3b8d5e77c1a3c6a80f4,137,-0.2880665513743552,0.01
4,2,all_strict,side_informed,laplace,beta_half_half,20.0,retention_bounded_plus_HU,0.1,21b28e9b95f6273e01cc5fd73d1827c62ba781b0fb4a0fc0e419afb51f80f1ef,44bf8cfc2af0ca03eb9f31c94ee7f5288b1c16d746fe0a73f52813dfc2e6c27d,137,-0.3144242058743241,0.01
4,0,all_strict,side_informed,gh80,beta_half_half,20.0,HU_plus_surface,0.0,dad5d4ffe3a4823687c1aff1acc1f86d373ce81b85b782fae1c4b7716c711349,82fdd2a016b4103c826dbaf15625e4607e5020a0315828c8c491418de1b655f6,137,-0.3222180581167643,0.01
4,0,all_strict,side_informed,gh80,beta_half_half,20.0,HU_plus_surface,0.0001,dad5d4ffe3a4823687c1aff1acc1f86d373ce81b85b782fae1c4b7716c711349,e3da5c60cadae89483d9030cbc828379af3aeeace388bc744dd82445e3e65d9e,137,-0.318662515637296,0.01
4,0,all_strict,side_informed,gh80,beta_half_half,20.0,HU_plus_surface,0.001,dad5d4ffe3a4823687c1aff1acc1f86d373ce81b85b782fae1c4b7716c711349,c895fbb319f3bc35a54ae517f6c207dc4db508bb6eacc428f2169f484d5e9c3c,137,-0.30190032092749824,0.01
4,0,all_strict,side_informed,gh80,beta_half_half,20.0,HU_plus_surface,0.01,dad5d4ffe3a4823687c1aff1acc1f86d373ce81b85b782fae1c4b7716c711349,acc8b009ef5394a87eea7abf223d907645fc245b692b2ca737efe4346dd871e3,137,-0.2822714691120443,0.01
4,0,all_strict,side_informed,gh80,beta_half_half,20.0,HU_plus_surface,0.1,dad5d4ffe3a4823687c1aff1acc1f86d373ce81b85b782fae1c4b7716c711349,1d5f2cc15d8fb7df52cfcd764733d7976af92b5a1bb70fd1b5d9df98ae222795,137,-0.356334246781417,0.01
4,1,all_strict,side_informed,gh80,beta_half_half,20.0,HU_plus_surface,0.0,375ac5032a9e3c57e0a33947e30ec35ed19a33cd16476377d08907bad53f8f78,116b504f67ab22824bf2f870084d5ebf1638aebd720d8d129103b36fd8b5b0d6,138,-0.3222180581167643,0.01
4,1,all_strict,side_informed,gh80,beta_half_half,20.0,HU_plus_surface,0.0001,375ac5032a9e3c57e0a33947e30ec35ed19a33cd16476377d08907bad53f8f78,da0baed351f5dbc37e632914bdcc19cde413f0088af7ce8b4e8b07061367342e,138,-0.318662515637296,0.01
4,1,all_strict,side_informed,gh80,beta_half_half,20.0,HU_plus_surface,0.001,375ac5032a9e3c57e0a33947e30ec35ed19a33cd16476377d08907bad53f8f78,012cc3de64d4c410b328dcdb8e7faadbf04cebbf8453f7c77ab49426b0da8331,138,-0.30190032092749824,0.01
4,1,all_strict,side_informed,gh80,beta_half_half,20.0,HU_plus_surface,0.01,375ac5032a9e3c57e0a33947e30ec35ed19a33cd16476377d08907bad53f8f78,45ac534521857c924a85fcfaabb0c79c3100feb735d2f491138b40a41e67234d,138,-0.2822714691120443,0.01
4,1,all_strict,side_informed,gh80,beta_half_half,20.0,HU_plus_surface,0.1,375ac5032a9e3c57e0a33947e30ec35ed19a33cd16476377d08907bad53f8f78,ddca37a412c6c99bf4166728e360a3bb92a2ab4e86f62ca927ca8727ef010e2e,138,-0.356334246781417,0.01
4,2,all_strict,side_informed,gh80,beta_half_half,20.0,HU_plus_surface,0.0,21b28e9b95f6273e01cc5fd73d1827c62ba781b0fb4a0fc0e419afb51f80f1ef,3974048734c1d5ec249611511ff90551825f798e745186efebbba5909b0a570a,137,-0.3222180581167643,0.01
4,2,all_strict,side_informed,gh80,beta_half_half,20.0,HU_plus_surface,0.0001,21b28e9b95f6273e01cc5fd73d1827c62ba781b0fb4a0fc0e419afb51f80f1ef,86ccaedfe519a2d3bb05a5973be650b76e70e049b50b4b02d8de5cc7118dcf78,137,-0.318662515637296,0.01
4,2,all_strict,side_informed,gh80,beta_half_half,20.0,HU_plus_surface,0.001,21b28e9b95f6273e01cc5fd73d1827c62ba781b0fb4a0fc0e419afb51f80f1ef,4b20f919e078283ee5d1501ae5dfcd9029932ce99211707e7e25e84089775c53,137,-0.30190032092749824,0.01
4,2,all_strict,side_informed,gh80,beta_half_half,20.0,HU_plus_surface,0.01,21b28e9b95f6273e01cc5fd73d1827c62ba781b0fb4a0fc0e419afb51f80f1ef,115d30a5f8cf970306ae61f08bcda794b64d8238b944e60d142a31f170915189,137,-0.2822714691120443,0.01
4,2,all_strict,side_informed,gh80,beta_half_half,20.0,HU_plus_surface,0.1,21b28e9b95f6273e01cc5fd73d1827c62ba781b0fb4a0fc0e419afb51f80f1ef,007d3922f464979b3d9211aa86e48ce3d3d5570aa27cf1bd050355842399ae44,137,-0.356334246781417,0.01
4,0,all_strict,side_informed,gh80,beta_half_half,20.0,retention_bounded_plus_HU,0.0,dad5d4ffe3a4823687c1aff1acc1f86d373ce81b85b782fae1c4b7716c711349,58a21770bd25968b65ef894763a9572501b69076287d4b9bcea58fc777e89a07,137,-0.330587253665444,0.01
4,0,all_strict,side_informed,gh80,beta_half_half,20.0,retention_bounded_plus_HU,0.0001,dad5d4ffe3a4823687c1aff1acc1f86d373ce81b85b782fae1c4b7716c711349,916db18f3b40e985ea444196d0e7ba36f2f94bf8216db9dd0b36bcf400bfac70,137,-0.32885833028635386,0.01
4,0,all_strict,side_informed,gh80,beta_half_half,20.0,retention_bounded_plus_HU,0.001,dad5d4ffe3a4823687c1aff1acc1f86d373ce81b85b782fae1c4b7716c711349,e39dfe2427f8928f6a936bc0b6f0f4f02dac1598c303b8073180a28b16c8252d,137,-0.32167522346164357,0.01
4,0,all_strict,side_informed,gh80,beta_half_half,20.0,retention_bounded_plus_HU,0.01,dad5d4ffe3a4823687c1aff1acc1f86d373ce81b85b782fae1c4b7716c711349,d385dbe0615a38224d5e017f25d04999f488838df6ed4ba533ff6ade3eba1422,137,-0.3002294955809739,0.01
4,0,all_strict,side_informed,gh80,beta_half_half,20.0,retention_bounded_plus_HU,0.1,dad5d4ffe3a4823687c1aff1acc1f86d373ce81b85b782fae1c4b7716c711349,300c1f009cb759c0ffe6a83c383b7e566f1bc330c5f9ed9d2ed6ba249ef609ac,137,-0.3208611338127413,0.01
4,1,all_strict,side_informed,gh80,beta_half_half,20.0,retention_bounded_plus_HU,0.0,375ac5032a9e3c57e0a33947e30ec35ed19a33cd16476377d08907bad53f8f78,24c6915dd9ecf03663e998c16c37048f80c16da2c3abaf331fce29f3e12128de,138,-0.330587253665444,0.01
4,1,all_strict,side_informed,gh80,beta_half_half,20.0,retention_bounded_plus_HU,0.0001,375ac5032a9e3c57e0a33947e30ec35ed19a33cd16476377d08907bad53f8f78,df1e889bc5db39ac7521cfd9514d56fab69a9727c542b7a23cef91d5ff475b6b,138,-0.32885833028635386,0.01
4,1,all_strict,side_informed,gh80,beta_half_half,20.0,retention_bounded_plus_HU,0.001,375ac5032a9e3c57e0a33947e30ec35ed19a33cd16476377d08907bad53f8f78,9b996ccfd3c8fc85047a5aea580e657cfe35aadf8c37e6226152a1be1daa012a,138,-0.32167522346164357,0.01
4,1,all_strict,side_informed,gh80,beta_half_half,20.0,retention_bounded_plus_HU,0.01,375ac5032a9e3c57e0a33947e30ec35ed19a33cd16476377d08907bad53f8f78,45323d5cc38bc974ea30ef6f50f56fcc51e97958398b3a35024fe37ea0e1900a,138,-0.3002294955809739,0.01
4,1,all_strict,side_informed,gh80,beta_half_half,20.0,retention_bounded_plus_HU,0.1,375ac5032a9e3c57e0a33947e30ec35ed19a33cd16476377d08907bad53f8f78,c95c376fde1f18b9da1055c1165e0163adf396f047a21ef38ffe96c769e5baac,138,-0.3208611338127413,0.01
4,2,all_strict,side_informed,gh80,beta_half_half,20.0,retention_bounded_plus_HU,0.0,21b28e9b95f6273e01cc5fd73d1827c62ba781b0fb4a0fc0e419afb51f80f1ef,07f7efd302b2f4215c14e88b6c5cc9122b0f962975d9bcf18fd6d61be57fd7c4,137,-0.330587253665444,0.01
4,2,all_strict,side_informed,gh80,beta_half_half,20.0,retention_bounded_plus_HU,0.0001,21b28e9b95f6273e01cc5fd73d1827c62ba781b0fb4a0fc0e419afb51f80f1ef,588277db836c75d38e84577f0da63e59ecbc9cefcce07ac8645938f71b37b143,137,-0.32885833028635386,0.01
4,2,all_strict,side_informed,gh80,beta_half_half,20.0,retention_bounded_plus_HU,0.001,21b28e9b95f6273e01cc5fd73d1827c62ba781b0fb4a0fc0e419afb51f80f1ef,e33b374e80df9454abb0228bf3f2c104a51ec333b59f8f74a883df2dfa3a44db,137,-0.32167522346164357,0.01
4,2,all_strict,side_informed,gh80,beta_half_half,20.0,retention_bounded_plus_HU,0.01,21b28e9b95f6273e01cc5fd73d1827c62ba781b0fb4a0fc0e419afb51f80f1ef,1adb0c239f8702e6b3158d278c9c3478c8721dac56fc09eec834b48fc91a3018,137,-0.3002294955809739,0.01
4,2,all_strict,side_informed,gh80,beta_half_half,20.0,retention_bounded_plus_HU,0.1,21b28e9b95f6273e01cc5fd73d1827c62ba781b0fb4a0fc0e419afb51f80f1ef,dcce3e9baa3b1d09f815d2d3b229a0a974b60b2c69c82ec5ec05b35ac73a83da,137,-0.3208611338127413,0.01
4,0,all_strict,wholly_unseen,laplace,beta_half_half,20.0,retention_bounded,0.0,dad5d4ffe3a4823687c1aff1acc1f86d373ce81b85b782fae1c4b7716c711349,8e3f8bdb444584d93a5406f3c573eb8568340679b26ebbdf035ad382d9bcf5f3,137,-0.6525298479814724,0.01
4,0,all_strict,wholly_unseen,laplace,beta_half_half,20.0,retention_bounded,0.0001,dad5d4ffe3a4823687c1aff1acc1f86d373ce81b85b782fae1c4b7716c711349,b9257c9db5197719cf3e47442b3d14c9454cc5ce83f7aad5c117fd2fd330df46,137,-0.6494538349724461,0.01
4,0,all_strict,wholly_unseen,laplace,beta_half_half,20.0,retention_bounded,0.001,dad5d4ffe3a4823687c1aff1acc1f86d373ce81b85b782fae1c4b7716c711349,8166484ebcbc077351c78db723d62ec37da19a9ff439b291ebc67751726841b7,137,-0.6324053792329185,0.01
4,0,all_strict,wholly_unseen,laplace,beta_half_half,20.0,retention_bounded,0.01,dad5d4ffe3a4823687c1aff1acc1f86d373ce81b85b782fae1c4b7716c711349,e7fadfcd36555d846c7e8a344c3f3ff6de1fe709555225cff292260ed4932036,137,-0.5919843661260731,0.01
4,0,all_strict,wholly_unseen,laplace,beta_half_half,20.0,retention_bounded,0.1,dad5d4ffe3a4823687c1aff1acc1f86d373ce81b85b782fae1c4b7716c711349,2761737ec49eb01cd69a6c7c0002a64235ebb35c4b189a5ae3c4d0f7863398f6,137,-0.6135786616132667,0.01
4,1,all_strict,wholly_unseen,laplace,beta_half_half,20.0,retention_bounded,0.0,375ac5032a9e3c57e0a33947e30ec35ed19a33cd16476377d08907bad53f8f78,4f71b08553fd4bd66965671b596fe0446ffd8fd9c6b69b6e01e700853917c91c,138,-0.6525298479814724,0.01
4,1,all_strict,wholly_unseen,laplace,beta_half_half,20.0,retention_bounded,0.0001,375ac5032a9e3c57e0a33947e30ec35ed19a33cd16476377d08907bad53f8f78,8dd83779f13d1bd65566e36efc75f7ebc6e21fe6ea7e13745ee569d6db7f6076,138,-0.6494538349724461,0.01
4,1,all_strict,wholly_unseen,laplace,beta_half_half,20.0,retention_bounded,0.001,375ac5032a9e3c57e0a33947e30ec35ed19a33cd16476377d08907bad53f8f78,98cc876767b61256e0f8ca9fc4210e978de49eb6f06b2032d43767ac8e035d49,138,-0.6324053792329185,0.01
4,1,all_strict,wholly_unseen,laplace,beta_half_half,20.0,retention_bounded,0.01,375ac5032a9e3c57e0a33947e30ec35ed19a33cd16476377d08907bad53f8f78,fa96e45c4986d88f3ae874e92821bfd11dee6a2dd9879ad1e94c693c54d94df0,138,-0.5919843661260731,0.01
4,1,all_strict,wholly_unseen,laplace,beta_half_half,20.0,retention_bounded,0.1,375ac5032a9e3c57e0a33947e30ec35ed19a33cd16476377d08907bad53f8f78,4f462bc47daa228f69bbf32d96eb281b80335d5085b4d423d1b04d14a17168aa,138,-0.6135786616132667,0.01
4,2,all_strict,wholly_unseen,laplace,beta_half_half,20.0,retention_bounded,0.0,21b28e9b95f6273e01cc5fd73d1827c62ba781b0fb4a0fc0e419afb51f80f1ef,66b3da5a626bbc9e915db3cdb6014e6fd17b09d4011685b246accb7168819fb7,137,-0.6525298479814724,0.01
4,2,all_strict,wholly_unseen,laplace,beta_half_half,20.0,retention_bounded,0.0001,21b28e9b95f6273e01cc5fd73d1827c62ba781b0fb4a0fc0e419afb51f80f1ef,450d88b9e217927a79020e0595542141b3c0947d4f23166127cd998a81d5a9cb,137,-0.6494538349724461,0.01
4,2,all_strict,wholly_unseen,laplace,beta_half_half,20.0,retention_bounded,0.001,21b28e9b95f6273e01cc5fd73d1827c62ba781b0fb4a0fc0e419afb51f80f1ef,8c8f2682f6dbcd1ba6246a8dd9bd9289a05d85048c17c5d5d24e954a8b77c62a,137,-0.6324053792329185,0.01
4,2,all_strict,wholly_unseen,laplace,beta_half_half,20.0,retention_bounded,0.01,21b28e9b95f6273e01cc5fd73d1827c62ba781b0fb4a0fc0e419afb51f80f1ef,29bfc4550bce1a8a8625bb2c08e60072e342c82db244df68df205b0e72c89c70,137,-0.5919843661260731,0.01
4,2,all_strict,wholly_unseen,laplace,beta_half_half,20.0,retention_bounded,0.1,21b28e9b95f6273e01cc5fd73d1827c62ba781b0fb4a0fc0e419afb51f80f1ef,2ccc4263fe144806d0078775a678d25e4db4d46120d12cde730b6104bc58bf6a,137,-0.6135786616132667,0.01
4,0,all_strict,wholly_unseen,laplace,beta_half_half,20.0,retention_nonnegative,0.0,dad5d4ffe3a4823687c1aff1acc1f86d373ce81b85b782fae1c4b7716c711349,8d631be12186349a1574e7a7c89a3dbe6e155b6b3860f02621f86ddd830ba1bd,137,-0.6525298480491303,0.01
4,0,all_strict,wholly_unseen,laplace,beta_half_half,20.0,retention_nonnegative,0.0001,dad5d4ffe3a4823687c1aff1acc1f86d373ce81b85b782fae1c4b7716c711349,cb9db5fff3c33a34bef05b078369967f9667bfbec519584c0bc12f90d141d35d,137,-0.6481707832010083,0.01
4,0,all_strict,wholly_unseen,laplace,beta_half_half,20.0,retention_nonnegative,0.001,dad5d4ffe3a4823687c1aff1acc1f86d373ce81b85b782fae1c4b7716c711349,62cc94dd53d5d83722c2212c1dddf52bcd264bd9ea941a7ec6b57e06fdebba0e,137,-0.6268077804034,0.01
4,0,all_strict,wholly_unseen,laplace,beta_half_half,20.0,retention_nonnegative,0.01,dad5d4ffe3a4823687c1aff1acc1f86d373ce81b85b782fae1c4b7716c711349,391a8762f8ef5f5f29745be416a5fd5bc259eadd2c1c87654d1b5743ab78b66b,137,-0.6093116796228457,0.01
4,0,all_strict,wholly_unseen,laplace,beta_half_half,20.0,retention_nonnegative,0.1,dad5d4ffe3a4823687c1aff1acc1f86d373ce81b85b782fae1c4b7716c711349,58a09b30cef2f676e7b3485d14f2c458d02519f1f68a813df02127e5df8175dc,137,-0.680699594000051,0.01
4,1,all_strict,wholly_unseen,laplace,beta_half_half,20.0,retention_nonnegative,0.0,375ac5032a9e3c57e0a33947e30ec35ed19a33cd16476377d08907bad53f8f78,30ed343156f490426432c20cb9a19bb5df6322cdcaa35159e42ac1942cef6ca2,138,-0.6525298480491303,0.01
4,1,all_strict,wholly_unseen,laplace,beta_half_half,20.0,retention_nonnegative,0.0001,375ac5032a9e3c57e0a33947e30ec35ed19a33cd16476377d08907bad53f8f78,2cba69b4f22798618e5661d068ccf1a9cf7873631632b8ee7621012de63e329c,138,-0.6481707832010083,0.01
4,1,all_strict,wholly_unseen,laplace,beta_half_half,20.0,retention_nonnegative,0.001,375ac5032a9e3c57e0a33947e30ec35ed19a33cd16476377d08907bad53f8f78,b197e75f823ee0985145c7c68dc7d68a5e473c1375e1c67aca8996de52b5d04d,138,-0.6268077804034,0.01
4,1,all_strict,wholly_unseen,laplace,beta_half_half,20.0,retention_nonnegative,0.01,375ac5032a9e3c57e0a33947e30ec35ed19a33cd16476377d08907bad53f8f78,9906401a00e7f5c0ea87596835fbeda4a639e2dca961a9fe968bd93330418934,138,-0.6093116796228457,0.01
4,1,all_strict,wholly_unseen,laplace,beta_half_half,20.0,retention_nonnegative,0.1,375ac5032a9e3c57e0a33947e30ec35ed19a33cd16476377d08907bad53f8f78,989534ec09b326da68db290db2f5c66c32919c895a45f8b74c9716236b872617,138,-0.680699594000051,0.01
4,2,all_strict,wholly_unseen,laplace,beta_half_half,20.0,retention_nonnegative,0.0,21b28e9b95f6273e01cc5fd73d1827c62ba781b0fb4a0fc0e419afb51f80f1ef,605396b1bfef1e049e1eefa8cef1dcba83043192b8e9a506e82d5b98d9b2c2c5,137,-0.6525298480491303,0.01
4,2,all_strict,wholly_unseen,laplace,beta_half_half,20.0,retention_nonnegative,0.0001,21b28e9b95f6273e01cc5fd73d1827c62ba781b0fb4a0fc0e419afb51f80f1ef,06d950538f86c195accb9a6cfb1d0954d4357310a40e4bd32f4f254a0b54390a,137,-0.6481707832010083,0.01
4,2,all_strict,wholly_unseen,laplace,beta_half_half,20.0,retention_nonnegative,0.001,21b28e9b95f6273e01cc5fd73d1827c62ba781b0fb4a0fc0e419afb51f80f1ef,384ce47f3ad291777901e2025a5f10e5f91b6884fd84b9148e31d8f88eafd6c8,137,-0.6268077804034,0.01
4,2,all_strict,wholly_unseen,laplace,beta_half_half,20.0,retention_nonnegative,0.01,21b28e9b95f6273e01cc5fd73d1827c62ba781b0fb4a0fc0e419afb51f80f1ef,76299258a4b7e9ad8097b4a33cb62ca3fb508f6c7a760cba5ca8017ec744db30,137,-0.6093116796228457,0.01
4,2,all_strict,wholly_unseen,laplace,beta_half_half,20.0,retention_nonnegative,0.1,21b28e9b95f6273e01cc5fd73d1827c62ba781b0fb4a0fc0e419afb51f80f1ef,e95fc02d2f8a80ca4b94a041bf053c4d3fe9a170151178aaf892fca085a76559,137,-0.680699594000051,0.01
4,0,all_strict,wholly_unseen,laplace,beta_half_half,20.0,current_only,0.0,dad5d4ffe3a4823687c1aff1acc1f86d373ce81b85b782fae1c4b7716c711349,8207e5be91a7f9f67ae0a4eb74053a84b13b9c7cd1a0c1e46368ac1334510a80,137,-0.8625334758271397,0.1
4,0,all_strict,wholly_unseen,laplace,beta_half_half,20.0,current_only,0.0001,dad5d4ffe3a4823687c1aff1acc1f86d373ce81b85b782fae1c4b7716c711349,11dfcd10b46649e1084917a8862234b29d647c19017ca691e7ccbce8d35e19c8,137,-0.8621814035271574,0.1
4,0,all_strict,wholly_unseen,laplace,beta_half_half,20.0,current_only,0.001,dad5d4ffe3a4823687c1aff1acc1f86d373ce81b85b782fae1c4b7716c711349,274c245acd7ff13a86c55e28762e05ed0c1a55a963da574125159fbfead7079b,137,-0.8591965462139591,0.1
4,0,all_strict,wholly_unseen,laplace,beta_half_half,20.0,current_only,0.01,dad5d4ffe3a4823687c1aff1acc1f86d373ce81b85b782fae1c4b7716c711349,00ee3a04e389d15d8c7f4b5d389c6be3f4709052fb5b8e168f1eb42865113728,137,-0.8405153846824804,0.1
4,0,all_strict,wholly_unseen,laplace,beta_half_half,20.0,current_only,0.1,dad5d4ffe3a4823687c1aff1acc1f86d373ce81b85b782fae1c4b7716c711349,c9659a5501f9a28148c40af0e85a628369400701ac4644bfe91df44702c4ec57,137,-0.8364858089192263,0.1
4,1,all_strict,wholly_unseen,laplace,beta_half_half,20.0,current_only,0.0,375ac5032a9e3c57e0a33947e30ec35ed19a33cd16476377d08907bad53f8f78,3b00b9cb36da7689005eca0899f5b11e2a9096d7f0c7d79990e32d12056d8bf1,138,-0.8625334758271397,0.1
4,1,all_strict,wholly_unseen,laplace,beta_half_half,20.0,current_only,0.0001,375ac5032a9e3c57e0a33947e30ec35ed19a33cd16476377d08907bad53f8f78,eb1f6ba18b566fca46d6318b991b342d1282dcc11b6d3b94bbef8a722d34d8f3,138,-0.8621814035271574,0.1
4,1,all_strict,wholly_unseen,laplace,beta_half_half,20.0,current_only,0.001,375ac5032a9e3c57e0a33947e30ec35ed19a33cd16476377d08907bad53f8f78,53d87e51f908a3e4c8c610dd55753550c09f59069b89e395eb1a8dde336c08ea,138,-0.8591965462139591,0.1
4,1,all_strict,wholly_unseen,laplace,beta_half_half,20.0,current_only,0.01,375ac5032a9e3c57e0a33947e30ec35ed19a33cd16476377d08907bad53f8f78,f6dd238c76d25042d8eeeb8adb4ad56a006221c10af0304ae44758a9eae6557c,138,-0.8405153846824804,0.1
4,1,all_strict,wholly_unseen,laplace,beta_half_half,20.0,current_only,0.1,375ac5032a9e3c57e0a33947e30ec35ed19a33cd16476377d08907bad53f8f78,f936f57c58dcb29b7d7b4129199efbda839b54980d5cdf5171995f3c38d5d139,138,-0.8364858089192263,0.1
4,2,all_strict,wholly_unseen,laplace,beta_half_half,20.0,current_only,0.0,21b28e9b95f6273e01cc5fd73d1827c62ba781b0fb4a0fc0e419afb51f80f1ef,3e46bfd0af42e082f1c75dc5a02fc75ce98beaae1cf1e5c8a905a0c865e660d9,137,-0.8625334758271397,0.1
4,2,all_strict,wholly_unseen,laplace,beta_half_half,20.0,current_only,0.0001,21b28e9b95f6273e01cc5fd73d1827c62ba781b0fb4a0fc0e419afb51f80f1ef,6551bc13b33f3d2adef5fc45195ae010ab9e674cba6cf7fa0ed3951585078d8d,137,-0.8621814035271574,0.1
4,2,all_strict,wholly_unseen,laplace,beta_half_half,20.0,current_only,0.001,21b28e9b95f6273e01cc5fd73d1827c62ba781b0fb4a0fc0e419afb51f80f1ef,0af1c8e1b0cc9f4ed748aa46bae9cd949f9719ba1539beb2114dab76bb0bd8ea,137,-0.8591965462139591,0.1
4,2,all_strict,wholly_unseen,laplace,beta_half_half,20.0,current_only,0.01,21b28e9b95f6273e01cc5fd73d1827c62ba781b0fb4a0fc0e419afb51f80f1ef,e90a694094b1b08fdfcdee0f396da939e210fa4a5a72cc71e5c00940985fbe82,137,-0.8405153846824804,0.1
4,2,all_strict,wholly_unseen,laplace,beta_half_half,20.0,current_only,0.1,21b28e9b95f6273e01cc5fd73d1827c62ba781b0fb4a0fc0e419afb51f80f1ef,e5bb8e292091535b0c377e8712ef5ce14c2d3578122261ce250760c69ba8c417,137,-0.8364858089192263,0.1
4,0,all_strict,wholly_unseen,laplace,beta_half_half,20.0,input_plus_surface,0.0,dad5d4ffe3a4823687c1aff1acc1f86d373ce81b85b782fae1c4b7716c711349,87c8e8400553cb0c051fafa50d40a0575f439e20b75e144ac2479638df457b04,137,-0.6254642661578571,0.01
4,0,all_strict,wholly_unseen,laplace,beta_half_half,20.0,input_plus_surface,0.0001,dad5d4ffe3a4823687c1aff1acc1f86d373ce81b85b782fae1c4b7716c711349,1302f8f05ae4d4ac85fe8c64c022506e15129e147fa978d4eecd17669762be52,137,-0.6220241469074754,0.01
4,0,all_strict,wholly_unseen,laplace,beta_half_half,20.0,input_plus_surface,0.001,dad5d4ffe3a4823687c1aff1acc1f86d373ce81b85b782fae1c4b7716c711349,da13a75f938c048934e0a610152bb9b541325fe43f01651cf02a422f366b5e2a,137,-0.6029758318345367,0.01
4,0,all_strict,wholly_unseen,laplace,beta_half_half,20.0,input_plus_surface,0.01,dad5d4ffe3a4823687c1aff1acc1f86d373ce81b85b782fae1c4b7716c711349,03d1463209cb1744c735e2701f95680454a676bb9f354b2944a67d255779ce6f,137,-0.5692197667576168,0.01
4,0,all_strict,wholly_unseen,laplace,beta_half_half,20.0,input_plus_surface,0.1,dad5d4ffe3a4823687c1aff1acc1f86d373ce81b85b782fae1c4b7716c711349,0f2576719e9677bc3fafa1279aa229b2a0f9da0b03b3b95e6d6e2a45ee63276f,137,-0.6284156837836076,0.01
4,1,all_strict,wholly_unseen,laplace,beta_half_half,20.0,input_plus_surface,0.0,375ac5032a9e3c57e0a33947e30ec35ed19a33cd16476377d08907bad53f8f78,0551e572f2937d68ed3d02ac6df50deca48848428fa3b4ade94a35af922afcc0,138,-0.6254642661578571,0.01
4,1,all_strict,wholly_unseen,laplace,beta_half_half,20.0,input_plus_surface,0.0001,375ac5032a9e3c57e0a33947e30ec35ed19a33cd16476377d08907bad53f8f78,ebca60e6c5f8946bcc830600b16c49228f567f9a5c54be8f49300f2053e3f030,138,-0.6220241469074754,0.01
4,1,all_strict,wholly_unseen,laplace,beta_half_half,20.0,input_plus_surface,0.001,375ac5032a9e3c57e0a33947e30ec35ed19a33cd16476377d08907bad53f8f78,abd08317877b56c31a4465c68e12a3c71e0b8915970f090991401044e802d3e4,138,-0.6029758318345367,0.01
4,1,all_strict,wholly_unseen,laplace,beta_half_half,20.0,input_plus_surface,0.01,375ac5032a9e3c57e0a33947e30ec35ed19a33cd16476377d08907bad53f8f78,018697ffb5130508380f5bcd8a2fc8c1ec3a6500dbe4f46f17e7169bbc942d38,138,-0.5692197667576168,0.01
4,1,all_strict,wholly_unseen,laplace,beta_half_half,20.0,input_plus_surface,0.1,375ac5032a9e3c57e0a33947e30ec35ed19a33cd16476377d08907bad53f8f78,8836680fb6c598831204d46059f8dba7e1f042d445e9c4477c82c37e542fd04d,138,-0.6284156837836076,0.01
4,2,all_strict,wholly_unseen,laplace,beta_half_half,20.0,input_plus_surface,0.0,21b28e9b95f6273e01cc5fd73d1827c62ba781b0fb4a0fc0e419afb51f80f1ef,89a5c698f5d9f625a28952adbc199ecb1377f365a75a0ae163ae17179a4dcb6a,137,-0.6254642661578571,0.01
4,2,all_strict,wholly_unseen,laplace,beta_half_half,20.0,input_plus_surface,0.0001,21b28e9b95f6273e01cc5fd73d1827c62ba781b0fb4a0fc0e419afb51f80f1ef,e03c387eca8ccef54d71f4b415ff032cc8744477c965c2c981ffd4471817f5ac,137,-0.6220241469074754,0.01
4,2,all_strict,wholly_unseen,laplace,beta_half_half,20.0,input_plus_surface,0.001,21b28e9b95f6273e01cc5fd73d1827c62ba781b0fb4a0fc0e419afb51f80f1ef,e4417d7e8da06197c6f4e548ed724135cccb91f51c7f1a4de434e8a2b2db867b,137,-0.6029758318345367,0.01
4,2,all_strict,wholly_unseen,laplace,beta_half_half,20.0,input_plus_surface,0.01,21b28e9b95f6273e01cc5fd73d1827c62ba781b0fb4a0fc0e419afb51f80f1ef,ce2da8b669de7914c0c5f3ee3854babd268ad7e0fb410e962b5f9148a4803f69,137,-0.5692197667576168,0.01
4,2,all_strict,wholly_unseen,laplace,beta_half_half,20.0,input_plus_surface,0.1,21b28e9b95f6273e01cc5fd73d1827c62ba781b0fb4a0fc0e419afb51f80f1ef,701e6886d8253b143835e716c763163167b280188df945a34ee4ab3771f25e77,137,-0.6284156837836076,0.01
4,0,all_strict,wholly_unseen,laplace,beta_half_half,20.0,HU_plus_surface,0.0,dad5d4ffe3a4823687c1aff1acc1f86d373ce81b85b782fae1c4b7716c711349,27521d87db2e56c204e789b1bdb15afe5a0d52b43b5b180ef5fb8b6588b9fe73,137,-0.5741101093804849,0.01
4,0,all_strict,wholly_unseen,laplace,beta_half_half,20.0,HU_plus_surface,0.0001,dad5d4ffe3a4823687c1aff1acc1f86d373ce81b85b782fae1c4b7716c711349,0d205b3d716b14e6ef36bdbde1889db66c0d57b4d4d152a0155723584da926d2,137,-0.5713862440183964,0.01
4,0,all_strict,wholly_unseen,laplace,beta_half_half,20.0,HU_plus_surface,0.001,dad5d4ffe3a4823687c1aff1acc1f86d373ce81b85b782fae1c4b7716c711349,5602f3926137c556560a9b55ef0f4bb45cb7c5f15c79fd08467f64d7c1e945a9,137,-0.5576144181669088,0.01
4,0,all_strict,wholly_unseen,laplace,beta_half_half,20.0,HU_plus_surface,0.01,dad5d4ffe3a4823687c1aff1acc1f86d373ce81b85b782fae1c4b7716c711349,ce7f49f4f96866d0a7cc6400c82dc061fe64ded1a180bcf36b1f22e2a69c18ff,137,-0.5399321829292664,0.01
4,0,all_strict,wholly_unseen,laplace,beta_half_half,20.0,HU_plus_surface,0.1,dad5d4ffe3a4823687c1aff1acc1f86d373ce81b85b782fae1c4b7716c711349,98d6b261ef055970a140ae43e1e3367318f2bd5eb39b0500b7beada0c52f5ee6,137,-0.615703052909903,0.01
4,1,all_strict,wholly_unseen,laplace,beta_half_half,20.0,HU_plus_surface,0.0,375ac5032a9e3c57e0a33947e30ec35ed19a33cd16476377d08907bad53f8f78,948e1e14bba0c99ec4ff7d2aaa4ef1c3a2fd5eea318f2b6b7fb2d36876bc18f7,138,-0.5741101093804849,0.01
4,1,all_strict,wholly_unseen,laplace,beta_half_half,20.0,HU_plus_surface,0.0001,375ac5032a9e3c57e0a33947e30ec35ed19a33cd16476377d08907bad53f8f78,cce38ca67266e5c7ca7a5724ef871b84e3066d0d1579749f9500f6151158aa96,138,-0.5713862440183964,0.01
4,1,all_strict,wholly_unseen,laplace,beta_half_half,20.0,HU_plus_surface,0.001,375ac5032a9e3c57e0a33947e30ec35ed19a33cd16476377d08907bad53f8f78,153453275e2c6a298e3372566ed96c6d68a0dbcbe98f6b0040876d17d5110356,138,-0.5576144181669088,0.01
4,1,all_strict,wholly_unseen,laplace,beta_half_half,20.0,HU_plus_surface,0.01,375ac5032a9e3c57e0a33947e30ec35ed19a33cd16476377d08907bad53f8f78,b87849bd3e72f133da0ac748a5c1926a78bfc0590f212148296c42234387d0b8,138,-0.5399321829292664,0.01
4,1,all_strict,wholly_unseen,laplace,beta_half_half,20.0,HU_plus_surface,0.1,375ac5032a9e3c57e0a33947e30ec35ed19a33cd16476377d08907bad53f8f78,8b3e9f7ca54e82fb6450b8f7f6a29d718b38e254930997ef04fd06cc92d0144e,138,-0.615703052909903,0.01
4,2,all_strict,wholly_unseen,laplace,beta_half_half,20.0,HU_plus_surface,0.0,21b28e9b95f6273e01cc5fd73d1827c62ba781b0fb4a0fc0e419afb51f80f1ef,53c4adbc9183d7b56723acd263ca072d0ccb09f38f127bc334c53ece5afed6bc,137,-0.5741101093804849,0.01
4,2,all_strict,wholly_unseen,laplace,beta_half_half,20.0,HU_plus_surface,0.0001,21b28e9b95f6273e01cc5fd73d1827c62ba781b0fb4a0fc0e419afb51f80f1ef,bb0d41560bbc9eabb10bc28de434ce0cda2a43f90c44fd78203073b8a0ba72f6,137,-0.5713862440183964,0.01
4,2,all_strict,wholly_unseen,laplace,beta_half_half,20.0,HU_plus_surface,0.001,21b28e9b95f6273e01cc5fd73d1827c62ba781b0fb4a0fc0e419afb51f80f1ef,d3ce5f2424549dcd5e6729e7bcc864f4dcd7fee1ce4a044fed0a58c85b38b95f,137,-0.5576144181669088,0.01
4,2,all_strict,wholly_unseen,laplace,beta_half_half,20.0,HU_plus_surface,0.01,21b28e9b95f6273e01cc5fd73d1827c62ba781b0fb4a0fc0e419afb51f80f1ef,3e619d3ce223450bbe58b65bc524b9ffc0ef32cc330a5ea124b2246a69ba529d,137,-0.5399321829292664,0.01
4,2,all_strict,wholly_unseen,laplace,beta_half_half,20.0,HU_plus_surface,0.1,21b28e9b95f6273e01cc5fd73d1827c62ba781b0fb4a0fc0e419afb51f80f1ef,a8148728076cd27933a814eb1e607780383d159531664a1c458959dffabec94e,137,-0.615703052909903,0.01
4,0,all_strict,wholly_unseen,laplace,beta_half_half,20.0,retention_bounded_plus_HU,0.0,dad5d4ffe3a4823687c1aff1acc1f86d373ce81b85b782fae1c4b7716c711349,f4d1692858533933d128fcffde3e4f7d5547402f50d6785e4e8f60852fd310a6,137,-0.5792483299776342,0.01
4,0,all_strict,wholly_unseen,laplace,beta_half_half,20.0,retention_bounded_plus_HU,0.0001,dad5d4ffe3a4823687c1aff1acc1f86d373ce81b85b782fae1c4b7716c711349,d0bd191166a960e022ee1290e808d808a48b9b8e57f980df65af66625753c8fa,137,-0.5779478203127318,0.01
4,0,all_strict,wholly_unseen,laplace,beta_half_half,20.0,retention_bounded_plus_HU,0.001,dad5d4ffe3a4823687c1aff1acc1f86d373ce81b85b782fae1c4b7716c711349,8d38036db53b52c6402ac2db768b53a7cdd0571c49a46581720e0c74a0ab1e41,137,-0.571155276193368,0.01
4,0,all_strict,wholly_unseen,laplace,beta_half_half,20.0,retention_bounded_plus_HU,0.01,dad5d4ffe3a4823687c1aff1acc1f86d373ce81b85b782fae1c4b7716c711349,c148043bfe35f0c2b46c81a9edd06ab7788c51ccaf4899f623400c63bc9d78a7,137,-0.5500623712830885,0.01
4,0,all_strict,wholly_unseen,laplace,beta_half_half,20.0,retention_bounded_plus_HU,0.1,dad5d4ffe3a4823687c1aff1acc1f86d373ce81b85b782fae1c4b7716c711349,d6e7e5f823e4e33c821170ee2e162ded840382af8cf8864c6ec825fc98bbfa49,137,-0.5745004021250119,0.01
4,1,all_strict,wholly_unseen,laplace,beta_half_half,20.0,retention_bounded_plus_HU,0.0,375ac5032a9e3c57e0a33947e30ec35ed19a33cd16476377d08907bad53f8f78,2bdbe6e8af347c29509fbe3254e6e9a658ffeb14502147e58c2e7d1d1f938047,138,-0.5792483299776342,0.01
4,1,all_strict,wholly_unseen,laplace,beta_half_half,20.0,retention_bounded_plus_HU,0.0001,375ac5032a9e3c57e0a33947e30ec35ed19a33cd16476377d08907bad53f8f78,cee48bbeb06b0fc5f4da85d592c6dac70a7caf8f172e0c64169420dd04f2f58c,138,-0.5779478203127318,0.01
4,1,all_strict,wholly_unseen,laplace,beta_half_half,20.0,retention_bounded_plus_HU,0.001,375ac5032a9e3c57e0a33947e30ec35ed19a33cd16476377d08907bad53f8f78,ba20f1722cddbd31d1b025dfa616da9f1002fe0c4cbc46318255e20bf01a09d3,138,-0.571155276193368,0.01
4,1,all_strict,wholly_unseen,laplace,beta_half_half,20.0,retention_bounded_plus_HU,0.01,375ac5032a9e3c57e0a33947e30ec35ed19a33cd16476377d08907bad53f8f78,41069c292503c7f55a59350e5f7c16240dc1583d7d378849b5f784e4a007137d,138,-0.5500623712830885,0.01
4,1,all_strict,wholly_unseen,laplace,beta_half_half,20.0,retention_bounded_plus_HU,0.1,375ac5032a9e3c57e0a33947e30ec35ed19a33cd16476377d08907bad53f8f78,e8956545e0ea4a08f0625bdb6f77e962d45b9c939d91d7153ac3a76e6ef00349,138,-0.5745004021250119,0.01
4,2,all_strict,wholly_unseen,laplace,beta_half_half,20.0,retention_bounded_plus_HU,0.0,21b28e9b95f6273e01cc5fd73d1827c62ba781b0fb4a0fc0e419afb51f80f1ef,dd79626d209eaa02dbe09ef88ca2ae1290cab2881b6b9617ec95f9c5223bd97c,137,-0.5792483299776342,0.01
4,2,all_strict,wholly_unseen,laplace,beta_half_half,20.0,retention_bounded_plus_HU,0.0001,21b28e9b95f6273e01cc5fd73d1827c62ba781b0fb4a0fc0e419afb51f80f1ef,2c808f06791e72bb0c0984997750a8a760979e813e8e25e8c20c46722587e763,137,-0.5779478203127318,0.01
4,2,all_strict,wholly_unseen,laplace,beta_half_half,20.0,retention_bounded_plus_HU,0.001,21b28e9b95f6273e01cc5fd73d1827c62ba781b0fb4a0fc0e419afb51f80f1ef,6c2129083a7a095ce5106c892e7b378f1d249aaf1aa933dd2b7e9eacfbdabd38,137,-0.571155276193368,0.01
4,2,all_strict,wholly_unseen,laplace,beta_half_half,20.0,retention_bounded_plus_HU,0.01,21b28e9b95f6273e01cc5fd73d1827c62ba781b0fb4a0fc0e419afb51f80f1ef,93445615eb353714d2adf54ee1e46bf1f16a4e83385bd3b8d5e77c1a3c6a80f4,137,-0.5500623712830885,0.01
4,2,all_strict,wholly_unseen,laplace,beta_half_half,20.0,retention_bounded_plus_HU,0.1,21b28e9b95f6273e01cc5fd73d1827c62ba781b0fb4a0fc0e419afb51f80f1ef,44bf8cfc2af0ca03eb9f31c94ee7f5288b1c16d746fe0a73f52813dfc2e6c27d,137,-0.5745004021250119,0.01
4,0,all_strict,wholly_unseen,gh80,beta_half_half,20.0,HU_plus_surface,0.0,dad5d4ffe3a4823687c1aff1acc1f86d373ce81b85b782fae1c4b7716c711349,82fdd2a016b4103c826dbaf15625e4607e5020a0315828c8c491418de1b655f6,137,-0.5740755085439112,0.01
4,0,all_strict,wholly_unseen,gh80,beta_half_half,20.0,HU_plus_surface,0.0001,dad5d4ffe3a4823687c1aff1acc1f86d373ce81b85b782fae1c4b7716c711349,e3da5c60cadae89483d9030cbc828379af3aeeace388bc744dd82445e3e65d9e,137,-0.5707437088589817,0.01
4,0,all_strict,wholly_unseen,gh80,beta_half_half,20.0,HU_plus_surface,0.001,dad5d4ffe3a4823687c1aff1acc1f86d373ce81b85b782fae1c4b7716c711349,c895fbb319f3bc35a54ae517f6c207dc4db508bb6eacc428f2169f484d5e9c3c,137,-0.5548640293265822,0.01
4,0,all_strict,wholly_unseen,gh80,beta_half_half,20.0,HU_plus_surface,0.01,dad5d4ffe3a4823687c1aff1acc1f86d373ce81b85b782fae1c4b7716c711349,acc8b009ef5394a87eea7abf223d907645fc245b692b2ca737efe4346dd871e3,137,-0.5364524682947912,0.01
4,0,all_strict,wholly_unseen,gh80,beta_half_half,20.0,HU_plus_surface,0.1,dad5d4ffe3a4823687c1aff1acc1f86d373ce81b85b782fae1c4b7716c711349,1d5f2cc15d8fb7df52cfcd764733d7976af92b5a1bb70fd1b5d9df98ae222795,137,-0.6155180629021255,0.01
4,1,all_strict,wholly_unseen,gh80,beta_half_half,20.0,HU_plus_surface,0.0,375ac5032a9e3c57e0a33947e30ec35ed19a33cd16476377d08907bad53f8f78,116b504f67ab22824bf2f870084d5ebf1638aebd720d8d129103b36fd8b5b0d6,138,-0.5740755085439112,0.01
4,1,all_strict,wholly_unseen,gh80,beta_half_half,20.0,HU_plus_surface,0.0001,375ac5032a9e3c57e0a33947e30ec35ed19a33cd16476377d08907bad53f8f78,da0baed351f5dbc37e632914bdcc19cde413f0088af7ce8b4e8b07061367342e,138,-0.5707437088589817,0.01
4,1,all_strict,wholly_unseen,gh80,beta_half_half,20.0,HU_plus_surface,0.001,375ac5032a9e3c57e0a33947e30ec35ed19a33cd16476377d08907bad53f8f78,012cc3de64d4c410b328dcdb8e7faadbf04cebbf8453f7c77ab49426b0da8331,138,-0.5548640293265822,0.01
4,1,all_strict,wholly_unseen,gh80,beta_half_half,20.0,HU_plus_surface,0.01,375ac5032a9e3c57e0a33947e30ec35ed19a33cd16476377d08907bad53f8f78,45ac534521857c924a85fcfaabb0c79c3100feb735d2f491138b40a41e67234d,138,-0.5364524682947912,0.01
4,1,all_strict,wholly_unseen,gh80,beta_half_half,20.0,HU_plus_surface,0.1,375ac5032a9e3c57e0a33947e30ec35ed19a33cd16476377d08907bad53f8f78,ddca37a412c6c99bf4166728e360a3bb92a2ab4e86f62ca927ca8727ef010e2e,138,-0.6155180629021255,0.01
4,2,all_strict,wholly_unseen,gh80,beta_half_half,20.0,HU_plus_surface,0.0,21b28e9b95f6273e01cc5fd73d1827c62ba781b0fb4a0fc0e419afb51f80f1ef,3974048734c1d5ec249611511ff90551825f798e745186efebbba5909b0a570a,137,-0.5740755085439112,0.01
4,2,all_strict,wholly_unseen,gh80,beta_half_half,20.0,HU_plus_surface,0.0001,21b28e9b95f6273e01cc5fd73d1827c62ba781b0fb4a0fc0e419afb51f80f1ef,86ccaedfe519a2d3bb05a5973be650b76e70e049b50b4b02d8de5cc7118dcf78,137,-0.5707437088589817,0.01
4,2,all_strict,wholly_unseen,gh80,beta_half_half,20.0,HU_plus_surface,0.001,21b28e9b95f6273e01cc5fd73d1827c62ba781b0fb4a0fc0e419afb51f80f1ef,4b20f919e078283ee5d1501ae5dfcd9029932ce99211707e7e25e84089775c53,137,-0.5548640293265822,0.01
4,2,all_strict,wholly_unseen,gh80,beta_half_half,20.0,HU_plus_surface,0.01,21b28e9b95f6273e01cc5fd73d1827c62ba781b0fb4a0fc0e419afb51f80f1ef,115d30a5f8cf970306ae61f08bcda794b64d8238b944e60d142a31f170915189,137,-0.5364524682947912,0.01
4,2,all_strict,wholly_unseen,gh80,beta_half_half,20.0,HU_plus_surface,0.1,21b28e9b95f6273e01cc5fd73d1827c62ba781b0fb4a0fc0e419afb51f80f1ef,007d3922f464979b3d9211aa86e48ce3d3d5570aa27cf1bd050355842399ae44,137,-0.6155180629021255,0.01
4,0,all_strict,wholly_unseen,gh80,beta_half_half,20.0,retention_bounded_plus_HU,0.0,dad5d4ffe3a4823687c1aff1acc1f86d373ce81b85b782fae1c4b7716c711349,58a21770bd25968b65ef894763a9572501b69076287d4b9bcea58fc777e89a07,137,-0.5799416315030101,0.01
4,0,all_strict,wholly_unseen,gh80,beta_half_half,20.0,retention_bounded_plus_HU,0.0001,dad5d4ffe3a4823687c1aff1acc1f86d373ce81b85b782fae1c4b7716c711349,916db18f3b40e985ea444196d0e7ba36f2f94bf8216db9dd0b36bcf400bfac70,137,-0.5773395160865668,0.01
4,0,all_strict,wholly_unseen,gh80,beta_half_half,20.0,retention_bounded_plus_HU,0.001,dad5d4ffe3a4823687c1aff1acc1f86d373ce81b85b782fae1c4b7716c711349,e39dfe2427f8928f6a936bc0b6f0f4f02dac1598c303b8073180a28b16c8252d,137,-0.5721875689529118,0.01
4,0,all_strict,wholly_unseen,gh80,beta_half_half,20.0,retention_bounded_plus_HU,0.01,dad5d4ffe3a4823687c1aff1acc1f86d373ce81b85b782fae1c4b7716c711349,d385dbe0615a38224d5e017f25d04999f488838df6ed4ba533ff6ade3eba1422,137,-0.5545912103556919,0.01
4,0,all_strict,wholly_unseen,gh80,beta_half_half,20.0,retention_bounded_plus_HU,0.1,dad5d4ffe3a4823687c1aff1acc1f86d373ce81b85b782fae1c4b7716c711349,300c1f009cb759c0ffe6a83c383b7e566f1bc330c5f9ed9d2ed6ba249ef609ac,137,-0.5774730437997905,0.01
4,1,all_strict,wholly_unseen,gh80,beta_half_half,20.0,retention_bounded_plus_HU,0.0,375ac5032a9e3c57e0a33947e30ec35ed19a33cd16476377d08907bad53f8f78,24c6915dd9ecf03663e998c16c37048f80c16da2c3abaf331fce29f3e12128de,138,-0.5799416315030101,0.01
4,1,all_strict,wholly_unseen,gh80,beta_half_half,20.0,retention_bounded_plus_HU,0.0001,375ac5032a9e3c57e0a33947e30ec35ed19a33cd16476377d08907bad53f8f78,df1e889bc5db39ac7521cfd9514d56fab69a9727c542b7a23cef91d5ff475b6b,138,-0.5773395160865668,0.01
4,1,all_strict,wholly_unseen,gh80,beta_half_half,20.0,retention_bounded_plus_HU,0.001,375ac5032a9e3c57e0a33947e30ec35ed19a33cd16476377d08907bad53f8f78,9b996ccfd3c8fc85047a5aea580e657cfe35aadf8c37e6226152a1be1daa012a,138,-0.5721875689529118,0.01
4,1,all_strict,wholly_unseen,gh80,beta_half_half,20.0,retention_bounded_plus_HU,0.01,375ac5032a9e3c57e0a33947e30ec35ed19a33cd16476377d08907bad53f8f78,45323d5cc38bc974ea30ef6f50f56fcc51e97958398b3a35024fe37ea0e1900a,138,-0.5545912103556919,0.01
4,1,all_strict,wholly_unseen,gh80,beta_half_half,20.0,retention_bounded_plus_HU,0.1,375ac5032a9e3c57e0a33947e30ec35ed19a33cd16476377d08907bad53f8f78,c95c376fde1f18b9da1055c1165e0163adf396f047a21ef38ffe96c769e5baac,138,-0.5774730437997905,0.01
4,2,all_strict,wholly_unseen,gh80,beta_half_half,20.0,retention_bounded_plus_HU,0.0,21b28e9b95f6273e01cc5fd73d1827c62ba781b0fb4a0fc0e419afb51f80f1ef,07f7efd302b2f4215c14e88b6c5cc9122b0f962975d9bcf18fd6d61be57fd7c4,137,-0.5799416315030101,0.01
4,2,all_strict,wholly_unseen,gh80,beta_half_half,20.0,retention_bounded_plus_HU,0.0001,21b28e9b95f6273e01cc5fd73d1827c62ba781b0fb4a0fc0e419afb51f80f1ef,588277db836c75d38e84577f0da63e59ecbc9cefcce07ac8645938f71b37b143,137,-0.5773395160865668,0.01
4,2,all_strict,wholly_unseen,gh80,beta_half_half,20.0,retention_bounded_plus_HU,0.001,21b28e9b95f6273e01cc5fd73d1827c62ba781b0fb4a0fc0e419afb51f80f1ef,e33b374e80df9454abb0228bf3f2c104a51ec333b59f8f74a883df2dfa3a44db,137,-0.5721875689529118,0.01
4,2,all_strict,wholly_unseen,gh80,beta_half_half,20.0,retention_bounded_plus_HU,0.01,21b28e9b95f6273e01cc5fd73d1827c62ba781b0fb4a0fc0e419afb51f80f1ef,1adb0c239f8702e6b3158d278c9c3478c8721dac56fc09eec834b48fc91a3018,137,-0.5545912103556919,0.01
4,2,all_strict,wholly_unseen,gh80,beta_half_half,20.0,retention_bounded_plus_HU,0.1,21b28e9b95f6273e01cc5fd73d1827c62ba781b0fb4a0fc0e419afb51f80f1ef,dcce3e9baa3b1d09f815d2d3b229a0a974b60b2c69c82ec5ec05b35ac73a83da,137,-0.5774730437997905,0.01
4,0,all_agreeing_offsets,side_informed,laplace,beta_half_half,20.0,retention_bounded,0.0,dad5d4ffe3a4823687c1aff1acc1f86d373ce81b85b782fae1c4b7716c711349,36c45ebc48cdd0c33e7ea75011e572f63e9928d97dd37c7ee5659a7260c83443,137,-0.35529221364618796,0.01
4,0,all_agreeing_offsets,side_informed,laplace,beta_half_half,20.0,retention_bounded,0.0001,dad5d4ffe3a4823687c1aff1acc1f86d373ce81b85b782fae1c4b7716c711349,a73d2e6c809274c08b6e40b1404e386e704e6d286a97c33bd2673d36b48ac454,137,-0.3527578965915473,0.01
4,0,all_agreeing_offsets,side_informed,laplace,beta_half_half,20.0,retention_bounded,0.001,dad5d4ffe3a4823687c1aff1acc1f86d373ce81b85b782fae1c4b7716c711349,e6974819ede49453940c94c7c3fb839a322f07117a6ee71cc1aca9089e8db996,137,-0.3375418576436852,0.01
4,0,all_agreeing_offsets,side_informed,laplace,beta_half_half,20.0,retention_bounded,0.01,dad5d4ffe3a4823687c1aff1acc1f86d373ce81b85b782fae1c4b7716c711349,46cbac891437c8c6dbcff783fd61c875d04a22579c4dbcad31dd83a46e9de3ff,137,-0.3075739020099929,0.01
4,0,all_agreeing_offsets,side_informed,laplace,beta_half_half,20.0,retention_bounded,0.1,dad5d4ffe3a4823687c1aff1acc1f86d373ce81b85b782fae1c4b7716c711349,81066a263c0d64ea91667aaadfe24ffd4ce84fffbc31215dace991ae8a53d0aa,137,-0.3559821667251398,0.01
4,1,all_agreeing_offsets,side_informed,laplace,beta_half_half,20.0,retention_bounded,0.0,375ac5032a9e3c57e0a33947e30ec35ed19a33cd16476377d08907bad53f8f78,a39a4a63f0ee535169598e6d3ac1f6773458a550bbe1ae0a38bb92fdda23a0d4,138,-0.35529221364618796,0.01
4,1,all_agreeing_offsets,side_informed,laplace,beta_half_half,20.0,retention_bounded,0.0001,375ac5032a9e3c57e0a33947e30ec35ed19a33cd16476377d08907bad53f8f78,b64e1017d386e1bde8667ed5425c4c289a23e49d7a0c17a37280071068776e3a,138,-0.3527578965915473,0.01
4,1,all_agreeing_offsets,side_informed,laplace,beta_half_half,20.0,retention_bounded,0.001,375ac5032a9e3c57e0a33947e30ec35ed19a33cd16476377d08907bad53f8f78,fd7c6b9ee2abc60f9bf7dd0a55dcef52156f5333826d11483422f3f3136d2e21,138,-0.3375418576436852,0.01
4,1,all_agreeing_offsets,side_informed,laplace,beta_half_half,20.0,retention_bounded,0.01,375ac5032a9e3c57e0a33947e30ec35ed19a33cd16476377d08907bad53f8f78,f8dc763ba6b422c9fab04a043b1cd6f576e46fb3ade2ad01b4f0a1986a913626,138,-0.3075739020099929,0.01
4,1,all_agreeing_offsets,side_informed,laplace,beta_half_half,20.0,retention_bounded,0.1,375ac5032a9e3c57e0a33947e30ec35ed19a33cd16476377d08907bad53f8f78,134cc685abaaa6f9d8dfdc7526218a58f64dcab94459ae60b574197cbea19009,138,-0.3559821667251398,0.01
4,2,all_agreeing_offsets,side_informed,laplace,beta_half_half,20.0,retention_bounded,0.0,21b28e9b95f6273e01cc5fd73d1827c62ba781b0fb4a0fc0e419afb51f80f1ef,5c041f73b31454fbf3b61243b3542afd3abf5ba5ac5fb138cd4cbc747ac4c9d0,137,-0.35529221364618796,0.01
4,2,all_agreeing_offsets,side_informed,laplace,beta_half_half,20.0,retention_bounded,0.0001,21b28e9b95f6273e01cc5fd73d1827c62ba781b0fb4a0fc0e419afb51f80f1ef,2adef9dbb95377dadbfc888eb3550e3cfd5bec5d74d05b96a9589e58c023e833,137,-0.3527578965915473,0.01
4,2,all_agreeing_offsets,side_informed,laplace,beta_half_half,20.0,retention_bounded,0.001,21b28e9b95f6273e01cc5fd73d1827c62ba781b0fb4a0fc0e419afb51f80f1ef,03215b4860ffb1e74b254bc2413e8a994ef101ef866829da6919470fc41929ad,137,-0.3375418576436852,0.01
4,2,all_agreeing_offsets,side_informed,laplace,beta_half_half,20.0,retention_bounded,0.01,21b28e9b95f6273e01cc5fd73d1827c62ba781b0fb4a0fc0e419afb51f80f1ef,df22efaee4a5a3953e231e93265839475b6a120e3ffaa0aa461610eabd8f54d0,137,-0.3075739020099929,0.01
4,2,all_agreeing_offsets,side_informed,laplace,beta_half_half,20.0,retention_bounded,0.1,21b28e9b95f6273e01cc5fd73d1827c62ba781b0fb4a0fc0e419afb51f80f1ef,4b957a6fa543c7e63341c350f8736df89f0a5c758746e45eac4567e1b78122f8,137,-0.3559821667251398,0.01
4,0,all_agreeing_offsets,side_informed,laplace,beta_half_half,20.0,retention_nonnegative,0.0,dad5d4ffe3a4823687c1aff1acc1f86d373ce81b85b782fae1c4b7716c711349,c89c1b33fa7c68ba4b559f86f8237337ddcf166ee485854a3121a7bc339cdfa1,137,-0.35529221348416007,0.001
4,0,all_agreeing_offsets,side_informed,laplace,beta_half_half,20.0,retention_nonnegative,0.0001,dad5d4ffe3a4823687c1aff1acc1f86d373ce81b85b782fae1c4b7716c711349,7ef302eeb0780e3d3194dc8e3659afbbe5f8ecfea622704d28dc714c73a75c8e,137,-0.3512466569320491,0.001
4,0,all_agreeing_offsets,side_informed,laplace,beta_half_half,20.0,retention_nonnegative,0.001,dad5d4ffe3a4823687c1aff1acc1f86d373ce81b85b782fae1c4b7716c711349,4a5871259929bc344203ea31cd1c00529cb5b618054fbc5423c4965abd83fa48,137,-0.3347105121384589,0.001
4,0,all_agreeing_offsets,side_informed,laplace,beta_half_half,20.0,retention_nonnegative,0.01,dad5d4ffe3a4823687c1aff1acc1f86d373ce81b85b782fae1c4b7716c711349,06b31502916a224e0f0329fdf26ad9b90e9e7720d7cb4055c7e09ffca2dd3cd9,137,-0.3370733692508162,0.001
4,0,all_agreeing_offsets,side_informed,laplace,beta_half_half,20.0,retention_nonnegative,0.1,dad5d4ffe3a4823687c1aff1acc1f86d373ce81b85b782fae1c4b7716c711349,cfafd2d74694828c8c004771115eaaee8cd8205c88ca3ac1e8fc798d2125e2ab,137,-0.42999454331827924,0.001
4,1,all_agreeing_offsets,side_informed,laplace,beta_half_half,20.0,retention_nonnegative,0.0,375ac5032a9e3c57e0a33947e30ec35ed19a33cd16476377d08907bad53f8f78,4f682cc9cd6f230c1b541ab86296a4d8e80629a939b39ef6b46ea269bed8829f,138,-0.35529221348416007,0.001
4,1,all_agreeing_offsets,side_informed,laplace,beta_half_half,20.0,retention_nonnegative,0.0001,375ac5032a9e3c57e0a33947e30ec35ed19a33cd16476377d08907bad53f8f78,033a3dfa82a140a7d2e0f66307b74a6bb4f4ae3684f20a2539b3d3fcf2817867,138,-0.3512466569320491,0.001
4,1,all_agreeing_offsets,side_informed,laplace,beta_half_half,20.0,retention_nonnegative,0.001,375ac5032a9e3c57e0a33947e30ec35ed19a33cd16476377d08907bad53f8f78,687d2b69b114715c6ea7a4dbb60ad5c03369c1f5949d10057b0a16f8b095428c,138,-0.3347105121384589,0.001
4,1,all_agreeing_offsets,side_informed,laplace,beta_half_half,20.0,retention_nonnegative,0.01,375ac5032a9e3c57e0a33947e30ec35ed19a33cd16476377d08907bad53f8f78,dfb8a2663bf65d763f17c467a37ecaaa06bcc1a12fb63add79166225b03cd938,138,-0.3370733692508162,0.001
4,1,all_agreeing_offsets,side_informed,laplace,beta_half_half,20.0,retention_nonnegative,0.1,375ac5032a9e3c57e0a33947e30ec35ed19a33cd16476377d08907bad53f8f78,3ff5822882dff5a41b0ff9ffb2fbfc4d87e1bba29c8971749d384297bfc6c350,138,-0.42999454331827924,0.001
4,2,all_agreeing_offsets,side_informed,laplace,beta_half_half,20.0,retention_nonnegative,0.0,21b28e9b95f6273e01cc5fd73d1827c62ba781b0fb4a0fc0e419afb51f80f1ef,823b5782bde28dfc54e762cd520c5ec92c36a5be10b5d158ba24ea7f8a8ddae2,137,-0.35529221348416007,0.001
4,2,all_agreeing_offsets,side_informed,laplace,beta_half_half,20.0,retention_nonnegative,0.0001,21b28e9b95f6273e01cc5fd73d1827c62ba781b0fb4a0fc0e419afb51f80f1ef,e4a197e6ad05f1ffcad52db6abe9c4486ae637c195c9565dc8793ef4bc6d6129,137,-0.3512466569320491,0.001
4,2,all_agreeing_offsets,side_informed,laplace,beta_half_half,20.0,retention_nonnegative,0.001,21b28e9b95f6273e01cc5fd73d1827c62ba781b0fb4a0fc0e419afb51f80f1ef,befe35ffe65d4e573472443f53764f3027c45f38e30635f8cd235c8337e67868,137,-0.3347105121384589,0.001
4,2,all_agreeing_offsets,side_informed,laplace,beta_half_half,20.0,retention_nonnegative,0.01,21b28e9b95f6273e01cc5fd73d1827c62ba781b0fb4a0fc0e419afb51f80f1ef,22151372cc0368b5f15f416be30160a17c3da72ddc83ee61c409afee987add2b,137,-0.3370733692508162,0.001
4,2,all_agreeing_offsets,side_informed,laplace,beta_half_half,20.0,retention_nonnegative,0.1,21b28e9b95f6273e01cc5fd73d1827c62ba781b0fb4a0fc0e419afb51f80f1ef,d1e1d1110170c9671206622208463ae164731fcb6e82447906e27cd63218e070,137,-0.42999454331827924,0.001
4,0,all_agreeing_offsets,side_informed,laplace,beta_half_half,20.0,current_only,0.0,dad5d4ffe3a4823687c1aff1acc1f86d373ce81b85b782fae1c4b7716c711349,6fa3fa7f401fa7ba7fa697b36d125420c1838d158250a921199b761cff4f1228,137,-0.6138353817038166,0.1
4,0,all_agreeing_offsets,side_informed,laplace,beta_half_half,20.0,current_only,0.0001,dad5d4ffe3a4823687c1aff1acc1f86d373ce81b85b782fae1c4b7716c711349,eb63e892b2f246921919b5eacc7ec667904317c7544a78c5f563cef896aa6300,137,-0.6134833094038343,0.1
4,0,all_agreeing_offsets,side_informed,laplace,beta_half_half,20.0,current_only,0.001,dad5d4ffe3a4823687c1aff1acc1f86d373ce81b85b782fae1c4b7716c711349,6990dac0d0ab5611d8165e58d46aefa464447d7f2f43c8da36250162047ad309,137,-0.6104984520906238,0.1
4,0,all_agreeing_offsets,side_informed,laplace,beta_half_half,20.0,current_only,0.01,dad5d4ffe3a4823687c1aff1acc1f86d373ce81b85b782fae1c4b7716c711349,9a2fc9afe1833f60da371e217e392b1cc8069ee6ebfe7f5a436c203867b003c8,137,-0.5918172905591573,0.1
4,0,all_agreeing_offsets,side_informed,laplace,beta_half_half,20.0,current_only,0.1,dad5d4ffe3a4823687c1aff1acc1f86d373ce81b85b782fae1c4b7716c711349,0358918990bceeceed1ffb01ed3770377d39fe7a90bb965dc801817fdbdd046c,137,-0.5877877147959033,0.1
4,1,all_agreeing_offsets,side_informed,laplace,beta_half_half,20.0,current_only,0.0,375ac5032a9e3c57e0a33947e30ec35ed19a33cd16476377d08907bad53f8f78,948b88329bbf49c6b49151690a6c76683702fd6066e690cf36028588faa298b7,138,-0.6138353817038166,0.1
4,1,all_agreeing_offsets,side_informed,laplace,beta_half_half,20.0,current_only,0.0001,375ac5032a9e3c57e0a33947e30ec35ed19a33cd16476377d08907bad53f8f78,180e533a55e4584cc1349e5df644e5c57c8bd3dc3644110c9c1f5bf491b942fc,138,-0.6134833094038343,0.1
4,1,all_agreeing_offsets,side_informed,laplace,beta_half_half,20.0,current_only,0.001,375ac5032a9e3c57e0a33947e30ec35ed19a33cd16476377d08907bad53f8f78,6ad72ce013235c1a503aab564d6fed223471d5b1302d3181c20e63ab83c47b9b,138,-0.6104984520906238,0.1
4,1,all_agreeing_offsets,side_informed,laplace,beta_half_half,20.0,current_only,0.01,375ac5032a9e3c57e0a33947e30ec35ed19a33cd16476377d08907bad53f8f78,792aea6102decc421dc63c974e45c72857e30f563f7b2b36f6839666deed290d,138,-0.5918172905591573,0.1
4,1,all_agreeing_offsets,side_informed,laplace,beta_half_half,20.0,current_only,0.1,375ac5032a9e3c57e0a33947e30ec35ed19a33cd16476377d08907bad53f8f78,9dc05fd14eab51d9f5db1339e14500f1cd7d6a41b93f1a2c3a383f0743029e2d,138,-0.5877877147959033,0.1
4,2,all_agreeing_offsets,side_informed,laplace,beta_half_half,20.0,current_only,0.0,21b28e9b95f6273e01cc5fd73d1827c62ba781b0fb4a0fc0e419afb51f80f1ef,66b466ae26224cc0c068d7c5cb778c5d65f87854318b755855d2d0ee5916c7c9,137,-0.6138353817038166,0.1
4,2,all_agreeing_offsets,side_informed,laplace,beta_half_half,20.0,current_only,0.0001,21b28e9b95f6273e01cc5fd73d1827c62ba781b0fb4a0fc0e419afb51f80f1ef,92d443de695315a5ed68c7c9e79e2c9dcb14cae55bd86420fc5002f7e18d651e,137,-0.6134833094038343,0.1
4,2,all_agreeing_offsets,side_informed,laplace,beta_half_half,20.0,current_only,0.001,21b28e9b95f6273e01cc5fd73d1827c62ba781b0fb4a0fc0e419afb51f80f1ef,662786ad5edf9cf9940e2110899b25fb9dbdc5a38c0b8b561940d2d46905b102,137,-0.6104984520906238,0.1
4,2,all_agreeing_offsets,side_informed,laplace,beta_half_half,20.0,current_only,0.01,21b28e9b95f6273e01cc5fd73d1827c62ba781b0fb4a0fc0e419afb51f80f1ef,72c0e2e9499bd2bd1d6332d2ce30ff4cb042f61fd4271e9ab2b39860e9c20fe3,137,-0.5918172905591573,0.1
4,2,all_agreeing_offsets,side_informed,laplace,beta_half_half,20.0,current_only,0.1,21b28e9b95f6273e01cc5fd73d1827c62ba781b0fb4a0fc0e419afb51f80f1ef,1f877c643712dc122d84e7125a243d10b343c7008e81d4701692c27b5e772dfb,137,-0.5877877147959033,0.1
4,0,all_agreeing_offsets,side_informed,laplace,beta_half_half,20.0,input_plus_surface,0.0,dad5d4ffe3a4823687c1aff1acc1f86d373ce81b85b782fae1c4b7716c711349,f5fbd1472b0de9f3fb773b9600351d0c2a00cc043255d601b75a31bc39d320af,137,-0.35675670019299077,0.01
4,0,all_agreeing_offsets,side_informed,laplace,beta_half_half,20.0,input_plus_surface,0.0001,dad5d4ffe3a4823687c1aff1acc1f86d373ce81b85b782fae1c4b7716c711349,986327234249c0814d5443124e18b60316f4ae573131104c03a4ca174c5f350c,137,-0.3521042114449672,0.01
4,0,all_agreeing_offsets,side_informed,laplace,beta_half_half,20.0,input_plus_surface,0.001,dad5d4ffe3a4823687c1aff1acc1f86d373ce81b85b782fae1c4b7716c711349,406f6f7a41e5768f42e0dfa2dcb739a37a5056941ac444f676dda3a15dbdba3b,137,-0.330464868462108,0.01
4,0,all_agreeing_offsets,side_informed,laplace,beta_half_half,20.0,input_plus_surface,0.01,dad5d4ffe3a4823687c1aff1acc1f86d373ce81b85b782fae1c4b7716c711349,d108d300d1fab7d178a5d566db2506de74bfa2925165610280c3a8277e589f50,137,-0.3076098259809362,0.01
4,0,all_agreeing_offsets,side_informed,laplace,beta_half_half,20.0,input_plus_surface,0.1,dad5d4ffe3a4823687c1aff1acc1f86d373ce81b85b782fae1c4b7716c711349,06620358098de91e45fb7777594cbde50643e9fdf917bd60b6ef181f4a96357b,137,-0.37777249151608905,0.01
4,1,all_agreeing_offsets,side_informed,laplace,beta_half_half,20.0,input_plus_surface,0.0,375ac5032a9e3c57e0a33947e30ec35ed19a33cd16476377d08907bad53f8f78,1abc1dcb2eeabbe5ae89db64b03017b94973a28916acc2a4913cf72424af90d3,138,-0.35675670019299077,0.01
4,1,all_agreeing_offsets,side_informed,laplace,beta_half_half,20.0,input_plus_surface,0.0001,375ac5032a9e3c57e0a33947e30ec35ed19a33cd16476377d08907bad53f8f78,30f472e1f351a85e1f4f212887da85c0e4bab92915e3124187917a68bbbbaf82,138,-0.3521042114449672,0.01
4,1,all_agreeing_offsets,side_informed,laplace,beta_half_half,20.0,input_plus_surface,0.001,375ac5032a9e3c57e0a33947e30ec35ed19a33cd16476377d08907bad53f8f78,28eac4ca37a287c455282d3a242cbf03d96c97c43fca1d68197f20de4ae260af,138,-0.330464868462108,0.01
4,1,all_agreeing_offsets,side_informed,laplace,beta_half_half,20.0,input_plus_surface,0.01,375ac5032a9e3c57e0a33947e30ec35ed19a33cd16476377d08907bad53f8f78,ddc67b70dcdbc8d8b69a7339fdec05d872eede3a9f457329aa26f48b138e8b98,138,-0.3076098259809362,0.01
4,1,all_agreeing_offsets,side_informed,laplace,beta_half_half,20.0,input_plus_surface,0.1,375ac5032a9e3c57e0a33947e30ec35ed19a33cd16476377d08907bad53f8f78,e2d7b99fa8851615dc6b23ea2e71d2a848e55b6c1fa3552344d3fc2d4bff3507,138,-0.37777249151608905,0.01
4,2,all_agreeing_offsets,side_informed,laplace,beta_half_half,20.0,input_plus_surface,0.0,21b28e9b95f6273e01cc5fd73d1827c62ba781b0fb4a0fc0e419afb51f80f1ef,e9b1ff6bbbf438a75bf88cb2bcee39df9240f03c209291c4da7713ace948c3dc,137,-0.35675670019299077,0.01
4,2,all_agreeing_offsets,side_informed,laplace,beta_half_half,20.0,input_plus_surface,0.0001,21b28e9b95f6273e01cc5fd73d1827c62ba781b0fb4a0fc0e419afb51f80f1ef,6ac29057958581b73b4dfe0d30c7aefdecda36b50b5c0524eb0241a3e6f64945,137,-0.3521042114449672,0.01
4,2,all_agreeing_offsets,side_informed,laplace,beta_half_half,20.0,input_plus_surface,0.001,21b28e9b95f6273e01cc5fd73d1827c62ba781b0fb4a0fc0e419afb51f80f1ef,264011d26fe4fcc38d0a88601591d1d73f4616a1289377360aa784afb7a4dabc,137,-0.330464868462108,0.01
4,2,all_agreeing_offsets,side_informed,laplace,beta_half_half,20.0,input_plus_surface,0.01,21b28e9b95f6273e01cc5fd73d1827c62ba781b0fb4a0fc0e419afb51f80f1ef,d9b59b4c26f565e173a398df4a1d8ad85e3bd400c7bcc8f9b84f51152b04811e,137,-0.3076098259809362,0.01
4,2,all_agreeing_offsets,side_informed,laplace,beta_half_half,20.0,input_plus_surface,0.1,21b28e9b95f6273e01cc5fd73d1827c62ba781b0fb4a0fc0e419afb51f80f1ef,282e3a9940286ce2570b695e0b0c59645ba2571db87dd93db59c002fdfeebb7c,137,-0.37777249151608905,0.01
4,0,all_agreeing_offsets,side_informed,laplace,beta_half_half,20.0,HU_plus_surface,0.0,dad5d4ffe3a4823687c1aff1acc1f86d373ce81b85b782fae1c4b7716c711349,225220fadf37bab73cfe7c791a3c42f9083202b0fffe5cacf7528690b51bfa17,137,-0.30788089852395667,0.01
4,0,all_agreeing_offsets,side_informed,laplace,beta_half_half,20.0,HU_plus_surface,0.0001,dad5d4ffe3a4823687c1aff1acc1f86d373ce81b85b782fae1c4b7716c711349,40d168298aeff6f02038d1fc7fb71df6305ef4cd0a13231e77cf771f4200b116,137,-0.3043251553614058,0.01
4,0,all_agreeing_offsets,side_informed,laplace,beta_half_half,20.0,HU_plus_surface,0.001,dad5d4ffe3a4823687c1aff1acc1f86d373ce81b85b782fae1c4b7716c711349,c2bda69fb58667ba85579a5aa7daca2c05e893caabb5a727f7da3d79f4d835d0,137,-0.2895785059220602,0.01
4,0,all_agreeing_offsets,side_informed,laplace,beta_half_half,20.0,HU_plus_surface,0.01,dad5d4ffe3a4823687c1aff1acc1f86d373ce81b85b782fae1c4b7716c711349,5a63117cd26ccac34d104a081a4c4dd0e3f0eb459fd0046902319904ae9b5a0e,137,-0.2821548211298419,0.01
4,0,all_agreeing_offsets,side_informed,laplace,beta_half_half,20.0,HU_plus_surface,0.1,dad5d4ffe3a4823687c1aff1acc1f86d373ce81b85b782fae1c4b7716c711349,28c880071334a238038b93df765df9406add1da1165fd89fe8aa3c5ac6fbf8dd,137,-0.36644665635850865,0.01
4,1,all_agreeing_offsets,side_informed,laplace,beta_half_half,20.0,HU_plus_surface,0.0,375ac5032a9e3c57e0a33947e30ec35ed19a33cd16476377d08907bad53f8f78,853002621c49f0d7a1a3aee712b72af6a9c9386ab97a7be9261b3367b387dab5,138,-0.30788089852395667,0.01
4,1,all_agreeing_offsets,side_informed,laplace,beta_half_half,20.0,HU_plus_surface,0.0001,375ac5032a9e3c57e0a33947e30ec35ed19a33cd16476377d08907bad53f8f78,f271e28640ebca690d5fa435e47bca4759e8cb480b6cb66cd8853aa418583188,138,-0.3043251553614058,0.01
4,1,all_agreeing_offsets,side_informed,laplace,beta_half_half,20.0,HU_plus_surface,0.001,375ac5032a9e3c57e0a33947e30ec35ed19a33cd16476377d08907bad53f8f78,d0c20e85ee8ae74377bb88f62ec98c69faea271c3092d2011a94aadd93bbbc81,138,-0.2895785059220602,0.01
4,1,all_agreeing_offsets,side_informed,laplace,beta_half_half,20.0,HU_plus_surface,0.01,375ac5032a9e3c57e0a33947e30ec35ed19a33cd16476377d08907bad53f8f78,deb59dbfa546c924ff35af605342e73ee85048d1a64c690f7807122bb251b714,138,-0.2821548211298419,0.01
4,1,all_agreeing_offsets,side_informed,laplace,beta_half_half,20.0,HU_plus_surface,0.1,375ac5032a9e3c57e0a33947e30ec35ed19a33cd16476377d08907bad53f8f78,333fb98c8686a561fc05d1d7e7089598ea3a9880772e0677c49fe3709883d225,138,-0.36644665635850865,0.01
4,2,all_agreeing_offsets,side_informed,laplace,beta_half_half,20.0,HU_plus_surface,0.0,21b28e9b95f6273e01cc5fd73d1827c62ba781b0fb4a0fc0e419afb51f80f1ef,90cf7ab8cb14bd6d35295da31746899f4638b3a66105f59d7b7a1d1ee50dcf03,137,-0.30788089852395667,0.01
4,2,all_agreeing_offsets,side_informed,laplace,beta_half_half,20.0,HU_plus_surface,0.0001,21b28e9b95f6273e01cc5fd73d1827c62ba781b0fb4a0fc0e419afb51f80f1ef,17cf4991e0ff369e2425a22e2fed5875fa52b280c4d6b238bea92dabbe97945a,137,-0.3043251553614058,0.01
4,2,all_agreeing_offsets,side_informed,laplace,beta_half_half,20.0,HU_plus_surface,0.001,21b28e9b95f6273e01cc5fd73d1827c62ba781b0fb4a0fc0e419afb51f80f1ef,c09605a995c9052210a641992f983ca4280c86b5966899473e6faf43a6aac78c,137,-0.2895785059220602,0.01
4,2,all_agreeing_offsets,side_informed,laplace,beta_half_half,20.0,HU_plus_surface,0.01,21b28e9b95f6273e01cc5fd73d1827c62ba781b0fb4a0fc0e419afb51f80f1ef,f6f4dd1a0caca02de0836edb07b5f377b6c07ea86c9fd3b64a0847dc5997794a,137,-0.2821548211298419,0.01
4,2,all_agreeing_offsets,side_informed,laplace,beta_half_half,20.0,HU_plus_surface,0.1,21b28e9b95f6273e01cc5fd73d1827c62ba781b0fb4a0fc0e419afb51f80f1ef,4580432614f383a16e22fe1270b417c0e17379ac89d2699754ccaf9484dc6afe,137,-0.36644665635850865,0.01
4,0,all_agreeing_offsets,side_informed,laplace,beta_half_half,20.0,retention_bounded_plus_HU,0.0,dad5d4ffe3a4823687c1aff1acc1f86d373ce81b85b782fae1c4b7716c711349,f80cecff604ce6e0911f773353640f966f917ccc9356a07fc49e8ac922a03fda,137,-0.29537636626644437,0.01
4,0,all_agreeing_offsets,side_informed,laplace,beta_half_half,20.0,retention_bounded_plus_HU,0.0001,dad5d4ffe3a4823687c1aff1acc1f86d373ce81b85b782fae1c4b7716c711349,d8b9975f230d3cc276044fa8042c2e8b9b8a7aa898d3128d4aff2ddc69f7f41f,137,-0.29547648592842063,0.01
4,0,all_agreeing_offsets,side_informed,laplace,beta_half_half,20.0,retention_bounded_plus_HU,0.001,dad5d4ffe3a4823687c1aff1acc1f86d373ce81b85b782fae1c4b7716c711349,8c2f5645cef1ab9489c23dd7539f4cdde19fbeb72d5bc2e4310a162fe0869433,137,-0.2927850982841396,0.01
4,0,all_agreeing_offsets,side_informed,laplace,beta_half_half,20.0,retention_bounded_plus_HU,0.01,dad5d4ffe3a4823687c1aff1acc1f86d373ce81b85b782fae1c4b7716c711349,c7c5ef44b381af0a83337169fd458ac8bf4e41902aeed95883df24bd5af12bbf,137,-0.2811257042379036,0.01
4,0,all_agreeing_offsets,side_informed,laplace,beta_half_half,20.0,retention_bounded_plus_HU,0.1,dad5d4ffe3a4823687c1aff1acc1f86d373ce81b85b782fae1c4b7716c711349,c71b5c68a16acfb5b474342535c6a30bced6c2f626ca47c1759e7396f945c80a,137,-0.32121157753986124,0.01
4,1,all_agreeing_offsets,side_informed,laplace,beta_half_half,20.0,retention_bounded_plus_HU,0.0,375ac5032a9e3c57e0a33947e30ec35ed19a33cd16476377d08907bad53f8f78,2653fa48a17461ab263a805c7b61127f4f717a167dfd49dde17a535d91e11b80,138,-0.29537636626644437,0.01
4,1,all_agreeing_offsets,side_informed,laplace,beta_half_half,20.0,retention_bounded_plus_HU,0.0001,375ac5032a9e3c57e0a33947e30ec35ed19a33cd16476377d08907bad53f8f78,9ffb76cc33cf3cffc57be35642e3fb9837d0cc7aa61d91c93c5cc7f731af66de,138,-0.29547648592842063,0.01
4,1,all_agreeing_offsets,side_informed,laplace,beta_half_half,20.0,retention_bounded_plus_HU,0.001,375ac5032a9e3c57e0a33947e30ec35ed19a33cd16476377d08907bad53f8f78,b6d4b5299a01d191fef34741772fe775ed390d440c6561bcf6048fda4dafdd8a,138,-0.2927850982841396,0.01
4,1,all_agreeing_offsets,side_informed,laplace,beta_half_half,20.0,retention_bounded_plus_HU,0.01,375ac5032a9e3c57e0a33947e30ec35ed19a33cd16476377d08907bad53f8f78,c1ef76722a9f4b1272c0f9c4cbf123468b6c1f20c39b02cadd4de200076c2df8,138,-0.2811257042379036,0.01
4,1,all_agreeing_offsets,side_informed,laplace,beta_half_half,20.0,retention_bounded_plus_HU,0.1,375ac5032a9e3c57e0a33947e30ec35ed19a33cd16476377d08907bad53f8f78,595b1c22e7150da94ce68097468d566725889e7b770b9b9207ebdc5fbf8adc21,138,-0.32121157753986124,0.01
4,2,all_agreeing_offsets,side_informed,laplace,beta_half_half,20.0,retention_bounded_plus_HU,0.0,21b28e9b95f6273e01cc5fd73d1827c62ba781b0fb4a0fc0e419afb51f80f1ef,ee19b714d0b6dc6ecc392604bf49b9712b062db09b4eb59c04809bc521a971fc,137,-0.29537636626644437,0.01
4,2,all_agreeing_offsets,side_informed,laplace,beta_half_half,20.0,retention_bounded_plus_HU,0.0001,21b28e9b95f6273e01cc5fd73d1827c62ba781b0fb4a0fc0e419afb51f80f1ef,3925496ef73ee46497cfe97a725d1fb67f673d425933072a407ae150a0292e66,137,-0.29547648592842063,0.01
4,2,all_agreeing_offsets,side_informed,laplace,beta_half_half,20.0,retention_bounded_plus_HU,0.001,21b28e9b95f6273e01cc5fd73d1827c62ba781b0fb4a0fc0e419afb51f80f1ef,1ec36dfed6770f3fc3feb22badce997b2ddebd3393ea7921de97d48cc5f542bf,137,-0.2927850982841396,0.01
4,2,all_agreeing_offsets,side_informed,laplace,beta_half_half,20.0,retention_bounded_plus_HU,0.01,21b28e9b95f6273e01cc5fd73d1827c62ba781b0fb4a0fc0e419afb51f80f1ef,e04402b6c404c1703456e7babf0a6582823c17406d765bfcbf0aa4b18b015c39,137,-0.2811257042379036,0.01
4,2,all_agreeing_offsets,side_informed,laplace,beta_half_half,20.0,retention_bounded_plus_HU,0.1,21b28e9b95f6273e01cc5fd73d1827c62ba781b0fb4a0fc0e419afb51f80f1ef,c54e6f4f04b7f09396f8ded02c9509f2e424129e9654e2032389deaf1d91d4a1,137,-0.32121157753986124,0.01
4,0,all_agreeing_offsets,side_informed,gh80,beta_half_half,20.0,HU_plus_surface,0.0,dad5d4ffe3a4823687c1aff1acc1f86d373ce81b85b782fae1c4b7716c711349,b56f4be7a07b2639fec8e82055d21bdd922cbb21650baf21552f815586807961,137,-0.324401609976588,0.01
4,0,all_agreeing_offsets,side_informed,gh80,beta_half_half,20.0,HU_plus_surface,0.0001,dad5d4ffe3a4823687c1aff1acc1f86d373ce81b85b782fae1c4b7716c711349,7d7bf7c80bc236035e9387430a756e2365d44495a4c29c5081a94d07898f693b,137,-0.31972181498882,0.01
4,0,all_agreeing_offsets,side_informed,gh80,beta_half_half,20.0,HU_plus_surface,0.001,dad5d4ffe3a4823687c1aff1acc1f86d373ce81b85b782fae1c4b7716c711349,bc75feb9b337aec3163114ad5c00a546fb56ae916f0b483cfcd1373ca2808312,137,-0.3002208870479821,0.01
4,0,all_agreeing_offsets,side_informed,gh80,beta_half_half,20.0,HU_plus_surface,0.01,dad5d4ffe3a4823687c1aff1acc1f86d373ce81b85b782fae1c4b7716c711349,fcaeae413e762d25500884629824d2effb458b98fb0af496cd21c161d7e38ae3,137,-0.286285493421093,0.01
4,0,all_agreeing_offsets,side_informed,gh80,beta_half_half,20.0,HU_plus_surface,0.1,dad5d4ffe3a4823687c1aff1acc1f86d373ce81b85b782fae1c4b7716c711349,287dc322e81231128cc916ca657f478d4bfe5139a6fd2eca0873225ee0185cee,137,-0.36906800397282985,0.01
4,1,all_agreeing_offsets,side_informed,gh80,beta_half_half,20.0,HU_plus_surface,0.0,375ac5032a9e3c57e0a33947e30ec35ed19a33cd16476377d08907bad53f8f78,bd957b35aba5c1107bce3499712b269047b6e750bbd39223ead48725b960243c,138,-0.324401609976588,0.01
4,1,all_agreeing_offsets,side_informed,gh80,beta_half_half,20.0,HU_plus_surface,0.0001,375ac5032a9e3c57e0a33947e30ec35ed19a33cd16476377d08907bad53f8f78,16810c18d84b721da555bccb180d135612c2343d280cca2d428d9609c16fb68a,138,-0.31972181498882,0.01
4,1,all_agreeing_offsets,side_informed,gh80,beta_half_half,20.0,HU_plus_surface,0.001,375ac5032a9e3c57e0a33947e30ec35ed19a33cd16476377d08907bad53f8f78,bf3c38a39ab0c75acf979a2912d886d4fae5e0e29710388942df6b2a3d743931,138,-0.3002208870479821,0.01
4,1,all_agreeing_offsets,side_informed,gh80,beta_half_half,20.0,HU_plus_surface,0.01,375ac5032a9e3c57e0a33947e30ec35ed19a33cd16476377d08907bad53f8f78,e7b5c8e05b08ecc3136fb8430c48427ae919f8908ac5a66155cffdc6fd36fac8,138,-0.286285493421093,0.01
4,1,all_agreeing_offsets,side_informed,gh80,beta_half_half,20.0,HU_plus_surface,0.1,375ac5032a9e3c57e0a33947e30ec35ed19a33cd16476377d08907bad53f8f78,723c3895363628e6d7f9dfb58399157f1d756671c850423d4e389ec4ca815dc8,138,-0.36906800397282985,0.01
4,2,all_agreeing_offsets,side_informed,gh80,beta_half_half,20.0,HU_plus_surface,0.0,21b28e9b95f6273e01cc5fd73d1827c62ba781b0fb4a0fc0e419afb51f80f1ef,c72c0ea991f73ca0f813718b5773c19c4fe908e69375c2fdd783bbb530179301,137,-0.324401609976588,0.01
4,2,all_agreeing_offsets,side_informed,gh80,beta_half_half,20.0,HU_plus_surface,0.0001,21b28e9b95f6273e01cc5fd73d1827c62ba781b0fb4a0fc0e419afb51f80f1ef,1a13a6a6ab8d97df797c77c752cfab3367adf0aa832afb6b2c175c4f81c6337b,137,-0.31972181498882,0.01
4,2,all_agreeing_offsets,side_informed,gh80,beta_half_half,20.0,HU_plus_surface,0.001,21b28e9b95f6273e01cc5fd73d1827c62ba781b0fb4a0fc0e419afb51f80f1ef,2e3a4f50791a28c43a53adeecc1f8dbd25b888e075e14a400df90edcdd6b2a9c,137,-0.3002208870479821,0.01
4,2,all_agreeing_offsets,side_informed,gh80,beta_half_half,20.0,HU_plus_surface,0.01,21b28e9b95f6273e01cc5fd73d1827c62ba781b0fb4a0fc0e419afb51f80f1ef,cf557ee0bcdf5b68e2bbd65724191bc655c228c86c5d0a5ac00d8063aa4f2c05,137,-0.286285493421093,0.01
4,2,all_agreeing_offsets,side_informed,gh80,beta_half_half,20.0,HU_plus_surface,0.1,21b28e9b95f6273e01cc5fd73d1827c62ba781b0fb4a0fc0e419afb51f80f1ef,c3dc5f27afbb9ebd9bf4beccdf8b25f4969bcb7123f210a61b92e8ab0abce5a4,137,-0.36906800397282985,0.01
4,0,all_agreeing_offsets,side_informed,gh80,beta_half_half,20.0,retention_bounded_plus_HU,0.0,dad5d4ffe3a4823687c1aff1acc1f86d373ce81b85b782fae1c4b7716c711349,4f57cfe06cf5332a9b275b5e7a010f1d40d1f4088859c4925c103da64354eb0f,137,-0.31197520762161873,0.01
4,0,all_agreeing_offsets,side_informed,gh80,beta_half_half,20.0,retention_bounded_plus_HU,0.0001,dad5d4ffe3a4823687c1aff1acc1f86d373ce81b85b782fae1c4b7716c711349,ba1aac89ea94e745d3401263f14e71e1024ae64c2b60083191fe936b1ee29bb0,137,-0.30981672281895156,0.01
4,0,all_agreeing_offsets,side_informed,gh80,beta_half_half,20.0,retention_bounded_plus_HU,0.001,dad5d4ffe3a4823687c1aff1acc1f86d373ce81b85b782fae1c4b7716c711349,04b5bf53aeb704997ec56879fa67f9ad53d9d7ea79e00d650944b91013dfa169,137,-0.3051114030340371,0.01
4,0,all_agreeing_offsets,side_informed,gh80,beta_half_half,20.0,retention_bounded_plus_HU,0.01,dad5d4ffe3a4823687c1aff1acc1f86d373ce81b85b782fae1c4b7716c711349,a95e297989beb1610b19e7c749a1fc6eff151dd47b39369e8913eecaffb846f7,137,-0.29211214538223784,0.01
4,0,all_agreeing_offsets,side_informed,gh80,beta_half_half,20.0,retention_bounded_plus_HU,0.1,dad5d4ffe3a4823687c1aff1acc1f86d373ce81b85b782fae1c4b7716c711349,d87b1757e9beb345b09bc2eef792a159e170b64ccafaceb134f65adb8c7d7882,137,-0.3274587333156682,0.01
4,1,all_agreeing_offsets,side_informed,gh80,beta_half_half,20.0,retention_bounded_plus_HU,0.0,375ac5032a9e3c57e0a33947e30ec35ed19a33cd16476377d08907bad53f8f78,c505ca26f7d863b441e3d892ca44c4d95eeafad5f9c66b6494b22e7558ef87a7,138,-0.31197520762161873,0.01
4,1,all_agreeing_offsets,side_informed,gh80,beta_half_half,20.0,retention_bounded_plus_HU,0.0001,375ac5032a9e3c57e0a33947e30ec35ed19a33cd16476377d08907bad53f8f78,cb47e578249364bed419a7cc08f88a176ec33de09ab93948632754a4d81d8f2d,138,-0.30981672281895156,0.01
4,1,all_agreeing_offsets,side_informed,gh80,beta_half_half,20.0,retention_bounded_plus_HU,0.001,375ac5032a9e3c57e0a33947e30ec35ed19a33cd16476377d08907bad53f8f78,462bf75f0706b3e83b5edd178eaa36dd6b58b7f24c7c4f1be6a025b545be253d,138,-0.3051114030340371,0.01
4,1,all_agreeing_offsets,side_informed,gh80,beta_half_half,20.0,retention_bounded_plus_HU,0.01,375ac5032a9e3c57e0a33947e30ec35ed19a33cd16476377d08907bad53f8f78,a0f5ffccd2779e6d51452ec0818e544ef7ae92ab8fe9ef5da0dd24b38042c84a,138,-0.29211214538223784,0.01
4,1,all_agreeing_offsets,side_informed,gh80,beta_half_half,20.0,retention_bounded_plus_HU,0.1,375ac5032a9e3c57e0a33947e30ec35ed19a33cd16476377d08907bad53f8f78,6d07d5e6c6b0971da1a7804c6ceb06e6843ec73317b2f720c60585554afefdaf,138,-0.3274587333156682,0.01
4,2,all_agreeing_offsets,side_informed,gh80,beta_half_half,20.0,retention_bounded_plus_HU,0.0,21b28e9b95f6273e01cc5fd73d1827c62ba781b0fb4a0fc0e419afb51f80f1ef,88ff691fba0ef883470a38f4a5c8283b63280beea82c4de5bd37ded1461bad58,137,-0.31197520762161873,0.01
4,2,all_agreeing_offsets,side_informed,gh80,beta_half_half,20.0,retention_bounded_plus_HU,0.0001,21b28e9b95f6273e01cc5fd73d1827c62ba781b0fb4a0fc0e419afb51f80f1ef,9c7388692baf489862abd8ec5345a77449f409c3611838205665b1602db2d566,137,-0.30981672281895156,0.01
4,2,all_agreeing_offsets,side_informed,gh80,beta_half_half,20.0,retention_bounded_plus_HU,0.001,21b28e9b95f6273e01cc5fd73d1827c62ba781b0fb4a0fc0e419afb51f80f1ef,40b0f2743fccc61bf27baa3f30e75b251d09e7107f94c05d8aba119e55d3e0f8,137,-0.3051114030340371,0.01
4,2,all_agreeing_offsets,side_informed,gh80,beta_half_half,20.0,retention_bounded_plus_HU,0.01,21b28e9b95f6273e01cc5fd73d1827c62ba781b0fb4a0fc0e419afb51f80f1ef,fb805a34ce00643950b517453e205e8b46d45e33bc8a3742f513a28b01ad3e96,137,-0.29211214538223784,0.01
4,2,all_agreeing_offsets,side_informed,gh80,beta_half_half,20.0,retention_bounded_plus_HU,0.1,21b28e9b95f6273e01cc5fd73d1827c62ba781b0fb4a0fc0e419afb51f80f1ef,7df392c00cb40ebd0bf0d163a29f5392ffd4a1a545febb773cacec1fa8ba5d13,137,-0.3274587333156682,0.01
4,0,all_agreeing_offsets,wholly_unseen,laplace,beta_half_half,20.0,retention_bounded,0.0,dad5d4ffe3a4823687c1aff1acc1f86d373ce81b85b782fae1c4b7716c711349,36c45ebc48cdd0c33e7ea75011e572f63e9928d97dd37c7ee5659a7260c83443,137,-0.6368433152315555,0.01
4,0,all_agreeing_offsets,wholly_unseen,laplace,beta_half_half,20.0,retention_bounded,0.0001,dad5d4ffe3a4823687c1aff1acc1f86d373ce81b85b782fae1c4b7716c711349,a73d2e6c809274c08b6e40b1404e386e704e6d286a97c33bd2673d36b48ac454,137,-0.6342187622384245,0.01
4,0,all_agreeing_offsets,wholly_unseen,laplace,beta_half_half,20.0,retention_bounded,0.001,dad5d4ffe3a4823687c1aff1acc1f86d373ce81b85b782fae1c4b7716c711349,e6974819ede49453940c94c7c3fb839a322f07117a6ee71cc1aca9089e8db996,137,-0.6183992327335255,0.01
4,0,all_agreeing_offsets,wholly_unseen,laplace,beta_half_half,20.0,retention_bounded,0.01,dad5d4ffe3a4823687c1aff1acc1f86d373ce81b85b782fae1c4b7716c711349,46cbac891437c8c6dbcff783fd61c875d04a22579c4dbcad31dd83a46e9de3ff,137,-0.5902060774682892,0.01
4,0,all_agreeing_offsets,wholly_unseen,laplace,beta_half_half,20.0,retention_bounded,0.1,dad5d4ffe3a4823687c1aff1acc1f86d373ce81b85b782fae1c4b7716c711349,81066a263c0d64ea91667aaadfe24ffd4ce84fffbc31215dace991ae8a53d0aa,137,-0.6554358531720125,0.01
4,1,all_agreeing_offsets,wholly_unseen,laplace,beta_half_half,20.0,retention_bounded,0.0,375ac5032a9e3c57e0a33947e30ec35ed19a33cd16476377d08907bad53f8f78,a39a4a63f0ee535169598e6d3ac1f6773458a550bbe1ae0a38bb92fdda23a0d4,138,-0.6368433152315555,0.01
4,1,all_agreeing_offsets,wholly_unseen,laplace,beta_half_half,20.0,retention_bounded,0.0001,375ac5032a9e3c57e0a33947e30ec35ed19a33cd16476377d08907bad53f8f78,b64e1017d386e1bde8667ed5425c4c289a23e49d7a0c17a37280071068776e3a,138,-0.6342187622384245,0.01
4,1,all_agreeing_offsets,wholly_unseen,laplace,beta_half_half,20.0,retention_bounded,0.001,375ac5032a9e3c57e0a33947e30ec35ed19a33cd16476377d08907bad53f8f78,fd7c6b9ee2abc60f9bf7dd0a55dcef52156f5333826d11483422f3f3136d2e21,138,-0.6183992327335255,0.01
4,1,all_agreeing_offsets,wholly_unseen,laplace,beta_half_half,20.0,retention_bounded,0.01,375ac5032a9e3c57e0a33947e30ec35ed19a33cd16476377d08907bad53f8f78,f8dc763ba6b422c9fab04a043b1cd6f576e46fb3ade2ad01b4f0a1986a913626,138,-0.5902060774682892,0.01
4,1,all_agreeing_offsets,wholly_unseen,laplace,beta_half_half,20.0,retention_bounded,0.1,375ac5032a9e3c57e0a33947e30ec35ed19a33cd16476377d08907bad53f8f78,134cc685abaaa6f9d8dfdc7526218a58f64dcab94459ae60b574197cbea19009,138,-0.6554358531720125,0.01
4,2,all_agreeing_offsets,wholly_unseen,laplace,beta_half_half,20.0,retention_bounded,0.0,21b28e9b95f6273e01cc5fd73d1827c62ba781b0fb4a0fc0e419afb51f80f1ef,5c041f73b31454fbf3b61243b3542afd3abf5ba5ac5fb138cd4cbc747ac4c9d0,137,-0.6368433152315555,0.01
4,2,all_agreeing_offsets,wholly_unseen,laplace,beta_half_half,20.0,retention_bounded,0.0001,21b28e9b95f6273e01cc5fd73d1827c62ba781b0fb4a0fc0e419afb51f80f1ef,2adef9dbb95377dadbfc888eb3550e3cfd5bec5d74d05b96a9589e58c023e833,137,-0.6342187622384245,0.01
4,2,all_agreeing_offsets,wholly_unseen,laplace,beta_half_half,20.0,retention_bounded,0.001,21b28e9b95f6273e01cc5fd73d1827c62ba781b0fb4a0fc0e419afb51f80f1ef,03215b4860ffb1e74b254bc2413e8a994ef101ef866829da6919470fc41929ad,137,-0.6183992327335255,0.01
4,2,all_agreeing_offsets,wholly_unseen,laplace,beta_half_half,20.0,retention_bounded,0.01,21b28e9b95f6273e01cc5fd73d1827c62ba781b0fb4a0fc0e419afb51f80f1ef,df22efaee4a5a3953e231e93265839475b6a120e3ffaa0aa461610eabd8f54d0,137,-0.5902060774682892,0.01
4,2,all_agreeing_offsets,wholly_unseen,laplace,beta_half_half,20.0,retention_bounded,0.1,21b28e9b95f6273e01cc5fd73d1827c62ba781b0fb4a0fc0e419afb51f80f1ef,4b957a6fa543c7e63341c350f8736df89f0a5c758746e45eac4567e1b78122f8,137,-0.6554358531720125,0.01
4,0,all_agreeing_offsets,wholly_unseen,laplace,beta_half_half,20.0,retention_nonnegative,0.0,dad5d4ffe3a4823687c1aff1acc1f86d373ce81b85b782fae1c4b7716c711349,c89c1b33fa7c68ba4b559f86f8237337ddcf166ee485854a3121a7bc339cdfa1,137,-0.6368433150340933,0.001
4,0,all_agreeing_offsets,wholly_unseen,laplace,beta_half_half,20.0,retention_nonnegative,0.0001,dad5d4ffe3a4823687c1aff1acc1f86d373ce81b85b782fae1c4b7716c711349,7ef302eeb0780e3d3194dc8e3659afbbe5f8ecfea622704d28dc714c73a75c8e,137,-0.6320280011616997,0.001
4,0,all_agreeing_offsets,wholly_unseen,laplace,beta_half_half,20.0,retention_nonnegative,0.001,dad5d4ffe3a4823687c1aff1acc1f86d373ce81b85b782fae1c4b7716c711349,4a5871259929bc344203ea31cd1c00529cb5b618054fbc5423c4965abd83fa48,137,-0.6142037609873466,0.001
4,0,all_agreeing_offsets,wholly_unseen,laplace,beta_half_half,20.0,retention_nonnegative,0.01,dad5d4ffe3a4823687c1aff1acc1f86d373ce81b85b782fae1c4b7716c711349,06b31502916a224e0f0329fdf26ad9b90e9e7720d7cb4055c7e09ffca2dd3cd9,137,-0.6383912702956047,0.001
4,0,all_agreeing_offsets,wholly_unseen,laplace,beta_half_half,20.0,retention_nonnegative,0.1,dad5d4ffe3a4823687c1aff1acc1f86d373ce81b85b782fae1c4b7716c711349,cfafd2d74694828c8c004771115eaaee8cd8205c88ca3ac1e8fc798d2125e2ab,137,-0.7552939802080069,0.001
4,1,all_agreeing_offsets,wholly_unseen,laplace,beta_half_half,20.0,retention_nonnegative,0.0,375ac5032a9e3c57e0a33947e30ec35ed19a33cd16476377d08907bad53f8f78,4f682cc9cd6f230c1b541ab86296a4d8e80629a939b39ef6b46ea269bed8829f,138,-0.6368433150340933,0.001
4,1,all_agreeing_offsets,wholly_unseen,laplace,beta_half_half,20.0,retention_nonnegative,0.0001,375ac5032a9e3c57e0a33947e30ec35ed19a33cd16476377d08907bad53f8f78,033a3dfa82a140a7d2e0f66307b74a6bb4f4ae3684f20a2539b3d3fcf2817867,138,-0.6320280011616997,0.001
4,1,all_agreeing_offsets,wholly_unseen,laplace,beta_half_half,20.0,retention_nonnegative,0.001,375ac5032a9e3c57e0a33947e30ec35ed19a33cd16476377d08907bad53f8f78,687d2b69b114715c6ea7a4dbb60ad5c03369c1f5949d10057b0a16f8b095428c,138,-0.6142037609873466,0.001
4,1,all_agreeing_offsets,wholly_unseen,laplace,beta_half_half,20.0,retention_nonnegative,0.01,375ac5032a9e3c57e0a33947e30ec35ed19a33cd16476377d08907bad53f8f78,dfb8a2663bf65d763f17c467a37ecaaa06bcc1a12fb63add79166225b03cd938,138,-0.6383912702956047,0.001
4,1,all_agreeing_offsets,wholly_unseen,laplace,beta_half_half,20.0,retention_nonnegative,0.1,375ac5032a9e3c57e0a33947e30ec35ed19a33cd16476377d08907bad53f8f78,3ff5822882dff5a41b0ff9ffb2fbfc4d87e1bba29c8971749d384297bfc6c350,138,-0.7552939802080069,0.001
4,2,all_agreeing_offsets,wholly_unseen,laplace,beta_half_half,20.0,retention_nonnegative,0.0,21b28e9b95f6273e01cc5fd73d1827c62ba781b0fb4a0fc0e419afb51f80f1ef,823b5782bde28dfc54e762cd520c5ec92c36a5be10b5d158ba24ea7f8a8ddae2,137,-0.6368433150340933,0.001
4,2,all_agreeing_offsets,wholly_unseen,laplace,beta_half_half,20.0,retention_nonnegative,0.0001,21b28e9b95f6273e01cc5fd73d1827c62ba781b0fb4a0fc0e419afb51f80f1ef,e4a197e6ad05f1ffcad52db6abe9c4486ae637c195c9565dc8793ef4bc6d6129,137,-0.6320280011616997,0.001
4,2,all_agreeing_offsets,wholly_unseen,laplace,beta_half_half,20.0,retention_nonnegative,0.001,21b28e9b95f6273e01cc5fd73d1827c62ba781b0fb4a0fc0e419afb51f80f1ef,befe35ffe65d4e573472443f53764f3027c45f38e30635f8cd235c8337e67868,137,-0.6142037609873466,0.001
4,2,all_agreeing_offsets,wholly_unseen,laplace,beta_half_half,20.0,retention_nonnegative,0.01,21b28e9b95f6273e01cc5fd73d1827c62ba781b0fb4a0fc0e419afb51f80f1ef,22151372cc0368b5f15f416be30160a17c3da72ddc83ee61c409afee987add2b,137,-0.6383912702956047,0.001
4,2,all_agreeing_offsets,wholly_unseen,laplace,beta_half_half,20.0,retention_nonnegative,0.1,21b28e9b95f6273e01cc5fd73d1827c62ba781b0fb4a0fc0e419afb51f80f1ef,d1e1d1110170c9671206622208463ae164731fcb6e82447906e27cd63218e070,137,-0.7552939802080069,0.001
4,0,all_agreeing_offsets,wholly_unseen,laplace,beta_half_half,20.0,current_only,0.0,dad5d4ffe3a4823687c1aff1acc1f86d373ce81b85b782fae1c4b7716c711349,6fa3fa7f401fa7ba7fa697b36d125420c1838d158250a921199b761cff4f1228,137,-0.9403664718792475,0.1
4,0,all_agreeing_offsets,wholly_unseen,laplace,beta_half_half,20.0,current_only,0.0001,dad5d4ffe3a4823687c1aff1acc1f86d373ce81b85b782fae1c4b7716c711349,eb63e892b2f246921919b5eacc7ec667904317c7544a78c5f563cef896aa6300,137,-0.940014399579265,0.1
4,0,all_agreeing_offsets,wholly_unseen,laplace,beta_half_half,20.0,current_only,0.001,dad5d4ffe3a4823687c1aff1acc1f86d373ce81b85b782fae1c4b7716c711349,6990dac0d0ab5611d8165e58d46aefa464447d7f2f43c8da36250162047ad309,137,-0.9370295422660547,0.1
4,0,all_agreeing_offsets,wholly_unseen,laplace,beta_half_half,20.0,current_only,0.01,dad5d4ffe3a4823687c1aff1acc1f86d373ce81b85b782fae1c4b7716c711349,9a2fc9afe1833f60da371e217e392b1cc8069ee6ebfe7f5a436c203867b003c8,137,-0.918348380734588,0.1
4,0,all_agreeing_offsets,wholly_unseen,laplace,beta_half_half,20.0,current_only,0.1,dad5d4ffe3a4823687c1aff1acc1f86d373ce81b85b782fae1c4b7716c711349,0358918990bceeceed1ffb01ed3770377d39fe7a90bb965dc801817fdbdd046c,137,-0.914318804971334,0.1
4,1,all_agreeing_offsets,wholly_unseen,laplace,beta_half_half,20.0,current_only,0.0,375ac5032a9e3c57e0a33947e30ec35ed19a33cd16476377d08907bad53f8f78,948b88329bbf49c6b49151690a6c76683702fd6066e690cf36028588faa298b7,138,-0.9403664718792475,0.1
4,1,all_agreeing_offsets,wholly_unseen,laplace,beta_half_half,20.0,current_only,0.0001,375ac5032a9e3c57e0a33947e30ec35ed19a33cd16476377d08907bad53f8f78,180e533a55e4584cc1349e5df644e5c57c8bd3dc3644110c9c1f5bf491b942fc,138,-0.940014399579265,0.1
4,1,all_agreeing_offsets,wholly_unseen,laplace,beta_half_half,20.0,current_only,0.001,375ac5032a9e3c57e0a33947e30ec35ed19a33cd16476377d08907bad53f8f78,6ad72ce013235c1a503aab564d6fed223471d5b1302d3181c20e63ab83c47b9b,138,-0.9370295422660547,0.1
4,1,all_agreeing_offsets,wholly_unseen,laplace,beta_half_half,20.0,current_only,0.01,375ac5032a9e3c57e0a33947e30ec35ed19a33cd16476377d08907bad53f8f78,792aea6102decc421dc63c974e45c72857e30f563f7b2b36f6839666deed290d,138,-0.918348380734588,0.1
4,1,all_agreeing_offsets,wholly_unseen,laplace,beta_half_half,20.0,current_only,0.1,375ac5032a9e3c57e0a33947e30ec35ed19a33cd16476377d08907bad53f8f78,9dc05fd14eab51d9f5db1339e14500f1cd7d6a41b93f1a2c3a383f0743029e2d,138,-0.914318804971334,0.1
4,2,all_agreeing_offsets,wholly_unseen,laplace,beta_half_half,20.0,current_only,0.0,21b28e9b95f6273e01cc5fd73d1827c62ba781b0fb4a0fc0e419afb51f80f1ef,66b466ae26224cc0c068d7c5cb778c5d65f87854318b755855d2d0ee5916c7c9,137,-0.9403664718792475,0.1
4,2,all_agreeing_offsets,wholly_unseen,laplace,beta_half_half,20.0,current_only,0.0001,21b28e9b95f6273e01cc5fd73d1827c62ba781b0fb4a0fc0e419afb51f80f1ef,92d443de695315a5ed68c7c9e79e2c9dcb14cae55bd86420fc5002f7e18d651e,137,-0.940014399579265,0.1
4,2,all_agreeing_offsets,wholly_unseen,laplace,beta_half_half,20.0,current_only,0.001,21b28e9b95f6273e01cc5fd73d1827c62ba781b0fb4a0fc0e419afb51f80f1ef,662786ad5edf9cf9940e2110899b25fb9dbdc5a38c0b8b561940d2d46905b102,137,-0.9370295422660547,0.1
4,2,all_agreeing_offsets,wholly_unseen,laplace,beta_half_half,20.0,current_only,0.01,21b28e9b95f6273e01cc5fd73d1827c62ba781b0fb4a0fc0e419afb51f80f1ef,72c0e2e9499bd2bd1d6332d2ce30ff4cb042f61fd4271e9ab2b39860e9c20fe3,137,-0.918348380734588,0.1
4,2,all_agreeing_offsets,wholly_unseen,laplace,beta_half_half,20.0,current_only,0.1,21b28e9b95f6273e01cc5fd73d1827c62ba781b0fb4a0fc0e419afb51f80f1ef,1f877c643712dc122d84e7125a243d10b343c7008e81d4701692c27b5e772dfb,137,-0.914318804971334,0.1
4,0,all_agreeing_offsets,wholly_unseen,laplace,beta_half_half,20.0,input_plus_surface,0.0,dad5d4ffe3a4823687c1aff1acc1f86d373ce81b85b782fae1c4b7716c711349,f5fbd1472b0de9f3fb773b9600351d0c2a00cc043255d601b75a31bc39d320af,137,-0.6350776689883642,0.01
4,0,all_agreeing_offsets,wholly_unseen,laplace,beta_half_half,20.0,input_plus_surface,0.0001,dad5d4ffe3a4823687c1aff1acc1f86d373ce81b85b782fae1c4b7716c711349,986327234249c0814d5443124e18b60316f4ae573131104c03a4ca174c5f350c,137,-0.6307056546964412,0.01
4,0,all_agreeing_offsets,wholly_unseen,laplace,beta_half_half,20.0,input_plus_surface,0.001,dad5d4ffe3a4823687c1aff1acc1f86d373ce81b85b782fae1c4b7716c711349,406f6f7a41e5768f42e0dfa2dcb739a37a5056941ac444f676dda3a15dbdba3b,137,-0.6124901615611295,0.01
4,0,all_agreeing_offsets,wholly_unseen,laplace,beta_half_half,20.0,input_plus_surface,0.01,dad5d4ffe3a4823687c1aff1acc1f86d373ce81b85b782fae1c4b7716c711349,d108d300d1fab7d178a5d566db2506de74bfa2925165610280c3a8277e589f50,137,-0.6024751290260265,0.01
4,0,all_agreeing_offsets,wholly_unseen,laplace,beta_half_half,20.0,input_plus_surface,0.1,dad5d4ffe3a4823687c1aff1acc1f86d373ce81b85b782fae1c4b7716c711349,06620358098de91e45fb7777594cbde50643e9fdf917bd60b6ef181f4a96357b,137,-0.6895643683218884,0.01
4,1,all_agreeing_offsets,wholly_unseen,laplace,beta_half_half,20.0,input_plus_surface,0.0,375ac5032a9e3c57e0a33947e30ec35ed19a33cd16476377d08907bad53f8f78,1abc1dcb2eeabbe5ae89db64b03017b94973a28916acc2a4913cf72424af90d3,138,-0.6350776689883642,0.01
4,1,all_agreeing_offsets,wholly_unseen,laplace,beta_half_half,20.0,input_plus_surface,0.0001,375ac5032a9e3c57e0a33947e30ec35ed19a33cd16476377d08907bad53f8f78,30f472e1f351a85e1f4f212887da85c0e4bab92915e3124187917a68bbbbaf82,138,-0.6307056546964412,0.01
4,1,all_agreeing_offsets,wholly_unseen,laplace,beta_half_half,20.0,input_plus_surface,0.001,375ac5032a9e3c57e0a33947e30ec35ed19a33cd16476377d08907bad53f8f78,28eac4ca37a287c455282d3a242cbf03d96c97c43fca1d68197f20de4ae260af,138,-0.6124901615611295,0.01
4,1,all_agreeing_offsets,wholly_unseen,laplace,beta_half_half,20.0,input_plus_surface,0.01,375ac5032a9e3c57e0a33947e30ec35ed19a33cd16476377d08907bad53f8f78,ddc67b70dcdbc8d8b69a7339fdec05d872eede3a9f457329aa26f48b138e8b98,138,-0.6024751290260265,0.01
4,1,all_agreeing_offsets,wholly_unseen,laplace,beta_half_half,20.0,input_plus_surface,0.1,375ac5032a9e3c57e0a33947e30ec35ed19a33cd16476377d08907bad53f8f78,e2d7b99fa8851615dc6b23ea2e71d2a848e55b6c1fa3552344d3fc2d4bff3507,138,-0.6895643683218884,0.01
4,2,all_agreeing_offsets,wholly_unseen,laplace,beta_half_half,20.0,input_plus_surface,0.0,21b28e9b95f6273e01cc5fd73d1827c62ba781b0fb4a0fc0e419afb51f80f1ef,e9b1ff6bbbf438a75bf88cb2bcee39df9240f03c209291c4da7713ace948c3dc,137,-0.6350776689883642,0.01
4,2,all_agreeing_offsets,wholly_unseen,laplace,beta_half_half,20.0,input_plus_surface,0.0001,21b28e9b95f6273e01cc5fd73d1827c62ba781b0fb4a0fc0e419afb51f80f1ef,6ac29057958581b73b4dfe0d30c7aefdecda36b50b5c0524eb0241a3e6f64945,137,-0.6307056546964412,0.01
4,2,all_agreeing_offsets,wholly_unseen,laplace,beta_half_half,20.0,input_plus_surface,0.001,21b28e9b95f6273e01cc5fd73d1827c62ba781b0fb4a0fc0e419afb51f80f1ef,264011d26fe4fcc38d0a88601591d1d73f4616a1289377360aa784afb7a4dabc,137,-0.6124901615611295,0.01
4,2,all_agreeing_offsets,wholly_unseen,laplace,beta_half_half,20.0,input_plus_surface,0.01,21b28e9b95f6273e01cc5fd73d1827c62ba781b0fb4a0fc0e419afb51f80f1ef,d9b59b4c26f565e173a398df4a1d8ad85e3bd400c7bcc8f9b84f51152b04811e,137,-0.6024751290260265,0.01
4,2,all_agreeing_offsets,wholly_unseen,laplace,beta_half_half,20.0,input_plus_surface,0.1,21b28e9b95f6273e01cc5fd73d1827c62ba781b0fb4a0fc0e419afb51f80f1ef,282e3a9940286ce2570b695e0b0c59645ba2571db87dd93db59c002fdfeebb7c,137,-0.6895643683218884,0.01
4,0,all_agreeing_offsets,wholly_unseen,laplace,beta_half_half,20.0,HU_plus_surface,0.0,dad5d4ffe3a4823687c1aff1acc1f86d373ce81b85b782fae1c4b7716c711349,225220fadf37bab73cfe7c791a3c42f9083202b0fffe5cacf7528690b51bfa17,137,-0.5931842496780727,0.001
4,0,all_agreeing_offsets,wholly_unseen,laplace,beta_half_half,20.0,HU_plus_surface,0.0001,dad5d4ffe3a4823687c1aff1acc1f86d373ce81b85b782fae1c4b7716c711349,40d168298aeff6f02038d1fc7fb71df6305ef4cd0a13231e77cf771f4200b116,137,-0.5897413847701592,0.001
4,0,all_agreeing_offsets,wholly_unseen,laplace,beta_half_half,20.0,HU_plus_surface,0.001,dad5d4ffe3a4823687c1aff1acc1f86d373ce81b85b782fae1c4b7716c711349,c2bda69fb58667ba85579a5aa7daca2c05e893caabb5a727f7da3d79f4d835d0,137,-0.5773942873822278,0.001
4,0,all_agreeing_offsets,wholly_unseen,laplace,beta_half_half,20.0,HU_plus_surface,0.01,dad5d4ffe3a4823687c1aff1acc1f86d373ce81b85b782fae1c4b7716c711349,5a63117cd26ccac34d104a081a4c4dd0e3f0eb459fd0046902319904ae9b5a0e,137,-0.5802189216296865,0.001
4,0,all_agreeing_offsets,wholly_unseen,laplace,beta_half_half,20.0,HU_plus_surface,0.1,dad5d4ffe3a4823687c1aff1acc1f86d373ce81b85b782fae1c4b7716c711349,28c880071334a238038b93df765df9406add1da1165fd89fe8aa3c5ac6fbf8dd,137,-0.6794360310180212,0.001
4,1,all_agreeing_offsets,wholly_unseen,laplace,beta_half_half,20.0,HU_plus_surface,0.0,375ac5032a9e3c57e0a33947e30ec35ed19a33cd16476377d08907bad53f8f78,853002621c49f0d7a1a3aee712b72af6a9c9386ab97a7be9261b3367b387dab5,138,-0.5931842496780727,0.001
4,1,all_agreeing_offsets,wholly_unseen,laplace,beta_half_half,20.0,HU_plus_surface,0.0001,375ac5032a9e3c57e0a33947e30ec35ed19a33cd16476377d08907bad53f8f78,f271e28640ebca690d5fa435e47bca4759e8cb480b6cb66cd8853aa418583188,138,-0.5897413847701592,0.001
4,1,all_agreeing_offsets,wholly_unseen,laplace,beta_half_half,20.0,HU_plus_surface,0.001,375ac5032a9e3c57e0a33947e30ec35ed19a33cd16476377d08907bad53f8f78,d0c20e85ee8ae74377bb88f62ec98c69faea271c3092d2011a94aadd93bbbc81,138,-0.5773942873822278,0.001
4,1,all_agreeing_offsets,wholly_unseen,laplace,beta_half_half,20.0,HU_plus_surface,0.01,375ac5032a9e3c57e0a33947e30ec35ed19a33cd16476377d08907bad53f8f78,deb59dbfa546c924ff35af605342e73ee85048d1a64c690f7807122bb251b714,138,-0.5802189216296865,0.001
4,1,all_agreeing_offsets,wholly_unseen,laplace,beta_half_half,20.0,HU_plus_surface,0.1,375ac5032a9e3c57e0a33947e30ec35ed19a33cd16476377d08907bad53f8f78,333fb98c8686a561fc05d1d7e7089598ea3a9880772e0677c49fe3709883d225,138,-0.6794360310180212,0.001
4,2,all_agreeing_offsets,wholly_unseen,laplace,beta_half_half,20.0,HU_plus_surface,0.0,21b28e9b95f6273e01cc5fd73d1827c62ba781b0fb4a0fc0e419afb51f80f1ef,90cf7ab8cb14bd6d35295da31746899f4638b3a66105f59d7b7a1d1ee50dcf03,137,-0.5931842496780727,0.001
4,2,all_agreeing_offsets,wholly_unseen,laplace,beta_half_half,20.0,HU_plus_surface,0.0001,21b28e9b95f6273e01cc5fd73d1827c62ba781b0fb4a0fc0e419afb51f80f1ef,17cf4991e0ff369e2425a22e2fed5875fa52b280c4d6b238bea92dabbe97945a,137,-0.5897413847701592,0.001
4,2,all_agreeing_offsets,wholly_unseen,laplace,beta_half_half,20.0,HU_plus_surface,0.001,21b28e9b95f6273e01cc5fd73d1827c62ba781b0fb4a0fc0e419afb51f80f1ef,c09605a995c9052210a641992f983ca4280c86b5966899473e6faf43a6aac78c,137,-0.5773942873822278,0.001
4,2,all_agreeing_offsets,wholly_unseen,laplace,beta_half_half,20.0,HU_plus_surface,0.01,21b28e9b95f6273e01cc5fd73d1827c62ba781b0fb4a0fc0e419afb51f80f1ef,f6f4dd1a0caca02de0836edb07b5f377b6c07ea86c9fd3b64a0847dc5997794a,137,-0.5802189216296865,0.001
4,2,all_agreeing_offsets,wholly_unseen,laplace,beta_half_half,20.0,HU_plus_surface,0.1,21b28e9b95f6273e01cc5fd73d1827c62ba781b0fb4a0fc0e419afb51f80f1ef,4580432614f383a16e22fe1270b417c0e17379ac89d2699754ccaf9484dc6afe,137,-0.6794360310180212,0.001
4,0,all_agreeing_offsets,wholly_unseen,laplace,beta_half_half,20.0,retention_bounded_plus_HU,0.0,dad5d4ffe3a4823687c1aff1acc1f86d373ce81b85b782fae1c4b7716c711349,f80cecff604ce6e0911f773353640f966f917ccc9356a07fc49e8ac922a03fda,137,-0.5741134354515395,0.01
4,0,all_agreeing_offsets,wholly_unseen,laplace,beta_half_half,20.0,retention_bounded_plus_HU,0.0001,dad5d4ffe3a4823687c1aff1acc1f86d373ce81b85b782fae1c4b7716c711349,d8b9975f230d3cc276044fa8042c2e8b9b8a7aa898d3128d4aff2ddc69f7f41f,137,-0.5733419025579322,0.01
4,0,all_agreeing_offsets,wholly_unseen,laplace,beta_half_half,20.0,retention_bounded_plus_HU,0.001,dad5d4ffe3a4823687c1aff1acc1f86d373ce81b85b782fae1c4b7716c711349,8c2f5645cef1ab9489c23dd7539f4cdde19fbeb72d5bc2e4310a162fe0869433,137,-0.5694954714605475,0.01
4,0,all_agreeing_offsets,wholly_unseen,laplace,beta_half_half,20.0,retention_bounded_plus_HU,0.01,dad5d4ffe3a4823687c1aff1acc1f86d373ce81b85b782fae1c4b7716c711349,c7c5ef44b381af0a83337169fd458ac8bf4e41902aeed95883df24bd5af12bbf,137,-0.5646741233703547,0.01
4,0,all_agreeing_offsets,wholly_unseen,laplace,beta_half_half,20.0,retention_bounded_plus_HU,0.1,dad5d4ffe3a4823687c1aff1acc1f86d373ce81b85b782fae1c4b7716c711349,c71b5c68a16acfb5b474342535c6a30bced6c2f626ca47c1759e7396f945c80a,137,-0.6242072670903421,0.01
4,1,all_agreeing_offsets,wholly_unseen,laplace,beta_half_half,20.0,retention_bounded_plus_HU,0.0,375ac5032a9e3c57e0a33947e30ec35ed19a33cd16476377d08907bad53f8f78,2653fa48a17461ab263a805c7b61127f4f717a167dfd49dde17a535d91e11b80,138,-0.5741134354515395,0.01
4,1,all_agreeing_offsets,wholly_unseen,laplace,beta_half_half,20.0,retention_bounded_plus_HU,0.0001,375ac5032a9e3c57e0a33947e30ec35ed19a33cd16476377d08907bad53f8f78,9ffb76cc33cf3cffc57be35642e3fb9837d0cc7aa61d91c93c5cc7f731af66de,138,-0.5733419025579322,0.01
4,1,all_agreeing_offsets,wholly_unseen,laplace,beta_half_half,20.0,retention_bounded_plus_HU,0.001,375ac5032a9e3c57e0a33947e30ec35ed19a33cd16476377d08907bad53f8f78,b6d4b5299a01d191fef34741772fe775ed390d440c6561bcf6048fda4dafdd8a,138,-0.5694954714605475,0.01
4,1,all_agreeing_offsets,wholly_unseen,laplace,beta_half_half,20.0,retention_bounded_plus_HU,0.01,375ac5032a9e3c57e0a33947e30ec35ed19a33cd16476377d08907bad53f8f78,c1ef76722a9f4b1272c0f9c4cbf123468b6c1f20c39b02cadd4de200076c2df8,138,-0.5646741233703547,0.01
4,1,all_agreeing_offsets,wholly_unseen,laplace,beta_half_half,20.0,retention_bounded_plus_HU,0.1,375ac5032a9e3c57e0a33947e30ec35ed19a33cd16476377d08907bad53f8f78,595b1c22e7150da94ce68097468d566725889e7b770b9b9207ebdc5fbf8adc21,138,-0.6242072670903421,0.01
4,2,all_agreeing_offsets,wholly_unseen,laplace,beta_half_half,20.0,retention_bounded_plus_HU,0.0,21b28e9b95f6273e01cc5fd73d1827c62ba781b0fb4a0fc0e419afb51f80f1ef,ee19b714d0b6dc6ecc392604bf49b9712b062db09b4eb59c04809bc521a971fc,137,-0.5741134354515395,0.01
4,2,all_agreeing_offsets,wholly_unseen,laplace,beta_half_half,20.0,retention_bounded_plus_HU,0.0001,21b28e9b95f6273e01cc5fd73d1827c62ba781b0fb4a0fc0e419afb51f80f1ef,3925496ef73ee46497cfe97a725d1fb67f673d425933072a407ae150a0292e66,137,-0.5733419025579322,0.01
4,2,all_agreeing_offsets,wholly_unseen,laplace,beta_half_half,20.0,retention_bounded_plus_HU,0.001,21b28e9b95f6273e01cc5fd73d1827c62ba781b0fb4a0fc0e419afb51f80f1ef,1ec36dfed6770f3fc3feb22badce997b2ddebd3393ea7921de97d48cc5f542bf,137,-0.5694954714605475,0.01
4,2,all_agreeing_offsets,wholly_unseen,laplace,beta_half_half,20.0,retention_bounded_plus_HU,0.01,21b28e9b95f6273e01cc5fd73d1827c62ba781b0fb4a0fc0e419afb51f80f1ef,e04402b6c404c1703456e7babf0a6582823c17406d765bfcbf0aa4b18b015c39,137,-0.5646741233703547,0.01
4,2,all_agreeing_offsets,wholly_unseen,laplace,beta_half_half,20.0,retention_bounded_plus_HU,0.1,21b28e9b95f6273e01cc5fd73d1827c62ba781b0fb4a0fc0e419afb51f80f1ef,c54e6f4f04b7f09396f8ded02c9509f2e424129e9654e2032389deaf1d91d4a1,137,-0.6242072670903421,0.01
4,0,all_agreeing_offsets,wholly_unseen,gh80,beta_half_half,20.0,HU_plus_surface,0.0,dad5d4ffe3a4823687c1aff1acc1f86d373ce81b85b782fae1c4b7716c711349,b56f4be7a07b2639fec8e82055d21bdd922cbb21650baf21552f815586807961,137,-0.5928218580641738,0.001
4,0,all_agreeing_offsets,wholly_unseen,gh80,beta_half_half,20.0,HU_plus_surface,0.0001,dad5d4ffe3a4823687c1aff1acc1f86d373ce81b85b782fae1c4b7716c711349,7d7bf7c80bc236035e9387430a756e2365d44495a4c29c5081a94d07898f693b,137,-0.5891084588617388,0.001
4,0,all_agreeing_offsets,wholly_unseen,gh80,beta_half_half,20.0,HU_plus_surface,0.001,dad5d4ffe3a4823687c1aff1acc1f86d373ce81b85b782fae1c4b7716c711349,bc75feb9b337aec3163114ad5c00a546fb56ae916f0b483cfcd1373ca2808312,137,-0.5758307696874798,0.001
4,0,all_agreeing_offsets,wholly_unseen,gh80,beta_half_half,20.0,HU_plus_surface,0.01,dad5d4ffe3a4823687c1aff1acc1f86d373ce81b85b782fae1c4b7716c711349,fcaeae413e762d25500884629824d2effb458b98fb0af496cd21c161d7e38ae3,137,-0.5775037028288439,0.001
4,0,all_agreeing_offsets,wholly_unseen,gh80,beta_half_half,20.0,HU_plus_surface,0.1,dad5d4ffe3a4823687c1aff1acc1f86d373ce81b85b782fae1c4b7716c711349,287dc322e81231128cc916ca657f478d4bfe5139a6fd2eca0873225ee0185cee,137,-0.6791318158745826,0.001
4,1,all_agreeing_offsets,wholly_unseen,gh80,beta_half_half,20.0,HU_plus_surface,0.0,375ac5032a9e3c57e0a33947e30ec35ed19a33cd16476377d08907bad53f8f78,bd957b35aba5c1107bce3499712b269047b6e750bbd39223ead48725b960243c,138,-0.5928218580641738,0.001
4,1,all_agreeing_offsets,wholly_unseen,gh80,beta_half_half,20.0,HU_plus_surface,0.0001,375ac5032a9e3c57e0a33947e30ec35ed19a33cd16476377d08907bad53f8f78,16810c18d84b721da555bccb180d135612c2343d280cca2d428d9609c16fb68a,138,-0.5891084588617388,0.001
4,1,all_agreeing_offsets,wholly_unseen,gh80,beta_half_half,20.0,HU_plus_surface,0.001,375ac5032a9e3c57e0a33947e30ec35ed19a33cd16476377d08907bad53f8f78,bf3c38a39ab0c75acf979a2912d886d4fae5e0e29710388942df6b2a3d743931,138,-0.5758307696874798,0.001
4,1,all_agreeing_offsets,wholly_unseen,gh80,beta_half_half,20.0,HU_plus_surface,0.01,375ac5032a9e3c57e0a33947e30ec35ed19a33cd16476377d08907bad53f8f78,e7b5c8e05b08ecc3136fb8430c48427ae919f8908ac5a66155cffdc6fd36fac8,138,-0.5775037028288439,0.001
4,1,all_agreeing_offsets,wholly_unseen,gh80,beta_half_half,20.0,HU_plus_surface,0.1,375ac5032a9e3c57e0a33947e30ec35ed19a33cd16476377d08907bad53f8f78,723c3895363628e6d7f9dfb58399157f1d756671c850423d4e389ec4ca815dc8,138,-0.6791318158745826,0.001
4,2,all_agreeing_offsets,wholly_unseen,gh80,beta_half_half,20.0,HU_plus_surface,0.0,21b28e9b95f6273e01cc5fd73d1827c62ba781b0fb4a0fc0e419afb51f80f1ef,c72c0ea991f73ca0f813718b5773c19c4fe908e69375c2fdd783bbb530179301,137,-0.5928218580641738,0.001
4,2,all_agreeing_offsets,wholly_unseen,gh80,beta_half_half,20.0,HU_plus_surface,0.0001,21b28e9b95f6273e01cc5fd73d1827c62ba781b0fb4a0fc0e419afb51f80f1ef,1a13a6a6ab8d97df797c77c752cfab3367adf0aa832afb6b2c175c4f81c6337b,137,-0.5891084588617388,0.001
4,2,all_agreeing_offsets,wholly_unseen,gh80,beta_half_half,20.0,HU_plus_surface,0.001,21b28e9b95f6273e01cc5fd73d1827c62ba781b0fb4a0fc0e419afb51f80f1ef,2e3a4f50791a28c43a53adeecc1f8dbd25b888e075e14a400df90edcdd6b2a9c,137,-0.5758307696874798,0.001
4,2,all_agreeing_offsets,wholly_unseen,gh80,beta_half_half,20.0,HU_plus_surface,0.01,21b28e9b95f6273e01cc5fd73d1827c62ba781b0fb4a0fc0e419afb51f80f1ef,cf557ee0bcdf5b68e2bbd65724191bc655c228c86c5d0a5ac00d8063aa4f2c05,137,-0.5775037028288439,0.001
4,2,all_agreeing_offsets,wholly_unseen,gh80,beta_half_half,20.0,HU_plus_surface,0.1,21b28e9b95f6273e01cc5fd73d1827c62ba781b0fb4a0fc0e419afb51f80f1ef,c3dc5f27afbb9ebd9bf4beccdf8b25f4969bcb7123f210a61b92e8ab0abce5a4,137,-0.6791318158745826,0.001
4,0,all_agreeing_offsets,wholly_unseen,gh80,beta_half_half,20.0,retention_bounded_plus_HU,0.0,dad5d4ffe3a4823687c1aff1acc1f86d373ce81b85b782fae1c4b7716c711349,4f57cfe06cf5332a9b275b5e7a010f1d40d1f4088859c4925c103da64354eb0f,137,-0.5745402160526406,0.01
4,0,all_agreeing_offsets,wholly_unseen,gh80,beta_half_half,20.0,retention_bounded_plus_HU,0.0001,dad5d4ffe3a4823687c1aff1acc1f86d373ce81b85b782fae1c4b7716c711349,ba1aac89ea94e745d3401263f14e71e1024ae64c2b60083191fe936b1ee29bb0,137,-0.5727559726651238,0.01
4,0,all_agreeing_offsets,wholly_unseen,gh80,beta_half_half,20.0,retention_bounded_plus_HU,0.001,dad5d4ffe3a4823687c1aff1acc1f86d373ce81b85b782fae1c4b7716c711349,04b5bf53aeb704997ec56879fa67f9ad53d9d7ea79e00d650944b91013dfa169,137,-0.5709782073605487,0.01
4,0,all_agreeing_offsets,wholly_unseen,gh80,beta_half_half,20.0,retention_bounded_plus_HU,0.01,dad5d4ffe3a4823687c1aff1acc1f86d373ce81b85b782fae1c4b7716c711349,a95e297989beb1610b19e7c749a1fc6eff151dd47b39369e8913eecaffb846f7,137,-0.5688360040786294,0.01
4,0,all_agreeing_offsets,wholly_unseen,gh80,beta_half_half,20.0,retention_bounded_plus_HU,0.1,dad5d4ffe3a4823687c1aff1acc1f86d373ce81b85b782fae1c4b7716c711349,d87b1757e9beb345b09bc2eef792a159e170b64ccafaceb134f65adb8c7d7882,137,-0.6270816495657221,0.01
4,1,all_agreeing_offsets,wholly_unseen,gh80,beta_half_half,20.0,retention_bounded_plus_HU,0.0,375ac5032a9e3c57e0a33947e30ec35ed19a33cd16476377d08907bad53f8f78,c505ca26f7d863b441e3d892ca44c4d95eeafad5f9c66b6494b22e7558ef87a7,138,-0.5745402160526406,0.01
4,1,all_agreeing_offsets,wholly_unseen,gh80,beta_half_half,20.0,retention_bounded_plus_HU,0.0001,375ac5032a9e3c57e0a33947e30ec35ed19a33cd16476377d08907bad53f8f78,cb47e578249364bed419a7cc08f88a176ec33de09ab93948632754a4d81d8f2d,138,-0.5727559726651238,0.01
4,1,all_agreeing_offsets,wholly_unseen,gh80,beta_half_half,20.0,retention_bounded_plus_HU,0.001,375ac5032a9e3c57e0a33947e30ec35ed19a33cd16476377d08907bad53f8f78,462bf75f0706b3e83b5edd178eaa36dd6b58b7f24c7c4f1be6a025b545be253d,138,-0.5709782073605487,0.01
4,1,all_agreeing_offsets,wholly_unseen,gh80,beta_half_half,20.0,retention_bounded_plus_HU,0.01,375ac5032a9e3c57e0a33947e30ec35ed19a33cd16476377d08907bad53f8f78,a0f5ffccd2779e6d51452ec0818e544ef7ae92ab8fe9ef5da0dd24b38042c84a,138,-0.5688360040786294,0.01
4,1,all_agreeing_offsets,wholly_unseen,gh80,beta_half_half,20.0,retention_bounded_plus_HU,0.1,375ac5032a9e3c57e0a33947e30ec35ed19a33cd16476377d08907bad53f8f78,6d07d5e6c6b0971da1a7804c6ceb06e6843ec73317b2f720c60585554afefdaf,138,-0.6270816495657221,0.01
4,2,all_agreeing_offsets,wholly_unseen,gh80,beta_half_half,20.0,retention_bounded_plus_HU,0.0,21b28e9b95f6273e01cc5fd73d1827c62ba781b0fb4a0fc0e419afb51f80f1ef,88ff691fba0ef883470a38f4a5c8283b63280beea82c4de5bd37ded1461bad58,137,-0.5745402160526406,0.01
4,2,all_agreeing_offsets,wholly_unseen,gh80,beta_half_half,20.0,retention_bounded_plus_HU,0.0001,21b28e9b95f6273e01cc5fd73d1827c62ba781b0fb4a0fc0e419afb51f80f1ef,9c7388692baf489862abd8ec5345a77449f409c3611838205665b1602db2d566,137,-0.5727559726651238,0.01
4,2,all_agreeing_offsets,wholly_unseen,gh80,beta_half_half,20.0,retention_bounded_plus_HU,0.001,21b28e9b95f6273e01cc5fd73d1827c62ba781b0fb4a0fc0e419afb51f80f1ef,40b0f2743fccc61bf27baa3f30e75b251d09e7107f94c05d8aba119e55d3e0f8,137,-0.5709782073605487,0.01
4,2,all_agreeing_offsets,wholly_unseen,gh80,beta_half_half,20.0,retention_bounded_plus_HU,0.01,21b28e9b95f6273e01cc5fd73d1827c62ba781b0fb4a0fc0e419afb51f80f1ef,fb805a34ce00643950b517453e205e8b46d45e33bc8a3742f513a28b01ad3e96,137,-0.5688360040786294,0.01
4,2,all_agreeing_offsets,wholly_unseen,gh80,beta_half_half,20.0,retention_bounded_plus_HU,0.1,21b28e9b95f6273e01cc5fd73d1827c62ba781b0fb4a0fc0e419afb51f80f1ef,7df392c00cb40ebd0bf0d163a29f5392ffd4a1a545febb773cacec1fa8ba5d13,137,-0.6270816495657221,0.01
4,0,unrounded_strict,side_informed,laplace,beta_half_half,20.0,retention_bounded,0.0,d7e905532c95f9426e74fa022aa47b1e986c5aaf21cb55aa8b8416bab686337f,0c0628d02609526808ed2dfd5ccda5afc9e139d204ad36a18cbeeba318802374,91,-0.3853914593994066,0.01
4,0,unrounded_strict,side_informed,laplace,beta_half_half,20.0,retention_bounded,0.0001,d7e905532c95f9426e74fa022aa47b1e986c5aaf21cb55aa8b8416bab686337f,e550a22ac5d32f3d5ff0b20d3f79db696e50c0986d3335ae87cfbf074364227d,91,-0.3833528523707286,0.01
4,0,unrounded_strict,side_informed,laplace,beta_half_half,20.0,retention_bounded,0.001,d7e905532c95f9426e74fa022aa47b1e986c5aaf21cb55aa8b8416bab686337f,9e840408b3a47b6d8edc552dfee67c900d4d185dc90379d5656f453e8c8ed30e,91,-0.3699736647357786,0.01
4,0,unrounded_strict,side_informed,laplace,beta_half_half,20.0,retention_bounded,0.01,d7e905532c95f9426e74fa022aa47b1e986c5aaf21cb55aa8b8416bab686337f,9a76d32e8b218eeb3f058903df15f682ffaaa603eeaf40f794a065a27abaf2bc,91,-0.33655708672502277,0.01
4,0,unrounded_strict,side_informed,laplace,beta_half_half,20.0,retention_bounded,0.1,d7e905532c95f9426e74fa022aa47b1e986c5aaf21cb55aa8b8416bab686337f,bb076bcdd5934fedad1fc524ea78ff6ec7824424275064140e48b8e4bf8393c1,91,-0.36509713169583025,0.01
4,1,unrounded_strict,side_informed,laplace,beta_half_half,20.0,retention_bounded,0.0,a1facf9fdd8bd28031b4ce2e94ac3a60bfd00e883f65df0e1c9a47974e352ae6,6767e0b970538d39654237245bc574e90bb85fc00396ccfc8d9317166d1696cf,90,-0.3853914593994066,0.01
4,1,unrounded_strict,side_informed,laplace,beta_half_half,20.0,retention_bounded,0.0001,a1facf9fdd8bd28031b4ce2e94ac3a60bfd00e883f65df0e1c9a47974e352ae6,d46224485f2b9da3f1c252c68af13c3c087367c336a5a0041ee34160507b8a32,90,-0.3833528523707286,0.01
4,1,unrounded_strict,side_informed,laplace,beta_half_half,20.0,retention_bounded,0.001,a1facf9fdd8bd28031b4ce2e94ac3a60bfd00e883f65df0e1c9a47974e352ae6,06c5107affb7f4991813f173da3f1873eead0b924f07ba588ba5a2cef8a61295,90,-0.3699736647357786,0.01
4,1,unrounded_strict,side_informed,laplace,beta_half_half,20.0,retention_bounded,0.01,a1facf9fdd8bd28031b4ce2e94ac3a60bfd00e883f65df0e1c9a47974e352ae6,9ea9f34b8d7a97b77c4dc5fa0037cf198c6a730c945d14e30c821232cdeb4414,90,-0.33655708672502277,0.01
4,1,unrounded_strict,side_informed,laplace,beta_half_half,20.0,retention_bounded,0.1,a1facf9fdd8bd28031b4ce2e94ac3a60bfd00e883f65df0e1c9a47974e352ae6,18ec5ab3f74b8dfd5ab619c277e5fa47b8d7a010f0303278802b2997dcd408ea,90,-0.36509713169583025,0.01
4,2,unrounded_strict,side_informed,laplace,beta_half_half,20.0,retention_bounded,0.0,1f1b4550b11567210be099e5e8f23c1b72b79e1c4aed3fa9105a98c03db496ed,549e55cf2b01435ba3861c53e137046f28d30dcbfc8aa610467457d82ec1f028,90,-0.3853914593994066,0.01
4,2,unrounded_strict,side_informed,laplace,beta_half_half,20.0,retention_bounded,0.0001,1f1b4550b11567210be099e5e8f23c1b72b79e1c4aed3fa9105a98c03db496ed,814102b1928554d2915cd3c514f39d22f1085f472faefe853cee98a2cd705656,90,-0.3833528523707286,0.01
4,2,unrounded_strict,side_informed,laplace,beta_half_half,20.0,retention_bounded,0.001,1f1b4550b11567210be099e5e8f23c1b72b79e1c4aed3fa9105a98c03db496ed,da1833df45751bf8967f23be5cf5a3d6d99756500e2b4f42d9a8a53eef774703,90,-0.3699736647357786,0.01
4,2,unrounded_strict,side_informed,laplace,beta_half_half,20.0,retention_bounded,0.01,1f1b4550b11567210be099e5e8f23c1b72b79e1c4aed3fa9105a98c03db496ed,dbcf3778ada9bd2f46fff07a8b0d1eec75ae80acdb032b062262ebeb4aae28d1,90,-0.33655708672502277,0.01
4,2,unrounded_strict,side_informed,laplace,beta_half_half,20.0,retention_bounded,0.1,1f1b4550b11567210be099e5e8f23c1b72b79e1c4aed3fa9105a98c03db496ed,9c4ebc6dc679d384eacd9e5165dd1866584ecb731f8c192b672032ccf079135d,90,-0.36509713169583025,0.01
4,0,unrounded_strict,side_informed,laplace,beta_half_half,20.0,retention_nonnegative,0.0,d7e905532c95f9426e74fa022aa47b1e986c5aaf21cb55aa8b8416bab686337f,2fd532b7a9c58bfaa5faaf2fd184da068cb7654c332e82c0d01d71949a144779,91,-0.38539145873312924,0.01
4,0,unrounded_strict,side_informed,laplace,beta_half_half,20.0,retention_nonnegative,0.0001,d7e905532c95f9426e74fa022aa47b1e986c5aaf21cb55aa8b8416bab686337f,b0dfaa482c731f879fc2bbe3688580f4790693af9e7392574e247c6d49c1d981,91,-0.38323339761760283,0.01
4,0,unrounded_strict,side_informed,laplace,beta_half_half,20.0,retention_nonnegative,0.001,d7e905532c95f9426e74fa022aa47b1e986c5aaf21cb55aa8b8416bab686337f,d05fa25b0da3d23b7fe4a4e86a1950663855d162cf2310cb153cf529e314e7ef,91,-0.3699510233985162,0.01
4,0,unrounded_strict,side_informed,laplace,beta_half_half,20.0,retention_nonnegative,0.01,d7e905532c95f9426e74fa022aa47b1e986c5aaf21cb55aa8b8416bab686337f,20a2985b1932f7311123d1a536cdca17431208bd08bd4a0d1dd5636887581781,91,-0.3468964926194809,0.01
4,0,unrounded_strict,side_informed,laplace,beta_half_half,20.0,retention_nonnegative,0.1,d7e905532c95f9426e74fa022aa47b1e986c5aaf21cb55aa8b8416bab686337f,0576368322558a835d5abd9bad36166ee7dd92d7e0eb2ee96f0f417a7526b24b,91,-0.4120633682041855,0.01
4,1,unrounded_strict,side_informed,laplace,beta_half_half,20.0,retention_nonnegative,0.0,a1facf9fdd8bd28031b4ce2e94ac3a60bfd00e883f65df0e1c9a47974e352ae6,d2d806fd53c252d9063e72bb2818a89e6dc8c1ba7e0e0121744de621f31de538,90,-0.38539145873312924,0.01
4,1,unrounded_strict,side_informed,laplace,beta_half_half,20.0,retention_nonnegative,0.0001,a1facf9fdd8bd28031b4ce2e94ac3a60bfd00e883f65df0e1c9a47974e352ae6,86e6e40e144c943eca69d5eb76f9a79591784c88144588b91a707414002b4497,90,-0.38323339761760283,0.01
4,1,unrounded_strict,side_informed,laplace,beta_half_half,20.0,retention_nonnegative,0.001,a1facf9fdd8bd28031b4ce2e94ac3a60bfd00e883f65df0e1c9a47974e352ae6,f92470c45d89c417f8ffa73cf5b5836a54d5f0ecd64ab6dfd6ccef9a27503929,90,-0.3699510233985162,0.01
4,1,unrounded_strict,side_informed,laplace,beta_half_half,20.0,retention_nonnegative,0.01,a1facf9fdd8bd28031b4ce2e94ac3a60bfd00e883f65df0e1c9a47974e352ae6,ff9304d738c1c3f6db839046e8162cdb12b5f672976f471c9dc7d1f72b00a4b3,90,-0.3468964926194809,0.01
4,1,unrounded_strict,side_informed,laplace,beta_half_half,20.0,retention_nonnegative,0.1,a1facf9fdd8bd28031b4ce2e94ac3a60bfd00e883f65df0e1c9a47974e352ae6,5a09da08dc0309ba986d2756c6c0cb2a1189630b397568ccda5a0a7fee66cf15,90,-0.4120633682041855,0.01
4,2,unrounded_strict,side_informed,laplace,beta_half_half,20.0,retention_nonnegative,0.0,1f1b4550b11567210be099e5e8f23c1b72b79e1c4aed3fa9105a98c03db496ed,509a69fe3721e949a349699a62861bd73e2913d72d0519dc1cc2b104fa34dbc5,90,-0.38539145873312924,0.01
4,2,unrounded_strict,side_informed,laplace,beta_half_half,20.0,retention_nonnegative,0.0001,1f1b4550b11567210be099e5e8f23c1b72b79e1c4aed3fa9105a98c03db496ed,c324e3d15ece59bd2e428f8d494db9cf77f69c5f22017a7034d90df13ec2a4d4,90,-0.38323339761760283,0.01
4,2,unrounded_strict,side_informed,laplace,beta_half_half,20.0,retention_nonnegative,0.001,1f1b4550b11567210be099e5e8f23c1b72b79e1c4aed3fa9105a98c03db496ed,f705868e04e5cb11e65e7c994e9ce1839fc7e7f5398d758800ab7d9267664897,90,-0.3699510233985162,0.01
4,2,unrounded_strict,side_informed,laplace,beta_half_half,20.0,retention_nonnegative,0.01,1f1b4550b11567210be099e5e8f23c1b72b79e1c4aed3fa9105a98c03db496ed,af3d1f3172d9d092567b1a7134cae3dfa83a1d881b829a5ad807b199587a51d7,90,-0.3468964926194809,0.01
4,2,unrounded_strict,side_informed,laplace,beta_half_half,20.0,retention_nonnegative,0.1,1f1b4550b11567210be099e5e8f23c1b72b79e1c4aed3fa9105a98c03db496ed,5a1ae39f21384fcce04e4bc1e089a1a79201efe7f9c2507586419fcad3af7952,90,-0.4120633682041855,0.01
4,0,unrounded_strict,side_informed,laplace,beta_half_half,20.0,current_only,0.0,d7e905532c95f9426e74fa022aa47b1e986c5aaf21cb55aa8b8416bab686337f,82f5875acfdf200ddb733f60d4f3867a271f0ee3cc35ede0527eb289b8dbaad0,91,-0.6246279973333491,0.1
4,0,unrounded_strict,side_informed,laplace,beta_half_half,20.0,current_only,0.0001,d7e905532c95f9426e74fa022aa47b1e986c5aaf21cb55aa8b8416bab686337f,54186f21641ca670061b0751a0be32cd0902105132f9ff8d94a3de8a0e899755,91,-0.6243919538805187,0.1
4,0,unrounded_strict,side_informed,laplace,beta_half_half,20.0,current_only,0.001,d7e905532c95f9426e74fa022aa47b1e986c5aaf21cb55aa8b8416bab686337f,3d6f2210dc2631d5acc0f974263eef9f3e66347daf44922f0f3fbe4b20e4dd05,91,-0.6223608595240823,0.1
4,0,unrounded_strict,side_informed,laplace,beta_half_half,20.0,current_only,0.01,d7e905532c95f9426e74fa022aa47b1e986c5aaf21cb55aa8b8416bab686337f,750e62bc3f1e6968cfa0305a718f1d0a1a65be6fab8e64a20f0c217e017c973c,91,-0.6084436235347994,0.1
4,0,unrounded_strict,side_informed,laplace,beta_half_half,20.0,current_only,0.1,d7e905532c95f9426e74fa022aa47b1e986c5aaf21cb55aa8b8416bab686337f,d495588c53b2d9f577ef4ecbeade321a3a2be4a1ff14a43dee1ee7a5859ffb28,91,-0.6022510947202453,0.1
4,1,unrounded_strict,side_informed,laplace,beta_half_half,20.0,current_only,0.0,a1facf9fdd8bd28031b4ce2e94ac3a60bfd00e883f65df0e1c9a47974e352ae6,94323ad4f5681c25b5ae440c92a55347636f60b7dc1e1477713eb6c533d7bc08,90,-0.6246279973333491,0.1
4,1,unrounded_strict,side_informed,laplace,beta_half_half,20.0,current_only,0.0001,a1facf9fdd8bd28031b4ce2e94ac3a60bfd00e883f65df0e1c9a47974e352ae6,8fa40cfaf7c069d0ddf92e5113151f0ec02ef93990408249cdafff595c0bacbf,90,-0.6243919538805187,0.1
4,1,unrounded_strict,side_informed,laplace,beta_half_half,20.0,current_only,0.001,a1facf9fdd8bd28031b4ce2e94ac3a60bfd00e883f65df0e1c9a47974e352ae6,d5aa6ece9cff1487b0558c4332a4ab78f6d12c9fae022218389bf499c880eb12,90,-0.6223608595240823,0.1
4,1,unrounded_strict,side_informed,laplace,beta_half_half,20.0,current_only,0.01,a1facf9fdd8bd28031b4ce2e94ac3a60bfd00e883f65df0e1c9a47974e352ae6,7ebbd7a8503b3487ff1244a01cd0248c45acc79db92d9dc6d8cc76d6bfb63fc9,90,-0.6084436235347994,0.1
4,1,unrounded_strict,side_informed,laplace,beta_half_half,20.0,current_only,0.1,a1facf9fdd8bd28031b4ce2e94ac3a60bfd00e883f65df0e1c9a47974e352ae6,dd7b74685974fe310abbbbce849567d71aa94e964c5acba7bf9e04b73f1362f5,90,-0.6022510947202453,0.1
4,2,unrounded_strict,side_informed,laplace,beta_half_half,20.0,current_only,0.0,1f1b4550b11567210be099e5e8f23c1b72b79e1c4aed3fa9105a98c03db496ed,deabb63a7d83b0cc90a31932179131bcac48a5c18d1dfbf6efb27217283070b1,90,-0.6246279973333491,0.1
4,2,unrounded_strict,side_informed,laplace,beta_half_half,20.0,current_only,0.0001,1f1b4550b11567210be099e5e8f23c1b72b79e1c4aed3fa9105a98c03db496ed,e4f429930864d2174c815cd7e77ed48ab6bd5b48e2a0c9332f940a2c5bd98de2,90,-0.6243919538805187,0.1
4,2,unrounded_strict,side_informed,laplace,beta_half_half,20.0,current_only,0.001,1f1b4550b11567210be099e5e8f23c1b72b79e1c4aed3fa9105a98c03db496ed,eaaf56dac4a2d2d4aaa98fa5ade57308fa3dbb952736fb168a579da7420c5c4d,90,-0.6223608595240823,0.1
4,2,unrounded_strict,side_informed,laplace,beta_half_half,20.0,current_only,0.01,1f1b4550b11567210be099e5e8f23c1b72b79e1c4aed3fa9105a98c03db496ed,c9b8299b7e68e39fb454b4890906651d9707854030acddc8d0f865003d163026,90,-0.6084436235347994,0.1
4,2,unrounded_strict,side_informed,laplace,beta_half_half,20.0,current_only,0.1,1f1b4550b11567210be099e5e8f23c1b72b79e1c4aed3fa9105a98c03db496ed,b8e4fd6c3d10771f78f79d58ead56e1eb4d0e3b67488661dd98c2ddf625b2c19,90,-0.6022510947202453,0.1
4,0,unrounded_strict,side_informed,laplace,beta_half_half,20.0,input_plus_surface,0.0,d7e905532c95f9426e74fa022aa47b1e986c5aaf21cb55aa8b8416bab686337f,3a2d99ee1bef8eac5f2d051e744f62c710073e0043b5ad29af7d85d9597195c2,91,-0.3602431059884891,0.01
4,0,unrounded_strict,side_informed,laplace,beta_half_half,20.0,input_plus_surface,0.0001,d7e905532c95f9426e74fa022aa47b1e986c5aaf21cb55aa8b8416bab686337f,9e3cb65a58f9321c090e28cf644d237c89b60cc052b8eb7bb6b447405ac80cd0,91,-0.358317893244073,0.01
4,0,unrounded_strict,side_informed,laplace,beta_half_half,20.0,input_plus_surface,0.001,d7e905532c95f9426e74fa022aa47b1e986c5aaf21cb55aa8b8416bab686337f,73ff9afaae8190bd075c464e3525b1e596df3c1273657c7a86eb3a32bbda58c2,91,-0.34581636178595715,0.01
4,0,unrounded_strict,side_informed,laplace,beta_half_half,20.0,input_plus_surface,0.01,d7e905532c95f9426e74fa022aa47b1e986c5aaf21cb55aa8b8416bab686337f,429d0816a721c70a7ad1594b7d0ab5160067d89658bf5d39fd61f66490f926c6,91,-0.31834803549675883,0.01
4,0,unrounded_strict,side_informed,laplace,beta_half_half,20.0,input_plus_surface,0.1,d7e905532c95f9426e74fa022aa47b1e986c5aaf21cb55aa8b8416bab686337f,44f6d0ddf62cce691d16f880dba18401bf8f5707f186d4edbd14723f159d7012,91,-0.3748716880579209,0.01
4,1,unrounded_strict,side_informed,laplace,beta_half_half,20.0,input_plus_surface,0.0,a1facf9fdd8bd28031b4ce2e94ac3a60bfd00e883f65df0e1c9a47974e352ae6,2d9f9d4eba068c45ee00328e9a9ec2660a1c61b7be242b5c098a252b93d26269,90,-0.3602431059884891,0.01
4,1,unrounded_strict,side_informed,laplace,beta_half_half,20.0,input_plus_surface,0.0001,a1facf9fdd8bd28031b4ce2e94ac3a60bfd00e883f65df0e1c9a47974e352ae6,295a5c0a399f6462e2b88c9d2aeeeba350384a8ff1127667023c55901a1f9f77,90,-0.358317893244073,0.01
4,1,unrounded_strict,side_informed,laplace,beta_half_half,20.0,input_plus_surface,0.001,a1facf9fdd8bd28031b4ce2e94ac3a60bfd00e883f65df0e1c9a47974e352ae6,cf5fb364458c2dbccbeaa77feeeec4c97955e48e00e40e8a8c109492468504cf,90,-0.34581636178595715,0.01
4,1,unrounded_strict,side_informed,laplace,beta_half_half,20.0,input_plus_surface,0.01,a1facf9fdd8bd28031b4ce2e94ac3a60bfd00e883f65df0e1c9a47974e352ae6,5b913f2685871115fdab41a7a03030f8e588ca1d79194a409dc46b3944a9a34c,90,-0.31834803549675883,0.01
4,1,unrounded_strict,side_informed,laplace,beta_half_half,20.0,input_plus_surface,0.1,a1facf9fdd8bd28031b4ce2e94ac3a60bfd00e883f65df0e1c9a47974e352ae6,2f9d61e6f888d0128b3d7b7ff12d437277e33c8571fc7f5702d3dcf2118a24c8,90,-0.3748716880579209,0.01
4,2,unrounded_strict,side_informed,laplace,beta_half_half,20.0,input_plus_surface,0.0,1f1b4550b11567210be099e5e8f23c1b72b79e1c4aed3fa9105a98c03db496ed,a7f5bdb5872eea86dfc57bb8406c81ecedda2c4f3c66c1475e086b7add6e80be,90,-0.3602431059884891,0.01
4,2,unrounded_strict,side_informed,laplace,beta_half_half,20.0,input_plus_surface,0.0001,1f1b4550b11567210be099e5e8f23c1b72b79e1c4aed3fa9105a98c03db496ed,6ae3ee58161609ed9c0343af8d9c81b89f85772f8912f21c567358a8c5b90ce3,90,-0.358317893244073,0.01
4,2,unrounded_strict,side_informed,laplace,beta_half_half,20.0,input_plus_surface,0.001,1f1b4550b11567210be099e5e8f23c1b72b79e1c4aed3fa9105a98c03db496ed,d307166aafbca9e88164811295587e516b170452b517f6e430f3b0d0f0efe1a9,90,-0.34581636178595715,0.01
4,2,unrounded_strict,side_informed,laplace,beta_half_half,20.0,input_plus_surface,0.01,1f1b4550b11567210be099e5e8f23c1b72b79e1c4aed3fa9105a98c03db496ed,5eeaffed236d765c7fd5efeff6099257dc01acfe7d3b9b7ada9113d2377c67f2,90,-0.31834803549675883,0.01
4,2,unrounded_strict,side_informed,laplace,beta_half_half,20.0,input_plus_surface,0.1,1f1b4550b11567210be099e5e8f23c1b72b79e1c4aed3fa9105a98c03db496ed,cb7890a3701a7cc792f3438d11c38b9ae9e323099a9d86b820d197d4dc826191,90,-0.3748716880579209,0.01
4,0,unrounded_strict,side_informed,laplace,beta_half_half,20.0,HU_plus_surface,0.0,d7e905532c95f9426e74fa022aa47b1e986c5aaf21cb55aa8b8416bab686337f,0523c7e3d448ba9d65864d71b60f7d102035d47f12c74d38cb38714528795a70,91,-0.3494051079175215,0.01
4,0,unrounded_strict,side_informed,laplace,beta_half_half,20.0,HU_plus_surface,0.0001,d7e905532c95f9426e74fa022aa47b1e986c5aaf21cb55aa8b8416bab686337f,aa0fbb83e700d8726dcf6507785a2b3e725d24aaa6fa9afbed0ea5d7959cd47f,91,-0.3460685981802895,0.01
4,0,unrounded_strict,side_informed,laplace,beta_half_half,20.0,HU_plus_surface,0.001,d7e905532c95f9426e74fa022aa47b1e986c5aaf21cb55aa8b8416bab686337f,55a16f27ab1b28289eb1f2747606efafa58990ad2b37fa0814bd059dcb66e175,91,-0.3274092606184649,0.01
4,0,unrounded_strict,side_informed,laplace,beta_half_half,20.0,HU_plus_surface,0.01,d7e905532c95f9426e74fa022aa47b1e986c5aaf21cb55aa8b8416bab686337f,998132affb3553346c45552ef4204d5ea1220de866966ee463b35573149d4ab4,91,-0.29737266727446937,0.01
4,0,unrounded_strict,side_informed,laplace,beta_half_half,20.0,HU_plus_surface,0.1,d7e905532c95f9426e74fa022aa47b1e986c5aaf21cb55aa8b8416bab686337f,b8b3f4c64521fb1da8c2cc1892db609ca9e60d5bfaf496408a2f33008a92641e,91,-0.3637981641348778,0.01
4,1,unrounded_strict,side_informed,laplace,beta_half_half,20.0,HU_plus_surface,0.0,a1facf9fdd8bd28031b4ce2e94ac3a60bfd00e883f65df0e1c9a47974e352ae6,4cf8c95c913368421b757c97282dc653cf6d2c0ce92107918bd68766db50465e,90,-0.3494051079175215,0.01
4,1,unrounded_strict,side_informed,laplace,beta_half_half,20.0,HU_plus_surface,0.0001,a1facf9fdd8bd28031b4ce2e94ac3a60bfd00e883f65df0e1c9a47974e352ae6,c15cb2fc457f297267ca1f98299c84c6e5ce4a34a59df0ee2cc16fdac1f91ee5,90,-0.3460685981802895,0.01
4,1,unrounded_strict,side_informed,laplace,beta_half_half,20.0,HU_plus_surface,0.001,a1facf9fdd8bd28031b4ce2e94ac3a60bfd00e883f65df0e1c9a47974e352ae6,d81ad42b296d63a7eb2c40fc4c1d29d7ba67e299c18909a15ab3fa2b8b753ae3,90,-0.3274092606184649,0.01
4,1,unrounded_strict,side_informed,laplace,beta_half_half,20.0,HU_plus_surface,0.01,a1facf9fdd8bd28031b4ce2e94ac3a60bfd00e883f65df0e1c9a47974e352ae6,57eb4eea96c0d0616b68fa3d7d087acdfc38a3478b849f81a3ec334fd6b64be4,90,-0.29737266727446937,0.01
4,1,unrounded_strict,side_informed,laplace,beta_half_half,20.0,HU_plus_surface,0.1,a1facf9fdd8bd28031b4ce2e94ac3a60bfd00e883f65df0e1c9a47974e352ae6,85cad39e5d9f30fddb14cc1c9fb35add887252990c0929225ba1e08817c49cf9,90,-0.3637981641348778,0.01
4,2,unrounded_strict,side_informed,laplace,beta_half_half,20.0,HU_plus_surface,0.0,1f1b4550b11567210be099e5e8f23c1b72b79e1c4aed3fa9105a98c03db496ed,eb9f5b678555dd069c6c4a97b87c52eaec19575bf93714d7dcd7e2c6d586b807,90,-0.3494051079175215,0.01
4,2,unrounded_strict,side_informed,laplace,beta_half_half,20.0,HU_plus_surface,0.0001,1f1b4550b11567210be099e5e8f23c1b72b79e1c4aed3fa9105a98c03db496ed,6694b2b787e195b5139c0a3f5616955dfb5deda92d973139864bfc96aac370c2,90,-0.3460685981802895,0.01
4,2,unrounded_strict,side_informed,laplace,beta_half_half,20.0,HU_plus_surface,0.001,1f1b4550b11567210be099e5e8f23c1b72b79e1c4aed3fa9105a98c03db496ed,5216520c35f9c85f90d2d766c165d3426460fbdca4aac77ac782b5e1d17b2895,90,-0.3274092606184649,0.01
4,2,unrounded_strict,side_informed,laplace,beta_half_half,20.0,HU_plus_surface,0.01,1f1b4550b11567210be099e5e8f23c1b72b79e1c4aed3fa9105a98c03db496ed,64dc6f04211d6d2c87d33c1d00ae15b3eab4d732e709491049661bafca78de4d,90,-0.29737266727446937,0.01
4,2,unrounded_strict,side_informed,laplace,beta_half_half,20.0,HU_plus_surface,0.1,1f1b4550b11567210be099e5e8f23c1b72b79e1c4aed3fa9105a98c03db496ed,926d2b11f3b6baecb8d7cb09de3b435208dee2a6d184f8008e1248a2fce63d31,90,-0.3637981641348778,0.01
4,0,unrounded_strict,side_informed,laplace,beta_half_half,20.0,retention_bounded_plus_HU,0.0,d7e905532c95f9426e74fa022aa47b1e986c5aaf21cb55aa8b8416bab686337f,a8fddcd685861c7ae9b0b3ea1888f0ebd4672b83ee2abf51b92dec7b6e0283d1,91,-0.36587330922316164,0.01
4,0,unrounded_strict,side_informed,laplace,beta_half_half,20.0,retention_bounded_plus_HU,0.0001,d7e905532c95f9426e74fa022aa47b1e986c5aaf21cb55aa8b8416bab686337f,fdea0f4adae788a2e3f94be1acbdcb16350bf79be14997e1b8c1350bd6b1dad1,91,-0.36230230861115387,0.01
4,0,unrounded_strict,side_informed,laplace,beta_half_half,20.0,retention_bounded_plus_HU,0.001,d7e905532c95f9426e74fa022aa47b1e986c5aaf21cb55aa8b8416bab686337f,266f4401ee1a34356fbfdb2d5ec195bf3ad1fba9265575f13ec57ba39e214999,91,-0.3403669811911802,0.01
4,0,unrounded_strict,side_informed,laplace,beta_half_half,20.0,retention_bounded_plus_HU,0.01,d7e905532c95f9426e74fa022aa47b1e986c5aaf21cb55aa8b8416bab686337f,b8976718277e294c51b5f787c84881f74701589c0e73220eaf51d820088ab4ea,91,-0.31285455641200854,0.01
4,0,unrounded_strict,side_informed,laplace,beta_half_half,20.0,retention_bounded_plus_HU,0.1,d7e905532c95f9426e74fa022aa47b1e986c5aaf21cb55aa8b8416bab686337f,243fff7b2d27e823da1918ce2808d688721e407cf21aae54a575e7311b57b2e1,91,-0.3297949138619531,0.01
4,1,unrounded_strict,side_informed,laplace,beta_half_half,20.0,retention_bounded_plus_HU,0.0,a1facf9fdd8bd28031b4ce2e94ac3a60bfd00e883f65df0e1c9a47974e352ae6,6081020207379cdb5540568101143cb3c82fdb82fa9bdbc0000fe1b8a8d447e6,90,-0.36587330922316164,0.01
4,1,unrounded_strict,side_informed,laplace,beta_half_half,20.0,retention_bounded_plus_HU,0.0001,a1facf9fdd8bd28031b4ce2e94ac3a60bfd00e883f65df0e1c9a47974e352ae6,d3fbae1c90a7187c545dbd52768f0892e3681b835e314a27af5bff96032d7633,90,-0.36230230861115387,0.01
4,1,unrounded_strict,side_informed,laplace,beta_half_half,20.0,retention_bounded_plus_HU,0.001,a1facf9fdd8bd28031b4ce2e94ac3a60bfd00e883f65df0e1c9a47974e352ae6,c64dd6360943ad583d722f2c4d82b35168fbfc5a8ceee081a48b9d35a3f329bb,90,-0.3403669811911802,0.01
4,1,unrounded_strict,side_informed,laplace,beta_half_half,20.0,retention_bounded_plus_HU,0.01,a1facf9fdd8bd28031b4ce2e94ac3a60bfd00e883f65df0e1c9a47974e352ae6,14fed8ee268bf1b4cab0ed8b1269ac9f260f7208d16ce5e869d6be8a646b715f,90,-0.31285455641200854,0.01
4,1,unrounded_strict,side_informed,laplace,beta_half_half,20.0,retention_bounded_plus_HU,0.1,a1facf9fdd8bd28031b4ce2e94ac3a60bfd00e883f65df0e1c9a47974e352ae6,b8456137b8e08dbdf773fd3dcffd78dabad1ff6423e81e373ad29b1e630ada78,90,-0.3297949138619531,0.01
4,2,unrounded_strict,side_informed,laplace,beta_half_half,20.0,retention_bounded_plus_HU,0.0,1f1b4550b11567210be099e5e8f23c1b72b79e1c4aed3fa9105a98c03db496ed,6879d19ebb85aa0f5c718e50f20d6634b5d409eff01132db8498e596820effbc,90,-0.36587330922316164,0.01
4,2,unrounded_strict,side_informed,laplace,beta_half_half,20.0,retention_bounded_plus_HU,0.0001,1f1b4550b11567210be099e5e8f23c1b72b79e1c4aed3fa9105a98c03db496ed,b26e1a8f117bcbd5c77d1e2be4344e2144479bf3a9de46e6d7f94b64e4667372,90,-0.36230230861115387,0.01
4,2,unrounded_strict,side_informed,laplace,beta_half_half,20.0,retention_bounded_plus_HU,0.001,1f1b4550b11567210be099e5e8f23c1b72b79e1c4aed3fa9105a98c03db496ed,d7899ba7ace0b0264849e28ef52dcfce9437be2695e8ea0c97976179bb2fc487,90,-0.3403669811911802,0.01
4,2,unrounded_strict,side_informed,laplace,beta_half_half,20.0,retention_bounded_plus_HU,0.01,1f1b4550b11567210be099e5e8f23c1b72b79e1c4aed3fa9105a98c03db496ed,05150505c7e3312198115efde43d4a4f818e44c41a7b27d1099f5cc4301a516d,90,-0.31285455641200854,0.01
4,2,unrounded_strict,side_informed,laplace,beta_half_half,20.0,retention_bounded_plus_HU,0.1,1f1b4550b11567210be099e5e8f23c1b72b79e1c4aed3fa9105a98c03db496ed,ef43bdf26a4539ca719caae4bf3258f64167d96a474d21a5289bac9991728933,90,-0.3297949138619531,0.01
4,0,unrounded_strict,side_informed,gh80,beta_half_half,20.0,HU_plus_surface,0.0,d7e905532c95f9426e74fa022aa47b1e986c5aaf21cb55aa8b8416bab686337f,877bfb02856bbd3b7c595a958a5b5afafed19cef501f5862675034f834857a8e,91,-0.3529259824390135,0.01
4,0,unrounded_strict,side_informed,gh80,beta_half_half,20.0,HU_plus_surface,0.0001,d7e905532c95f9426e74fa022aa47b1e986c5aaf21cb55aa8b8416bab686337f,cdcb99c347a07aee5fa6e05c02224e5ee3fd0c10eee04c06567a83be57dd621c,91,-0.3497163205341482,0.01
4,0,unrounded_strict,side_informed,gh80,beta_half_half,20.0,HU_plus_surface,0.001,d7e905532c95f9426e74fa022aa47b1e986c5aaf21cb55aa8b8416bab686337f,490a77a701147ea6b5d7f5c1bfedd0066023ce388b16af499a0b90e024c9013f,91,-0.33147510346112735,0.01
4,0,unrounded_strict,side_informed,gh80,beta_half_half,20.0,HU_plus_surface,0.01,d7e905532c95f9426e74fa022aa47b1e986c5aaf21cb55aa8b8416bab686337f,26bcf99a331cef5a431280e8b7fe87bab1d129cb48f9c50da8d43e9956032f32,91,-0.3017825106104422,0.01
4,0,unrounded_strict,side_informed,gh80,beta_half_half,20.0,HU_plus_surface,0.1,d7e905532c95f9426e74fa022aa47b1e986c5aaf21cb55aa8b8416bab686337f,630104e7a2393efb951eceb19566bacdbada7437eea618343e04c0a497d95d5b,91,-0.3677133069020783,0.01
4,1,unrounded_strict,side_informed,gh80,beta_half_half,20.0,HU_plus_surface,0.0,a1facf9fdd8bd28031b4ce2e94ac3a60bfd00e883f65df0e1c9a47974e352ae6,873ad9de1751ce94157c362fbcf650d7ff99294d68fcb50498def9826574a7c6,90,-0.3529259824390135,0.01
4,1,unrounded_strict,side_informed,gh80,beta_half_half,20.0,HU_plus_surface,0.0001,a1facf9fdd8bd28031b4ce2e94ac3a60bfd00e883f65df0e1c9a47974e352ae6,c2bf84a49ad7469faaccff8fc755a5c588f9bc91b6310e2d250b52e550fe0f78,90,-0.3497163205341482,0.01
4,1,unrounded_strict,side_informed,gh80,beta_half_half,20.0,HU_plus_surface,0.001,a1facf9fdd8bd28031b4ce2e94ac3a60bfd00e883f65df0e1c9a47974e352ae6,319c946788255a994c0e4c1170b36c408e1353fc54db2b36bedaa2d2be17968d,90,-0.33147510346112735,0.01
4,1,unrounded_strict,side_informed,gh80,beta_half_half,20.0,HU_plus_surface,0.01,a1facf9fdd8bd28031b4ce2e94ac3a60bfd00e883f65df0e1c9a47974e352ae6,5e6e55eab190086bb2b2ffe4cdccb593a79b2325b041e62f1388beb635ef5851,90,-0.3017825106104422,0.01
4,1,unrounded_strict,side_informed,gh80,beta_half_half,20.0,HU_plus_surface,0.1,a1facf9fdd8bd28031b4ce2e94ac3a60bfd00e883f65df0e1c9a47974e352ae6,d65b95e77e4bea39e862bde594c40f14be9ab85a1449357750e48b642edd4e15,90,-0.3677133069020783,0.01
4,2,unrounded_strict,side_informed,gh80,beta_half_half,20.0,HU_plus_surface,0.0,1f1b4550b11567210be099e5e8f23c1b72b79e1c4aed3fa9105a98c03db496ed,dad29f2cc5098955e9999acb0daffb2663043c6542566a3a9db775016c278b81,90,-0.3529259824390135,0.01
4,2,unrounded_strict,side_informed,gh80,beta_half_half,20.0,HU_plus_surface,0.0001,1f1b4550b11567210be099e5e8f23c1b72b79e1c4aed3fa9105a98c03db496ed,b5d616c9d24253103d116f7360631fb691b670d61a02c8e4948a25854f392f1d,90,-0.3497163205341482,0.01
4,2,unrounded_strict,side_informed,gh80,beta_half_half,20.0,HU_plus_surface,0.001,1f1b4550b11567210be099e5e8f23c1b72b79e1c4aed3fa9105a98c03db496ed,984eb20ff36c62797c29360e47852fd5791e1f8db6f1fb45b18f4d7c3bc878a7,90,-0.33147510346112735,0.01
4,2,unrounded_strict,side_informed,gh80,beta_half_half,20.0,HU_plus_surface,0.01,1f1b4550b11567210be099e5e8f23c1b72b79e1c4aed3fa9105a98c03db496ed,fb54949e5db10591dacb43174127f1af43124baf9cc02929185fd04a2ddaba66,90,-0.3017825106104422,0.01
4,2,unrounded_strict,side_informed,gh80,beta_half_half,20.0,HU_plus_surface,0.1,1f1b4550b11567210be099e5e8f23c1b72b79e1c4aed3fa9105a98c03db496ed,fde4483c47c04176a3faab399f6ff1a91e0bab26284acd35ecc8ef1108122d66,90,-0.3677133069020783,0.01
4,0,unrounded_strict,side_informed,gh80,beta_half_half,20.0,retention_bounded_plus_HU,0.0,d7e905532c95f9426e74fa022aa47b1e986c5aaf21cb55aa8b8416bab686337f,2146981eccdadad612d9b8de7b69ec68248b882fafc1e9e589bee6e8d7099e5f,91,-0.3694126491844376,0.01
4,0,unrounded_strict,side_informed,gh80,beta_half_half,20.0,retention_bounded_plus_HU,0.0001,d7e905532c95f9426e74fa022aa47b1e986c5aaf21cb55aa8b8416bab686337f,fa5ba58464c8900655c1b39e9ed63be655aeefb0abcb86227c1c1d6314f131a1,91,-0.3664586115898994,0.01
4,0,unrounded_strict,side_informed,gh80,beta_half_half,20.0,retention_bounded_plus_HU,0.001,d7e905532c95f9426e74fa022aa47b1e986c5aaf21cb55aa8b8416bab686337f,a8283690b50ba9e3ed5122cc3029b510897c94cd0666b9e9504ffa97e8eb4119,91,-0.3463096110587247,0.01
4,0,unrounded_strict,side_informed,gh80,beta_half_half,20.0,retention_bounded_plus_HU,0.01,d7e905532c95f9426e74fa022aa47b1e986c5aaf21cb55aa8b8416bab686337f,9a64e448a6b6114fb750b51945fefe5462c4806a5f2114b4e6e0daa498d09de4,91,-0.32027047128516895,0.01
4,0,unrounded_strict,side_informed,gh80,beta_half_half,20.0,retention_bounded_plus_HU,0.1,d7e905532c95f9426e74fa022aa47b1e986c5aaf21cb55aa8b8416bab686337f,a9d263751f754a719275ca23f02411c9317dfb5d575db35b622b350fd3e7c5e3,91,-0.33427886656888556,0.01
4,1,unrounded_strict,side_informed,gh80,beta_half_half,20.0,retention_bounded_plus_HU,0.0,a1facf9fdd8bd28031b4ce2e94ac3a60bfd00e883f65df0e1c9a47974e352ae6,b3251fe07ab37f8704d7a0bf6371c192f5554d6d05147cbb86bc3094de428842,90,-0.3694126491844376,0.01
4,1,unrounded_strict,side_informed,gh80,beta_half_half,20.0,retention_bounded_plus_HU,0.0001,a1facf9fdd8bd28031b4ce2e94ac3a60bfd00e883f65df0e1c9a47974e352ae6,e6ee395d5b9169693e045a7b6e8a70040ff186511d35f5eb30be47b1625177a8,90,-0.3664586115898994,0.01
4,1,unrounded_strict,side_informed,gh80,beta_half_half,20.0,retention_bounded_plus_HU,0.001,a1facf9fdd8bd28031b4ce2e94ac3a60bfd00e883f65df0e1c9a47974e352ae6,ba69b201047b7fc685cd8516370ba719bee26e10b690d7d09631b032889c4223,90,-0.3463096110587247,0.01
4,1,unrounded_strict,side_informed,gh80,beta_half_half,20.0,retention_bounded_plus_HU,0.01,a1facf9fdd8bd28031b4ce2e94ac3a60bfd00e883f65df0e1c9a47974e352ae6,855692a0bf04bee93a5434ebe624070c3967e44f485c8e66fe9a701424f5c9ac,90,-0.32027047128516895,0.01
4,1,unrounded_strict,side_informed,gh80,beta_half_half,20.0,retention_bounded_plus_HU,0.1,a1facf9fdd8bd28031b4ce2e94ac3a60bfd00e883f65df0e1c9a47974e352ae6,0e43c8c15a568e81c42be552ac3e60da8d88de7487944c8f7d7652c2e0c6ea53,90,-0.33427886656888556,0.01
4,2,unrounded_strict,side_informed,gh80,beta_half_half,20.0,retention_bounded_plus_HU,0.0,1f1b4550b11567210be099e5e8f23c1b72b79e1c4aed3fa9105a98c03db496ed,2642cf7f933c6d936178163ff1e3bb4b734e4f61ec2496a2c93d5ebf6115fc6a,90,-0.3694126491844376,0.01
4,2,unrounded_strict,side_informed,gh80,beta_half_half,20.0,retention_bounded_plus_HU,0.0001,1f1b4550b11567210be099e5e8f23c1b72b79e1c4aed3fa9105a98c03db496ed,06af1045bd3a95e24c81af8f1667087c6a1ea3a37ab37e9b5d4e828129eb0cc4,90,-0.3664586115898994,0.01
4,2,unrounded_strict,side_informed,gh80,beta_half_half,20.0,retention_bounded_plus_HU,0.001,1f1b4550b11567210be099e5e8f23c1b72b79e1c4aed3fa9105a98c03db496ed,a8abed6df51bedfd047e19e171cf0589acd7263210c8caa244d5fa5f985c0b6a,90,-0.3463096110587247,0.01
4,2,unrounded_strict,side_informed,gh80,beta_half_half,20.0,retention_bounded_plus_HU,0.01,1f1b4550b11567210be099e5e8f23c1b72b79e1c4aed3fa9105a98c03db496ed,3a49416043d7fe29fab4a38f4f90d11b7d3f6bed9f32a37a18bb8eca2808dbc4,90,-0.32027047128516895,0.01
4,2,unrounded_strict,side_informed,gh80,beta_half_half,20.0,retention_bounded_plus_HU,0.1,1f1b4550b11567210be099e5e8f23c1b72b79e1c4aed3fa9105a98c03db496ed,afa5a73885d9b614c97d5522cc797f89c5b904362c1e01651fbb50a1b663d54c,90,-0.33427886656888556,0.01
4,0,unrounded_strict,wholly_unseen,laplace,beta_half_half,20.0,retention_bounded,0.0,d7e905532c95f9426e74fa022aa47b1e986c5aaf21cb55aa8b8416bab686337f,0c0628d02609526808ed2dfd5ccda5afc9e139d204ad36a18cbeeba318802374,91,-0.6744615081084759,0.01
4,0,unrounded_strict,wholly_unseen,laplace,beta_half_half,20.0,retention_bounded,0.0001,d7e905532c95f9426e74fa022aa47b1e986c5aaf21cb55aa8b8416bab686337f,e550a22ac5d32f3d5ff0b20d3f79db696e50c0986d3335ae87cfbf074364227d,91,-0.672658930118889,0.01
4,0,unrounded_strict,wholly_unseen,laplace,beta_half_half,20.0,retention_bounded,0.001,d7e905532c95f9426e74fa022aa47b1e986c5aaf21cb55aa8b8416bab686337f,9e840408b3a47b6d8edc552dfee67c900d4d185dc90379d5656f453e8c8ed30e,91,-0.660963190605163,0.01
4,0,unrounded_strict,wholly_unseen,laplace,beta_half_half,20.0,retention_bounded,0.01,d7e905532c95f9426e74fa022aa47b1e986c5aaf21cb55aa8b8416bab686337f,9a76d32e8b218eeb3f058903df15f682ffaaa603eeaf40f794a065a27abaf2bc,91,-0.629151607971605,0.01
4,0,unrounded_strict,wholly_unseen,laplace,beta_half_half,20.0,retention_bounded,0.1,d7e905532c95f9426e74fa022aa47b1e986c5aaf21cb55aa8b8416bab686337f,bb076bcdd5934fedad1fc524ea78ff6ec7824424275064140e48b8e4bf8393c1,91,-0.6482434070516245,0.01
4,1,unrounded_strict,wholly_unseen,laplace,beta_half_half,20.0,retention_bounded,0.0,a1facf9fdd8bd28031b4ce2e94ac3a60bfd00e883f65df0e1c9a47974e352ae6,6767e0b970538d39654237245bc574e90bb85fc00396ccfc8d9317166d1696cf,90,-0.6744615081084759,0.01
4,1,unrounded_strict,wholly_unseen,laplace,beta_half_half,20.0,retention_bounded,0.0001,a1facf9fdd8bd28031b4ce2e94ac3a60bfd00e883f65df0e1c9a47974e352ae6,d46224485f2b9da3f1c252c68af13c3c087367c336a5a0041ee34160507b8a32,90,-0.672658930118889,0.01
4,1,unrounded_strict,wholly_unseen,laplace,beta_half_half,20.0,retention_bounded,0.001,a1facf9fdd8bd28031b4ce2e94ac3a60bfd00e883f65df0e1c9a47974e352ae6,06c5107affb7f4991813f173da3f1873eead0b924f07ba588ba5a2cef8a61295,90,-0.660963190605163,0.01
4,1,unrounded_strict,wholly_unseen,laplace,beta_half_half,20.0,retention_bounded,0.01,a1facf9fdd8bd28031b4ce2e94ac3a60bfd00e883f65df0e1c9a47974e352ae6,9ea9f34b8d7a97b77c4dc5fa0037cf198c6a730c945d14e30c821232cdeb4414,90,-0.629151607971605,0.01
4,1,unrounded_strict,wholly_unseen,laplace,beta_half_half,20.0,retention_bounded,0.1,a1facf9fdd8bd28031b4ce2e94ac3a60bfd00e883f65df0e1c9a47974e352ae6,18ec5ab3f74b8dfd5ab619c277e5fa47b8d7a010f0303278802b2997dcd408ea,90,-0.6482434070516245,0.01
4,2,unrounded_strict,wholly_unseen,laplace,beta_half_half,20.0,retention_bounded,0.0,1f1b4550b11567210be099e5e8f23c1b72b79e1c4aed3fa9105a98c03db496ed,549e55cf2b01435ba3861c53e137046f28d30dcbfc8aa610467457d82ec1f028,90,-0.6744615081084759,0.01
4,2,unrounded_strict,wholly_unseen,laplace,beta_half_half,20.0,retention_bounded,0.0001,1f1b4550b11567210be099e5e8f23c1b72b79e1c4aed3fa9105a98c03db496ed,814102b1928554d2915cd3c514f39d22f1085f472faefe853cee98a2cd705656,90,-0.672658930118889,0.01
4,2,unrounded_strict,wholly_unseen,laplace,beta_half_half,20.0,retention_bounded,0.001,1f1b4550b11567210be099e5e8f23c1b72b79e1c4aed3fa9105a98c03db496ed,da1833df45751bf8967f23be5cf5a3d6d99756500e2b4f42d9a8a53eef774703,90,-0.660963190605163,0.01
4,2,unrounded_strict,wholly_unseen,laplace,beta_half_half,20.0,retention_bounded,0.01,1f1b4550b11567210be099e5e8f23c1b72b79e1c4aed3fa9105a98c03db496ed,dbcf3778ada9bd2f46fff07a8b0d1eec75ae80acdb032b062262ebeb4aae28d1,90,-0.629151607971605,0.01
4,2,unrounded_strict,wholly_unseen,laplace,beta_half_half,20.0,retention_bounded,0.1,1f1b4550b11567210be099e5e8f23c1b72b79e1c4aed3fa9105a98c03db496ed,9c4ebc6dc679d384eacd9e5165dd1866584ecb731f8c192b672032ccf079135d,90,-0.6482434070516245,0.01
4,0,unrounded_strict,wholly_unseen,laplace,beta_half_half,20.0,retention_nonnegative,0.0,d7e905532c95f9426e74fa022aa47b1e986c5aaf21cb55aa8b8416bab686337f,2fd532b7a9c58bfaa5faaf2fd184da068cb7654c332e82c0d01d71949a144779,91,-0.6744615077343339,0.01
4,0,unrounded_strict,wholly_unseen,laplace,beta_half_half,20.0,retention_nonnegative,0.0001,d7e905532c95f9426e74fa022aa47b1e986c5aaf21cb55aa8b8416bab686337f,b0dfaa482c731f879fc2bbe3688580f4790693af9e7392574e247c6d49c1d981,91,-0.6719027248328177,0.01
4,0,unrounded_strict,wholly_unseen,laplace,beta_half_half,20.0,retention_nonnegative,0.001,d7e905532c95f9426e74fa022aa47b1e986c5aaf21cb55aa8b8416bab686337f,d05fa25b0da3d23b7fe4a4e86a1950663855d162cf2310cb153cf529e314e7ef,91,-0.6560476548470641,0.01
4,0,unrounded_strict,wholly_unseen,laplace,beta_half_half,20.0,retention_nonnegative,0.01,d7e905532c95f9426e74fa022aa47b1e986c5aaf21cb55aa8b8416bab686337f,20a2985b1932f7311123d1a536cdca17431208bd08bd4a0d1dd5636887581781,91,-0.6304332278915534,0.01
4,0,unrounded_strict,wholly_unseen,laplace,beta_half_half,20.0,retention_nonnegative,0.1,d7e905532c95f9426e74fa022aa47b1e986c5aaf21cb55aa8b8416bab686337f,0576368322558a835d5abd9bad36166ee7dd92d7e0eb2ee96f0f417a7526b24b,91,-0.7009966352761837,0.01
4,1,unrounded_strict,wholly_unseen,laplace,beta_half_half,20.0,retention_nonnegative,0.0,a1facf9fdd8bd28031b4ce2e94ac3a60bfd00e883f65df0e1c9a47974e352ae6,d2d806fd53c252d9063e72bb2818a89e6dc8c1ba7e0e0121744de621f31de538,90,-0.6744615077343339,0.01
4,1,unrounded_strict,wholly_unseen,laplace,beta_half_half,20.0,retention_nonnegative,0.0001,a1facf9fdd8bd28031b4ce2e94ac3a60bfd00e883f65df0e1c9a47974e352ae6,86e6e40e144c943eca69d5eb76f9a79591784c88144588b91a707414002b4497,90,-0.6719027248328177,0.01
4,1,unrounded_strict,wholly_unseen,laplace,beta_half_half,20.0,retention_nonnegative,0.001,a1facf9fdd8bd28031b4ce2e94ac3a60bfd00e883f65df0e1c9a47974e352ae6,f92470c45d89c417f8ffa73cf5b5836a54d5f0ecd64ab6dfd6ccef9a27503929,90,-0.6560476548470641,0.01
4,1,unrounded_strict,wholly_unseen,laplace,beta_half_half,20.0,retention_nonnegative,0.01,a1facf9fdd8bd28031b4ce2e94ac3a60bfd00e883f65df0e1c9a47974e352ae6,ff9304d738c1c3f6db839046e8162cdb12b5f672976f471c9dc7d1f72b00a4b3,90,-0.6304332278915534,0.01
4,1,unrounded_strict,wholly_unseen,laplace,beta_half_half,20.0,retention_nonnegative,0.1,a1facf9fdd8bd28031b4ce2e94ac3a60bfd00e883f65df0e1c9a47974e352ae6,5a09da08dc0309ba986d2756c6c0cb2a1189630b397568ccda5a0a7fee66cf15,90,-0.7009966352761837,0.01
4,2,unrounded_strict,wholly_unseen,laplace,beta_half_half,20.0,retention_nonnegative,0.0,1f1b4550b11567210be099e5e8f23c1b72b79e1c4aed3fa9105a98c03db496ed,509a69fe3721e949a349699a62861bd73e2913d72d0519dc1cc2b104fa34dbc5,90,-0.6744615077343339,0.01
4,2,unrounded_strict,wholly_unseen,laplace,beta_half_half,20.0,retention_nonnegative,0.0001,1f1b4550b11567210be099e5e8f23c1b72b79e1c4aed3fa9105a98c03db496ed,c324e3d15ece59bd2e428f8d494db9cf77f69c5f22017a7034d90df13ec2a4d4,90,-0.6719027248328177,0.01
4,2,unrounded_strict,wholly_unseen,laplace,beta_half_half,20.0,retention_nonnegative,0.001,1f1b4550b11567210be099e5e8f23c1b72b79e1c4aed3fa9105a98c03db496ed,f705868e04e5cb11e65e7c994e9ce1839fc7e7f5398d758800ab7d9267664897,90,-0.6560476548470641,0.01
4,2,unrounded_strict,wholly_unseen,laplace,beta_half_half,20.0,retention_nonnegative,0.01,1f1b4550b11567210be099e5e8f23c1b72b79e1c4aed3fa9105a98c03db496ed,af3d1f3172d9d092567b1a7134cae3dfa83a1d881b829a5ad807b199587a51d7,90,-0.6304332278915534,0.01
4,2,unrounded_strict,wholly_unseen,laplace,beta_half_half,20.0,retention_nonnegative,0.1,1f1b4550b11567210be099e5e8f23c1b72b79e1c4aed3fa9105a98c03db496ed,5a1ae39f21384fcce04e4bc1e089a1a79201efe7f9c2507586419fcad3af7952,90,-0.7009966352761837,0.01
4,0,unrounded_strict,wholly_unseen,laplace,beta_half_half,20.0,current_only,0.0,d7e905532c95f9426e74fa022aa47b1e986c5aaf21cb55aa8b8416bab686337f,82f5875acfdf200ddb733f60d4f3867a271f0ee3cc35ede0527eb289b8dbaad0,91,-0.9136783905681565,0.1
4,0,unrounded_strict,wholly_unseen,laplace,beta_half_half,20.0,current_only,0.0001,d7e905532c95f9426e74fa022aa47b1e986c5aaf21cb55aa8b8416bab686337f,54186f21641ca670061b0751a0be32cd0902105132f9ff8d94a3de8a0e899755,91,-0.9134423471153262,0.1
4,0,unrounded_strict,wholly_unseen,laplace,beta_half_half,20.0,current_only,0.001,d7e905532c95f9426e74fa022aa47b1e986c5aaf21cb55aa8b8416bab686337f,3d6f2210dc2631d5acc0f974263eef9f3e66347daf44922f0f3fbe4b20e4dd05,91,-0.9114112527588897,0.1
4,0,unrounded_strict,wholly_unseen,laplace,beta_half_half,20.0,current_only,0.01,d7e905532c95f9426e74fa022aa47b1e986c5aaf21cb55aa8b8416bab686337f,750e62bc3f1e6968cfa0305a718f1d0a1a65be6fab8e64a20f0c217e017c973c,91,-0.8974940167696068,0.1
4,0,unrounded_strict,wholly_unseen,laplace,beta_half_half,20.0,current_only,0.1,d7e905532c95f9426e74fa022aa47b1e986c5aaf21cb55aa8b8416bab686337f,d495588c53b2d9f577ef4ecbeade321a3a2be4a1ff14a43dee1ee7a5859ffb28,91,-0.8913014879550528,0.1
4,1,unrounded_strict,wholly_unseen,laplace,beta_half_half,20.0,current_only,0.0,a1facf9fdd8bd28031b4ce2e94ac3a60bfd00e883f65df0e1c9a47974e352ae6,94323ad4f5681c25b5ae440c92a55347636f60b7dc1e1477713eb6c533d7bc08,90,-0.9136783905681565,0.1
4,1,unrounded_strict,wholly_unseen,laplace,beta_half_half,20.0,current_only,0.0001,a1facf9fdd8bd28031b4ce2e94ac3a60bfd00e883f65df0e1c9a47974e352ae6,8fa40cfaf7c069d0ddf92e5113151f0ec02ef93990408249cdafff595c0bacbf,90,-0.9134423471153262,0.1
4,1,unrounded_strict,wholly_unseen,laplace,beta_half_half,20.0,current_only,0.001,a1facf9fdd8bd28031b4ce2e94ac3a60bfd00e883f65df0e1c9a47974e352ae6,d5aa6ece9cff1487b0558c4332a4ab78f6d12c9fae022218389bf499c880eb12,90,-0.9114112527588897,0.1
4,1,unrounded_strict,wholly_unseen,laplace,beta_half_half,20.0,current_only,0.01,a1facf9fdd8bd28031b4ce2e94ac3a60bfd00e883f65df0e1c9a47974e352ae6,7ebbd7a8503b3487ff1244a01cd0248c45acc79db92d9dc6d8cc76d6bfb63fc9,90,-0.8974940167696068,0.1
4,1,unrounded_strict,wholly_unseen,laplace,beta_half_half,20.0,current_only,0.1,a1facf9fdd8bd28031b4ce2e94ac3a60bfd00e883f65df0e1c9a47974e352ae6,dd7b74685974fe310abbbbce849567d71aa94e964c5acba7bf9e04b73f1362f5,90,-0.8913014879550528,0.1
4,2,unrounded_strict,wholly_unseen,laplace,beta_half_half,20.0,current_only,0.0,1f1b4550b11567210be099e5e8f23c1b72b79e1c4aed3fa9105a98c03db496ed,deabb63a7d83b0cc90a31932179131bcac48a5c18d1dfbf6efb27217283070b1,90,-0.9136783905681565,0.1
4,2,unrounded_strict,wholly_unseen,laplace,beta_half_half,20.0,current_only,0.0001,1f1b4550b11567210be099e5e8f23c1b72b79e1c4aed3fa9105a98c03db496ed,e4f429930864d2174c815cd7e77ed48ab6bd5b48e2a0c9332f940a2c5bd98de2,90,-0.9134423471153262,0.1
4,2,unrounded_strict,wholly_unseen,laplace,beta_half_half,20.0,current_only,0.001,1f1b4550b11567210be099e5e8f23c1b72b79e1c4aed3fa9105a98c03db496ed,eaaf56dac4a2d2d4aaa98fa5ade57308fa3dbb952736fb168a579da7420c5c4d,90,-0.9114112527588897,0.1
4,2,unrounded_strict,wholly_unseen,laplace,beta_half_half,20.0,current_only,0.01,1f1b4550b11567210be099e5e8f23c1b72b79e1c4aed3fa9105a98c03db496ed,c9b8299b7e68e39fb454b4890906651d9707854030acddc8d0f865003d163026,90,-0.8974940167696068,0.1
4,2,unrounded_strict,wholly_unseen,laplace,beta_half_half,20.0,current_only,0.1,1f1b4550b11567210be099e5e8f23c1b72b79e1c4aed3fa9105a98c03db496ed,b8e4fd6c3d10771f78f79d58ead56e1eb4d0e3b67488661dd98c2ddf625b2c19,90,-0.8913014879550528,0.1
4,0,unrounded_strict,wholly_unseen,laplace,beta_half_half,20.0,input_plus_surface,0.0,d7e905532c95f9426e74fa022aa47b1e986c5aaf21cb55aa8b8416bab686337f,3a2d99ee1bef8eac5f2d051e744f62c710073e0043b5ad29af7d85d9597195c2,91,-0.6497610147266843,0.01
4,0,unrounded_strict,wholly_unseen,laplace,beta_half_half,20.0,input_plus_surface,0.0001,d7e905532c95f9426e74fa022aa47b1e986c5aaf21cb55aa8b8416bab686337f,9e3cb65a58f9321c090e28cf644d237c89b60cc052b8eb7bb6b447405ac80cd0,91,-0.6476612226857887,0.01
4,0,unrounded_strict,wholly_unseen,laplace,beta_half_half,20.0,input_plus_surface,0.001,d7e905532c95f9426e74fa022aa47b1e986c5aaf21cb55aa8b8416bab686337f,73ff9afaae8190bd075c464e3525b1e596df3c1273657c7a86eb3a32bbda58c2,91,-0.6339429290322857,0.01
4,0,unrounded_strict,wholly_unseen,laplace,beta_half_half,20.0,input_plus_surface,0.01,d7e905532c95f9426e74fa022aa47b1e986c5aaf21cb55aa8b8416bab686337f,429d0816a721c70a7ad1594b7d0ab5160067d89658bf5d39fd61f66490f926c6,91,-0.6028216929250094,0.01
4,0,unrounded_strict,wholly_unseen,laplace,beta_half_half,20.0,input_plus_surface,0.1,d7e905532c95f9426e74fa022aa47b1e986c5aaf21cb55aa8b8416bab686337f,44f6d0ddf62cce691d16f880dba18401bf8f5707f186d4edbd14723f159d7012,91,-0.6585732665397389,0.01
4,1,unrounded_strict,wholly_unseen,laplace,beta_half_half,20.0,input_plus_surface,0.0,a1facf9fdd8bd28031b4ce2e94ac3a60bfd00e883f65df0e1c9a47974e352ae6,2d9f9d4eba068c45ee00328e9a9ec2660a1c61b7be242b5c098a252b93d26269,90,-0.6497610147266843,0.01
4,1,unrounded_strict,wholly_unseen,laplace,beta_half_half,20.0,input_plus_surface,0.0001,a1facf9fdd8bd28031b4ce2e94ac3a60bfd00e883f65df0e1c9a47974e352ae6,295a5c0a399f6462e2b88c9d2aeeeba350384a8ff1127667023c55901a1f9f77,90,-0.6476612226857887,0.01
4,1,unrounded_strict,wholly_unseen,laplace,beta_half_half,20.0,input_plus_surface,0.001,a1facf9fdd8bd28031b4ce2e94ac3a60bfd00e883f65df0e1c9a47974e352ae6,cf5fb364458c2dbccbeaa77feeeec4c97955e48e00e40e8a8c109492468504cf,90,-0.6339429290322857,0.01
4,1,unrounded_strict,wholly_unseen,laplace,beta_half_half,20.0,input_plus_surface,0.01,a1facf9fdd8bd28031b4ce2e94ac3a60bfd00e883f65df0e1c9a47974e352ae6,5b913f2685871115fdab41a7a03030f8e588ca1d79194a409dc46b3944a9a34c,90,-0.6028216929250094,0.01
4,1,unrounded_strict,wholly_unseen,laplace,beta_half_half,20.0,input_plus_surface,0.1,a1facf9fdd8bd28031b4ce2e94ac3a60bfd00e883f65df0e1c9a47974e352ae6,2f9d61e6f888d0128b3d7b7ff12d437277e33c8571fc7f5702d3dcf2118a24c8,90,-0.6585732665397389,0.01
4,2,unrounded_strict,wholly_unseen,laplace,beta_half_half,20.0,input_plus_surface,0.0,1f1b4550b11567210be099e5e8f23c1b72b79e1c4aed3fa9105a98c03db496ed,a7f5bdb5872eea86dfc57bb8406c81ecedda2c4f3c66c1475e086b7add6e80be,90,-0.6497610147266843,0.01
4,2,unrounded_strict,wholly_unseen,laplace,beta_half_half,20.0,input_plus_surface,0.0001,1f1b4550b11567210be099e5e8f23c1b72b79e1c4aed3fa9105a98c03db496ed,6ae3ee58161609ed9c0343af8d9c81b89f85772f8912f21c567358a8c5b90ce3,90,-0.6476612226857887,0.01
4,2,unrounded_strict,wholly_unseen,laplace,beta_half_half,20.0,input_plus_surface,0.001,1f1b4550b11567210be099e5e8f23c1b72b79e1c4aed3fa9105a98c03db496ed,d307166aafbca9e88164811295587e516b170452b517f6e430f3b0d0f0efe1a9,90,-0.6339429290322857,0.01
4,2,unrounded_strict,wholly_unseen,laplace,beta_half_half,20.0,input_plus_surface,0.01,1f1b4550b11567210be099e5e8f23c1b72b79e1c4aed3fa9105a98c03db496ed,5eeaffed236d765c7fd5efeff6099257dc01acfe7d3b9b7ada9113d2377c67f2,90,-0.6028216929250094,0.01
4,2,unrounded_strict,wholly_unseen,laplace,beta_half_half,20.0,input_plus_surface,0.1,1f1b4550b11567210be099e5e8f23c1b72b79e1c4aed3fa9105a98c03db496ed,cb7890a3701a7cc792f3438d11c38b9ae9e323099a9d86b820d197d4dc826191,90,-0.6585732665397389,0.01
4,0,unrounded_strict,wholly_unseen,laplace,beta_half_half,20.0,HU_plus_surface,0.0,d7e905532c95f9426e74fa022aa47b1e986c5aaf21cb55aa8b8416bab686337f,0523c7e3d448ba9d65864d71b60f7d102035d47f12c74d38cb38714528795a70,91,-0.6317716801412517,0.01
4,0,unrounded_strict,wholly_unseen,laplace,beta_half_half,20.0,HU_plus_surface,0.0001,d7e905532c95f9426e74fa022aa47b1e986c5aaf21cb55aa8b8416bab686337f,aa0fbb83e700d8726dcf6507785a2b3e725d24aaa6fa9afbed0ea5d7959cd47f,91,-0.6284431189718944,0.01
4,0,unrounded_strict,wholly_unseen,laplace,beta_half_half,20.0,HU_plus_surface,0.001,d7e905532c95f9426e74fa022aa47b1e986c5aaf21cb55aa8b8416bab686337f,55a16f27ab1b28289eb1f2747606efafa58990ad2b37fa0814bd059dcb66e175,91,-0.6097682233080624,0.01
4,0,unrounded_strict,wholly_unseen,laplace,beta_half_half,20.0,HU_plus_surface,0.01,d7e905532c95f9426e74fa022aa47b1e986c5aaf21cb55aa8b8416bab686337f,998132affb3553346c45552ef4204d5ea1220de866966ee463b35573149d4ab4,91,-0.5790900040146517,0.01
4,0,unrounded_strict,wholly_unseen,laplace,beta_half_half,20.0,HU_plus_surface,0.1,d7e905532c95f9426e74fa022aa47b1e986c5aaf21cb55aa8b8416bab686337f,b8b3f4c64521fb1da8c2cc1892db609ca9e60d5bfaf496408a2f33008a92641e,91,-0.64646954015725,0.01
4,1,unrounded_strict,wholly_unseen,laplace,beta_half_half,20.0,HU_plus_surface,0.0,a1facf9fdd8bd28031b4ce2e94ac3a60bfd00e883f65df0e1c9a47974e352ae6,4cf8c95c913368421b757c97282dc653cf6d2c0ce92107918bd68766db50465e,90,-0.6317716801412517,0.01
4,1,unrounded_strict,wholly_unseen,laplace,beta_half_half,20.0,HU_plus_surface,0.0001,a1facf9fdd8bd28031b4ce2e94ac3a60bfd00e883f65df0e1c9a47974e352ae6,c15cb2fc457f297267ca1f98299c84c6e5ce4a34a59df0ee2cc16fdac1f91ee5,90,-0.6284431189718944,0.01
4,1,unrounded_strict,wholly_unseen,laplace,beta_half_half,20.0,HU_plus_surface,0.001,a1facf9fdd8bd28031b4ce2e94ac3a60bfd00e883f65df0e1c9a47974e352ae6,d81ad42b296d63a7eb2c40fc4c1d29d7ba67e299c18909a15ab3fa2b8b753ae3,90,-0.6097682233080624,0.01
4,1,unrounded_strict,wholly_unseen,laplace,beta_half_half,20.0,HU_plus_surface,0.01,a1facf9fdd8bd28031b4ce2e94ac3a60bfd00e883f65df0e1c9a47974e352ae6,57eb4eea96c0d0616b68fa3d7d087acdfc38a3478b849f81a3ec334fd6b64be4,90,-0.5790900040146517,0.01
4,1,unrounded_strict,wholly_unseen,laplace,beta_half_half,20.0,HU_plus_surface,0.1,a1facf9fdd8bd28031b4ce2e94ac3a60bfd00e883f65df0e1c9a47974e352ae6,85cad39e5d9f30fddb14cc1c9fb35add887252990c0929225ba1e08817c49cf9,90,-0.64646954015725,0.01
4,2,unrounded_strict,wholly_unseen,laplace,beta_half_half,20.0,HU_plus_surface,0.0,1f1b4550b11567210be099e5e8f23c1b72b79e1c4aed3fa9105a98c03db496ed,eb9f5b678555dd069c6c4a97b87c52eaec19575bf93714d7dcd7e2c6d586b807,90,-0.6317716801412517,0.01
4,2,unrounded_strict,wholly_unseen,laplace,beta_half_half,20.0,HU_plus_surface,0.0001,1f1b4550b11567210be099e5e8f23c1b72b79e1c4aed3fa9105a98c03db496ed,6694b2b787e195b5139c0a3f5616955dfb5deda92d973139864bfc96aac370c2,90,-0.6284431189718944,0.01
4,2,unrounded_strict,wholly_unseen,laplace,beta_half_half,20.0,HU_plus_surface,0.001,1f1b4550b11567210be099e5e8f23c1b72b79e1c4aed3fa9105a98c03db496ed,5216520c35f9c85f90d2d766c165d3426460fbdca4aac77ac782b5e1d17b2895,90,-0.6097682233080624,0.01
4,2,unrounded_strict,wholly_unseen,laplace,beta_half_half,20.0,HU_plus_surface,0.01,1f1b4550b11567210be099e5e8f23c1b72b79e1c4aed3fa9105a98c03db496ed,64dc6f04211d6d2c87d33c1d00ae15b3eab4d732e709491049661bafca78de4d,90,-0.5790900040146517,0.01
4,2,unrounded_strict,wholly_unseen,laplace,beta_half_half,20.0,HU_plus_surface,0.1,1f1b4550b11567210be099e5e8f23c1b72b79e1c4aed3fa9105a98c03db496ed,926d2b11f3b6baecb8d7cb09de3b435208dee2a6d184f8008e1248a2fce63d31,90,-0.64646954015725,0.01
4,0,unrounded_strict,wholly_unseen,laplace,beta_half_half,20.0,retention_bounded_plus_HU,0.0,d7e905532c95f9426e74fa022aa47b1e986c5aaf21cb55aa8b8416bab686337f,a8fddcd685861c7ae9b0b3ea1888f0ebd4672b83ee2abf51b92dec7b6e0283d1,91,-0.6474894246097723,0.01
4,0,unrounded_strict,wholly_unseen,laplace,beta_half_half,20.0,retention_bounded_plus_HU,0.0001,d7e905532c95f9426e74fa022aa47b1e986c5aaf21cb55aa8b8416bab686337f,fdea0f4adae788a2e3f94be1acbdcb16350bf79be14997e1b8c1350bd6b1dad1,91,-0.644078652051338,0.01
4,0,unrounded_strict,wholly_unseen,laplace,beta_half_half,20.0,retention_bounded_plus_HU,0.001,d7e905532c95f9426e74fa022aa47b1e986c5aaf21cb55aa8b8416bab686337f,266f4401ee1a34356fbfdb2d5ec195bf3ad1fba9265575f13ec57ba39e214999,91,-0.6230553954163616,0.01
4,0,unrounded_strict,wholly_unseen,laplace,beta_half_half,20.0,retention_bounded_plus_HU,0.01,d7e905532c95f9426e74fa022aa47b1e986c5aaf21cb55aa8b8416bab686337f,b8976718277e294c51b5f787c84881f74701589c0e73220eaf51d820088ab4ea,91,-0.5965764869082402,0.01
4,0,unrounded_strict,wholly_unseen,laplace,beta_half_half,20.0,retention_bounded_plus_HU,0.1,d7e905532c95f9426e74fa022aa47b1e986c5aaf21cb55aa8b8416bab686337f,243fff7b2d27e823da1918ce2808d688721e407cf21aae54a575e7311b57b2e1,91,-0.6115420692123978,0.01
4,1,unrounded_strict,wholly_unseen,laplace,beta_half_half,20.0,retention_bounded_plus_HU,0.0,a1facf9fdd8bd28031b4ce2e94ac3a60bfd00e883f65df0e1c9a47974e352ae6,6081020207379cdb5540568101143cb3c82fdb82fa9bdbc0000fe1b8a8d447e6,90,-0.6474894246097723,0.01
4,1,unrounded_strict,wholly_unseen,laplace,beta_half_half,20.0,retention_bounded_plus_HU,0.0001,a1facf9fdd8bd28031b4ce2e94ac3a60bfd00e883f65df0e1c9a47974e352ae6,d3fbae1c90a7187c545dbd52768f0892e3681b835e314a27af5bff96032d7633,90,-0.644078652051338,0.01
4,1,unrounded_strict,wholly_unseen,laplace,beta_half_half,20.0,retention_bounded_plus_HU,0.001,a1facf9fdd8bd28031b4ce2e94ac3a60bfd00e883f65df0e1c9a47974e352ae6,c64dd6360943ad583d722f2c4d82b35168fbfc5a8ceee081a48b9d35a3f329bb,90,-0.6230553954163616,0.01
4,1,unrounded_strict,wholly_unseen,laplace,beta_half_half,20.0,retention_bounded_plus_HU,0.01,a1facf9fdd8bd28031b4ce2e94ac3a60bfd00e883f65df0e1c9a47974e352ae6,14fed8ee268bf1b4cab0ed8b1269ac9f260f7208d16ce5e869d6be8a646b715f,90,-0.5965764869082402,0.01
4,1,unrounded_strict,wholly_unseen,laplace,beta_half_half,20.0,retention_bounded_plus_HU,0.1,a1facf9fdd8bd28031b4ce2e94ac3a60bfd00e883f65df0e1c9a47974e352ae6,b8456137b8e08dbdf773fd3dcffd78dabad1ff6423e81e373ad29b1e630ada78,90,-0.6115420692123978,0.01
4,2,unrounded_strict,wholly_unseen,laplace,beta_half_half,20.0,retention_bounded_plus_HU,0.0,1f1b4550b11567210be099e5e8f23c1b72b79e1c4aed3fa9105a98c03db496ed,6879d19ebb85aa0f5c718e50f20d6634b5d409eff01132db8498e596820effbc,90,-0.6474894246097723,0.01
4,2,unrounded_strict,wholly_unseen,laplace,beta_half_half,20.0,retention_bounded_plus_HU,0.0001,1f1b4550b11567210be099e5e8f23c1b72b79e1c4aed3fa9105a98c03db496ed,b26e1a8f117bcbd5c77d1e2be4344e2144479bf3a9de46e6d7f94b64e4667372,90,-0.644078652051338,0.01
4,2,unrounded_strict,wholly_unseen,laplace,beta_half_half,20.0,retention_bounded_plus_HU,0.001,1f1b4550b11567210be099e5e8f23c1b72b79e1c4aed3fa9105a98c03db496ed,d7899ba7ace0b0264849e28ef52dcfce9437be2695e8ea0c97976179bb2fc487,90,-0.6230553954163616,0.01
4,2,unrounded_strict,wholly_unseen,laplace,beta_half_half,20.0,retention_bounded_plus_HU,0.01,1f1b4550b11567210be099e5e8f23c1b72b79e1c4aed3fa9105a98c03db496ed,05150505c7e3312198115efde43d4a4f818e44c41a7b27d1099f5cc4301a516d,90,-0.5965764869082402,0.01
4,2,unrounded_strict,wholly_unseen,laplace,beta_half_half,20.0,retention_bounded_plus_HU,0.1,1f1b4550b11567210be099e5e8f23c1b72b79e1c4aed3fa9105a98c03db496ed,ef43bdf26a4539ca719caae4bf3258f64167d96a474d21a5289bac9991728933,90,-0.6115420692123978,0.01
4,0,unrounded_strict,wholly_unseen,gh80,beta_half_half,20.0,HU_plus_surface,0.0,d7e905532c95f9426e74fa022aa47b1e986c5aaf21cb55aa8b8416bab686337f,877bfb02856bbd3b7c595a958a5b5afafed19cef501f5862675034f834857a8e,91,-0.6266496518204119,0.01
4,0,unrounded_strict,wholly_unseen,gh80,beta_half_half,20.0,HU_plus_surface,0.0001,d7e905532c95f9426e74fa022aa47b1e986c5aaf21cb55aa8b8416bab686337f,cdcb99c347a07aee5fa6e05c02224e5ee3fd0c10eee04c06567a83be57dd621c,91,-0.6235752147878534,0.01
4,0,unrounded_strict,wholly_unseen,gh80,beta_half_half,20.0,HU_plus_surface,0.001,d7e905532c95f9426e74fa022aa47b1e986c5aaf21cb55aa8b8416bab686337f,490a77a701147ea6b5d7f5c1bfedd0066023ce388b16af499a0b90e024c9013f,91,-0.6060942637947137,0.01
4,0,unrounded_strict,wholly_unseen,gh80,beta_half_half,20.0,HU_plus_surface,0.01,d7e905532c95f9426e74fa022aa47b1e986c5aaf21cb55aa8b8416bab686337f,26bcf99a331cef5a431280e8b7fe87bab1d129cb48f9c50da8d43e9956032f32,91,-0.5782835868343903,0.01
4,0,unrounded_strict,wholly_unseen,gh80,beta_half_half,20.0,HU_plus_surface,0.1,d7e905532c95f9426e74fa022aa47b1e986c5aaf21cb55aa8b8416bab686337f,630104e7a2393efb951eceb19566bacdbada7437eea618343e04c0a497d95d5b,91,-0.64861293320603,0.01
4,1,unrounded_strict,wholly_unseen,gh80,beta_half_half,20.0,HU_plus_surface,0.0,a1facf9fdd8bd28031b4ce2e94ac3a60bfd00e883f65df0e1c9a47974e352ae6,873ad9de1751ce94157c362fbcf650d7ff99294d68fcb50498def9826574a7c6,90,-0.6266496518204119,0.01
4,1,unrounded_strict,wholly_unseen,gh80,beta_half_half,20.0,HU_plus_surface,0.0001,a1facf9fdd8bd28031b4ce2e94ac3a60bfd00e883f65df0e1c9a47974e352ae6,c2bf84a49ad7469faaccff8fc755a5c588f9bc91b6310e2d250b52e550fe0f78,90,-0.6235752147878534,0.01
4,1,unrounded_strict,wholly_unseen,gh80,beta_half_half,20.0,HU_plus_surface,0.001,a1facf9fdd8bd28031b4ce2e94ac3a60bfd00e883f65df0e1c9a47974e352ae6,319c946788255a994c0e4c1170b36c408e1353fc54db2b36bedaa2d2be17968d,90,-0.6060942637947137,0.01
4,1,unrounded_strict,wholly_unseen,gh80,beta_half_half,20.0,HU_plus_surface,0.01,a1facf9fdd8bd28031b4ce2e94ac3a60bfd00e883f65df0e1c9a47974e352ae6,5e6e55eab190086bb2b2ffe4cdccb593a79b2325b041e62f1388beb635ef5851,90,-0.5782835868343903,0.01
4,1,unrounded_strict,wholly_unseen,gh80,beta_half_half,20.0,HU_plus_surface,0.1,a1facf9fdd8bd28031b4ce2e94ac3a60bfd00e883f65df0e1c9a47974e352ae6,d65b95e77e4bea39e862bde594c40f14be9ab85a1449357750e48b642edd4e15,90,-0.64861293320603,0.01
4,2,unrounded_strict,wholly_unseen,gh80,beta_half_half,20.0,HU_plus_surface,0.0,1f1b4550b11567210be099e5e8f23c1b72b79e1c4aed3fa9105a98c03db496ed,dad29f2cc5098955e9999acb0daffb2663043c6542566a3a9db775016c278b81,90,-0.6266496518204119,0.01
4,2,unrounded_strict,wholly_unseen,gh80,beta_half_half,20.0,HU_plus_surface,0.0001,1f1b4550b11567210be099e5e8f23c1b72b79e1c4aed3fa9105a98c03db496ed,b5d616c9d24253103d116f7360631fb691b670d61a02c8e4948a25854f392f1d,90,-0.6235752147878534,0.01
4,2,unrounded_strict,wholly_unseen,gh80,beta_half_half,20.0,HU_plus_surface,0.001,1f1b4550b11567210be099e5e8f23c1b72b79e1c4aed3fa9105a98c03db496ed,984eb20ff36c62797c29360e47852fd5791e1f8db6f1fb45b18f4d7c3bc878a7,90,-0.6060942637947137,0.01
4,2,unrounded_strict,wholly_unseen,gh80,beta_half_half,20.0,HU_plus_surface,0.01,1f1b4550b11567210be099e5e8f23c1b72b79e1c4aed3fa9105a98c03db496ed,fb54949e5db10591dacb43174127f1af43124baf9cc02929185fd04a2ddaba66,90,-0.5782835868343903,0.01
4,2,unrounded_strict,wholly_unseen,gh80,beta_half_half,20.0,HU_plus_surface,0.1,1f1b4550b11567210be099e5e8f23c1b72b79e1c4aed3fa9105a98c03db496ed,fde4483c47c04176a3faab399f6ff1a91e0bab26284acd35ecc8ef1108122d66,90,-0.64861293320603,0.01
4,0,unrounded_strict,wholly_unseen,gh80,beta_half_half,20.0,retention_bounded_plus_HU,0.0,d7e905532c95f9426e74fa022aa47b1e986c5aaf21cb55aa8b8416bab686337f,2146981eccdadad612d9b8de7b69ec68248b882fafc1e9e589bee6e8d7099e5f,91,-0.6398921476904108,0.01
4,0,unrounded_strict,wholly_unseen,gh80,beta_half_half,20.0,retention_bounded_plus_HU,0.0001,d7e905532c95f9426e74fa022aa47b1e986c5aaf21cb55aa8b8416bab686337f,fa5ba58464c8900655c1b39e9ed63be655aeefb0abcb86227c1c1d6314f131a1,91,-0.6374085490946988,0.01
4,0,unrounded_strict,wholly_unseen,gh80,beta_half_half,20.0,retention_bounded_plus_HU,0.001,d7e905532c95f9426e74fa022aa47b1e986c5aaf21cb55aa8b8416bab686337f,a8283690b50ba9e3ed5122cc3029b510897c94cd0666b9e9504ffa97e8eb4119,91,-0.620910766654634,0.01
4,0,unrounded_strict,wholly_unseen,gh80,beta_half_half,20.0,retention_bounded_plus_HU,0.01,d7e905532c95f9426e74fa022aa47b1e986c5aaf21cb55aa8b8416bab686337f,9a64e448a6b6114fb750b51945fefe5462c4806a5f2114b4e6e0daa498d09de4,91,-0.598771989448819,0.01
4,0,unrounded_strict,wholly_unseen,gh80,beta_half_half,20.0,retention_bounded_plus_HU,0.1,d7e905532c95f9426e74fa022aa47b1e986c5aaf21cb55aa8b8416bab686337f,a9d263751f754a719275ca23f02411c9317dfb5d575db35b622b350fd3e7c5e3,91,-0.613514500834425,0.01
4,1,unrounded_strict,wholly_unseen,gh80,beta_half_half,20.0,retention_bounded_plus_HU,0.0,a1facf9fdd8bd28031b4ce2e94ac3a60bfd00e883f65df0e1c9a47974e352ae6,b3251fe07ab37f8704d7a0bf6371c192f5554d6d05147cbb86bc3094de428842,90,-0.6398921476904108,0.01
4,1,unrounded_strict,wholly_unseen,gh80,beta_half_half,20.0,retention_bounded_plus_HU,0.0001,a1facf9fdd8bd28031b4ce2e94ac3a60bfd00e883f65df0e1c9a47974e352ae6,e6ee395d5b9169693e045a7b6e8a70040ff186511d35f5eb30be47b1625177a8,90,-0.6374085490946988,0.01
4,1,unrounded_strict,wholly_unseen,gh80,beta_half_half,20.0,retention_bounded_plus_HU,0.001,a1facf9fdd8bd28031b4ce2e94ac3a60bfd00e883f65df0e1c9a47974e352ae6,ba69b201047b7fc685cd8516370ba719bee26e10b690d7d09631b032889c4223,90,-0.620910766654634,0.01
4,1,unrounded_strict,wholly_unseen,gh80,beta_half_half,20.0,retention_bounded_plus_HU,0.01,a1facf9fdd8bd28031b4ce2e94ac3a60bfd00e883f65df0e1c9a47974e352ae6,855692a0bf04bee93a5434ebe624070c3967e44f485c8e66fe9a701424f5c9ac,90,-0.598771989448819,0.01
4,1,unrounded_strict,wholly_unseen,gh80,beta_half_half,20.0,retention_bounded_plus_HU,0.1,a1facf9fdd8bd28031b4ce2e94ac3a60bfd00e883f65df0e1c9a47974e352ae6,0e43c8c15a568e81c42be552ac3e60da8d88de7487944c8f7d7652c2e0c6ea53,90,-0.613514500834425,0.01
4,2,unrounded_strict,wholly_unseen,gh80,beta_half_half,20.0,retention_bounded_plus_HU,0.0,1f1b4550b11567210be099e5e8f23c1b72b79e1c4aed3fa9105a98c03db496ed,2642cf7f933c6d936178163ff1e3bb4b734e4f61ec2496a2c93d5ebf6115fc6a,90,-0.6398921476904108,0.01
4,2,unrounded_strict,wholly_unseen,gh80,beta_half_half,20.0,retention_bounded_plus_HU,0.0001,1f1b4550b11567210be099e5e8f23c1b72b79e1c4aed3fa9105a98c03db496ed,06af1045bd3a95e24c81af8f1667087c6a1ea3a37ab37e9b5d4e828129eb0cc4,90,-0.6374085490946988,0.01
4,2,unrounded_strict,wholly_unseen,gh80,beta_half_half,20.0,retention_bounded_plus_HU,0.001,1f1b4550b11567210be099e5e8f23c1b72b79e1c4aed3fa9105a98c03db496ed,a8abed6df51bedfd047e19e171cf0589acd7263210c8caa244d5fa5f985c0b6a,90,-0.620910766654634,0.01
4,2,unrounded_strict,wholly_unseen,gh80,beta_half_half,20.0,retention_bounded_plus_HU,0.01,1f1b4550b11567210be099e5e8f23c1b72b79e1c4aed3fa9105a98c03db496ed,3a49416043d7fe29fab4a38f4f90d11b7d3f6bed9f32a37a18bb8eca2808dbc4,90,-0.598771989448819,0.01
4,2,unrounded_strict,wholly_unseen,gh80,beta_half_half,20.0,retention_bounded_plus_HU,0.1,1f1b4550b11567210be099e5e8f23c1b72b79e1c4aed3fa9105a98c03db496ed,afa5a73885d9b614c97d5522cc797f89c5b904362c1e01651fbb50a1b663d54c,90,-0.613514500834425,0.01
