outer_fold,inner_fold,analysis_variant,information_protocol,approximation,rho_prior,hu_tau,model,alpha,training_block_hash,grammar_fit_hash,validation_scoreable_roots,pooled_root_balanced_mean_log_density,selected_alpha
0,0,all_strict,side_informed,laplace,uniform,20.0,retention_bounded,0.0,ff71152f04ff3c17c4f535bdcd272443a47086eca1b6c90e413744cda8c3d050,d0bacc73129ee91b226e42283be005788f1ff86fe1035aee6d3710a04f551637,139,-0.32340664382392736,0.01
0,0,all_strict,side_informed,laplace,uniform,20.0,retention_bounded,0.0001,ff71152f04ff3c17c4f535bdcd272443a47086eca1b6c90e413744cda8c3d050,b612116eaf83e16815430e3ad5576c49c59f279670ad21d5d607266c49860eee,139,-0.3223844974192554,0.01
0,0,all_strict,side_informed,laplace,uniform,20.0,retention_bounded,0.001,ff71152f04ff3c17c4f535bdcd272443a47086eca1b6c90e413744cda8c3d050,c3d9ed906c563af6a02b5c0405343c84c7f7ea7fcb9b63568d46c89b2bc4d882,139,-0.3154163899840497,0.01
0,0,all_strict,side_informed,laplace,uniform,20.0,retention_bounded,0.01,ff71152f04ff3c17c4f535bdcd272443a47086eca1b6c90e413744cda8c3d050,649fd71601b23c6b7b3cd101070dfac25eac3622838118c2a68f62a3191442a7,139,-0.29641707685140506,0.01
0,0,all_strict,side_informed,laplace,uniform,20.0,retention_bounded,0.1,ff71152f04ff3c17c4f535bdcd272443a47086eca1b6c90e413744cda8c3d050,93128b8e3ec8266b87da63956ab21a2214c54fd8b7a23e0209580301767c8f33,139,-0.33842838548746995,0.01
0,1,all_strict,side_informed,laplace,uniform,20.0,retention_bounded,0.0,27a3bb4a6140f901a59aa471a99c58258a97e252dc1e140d0e5312309b75b41b,828e643049a72509d8250c59b59e09a8baf868f63bb8a22702fdb8dba576b614,136,-0.32340664382392736,0.01
0,1,all_strict,side_informed,laplace,uniform,20.0,retention_bounded,0.0001,27a3bb4a6140f901a59aa471a99c58258a97e252dc1e140d0e5312309b75b41b,453dd4b86822d63fac4db5fa9bec552f961ea1a5c1c3eb94239591a2754cec13,136,-0.3223844974192554,0.01
0,1,all_strict,side_informed,laplace,uniform,20.0,retention_bounded,0.001,27a3bb4a6140f901a59aa471a99c58258a97e252dc1e140d0e5312309b75b41b,ccc95d06dd1487873cbb68e5d4dc8c94ccdc2a80852e8243a00defa409ec89ce,136,-0.3154163899840497,0.01
0,1,all_strict,side_informed,laplace,uniform,20.0,retention_bounded,0.01,27a3bb4a6140f901a59aa471a99c58258a97e252dc1e140d0e5312309b75b41b,64b3c5e7802c1dcd46bde698b4d6b8c73809ae9df0b56a331c702fea458b2d9a,136,-0.29641707685140506,0.01
0,1,all_strict,side_informed,laplace,uniform,20.0,retention_bounded,0.1,27a3bb4a6140f901a59aa471a99c58258a97e252dc1e140d0e5312309b75b41b,430161362b40ac2e675c7b763c04b4720509cf928a204703a208e09dc3431797,136,-0.33842838548746995,0.01
0,2,all_strict,side_informed,laplace,uniform,20.0,retention_bounded,0.0,c3a17ae49362d3af3c889169dd61b790e7c0ea833118c8eb2e1b2cc8668b3073,e7314ed7245bf3901d19ef26a76c2668b6b133e3a20cca4f5e043d3afb461621,138,-0.32340664382392736,0.01
0,2,all_strict,side_informed,laplace,uniform,20.0,retention_bounded,0.0001,c3a17ae49362d3af3c889169dd61b790e7c0ea833118c8eb2e1b2cc8668b3073,e3dc463d150a50e32732f625b0a5c27b35e644b56c553393712f90de797da4fd,138,-0.3223844974192554,0.01
0,2,all_strict,side_informed,laplace,uniform,20.0,retention_bounded,0.001,c3a17ae49362d3af3c889169dd61b790e7c0ea833118c8eb2e1b2cc8668b3073,70b841f1788eed5616c1a3cd6e4fab59123c8a8a9ad3e15e6d5094cc8b9005a4,138,-0.3154163899840497,0.01
0,2,all_strict,side_informed,laplace,uniform,20.0,retention_bounded,0.01,c3a17ae49362d3af3c889169dd61b790e7c0ea833118c8eb2e1b2cc8668b3073,7dd7f6f5f4a78fe4cf208444b5a3a29a7a2fd0d221deae445ceabe11a40b3060,138,-0.29641707685140506,0.01
0,2,all_strict,side_informed,laplace,uniform,20.0,retention_bounded,0.1,c3a17ae49362d3af3c889169dd61b790e7c0ea833118c8eb2e1b2cc8668b3073,6aef960374a1da0cce0a1c25f7031ce1b80e7760aa5b18325fdc8a9247c118ac,138,-0.33842838548746995,0.01
0,0,all_strict,side_informed,laplace,uniform,20.0,retention_nonnegative,0.0,ff71152f04ff3c17c4f535bdcd272443a47086eca1b6c90e413744cda8c3d050,e93175cbe294766246c39afd2bf021e2791052e30b5cb6430abec9e7f7ddf1fe,139,-0.32340664588966406,0.01
0,0,all_strict,side_informed,laplace,uniform,20.0,retention_nonnegative,0.0001,ff71152f04ff3c17c4f535bdcd272443a47086eca1b6c90e413744cda8c3d050,364bea5f08dedea0a8f9dc117b363ec696f0da4fa6a107b3125e1df453790bed,139,-0.3222193895845893,0.01
0,0,all_strict,side_informed,laplace,uniform,20.0,retention_nonnegative,0.001,ff71152f04ff3c17c4f535bdcd272443a47086eca1b6c90e413744cda8c3d050,70e53b495e5de4614b1cceb9713f91cd76100f672bcec3304020653b652ded33,139,-0.31565350493606154,0.01
0,0,all_strict,side_informed,laplace,uniform,20.0,retention_nonnegative,0.01,ff71152f04ff3c17c4f535bdcd272443a47086eca1b6c90e413744cda8c3d050,6dd96b5def9209af443dda58ea0af4855dd7526100db07913167ffcd5a258e11,139,-0.314356151735014,0.01
0,0,all_strict,side_informed,laplace,uniform,20.0,retention_nonnegative,0.1,ff71152f04ff3c17c4f535bdcd272443a47086eca1b6c90e413744cda8c3d050,8b238c094d21d4d52a454e3816bb0cf4cb4162e1453884e2ff82475a6320fbb0,139,-0.39653455699352536,0.01
0,1,all_strict,side_informed,laplace,uniform,20.0,retention_nonnegative,0.0,27a3bb4a6140f901a59aa471a99c58258a97e252dc1e140d0e5312309b75b41b,05b133d06590ad6cc835754a7f78a8f6c203526b52b0593c08f35a6f51aa6920,136,-0.32340664588966406,0.01
0,1,all_strict,side_informed,laplace,uniform,20.0,retention_nonnegative,0.0001,27a3bb4a6140f901a59aa471a99c58258a97e252dc1e140d0e5312309b75b41b,6cbb46368a2737ee645419beed00eaf0496dddc8816f7ffadb31892399eae93e,136,-0.3222193895845893,0.01
0,1,all_strict,side_informed,laplace,uniform,20.0,retention_nonnegative,0.001,27a3bb4a6140f901a59aa471a99c58258a97e252dc1e140d0e5312309b75b41b,5cbaaa48d6ec4fc6b2b95b9786e55516cea460dc392c4d2e6bae7f383e30e677,136,-0.31565350493606154,0.01
0,1,all_strict,side_informed,laplace,uniform,20.0,retention_nonnegative,0.01,27a3bb4a6140f901a59aa471a99c58258a97e252dc1e140d0e5312309b75b41b,04d513a5e2afcaa805e1629b05c95310cc71229e2b55c7ddd989f8d5d0b7cb72,136,-0.314356151735014,0.01
0,1,all_strict,side_informed,laplace,uniform,20.0,retention_nonnegative,0.1,27a3bb4a6140f901a59aa471a99c58258a97e252dc1e140d0e5312309b75b41b,751d8603c3e7b248d710278e996c15ec80fe66633aca3fd55bf01eaa611f1b21,136,-0.39653455699352536,0.01
0,2,all_strict,side_informed,laplace,uniform,20.0,retention_nonnegative,0.0,c3a17ae49362d3af3c889169dd61b790e7c0ea833118c8eb2e1b2cc8668b3073,89d21fdf26e2713f8be5373bad03a6e1b0d202cd14b81e49db18dfaceae05c1d,138,-0.32340664588966406,0.01
0,2,all_strict,side_informed,laplace,uniform,20.0,retention_nonnegative,0.0001,c3a17ae49362d3af3c889169dd61b790e7c0ea833118c8eb2e1b2cc8668b3073,fec4394473c917c7a452e358d9479e4a38c35f0b159a2f9939c418a084b4be19,138,-0.3222193895845893,0.01
0,2,all_strict,side_informed,laplace,uniform,20.0,retention_nonnegative,0.001,c3a17ae49362d3af3c889169dd61b790e7c0ea833118c8eb2e1b2cc8668b3073,93253462060420876050b784394ebe6909e9c9e6e50ea78793cd97895e4e8983,138,-0.31565350493606154,0.01
0,2,all_strict,side_informed,laplace,uniform,20.0,retention_nonnegative,0.01,c3a17ae49362d3af3c889169dd61b790e7c0ea833118c8eb2e1b2cc8668b3073,821a148e40e5c259d9352e8b06d7da6dcca0a4be940f7ce14f9b8987720befd7,138,-0.314356151735014,0.01
0,2,all_strict,side_informed,laplace,uniform,20.0,retention_nonnegative,0.1,c3a17ae49362d3af3c889169dd61b790e7c0ea833118c8eb2e1b2cc8668b3073,22bd001f12f3589b08bd44194816ae582ce649a59a1c9c04ba0ddb99a80f9b22,138,-0.39653455699352536,0.01
0,0,all_strict,side_informed,laplace,uniform,20.0,current_only,0.0,ff71152f04ff3c17c4f535bdcd272443a47086eca1b6c90e413744cda8c3d050,ac08fd5210c632342e25bdca0042838aec90992f89eca48905cba6a354c0f063,139,-0.5731793352194734,0.01
0,0,all_strict,side_informed,laplace,uniform,20.0,current_only,0.0001,ff71152f04ff3c17c4f535bdcd272443a47086eca1b6c90e413744cda8c3d050,341475a1e46761aacb27e6a2484c2afffa667b6a40e35d1677e1272765181823,139,-0.5729380068148618,0.01
0,0,all_strict,side_informed,laplace,uniform,20.0,current_only,0.001,ff71152f04ff3c17c4f535bdcd272443a47086eca1b6c90e413744cda8c3d050,3e8a01107bf83b962004f1a8557f56c90ad2f00d33d02f8edd6db89a2db2ca5a,139,-0.570862847003659,0.01
0,0,all_strict,side_informed,laplace,uniform,20.0,current_only,0.01,ff71152f04ff3c17c4f535bdcd272443a47086eca1b6c90e413744cda8c3d050,e2d2fe1dd21a287cd1a95aeb311e417303fafdfa923ed9eb3b162ab0f0360296,139,-0.5568870150675062,0.01
0,0,all_strict,side_informed,laplace,uniform,20.0,current_only,0.1,ff71152f04ff3c17c4f535bdcd272443a47086eca1b6c90e413744cda8c3d050,db99edfebd8ad76492c9cef7582bd14dd9073f3b3ae3ff652335e59238d5c0e0,139,-0.5578798093722469,0.01
0,1,all_strict,side_informed,laplace,uniform,20.0,current_only,0.0,27a3bb4a6140f901a59aa471a99c58258a97e252dc1e140d0e5312309b75b41b,704d93826e0fbbd3c9b483a5939c87a6dbc4e65d8ed5cc53767f4fcde9cbb371,136,-0.5731793352194734,0.01
0,1,all_strict,side_informed,laplace,uniform,20.0,current_only,0.0001,27a3bb4a6140f901a59aa471a99c58258a97e252dc1e140d0e5312309b75b41b,2dbe49695658ba56d316145c28b46828d252da39591bbb68a6f42b8055a02dac,136,-0.5729380068148618,0.01
0,1,all_strict,side_informed,laplace,uniform,20.0,current_only,0.001,27a3bb4a6140f901a59aa471a99c58258a97e252dc1e140d0e5312309b75b41b,6ce76aa3a32240b811d0c82ad1479f33465fb4cbb50b6142020c09545d862ec7,136,-0.570862847003659,0.01
0,1,all_strict,side_informed,laplace,uniform,20.0,current_only,0.01,27a3bb4a6140f901a59aa471a99c58258a97e252dc1e140d0e5312309b75b41b,1074777c78d204d5903796d639110ffac80e57b72eafdef91fbd0cd03b098f78,136,-0.5568870150675062,0.01
0,1,all_strict,side_informed,laplace,uniform,20.0,current_only,0.1,27a3bb4a6140f901a59aa471a99c58258a97e252dc1e140d0e5312309b75b41b,2beaf7c37bbf4b93acb5ae434bddf88d2a82498ca56ffb4ce8b16e7db24f51e3,136,-0.5578798093722469,0.01
0,2,all_strict,side_informed,laplace,uniform,20.0,current_only,0.0,c3a17ae49362d3af3c889169dd61b790e7c0ea833118c8eb2e1b2cc8668b3073,6931b29db9d5ebb60d0b169b81937333fe15fe93f69aa8325469c1f39238faf0,138,-0.5731793352194734,0.01
0,2,all_strict,side_informed,laplace,uniform,20.0,current_only,0.0001,c3a17ae49362d3af3c889169dd61b790e7c0ea833118c8eb2e1b2cc8668b3073,bac7c1f9f759f55c4dad13daa2b468a2d4712da6c6a0ad99f1cb7289ad09242b,138,-0.5729380068148618,0.01
0,2,all_strict,side_informed,laplace,uniform,20.0,current_only,0.001,c3a17ae49362d3af3c889169dd61b790e7c0ea833118c8eb2e1b2cc8668b3073,de4498b304e4b9cfe8ae91ec931d75525e4e03bfc26c4d25e7712add1a943806,138,-0.570862847003659,0.01
0,2,all_strict,side_informed,laplace,uniform,20.0,current_only,0.01,c3a17ae49362d3af3c889169dd61b790e7c0ea833118c8eb2e1b2cc8668b3073,0bf0f6d5e1ce6cb06543959b55a2cb4ae1f822f6e8d51ae41a86f1dff0ec21de,138,-0.5568870150675062,0.01
0,2,all_strict,side_informed,laplace,uniform,20.0,current_only,0.1,c3a17ae49362d3af3c889169dd61b790e7c0ea833118c8eb2e1b2cc8668b3073,5749e5bd00240a48a4de704a7ac615c6e02638c85aa830ec8c38307e8ef0ad53,138,-0.5578798093722469,0.01
0,0,all_strict,side_informed,laplace,uniform,20.0,input_plus_surface,0.0,ff71152f04ff3c17c4f535bdcd272443a47086eca1b6c90e413744cda8c3d050,db798f83df31b9c47f672351b31aa830b392b0c421a5ee0192ae39e1edea6a0d,139,-0.3078894764492226,0.01
0,0,all_strict,side_informed,laplace,uniform,20.0,input_plus_surface,0.0001,ff71152f04ff3c17c4f535bdcd272443a47086eca1b6c90e413744cda8c3d050,88369518f659e527574170f97e63295f9413938ae03a85cfcaa2af926504c632,139,-0.3067727650947575,0.01
0,0,all_strict,side_informed,laplace,uniform,20.0,input_plus_surface,0.001,ff71152f04ff3c17c4f535bdcd272443a47086eca1b6c90e413744cda8c3d050,167d441221da89db1907c075161e9160bf3dd133bf4ad3f8cb886e0149f1acf3,139,-0.29942338480156505,0.01
0,0,all_strict,side_informed,laplace,uniform,20.0,input_plus_surface,0.01,ff71152f04ff3c17c4f535bdcd272443a47086eca1b6c90e413744cda8c3d050,705b7864351633747b7e653eedb6e7210154f1d442651f874af2e34cc238e2e9,139,-0.2856273260811906,0.01
0,0,all_strict,side_informed,laplace,uniform,20.0,input_plus_surface,0.1,ff71152f04ff3c17c4f535bdcd272443a47086eca1b6c90e413744cda8c3d050,a0a5668fe8fe7b5de0bc95362102963cba83ac56e2c50b467a36845ce0cd6b96,139,-0.3529404192824921,0.01
0,1,all_strict,side_informed,laplace,uniform,20.0,input_plus_surface,0.0,27a3bb4a6140f901a59aa471a99c58258a97e252dc1e140d0e5312309b75b41b,61bc7ae6451fb2b82df4eea5f57ea5237533d86fa0779322d763bf9d955eaf0a,136,-0.3078894764492226,0.01
0,1,all_strict,side_informed,laplace,uniform,20.0,input_plus_surface,0.0001,27a3bb4a6140f901a59aa471a99c58258a97e252dc1e140d0e5312309b75b41b,fe016390be207637932165d7145b8cc3aac07ac0b3f06de3b3328a289c8143c1,136,-0.3067727650947575,0.01
0,1,all_strict,side_informed,laplace,uniform,20.0,input_plus_surface,0.001,27a3bb4a6140f901a59aa471a99c58258a97e252dc1e140d0e5312309b75b41b,8562f089f70595a638cb99c0d6610616d18f807ea88278c8bfa32abf422fcd95,136,-0.29942338480156505,0.01
0,1,all_strict,side_informed,laplace,uniform,20.0,input_plus_surface,0.01,27a3bb4a6140f901a59aa471a99c58258a97e252dc1e140d0e5312309b75b41b,e1d7ed5a68869e746eb4b7bb126baa52f9e4c4d29022ee746c02c5e77270e4b2,136,-0.2856273260811906,0.01
0,1,all_strict,side_informed,laplace,uniform,20.0,input_plus_surface,0.1,27a3bb4a6140f901a59aa471a99c58258a97e252dc1e140d0e5312309b75b41b,e147475b2f6484d5dbbbf2f74229c9a415fcd187d172144728a05f356620bbba,136,-0.3529404192824921,0.01
0,2,all_strict,side_informed,laplace,uniform,20.0,input_plus_surface,0.0,c3a17ae49362d3af3c889169dd61b790e7c0ea833118c8eb2e1b2cc8668b3073,0a3d4df2b099633040b247a67bf5fced4ad83f0ae04c759f42e5e0b17caf2d75,138,-0.3078894764492226,0.01
0,2,all_strict,side_informed,laplace,uniform,20.0,input_plus_surface,0.0001,c3a17ae49362d3af3c889169dd61b790e7c0ea833118c8eb2e1b2cc8668b3073,d47a0a746d75e4b75f5061417f27de183e5f6cd3a0ea8e30f25260fb93d21ac9,138,-0.3067727650947575,0.01
0,2,all_strict,side_informed,laplace,uniform,20.0,input_plus_surface,0.001,c3a17ae49362d3af3c889169dd61b790e7c0ea833118c8eb2e1b2cc8668b3073,d5dc920bda2453298605a322e10e3a52b853adf1f96ea4b906c51615d345a78c,138,-0.29942338480156505,0.01
0,2,all_strict,side_informed,laplace,uniform,20.0,input_plus_surface,0.01,c3a17ae49362d3af3c889169dd61b790e7c0ea833118c8eb2e1b2cc8668b3073,cdffadad4e4645b177db8c05573bebdd5f24a1be35feb8956a374bba6f4481a6,138,-0.2856273260811906,0.01
0,2,all_strict,side_informed,laplace,uniform,20.0,input_plus_surface,0.1,c3a17ae49362d3af3c889169dd61b790e7c0ea833118c8eb2e1b2cc8668b3073,4f4978de47456a23a10dca8629361bd56f6529fef9b58fa356137ff6a328ae6a,138,-0.3529404192824921,0.01
0,0,all_strict,side_informed,laplace,uniform,20.0,HU_plus_surface,0.0,ff71152f04ff3c17c4f535bdcd272443a47086eca1b6c90e413744cda8c3d050,66294fb520e2b078e768ed47d7ae25eea8589bcae65bea346b0815cdf0a3da9e,139,-0.3164774797454646,0.01
0,0,all_strict,side_informed,laplace,uniform,20.0,HU_plus_surface,0.0001,ff71152f04ff3c17c4f535bdcd272443a47086eca1b6c90e413744cda8c3d050,fb7e9be3367e8e29d784495f4fbf3b3642c825f4509dac3fd72aedb6a4206d67,139,-0.3153280025157531,0.01
0,0,all_strict,side_informed,laplace,uniform,20.0,HU_plus_surface,0.001,ff71152f04ff3c17c4f535bdcd272443a47086eca1b6c90e413744cda8c3d050,59984f28718088cfc84c44ccdd8520b8e6afa86d534e7834e532ae61db93e1c2,139,-0.3077869627049429,0.01
0,0,all_strict,side_informed,laplace,uniform,20.0,HU_plus_surface,0.01,ff71152f04ff3c17c4f535bdcd272443a47086eca1b6c90e413744cda8c3d050,52e24b1b6197c5340fcde265a622226891cab689ef084d8a86abcaba72f1a158,139,-0.2930017610694456,0.01
0,0,all_strict,side_informed,laplace,uniform,20.0,HU_plus_surface,0.1,ff71152f04ff3c17c4f535bdcd272443a47086eca1b6c90e413744cda8c3d050,e93aae80f3d45a5fd04fb68b626183ecca92523bd6f431a6f021c57b252f8b55,139,-0.3574220597773089,0.01
0,1,all_strict,side_informed,laplace,uniform,20.0,HU_plus_surface,0.0,27a3bb4a6140f901a59aa471a99c58258a97e252dc1e140d0e5312309b75b41b,4ee208cf3b2b27549369856c919278265a2722843326bdbdfa9e58ddd7e620d8,136,-0.3164774797454646,0.01
0,1,all_strict,side_informed,laplace,uniform,20.0,HU_plus_surface,0.0001,27a3bb4a6140f901a59aa471a99c58258a97e252dc1e140d0e5312309b75b41b,c33c990bdea9f10f6173e696bfc5ae894116f886c972f7c0a5a16f2eba995047,136,-0.3153280025157531,0.01
0,1,all_strict,side_informed,laplace,uniform,20.0,HU_plus_surface,0.001,27a3bb4a6140f901a59aa471a99c58258a97e252dc1e140d0e5312309b75b41b,d0e48a32a29cb8783842f71d079f07f36eee617cf2c6e1fb732056ecefe570ef,136,-0.3077869627049429,0.01
0,1,all_strict,side_informed,laplace,uniform,20.0,HU_plus_surface,0.01,27a3bb4a6140f901a59aa471a99c58258a97e252dc1e140d0e5312309b75b41b,ecfb744e83cff7375d3231a8f0eee375a488febe8883dae4081e4798e016f5b3,136,-0.2930017610694456,0.01
0,1,all_strict,side_informed,laplace,uniform,20.0,HU_plus_surface,0.1,27a3bb4a6140f901a59aa471a99c58258a97e252dc1e140d0e5312309b75b41b,7c09b0334602cfaa37c015fde76e2c4be95ecb95a820672e53fa883b1180bba3,136,-0.3574220597773089,0.01
0,2,all_strict,side_informed,laplace,uniform,20.0,HU_plus_surface,0.0,c3a17ae49362d3af3c889169dd61b790e7c0ea833118c8eb2e1b2cc8668b3073,7a96cb538245ecaff4c9d4f901807ab6feef6d904e68789e45300e54e1eaa68a,138,-0.3164774797454646,0.01
0,2,all_strict,side_informed,laplace,uniform,20.0,HU_plus_surface,0.0001,c3a17ae49362d3af3c889169dd61b790e7c0ea833118c8eb2e1b2cc8668b3073,7c4965ec21eca59c1f0dff71f07721cb87676bda27272de5adbf9f87cbaa0cb2,138,-0.3153280025157531,0.01
0,2,all_strict,side_informed,laplace,uniform,20.0,HU_plus_surface,0.001,c3a17ae49362d3af3c889169dd61b790e7c0ea833118c8eb2e1b2cc8668b3073,74c0c77c013fa8fdb08a7dd018b3c01afb65feb743c614efbc9eff7f39ab8b2d,138,-0.3077869627049429,0.01
0,2,all_strict,side_informed,laplace,uniform,20.0,HU_plus_surface,0.01,c3a17ae49362d3af3c889169dd61b790e7c0ea833118c8eb2e1b2cc8668b3073,f5d806018512c864c6e1a7e7b4c79702cc86c953a1bf51239f13a7fbbd6f7b70,138,-0.2930017610694456,0.01
0,2,all_strict,side_informed,laplace,uniform,20.0,HU_plus_surface,0.1,c3a17ae49362d3af3c889169dd61b790e7c0ea833118c8eb2e1b2cc8668b3073,cb7eb272db8ad8f47a9e1071e70bccb0703d2ab1d7aa852d75f2fd1ce679b91c,138,-0.3574220597773089,0.01
0,0,all_strict,side_informed,laplace,uniform,20.0,retention_bounded_plus_HU,0.0,ff71152f04ff3c17c4f535bdcd272443a47086eca1b6c90e413744cda8c3d050,41098a53da3eb83f8e63e8a5772b3da154fc5877719fb2902b49f512169aed0d,139,-0.3180008166699528,0.01
0,0,all_strict,side_informed,laplace,uniform,20.0,retention_bounded_plus_HU,0.0001,ff71152f04ff3c17c4f535bdcd272443a47086eca1b6c90e413744cda8c3d050,1f178d638be9983b96f7bb9e86f1241ef4d7428bbe591049a49cb05f59c28e75,139,-0.3172095389505577,0.01
0,0,all_strict,side_informed,laplace,uniform,20.0,retention_bounded_plus_HU,0.001,ff71152f04ff3c17c4f535bdcd272443a47086eca1b6c90e413744cda8c3d050,0e6c9fc083c2edb19851799526df9a7b204791ad0e55eb0ab8189553fef8faf3,139,-0.31362875493018316,0.01
0,0,all_strict,side_informed,laplace,uniform,20.0,retention_bounded_plus_HU,0.01,ff71152f04ff3c17c4f535bdcd272443a47086eca1b6c90e413744cda8c3d050,c1986af5d4867e65eb66c9d0415f2472bb4ed09cf0df4dfa5e97aeaa368297e7,139,-0.2989410584864997,0.01
0,0,all_strict,side_informed,laplace,uniform,20.0,retention_bounded_plus_HU,0.1,ff71152f04ff3c17c4f535bdcd272443a47086eca1b6c90e413744cda8c3d050,8e14e53b1515d3d141772676956c00017c8b917557e5a2d0269270dcfa9a639a,139,-0.3191538834218341,0.01
0,1,all_strict,side_informed,laplace,uniform,20.0,retention_bounded_plus_HU,0.0,27a3bb4a6140f901a59aa471a99c58258a97e252dc1e140d0e5312309b75b41b,a3e489be9d828ffb5f14c14a7f3082c0f7206d837e6362e8614996b2260d6a85,136,-0.3180008166699528,0.01
0,1,all_strict,side_informed,laplace,uniform,20.0,retention_bounded_plus_HU,0.0001,27a3bb4a6140f901a59aa471a99c58258a97e252dc1e140d0e5312309b75b41b,c6c2a9f969a8a894de87c139be8b4d4444380a26a63b18fbc60e11676b16ce8a,136,-0.3172095389505577,0.01
0,1,all_strict,side_informed,laplace,uniform,20.0,retention_bounded_plus_HU,0.001,27a3bb4a6140f901a59aa471a99c58258a97e252dc1e140d0e5312309b75b41b,a19a1c909280c4c1a7bee1fcf285c1862c157c198e78b435cb5ac1c02a1c59ad,136,-0.31362875493018316,0.01
0,1,all_strict,side_informed,laplace,uniform,20.0,retention_bounded_plus_HU,0.01,27a3bb4a6140f901a59aa471a99c58258a97e252dc1e140d0e5312309b75b41b,46dc0b2dfe2250f2d2e1aa055110fda26d14bcee285ec4ad55c067d5e6c7ab10,136,-0.2989410584864997,0.01
0,1,all_strict,side_informed,laplace,uniform,20.0,retention_bounded_plus_HU,0.1,27a3bb4a6140f901a59aa471a99c58258a97e252dc1e140d0e5312309b75b41b,03b1020acde69d848684c53e6a1d0f15130c9685ed3415fc5d96e8cbf7b98cb2,136,-0.3191538834218341,0.01
0,2,all_strict,side_informed,laplace,uniform,20.0,retention_bounded_plus_HU,0.0,c3a17ae49362d3af3c889169dd61b790e7c0ea833118c8eb2e1b2cc8668b3073,7fe02b32115214f4a5f9acb9bf6f21196d3771ebc5a0331afb2f8f4ef9f60425,138,-0.3180008166699528,0.01
0,2,all_strict,side_informed,laplace,uniform,20.0,retention_bounded_plus_HU,0.0001,c3a17ae49362d3af3c889169dd61b790e7c0ea833118c8eb2e1b2cc8668b3073,968ff4d0bffaaa2562ebf27a02f0bf8697aeddd25f9e9bb0055c7ba790634e3e,138,-0.3172095389505577,0.01
0,2,all_strict,side_informed,laplace,uniform,20.0,retention_bounded_plus_HU,0.001,c3a17ae49362d3af3c889169dd61b790e7c0ea833118c8eb2e1b2cc8668b3073,a1c9712716fcdbc3beae26bdfdc5e500bf4664470c740812622e02b338026ba8,138,-0.31362875493018316,0.01
0,2,all_strict,side_informed,laplace,uniform,20.0,retention_bounded_plus_HU,0.01,c3a17ae49362d3af3c889169dd61b790e7c0ea833118c8eb2e1b2cc8668b3073,d1f45fdfd457d18a1238baf2783952431e95969dc74db7224ed5c51c8dfc5d12,138,-0.2989410584864997,0.01
0,2,all_strict,side_informed,laplace,uniform,20.0,retention_bounded_plus_HU,0.1,c3a17ae49362d3af3c889169dd61b790e7c0ea833118c8eb2e1b2cc8668b3073,3d9fc2aa60d1ef9e3abdc48aa03bdcdbc1491cc95d04985e1531b14b9404a319,138,-0.3191538834218341,0.01
0,0,all_strict,side_informed,gh80,uniform,20.0,HU_plus_surface,0.0,ff71152f04ff3c17c4f535bdcd272443a47086eca1b6c90e413744cda8c3d050,7d4cccf9d11fbf637e0d17f0aa667450213a072acc59ad0f91509b31247e55ae,139,-0.307469237265603,0.01
0,0,all_strict,side_informed,gh80,uniform,20.0,HU_plus_surface,0.0001,ff71152f04ff3c17c4f535bdcd272443a47086eca1b6c90e413744cda8c3d050,e350bf79525be77523e0641c55de407ee407911ac1f0bdb1a3e0a13bc420f629,139,-0.3062348211422955,0.01
0,0,all_strict,side_informed,gh80,uniform,20.0,HU_plus_surface,0.001,ff71152f04ff3c17c4f535bdcd272443a47086eca1b6c90e413744cda8c3d050,5cc12f8506354bdf9414ab853fddbd0fe0fde2bdbed2024b5d122f877fcaada6,139,-0.2983340732059382,0.01
0,0,all_strict,side_informed,gh80,uniform,20.0,HU_plus_surface,0.01,ff71152f04ff3c17c4f535bdcd272443a47086eca1b6c90e413744cda8c3d050,c83995ff4748691b781fd9b0ce13e2dbb4689420e5097988fcfa85de90501aad,139,-0.2848034428667932,0.01
0,0,all_strict,side_informed,gh80,uniform,20.0,HU_plus_surface,0.1,ff71152f04ff3c17c4f535bdcd272443a47086eca1b6c90e413744cda8c3d050,e6e3810070ea399b51ed352c66b6a4de4a8c928343e62d1673989fad3703d329,139,-0.3544649918193037,0.01
0,1,all_strict,side_informed,gh80,uniform,20.0,HU_plus_surface,0.0,27a3bb4a6140f901a59aa471a99c58258a97e252dc1e140d0e5312309b75b41b,1c1fee31c55ae8c83ce8df6195726d47337f5936cae8ebc62224ef1dd4d51594,136,-0.307469237265603,0.01
0,1,all_strict,side_informed,gh80,uniform,20.0,HU_plus_surface,0.0001,27a3bb4a6140f901a59aa471a99c58258a97e252dc1e140d0e5312309b75b41b,d3c88890231d976f2f1ed440f605328f68e0e3120af1eede76c137d06834993c,136,-0.3062348211422955,0.01
0,1,all_strict,side_informed,gh80,uniform,20.0,HU_plus_surface,0.001,27a3bb4a6140f901a59aa471a99c58258a97e252dc1e140d0e5312309b75b41b,530a9e942392e3113713b8376b0177160085158a74c24478a8290c4d5eb97663,136,-0.2983340732059382,0.01
0,1,all_strict,side_informed,gh80,uniform,20.0,HU_plus_surface,0.01,27a3bb4a6140f901a59aa471a99c58258a97e252dc1e140d0e5312309b75b41b,799805ea9e8f636227bf2214b802a5598120633326ded6c481ed100b48dc633f,136,-0.2848034428667932,0.01
0,1,all_strict,side_informed,gh80,uniform,20.0,HU_plus_surface,0.1,27a3bb4a6140f901a59aa471a99c58258a97e252dc1e140d0e5312309b75b41b,3be6638211d29e55095d9a4712b33c52fd771299d2248656a70bb0c4ce148051,136,-0.3544649918193037,0.01
0,2,all_strict,side_informed,gh80,uniform,20.0,HU_plus_surface,0.0,c3a17ae49362d3af3c889169dd61b790e7c0ea833118c8eb2e1b2cc8668b3073,d6ecc5ad483617ed3c7391e2ad10724ed2c3105967ae469b3a26658bfc33fbd0,138,-0.307469237265603,0.01
0,2,all_strict,side_informed,gh80,uniform,20.0,HU_plus_surface,0.0001,c3a17ae49362d3af3c889169dd61b790e7c0ea833118c8eb2e1b2cc8668b3073,c205d1be07909963b1d2dadda9feb28547ea26da3659261229b03843ef5baa62,138,-0.3062348211422955,0.01
0,2,all_strict,side_informed,gh80,uniform,20.0,HU_plus_surface,0.001,c3a17ae49362d3af3c889169dd61b790e7c0ea833118c8eb2e1b2cc8668b3073,6eb89c7961e9638fe1fa32aa7cbd6613e1fda41c35192be13e1ca9bd9626a40d,138,-0.2983340732059382,0.01
0,2,all_strict,side_informed,gh80,uniform,20.0,HU_plus_surface,0.01,c3a17ae49362d3af3c889169dd61b790e7c0ea833118c8eb2e1b2cc8668b3073,8c76fefbc66204a374c59e3c30d66b49d763e21bead90da30246a06e72b1f66d,138,-0.2848034428667932,0.01
0,2,all_strict,side_informed,gh80,uniform,20.0,HU_plus_surface,0.1,c3a17ae49362d3af3c889169dd61b790e7c0ea833118c8eb2e1b2cc8668b3073,573408da1685460afebae7ef66191ba3420d044b3c4c1372c8f5e22d190cdb04,138,-0.3544649918193037,0.01
0,0,all_strict,side_informed,gh80,uniform,20.0,retention_bounded_plus_HU,0.0,ff71152f04ff3c17c4f535bdcd272443a47086eca1b6c90e413744cda8c3d050,feb5da282ff8926254303e6f4d40970abbc5423ba6fc382cf514204e37f09d6f,139,-0.31837504592473925,0.01
0,0,all_strict,side_informed,gh80,uniform,20.0,retention_bounded_plus_HU,0.0001,ff71152f04ff3c17c4f535bdcd272443a47086eca1b6c90e413744cda8c3d050,941de6094464605fdbbc15208095942b29fc706025f2dfd950714417350ed46c,139,-0.31729536926937213,0.01
0,0,all_strict,side_informed,gh80,uniform,20.0,retention_bounded_plus_HU,0.001,ff71152f04ff3c17c4f535bdcd272443a47086eca1b6c90e413744cda8c3d050,4df27a2e99034841382a0239f33baf2922b3141254e9f15dc7dfb3064ad4a1dd,139,-0.3141843095166871,0.01
0,0,all_strict,side_informed,gh80,uniform,20.0,retention_bounded_plus_HU,0.01,ff71152f04ff3c17c4f535bdcd272443a47086eca1b6c90e413744cda8c3d050,4ea94c57b029061eb410fbbfb37f330ab942e6562c1cf3913519288ff3176b76,139,-0.2995506777098424,0.01
0,0,all_strict,side_informed,gh80,uniform,20.0,retention_bounded_plus_HU,0.1,ff71152f04ff3c17c4f535bdcd272443a47086eca1b6c90e413744cda8c3d050,bf3774d2dfa155ed105be2a2fb5a99a3c5ac6c9e87b0768977aa87bdaeee217e,139,-0.3191387313005874,0.01
0,1,all_strict,side_informed,gh80,uniform,20.0,retention_bounded_plus_HU,0.0,27a3bb4a6140f901a59aa471a99c58258a97e252dc1e140d0e5312309b75b41b,3540852904104933a2fa0c59a8328b5c355a53fc6724304b6c3578ce793b4eea,136,-0.31837504592473925,0.01
0,1,all_strict,side_informed,gh80,uniform,20.0,retention_bounded_plus_HU,0.0001,27a3bb4a6140f901a59aa471a99c58258a97e252dc1e140d0e5312309b75b41b,c8dfb8b3a2f84fab04c02eba0073c725d03eb8035c54586cb4f9b8f089127b36,136,-0.31729536926937213,0.01
0,1,all_strict,side_informed,gh80,uniform,20.0,retention_bounded_plus_HU,0.001,27a3bb4a6140f901a59aa471a99c58258a97e252dc1e140d0e5312309b75b41b,90326c4255aa898b136b674ad27a5d513dfaf492bbb6c6cfceafe338667b2c58,136,-0.3141843095166871,0.01
0,1,all_strict,side_informed,gh80,uniform,20.0,retention_bounded_plus_HU,0.01,27a3bb4a6140f901a59aa471a99c58258a97e252dc1e140d0e5312309b75b41b,e25e06b8d65d8dc5132f90dcf7ca96486fd20012842f34b0a4a31ddd1a90e9cd,136,-0.2995506777098424,0.01
0,1,all_strict,side_informed,gh80,uniform,20.0,retention_bounded_plus_HU,0.1,27a3bb4a6140f901a59aa471a99c58258a97e252dc1e140d0e5312309b75b41b,63c7ceaa7ebadec23e4be6e48c43c14c9779e95a40ee8922218c88931b4c42c1,136,-0.3191387313005874,0.01
0,2,all_strict,side_informed,gh80,uniform,20.0,retention_bounded_plus_HU,0.0,c3a17ae49362d3af3c889169dd61b790e7c0ea833118c8eb2e1b2cc8668b3073,dd67f93bd56810b38002a8ba98cf72aa0d5162828f9e632c46f731251a6dff87,138,-0.31837504592473925,0.01
0,2,all_strict,side_informed,gh80,uniform,20.0,retention_bounded_plus_HU,0.0001,c3a17ae49362d3af3c889169dd61b790e7c0ea833118c8eb2e1b2cc8668b3073,d1b64289c77608f21a64832ea7ffd9e98efdd6b008f750c84a8b4d9a122de1f3,138,-0.31729536926937213,0.01
0,2,all_strict,side_informed,gh80,uniform,20.0,retention_bounded_plus_HU,0.001,c3a17ae49362d3af3c889169dd61b790e7c0ea833118c8eb2e1b2cc8668b3073,b98275fc7899668c93b751592b17478623f3f1d2a534a29394751cc9deac6d1e,138,-0.3141843095166871,0.01
0,2,all_strict,side_informed,gh80,uniform,20.0,retention_bounded_plus_HU,0.01,c3a17ae49362d3af3c889169dd61b790e7c0ea833118c8eb2e1b2cc8668b3073,d5d764445135fecd5da2bbd1c2e0bdd1cc97bd884eb960da960c4a23e079604e,138,-0.2995506777098424,0.01
0,2,all_strict,side_informed,gh80,uniform,20.0,retention_bounded_plus_HU,0.1,c3a17ae49362d3af3c889169dd61b790e7c0ea833118c8eb2e1b2cc8668b3073,80ef5c76317315dd106485beefced65cc3223fe79dd90596f31d5c4f4399ddb3,138,-0.3191387313005874,0.01
0,0,all_strict,wholly_unseen,laplace,uniform,20.0,retention_bounded,0.0,ff71152f04ff3c17c4f535bdcd272443a47086eca1b6c90e413744cda8c3d050,d0bacc73129ee91b226e42283be005788f1ff86fe1035aee6d3710a04f551637,139,-0.6152753710480968,0.01
0,0,all_strict,wholly_unseen,laplace,uniform,20.0,retention_bounded,0.0001,ff71152f04ff3c17c4f535bdcd272443a47086eca1b6c90e413744cda8c3d050,b612116eaf83e16815430e3ad5576c49c59f279670ad21d5d607266c49860eee,139,-0.6145370211623813,0.01
0,0,all_strict,wholly_unseen,laplace,uniform,20.0,retention_bounded,0.001,ff71152f04ff3c17c4f535bdcd272443a47086eca1b6c90e413744cda8c3d050,c3d9ed906c563af6a02b5c0405343c84c7f7ea7fcb9b63568d46c89b2bc4d882,139,-0.608936283829224,0.01
0,0,all_strict,wholly_unseen,laplace,uniform,20.0,retention_bounded,0.01,ff71152f04ff3c17c4f535bdcd272443a47086eca1b6c90e413744cda8c3d050,649fd71601b23c6b7b3cd101070dfac25eac3622838118c2a68f62a3191442a7,139,-0.5847048364473527,0.01
0,0,all_strict,wholly_unseen,laplace,uniform,20.0,retention_bounded,0.1,ff71152f04ff3c17c4f535bdcd272443a47086eca1b6c90e413744cda8c3d050,93128b8e3ec8266b87da63956ab21a2214c54fd8b7a23e0209580301767c8f33,139,-0.6153347381015991,0.01
0,1,all_strict,wholly_unseen,laplace,uniform,20.0,retention_bounded,0.0,27a3bb4a6140f901a59aa471a99c58258a97e252dc1e140d0e5312309b75b41b,828e643049a72509d8250c59b59e09a8baf868f63bb8a22702fdb8dba576b614,136,-0.6152753710480968,0.01
0,1,all_strict,wholly_unseen,laplace,uniform,20.0,retention_bounded,0.0001,27a3bb4a6140f901a59aa471a99c58258a97e252dc1e140d0e5312309b75b41b,453dd4b86822d63fac4db5fa9bec552f961ea1a5c1c3eb94239591a2754cec13,136,-0.6145370211623813,0.01
0,1,all_strict,wholly_unseen,laplace,uniform,20.0,retention_bounded,0.001,27a3bb4a6140f901a59aa471a99c58258a97e252dc1e140d0e5312309b75b41b,ccc95d06dd1487873cbb68e5d4dc8c94ccdc2a80852e8243a00defa409ec89ce,136,-0.608936283829224,0.01
0,1,all_strict,wholly_unseen,laplace,uniform,20.0,retention_bounded,0.01,27a3bb4a6140f901a59aa471a99c58258a97e252dc1e140d0e5312309b75b41b,64b3c5e7802c1dcd46bde698b4d6b8c73809ae9df0b56a331c702fea458b2d9a,136,-0.5847048364473527,0.01
0,1,all_strict,wholly_unseen,laplace,uniform,20.0,retention_bounded,0.1,27a3bb4a6140f901a59aa471a99c58258a97e252dc1e140d0e5312309b75b41b,430161362b40ac2e675c7b763c04b4720509cf928a204703a208e09dc3431797,136,-0.6153347381015991,0.01
0,2,all_strict,wholly_unseen,laplace,uniform,20.0,retention_bounded,0.0,c3a17ae49362d3af3c889169dd61b790e7c0ea833118c8eb2e1b2cc8668b3073,e7314ed7245bf3901d19ef26a76c2668b6b133e3a20cca4f5e043d3afb461621,138,-0.6152753710480968,0.01
0,2,all_strict,wholly_unseen,laplace,uniform,20.0,retention_bounded,0.0001,c3a17ae49362d3af3c889169dd61b790e7c0ea833118c8eb2e1b2cc8668b3073,e3dc463d150a50e32732f625b0a5c27b35e644b56c553393712f90de797da4fd,138,-0.6145370211623813,0.01
0,2,all_strict,wholly_unseen,laplace,uniform,20.0,retention_bounded,0.001,c3a17ae49362d3af3c889169dd61b790e7c0ea833118c8eb2e1b2cc8668b3073,70b841f1788eed5616c1a3cd6e4fab59123c8a8a9ad3e15e6d5094cc8b9005a4,138,-0.608936283829224,0.01
0,2,all_strict,wholly_unseen,laplace,uniform,20.0,retention_bounded,0.01,c3a17ae49362d3af3c889169dd61b790e7c0ea833118c8eb2e1b2cc8668b3073,7dd7f6f5f4a78fe4cf208444b5a3a29a7a2fd0d221deae445ceabe11a40b3060,138,-0.5847048364473527,0.01
0,2,all_strict,wholly_unseen,laplace,uniform,20.0,retention_bounded,0.1,c3a17ae49362d3af3c889169dd61b790e7c0ea833118c8eb2e1b2cc8668b3073,6aef960374a1da0cce0a1c25f7031ce1b80e7760aa5b18325fdc8a9247c118ac,138,-0.6153347381015991,0.01
0,0,all_strict,wholly_unseen,laplace,uniform,20.0,retention_nonnegative,0.0,ff71152f04ff3c17c4f535bdcd272443a47086eca1b6c90e413744cda8c3d050,e93175cbe294766246c39afd2bf021e2791052e30b5cb6430abec9e7f7ddf1fe,139,-0.6152753761699706,0.01
0,0,all_strict,wholly_unseen,laplace,uniform,20.0,retention_nonnegative,0.0001,ff71152f04ff3c17c4f535bdcd272443a47086eca1b6c90e413744cda8c3d050,364bea5f08dedea0a8f9dc117b363ec696f0da4fa6a107b3125e1df453790bed,139,-0.6126514378279779,0.01
0,0,all_strict,wholly_unseen,laplace,uniform,20.0,retention_nonnegative,0.001,ff71152f04ff3c17c4f535bdcd272443a47086eca1b6c90e413744cda8c3d050,70e53b495e5de4614b1cceb9713f91cd76100f672bcec3304020653b652ded33,139,-0.5976679931736313,0.01
0,0,all_strict,wholly_unseen,laplace,uniform,20.0,retention_nonnegative,0.01,ff71152f04ff3c17c4f535bdcd272443a47086eca1b6c90e413744cda8c3d050,6dd96b5def9209af443dda58ea0af4855dd7526100db07913167ffcd5a258e11,139,-0.5901929211579305,0.01
0,0,all_strict,wholly_unseen,laplace,uniform,20.0,retention_nonnegative,0.1,ff71152f04ff3c17c4f535bdcd272443a47086eca1b6c90e413744cda8c3d050,8b238c094d21d4d52a454e3816bb0cf4cb4162e1453884e2ff82475a6320fbb0,139,-0.6832149153219869,0.01
0,1,all_strict,wholly_unseen,laplace,uniform,20.0,retention_nonnegative,0.0,27a3bb4a6140f901a59aa471a99c58258a97e252dc1e140d0e5312309b75b41b,05b133d06590ad6cc835754a7f78a8f6c203526b52b0593c08f35a6f51aa6920,136,-0.6152753761699706,0.01
0,1,all_strict,wholly_unseen,laplace,uniform,20.0,retention_nonnegative,0.0001,27a3bb4a6140f901a59aa471a99c58258a97e252dc1e140d0e5312309b75b41b,6cbb46368a2737ee645419beed00eaf0496dddc8816f7ffadb31892399eae93e,136,-0.6126514378279779,0.01
0,1,all_strict,wholly_unseen,laplace,uniform,20.0,retention_nonnegative,0.001,27a3bb4a6140f901a59aa471a99c58258a97e252dc1e140d0e5312309b75b41b,5cbaaa48d6ec4fc6b2b95b9786e55516cea460dc392c4d2e6bae7f383e30e677,136,-0.5976679931736313,0.01
0,1,all_strict,wholly_unseen,laplace,uniform,20.0,retention_nonnegative,0.01,27a3bb4a6140f901a59aa471a99c58258a97e252dc1e140d0e5312309b75b41b,04d513a5e2afcaa805e1629b05c95310cc71229e2b55c7ddd989f8d5d0b7cb72,136,-0.5901929211579305,0.01
0,1,all_strict,wholly_unseen,laplace,uniform,20.0,retention_nonnegative,0.1,27a3bb4a6140f901a59aa471a99c58258a97e252dc1e140d0e5312309b75b41b,751d8603c3e7b248d710278e996c15ec80fe66633aca3fd55bf01eaa611f1b21,136,-0.6832149153219869,0.01
0,2,all_strict,wholly_unseen,laplace,uniform,20.0,retention_nonnegative,0.0,c3a17ae49362d3af3c889169dd61b790e7c0ea833118c8eb2e1b2cc8668b3073,89d21fdf26e2713f8be5373bad03a6e1b0d202cd14b81e49db18dfaceae05c1d,138,-0.6152753761699706,0.01
0,2,all_strict,wholly_unseen,laplace,uniform,20.0,retention_nonnegative,0.0001,c3a17ae49362d3af3c889169dd61b790e7c0ea833118c8eb2e1b2cc8668b3073,fec4394473c917c7a452e358d9479e4a38c35f0b159a2f9939c418a084b4be19,138,-0.6126514378279779,0.01
0,2,all_strict,wholly_unseen,laplace,uniform,20.0,retention_nonnegative,0.001,c3a17ae49362d3af3c889169dd61b790e7c0ea833118c8eb2e1b2cc8668b3073,93253462060420876050b784394ebe6909e9c9e6e50ea78793cd97895e4e8983,138,-0.5976679931736313,0.01
0,2,all_strict,wholly_unseen,laplace,uniform,20.0,retention_nonnegative,0.01,c3a17ae49362d3af3c889169dd61b790e7c0ea833118c8eb2e1b2cc8668b3073,821a148e40e5c259d9352e8b06d7da6dcca0a4be940f7ce14f9b8987720befd7,138,-0.5901929211579305,0.01
0,2,all_strict,wholly_unseen,laplace,uniform,20.0,retention_nonnegative,0.1,c3a17ae49362d3af3c889169dd61b790e7c0ea833118c8eb2e1b2cc8668b3073,22bd001f12f3589b08bd44194816ae582ce649a59a1c9c04ba0ddb99a80f9b22,138,-0.6832149153219869,0.01
0,0,all_strict,wholly_unseen,laplace,uniform,20.0,current_only,0.0,ff71152f04ff3c17c4f535bdcd272443a47086eca1b6c90e413744cda8c3d050,ac08fd5210c632342e25bdca0042838aec90992f89eca48905cba6a354c0f063,139,-0.8608956237430418,0.01
0,0,all_strict,wholly_unseen,laplace,uniform,20.0,current_only,0.0001,ff71152f04ff3c17c4f535bdcd272443a47086eca1b6c90e413744cda8c3d050,341475a1e46761aacb27e6a2484c2afffa667b6a40e35d1677e1272765181823,139,-0.8606542953384302,0.01
0,0,all_strict,wholly_unseen,laplace,uniform,20.0,current_only,0.001,ff71152f04ff3c17c4f535bdcd272443a47086eca1b6c90e413744cda8c3d050,3e8a01107bf83b962004f1a8557f56c90ad2f00d33d02f8edd6db89a2db2ca5a,139,-0.8585791355272275,0.01
0,0,all_strict,wholly_unseen,laplace,uniform,20.0,current_only,0.01,ff71152f04ff3c17c4f535bdcd272443a47086eca1b6c90e413744cda8c3d050,e2d2fe1dd21a287cd1a95aeb311e417303fafdfa923ed9eb3b162ab0f0360296,139,-0.8446033035910746,0.01
0,0,all_strict,wholly_unseen,laplace,uniform,20.0,current_only,0.1,ff71152f04ff3c17c4f535bdcd272443a47086eca1b6c90e413744cda8c3d050,db99edfebd8ad76492c9cef7582bd14dd9073f3b3ae3ff652335e59238d5c0e0,139,-0.8455960978958151,0.01
0,1,all_strict,wholly_unseen,laplace,uniform,20.0,current_only,0.0,27a3bb4a6140f901a59aa471a99c58258a97e252dc1e140d0e5312309b75b41b,704d93826e0fbbd3c9b483a5939c87a6dbc4e65d8ed5cc53767f4fcde9cbb371,136,-0.8608956237430418,0.01
0,1,all_strict,wholly_unseen,laplace,uniform,20.0,current_only,0.0001,27a3bb4a6140f901a59aa471a99c58258a97e252dc1e140d0e5312309b75b41b,2dbe49695658ba56d316145c28b46828d252da39591bbb68a6f42b8055a02dac,136,-0.8606542953384302,0.01
0,1,all_strict,wholly_unseen,laplace,uniform,20.0,current_only,0.001,27a3bb4a6140f901a59aa471a99c58258a97e252dc1e140d0e5312309b75b41b,6ce76aa3a32240b811d0c82ad1479f33465fb4cbb50b6142020c09545d862ec7,136,-0.8585791355272275,0.01
0,1,all_strict,wholly_unseen,laplace,uniform,20.0,current_only,0.01,27a3bb4a6140f901a59aa471a99c58258a97e252dc1e140d0e5312309b75b41b,1074777c78d204d5903796d639110ffac80e57b72eafdef91fbd0cd03b098f78,136,-0.8446033035910746,0.01
0,1,all_strict,wholly_unseen,laplace,uniform,20.0,current_only,0.1,27a3bb4a6140f901a59aa471a99c58258a97e252dc1e140d0e5312309b75b41b,2beaf7c37bbf4b93acb5ae434bddf88d2a82498ca56ffb4ce8b16e7db24f51e3,136,-0.8455960978958151,0.01
0,2,all_strict,wholly_unseen,laplace,uniform,20.0,current_only,0.0,c3a17ae49362d3af3c889169dd61b790e7c0ea833118c8eb2e1b2cc8668b3073,6931b29db9d5ebb60d0b169b81937333fe15fe93f69aa8325469c1f39238faf0,138,-0.8608956237430418,0.01
0,2,all_strict,wholly_unseen,laplace,uniform,20.0,current_only,0.0001,c3a17ae49362d3af3c889169dd61b790e7c0ea833118c8eb2e1b2cc8668b3073,bac7c1f9f759f55c4dad13daa2b468a2d4712da6c6a0ad99f1cb7289ad09242b,138,-0.8606542953384302,0.01
0,2,all_strict,wholly_unseen,laplace,uniform,20.0,current_only,0.001,c3a17ae49362d3af3c889169dd61b790e7c0ea833118c8eb2e1b2cc8668b3073,de4498b304e4b9cfe8ae91ec931d75525e4e03bfc26c4d25e7712add1a943806,138,-0.8585791355272275,0.01
0,2,all_strict,wholly_unseen,laplace,uniform,20.0,current_only,0.01,c3a17ae49362d3af3c889169dd61b790e7c0ea833118c8eb2e1b2cc8668b3073,0bf0f6d5e1ce6cb06543959b55a2cb4ae1f822f6e8d51ae41a86f1dff0ec21de,138,-0.8446033035910746,0.01
0,2,all_strict,wholly_unseen,laplace,uniform,20.0,current_only,0.1,c3a17ae49362d3af3c889169dd61b790e7c0ea833118c8eb2e1b2cc8668b3073,5749e5bd00240a48a4de704a7ac615c6e02638c85aa830ec8c38307e8ef0ad53,138,-0.8455960978958151,0.01
0,0,all_strict,wholly_unseen,laplace,uniform,20.0,input_plus_surface,0.0,ff71152f04ff3c17c4f535bdcd272443a47086eca1b6c90e413744cda8c3d050,db798f83df31b9c47f672351b31aa830b392b0c421a5ee0192ae39e1edea6a0d,139,-0.5911019643481147,0.01
0,0,all_strict,wholly_unseen,laplace,uniform,20.0,input_plus_surface,0.0001,ff71152f04ff3c17c4f535bdcd272443a47086eca1b6c90e413744cda8c3d050,88369518f659e527574170f97e63295f9413938ae03a85cfcaa2af926504c632,139,-0.5896999682965498,0.01
0,0,all_strict,wholly_unseen,laplace,uniform,20.0,input_plus_surface,0.001,ff71152f04ff3c17c4f535bdcd272443a47086eca1b6c90e413744cda8c3d050,167d441221da89db1907c075161e9160bf3dd133bf4ad3f8cb886e0149f1acf3,139,-0.5805092427488079,0.01
0,0,all_strict,wholly_unseen,laplace,uniform,20.0,input_plus_surface,0.01,ff71152f04ff3c17c4f535bdcd272443a47086eca1b6c90e413744cda8c3d050,705b7864351633747b7e653eedb6e7210154f1d442651f874af2e34cc238e2e9,139,-0.5628174217299792,0.01
0,0,all_strict,wholly_unseen,laplace,uniform,20.0,input_plus_surface,0.1,ff71152f04ff3c17c4f535bdcd272443a47086eca1b6c90e413744cda8c3d050,a0a5668fe8fe7b5de0bc95362102963cba83ac56e2c50b467a36845ce0cd6b96,139,-0.6322092966889273,0.01
0,1,all_strict,wholly_unseen,laplace,uniform,20.0,input_plus_surface,0.0,27a3bb4a6140f901a59aa471a99c58258a97e252dc1e140d0e5312309b75b41b,61bc7ae6451fb2b82df4eea5f57ea5237533d86fa0779322d763bf9d955eaf0a,136,-0.5911019643481147,0.01
0,1,all_strict,wholly_unseen,laplace,uniform,20.0,input_plus_surface,0.0001,27a3bb4a6140f901a59aa471a99c58258a97e252dc1e140d0e5312309b75b41b,fe016390be207637932165d7145b8cc3aac07ac0b3f06de3b3328a289c8143c1,136,-0.5896999682965498,0.01
0,1,all_strict,wholly_unseen,laplace,uniform,20.0,input_plus_surface,0.001,27a3bb4a6140f901a59aa471a99c58258a97e252dc1e140d0e5312309b75b41b,8562f089f70595a638cb99c0d6610616d18f807ea88278c8bfa32abf422fcd95,136,-0.5805092427488079,0.01
0,1,all_strict,wholly_unseen,laplace,uniform,20.0,input_plus_surface,0.01,27a3bb4a6140f901a59aa471a99c58258a97e252dc1e140d0e5312309b75b41b,e1d7ed5a68869e746eb4b7bb126baa52f9e4c4d29022ee746c02c5e77270e4b2,136,-0.5628174217299792,0.01
0,1,all_strict,wholly_unseen,laplace,uniform,20.0,input_plus_surface,0.1,27a3bb4a6140f901a59aa471a99c58258a97e252dc1e140d0e5312309b75b41b,e147475b2f6484d5dbbbf2f74229c9a415fcd187d172144728a05f356620bbba,136,-0.6322092966889273,0.01
0,2,all_strict,wholly_unseen,laplace,uniform,20.0,input_plus_surface,0.0,c3a17ae49362d3af3c889169dd61b790e7c0ea833118c8eb2e1b2cc8668b3073,0a3d4df2b099633040b247a67bf5fced4ad83f0ae04c759f42e5e0b17caf2d75,138,-0.5911019643481147,0.01
0,2,all_strict,wholly_unseen,laplace,uniform,20.0,input_plus_surface,0.0001,c3a17ae49362d3af3c889169dd61b790e7c0ea833118c8eb2e1b2cc8668b3073,d47a0a746d75e4b75f5061417f27de183e5f6cd3a0ea8e30f25260fb93d21ac9,138,-0.5896999682965498,0.01
0,2,all_strict,wholly_unseen,laplace,uniform,20.0,input_plus_surface,0.001,c3a17ae49362d3af3c889169dd61b790e7c0ea833118c8eb2e1b2cc8668b3073,d5dc920bda2453298605a322e10e3a52b853adf1f96ea4b906c51615d345a78c,138,-0.5805092427488079,0.01
0,2,all_strict,wholly_unseen,laplace,uniform,20.0,input_plus_surface,0.01,c3a17ae49362d3af3c889169dd61b790e7c0ea833118c8eb2e1b2cc8668b3073,cdffadad4e4645b177db8c05573bebdd5f24a1be35feb8956a374bba6f4481a6,138,-0.5628174217299792,0.01
0,2,all_strict,wholly_unseen,laplace,uniform,20.0,input_plus_surface,0.1,c3a17ae49362d3af3c889169dd61b790e7c0ea833118c8eb2e1b2cc8668b3073,4f4978de47456a23a10dca8629361bd56f6529fef9b58fa356137ff6a328ae6a,138,-0.6322092966889273,0.01
0,0,all_strict,wholly_unseen,laplace,uniform,20.0,HU_plus_surface,0.0,ff71152f04ff3c17c4f535bdcd272443a47086eca1b6c90e413744cda8c3d050,66294fb520e2b078e768ed47d7ae25eea8589bcae65bea346b0815cdf0a3da9e,139,-0.6014194390305454,0.01
0,0,all_strict,wholly_unseen,laplace,uniform,20.0,HU_plus_surface,0.0001,ff71152f04ff3c17c4f535bdcd272443a47086eca1b6c90e413744cda8c3d050,fb7e9be3367e8e29d784495f4fbf3b3642c825f4509dac3fd72aedb6a4206d67,139,-0.599921924675419,0.01
0,0,all_strict,wholly_unseen,laplace,uniform,20.0,HU_plus_surface,0.001,ff71152f04ff3c17c4f535bdcd272443a47086eca1b6c90e413744cda8c3d050,59984f28718088cfc84c44ccdd8520b8e6afa86d534e7834e532ae61db93e1c2,139,-0.5900998378617269,0.01
0,0,all_strict,wholly_unseen,laplace,uniform,20.0,HU_plus_surface,0.01,ff71152f04ff3c17c4f535bdcd272443a47086eca1b6c90e413744cda8c3d050,52e24b1b6197c5340fcde265a622226891cab689ef084d8a86abcaba72f1a158,139,-0.5702268593081716,0.01
0,0,all_strict,wholly_unseen,laplace,uniform,20.0,HU_plus_surface,0.1,ff71152f04ff3c17c4f535bdcd272443a47086eca1b6c90e413744cda8c3d050,e93aae80f3d45a5fd04fb68b626183ecca92523bd6f431a6f021c57b252f8b55,139,-0.6364761314479472,0.01
0,1,all_strict,wholly_unseen,laplace,uniform,20.0,HU_plus_surface,0.0,27a3bb4a6140f901a59aa471a99c58258a97e252dc1e140d0e5312309b75b41b,4ee208cf3b2b27549369856c919278265a2722843326bdbdfa9e58ddd7e620d8,136,-0.6014194390305454,0.01
0,1,all_strict,wholly_unseen,laplace,uniform,20.0,HU_plus_surface,0.0001,27a3bb4a6140f901a59aa471a99c58258a97e252dc1e140d0e5312309b75b41b,c33c990bdea9f10f6173e696bfc5ae894116f886c972f7c0a5a16f2eba995047,136,-0.599921924675419,0.01
0,1,all_strict,wholly_unseen,laplace,uniform,20.0,HU_plus_surface,0.001,27a3bb4a6140f901a59aa471a99c58258a97e252dc1e140d0e5312309b75b41b,d0e48a32a29cb8783842f71d079f07f36eee617cf2c6e1fb732056ecefe570ef,136,-0.5900998378617269,0.01
0,1,all_strict,wholly_unseen,laplace,uniform,20.0,HU_plus_surface,0.01,27a3bb4a6140f901a59aa471a99c58258a97e252dc1e140d0e5312309b75b41b,ecfb744e83cff7375d3231a8f0eee375a488febe8883dae4081e4798e016f5b3,136,-0.5702268593081716,0.01
0,1,all_strict,wholly_unseen,laplace,uniform,20.0,HU_plus_surface,0.1,27a3bb4a6140f901a59aa471a99c58258a97e252dc1e140d0e5312309b75b41b,7c09b0334602cfaa37c015fde76e2c4be95ecb95a820672e53fa883b1180bba3,136,-0.6364761314479472,0.01
0,2,all_strict,wholly_unseen,laplace,uniform,20.0,HU_plus_surface,0.0,c3a17ae49362d3af3c889169dd61b790e7c0ea833118c8eb2e1b2cc8668b3073,7a96cb538245ecaff4c9d4f901807ab6feef6d904e68789e45300e54e1eaa68a,138,-0.6014194390305454,0.01
0,2,all_strict,wholly_unseen,laplace,uniform,20.0,HU_plus_surface,0.0001,c3a17ae49362d3af3c889169dd61b790e7c0ea833118c8eb2e1b2cc8668b3073,7c4965ec21eca59c1f0dff71f07721cb87676bda27272de5adbf9f87cbaa0cb2,138,-0.599921924675419,0.01
0,2,all_strict,wholly_unseen,laplace,uniform,20.0,HU_plus_surface,0.001,c3a17ae49362d3af3c889169dd61b790e7c0ea833118c8eb2e1b2cc8668b3073,74c0c77c013fa8fdb08a7dd018b3c01afb65feb743c614efbc9eff7f39ab8b2d,138,-0.5900998378617269,0.01
0,2,all_strict,wholly_unseen,laplace,uniform,20.0,HU_plus_surface,0.01,c3a17ae49362d3af3c889169dd61b790e7c0ea833118c8eb2e1b2cc8668b3073,f5d806018512c864c6e1a7e7b4c79702cc86c953a1bf51239f13a7fbbd6f7b70,138,-0.5702268593081716,0.01
0,2,all_strict,wholly_unseen,laplace,uniform,20.0,HU_plus_surface,0.1,c3a17ae49362d3af3c889169dd61b790e7c0ea833118c8eb2e1b2cc8668b3073,cb7eb272db8ad8f47a9e1071e70bccb0703d2ab1d7aa852d75f2fd1ce679b91c,138,-0.6364761314479472,0.01
0,0,all_strict,wholly_unseen,laplace,uniform,20.0,retention_bounded_plus_HU,0.0,ff71152f04ff3c17c4f535bdcd272443a47086eca1b6c90e413744cda8c3d050,41098a53da3eb83f8e63e8a5772b3da154fc5877719fb2902b49f512169aed0d,139,-0.6066690447592031,0.01
0,0,all_strict,wholly_unseen,laplace,uniform,20.0,retention_bounded_plus_HU,0.0001,ff71152f04ff3c17c4f535bdcd272443a47086eca1b6c90e413744cda8c3d050,1f178d638be9983b96f7bb9e86f1241ef4d7428bbe591049a49cb05f59c28e75,139,-0.6058580731120361,0.01
0,0,all_strict,wholly_unseen,laplace,uniform,20.0,retention_bounded_plus_HU,0.001,ff71152f04ff3c17c4f535bdcd272443a47086eca1b6c90e413744cda8c3d050,0e6c9fc083c2edb19851799526df9a7b204791ad0e55eb0ab8189553fef8faf3,139,-0.6009609816669895,0.01
0,0,all_strict,wholly_unseen,laplace,uniform,20.0,retention_bounded_plus_HU,0.01,ff71152f04ff3c17c4f535bdcd272443a47086eca1b6c90e413744cda8c3d050,c1986af5d4867e65eb66c9d0415f2472bb4ed09cf0df4dfa5e97aeaa368297e7,139,-0.5793569517175421,0.01
0,0,all_strict,wholly_unseen,laplace,uniform,20.0,retention_bounded_plus_HU,0.1,ff71152f04ff3c17c4f535bdcd272443a47086eca1b6c90e413744cda8c3d050,8e14e53b1515d3d141772676956c00017c8b917557e5a2d0269270dcfa9a639a,139,-0.5959526092307239,0.01
0,1,all_strict,wholly_unseen,laplace,uniform,20.0,retention_bounded_plus_HU,0.0,27a3bb4a6140f901a59aa471a99c58258a97e252dc1e140d0e5312309b75b41b,a3e489be9d828ffb5f14c14a7f3082c0f7206d837e6362e8614996b2260d6a85,136,-0.6066690447592031,0.01
0,1,all_strict,wholly_unseen,laplace,uniform,20.0,retention_bounded_plus_HU,0.0001,27a3bb4a6140f901a59aa471a99c58258a97e252dc1e140d0e5312309b75b41b,c6c2a9f969a8a894de87c139be8b4d4444380a26a63b18fbc60e11676b16ce8a,136,-0.6058580731120361,0.01
0,1,all_strict,wholly_unseen,laplace,uniform,20.0,retention_bounded_plus_HU,0.001,27a3bb4a6140f901a59aa471a99c58258a97e252dc1e140d0e5312309b75b41b,a19a1c909280c4c1a7bee1fcf285c1862c157c198e78b435cb5ac1c02a1c59ad,136,-0.6009609816669895,0.01
0,1,all_strict,wholly_unseen,laplace,uniform,20.0,retention_bounded_plus_HU,0.01,27a3bb4a6140f901a59aa471a99c58258a97e252dc1e140d0e5312309b75b41b,46dc0b2dfe2250f2d2e1aa055110fda26d14bcee285ec4ad55c067d5e6c7ab10,136,-0.5793569517175421,0.01
0,1,all_strict,wholly_unseen,laplace,uniform,20.0,retention_bounded_plus_HU,0.1,27a3bb4a6140f901a59aa471a99c58258a97e252dc1e140d0e5312309b75b41b,03b1020acde69d848684c53e6a1d0f15130c9685ed3415fc5d96e8cbf7b98cb2,136,-0.5959526092307239,0.01
0,2,all_strict,wholly_unseen,laplace,uniform,20.0,retention_bounded_plus_HU,0.0,c3a17ae49362d3af3c889169dd61b790e7c0ea833118c8eb2e1b2cc8668b3073,7fe02b32115214f4a5f9acb9bf6f21196d3771ebc5a0331afb2f8f4ef9f60425,138,-0.6066690447592031,0.01
0,2,all_strict,wholly_unseen,laplace,uniform,20.0,retention_bounded_plus_HU,0.0001,c3a17ae49362d3af3c889169dd61b790e7c0ea833118c8eb2e1b2cc8668b3073,968ff4d0bffaaa2562ebf27a02f0bf8697aeddd25f9e9bb0055c7ba790634e3e,138,-0.6058580731120361,0.01
0,2,all_strict,wholly_unseen,laplace,uniform,20.0,retention_bounded_plus_HU,0.001,c3a17ae49362d3af3c889169dd61b790e7c0ea833118c8eb2e1b2cc8668b3073,a1c9712716fcdbc3beae26bdfdc5e500bf4664470c740812622e02b338026ba8,138,-0.6009609816669895,0.01
0,2,all_strict,wholly_unseen,laplace,uniform,20.0,retention_bounded_plus_HU,0.01,c3a17ae49362d3af3c889169dd61b790e7c0ea833118c8eb2e1b2cc8668b3073,d1f45fdfd457d18a1238baf2783952431e95969dc74db7224ed5c51c8dfc5d12,138,-0.5793569517175421,0.01
0,2,all_strict,wholly_unseen,laplace,uniform,20.0,retention_bounded_plus_HU,0.1,c3a17ae49362d3af3c889169dd61b790e7c0ea833118c8eb2e1b2cc8668b3073,3d9fc2aa60d1ef9e3abdc48aa03bdcdbc1491cc95d04985e1531b14b9404a319,138,-0.5959526092307239,0.01
0,0,all_strict,wholly_unseen,gh80,uniform,20.0,HU_plus_surface,0.0,ff71152f04ff3c17c4f535bdcd272443a47086eca1b6c90e413744cda8c3d050,7d4cccf9d11fbf637e0d17f0aa667450213a072acc59ad0f91509b31247e55ae,139,-0.5904436262415643,0.01
0,0,all_strict,wholly_unseen,gh80,uniform,20.0,HU_plus_surface,0.0001,ff71152f04ff3c17c4f535bdcd272443a47086eca1b6c90e413744cda8c3d050,e350bf79525be77523e0641c55de407ee407911ac1f0bdb1a3e0a13bc420f629,139,-0.5889062929076938,0.01
0,0,all_strict,wholly_unseen,gh80,uniform,20.0,HU_plus_surface,0.001,ff71152f04ff3c17c4f535bdcd272443a47086eca1b6c90e413744cda8c3d050,5cc12f8506354bdf9414ab853fddbd0fe0fde2bdbed2024b5d122f877fcaada6,139,-0.5790696273950092,0.01
0,0,all_strict,wholly_unseen,gh80,uniform,20.0,HU_plus_surface,0.01,ff71152f04ff3c17c4f535bdcd272443a47086eca1b6c90e413744cda8c3d050,c83995ff4748691b781fd9b0ce13e2dbb4689420e5097988fcfa85de90501aad,139,-0.5614423469393852,0.01
0,0,all_strict,wholly_unseen,gh80,uniform,20.0,HU_plus_surface,0.1,ff71152f04ff3c17c4f535bdcd272443a47086eca1b6c90e413744cda8c3d050,e6e3810070ea399b51ed352c66b6a4de4a8c928343e62d1673989fad3703d329,139,-0.633168524040102,0.01
0,1,all_strict,wholly_unseen,gh80,uniform,20.0,HU_plus_surface,0.0,27a3bb4a6140f901a59aa471a99c58258a97e252dc1e140d0e5312309b75b41b,1c1fee31c55ae8c83ce8df6195726d47337f5936cae8ebc62224ef1dd4d51594,136,-0.5904436262415643,0.01
0,1,all_strict,wholly_unseen,gh80,uniform,20.0,HU_plus_surface,0.0001,27a3bb4a6140f901a59aa471a99c58258a97e252dc1e140d0e5312309b75b41b,d3c88890231d976f2f1ed440f605328f68e0e3120af1eede76c137d06834993c,136,-0.5889062929076938,0.01
0,1,all_strict,wholly_unseen,gh80,uniform,20.0,HU_plus_surface,0.001,27a3bb4a6140f901a59aa471a99c58258a97e252dc1e140d0e5312309b75b41b,530a9e942392e3113713b8376b0177160085158a74c24478a8290c4d5eb97663,136,-0.5790696273950092,0.01
0,1,all_strict,wholly_unseen,gh80,uniform,20.0,HU_plus_surface,0.01,27a3bb4a6140f901a59aa471a99c58258a97e252dc1e140d0e5312309b75b41b,799805ea9e8f636227bf2214b802a5598120633326ded6c481ed100b48dc633f,136,-0.5614423469393852,0.01
0,1,all_strict,wholly_unseen,gh80,uniform,20.0,HU_plus_surface,0.1,27a3bb4a6140f901a59aa471a99c58258a97e252dc1e140d0e5312309b75b41b,3be6638211d29e55095d9a4712b33c52fd771299d2248656a70bb0c4ce148051,136,-0.633168524040102,0.01
0,2,all_strict,wholly_unseen,gh80,uniform,20.0,HU_plus_surface,0.0,c3a17ae49362d3af3c889169dd61b790e7c0ea833118c8eb2e1b2cc8668b3073,d6ecc5ad483617ed3c7391e2ad10724ed2c3105967ae469b3a26658bfc33fbd0,138,-0.5904436262415643,0.01
0,2,all_strict,wholly_unseen,gh80,uniform,20.0,HU_plus_surface,0.0001,c3a17ae49362d3af3c889169dd61b790e7c0ea833118c8eb2e1b2cc8668b3073,c205d1be07909963b1d2dadda9feb28547ea26da3659261229b03843ef5baa62,138,-0.5889062929076938,0.01
0,2,all_strict,wholly_unseen,gh80,uniform,20.0,HU_plus_surface,0.001,c3a17ae49362d3af3c889169dd61b790e7c0ea833118c8eb2e1b2cc8668b3073,6eb89c7961e9638fe1fa32aa7cbd6613e1fda41c35192be13e1ca9bd9626a40d,138,-0.5790696273950092,0.01
0,2,all_strict,wholly_unseen,gh80,uniform,20.0,HU_plus_surface,0.01,c3a17ae49362d3af3c889169dd61b790e7c0ea833118c8eb2e1b2cc8668b3073,8c76fefbc66204a374c59e3c30d66b49d763e21bead90da30246a06e72b1f66d,138,-0.5614423469393852,0.01
0,2,all_strict,wholly_unseen,gh80,uniform,20.0,HU_plus_surface,0.1,c3a17ae49362d3af3c889169dd61b790e7c0ea833118c8eb2e1b2cc8668b3073,573408da1685460afebae7ef66191ba3420d044b3c4c1372c8f5e22d190cdb04,138,-0.633168524040102,0.01
0,0,all_strict,wholly_unseen,gh80,uniform,20.0,retention_bounded_plus_HU,0.0,ff71152f04ff3c17c4f535bdcd272443a47086eca1b6c90e413744cda8c3d050,feb5da282ff8926254303e6f4d40970abbc5423ba6fc382cf514204e37f09d6f,139,-0.6063035644627205,0.01
0,0,all_strict,wholly_unseen,gh80,uniform,20.0,retention_bounded_plus_HU,0.0001,ff71152f04ff3c17c4f535bdcd272443a47086eca1b6c90e413744cda8c3d050,941de6094464605fdbbc15208095942b29fc706025f2dfd950714417350ed46c,139,-0.6050392821944691,0.01
0,0,all_strict,wholly_unseen,gh80,uniform,20.0,retention_bounded_plus_HU,0.001,ff71152f04ff3c17c4f535bdcd272443a47086eca1b6c90e413744cda8c3d050,4df27a2e99034841382a0239f33baf2922b3141254e9f15dc7dfb3064ad4a1dd,139,-0.600061017677861,0.01
0,0,all_strict,wholly_unseen,gh80,uniform,20.0,retention_bounded_plus_HU,0.01,ff71152f04ff3c17c4f535bdcd272443a47086eca1b6c90e413744cda8c3d050,4ea94c57b029061eb410fbbfb37f330ab942e6562c1cf3913519288ff3176b76,139,-0.5791602767463544,0.01
0,0,all_strict,wholly_unseen,gh80,uniform,20.0,retention_bounded_plus_HU,0.1,ff71152f04ff3c17c4f535bdcd272443a47086eca1b6c90e413744cda8c3d050,bf3774d2dfa155ed105be2a2fb5a99a3c5ac6c9e87b0768977aa87bdaeee217e,139,-0.5956163339126261,0.01
0,1,all_strict,wholly_unseen,gh80,uniform,20.0,retention_bounded_plus_HU,0.0,27a3bb4a6140f901a59aa471a99c58258a97e252dc1e140d0e5312309b75b41b,3540852904104933a2fa0c59a8328b5c355a53fc6724304b6c3578ce793b4eea,136,-0.6063035644627205,0.01
0,1,all_strict,wholly_unseen,gh80,uniform,20.0,retention_bounded_plus_HU,0.0001,27a3bb4a6140f901a59aa471a99c58258a97e252dc1e140d0e5312309b75b41b,c8dfb8b3a2f84fab04c02eba0073c725d03eb8035c54586cb4f9b8f089127b36,136,-0.6050392821944691,0.01
0,1,all_strict,wholly_unseen,gh80,uniform,20.0,retention_bounded_plus_HU,0.001,27a3bb4a6140f901a59aa471a99c58258a97e252dc1e140d0e5312309b75b41b,90326c4255aa898b136b674ad27a5d513dfaf492bbb6c6cfceafe338667b2c58,136,-0.600061017677861,0.01
0,1,all_strict,wholly_unseen,gh80,uniform,20.0,retention_bounded_plus_HU,0.01,27a3bb4a6140f901a59aa471a99c58258a97e252dc1e140d0e5312309b75b41b,e25e06b8d65d8dc5132f90dcf7ca96486fd20012842f34b0a4a31ddd1a90e9cd,136,-0.5791602767463544,0.01
0,1,all_strict,wholly_unseen,gh80,uniform,20.0,retention_bounded_plus_HU,0.1,27a3bb4a6140f901a59aa471a99c58258a97e252dc1e140d0e5312309b75b41b,63c7ceaa7ebadec23e4be6e48c43c14c9779e95a40ee8922218c88931b4c42c1,136,-0.5956163339126261,0.01
0,2,all_strict,wholly_unseen,gh80,uniform,20.0,retention_bounded_plus_HU,0.0,c3a17ae49362d3af3c889169dd61b790e7c0ea833118c8eb2e1b2cc8668b3073,dd67f93bd56810b38002a8ba98cf72aa0d5162828f9e632c46f731251a6dff87,138,-0.6063035644627205,0.01
0,2,all_strict,wholly_unseen,gh80,uniform,20.0,retention_bounded_plus_HU,0.0001,c3a17ae49362d3af3c889169dd61b790e7c0ea833118c8eb2e1b2cc8668b3073,d1b64289c77608f21a64832ea7ffd9e98efdd6b008f750c84a8b4d9a122de1f3,138,-0.6050392821944691,0.01
0,2,all_strict,wholly_unseen,gh80,uniform,20.0,retention_bounded_plus_HU,0.001,c3a17ae49362d3af3c889169dd61b790e7c0ea833118c8eb2e1b2cc8668b3073,b98275fc7899668c93b751592b17478623f3f1d2a534a29394751cc9deac6d1e,138,-0.600061017677861,0.01
0,2,all_strict,wholly_unseen,gh80,uniform,20.0,retention_bounded_plus_HU,0.01,c3a17ae49362d3af3c889169dd61b790e7c0ea833118c8eb2e1b2cc8668b3073,d5d764445135fecd5da2bbd1c2e0bdd1cc97bd884eb960da960c4a23e079604e,138,-0.5791602767463544,0.01
0,2,all_strict,wholly_unseen,gh80,uniform,20.0,retention_bounded_plus_HU,0.1,c3a17ae49362d3af3c889169dd61b790e7c0ea833118c8eb2e1b2cc8668b3073,80ef5c76317315dd106485beefced65cc3223fe79dd90596f31d5c4f4399ddb3,138,-0.5956163339126261,0.01
0,0,all_agreeing_offsets,side_informed,laplace,uniform,20.0,retention_bounded,0.0,ff71152f04ff3c17c4f535bdcd272443a47086eca1b6c90e413744cda8c3d050,8eddd0e7afef4af4ff43b017868769b0275d086e81b7187afb03cfb25dd21023,139,-0.30530487870359735,0.01
0,0,all_agreeing_offsets,side_informed,laplace,uniform,20.0,retention_bounded,0.0001,ff71152f04ff3c17c4f535bdcd272443a47086eca1b6c90e413744cda8c3d050,7733588cd9906641d9eb532c8cd7620c75e768246470c3e74b17489f7814d708,139,-0.30453582271717283,0.01
0,0,all_agreeing_offsets,side_informed,laplace,uniform,20.0,retention_bounded,0.001,ff71152f04ff3c17c4f535bdcd272443a47086eca1b6c90e413744cda8c3d050,17582588073617c8999de0a655cd46c1ec3089cf434224445dd68110e4575198,139,-0.2991232671701464,0.01
0,0,all_agreeing_offsets,side_informed,laplace,uniform,20.0,retention_bounded,0.01,ff71152f04ff3c17c4f535bdcd272443a47086eca1b6c90e413744cda8c3d050,a97e7cade6c8f3cb7c3cd2ad47b1ddd49249c38740f1ca885705f1a062a9ee45,139,-0.28568637237755057,0.01
0,0,all_agreeing_offsets,side_informed,laplace,uniform,20.0,retention_bounded,0.1,ff71152f04ff3c17c4f535bdcd272443a47086eca1b6c90e413744cda8c3d050,7554d1dc75026a89def62f5f9384833e23907c3a8f0134ec5ae81b6367880e0d,139,-0.33911743668406363,0.01
0,1,all_agreeing_offsets,side_informed,laplace,uniform,20.0,retention_bounded,0.0,27a3bb4a6140f901a59aa471a99c58258a97e252dc1e140d0e5312309b75b41b,25793c7f5a7b138cd8a7d470d3a37a9198878d4c57a95a7ad97be949b7248e04,136,-0.30530487870359735,0.01
0,1,all_agreeing_offsets,side_informed,laplace,uniform,20.0,retention_bounded,0.0001,27a3bb4a6140f901a59aa471a99c58258a97e252dc1e140d0e5312309b75b41b,5af3f26e194411afc67d4889b6c393e361804009c718111f4389f9f0469b0ef1,136,-0.30453582271717283,0.01
0,1,all_agreeing_offsets,side_informed,laplace,uniform,20.0,retention_bounded,0.001,27a3bb4a6140f901a59aa471a99c58258a97e252dc1e140d0e5312309b75b41b,cd164abb3f1a3e808555b75db6cef1f969a55c901c100999d8e858f6b310fd6c,136,-0.2991232671701464,0.01
0,1,all_agreeing_offsets,side_informed,laplace,uniform,20.0,retention_bounded,0.01,27a3bb4a6140f901a59aa471a99c58258a97e252dc1e140d0e5312309b75b41b,8e265af66b34cc291affef82dae32a03b680ed19e10d1010333a24c26e512ee1,136,-0.28568637237755057,0.01
0,1,all_agreeing_offsets,side_informed,laplace,uniform,20.0,retention_bounded,0.1,27a3bb4a6140f901a59aa471a99c58258a97e252dc1e140d0e5312309b75b41b,f3a9524dbf886c99fa6a84e94a00f8e29287aea798863e4bb6dd06d7c998910f,136,-0.33911743668406363,0.01
0,2,all_agreeing_offsets,side_informed,laplace,uniform,20.0,retention_bounded,0.0,c3a17ae49362d3af3c889169dd61b790e7c0ea833118c8eb2e1b2cc8668b3073,bf4d09449766a17f3f211f608bf96a72501d8a68f6fc0f488b7dd3ac711503fa,138,-0.30530487870359735,0.01
0,2,all_agreeing_offsets,side_informed,laplace,uniform,20.0,retention_bounded,0.0001,c3a17ae49362d3af3c889169dd61b790e7c0ea833118c8eb2e1b2cc8668b3073,6f7c5de3d142155fcb2b8509008586f085aa660222e7d18b33fff7f8dadb4205,138,-0.30453582271717283,0.01
0,2,all_agreeing_offsets,side_informed,laplace,uniform,20.0,retention_bounded,0.001,c3a17ae49362d3af3c889169dd61b790e7c0ea833118c8eb2e1b2cc8668b3073,f5493daf6f65f686c9c04d965c36b6c4272af5e2363dc1e516b3a9b5bcdda744,138,-0.2991232671701464,0.01
0,2,all_agreeing_offsets,side_informed,laplace,uniform,20.0,retention_bounded,0.01,c3a17ae49362d3af3c889169dd61b790e7c0ea833118c8eb2e1b2cc8668b3073,7056efe808028738b80dd93862fc4bdfe3026b6deaeb014524e3bc6cead7a5ee,138,-0.28568637237755057,0.01
0,2,all_agreeing_offsets,side_informed,laplace,uniform,20.0,retention_bounded,0.1,c3a17ae49362d3af3c889169dd61b790e7c0ea833118c8eb2e1b2cc8668b3073,f2e10aeff14ba62a1dcb32ff90ad072d8d5b88ad87357cb60f799d377bde9c0f,138,-0.33911743668406363,0.01
0,0,all_agreeing_offsets,side_informed,laplace,uniform,20.0,retention_nonnegative,0.0,ff71152f04ff3c17c4f535bdcd272443a47086eca1b6c90e413744cda8c3d050,02abe022a4ecf65fc9d9010265ac8df69b00e5e15d41484c726d4c9e490a82ff,139,-0.3053048797537187,0.001
0,0,all_agreeing_offsets,side_informed,laplace,uniform,20.0,retention_nonnegative,0.0001,ff71152f04ff3c17c4f535bdcd272443a47086eca1b6c90e413744cda8c3d050,494b488c9471a2574dc3572dea149bc7451c341b9b20cde55066c6a6a97b18d5,139,-0.30418571819107526,0.001
0,0,all_agreeing_offsets,side_informed,laplace,uniform,20.0,retention_nonnegative,0.001,ff71152f04ff3c17c4f535bdcd272443a47086eca1b6c90e413744cda8c3d050,15b15b8e188b190cc55bdca40ed8749d87e347596bb9203d9b80ee0289ae7c1c,139,-0.29895116217892187,0.001
0,0,all_agreeing_offsets,side_informed,laplace,uniform,20.0,retention_nonnegative,0.01,ff71152f04ff3c17c4f535bdcd272443a47086eca1b6c90e413744cda8c3d050,d15426d7ab6184cf73a502a82e1af3fd9b225b38bf287a5fd076dac37dab1281,139,-0.30965701131567297,0.001
0,0,all_agreeing_offsets,side_informed,laplace,uniform,20.0,retention_nonnegative,0.1,ff71152f04ff3c17c4f535bdcd272443a47086eca1b6c90e413744cda8c3d050,0cd71be40df764bfabbc51fa221fa5a9e88d47c558775bf1278ecbcf6d641bb5,139,-0.40804864647019423,0.001
0,1,all_agreeing_offsets,side_informed,laplace,uniform,20.0,retention_nonnegative,0.0,27a3bb4a6140f901a59aa471a99c58258a97e252dc1e140d0e5312309b75b41b,e5d173fcfe8ef8546dde3ccc2f1a5a1e2e6baeda7ad9eda70f649afa554fd8fd,136,-0.3053048797537187,0.001
0,1,all_agreeing_offsets,side_informed,laplace,uniform,20.0,retention_nonnegative,0.0001,27a3bb4a6140f901a59aa471a99c58258a97e252dc1e140d0e5312309b75b41b,0462d805edd8313f74d546c57bbddbf1d21d783547354ec56a5a49d01637394f,136,-0.30418571819107526,0.001
0,1,all_agreeing_offsets,side_informed,laplace,uniform,20.0,retention_nonnegative,0.001,27a3bb4a6140f901a59aa471a99c58258a97e252dc1e140d0e5312309b75b41b,0f5e0b0014de3d4000d949c66df16972c3fd73d5ad67e3beb8b79da357c11f9a,136,-0.29895116217892187,0.001
0,1,all_agreeing_offsets,side_informed,laplace,uniform,20.0,retention_nonnegative,0.01,27a3bb4a6140f901a59aa471a99c58258a97e252dc1e140d0e5312309b75b41b,f71cb5cb7e723a98714511e049e11c5441ae9382dbe1a9b86bad374fbd34644d,136,-0.30965701131567297,0.001
0,1,all_agreeing_offsets,side_informed,laplace,uniform,20.0,retention_nonnegative,0.1,27a3bb4a6140f901a59aa471a99c58258a97e252dc1e140d0e5312309b75b41b,460c98fd790b3740d1d59fd7979bfdb1aa9253ef806dfb37f96f56c7f50178fe,136,-0.40804864647019423,0.001
0,2,all_agreeing_offsets,side_informed,laplace,uniform,20.0,retention_nonnegative,0.0,c3a17ae49362d3af3c889169dd61b790e7c0ea833118c8eb2e1b2cc8668b3073,977b528b53a75a156a5a57745b63b75258444b4dda45176cd291f25c19195085,138,-0.3053048797537187,0.001
0,2,all_agreeing_offsets,side_informed,laplace,uniform,20.0,retention_nonnegative,0.0001,c3a17ae49362d3af3c889169dd61b790e7c0ea833118c8eb2e1b2cc8668b3073,71e21b3e93c941df1c9f846f4f106e0d37cf8c992e229258d9d61c0013bbbd6e,138,-0.30418571819107526,0.001
0,2,all_agreeing_offsets,side_informed,laplace,uniform,20.0,retention_nonnegative,0.001,c3a17ae49362d3af3c889169dd61b790e7c0ea833118c8eb2e1b2cc8668b3073,b0aacd3c9642ff81f59ea81724bb28d93011a5cf1a53aeadb30d7250e37c97fe,138,-0.29895116217892187,0.001
0,2,all_agreeing_offsets,side_informed,laplace,uniform,20.0,retention_nonnegative,0.01,c3a17ae49362d3af3c889169dd61b790e7c0ea833118c8eb2e1b2cc8668b3073,9ed1082223d0b293b00e118f8edec7d3707f70770039d13df9bc303c18ba03cd,138,-0.30965701131567297,0.001
0,2,all_agreeing_offsets,side_informed,laplace,uniform,20.0,retention_nonnegative,0.1,c3a17ae49362d3af3c889169dd61b790e7c0ea833118c8eb2e1b2cc8668b3073,fa6281f4b52b3956b76005bbfbd8d54ee26a677c73f105cdbdb9a45104fa91f7,138,-0.40804864647019423,0.001
0,0,all_agreeing_offsets,side_informed,laplace,uniform,20.0,current_only,0.0,ff71152f04ff3c17c4f535bdcd272443a47086eca1b6c90e413744cda8c3d050,61f52463d95b65d1d6022705a49b600096d7c131fba0ef5cca209de9d35f057e,139,-0.5865674824551323,0.01
0,0,all_agreeing_offsets,side_informed,laplace,uniform,20.0,current_only,0.0001,ff71152f04ff3c17c4f535bdcd272443a47086eca1b6c90e413744cda8c3d050,b4a05ed7fc0f942782204ce5d84f075894e6163b7c9bc5d45b8d5aec50e766e6,139,-0.5863261540505207,0.01
0,0,all_agreeing_offsets,side_informed,laplace,uniform,20.0,current_only,0.001,ff71152f04ff3c17c4f535bdcd272443a47086eca1b6c90e413744cda8c3d050,b5f4a3e69b7f31f223353c57200d1afc9ae03ca2f2aa1882207951a2a55a51e2,139,-0.5842509942393178,0.01
0,0,all_agreeing_offsets,side_informed,laplace,uniform,20.0,current_only,0.01,ff71152f04ff3c17c4f535bdcd272443a47086eca1b6c90e413744cda8c3d050,8d260eb2ef57ffa6b43f400aaaf00a08cfa8170c14ea00692965888403b7448b,139,-0.5702751620843143,0.01
0,0,all_agreeing_offsets,side_informed,laplace,uniform,20.0,current_only,0.1,ff71152f04ff3c17c4f535bdcd272443a47086eca1b6c90e413744cda8c3d050,d35e5f6e0b773d455ce509f37df20786b99aa343b530110abe3ff04477a9c56d,139,-0.5712679566079057,0.01
0,1,all_agreeing_offsets,side_informed,laplace,uniform,20.0,current_only,0.0,27a3bb4a6140f901a59aa471a99c58258a97e252dc1e140d0e5312309b75b41b,2ccaf01b5500dcb7d0f1ffd38e61f22281e593a887168d64a355cbf27ba85f9c,136,-0.5865674824551323,0.01
0,1,all_agreeing_offsets,side_informed,laplace,uniform,20.0,current_only,0.0001,27a3bb4a6140f901a59aa471a99c58258a97e252dc1e140d0e5312309b75b41b,51533da56bd2e940f614f9b91464c67320abf54b8e07de37e388eb9f7bb530b7,136,-0.5863261540505207,0.01
0,1,all_agreeing_offsets,side_informed,laplace,uniform,20.0,current_only,0.001,27a3bb4a6140f901a59aa471a99c58258a97e252dc1e140d0e5312309b75b41b,0a25a929e51716fcf3e0c756273da305f10534274c3db058bbd2850d0fcc67b2,136,-0.5842509942393178,0.01
0,1,all_agreeing_offsets,side_informed,laplace,uniform,20.0,current_only,0.01,27a3bb4a6140f901a59aa471a99c58258a97e252dc1e140d0e5312309b75b41b,c535c614f0234df1916e59108144dbb2d375585d803cb70b0bc289efd85242c1,136,-0.5702751620843143,0.01
0,1,all_agreeing_offsets,side_informed,laplace,uniform,20.0,current_only,0.1,27a3bb4a6140f901a59aa471a99c58258a97e252dc1e140d0e5312309b75b41b,bb6530de69e2a10f1c0995372366bd261606f5c02881038881bacc684fcf326a,136,-0.5712679566079057,0.01
0,2,all_agreeing_offsets,side_informed,laplace,uniform,20.0,current_only,0.0,c3a17ae49362d3af3c889169dd61b790e7c0ea833118c8eb2e1b2cc8668b3073,e186228cdeab34ea6d37aa83d8e13685ff30e68b698f3de0d69810529262be96,138,-0.5865674824551323,0.01
0,2,all_agreeing_offsets,side_informed,laplace,uniform,20.0,current_only,0.0001,c3a17ae49362d3af3c889169dd61b790e7c0ea833118c8eb2e1b2cc8668b3073,d93c1e2c01de5fe43e59c43937b221fab89ec2a983f64541d201b27dda755501,138,-0.5863261540505207,0.01
0,2,all_agreeing_offsets,side_informed,laplace,uniform,20.0,current_only,0.001,c3a17ae49362d3af3c889169dd61b790e7c0ea833118c8eb2e1b2cc8668b3073,8f329433d22ed5018c42fdc2feaa5a3f8cdeba5aee0a10f1226aac3c96ae0fb9,138,-0.5842509942393178,0.01
0,2,all_agreeing_offsets,side_informed,laplace,uniform,20.0,current_only,0.01,c3a17ae49362d3af3c889169dd61b790e7c0ea833118c8eb2e1b2cc8668b3073,6a9dc822d8e8c46ad0257b1a9773b67183c3160609fbfc9918e780e4de4dee29,138,-0.5702751620843143,0.01
0,2,all_agreeing_offsets,side_informed,laplace,uniform,20.0,current_only,0.1,c3a17ae49362d3af3c889169dd61b790e7c0ea833118c8eb2e1b2cc8668b3073,d4a03503d51a354254102a62cbe3c8e45a6881c52c1e61007dce9190df01d1ee,138,-0.5712679566079057,0.01
0,0,all_agreeing_offsets,side_informed,laplace,uniform,20.0,input_plus_surface,0.0,ff71152f04ff3c17c4f535bdcd272443a47086eca1b6c90e413744cda8c3d050,1719dfd2a6478f6213714e29a7bd7af6fcd6f63c803f8497344753124a383ae2,139,-0.3028156263241775,0.01
0,0,all_agreeing_offsets,side_informed,laplace,uniform,20.0,input_plus_surface,0.0001,ff71152f04ff3c17c4f535bdcd272443a47086eca1b6c90e413744cda8c3d050,538a6bd851990b4d7e389d6799c7e0543577e8b9f091d3f59c2c3d426e1f14dc,139,-0.3016602576934777,0.01
0,0,all_agreeing_offsets,side_informed,laplace,uniform,20.0,input_plus_surface,0.001,ff71152f04ff3c17c4f535bdcd272443a47086eca1b6c90e413744cda8c3d050,2e81b0357e896b9f2764457910e00b2f3d0d56a7fa32bd320c76dee809aa7b75,139,-0.2945554269658797,0.01
0,0,all_agreeing_offsets,side_informed,laplace,uniform,20.0,input_plus_surface,0.01,ff71152f04ff3c17c4f535bdcd272443a47086eca1b6c90e413744cda8c3d050,7da0f4bed614b4df5ccdc155095310ae80344372364d0bad02715b1712d6d236,139,-0.28520533015955646,0.01
0,0,all_agreeing_offsets,side_informed,laplace,uniform,20.0,input_plus_surface,0.1,ff71152f04ff3c17c4f535bdcd272443a47086eca1b6c90e413744cda8c3d050,e12e22c31ca325f7807b2a84d953b0882e5818bcd5cd8f982b7170504070d002,139,-0.3597394970617489,0.01
0,1,all_agreeing_offsets,side_informed,laplace,uniform,20.0,input_plus_surface,0.0,27a3bb4a6140f901a59aa471a99c58258a97e252dc1e140d0e5312309b75b41b,bd80c54523d71fe60b1d0b0e1803caec143a111d822c58da6886db4ff0c191a3,136,-0.3028156263241775,0.01
0,1,all_agreeing_offsets,side_informed,laplace,uniform,20.0,input_plus_surface,0.0001,27a3bb4a6140f901a59aa471a99c58258a97e252dc1e140d0e5312309b75b41b,fa0b6f1b3a020b200aaa8297fc7c706d2d1e0e64a7afe0675034d525ae3028f7,136,-0.3016602576934777,0.01
0,1,all_agreeing_offsets,side_informed,laplace,uniform,20.0,input_plus_surface,0.001,27a3bb4a6140f901a59aa471a99c58258a97e252dc1e140d0e5312309b75b41b,ba221c0221b2da91c5139cf262ffcf4ba37017114b64e4acb08d6568c1d936dd,136,-0.2945554269658797,0.01
0,1,all_agreeing_offsets,side_informed,laplace,uniform,20.0,input_plus_surface,0.01,27a3bb4a6140f901a59aa471a99c58258a97e252dc1e140d0e5312309b75b41b,47931c0de3cbb90185213f801aa00a1f5df344c4671d88e80399ca308364ccb8,136,-0.28520533015955646,0.01
0,1,all_agreeing_offsets,side_informed,laplace,uniform,20.0,input_plus_surface,0.1,27a3bb4a6140f901a59aa471a99c58258a97e252dc1e140d0e5312309b75b41b,bb6dddb57b0667798869f25e4c714f1456135facc3a4366ec2ce8b6d64c24ece,136,-0.3597394970617489,0.01
0,2,all_agreeing_offsets,side_informed,laplace,uniform,20.0,input_plus_surface,0.0,c3a17ae49362d3af3c889169dd61b790e7c0ea833118c8eb2e1b2cc8668b3073,2b179be8e1c0f9ce6be66bb1a47fb84ec8bb5c648adcac4f15dff9d11d643e40,138,-0.3028156263241775,0.01
0,2,all_agreeing_offsets,side_informed,laplace,uniform,20.0,input_plus_surface,0.0001,c3a17ae49362d3af3c889169dd61b790e7c0ea833118c8eb2e1b2cc8668b3073,2e163552d383badc9387125c99fa9defcb9d1316c28d48cbbdfaf01af25bbdef,138,-0.3016602576934777,0.01
0,2,all_agreeing_offsets,side_informed,laplace,uniform,20.0,input_plus_surface,0.001,c3a17ae49362d3af3c889169dd61b790e7c0ea833118c8eb2e1b2cc8668b3073,2eee16163e6414ba2a47a1470058d826d00bb6ae4348bae2f5fc214c40e1986a,138,-0.2945554269658797,0.01
0,2,all_agreeing_offsets,side_informed,laplace,uniform,20.0,input_plus_surface,0.01,c3a17ae49362d3af3c889169dd61b790e7c0ea833118c8eb2e1b2cc8668b3073,c16ed330092da46be59b5ca1eab2fd38a62be5b7636e39d0816613b03ec75939,138,-0.28520533015955646,0.01
0,2,all_agreeing_offsets,side_informed,laplace,uniform,20.0,input_plus_surface,0.1,c3a17ae49362d3af3c889169dd61b790e7c0ea833118c8eb2e1b2cc8668b3073,136adfc1e3e562309628ca63377bf84b06a71c45aac21620d7f77dacd9f391e8,138,-0.3597394970617489,0.01
0,0,all_agreeing_offsets,side_informed,laplace,uniform,20.0,HU_plus_surface,0.0,ff71152f04ff3c17c4f535bdcd272443a47086eca1b6c90e413744cda8c3d050,453ce27a6c639e3321edb221cdf3e3bb1340e4b9e55f03df86c9fdef979ae1a9,139,-0.3115552318346832,0.01
0,0,all_agreeing_offsets,side_informed,laplace,uniform,20.0,HU_plus_surface,0.0001,ff71152f04ff3c17c4f535bdcd272443a47086eca1b6c90e413744cda8c3d050,1270bfe9f63f949fa1084d7498d50bbf7b718653e35036dcc64f89eb5a51f7dd,139,-0.3103508958118718,0.01
0,0,all_agreeing_offsets,side_informed,laplace,uniform,20.0,HU_plus_surface,0.001,ff71152f04ff3c17c4f535bdcd272443a47086eca1b6c90e413744cda8c3d050,d0f899b01a75082c13dd242361e4fb6f0b218fe0a36b042022fb91077a68d996,139,-0.3029733419051032,0.01
0,0,all_agreeing_offsets,side_informed,laplace,uniform,20.0,HU_plus_surface,0.01,ff71152f04ff3c17c4f535bdcd272443a47086eca1b6c90e413744cda8c3d050,516f023f93535674807dab59e155906a62426d9f1ca0812f432c361b911dd566,139,-0.29261388122563825,0.01
0,0,all_agreeing_offsets,side_informed,laplace,uniform,20.0,HU_plus_surface,0.1,ff71152f04ff3c17c4f535bdcd272443a47086eca1b6c90e413744cda8c3d050,fbf39eee0ac0c6d9507cb835601d2c277040fa6ac8e650d549048183a76314e5,139,-0.3643850589893874,0.01
0,1,all_agreeing_offsets,side_informed,laplace,uniform,20.0,HU_plus_surface,0.0,27a3bb4a6140f901a59aa471a99c58258a97e252dc1e140d0e5312309b75b41b,ba0b89d9a9114c0e126b8040c1847a0bb9297be377decaef8f1f715b9ba9c731,136,-0.3115552318346832,0.01
0,1,all_agreeing_offsets,side_informed,laplace,uniform,20.0,HU_plus_surface,0.0001,27a3bb4a6140f901a59aa471a99c58258a97e252dc1e140d0e5312309b75b41b,890b5d25322555163423d45f83fd1b07fa86ab9c066a92c90a7595e51926903c,136,-0.3103508958118718,0.01
0,1,all_agreeing_offsets,side_informed,laplace,uniform,20.0,HU_plus_surface,0.001,27a3bb4a6140f901a59aa471a99c58258a97e252dc1e140d0e5312309b75b41b,a6c9f5ef4d0a095688ecf3a02acc6cc514f2fe41db7199e685f62f8f10305084,136,-0.3029733419051032,0.01
0,1,all_agreeing_offsets,side_informed,laplace,uniform,20.0,HU_plus_surface,0.01,27a3bb4a6140f901a59aa471a99c58258a97e252dc1e140d0e5312309b75b41b,9ea980312ed06d2ecd0276ee3a8d9df121c0f6c1ef4baeef0e0e418dd14a91ee,136,-0.29261388122563825,0.01
0,1,all_agreeing_offsets,side_informed,laplace,uniform,20.0,HU_plus_surface,0.1,27a3bb4a6140f901a59aa471a99c58258a97e252dc1e140d0e5312309b75b41b,f73ebd0bb02e5e77619a24411a323e20607849d7b5e59860c0962ce022b0347a,136,-0.3643850589893874,0.01
0,2,all_agreeing_offsets,side_informed,laplace,uniform,20.0,HU_plus_surface,0.0,c3a17ae49362d3af3c889169dd61b790e7c0ea833118c8eb2e1b2cc8668b3073,c07981e4566ba5b7761270f9088d887fe9e961ab19281ed14179bd7ebc54d5fb,138,-0.3115552318346832,0.01
0,2,all_agreeing_offsets,side_informed,laplace,uniform,20.0,HU_plus_surface,0.0001,c3a17ae49362d3af3c889169dd61b790e7c0ea833118c8eb2e1b2cc8668b3073,fb9daadf13f8416d284a232bf73f19c6464f5f0b5e405c8ab4026f5954f0e717,138,-0.3103508958118718,0.01
0,2,all_agreeing_offsets,side_informed,laplace,uniform,20.0,HU_plus_surface,0.001,c3a17ae49362d3af3c889169dd61b790e7c0ea833118c8eb2e1b2cc8668b3073,5b2f2db3cc6fbfdbab2c323625d5f591508fe346d344133f47908e1487bee735,138,-0.3029733419051032,0.01
0,2,all_agreeing_offsets,side_informed,laplace,uniform,20.0,HU_plus_surface,0.01,c3a17ae49362d3af3c889169dd61b790e7c0ea833118c8eb2e1b2cc8668b3073,9ad56561b2489afd636b923961bd9d267d04503447e8ab9ae4a5b64d1641b508,138,-0.29261388122563825,0.01
0,2,all_agreeing_offsets,side_informed,laplace,uniform,20.0,HU_plus_surface,0.1,c3a17ae49362d3af3c889169dd61b790e7c0ea833118c8eb2e1b2cc8668b3073,44b6a6c3b75469c06192aaa7106f70c3d64ad56c58d9e727347fe43dcbe3dad2,138,-0.3643850589893874,0.01
0,0,all_agreeing_offsets,side_informed,laplace,uniform,20.0,retention_bounded_plus_HU,0.0,ff71152f04ff3c17c4f535bdcd272443a47086eca1b6c90e413744cda8c3d050,6c60195bb49747185b25ca9327202b3734e671bd6f2c81d3d0d2d319d99b5365,139,-0.3001587369376546,0.01
0,0,all_agreeing_offsets,side_informed,laplace,uniform,20.0,retention_bounded_plus_HU,0.0001,ff71152f04ff3c17c4f535bdcd272443a47086eca1b6c90e413744cda8c3d050,0dc66cee04d0059f37365236b442afbd4a595896985183fa82d75dd2ec007a52,139,-0.2995675924433836,0.01
0,0,all_agreeing_offsets,side_informed,laplace,uniform,20.0,retention_bounded_plus_HU,0.001,ff71152f04ff3c17c4f535bdcd272443a47086eca1b6c90e413744cda8c3d050,dbba1c089138d854f311b7bba0e55d9cf6e3d104a58ec4f8d7fa80d72480b446,139,-0.2974501112368125,0.01
0,0,all_agreeing_offsets,side_informed,laplace,uniform,20.0,retention_bounded_plus_HU,0.01,ff71152f04ff3c17c4f535bdcd272443a47086eca1b6c90e413744cda8c3d050,229d4addddc7a3a32f382164a6211f9a58873659b7a5df9d275472f5fecb1848,139,-0.29028393635489497,0.01
0,0,all_agreeing_offsets,side_informed,laplace,uniform,20.0,retention_bounded_plus_HU,0.1,ff71152f04ff3c17c4f535bdcd272443a47086eca1b6c90e413744cda8c3d050,36bd4fbfe41c1d356848b8c0e1592fd787c388e34b439962ad9c21551d8d70f1,139,-0.32195059723415664,0.01
0,1,all_agreeing_offsets,side_informed,laplace,uniform,20.0,retention_bounded_plus_HU,0.0,27a3bb4a6140f901a59aa471a99c58258a97e252dc1e140d0e5312309b75b41b,4121b2bfe4d21fa9181a9f6b85ea2a83d2b4bb57dccf7fcbbff12bfd997a8be6,136,-0.3001587369376546,0.01
0,1,all_agreeing_offsets,side_informed,laplace,uniform,20.0,retention_bounded_plus_HU,0.0001,27a3bb4a6140f901a59aa471a99c58258a97e252dc1e140d0e5312309b75b41b,4222a558626147dede22d452b5bc5ab591ed9cd9b14260d96464c596b8c77a7e,136,-0.2995675924433836,0.01
0,1,all_agreeing_offsets,side_informed,laplace,uniform,20.0,retention_bounded_plus_HU,0.001,27a3bb4a6140f901a59aa471a99c58258a97e252dc1e140d0e5312309b75b41b,5c57753b56d987032a9eee2992e47934662b66e3d1de507c8a6f75c1ee2799bc,136,-0.2974501112368125,0.01
0,1,all_agreeing_offsets,side_informed,laplace,uniform,20.0,retention_bounded_plus_HU,0.01,27a3bb4a6140f901a59aa471a99c58258a97e252dc1e140d0e5312309b75b41b,ba1a9cb1e983f0f9fa98aa0b3e7c1f648dc8e127d9993948ced39f3ad5845edc,136,-0.29028393635489497,0.01
0,1,all_agreeing_offsets,side_informed,laplace,uniform,20.0,retention_bounded_plus_HU,0.1,27a3bb4a6140f901a59aa471a99c58258a97e252dc1e140d0e5312309b75b41b,0bfc1132c6995200f65b8e8081b468da0ea0c4fb8bdb44cc7648f18eb4e1797c,136,-0.32195059723415664,0.01
0,2,all_agreeing_offsets,side_informed,laplace,uniform,20.0,retention_bounded_plus_HU,0.0,c3a17ae49362d3af3c889169dd61b790e7c0ea833118c8eb2e1b2cc8668b3073,d9157ed1a21adb748acb3694f39cc5ec27ef33e41e148ca1c6ee21cc45b879ac,138,-0.3001587369376546,0.01
0,2,all_agreeing_offsets,side_informed,laplace,uniform,20.0,retention_bounded_plus_HU,0.0001,c3a17ae49362d3af3c889169dd61b790e7c0ea833118c8eb2e1b2cc8668b3073,2dae914ce04000ccdb1911b2cf67c52801134e7c910a6b665d32e8984c6cc3bf,138,-0.2995675924433836,0.01
0,2,all_agreeing_offsets,side_informed,laplace,uniform,20.0,retention_bounded_plus_HU,0.001,c3a17ae49362d3af3c889169dd61b790e7c0ea833118c8eb2e1b2cc8668b3073,8bb459aaf6e2bc97ab826f46457273258efb6f67e5a88d83debae053e01749b2,138,-0.2974501112368125,0.01
0,2,all_agreeing_offsets,side_informed,laplace,uniform,20.0,retention_bounded_plus_HU,0.01,c3a17ae49362d3af3c889169dd61b790e7c0ea833118c8eb2e1b2cc8668b3073,235f1084fb116eb697662b141969a5d9f5eee67f0267ff9f3957bdb6ed97ca62,138,-0.29028393635489497,0.01
0,2,all_agreeing_offsets,side_informed,laplace,uniform,20.0,retention_bounded_plus_HU,0.1,c3a17ae49362d3af3c889169dd61b790e7c0ea833118c8eb2e1b2cc8668b3073,d81c91ace805c77705358a0d43860fb4c407f2b230f3232a3050220797cc7989,138,-0.32195059723415664,0.01
0,0,all_agreeing_offsets,side_informed,gh80,uniform,20.0,HU_plus_surface,0.0,ff71152f04ff3c17c4f535bdcd272443a47086eca1b6c90e413744cda8c3d050,8caf64ddd8096227c7b4ddcdf586f731ccfb1aed47d78712298c4dfa073538de,139,-0.30175512253755415,0.01
0,0,all_agreeing_offsets,side_informed,gh80,uniform,20.0,HU_plus_surface,0.0001,ff71152f04ff3c17c4f535bdcd272443a47086eca1b6c90e413744cda8c3d050,dbae870afae4192092c8ba097cca4612ac8d506e885bc93b929dc0686bb8ebd5,139,-0.30052505696426335,0.01
0,0,all_agreeing_offsets,side_informed,gh80,uniform,20.0,HU_plus_surface,0.001,ff71152f04ff3c17c4f535bdcd272443a47086eca1b6c90e413744cda8c3d050,03d201db58f653ebcda8191ae7e0142428a90c20919415f97ee6c2839473381d,139,-0.2931610682931259,0.01
0,0,all_agreeing_offsets,side_informed,gh80,uniform,20.0,HU_plus_surface,0.01,ff71152f04ff3c17c4f535bdcd272443a47086eca1b6c90e413744cda8c3d050,22478798227afd07b023c5d9ddf3f948eb002558dd8e7815c3a57cfedc6f9061,139,-0.28461027003027206,0.01
0,0,all_agreeing_offsets,side_informed,gh80,uniform,20.0,HU_plus_surface,0.1,ff71152f04ff3c17c4f535bdcd272443a47086eca1b6c90e413744cda8c3d050,3cfbc0dacd186589a28def2aa708940c43093ca55284fcb4ceeeb8c78b8714a1,139,-0.3614268154071574,0.01
0,1,all_agreeing_offsets,side_informed,gh80,uniform,20.0,HU_plus_surface,0.0,27a3bb4a6140f901a59aa471a99c58258a97e252dc1e140d0e5312309b75b41b,0ba43cad9c861a25899df04dba7503d26247662848e9f31d1f36ca6c34a136f9,136,-0.30175512253755415,0.01
0,1,all_agreeing_offsets,side_informed,gh80,uniform,20.0,HU_plus_surface,0.0001,27a3bb4a6140f901a59aa471a99c58258a97e252dc1e140d0e5312309b75b41b,ebf2a5ddc42b12a95f6dd1b4f13a373f8eb80e0726d862d147b6292281382d23,136,-0.30052505696426335,0.01
0,1,all_agreeing_offsets,side_informed,gh80,uniform,20.0,HU_plus_surface,0.001,27a3bb4a6140f901a59aa471a99c58258a97e252dc1e140d0e5312309b75b41b,f3c7f7e766bbc70e18aaa89ad98e133c159285eed75d9bf9abc6dafd6f76d649,136,-0.2931610682931259,0.01
0,1,all_agreeing_offsets,side_informed,gh80,uniform,20.0,HU_plus_surface,0.01,27a3bb4a6140f901a59aa471a99c58258a97e252dc1e140d0e5312309b75b41b,d1f135cb0caae8308913dd4d12249c0a2ae1f5b2f2e2a61fbac79c4af3f50986,136,-0.28461027003027206,0.01
0,1,all_agreeing_offsets,side_informed,gh80,uniform,20.0,HU_plus_surface,0.1,27a3bb4a6140f901a59aa471a99c58258a97e252dc1e140d0e5312309b75b41b,ac81776eb9f892379f0d3ee4700a13954832a7f95cde68c722df62358a06bab1,136,-0.3614268154071574,0.01
0,2,all_agreeing_offsets,side_informed,gh80,uniform,20.0,HU_plus_surface,0.0,c3a17ae49362d3af3c889169dd61b790e7c0ea833118c8eb2e1b2cc8668b3073,b66380ce07ca612094c2347b16bf00a9b08c50ba9ef1b78949c0502e2743ab6a,138,-0.30175512253755415,0.01
0,2,all_agreeing_offsets,side_informed,gh80,uniform,20.0,HU_plus_surface,0.0001,c3a17ae49362d3af3c889169dd61b790e7c0ea833118c8eb2e1b2cc8668b3073,6c7ac86f034b0be43d6988dd0cb1150e4bf8651c109c1a4cd8ffcc8c2a813b4c,138,-0.30052505696426335,0.01
0,2,all_agreeing_offsets,side_informed,gh80,uniform,20.0,HU_plus_surface,0.001,c3a17ae49362d3af3c889169dd61b790e7c0ea833118c8eb2e1b2cc8668b3073,b00a8893427b339fd0e3ba545cbd058b9ddbebfa45e3b18ac97e54bb2ce7c24f,138,-0.2931610682931259,0.01
0,2,all_agreeing_offsets,side_informed,gh80,uniform,20.0,HU_plus_surface,0.01,c3a17ae49362d3af3c889169dd61b790e7c0ea833118c8eb2e1b2cc8668b3073,694efdda761de7b3bab146771686069d422ec0ed7c2d72be16eabee64c96eb0a,138,-0.28461027003027206,0.01
0,2,all_agreeing_offsets,side_informed,gh80,uniform,20.0,HU_plus_surface,0.1,c3a17ae49362d3af3c889169dd61b790e7c0ea833118c8eb2e1b2cc8668b3073,8e33f501d6b297e5a54ad2aae0c2dbe2ac567a8f27be9950a4a3ed6d7f733b02,138,-0.3614268154071574,0.01
0,0,all_agreeing_offsets,side_informed,gh80,uniform,20.0,retention_bounded_plus_HU,0.0,ff71152f04ff3c17c4f535bdcd272443a47086eca1b6c90e413744cda8c3d050,a03b467d86f2a4b5a2aac45c9f5f80d8b88fb947c4d9f2e903b7226099fca35b,139,-0.3007048456761087,0.01
0,0,all_agreeing_offsets,side_informed,gh80,uniform,20.0,retention_bounded_plus_HU,0.0001,ff71152f04ff3c17c4f535bdcd272443a47086eca1b6c90e413744cda8c3d050,4c80f92eeb5c1f9a090957e2b734a25d5b753ccbd5a32a30efa4fa65dafea2e4,139,-0.29981347332028246,0.01
0,0,all_agreeing_offsets,side_informed,gh80,uniform,20.0,retention_bounded_plus_HU,0.001,ff71152f04ff3c17c4f535bdcd272443a47086eca1b6c90e413744cda8c3d050,040a5664df53894eb50fc4617c2ba67963120d0f3c87a99ad7c6b0409c071fe3,139,-0.2981258850095513,0.01
0,0,all_agreeing_offsets,side_informed,gh80,uniform,20.0,retention_bounded_plus_HU,0.01,ff71152f04ff3c17c4f535bdcd272443a47086eca1b6c90e413744cda8c3d050,cd441b84bc1f286342783cbfbad8c14e090e0af8585646c1ccf529cb2f19c3fb,139,-0.2910324364194296,0.01
0,0,all_agreeing_offsets,side_informed,gh80,uniform,20.0,retention_bounded_plus_HU,0.1,ff71152f04ff3c17c4f535bdcd272443a47086eca1b6c90e413744cda8c3d050,31b1cc1ac25cb05ae0e01e833f08afb7bb7687d3089e1828ba8eb17a8ace126f,139,-0.3219849041920716,0.01
0,1,all_agreeing_offsets,side_informed,gh80,uniform,20.0,retention_bounded_plus_HU,0.0,27a3bb4a6140f901a59aa471a99c58258a97e252dc1e140d0e5312309b75b41b,e0daaabfd8e15e3c15a3574280c837d7fba80eb4158f80577d8e4ee32a03b62c,136,-0.3007048456761087,0.01
0,1,all_agreeing_offsets,side_informed,gh80,uniform,20.0,retention_bounded_plus_HU,0.0001,27a3bb4a6140f901a59aa471a99c58258a97e252dc1e140d0e5312309b75b41b,2309b168a577a75c8b02896cb1b7001fa0c3a46b8c3256914623a1605d80a319,136,-0.29981347332028246,0.01
0,1,all_agreeing_offsets,side_informed,gh80,uniform,20.0,retention_bounded_plus_HU,0.001,27a3bb4a6140f901a59aa471a99c58258a97e252dc1e140d0e5312309b75b41b,2202ebbe188231154b4782e4c389039f9b396ab76edf16b5aa42190c40ddc4c3,136,-0.2981258850095513,0.01
0,1,all_agreeing_offsets,side_informed,gh80,uniform,20.0,retention_bounded_plus_HU,0.01,27a3bb4a6140f901a59aa471a99c58258a97e252dc1e140d0e5312309b75b41b,686933c99bb74145740ac04c4b790cc3a9b738520370f52ca39a6be86c3f90c1,136,-0.2910324364194296,0.01
0,1,all_agreeing_offsets,side_informed,gh80,uniform,20.0,retention_bounded_plus_HU,0.1,27a3bb4a6140f901a59aa471a99c58258a97e252dc1e140d0e5312309b75b41b,70ca770608cbd789ae265de64df8af6d09ab93f0aeabb07b65db56120afe0a74,136,-0.3219849041920716,0.01
0,2,all_agreeing_offsets,side_informed,gh80,uniform,20.0,retention_bounded_plus_HU,0.0,c3a17ae49362d3af3c889169dd61b790e7c0ea833118c8eb2e1b2cc8668b3073,0ae799169209ebdd77a851e4d8dd36bad9e1f404e8488f01e8b6494d539a2e9a,138,-0.3007048456761087,0.01
0,2,all_agreeing_offsets,side_informed,gh80,uniform,20.0,retention_bounded_plus_HU,0.0001,c3a17ae49362d3af3c889169dd61b790e7c0ea833118c8eb2e1b2cc8668b3073,c1a95121369b9c93bbf9b38fe891d3292b4d15e354e2cd5bb7db8fa9d44004f6,138,-0.29981347332028246,0.01
0,2,all_agreeing_offsets,side_informed,gh80,uniform,20.0,retention_bounded_plus_HU,0.001,c3a17ae49362d3af3c889169dd61b790e7c0ea833118c8eb2e1b2cc8668b3073,6ca4b1c70c25383f027092264d1958f423c2885b989441f3f936d01181e4acd9,138,-0.2981258850095513,0.01
0,2,all_agreeing_offsets,side_informed,gh80,uniform,20.0,retention_bounded_plus_HU,0.01,c3a17ae49362d3af3c889169dd61b790e7c0ea833118c8eb2e1b2cc8668b3073,5448fe02a1dca89bb37002ac85329c3071a74476698d54b30dd2c578a42bc133,138,-0.2910324364194296,0.01
0,2,all_agreeing_offsets,side_informed,gh80,uniform,20.0,retention_bounded_plus_HU,0.1,c3a17ae49362d3af3c889169dd61b790e7c0ea833118c8eb2e1b2cc8668b3073,294e73a215ec0505de620c4c68fc0792ee09c66817593880038c32c9212da280,138,-0.3219849041920716,0.01
0,0,all_agreeing_offsets,wholly_unseen,laplace,uniform,20.0,retention_bounded,0.0,ff71152f04ff3c17c4f535bdcd272443a47086eca1b6c90e413744cda8c3d050,8eddd0e7afef4af4ff43b017868769b0275d086e81b7187afb03cfb25dd21023,139,-0.5864640483840179,0.01
0,0,all_agreeing_offsets,wholly_unseen,laplace,uniform,20.0,retention_bounded,0.0001,ff71152f04ff3c17c4f535bdcd272443a47086eca1b6c90e413744cda8c3d050,7733588cd9906641d9eb532c8cd7620c75e768246470c3e74b17489f7814d708,139,-0.585477237474039,0.01
0,0,all_agreeing_offsets,wholly_unseen,laplace,uniform,20.0,retention_bounded,0.001,ff71152f04ff3c17c4f535bdcd272443a47086eca1b6c90e413744cda8c3d050,17582588073617c8999de0a655cd46c1ec3089cf434224445dd68110e4575198,139,-0.57832434183517,0.01
0,0,all_agreeing_offsets,wholly_unseen,laplace,uniform,20.0,retention_bounded,0.01,ff71152f04ff3c17c4f535bdcd272443a47086eca1b6c90e413744cda8c3d050,a97e7cade6c8f3cb7c3cd2ad47b1ddd49249c38740f1ca885705f1a062a9ee45,139,-0.5596899909714175,0.01
0,0,all_agreeing_offsets,wholly_unseen,laplace,uniform,20.0,retention_bounded,0.1,ff71152f04ff3c17c4f535bdcd272443a47086eca1b6c90e413744cda8c3d050,7554d1dc75026a89def62f5f9384833e23907c3a8f0134ec5ae81b6367880e0d,139,-0.6249077083010139,0.01
0,1,all_agreeing_offsets,wholly_unseen,laplace,uniform,20.0,retention_bounded,0.0,27a3bb4a6140f901a59aa471a99c58258a97e252dc1e140d0e5312309b75b41b,25793c7f5a7b138cd8a7d470d3a37a9198878d4c57a95a7ad97be949b7248e04,136,-0.5864640483840179,0.01
0,1,all_agreeing_offsets,wholly_unseen,laplace,uniform,20.0,retention_bounded,0.0001,27a3bb4a6140f901a59aa471a99c58258a97e252dc1e140d0e5312309b75b41b,5af3f26e194411afc67d4889b6c393e361804009c718111f4389f9f0469b0ef1,136,-0.585477237474039,0.01
0,1,all_agreeing_offsets,wholly_unseen,laplace,uniform,20.0,retention_bounded,0.001,27a3bb4a6140f901a59aa471a99c58258a97e252dc1e140d0e5312309b75b41b,cd164abb3f1a3e808555b75db6cef1f969a55c901c100999d8e858f6b310fd6c,136,-0.57832434183517,0.01
0,1,all_agreeing_offsets,wholly_unseen,laplace,uniform,20.0,retention_bounded,0.01,27a3bb4a6140f901a59aa471a99c58258a97e252dc1e140d0e5312309b75b41b,8e265af66b34cc291affef82dae32a03b680ed19e10d1010333a24c26e512ee1,136,-0.5596899909714175,0.01
0,1,all_agreeing_offsets,wholly_unseen,laplace,uniform,20.0,retention_bounded,0.1,27a3bb4a6140f901a59aa471a99c58258a97e252dc1e140d0e5312309b75b41b,f3a9524dbf886c99fa6a84e94a00f8e29287aea798863e4bb6dd06d7c998910f,136,-0.6249077083010139,0.01
0,2,all_agreeing_offsets,wholly_unseen,laplace,uniform,20.0,retention_bounded,0.0,c3a17ae49362d3af3c889169dd61b790e7c0ea833118c8eb2e1b2cc8668b3073,bf4d09449766a17f3f211f608bf96a72501d8a68f6fc0f488b7dd3ac711503fa,138,-0.5864640483840179,0.01
0,2,all_agreeing_offsets,wholly_unseen,laplace,uniform,20.0,retention_bounded,0.0001,c3a17ae49362d3af3c889169dd61b790e7c0ea833118c8eb2e1b2cc8668b3073,6f7c5de3d142155fcb2b8509008586f085aa660222e7d18b33fff7f8dadb4205,138,-0.585477237474039,0.01
0,2,all_agreeing_offsets,wholly_unseen,laplace,uniform,20.0,retention_bounded,0.001,c3a17ae49362d3af3c889169dd61b790e7c0ea833118c8eb2e1b2cc8668b3073,f5493daf6f65f686c9c04d965c36b6c4272af5e2363dc1e516b3a9b5bcdda744,138,-0.57832434183517,0.01
0,2,all_agreeing_offsets,wholly_unseen,laplace,uniform,20.0,retention_bounded,0.01,c3a17ae49362d3af3c889169dd61b790e7c0ea833118c8eb2e1b2cc8668b3073,7056efe808028738b80dd93862fc4bdfe3026b6deaeb014524e3bc6cead7a5ee,138,-0.5596899909714175,0.01
0,2,all_agreeing_offsets,wholly_unseen,laplace,uniform,20.0,retention_bounded,0.1,c3a17ae49362d3af3c889169dd61b790e7c0ea833118c8eb2e1b2cc8668b3073,f2e10aeff14ba62a1dcb32ff90ad072d8d5b88ad87357cb60f799d377bde9c0f,138,-0.6249077083010139,0.01
0,0,all_agreeing_offsets,wholly_unseen,laplace,uniform,20.0,retention_nonnegative,0.0,ff71152f04ff3c17c4f535bdcd272443a47086eca1b6c90e413744cda8c3d050,02abe022a4ecf65fc9d9010265ac8df69b00e5e15d41484c726d4c9e490a82ff,139,-0.5864640488244969,0.001
0,0,all_agreeing_offsets,wholly_unseen,laplace,uniform,20.0,retention_nonnegative,0.0001,ff71152f04ff3c17c4f535bdcd272443a47086eca1b6c90e413744cda8c3d050,494b488c9471a2574dc3572dea149bc7451c341b9b20cde55066c6a6a97b18d5,139,-0.5841053743287201,0.001
0,0,all_agreeing_offsets,wholly_unseen,laplace,uniform,20.0,retention_nonnegative,0.001,ff71152f04ff3c17c4f535bdcd272443a47086eca1b6c90e413744cda8c3d050,15b15b8e188b190cc55bdca40ed8749d87e347596bb9203d9b80ee0289ae7c1c,139,-0.5731538673783177,0.001
0,0,all_agreeing_offsets,wholly_unseen,laplace,uniform,20.0,retention_nonnegative,0.01,ff71152f04ff3c17c4f535bdcd272443a47086eca1b6c90e413744cda8c3d050,d15426d7ab6184cf73a502a82e1af3fd9b225b38bf287a5fd076dac37dab1281,139,-0.5954173461257143,0.001
0,0,all_agreeing_offsets,wholly_unseen,laplace,uniform,20.0,retention_nonnegative,0.1,ff71152f04ff3c17c4f535bdcd272443a47086eca1b6c90e413744cda8c3d050,0cd71be40df764bfabbc51fa221fa5a9e88d47c558775bf1278ecbcf6d641bb5,139,-0.7209371533918081,0.001
0,1,all_agreeing_offsets,wholly_unseen,laplace,uniform,20.0,retention_nonnegative,0.0,27a3bb4a6140f901a59aa471a99c58258a97e252dc1e140d0e5312309b75b41b,e5d173fcfe8ef8546dde3ccc2f1a5a1e2e6baeda7ad9eda70f649afa554fd8fd,136,-0.5864640488244969,0.001
0,1,all_agreeing_offsets,wholly_unseen,laplace,uniform,20.0,retention_nonnegative,0.0001,27a3bb4a6140f901a59aa471a99c58258a97e252dc1e140d0e5312309b75b41b,0462d805edd8313f74d546c57bbddbf1d21d783547354ec56a5a49d01637394f,136,-0.5841053743287201,0.001
0,1,all_agreeing_offsets,wholly_unseen,laplace,uniform,20.0,retention_nonnegative,0.001,27a3bb4a6140f901a59aa471a99c58258a97e252dc1e140d0e5312309b75b41b,0f5e0b0014de3d4000d949c66df16972c3fd73d5ad67e3beb8b79da357c11f9a,136,-0.5731538673783177,0.001
0,1,all_agreeing_offsets,wholly_unseen,laplace,uniform,20.0,retention_nonnegative,0.01,27a3bb4a6140f901a59aa471a99c58258a97e252dc1e140d0e5312309b75b41b,f71cb5cb7e723a98714511e049e11c5441ae9382dbe1a9b86bad374fbd34644d,136,-0.5954173461257143,0.001
0,1,all_agreeing_offsets,wholly_unseen,laplace,uniform,20.0,retention_nonnegative,0.1,27a3bb4a6140f901a59aa471a99c58258a97e252dc1e140d0e5312309b75b41b,460c98fd790b3740d1d59fd7979bfdb1aa9253ef806dfb37f96f56c7f50178fe,136,-0.7209371533918081,0.001
0,2,all_agreeing_offsets,wholly_unseen,laplace,uniform,20.0,retention_nonnegative,0.0,c3a17ae49362d3af3c889169dd61b790e7c0ea833118c8eb2e1b2cc8668b3073,977b528b53a75a156a5a57745b63b75258444b4dda45176cd291f25c19195085,138,-0.5864640488244969,0.001
0,2,all_agreeing_offsets,wholly_unseen,laplace,uniform,20.0,retention_nonnegative,0.0001,c3a17ae49362d3af3c889169dd61b790e7c0ea833118c8eb2e1b2cc8668b3073,71e21b3e93c941df1c9f846f4f106e0d37cf8c992e229258d9d61c0013bbbd6e,138,-0.5841053743287201,0.001
0,2,all_agreeing_offsets,wholly_unseen,laplace,uniform,20.0,retention_nonnegative,0.001,c3a17ae49362d3af3c889169dd61b790e7c0ea833118c8eb2e1b2cc8668b3073,b0aacd3c9642ff81f59ea81724bb28d93011a5cf1a53aeadb30d7250e37c97fe,138,-0.5731538673783177,0.001
0,2,all_agreeing_offsets,wholly_unseen,laplace,uniform,20.0,retention_nonnegative,0.01,c3a17ae49362d3af3c889169dd61b790e7c0ea833118c8eb2e1b2cc8668b3073,9ed1082223d0b293b00e118f8edec7d3707f70770039d13df9bc303c18ba03cd,138,-0.5954173461257143,0.001
0,2,all_agreeing_offsets,wholly_unseen,laplace,uniform,20.0,retention_nonnegative,0.1,c3a17ae49362d3af3c889169dd61b790e7c0ea833118c8eb2e1b2cc8668b3073,fa6281f4b52b3956b76005bbfbd8d54ee26a677c73f105cdbdb9a45104fa91f7,138,-0.7209371533918081,0.001
0,0,all_agreeing_offsets,wholly_unseen,laplace,uniform,20.0,current_only,0.0,ff71152f04ff3c17c4f535bdcd272443a47086eca1b6c90e413744cda8c3d050,61f52463d95b65d1d6022705a49b600096d7c131fba0ef5cca209de9d35f057e,139,-0.9022779319932289,0.01
0,0,all_agreeing_offsets,wholly_unseen,laplace,uniform,20.0,current_only,0.0001,ff71152f04ff3c17c4f535bdcd272443a47086eca1b6c90e413744cda8c3d050,b4a05ed7fc0f942782204ce5d84f075894e6163b7c9bc5d45b8d5aec50e766e6,139,-0.9020366035886173,0.01
0,0,all_agreeing_offsets,wholly_unseen,laplace,uniform,20.0,current_only,0.001,ff71152f04ff3c17c4f535bdcd272443a47086eca1b6c90e413744cda8c3d050,b5f4a3e69b7f31f223353c57200d1afc9ae03ca2f2aa1882207951a2a55a51e2,139,-0.8999614437774143,0.01
0,0,all_agreeing_offsets,wholly_unseen,laplace,uniform,20.0,current_only,0.01,ff71152f04ff3c17c4f535bdcd272443a47086eca1b6c90e413744cda8c3d050,8d260eb2ef57ffa6b43f400aaaf00a08cfa8170c14ea00692965888403b7448b,139,-0.8859856116224109,0.01
0,0,all_agreeing_offsets,wholly_unseen,laplace,uniform,20.0,current_only,0.1,ff71152f04ff3c17c4f535bdcd272443a47086eca1b6c90e413744cda8c3d050,d35e5f6e0b773d455ce509f37df20786b99aa343b530110abe3ff04477a9c56d,139,-0.8869784061460023,0.01
0,1,all_agreeing_offsets,wholly_unseen,laplace,uniform,20.0,current_only,0.0,27a3bb4a6140f901a59aa471a99c58258a97e252dc1e140d0e5312309b75b41b,2ccaf01b5500dcb7d0f1ffd38e61f22281e593a887168d64a355cbf27ba85f9c,136,-0.9022779319932289,0.01
0,1,all_agreeing_offsets,wholly_unseen,laplace,uniform,20.0,current_only,0.0001,27a3bb4a6140f901a59aa471a99c58258a97e252dc1e140d0e5312309b75b41b,51533da56bd2e940f614f9b91464c67320abf54b8e07de37e388eb9f7bb530b7,136,-0.9020366035886173,0.01
0,1,all_agreeing_offsets,wholly_unseen,laplace,uniform,20.0,current_only,0.001,27a3bb4a6140f901a59aa471a99c58258a97e252dc1e140d0e5312309b75b41b,0a25a929e51716fcf3e0c756273da305f10534274c3db058bbd2850d0fcc67b2,136,-0.8999614437774143,0.01
0,1,all_agreeing_offsets,wholly_unseen,laplace,uniform,20.0,current_only,0.01,27a3bb4a6140f901a59aa471a99c58258a97e252dc1e140d0e5312309b75b41b,c535c614f0234df1916e59108144dbb2d375585d803cb70b0bc289efd85242c1,136,-0.8859856116224109,0.01
0,1,all_agreeing_offsets,wholly_unseen,laplace,uniform,20.0,current_only,0.1,27a3bb4a6140f901a59aa471a99c58258a97e252dc1e140d0e5312309b75b41b,bb6530de69e2a10f1c0995372366bd261606f5c02881038881bacc684fcf326a,136,-0.8869784061460023,0.01
0,2,all_agreeing_offsets,wholly_unseen,laplace,uniform,20.0,current_only,0.0,c3a17ae49362d3af3c889169dd61b790e7c0ea833118c8eb2e1b2cc8668b3073,e186228cdeab34ea6d37aa83d8e13685ff30e68b698f3de0d69810529262be96,138,-0.9022779319932289,0.01
0,2,all_agreeing_offsets,wholly_unseen,laplace,uniform,20.0,current_only,0.0001,c3a17ae49362d3af3c889169dd61b790e7c0ea833118c8eb2e1b2cc8668b3073,d93c1e2c01de5fe43e59c43937b221fab89ec2a983f64541d201b27dda755501,138,-0.9020366035886173,0.01
0,2,all_agreeing_offsets,wholly_unseen,laplace,uniform,20.0,current_only,0.001,c3a17ae49362d3af3c889169dd61b790e7c0ea833118c8eb2e1b2cc8668b3073,8f329433d22ed5018c42fdc2feaa5a3f8cdeba5aee0a10f1226aac3c96ae0fb9,138,-0.8999614437774143,0.01
0,2,all_agreeing_offsets,wholly_unseen,laplace,uniform,20.0,current_only,0.01,c3a17ae49362d3af3c889169dd61b790e7c0ea833118c8eb2e1b2cc8668b3073,6a9dc822d8e8c46ad0257b1a9773b67183c3160609fbfc9918e780e4de4dee29,138,-0.8859856116224109,0.01
0,2,all_agreeing_offsets,wholly_unseen,laplace,uniform,20.0,current_only,0.1,c3a17ae49362d3af3c889169dd61b790e7c0ea833118c8eb2e1b2cc8668b3073,d4a03503d51a354254102a62cbe3c8e45a6881c52c1e61007dce9190df01d1ee,138,-0.8869784061460023,0.01
0,0,all_agreeing_offsets,wholly_unseen,laplace,uniform,20.0,input_plus_surface,0.0,ff71152f04ff3c17c4f535bdcd272443a47086eca1b6c90e413744cda8c3d050,1719dfd2a6478f6213714e29a7bd7af6fcd6f63c803f8497344753124a383ae2,139,-0.5757484558879818,0.01
0,0,all_agreeing_offsets,wholly_unseen,laplace,uniform,20.0,input_plus_surface,0.0001,ff71152f04ff3c17c4f535bdcd272443a47086eca1b6c90e413744cda8c3d050,538a6bd851990b4d7e389d6799c7e0543577e8b9f091d3f59c2c3d426e1f14dc,139,-0.5746002503295731,0.01
0,0,all_agreeing_offsets,wholly_unseen,laplace,uniform,20.0,input_plus_surface,0.001,ff71152f04ff3c17c4f535bdcd272443a47086eca1b6c90e413744cda8c3d050,2e81b0357e896b9f2764457910e00b2f3d0d56a7fa32bd320c76dee809aa7b75,139,-0.5680975088626871,0.01
0,0,all_agreeing_offsets,wholly_unseen,laplace,uniform,20.0,input_plus_surface,0.01,ff71152f04ff3c17c4f535bdcd272443a47086eca1b6c90e413744cda8c3d050,7da0f4bed614b4df5ccdc155095310ae80344372364d0bad02715b1712d6d236,139,-0.5661304738281107,0.01
0,0,all_agreeing_offsets,wholly_unseen,laplace,uniform,20.0,input_plus_surface,0.1,ff71152f04ff3c17c4f535bdcd272443a47086eca1b6c90e413744cda8c3d050,e12e22c31ca325f7807b2a84d953b0882e5818bcd5cd8f982b7170504070d002,139,-0.6585093437070322,0.01
0,1,all_agreeing_offsets,wholly_unseen,laplace,uniform,20.0,input_plus_surface,0.0,27a3bb4a6140f901a59aa471a99c58258a97e252dc1e140d0e5312309b75b41b,bd80c54523d71fe60b1d0b0e1803caec143a111d822c58da6886db4ff0c191a3,136,-0.5757484558879818,0.01
0,1,all_agreeing_offsets,wholly_unseen,laplace,uniform,20.0,input_plus_surface,0.0001,27a3bb4a6140f901a59aa471a99c58258a97e252dc1e140d0e5312309b75b41b,fa0b6f1b3a020b200aaa8297fc7c706d2d1e0e64a7afe0675034d525ae3028f7,136,-0.5746002503295731,0.01
0,1,all_agreeing_offsets,wholly_unseen,laplace,uniform,20.0,input_plus_surface,0.001,27a3bb4a6140f901a59aa471a99c58258a97e252dc1e140d0e5312309b75b41b,ba221c0221b2da91c5139cf262ffcf4ba37017114b64e4acb08d6568c1d936dd,136,-0.5680975088626871,0.01
0,1,all_agreeing_offsets,wholly_unseen,laplace,uniform,20.0,input_plus_surface,0.01,27a3bb4a6140f901a59aa471a99c58258a97e252dc1e140d0e5312309b75b41b,47931c0de3cbb90185213f801aa00a1f5df344c4671d88e80399ca308364ccb8,136,-0.5661304738281107,0.01
0,1,all_agreeing_offsets,wholly_unseen,laplace,uniform,20.0,input_plus_surface,0.1,27a3bb4a6140f901a59aa471a99c58258a97e252dc1e140d0e5312309b75b41b,bb6dddb57b0667798869f25e4c714f1456135facc3a4366ec2ce8b6d64c24ece,136,-0.6585093437070322,0.01
0,2,all_agreeing_offsets,wholly_unseen,laplace,uniform,20.0,input_plus_surface,0.0,c3a17ae49362d3af3c889169dd61b790e7c0ea833118c8eb2e1b2cc8668b3073,2b179be8e1c0f9ce6be66bb1a47fb84ec8bb5c648adcac4f15dff9d11d643e40,138,-0.5757484558879818,0.01
0,2,all_agreeing_offsets,wholly_unseen,laplace,uniform,20.0,input_plus_surface,0.0001,c3a17ae49362d3af3c889169dd61b790e7c0ea833118c8eb2e1b2cc8668b3073,2e163552d383badc9387125c99fa9defcb9d1316c28d48cbbdfaf01af25bbdef,138,-0.5746002503295731,0.01
0,2,all_agreeing_offsets,wholly_unseen,laplace,uniform,20.0,input_plus_surface,0.001,c3a17ae49362d3af3c889169dd61b790e7c0ea833118c8eb2e1b2cc8668b3073,2eee16163e6414ba2a47a1470058d826d00bb6ae4348bae2f5fc214c40e1986a,138,-0.5680975088626871,0.01
0,2,all_agreeing_offsets,wholly_unseen,laplace,uniform,20.0,input_plus_surface,0.01,c3a17ae49362d3af3c889169dd61b790e7c0ea833118c8eb2e1b2cc8668b3073,c16ed330092da46be59b5ca1eab2fd38a62be5b7636e39d0816613b03ec75939,138,-0.5661304738281107,0.01
0,2,all_agreeing_offsets,wholly_unseen,laplace,uniform,20.0,input_plus_surface,0.1,c3a17ae49362d3af3c889169dd61b790e7c0ea833118c8eb2e1b2cc8668b3073,136adfc1e3e562309628ca63377bf84b06a71c45aac21620d7f77dacd9f391e8,138,-0.6585093437070322,0.01
0,0,all_agreeing_offsets,wholly_unseen,laplace,uniform,20.0,HU_plus_surface,0.0,ff71152f04ff3c17c4f535bdcd272443a47086eca1b6c90e413744cda8c3d050,453ce27a6c639e3321edb221cdf3e3bb1340e4b9e55f03df86c9fdef979ae1a9,139,-0.5847963020398361,0.01
0,0,all_agreeing_offsets,wholly_unseen,laplace,uniform,20.0,HU_plus_surface,0.0001,ff71152f04ff3c17c4f535bdcd272443a47086eca1b6c90e413744cda8c3d050,1270bfe9f63f949fa1084d7498d50bbf7b718653e35036dcc64f89eb5a51f7dd,139,-0.5835865421854007,0.01
0,0,all_agreeing_offsets,wholly_unseen,laplace,uniform,20.0,HU_plus_surface,0.001,ff71152f04ff3c17c4f535bdcd272443a47086eca1b6c90e413744cda8c3d050,d0f899b01a75082c13dd242361e4fb6f0b218fe0a36b042022fb91077a68d996,139,-0.5767173357476975,0.01
0,0,all_agreeing_offsets,wholly_unseen,laplace,uniform,20.0,HU_plus_surface,0.01,ff71152f04ff3c17c4f535bdcd272443a47086eca1b6c90e413744cda8c3d050,516f023f93535674807dab59e155906a62426d9f1ca0812f432c361b911dd566,139,-0.5734780406423675,0.01
0,0,all_agreeing_offsets,wholly_unseen,laplace,uniform,20.0,HU_plus_surface,0.1,ff71152f04ff3c17c4f535bdcd272443a47086eca1b6c90e413744cda8c3d050,fbf39eee0ac0c6d9507cb835601d2c277040fa6ac8e650d549048183a76314e5,139,-0.6631118835953845,0.01
0,1,all_agreeing_offsets,wholly_unseen,laplace,uniform,20.0,HU_plus_surface,0.0,27a3bb4a6140f901a59aa471a99c58258a97e252dc1e140d0e5312309b75b41b,ba0b89d9a9114c0e126b8040c1847a0bb9297be377decaef8f1f715b9ba9c731,136,-0.5847963020398361,0.01
0,1,all_agreeing_offsets,wholly_unseen,laplace,uniform,20.0,HU_plus_surface,0.0001,27a3bb4a6140f901a59aa471a99c58258a97e252dc1e140d0e5312309b75b41b,890b5d25322555163423d45f83fd1b07fa86ab9c066a92c90a7595e51926903c,136,-0.5835865421854007,0.01
0,1,all_agreeing_offsets,wholly_unseen,laplace,uniform,20.0,HU_plus_surface,0.001,27a3bb4a6140f901a59aa471a99c58258a97e252dc1e140d0e5312309b75b41b,a6c9f5ef4d0a095688ecf3a02acc6cc514f2fe41db7199e685f62f8f10305084,136,-0.5767173357476975,0.01
0,1,all_agreeing_offsets,wholly_unseen,laplace,uniform,20.0,HU_plus_surface,0.01,27a3bb4a6140f901a59aa471a99c58258a97e252dc1e140d0e5312309b75b41b,9ea980312ed06d2ecd0276ee3a8d9df121c0f6c1ef4baeef0e0e418dd14a91ee,136,-0.5734780406423675,0.01
0,1,all_agreeing_offsets,wholly_unseen,laplace,uniform,20.0,HU_plus_surface,0.1,27a3bb4a6140f901a59aa471a99c58258a97e252dc1e140d0e5312309b75b41b,f73ebd0bb02e5e77619a24411a323e20607849d7b5e59860c0962ce022b0347a,136,-0.6631118835953845,0.01
0,2,all_agreeing_offsets,wholly_unseen,laplace,uniform,20.0,HU_plus_surface,0.0,c3a17ae49362d3af3c889169dd61b790e7c0ea833118c8eb2e1b2cc8668b3073,c07981e4566ba5b7761270f9088d887fe9e961ab19281ed14179bd7ebc54d5fb,138,-0.5847963020398361,0.01
0,2,all_agreeing_offsets,wholly_unseen,laplace,uniform,20.0,HU_plus_surface,0.0001,c3a17ae49362d3af3c889169dd61b790e7c0ea833118c8eb2e1b2cc8668b3073,fb9daadf13f8416d284a232bf73f19c6464f5f0b5e405c8ab4026f5954f0e717,138,-0.5835865421854007,0.01
0,2,all_agreeing_offsets,wholly_unseen,laplace,uniform,20.0,HU_plus_surface,0.001,c3a17ae49362d3af3c889169dd61b790e7c0ea833118c8eb2e1b2cc8668b3073,5b2f2db3cc6fbfdbab2c323625d5f591508fe346d344133f47908e1487bee735,138,-0.5767173357476975,0.01
0,2,all_agreeing_offsets,wholly_unseen,laplace,uniform,20.0,HU_plus_surface,0.01,c3a17ae49362d3af3c889169dd61b790e7c0ea833118c8eb2e1b2cc8668b3073,9ad56561b2489afd636b923961bd9d267d04503447e8ab9ae4a5b64d1641b508,138,-0.5734780406423675,0.01
0,2,all_agreeing_offsets,wholly_unseen,laplace,uniform,20.0,HU_plus_surface,0.1,c3a17ae49362d3af3c889169dd61b790e7c0ea833118c8eb2e1b2cc8668b3073,44b6a6c3b75469c06192aaa7106f70c3d64ad56c58d9e727347fe43dcbe3dad2,138,-0.6631118835953845,0.01
0,0,all_agreeing_offsets,wholly_unseen,laplace,uniform,20.0,retention_bounded_plus_HU,0.0,ff71152f04ff3c17c4f535bdcd272443a47086eca1b6c90e413744cda8c3d050,6c60195bb49747185b25ca9327202b3734e671bd6f2c81d3d0d2d319d99b5365,139,-0.5793673261258806,0.01
0,0,all_agreeing_offsets,wholly_unseen,laplace,uniform,20.0,retention_bounded_plus_HU,0.0001,ff71152f04ff3c17c4f535bdcd272443a47086eca1b6c90e413744cda8c3d050,0dc66cee04d0059f37365236b442afbd4a595896985183fa82d75dd2ec007a52,139,-0.5784546525051376,0.01
0,0,all_agreeing_offsets,wholly_unseen,laplace,uniform,20.0,retention_bounded_plus_HU,0.001,ff71152f04ff3c17c4f535bdcd272443a47086eca1b6c90e413744cda8c3d050,dbba1c089138d854f311b7bba0e55d9cf6e3d104a58ec4f8d7fa80d72480b446,139,-0.5737761561430859,0.01
0,0,all_agreeing_offsets,wholly_unseen,laplace,uniform,20.0,retention_bounded_plus_HU,0.01,ff71152f04ff3c17c4f535bdcd272443a47086eca1b6c90e413744cda8c3d050,229d4addddc7a3a32f382164a6211f9a58873659b7a5df9d275472f5fecb1848,139,-0.5638233870018138,0.01
0,0,all_agreeing_offsets,wholly_unseen,laplace,uniform,20.0,retention_bounded_plus_HU,0.1,ff71152f04ff3c17c4f535bdcd272443a47086eca1b6c90e413744cda8c3d050,36bd4fbfe41c1d356848b8c0e1592fd787c388e34b439962ad9c21551d8d70f1,139,-0.6112807179013171,0.01
0,1,all_agreeing_offsets,wholly_unseen,laplace,uniform,20.0,retention_bounded_plus_HU,0.0,27a3bb4a6140f901a59aa471a99c58258a97e252dc1e140d0e5312309b75b41b,4121b2bfe4d21fa9181a9f6b85ea2a83d2b4bb57dccf7fcbbff12bfd997a8be6,136,-0.5793673261258806,0.01
0,1,all_agreeing_offsets,wholly_unseen,laplace,uniform,20.0,retention_bounded_plus_HU,0.0001,27a3bb4a6140f901a59aa471a99c58258a97e252dc1e140d0e5312309b75b41b,4222a558626147dede22d452b5bc5ab591ed9cd9b14260d96464c596b8c77a7e,136,-0.5784546525051376,0.01
0,1,all_agreeing_offsets,wholly_unseen,laplace,uniform,20.0,retention_bounded_plus_HU,0.001,27a3bb4a6140f901a59aa471a99c58258a97e252dc1e140d0e5312309b75b41b,5c57753b56d987032a9eee2992e47934662b66e3d1de507c8a6f75c1ee2799bc,136,-0.5737761561430859,0.01
0,1,all_agreeing_offsets,wholly_unseen,laplace,uniform,20.0,retention_bounded_plus_HU,0.01,27a3bb4a6140f901a59aa471a99c58258a97e252dc1e140d0e5312309b75b41b,ba1a9cb1e983f0f9fa98aa0b3e7c1f648dc8e127d9993948ced39f3ad5845edc,136,-0.5638233870018138,0.01
0,1,all_agreeing_offsets,wholly_unseen,laplace,uniform,20.0,retention_bounded_plus_HU,0.1,27a3bb4a6140f901a59aa471a99c58258a97e252dc1e140d0e5312309b75b41b,0bfc1132c6995200f65b8e8081b468da0ea0c4fb8bdb44cc7648f18eb4e1797c,136,-0.6112807179013171,0.01
0,2,all_agreeing_offsets,wholly_unseen,laplace,uniform,20.0,retention_bounded_plus_HU,0.0,c3a17ae49362d3af3c889169dd61b790e7c0ea833118c8eb2e1b2cc8668b3073,d9157ed1a21adb748acb3694f39cc5ec27ef33e41e148ca1c6ee21cc45b879ac,138,-0.5793673261258806,0.01
0,2,all_agreeing_offsets,wholly_unseen,laplace,uniform,20.0,retention_bounded_plus_HU,0.0001,c3a17ae49362d3af3c889169dd61b790e7c0ea833118c8eb2e1b2cc8668b3073,2dae914ce04000ccdb1911b2cf67c52801134e7c910a6b665d32e8984c6cc3bf,138,-0.5784546525051376,0.01
0,2,all_agreeing_offsets,wholly_unseen,laplace,uniform,20.0,retention_bounded_plus_HU,0.001,c3a17ae49362d3af3c889169dd61b790e7c0ea833118c8eb2e1b2cc8668b3073,8bb459aaf6e2bc97ab826f46457273258efb6f67e5a88d83debae053e01749b2,138,-0.5737761561430859,0.01
0,2,all_agreeing_offsets,wholly_unseen,laplace,uniform,20.0,retention_bounded_plus_HU,0.01,c3a17ae49362d3af3c889169dd61b790e7c0ea833118c8eb2e1b2cc8668b3073,235f1084fb116eb697662b141969a5d9f5eee67f0267ff9f3957bdb6ed97ca62,138,-0.5638233870018138,0.01
0,2,all_agreeing_offsets,wholly_unseen,laplace,uniform,20.0,retention_bounded_plus_HU,0.1,c3a17ae49362d3af3c889169dd61b790e7c0ea833118c8eb2e1b2cc8668b3073,d81c91ace805c77705358a0d43860fb4c407f2b230f3232a3050220797cc7989,138,-0.6112807179013171,0.01
0,0,all_agreeing_offsets,wholly_unseen,gh80,uniform,20.0,HU_plus_surface,0.0,ff71152f04ff3c17c4f535bdcd272443a47086eca1b6c90e413744cda8c3d050,8caf64ddd8096227c7b4ddcdf586f731ccfb1aed47d78712298c4dfa073538de,139,-0.5749268149124405,0.01
0,0,all_agreeing_offsets,wholly_unseen,gh80,uniform,20.0,HU_plus_surface,0.0001,ff71152f04ff3c17c4f535bdcd272443a47086eca1b6c90e413744cda8c3d050,dbae870afae4192092c8ba097cca4612ac8d506e885bc93b929dc0686bb8ebd5,139,-0.5737015591223047,0.01
0,0,all_agreeing_offsets,wholly_unseen,gh80,uniform,20.0,HU_plus_surface,0.001,ff71152f04ff3c17c4f535bdcd272443a47086eca1b6c90e413744cda8c3d050,03d201db58f653ebcda8191ae7e0142428a90c20919415f97ee6c2839473381d,139,-0.5669296229571954,0.01
0,0,all_agreeing_offsets,wholly_unseen,gh80,uniform,20.0,HU_plus_surface,0.01,ff71152f04ff3c17c4f535bdcd272443a47086eca1b6c90e413744cda8c3d050,22478798227afd07b023c5d9ddf3f948eb002558dd8e7815c3a57cfedc6f9061,139,-0.5655145712839499,0.01
0,0,all_agreeing_offsets,wholly_unseen,gh80,uniform,20.0,HU_plus_surface,0.1,ff71152f04ff3c17c4f535bdcd272443a47086eca1b6c90e413744cda8c3d050,3cfbc0dacd186589a28def2aa708940c43093ca55284fcb4ceeeb8c78b8714a1,139,-0.6598554987171888,0.01
0,1,all_agreeing_offsets,wholly_unseen,gh80,uniform,20.0,HU_plus_surface,0.0,27a3bb4a6140f901a59aa471a99c58258a97e252dc1e140d0e5312309b75b41b,0ba43cad9c861a25899df04dba7503d26247662848e9f31d1f36ca6c34a136f9,136,-0.5749268149124405,0.01
0,1,all_agreeing_offsets,wholly_unseen,gh80,uniform,20.0,HU_plus_surface,0.0001,27a3bb4a6140f901a59aa471a99c58258a97e252dc1e140d0e5312309b75b41b,ebf2a5ddc42b12a95f6dd1b4f13a373f8eb80e0726d862d147b6292281382d23,136,-0.5737015591223047,0.01
0,1,all_agreeing_offsets,wholly_unseen,gh80,uniform,20.0,HU_plus_surface,0.001,27a3bb4a6140f901a59aa471a99c58258a97e252dc1e140d0e5312309b75b41b,f3c7f7e766bbc70e18aaa89ad98e133c159285eed75d9bf9abc6dafd6f76d649,136,-0.5669296229571954,0.01
0,1,all_agreeing_offsets,wholly_unseen,gh80,uniform,20.0,HU_plus_surface,0.01,27a3bb4a6140f901a59aa471a99c58258a97e252dc1e140d0e5312309b75b41b,d1f135cb0caae8308913dd4d12249c0a2ae1f5b2f2e2a61fbac79c4af3f50986,136,-0.5655145712839499,0.01
0,1,all_agreeing_offsets,wholly_unseen,gh80,uniform,20.0,HU_plus_surface,0.1,27a3bb4a6140f901a59aa471a99c58258a97e252dc1e140d0e5312309b75b41b,ac81776eb9f892379f0d3ee4700a13954832a7f95cde68c722df62358a06bab1,136,-0.6598554987171888,0.01
0,2,all_agreeing_offsets,wholly_unseen,gh80,uniform,20.0,HU_plus_surface,0.0,c3a17ae49362d3af3c889169dd61b790e7c0ea833118c8eb2e1b2cc8668b3073,b66380ce07ca612094c2347b16bf00a9b08c50ba9ef1b78949c0502e2743ab6a,138,-0.5749268149124405,0.01
0,2,all_agreeing_offsets,wholly_unseen,gh80,uniform,20.0,HU_plus_surface,0.0001,c3a17ae49362d3af3c889169dd61b790e7c0ea833118c8eb2e1b2cc8668b3073,6c7ac86f034b0be43d6988dd0cb1150e4bf8651c109c1a4cd8ffcc8c2a813b4c,138,-0.5737015591223047,0.01
0,2,all_agreeing_offsets,wholly_unseen,gh80,uniform,20.0,HU_plus_surface,0.001,c3a17ae49362d3af3c889169dd61b790e7c0ea833118c8eb2e1b2cc8668b3073,b00a8893427b339fd0e3ba545cbd058b9ddbebfa45e3b18ac97e54bb2ce7c24f,138,-0.5669296229571954,0.01
0,2,all_agreeing_offsets,wholly_unseen,gh80,uniform,20.0,HU_plus_surface,0.01,c3a17ae49362d3af3c889169dd61b790e7c0ea833118c8eb2e1b2cc8668b3073,694efdda761de7b3bab146771686069d422ec0ed7c2d72be16eabee64c96eb0a,138,-0.5655145712839499,0.01
0,2,all_agreeing_offsets,wholly_unseen,gh80,uniform,20.0,HU_plus_surface,0.1,c3a17ae49362d3af3c889169dd61b790e7c0ea833118c8eb2e1b2cc8668b3073,8e33f501d6b297e5a54ad2aae0c2dbe2ac567a8f27be9950a4a3ed6d7f733b02,138,-0.6598554987171888,0.01
0,0,all_agreeing_offsets,wholly_unseen,gh80,uniform,20.0,retention_bounded_plus_HU,0.0,ff71152f04ff3c17c4f535bdcd272443a47086eca1b6c90e413744cda8c3d050,a03b467d86f2a4b5a2aac45c9f5f80d8b88fb947c4d9f2e903b7226099fca35b,139,-0.5794698130392828,0.01
0,0,all_agreeing_offsets,wholly_unseen,gh80,uniform,20.0,retention_bounded_plus_HU,0.0001,ff71152f04ff3c17c4f535bdcd272443a47086eca1b6c90e413744cda8c3d050,4c80f92eeb5c1f9a090957e2b734a25d5b753ccbd5a32a30efa4fa65dafea2e4,139,-0.5782429796188472,0.01
0,0,all_agreeing_offsets,wholly_unseen,gh80,uniform,20.0,retention_bounded_plus_HU,0.001,ff71152f04ff3c17c4f535bdcd272443a47086eca1b6c90e413744cda8c3d050,040a5664df53894eb50fc4617c2ba67963120d0f3c87a99ad7c6b0409c071fe3,139,-0.5737090063553143,0.01
0,0,all_agreeing_offsets,wholly_unseen,gh80,uniform,20.0,retention_bounded_plus_HU,0.01,ff71152f04ff3c17c4f535bdcd272443a47086eca1b6c90e413744cda8c3d050,cd441b84bc1f286342783cbfbad8c14e090e0af8585646c1ccf529cb2f19c3fb,139,-0.5642043160630263,0.01
0,0,all_agreeing_offsets,wholly_unseen,gh80,uniform,20.0,retention_bounded_plus_HU,0.1,ff71152f04ff3c17c4f535bdcd272443a47086eca1b6c90e413744cda8c3d050,31b1cc1ac25cb05ae0e01e833f08afb7bb7687d3089e1828ba8eb17a8ace126f,139,-0.6110522201293956,0.01
0,1,all_agreeing_offsets,wholly_unseen,gh80,uniform,20.0,retention_bounded_plus_HU,0.0,27a3bb4a6140f901a59aa471a99c58258a97e252dc1e140d0e5312309b75b41b,e0daaabfd8e15e3c15a3574280c837d7fba80eb4158f80577d8e4ee32a03b62c,136,-0.5794698130392828,0.01
0,1,all_agreeing_offsets,wholly_unseen,gh80,uniform,20.0,retention_bounded_plus_HU,0.0001,27a3bb4a6140f901a59aa471a99c58258a97e252dc1e140d0e5312309b75b41b,2309b168a577a75c8b02896cb1b7001fa0c3a46b8c3256914623a1605d80a319,136,-0.5782429796188472,0.01
0,1,all_agreeing_offsets,wholly_unseen,gh80,uniform,20.0,retention_bounded_plus_HU,0.001,27a3bb4a6140f901a59aa471a99c58258a97e252dc1e140d0e5312309b75b41b,2202ebbe188231154b4782e4c389039f9b396ab76edf16b5aa42190c40ddc4c3,136,-0.5737090063553143,0.01
0,1,all_agreeing_offsets,wholly_unseen,gh80,uniform,20.0,retention_bounded_plus_HU,0.01,27a3bb4a6140f901a59aa471a99c58258a97e252dc1e140d0e5312309b75b41b,686933c99bb74145740ac04c4b790cc3a9b738520370f52ca39a6be86c3f90c1,136,-0.5642043160630263,0.01
0,1,all_agreeing_offsets,wholly_unseen,gh80,uniform,20.0,retention_bounded_plus_HU,0.1,27a3bb4a6140f901a59aa471a99c58258a97e252dc1e140d0e5312309b75b41b,70ca770608cbd789ae265de64df8af6d09ab93f0aeabb07b65db56120afe0a74,136,-0.6110522201293956,0.01
0,2,all_agreeing_offsets,wholly_unseen,gh80,uniform,20.0,retention_bounded_plus_HU,0.0,c3a17ae49362d3af3c889169dd61b790e7c0ea833118c8eb2e1b2cc8668b3073,0ae799169209ebdd77a851e4d8dd36bad9e1f404e8488f01e8b6494d539a2e9a,138,-0.5794698130392828,0.01
0,2,all_agreeing_offsets,wholly_unseen,gh80,uniform,20.0,retention_bounded_plus_HU,0.0001,c3a17ae49362d3af3c889169dd61b790e7c0ea833118c8eb2e1b2cc8668b3073,c1a95121369b9c93bbf9b38fe891d3292b4d15e354e2cd5bb7db8fa9d44004f6,138,-0.5782429796188472,0.01
0,2,all_agreeing_offsets,wholly_unseen,gh80,uniform,20.0,retention_bounded_plus_HU,0.001,c3a17ae49362d3af3c889169dd61b790e7c0ea833118c8eb2e1b2cc8668b3073,6ca4b1c70c25383f027092264d1958f423c2885b989441f3f936d01181e4acd9,138,-0.5737090063553143,0.01
0,2,all_agreeing_offsets,wholly_unseen,gh80,uniform,20.0,retention_bounded_plus_HU,0.01,c3a17ae49362d3af3c889169dd61b790e7c0ea833118c8eb2e1b2cc8668b3073,5448fe02a1dca89bb37002ac85329c3071a74476698d54b30dd2c578a42bc133,138,-0.5642043160630263,0.01
0,2,all_agreeing_offsets,wholly_unseen,gh80,uniform,20.0,retention_bounded_plus_HU,0.1,c3a17ae49362d3af3c889169dd61b790e7c0ea833118c8eb2e1b2cc8668b3073,294e73a215ec0505de620c4c68fc0792ee09c66817593880038c32c9212da280,138,-0.6110522201293956,0.01
0,0,unrounded_strict,side_informed,laplace,uniform,20.0,retention_bounded,0.0,5408050a7c8e3fd51bef6658f73bc7cde508d9922d061daa850381a661f5a7ea,584006f758096ad6930bb95f0aa6de6b1864ef8194cf87d7d2de57bf3f71d92e,91,-0.3605909271233834,0.01
0,0,unrounded_strict,side_informed,laplace,uniform,20.0,retention_bounded,0.0001,5408050a7c8e3fd51bef6658f73bc7cde508d9922d061daa850381a661f5a7ea,88ce39217cb05ac364bdd77550ba8a37d002beb6dc06588cb411ada839c66f82,91,-0.3599015897574023,0.01
0,0,unrounded_strict,side_informed,laplace,uniform,20.0,retention_bounded,0.001,5408050a7c8e3fd51bef6658f73bc7cde508d9922d061daa850381a661f5a7ea,2f1120202820bc900f335ef2889e32a2599a0680cf730550e7c570b67b4ac0c6,91,-0.3547522973839151,0.01
0,0,unrounded_strict,side_informed,laplace,uniform,20.0,retention_bounded,0.01,5408050a7c8e3fd51bef6658f73bc7cde508d9922d061daa850381a661f5a7ea,9b291ff4208fee9d72d6624537c2afe6727f52fde363562a926883945ec3589d,91,-0.33663251307404707,0.01
0,0,unrounded_strict,side_informed,laplace,uniform,20.0,retention_bounded,0.1,5408050a7c8e3fd51bef6658f73bc7cde508d9922d061daa850381a661f5a7ea,9344ce6d0d23970cc421e640aff052420072b2551cbd5c29d074fc210ccf9d57,91,-0.3693181299462644,0.01
0,1,unrounded_strict,side_informed,laplace,uniform,20.0,retention_bounded,0.0,43df9afd7bbb08c16a32c53d9b371bf2731a1085c0b15d2f9d9a4be61ba45707,d89359445fcebab733a88d34d32ba5c57bb8c290165c1454b59f1debd61eb001,89,-0.3605909271233834,0.01
0,1,unrounded_strict,side_informed,laplace,uniform,20.0,retention_bounded,0.0001,43df9afd7bbb08c16a32c53d9b371bf2731a1085c0b15d2f9d9a4be61ba45707,f2f48378c1225dd387434906408fdd8ba3b2de4bb77e9ad947aa342a3c3be29d,89,-0.3599015897574023,0.01
0,1,unrounded_strict,side_informed,laplace,uniform,20.0,retention_bounded,0.001,43df9afd7bbb08c16a32c53d9b371bf2731a1085c0b15d2f9d9a4be61ba45707,09ee5588b9f8cbd309024da4c6a3707177f666a47a5fc6bda13a0a92e1720a8d,89,-0.3547522973839151,0.01
0,1,unrounded_strict,side_informed,laplace,uniform,20.0,retention_bounded,0.01,43df9afd7bbb08c16a32c53d9b371bf2731a1085c0b15d2f9d9a4be61ba45707,6b2c9702dccda1e626f7d43e70db80983ba47c1a157aee00e356024102fe32f4,89,-0.33663251307404707,0.01
0,1,unrounded_strict,side_informed,laplace,uniform,20.0,retention_bounded,0.1,43df9afd7bbb08c16a32c53d9b371bf2731a1085c0b15d2f9d9a4be61ba45707,86a09b47dc1753ae18912d238966357e71ff2a5ebf00c84505dc2f8f9b8fc441,89,-0.3693181299462644,0.01
0,2,unrounded_strict,side_informed,laplace,uniform,20.0,retention_bounded,0.0,8b66ea1302bcaaf1be700d516d29455d16642176198b117e045d901728cddd91,6caef05e69475b73ea11b0e6bd8490fb4a773a6af8bc7acb9e548b477ff58ef1,91,-0.3605909271233834,0.01
0,2,unrounded_strict,side_informed,laplace,uniform,20.0,retention_bounded,0.0001,8b66ea1302bcaaf1be700d516d29455d16642176198b117e045d901728cddd91,22728f11d5fb1a7d461394bc45716e4fc7a187fcf35b6acaa20efff418e1db63,91,-0.3599015897574023,0.01
0,2,unrounded_strict,side_informed,laplace,uniform,20.0,retention_bounded,0.001,8b66ea1302bcaaf1be700d516d29455d16642176198b117e045d901728cddd91,12a0c069a0024361bf825f5aa2e36ef7becc259a73d33e9c8a3bc6814f27ac21,91,-0.3547522973839151,0.01
0,2,unrounded_strict,side_informed,laplace,uniform,20.0,retention_bounded,0.01,8b66ea1302bcaaf1be700d516d29455d16642176198b117e045d901728cddd91,dee3d77cd0b992e895e2df0f2db06c78dcedd5cca18aa1512f3ba6e48463c2c7,91,-0.33663251307404707,0.01
0,2,unrounded_strict,side_informed,laplace,uniform,20.0,retention_bounded,0.1,8b66ea1302bcaaf1be700d516d29455d16642176198b117e045d901728cddd91,0ec70a889352dda520af140ad295bef8e43285bfdd19294ef091621b31a6b1bc,91,-0.3693181299462644,0.01
0,0,unrounded_strict,side_informed,laplace,uniform,20.0,retention_nonnegative,0.0,5408050a7c8e3fd51bef6658f73bc7cde508d9922d061daa850381a661f5a7ea,4281387e137b81f0815c0f255f94a2351cdd1d32b080cfec7852595274df2348,91,-0.36059092776974283,0.01
0,0,unrounded_strict,side_informed,laplace,uniform,20.0,retention_nonnegative,0.0001,5408050a7c8e3fd51bef6658f73bc7cde508d9922d061daa850381a661f5a7ea,e7d7c252722b4ebd8da54af2a1e956eab5da39f45173d9b1ab742cf7fa164b62,91,-0.3596183653753025,0.01
0,0,unrounded_strict,side_informed,laplace,uniform,20.0,retention_nonnegative,0.001,5408050a7c8e3fd51bef6658f73bc7cde508d9922d061daa850381a661f5a7ea,d9ed2e8f6789dc93fad059bf7904b1f25f80abda4d5ca9df33b9b76e1992aecc,91,-0.3532651459123118,0.01
0,0,unrounded_strict,side_informed,laplace,uniform,20.0,retention_nonnegative,0.01,5408050a7c8e3fd51bef6658f73bc7cde508d9922d061daa850381a661f5a7ea,f81c41b22d486a202da08e05b06812fb0061f2d35606649139f20f2ec7ad321a,91,-0.3453204361468146,0.01
0,0,unrounded_strict,side_informed,laplace,uniform,20.0,retention_nonnegative,0.1,5408050a7c8e3fd51bef6658f73bc7cde508d9922d061daa850381a661f5a7ea,a03bb0e03f6e23d00e6ed3d1b3ec0f4473f396f6596daa40c18485821872c395,91,-0.4199554017389196,0.01
0,1,unrounded_strict,side_informed,laplace,uniform,20.0,retention_nonnegative,0.0,43df9afd7bbb08c16a32c53d9b371bf2731a1085c0b15d2f9d9a4be61ba45707,a565f98a96b9f589e9cc2858635310285f6de23261be44721f7cf1b9a3cfced8,89,-0.36059092776974283,0.01
0,1,unrounded_strict,side_informed,laplace,uniform,20.0,retention_nonnegative,0.0001,43df9afd7bbb08c16a32c53d9b371bf2731a1085c0b15d2f9d9a4be61ba45707,fa74ebbfb2ff89f2643a5e7d7cc947e7434ff7151449bfdea58efcaca1e52920,89,-0.3596183653753025,0.01
0,1,unrounded_strict,side_informed,laplace,uniform,20.0,retention_nonnegative,0.001,43df9afd7bbb08c16a32c53d9b371bf2731a1085c0b15d2f9d9a4be61ba45707,57f89c072cef0adba39b2078e9bc456f7c2b053d92b5533aba0d4b69f624b15c,89,-0.3532651459123118,0.01
0,1,unrounded_strict,side_informed,laplace,uniform,20.0,retention_nonnegative,0.01,43df9afd7bbb08c16a32c53d9b371bf2731a1085c0b15d2f9d9a4be61ba45707,2ccc35d54194897c6cd77c5a128eb127560efeb764f9d67b62c63f9e699862cf,89,-0.3453204361468146,0.01
0,1,unrounded_strict,side_informed,laplace,uniform,20.0,retention_nonnegative,0.1,43df9afd7bbb08c16a32c53d9b371bf2731a1085c0b15d2f9d9a4be61ba45707,78fe687dd052c62745a33dc3e372b011a16b24ca0cc633d9aaed162bc3ec11d7,89,-0.4199554017389196,0.01
0,2,unrounded_strict,side_informed,laplace,uniform,20.0,retention_nonnegative,0.0,8b66ea1302bcaaf1be700d516d29455d16642176198b117e045d901728cddd91,c5f168718e3faa7a763ed9b30490642788eb13ec2295bfe1cac0e7cfcfdcc783,91,-0.36059092776974283,0.01
0,2,unrounded_strict,side_informed,laplace,uniform,20.0,retention_nonnegative,0.0001,8b66ea1302bcaaf1be700d516d29455d16642176198b117e045d901728cddd91,bce7369bfe9848a23bfdcf8b16cd9142f2e51dfbb34194ca1fe77455a2c55c54,91,-0.3596183653753025,0.01
0,2,unrounded_strict,side_informed,laplace,uniform,20.0,retention_nonnegative,0.001,8b66ea1302bcaaf1be700d516d29455d16642176198b117e045d901728cddd91,28c16406e443480d01880ebbe2559ef662c183f12a39d5bddb7c3b85c55041b8,91,-0.3532651459123118,0.01
0,2,unrounded_strict,side_informed,laplace,uniform,20.0,retention_nonnegative,0.01,8b66ea1302bcaaf1be700d516d29455d16642176198b117e045d901728cddd91,e95c047ee8d8aac00664ba2f6b67cc173de158af3a2f81db162c1ad0dfaf3f60,91,-0.3453204361468146,0.01
0,2,unrounded_strict,side_informed,laplace,uniform,20.0,retention_nonnegative,0.1,8b66ea1302bcaaf1be700d516d29455d16642176198b117e045d901728cddd91,b55eacc70ef172eb0a2a493bdff6dfa7d74ce6c5f13a48404797a8ad7d86847b,91,-0.4199554017389196,0.01
0,0,unrounded_strict,side_informed,laplace,uniform,20.0,current_only,0.0,5408050a7c8e3fd51bef6658f73bc7cde508d9922d061daa850381a661f5a7ea,534054a8b0bc617cd238d63bc9105b42b58952e27c9d815992f5481eb9b2750f,91,-0.6235960172912248,0.1
0,0,unrounded_strict,side_informed,laplace,uniform,20.0,current_only,0.0001,5408050a7c8e3fd51bef6658f73bc7cde508d9922d061daa850381a661f5a7ea,9d2efac72455d856af7b783bfe7be87b4009dfae082a0b79440ae69952a6f628,91,-0.6234024936877396,0.1
0,0,unrounded_strict,side_informed,laplace,uniform,20.0,current_only,0.001,5408050a7c8e3fd51bef6658f73bc7cde508d9922d061daa850381a661f5a7ea,2c02c319c34a2facee32af67a9163d079f22db3af37738362c1386dcbee510ec,91,-0.6217235791597379,0.1
0,0,unrounded_strict,side_informed,laplace,uniform,20.0,current_only,0.01,5408050a7c8e3fd51bef6658f73bc7cde508d9922d061daa850381a661f5a7ea,ce57feb4e68d255a2532ccfc244fbba9d0322a71cec74407b75f9904fa4e0372,91,-0.6096018822079885,0.1
0,0,unrounded_strict,side_informed,laplace,uniform,20.0,current_only,0.1,5408050a7c8e3fd51bef6658f73bc7cde508d9922d061daa850381a661f5a7ea,b4ae783834d1b8a481bb903ea4e4f3c90039ed92bb0d75baa448668cd25bfef8,91,-0.603216735689257,0.1
0,1,unrounded_strict,side_informed,laplace,uniform,20.0,current_only,0.0,43df9afd7bbb08c16a32c53d9b371bf2731a1085c0b15d2f9d9a4be61ba45707,ba32616ebda78d1d6ea044cf77411e1df9d65e1c6ddc408599f88034894cc2e4,89,-0.6235960172912248,0.1
0,1,unrounded_strict,side_informed,laplace,uniform,20.0,current_only,0.0001,43df9afd7bbb08c16a32c53d9b371bf2731a1085c0b15d2f9d9a4be61ba45707,31844ce4a4a79aa440fb1ba241a37c5ef54c5e7f6180a8909da4fe66254fc9fa,89,-0.6234024936877396,0.1
0,1,unrounded_strict,side_informed,laplace,uniform,20.0,current_only,0.001,43df9afd7bbb08c16a32c53d9b371bf2731a1085c0b15d2f9d9a4be61ba45707,805ed8982ea6e53b249945d52ec72abbb34f8a2341d0f2c01ba9dc470a1a1ed5,89,-0.6217235791597379,0.1
0,1,unrounded_strict,side_informed,laplace,uniform,20.0,current_only,0.01,43df9afd7bbb08c16a32c53d9b371bf2731a1085c0b15d2f9d9a4be61ba45707,4571a7070b5caa5724586bc61eb507931d99ccbe4671fde1a531e4cf3c27a968,89,-0.6096018822079885,0.1
0,1,unrounded_strict,side_informed,laplace,uniform,20.0,current_only,0.1,43df9afd7bbb08c16a32c53d9b371bf2731a1085c0b15d2f9d9a4be61ba45707,ad474e66980cf7b7ed9c8fc3ac9bd957f2fc8da7db8d78ac661dac60ca52879f,89,-0.603216735689257,0.1
0,2,unrounded_strict,side_informed,laplace,uniform,20.0,current_only,0.0,8b66ea1302bcaaf1be700d516d29455d16642176198b117e045d901728cddd91,3e6331507e7cefbc21e5fa0ab0d839fc4a9b101c63027bcf990beb4ae9758a3f,91,-0.6235960172912248,0.1
0,2,unrounded_strict,side_informed,laplace,uniform,20.0,current_only,0.0001,8b66ea1302bcaaf1be700d516d29455d16642176198b117e045d901728cddd91,ac6118e00b6e5994a9e05798030a8e4f2b8a9b0c8289cd6275ae904dc494bfc7,91,-0.6234024936877396,0.1
0,2,unrounded_strict,side_informed,laplace,uniform,20.0,current_only,0.001,8b66ea1302bcaaf1be700d516d29455d16642176198b117e045d901728cddd91,d49278cf8fa0294bc0bfa3d622924f368378370ad1352bf9af94dc777f1102ca,91,-0.6217235791597379,0.1
0,2,unrounded_strict,side_informed,laplace,uniform,20.0,current_only,0.01,8b66ea1302bcaaf1be700d516d29455d16642176198b117e045d901728cddd91,b0a65f21e432af7b9535eca159a41e0bf6ce85beb0428ff816a54d3b13a988b0,91,-0.6096018822079885,0.1
0,2,unrounded_strict,side_informed,laplace,uniform,20.0,current_only,0.1,8b66ea1302bcaaf1be700d516d29455d16642176198b117e045d901728cddd91,3510e5524248c536fc1bb52c591e51aa86673b162981f6f7ce288c49eaa0a4ce,91,-0.603216735689257,0.1
0,0,unrounded_strict,side_informed,laplace,uniform,20.0,input_plus_surface,0.0,5408050a7c8e3fd51bef6658f73bc7cde508d9922d061daa850381a661f5a7ea,f956b0faed49dc5dee4ebf5fa3103d3a64fcd669390076a2cc18a825f6215967,91,-0.3425986873095276,0.01
0,0,unrounded_strict,side_informed,laplace,uniform,20.0,input_plus_surface,0.0001,5408050a7c8e3fd51bef6658f73bc7cde508d9922d061daa850381a661f5a7ea,b5a82abb6b4b10a3527099960acb50b276b64a4acb9d669b080e1170a12a06e8,91,-0.34168336927147697,0.01
0,0,unrounded_strict,side_informed,laplace,uniform,20.0,input_plus_surface,0.001,5408050a7c8e3fd51bef6658f73bc7cde508d9922d061daa850381a661f5a7ea,7a0722af45368ac4d3b1cd9f3e9726fee7eaeb87600284e2cdfca67be257eb53,91,-0.3353007254417339,0.01
0,0,unrounded_strict,side_informed,laplace,uniform,20.0,input_plus_surface,0.01,5408050a7c8e3fd51bef6658f73bc7cde508d9922d061daa850381a661f5a7ea,43a4ca340f01565021a5d02060e1f022cdc5f9eafd3276505c21534777337a70,91,-0.32038930402559296,0.01
0,0,unrounded_strict,side_informed,laplace,uniform,20.0,input_plus_surface,0.1,5408050a7c8e3fd51bef6658f73bc7cde508d9922d061daa850381a661f5a7ea,500eb17e077b295bc65605bbf8ced8e2af6d68870a441cae939948cdea1c4fd6,91,-0.37977458941604775,0.01
0,1,unrounded_strict,side_informed,laplace,uniform,20.0,input_plus_surface,0.0,43df9afd7bbb08c16a32c53d9b371bf2731a1085c0b15d2f9d9a4be61ba45707,adc50daafdac598107f6ac25114dc47e9c7920c1f079437d12916168707cbaff,89,-0.3425986873095276,0.01
0,1,unrounded_strict,side_informed,laplace,uniform,20.0,input_plus_surface,0.0001,43df9afd7bbb08c16a32c53d9b371bf2731a1085c0b15d2f9d9a4be61ba45707,6b35312d7447e072ed6f6d25807b9b5e4b90242d6b866364fcca99f55d04678e,89,-0.34168336927147697,0.01
0,1,unrounded_strict,side_informed,laplace,uniform,20.0,input_plus_surface,0.001,43df9afd7bbb08c16a32c53d9b371bf2731a1085c0b15d2f9d9a4be61ba45707,30a77cb6c51728542386bc08c4f916bdf47c3f0819c8a322641ad143f85a2b7c,89,-0.3353007254417339,0.01
0,1,unrounded_strict,side_informed,laplace,uniform,20.0,input_plus_surface,0.01,43df9afd7bbb08c16a32c53d9b371bf2731a1085c0b15d2f9d9a4be61ba45707,c19ec164b6bb06059b98047fce145b99749bc90e04dd9d5b9250159731040e15,89,-0.32038930402559296,0.01
0,1,unrounded_strict,side_informed,laplace,uniform,20.0,input_plus_surface,0.1,43df9afd7bbb08c16a32c53d9b371bf2731a1085c0b15d2f9d9a4be61ba45707,3903308ff8eaf5530c2423d33a2fc4c02fcf501bd1396762a862f5f6ee00e73b,89,-0.37977458941604775,0.01
0,2,unrounded_strict,side_informed,laplace,uniform,20.0,input_plus_surface,0.0,8b66ea1302bcaaf1be700d516d29455d16642176198b117e045d901728cddd91,7c37a1779130f0438698815764cd218505b67e80cb6ea2ec49e2eafa6d6f7dee,91,-0.3425986873095276,0.01
0,2,unrounded_strict,side_informed,laplace,uniform,20.0,input_plus_surface,0.0001,8b66ea1302bcaaf1be700d516d29455d16642176198b117e045d901728cddd91,e954aa1ba5d3c1f511f83d129ee285932fc85b99a94af511ae08230fa70060f5,91,-0.34168336927147697,0.01
0,2,unrounded_strict,side_informed,laplace,uniform,20.0,input_plus_surface,0.001,8b66ea1302bcaaf1be700d516d29455d16642176198b117e045d901728cddd91,26fed78d4d061411d262f2e0bd026cf376f876d9c6ec704f49cd0fde0f9873e1,91,-0.3353007254417339,0.01
0,2,unrounded_strict,side_informed,laplace,uniform,20.0,input_plus_surface,0.01,8b66ea1302bcaaf1be700d516d29455d16642176198b117e045d901728cddd91,909f336dd943ff630eebce51fafb2bb388c529ba28ffe09522a4eba50f8201f6,91,-0.32038930402559296,0.01
0,2,unrounded_strict,side_informed,laplace,uniform,20.0,input_plus_surface,0.1,8b66ea1302bcaaf1be700d516d29455d16642176198b117e045d901728cddd91,3729bb0390a1ec0a196d97a7e608ce73b491b622675c4f1475b92ada52bf1c60,91,-0.37977458941604775,0.01
0,0,unrounded_strict,side_informed,laplace,uniform,20.0,HU_plus_surface,0.0,5408050a7c8e3fd51bef6658f73bc7cde508d9922d061daa850381a661f5a7ea,38f82fb8697acb1aa809ceb02d678ffad1706a066c812e7f7eff5e03cb415b98,91,-0.3474243837040802,0.01
0,0,unrounded_strict,side_informed,laplace,uniform,20.0,HU_plus_surface,0.0001,5408050a7c8e3fd51bef6658f73bc7cde508d9922d061daa850381a661f5a7ea,96e9b11d63b2b1c2cf294c010398af85d6b3ea9e2d1daee6a8a66cc558a41738,91,-0.3463625061604797,0.01
0,0,unrounded_strict,side_informed,laplace,uniform,20.0,HU_plus_surface,0.001,5408050a7c8e3fd51bef6658f73bc7cde508d9922d061daa850381a661f5a7ea,10f1b01cf957313138765137bce97fa092e26587341a3d0fc2bf99a3c723a76a,91,-0.3390426933217177,0.01
0,0,unrounded_strict,side_informed,laplace,uniform,20.0,HU_plus_surface,0.01,5408050a7c8e3fd51bef6658f73bc7cde508d9922d061daa850381a661f5a7ea,4a17fdde2329b5414a3de1371ba43d0d322bcc7fc5e6fc4773884d0db104a0ee,91,-0.32196224094496595,0.01
0,0,unrounded_strict,side_informed,laplace,uniform,20.0,HU_plus_surface,0.1,5408050a7c8e3fd51bef6658f73bc7cde508d9922d061daa850381a661f5a7ea,a1baa57b7ae5da95767752cffe10b8e5aa8bf627b0081bdddef9b3c15b70a0ba,91,-0.3808845755110657,0.01
0,1,unrounded_strict,side_informed,laplace,uniform,20.0,HU_plus_surface,0.0,43df9afd7bbb08c16a32c53d9b371bf2731a1085c0b15d2f9d9a4be61ba45707,f915c62d90a2d0ea2fbe5c6f9d4ed1994277e852070b6d5b2dd071841ff82f2c,89,-0.3474243837040802,0.01
0,1,unrounded_strict,side_informed,laplace,uniform,20.0,HU_plus_surface,0.0001,43df9afd7bbb08c16a32c53d9b371bf2731a1085c0b15d2f9d9a4be61ba45707,ee559f89c526744d5e528fbeec6a78f483235495279684c0f441501df9a4a784,89,-0.3463625061604797,0.01
0,1,unrounded_strict,side_informed,laplace,uniform,20.0,HU_plus_surface,0.001,43df9afd7bbb08c16a32c53d9b371bf2731a1085c0b15d2f9d9a4be61ba45707,4ed3f1628dfef49349c1c46217189834c9180f5ee4b07e5dff7b9ceff8ae7620,89,-0.3390426933217177,0.01
0,1,unrounded_strict,side_informed,laplace,uniform,20.0,HU_plus_surface,0.01,43df9afd7bbb08c16a32c53d9b371bf2731a1085c0b15d2f9d9a4be61ba45707,336e6e9ec9f5a3a8f16f7b94fab4dafd40cbfac6b22cc492e47ce9fac7b0766b,89,-0.32196224094496595,0.01
0,1,unrounded_strict,side_informed,laplace,uniform,20.0,HU_plus_surface,0.1,43df9afd7bbb08c16a32c53d9b371bf2731a1085c0b15d2f9d9a4be61ba45707,0a8a1cfc7305a6ef935bf7bd443122754397e86a080f60b56589d5add00a5cbb,89,-0.3808845755110657,0.01
0,2,unrounded_strict,side_informed,laplace,uniform,20.0,HU_plus_surface,0.0,8b66ea1302bcaaf1be700d516d29455d16642176198b117e045d901728cddd91,9fec8b55c7797caba56d014688edb8261564e5835177745e7abaf72a68496263,91,-0.3474243837040802,0.01
0,2,unrounded_strict,side_informed,laplace,uniform,20.0,HU_plus_surface,0.0001,8b66ea1302bcaaf1be700d516d29455d16642176198b117e045d901728cddd91,ca8c014c9045031d8f0dd0744fa9251efaf5cb9bb8be35b28da0af59a023f000,91,-0.3463625061604797,0.01
0,2,unrounded_strict,side_informed,laplace,uniform,20.0,HU_plus_surface,0.001,8b66ea1302bcaaf1be700d516d29455d16642176198b117e045d901728cddd91,5b055261aa1cfeabe7e985d2d9028a256adcd0f71c56d5d48c52968ca8bf0e6a,91,-0.3390426933217177,0.01
0,2,unrounded_strict,side_informed,laplace,uniform,20.0,HU_plus_surface,0.01,8b66ea1302bcaaf1be700d516d29455d16642176198b117e045d901728cddd91,f2529681d3883ab21766a3eb6973ea28d58326341b242c115396e1116fe94794,91,-0.32196224094496595,0.01
0,2,unrounded_strict,side_informed,laplace,uniform,20.0,HU_plus_surface,0.1,8b66ea1302bcaaf1be700d516d29455d16642176198b117e045d901728cddd91,d71aa7345d52e978a25815bc9c7f2bd12650ead56904cc9abb3923d7cabff989,91,-0.3808845755110657,0.01
0,0,unrounded_strict,side_informed,laplace,uniform,20.0,retention_bounded_plus_HU,0.0,5408050a7c8e3fd51bef6658f73bc7cde508d9922d061daa850381a661f5a7ea,ee89e3d13daaea77330449311a41469ae81ecd7d6d58f9d74f8494ef8a13b908,91,-0.36281481055905457,0.01
0,0,unrounded_strict,side_informed,laplace,uniform,20.0,retention_bounded_plus_HU,0.0001,5408050a7c8e3fd51bef6658f73bc7cde508d9922d061daa850381a661f5a7ea,938df656e6bb483b716a8239ead66f4ad09e26d1d21558599b90dbb1faecedf7,91,-0.36199719006262493,0.01
0,0,unrounded_strict,side_informed,laplace,uniform,20.0,retention_bounded_plus_HU,0.001,5408050a7c8e3fd51bef6658f73bc7cde508d9922d061daa850381a661f5a7ea,f95ff61ba602a4dbf18bafb4b7225e0707d697eaa24a51252deb059e0f6aab41,91,-0.3594696668345415,0.01
0,0,unrounded_strict,side_informed,laplace,uniform,20.0,retention_bounded_plus_HU,0.01,5408050a7c8e3fd51bef6658f73bc7cde508d9922d061daa850381a661f5a7ea,1626ef0c0b968585424e6e97896b3eadadfb5049ddfbe2736233195678c65e74,91,-0.3439875683094355,0.01
0,0,unrounded_strict,side_informed,laplace,uniform,20.0,retention_bounded_plus_HU,0.1,5408050a7c8e3fd51bef6658f73bc7cde508d9922d061daa850381a661f5a7ea,cb609d64cf023731047a23df23a83b4ed60cb25986db56b4d6c560f669848f27,91,-0.3530469659588633,0.01
0,1,unrounded_strict,side_informed,laplace,uniform,20.0,retention_bounded_plus_HU,0.0,43df9afd7bbb08c16a32c53d9b371bf2731a1085c0b15d2f9d9a4be61ba45707,fbc2140c9033e11da5f278dd0fe957b6c7c814a0697d8171ee9c5b27c243bc71,89,-0.36281481055905457,0.01
0,1,unrounded_strict,side_informed,laplace,uniform,20.0,retention_bounded_plus_HU,0.0001,43df9afd7bbb08c16a32c53d9b371bf2731a1085c0b15d2f9d9a4be61ba45707,e2e68682b5e6aedb75f8c5d9251ff7de3c47dd0ce90de55c1b9379393cce58a6,89,-0.36199719006262493,0.01
0,1,unrounded_strict,side_informed,laplace,uniform,20.0,retention_bounded_plus_HU,0.001,43df9afd7bbb08c16a32c53d9b371bf2731a1085c0b15d2f9d9a4be61ba45707,8c18a372743ff086506e795732d49ebcebca400272dd9675d306d688578fa3f5,89,-0.3594696668345415,0.01
0,1,unrounded_strict,side_informed,laplace,uniform,20.0,retention_bounded_plus_HU,0.01,43df9afd7bbb08c16a32c53d9b371bf2731a1085c0b15d2f9d9a4be61ba45707,e0ae1fbae7d597fcbce92a700672e29a08674a5129588b04b45e20cffc739146,89,-0.3439875683094355,0.01
0,1,unrounded_strict,side_informed,laplace,uniform,20.0,retention_bounded_plus_HU,0.1,43df9afd7bbb08c16a32c53d9b371bf2731a1085c0b15d2f9d9a4be61ba45707,6a26dbda2d94511d71cf594dbffedec0013838e9bf270f15304d4f1d7a208734,89,-0.3530469659588633,0.01
0,2,unrounded_strict,side_informed,laplace,uniform,20.0,retention_bounded_plus_HU,0.0,8b66ea1302bcaaf1be700d516d29455d16642176198b117e045d901728cddd91,8cb66f8af6205c7ab1023361104e75d8c661c4831573ae41bd1b3cc588a031b3,91,-0.36281481055905457,0.01
0,2,unrounded_strict,side_informed,laplace,uniform,20.0,retention_bounded_plus_HU,0.0001,8b66ea1302bcaaf1be700d516d29455d16642176198b117e045d901728cddd91,20c6ceb3753e2ace514e2a188718044d10ccb4db483d2f61260eba34cc24ac9b,91,-0.36199719006262493,0.01
0,2,unrounded_strict,side_informed,laplace,uniform,20.0,retention_bounded_plus_HU,0.001,8b66ea1302bcaaf1be700d516d29455d16642176198b117e045d901728cddd91,670a20ed055139633e431ae08d02d750ec25345f381eb8e4de7a310918c09cc4,91,-0.3594696668345415,0.01
0,2,unrounded_strict,side_informed,laplace,uniform,20.0,retention_bounded_plus_HU,0.01,8b66ea1302bcaaf1be700d516d29455d16642176198b117e045d901728cddd91,ad38fdc43e78def62b2ec6ee897c27ff8f3c6e78092238a410c6e5ea5777024e,91,-0.3439875683094355,0.01
0,2,unrounded_strict,side_informed,laplace,uniform,20.0,retention_bounded_plus_HU,0.1,8b66ea1302bcaaf1be700d516d29455d16642176198b117e045d901728cddd91,2a9aba599e36c6c1937e0f825718635f42ebadfb199585f64041f0970e8de8d2,91,-0.3530469659588633,0.01
0,0,unrounded_strict,side_informed,gh80,uniform,20.0,HU_plus_surface,0.0,5408050a7c8e3fd51bef6658f73bc7cde508d9922d061daa850381a661f5a7ea,8c399d9c5dc26293f03b987dd6e29cae0d59bb4d4c5c5cc16c1884fdc4b2eef6,91,-0.3326797542297301,0.01
0,0,unrounded_strict,side_informed,gh80,uniform,20.0,HU_plus_surface,0.0001,5408050a7c8e3fd51bef6658f73bc7cde508d9922d061daa850381a661f5a7ea,e125d7657eb027391b130b4bce2d7579bde2a7f119a62b2605c6892a636cdc55,91,-0.33155268650024805,0.01
0,0,unrounded_strict,side_informed,gh80,uniform,20.0,HU_plus_surface,0.001,5408050a7c8e3fd51bef6658f73bc7cde508d9922d061daa850381a661f5a7ea,93fd80d054f48cb2664b34dfdad051c2fcaf00a21ad3808a1fee5a6cef7a295c,91,-0.3242872735944916,0.01
0,0,unrounded_strict,side_informed,gh80,uniform,20.0,HU_plus_surface,0.01,5408050a7c8e3fd51bef6658f73bc7cde508d9922d061daa850381a661f5a7ea,9f8f75ad076ceb1bac0bf8285ea9377723eb842d3e223c28ac09b25354644128,91,-0.3110224233065304,0.01
0,0,unrounded_strict,side_informed,gh80,uniform,20.0,HU_plus_surface,0.1,5408050a7c8e3fd51bef6658f73bc7cde508d9922d061daa850381a661f5a7ea,3cd1a20e134c6d6a0d9fa04ddda8cd3e015987bdf41e2bb63bb37bc38212401e,91,-0.37755829819966236,0.01
0,1,unrounded_strict,side_informed,gh80,uniform,20.0,HU_plus_surface,0.0,43df9afd7bbb08c16a32c53d9b371bf2731a1085c0b15d2f9d9a4be61ba45707,84c2245d8d26b858458027ae08d9e99b453e4613355e1d7410a2e516d824b94f,89,-0.3326797542297301,0.01
0,1,unrounded_strict,side_informed,gh80,uniform,20.0,HU_plus_surface,0.0001,43df9afd7bbb08c16a32c53d9b371bf2731a1085c0b15d2f9d9a4be61ba45707,a77267788aaddc4a12b21747f2678bfebb013685676272bf583596198fa7c1da,89,-0.33155268650024805,0.01
0,1,unrounded_strict,side_informed,gh80,uniform,20.0,HU_plus_surface,0.001,43df9afd7bbb08c16a32c53d9b371bf2731a1085c0b15d2f9d9a4be61ba45707,c2a98bc3aa041f0dcc5614f96fd751861e4fbc76c70af5caa259a89948f0d68d,89,-0.3242872735944916,0.01
0,1,unrounded_strict,side_informed,gh80,uniform,20.0,HU_plus_surface,0.01,43df9afd7bbb08c16a32c53d9b371bf2731a1085c0b15d2f9d9a4be61ba45707,10d4f0198d48bd7c925816418a5e3e4c92df8d46e5fa44fb93ec99f46128f478,89,-0.3110224233065304,0.01
0,1,unrounded_strict,side_informed,gh80,uniform,20.0,HU_plus_surface,0.1,43df9afd7bbb08c16a32c53d9b371bf2731a1085c0b15d2f9d9a4be61ba45707,6ea8afb81f8f296484b4cb188abd54a6b7c39287daab30d1b4a7700c2f670d6d,89,-0.37755829819966236,0.01
0,2,unrounded_strict,side_informed,gh80,uniform,20.0,HU_plus_surface,0.0,8b66ea1302bcaaf1be700d516d29455d16642176198b117e045d901728cddd91,4858c0a11deb14c54d7c1fd07eeb9317dea7fd8bb9fb34463c3ffc7938c04b3c,91,-0.3326797542297301,0.01
0,2,unrounded_strict,side_informed,gh80,uniform,20.0,HU_plus_surface,0.0001,8b66ea1302bcaaf1be700d516d29455d16642176198b117e045d901728cddd91,6a82443ebfa6af48c71332fa3dceb86c4aa1d8567d567487d83b019bc57b04fd,91,-0.33155268650024805,0.01
0,2,unrounded_strict,side_informed,gh80,uniform,20.0,HU_plus_surface,0.001,8b66ea1302bcaaf1be700d516d29455d16642176198b117e045d901728cddd91,451f5179c000816e133ae8e6eb9f915ef37a834697b6a361724aac8732a085f7,91,-0.3242872735944916,0.01
0,2,unrounded_strict,side_informed,gh80,uniform,20.0,HU_plus_surface,0.01,8b66ea1302bcaaf1be700d516d29455d16642176198b117e045d901728cddd91,7829e6a5f2ce20d4a91ec078a987c58b1f15c9c2337e318709dfd4758faa98e9,91,-0.3110224233065304,0.01
0,2,unrounded_strict,side_informed,gh80,uniform,20.0,HU_plus_surface,0.1,8b66ea1302bcaaf1be700d516d29455d16642176198b117e045d901728cddd91,5a0f686115e97913b11ea6137fe91b79b635064de0c305d5f05fff4d03e5a838,91,-0.37755829819966236,0.01
0,0,unrounded_strict,side_informed,gh80,uniform,20.0,retention_bounded_plus_HU,0.0,5408050a7c8e3fd51bef6658f73bc7cde508d9922d061daa850381a661f5a7ea,f0ddaa2517ff52181854fd2bddf4bd5bc292a4435893f73c847e78d06998bf29,91,-0.35146381542578425,0.01
0,0,unrounded_strict,side_informed,gh80,uniform,20.0,retention_bounded_plus_HU,0.0001,5408050a7c8e3fd51bef6658f73bc7cde508d9922d061daa850381a661f5a7ea,4f294722080707618594092f6bc68a2d0e82b2461b5f50af5ffcc5d80b654d40,91,-0.350236839026501,0.01
0,0,unrounded_strict,side_informed,gh80,uniform,20.0,retention_bounded_plus_HU,0.001,5408050a7c8e3fd51bef6658f73bc7cde508d9922d061daa850381a661f5a7ea,7c13622bba1aba6156d8f4bf1440dbdcff500cacb5b9b2e413f7911b4629e9b3,91,-0.34653493152610293,0.01
0,0,unrounded_strict,side_informed,gh80,uniform,20.0,retention_bounded_plus_HU,0.01,5408050a7c8e3fd51bef6658f73bc7cde508d9922d061daa850381a661f5a7ea,ab49d3de468c41db917412c4407f629a58df29738253bcd044bb0bd1924b711e,91,-0.33581932536077425,0.01
0,0,unrounded_strict,side_informed,gh80,uniform,20.0,retention_bounded_plus_HU,0.1,5408050a7c8e3fd51bef6658f73bc7cde508d9922d061daa850381a661f5a7ea,b5f2c91d8e79671c24547a3de3751c765f21a1a324eb41acb496969b59177eb3,91,-0.34872983387586215,0.01
0,1,unrounded_strict,side_informed,gh80,uniform,20.0,retention_bounded_plus_HU,0.0,43df9afd7bbb08c16a32c53d9b371bf2731a1085c0b15d2f9d9a4be61ba45707,9b280c40b75617c1cbc6d8ce87f164af63e56a328a65df8e94db72b861e7c26e,89,-0.35146381542578425,0.01
0,1,unrounded_strict,side_informed,gh80,uniform,20.0,retention_bounded_plus_HU,0.0001,43df9afd7bbb08c16a32c53d9b371bf2731a1085c0b15d2f9d9a4be61ba45707,3db964be928d9e59bc787d2ed161e05a1e9a11274908839ad3a6feabf0344422,89,-0.350236839026501,0.01
0,1,unrounded_strict,side_informed,gh80,uniform,20.0,retention_bounded_plus_HU,0.001,43df9afd7bbb08c16a32c53d9b371bf2731a1085c0b15d2f9d9a4be61ba45707,f138de6ccbf249234111df4d5d63f47952d440818c872ead29f83565f10cd33a,89,-0.34653493152610293,0.01
0,1,unrounded_strict,side_informed,gh80,uniform,20.0,retention_bounded_plus_HU,0.01,43df9afd7bbb08c16a32c53d9b371bf2731a1085c0b15d2f9d9a4be61ba45707,0c4dd2809f9ef44b1403b1dd0efd2a02d761ba0c51b4d1d3bd9e5e5accbf803e,89,-0.33581932536077425,0.01
0,1,unrounded_strict,side_informed,gh80,uniform,20.0,retention_bounded_plus_HU,0.1,43df9afd7bbb08c16a32c53d9b371bf2731a1085c0b15d2f9d9a4be61ba45707,4c292b9b94e2d5df07a73bcbee4a167fa5164dfaa4051f9f69e66dcf9798e1d4,89,-0.34872983387586215,0.01
0,2,unrounded_strict,side_informed,gh80,uniform,20.0,retention_bounded_plus_HU,0.0,8b66ea1302bcaaf1be700d516d29455d16642176198b117e045d901728cddd91,10de45734fcc74b3fc89c4b20818b53f47f04dfd276ba2d64196611b1025d4a7,91,-0.35146381542578425,0.01
0,2,unrounded_strict,side_informed,gh80,uniform,20.0,retention_bounded_plus_HU,0.0001,8b66ea1302bcaaf1be700d516d29455d16642176198b117e045d901728cddd91,64172069e735dcfb7d5f4bf569bc6c8e64adb1adf16715940f9a38b584e2871f,91,-0.350236839026501,0.01
0,2,unrounded_strict,side_informed,gh80,uniform,20.0,retention_bounded_plus_HU,0.001,8b66ea1302bcaaf1be700d516d29455d16642176198b117e045d901728cddd91,b79df6760215cf54960692f1f5b248133af2192252a7ae9d57b73fd18380a4cc,91,-0.34653493152610293,0.01
0,2,unrounded_strict,side_informed,gh80,uniform,20.0,retention_bounded_plus_HU,0.01,8b66ea1302bcaaf1be700d516d29455d16642176198b117e045d901728cddd91,d6dadf868a32b3f323c6e674d68b90c1bf64e621911f542b3916a490ebe725f8,91,-0.33581932536077425,0.01
0,2,unrounded_strict,side_informed,gh80,uniform,20.0,retention_bounded_plus_HU,0.1,8b66ea1302bcaaf1be700d516d29455d16642176198b117e045d901728cddd91,d68b1780f1d888559522ac73c587534ad64bd695df2e2014f0c278e67e56dc95,91,-0.34872983387586215,0.01
0,0,unrounded_strict,wholly_unseen,laplace,uniform,20.0,retention_bounded,0.0,5408050a7c8e3fd51bef6658f73bc7cde508d9922d061daa850381a661f5a7ea,584006f758096ad6930bb95f0aa6de6b1864ef8194cf87d7d2de57bf3f71d92e,91,-0.6615770941617285,0.01
0,0,unrounded_strict,wholly_unseen,laplace,uniform,20.0,retention_bounded,0.0001,5408050a7c8e3fd51bef6658f73bc7cde508d9922d061daa850381a661f5a7ea,88ce39217cb05ac364bdd77550ba8a37d002beb6dc06588cb411ada839c66f82,91,-0.6609644036159846,0.01
0,0,unrounded_strict,wholly_unseen,laplace,uniform,20.0,retention_bounded,0.001,5408050a7c8e3fd51bef6658f73bc7cde508d9922d061daa850381a661f5a7ea,2f1120202820bc900f335ef2889e32a2599a0680cf730550e7c570b67b4ac0c6,91,-0.6560734933751109,0.01
0,0,unrounded_strict,wholly_unseen,laplace,uniform,20.0,retention_bounded,0.01,5408050a7c8e3fd51bef6658f73bc7cde508d9922d061daa850381a661f5a7ea,9b291ff4208fee9d72d6624537c2afe6727f52fde363562a926883945ec3589d,91,-0.6318539485352955,0.01
0,0,unrounded_strict,wholly_unseen,laplace,uniform,20.0,retention_bounded,0.1,5408050a7c8e3fd51bef6658f73bc7cde508d9922d061daa850381a661f5a7ea,9344ce6d0d23970cc421e640aff052420072b2551cbd5c29d074fc210ccf9d57,91,-0.6480648964126474,0.01
0,1,unrounded_strict,wholly_unseen,laplace,uniform,20.0,retention_bounded,0.0,43df9afd7bbb08c16a32c53d9b371bf2731a1085c0b15d2f9d9a4be61ba45707,d89359445fcebab733a88d34d32ba5c57bb8c290165c1454b59f1debd61eb001,89,-0.6615770941617285,0.01
0,1,unrounded_strict,wholly_unseen,laplace,uniform,20.0,retention_bounded,0.0001,43df9afd7bbb08c16a32c53d9b371bf2731a1085c0b15d2f9d9a4be61ba45707,f2f48378c1225dd387434906408fdd8ba3b2de4bb77e9ad947aa342a3c3be29d,89,-0.6609644036159846,0.01
0,1,unrounded_strict,wholly_unseen,laplace,uniform,20.0,retention_bounded,0.001,43df9afd7bbb08c16a32c53d9b371bf2731a1085c0b15d2f9d9a4be61ba45707,09ee5588b9f8cbd309024da4c6a3707177f666a47a5fc6bda13a0a92e1720a8d,89,-0.6560734933751109,0.01
0,1,unrounded_strict,wholly_unseen,laplace,uniform,20.0,retention_bounded,0.01,43df9afd7bbb08c16a32c53d9b371bf2731a1085c0b15d2f9d9a4be61ba45707,6b2c9702dccda1e626f7d43e70db80983ba47c1a157aee00e356024102fe32f4,89,-0.6318539485352955,0.01
0,1,unrounded_strict,wholly_unseen,laplace,uniform,20.0,retention_bounded,0.1,43df9afd7bbb08c16a32c53d9b371bf2731a1085c0b15d2f9d9a4be61ba45707,86a09b47dc1753ae18912d238966357e71ff2a5ebf00c84505dc2f8f9b8fc441,89,-0.6480648964126474,0.01
0,2,unrounded_strict,wholly_unseen,laplace,uniform,20.0,retention_bounded,0.0,8b66ea1302bcaaf1be700d516d29455d16642176198b117e045d901728cddd91,6caef05e69475b73ea11b0e6bd8490fb4a773a6af8bc7acb9e548b477ff58ef1,91,-0.6615770941617285,0.01
0,2,unrounded_strict,wholly_unseen,laplace,uniform,20.0,retention_bounded,0.0001,8b66ea1302bcaaf1be700d516d29455d16642176198b117e045d901728cddd91,22728f11d5fb1a7d461394bc45716e4fc7a187fcf35b6acaa20efff418e1db63,91,-0.6609644036159846,0.01
0,2,unrounded_strict,wholly_unseen,laplace,uniform,20.0,retention_bounded,0.001,8b66ea1302bcaaf1be700d516d29455d16642176198b117e045d901728cddd91,12a0c069a0024361bf825f5aa2e36ef7becc259a73d33e9c8a3bc6814f27ac21,91,-0.6560734933751109,0.01
0,2,unrounded_strict,wholly_unseen,laplace,uniform,20.0,retention_bounded,0.01,8b66ea1302bcaaf1be700d516d29455d16642176198b117e045d901728cddd91,dee3d77cd0b992e895e2df0f2db06c78dcedd5cca18aa1512f3ba6e48463c2c7,91,-0.6318539485352955,0.01
0,2,unrounded_strict,wholly_unseen,laplace,uniform,20.0,retention_bounded,0.1,8b66ea1302bcaaf1be700d516d29455d16642176198b117e045d901728cddd91,0ec70a889352dda520af140ad295bef8e43285bfdd19294ef091621b31a6b1bc,91,-0.6480648964126474,0.01
0,0,unrounded_strict,wholly_unseen,laplace,uniform,20.0,retention_nonnegative,0.0,5408050a7c8e3fd51bef6658f73bc7cde508d9922d061daa850381a661f5a7ea,4281387e137b81f0815c0f255f94a2351cdd1d32b080cfec7852595274df2348,91,-0.6615770953655185,0.01
0,0,unrounded_strict,wholly_unseen,laplace,uniform,20.0,retention_nonnegative,0.0001,5408050a7c8e3fd51bef6658f73bc7cde508d9922d061daa850381a661f5a7ea,e7d7c252722b4ebd8da54af2a1e956eab5da39f45173d9b1ab742cf7fa164b62,91,-0.6594544987165976,0.01
0,0,unrounded_strict,wholly_unseen,laplace,uniform,20.0,retention_nonnegative,0.001,5408050a7c8e3fd51bef6658f73bc7cde508d9922d061daa850381a661f5a7ea,d9ed2e8f6789dc93fad059bf7904b1f25f80abda4d5ca9df33b9b76e1992aecc,91,-0.6452330412132207,0.01
0,0,unrounded_strict,wholly_unseen,laplace,uniform,20.0,retention_nonnegative,0.01,5408050a7c8e3fd51bef6658f73bc7cde508d9922d061daa850381a661f5a7ea,f81c41b22d486a202da08e05b06812fb0061f2d35606649139f20f2ec7ad321a,91,-0.6211593296512142,0.01
0,0,unrounded_strict,wholly_unseen,laplace,uniform,20.0,retention_nonnegative,0.1,5408050a7c8e3fd51bef6658f73bc7cde508d9922d061daa850381a661f5a7ea,a03bb0e03f6e23d00e6ed3d1b3ec0f4473f396f6596daa40c18485821872c395,91,-0.6995872444627548,0.01
0,1,unrounded_strict,wholly_unseen,laplace,uniform,20.0,retention_nonnegative,0.0,43df9afd7bbb08c16a32c53d9b371bf2731a1085c0b15d2f9d9a4be61ba45707,a565f98a96b9f589e9cc2858635310285f6de23261be44721f7cf1b9a3cfced8,89,-0.6615770953655185,0.01
0,1,unrounded_strict,wholly_unseen,laplace,uniform,20.0,retention_nonnegative,0.0001,43df9afd7bbb08c16a32c53d9b371bf2731a1085c0b15d2f9d9a4be61ba45707,fa74ebbfb2ff89f2643a5e7d7cc947e7434ff7151449bfdea58efcaca1e52920,89,-0.6594544987165976,0.01
0,1,unrounded_strict,wholly_unseen,laplace,uniform,20.0,retention_nonnegative,0.001,43df9afd7bbb08c16a32c53d9b371bf2731a1085c0b15d2f9d9a4be61ba45707,57f89c072cef0adba39b2078e9bc456f7c2b053d92b5533aba0d4b69f624b15c,89,-0.6452330412132207,0.01
0,1,unrounded_strict,wholly_unseen,laplace,uniform,20.0,retention_nonnegative,0.01,43df9afd7bbb08c16a32c53d9b371bf2731a1085c0b15d2f9d9a4be61ba45707,2ccc35d54194897c6cd77c5a128eb127560efeb764f9d67b62c63f9e699862cf,89,-0.6211593296512142,0.01
0,1,unrounded_strict,wholly_unseen,laplace,uniform,20.0,retention_nonnegative,0.1,43df9afd7bbb08c16a32c53d9b371bf2731a1085c0b15d2f9d9a4be61ba45707,78fe687dd052c62745a33dc3e372b011a16b24ca0cc633d9aaed162bc3ec11d7,89,-0.6995872444627548,0.01
0,2,unrounded_strict,wholly_unseen,laplace,uniform,20.0,retention_nonnegative,0.0,8b66ea1302bcaaf1be700d516d29455d16642176198b117e045d901728cddd91,c5f168718e3faa7a763ed9b30490642788eb13ec2295bfe1cac0e7cfcfdcc783,91,-0.6615770953655185,0.01
0,2,unrounded_strict,wholly_unseen,laplace,uniform,20.0,retention_nonnegative,0.0001,8b66ea1302bcaaf1be700d516d29455d16642176198b117e045d901728cddd91,bce7369bfe9848a23bfdcf8b16cd9142f2e51dfbb34194ca1fe77455a2c55c54,91,-0.6594544987165976,0.01
0,2,unrounded_strict,wholly_unseen,laplace,uniform,20.0,retention_nonnegative,0.001,8b66ea1302bcaaf1be700d516d29455d16642176198b117e045d901728cddd91,28c16406e443480d01880ebbe2559ef662c183f12a39d5bddb7c3b85c55041b8,91,-0.6452330412132207,0.01
0,2,unrounded_strict,wholly_unseen,laplace,uniform,20.0,retention_nonnegative,0.01,8b66ea1302bcaaf1be700d516d29455d16642176198b117e045d901728cddd91,e95c047ee8d8aac00664ba2f6b67cc173de158af3a2f81db162c1ad0dfaf3f60,91,-0.6211593296512142,0.01
0,2,unrounded_strict,wholly_unseen,laplace,uniform,20.0,retention_nonnegative,0.1,8b66ea1302bcaaf1be700d516d29455d16642176198b117e045d901728cddd91,b55eacc70ef172eb0a2a493bdff6dfa7d74ce6c5f13a48404797a8ad7d86847b,91,-0.6995872444627548,0.01
0,0,unrounded_strict,wholly_unseen,laplace,uniform,20.0,current_only,0.0,5408050a7c8e3fd51bef6658f73bc7cde508d9922d061daa850381a661f5a7ea,534054a8b0bc617cd238d63bc9105b42b58952e27c9d815992f5481eb9b2750f,91,-0.9042343573347777,0.1
0,0,unrounded_strict,wholly_unseen,laplace,uniform,20.0,current_only,0.0001,5408050a7c8e3fd51bef6658f73bc7cde508d9922d061daa850381a661f5a7ea,9d2efac72455d856af7b783bfe7be87b4009dfae082a0b79440ae69952a6f628,91,-0.9040408337312924,0.1
0,0,unrounded_strict,wholly_unseen,laplace,uniform,20.0,current_only,0.001,5408050a7c8e3fd51bef6658f73bc7cde508d9922d061daa850381a661f5a7ea,2c02c319c34a2facee32af67a9163d079f22db3af37738362c1386dcbee510ec,91,-0.9023619192032905,0.1
0,0,unrounded_strict,wholly_unseen,laplace,uniform,20.0,current_only,0.01,5408050a7c8e3fd51bef6658f73bc7cde508d9922d061daa850381a661f5a7ea,ce57feb4e68d255a2532ccfc244fbba9d0322a71cec74407b75f9904fa4e0372,91,-0.890240222251541,0.1
0,0,unrounded_strict,wholly_unseen,laplace,uniform,20.0,current_only,0.1,5408050a7c8e3fd51bef6658f73bc7cde508d9922d061daa850381a661f5a7ea,b4ae783834d1b8a481bb903ea4e4f3c90039ed92bb0d75baa448668cd25bfef8,91,-0.8838550757328097,0.1
0,1,unrounded_strict,wholly_unseen,laplace,uniform,20.0,current_only,0.0,43df9afd7bbb08c16a32c53d9b371bf2731a1085c0b15d2f9d9a4be61ba45707,ba32616ebda78d1d6ea044cf77411e1df9d65e1c6ddc408599f88034894cc2e4,89,-0.9042343573347777,0.1
0,1,unrounded_strict,wholly_unseen,laplace,uniform,20.0,current_only,0.0001,43df9afd7bbb08c16a32c53d9b371bf2731a1085c0b15d2f9d9a4be61ba45707,31844ce4a4a79aa440fb1ba241a37c5ef54c5e7f6180a8909da4fe66254fc9fa,89,-0.9040408337312924,0.1
0,1,unrounded_strict,wholly_unseen,laplace,uniform,20.0,current_only,0.001,43df9afd7bbb08c16a32c53d9b371bf2731a1085c0b15d2f9d9a4be61ba45707,805ed8982ea6e53b249945d52ec72abbb34f8a2341d0f2c01ba9dc470a1a1ed5,89,-0.9023619192032905,0.1
0,1,unrounded_strict,wholly_unseen,laplace,uniform,20.0,current_only,0.01,43df9afd7bbb08c16a32c53d9b371bf2731a1085c0b15d2f9d9a4be61ba45707,4571a7070b5caa5724586bc61eb507931d99ccbe4671fde1a531e4cf3c27a968,89,-0.890240222251541,0.1
0,1,unrounded_strict,wholly_unseen,laplace,uniform,20.0,current_only,0.1,43df9afd7bbb08c16a32c53d9b371bf2731a1085c0b15d2f9d9a4be61ba45707,ad474e66980cf7b7ed9c8fc3ac9bd957f2fc8da7db8d78ac661dac60ca52879f,89,-0.8838550757328097,0.1
0,2,unrounded_strict,wholly_unseen,laplace,uniform,20.0,current_only,0.0,8b66ea1302bcaaf1be700d516d29455d16642176198b117e045d901728cddd91,3e6331507e7cefbc21e5fa0ab0d839fc4a9b101c63027bcf990beb4ae9758a3f,91,-0.9042343573347777,0.1
0,2,unrounded_strict,wholly_unseen,laplace,uniform,20.0,current_only,0.0001,8b66ea1302bcaaf1be700d516d29455d16642176198b117e045d901728cddd91,ac6118e00b6e5994a9e05798030a8e4f2b8a9b0c8289cd6275ae904dc494bfc7,91,-0.9040408337312924,0.1
0,2,unrounded_strict,wholly_unseen,laplace,uniform,20.0,current_only,0.001,8b66ea1302bcaaf1be700d516d29455d16642176198b117e045d901728cddd91,d49278cf8fa0294bc0bfa3d622924f368378370ad1352bf9af94dc777f1102ca,91,-0.9023619192032905,0.1
0,2,unrounded_strict,wholly_unseen,laplace,uniform,20.0,current_only,0.01,8b66ea1302bcaaf1be700d516d29455d16642176198b117e045d901728cddd91,b0a65f21e432af7b9535eca159a41e0bf6ce85beb0428ff816a54d3b13a988b0,91,-0.890240222251541,0.1
0,2,unrounded_strict,wholly_unseen,laplace,uniform,20.0,current_only,0.1,8b66ea1302bcaaf1be700d516d29455d16642176198b117e045d901728cddd91,3510e5524248c536fc1bb52c591e51aa86673b162981f6f7ce288c49eaa0a4ce,91,-0.8838550757328097,0.1
0,0,unrounded_strict,wholly_unseen,laplace,uniform,20.0,input_plus_surface,0.0,5408050a7c8e3fd51bef6658f73bc7cde508d9922d061daa850381a661f5a7ea,f956b0faed49dc5dee4ebf5fa3103d3a64fcd669390076a2cc18a825f6215967,91,-0.6351989784704858,0.01
0,0,unrounded_strict,wholly_unseen,laplace,uniform,20.0,input_plus_surface,0.0001,5408050a7c8e3fd51bef6658f73bc7cde508d9922d061daa850381a661f5a7ea,b5a82abb6b4b10a3527099960acb50b276b64a4acb9d669b080e1170a12a06e8,91,-0.6338527454255433,0.01
0,0,unrounded_strict,wholly_unseen,laplace,uniform,20.0,input_plus_surface,0.001,5408050a7c8e3fd51bef6658f73bc7cde508d9922d061daa850381a661f5a7ea,7a0722af45368ac4d3b1cd9f3e9726fee7eaeb87600284e2cdfca67be257eb53,91,-0.624471790681699,0.01
0,0,unrounded_strict,wholly_unseen,laplace,uniform,20.0,input_plus_surface,0.01,5408050a7c8e3fd51bef6658f73bc7cde508d9922d061daa850381a661f5a7ea,43a4ca340f01565021a5d02060e1f022cdc5f9eafd3276505c21534777337a70,91,-0.6011709586025827,0.01
0,0,unrounded_strict,wholly_unseen,laplace,uniform,20.0,input_plus_surface,0.1,5408050a7c8e3fd51bef6658f73bc7cde508d9922d061daa850381a661f5a7ea,500eb17e077b295bc65605bbf8ced8e2af6d68870a441cae939948cdea1c4fd6,91,-0.6570093703196931,0.01
0,1,unrounded_strict,wholly_unseen,laplace,uniform,20.0,input_plus_surface,0.0,43df9afd7bbb08c16a32c53d9b371bf2731a1085c0b15d2f9d9a4be61ba45707,adc50daafdac598107f6ac25114dc47e9c7920c1f079437d12916168707cbaff,89,-0.6351989784704858,0.01
0,1,unrounded_strict,wholly_unseen,laplace,uniform,20.0,input_plus_surface,0.0001,43df9afd7bbb08c16a32c53d9b371bf2731a1085c0b15d2f9d9a4be61ba45707,6b35312d7447e072ed6f6d25807b9b5e4b90242d6b866364fcca99f55d04678e,89,-0.6338527454255433,0.01
0,1,unrounded_strict,wholly_unseen,laplace,uniform,20.0,input_plus_surface,0.001,43df9afd7bbb08c16a32c53d9b371bf2731a1085c0b15d2f9d9a4be61ba45707,30a77cb6c51728542386bc08c4f916bdf47c3f0819c8a322641ad143f85a2b7c,89,-0.624471790681699,0.01
0,1,unrounded_strict,wholly_unseen,laplace,uniform,20.0,input_plus_surface,0.01,43df9afd7bbb08c16a32c53d9b371bf2731a1085c0b15d2f9d9a4be61ba45707,c19ec164b6bb06059b98047fce145b99749bc90e04dd9d5b9250159731040e15,89,-0.6011709586025827,0.01
0,1,unrounded_strict,wholly_unseen,laplace,uniform,20.0,input_plus_surface,0.1,43df9afd7bbb08c16a32c53d9b371bf2731a1085c0b15d2f9d9a4be61ba45707,3903308ff8eaf5530c2423d33a2fc4c02fcf501bd1396762a862f5f6ee00e73b,89,-0.6570093703196931,0.01
0,2,unrounded_strict,wholly_unseen,laplace,uniform,20.0,input_plus_surface,0.0,8b66ea1302bcaaf1be700d516d29455d16642176198b117e045d901728cddd91,7c37a1779130f0438698815764cd218505b67e80cb6ea2ec49e2eafa6d6f7dee,91,-0.6351989784704858,0.01
0,2,unrounded_strict,wholly_unseen,laplace,uniform,20.0,input_plus_surface,0.0001,8b66ea1302bcaaf1be700d516d29455d16642176198b117e045d901728cddd91,e954aa1ba5d3c1f511f83d129ee285932fc85b99a94af511ae08230fa70060f5,91,-0.6338527454255433,0.01
0,2,unrounded_strict,wholly_unseen,laplace,uniform,20.0,input_plus_surface,0.001,8b66ea1302bcaaf1be700d516d29455d16642176198b117e045d901728cddd91,26fed78d4d061411d262f2e0bd026cf376f876d9c6ec704f49cd0fde0f9873e1,91,-0.624471790681699,0.01
0,2,unrounded_strict,wholly_unseen,laplace,uniform,20.0,input_plus_surface,0.01,8b66ea1302bcaaf1be700d516d29455d16642176198b117e045d901728cddd91,909f336dd943ff630eebce51fafb2bb388c529ba28ffe09522a4eba50f8201f6,91,-0.6011709586025827,0.01
0,2,unrounded_strict,wholly_unseen,laplace,uniform,20.0,input_plus_surface,0.1,8b66ea1302bcaaf1be700d516d29455d16642176198b117e045d901728cddd91,3729bb0390a1ec0a196d97a7e608ce73b491b622675c4f1475b92ada52bf1c60,91,-0.6570093703196931,0.01
0,0,unrounded_strict,wholly_unseen,laplace,uniform,20.0,HU_plus_surface,0.0,5408050a7c8e3fd51bef6658f73bc7cde508d9922d061daa850381a661f5a7ea,38f82fb8697acb1aa809ceb02d678ffad1706a066c812e7f7eff5e03cb415b98,91,-0.6329861737421786,0.01
0,0,unrounded_strict,wholly_unseen,laplace,uniform,20.0,HU_plus_surface,0.0001,5408050a7c8e3fd51bef6658f73bc7cde508d9922d061daa850381a661f5a7ea,96e9b11d63b2b1c2cf294c010398af85d6b3ea9e2d1daee6a8a66cc558a41738,91,-0.6315734759571289,0.01
0,0,unrounded_strict,wholly_unseen,laplace,uniform,20.0,HU_plus_surface,0.001,5408050a7c8e3fd51bef6658f73bc7cde508d9922d061daa850381a661f5a7ea,10f1b01cf957313138765137bce97fa092e26587341a3d0fc2bf99a3c723a76a,91,-0.6218810180114901,0.01
0,0,unrounded_strict,wholly_unseen,laplace,uniform,20.0,HU_plus_surface,0.01,5408050a7c8e3fd51bef6658f73bc7cde508d9922d061daa850381a661f5a7ea,4a17fdde2329b5414a3de1371ba43d0d322bcc7fc5e6fc4773884d0db104a0ee,91,-0.5989096259149063,0.01
0,0,unrounded_strict,wholly_unseen,laplace,uniform,20.0,HU_plus_surface,0.1,5408050a7c8e3fd51bef6658f73bc7cde508d9922d061daa850381a661f5a7ea,a1baa57b7ae5da95767752cffe10b8e5aa8bf627b0081bdddef9b3c15b70a0ba,91,-0.6567960908938969,0.01
0,1,unrounded_strict,wholly_unseen,laplace,uniform,20.0,HU_plus_surface,0.0,43df9afd7bbb08c16a32c53d9b371bf2731a1085c0b15d2f9d9a4be61ba45707,f915c62d90a2d0ea2fbe5c6f9d4ed1994277e852070b6d5b2dd071841ff82f2c,89,-0.6329861737421786,0.01
0,1,unrounded_strict,wholly_unseen,laplace,uniform,20.0,HU_plus_surface,0.0001,43df9afd7bbb08c16a32c53d9b371bf2731a1085c0b15d2f9d9a4be61ba45707,ee559f89c526744d5e528fbeec6a78f483235495279684c0f441501df9a4a784,89,-0.6315734759571289,0.01
0,1,unrounded_strict,wholly_unseen,laplace,uniform,20.0,HU_plus_surface,0.001,43df9afd7bbb08c16a32c53d9b371bf2731a1085c0b15d2f9d9a4be61ba45707,4ed3f1628dfef49349c1c46217189834c9180f5ee4b07e5dff7b9ceff8ae7620,89,-0.6218810180114901,0.01
0,1,unrounded_strict,wholly_unseen,laplace,uniform,20.0,HU_plus_surface,0.01,43df9afd7bbb08c16a32c53d9b371bf2731a1085c0b15d2f9d9a4be61ba45707,336e6e9ec9f5a3a8f16f7b94fab4dafd40cbfac6b22cc492e47ce9fac7b0766b,89,-0.5989096259149063,0.01
0,1,unrounded_strict,wholly_unseen,laplace,uniform,20.0,HU_plus_surface,0.1,43df9afd7bbb08c16a32c53d9b371bf2731a1085c0b15d2f9d9a4be61ba45707,0a8a1cfc7305a6ef935bf7bd443122754397e86a080f60b56589d5add00a5cbb,89,-0.6567960908938969,0.01
0,2,unrounded_strict,wholly_unseen,laplace,uniform,20.0,HU_plus_surface,0.0,8b66ea1302bcaaf1be700d516d29455d16642176198b117e045d901728cddd91,9fec8b55c7797caba56d014688edb8261564e5835177745e7abaf72a68496263,91,-0.6329861737421786,0.01
0,2,unrounded_strict,wholly_unseen,laplace,uniform,20.0,HU_plus_surface,0.0001,8b66ea1302bcaaf1be700d516d29455d16642176198b117e045d901728cddd91,ca8c014c9045031d8f0dd0744fa9251efaf5cb9bb8be35b28da0af59a023f000,91,-0.6315734759571289,0.01
0,2,unrounded_strict,wholly_unseen,laplace,uniform,20.0,HU_plus_surface,0.001,8b66ea1302bcaaf1be700d516d29455d16642176198b117e045d901728cddd91,5b055261aa1cfeabe7e985d2d9028a256adcd0f71c56d5d48c52968ca8bf0e6a,91,-0.6218810180114901,0.01
0,2,unrounded_strict,wholly_unseen,laplace,uniform,20.0,HU_plus_surface,0.01,8b66ea1302bcaaf1be700d516d29455d16642176198b117e045d901728cddd91,f2529681d3883ab21766a3eb6973ea28d58326341b242c115396e1116fe94794,91,-0.5989096259149063,0.01
0,2,unrounded_strict,wholly_unseen,laplace,uniform,20.0,HU_plus_surface,0.1,8b66ea1302bcaaf1be700d516d29455d16642176198b117e045d901728cddd91,d71aa7345d52e978a25815bc9c7f2bd12650ead56904cc9abb3923d7cabff989,91,-0.6567960908938969,0.01
0,0,unrounded_strict,wholly_unseen,laplace,uniform,20.0,retention_bounded_plus_HU,0.0,5408050a7c8e3fd51bef6658f73bc7cde508d9922d061daa850381a661f5a7ea,ee89e3d13daaea77330449311a41469ae81ecd7d6d58f9d74f8494ef8a13b908,91,-0.6537800942650345,0.01
0,0,unrounded_strict,wholly_unseen,laplace,uniform,20.0,retention_bounded_plus_HU,0.0001,5408050a7c8e3fd51bef6658f73bc7cde508d9922d061daa850381a661f5a7ea,938df656e6bb483b716a8239ead66f4ad09e26d1d21558599b90dbb1faecedf7,91,-0.6529261582680943,0.01
0,0,unrounded_strict,wholly_unseen,laplace,uniform,20.0,retention_bounded_plus_HU,0.001,5408050a7c8e3fd51bef6658f73bc7cde508d9922d061daa850381a661f5a7ea,f95ff61ba602a4dbf18bafb4b7225e0707d697eaa24a51252deb059e0f6aab41,91,-0.6506211047993652,0.01
0,0,unrounded_strict,wholly_unseen,laplace,uniform,20.0,retention_bounded_plus_HU,0.01,5408050a7c8e3fd51bef6658f73bc7cde508d9922d061daa850381a661f5a7ea,1626ef0c0b968585424e6e97896b3eadadfb5049ddfbe2736233195678c65e74,91,-0.6281023233458385,0.01
0,0,unrounded_strict,wholly_unseen,laplace,uniform,20.0,retention_bounded_plus_HU,0.1,5408050a7c8e3fd51bef6658f73bc7cde508d9922d061daa850381a661f5a7ea,cb609d64cf023731047a23df23a83b4ed60cb25986db56b4d6c560f669848f27,91,-0.6291109484327606,0.01
0,1,unrounded_strict,wholly_unseen,laplace,uniform,20.0,retention_bounded_plus_HU,0.0,43df9afd7bbb08c16a32c53d9b371bf2731a1085c0b15d2f9d9a4be61ba45707,fbc2140c9033e11da5f278dd0fe957b6c7c814a0697d8171ee9c5b27c243bc71,89,-0.6537800942650345,0.01
0,1,unrounded_strict,wholly_unseen,laplace,uniform,20.0,retention_bounded_plus_HU,0.0001,43df9afd7bbb08c16a32c53d9b371bf2731a1085c0b15d2f9d9a4be61ba45707,e2e68682b5e6aedb75f8c5d9251ff7de3c47dd0ce90de55c1b9379393cce58a6,89,-0.6529261582680943,0.01
0,1,unrounded_strict,wholly_unseen,laplace,uniform,20.0,retention_bounded_plus_HU,0.001,43df9afd7bbb08c16a32c53d9b371bf2731a1085c0b15d2f9d9a4be61ba45707,8c18a372743ff086506e795732d49ebcebca400272dd9675d306d688578fa3f5,89,-0.6506211047993652,0.01
0,1,unrounded_strict,wholly_unseen,laplace,uniform,20.0,retention_bounded_plus_HU,0.01,43df9afd7bbb08c16a32c53d9b371bf2731a1085c0b15d2f9d9a4be61ba45707,e0ae1fbae7d597fcbce92a700672e29a08674a5129588b04b45e20cffc739146,89,-0.6281023233458385,0.01
0,1,unrounded_strict,wholly_unseen,laplace,uniform,20.0,retention_bounded_plus_HU,0.1,43df9afd7bbb08c16a32c53d9b371bf2731a1085c0b15d2f9d9a4be61ba45707,6a26dbda2d94511d71cf594dbffedec0013838e9bf270f15304d4f1d7a208734,89,-0.6291109484327606,0.01
0,2,unrounded_strict,wholly_unseen,laplace,uniform,20.0,retention_bounded_plus_HU,0.0,8b66ea1302bcaaf1be700d516d29455d16642176198b117e045d901728cddd91,8cb66f8af6205c7ab1023361104e75d8c661c4831573ae41bd1b3cc588a031b3,91,-0.6537800942650345,0.01
0,2,unrounded_strict,wholly_unseen,laplace,uniform,20.0,retention_bounded_plus_HU,0.0001,8b66ea1302bcaaf1be700d516d29455d16642176198b117e045d901728cddd91,20c6ceb3753e2ace514e2a188718044d10ccb4db483d2f61260eba34cc24ac9b,91,-0.6529261582680943,0.01
0,2,unrounded_strict,wholly_unseen,laplace,uniform,20.0,retention_bounded_plus_HU,0.001,8b66ea1302bcaaf1be700d516d29455d16642176198b117e045d901728cddd91,670a20ed055139633e431ae08d02d750ec25345f381eb8e4de7a310918c09cc4,91,-0.6506211047993652,0.01
0,2,unrounded_strict,wholly_unseen,laplace,uniform,20.0,retention_bounded_plus_HU,0.01,8b66ea1302bcaaf1be700d516d29455d16642176198b117e045d901728cddd91,ad38fdc43e78def62b2ec6ee897c27ff8f3c6e78092238a410c6e5ea5777024e,91,-0.6281023233458385,0.01
0,2,unrounded_strict,wholly_unseen,laplace,uniform,20.0,retention_bounded_plus_HU,0.1,8b66ea1302bcaaf1be700d516d29455d16642176198b117e045d901728cddd91,2a9aba599e36c6c1937e0f825718635f42ebadfb199585f64041f0970e8de8d2,91,-0.6291109484327606,0.01
0,0,unrounded_strict,wholly_unseen,gh80,uniform,20.0,HU_plus_surface,0.0,5408050a7c8e3fd51bef6658f73bc7cde508d9922d061daa850381a661f5a7ea,8c399d9c5dc26293f03b987dd6e29cae0d59bb4d4c5c5cc16c1884fdc4b2eef6,91,-0.6140593097504099,0.01
0,0,unrounded_strict,wholly_unseen,gh80,uniform,20.0,HU_plus_surface,0.0001,5408050a7c8e3fd51bef6658f73bc7cde508d9922d061daa850381a661f5a7ea,e125d7657eb027391b130b4bce2d7579bde2a7f119a62b2605c6892a636cdc55,91,-0.6126349271048863,0.01
0,0,unrounded_strict,wholly_unseen,gh80,uniform,20.0,HU_plus_surface,0.001,5408050a7c8e3fd51bef6658f73bc7cde508d9922d061daa850381a661f5a7ea,93fd80d054f48cb2664b34dfdad051c2fcaf00a21ad3808a1fee5a6cef7a295c,91,-0.6034248532291343,0.01
0,0,unrounded_strict,wholly_unseen,gh80,uniform,20.0,HU_plus_surface,0.01,5408050a7c8e3fd51bef6658f73bc7cde508d9922d061daa850381a661f5a7ea,9f8f75ad076ceb1bac0bf8285ea9377723eb842d3e223c28ac09b25354644128,91,-0.585700395783332,0.01
0,0,unrounded_strict,wholly_unseen,gh80,uniform,20.0,HU_plus_surface,0.1,5408050a7c8e3fd51bef6658f73bc7cde508d9922d061daa850381a661f5a7ea,3cd1a20e134c6d6a0d9fa04ddda8cd3e015987bdf41e2bb63bb37bc38212401e,91,-0.6524564915870715,0.01
0,1,unrounded_strict,wholly_unseen,gh80,uniform,20.0,HU_plus_surface,0.0,43df9afd7bbb08c16a32c53d9b371bf2731a1085c0b15d2f9d9a4be61ba45707,84c2245d8d26b858458027ae08d9e99b453e4613355e1d7410a2e516d824b94f,89,-0.6140593097504099,0.01
0,1,unrounded_strict,wholly_unseen,gh80,uniform,20.0,HU_plus_surface,0.0001,43df9afd7bbb08c16a32c53d9b371bf2731a1085c0b15d2f9d9a4be61ba45707,a77267788aaddc4a12b21747f2678bfebb013685676272bf583596198fa7c1da,89,-0.6126349271048863,0.01
0,1,unrounded_strict,wholly_unseen,gh80,uniform,20.0,HU_plus_surface,0.001,43df9afd7bbb08c16a32c53d9b371bf2731a1085c0b15d2f9d9a4be61ba45707,c2a98bc3aa041f0dcc5614f96fd751861e4fbc76c70af5caa259a89948f0d68d,89,-0.6034248532291343,0.01
0,1,unrounded_strict,wholly_unseen,gh80,uniform,20.0,HU_plus_surface,0.01,43df9afd7bbb08c16a32c53d9b371bf2731a1085c0b15d2f9d9a4be61ba45707,10d4f0198d48bd7c925816418a5e3e4c92df8d46e5fa44fb93ec99f46128f478,89,-0.585700395783332,0.01
0,1,unrounded_strict,wholly_unseen,gh80,uniform,20.0,HU_plus_surface,0.1,43df9afd7bbb08c16a32c53d9b371bf2731a1085c0b15d2f9d9a4be61ba45707,6ea8afb81f8f296484b4cb188abd54a6b7c39287daab30d1b4a7700c2f670d6d,89,-0.6524564915870715,0.01
0,2,unrounded_strict,wholly_unseen,gh80,uniform,20.0,HU_plus_surface,0.0,8b66ea1302bcaaf1be700d516d29455d16642176198b117e045d901728cddd91,4858c0a11deb14c54d7c1fd07eeb9317dea7fd8bb9fb34463c3ffc7938c04b3c,91,-0.6140593097504099,0.01
0,2,unrounded_strict,wholly_unseen,gh80,uniform,20.0,HU_plus_surface,0.0001,8b66ea1302bcaaf1be700d516d29455d16642176198b117e045d901728cddd91,6a82443ebfa6af48c71332fa3dceb86c4aa1d8567d567487d83b019bc57b04fd,91,-0.6126349271048863,0.01
0,2,unrounded_strict,wholly_unseen,gh80,uniform,20.0,HU_plus_surface,0.001,8b66ea1302bcaaf1be700d516d29455d16642176198b117e045d901728cddd91,451f5179c000816e133ae8e6eb9f915ef37a834697b6a361724aac8732a085f7,91,-0.6034248532291343,0.01
0,2,unrounded_strict,wholly_unseen,gh80,uniform,20.0,HU_plus_surface,0.01,8b66ea1302bcaaf1be700d516d29455d16642176198b117e045d901728cddd91,7829e6a5f2ce20d4a91ec078a987c58b1f15c9c2337e318709dfd4758faa98e9,91,-0.585700395783332,0.01
0,2,unrounded_strict,wholly_unseen,gh80,uniform,20.0,HU_plus_surface,0.1,8b66ea1302bcaaf1be700d516d29455d16642176198b117e045d901728cddd91,5a0f686115e97913b11ea6137fe91b79b635064de0c305d5f05fff4d03e5a838,91,-0.6524564915870715,0.01
0,0,unrounded_strict,wholly_unseen,gh80,uniform,20.0,retention_bounded_plus_HU,0.0,5408050a7c8e3fd51bef6658f73bc7cde508d9922d061daa850381a661f5a7ea,f0ddaa2517ff52181854fd2bddf4bd5bc292a4435893f73c847e78d06998bf29,91,-0.6370436241539394,0.01
0,0,unrounded_strict,wholly_unseen,gh80,uniform,20.0,retention_bounded_plus_HU,0.0001,5408050a7c8e3fd51bef6658f73bc7cde508d9922d061daa850381a661f5a7ea,4f294722080707618594092f6bc68a2d0e82b2461b5f50af5ffcc5d80b654d40,91,-0.6359174006166389,0.01
0,0,unrounded_strict,wholly_unseen,gh80,uniform,20.0,retention_bounded_plus_HU,0.001,5408050a7c8e3fd51bef6658f73bc7cde508d9922d061daa850381a661f5a7ea,7c13622bba1aba6156d8f4bf1440dbdcff500cacb5b9b2e413f7911b4629e9b3,91,-0.6331967544032443,0.01
0,0,unrounded_strict,wholly_unseen,gh80,uniform,20.0,retention_bounded_plus_HU,0.01,5408050a7c8e3fd51bef6658f73bc7cde508d9922d061daa850381a661f5a7ea,ab49d3de468c41db917412c4407f629a58df29738253bcd044bb0bd1924b711e,91,-0.6179798417490818,0.01
0,0,unrounded_strict,wholly_unseen,gh80,uniform,20.0,retention_bounded_plus_HU,0.1,5408050a7c8e3fd51bef6658f73bc7cde508d9922d061daa850381a661f5a7ea,b5f2c91d8e79671c24547a3de3751c765f21a1a324eb41acb496969b59177eb3,91,-0.6239106758865651,0.01
0,1,unrounded_strict,wholly_unseen,gh80,uniform,20.0,retention_bounded_plus_HU,0.0,43df9afd7bbb08c16a32c53d9b371bf2731a1085c0b15d2f9d9a4be61ba45707,9b280c40b75617c1cbc6d8ce87f164af63e56a328a65df8e94db72b861e7c26e,89,-0.6370436241539394,0.01
0,1,unrounded_strict,wholly_unseen,gh80,uniform,20.0,retention_bounded_plus_HU,0.0001,43df9afd7bbb08c16a32c53d9b371bf2731a1085c0b15d2f9d9a4be61ba45707,3db964be928d9e59bc787d2ed161e05a1e9a11274908839ad3a6feabf0344422,89,-0.6359174006166389,0.01
0,1,unrounded_strict,wholly_unseen,gh80,uniform,20.0,retention_bounded_plus_HU,0.001,43df9afd7bbb08c16a32c53d9b371bf2731a1085c0b15d2f9d9a4be61ba45707,f138de6ccbf249234111df4d5d63f47952d440818c872ead29f83565f10cd33a,89,-0.6331967544032443,0.01
0,1,unrounded_strict,wholly_unseen,gh80,uniform,20.0,retention_bounded_plus_HU,0.01,43df9afd7bbb08c16a32c53d9b371bf2731a1085c0b15d2f9d9a4be61ba45707,0c4dd2809f9ef44b1403b1dd0efd2a02d761ba0c51b4d1d3bd9e5e5accbf803e,89,-0.6179798417490818,0.01
0,1,unrounded_strict,wholly_unseen,gh80,uniform,20.0,retention_bounded_plus_HU,0.1,43df9afd7bbb08c16a32c53d9b371bf2731a1085c0b15d2f9d9a4be61ba45707,4c292b9b94e2d5df07a73bcbee4a167fa5164dfaa4051f9f69e66dcf9798e1d4,89,-0.6239106758865651,0.01
0,2,unrounded_strict,wholly_unseen,gh80,uniform,20.0,retention_bounded_plus_HU,0.0,8b66ea1302bcaaf1be700d516d29455d16642176198b117e045d901728cddd91,10de45734fcc74b3fc89c4b20818b53f47f04dfd276ba2d64196611b1025d4a7,91,-0.6370436241539394,0.01
0,2,unrounded_strict,wholly_unseen,gh80,uniform,20.0,retention_bounded_plus_HU,0.0001,8b66ea1302bcaaf1be700d516d29455d16642176198b117e045d901728cddd91,64172069e735dcfb7d5f4bf569bc6c8e64adb1adf16715940f9a38b584e2871f,91,-0.6359174006166389,0.01
0,2,unrounded_strict,wholly_unseen,gh80,uniform,20.0,retention_bounded_plus_HU,0.001,8b66ea1302bcaaf1be700d516d29455d16642176198b117e045d901728cddd91,b79df6760215cf54960692f1f5b248133af2192252a7ae9d57b73fd18380a4cc,91,-0.6331967544032443,0.01
0,2,unrounded_strict,wholly_unseen,gh80,uniform,20.0,retention_bounded_plus_HU,0.01,8b66ea1302bcaaf1be700d516d29455d16642176198b117e045d901728cddd91,d6dadf868a32b3f323c6e674d68b90c1bf64e621911f542b3916a490ebe725f8,91,-0.6179798417490818,0.01
0,2,unrounded_strict,wholly_unseen,gh80,uniform,20.0,retention_bounded_plus_HU,0.1,8b66ea1302bcaaf1be700d516d29455d16642176198b117e045d901728cddd91,d68b1780f1d888559522ac73c587534ad64bd695df2e2014f0c278e67e56dc95,91,-0.6239106758865651,0.01
1,0,all_strict,side_informed,laplace,uniform,20.0,retention_bounded,0.0,923683bb3d7d22d12d61ea5cd490f1fa6b90d6fe9e8fbdd8e0da06bd1e664b5a,6e9561f00134c0df71f006bb0b9da9292e7c6c7a2668520fab33291bc6b6068c,135,-0.3798745210242171,0.01
1,0,all_strict,side_informed,laplace,uniform,20.0,retention_bounded,0.0001,923683bb3d7d22d12d61ea5cd490f1fa6b90d6fe9e8fbdd8e0da06bd1e664b5a,db260724839574c151e235d68710ade62c1feb8333c472c52928b0c20026df87,135,-0.3763011663392464,0.01
1,0,all_strict,side_informed,laplace,uniform,20.0,retention_bounded,0.001,923683bb3d7d22d12d61ea5cd490f1fa6b90d6fe9e8fbdd8e0da06bd1e664b5a,4bdc132241fd24bdccd578e3c7d21d4b44540c4e16b518c129df5598168c4a8e,135,-0.3571310171937003,0.01
1,0,all_strict,side_informed,laplace,uniform,20.0,retention_bounded,0.01,923683bb3d7d22d12d61ea5cd490f1fa6b90d6fe9e8fbdd8e0da06bd1e664b5a,0a63aba7ea52fa2ba7a4bd0503793ef8ea50df7637221db59952f18d2c4534e7,135,-0.31658367582273755,0.01
1,0,all_strict,side_informed,laplace,uniform,20.0,retention_bounded,0.1,923683bb3d7d22d12d61ea5cd490f1fa6b90d6fe9e8fbdd8e0da06bd1e664b5a,a8a4b68d67ffecce6f6d4bba4b440af2c716aba8cd66c8ee9d8ea8e27773488b,135,-0.3423781999259809,0.01
1,1,all_strict,side_informed,laplace,uniform,20.0,retention_bounded,0.0,1fdce97f339c6596d23e9bb1065fcfdd1ee9e853c2e9a26822948904df8c6047,b826d7a17e14c6ad60f01e97593379e648e14b4e8f0f6fd038069fddaed3ced9,138,-0.3798745210242171,0.01
1,1,all_strict,side_informed,laplace,uniform,20.0,retention_bounded,0.0001,1fdce97f339c6596d23e9bb1065fcfdd1ee9e853c2e9a26822948904df8c6047,4e4bc6511c8d973aa935973e466c1ece29f5f12acf5ffb33151ec734a71f9304,138,-0.3763011663392464,0.01
1,1,all_strict,side_informed,laplace,uniform,20.0,retention_bounded,0.001,1fdce97f339c6596d23e9bb1065fcfdd1ee9e853c2e9a26822948904df8c6047,5f4302f6d026affbcad252f0eba061301e86897c2f46ebf1f6fe9b73e68709f2,138,-0.3571310171937003,0.01
1,1,all_strict,side_informed,laplace,uniform,20.0,retention_bounded,0.01,1fdce97f339c6596d23e9bb1065fcfdd1ee9e853c2e9a26822948904df8c6047,cee356bebc0ffb679a8347dcf8d906a96d12476b0cb4caa104858669908b41e5,138,-0.31658367582273755,0.01
1,1,all_strict,side_informed,laplace,uniform,20.0,retention_bounded,0.1,1fdce97f339c6596d23e9bb1065fcfdd1ee9e853c2e9a26822948904df8c6047,4064cedb929cf34a443543757cb94ea6849539c1fd27919f8f14c6c5dbbf4d57,138,-0.3423781999259809,0.01
1,2,all_strict,side_informed,laplace,uniform,20.0,retention_bounded,0.0,ea2a01c7ebcf95c320336f26b2b7d7ff133eac0910f84eeb63c63859a6fb024d,b4d31812f15163e11bce6358f23abedc039b8b0e3e66e74b5df16d2d36aef015,137,-0.3798745210242171,0.01
1,2,all_strict,side_informed,laplace,uniform,20.0,retention_bounded,0.0001,ea2a01c7ebcf95c320336f26b2b7d7ff133eac0910f84eeb63c63859a6fb024d,3bb026f1608ca199652769e3212d4c708efc2ea8bb59e1c451be8695289c0b6e,137,-0.3763011663392464,0.01
1,2,all_strict,side_informed,laplace,uniform,20.0,retention_bounded,0.001,ea2a01c7ebcf95c320336f26b2b7d7ff133eac0910f84eeb63c63859a6fb024d,744e68d473cdb192a8437d11b513706d19db44574d28cbbeec91949a8723a50f,137,-0.3571310171937003,0.01
1,2,all_strict,side_informed,laplace,uniform,20.0,retention_bounded,0.01,ea2a01c7ebcf95c320336f26b2b7d7ff133eac0910f84eeb63c63859a6fb024d,d9e9786eef119ec02633e14f479963a6abe67bbfedae778187d2586e3e05f231,137,-0.31658367582273755,0.01
1,2,all_strict,side_informed,laplace,uniform,20.0,retention_bounded,0.1,ea2a01c7ebcf95c320336f26b2b7d7ff133eac0910f84eeb63c63859a6fb024d,a3196a9ab186f99cb51334403c542133bd844b71a606074494998ce5b424548c,137,-0.3423781999259809,0.01
1,0,all_strict,side_informed,laplace,uniform,20.0,retention_nonnegative,0.0,923683bb3d7d22d12d61ea5cd490f1fa6b90d6fe9e8fbdd8e0da06bd1e664b5a,f9d34a8bdda577973bd389e2cf874abdd1f128f3f75fed4376d9a26406e42418,135,-0.37987452365387403,0.01
1,0,all_strict,side_informed,laplace,uniform,20.0,retention_nonnegative,0.0001,923683bb3d7d22d12d61ea5cd490f1fa6b90d6fe9e8fbdd8e0da06bd1e664b5a,f087b8244befe34704736f45d0146839dc898b1374546544ab59cc475e285c3e,135,-0.3760261536894858,0.01
1,0,all_strict,side_informed,laplace,uniform,20.0,retention_nonnegative,0.001,923683bb3d7d22d12d61ea5cd490f1fa6b90d6fe9e8fbdd8e0da06bd1e664b5a,bee0e452bbaaa9972d7ce57656186b3baf7de165196f550e293645ef1c42209f,135,-0.3581829987391937,0.01
1,0,all_strict,side_informed,laplace,uniform,20.0,retention_nonnegative,0.01,923683bb3d7d22d12d61ea5cd490f1fa6b90d6fe9e8fbdd8e0da06bd1e664b5a,1a18bf556e18d9dbe6ad37ca350bb74f380b691422ffe98c65aed1b63d9b8b6b,135,-0.3402671721460583,0.01
1,0,all_strict,side_informed,laplace,uniform,20.0,retention_nonnegative,0.1,923683bb3d7d22d12d61ea5cd490f1fa6b90d6fe9e8fbdd8e0da06bd1e664b5a,aa9b906869af05b8a81c85424cfe3f0210b5275069637b317a1cb32105196349,135,-0.40193710546096906,0.01
1,1,all_strict,side_informed,laplace,uniform,20.0,retention_nonnegative,0.0,1fdce97f339c6596d23e9bb1065fcfdd1ee9e853c2e9a26822948904df8c6047,4d505b78fae6e38320eaaaef4b313f58d21951a3081cf516d6f0030adfdf6d1e,138,-0.37987452365387403,0.01
1,1,all_strict,side_informed,laplace,uniform,20.0,retention_nonnegative,0.0001,1fdce97f339c6596d23e9bb1065fcfdd1ee9e853c2e9a26822948904df8c6047,6270c362470007deb11f3a1ed32b8dddeb8528032e30070a4bc87314650f1ff2,138,-0.3760261536894858,0.01
1,1,all_strict,side_informed,laplace,uniform,20.0,retention_nonnegative,0.001,1fdce97f339c6596d23e9bb1065fcfdd1ee9e853c2e9a26822948904df8c6047,c2d06d44639298696893c55129fed0fc7fdeaff9dc5f850310cb65b66f6c7599,138,-0.3581829987391937,0.01
1,1,all_strict,side_informed,laplace,uniform,20.0,retention_nonnegative,0.01,1fdce97f339c6596d23e9bb1065fcfdd1ee9e853c2e9a26822948904df8c6047,890938032450d3bc80bb5cf7b6a81922f2d61305d253ebf010a675d7d768dcb8,138,-0.3402671721460583,0.01
1,1,all_strict,side_informed,laplace,uniform,20.0,retention_nonnegative,0.1,1fdce97f339c6596d23e9bb1065fcfdd1ee9e853c2e9a26822948904df8c6047,ae1c32d5737db9c07eb51d35433b36e8e806ddfbaa36da27fec2434d28537ac6,138,-0.40193710546096906,0.01
1,2,all_strict,side_informed,laplace,uniform,20.0,retention_nonnegative,0.0,ea2a01c7ebcf95c320336f26b2b7d7ff133eac0910f84eeb63c63859a6fb024d,12fc00bada31ce0729c74261c6b16e6b8bdc0140cca4b57800f2947b860495d0,137,-0.37987452365387403,0.01
1,2,all_strict,side_informed,laplace,uniform,20.0,retention_nonnegative,0.0001,ea2a01c7ebcf95c320336f26b2b7d7ff133eac0910f84eeb63c63859a6fb024d,20716a546ef7da4cc7bb0ae0378122f0c64375354e83206bda9346b53050f985,137,-0.3760261536894858,0.01
1,2,all_strict,side_informed,laplace,uniform,20.0,retention_nonnegative,0.001,ea2a01c7ebcf95c320336f26b2b7d7ff133eac0910f84eeb63c63859a6fb024d,d39d84bb3025e12a1ed1492584c0d105445dd71341d7cba36fa592d0ab06eaa7,137,-0.3581829987391937,0.01
1,2,all_strict,side_informed,laplace,uniform,20.0,retention_nonnegative,0.01,ea2a01c7ebcf95c320336f26b2b7d7ff133eac0910f84eeb63c63859a6fb024d,0465fc12318cf91bce18332f4bf4ca8a69236d4134cde5683f7cdd5e62010894,137,-0.3402671721460583,0.01
1,2,all_strict,side_informed,laplace,uniform,20.0,retention_nonnegative,0.1,ea2a01c7ebcf95c320336f26b2b7d7ff133eac0910f84eeb63c63859a6fb024d,0db6cedb2e47c4e0a487cbdedf982e9156f4d09dacfad8bb16eb5a944dc91a2c,137,-0.40193710546096906,0.01
1,0,all_strict,side_informed,laplace,uniform,20.0,current_only,0.0,923683bb3d7d22d12d61ea5cd490f1fa6b90d6fe9e8fbdd8e0da06bd1e664b5a,e170f1d04de3bb71b0018178fee6b2fce69eda2f199b2dfb7e1a363233007455,135,-0.5655258498221839,0.01
1,0,all_strict,side_informed,laplace,uniform,20.0,current_only,0.0001,923683bb3d7d22d12d61ea5cd490f1fa6b90d6fe9e8fbdd8e0da06bd1e664b5a,b1e0ff3627ac022a63b680d4983b1176679df99d8f120d7b08797f0b057a4b42,135,-0.5652984591620651,0.01
1,0,all_strict,side_informed,laplace,uniform,20.0,current_only,0.001,923683bb3d7d22d12d61ea5cd490f1fa6b90d6fe9e8fbdd8e0da06bd1e664b5a,395e1c04e3cc13504c49a09eea9f5d09b48c949fa6b11553d307603a50aab396,135,-0.5633539096911084,0.01
1,0,all_strict,side_informed,laplace,uniform,20.0,current_only,0.01,923683bb3d7d22d12d61ea5cd490f1fa6b90d6fe9e8fbdd8e0da06bd1e664b5a,45574c36e6974d4c95efbc39a8bff5c3b76361148ca1a506d965f923c8a3d433,135,-0.5506900676250692,0.01
1,0,all_strict,side_informed,laplace,uniform,20.0,current_only,0.1,923683bb3d7d22d12d61ea5cd490f1fa6b90d6fe9e8fbdd8e0da06bd1e664b5a,e4f30c32bf0537c74a647792c863b4b4494d2e33f7eb0219786e425078201f3e,135,-0.5543669452189777,0.01
1,1,all_strict,side_informed,laplace,uniform,20.0,current_only,0.0,1fdce97f339c6596d23e9bb1065fcfdd1ee9e853c2e9a26822948904df8c6047,78cc5dce550f1af9f4d2a90ad5656ffe3c6f0f900cc719ebb76818f6ac0159e8,138,-0.5655258498221839,0.01
1,1,all_strict,side_informed,laplace,uniform,20.0,current_only,0.0001,1fdce97f339c6596d23e9bb1065fcfdd1ee9e853c2e9a26822948904df8c6047,a4ecbd2cab6081565bf784b97fc093f154d7f2f8174ad0e63aedcc719503d2e1,138,-0.5652984591620651,0.01
1,1,all_strict,side_informed,laplace,uniform,20.0,current_only,0.001,1fdce97f339c6596d23e9bb1065fcfdd1ee9e853c2e9a26822948904df8c6047,ce8ddcf389f78f2389f0c1e04b0e9c5e8f062447e32c8c27651261d05d035f67,138,-0.5633539096911084,0.01
1,1,all_strict,side_informed,laplace,uniform,20.0,current_only,0.01,1fdce97f339c6596d23e9bb1065fcfdd1ee9e853c2e9a26822948904df8c6047,b4ab93bee5642c8eaffa0361a4ddb5342b2ed6a101a1f5dd11095c92722dfc8c,138,-0.5506900676250692,0.01
1,1,all_strict,side_informed,laplace,uniform,20.0,current_only,0.1,1fdce97f339c6596d23e9bb1065fcfdd1ee9e853c2e9a26822948904df8c6047,53ca404b2d89b2551fd7c470e04b530e65c5aacf47c2998fc12f161677f9b05c,138,-0.5543669452189777,0.01
1,2,all_strict,side_informed,laplace,uniform,20.0,current_only,0.0,ea2a01c7ebcf95c320336f26b2b7d7ff133eac0910f84eeb63c63859a6fb024d,d592e9b6db40a5766201a36c05844432330638d6e4a4309e0755ee1c3ec275f5,137,-0.5655258498221839,0.01
1,2,all_strict,side_informed,laplace,uniform,20.0,current_only,0.0001,ea2a01c7ebcf95c320336f26b2b7d7ff133eac0910f84eeb63c63859a6fb024d,4b9e6464a42e5bc614a7e1ac7cea1c91b613e87605927c3a697bcd70f7f9c1c6,137,-0.5652984591620651,0.01
1,2,all_strict,side_informed,laplace,uniform,20.0,current_only,0.001,ea2a01c7ebcf95c320336f26b2b7d7ff133eac0910f84eeb63c63859a6fb024d,fb23a8dee9885149081c0a6f9f6dc2abf4929fe4d06289cf44e885a65f48f9a4,137,-0.5633539096911084,0.01
1,2,all_strict,side_informed,laplace,uniform,20.0,current_only,0.01,ea2a01c7ebcf95c320336f26b2b7d7ff133eac0910f84eeb63c63859a6fb024d,de0388ae4ed098cff19fbb16177e6f84ae96d0a59ac2dfdbede3ba49f874b5da,137,-0.5506900676250692,0.01
1,2,all_strict,side_informed,laplace,uniform,20.0,current_only,0.1,ea2a01c7ebcf95c320336f26b2b7d7ff133eac0910f84eeb63c63859a6fb024d,56cfe86ae82dd09704996e63b205882c5815af773b6649c3c810aa89773d33a6,137,-0.5543669452189777,0.01
1,0,all_strict,side_informed,laplace,uniform,20.0,input_plus_surface,0.0,923683bb3d7d22d12d61ea5cd490f1fa6b90d6fe9e8fbdd8e0da06bd1e664b5a,3492f31ab5bfe4df4ce04fe870b06172e1dc05253378a1a7a777f3eace017168,135,-0.3603752006456134,0.01
1,0,all_strict,side_informed,laplace,uniform,20.0,input_plus_surface,0.0001,923683bb3d7d22d12d61ea5cd490f1fa6b90d6fe9e8fbdd8e0da06bd1e664b5a,a5654dcce0be092aecedd51f51a04190ed8bda0cfeb1eb67a7cad6013988394b,135,-0.3567023091622695,0.01
1,0,all_strict,side_informed,laplace,uniform,20.0,input_plus_surface,0.001,923683bb3d7d22d12d61ea5cd490f1fa6b90d6fe9e8fbdd8e0da06bd1e664b5a,23a7e23da29e2bd11ca73a7aa3e3615c8ae7b49916c6947b8760e8191738e99b,135,-0.33735119970990995,0.01
1,0,all_strict,side_informed,laplace,uniform,20.0,input_plus_surface,0.01,923683bb3d7d22d12d61ea5cd490f1fa6b90d6fe9e8fbdd8e0da06bd1e664b5a,d728eddb49fb28044b3042b1f590bfb0ccf42165f3c831ff5dfc0a5f1d360065,135,-0.3028953622438233,0.01
1,0,all_strict,side_informed,laplace,uniform,20.0,input_plus_surface,0.1,923683bb3d7d22d12d61ea5cd490f1fa6b90d6fe9e8fbdd8e0da06bd1e664b5a,78c5419b25fc307fdb81e3cf66d91eb2f57d8410706d05adc04c62b321f0cac0,135,-0.35370126392363155,0.01
1,1,all_strict,side_informed,laplace,uniform,20.0,input_plus_surface,0.0,1fdce97f339c6596d23e9bb1065fcfdd1ee9e853c2e9a26822948904df8c6047,397f6820cbd73558d96124d2fd6e4591d20b49531bb0ba030c5b0af47f1438dd,138,-0.3603752006456134,0.01
1,1,all_strict,side_informed,laplace,uniform,20.0,input_plus_surface,0.0001,1fdce97f339c6596d23e9bb1065fcfdd1ee9e853c2e9a26822948904df8c6047,eb1d445d643b1f3a6956f4eadff958a0009acab8ba4d784a5002a7a69e6bd960,138,-0.3567023091622695,0.01
1,1,all_strict,side_informed,laplace,uniform,20.0,input_plus_surface,0.001,1fdce97f339c6596d23e9bb1065fcfdd1ee9e853c2e9a26822948904df8c6047,ace75e68c76e1f2eb1156a6ea8ee4673aa93cbcdc5a704d6384a442b225e47b3,138,-0.33735119970990995,0.01
1,1,all_strict,side_informed,laplace,uniform,20.0,input_plus_surface,0.01,1fdce97f339c6596d23e9bb1065fcfdd1ee9e853c2e9a26822948904df8c6047,dba08b34f97edbfbd8d518b2f47df12617afffe2e8b1ecba733cc7c1571195eb,138,-0.3028953622438233,0.01
1,1,all_strict,side_informed,laplace,uniform,20.0,input_plus_surface,0.1,1fdce97f339c6596d23e9bb1065fcfdd1ee9e853c2e9a26822948904df8c6047,5bf6c5caba042c4b6c8662ab95bb8b04486189f86e6eafc0ab98d8e0f84c6f80,138,-0.35370126392363155,0.01
1,2,all_strict,side_informed,laplace,uniform,20.0,input_plus_surface,0.0,ea2a01c7ebcf95c320336f26b2b7d7ff133eac0910f84eeb63c63859a6fb024d,c299eefa7dce690eda7924805d16d64c271f0f4f8f2dc6f02ce3acb759ac8cef,137,-0.3603752006456134,0.01
1,2,all_strict,side_informed,laplace,uniform,20.0,input_plus_surface,0.0001,ea2a01c7ebcf95c320336f26b2b7d7ff133eac0910f84eeb63c63859a6fb024d,40a4547880d2acaff6f18d6b63ebaef866a28e5128368c514a44529a75d6baed,137,-0.3567023091622695,0.01
1,2,all_strict,side_informed,laplace,uniform,20.0,input_plus_surface,0.001,ea2a01c7ebcf95c320336f26b2b7d7ff133eac0910f84eeb63c63859a6fb024d,66ef17edee391b986b1f66d72e20bc6ccb704127e714efaf0faf1187164ca22d,137,-0.33735119970990995,0.01
1,2,all_strict,side_informed,laplace,uniform,20.0,input_plus_surface,0.01,ea2a01c7ebcf95c320336f26b2b7d7ff133eac0910f84eeb63c63859a6fb024d,a0b25bcc54b26008fa5dcd0dd994fdc4eac02f67554865604e638d40257bcd94,137,-0.3028953622438233,0.01
1,2,all_strict,side_informed,laplace,uniform,20.0,input_plus_surface,0.1,ea2a01c7ebcf95c320336f26b2b7d7ff133eac0910f84eeb63c63859a6fb024d,72209b9a90cca3d1d5c63f71e6ccf3fb8f052493284a6e617e0d86254e1b8d67,137,-0.35370126392363155,0.01
1,0,all_strict,side_informed,laplace,uniform,20.0,HU_plus_surface,0.0,923683bb3d7d22d12d61ea5cd490f1fa6b90d6fe9e8fbdd8e0da06bd1e664b5a,b77e096a65f356270395c773e03003b312267a81e6ed73a5e059d18552ec7892,135,-0.30596716143415564,0.01
1,0,all_strict,side_informed,laplace,uniform,20.0,HU_plus_surface,0.0001,923683bb3d7d22d12d61ea5cd490f1fa6b90d6fe9e8fbdd8e0da06bd1e664b5a,4b09ee33e7cabaa9039abdc5ee86efc775aa08574adcd69d384cc8ae8ca20803,135,-0.3035923892197263,0.01
1,0,all_strict,side_informed,laplace,uniform,20.0,HU_plus_surface,0.001,923683bb3d7d22d12d61ea5cd490f1fa6b90d6fe9e8fbdd8e0da06bd1e664b5a,a75eee3ebaf140618868a46c3026757293c67e99b73f077996546dfc985ff328,135,-0.2911263613051008,0.01
1,0,all_strict,side_informed,laplace,uniform,20.0,HU_plus_surface,0.01,923683bb3d7d22d12d61ea5cd490f1fa6b90d6fe9e8fbdd8e0da06bd1e664b5a,54a30f22f66c75b9823d77b6227718aa653ae9fb6a4a9f5faa75324bc4c2c1d7,135,-0.273365779746114,0.01
1,0,all_strict,side_informed,laplace,uniform,20.0,HU_plus_surface,0.1,923683bb3d7d22d12d61ea5cd490f1fa6b90d6fe9e8fbdd8e0da06bd1e664b5a,aa3991d427462eb238270abf38d57dbb28d56a488b73edf17639c960d8fc05b6,135,-0.34055950444948585,0.01
1,1,all_strict,side_informed,laplace,uniform,20.0,HU_plus_surface,0.0,1fdce97f339c6596d23e9bb1065fcfdd1ee9e853c2e9a26822948904df8c6047,5a16fd9a86b489b3422ea761f6cb2f67218a94e49bc64c995d3611ab269e59a4,138,-0.30596716143415564,0.01
1,1,all_strict,side_informed,laplace,uniform,20.0,HU_plus_surface,0.0001,1fdce97f339c6596d23e9bb1065fcfdd1ee9e853c2e9a26822948904df8c6047,22d155b3fe709be17e512422702cc6d9be18edd7adafcf0e4622063e32b94792,138,-0.3035923892197263,0.01
1,1,all_strict,side_informed,laplace,uniform,20.0,HU_plus_surface,0.001,1fdce97f339c6596d23e9bb1065fcfdd1ee9e853c2e9a26822948904df8c6047,8a07efa12cf1471969d4f54e804eb63f1d648d2c2eb7f4715424e10441410e0f,138,-0.2911263613051008,0.01
1,1,all_strict,side_informed,laplace,uniform,20.0,HU_plus_surface,0.01,1fdce97f339c6596d23e9bb1065fcfdd1ee9e853c2e9a26822948904df8c6047,8897ffc4f06146a1a1da590fa550c7417f5e95e77d8c75ce9b5d24dd30051843,138,-0.273365779746114,0.01
1,1,all_strict,side_informed,laplace,uniform,20.0,HU_plus_surface,0.1,1fdce97f339c6596d23e9bb1065fcfdd1ee9e853c2e9a26822948904df8c6047,02bd1e1505ab673f7f37e68731d57a6ce278fa3710cab2929adc4f4b121d0b0a,138,-0.34055950444948585,0.01
1,2,all_strict,side_informed,laplace,uniform,20.0,HU_plus_surface,0.0,ea2a01c7ebcf95c320336f26b2b7d7ff133eac0910f84eeb63c63859a6fb024d,5fbed94daf33b32410f516838aebe6db21c137abb2d395a20f4dca35b2667791,137,-0.30596716143415564,0.01
1,2,all_strict,side_informed,laplace,uniform,20.0,HU_plus_surface,0.0001,ea2a01c7ebcf95c320336f26b2b7d7ff133eac0910f84eeb63c63859a6fb024d,74893bd2834466ba63b373a519a2eb2e286160fc55175e2420a1d1ad3f710933,137,-0.3035923892197263,0.01
1,2,all_strict,side_informed,laplace,uniform,20.0,HU_plus_surface,0.001,ea2a01c7ebcf95c320336f26b2b7d7ff133eac0910f84eeb63c63859a6fb024d,522ac49e55089c73360a9008ac970f53a855b72cefd53919d10dcb044840a52c,137,-0.2911263613051008,0.01
1,2,all_strict,side_informed,laplace,uniform,20.0,HU_plus_surface,0.01,ea2a01c7ebcf95c320336f26b2b7d7ff133eac0910f84eeb63c63859a6fb024d,70847e741d66eb2b0bc38ae8a1ae39fd98cbb394cf5765c178457eb1a438ad4e,137,-0.273365779746114,0.01
1,2,all_strict,side_informed,laplace,uniform,20.0,HU_plus_surface,0.1,ea2a01c7ebcf95c320336f26b2b7d7ff133eac0910f84eeb63c63859a6fb024d,3c425dd2f69c7774f434be87ceee430f36bcde415c11b5ee5f8cf6f42a979f02,137,-0.34055950444948585,0.01
1,0,all_strict,side_informed,laplace,uniform,20.0,retention_bounded_plus_HU,0.0,923683bb3d7d22d12d61ea5cd490f1fa6b90d6fe9e8fbdd8e0da06bd1e664b5a,298604b9e4595b4acd5d7fc588742ba3aee09ca616c566c32b8f4715323323a8,135,-0.3187112445419767,0.01
1,0,all_strict,side_informed,laplace,uniform,20.0,retention_bounded_plus_HU,0.0001,923683bb3d7d22d12d61ea5cd490f1fa6b90d6fe9e8fbdd8e0da06bd1e664b5a,896fe065887db9815a7436c5ab36864f9749bd25942d649f8e2ecf9d8b500c19,135,-0.3174393873526936,0.01
1,0,all_strict,side_informed,laplace,uniform,20.0,retention_bounded_plus_HU,0.001,923683bb3d7d22d12d61ea5cd490f1fa6b90d6fe9e8fbdd8e0da06bd1e664b5a,da80f3518063e46c2734af591e6bd14075069274e6f47a01c7f69be8ea419516,135,-0.3091304360114161,0.01
1,0,all_strict,side_informed,laplace,uniform,20.0,retention_bounded_plus_HU,0.01,923683bb3d7d22d12d61ea5cd490f1fa6b90d6fe9e8fbdd8e0da06bd1e664b5a,ecf609f17a236d00ae79c6ae368d4cbefe8ef78fb0edd94fe1dd0ccef1aeb224,135,-0.28609942011897055,0.01
1,0,all_strict,side_informed,laplace,uniform,20.0,retention_bounded_plus_HU,0.1,923683bb3d7d22d12d61ea5cd490f1fa6b90d6fe9e8fbdd8e0da06bd1e664b5a,3a819a93eace5f9886bf3368f146be8596cbfcde7d12c7850be9a2f06983255d,135,-0.30628258169003997,0.01
1,1,all_strict,side_informed,laplace,uniform,20.0,retention_bounded_plus_HU,0.0,1fdce97f339c6596d23e9bb1065fcfdd1ee9e853c2e9a26822948904df8c6047,493c0480caa7cbda9715619b647e70f91243806a162c01593d1562313bf3250c,138,-0.3187112445419767,0.01
1,1,all_strict,side_informed,laplace,uniform,20.0,retention_bounded_plus_HU,0.0001,1fdce97f339c6596d23e9bb1065fcfdd1ee9e853c2e9a26822948904df8c6047,5f53e7c05aec90fbcf5e3aa8209bcd4482696bae8e6612a1e0fd407f5e2de41c,138,-0.3174393873526936,0.01
1,1,all_strict,side_informed,laplace,uniform,20.0,retention_bounded_plus_HU,0.001,1fdce97f339c6596d23e9bb1065fcfdd1ee9e853c2e9a26822948904df8c6047,75825567c3ec6495cb643c9f6d44c3eaa888f810ad45e24613b2b8aeede0574f,138,-0.3091304360114161,0.01
1,1,all_strict,side_informed,laplace,uniform,20.0,retention_bounded_plus_HU,0.01,1fdce97f339c6596d23e9bb1065fcfdd1ee9e853c2e9a26822948904df8c6047,2ea9953fb36fac1c0e469a644b25625e305108c4aadf9f41c90548064b6fdccb,138,-0.28609942011897055,0.01
1,1,all_strict,side_informed,laplace,uniform,20.0,retention_bounded_plus_HU,0.1,1fdce97f339c6596d23e9bb1065fcfdd1ee9e853c2e9a26822948904df8c6047,f14b3579eeda9761d0f8eeb617a80f22412a9addaa1537f0659ef4aa804ed864,138,-0.30628258169003997,0.01
1,2,all_strict,side_informed,laplace,uniform,20.0,retention_bounded_plus_HU,0.0,ea2a01c7ebcf95c320336f26b2b7d7ff133eac0910f84eeb63c63859a6fb024d,1b3eafcb758181c696daee55163db91dfa43ded7a39364cad22f5b37071cdb5c,137,-0.3187112445419767,0.01
1,2,all_strict,side_informed,laplace,uniform,20.0,retention_bounded_plus_HU,0.0001,ea2a01c7ebcf95c320336f26b2b7d7ff133eac0910f84eeb63c63859a6fb024d,0616059840d6b980ecc7d88cdb5a7a662a19622418c7ed3d088638b1f6475b44,137,-0.3174393873526936,0.01
1,2,all_strict,side_informed,laplace,uniform,20.0,retention_bounded_plus_HU,0.001,ea2a01c7ebcf95c320336f26b2b7d7ff133eac0910f84eeb63c63859a6fb024d,72e324fecbf51b868041fd10a139e25ac2850a222366503b0ecb594e50ac510b,137,-0.3091304360114161,0.01
1,2,all_strict,side_informed,laplace,uniform,20.0,retention_bounded_plus_HU,0.01,ea2a01c7ebcf95c320336f26b2b7d7ff133eac0910f84eeb63c63859a6fb024d,d9280d127633f8b6378a7f1c3eaac521a9796c361f5e1e1bd0289fd5fa3e8218,137,-0.28609942011897055,0.01
1,2,all_strict,side_informed,laplace,uniform,20.0,retention_bounded_plus_HU,0.1,ea2a01c7ebcf95c320336f26b2b7d7ff133eac0910f84eeb63c63859a6fb024d,df9bb80d13d9a0059b47b81f23d80daea3561f43812ee29cf69d31b49b9eef3f,137,-0.30628258169003997,0.01
1,0,all_strict,side_informed,gh80,uniform,20.0,HU_plus_surface,0.0,923683bb3d7d22d12d61ea5cd490f1fa6b90d6fe9e8fbdd8e0da06bd1e664b5a,e2f858051af966595f4e44b66527b1a26f7137132fefafe7f08dc02c5ca97eff,135,-0.3113608835920496,0.01
1,0,all_strict,side_informed,gh80,uniform,20.0,HU_plus_surface,0.0001,923683bb3d7d22d12d61ea5cd490f1fa6b90d6fe9e8fbdd8e0da06bd1e664b5a,d661492474557499fbd2e9d8f160190e2acbaeabe3c201c0f5850d054d44607b,135,-0.30853550646346173,0.01
1,0,all_strict,side_informed,gh80,uniform,20.0,HU_plus_surface,0.001,923683bb3d7d22d12d61ea5cd490f1fa6b90d6fe9e8fbdd8e0da06bd1e664b5a,29a1d66c8a49ef6460ea9e8e2d5fa00df2aa4e57d39baa136da26ab2021d213c,135,-0.29418108551788946,0.01
1,0,all_strict,side_informed,gh80,uniform,20.0,HU_plus_surface,0.01,923683bb3d7d22d12d61ea5cd490f1fa6b90d6fe9e8fbdd8e0da06bd1e664b5a,ff21201a87f1b1fda0f82e32b956b76659f489eccd715825a02c5a91df5db3fc,135,-0.27482817841462553,0.01
1,0,all_strict,side_informed,gh80,uniform,20.0,HU_plus_surface,0.1,923683bb3d7d22d12d61ea5cd490f1fa6b90d6fe9e8fbdd8e0da06bd1e664b5a,f9d2df9b3c5b0ce96f6fce4dec00902b1a5c13801401b8844cf50a93332895cc,135,-0.3430418768477707,0.01
1,1,all_strict,side_informed,gh80,uniform,20.0,HU_plus_surface,0.0,1fdce97f339c6596d23e9bb1065fcfdd1ee9e853c2e9a26822948904df8c6047,d6c5db69793f50ecb5070191eef61bcfe0ba9b945eb5fee3165a61de81735dd5,138,-0.3113608835920496,0.01
1,1,all_strict,side_informed,gh80,uniform,20.0,HU_plus_surface,0.0001,1fdce97f339c6596d23e9bb1065fcfdd1ee9e853c2e9a26822948904df8c6047,2ef3d43f92e41550c5b49b846a75663a1cc0a097573d8cda05c28a5fede7865d,138,-0.30853550646346173,0.01
1,1,all_strict,side_informed,gh80,uniform,20.0,HU_plus_surface,0.001,1fdce97f339c6596d23e9bb1065fcfdd1ee9e853c2e9a26822948904df8c6047,b007381540b350e0f1cd0a6aeb20a5a546521bf5e17efdb7c733855788ec8425,138,-0.29418108551788946,0.01
1,1,all_strict,side_informed,gh80,uniform,20.0,HU_plus_surface,0.01,1fdce97f339c6596d23e9bb1065fcfdd1ee9e853c2e9a26822948904df8c6047,36b34b16fe3289a611601d78e8df794138d25566696b46dda1146705fa27cff1,138,-0.27482817841462553,0.01
1,1,all_strict,side_informed,gh80,uniform,20.0,HU_plus_surface,0.1,1fdce97f339c6596d23e9bb1065fcfdd1ee9e853c2e9a26822948904df8c6047,c8d7a4a1e32fbfc197938b45e57ccb953896cdbb9df10e71d9fa57ccac0ffadb,138,-0.3430418768477707,0.01
1,2,all_strict,side_informed,gh80,uniform,20.0,HU_plus_surface,0.0,ea2a01c7ebcf95c320336f26b2b7d7ff133eac0910f84eeb63c63859a6fb024d,ec238ac1af77337b1103cbb9577a7bcbb4bd7ff91e2c07059deb6d94907f9c3c,137,-0.3113608835920496,0.01
1,2,all_strict,side_informed,gh80,uniform,20.0,HU_plus_surface,0.0001,ea2a01c7ebcf95c320336f26b2b7d7ff133eac0910f84eeb63c63859a6fb024d,6022e4ddb388423ba68f8400d0bf0dc176b160d0008811cbddc25025dd788941,137,-0.30853550646346173,0.01
1,2,all_strict,side_informed,gh80,uniform,20.0,HU_plus_surface,0.001,ea2a01c7ebcf95c320336f26b2b7d7ff133eac0910f84eeb63c63859a6fb024d,0f42c9b57c8ae874e79875a8121e64ad1cfeaf82ef614074f46ab1f452ef4a9c,137,-0.29418108551788946,0.01
1,2,all_strict,side_informed,gh80,uniform,20.0,HU_plus_surface,0.01,ea2a01c7ebcf95c320336f26b2b7d7ff133eac0910f84eeb63c63859a6fb024d,8b5b8eb450d111c43c0169d2d0f51eec8f4dfb4f1b98a81aabe5507723fab680,137,-0.27482817841462553,0.01
1,2,all_strict,side_informed,gh80,uniform,20.0,HU_plus_surface,0.1,ea2a01c7ebcf95c320336f26b2b7d7ff133eac0910f84eeb63c63859a6fb024d,6bedc7e2ec385808d5b4be0ca97b7e46f740c7606a11f02ef1e182246db53730,137,-0.3430418768477707,0.01
1,0,all_strict,side_informed,gh80,uniform,20.0,retention_bounded_plus_HU,0.0,923683bb3d7d22d12d61ea5cd490f1fa6b90d6fe9e8fbdd8e0da06bd1e664b5a,c18e529fc3af15c3ee7cd0707786091fb896d76302a046d9eac97f50c3ed99b5,135,-0.3249623483938686,0.01
1,0,all_strict,side_informed,gh80,uniform,20.0,retention_bounded_plus_HU,0.0001,923683bb3d7d22d12d61ea5cd490f1fa6b90d6fe9e8fbdd8e0da06bd1e664b5a,2b760b5c7f089d994a8e2254b4a27d607aaf98408c56e2db4df4e81711e81ccb,135,-0.3242846239791065,0.01
1,0,all_strict,side_informed,gh80,uniform,20.0,retention_bounded_plus_HU,0.001,923683bb3d7d22d12d61ea5cd490f1fa6b90d6fe9e8fbdd8e0da06bd1e664b5a,5ad74d4f267b8dfa072e460b069b7a5eb6eb5936bd928d9b5766bc125a22cb84,135,-0.318641950462588,0.01
1,0,all_strict,side_informed,gh80,uniform,20.0,retention_bounded_plus_HU,0.01,923683bb3d7d22d12d61ea5cd490f1fa6b90d6fe9e8fbdd8e0da06bd1e664b5a,4e21b3848ac6f82f99922469b493afd9e5ced61551f4e48318197f9966ae5131,135,-0.2958264433627195,0.01
1,0,all_strict,side_informed,gh80,uniform,20.0,retention_bounded_plus_HU,0.1,923683bb3d7d22d12d61ea5cd490f1fa6b90d6fe9e8fbdd8e0da06bd1e664b5a,82369682cd175056791989442e3cf3c7ff4c997d88507b04e70efec36b68aac8,135,-0.31176277544131237,0.01
1,1,all_strict,side_informed,gh80,uniform,20.0,retention_bounded_plus_HU,0.0,1fdce97f339c6596d23e9bb1065fcfdd1ee9e853c2e9a26822948904df8c6047,f5acf8408bbe6158fed49baa93cc4028b611b9b1b478d662d1f35263eab40945,138,-0.3249623483938686,0.01
1,1,all_strict,side_informed,gh80,uniform,20.0,retention_bounded_plus_HU,0.0001,1fdce97f339c6596d23e9bb1065fcfdd1ee9e853c2e9a26822948904df8c6047,70cc909775ee98d3acb0a311b34d528bf7bc2e0cef0da042997f7fef32fd0f1e,138,-0.3242846239791065,0.01
1,1,all_strict,side_informed,gh80,uniform,20.0,retention_bounded_plus_HU,0.001,1fdce97f339c6596d23e9bb1065fcfdd1ee9e853c2e9a26822948904df8c6047,b09b171d818457d6fffe323f388ed3919a49855f64e1616afca7ab28871c7aff,138,-0.318641950462588,0.01
1,1,all_strict,side_informed,gh80,uniform,20.0,retention_bounded_plus_HU,0.01,1fdce97f339c6596d23e9bb1065fcfdd1ee9e853c2e9a26822948904df8c6047,60fd2430e5c8ce6be0d05b2dacdb1d8b704a2e04a6123a844b7cd6df16cb09af,138,-0.2958264433627195,0.01
1,1,all_strict,side_informed,gh80,uniform,20.0,retention_bounded_plus_HU,0.1,1fdce97f339c6596d23e9bb1065fcfdd1ee9e853c2e9a26822948904df8c6047,bbbaba9b54176b8d2cb928a161436855e460e4043dc38e6bdd8e265af3ef2f7d,138,-0.31176277544131237,0.01
1,2,all_strict,side_informed,gh80,uniform,20.0,retention_bounded_plus_HU,0.0,ea2a01c7ebcf95c320336f26b2b7d7ff133eac0910f84eeb63c63859a6fb024d,8fada23797bc7e83a8097a38cb9c5db59b63ff716ddd108943bc51743d4d3bbe,137,-0.3249623483938686,0.01
1,2,all_strict,side_informed,gh80,uniform,20.0,retention_bounded_plus_HU,0.0001,ea2a01c7ebcf95c320336f26b2b7d7ff133eac0910f84eeb63c63859a6fb024d,f657ac300036139df92ef2d4fc7befbb8dc05184aeeadda08d012ca7f7573354,137,-0.3242846239791065,0.01
1,2,all_strict,side_informed,gh80,uniform,20.0,retention_bounded_plus_HU,0.001,ea2a01c7ebcf95c320336f26b2b7d7ff133eac0910f84eeb63c63859a6fb024d,8e3d5aff1c1a8cdd605cbf33d94cae8c6168da971722284438780096c8eca3e7,137,-0.318641950462588,0.01
1,2,all_strict,side_informed,gh80,uniform,20.0,retention_bounded_plus_HU,0.01,ea2a01c7ebcf95c320336f26b2b7d7ff133eac0910f84eeb63c63859a6fb024d,2b6b917ffa9518ab91c0676c50fceaa1a69b44c89b52adbd83b8839aa1c2b495,137,-0.2958264433627195,0.01
1,2,all_strict,side_informed,gh80,uniform,20.0,retention_bounded_plus_HU,0.1,ea2a01c7ebcf95c320336f26b2b7d7ff133eac0910f84eeb63c63859a6fb024d,e70ce0e1ec8d0b56d28bde0c32c1a8f5ef1e5679be5f698f61cfad213b63e068,137,-0.31176277544131237,0.01
1,0,all_strict,wholly_unseen,laplace,uniform,20.0,retention_bounded,0.0,923683bb3d7d22d12d61ea5cd490f1fa6b90d6fe9e8fbdd8e0da06bd1e664b5a,6e9561f00134c0df71f006bb0b9da9292e7c6c7a2668520fab33291bc6b6068c,135,-0.6768131528188804,0.01
1,0,all_strict,wholly_unseen,laplace,uniform,20.0,retention_bounded,0.0001,923683bb3d7d22d12d61ea5cd490f1fa6b90d6fe9e8fbdd8e0da06bd1e664b5a,db260724839574c151e235d68710ade62c1feb8333c472c52928b0c20026df87,135,-0.673259471228901,0.01
1,0,all_strict,wholly_unseen,laplace,uniform,20.0,retention_bounded,0.001,923683bb3d7d22d12d61ea5cd490f1fa6b90d6fe9e8fbdd8e0da06bd1e664b5a,4bdc132241fd24bdccd578e3c7d21d4b44540c4e16b518c129df5598168c4a8e,135,-0.6532652587499963,0.01
1,0,all_strict,wholly_unseen,laplace,uniform,20.0,retention_bounded,0.01,923683bb3d7d22d12d61ea5cd490f1fa6b90d6fe9e8fbdd8e0da06bd1e664b5a,0a63aba7ea52fa2ba7a4bd0503793ef8ea50df7637221db59952f18d2c4534e7,135,-0.600174362274444,0.01
1,0,all_strict,wholly_unseen,laplace,uniform,20.0,retention_bounded,0.1,923683bb3d7d22d12d61ea5cd490f1fa6b90d6fe9e8fbdd8e0da06bd1e664b5a,a8a4b68d67ffecce6f6d4bba4b440af2c716aba8cd66c8ee9d8ea8e27773488b,135,-0.6122815009252809,0.01
1,1,all_strict,wholly_unseen,laplace,uniform,20.0,retention_bounded,0.0,1fdce97f339c6596d23e9bb1065fcfdd1ee9e853c2e9a26822948904df8c6047,b826d7a17e14c6ad60f01e97593379e648e14b4e8f0f6fd038069fddaed3ced9,138,-0.6768131528188804,0.01
1,1,all_strict,wholly_unseen,laplace,uniform,20.0,retention_bounded,0.0001,1fdce97f339c6596d23e9bb1065fcfdd1ee9e853c2e9a26822948904df8c6047,4e4bc6511c8d973aa935973e466c1ece29f5f12acf5ffb33151ec734a71f9304,138,-0.673259471228901,0.01
1,1,all_strict,wholly_unseen,laplace,uniform,20.0,retention_bounded,0.001,1fdce97f339c6596d23e9bb1065fcfdd1ee9e853c2e9a26822948904df8c6047,5f4302f6d026affbcad252f0eba061301e86897c2f46ebf1f6fe9b73e68709f2,138,-0.6532652587499963,0.01
1,1,all_strict,wholly_unseen,laplace,uniform,20.0,retention_bounded,0.01,1fdce97f339c6596d23e9bb1065fcfdd1ee9e853c2e9a26822948904df8c6047,cee356bebc0ffb679a8347dcf8d906a96d12476b0cb4caa104858669908b41e5,138,-0.600174362274444,0.01
1,1,all_strict,wholly_unseen,laplace,uniform,20.0,retention_bounded,0.1,1fdce97f339c6596d23e9bb1065fcfdd1ee9e853c2e9a26822948904df8c6047,4064cedb929cf34a443543757cb94ea6849539c1fd27919f8f14c6c5dbbf4d57,138,-0.6122815009252809,0.01
1,2,all_strict,wholly_unseen,laplace,uniform,20.0,retention_bounded,0.0,ea2a01c7ebcf95c320336f26b2b7d7ff133eac0910f84eeb63c63859a6fb024d,b4d31812f15163e11bce6358f23abedc039b8b0e3e66e74b5df16d2d36aef015,137,-0.6768131528188804,0.01
1,2,all_strict,wholly_unseen,laplace,uniform,20.0,retention_bounded,0.0001,ea2a01c7ebcf95c320336f26b2b7d7ff133eac0910f84eeb63c63859a6fb024d,3bb026f1608ca199652769e3212d4c708efc2ea8bb59e1c451be8695289c0b6e,137,-0.673259471228901,0.01
1,2,all_strict,wholly_unseen,laplace,uniform,20.0,retention_bounded,0.001,ea2a01c7ebcf95c320336f26b2b7d7ff133eac0910f84eeb63c63859a6fb024d,744e68d473cdb192a8437d11b513706d19db44574d28cbbeec91949a8723a50f,137,-0.6532652587499963,0.01
1,2,all_strict,wholly_unseen,laplace,uniform,20.0,retention_bounded,0.01,ea2a01c7ebcf95c320336f26b2b7d7ff133eac0910f84eeb63c63859a6fb024d,d9e9786eef119ec02633e14f479963a6abe67bbfedae778187d2586e3e05f231,137,-0.600174362274444,0.01
1,2,all_strict,wholly_unseen,laplace,uniform,20.0,retention_bounded,0.1,ea2a01c7ebcf95c320336f26b2b7d7ff133eac0910f84eeb63c63859a6fb024d,a3196a9ab186f99cb51334403c542133bd844b71a606074494998ce5b424548c,137,-0.6122815009252809,0.01
1,0,all_strict,wholly_unseen,laplace,uniform,20.0,retention_nonnegative,0.0,923683bb3d7d22d12d61ea5cd490f1fa6b90d6fe9e8fbdd8e0da06bd1e664b5a,f9d34a8bdda577973bd389e2cf874abdd1f128f3f75fed4376d9a26406e42418,135,-0.6768131640741097,0.01
1,0,all_strict,wholly_unseen,laplace,uniform,20.0,retention_nonnegative,0.0001,923683bb3d7d22d12d61ea5cd490f1fa6b90d6fe9e8fbdd8e0da06bd1e664b5a,f087b8244befe34704736f45d0146839dc898b1374546544ab59cc475e285c3e,135,-0.6708276218389301,0.01
1,0,all_strict,wholly_unseen,laplace,uniform,20.0,retention_nonnegative,0.001,923683bb3d7d22d12d61ea5cd490f1fa6b90d6fe9e8fbdd8e0da06bd1e664b5a,bee0e452bbaaa9972d7ce57656186b3baf7de165196f550e293645ef1c42209f,135,-0.6406528736546077,0.01
1,0,all_strict,wholly_unseen,laplace,uniform,20.0,retention_nonnegative,0.01,923683bb3d7d22d12d61ea5cd490f1fa6b90d6fe9e8fbdd8e0da06bd1e664b5a,1a18bf556e18d9dbe6ad37ca350bb74f380b691422ffe98c65aed1b63d9b8b6b,135,-0.6112178440176832,0.01
1,0,all_strict,wholly_unseen,laplace,uniform,20.0,retention_nonnegative,0.1,923683bb3d7d22d12d61ea5cd490f1fa6b90d6fe9e8fbdd8e0da06bd1e664b5a,aa9b906869af05b8a81c85424cfe3f0210b5275069637b317a1cb32105196349,135,-0.6813057964682889,0.01
1,1,all_strict,wholly_unseen,laplace,uniform,20.0,retention_nonnegative,0.0,1fdce97f339c6596d23e9bb1065fcfdd1ee9e853c2e9a26822948904df8c6047,4d505b78fae6e38320eaaaef4b313f58d21951a3081cf516d6f0030adfdf6d1e,138,-0.6768131640741097,0.01
1,1,all_strict,wholly_unseen,laplace,uniform,20.0,retention_nonnegative,0.0001,1fdce97f339c6596d23e9bb1065fcfdd1ee9e853c2e9a26822948904df8c6047,6270c362470007deb11f3a1ed32b8dddeb8528032e30070a4bc87314650f1ff2,138,-0.6708276218389301,0.01
1,1,all_strict,wholly_unseen,laplace,uniform,20.0,retention_nonnegative,0.001,1fdce97f339c6596d23e9bb1065fcfdd1ee9e853c2e9a26822948904df8c6047,c2d06d44639298696893c55129fed0fc7fdeaff9dc5f850310cb65b66f6c7599,138,-0.6406528736546077,0.01
1,1,all_strict,wholly_unseen,laplace,uniform,20.0,retention_nonnegative,0.01,1fdce97f339c6596d23e9bb1065fcfdd1ee9e853c2e9a26822948904df8c6047,890938032450d3bc80bb5cf7b6a81922f2d61305d253ebf010a675d7d768dcb8,138,-0.6112178440176832,0.01
1,1,all_strict,wholly_unseen,laplace,uniform,20.0,retention_nonnegative,0.1,1fdce97f339c6596d23e9bb1065fcfdd1ee9e853c2e9a26822948904df8c6047,ae1c32d5737db9c07eb51d35433b36e8e806ddfbaa36da27fec2434d28537ac6,138,-0.6813057964682889,0.01
1,2,all_strict,wholly_unseen,laplace,uniform,20.0,retention_nonnegative,0.0,ea2a01c7ebcf95c320336f26b2b7d7ff133eac0910f84eeb63c63859a6fb024d,12fc00bada31ce0729c74261c6b16e6b8bdc0140cca4b57800f2947b860495d0,137,-0.6768131640741097,0.01
1,2,all_strict,wholly_unseen,laplace,uniform,20.0,retention_nonnegative,0.0001,ea2a01c7ebcf95c320336f26b2b7d7ff133eac0910f84eeb63c63859a6fb024d,20716a546ef7da4cc7bb0ae0378122f0c64375354e83206bda9346b53050f985,137,-0.6708276218389301,0.01
1,2,all_strict,wholly_unseen,laplace,uniform,20.0,retention_nonnegative,0.001,ea2a01c7ebcf95c320336f26b2b7d7ff133eac0910f84eeb63c63859a6fb024d,d39d84bb3025e12a1ed1492584c0d105445dd71341d7cba36fa592d0ab06eaa7,137,-0.6406528736546077,0.01
1,2,all_strict,wholly_unseen,laplace,uniform,20.0,retention_nonnegative,0.01,ea2a01c7ebcf95c320336f26b2b7d7ff133eac0910f84eeb63c63859a6fb024d,0465fc12318cf91bce18332f4bf4ca8a69236d4134cde5683f7cdd5e62010894,137,-0.6112178440176832,0.01
1,2,all_strict,wholly_unseen,laplace,uniform,20.0,retention_nonnegative,0.1,ea2a01c7ebcf95c320336f26b2b7d7ff133eac0910f84eeb63c63859a6fb024d,0db6cedb2e47c4e0a487cbdedf982e9156f4d09dacfad8bb16eb5a944dc91a2c,137,-0.6813057964682889,0.01
1,0,all_strict,wholly_unseen,laplace,uniform,20.0,current_only,0.0,923683bb3d7d22d12d61ea5cd490f1fa6b90d6fe9e8fbdd8e0da06bd1e664b5a,e170f1d04de3bb71b0018178fee6b2fce69eda2f199b2dfb7e1a363233007455,135,-0.8452046797809187,0.01
1,0,all_strict,wholly_unseen,laplace,uniform,20.0,current_only,0.0001,923683bb3d7d22d12d61ea5cd490f1fa6b90d6fe9e8fbdd8e0da06bd1e664b5a,b1e0ff3627ac022a63b680d4983b1176679df99d8f120d7b08797f0b057a4b42,135,-0.8449772891208,0.01
1,0,all_strict,wholly_unseen,laplace,uniform,20.0,current_only,0.001,923683bb3d7d22d12d61ea5cd490f1fa6b90d6fe9e8fbdd8e0da06bd1e664b5a,395e1c04e3cc13504c49a09eea9f5d09b48c949fa6b11553d307603a50aab396,135,-0.8430327396498432,0.01
1,0,all_strict,wholly_unseen,laplace,uniform,20.0,current_only,0.01,923683bb3d7d22d12d61ea5cd490f1fa6b90d6fe9e8fbdd8e0da06bd1e664b5a,45574c36e6974d4c95efbc39a8bff5c3b76361148ca1a506d965f923c8a3d433,135,-0.8303688975838038,0.01
1,0,all_strict,wholly_unseen,laplace,uniform,20.0,current_only,0.1,923683bb3d7d22d12d61ea5cd490f1fa6b90d6fe9e8fbdd8e0da06bd1e664b5a,e4f30c32bf0537c74a647792c863b4b4494d2e33f7eb0219786e425078201f3e,135,-0.8340457751777125,0.01
1,1,all_strict,wholly_unseen,laplace,uniform,20.0,current_only,0.0,1fdce97f339c6596d23e9bb1065fcfdd1ee9e853c2e9a26822948904df8c6047,78cc5dce550f1af9f4d2a90ad5656ffe3c6f0f900cc719ebb76818f6ac0159e8,138,-0.8452046797809187,0.01
1,1,all_strict,wholly_unseen,laplace,uniform,20.0,current_only,0.0001,1fdce97f339c6596d23e9bb1065fcfdd1ee9e853c2e9a26822948904df8c6047,a4ecbd2cab6081565bf784b97fc093f154d7f2f8174ad0e63aedcc719503d2e1,138,-0.8449772891208,0.01
1,1,all_strict,wholly_unseen,laplace,uniform,20.0,current_only,0.001,1fdce97f339c6596d23e9bb1065fcfdd1ee9e853c2e9a26822948904df8c6047,ce8ddcf389f78f2389f0c1e04b0e9c5e8f062447e32c8c27651261d05d035f67,138,-0.8430327396498432,0.01
1,1,all_strict,wholly_unseen,laplace,uniform,20.0,current_only,0.01,1fdce97f339c6596d23e9bb1065fcfdd1ee9e853c2e9a26822948904df8c6047,b4ab93bee5642c8eaffa0361a4ddb5342b2ed6a101a1f5dd11095c92722dfc8c,138,-0.8303688975838038,0.01
1,1,all_strict,wholly_unseen,laplace,uniform,20.0,current_only,0.1,1fdce97f339c6596d23e9bb1065fcfdd1ee9e853c2e9a26822948904df8c6047,53ca404b2d89b2551fd7c470e04b530e65c5aacf47c2998fc12f161677f9b05c,138,-0.8340457751777125,0.01
1,2,all_strict,wholly_unseen,laplace,uniform,20.0,current_only,0.0,ea2a01c7ebcf95c320336f26b2b7d7ff133eac0910f84eeb63c63859a6fb024d,d592e9b6db40a5766201a36c05844432330638d6e4a4309e0755ee1c3ec275f5,137,-0.8452046797809187,0.01
1,2,all_strict,wholly_unseen,laplace,uniform,20.0,current_only,0.0001,ea2a01c7ebcf95c320336f26b2b7d7ff133eac0910f84eeb63c63859a6fb024d,4b9e6464a42e5bc614a7e1ac7cea1c91b613e87605927c3a697bcd70f7f9c1c6,137,-0.8449772891208,0.01
1,2,all_strict,wholly_unseen,laplace,uniform,20.0,current_only,0.001,ea2a01c7ebcf95c320336f26b2b7d7ff133eac0910f84eeb63c63859a6fb024d,fb23a8dee9885149081c0a6f9f6dc2abf4929fe4d06289cf44e885a65f48f9a4,137,-0.8430327396498432,0.01
1,2,all_strict,wholly_unseen,laplace,uniform,20.0,current_only,0.01,ea2a01c7ebcf95c320336f26b2b7d7ff133eac0910f84eeb63c63859a6fb024d,de0388ae4ed098cff19fbb16177e6f84ae96d0a59ac2dfdbede3ba49f874b5da,137,-0.8303688975838038,0.01
1,2,all_strict,wholly_unseen,laplace,uniform,20.0,current_only,0.1,ea2a01c7ebcf95c320336f26b2b7d7ff133eac0910f84eeb63c63859a6fb024d,56cfe86ae82dd09704996e63b205882c5815af773b6649c3c810aa89773d33a6,137,-0.8340457751777125,0.01
1,0,all_strict,wholly_unseen,laplace,uniform,20.0,input_plus_surface,0.0,923683bb3d7d22d12d61ea5cd490f1fa6b90d6fe9e8fbdd8e0da06bd1e664b5a,3492f31ab5bfe4df4ce04fe870b06172e1dc05253378a1a7a777f3eace017168,135,-0.642277080677677,0.01
1,0,all_strict,wholly_unseen,laplace,uniform,20.0,input_plus_surface,0.0001,923683bb3d7d22d12d61ea5cd490f1fa6b90d6fe9e8fbdd8e0da06bd1e664b5a,a5654dcce0be092aecedd51f51a04190ed8bda0cfeb1eb67a7cad6013988394b,135,-0.6379153284167229,0.01
1,0,all_strict,wholly_unseen,laplace,uniform,20.0,input_plus_surface,0.001,923683bb3d7d22d12d61ea5cd490f1fa6b90d6fe9e8fbdd8e0da06bd1e664b5a,23a7e23da29e2bd11ca73a7aa3e3615c8ae7b49916c6947b8760e8191738e99b,135,-0.614619452606781,0.01
1,0,all_strict,wholly_unseen,laplace,uniform,20.0,input_plus_surface,0.01,923683bb3d7d22d12d61ea5cd490f1fa6b90d6fe9e8fbdd8e0da06bd1e664b5a,d728eddb49fb28044b3042b1f590bfb0ccf42165f3c831ff5dfc0a5f1d360065,135,-0.5735249575946247,0.01
1,0,all_strict,wholly_unseen,laplace,uniform,20.0,input_plus_surface,0.1,923683bb3d7d22d12d61ea5cd490f1fa6b90d6fe9e8fbdd8e0da06bd1e664b5a,78c5419b25fc307fdb81e3cf66d91eb2f57d8410706d05adc04c62b321f0cac0,135,-0.6257246476232218,0.01
1,1,all_strict,wholly_unseen,laplace,uniform,20.0,input_plus_surface,0.0,1fdce97f339c6596d23e9bb1065fcfdd1ee9e853c2e9a26822948904df8c6047,397f6820cbd73558d96124d2fd6e4591d20b49531bb0ba030c5b0af47f1438dd,138,-0.642277080677677,0.01
1,1,all_strict,wholly_unseen,laplace,uniform,20.0,input_plus_surface,0.0001,1fdce97f339c6596d23e9bb1065fcfdd1ee9e853c2e9a26822948904df8c6047,eb1d445d643b1f3a6956f4eadff958a0009acab8ba4d784a5002a7a69e6bd960,138,-0.6379153284167229,0.01
1,1,all_strict,wholly_unseen,laplace,uniform,20.0,input_plus_surface,0.001,1fdce97f339c6596d23e9bb1065fcfdd1ee9e853c2e9a26822948904df8c6047,ace75e68c76e1f2eb1156a6ea8ee4673aa93cbcdc5a704d6384a442b225e47b3,138,-0.614619452606781,0.01
1,1,all_strict,wholly_unseen,laplace,uniform,20.0,input_plus_surface,0.01,1fdce97f339c6596d23e9bb1065fcfdd1ee9e853c2e9a26822948904df8c6047,dba08b34f97edbfbd8d518b2f47df12617afffe2e8b1ecba733cc7c1571195eb,138,-0.5735249575946247,0.01
1,1,all_strict,wholly_unseen,laplace,uniform,20.0,input_plus_surface,0.1,1fdce97f339c6596d23e9bb1065fcfdd1ee9e853c2e9a26822948904df8c6047,5bf6c5caba042c4b6c8662ab95bb8b04486189f86e6eafc0ab98d8e0f84c6f80,138,-0.6257246476232218,0.01
1,2,all_strict,wholly_unseen,laplace,uniform,20.0,input_plus_surface,0.0,ea2a01c7ebcf95c320336f26b2b7d7ff133eac0910f84eeb63c63859a6fb024d,c299eefa7dce690eda7924805d16d64c271f0f4f8f2dc6f02ce3acb759ac8cef,137,-0.642277080677677,0.01
1,2,all_strict,wholly_unseen,laplace,uniform,20.0,input_plus_surface,0.0001,ea2a01c7ebcf95c320336f26b2b7d7ff133eac0910f84eeb63c63859a6fb024d,40a4547880d2acaff6f18d6b63ebaef866a28e5128368c514a44529a75d6baed,137,-0.6379153284167229,0.01
1,2,all_strict,wholly_unseen,laplace,uniform,20.0,input_plus_surface,0.001,ea2a01c7ebcf95c320336f26b2b7d7ff133eac0910f84eeb63c63859a6fb024d,66ef17edee391b986b1f66d72e20bc6ccb704127e714efaf0faf1187164ca22d,137,-0.614619452606781,0.01
1,2,all_strict,wholly_unseen,laplace,uniform,20.0,input_plus_surface,0.01,ea2a01c7ebcf95c320336f26b2b7d7ff133eac0910f84eeb63c63859a6fb024d,a0b25bcc54b26008fa5dcd0dd994fdc4eac02f67554865604e638d40257bcd94,137,-0.5735249575946247,0.01
1,2,all_strict,wholly_unseen,laplace,uniform,20.0,input_plus_surface,0.1,ea2a01c7ebcf95c320336f26b2b7d7ff133eac0910f84eeb63c63859a6fb024d,72209b9a90cca3d1d5c63f71e6ccf3fb8f052493284a6e617e0d86254e1b8d67,137,-0.6257246476232218,0.01
1,0,all_strict,wholly_unseen,laplace,uniform,20.0,HU_plus_surface,0.0,923683bb3d7d22d12d61ea5cd490f1fa6b90d6fe9e8fbdd8e0da06bd1e664b5a,b77e096a65f356270395c773e03003b312267a81e6ed73a5e059d18552ec7892,135,-0.588867098047606,0.01
1,0,all_strict,wholly_unseen,laplace,uniform,20.0,HU_plus_surface,0.0001,923683bb3d7d22d12d61ea5cd490f1fa6b90d6fe9e8fbdd8e0da06bd1e664b5a,4b09ee33e7cabaa9039abdc5ee86efc775aa08574adcd69d384cc8ae8ca20803,135,-0.5857191502358956,0.01
1,0,all_strict,wholly_unseen,laplace,uniform,20.0,HU_plus_surface,0.001,923683bb3d7d22d12d61ea5cd490f1fa6b90d6fe9e8fbdd8e0da06bd1e664b5a,a75eee3ebaf140618868a46c3026757293c67e99b73f077996546dfc985ff328,135,-0.568758276371872,0.01
1,0,all_strict,wholly_unseen,laplace,uniform,20.0,HU_plus_surface,0.01,923683bb3d7d22d12d61ea5cd490f1fa6b90d6fe9e8fbdd8e0da06bd1e664b5a,54a30f22f66c75b9823d77b6227718aa653ae9fb6a4a9f5faa75324bc4c2c1d7,135,-0.5432433042349736,0.01
1,0,all_strict,wholly_unseen,laplace,uniform,20.0,HU_plus_surface,0.1,923683bb3d7d22d12d61ea5cd490f1fa6b90d6fe9e8fbdd8e0da06bd1e664b5a,aa3991d427462eb238270abf38d57dbb28d56a488b73edf17639c960d8fc05b6,135,-0.6122839477936811,0.01
1,1,all_strict,wholly_unseen,laplace,uniform,20.0,HU_plus_surface,0.0,1fdce97f339c6596d23e9bb1065fcfdd1ee9e853c2e9a26822948904df8c6047,5a16fd9a86b489b3422ea761f6cb2f67218a94e49bc64c995d3611ab269e59a4,138,-0.588867098047606,0.01
1,1,all_strict,wholly_unseen,laplace,uniform,20.0,HU_plus_surface,0.0001,1fdce97f339c6596d23e9bb1065fcfdd1ee9e853c2e9a26822948904df8c6047,22d155b3fe709be17e512422702cc6d9be18edd7adafcf0e4622063e32b94792,138,-0.5857191502358956,0.01
1,1,all_strict,wholly_unseen,laplace,uniform,20.0,HU_plus_surface,0.001,1fdce97f339c6596d23e9bb1065fcfdd1ee9e853c2e9a26822948904df8c6047,8a07efa12cf1471969d4f54e804eb63f1d648d2c2eb7f4715424e10441410e0f,138,-0.568758276371872,0.01
1,1,all_strict,wholly_unseen,laplace,uniform,20.0,HU_plus_surface,0.01,1fdce97f339c6596d23e9bb1065fcfdd1ee9e853c2e9a26822948904df8c6047,8897ffc4f06146a1a1da590fa550c7417f5e95e77d8c75ce9b5d24dd30051843,138,-0.5432433042349736,0.01
1,1,all_strict,wholly_unseen,laplace,uniform,20.0,HU_plus_surface,0.1,1fdce97f339c6596d23e9bb1065fcfdd1ee9e853c2e9a26822948904df8c6047,02bd1e1505ab673f7f37e68731d57a6ce278fa3710cab2929adc4f4b121d0b0a,138,-0.6122839477936811,0.01
1,2,all_strict,wholly_unseen,laplace,uniform,20.0,HU_plus_surface,0.0,ea2a01c7ebcf95c320336f26b2b7d7ff133eac0910f84eeb63c63859a6fb024d,5fbed94daf33b32410f516838aebe6db21c137abb2d395a20f4dca35b2667791,137,-0.588867098047606,0.01
1,2,all_strict,wholly_unseen,laplace,uniform,20.0,HU_plus_surface,0.0001,ea2a01c7ebcf95c320336f26b2b7d7ff133eac0910f84eeb63c63859a6fb024d,74893bd2834466ba63b373a519a2eb2e286160fc55175e2420a1d1ad3f710933,137,-0.5857191502358956,0.01
1,2,all_strict,wholly_unseen,laplace,uniform,20.0,HU_plus_surface,0.001,ea2a01c7ebcf95c320336f26b2b7d7ff133eac0910f84eeb63c63859a6fb024d,522ac49e55089c73360a9008ac970f53a855b72cefd53919d10dcb044840a52c,137,-0.568758276371872,0.01
1,2,all_strict,wholly_unseen,laplace,uniform,20.0,HU_plus_surface,0.01,ea2a01c7ebcf95c320336f26b2b7d7ff133eac0910f84eeb63c63859a6fb024d,70847e741d66eb2b0bc38ae8a1ae39fd98cbb394cf5765c178457eb1a438ad4e,137,-0.5432433042349736,0.01
1,2,all_strict,wholly_unseen,laplace,uniform,20.0,HU_plus_surface,0.1,ea2a01c7ebcf95c320336f26b2b7d7ff133eac0910f84eeb63c63859a6fb024d,3c425dd2f69c7774f434be87ceee430f36bcde415c11b5ee5f8cf6f42a979f02,137,-0.6122839477936811,0.01
1,0,all_strict,wholly_unseen,laplace,uniform,20.0,retention_bounded_plus_HU,0.0,923683bb3d7d22d12d61ea5cd490f1fa6b90d6fe9e8fbdd8e0da06bd1e664b5a,298604b9e4595b4acd5d7fc588742ba3aee09ca616c566c32b8f4715323323a8,135,-0.6134208817479585,0.01
1,0,all_strict,wholly_unseen,laplace,uniform,20.0,retention_bounded_plus_HU,0.0001,923683bb3d7d22d12d61ea5cd490f1fa6b90d6fe9e8fbdd8e0da06bd1e664b5a,896fe065887db9815a7436c5ab36864f9749bd25942d649f8e2ecf9d8b500c19,135,-0.6116182851360598,0.01
1,0,all_strict,wholly_unseen,laplace,uniform,20.0,retention_bounded_plus_HU,0.001,923683bb3d7d22d12d61ea5cd490f1fa6b90d6fe9e8fbdd8e0da06bd1e664b5a,da80f3518063e46c2734af591e6bd14075069274e6f47a01c7f69be8ea419516,135,-0.5992626093912573,0.01
1,0,all_strict,wholly_unseen,laplace,uniform,20.0,retention_bounded_plus_HU,0.01,923683bb3d7d22d12d61ea5cd490f1fa6b90d6fe9e8fbdd8e0da06bd1e664b5a,ecf609f17a236d00ae79c6ae368d4cbefe8ef78fb0edd94fe1dd0ccef1aeb224,135,-0.5614588060643401,0.01
1,0,all_strict,wholly_unseen,laplace,uniform,20.0,retention_bounded_plus_HU,0.1,923683bb3d7d22d12d61ea5cd490f1fa6b90d6fe9e8fbdd8e0da06bd1e664b5a,3a819a93eace5f9886bf3368f146be8596cbfcde7d12c7850be9a2f06983255d,135,-0.5757104811603136,0.01
1,1,all_strict,wholly_unseen,laplace,uniform,20.0,retention_bounded_plus_HU,0.0,1fdce97f339c6596d23e9bb1065fcfdd1ee9e853c2e9a26822948904df8c6047,493c0480caa7cbda9715619b647e70f91243806a162c01593d1562313bf3250c,138,-0.6134208817479585,0.01
1,1,all_strict,wholly_unseen,laplace,uniform,20.0,retention_bounded_plus_HU,0.0001,1fdce97f339c6596d23e9bb1065fcfdd1ee9e853c2e9a26822948904df8c6047,5f53e7c05aec90fbcf5e3aa8209bcd4482696bae8e6612a1e0fd407f5e2de41c,138,-0.6116182851360598,0.01
1,1,all_strict,wholly_unseen,laplace,uniform,20.0,retention_bounded_plus_HU,0.001,1fdce97f339c6596d23e9bb1065fcfdd1ee9e853c2e9a26822948904df8c6047,75825567c3ec6495cb643c9f6d44c3eaa888f810ad45e24613b2b8aeede0574f,138,-0.5992626093912573,0.01
1,1,all_strict,wholly_unseen,laplace,uniform,20.0,retention_bounded_plus_HU,0.01,1fdce97f339c6596d23e9bb1065fcfdd1ee9e853c2e9a26822948904df8c6047,2ea9953fb36fac1c0e469a644b25625e305108c4aadf9f41c90548064b6fdccb,138,-0.5614588060643401,0.01
1,1,all_strict,wholly_unseen,laplace,uniform,20.0,retention_bounded_plus_HU,0.1,1fdce97f339c6596d23e9bb1065fcfdd1ee9e853c2e9a26822948904df8c6047,f14b3579eeda9761d0f8eeb617a80f22412a9addaa1537f0659ef4aa804ed864,138,-0.5757104811603136,0.01
1,2,all_strict,wholly_unseen,laplace,uniform,20.0,retention_bounded_plus_HU,0.0,ea2a01c7ebcf95c320336f26b2b7d7ff133eac0910f84eeb63c63859a6fb024d,1b3eafcb758181c696daee55163db91dfa43ded7a39364cad22f5b37071cdb5c,137,-0.6134208817479585,0.01
1,2,all_strict,wholly_unseen,laplace,uniform,20.0,retention_bounded_plus_HU,0.0001,ea2a01c7ebcf95c320336f26b2b7d7ff133eac0910f84eeb63c63859a6fb024d,0616059840d6b980ecc7d88cdb5a7a662a19622418c7ed3d088638b1f6475b44,137,-0.6116182851360598,0.01
1,2,all_strict,wholly_unseen,laplace,uniform,20.0,retention_bounded_plus_HU,0.001,ea2a01c7ebcf95c320336f26b2b7d7ff133eac0910f84eeb63c63859a6fb024d,72e324fecbf51b868041fd10a139e25ac2850a222366503b0ecb594e50ac510b,137,-0.5992626093912573,0.01
1,2,all_strict,wholly_unseen,laplace,uniform,20.0,retention_bounded_plus_HU,0.01,ea2a01c7ebcf95c320336f26b2b7d7ff133eac0910f84eeb63c63859a6fb024d,d9280d127633f8b6378a7f1c3eaac521a9796c361f5e1e1bd0289fd5fa3e8218,137,-0.5614588060643401,0.01
1,2,all_strict,wholly_unseen,laplace,uniform,20.0,retention_bounded_plus_HU,0.1,ea2a01c7ebcf95c320336f26b2b7d7ff133eac0910f84eeb63c63859a6fb024d,df9bb80d13d9a0059b47b81f23d80daea3561f43812ee29cf69d31b49b9eef3f,137,-0.5757104811603136,0.01
1,0,all_strict,wholly_unseen,gh80,uniform,20.0,HU_plus_surface,0.0,923683bb3d7d22d12d61ea5cd490f1fa6b90d6fe9e8fbdd8e0da06bd1e664b5a,e2f858051af966595f4e44b66527b1a26f7137132fefafe7f08dc02c5ca97eff,135,-0.5859737370644725,0.01
1,0,all_strict,wholly_unseen,gh80,uniform,20.0,HU_plus_surface,0.0001,923683bb3d7d22d12d61ea5cd490f1fa6b90d6fe9e8fbdd8e0da06bd1e664b5a,d661492474557499fbd2e9d8f160190e2acbaeabe3c201c0f5850d054d44607b,135,-0.5825293513857107,0.01
1,0,all_strict,wholly_unseen,gh80,uniform,20.0,HU_plus_surface,0.001,923683bb3d7d22d12d61ea5cd490f1fa6b90d6fe9e8fbdd8e0da06bd1e664b5a,29a1d66c8a49ef6460ea9e8e2d5fa00df2aa4e57d39baa136da26ab2021d213c,135,-0.564634828641371,0.01
1,0,all_strict,wholly_unseen,gh80,uniform,20.0,HU_plus_surface,0.01,923683bb3d7d22d12d61ea5cd490f1fa6b90d6fe9e8fbdd8e0da06bd1e664b5a,ff21201a87f1b1fda0f82e32b956b76659f489eccd715825a02c5a91df5db3fc,135,-0.5404019170230644,0.01
1,0,all_strict,wholly_unseen,gh80,uniform,20.0,HU_plus_surface,0.1,923683bb3d7d22d12d61ea5cd490f1fa6b90d6fe9e8fbdd8e0da06bd1e664b5a,f9d2df9b3c5b0ce96f6fce4dec00902b1a5c13801401b8844cf50a93332895cc,135,-0.6132702006907919,0.01
1,1,all_strict,wholly_unseen,gh80,uniform,20.0,HU_plus_surface,0.0,1fdce97f339c6596d23e9bb1065fcfdd1ee9e853c2e9a26822948904df8c6047,d6c5db69793f50ecb5070191eef61bcfe0ba9b945eb5fee3165a61de81735dd5,138,-0.5859737370644725,0.01
1,1,all_strict,wholly_unseen,gh80,uniform,20.0,HU_plus_surface,0.0001,1fdce97f339c6596d23e9bb1065fcfdd1ee9e853c2e9a26822948904df8c6047,2ef3d43f92e41550c5b49b846a75663a1cc0a097573d8cda05c28a5fede7865d,138,-0.5825293513857107,0.01
1,1,all_strict,wholly_unseen,gh80,uniform,20.0,HU_plus_surface,0.001,1fdce97f339c6596d23e9bb1065fcfdd1ee9e853c2e9a26822948904df8c6047,b007381540b350e0f1cd0a6aeb20a5a546521bf5e17efdb7c733855788ec8425,138,-0.564634828641371,0.01
1,1,all_strict,wholly_unseen,gh80,uniform,20.0,HU_plus_surface,0.01,1fdce97f339c6596d23e9bb1065fcfdd1ee9e853c2e9a26822948904df8c6047,36b34b16fe3289a611601d78e8df794138d25566696b46dda1146705fa27cff1,138,-0.5404019170230644,0.01
1,1,all_strict,wholly_unseen,gh80,uniform,20.0,HU_plus_surface,0.1,1fdce97f339c6596d23e9bb1065fcfdd1ee9e853c2e9a26822948904df8c6047,c8d7a4a1e32fbfc197938b45e57ccb953896cdbb9df10e71d9fa57ccac0ffadb,138,-0.6132702006907919,0.01
1,2,all_strict,wholly_unseen,gh80,uniform,20.0,HU_plus_surface,0.0,ea2a01c7ebcf95c320336f26b2b7d7ff133eac0910f84eeb63c63859a6fb024d,ec238ac1af77337b1103cbb9577a7bcbb4bd7ff91e2c07059deb6d94907f9c3c,137,-0.5859737370644725,0.01
1,2,all_strict,wholly_unseen,gh80,uniform,20.0,HU_plus_surface,0.0001,ea2a01c7ebcf95c320336f26b2b7d7ff133eac0910f84eeb63c63859a6fb024d,6022e4ddb388423ba68f8400d0bf0dc176b160d0008811cbddc25025dd788941,137,-0.5825293513857107,0.01
1,2,all_strict,wholly_unseen,gh80,uniform,20.0,HU_plus_surface,0.001,ea2a01c7ebcf95c320336f26b2b7d7ff133eac0910f84eeb63c63859a6fb024d,0f42c9b57c8ae874e79875a8121e64ad1cfeaf82ef614074f46ab1f452ef4a9c,137,-0.564634828641371,0.01
1,2,all_strict,wholly_unseen,gh80,uniform,20.0,HU_plus_surface,0.01,ea2a01c7ebcf95c320336f26b2b7d7ff133eac0910f84eeb63c63859a6fb024d,8b5b8eb450d111c43c0169d2d0f51eec8f4dfb4f1b98a81aabe5507723fab680,137,-0.5404019170230644,0.01
1,2,all_strict,wholly_unseen,gh80,uniform,20.0,HU_plus_surface,0.1,ea2a01c7ebcf95c320336f26b2b7d7ff133eac0910f84eeb63c63859a6fb024d,6bedc7e2ec385808d5b4be0ca97b7e46f740c7606a11f02ef1e182246db53730,137,-0.6132702006907919,0.01
1,0,all_strict,wholly_unseen,gh80,uniform,20.0,retention_bounded_plus_HU,0.0,923683bb3d7d22d12d61ea5cd490f1fa6b90d6fe9e8fbdd8e0da06bd1e664b5a,c18e529fc3af15c3ee7cd0707786091fb896d76302a046d9eac97f50c3ed99b5,135,-0.6076757901812235,0.01
1,0,all_strict,wholly_unseen,gh80,uniform,20.0,retention_bounded_plus_HU,0.0001,923683bb3d7d22d12d61ea5cd490f1fa6b90d6fe9e8fbdd8e0da06bd1e664b5a,2b760b5c7f089d994a8e2254b4a27d607aaf98408c56e2db4df4e81711e81ccb,135,-0.6067888371593683,0.01
1,0,all_strict,wholly_unseen,gh80,uniform,20.0,retention_bounded_plus_HU,0.001,923683bb3d7d22d12d61ea5cd490f1fa6b90d6fe9e8fbdd8e0da06bd1e664b5a,5ad74d4f267b8dfa072e460b069b7a5eb6eb5936bd928d9b5766bc125a22cb84,135,-0.5990401169158796,0.01
1,0,all_strict,wholly_unseen,gh80,uniform,20.0,retention_bounded_plus_HU,0.01,923683bb3d7d22d12d61ea5cd490f1fa6b90d6fe9e8fbdd8e0da06bd1e664b5a,4e21b3848ac6f82f99922469b493afd9e5ced61551f4e48318197f9966ae5131,135,-0.5654612993430637,0.01
1,0,all_strict,wholly_unseen,gh80,uniform,20.0,retention_bounded_plus_HU,0.1,923683bb3d7d22d12d61ea5cd490f1fa6b90d6fe9e8fbdd8e0da06bd1e664b5a,82369682cd175056791989442e3cf3c7ff4c997d88507b04e70efec36b68aac8,135,-0.5788849165021281,0.01
1,1,all_strict,wholly_unseen,gh80,uniform,20.0,retention_bounded_plus_HU,0.0,1fdce97f339c6596d23e9bb1065fcfdd1ee9e853c2e9a26822948904df8c6047,f5acf8408bbe6158fed49baa93cc4028b611b9b1b478d662d1f35263eab40945,138,-0.6076757901812235,0.01
1,1,all_strict,wholly_unseen,gh80,uniform,20.0,retention_bounded_plus_HU,0.0001,1fdce97f339c6596d23e9bb1065fcfdd1ee9e853c2e9a26822948904df8c6047,70cc909775ee98d3acb0a311b34d528bf7bc2e0cef0da042997f7fef32fd0f1e,138,-0.6067888371593683,0.01
1,1,all_strict,wholly_unseen,gh80,uniform,20.0,retention_bounded_plus_HU,0.001,1fdce97f339c6596d23e9bb1065fcfdd1ee9e853c2e9a26822948904df8c6047,b09b171d818457d6fffe323f388ed3919a49855f64e1616afca7ab28871c7aff,138,-0.5990401169158796,0.01
1,1,all_strict,wholly_unseen,gh80,uniform,20.0,retention_bounded_plus_HU,0.01,1fdce97f339c6596d23e9bb1065fcfdd1ee9e853c2e9a26822948904df8c6047,60fd2430e5c8ce6be0d05b2dacdb1d8b704a2e04a6123a844b7cd6df16cb09af,138,-0.5654612993430637,0.01
1,1,all_strict,wholly_unseen,gh80,uniform,20.0,retention_bounded_plus_HU,0.1,1fdce97f339c6596d23e9bb1065fcfdd1ee9e853c2e9a26822948904df8c6047,bbbaba9b54176b8d2cb928a161436855e460e4043dc38e6bdd8e265af3ef2f7d,138,-0.5788849165021281,0.01
1,2,all_strict,wholly_unseen,gh80,uniform,20.0,retention_bounded_plus_HU,0.0,ea2a01c7ebcf95c320336f26b2b7d7ff133eac0910f84eeb63c63859a6fb024d,8fada23797bc7e83a8097a38cb9c5db59b63ff716ddd108943bc51743d4d3bbe,137,-0.6076757901812235,0.01
1,2,all_strict,wholly_unseen,gh80,uniform,20.0,retention_bounded_plus_HU,0.0001,ea2a01c7ebcf95c320336f26b2b7d7ff133eac0910f84eeb63c63859a6fb024d,f657ac300036139df92ef2d4fc7befbb8dc05184aeeadda08d012ca7f7573354,137,-0.6067888371593683,0.01
1,2,all_strict,wholly_unseen,gh80,uniform,20.0,retention_bounded_plus_HU,0.001,ea2a01c7ebcf95c320336f26b2b7d7ff133eac0910f84eeb63c63859a6fb024d,8e3d5aff1c1a8cdd605cbf33d94cae8c6168da971722284438780096c8eca3e7,137,-0.5990401169158796,0.01
1,2,all_strict,wholly_unseen,gh80,uniform,20.0,retention_bounded_plus_HU,0.01,ea2a01c7ebcf95c320336f26b2b7d7ff133eac0910f84eeb63c63859a6fb024d,2b6b917ffa9518ab91c0676c50fceaa1a69b44c89b52adbd83b8839aa1c2b495,137,-0.5654612993430637,0.01
1,2,all_strict,wholly_unseen,gh80,uniform,20.0,retention_bounded_plus_HU,0.1,ea2a01c7ebcf95c320336f26b2b7d7ff133eac0910f84eeb63c63859a6fb024d,e70ce0e1ec8d0b56d28bde0c32c1a8f5ef1e5679be5f698f61cfad213b63e068,137,-0.5788849165021281,0.01
1,0,all_agreeing_offsets,side_informed,laplace,uniform,20.0,retention_bounded,0.0,923683bb3d7d22d12d61ea5cd490f1fa6b90d6fe9e8fbdd8e0da06bd1e664b5a,d49246e5bd9c65d3f7ef5fe9307fe71cd07dd03b84228984a9f03817d2a4763e,135,-0.35588790584425506,0.01
1,0,all_agreeing_offsets,side_informed,laplace,uniform,20.0,retention_bounded,0.0001,923683bb3d7d22d12d61ea5cd490f1fa6b90d6fe9e8fbdd8e0da06bd1e664b5a,cc9b312d82fa55b74ec77fa5c8ba95856c466ae5dcca529226f6baff8e68ff9c,135,-0.35311327334332104,0.01
1,0,all_agreeing_offsets,side_informed,laplace,uniform,20.0,retention_bounded,0.001,923683bb3d7d22d12d61ea5cd490f1fa6b90d6fe9e8fbdd8e0da06bd1e664b5a,f66e4d37e39bb373a5784bb9a9413641496b531263c9eed9b0d6c81b76b13971,135,-0.337490712702137,0.01
1,0,all_agreeing_offsets,side_informed,laplace,uniform,20.0,retention_bounded,0.01,923683bb3d7d22d12d61ea5cd490f1fa6b90d6fe9e8fbdd8e0da06bd1e664b5a,29fccd4ef03fd469f5cc778bef1caeee47533a8da99aca804461b3d55e5eedf9,135,-0.3058275024148547,0.01
1,0,all_agreeing_offsets,side_informed,laplace,uniform,20.0,retention_bounded,0.1,923683bb3d7d22d12d61ea5cd490f1fa6b90d6fe9e8fbdd8e0da06bd1e664b5a,7740945a4fad1663c6cf88312f005b19c8dbb7b0d0df7205f90f8f1d28338b68,135,-0.3458933684423678,0.01
1,1,all_agreeing_offsets,side_informed,laplace,uniform,20.0,retention_bounded,0.0,1fdce97f339c6596d23e9bb1065fcfdd1ee9e853c2e9a26822948904df8c6047,7f3556ec0c2f4a7cd91d8f01000cc4af45d74f3934eab9b650d633a3fcc9def6,138,-0.35588790584425506,0.01
1,1,all_agreeing_offsets,side_informed,laplace,uniform,20.0,retention_bounded,0.0001,1fdce97f339c6596d23e9bb1065fcfdd1ee9e853c2e9a26822948904df8c6047,a1346fdbe423ace146ee7c651e34749d4f7351e8f65cda4add805f70d33f174f,138,-0.35311327334332104,0.01
1,1,all_agreeing_offsets,side_informed,laplace,uniform,20.0,retention_bounded,0.001,1fdce97f339c6596d23e9bb1065fcfdd1ee9e853c2e9a26822948904df8c6047,56094e703fc1472629a9c9aad15c3d83851fe2056dcd35a404bbde81d3a3d779,138,-0.337490712702137,0.01
1,1,all_agreeing_offsets,side_informed,laplace,uniform,20.0,retention_bounded,0.01,1fdce97f339c6596d23e9bb1065fcfdd1ee9e853c2e9a26822948904df8c6047,c5174824ddedaf914862867874f7260e9cf4f66b7eaa96eba4ed5692ce8b6eb6,138,-0.3058275024148547,0.01
1,1,all_agreeing_offsets,side_informed,laplace,uniform,20.0,retention_bounded,0.1,1fdce97f339c6596d23e9bb1065fcfdd1ee9e853c2e9a26822948904df8c6047,bf26179554d73624536ffc473ca59a9ec6188633d77789c31b2bae636a9f0a61,138,-0.3458933684423678,0.01
1,2,all_agreeing_offsets,side_informed,laplace,uniform,20.0,retention_bounded,0.0,ea2a01c7ebcf95c320336f26b2b7d7ff133eac0910f84eeb63c63859a6fb024d,eb662375b63daf0eeb0d6dc49485bd584575afd7a1a828147e1f429cf202d584,137,-0.35588790584425506,0.01
1,2,all_agreeing_offsets,side_informed,laplace,uniform,20.0,retention_bounded,0.0001,ea2a01c7ebcf95c320336f26b2b7d7ff133eac0910f84eeb63c63859a6fb024d,9261e4a2a32adc9989af7b6c5cc055c0489096a162382771d8b61db3271014b7,137,-0.35311327334332104,0.01
1,2,all_agreeing_offsets,side_informed,laplace,uniform,20.0,retention_bounded,0.001,ea2a01c7ebcf95c320336f26b2b7d7ff133eac0910f84eeb63c63859a6fb024d,21a25f780c71fc49cf2780aa3bf5beb55c12c39c7aed88961a4a37e3ec05ff33,137,-0.337490712702137,0.01
1,2,all_agreeing_offsets,side_informed,laplace,uniform,20.0,retention_bounded,0.01,ea2a01c7ebcf95c320336f26b2b7d7ff133eac0910f84eeb63c63859a6fb024d,c7b746777e800a24a2f71f4c99f0b64f78319e696750e5a2b32fa19c48b9da88,137,-0.3058275024148547,0.01
1,2,all_agreeing_offsets,side_informed,laplace,uniform,20.0,retention_bounded,0.1,ea2a01c7ebcf95c320336f26b2b7d7ff133eac0910f84eeb63c63859a6fb024d,5802b54e88d5ba9fbdce453d431c395a79c1f23b7d885758f43deb49132420dd,137,-0.3458933684423678,0.01
1,0,all_agreeing_offsets,side_informed,laplace,uniform,20.0,retention_nonnegative,0.0,923683bb3d7d22d12d61ea5cd490f1fa6b90d6fe9e8fbdd8e0da06bd1e664b5a,2eccdf01b21e804768b5f5623a558143bb2d462ac1ca577d4c11523e4f20f0c4,135,-0.3558879049686646,0.01
1,0,all_agreeing_offsets,side_informed,laplace,uniform,20.0,retention_nonnegative,0.0001,923683bb3d7d22d12d61ea5cd490f1fa6b90d6fe9e8fbdd8e0da06bd1e664b5a,d25fceefd2089783e225d59686ecde906799e6bbeba005efe69a962c895c679d,135,-0.35159109117933596,0.01
1,0,all_agreeing_offsets,side_informed,laplace,uniform,20.0,retention_nonnegative,0.001,923683bb3d7d22d12d61ea5cd490f1fa6b90d6fe9e8fbdd8e0da06bd1e664b5a,43744fb5747a846dcc705d975e13f2b98c41afa2e9c046693bd9fe929b6e6076,135,-0.33424586584490323,0.01
1,0,all_agreeing_offsets,side_informed,laplace,uniform,20.0,retention_nonnegative,0.01,923683bb3d7d22d12d61ea5cd490f1fa6b90d6fe9e8fbdd8e0da06bd1e664b5a,d2fe4a48507c68184f03b46b64d5037f2fe6d3c0bff8ee1f419d5866d198a7b0,135,-0.3339296837872464,0.01
1,0,all_agreeing_offsets,side_informed,laplace,uniform,20.0,retention_nonnegative,0.1,923683bb3d7d22d12d61ea5cd490f1fa6b90d6fe9e8fbdd8e0da06bd1e664b5a,8ce177e1582355cebeba580d4c80d67ae4cd18f065cbe9f8df2f6ccbcbfb487a,135,-0.4170381234525598,0.01
1,1,all_agreeing_offsets,side_informed,laplace,uniform,20.0,retention_nonnegative,0.0,1fdce97f339c6596d23e9bb1065fcfdd1ee9e853c2e9a26822948904df8c6047,a56cd7b296c6305caea3c329c27508177cc02b6b5102578d2dd51ea97497226a,138,-0.3558879049686646,0.01
1,1,all_agreeing_offsets,side_informed,laplace,uniform,20.0,retention_nonnegative,0.0001,1fdce97f339c6596d23e9bb1065fcfdd1ee9e853c2e9a26822948904df8c6047,541b70474b3bdaa7cc89ec511e53241463776c1b77dcb4c41dead832953cd3d2,138,-0.35159109117933596,0.01
1,1,all_agreeing_offsets,side_informed,laplace,uniform,20.0,retention_nonnegative,0.001,1fdce97f339c6596d23e9bb1065fcfdd1ee9e853c2e9a26822948904df8c6047,32428e905c2dacd671951c8b81e04b367aec493d428c3f598f5faa3f1f431899,138,-0.33424586584490323,0.01
1,1,all_agreeing_offsets,side_informed,laplace,uniform,20.0,retention_nonnegative,0.01,1fdce97f339c6596d23e9bb1065fcfdd1ee9e853c2e9a26822948904df8c6047,19a8835d64e11876cbb9a64a7e4d1dd71d6e3f70f3b9ff11713cbd3bd5624401,138,-0.3339296837872464,0.01
1,1,all_agreeing_offsets,side_informed,laplace,uniform,20.0,retention_nonnegative,0.1,1fdce97f339c6596d23e9bb1065fcfdd1ee9e853c2e9a26822948904df8c6047,e753790566802d6fc08a165aca7ea55b7442017c1a842e470b867b3b853342ce,138,-0.4170381234525598,0.01
1,2,all_agreeing_offsets,side_informed,laplace,uniform,20.0,retention_nonnegative,0.0,ea2a01c7ebcf95c320336f26b2b7d7ff133eac0910f84eeb63c63859a6fb024d,c0f19fd6efa6de260ceb47ee0fd22534d223ef324093fe71896e85dc29982031,137,-0.3558879049686646,0.01
1,2,all_agreeing_offsets,side_informed,laplace,uniform,20.0,retention_nonnegative,0.0001,ea2a01c7ebcf95c320336f26b2b7d7ff133eac0910f84eeb63c63859a6fb024d,8dd71aeb6d8bd079301a8283749657fb1a2d53d2e7d6bc8ef4a6b1de364a302a,137,-0.35159109117933596,0.01
1,2,all_agreeing_offsets,side_informed,laplace,uniform,20.0,retention_nonnegative,0.001,ea2a01c7ebcf95c320336f26b2b7d7ff133eac0910f84eeb63c63859a6fb024d,c442720dea614d9bd9127eeee8d8d2a86d5665314035419d09ba418d6b2baaec,137,-0.33424586584490323,0.01
1,2,all_agreeing_offsets,side_informed,laplace,uniform,20.0,retention_nonnegative,0.01,ea2a01c7ebcf95c320336f26b2b7d7ff133eac0910f84eeb63c63859a6fb024d,a0584130d2b50b6539dc46239071677b0f5a13d9854712ff513cac4917afd1a5,137,-0.3339296837872464,0.01
1,2,all_agreeing_offsets,side_informed,laplace,uniform,20.0,retention_nonnegative,0.1,ea2a01c7ebcf95c320336f26b2b7d7ff133eac0910f84eeb63c63859a6fb024d,5c2763e3c681594f971d1fbe8b8ca9adadb58407beb32b1a73357c8667809463,137,-0.4170381234525598,0.01
1,0,all_agreeing_offsets,side_informed,laplace,uniform,20.0,current_only,0.0,923683bb3d7d22d12d61ea5cd490f1fa6b90d6fe9e8fbdd8e0da06bd1e664b5a,32f80b260fce3fa7b4e2c6af5e7d6c11ed5686c8ac605cc50768d57ca4ca5e7f,135,-0.5831892065672487,0.01
1,0,all_agreeing_offsets,side_informed,laplace,uniform,20.0,current_only,0.0001,923683bb3d7d22d12d61ea5cd490f1fa6b90d6fe9e8fbdd8e0da06bd1e664b5a,e9dfd519fae53b969cc5308875fbc7f596faada3ee7c25d92d4f9793c171fdeb,135,-0.5829618159071299,0.01
1,0,all_agreeing_offsets,side_informed,laplace,uniform,20.0,current_only,0.001,923683bb3d7d22d12d61ea5cd490f1fa6b90d6fe9e8fbdd8e0da06bd1e664b5a,7f0903e69b41f347efd2c19b953837e8388c841c036a24aa9aa1a116e280b4b1,135,-0.5810172664361732,0.01
1,0,all_agreeing_offsets,side_informed,laplace,uniform,20.0,current_only,0.01,923683bb3d7d22d12d61ea5cd490f1fa6b90d6fe9e8fbdd8e0da06bd1e664b5a,a1fdaf34c764fd85916768c9e443aad127038e8d9aa0fa45a5efac803ed5db16,135,-0.568353424370134,0.01
1,0,all_agreeing_offsets,side_informed,laplace,uniform,20.0,current_only,0.1,923683bb3d7d22d12d61ea5cd490f1fa6b90d6fe9e8fbdd8e0da06bd1e664b5a,0e9e7e73a2ce21b83b914130ce839fd5a11b6da8b39d2f1eba8e0e1a81268e27,135,-0.5720303019640424,0.01
1,1,all_agreeing_offsets,side_informed,laplace,uniform,20.0,current_only,0.0,1fdce97f339c6596d23e9bb1065fcfdd1ee9e853c2e9a26822948904df8c6047,3a3c50b6820c640bd0654b6e35c2e6e240be37713652c7c507758476ee0331cd,138,-0.5831892065672487,0.01
1,1,all_agreeing_offsets,side_informed,laplace,uniform,20.0,current_only,0.0001,1fdce97f339c6596d23e9bb1065fcfdd1ee9e853c2e9a26822948904df8c6047,76d9d9b896d5c91c94b2d8b6d95151fba29eb804a5835abb6ebaec5a7f3fb096,138,-0.5829618159071299,0.01
1,1,all_agreeing_offsets,side_informed,laplace,uniform,20.0,current_only,0.001,1fdce97f339c6596d23e9bb1065fcfdd1ee9e853c2e9a26822948904df8c6047,b1243f118e2f9a34b20389cb354e6e4893d49dec4977fd9ea76377983a65ee95,138,-0.5810172664361732,0.01
1,1,all_agreeing_offsets,side_informed,laplace,uniform,20.0,current_only,0.01,1fdce97f339c6596d23e9bb1065fcfdd1ee9e853c2e9a26822948904df8c6047,c725da3e0df66ef2e586dcfa6bad2ce95e0432ad7ce0f18665c8b1ba384bd4a1,138,-0.568353424370134,0.01
1,1,all_agreeing_offsets,side_informed,laplace,uniform,20.0,current_only,0.1,1fdce97f339c6596d23e9bb1065fcfdd1ee9e853c2e9a26822948904df8c6047,61e593db9e86163bf9bd08f763f0e233ee441f85f8024e82b8b5a446598d66f8,138,-0.5720303019640424,0.01
1,2,all_agreeing_offsets,side_informed,laplace,uniform,20.0,current_only,0.0,ea2a01c7ebcf95c320336f26b2b7d7ff133eac0910f84eeb63c63859a6fb024d,fe2d311ac3c7ff1a839f1976065b6b47e83fa5782467d3acf0a2b5951d8cd348,137,-0.5831892065672487,0.01
1,2,all_agreeing_offsets,side_informed,laplace,uniform,20.0,current_only,0.0001,ea2a01c7ebcf95c320336f26b2b7d7ff133eac0910f84eeb63c63859a6fb024d,ca700cd079ee232fb6fae6a2698f99a9b27587530450f8cc5667e47c3206c25e,137,-0.5829618159071299,0.01
1,2,all_agreeing_offsets,side_informed,laplace,uniform,20.0,current_only,0.001,ea2a01c7ebcf95c320336f26b2b7d7ff133eac0910f84eeb63c63859a6fb024d,1033b8002e841fa47131fc85a344647e88aee7ff0a59600b5d0686ad47d11786,137,-0.5810172664361732,0.01
1,2,all_agreeing_offsets,side_informed,laplace,uniform,20.0,current_only,0.01,ea2a01c7ebcf95c320336f26b2b7d7ff133eac0910f84eeb63c63859a6fb024d,3780ede9a8843db3af4d956788ced36b2e0ee8a6f230b11e7df6e0da19b2b2f7,137,-0.568353424370134,0.01
1,2,all_agreeing_offsets,side_informed,laplace,uniform,20.0,current_only,0.1,ea2a01c7ebcf95c320336f26b2b7d7ff133eac0910f84eeb63c63859a6fb024d,c069f499871eed1c64830edc95b6af527dd6e70a51ff5197280c736020b176a3,137,-0.5720303019640424,0.01
1,0,all_agreeing_offsets,side_informed,laplace,uniform,20.0,input_plus_surface,0.0,923683bb3d7d22d12d61ea5cd490f1fa6b90d6fe9e8fbdd8e0da06bd1e664b5a,d87b1edcea0c6bdba0b260db598c15e58dea19a3a2debae1c0d3a3f953ad82d4,135,-0.36302548086471026,0.01
1,0,all_agreeing_offsets,side_informed,laplace,uniform,20.0,input_plus_surface,0.0001,923683bb3d7d22d12d61ea5cd490f1fa6b90d6fe9e8fbdd8e0da06bd1e664b5a,2062dbbf188d867dd8a47d82eda2735d3bffb370b8d3fb3a503dbf2956bb3dc7,135,-0.3581602723974535,0.01
1,0,all_agreeing_offsets,side_informed,laplace,uniform,20.0,input_plus_surface,0.001,923683bb3d7d22d12d61ea5cd490f1fa6b90d6fe9e8fbdd8e0da06bd1e664b5a,9aec391c17f1b9951185320b2ad134a5a7b83c73d0c311a7c0401e8cc3290a0c,135,-0.33561193126761074,0.01
1,0,all_agreeing_offsets,side_informed,laplace,uniform,20.0,input_plus_surface,0.01,923683bb3d7d22d12d61ea5cd490f1fa6b90d6fe9e8fbdd8e0da06bd1e664b5a,9fa3faa62587d17a90e61e5415deccd35093d0fb5c56939bcbfce99aab8326b0,135,-0.30536458075656375,0.01
1,0,all_agreeing_offsets,side_informed,laplace,uniform,20.0,input_plus_surface,0.1,923683bb3d7d22d12d61ea5cd490f1fa6b90d6fe9e8fbdd8e0da06bd1e664b5a,bae3fe805b9f081679ad5d5d388218d0fc238cb25c699863be98fcec52e1479d,135,-0.36410066929953416,0.01
1,1,all_agreeing_offsets,side_informed,laplace,uniform,20.0,input_plus_surface,0.0,1fdce97f339c6596d23e9bb1065fcfdd1ee9e853c2e9a26822948904df8c6047,1debcf64f6009830c254cdd8cedc01699ad45917d74de35bd87a878d830b6247,138,-0.36302548086471026,0.01
1,1,all_agreeing_offsets,side_informed,laplace,uniform,20.0,input_plus_surface,0.0001,1fdce97f339c6596d23e9bb1065fcfdd1ee9e853c2e9a26822948904df8c6047,9302be540ee7ba984e5682b4f71c8147a3aa9ade10e765da9f3f4e9ea53760f8,138,-0.3581602723974535,0.01
1,1,all_agreeing_offsets,side_informed,laplace,uniform,20.0,input_plus_surface,0.001,1fdce97f339c6596d23e9bb1065fcfdd1ee9e853c2e9a26822948904df8c6047,0d8af0be28da968cc41ad3330daa92a3f8b4519823995fe9dcc59e57932823a3,138,-0.33561193126761074,0.01
1,1,all_agreeing_offsets,side_informed,laplace,uniform,20.0,input_plus_surface,0.01,1fdce97f339c6596d23e9bb1065fcfdd1ee9e853c2e9a26822948904df8c6047,037726eee4c6a3484e217c4724aca1b31b6658fc8db7b87afe1a472ff5a553eb,138,-0.30536458075656375,0.01
1,1,all_agreeing_offsets,side_informed,laplace,uniform,20.0,input_plus_surface,0.1,1fdce97f339c6596d23e9bb1065fcfdd1ee9e853c2e9a26822948904df8c6047,e31b533a32cd5d62b2addd9777dcd34755f4b32d04629c663e131fd826311b1e,138,-0.36410066929953416,0.01
1,2,all_agreeing_offsets,side_informed,laplace,uniform,20.0,input_plus_surface,0.0,ea2a01c7ebcf95c320336f26b2b7d7ff133eac0910f84eeb63c63859a6fb024d,80d21d420368227e15014810a5534265432b21936eef5887fc6559d3ab27d866,137,-0.36302548086471026,0.01
1,2,all_agreeing_offsets,side_informed,laplace,uniform,20.0,input_plus_surface,0.0001,ea2a01c7ebcf95c320336f26b2b7d7ff133eac0910f84eeb63c63859a6fb024d,621b9f17b66409cb266cf0ca106b348e4b2b7df7808903a7012df3fd22c748b0,137,-0.3581602723974535,0.01
1,2,all_agreeing_offsets,side_informed,laplace,uniform,20.0,input_plus_surface,0.001,ea2a01c7ebcf95c320336f26b2b7d7ff133eac0910f84eeb63c63859a6fb024d,48fdb89658419101f9c6eba55ba3401afaa80a4a649cbc35224b151c8ce5b2f4,137,-0.33561193126761074,0.01
1,2,all_agreeing_offsets,side_informed,laplace,uniform,20.0,input_plus_surface,0.01,ea2a01c7ebcf95c320336f26b2b7d7ff133eac0910f84eeb63c63859a6fb024d,77c2908e63261549251b8d2d00b34a9a71683388f7f30ecb981685ffa32872a4,137,-0.30536458075656375,0.01
1,2,all_agreeing_offsets,side_informed,laplace,uniform,20.0,input_plus_surface,0.1,ea2a01c7ebcf95c320336f26b2b7d7ff133eac0910f84eeb63c63859a6fb024d,290b99be07ef24e6bacff36d0a179a3f7cc84fa98e5aef6c585b8873078024ca,137,-0.36410066929953416,0.01
1,0,all_agreeing_offsets,side_informed,laplace,uniform,20.0,HU_plus_surface,0.0,923683bb3d7d22d12d61ea5cd490f1fa6b90d6fe9e8fbdd8e0da06bd1e664b5a,429b21417a4412ccadf94076ceefa955d056090f0487122a88820d34c5b40ac2,135,-0.3146334904256206,0.01
1,0,all_agreeing_offsets,side_informed,laplace,uniform,20.0,HU_plus_surface,0.0001,923683bb3d7d22d12d61ea5cd490f1fa6b90d6fe9e8fbdd8e0da06bd1e664b5a,d91fd06737b292d46fa059c36ae3b6df402a506be35ef80121a82a0fa20ce8cd,135,-0.3113407644832346,0.01
1,0,all_agreeing_offsets,side_informed,laplace,uniform,20.0,HU_plus_surface,0.001,923683bb3d7d22d12d61ea5cd490f1fa6b90d6fe9e8fbdd8e0da06bd1e664b5a,f48a39c19ff09264834097b15c0c5990a444b8dd67cac80aa2975093643c3ff9,135,-0.29618935076179587,0.01
1,0,all_agreeing_offsets,side_informed,laplace,uniform,20.0,HU_plus_surface,0.01,923683bb3d7d22d12d61ea5cd490f1fa6b90d6fe9e8fbdd8e0da06bd1e664b5a,c81f4942d26fc47f3f5d85619965f7b698efa0cab980685a546005d467586de1,135,-0.2800512432570583,0.01
1,0,all_agreeing_offsets,side_informed,laplace,uniform,20.0,HU_plus_surface,0.1,923683bb3d7d22d12d61ea5cd490f1fa6b90d6fe9e8fbdd8e0da06bd1e664b5a,b6b20c8248115504a57a1a1522fc9e358b6af7c110f635a70f60a71c8a855f23,135,-0.35214783556625967,0.01
1,1,all_agreeing_offsets,side_informed,laplace,uniform,20.0,HU_plus_surface,0.0,1fdce97f339c6596d23e9bb1065fcfdd1ee9e853c2e9a26822948904df8c6047,b1694658c62cb8360e1ccc077189d910417d0c2bcaed5d2bfe177c475745126e,138,-0.3146334904256206,0.01
1,1,all_agreeing_offsets,side_informed,laplace,uniform,20.0,HU_plus_surface,0.0001,1fdce97f339c6596d23e9bb1065fcfdd1ee9e853c2e9a26822948904df8c6047,291f9f8939b3d67c21867ca9d64a6f08c55fcba789eaa1f7e76fd82030fa8191,138,-0.3113407644832346,0.01
1,1,all_agreeing_offsets,side_informed,laplace,uniform,20.0,HU_plus_surface,0.001,1fdce97f339c6596d23e9bb1065fcfdd1ee9e853c2e9a26822948904df8c6047,41a72c8662d4dc174d71a42d9168b384cc517dd50b503cfad6bd2795a50e8fb6,138,-0.29618935076179587,0.01
1,1,all_agreeing_offsets,side_informed,laplace,uniform,20.0,HU_plus_surface,0.01,1fdce97f339c6596d23e9bb1065fcfdd1ee9e853c2e9a26822948904df8c6047,f49a4e2aee165e6dc831e054f4ab5ab0d2a5fc6f26273f90d782f49388132343,138,-0.2800512432570583,0.01
1,1,all_agreeing_offsets,side_informed,laplace,uniform,20.0,HU_plus_surface,0.1,1fdce97f339c6596d23e9bb1065fcfdd1ee9e853c2e9a26822948904df8c6047,fc0208213bb8e086e155fff078108f3094b1e879f8e34a5608b135979f5a7fba,138,-0.35214783556625967,0.01
1,2,all_agreeing_offsets,side_informed,laplace,uniform,20.0,HU_plus_surface,0.0,ea2a01c7ebcf95c320336f26b2b7d7ff133eac0910f84eeb63c63859a6fb024d,1ee6bf83c6d85cb83242c6d19acb31d41f2a75c882e52c8e75ab69b4a5feeb14,137,-0.3146334904256206,0.01
1,2,all_agreeing_offsets,side_informed,laplace,uniform,20.0,HU_plus_surface,0.0001,ea2a01c7ebcf95c320336f26b2b7d7ff133eac0910f84eeb63c63859a6fb024d,55c38345074afa43964a607436539bb9a8c96d2d0675f09924300e691b8238d2,137,-0.3113407644832346,0.01
1,2,all_agreeing_offsets,side_informed,laplace,uniform,20.0,HU_plus_surface,0.001,ea2a01c7ebcf95c320336f26b2b7d7ff133eac0910f84eeb63c63859a6fb024d,066a192939e109f992088bd2b72e7a7b8da3fb24554c84deb31043241682489b,137,-0.29618935076179587,0.01
1,2,all_agreeing_offsets,side_informed,laplace,uniform,20.0,HU_plus_surface,0.01,ea2a01c7ebcf95c320336f26b2b7d7ff133eac0910f84eeb63c63859a6fb024d,20fa8c7a482b17108953ba6b50b7e82c9dac15f2e23442411107e0db90d2b522,137,-0.2800512432570583,0.01
1,2,all_agreeing_offsets,side_informed,laplace,uniform,20.0,HU_plus_surface,0.1,ea2a01c7ebcf95c320336f26b2b7d7ff133eac0910f84eeb63c63859a6fb024d,016560560d6c60c144a761569687e0f452f48b9f74cb7081dc48354f2d02676f,137,-0.35214783556625967,0.01
1,0,all_agreeing_offsets,side_informed,laplace,uniform,20.0,retention_bounded_plus_HU,0.0,923683bb3d7d22d12d61ea5cd490f1fa6b90d6fe9e8fbdd8e0da06bd1e664b5a,09d9770cca8d3991d2dedf42c86fc38831a0beb46820deddf739331a953bebf9,135,-0.3005927697827279,0.01
1,0,all_agreeing_offsets,side_informed,laplace,uniform,20.0,retention_bounded_plus_HU,0.0001,923683bb3d7d22d12d61ea5cd490f1fa6b90d6fe9e8fbdd8e0da06bd1e664b5a,b77a4c0e4cd33fbafbd21e7451cfd1c4418deda5f3cf4b7b3538164f496bc9e5,135,-0.30006279649093903,0.01
1,0,all_agreeing_offsets,side_informed,laplace,uniform,20.0,retention_bounded_plus_HU,0.001,923683bb3d7d22d12d61ea5cd490f1fa6b90d6fe9e8fbdd8e0da06bd1e664b5a,7a569bf9ffd1bdef6f0c62127be96920b89f176eb1735a2d70e99ca68ca04a9f,135,-0.29531338293550996,0.01
1,0,all_agreeing_offsets,side_informed,laplace,uniform,20.0,retention_bounded_plus_HU,0.01,923683bb3d7d22d12d61ea5cd490f1fa6b90d6fe9e8fbdd8e0da06bd1e664b5a,e7f9330222cde60c24986353286dfbfa4ece613ff73792201a9eb762f819a7c4,135,-0.28092031721559074,0.01
1,0,all_agreeing_offsets,side_informed,laplace,uniform,20.0,retention_bounded_plus_HU,0.1,923683bb3d7d22d12d61ea5cd490f1fa6b90d6fe9e8fbdd8e0da06bd1e664b5a,7678b3da74f5e5907aadb3efa3c7063df8138b7d57e9cff5fae4f27f687d0699,135,-0.31285596790862474,0.01
1,1,all_agreeing_offsets,side_informed,laplace,uniform,20.0,retention_bounded_plus_HU,0.0,1fdce97f339c6596d23e9bb1065fcfdd1ee9e853c2e9a26822948904df8c6047,949daf1c6dec61a18e0daddcbeb74744de536be4638000d4dcd1433076fa3612,138,-0.3005927697827279,0.01
1,1,all_agreeing_offsets,side_informed,laplace,uniform,20.0,retention_bounded_plus_HU,0.0001,1fdce97f339c6596d23e9bb1065fcfdd1ee9e853c2e9a26822948904df8c6047,97aff7ff235b5c1b1e676ace44c8daa0e6a03d2ca13e76e265c14661f58218a8,138,-0.30006279649093903,0.01
1,1,all_agreeing_offsets,side_informed,laplace,uniform,20.0,retention_bounded_plus_HU,0.001,1fdce97f339c6596d23e9bb1065fcfdd1ee9e853c2e9a26822948904df8c6047,61554f1df6bb8fe3fc14e60728da8488fe95ffc6fc6fad8c1fd61d1fa24fb18b,138,-0.29531338293550996,0.01
1,1,all_agreeing_offsets,side_informed,laplace,uniform,20.0,retention_bounded_plus_HU,0.01,1fdce97f339c6596d23e9bb1065fcfdd1ee9e853c2e9a26822948904df8c6047,55bc28479edccddcea2075f94567e26da3e4d9f134d71be20229ab6d9704d974,138,-0.28092031721559074,0.01
1,1,all_agreeing_offsets,side_informed,laplace,uniform,20.0,retention_bounded_plus_HU,0.1,1fdce97f339c6596d23e9bb1065fcfdd1ee9e853c2e9a26822948904df8c6047,084e7fbc6dd879d9d4b5e5c13feb8d7198957c64a8762d42af07dddde86d2003,138,-0.31285596790862474,0.01
1,2,all_agreeing_offsets,side_informed,laplace,uniform,20.0,retention_bounded_plus_HU,0.0,ea2a01c7ebcf95c320336f26b2b7d7ff133eac0910f84eeb63c63859a6fb024d,3753cb35b07d22d3e9af094f426f9371d9d041c0cc1d42d2a364caa6cba17efa,137,-0.3005927697827279,0.01
1,2,all_agreeing_offsets,side_informed,laplace,uniform,20.0,retention_bounded_plus_HU,0.0001,ea2a01c7ebcf95c320336f26b2b7d7ff133eac0910f84eeb63c63859a6fb024d,52d0913e0461e861d88c3506a0a75a5fb4e120c1f1355fe11ede511af731de59,137,-0.30006279649093903,0.01
1,2,all_agreeing_offsets,side_informed,laplace,uniform,20.0,retention_bounded_plus_HU,0.001,ea2a01c7ebcf95c320336f26b2b7d7ff133eac0910f84eeb63c63859a6fb024d,3fb50b22e75e8503507a4b34ecd34f3ce76cba5187f4f60ec491ccf1d004142e,137,-0.29531338293550996,0.01
1,2,all_agreeing_offsets,side_informed,laplace,uniform,20.0,retention_bounded_plus_HU,0.01,ea2a01c7ebcf95c320336f26b2b7d7ff133eac0910f84eeb63c63859a6fb024d,a1d010bccbe5c20bff480fca2179cbad395bb643ab349d50102c6507e69a89d0,137,-0.28092031721559074,0.01
1,2,all_agreeing_offsets,side_informed,laplace,uniform,20.0,retention_bounded_plus_HU,0.1,ea2a01c7ebcf95c320336f26b2b7d7ff133eac0910f84eeb63c63859a6fb024d,a73dc394d62f26882113f3355b12733af2a9152fed9dcc19c7e268236e403d93,137,-0.31285596790862474,0.01
1,0,all_agreeing_offsets,side_informed,gh80,uniform,20.0,HU_plus_surface,0.0,923683bb3d7d22d12d61ea5cd490f1fa6b90d6fe9e8fbdd8e0da06bd1e664b5a,3a20813e449b04ff03c8ce1c3c646248c5e8411c1254c79136c8d48693095896,135,-0.3219194400678059,0.01
1,0,all_agreeing_offsets,side_informed,gh80,uniform,20.0,HU_plus_surface,0.0001,923683bb3d7d22d12d61ea5cd490f1fa6b90d6fe9e8fbdd8e0da06bd1e664b5a,8f429779ad4cfcf06d3132e9926e006e261054469230b784358c7e90fcb5cf88,135,-0.3178474424666785,0.01
1,0,all_agreeing_offsets,side_informed,gh80,uniform,20.0,HU_plus_surface,0.001,923683bb3d7d22d12d61ea5cd490f1fa6b90d6fe9e8fbdd8e0da06bd1e664b5a,19bd27eeaf3db770f341071754360db4713743542759a605960cf4c5f2a70773,135,-0.29965604509184396,0.01
1,0,all_agreeing_offsets,side_informed,gh80,uniform,20.0,HU_plus_surface,0.01,923683bb3d7d22d12d61ea5cd490f1fa6b90d6fe9e8fbdd8e0da06bd1e664b5a,8514217260a249a9e9d6fc01ead1e1a8b6bbd66bcdb02804066bb5dec69b721b,135,-0.28136414742603083,0.01
1,0,all_agreeing_offsets,side_informed,gh80,uniform,20.0,HU_plus_surface,0.1,923683bb3d7d22d12d61ea5cd490f1fa6b90d6fe9e8fbdd8e0da06bd1e664b5a,34f75e529f63fa4058a382c2d1e1be5942eff309b401ed9c3e295c65d19ea614,135,-0.35441795953413185,0.01
1,1,all_agreeing_offsets,side_informed,gh80,uniform,20.0,HU_plus_surface,0.0,1fdce97f339c6596d23e9bb1065fcfdd1ee9e853c2e9a26822948904df8c6047,c500af03c9b42638b7603a184cd5f2b13d0613e9a89366470cfd7c5dbace8a5e,138,-0.3219194400678059,0.01
1,1,all_agreeing_offsets,side_informed,gh80,uniform,20.0,HU_plus_surface,0.0001,1fdce97f339c6596d23e9bb1065fcfdd1ee9e853c2e9a26822948904df8c6047,76b6559524047120ce47f73cf18cb8f162eb4b41187604240338ea340efed7da,138,-0.3178474424666785,0.01
1,1,all_agreeing_offsets,side_informed,gh80,uniform,20.0,HU_plus_surface,0.001,1fdce97f339c6596d23e9bb1065fcfdd1ee9e853c2e9a26822948904df8c6047,15f2ba5e157c2fb6ed2c0e052b7098bb0126b364c3e6f86f81af9bc15636618c,138,-0.29965604509184396,0.01
1,1,all_agreeing_offsets,side_informed,gh80,uniform,20.0,HU_plus_surface,0.01,1fdce97f339c6596d23e9bb1065fcfdd1ee9e853c2e9a26822948904df8c6047,5546219b2a0c6159a43a61161ae10f24d4b895eae4594076c6e9d7889cc7074f,138,-0.28136414742603083,0.01
1,1,all_agreeing_offsets,side_informed,gh80,uniform,20.0,HU_plus_surface,0.1,1fdce97f339c6596d23e9bb1065fcfdd1ee9e853c2e9a26822948904df8c6047,52e2a4df8a495c964c3b9d51ac2ef7af0bef104b0dc585fab3c87c50cba67393,138,-0.35441795953413185,0.01
1,2,all_agreeing_offsets,side_informed,gh80,uniform,20.0,HU_plus_surface,0.0,ea2a01c7ebcf95c320336f26b2b7d7ff133eac0910f84eeb63c63859a6fb024d,e92791b569158b8aaf70cbcf8d45c53a1fd571dbd208c8c89217e6266a1541a2,137,-0.3219194400678059,0.01
1,2,all_agreeing_offsets,side_informed,gh80,uniform,20.0,HU_plus_surface,0.0001,ea2a01c7ebcf95c320336f26b2b7d7ff133eac0910f84eeb63c63859a6fb024d,c359df2bbbcfc0dbd7a8b1f8c0d6ccf90bfb60fe7a365edf8987f28ad8351f71,137,-0.3178474424666785,0.01
1,2,all_agreeing_offsets,side_informed,gh80,uniform,20.0,HU_plus_surface,0.001,ea2a01c7ebcf95c320336f26b2b7d7ff133eac0910f84eeb63c63859a6fb024d,ffbf12aa6ec4568651b17599e4a1edfb81bf4b9ae482da4558e8c5521a47f8f6,137,-0.29965604509184396,0.01
1,2,all_agreeing_offsets,side_informed,gh80,uniform,20.0,HU_plus_surface,0.01,ea2a01c7ebcf95c320336f26b2b7d7ff133eac0910f84eeb63c63859a6fb024d,0c6474b0a4373d39b7eded67719ea47ad550dfeb30c14c7cf808ecef08a02790,137,-0.28136414742603083,0.01
1,2,all_agreeing_offsets,side_informed,gh80,uniform,20.0,HU_plus_surface,0.1,ea2a01c7ebcf95c320336f26b2b7d7ff133eac0910f84eeb63c63859a6fb024d,99202efd520f50bc34bf0a0b163799155ca3041a570b11b3c9394f77536627d0,137,-0.35441795953413185,0.01
1,0,all_agreeing_offsets,side_informed,gh80,uniform,20.0,retention_bounded_plus_HU,0.0,923683bb3d7d22d12d61ea5cd490f1fa6b90d6fe9e8fbdd8e0da06bd1e664b5a,828c1e99be21b898263f1e1c2e67dd932ef5fee585062df3f537b27bef6c3b50,135,-0.3089870894989276,0.01
1,0,all_agreeing_offsets,side_informed,gh80,uniform,20.0,retention_bounded_plus_HU,0.0001,923683bb3d7d22d12d61ea5cd490f1fa6b90d6fe9e8fbdd8e0da06bd1e664b5a,552932c726bce450a66f3ba5e721cb5b5d7e7040aab26f0116e461f113f39507,135,-0.30873421911572296,0.01
1,0,all_agreeing_offsets,side_informed,gh80,uniform,20.0,retention_bounded_plus_HU,0.001,923683bb3d7d22d12d61ea5cd490f1fa6b90d6fe9e8fbdd8e0da06bd1e664b5a,65da134a07f913924abd73fff32de7ea6d731e0e809d3b38c56c41f322394bce,135,-0.3054072242050902,0.01
1,0,all_agreeing_offsets,side_informed,gh80,uniform,20.0,retention_bounded_plus_HU,0.01,923683bb3d7d22d12d61ea5cd490f1fa6b90d6fe9e8fbdd8e0da06bd1e664b5a,b1431fd9887566d2afe5c215182fe22af23c96faac22f19feb88325b1265a741,135,-0.2902914255238576,0.01
1,0,all_agreeing_offsets,side_informed,gh80,uniform,20.0,retention_bounded_plus_HU,0.1,923683bb3d7d22d12d61ea5cd490f1fa6b90d6fe9e8fbdd8e0da06bd1e664b5a,1d11808e3bc67fa7865c9b5963eaf02039f66b7429c6b606dc6758123b577f1c,135,-0.31824298146066227,0.01
1,1,all_agreeing_offsets,side_informed,gh80,uniform,20.0,retention_bounded_plus_HU,0.0,1fdce97f339c6596d23e9bb1065fcfdd1ee9e853c2e9a26822948904df8c6047,b14aba632b3418c09d0aed3c9230dc8426972102e56764a69ece6530f39b39a1,138,-0.3089870894989276,0.01
1,1,all_agreeing_offsets,side_informed,gh80,uniform,20.0,retention_bounded_plus_HU,0.0001,1fdce97f339c6596d23e9bb1065fcfdd1ee9e853c2e9a26822948904df8c6047,5a7b0b5ada378a0a2c2e0ab28899bf3afbc9559558a29deba52f90d9773e9ba8,138,-0.30873421911572296,0.01
1,1,all_agreeing_offsets,side_informed,gh80,uniform,20.0,retention_bounded_plus_HU,0.001,1fdce97f339c6596d23e9bb1065fcfdd1ee9e853c2e9a26822948904df8c6047,26f14983ae88b473e481527d693f735936c2f65812e2f9497bbdda78cd216fd6,138,-0.3054072242050902,0.01
1,1,all_agreeing_offsets,side_informed,gh80,uniform,20.0,retention_bounded_plus_HU,0.01,1fdce97f339c6596d23e9bb1065fcfdd1ee9e853c2e9a26822948904df8c6047,a1b3c0f451707d391801d555b3b4394dcbc369b9efd29526f9b6f1545078e4ec,138,-0.2902914255238576,0.01
1,1,all_agreeing_offsets,side_informed,gh80,uniform,20.0,retention_bounded_plus_HU,0.1,1fdce97f339c6596d23e9bb1065fcfdd1ee9e853c2e9a26822948904df8c6047,2a8533a5113212891c4edaa126bc533722ecb7addc735cef3be7f701c7821475,138,-0.31824298146066227,0.01
1,2,all_agreeing_offsets,side_informed,gh80,uniform,20.0,retention_bounded_plus_HU,0.0,ea2a01c7ebcf95c320336f26b2b7d7ff133eac0910f84eeb63c63859a6fb024d,252bea906d414729d8722d05007eae6949a7fe4c21393df5fe8d6e31ac83f799,137,-0.3089870894989276,0.01
1,2,all_agreeing_offsets,side_informed,gh80,uniform,20.0,retention_bounded_plus_HU,0.0001,ea2a01c7ebcf95c320336f26b2b7d7ff133eac0910f84eeb63c63859a6fb024d,3a81090f396f3c9a5358aad9d5fd9ecbb18f679051ad23cbd53f144b1376d653,137,-0.30873421911572296,0.01
1,2,all_agreeing_offsets,side_informed,gh80,uniform,20.0,retention_bounded_plus_HU,0.001,ea2a01c7ebcf95c320336f26b2b7d7ff133eac0910f84eeb63c63859a6fb024d,d6517eada12dea6b512ffa42d2e110e51f3621bd405ad6a60c4179340782e577,137,-0.3054072242050902,0.01
1,2,all_agreeing_offsets,side_informed,gh80,uniform,20.0,retention_bounded_plus_HU,0.01,ea2a01c7ebcf95c320336f26b2b7d7ff133eac0910f84eeb63c63859a6fb024d,4ff579421e0cc10d92304ff361af8829e69ee2124d1d02105d9784817ca9995d,137,-0.2902914255238576,0.01
1,2,all_agreeing_offsets,side_informed,gh80,uniform,20.0,retention_bounded_plus_HU,0.1,ea2a01c7ebcf95c320336f26b2b7d7ff133eac0910f84eeb63c63859a6fb024d,e08251737ab98c6c4884bf0b4a6b1c4f7c3037874d4e8f0c9a83ad39aca4ec74,137,-0.31824298146066227,0.01
1,0,all_agreeing_offsets,wholly_unseen,laplace,uniform,20.0,retention_bounded,0.0,923683bb3d7d22d12d61ea5cd490f1fa6b90d6fe9e8fbdd8e0da06bd1e664b5a,d49246e5bd9c65d3f7ef5fe9307fe71cd07dd03b84228984a9f03817d2a4763e,135,-0.6546233579011134,0.01
1,0,all_agreeing_offsets,wholly_unseen,laplace,uniform,20.0,retention_bounded,0.0001,923683bb3d7d22d12d61ea5cd490f1fa6b90d6fe9e8fbdd8e0da06bd1e664b5a,cc9b312d82fa55b74ec77fa5c8ba95856c466ae5dcca529226f6baff8e68ff9c,135,-0.6511985469902802,0.01
1,0,all_agreeing_offsets,wholly_unseen,laplace,uniform,20.0,retention_bounded,0.001,923683bb3d7d22d12d61ea5cd490f1fa6b90d6fe9e8fbdd8e0da06bd1e664b5a,f66e4d37e39bb373a5784bb9a9413641496b531263c9eed9b0d6c81b76b13971,135,-0.6309182062062341,0.01
1,0,all_agreeing_offsets,wholly_unseen,laplace,uniform,20.0,retention_bounded,0.01,923683bb3d7d22d12d61ea5cd490f1fa6b90d6fe9e8fbdd8e0da06bd1e664b5a,29fccd4ef03fd469f5cc778bef1caeee47533a8da99aca804461b3d55e5eedf9,135,-0.5915777449604912,0.01
1,0,all_agreeing_offsets,wholly_unseen,laplace,uniform,20.0,retention_bounded,0.1,923683bb3d7d22d12d61ea5cd490f1fa6b90d6fe9e8fbdd8e0da06bd1e664b5a,7740945a4fad1663c6cf88312f005b19c8dbb7b0d0df7205f90f8f1d28338b68,135,-0.6503968425337021,0.01
1,1,all_agreeing_offsets,wholly_unseen,laplace,uniform,20.0,retention_bounded,0.0,1fdce97f339c6596d23e9bb1065fcfdd1ee9e853c2e9a26822948904df8c6047,7f3556ec0c2f4a7cd91d8f01000cc4af45d74f3934eab9b650d633a3fcc9def6,138,-0.6546233579011134,0.01
1,1,all_agreeing_offsets,wholly_unseen,laplace,uniform,20.0,retention_bounded,0.0001,1fdce97f339c6596d23e9bb1065fcfdd1ee9e853c2e9a26822948904df8c6047,a1346fdbe423ace146ee7c651e34749d4f7351e8f65cda4add805f70d33f174f,138,-0.6511985469902802,0.01
1,1,all_agreeing_offsets,wholly_unseen,laplace,uniform,20.0,retention_bounded,0.001,1fdce97f339c6596d23e9bb1065fcfdd1ee9e853c2e9a26822948904df8c6047,56094e703fc1472629a9c9aad15c3d83851fe2056dcd35a404bbde81d3a3d779,138,-0.6309182062062341,0.01
1,1,all_agreeing_offsets,wholly_unseen,laplace,uniform,20.0,retention_bounded,0.01,1fdce97f339c6596d23e9bb1065fcfdd1ee9e853c2e9a26822948904df8c6047,c5174824ddedaf914862867874f7260e9cf4f66b7eaa96eba4ed5692ce8b6eb6,138,-0.5915777449604912,0.01
1,1,all_agreeing_offsets,wholly_unseen,laplace,uniform,20.0,retention_bounded,0.1,1fdce97f339c6596d23e9bb1065fcfdd1ee9e853c2e9a26822948904df8c6047,bf26179554d73624536ffc473ca59a9ec6188633d77789c31b2bae636a9f0a61,138,-0.6503968425337021,0.01
1,2,all_agreeing_offsets,wholly_unseen,laplace,uniform,20.0,retention_bounded,0.0,ea2a01c7ebcf95c320336f26b2b7d7ff133eac0910f84eeb63c63859a6fb024d,eb662375b63daf0eeb0d6dc49485bd584575afd7a1a828147e1f429cf202d584,137,-0.6546233579011134,0.01
1,2,all_agreeing_offsets,wholly_unseen,laplace,uniform,20.0,retention_bounded,0.0001,ea2a01c7ebcf95c320336f26b2b7d7ff133eac0910f84eeb63c63859a6fb024d,9261e4a2a32adc9989af7b6c5cc055c0489096a162382771d8b61db3271014b7,137,-0.6511985469902802,0.01
1,2,all_agreeing_offsets,wholly_unseen,laplace,uniform,20.0,retention_bounded,0.001,ea2a01c7ebcf95c320336f26b2b7d7ff133eac0910f84eeb63c63859a6fb024d,21a25f780c71fc49cf2780aa3bf5beb55c12c39c7aed88961a4a37e3ec05ff33,137,-0.6309182062062341,0.01
1,2,all_agreeing_offsets,wholly_unseen,laplace,uniform,20.0,retention_bounded,0.01,ea2a01c7ebcf95c320336f26b2b7d7ff133eac0910f84eeb63c63859a6fb024d,c7b746777e800a24a2f71f4c99f0b64f78319e696750e5a2b32fa19c48b9da88,137,-0.5915777449604912,0.01
1,2,all_agreeing_offsets,wholly_unseen,laplace,uniform,20.0,retention_bounded,0.1,ea2a01c7ebcf95c320336f26b2b7d7ff133eac0910f84eeb63c63859a6fb024d,5802b54e88d5ba9fbdce453d431c395a79c1f23b7d885758f43deb49132420dd,137,-0.6503968425337021,0.01
1,0,all_agreeing_offsets,wholly_unseen,laplace,uniform,20.0,retention_nonnegative,0.0,923683bb3d7d22d12d61ea5cd490f1fa6b90d6fe9e8fbdd8e0da06bd1e664b5a,2eccdf01b21e804768b5f5623a558143bb2d462ac1ca577d4c11523e4f20f0c4,135,-0.6546233570066158,0.001
1,0,all_agreeing_offsets,wholly_unseen,laplace,uniform,20.0,retention_nonnegative,0.0001,923683bb3d7d22d12d61ea5cd490f1fa6b90d6fe9e8fbdd8e0da06bd1e664b5a,d25fceefd2089783e225d59686ecde906799e6bbeba005efe69a962c895c679d,135,-0.6480902050960361,0.001
1,0,all_agreeing_offsets,wholly_unseen,laplace,uniform,20.0,retention_nonnegative,0.001,923683bb3d7d22d12d61ea5cd490f1fa6b90d6fe9e8fbdd8e0da06bd1e664b5a,43744fb5747a846dcc705d975e13f2b98c41afa2e9c046693bd9fe929b6e6076,135,-0.6215663207690119,0.001
1,0,all_agreeing_offsets,wholly_unseen,laplace,uniform,20.0,retention_nonnegative,0.01,923683bb3d7d22d12d61ea5cd490f1fa6b90d6fe9e8fbdd8e0da06bd1e664b5a,d2fe4a48507c68184f03b46b64d5037f2fe6d3c0bff8ee1f419d5866d198a7b0,135,-0.6363403273595014,0.001
1,0,all_agreeing_offsets,wholly_unseen,laplace,uniform,20.0,retention_nonnegative,0.1,923683bb3d7d22d12d61ea5cd490f1fa6b90d6fe9e8fbdd8e0da06bd1e664b5a,8ce177e1582355cebeba580d4c80d67ae4cd18f065cbe9f8df2f6ccbcbfb487a,135,-0.7496609472019606,0.001
1,1,all_agreeing_offsets,wholly_unseen,laplace,uniform,20.0,retention_nonnegative,0.0,1fdce97f339c6596d23e9bb1065fcfdd1ee9e853c2e9a26822948904df8c6047,a56cd7b296c6305caea3c329c27508177cc02b6b5102578d2dd51ea97497226a,138,-0.6546233570066158,0.001
1,1,all_agreeing_offsets,wholly_unseen,laplace,uniform,20.0,retention_nonnegative,0.0001,1fdce97f339c6596d23e9bb1065fcfdd1ee9e853c2e9a26822948904df8c6047,541b70474b3bdaa7cc89ec511e53241463776c1b77dcb4c41dead832953cd3d2,138,-0.6480902050960361,0.001
1,1,all_agreeing_offsets,wholly_unseen,laplace,uniform,20.0,retention_nonnegative,0.001,1fdce97f339c6596d23e9bb1065fcfdd1ee9e853c2e9a26822948904df8c6047,32428e905c2dacd671951c8b81e04b367aec493d428c3f598f5faa3f1f431899,138,-0.6215663207690119,0.001
1,1,all_agreeing_offsets,wholly_unseen,laplace,uniform,20.0,retention_nonnegative,0.01,1fdce97f339c6596d23e9bb1065fcfdd1ee9e853c2e9a26822948904df8c6047,19a8835d64e11876cbb9a64a7e4d1dd71d6e3f70f3b9ff11713cbd3bd5624401,138,-0.6363403273595014,0.001
1,1,all_agreeing_offsets,wholly_unseen,laplace,uniform,20.0,retention_nonnegative,0.1,1fdce97f339c6596d23e9bb1065fcfdd1ee9e853c2e9a26822948904df8c6047,e753790566802d6fc08a165aca7ea55b7442017c1a842e470b867b3b853342ce,138,-0.7496609472019606,0.001
1,2,all_agreeing_offsets,wholly_unseen,laplace,uniform,20.0,retention_nonnegative,0.0,ea2a01c7ebcf95c320336f26b2b7d7ff133eac0910f84eeb63c63859a6fb024d,c0f19fd6efa6de260ceb47ee0fd22534d223ef324093fe71896e85dc29982031,137,-0.6546233570066158,0.001
1,2,all_agreeing_offsets,wholly_unseen,laplace,uniform,20.0,retention_nonnegative,0.0001,ea2a01c7ebcf95c320336f26b2b7d7ff133eac0910f84eeb63c63859a6fb024d,8dd71aeb6d8bd079301a8283749657fb1a2d53d2e7d6bc8ef4a6b1de364a302a,137,-0.6480902050960361,0.001
1,2,all_agreeing_offsets,wholly_unseen,laplace,uniform,20.0,retention_nonnegative,0.001,ea2a01c7ebcf95c320336f26b2b7d7ff133eac0910f84eeb63c63859a6fb024d,c442720dea614d9bd9127eeee8d8d2a86d5665314035419d09ba418d6b2baaec,137,-0.6215663207690119,0.001
1,2,all_agreeing_offsets,wholly_unseen,laplace,uniform,20.0,retention_nonnegative,0.01,ea2a01c7ebcf95c320336f26b2b7d7ff133eac0910f84eeb63c63859a6fb024d,a0584130d2b50b6539dc46239071677b0f5a13d9854712ff513cac4917afd1a5,137,-0.6363403273595014,0.001
1,2,all_agreeing_offsets,wholly_unseen,laplace,uniform,20.0,retention_nonnegative,0.1,ea2a01c7ebcf95c320336f26b2b7d7ff133eac0910f84eeb63c63859a6fb024d,5c2763e3c681594f971d1fbe8b8ca9adadb58407beb32b1a73357c8667809463,137,-0.7496609472019606,0.001
1,0,all_agreeing_offsets,wholly_unseen,laplace,uniform,20.0,current_only,0.0,923683bb3d7d22d12d61ea5cd490f1fa6b90d6fe9e8fbdd8e0da06bd1e664b5a,32f80b260fce3fa7b4e2c6af5e7d6c11ed5686c8ac605cc50768d57ca4ca5e7f,135,-0.9189188189550835,0.01
1,0,all_agreeing_offsets,wholly_unseen,laplace,uniform,20.0,current_only,0.0001,923683bb3d7d22d12d61ea5cd490f1fa6b90d6fe9e8fbdd8e0da06bd1e664b5a,e9dfd519fae53b969cc5308875fbc7f596faada3ee7c25d92d4f9793c171fdeb,135,-0.9186914282949648,0.01
1,0,all_agreeing_offsets,wholly_unseen,laplace,uniform,20.0,current_only,0.001,923683bb3d7d22d12d61ea5cd490f1fa6b90d6fe9e8fbdd8e0da06bd1e664b5a,7f0903e69b41f347efd2c19b953837e8388c841c036a24aa9aa1a116e280b4b1,135,-0.9167468788240083,0.01
1,0,all_agreeing_offsets,wholly_unseen,laplace,uniform,20.0,current_only,0.01,923683bb3d7d22d12d61ea5cd490f1fa6b90d6fe9e8fbdd8e0da06bd1e664b5a,a1fdaf34c764fd85916768c9e443aad127038e8d9aa0fa45a5efac803ed5db16,135,-0.9040830367579689,0.01
1,0,all_agreeing_offsets,wholly_unseen,laplace,uniform,20.0,current_only,0.1,923683bb3d7d22d12d61ea5cd490f1fa6b90d6fe9e8fbdd8e0da06bd1e664b5a,0e9e7e73a2ce21b83b914130ce839fd5a11b6da8b39d2f1eba8e0e1a81268e27,135,-0.9077599143518774,0.01
1,1,all_agreeing_offsets,wholly_unseen,laplace,uniform,20.0,current_only,0.0,1fdce97f339c6596d23e9bb1065fcfdd1ee9e853c2e9a26822948904df8c6047,3a3c50b6820c640bd0654b6e35c2e6e240be37713652c7c507758476ee0331cd,138,-0.9189188189550835,0.01
1,1,all_agreeing_offsets,wholly_unseen,laplace,uniform,20.0,current_only,0.0001,1fdce97f339c6596d23e9bb1065fcfdd1ee9e853c2e9a26822948904df8c6047,76d9d9b896d5c91c94b2d8b6d95151fba29eb804a5835abb6ebaec5a7f3fb096,138,-0.9186914282949648,0.01
1,1,all_agreeing_offsets,wholly_unseen,laplace,uniform,20.0,current_only,0.001,1fdce97f339c6596d23e9bb1065fcfdd1ee9e853c2e9a26822948904df8c6047,b1243f118e2f9a34b20389cb354e6e4893d49dec4977fd9ea76377983a65ee95,138,-0.9167468788240083,0.01
1,1,all_agreeing_offsets,wholly_unseen,laplace,uniform,20.0,current_only,0.01,1fdce97f339c6596d23e9bb1065fcfdd1ee9e853c2e9a26822948904df8c6047,c725da3e0df66ef2e586dcfa6bad2ce95e0432ad7ce0f18665c8b1ba384bd4a1,138,-0.9040830367579689,0.01
1,1,all_agreeing_offsets,wholly_unseen,laplace,uniform,20.0,current_only,0.1,1fdce97f339c6596d23e9bb1065fcfdd1ee9e853c2e9a26822948904df8c6047,61e593db9e86163bf9bd08f763f0e233ee441f85f8024e82b8b5a446598d66f8,138,-0.9077599143518774,0.01
1,2,all_agreeing_offsets,wholly_unseen,laplace,uniform,20.0,current_only,0.0,ea2a01c7ebcf95c320336f26b2b7d7ff133eac0910f84eeb63c63859a6fb024d,fe2d311ac3c7ff1a839f1976065b6b47e83fa5782467d3acf0a2b5951d8cd348,137,-0.9189188189550835,0.01
1,2,all_agreeing_offsets,wholly_unseen,laplace,uniform,20.0,current_only,0.0001,ea2a01c7ebcf95c320336f26b2b7d7ff133eac0910f84eeb63c63859a6fb024d,ca700cd079ee232fb6fae6a2698f99a9b27587530450f8cc5667e47c3206c25e,137,-0.9186914282949648,0.01
1,2,all_agreeing_offsets,wholly_unseen,laplace,uniform,20.0,current_only,0.001,ea2a01c7ebcf95c320336f26b2b7d7ff133eac0910f84eeb63c63859a6fb024d,1033b8002e841fa47131fc85a344647e88aee7ff0a59600b5d0686ad47d11786,137,-0.9167468788240083,0.01
1,2,all_agreeing_offsets,wholly_unseen,laplace,uniform,20.0,current_only,0.01,ea2a01c7ebcf95c320336f26b2b7d7ff133eac0910f84eeb63c63859a6fb024d,3780ede9a8843db3af4d956788ced36b2e0ee8a6f230b11e7df6e0da19b2b2f7,137,-0.9040830367579689,0.01
1,2,all_agreeing_offsets,wholly_unseen,laplace,uniform,20.0,current_only,0.1,ea2a01c7ebcf95c320336f26b2b7d7ff133eac0910f84eeb63c63859a6fb024d,c069f499871eed1c64830edc95b6af527dd6e70a51ff5197280c736020b176a3,137,-0.9077599143518774,0.01
1,0,all_agreeing_offsets,wholly_unseen,laplace,uniform,20.0,input_plus_surface,0.0,923683bb3d7d22d12d61ea5cd490f1fa6b90d6fe9e8fbdd8e0da06bd1e664b5a,d87b1edcea0c6bdba0b260db598c15e58dea19a3a2debae1c0d3a3f953ad82d4,135,-0.649315263076882,0.01
1,0,all_agreeing_offsets,wholly_unseen,laplace,uniform,20.0,input_plus_surface,0.0001,923683bb3d7d22d12d61ea5cd490f1fa6b90d6fe9e8fbdd8e0da06bd1e664b5a,2062dbbf188d867dd8a47d82eda2735d3bffb370b8d3fb3a503dbf2956bb3dc7,135,-0.6439199924040454,0.01
1,0,all_agreeing_offsets,wholly_unseen,laplace,uniform,20.0,input_plus_surface,0.001,923683bb3d7d22d12d61ea5cd490f1fa6b90d6fe9e8fbdd8e0da06bd1e664b5a,9aec391c17f1b9951185320b2ad134a5a7b83c73d0c311a7c0401e8cc3290a0c,135,-0.6212489542747162,0.01
1,0,all_agreeing_offsets,wholly_unseen,laplace,uniform,20.0,input_plus_surface,0.01,923683bb3d7d22d12d61ea5cd490f1fa6b90d6fe9e8fbdd8e0da06bd1e664b5a,9fa3faa62587d17a90e61e5415deccd35093d0fb5c56939bcbfce99aab8326b0,135,-0.6031802976554798,0.01
1,0,all_agreeing_offsets,wholly_unseen,laplace,uniform,20.0,input_plus_surface,0.1,923683bb3d7d22d12d61ea5cd490f1fa6b90d6fe9e8fbdd8e0da06bd1e664b5a,bae3fe805b9f081679ad5d5d388218d0fc238cb25c699863be98fcec52e1479d,135,-0.6830942205222712,0.01
1,1,all_agreeing_offsets,wholly_unseen,laplace,uniform,20.0,input_plus_surface,0.0,1fdce97f339c6596d23e9bb1065fcfdd1ee9e853c2e9a26822948904df8c6047,1debcf64f6009830c254cdd8cedc01699ad45917d74de35bd87a878d830b6247,138,-0.649315263076882,0.01
1,1,all_agreeing_offsets,wholly_unseen,laplace,uniform,20.0,input_plus_surface,0.0001,1fdce97f339c6596d23e9bb1065fcfdd1ee9e853c2e9a26822948904df8c6047,9302be540ee7ba984e5682b4f71c8147a3aa9ade10e765da9f3f4e9ea53760f8,138,-0.6439199924040454,0.01
1,1,all_agreeing_offsets,wholly_unseen,laplace,uniform,20.0,input_plus_surface,0.001,1fdce97f339c6596d23e9bb1065fcfdd1ee9e853c2e9a26822948904df8c6047,0d8af0be28da968cc41ad3330daa92a3f8b4519823995fe9dcc59e57932823a3,138,-0.6212489542747162,0.01
1,1,all_agreeing_offsets,wholly_unseen,laplace,uniform,20.0,input_plus_surface,0.01,1fdce97f339c6596d23e9bb1065fcfdd1ee9e853c2e9a26822948904df8c6047,037726eee4c6a3484e217c4724aca1b31b6658fc8db7b87afe1a472ff5a553eb,138,-0.6031802976554798,0.01
1,1,all_agreeing_offsets,wholly_unseen,laplace,uniform,20.0,input_plus_surface,0.1,1fdce97f339c6596d23e9bb1065fcfdd1ee9e853c2e9a26822948904df8c6047,e31b533a32cd5d62b2addd9777dcd34755f4b32d04629c663e131fd826311b1e,138,-0.6830942205222712,0.01
1,2,all_agreeing_offsets,wholly_unseen,laplace,uniform,20.0,input_plus_surface,0.0,ea2a01c7ebcf95c320336f26b2b7d7ff133eac0910f84eeb63c63859a6fb024d,80d21d420368227e15014810a5534265432b21936eef5887fc6559d3ab27d866,137,-0.649315263076882,0.01
1,2,all_agreeing_offsets,wholly_unseen,laplace,uniform,20.0,input_plus_surface,0.0001,ea2a01c7ebcf95c320336f26b2b7d7ff133eac0910f84eeb63c63859a6fb024d,621b9f17b66409cb266cf0ca106b348e4b2b7df7808903a7012df3fd22c748b0,137,-0.6439199924040454,0.01
1,2,all_agreeing_offsets,wholly_unseen,laplace,uniform,20.0,input_plus_surface,0.001,ea2a01c7ebcf95c320336f26b2b7d7ff133eac0910f84eeb63c63859a6fb024d,48fdb89658419101f9c6eba55ba3401afaa80a4a649cbc35224b151c8ce5b2f4,137,-0.6212489542747162,0.01
1,2,all_agreeing_offsets,wholly_unseen,laplace,uniform,20.0,input_plus_surface,0.01,ea2a01c7ebcf95c320336f26b2b7d7ff133eac0910f84eeb63c63859a6fb024d,77c2908e63261549251b8d2d00b34a9a71683388f7f30ecb981685ffa32872a4,137,-0.6031802976554798,0.01
1,2,all_agreeing_offsets,wholly_unseen,laplace,uniform,20.0,input_plus_surface,0.1,ea2a01c7ebcf95c320336f26b2b7d7ff133eac0910f84eeb63c63859a6fb024d,290b99be07ef24e6bacff36d0a179a3f7cc84fa98e5aef6c585b8873078024ca,137,-0.6830942205222712,0.01
1,0,all_agreeing_offsets,wholly_unseen,laplace,uniform,20.0,HU_plus_surface,0.0,923683bb3d7d22d12d61ea5cd490f1fa6b90d6fe9e8fbdd8e0da06bd1e664b5a,429b21417a4412ccadf94076ceefa955d056090f0487122a88820d34c5b40ac2,135,-0.6041936014965923,0.01
1,0,all_agreeing_offsets,wholly_unseen,laplace,uniform,20.0,HU_plus_surface,0.0001,923683bb3d7d22d12d61ea5cd490f1fa6b90d6fe9e8fbdd8e0da06bd1e664b5a,d91fd06737b292d46fa059c36ae3b6df402a506be35ef80121a82a0fa20ce8cd,135,-0.6003237063007757,0.01
1,0,all_agreeing_offsets,wholly_unseen,laplace,uniform,20.0,HU_plus_surface,0.001,923683bb3d7d22d12d61ea5cd490f1fa6b90d6fe9e8fbdd8e0da06bd1e664b5a,f48a39c19ff09264834097b15c0c5990a444b8dd67cac80aa2975093643c3ff9,135,-0.5845323052372591,0.01
1,0,all_agreeing_offsets,wholly_unseen,laplace,uniform,20.0,HU_plus_surface,0.01,923683bb3d7d22d12d61ea5cd490f1fa6b90d6fe9e8fbdd8e0da06bd1e664b5a,c81f4942d26fc47f3f5d85619965f7b698efa0cab980685a546005d467586de1,135,-0.5794210586076605,0.01
1,0,all_agreeing_offsets,wholly_unseen,laplace,uniform,20.0,HU_plus_surface,0.1,923683bb3d7d22d12d61ea5cd490f1fa6b90d6fe9e8fbdd8e0da06bd1e664b5a,b6b20c8248115504a57a1a1522fc9e358b6af7c110f635a70f60a71c8a855f23,135,-0.6721454402592133,0.01
1,1,all_agreeing_offsets,wholly_unseen,laplace,uniform,20.0,HU_plus_surface,0.0,1fdce97f339c6596d23e9bb1065fcfdd1ee9e853c2e9a26822948904df8c6047,b1694658c62cb8360e1ccc077189d910417d0c2bcaed5d2bfe177c475745126e,138,-0.6041936014965923,0.01
1,1,all_agreeing_offsets,wholly_unseen,laplace,uniform,20.0,HU_plus_surface,0.0001,1fdce97f339c6596d23e9bb1065fcfdd1ee9e853c2e9a26822948904df8c6047,291f9f8939b3d67c21867ca9d64a6f08c55fcba789eaa1f7e76fd82030fa8191,138,-0.6003237063007757,0.01
1,1,all_agreeing_offsets,wholly_unseen,laplace,uniform,20.0,HU_plus_surface,0.001,1fdce97f339c6596d23e9bb1065fcfdd1ee9e853c2e9a26822948904df8c6047,41a72c8662d4dc174d71a42d9168b384cc517dd50b503cfad6bd2795a50e8fb6,138,-0.5845323052372591,0.01
1,1,all_agreeing_offsets,wholly_unseen,laplace,uniform,20.0,HU_plus_surface,0.01,1fdce97f339c6596d23e9bb1065fcfdd1ee9e853c2e9a26822948904df8c6047,f49a4e2aee165e6dc831e054f4ab5ab0d2a5fc6f26273f90d782f49388132343,138,-0.5794210586076605,0.01
1,1,all_agreeing_offsets,wholly_unseen,laplace,uniform,20.0,HU_plus_surface,0.1,1fdce97f339c6596d23e9bb1065fcfdd1ee9e853c2e9a26822948904df8c6047,fc0208213bb8e086e155fff078108f3094b1e879f8e34a5608b135979f5a7fba,138,-0.6721454402592133,0.01
1,2,all_agreeing_offsets,wholly_unseen,laplace,uniform,20.0,HU_plus_surface,0.0,ea2a01c7ebcf95c320336f26b2b7d7ff133eac0910f84eeb63c63859a6fb024d,1ee6bf83c6d85cb83242c6d19acb31d41f2a75c882e52c8e75ab69b4a5feeb14,137,-0.6041936014965923,0.01
1,2,all_agreeing_offsets,wholly_unseen,laplace,uniform,20.0,HU_plus_surface,0.0001,ea2a01c7ebcf95c320336f26b2b7d7ff133eac0910f84eeb63c63859a6fb024d,55c38345074afa43964a607436539bb9a8c96d2d0675f09924300e691b8238d2,137,-0.6003237063007757,0.01
1,2,all_agreeing_offsets,wholly_unseen,laplace,uniform,20.0,HU_plus_surface,0.001,ea2a01c7ebcf95c320336f26b2b7d7ff133eac0910f84eeb63c63859a6fb024d,066a192939e109f992088bd2b72e7a7b8da3fb24554c84deb31043241682489b,137,-0.5845323052372591,0.01
1,2,all_agreeing_offsets,wholly_unseen,laplace,uniform,20.0,HU_plus_surface,0.01,ea2a01c7ebcf95c320336f26b2b7d7ff133eac0910f84eeb63c63859a6fb024d,20fa8c7a482b17108953ba6b50b7e82c9dac15f2e23442411107e0db90d2b522,137,-0.5794210586076605,0.01
1,2,all_agreeing_offsets,wholly_unseen,laplace,uniform,20.0,HU_plus_surface,0.1,ea2a01c7ebcf95c320336f26b2b7d7ff133eac0910f84eeb63c63859a6fb024d,016560560d6c60c144a761569687e0f452f48b9f74cb7081dc48354f2d02676f,137,-0.6721454402592133,0.01
1,0,all_agreeing_offsets,wholly_unseen,laplace,uniform,20.0,retention_bounded_plus_HU,0.0,923683bb3d7d22d12d61ea5cd490f1fa6b90d6fe9e8fbdd8e0da06bd1e664b5a,09d9770cca8d3991d2dedf42c86fc38831a0beb46820deddf739331a953bebf9,135,-0.5978397156382248,0.01
1,0,all_agreeing_offsets,wholly_unseen,laplace,uniform,20.0,retention_bounded_plus_HU,0.0001,923683bb3d7d22d12d61ea5cd490f1fa6b90d6fe9e8fbdd8e0da06bd1e664b5a,b77a4c0e4cd33fbafbd21e7451cfd1c4418deda5f3cf4b7b3538164f496bc9e5,135,-0.5964200564249843,0.01
1,0,all_agreeing_offsets,wholly_unseen,laplace,uniform,20.0,retention_bounded_plus_HU,0.001,923683bb3d7d22d12d61ea5cd490f1fa6b90d6fe9e8fbdd8e0da06bd1e664b5a,7a569bf9ffd1bdef6f0c62127be96920b89f176eb1735a2d70e99ca68ca04a9f,135,-0.5862840502246818,0.01
1,0,all_agreeing_offsets,wholly_unseen,laplace,uniform,20.0,retention_bounded_plus_HU,0.01,923683bb3d7d22d12d61ea5cd490f1fa6b90d6fe9e8fbdd8e0da06bd1e664b5a,e7f9330222cde60c24986353286dfbfa4ece613ff73792201a9eb762f819a7c4,135,-0.5675571092574672,0.01
1,0,all_agreeing_offsets,wholly_unseen,laplace,uniform,20.0,retention_bounded_plus_HU,0.1,923683bb3d7d22d12d61ea5cd490f1fa6b90d6fe9e8fbdd8e0da06bd1e664b5a,7678b3da74f5e5907aadb3efa3c7063df8138b7d57e9cff5fae4f27f687d0699,135,-0.6211882710474805,0.01
1,1,all_agreeing_offsets,wholly_unseen,laplace,uniform,20.0,retention_bounded_plus_HU,0.0,1fdce97f339c6596d23e9bb1065fcfdd1ee9e853c2e9a26822948904df8c6047,949daf1c6dec61a18e0daddcbeb74744de536be4638000d4dcd1433076fa3612,138,-0.5978397156382248,0.01
1,1,all_agreeing_offsets,wholly_unseen,laplace,uniform,20.0,retention_bounded_plus_HU,0.0001,1fdce97f339c6596d23e9bb1065fcfdd1ee9e853c2e9a26822948904df8c6047,97aff7ff235b5c1b1e676ace44c8daa0e6a03d2ca13e76e265c14661f58218a8,138,-0.5964200564249843,0.01
1,1,all_agreeing_offsets,wholly_unseen,laplace,uniform,20.0,retention_bounded_plus_HU,0.001,1fdce97f339c6596d23e9bb1065fcfdd1ee9e853c2e9a26822948904df8c6047,61554f1df6bb8fe3fc14e60728da8488fe95ffc6fc6fad8c1fd61d1fa24fb18b,138,-0.5862840502246818,0.01
1,1,all_agreeing_offsets,wholly_unseen,laplace,uniform,20.0,retention_bounded_plus_HU,0.01,1fdce97f339c6596d23e9bb1065fcfdd1ee9e853c2e9a26822948904df8c6047,55bc28479edccddcea2075f94567e26da3e4d9f134d71be20229ab6d9704d974,138,-0.5675571092574672,0.01
1,1,all_agreeing_offsets,wholly_unseen,laplace,uniform,20.0,retention_bounded_plus_HU,0.1,1fdce97f339c6596d23e9bb1065fcfdd1ee9e853c2e9a26822948904df8c6047,084e7fbc6dd879d9d4b5e5c13feb8d7198957c64a8762d42af07dddde86d2003,138,-0.6211882710474805,0.01
1,2,all_agreeing_offsets,wholly_unseen,laplace,uniform,20.0,retention_bounded_plus_HU,0.0,ea2a01c7ebcf95c320336f26b2b7d7ff133eac0910f84eeb63c63859a6fb024d,3753cb35b07d22d3e9af094f426f9371d9d041c0cc1d42d2a364caa6cba17efa,137,-0.5978397156382248,0.01
1,2,all_agreeing_offsets,wholly_unseen,laplace,uniform,20.0,retention_bounded_plus_HU,0.0001,ea2a01c7ebcf95c320336f26b2b7d7ff133eac0910f84eeb63c63859a6fb024d,52d0913e0461e861d88c3506a0a75a5fb4e120c1f1355fe11ede511af731de59,137,-0.5964200564249843,0.01
1,2,all_agreeing_offsets,wholly_unseen,laplace,uniform,20.0,retention_bounded_plus_HU,0.001,ea2a01c7ebcf95c320336f26b2b7d7ff133eac0910f84eeb63c63859a6fb024d,3fb50b22e75e8503507a4b34ecd34f3ce76cba5187f4f60ec491ccf1d004142e,137,-0.5862840502246818,0.01
1,2,all_agreeing_offsets,wholly_unseen,laplace,uniform,20.0,retention_bounded_plus_HU,0.01,ea2a01c7ebcf95c320336f26b2b7d7ff133eac0910f84eeb63c63859a6fb024d,a1d010bccbe5c20bff480fca2179cbad395bb643ab349d50102c6507e69a89d0,137,-0.5675571092574672,0.01
1,2,all_agreeing_offsets,wholly_unseen,laplace,uniform,20.0,retention_bounded_plus_HU,0.1,ea2a01c7ebcf95c320336f26b2b7d7ff133eac0910f84eeb63c63859a6fb024d,a73dc394d62f26882113f3355b12733af2a9152fed9dcc19c7e268236e403d93,137,-0.6211882710474805,0.01
1,0,all_agreeing_offsets,wholly_unseen,gh80,uniform,20.0,HU_plus_surface,0.0,923683bb3d7d22d12d61ea5cd490f1fa6b90d6fe9e8fbdd8e0da06bd1e664b5a,3a20813e449b04ff03c8ce1c3c646248c5e8411c1254c79136c8d48693095896,135,-0.603740638889583,0.01
1,0,all_agreeing_offsets,wholly_unseen,gh80,uniform,20.0,HU_plus_surface,0.0001,923683bb3d7d22d12d61ea5cd490f1fa6b90d6fe9e8fbdd8e0da06bd1e664b5a,8f429779ad4cfcf06d3132e9926e006e261054469230b784358c7e90fcb5cf88,135,-0.5993194292464568,0.01
1,0,all_agreeing_offsets,wholly_unseen,gh80,uniform,20.0,HU_plus_surface,0.001,923683bb3d7d22d12d61ea5cd490f1fa6b90d6fe9e8fbdd8e0da06bd1e664b5a,19bd27eeaf3db770f341071754360db4713743542759a605960cf4c5f2a70773,135,-0.581848325334244,0.01
1,0,all_agreeing_offsets,wholly_unseen,gh80,uniform,20.0,HU_plus_surface,0.01,923683bb3d7d22d12d61ea5cd490f1fa6b90d6fe9e8fbdd8e0da06bd1e664b5a,8514217260a249a9e9d6fc01ead1e1a8b6bbd66bcdb02804066bb5dec69b721b,135,-0.5773021112808802,0.01
1,0,all_agreeing_offsets,wholly_unseen,gh80,uniform,20.0,HU_plus_surface,0.1,923683bb3d7d22d12d61ea5cd490f1fa6b90d6fe9e8fbdd8e0da06bd1e664b5a,34f75e529f63fa4058a382c2d1e1be5942eff309b401ed9c3e295c65d19ea614,135,-0.6730800203782408,0.01
1,1,all_agreeing_offsets,wholly_unseen,gh80,uniform,20.0,HU_plus_surface,0.0,1fdce97f339c6596d23e9bb1065fcfdd1ee9e853c2e9a26822948904df8c6047,c500af03c9b42638b7603a184cd5f2b13d0613e9a89366470cfd7c5dbace8a5e,138,-0.603740638889583,0.01
1,1,all_agreeing_offsets,wholly_unseen,gh80,uniform,20.0,HU_plus_surface,0.0001,1fdce97f339c6596d23e9bb1065fcfdd1ee9e853c2e9a26822948904df8c6047,76b6559524047120ce47f73cf18cb8f162eb4b41187604240338ea340efed7da,138,-0.5993194292464568,0.01
1,1,all_agreeing_offsets,wholly_unseen,gh80,uniform,20.0,HU_plus_surface,0.001,1fdce97f339c6596d23e9bb1065fcfdd1ee9e853c2e9a26822948904df8c6047,15f2ba5e157c2fb6ed2c0e052b7098bb0126b364c3e6f86f81af9bc15636618c,138,-0.581848325334244,0.01
1,1,all_agreeing_offsets,wholly_unseen,gh80,uniform,20.0,HU_plus_surface,0.01,1fdce97f339c6596d23e9bb1065fcfdd1ee9e853c2e9a26822948904df8c6047,5546219b2a0c6159a43a61161ae10f24d4b895eae4594076c6e9d7889cc7074f,138,-0.5773021112808802,0.01
1,1,all_agreeing_offsets,wholly_unseen,gh80,uniform,20.0,HU_plus_surface,0.1,1fdce97f339c6596d23e9bb1065fcfdd1ee9e853c2e9a26822948904df8c6047,52e2a4df8a495c964c3b9d51ac2ef7af0bef104b0dc585fab3c87c50cba67393,138,-0.6730800203782408,0.01
1,2,all_agreeing_offsets,wholly_unseen,gh80,uniform,20.0,HU_plus_surface,0.0,ea2a01c7ebcf95c320336f26b2b7d7ff133eac0910f84eeb63c63859a6fb024d,e92791b569158b8aaf70cbcf8d45c53a1fd571dbd208c8c89217e6266a1541a2,137,-0.603740638889583,0.01
1,2,all_agreeing_offsets,wholly_unseen,gh80,uniform,20.0,HU_plus_surface,0.0001,ea2a01c7ebcf95c320336f26b2b7d7ff133eac0910f84eeb63c63859a6fb024d,c359df2bbbcfc0dbd7a8b1f8c0d6ccf90bfb60fe7a365edf8987f28ad8351f71,137,-0.5993194292464568,0.01
1,2,all_agreeing_offsets,wholly_unseen,gh80,uniform,20.0,HU_plus_surface,0.001,ea2a01c7ebcf95c320336f26b2b7d7ff133eac0910f84eeb63c63859a6fb024d,ffbf12aa6ec4568651b17599e4a1edfb81bf4b9ae482da4558e8c5521a47f8f6,137,-0.581848325334244,0.01
1,2,all_agreeing_offsets,wholly_unseen,gh80,uniform,20.0,HU_plus_surface,0.01,ea2a01c7ebcf95c320336f26b2b7d7ff133eac0910f84eeb63c63859a6fb024d,0c6474b0a4373d39b7eded67719ea47ad550dfeb30c14c7cf808ecef08a02790,137,-0.5773021112808802,0.01
1,2,all_agreeing_offsets,wholly_unseen,gh80,uniform,20.0,HU_plus_surface,0.1,ea2a01c7ebcf95c320336f26b2b7d7ff133eac0910f84eeb63c63859a6fb024d,99202efd520f50bc34bf0a0b163799155ca3041a570b11b3c9394f77536627d0,137,-0.6730800203782408,0.01
1,0,all_agreeing_offsets,wholly_unseen,gh80,uniform,20.0,retention_bounded_plus_HU,0.0,923683bb3d7d22d12d61ea5cd490f1fa6b90d6fe9e8fbdd8e0da06bd1e664b5a,828c1e99be21b898263f1e1c2e67dd932ef5fee585062df3f537b27bef6c3b50,135,-0.5950105864848553,0.01
1,0,all_agreeing_offsets,wholly_unseen,gh80,uniform,20.0,retention_bounded_plus_HU,0.0001,923683bb3d7d22d12d61ea5cd490f1fa6b90d6fe9e8fbdd8e0da06bd1e664b5a,552932c726bce450a66f3ba5e721cb5b5d7e7040aab26f0116e461f113f39507,135,-0.5943807187236071,0.01
1,0,all_agreeing_offsets,wholly_unseen,gh80,uniform,20.0,retention_bounded_plus_HU,0.001,923683bb3d7d22d12d61ea5cd490f1fa6b90d6fe9e8fbdd8e0da06bd1e664b5a,65da134a07f913924abd73fff32de7ea6d731e0e809d3b38c56c41f322394bce,135,-0.588048845121041,0.01
1,0,all_agreeing_offsets,wholly_unseen,gh80,uniform,20.0,retention_bounded_plus_HU,0.01,923683bb3d7d22d12d61ea5cd490f1fa6b90d6fe9e8fbdd8e0da06bd1e664b5a,b1431fd9887566d2afe5c215182fe22af23c96faac22f19feb88325b1265a741,135,-0.5717747801869211,0.01
1,0,all_agreeing_offsets,wholly_unseen,gh80,uniform,20.0,retention_bounded_plus_HU,0.1,923683bb3d7d22d12d61ea5cd490f1fa6b90d6fe9e8fbdd8e0da06bd1e664b5a,1d11808e3bc67fa7865c9b5963eaf02039f66b7429c6b606dc6758123b577f1c,135,-0.6243162717118996,0.01
1,1,all_agreeing_offsets,wholly_unseen,gh80,uniform,20.0,retention_bounded_plus_HU,0.0,1fdce97f339c6596d23e9bb1065fcfdd1ee9e853c2e9a26822948904df8c6047,b14aba632b3418c09d0aed3c9230dc8426972102e56764a69ece6530f39b39a1,138,-0.5950105864848553,0.01
1,1,all_agreeing_offsets,wholly_unseen,gh80,uniform,20.0,retention_bounded_plus_HU,0.0001,1fdce97f339c6596d23e9bb1065fcfdd1ee9e853c2e9a26822948904df8c6047,5a7b0b5ada378a0a2c2e0ab28899bf3afbc9559558a29deba52f90d9773e9ba8,138,-0.5943807187236071,0.01
1,1,all_agreeing_offsets,wholly_unseen,gh80,uniform,20.0,retention_bounded_plus_HU,0.001,1fdce97f339c6596d23e9bb1065fcfdd1ee9e853c2e9a26822948904df8c6047,26f14983ae88b473e481527d693f735936c2f65812e2f9497bbdda78cd216fd6,138,-0.588048845121041,0.01
1,1,all_agreeing_offsets,wholly_unseen,gh80,uniform,20.0,retention_bounded_plus_HU,0.01,1fdce97f339c6596d23e9bb1065fcfdd1ee9e853c2e9a26822948904df8c6047,a1b3c0f451707d391801d555b3b4394dcbc369b9efd29526f9b6f1545078e4ec,138,-0.5717747801869211,0.01
1,1,all_agreeing_offsets,wholly_unseen,gh80,uniform,20.0,retention_bounded_plus_HU,0.1,1fdce97f339c6596d23e9bb1065fcfdd1ee9e853c2e9a26822948904df8c6047,2a8533a5113212891c4edaa126bc533722ecb7addc735cef3be7f701c7821475,138,-0.6243162717118996,0.01
1,2,all_agreeing_offsets,wholly_unseen,gh80,uniform,20.0,retention_bounded_plus_HU,0.0,ea2a01c7ebcf95c320336f26b2b7d7ff133eac0910f84eeb63c63859a6fb024d,252bea906d414729d8722d05007eae6949a7fe4c21393df5fe8d6e31ac83f799,137,-0.5950105864848553,0.01
1,2,all_agreeing_offsets,wholly_unseen,gh80,uniform,20.0,retention_bounded_plus_HU,0.0001,ea2a01c7ebcf95c320336f26b2b7d7ff133eac0910f84eeb63c63859a6fb024d,3a81090f396f3c9a5358aad9d5fd9ecbb18f679051ad23cbd53f144b1376d653,137,-0.5943807187236071,0.01
1,2,all_agreeing_offsets,wholly_unseen,gh80,uniform,20.0,retention_bounded_plus_HU,0.001,ea2a01c7ebcf95c320336f26b2b7d7ff133eac0910f84eeb63c63859a6fb024d,d6517eada12dea6b512ffa42d2e110e51f3621bd405ad6a60c4179340782e577,137,-0.588048845121041,0.01
1,2,all_agreeing_offsets,wholly_unseen,gh80,uniform,20.0,retention_bounded_plus_HU,0.01,ea2a01c7ebcf95c320336f26b2b7d7ff133eac0910f84eeb63c63859a6fb024d,4ff579421e0cc10d92304ff361af8829e69ee2124d1d02105d9784817ca9995d,137,-0.5717747801869211,0.01
1,2,all_agreeing_offsets,wholly_unseen,gh80,uniform,20.0,retention_bounded_plus_HU,0.1,ea2a01c7ebcf95c320336f26b2b7d7ff133eac0910f84eeb63c63859a6fb024d,e08251737ab98c6c4884bf0b4a6b1c4f7c3037874d4e8f0c9a83ad39aca4ec74,137,-0.6243162717118996,0.01
1,0,unrounded_strict,side_informed,laplace,uniform,20.0,retention_bounded,0.0,3621dc2abef477b0c382bff9ca4f0e425eef9e24668b0f7e0a7276ea3ebab3ba,a45d18ccd4c98f72c8e9c3ed4930f8f2ee4f7cfb2c4bc21238c8cdc0a8fe1a05,88,-0.39370130904723966,0.01
1,0,unrounded_strict,side_informed,laplace,uniform,20.0,retention_bounded,0.0001,3621dc2abef477b0c382bff9ca4f0e425eef9e24668b0f7e0a7276ea3ebab3ba,2a80325fda9a2037c75a91a0fa4a28ce3a6670371e32950ec78de36491380664,88,-0.39137398941141743,0.01
1,0,unrounded_strict,side_informed,laplace,uniform,20.0,retention_bounded,0.001,3621dc2abef477b0c382bff9ca4f0e425eef9e24668b0f7e0a7276ea3ebab3ba,dc104f37cbe347c0e4cc68f135cb87aee57afda6e955351a11e197a028dae7f5,88,-0.3773452976075842,0.01
1,0,unrounded_strict,side_informed,laplace,uniform,20.0,retention_bounded,0.01,3621dc2abef477b0c382bff9ca4f0e425eef9e24668b0f7e0a7276ea3ebab3ba,90b50dcc5ef340e5df18b83282135037aa34090f61fd786c6936441e88bc8920,88,-0.34230616333295266,0.01
1,0,unrounded_strict,side_informed,laplace,uniform,20.0,retention_bounded,0.1,3621dc2abef477b0c382bff9ca4f0e425eef9e24668b0f7e0a7276ea3ebab3ba,c04d238abd0a00daafd9583a3289ceba2b39e755f7aadebf6018b188e4349a06,88,-0.3624038046834542,0.01
1,1,unrounded_strict,side_informed,laplace,uniform,20.0,retention_bounded,0.0,83e7d988bb1f3d1b55c2ee260f4982106f1cca34f9196a19a0d4434f968f2336,fae4f31b5a40b4b14e00860716107b07c9392621f0ac8573cf39dcaed5b5f400,91,-0.39370130904723966,0.01
1,1,unrounded_strict,side_informed,laplace,uniform,20.0,retention_bounded,0.0001,83e7d988bb1f3d1b55c2ee260f4982106f1cca34f9196a19a0d4434f968f2336,6e908cfd37d84830500d349acf9b4a6468a578d4c560870980249b58f00d5bb3,91,-0.39137398941141743,0.01
1,1,unrounded_strict,side_informed,laplace,uniform,20.0,retention_bounded,0.001,83e7d988bb1f3d1b55c2ee260f4982106f1cca34f9196a19a0d4434f968f2336,9001761766bd1d8c97b958e35469786d1096d061f376aaa0ae61ad370f669807,91,-0.3773452976075842,0.01
1,1,unrounded_strict,side_informed,laplace,uniform,20.0,retention_bounded,0.01,83e7d988bb1f3d1b55c2ee260f4982106f1cca34f9196a19a0d4434f968f2336,f63c8456e66d3ca9dc3e7548d8bbf1b9e4d10564c35c32db189b09e102628615,91,-0.34230616333295266,0.01
1,1,unrounded_strict,side_informed,laplace,uniform,20.0,retention_bounded,0.1,83e7d988bb1f3d1b55c2ee260f4982106f1cca34f9196a19a0d4434f968f2336,ce1dc771e4b94d88abb27f89ebdd137bbee83d7bddccb005757399ee8e945117,91,-0.3624038046834542,0.01
1,2,unrounded_strict,side_informed,laplace,uniform,20.0,retention_bounded,0.0,44b130c3b861e53a2e0871984a8a3860901a45fffcbc6fe2163c231273f232be,570d5884cd4708d62649d4e0f6a00bb377d753b71f1414bf5f2708af56d8562e,90,-0.39370130904723966,0.01
1,2,unrounded_strict,side_informed,laplace,uniform,20.0,retention_bounded,0.0001,44b130c3b861e53a2e0871984a8a3860901a45fffcbc6fe2163c231273f232be,23d2885016cde5d7480a98d95a7a0715bd3fcb538aa5ee079658da3a4a810c45,90,-0.39137398941141743,0.01
1,2,unrounded_strict,side_informed,laplace,uniform,20.0,retention_bounded,0.001,44b130c3b861e53a2e0871984a8a3860901a45fffcbc6fe2163c231273f232be,174b462fe2ecc3cfafee6536f593ce76dca9e8b7da9063a86584b2a0310398a9,90,-0.3773452976075842,0.01
1,2,unrounded_strict,side_informed,laplace,uniform,20.0,retention_bounded,0.01,44b130c3b861e53a2e0871984a8a3860901a45fffcbc6fe2163c231273f232be,8d354791f45a1c6cc8ce2abf6716d05b589e0abed32cd305a1de23fc37e31ccf,90,-0.34230616333295266,0.01
1,2,unrounded_strict,side_informed,laplace,uniform,20.0,retention_bounded,0.1,44b130c3b861e53a2e0871984a8a3860901a45fffcbc6fe2163c231273f232be,167e573c0df71962f846427d7e0dfb298c5fe088051e7e292cd4956902846517,90,-0.3624038046834542,0.01
1,0,unrounded_strict,side_informed,laplace,uniform,20.0,retention_nonnegative,0.0,3621dc2abef477b0c382bff9ca4f0e425eef9e24668b0f7e0a7276ea3ebab3ba,c19be36f14e3809008e9ad579c578c06e86bfbea255d34320f536f2345dcbb0c,88,-0.39370130847425916,0.01
1,0,unrounded_strict,side_informed,laplace,uniform,20.0,retention_nonnegative,0.0001,3621dc2abef477b0c382bff9ca4f0e425eef9e24668b0f7e0a7276ea3ebab3ba,72ee1dc88204e0ecd049f22b48ecf874c237b8f597b75310873a3e7d746c4e68,88,-0.3908299174755473,0.01
1,0,unrounded_strict,side_informed,laplace,uniform,20.0,retention_nonnegative,0.001,3621dc2abef477b0c382bff9ca4f0e425eef9e24668b0f7e0a7276ea3ebab3ba,f2b978717459b6fb4e00ce56b91cf16c40bcaee9b72d4080b7c1389e3829591b,88,-0.37479513213775045,0.01
1,0,unrounded_strict,side_informed,laplace,uniform,20.0,retention_nonnegative,0.01,3621dc2abef477b0c382bff9ca4f0e425eef9e24668b0f7e0a7276ea3ebab3ba,0a2de11ba71e1f00035c6f91706378422f1dbc5420822343d473564abda56295,88,-0.3497130302834702,0.01
1,0,unrounded_strict,side_informed,laplace,uniform,20.0,retention_nonnegative,0.1,3621dc2abef477b0c382bff9ca4f0e425eef9e24668b0f7e0a7276ea3ebab3ba,5818a9fddce3c6761638f06723dc96e03fe59b753f3a3547d138bcd7f87da2e7,88,-0.4109934166622346,0.01
1,1,unrounded_strict,side_informed,laplace,uniform,20.0,retention_nonnegative,0.0,83e7d988bb1f3d1b55c2ee260f4982106f1cca34f9196a19a0d4434f968f2336,2417486dd217d11124a1ebb32d938d48443007c82d8601aa13a2339b23b8f1c0,91,-0.39370130847425916,0.01
1,1,unrounded_strict,side_informed,laplace,uniform,20.0,retention_nonnegative,0.0001,83e7d988bb1f3d1b55c2ee260f4982106f1cca34f9196a19a0d4434f968f2336,32010be156de088e0d18bf753870ecafef336433caafbf28bc2a76fb59723bc6,91,-0.3908299174755473,0.01
1,1,unrounded_strict,side_informed,laplace,uniform,20.0,retention_nonnegative,0.001,83e7d988bb1f3d1b55c2ee260f4982106f1cca34f9196a19a0d4434f968f2336,f063c62f1c22a7b383e58507a2c44d21829c4f32291b084e9655876c7ef7aeec,91,-0.37479513213775045,0.01
1,1,unrounded_strict,side_informed,laplace,uniform,20.0,retention_nonnegative,0.01,83e7d988bb1f3d1b55c2ee260f4982106f1cca34f9196a19a0d4434f968f2336,680c89e3ded9c0b43902dedd09aad0be647e9d19e7d1f5e35b238e36de5b206b,91,-0.3497130302834702,0.01
1,1,unrounded_strict,side_informed,laplace,uniform,20.0,retention_nonnegative,0.1,83e7d988bb1f3d1b55c2ee260f4982106f1cca34f9196a19a0d4434f968f2336,8c65508f2f51276fc0441118b561f9d5c7165f037fcb8aa36f97e5e74f8ed18b,91,-0.4109934166622346,0.01
1,2,unrounded_strict,side_informed,laplace,uniform,20.0,retention_nonnegative,0.0,44b130c3b861e53a2e0871984a8a3860901a45fffcbc6fe2163c231273f232be,b0090bfd5ec23b3aa33885e1a062e6857d472364906f9735782ea412bc6660c1,90,-0.39370130847425916,0.01
1,2,unrounded_strict,side_informed,laplace,uniform,20.0,retention_nonnegative,0.0001,44b130c3b861e53a2e0871984a8a3860901a45fffcbc6fe2163c231273f232be,4085bb1cacc0e1bbf76f66c0c9944e04c1dc98c1455e6f8bb4ed0f203bb5ee13,90,-0.3908299174755473,0.01
1,2,unrounded_strict,side_informed,laplace,uniform,20.0,retention_nonnegative,0.001,44b130c3b861e53a2e0871984a8a3860901a45fffcbc6fe2163c231273f232be,7845a6cc3681b8e7ca0db568ff530024874fbb64c1820d784adba84e92f61cae,90,-0.37479513213775045,0.01
1,2,unrounded_strict,side_informed,laplace,uniform,20.0,retention_nonnegative,0.01,44b130c3b861e53a2e0871984a8a3860901a45fffcbc6fe2163c231273f232be,20a0ee70f35b364a5ea56877919db8f09b19b633f9315b81d161d536b1efecc8,90,-0.3497130302834702,0.01
1,2,unrounded_strict,side_informed,laplace,uniform,20.0,retention_nonnegative,0.1,44b130c3b861e53a2e0871984a8a3860901a45fffcbc6fe2163c231273f232be,8599116724ae7de9f3ad9f41a20bf16f8d3c774f6769b0dac2663a7093c43264,90,-0.4109934166622346,0.01
1,0,unrounded_strict,side_informed,laplace,uniform,20.0,current_only,0.0,3621dc2abef477b0c382bff9ca4f0e425eef9e24668b0f7e0a7276ea3ebab3ba,78d44a45d1fdef4f7414ca81da23bee7aff8b4fddfabca857a9dcd98dac1b39e,88,-0.5898487461291982,0.01
1,0,unrounded_strict,side_informed,laplace,uniform,20.0,current_only,0.0001,3621dc2abef477b0c382bff9ca4f0e425eef9e24668b0f7e0a7276ea3ebab3ba,bb4cf3fcdecdcbc3d08b2379f060a7685e70a969915367a715217cac31b5f177,88,-0.5898208593539449,0.01
1,0,unrounded_strict,side_informed,laplace,uniform,20.0,current_only,0.001,3621dc2abef477b0c382bff9ca4f0e425eef9e24668b0f7e0a7276ea3ebab3ba,8e35bd25542e19b0631a84d59dcd56fb9180b6471db601146cdf48c131ad3b7a,88,-0.5895818485439261,0.01
1,0,unrounded_strict,side_informed,laplace,uniform,20.0,current_only,0.01,3621dc2abef477b0c382bff9ca4f0e425eef9e24668b0f7e0a7276ea3ebab3ba,8f5abc1de5ecd437095613ee3af82d5973c35b850e9551450da8e6203efaac48,88,-0.588183408345204,0.01
1,0,unrounded_strict,side_informed,laplace,uniform,20.0,current_only,0.1,3621dc2abef477b0c382bff9ca4f0e425eef9e24668b0f7e0a7276ea3ebab3ba,9e3dede49d6899a3eb169bbf92aa9ce15c3d468ef90d182d09ec2e743d2679cf,88,-0.6060178210995463,0.01
1,1,unrounded_strict,side_informed,laplace,uniform,20.0,current_only,0.0,83e7d988bb1f3d1b55c2ee260f4982106f1cca34f9196a19a0d4434f968f2336,647241857512d70c29bec9cebf5dfd9662899c1f2bfe31615349744fa98995f8,91,-0.5898487461291982,0.01
1,1,unrounded_strict,side_informed,laplace,uniform,20.0,current_only,0.0001,83e7d988bb1f3d1b55c2ee260f4982106f1cca34f9196a19a0d4434f968f2336,702eed2ce4df5e96637025b306ec8deec0b1f6d58bb7e7b362c6578b8711d102,91,-0.5898208593539449,0.01
1,1,unrounded_strict,side_informed,laplace,uniform,20.0,current_only,0.001,83e7d988bb1f3d1b55c2ee260f4982106f1cca34f9196a19a0d4434f968f2336,497b303afeaa12b511534ca79875b16b4c62df4c951ffb4d664d0e88e3ba4736,91,-0.5895818485439261,0.01
1,1,unrounded_strict,side_informed,laplace,uniform,20.0,current_only,0.01,83e7d988bb1f3d1b55c2ee260f4982106f1cca34f9196a19a0d4434f968f2336,b9c8cb0284a72936e07ad0f8b0f13e38bf38cf588c23c05c7208fa0e7b978d3d,91,-0.588183408345204,0.01
1,1,unrounded_strict,side_informed,laplace,uniform,20.0,current_only,0.1,83e7d988bb1f3d1b55c2ee260f4982106f1cca34f9196a19a0d4434f968f2336,79e30f8e8c81a5bd4339cb5bccb2b0ad941d691a0b42fd6b353f0687d95e1a82,91,-0.6060178210995463,0.01
1,2,unrounded_strict,side_informed,laplace,uniform,20.0,current_only,0.0,44b130c3b861e53a2e0871984a8a3860901a45fffcbc6fe2163c231273f232be,de15ccfa3655e678f0d2b7855215f62deadaf313dab8eabf163202fbbebdde15,90,-0.5898487461291982,0.01
1,2,unrounded_strict,side_informed,laplace,uniform,20.0,current_only,0.0001,44b130c3b861e53a2e0871984a8a3860901a45fffcbc6fe2163c231273f232be,8b5db49fac6e04f2657c6b2fb48ecdfd0cb3346151b572d42766b982e869cc8f,90,-0.5898208593539449,0.01
1,2,unrounded_strict,side_informed,laplace,uniform,20.0,current_only,0.001,44b130c3b861e53a2e0871984a8a3860901a45fffcbc6fe2163c231273f232be,7e3787962c62013e079db3dec688b04987676c977f4c10c8736d046a76c992e1,90,-0.5895818485439261,0.01
1,2,unrounded_strict,side_informed,laplace,uniform,20.0,current_only,0.01,44b130c3b861e53a2e0871984a8a3860901a45fffcbc6fe2163c231273f232be,3fe9fb35edd15f5b4db494a45c893ad3692416b6343aa91c412575a8d9956e29,90,-0.588183408345204,0.01
1,2,unrounded_strict,side_informed,laplace,uniform,20.0,current_only,0.1,44b130c3b861e53a2e0871984a8a3860901a45fffcbc6fe2163c231273f232be,8271c597b75d401a18c9ffa9383c3a599db4b30995cc857d380c8e8a5c2a5131,90,-0.6060178210995463,0.01
1,0,unrounded_strict,side_informed,laplace,uniform,20.0,input_plus_surface,0.0,3621dc2abef477b0c382bff9ca4f0e425eef9e24668b0f7e0a7276ea3ebab3ba,cc4d5ee7c2e24e665923efc15d71e82a3f6eb7c30a4a976c51ebca1d4840ed4d,88,-0.3781345260749227,0.01
1,0,unrounded_strict,side_informed,laplace,uniform,20.0,input_plus_surface,0.0001,3621dc2abef477b0c382bff9ca4f0e425eef9e24668b0f7e0a7276ea3ebab3ba,d7f7fbeccc24b8ff561053f161c0919f9dc4ad115538f4b68fd7a8d36309528f,88,-0.375496854404507,0.01
1,0,unrounded_strict,side_informed,laplace,uniform,20.0,input_plus_surface,0.001,3621dc2abef477b0c382bff9ca4f0e425eef9e24668b0f7e0a7276ea3ebab3ba,9775ba669558cf0522b2fea5b310195e6fafc9e20cc714d2b1a4565bd0906858,88,-0.3600265711852461,0.01
1,0,unrounded_strict,side_informed,laplace,uniform,20.0,input_plus_surface,0.01,3621dc2abef477b0c382bff9ca4f0e425eef9e24668b0f7e0a7276ea3ebab3ba,f18e9f521d101553942717e068b7768b3d1ffa0145518cafd74446643cc97268,88,-0.3271276445128733,0.01
1,0,unrounded_strict,side_informed,laplace,uniform,20.0,input_plus_surface,0.1,3621dc2abef477b0c382bff9ca4f0e425eef9e24668b0f7e0a7276ea3ebab3ba,7340b66fd313c626472d9e55b34a91425409180bedbb0bf437cbe4c7840f4578,88,-0.37089557782126503,0.01
1,1,unrounded_strict,side_informed,laplace,uniform,20.0,input_plus_surface,0.0,83e7d988bb1f3d1b55c2ee260f4982106f1cca34f9196a19a0d4434f968f2336,5493fbfe297b4c74033634527deaaf463aae7fe1408709efc55afc2658312231,91,-0.3781345260749227,0.01
1,1,unrounded_strict,side_informed,laplace,uniform,20.0,input_plus_surface,0.0001,83e7d988bb1f3d1b55c2ee260f4982106f1cca34f9196a19a0d4434f968f2336,1e6658597856a064da4387198e5d7b0bacf45dcab299e75811a44aa41a2a81e6,91,-0.375496854404507,0.01
1,1,unrounded_strict,side_informed,laplace,uniform,20.0,input_plus_surface,0.001,83e7d988bb1f3d1b55c2ee260f4982106f1cca34f9196a19a0d4434f968f2336,40c4ec1974f0a702331aa6b2c105bca2680bd72cbf83a02939e9719b529a5d70,91,-0.3600265711852461,0.01
1,1,unrounded_strict,side_informed,laplace,uniform,20.0,input_plus_surface,0.01,83e7d988bb1f3d1b55c2ee260f4982106f1cca34f9196a19a0d4434f968f2336,e0b35c98a2d54bc034e9b91fb758198774da25348800464784c04675e6028b64,91,-0.3271276445128733,0.01
1,1,unrounded_strict,side_informed,laplace,uniform,20.0,input_plus_surface,0.1,83e7d988bb1f3d1b55c2ee260f4982106f1cca34f9196a19a0d4434f968f2336,7b6143f80879c254a5f3c4b223ddd30e2802c3089e934530d9b76b5ca2a9f9a4,91,-0.37089557782126503,0.01
1,2,unrounded_strict,side_informed,laplace,uniform,20.0,input_plus_surface,0.0,44b130c3b861e53a2e0871984a8a3860901a45fffcbc6fe2163c231273f232be,d927b6f925552e92ceb9d3d1af1220c7e8eaff8f4c8f638e220362841918ff45,90,-0.3781345260749227,0.01
1,2,unrounded_strict,side_informed,laplace,uniform,20.0,input_plus_surface,0.0001,44b130c3b861e53a2e0871984a8a3860901a45fffcbc6fe2163c231273f232be,9d5986c01a23c6c55d06cf23a8bf563fb57ea496e1e005f5f4f793f53d34db87,90,-0.375496854404507,0.01
1,2,unrounded_strict,side_informed,laplace,uniform,20.0,input_plus_surface,0.001,44b130c3b861e53a2e0871984a8a3860901a45fffcbc6fe2163c231273f232be,4c02af1ee8c6e28d2943fd5b620bbb950a5b847bc08fc36ee6f211b95696e737,90,-0.3600265711852461,0.01
1,2,unrounded_strict,side_informed,laplace,uniform,20.0,input_plus_surface,0.01,44b130c3b861e53a2e0871984a8a3860901a45fffcbc6fe2163c231273f232be,79573bb5ce2b442d086ff87efaa490aaedd15480570321e6ec5319293d18ed2d,90,-0.3271276445128733,0.01
1,2,unrounded_strict,side_informed,laplace,uniform,20.0,input_plus_surface,0.1,44b130c3b861e53a2e0871984a8a3860901a45fffcbc6fe2163c231273f232be,fbf6f8097b574238dc93aab61eb447b1ac8fe60fa3d342e1f0083f14015e3533,90,-0.37089557782126503,0.01
1,0,unrounded_strict,side_informed,laplace,uniform,20.0,HU_plus_surface,0.0,3621dc2abef477b0c382bff9ca4f0e425eef9e24668b0f7e0a7276ea3ebab3ba,66fe87090a4062be1abce25a5cef9e0e2ee88635e6ff6d3144095ac0a177a554,88,-0.34980152384170105,0.01
1,0,unrounded_strict,side_informed,laplace,uniform,20.0,HU_plus_surface,0.0001,3621dc2abef477b0c382bff9ca4f0e425eef9e24668b0f7e0a7276ea3ebab3ba,c36e0a59f2fb1eb2bb8115d0a77e8552538b468cf45d07a2b7354ca9d86b60b2,88,-0.3473987162531548,0.01
1,0,unrounded_strict,side_informed,laplace,uniform,20.0,HU_plus_surface,0.001,3621dc2abef477b0c382bff9ca4f0e425eef9e24668b0f7e0a7276ea3ebab3ba,52cca8282aa90b29b2712bc55adaa2646ffb42f77cd15218874dd540326805ce,88,-0.33388375799636777,0.01
1,0,unrounded_strict,side_informed,laplace,uniform,20.0,HU_plus_surface,0.01,3621dc2abef477b0c382bff9ca4f0e425eef9e24668b0f7e0a7276ea3ebab3ba,ccd02cb220f539b2397a4c2220501dfac11709c95b33ecee6b2da90dc0a3a4aa,88,-0.3083181491154129,0.01
1,0,unrounded_strict,side_informed,laplace,uniform,20.0,HU_plus_surface,0.1,3621dc2abef477b0c382bff9ca4f0e425eef9e24668b0f7e0a7276ea3ebab3ba,07ffbaf2fc426dd9d8504d25af8ee4d9ba0a70f14deca24dd7b636a7a4d8443a,88,-0.36240902274710163,0.01
1,1,unrounded_strict,side_informed,laplace,uniform,20.0,HU_plus_surface,0.0,83e7d988bb1f3d1b55c2ee260f4982106f1cca34f9196a19a0d4434f968f2336,1f5fb4ca58346bdcfb562a4447917ae1763b96024e9cd64fa5b9f9cc219b20da,91,-0.34980152384170105,0.01
1,1,unrounded_strict,side_informed,laplace,uniform,20.0,HU_plus_surface,0.0001,83e7d988bb1f3d1b55c2ee260f4982106f1cca34f9196a19a0d4434f968f2336,f0f78e42689194433977640a10622fc6ed966731ab72b39e6ac65466c01bcd0b,91,-0.3473987162531548,0.01
1,1,unrounded_strict,side_informed,laplace,uniform,20.0,HU_plus_surface,0.001,83e7d988bb1f3d1b55c2ee260f4982106f1cca34f9196a19a0d4434f968f2336,d4628e76f0b3a0ec18d9df104eea627eb386c895f6eb2800b6900599aa3cba94,91,-0.33388375799636777,0.01
1,1,unrounded_strict,side_informed,laplace,uniform,20.0,HU_plus_surface,0.01,83e7d988bb1f3d1b55c2ee260f4982106f1cca34f9196a19a0d4434f968f2336,107f5eed81cd809711a5bdd8ec23a29e97d04c92c0a0e3a2df3549b59ccdf69d,91,-0.3083181491154129,0.01
1,1,unrounded_strict,side_informed,laplace,uniform,20.0,HU_plus_surface,0.1,83e7d988bb1f3d1b55c2ee260f4982106f1cca34f9196a19a0d4434f968f2336,6b9601f8758467786de38de6b3772c6533fb3bf4a08866c02f2e00289be02f43,91,-0.36240902274710163,0.01
1,2,unrounded_strict,side_informed,laplace,uniform,20.0,HU_plus_surface,0.0,44b130c3b861e53a2e0871984a8a3860901a45fffcbc6fe2163c231273f232be,f4d87d74ed1d9550a424a79e324c412cba6599f78c7c42e1e748c2d9ac342d3a,90,-0.34980152384170105,0.01
1,2,unrounded_strict,side_informed,laplace,uniform,20.0,HU_plus_surface,0.0001,44b130c3b861e53a2e0871984a8a3860901a45fffcbc6fe2163c231273f232be,9b341b5e3816e4825f7c02eaa1823e0e0f0db6d919d4e3fdcb19b3e35d3fbdb3,90,-0.3473987162531548,0.01
1,2,unrounded_strict,side_informed,laplace,uniform,20.0,HU_plus_surface,0.001,44b130c3b861e53a2e0871984a8a3860901a45fffcbc6fe2163c231273f232be,88381dcc3e8f80f8e6d0ee5f0e640f411ec8d69b7c98a01d6beeb94ee5257888,90,-0.33388375799636777,0.01
1,2,unrounded_strict,side_informed,laplace,uniform,20.0,HU_plus_surface,0.01,44b130c3b861e53a2e0871984a8a3860901a45fffcbc6fe2163c231273f232be,a0ce99cbc5ac1262af8613dc81a9a9bb7a50d037120aa42e045cc8fd355f2e03,90,-0.3083181491154129,0.01
1,2,unrounded_strict,side_informed,laplace,uniform,20.0,HU_plus_surface,0.1,44b130c3b861e53a2e0871984a8a3860901a45fffcbc6fe2163c231273f232be,c9b0911a6a630abb7d0017f2305b1896ecc04ba54033ccd4b52f9131c8d005e5,90,-0.36240902274710163,0.01
1,0,unrounded_strict,side_informed,laplace,uniform,20.0,retention_bounded_plus_HU,0.0,3621dc2abef477b0c382bff9ca4f0e425eef9e24668b0f7e0a7276ea3ebab3ba,b5aebbbe73a4df7337702466627a89f772e7a7ef29c38a3f7367bfd289e3dfb8,88,-0.3529769557049485,0.01
1,0,unrounded_strict,side_informed,laplace,uniform,20.0,retention_bounded_plus_HU,0.0001,3621dc2abef477b0c382bff9ca4f0e425eef9e24668b0f7e0a7276ea3ebab3ba,05cc3b379e6821b1a4d7ba41e9b65ca6cac535736b7903d00c66107a76adbbd2,88,-0.352899898770462,0.01
1,0,unrounded_strict,side_informed,laplace,uniform,20.0,retention_bounded_plus_HU,0.001,3621dc2abef477b0c382bff9ca4f0e425eef9e24668b0f7e0a7276ea3ebab3ba,27c7129a1fc703b5bebbf2cbe61adae3262fb62219deb6aa2062c5ac6127ebe9,88,-0.35110609060782777,0.01
1,0,unrounded_strict,side_informed,laplace,uniform,20.0,retention_bounded_plus_HU,0.01,3621dc2abef477b0c382bff9ca4f0e425eef9e24668b0f7e0a7276ea3ebab3ba,128f2dce18cd7efb2b1007ba3d5228f4ea47c3f3ef9f9baa6e1d861d5d40ca8b,88,-0.32736367363813434,0.01
1,0,unrounded_strict,side_informed,laplace,uniform,20.0,retention_bounded_plus_HU,0.1,3621dc2abef477b0c382bff9ca4f0e425eef9e24668b0f7e0a7276ea3ebab3ba,53923b5afe1940441e5d4de25df161f991043188d200d5ff4a30304d30ccc873,88,-0.33438162293573337,0.01
1,1,unrounded_strict,side_informed,laplace,uniform,20.0,retention_bounded_plus_HU,0.0,83e7d988bb1f3d1b55c2ee260f4982106f1cca34f9196a19a0d4434f968f2336,13496e556029d01ec0da3047cf8600ebc6ce463764efcdf6d246c2ee6507cee7,91,-0.3529769557049485,0.01
1,1,unrounded_strict,side_informed,laplace,uniform,20.0,retention_bounded_plus_HU,0.0001,83e7d988bb1f3d1b55c2ee260f4982106f1cca34f9196a19a0d4434f968f2336,8ae12d661355fab6ca84c7c134bb87caa057ea249173c8c01815a084d63e309d,91,-0.352899898770462,0.01
1,1,unrounded_strict,side_informed,laplace,uniform,20.0,retention_bounded_plus_HU,0.001,83e7d988bb1f3d1b55c2ee260f4982106f1cca34f9196a19a0d4434f968f2336,b69e18ee754025c844308b1dc51739d77788edaa02288a0c1fe056084ba6aa18,91,-0.35110609060782777,0.01
1,1,unrounded_strict,side_informed,laplace,uniform,20.0,retention_bounded_plus_HU,0.01,83e7d988bb1f3d1b55c2ee260f4982106f1cca34f9196a19a0d4434f968f2336,805b668562468e6fc7cc88bfe879b38be10885d5cc9bea83bab194c4e1964700,91,-0.32736367363813434,0.01
1,1,unrounded_strict,side_informed,laplace,uniform,20.0,retention_bounded_plus_HU,0.1,83e7d988bb1f3d1b55c2ee260f4982106f1cca34f9196a19a0d4434f968f2336,9a1f2140f6f609823fc77e7ae414093914bd0daa45956c27fd3bcacc01aece1f,91,-0.33438162293573337,0.01
1,2,unrounded_strict,side_informed,laplace,uniform,20.0,retention_bounded_plus_HU,0.0,44b130c3b861e53a2e0871984a8a3860901a45fffcbc6fe2163c231273f232be,4c12a4eaebecb5751b42e5792b227f17799bef4920cb44adc1832d9e98af3acd,90,-0.3529769557049485,0.01
1,2,unrounded_strict,side_informed,laplace,uniform,20.0,retention_bounded_plus_HU,0.0001,44b130c3b861e53a2e0871984a8a3860901a45fffcbc6fe2163c231273f232be,02b3645a230f9be53ba6d48ad17a1226d4d8ed2438a4dd846555b9e1db4545bb,90,-0.352899898770462,0.01
1,2,unrounded_strict,side_informed,laplace,uniform,20.0,retention_bounded_plus_HU,0.001,44b130c3b861e53a2e0871984a8a3860901a45fffcbc6fe2163c231273f232be,a5d5bf2359a1b853e71df5755cda745fd08464e9d919fdae3348d328b38f0679,90,-0.35110609060782777,0.01
1,2,unrounded_strict,side_informed,laplace,uniform,20.0,retention_bounded_plus_HU,0.01,44b130c3b861e53a2e0871984a8a3860901a45fffcbc6fe2163c231273f232be,2c0c3cc278721cfb3d58d5b336a0294f1d3366a0ef9b9bf432e7a115ac1ac037,90,-0.32736367363813434,0.01
1,2,unrounded_strict,side_informed,laplace,uniform,20.0,retention_bounded_plus_HU,0.1,44b130c3b861e53a2e0871984a8a3860901a45fffcbc6fe2163c231273f232be,cbef02692094ecb82e353c751492e74d1cf0607e2d11366019da969340646019,90,-0.33438162293573337,0.01
1,0,unrounded_strict,side_informed,gh80,uniform,20.0,HU_plus_surface,0.0,3621dc2abef477b0c382bff9ca4f0e425eef9e24668b0f7e0a7276ea3ebab3ba,9b12329e1f8dac43d236a3fdfa102171ad680a2216c265dbcec04c47a1883ea4,88,-0.34572104305103846,0.01
1,0,unrounded_strict,side_informed,gh80,uniform,20.0,HU_plus_surface,0.0001,3621dc2abef477b0c382bff9ca4f0e425eef9e24668b0f7e0a7276ea3ebab3ba,9f4d837aec3e41c2df89a88e18431c9d331f84e64b62a901ef87a14f5554922c,88,-0.3433609936820106,0.01
1,0,unrounded_strict,side_informed,gh80,uniform,20.0,HU_plus_surface,0.001,3621dc2abef477b0c382bff9ca4f0e425eef9e24668b0f7e0a7276ea3ebab3ba,07cfefc7db880c623c0d3fa2944d7dbf6ed067e2ef021dbe612e48c51dabb3ba,88,-0.33024975051915867,0.01
1,0,unrounded_strict,side_informed,gh80,uniform,20.0,HU_plus_surface,0.01,3621dc2abef477b0c382bff9ca4f0e425eef9e24668b0f7e0a7276ea3ebab3ba,86b6b2b5971c095dcb37272021954578587cc6608ee0c12a4e75201f38e391cb,88,-0.30669900611719986,0.01
1,0,unrounded_strict,side_informed,gh80,uniform,20.0,HU_plus_surface,0.1,3621dc2abef477b0c382bff9ca4f0e425eef9e24668b0f7e0a7276ea3ebab3ba,1a5aa09bc38c8cbf35a881f9cc583f483f58c74e6d9aac8f9fe62a8919e7df0d,88,-0.36385977603678554,0.01
1,1,unrounded_strict,side_informed,gh80,uniform,20.0,HU_plus_surface,0.0,83e7d988bb1f3d1b55c2ee260f4982106f1cca34f9196a19a0d4434f968f2336,7ea1e32e90de4362c01d330b06e175f7aca0986e1bbe8814098e828da5137210,91,-0.34572104305103846,0.01
1,1,unrounded_strict,side_informed,gh80,uniform,20.0,HU_plus_surface,0.0001,83e7d988bb1f3d1b55c2ee260f4982106f1cca34f9196a19a0d4434f968f2336,99910e5717ca3384cc7ce1697f3f813dbb611bff3cb2f8a18efa8925285971dd,91,-0.3433609936820106,0.01
1,1,unrounded_strict,side_informed,gh80,uniform,20.0,HU_plus_surface,0.001,83e7d988bb1f3d1b55c2ee260f4982106f1cca34f9196a19a0d4434f968f2336,9b1a591869f65b13e533058ee84483ad13a051cf803ebea41f13136f5b1e6cd1,91,-0.33024975051915867,0.01
1,1,unrounded_strict,side_informed,gh80,uniform,20.0,HU_plus_surface,0.01,83e7d988bb1f3d1b55c2ee260f4982106f1cca34f9196a19a0d4434f968f2336,d922d0e654ca134bcddc198ec8b4e13e9998b3224a3390ceae2ab72b74a086ed,91,-0.30669900611719986,0.01
1,1,unrounded_strict,side_informed,gh80,uniform,20.0,HU_plus_surface,0.1,83e7d988bb1f3d1b55c2ee260f4982106f1cca34f9196a19a0d4434f968f2336,1f4a7b96bb82e476b9e6fbc36c286b8bf17fd63e442def23ee921acc640ac532,91,-0.36385977603678554,0.01
1,2,unrounded_strict,side_informed,gh80,uniform,20.0,HU_plus_surface,0.0,44b130c3b861e53a2e0871984a8a3860901a45fffcbc6fe2163c231273f232be,988e239a0cf666c4fc888d775eb766cb58759ec44e5b3c900e1cffc6ad2dffbe,90,-0.34572104305103846,0.01
1,2,unrounded_strict,side_informed,gh80,uniform,20.0,HU_plus_surface,0.0001,44b130c3b861e53a2e0871984a8a3860901a45fffcbc6fe2163c231273f232be,627b59ef1171d7d7fc460d521d988d102ddbc39738f7806413ef4099a4641d31,90,-0.3433609936820106,0.01
1,2,unrounded_strict,side_informed,gh80,uniform,20.0,HU_plus_surface,0.001,44b130c3b861e53a2e0871984a8a3860901a45fffcbc6fe2163c231273f232be,515c92dc5749b2e75d2341e9e5977d4da171c61b4d809f455a9a25330fe136d6,90,-0.33024975051915867,0.01
1,2,unrounded_strict,side_informed,gh80,uniform,20.0,HU_plus_surface,0.01,44b130c3b861e53a2e0871984a8a3860901a45fffcbc6fe2163c231273f232be,7898205dfc69adaa1a336ebdd7c401ceb32c0ccf869af3787778b97aae2c293c,90,-0.30669900611719986,0.01
1,2,unrounded_strict,side_informed,gh80,uniform,20.0,HU_plus_surface,0.1,44b130c3b861e53a2e0871984a8a3860901a45fffcbc6fe2163c231273f232be,69232d4f3d670e11126ecc88449008db21d7cbaf31489b436ac140e2a6083695,90,-0.36385977603678554,0.01
1,0,unrounded_strict,side_informed,gh80,uniform,20.0,retention_bounded_plus_HU,0.0,3621dc2abef477b0c382bff9ca4f0e425eef9e24668b0f7e0a7276ea3ebab3ba,1f33f3f1658cf7999dc9eff4f08f25c325a2ea9f1658ad22d5a378666295f395,88,-0.3518682435099865,0.01
1,0,unrounded_strict,side_informed,gh80,uniform,20.0,retention_bounded_plus_HU,0.0001,3621dc2abef477b0c382bff9ca4f0e425eef9e24668b0f7e0a7276ea3ebab3ba,3da411bf53a39351acee18eae45b0827a2750ae54e102b7699164cbe75a7b202,88,-0.35193726892925065,0.01
1,0,unrounded_strict,side_informed,gh80,uniform,20.0,retention_bounded_plus_HU,0.001,3621dc2abef477b0c382bff9ca4f0e425eef9e24668b0f7e0a7276ea3ebab3ba,9033cf23c00706c478883d373b08883ba4e7fdee3d089df35694498f8eb0088f,88,-0.351457215061768,0.01
1,0,unrounded_strict,side_informed,gh80,uniform,20.0,retention_bounded_plus_HU,0.01,3621dc2abef477b0c382bff9ca4f0e425eef9e24668b0f7e0a7276ea3ebab3ba,cc14eb6d44c9e517eeedae0ed3ca122565ae9c925c0cfcf975be120aa7b94ca4,88,-0.32871518032984004,0.01
1,0,unrounded_strict,side_informed,gh80,uniform,20.0,retention_bounded_plus_HU,0.1,3621dc2abef477b0c382bff9ca4f0e425eef9e24668b0f7e0a7276ea3ebab3ba,c71edf69b3ec65cd67c2919369944771f37841a10d6529197cfb9cf111661f54,88,-0.3358170169665864,0.01
1,1,unrounded_strict,side_informed,gh80,uniform,20.0,retention_bounded_plus_HU,0.0,83e7d988bb1f3d1b55c2ee260f4982106f1cca34f9196a19a0d4434f968f2336,2c80d056a464f0a5ee96af42398462ab9e37eaf29642d648a0d5e89bcad45140,91,-0.3518682435099865,0.01
1,1,unrounded_strict,side_informed,gh80,uniform,20.0,retention_bounded_plus_HU,0.0001,83e7d988bb1f3d1b55c2ee260f4982106f1cca34f9196a19a0d4434f968f2336,c11c5abfdc388343c98199585bbfc731b7383e7a7af89452875accb2a0e6e386,91,-0.35193726892925065,0.01
1,1,unrounded_strict,side_informed,gh80,uniform,20.0,retention_bounded_plus_HU,0.001,83e7d988bb1f3d1b55c2ee260f4982106f1cca34f9196a19a0d4434f968f2336,9d103404bc3287ced7915207f2a1c87e62f5e45bee9f38bf3c38b468c57904cb,91,-0.351457215061768,0.01
1,1,unrounded_strict,side_informed,gh80,uniform,20.0,retention_bounded_plus_HU,0.01,83e7d988bb1f3d1b55c2ee260f4982106f1cca34f9196a19a0d4434f968f2336,54267185282bb660639fa42e1b532e5e437620d45be20bdd067b42499525f0ff,91,-0.32871518032984004,0.01
1,1,unrounded_strict,side_informed,gh80,uniform,20.0,retention_bounded_plus_HU,0.1,83e7d988bb1f3d1b55c2ee260f4982106f1cca34f9196a19a0d4434f968f2336,4671d5073be4ef55349570e72860bb11c9f4c6794cfd4bfc9f6683c5132ece1f,91,-0.3358170169665864,0.01
1,2,unrounded_strict,side_informed,gh80,uniform,20.0,retention_bounded_plus_HU,0.0,44b130c3b861e53a2e0871984a8a3860901a45fffcbc6fe2163c231273f232be,ca53b27e1d5e6c76b78f6685a37eafaac322159289d74cd5a4ae5bd65932c5a0,90,-0.3518682435099865,0.01
1,2,unrounded_strict,side_informed,gh80,uniform,20.0,retention_bounded_plus_HU,0.0001,44b130c3b861e53a2e0871984a8a3860901a45fffcbc6fe2163c231273f232be,632508dd3836025974faac5bf6cb078efda02a16aeb8fc887059647f2789f0f8,90,-0.35193726892925065,0.01
1,2,unrounded_strict,side_informed,gh80,uniform,20.0,retention_bounded_plus_HU,0.001,44b130c3b861e53a2e0871984a8a3860901a45fffcbc6fe2163c231273f232be,2af70eb5b573de2e51d36859953f4d869a05973c114de41269bdc3c1fc6c4787,90,-0.351457215061768,0.01
1,2,unrounded_strict,side_informed,gh80,uniform,20.0,retention_bounded_plus_HU,0.01,44b130c3b861e53a2e0871984a8a3860901a45fffcbc6fe2163c231273f232be,87af73fd37f1df84b7615e30749911f08613e368d42a377e6f971580a56ca3b6,90,-0.32871518032984004,0.01
1,2,unrounded_strict,side_informed,gh80,uniform,20.0,retention_bounded_plus_HU,0.1,44b130c3b861e53a2e0871984a8a3860901a45fffcbc6fe2163c231273f232be,49520ea124eea47e49bd4211aa2528eb8ceb7443742ed6849402d496e3c7d351,90,-0.3358170169665864,0.01
1,0,unrounded_strict,wholly_unseen,laplace,uniform,20.0,retention_bounded,0.0,3621dc2abef477b0c382bff9ca4f0e425eef9e24668b0f7e0a7276ea3ebab3ba,a45d18ccd4c98f72c8e9c3ed4930f8f2ee4f7cfb2c4bc21238c8cdc0a8fe1a05,88,-0.6986156482913378,0.01
1,0,unrounded_strict,wholly_unseen,laplace,uniform,20.0,retention_bounded,0.0001,3621dc2abef477b0c382bff9ca4f0e425eef9e24668b0f7e0a7276ea3ebab3ba,2a80325fda9a2037c75a91a0fa4a28ce3a6670371e32950ec78de36491380664,88,-0.6961438201809176,0.01
1,0,unrounded_strict,wholly_unseen,laplace,uniform,20.0,retention_bounded,0.001,3621dc2abef477b0c382bff9ca4f0e425eef9e24668b0f7e0a7276ea3ebab3ba,dc104f37cbe347c0e4cc68f135cb87aee57afda6e955351a11e197a028dae7f5,88,-0.6808253433069684,0.01
1,0,unrounded_strict,wholly_unseen,laplace,uniform,20.0,retention_bounded,0.01,3621dc2abef477b0c382bff9ca4f0e425eef9e24668b0f7e0a7276ea3ebab3ba,90b50dcc5ef340e5df18b83282135037aa34090f61fd786c6936441e88bc8920,88,-0.6367826726047575,0.01
1,0,unrounded_strict,wholly_unseen,laplace,uniform,20.0,retention_bounded,0.1,3621dc2abef477b0c382bff9ca4f0e425eef9e24668b0f7e0a7276ea3ebab3ba,c04d238abd0a00daafd9583a3289ceba2b39e755f7aadebf6018b188e4349a06,88,-0.6429898258448328,0.01
1,1,unrounded_strict,wholly_unseen,laplace,uniform,20.0,retention_bounded,0.0,83e7d988bb1f3d1b55c2ee260f4982106f1cca34f9196a19a0d4434f968f2336,fae4f31b5a40b4b14e00860716107b07c9392621f0ac8573cf39dcaed5b5f400,91,-0.6986156482913378,0.01
1,1,unrounded_strict,wholly_unseen,laplace,uniform,20.0,retention_bounded,0.0001,83e7d988bb1f3d1b55c2ee260f4982106f1cca34f9196a19a0d4434f968f2336,6e908cfd37d84830500d349acf9b4a6468a578d4c560870980249b58f00d5bb3,91,-0.6961438201809176,0.01
1,1,unrounded_strict,wholly_unseen,laplace,uniform,20.0,retention_bounded,0.001,83e7d988bb1f3d1b55c2ee260f4982106f1cca34f9196a19a0d4434f968f2336,9001761766bd1d8c97b958e35469786d1096d061f376aaa0ae61ad370f669807,91,-0.6808253433069684,0.01
1,1,unrounded_strict,wholly_unseen,laplace,uniform,20.0,retention_bounded,0.01,83e7d988bb1f3d1b55c2ee260f4982106f1cca34f9196a19a0d4434f968f2336,f63c8456e66d3ca9dc3e7548d8bbf1b9e4d10564c35c32db189b09e102628615,91,-0.6367826726047575,0.01
1,1,unrounded_strict,wholly_unseen,laplace,uniform,20.0,retention_bounded,0.1,83e7d988bb1f3d1b55c2ee260f4982106f1cca34f9196a19a0d4434f968f2336,ce1dc771e4b94d88abb27f89ebdd137bbee83d7bddccb005757399ee8e945117,91,-0.6429898258448328,0.01
1,2,unrounded_strict,wholly_unseen,laplace,uniform,20.0,retention_bounded,0.0,44b130c3b861e53a2e0871984a8a3860901a45fffcbc6fe2163c231273f232be,570d5884cd4708d62649d4e0f6a00bb377d753b71f1414bf5f2708af56d8562e,90,-0.6986156482913378,0.01
1,2,unrounded_strict,wholly_unseen,laplace,uniform,20.0,retention_bounded,0.0001,44b130c3b861e53a2e0871984a8a3860901a45fffcbc6fe2163c231273f232be,23d2885016cde5d7480a98d95a7a0715bd3fcb538aa5ee079658da3a4a810c45,90,-0.6961438201809176,0.01
1,2,unrounded_strict,wholly_unseen,laplace,uniform,20.0,retention_bounded,0.001,44b130c3b861e53a2e0871984a8a3860901a45fffcbc6fe2163c231273f232be,174b462fe2ecc3cfafee6536f593ce76dca9e8b7da9063a86584b2a0310398a9,90,-0.6808253433069684,0.01
1,2,unrounded_strict,wholly_unseen,laplace,uniform,20.0,retention_bounded,0.01,44b130c3b861e53a2e0871984a8a3860901a45fffcbc6fe2163c231273f232be,8d354791f45a1c6cc8ce2abf6716d05b589e0abed32cd305a1de23fc37e31ccf,90,-0.6367826726047575,0.01
1,2,unrounded_strict,wholly_unseen,laplace,uniform,20.0,retention_bounded,0.1,44b130c3b861e53a2e0871984a8a3860901a45fffcbc6fe2163c231273f232be,167e573c0df71962f846427d7e0dfb298c5fe088051e7e292cd4956902846517,90,-0.6429898258448328,0.01
1,0,unrounded_strict,wholly_unseen,laplace,uniform,20.0,retention_nonnegative,0.0,3621dc2abef477b0c382bff9ca4f0e425eef9e24668b0f7e0a7276ea3ebab3ba,c19be36f14e3809008e9ad579c578c06e86bfbea255d34320f536f2345dcbb0c,88,-0.6986156475825447,0.01
1,0,unrounded_strict,wholly_unseen,laplace,uniform,20.0,retention_nonnegative,0.0001,3621dc2abef477b0c382bff9ca4f0e425eef9e24668b0f7e0a7276ea3ebab3ba,72ee1dc88204e0ecd049f22b48ecf874c237b8f597b75310873a3e7d746c4e68,88,-0.6947951794672313,0.01
1,0,unrounded_strict,wholly_unseen,laplace,uniform,20.0,retention_nonnegative,0.001,3621dc2abef477b0c382bff9ca4f0e425eef9e24668b0f7e0a7276ea3ebab3ba,f2b978717459b6fb4e00ce56b91cf16c40bcaee9b72d4080b7c1389e3829591b,88,-0.6722066886577062,0.01
1,0,unrounded_strict,wholly_unseen,laplace,uniform,20.0,retention_nonnegative,0.01,3621dc2abef477b0c382bff9ca4f0e425eef9e24668b0f7e0a7276ea3ebab3ba,0a2de11ba71e1f00035c6f91706378422f1dbc5420822343d473564abda56295,88,-0.6326204103296384,0.01
1,0,unrounded_strict,wholly_unseen,laplace,uniform,20.0,retention_nonnegative,0.1,3621dc2abef477b0c382bff9ca4f0e425eef9e24668b0f7e0a7276ea3ebab3ba,5818a9fddce3c6761638f06723dc96e03fe59b753f3a3547d138bcd7f87da2e7,88,-0.6947927472550657,0.01
1,1,unrounded_strict,wholly_unseen,laplace,uniform,20.0,retention_nonnegative,0.0,83e7d988bb1f3d1b55c2ee260f4982106f1cca34f9196a19a0d4434f968f2336,2417486dd217d11124a1ebb32d938d48443007c82d8601aa13a2339b23b8f1c0,91,-0.6986156475825447,0.01
1,1,unrounded_strict,wholly_unseen,laplace,uniform,20.0,retention_nonnegative,0.0001,83e7d988bb1f3d1b55c2ee260f4982106f1cca34f9196a19a0d4434f968f2336,32010be156de088e0d18bf753870ecafef336433caafbf28bc2a76fb59723bc6,91,-0.6947951794672313,0.01
1,1,unrounded_strict,wholly_unseen,laplace,uniform,20.0,retention_nonnegative,0.001,83e7d988bb1f3d1b55c2ee260f4982106f1cca34f9196a19a0d4434f968f2336,f063c62f1c22a7b383e58507a2c44d21829c4f32291b084e9655876c7ef7aeec,91,-0.6722066886577062,0.01
1,1,unrounded_strict,wholly_unseen,laplace,uniform,20.0,retention_nonnegative,0.01,83e7d988bb1f3d1b55c2ee260f4982106f1cca34f9196a19a0d4434f968f2336,680c89e3ded9c0b43902dedd09aad0be647e9d19e7d1f5e35b238e36de5b206b,91,-0.6326204103296384,0.01
1,1,unrounded_strict,wholly_unseen,laplace,uniform,20.0,retention_nonnegative,0.1,83e7d988bb1f3d1b55c2ee260f4982106f1cca34f9196a19a0d4434f968f2336,8c65508f2f51276fc0441118b561f9d5c7165f037fcb8aa36f97e5e74f8ed18b,91,-0.6947927472550657,0.01
1,2,unrounded_strict,wholly_unseen,laplace,uniform,20.0,retention_nonnegative,0.0,44b130c3b861e53a2e0871984a8a3860901a45fffcbc6fe2163c231273f232be,b0090bfd5ec23b3aa33885e1a062e6857d472364906f9735782ea412bc6660c1,90,-0.6986156475825447,0.01
1,2,unrounded_strict,wholly_unseen,laplace,uniform,20.0,retention_nonnegative,0.0001,44b130c3b861e53a2e0871984a8a3860901a45fffcbc6fe2163c231273f232be,4085bb1cacc0e1bbf76f66c0c9944e04c1dc98c1455e6f8bb4ed0f203bb5ee13,90,-0.6947951794672313,0.01
1,2,unrounded_strict,wholly_unseen,laplace,uniform,20.0,retention_nonnegative,0.001,44b130c3b861e53a2e0871984a8a3860901a45fffcbc6fe2163c231273f232be,7845a6cc3681b8e7ca0db568ff530024874fbb64c1820d784adba84e92f61cae,90,-0.6722066886577062,0.01
1,2,unrounded_strict,wholly_unseen,laplace,uniform,20.0,retention_nonnegative,0.01,44b130c3b861e53a2e0871984a8a3860901a45fffcbc6fe2163c231273f232be,20a0ee70f35b364a5ea56877919db8f09b19b633f9315b81d161d536b1efecc8,90,-0.6326204103296384,0.01
1,2,unrounded_strict,wholly_unseen,laplace,uniform,20.0,retention_nonnegative,0.1,44b130c3b861e53a2e0871984a8a3860901a45fffcbc6fe2163c231273f232be,8599116724ae7de9f3ad9f41a20bf16f8d3c774f6769b0dac2663a7093c43264,90,-0.6947927472550657,0.01
1,0,unrounded_strict,wholly_unseen,laplace,uniform,20.0,current_only,0.0,3621dc2abef477b0c382bff9ca4f0e425eef9e24668b0f7e0a7276ea3ebab3ba,78d44a45d1fdef4f7414ca81da23bee7aff8b4fddfabca857a9dcd98dac1b39e,88,-0.8740976134281883,0.01
1,0,unrounded_strict,wholly_unseen,laplace,uniform,20.0,current_only,0.0001,3621dc2abef477b0c382bff9ca4f0e425eef9e24668b0f7e0a7276ea3ebab3ba,bb4cf3fcdecdcbc3d08b2379f060a7685e70a969915367a715217cac31b5f177,88,-0.8740697266529348,0.01
1,0,unrounded_strict,wholly_unseen,laplace,uniform,20.0,current_only,0.001,3621dc2abef477b0c382bff9ca4f0e425eef9e24668b0f7e0a7276ea3ebab3ba,8e35bd25542e19b0631a84d59dcd56fb9180b6471db601146cdf48c131ad3b7a,88,-0.8738307158429162,0.01
1,0,unrounded_strict,wholly_unseen,laplace,uniform,20.0,current_only,0.01,3621dc2abef477b0c382bff9ca4f0e425eef9e24668b0f7e0a7276ea3ebab3ba,8f5abc1de5ecd437095613ee3af82d5973c35b850e9551450da8e6203efaac48,88,-0.872432275644194,0.01
1,0,unrounded_strict,wholly_unseen,laplace,uniform,20.0,current_only,0.1,3621dc2abef477b0c382bff9ca4f0e425eef9e24668b0f7e0a7276ea3ebab3ba,9e3dede49d6899a3eb169bbf92aa9ce15c3d468ef90d182d09ec2e743d2679cf,88,-0.8902666883985363,0.01
1,1,unrounded_strict,wholly_unseen,laplace,uniform,20.0,current_only,0.0,83e7d988bb1f3d1b55c2ee260f4982106f1cca34f9196a19a0d4434f968f2336,647241857512d70c29bec9cebf5dfd9662899c1f2bfe31615349744fa98995f8,91,-0.8740976134281883,0.01
1,1,unrounded_strict,wholly_unseen,laplace,uniform,20.0,current_only,0.0001,83e7d988bb1f3d1b55c2ee260f4982106f1cca34f9196a19a0d4434f968f2336,702eed2ce4df5e96637025b306ec8deec0b1f6d58bb7e7b362c6578b8711d102,91,-0.8740697266529348,0.01
1,1,unrounded_strict,wholly_unseen,laplace,uniform,20.0,current_only,0.001,83e7d988bb1f3d1b55c2ee260f4982106f1cca34f9196a19a0d4434f968f2336,497b303afeaa12b511534ca79875b16b4c62df4c951ffb4d664d0e88e3ba4736,91,-0.8738307158429162,0.01
1,1,unrounded_strict,wholly_unseen,laplace,uniform,20.0,current_only,0.01,83e7d988bb1f3d1b55c2ee260f4982106f1cca34f9196a19a0d4434f968f2336,b9c8cb0284a72936e07ad0f8b0f13e38bf38cf588c23c05c7208fa0e7b978d3d,91,-0.872432275644194,0.01
1,1,unrounded_strict,wholly_unseen,laplace,uniform,20.0,current_only,0.1,83e7d988bb1f3d1b55c2ee260f4982106f1cca34f9196a19a0d4434f968f2336,79e30f8e8c81a5bd4339cb5bccb2b0ad941d691a0b42fd6b353f0687d95e1a82,91,-0.8902666883985363,0.01
1,2,unrounded_strict,wholly_unseen,laplace,uniform,20.0,current_only,0.0,44b130c3b861e53a2e0871984a8a3860901a45fffcbc6fe2163c231273f232be,de15ccfa3655e678f0d2b7855215f62deadaf313dab8eabf163202fbbebdde15,90,-0.8740976134281883,0.01
1,2,unrounded_strict,wholly_unseen,laplace,uniform,20.0,current_only,0.0001,44b130c3b861e53a2e0871984a8a3860901a45fffcbc6fe2163c231273f232be,8b5db49fac6e04f2657c6b2fb48ecdfd0cb3346151b572d42766b982e869cc8f,90,-0.8740697266529348,0.01
1,2,unrounded_strict,wholly_unseen,laplace,uniform,20.0,current_only,0.001,44b130c3b861e53a2e0871984a8a3860901a45fffcbc6fe2163c231273f232be,7e3787962c62013e079db3dec688b04987676c977f4c10c8736d046a76c992e1,90,-0.8738307158429162,0.01
1,2,unrounded_strict,wholly_unseen,laplace,uniform,20.0,current_only,0.01,44b130c3b861e53a2e0871984a8a3860901a45fffcbc6fe2163c231273f232be,3fe9fb35edd15f5b4db494a45c893ad3692416b6343aa91c412575a8d9956e29,90,-0.872432275644194,0.01
1,2,unrounded_strict,wholly_unseen,laplace,uniform,20.0,current_only,0.1,44b130c3b861e53a2e0871984a8a3860901a45fffcbc6fe2163c231273f232be,8271c597b75d401a18c9ffa9383c3a599db4b30995cc857d380c8e8a5c2a5131,90,-0.8902666883985363,0.01
1,0,unrounded_strict,wholly_unseen,laplace,uniform,20.0,input_plus_surface,0.0,3621dc2abef477b0c382bff9ca4f0e425eef9e24668b0f7e0a7276ea3ebab3ba,cc4d5ee7c2e24e665923efc15d71e82a3f6eb7c30a4a976c51ebca1d4840ed4d,88,-0.6693691951251521,0.01
1,0,unrounded_strict,wholly_unseen,laplace,uniform,20.0,input_plus_surface,0.0001,3621dc2abef477b0c382bff9ca4f0e425eef9e24668b0f7e0a7276ea3ebab3ba,d7f7fbeccc24b8ff561053f161c0919f9dc4ad115538f4b68fd7a8d36309528f,88,-0.6663801417095733,0.01
1,0,unrounded_strict,wholly_unseen,laplace,uniform,20.0,input_plus_surface,0.001,3621dc2abef477b0c382bff9ca4f0e425eef9e24668b0f7e0a7276ea3ebab3ba,9775ba669558cf0522b2fea5b310195e6fafc9e20cc714d2b1a4565bd0906858,88,-0.6485019683157498,0.01
1,0,unrounded_strict,wholly_unseen,laplace,uniform,20.0,input_plus_surface,0.01,3621dc2abef477b0c382bff9ca4f0e425eef9e24668b0f7e0a7276ea3ebab3ba,f18e9f521d101553942717e068b7768b3d1ffa0145518cafd74446643cc97268,88,-0.6090496279236606,0.01
1,0,unrounded_strict,wholly_unseen,laplace,uniform,20.0,input_plus_surface,0.1,3621dc2abef477b0c382bff9ca4f0e425eef9e24668b0f7e0a7276ea3ebab3ba,7340b66fd313c626472d9e55b34a91425409180bedbb0bf437cbe4c7840f4578,88,-0.651208557498782,0.01
1,1,unrounded_strict,wholly_unseen,laplace,uniform,20.0,input_plus_surface,0.0,83e7d988bb1f3d1b55c2ee260f4982106f1cca34f9196a19a0d4434f968f2336,5493fbfe297b4c74033634527deaaf463aae7fe1408709efc55afc2658312231,91,-0.6693691951251521,0.01
1,1,unrounded_strict,wholly_unseen,laplace,uniform,20.0,input_plus_surface,0.0001,83e7d988bb1f3d1b55c2ee260f4982106f1cca34f9196a19a0d4434f968f2336,1e6658597856a064da4387198e5d7b0bacf45dcab299e75811a44aa41a2a81e6,91,-0.6663801417095733,0.01
1,1,unrounded_strict,wholly_unseen,laplace,uniform,20.0,input_plus_surface,0.001,83e7d988bb1f3d1b55c2ee260f4982106f1cca34f9196a19a0d4434f968f2336,40c4ec1974f0a702331aa6b2c105bca2680bd72cbf83a02939e9719b529a5d70,91,-0.6485019683157498,0.01
1,1,unrounded_strict,wholly_unseen,laplace,uniform,20.0,input_plus_surface,0.01,83e7d988bb1f3d1b55c2ee260f4982106f1cca34f9196a19a0d4434f968f2336,e0b35c98a2d54bc034e9b91fb758198774da25348800464784c04675e6028b64,91,-0.6090496279236606,0.01
1,1,unrounded_strict,wholly_unseen,laplace,uniform,20.0,input_plus_surface,0.1,83e7d988bb1f3d1b55c2ee260f4982106f1cca34f9196a19a0d4434f968f2336,7b6143f80879c254a5f3c4b223ddd30e2802c3089e934530d9b76b5ca2a9f9a4,91,-0.651208557498782,0.01
1,2,unrounded_strict,wholly_unseen,laplace,uniform,20.0,input_plus_surface,0.0,44b130c3b861e53a2e0871984a8a3860901a45fffcbc6fe2163c231273f232be,d927b6f925552e92ceb9d3d1af1220c7e8eaff8f4c8f638e220362841918ff45,90,-0.6693691951251521,0.01
1,2,unrounded_strict,wholly_unseen,laplace,uniform,20.0,input_plus_surface,0.0001,44b130c3b861e53a2e0871984a8a3860901a45fffcbc6fe2163c231273f232be,9d5986c01a23c6c55d06cf23a8bf563fb57ea496e1e005f5f4f793f53d34db87,90,-0.6663801417095733,0.01
1,2,unrounded_strict,wholly_unseen,laplace,uniform,20.0,input_plus_surface,0.001,44b130c3b861e53a2e0871984a8a3860901a45fffcbc6fe2163c231273f232be,4c02af1ee8c6e28d2943fd5b620bbb950a5b847bc08fc36ee6f211b95696e737,90,-0.6485019683157498,0.01
1,2,unrounded_strict,wholly_unseen,laplace,uniform,20.0,input_plus_surface,0.01,44b130c3b861e53a2e0871984a8a3860901a45fffcbc6fe2163c231273f232be,79573bb5ce2b442d086ff87efaa490aaedd15480570321e6ec5319293d18ed2d,90,-0.6090496279236606,0.01
1,2,unrounded_strict,wholly_unseen,laplace,uniform,20.0,input_plus_surface,0.1,44b130c3b861e53a2e0871984a8a3860901a45fffcbc6fe2163c231273f232be,fbf6f8097b574238dc93aab61eb447b1ac8fe60fa3d342e1f0083f14015e3533,90,-0.651208557498782,0.01
1,0,unrounded_strict,wholly_unseen,laplace,uniform,20.0,HU_plus_surface,0.0,3621dc2abef477b0c382bff9ca4f0e425eef9e24668b0f7e0a7276ea3ebab3ba,66fe87090a4062be1abce25a5cef9e0e2ee88635e6ff6d3144095ac0a177a554,88,-0.6362051734587783,0.01
1,0,unrounded_strict,wholly_unseen,laplace,uniform,20.0,HU_plus_surface,0.0001,3621dc2abef477b0c382bff9ca4f0e425eef9e24668b0f7e0a7276ea3ebab3ba,c36e0a59f2fb1eb2bb8115d0a77e8552538b468cf45d07a2b7354ca9d86b60b2,88,-0.6335170302529761,0.01
1,0,unrounded_strict,wholly_unseen,laplace,uniform,20.0,HU_plus_surface,0.001,3621dc2abef477b0c382bff9ca4f0e425eef9e24668b0f7e0a7276ea3ebab3ba,52cca8282aa90b29b2712bc55adaa2646ffb42f77cd15218874dd540326805ce,88,-0.6179865791966261,0.01
1,0,unrounded_strict,wholly_unseen,laplace,uniform,20.0,HU_plus_surface,0.01,3621dc2abef477b0c382bff9ca4f0e425eef9e24668b0f7e0a7276ea3ebab3ba,ccd02cb220f539b2397a4c2220501dfac11709c95b33ecee6b2da90dc0a3a4aa,88,-0.5871214015321115,0.01
1,0,unrounded_strict,wholly_unseen,laplace,uniform,20.0,HU_plus_surface,0.1,3621dc2abef477b0c382bff9ca4f0e425eef9e24668b0f7e0a7276ea3ebab3ba,07ffbaf2fc426dd9d8504d25af8ee4d9ba0a70f14deca24dd7b636a7a4d8443a,88,-0.6413404411864296,0.01
1,1,unrounded_strict,wholly_unseen,laplace,uniform,20.0,HU_plus_surface,0.0,83e7d988bb1f3d1b55c2ee260f4982106f1cca34f9196a19a0d4434f968f2336,1f5fb4ca58346bdcfb562a4447917ae1763b96024e9cd64fa5b9f9cc219b20da,91,-0.6362051734587783,0.01
1,1,unrounded_strict,wholly_unseen,laplace,uniform,20.0,HU_plus_surface,0.0001,83e7d988bb1f3d1b55c2ee260f4982106f1cca34f9196a19a0d4434f968f2336,f0f78e42689194433977640a10622fc6ed966731ab72b39e6ac65466c01bcd0b,91,-0.6335170302529761,0.01
1,1,unrounded_strict,wholly_unseen,laplace,uniform,20.0,HU_plus_surface,0.001,83e7d988bb1f3d1b55c2ee260f4982106f1cca34f9196a19a0d4434f968f2336,d4628e76f0b3a0ec18d9df104eea627eb386c895f6eb2800b6900599aa3cba94,91,-0.6179865791966261,0.01
1,1,unrounded_strict,wholly_unseen,laplace,uniform,20.0,HU_plus_surface,0.01,83e7d988bb1f3d1b55c2ee260f4982106f1cca34f9196a19a0d4434f968f2336,107f5eed81cd809711a5bdd8ec23a29e97d04c92c0a0e3a2df3549b59ccdf69d,91,-0.5871214015321115,0.01
1,1,unrounded_strict,wholly_unseen,laplace,uniform,20.0,HU_plus_surface,0.1,83e7d988bb1f3d1b55c2ee260f4982106f1cca34f9196a19a0d4434f968f2336,6b9601f8758467786de38de6b3772c6533fb3bf4a08866c02f2e00289be02f43,91,-0.6413404411864296,0.01
1,2,unrounded_strict,wholly_unseen,laplace,uniform,20.0,HU_plus_surface,0.0,44b130c3b861e53a2e0871984a8a3860901a45fffcbc6fe2163c231273f232be,f4d87d74ed1d9550a424a79e324c412cba6599f78c7c42e1e748c2d9ac342d3a,90,-0.6362051734587783,0.01
1,2,unrounded_strict,wholly_unseen,laplace,uniform,20.0,HU_plus_surface,0.0001,44b130c3b861e53a2e0871984a8a3860901a45fffcbc6fe2163c231273f232be,9b341b5e3816e4825f7c02eaa1823e0e0f0db6d919d4e3fdcb19b3e35d3fbdb3,90,-0.6335170302529761,0.01
1,2,unrounded_strict,wholly_unseen,laplace,uniform,20.0,HU_plus_surface,0.001,44b130c3b861e53a2e0871984a8a3860901a45fffcbc6fe2163c231273f232be,88381dcc3e8f80f8e6d0ee5f0e640f411ec8d69b7c98a01d6beeb94ee5257888,90,-0.6179865791966261,0.01
1,2,unrounded_strict,wholly_unseen,laplace,uniform,20.0,HU_plus_surface,0.01,44b130c3b861e53a2e0871984a8a3860901a45fffcbc6fe2163c231273f232be,a0ce99cbc5ac1262af8613dc81a9a9bb7a50d037120aa42e045cc8fd355f2e03,90,-0.5871214015321115,0.01
1,2,unrounded_strict,wholly_unseen,laplace,uniform,20.0,HU_plus_surface,0.1,44b130c3b861e53a2e0871984a8a3860901a45fffcbc6fe2163c231273f232be,c9b0911a6a630abb7d0017f2305b1896ecc04ba54033ccd4b52f9131c8d005e5,90,-0.6413404411864296,0.01
1,0,unrounded_strict,wholly_unseen,laplace,uniform,20.0,retention_bounded_plus_HU,0.0,3621dc2abef477b0c382bff9ca4f0e425eef9e24668b0f7e0a7276ea3ebab3ba,b5aebbbe73a4df7337702466627a89f772e7a7ef29c38a3f7367bfd289e3dfb8,88,-0.6521359128328349,0.1
1,0,unrounded_strict,wholly_unseen,laplace,uniform,20.0,retention_bounded_plus_HU,0.0001,3621dc2abef477b0c382bff9ca4f0e425eef9e24668b0f7e0a7276ea3ebab3ba,05cc3b379e6821b1a4d7ba41e9b65ca6cac535736b7903d00c66107a76adbbd2,88,-0.6517632423643546,0.1
1,0,unrounded_strict,wholly_unseen,laplace,uniform,20.0,retention_bounded_plus_HU,0.001,3621dc2abef477b0c382bff9ca4f0e425eef9e24668b0f7e0a7276ea3ebab3ba,27c7129a1fc703b5bebbf2cbe61adae3262fb62219deb6aa2062c5ac6127ebe9,88,-0.6487715197653822,0.1
1,0,unrounded_strict,wholly_unseen,laplace,uniform,20.0,retention_bounded_plus_HU,0.01,3621dc2abef477b0c382bff9ca4f0e425eef9e24668b0f7e0a7276ea3ebab3ba,128f2dce18cd7efb2b1007ba3d5228f4ea47c3f3ef9f9baa6e1d861d5d40ca8b,88,-0.6148967025390132,0.1
1,0,unrounded_strict,wholly_unseen,laplace,uniform,20.0,retention_bounded_plus_HU,0.1,3621dc2abef477b0c382bff9ca4f0e425eef9e24668b0f7e0a7276ea3ebab3ba,53923b5afe1940441e5d4de25df161f991043188d200d5ff4a30304d30ccc873,88,-0.6131754142805546,0.1
1,1,unrounded_strict,wholly_unseen,laplace,uniform,20.0,retention_bounded_plus_HU,0.0,83e7d988bb1f3d1b55c2ee260f4982106f1cca34f9196a19a0d4434f968f2336,13496e556029d01ec0da3047cf8600ebc6ce463764efcdf6d246c2ee6507cee7,91,-0.6521359128328349,0.1
1,1,unrounded_strict,wholly_unseen,laplace,uniform,20.0,retention_bounded_plus_HU,0.0001,83e7d988bb1f3d1b55c2ee260f4982106f1cca34f9196a19a0d4434f968f2336,8ae12d661355fab6ca84c7c134bb87caa057ea249173c8c01815a084d63e309d,91,-0.6517632423643546,0.1
1,1,unrounded_strict,wholly_unseen,laplace,uniform,20.0,retention_bounded_plus_HU,0.001,83e7d988bb1f3d1b55c2ee260f4982106f1cca34f9196a19a0d4434f968f2336,b69e18ee754025c844308b1dc51739d77788edaa02288a0c1fe056084ba6aa18,91,-0.6487715197653822,0.1
1,1,unrounded_strict,wholly_unseen,laplace,uniform,20.0,retention_bounded_plus_HU,0.01,83e7d988bb1f3d1b55c2ee260f4982106f1cca34f9196a19a0d4434f968f2336,805b668562468e6fc7cc88bfe879b38be10885d5cc9bea83bab194c4e1964700,91,-0.6148967025390132,0.1
1,1,unrounded_strict,wholly_unseen,laplace,uniform,20.0,retention_bounded_plus_HU,0.1,83e7d988bb1f3d1b55c2ee260f4982106f1cca34f9196a19a0d4434f968f2336,9a1f2140f6f609823fc77e7ae414093914bd0daa45956c27fd3bcacc01aece1f,91,-0.6131754142805546,0.1
1,2,unrounded_strict,wholly_unseen,laplace,uniform,20.0,retention_bounded_plus_HU,0.0,44b130c3b861e53a2e0871984a8a3860901a45fffcbc6fe2163c231273f232be,4c12a4eaebecb5751b42e5792b227f17799bef4920cb44adc1832d9e98af3acd,90,-0.6521359128328349,0.1
1,2,unrounded_strict,wholly_unseen,laplace,uniform,20.0,retention_bounded_plus_HU,0.0001,44b130c3b861e53a2e0871984a8a3860901a45fffcbc6fe2163c231273f232be,02b3645a230f9be53ba6d48ad17a1226d4d8ed2438a4dd846555b9e1db4545bb,90,-0.6517632423643546,0.1
1,2,unrounded_strict,wholly_unseen,laplace,uniform,20.0,retention_bounded_plus_HU,0.001,44b130c3b861e53a2e0871984a8a3860901a45fffcbc6fe2163c231273f232be,a5d5bf2359a1b853e71df5755cda745fd08464e9d919fdae3348d328b38f0679,90,-0.6487715197653822,0.1
1,2,unrounded_strict,wholly_unseen,laplace,uniform,20.0,retention_bounded_plus_HU,0.01,44b130c3b861e53a2e0871984a8a3860901a45fffcbc6fe2163c231273f232be,2c0c3cc278721cfb3d58d5b336a0294f1d3366a0ef9b9bf432e7a115ac1ac037,90,-0.6148967025390132,0.1
1,2,unrounded_strict,wholly_unseen,laplace,uniform,20.0,retention_bounded_plus_HU,0.1,44b130c3b861e53a2e0871984a8a3860901a45fffcbc6fe2163c231273f232be,cbef02692094ecb82e353c751492e74d1cf0607e2d11366019da969340646019,90,-0.6131754142805546,0.1
1,0,unrounded_strict,wholly_unseen,gh80,uniform,20.0,HU_plus_surface,0.0,3621dc2abef477b0c382bff9ca4f0e425eef9e24668b0f7e0a7276ea3ebab3ba,9b12329e1f8dac43d236a3fdfa102171ad680a2216c265dbcec04c47a1883ea4,88,-0.6317972334371789,0.01
1,0,unrounded_strict,wholly_unseen,gh80,uniform,20.0,HU_plus_surface,0.0001,3621dc2abef477b0c382bff9ca4f0e425eef9e24668b0f7e0a7276ea3ebab3ba,9f4d837aec3e41c2df89a88e18431c9d331f84e64b62a901ef87a14f5554922c,88,-0.6291629465247092,0.01
1,0,unrounded_strict,wholly_unseen,gh80,uniform,20.0,HU_plus_surface,0.001,3621dc2abef477b0c382bff9ca4f0e425eef9e24668b0f7e0a7276ea3ebab3ba,07cfefc7db880c623c0d3fa2944d7dbf6ed067e2ef021dbe612e48c51dabb3ba,88,-0.6141098671562369,0.01
1,0,unrounded_strict,wholly_unseen,gh80,uniform,20.0,HU_plus_surface,0.01,3621dc2abef477b0c382bff9ca4f0e425eef9e24668b0f7e0a7276ea3ebab3ba,86b6b2b5971c095dcb37272021954578587cc6608ee0c12a4e75201f38e391cb,88,-0.5853656583483521,0.01
1,0,unrounded_strict,wholly_unseen,gh80,uniform,20.0,HU_plus_surface,0.1,3621dc2abef477b0c382bff9ca4f0e425eef9e24668b0f7e0a7276ea3ebab3ba,1a5aa09bc38c8cbf35a881f9cc583f483f58c74e6d9aac8f9fe62a8919e7df0d,88,-0.642598046160632,0.01
1,1,unrounded_strict,wholly_unseen,gh80,uniform,20.0,HU_plus_surface,0.0,83e7d988bb1f3d1b55c2ee260f4982106f1cca34f9196a19a0d4434f968f2336,7ea1e32e90de4362c01d330b06e175f7aca0986e1bbe8814098e828da5137210,91,-0.6317972334371789,0.01
1,1,unrounded_strict,wholly_unseen,gh80,uniform,20.0,HU_plus_surface,0.0001,83e7d988bb1f3d1b55c2ee260f4982106f1cca34f9196a19a0d4434f968f2336,99910e5717ca3384cc7ce1697f3f813dbb611bff3cb2f8a18efa8925285971dd,91,-0.6291629465247092,0.01
1,1,unrounded_strict,wholly_unseen,gh80,uniform,20.0,HU_plus_surface,0.001,83e7d988bb1f3d1b55c2ee260f4982106f1cca34f9196a19a0d4434f968f2336,9b1a591869f65b13e533058ee84483ad13a051cf803ebea41f13136f5b1e6cd1,91,-0.6141098671562369,0.01
1,1,unrounded_strict,wholly_unseen,gh80,uniform,20.0,HU_plus_surface,0.01,83e7d988bb1f3d1b55c2ee260f4982106f1cca34f9196a19a0d4434f968f2336,d922d0e654ca134bcddc198ec8b4e13e9998b3224a3390ceae2ab72b74a086ed,91,-0.5853656583483521,0.01
1,1,unrounded_strict,wholly_unseen,gh80,uniform,20.0,HU_plus_surface,0.1,83e7d988bb1f3d1b55c2ee260f4982106f1cca34f9196a19a0d4434f968f2336,1f4a7b96bb82e476b9e6fbc36c286b8bf17fd63e442def23ee921acc640ac532,91,-0.642598046160632,0.01
1,2,unrounded_strict,wholly_unseen,gh80,uniform,20.0,HU_plus_surface,0.0,44b130c3b861e53a2e0871984a8a3860901a45fffcbc6fe2163c231273f232be,988e239a0cf666c4fc888d775eb766cb58759ec44e5b3c900e1cffc6ad2dffbe,90,-0.6317972334371789,0.01
1,2,unrounded_strict,wholly_unseen,gh80,uniform,20.0,HU_plus_surface,0.0001,44b130c3b861e53a2e0871984a8a3860901a45fffcbc6fe2163c231273f232be,627b59ef1171d7d7fc460d521d988d102ddbc39738f7806413ef4099a4641d31,90,-0.6291629465247092,0.01
1,2,unrounded_strict,wholly_unseen,gh80,uniform,20.0,HU_plus_surface,0.001,44b130c3b861e53a2e0871984a8a3860901a45fffcbc6fe2163c231273f232be,515c92dc5749b2e75d2341e9e5977d4da171c61b4d809f455a9a25330fe136d6,90,-0.6141098671562369,0.01
1,2,unrounded_strict,wholly_unseen,gh80,uniform,20.0,HU_plus_surface,0.01,44b130c3b861e53a2e0871984a8a3860901a45fffcbc6fe2163c231273f232be,7898205dfc69adaa1a336ebdd7c401ceb32c0ccf869af3787778b97aae2c293c,90,-0.5853656583483521,0.01
1,2,unrounded_strict,wholly_unseen,gh80,uniform,20.0,HU_plus_surface,0.1,44b130c3b861e53a2e0871984a8a3860901a45fffcbc6fe2163c231273f232be,69232d4f3d670e11126ecc88449008db21d7cbaf31489b436ac140e2a6083695,90,-0.642598046160632,0.01
1,0,unrounded_strict,wholly_unseen,gh80,uniform,20.0,retention_bounded_plus_HU,0.0,3621dc2abef477b0c382bff9ca4f0e425eef9e24668b0f7e0a7276ea3ebab3ba,1f33f3f1658cf7999dc9eff4f08f25c325a2ea9f1658ad22d5a378666295f395,88,-0.6510861136691387,0.1
1,0,unrounded_strict,wholly_unseen,gh80,uniform,20.0,retention_bounded_plus_HU,0.0001,3621dc2abef477b0c382bff9ca4f0e425eef9e24668b0f7e0a7276ea3ebab3ba,3da411bf53a39351acee18eae45b0827a2750ae54e102b7699164cbe75a7b202,88,-0.6509457026020226,0.1
1,0,unrounded_strict,wholly_unseen,gh80,uniform,20.0,retention_bounded_plus_HU,0.001,3621dc2abef477b0c382bff9ca4f0e425eef9e24668b0f7e0a7276ea3ebab3ba,9033cf23c00706c478883d373b08883ba4e7fdee3d089df35694498f8eb0088f,88,-0.6493208762138521,0.1
1,0,unrounded_strict,wholly_unseen,gh80,uniform,20.0,retention_bounded_plus_HU,0.01,3621dc2abef477b0c382bff9ca4f0e425eef9e24668b0f7e0a7276ea3ebab3ba,cc14eb6d44c9e517eeedae0ed3ca122565ae9c925c0cfcf975be120aa7b94ca4,88,-0.6165405629755735,0.1
1,0,unrounded_strict,wholly_unseen,gh80,uniform,20.0,retention_bounded_plus_HU,0.1,3621dc2abef477b0c382bff9ca4f0e425eef9e24668b0f7e0a7276ea3ebab3ba,c71edf69b3ec65cd67c2919369944771f37841a10d6529197cfb9cf111661f54,88,-0.6147042698286002,0.1
1,1,unrounded_strict,wholly_unseen,gh80,uniform,20.0,retention_bounded_plus_HU,0.0,83e7d988bb1f3d1b55c2ee260f4982106f1cca34f9196a19a0d4434f968f2336,2c80d056a464f0a5ee96af42398462ab9e37eaf29642d648a0d5e89bcad45140,91,-0.6510861136691387,0.1
1,1,unrounded_strict,wholly_unseen,gh80,uniform,20.0,retention_bounded_plus_HU,0.0001,83e7d988bb1f3d1b55c2ee260f4982106f1cca34f9196a19a0d4434f968f2336,c11c5abfdc388343c98199585bbfc731b7383e7a7af89452875accb2a0e6e386,91,-0.6509457026020226,0.1
1,1,unrounded_strict,wholly_unseen,gh80,uniform,20.0,retention_bounded_plus_HU,0.001,83e7d988bb1f3d1b55c2ee260f4982106f1cca34f9196a19a0d4434f968f2336,9d103404bc3287ced7915207f2a1c87e62f5e45bee9f38bf3c38b468c57904cb,91,-0.6493208762138521,0.1
1,1,unrounded_strict,wholly_unseen,gh80,uniform,20.0,retention_bounded_plus_HU,0.01,83e7d988bb1f3d1b55c2ee260f4982106f1cca34f9196a19a0d4434f968f2336,54267185282bb660639fa42e1b532e5e437620d45be20bdd067b42499525f0ff,91,-0.6165405629755735,0.1
1,1,unrounded_strict,wholly_unseen,gh80,uniform,20.0,retention_bounded_plus_HU,0.1,83e7d988bb1f3d1b55c2ee260f4982106f1cca34f9196a19a0d4434f968f2336,4671d5073be4ef55349570e72860bb11c9f4c6794cfd4bfc9f6683c5132ece1f,91,-0.6147042698286002,0.1
1,2,unrounded_strict,wholly_unseen,gh80,uniform,20.0,retention_bounded_plus_HU,0.0,44b130c3b861e53a2e0871984a8a3860901a45fffcbc6fe2163c231273f232be,ca53b27e1d5e6c76b78f6685a37eafaac322159289d74cd5a4ae5bd65932c5a0,90,-0.6510861136691387,0.1
1,2,unrounded_strict,wholly_unseen,gh80,uniform,20.0,retention_bounded_plus_HU,0.0001,44b130c3b861e53a2e0871984a8a3860901a45fffcbc6fe2163c231273f232be,632508dd3836025974faac5bf6cb078efda02a16aeb8fc887059647f2789f0f8,90,-0.6509457026020226,0.1
1,2,unrounded_strict,wholly_unseen,gh80,uniform,20.0,retention_bounded_plus_HU,0.001,44b130c3b861e53a2e0871984a8a3860901a45fffcbc6fe2163c231273f232be,2af70eb5b573de2e51d36859953f4d869a05973c114de41269bdc3c1fc6c4787,90,-0.6493208762138521,0.1
1,2,unrounded_strict,wholly_unseen,gh80,uniform,20.0,retention_bounded_plus_HU,0.01,44b130c3b861e53a2e0871984a8a3860901a45fffcbc6fe2163c231273f232be,87af73fd37f1df84b7615e30749911f08613e368d42a377e6f971580a56ca3b6,90,-0.6165405629755735,0.1
1,2,unrounded_strict,wholly_unseen,gh80,uniform,20.0,retention_bounded_plus_HU,0.1,44b130c3b861e53a2e0871984a8a3860901a45fffcbc6fe2163c231273f232be,49520ea124eea47e49bd4211aa2528eb8ceb7443742ed6849402d496e3c7d351,90,-0.6147042698286002,0.1
2,0,all_strict,side_informed,laplace,uniform,20.0,retention_bounded,0.0,6af75daa525968e68fb8d352969dddfe3b92e90b6a86578e4f8560ce19d4e895,a634a05f7b3db70919de255a1b969325e25ef94fb5a57b71200a0f5631f9f3c9,137,-0.3551080054854972,0.01
2,0,all_strict,side_informed,laplace,uniform,20.0,retention_bounded,0.0001,6af75daa525968e68fb8d352969dddfe3b92e90b6a86578e4f8560ce19d4e895,af5ec4f491b0ba5314079fc5395c8852099f1986454fd5d435a5233cab74940d,137,-0.35371822591110885,0.01
2,0,all_strict,side_informed,laplace,uniform,20.0,retention_bounded,0.001,6af75daa525968e68fb8d352969dddfe3b92e90b6a86578e4f8560ce19d4e895,285fd2519cf2b1d56aaeab39a372c3bcfd1da889bffb72f11333b08b58479beb,137,-0.3443354424746098,0.01
2,0,all_strict,side_informed,laplace,uniform,20.0,retention_bounded,0.01,6af75daa525968e68fb8d352969dddfe3b92e90b6a86578e4f8560ce19d4e895,8eda46bb513c1fc2d76dc6c2b566f9fe3821d3a3d8a7184e856937aa13639f95,137,-0.3176076815344162,0.01
2,0,all_strict,side_informed,laplace,uniform,20.0,retention_bounded,0.1,6af75daa525968e68fb8d352969dddfe3b92e90b6a86578e4f8560ce19d4e895,26e0a883f7c45631cbcd2898b554f6d3ed5dff52fda4a3b68a5fc25fb982f335,137,-0.34800048093377284,0.01
2,1,all_strict,side_informed,laplace,uniform,20.0,retention_bounded,0.0,720abc63837a1c45a58674d554acfed0556ae646781babf1ab0907514d9f87bd,edd3bfb5ca0bc8f94c2fc054d0d3eeffd0f302a890672241482d2ff02bf801b6,136,-0.3551080054854972,0.01
2,1,all_strict,side_informed,laplace,uniform,20.0,retention_bounded,0.0001,720abc63837a1c45a58674d554acfed0556ae646781babf1ab0907514d9f87bd,2ee6176e3650d1432b349262d2c6471957ff9478012123c86f7c95e98873bf73,136,-0.35371822591110885,0.01
2,1,all_strict,side_informed,laplace,uniform,20.0,retention_bounded,0.001,720abc63837a1c45a58674d554acfed0556ae646781babf1ab0907514d9f87bd,ca536b17291c948dc6c5681cec93a1e2b7b3702c5b4fcb671c08178b75e48049,136,-0.3443354424746098,0.01
2,1,all_strict,side_informed,laplace,uniform,20.0,retention_bounded,0.01,720abc63837a1c45a58674d554acfed0556ae646781babf1ab0907514d9f87bd,fb9dc7fad577bfe9f32df287c9dd38a200c0c3e8a9cac019c106ba6935ee392b,136,-0.3176076815344162,0.01
2,1,all_strict,side_informed,laplace,uniform,20.0,retention_bounded,0.1,720abc63837a1c45a58674d554acfed0556ae646781babf1ab0907514d9f87bd,e51aff2c13353029b79a4657563cd1230408ab7a5f43d7f003efc5c612dfca24,136,-0.34800048093377284,0.01
2,2,all_strict,side_informed,laplace,uniform,20.0,retention_bounded,0.0,46b216ba26aa11acaa5d3f570ff995f2e06b4023e6af3be0a5801b3a981e0482,5dd7d82a749ff6e6551559e7847a8a380d9866fcd9cc1f5d858d5da2c794e59f,139,-0.3551080054854972,0.01
2,2,all_strict,side_informed,laplace,uniform,20.0,retention_bounded,0.0001,46b216ba26aa11acaa5d3f570ff995f2e06b4023e6af3be0a5801b3a981e0482,a6ca21f0d41a38ad00847e38094be786ecc836f7843054a913bc2ca786a1b5ad,139,-0.35371822591110885,0.01
2,2,all_strict,side_informed,laplace,uniform,20.0,retention_bounded,0.001,46b216ba26aa11acaa5d3f570ff995f2e06b4023e6af3be0a5801b3a981e0482,92b422973fe2afd40f2b27e63d6fe1a9dc45083b55d37be4d4d842da31ed371f,139,-0.3443354424746098,0.01
2,2,all_strict,side_informed,laplace,uniform,20.0,retention_bounded,0.01,46b216ba26aa11acaa5d3f570ff995f2e06b4023e6af3be0a5801b3a981e0482,a08910dddef064247dae719bf1ad13c0d956ca398aa44d969f01ed4cbb610dd1,139,-0.3176076815344162,0.01
2,2,all_strict,side_informed,laplace,uniform,20.0,retention_bounded,0.1,46b216ba26aa11acaa5d3f570ff995f2e06b4023e6af3be0a5801b3a981e0482,55bf83ad89b7783640f519eca75fde1c987c2ca100dca6dca91120d7b683d979,139,-0.34800048093377284,0.01
2,0,all_strict,side_informed,laplace,uniform,20.0,retention_nonnegative,0.0,6af75daa525968e68fb8d352969dddfe3b92e90b6a86578e4f8560ce19d4e895,eceb5db632c46269dba440aa3a2bf0868d46a3f3e7a8047efffccf82ca78060c,137,-0.3551080054690977,0.01
2,0,all_strict,side_informed,laplace,uniform,20.0,retention_nonnegative,0.0001,6af75daa525968e68fb8d352969dddfe3b92e90b6a86578e4f8560ce19d4e895,0c17e7565a4781bfd679e1c5f70047d3293573d039802623bd76da9e022e5e71,137,-0.35394697699368044,0.01
2,0,all_strict,side_informed,laplace,uniform,20.0,retention_nonnegative,0.001,6af75daa525968e68fb8d352969dddfe3b92e90b6a86578e4f8560ce19d4e895,6ca19d33da72ce9da231d50028457b7e40b87e81d9bc976e610df92b7331cab7,137,-0.3471443069324905,0.01
2,0,all_strict,side_informed,laplace,uniform,20.0,retention_nonnegative,0.01,6af75daa525968e68fb8d352969dddfe3b92e90b6a86578e4f8560ce19d4e895,e032a3cac18901b40f115626f10343b01ead5de0ce9a6fe36a3aede5b7e62fe4,137,-0.33997846829461814,0.01
2,0,all_strict,side_informed,laplace,uniform,20.0,retention_nonnegative,0.1,6af75daa525968e68fb8d352969dddfe3b92e90b6a86578e4f8560ce19d4e895,d6539d5dbda06b40dbcff6942f5669a5aec09fd0f366eb10386b874816dd3d35,137,-0.4053413344281799,0.01
2,1,all_strict,side_informed,laplace,uniform,20.0,retention_nonnegative,0.0,720abc63837a1c45a58674d554acfed0556ae646781babf1ab0907514d9f87bd,a289d267417fd49db6fffb18c02766a3219ec31ac2f5687d33735636b326264a,136,-0.3551080054690977,0.01
2,1,all_strict,side_informed,laplace,uniform,20.0,retention_nonnegative,0.0001,720abc63837a1c45a58674d554acfed0556ae646781babf1ab0907514d9f87bd,595caf3ff813433dfd3592cf52531e9b859d03aa7e16a8e66ee1b520d1641a17,136,-0.35394697699368044,0.01
2,1,all_strict,side_informed,laplace,uniform,20.0,retention_nonnegative,0.001,720abc63837a1c45a58674d554acfed0556ae646781babf1ab0907514d9f87bd,fdcfd6d9330564bee1a5ff572b1653aa8b0f6f061400c331b0cd9045744a11e9,136,-0.3471443069324905,0.01
2,1,all_strict,side_informed,laplace,uniform,20.0,retention_nonnegative,0.01,720abc63837a1c45a58674d554acfed0556ae646781babf1ab0907514d9f87bd,0f2db79cc2af5a3b46957077a905592ba0b1bb4456e7c69924b4160bb1293b9a,136,-0.33997846829461814,0.01
2,1,all_strict,side_informed,laplace,uniform,20.0,retention_nonnegative,0.1,720abc63837a1c45a58674d554acfed0556ae646781babf1ab0907514d9f87bd,9abc4c896f32f4f50bbd762066edf2ef2b2e298e095dfbe62ddafc88d3f77064,136,-0.4053413344281799,0.01
2,2,all_strict,side_informed,laplace,uniform,20.0,retention_nonnegative,0.0,46b216ba26aa11acaa5d3f570ff995f2e06b4023e6af3be0a5801b3a981e0482,7c0f77796da75cf42114bbea07f4f13efcb649824c68b5b38699cb65bc1fc1f8,139,-0.3551080054690977,0.01
2,2,all_strict,side_informed,laplace,uniform,20.0,retention_nonnegative,0.0001,46b216ba26aa11acaa5d3f570ff995f2e06b4023e6af3be0a5801b3a981e0482,b5800e684afe874e68bec4fe9996f7bdf7f66993d193147b91601ae6031e1fb2,139,-0.35394697699368044,0.01
2,2,all_strict,side_informed,laplace,uniform,20.0,retention_nonnegative,0.001,46b216ba26aa11acaa5d3f570ff995f2e06b4023e6af3be0a5801b3a981e0482,ba5262f1d72ca845e9170dfcead2a43a5715eae25a9d909163976818e2f70628,139,-0.3471443069324905,0.01
2,2,all_strict,side_informed,laplace,uniform,20.0,retention_nonnegative,0.01,46b216ba26aa11acaa5d3f570ff995f2e06b4023e6af3be0a5801b3a981e0482,732a6c97120368be052adbde491810abdfc0d4b694fb2307d6e0ae6c48420797,139,-0.33997846829461814,0.01
2,2,all_strict,side_informed,laplace,uniform,20.0,retention_nonnegative,0.1,46b216ba26aa11acaa5d3f570ff995f2e06b4023e6af3be0a5801b3a981e0482,4cf52c5865c90098f99c0b19be4197bb19bda167287af490c1dfc6a72634a4e3,139,-0.4053413344281799,0.01
2,0,all_strict,side_informed,laplace,uniform,20.0,current_only,0.0,6af75daa525968e68fb8d352969dddfe3b92e90b6a86578e4f8560ce19d4e895,58ac8f606bb211a3b2caee410e2b676ac57a795668432d3ce71618190dd2cf95,137,-0.5586203897658598,0.01
2,0,all_strict,side_informed,laplace,uniform,20.0,current_only,0.0001,6af75daa525968e68fb8d352969dddfe3b92e90b6a86578e4f8560ce19d4e895,95dae3dea8aa932da473af265f3941665380487f01d71be0e894664c56598b96,137,-0.5584757107271491,0.01
2,0,all_strict,side_informed,laplace,uniform,20.0,current_only,0.001,6af75daa525968e68fb8d352969dddfe3b92e90b6a86578e4f8560ce19d4e895,e4169a7a5d80c33c4d6b63fe10eb06032708fac9bce8202916b02ab8bf99f633,137,-0.5572318752342927,0.01
2,0,all_strict,side_informed,laplace,uniform,20.0,current_only,0.01,6af75daa525968e68fb8d352969dddfe3b92e90b6a86578e4f8560ce19d4e895,7a264b67776c9bed80b3d74ee8f8f847bc6e5678fbd449254620f4225e7c840d,137,-0.5489886505277628,0.01
2,0,all_strict,side_informed,laplace,uniform,20.0,current_only,0.1,6af75daa525968e68fb8d352969dddfe3b92e90b6a86578e4f8560ce19d4e895,ffbfdb4dd038e50c4fdbd5602ce981a25b22ceb7222fbb7d9c38604c5b1b9e58,137,-0.5602320709939119,0.01
2,1,all_strict,side_informed,laplace,uniform,20.0,current_only,0.0,720abc63837a1c45a58674d554acfed0556ae646781babf1ab0907514d9f87bd,a070e4b3f39a201a480464e5f39253050c538bac60975999b37f59e7f0fce8ca,136,-0.5586203897658598,0.01
2,1,all_strict,side_informed,laplace,uniform,20.0,current_only,0.0001,720abc63837a1c45a58674d554acfed0556ae646781babf1ab0907514d9f87bd,a61d40ae3133173e521ff4c838dc1f193bc26872efa3a4f0f3301a1f55a63d2f,136,-0.5584757107271491,0.01
2,1,all_strict,side_informed,laplace,uniform,20.0,current_only,0.001,720abc63837a1c45a58674d554acfed0556ae646781babf1ab0907514d9f87bd,aa07cd000f30d750121188f0138495a62ae5b1fd6cded052b7c2418dc298c085,136,-0.5572318752342927,0.01
2,1,all_strict,side_informed,laplace,uniform,20.0,current_only,0.01,720abc63837a1c45a58674d554acfed0556ae646781babf1ab0907514d9f87bd,78c95d140debcee3dd97e45ec3fe9da45c317a8d794af12c25c086b2f79c9b1b,136,-0.5489886505277628,0.01
2,1,all_strict,side_informed,laplace,uniform,20.0,current_only,0.1,720abc63837a1c45a58674d554acfed0556ae646781babf1ab0907514d9f87bd,0cc6378626583579fc5a31158a01d376b0d341a74da4d73f839651d2bc5f26b8,136,-0.5602320709939119,0.01
2,2,all_strict,side_informed,laplace,uniform,20.0,current_only,0.0,46b216ba26aa11acaa5d3f570ff995f2e06b4023e6af3be0a5801b3a981e0482,d49c72e495c3f8ed87122ace3ff3254f4e21fa95d327efde56865d31e5825cc9,139,-0.5586203897658598,0.01
2,2,all_strict,side_informed,laplace,uniform,20.0,current_only,0.0001,46b216ba26aa11acaa5d3f570ff995f2e06b4023e6af3be0a5801b3a981e0482,2a98a6f7b834f5a7a3df051f6e836e681d46662f62cc12897b44b7a9251bc060,139,-0.5584757107271491,0.01
2,2,all_strict,side_informed,laplace,uniform,20.0,current_only,0.001,46b216ba26aa11acaa5d3f570ff995f2e06b4023e6af3be0a5801b3a981e0482,22266b4670e7ff90641e3c8234923967bd99ff467ec85a7d964131db904305d1,139,-0.5572318752342927,0.01
2,2,all_strict,side_informed,laplace,uniform,20.0,current_only,0.01,46b216ba26aa11acaa5d3f570ff995f2e06b4023e6af3be0a5801b3a981e0482,3022a034e2c77d248272f36a28205852a429a4bc21db15a83580d6c7172e6c0f,139,-0.5489886505277628,0.01
2,2,all_strict,side_informed,laplace,uniform,20.0,current_only,0.1,46b216ba26aa11acaa5d3f570ff995f2e06b4023e6af3be0a5801b3a981e0482,443ee38af6ecca492d08ae643895665a96cdc9a734d1f9941221339fca812853,139,-0.5602320709939119,0.01
2,0,all_strict,side_informed,laplace,uniform,20.0,input_plus_surface,0.0,6af75daa525968e68fb8d352969dddfe3b92e90b6a86578e4f8560ce19d4e895,293ea771f1a1fb750a57c1c4d177f97b3696e852fcf5ec1f71102d68d5c8446a,137,-0.3388563726241464,0.01
2,0,all_strict,side_informed,laplace,uniform,20.0,input_plus_surface,0.0001,6af75daa525968e68fb8d352969dddfe3b92e90b6a86578e4f8560ce19d4e895,c95609ec250e258bb9a7788d017047cea06efeef5796166fc50705a9e7bf667f,137,-0.3376067478765234,0.01
2,0,all_strict,side_informed,laplace,uniform,20.0,input_plus_surface,0.001,6af75daa525968e68fb8d352969dddfe3b92e90b6a86578e4f8560ce19d4e895,7c0454eb8d31c186089d1e4e514065263b4d89801690f9cd1e1fc6cf80252ab1,137,-0.32910037682281196,0.01
2,0,all_strict,side_informed,laplace,uniform,20.0,input_plus_surface,0.01,6af75daa525968e68fb8d352969dddfe3b92e90b6a86578e4f8560ce19d4e895,570cc0867ba6395c33c8cb646a462a2d8dcdc67da5d604a55879fdf86774159d,137,-0.3075572180994057,0.01
2,0,all_strict,side_informed,laplace,uniform,20.0,input_plus_surface,0.1,6af75daa525968e68fb8d352969dddfe3b92e90b6a86578e4f8560ce19d4e895,25c1be821c080dd9d01be2fce9600cac8e2456edba0a59d36d45398b5ae0890a,137,-0.3594404393375928,0.01
2,1,all_strict,side_informed,laplace,uniform,20.0,input_plus_surface,0.0,720abc63837a1c45a58674d554acfed0556ae646781babf1ab0907514d9f87bd,13d995ca6dbf0f72697acc5d5e05abe52a6372349fa75f3a7079f575ce8f216f,136,-0.3388563726241464,0.01
2,1,all_strict,side_informed,laplace,uniform,20.0,input_plus_surface,0.0001,720abc63837a1c45a58674d554acfed0556ae646781babf1ab0907514d9f87bd,369a2a3649dc2fa14fe1a0d4e589996f2fa9b251533e767d7b64c3588f015468,136,-0.3376067478765234,0.01
2,1,all_strict,side_informed,laplace,uniform,20.0,input_plus_surface,0.001,720abc63837a1c45a58674d554acfed0556ae646781babf1ab0907514d9f87bd,b7b5b4921a5ffa0fd1bfc7eeae14d8af26ccb5c56e9cf2b0cf3d5c0e54a74f3f,136,-0.32910037682281196,0.01
2,1,all_strict,side_informed,laplace,uniform,20.0,input_plus_surface,0.01,720abc63837a1c45a58674d554acfed0556ae646781babf1ab0907514d9f87bd,02844508c00a0a3e061bebe3f64ce218e3a4d753e2681b6bea94783770f0ffc3,136,-0.3075572180994057,0.01
2,1,all_strict,side_informed,laplace,uniform,20.0,input_plus_surface,0.1,720abc63837a1c45a58674d554acfed0556ae646781babf1ab0907514d9f87bd,e0ec722a6f009f9989f911254be0cc597b3566d25c9723ab5cc49aaa9f2124c8,136,-0.3594404393375928,0.01
2,2,all_strict,side_informed,laplace,uniform,20.0,input_plus_surface,0.0,46b216ba26aa11acaa5d3f570ff995f2e06b4023e6af3be0a5801b3a981e0482,2ffdb96fd99e2121ab6e450665d6987ed791fe1df6187b225a30605b0a23db23,139,-0.3388563726241464,0.01
2,2,all_strict,side_informed,laplace,uniform,20.0,input_plus_surface,0.0001,46b216ba26aa11acaa5d3f570ff995f2e06b4023e6af3be0a5801b3a981e0482,532d7d5bd1c305574a223b4eb0b54985e0cb37da766601d441517cd6623cade8,139,-0.3376067478765234,0.01
2,2,all_strict,side_informed,laplace,uniform,20.0,input_plus_surface,0.001,46b216ba26aa11acaa5d3f570ff995f2e06b4023e6af3be0a5801b3a981e0482,4382a029a4110106e435eb56deabec066c06b52832f2ddf4526bfc7ce0ff734e,139,-0.32910037682281196,0.01
2,2,all_strict,side_informed,laplace,uniform,20.0,input_plus_surface,0.01,46b216ba26aa11acaa5d3f570ff995f2e06b4023e6af3be0a5801b3a981e0482,18f20cba2bac219f69d2871e25d6d2c2e2dc71fadd791a6bd29b5427a57a9ef5,139,-0.3075572180994057,0.01
2,2,all_strict,side_informed,laplace,uniform,20.0,input_plus_surface,0.1,46b216ba26aa11acaa5d3f570ff995f2e06b4023e6af3be0a5801b3a981e0482,5e59b6e472516f13ca658b22db932edecc3ad40f3a948e5e38b5074070503e4d,139,-0.3594404393375928,0.01
2,0,all_strict,side_informed,laplace,uniform,20.0,HU_plus_surface,0.0,6af75daa525968e68fb8d352969dddfe3b92e90b6a86578e4f8560ce19d4e895,6b68e6ec25c73654a4c93abdb76d4c6a8bde55ab59f57d8d0d93eabbd88024ec,137,-0.3060362971358319,0.01
2,0,all_strict,side_informed,laplace,uniform,20.0,HU_plus_surface,0.0001,6af75daa525968e68fb8d352969dddfe3b92e90b6a86578e4f8560ce19d4e895,92b4fdd0eefb349c1f9b92474e977b880d12117ff2c7f7e9fbebadca3df57466,137,-0.30480515752397813,0.01
2,0,all_strict,side_informed,laplace,uniform,20.0,HU_plus_surface,0.001,6af75daa525968e68fb8d352969dddfe3b92e90b6a86578e4f8560ce19d4e895,da827bede13f3256f2098e6e7e50f45931ad6a362c76f11daa658e4461193c6e,137,-0.2971182988586356,0.01
2,0,all_strict,side_informed,laplace,uniform,20.0,HU_plus_surface,0.01,6af75daa525968e68fb8d352969dddfe3b92e90b6a86578e4f8560ce19d4e895,6eddd2a9fd2f054aac8d175c051fb78b7b33cae8f8424a6270b5ca4d7f470e52,137,-0.2832362109760678,0.01
2,0,all_strict,side_informed,laplace,uniform,20.0,HU_plus_surface,0.1,6af75daa525968e68fb8d352969dddfe3b92e90b6a86578e4f8560ce19d4e895,2dac9f1714366b445cda056b1815834634c63591d286c77ac29d7e357d49b26d,137,-0.34937100610931815,0.01
2,1,all_strict,side_informed,laplace,uniform,20.0,HU_plus_surface,0.0,720abc63837a1c45a58674d554acfed0556ae646781babf1ab0907514d9f87bd,ad84d240a7e6b75f5a676ff06517df5dcf64621b3916ed951d45df70a42c98fa,136,-0.3060362971358319,0.01
2,1,all_strict,side_informed,laplace,uniform,20.0,HU_plus_surface,0.0001,720abc63837a1c45a58674d554acfed0556ae646781babf1ab0907514d9f87bd,bd1ee70b8f902bb72ff08955f7b58cd895a05f9016d57a8c8d5981edd7464db9,136,-0.30480515752397813,0.01
2,1,all_strict,side_informed,laplace,uniform,20.0,HU_plus_surface,0.001,720abc63837a1c45a58674d554acfed0556ae646781babf1ab0907514d9f87bd,30db793531cb6397b46add5bfd9ef32d4e83ad714d93e127e6b60b4327d477da,136,-0.2971182988586356,0.01
2,1,all_strict,side_informed,laplace,uniform,20.0,HU_plus_surface,0.01,720abc63837a1c45a58674d554acfed0556ae646781babf1ab0907514d9f87bd,e24642a36287df312d571c84e0ff6675297a7f072eb45a79142bf32f9a6d8399,136,-0.2832362109760678,0.01
2,1,all_strict,side_informed,laplace,uniform,20.0,HU_plus_surface,0.1,720abc63837a1c45a58674d554acfed0556ae646781babf1ab0907514d9f87bd,7f9093ef7312db518822254be585da4eeae06aa61bd59fdd05b5255379d0c70c,136,-0.34937100610931815,0.01
2,2,all_strict,side_informed,laplace,uniform,20.0,HU_plus_surface,0.0,46b216ba26aa11acaa5d3f570ff995f2e06b4023e6af3be0a5801b3a981e0482,970b08f6b41b79c743e494682e300ea6acc410985207aafa59b30ec599c1b6b8,139,-0.3060362971358319,0.01
2,2,all_strict,side_informed,laplace,uniform,20.0,HU_plus_surface,0.0001,46b216ba26aa11acaa5d3f570ff995f2e06b4023e6af3be0a5801b3a981e0482,5bad2d3eed498f6fea0e2a95841fe2c5996b40739c7c65f81a8264cb9b965a7b,139,-0.30480515752397813,0.01
2,2,all_strict,side_informed,laplace,uniform,20.0,HU_plus_surface,0.001,46b216ba26aa11acaa5d3f570ff995f2e06b4023e6af3be0a5801b3a981e0482,4b2b23f1676036f5b231c7ba4a9f95dfcece8d2110300299f56be59851e2b89e,139,-0.2971182988586356,0.01
2,2,all_strict,side_informed,laplace,uniform,20.0,HU_plus_surface,0.01,46b216ba26aa11acaa5d3f570ff995f2e06b4023e6af3be0a5801b3a981e0482,fdf8654bcec59106875ea174ab457b0e258ec507c86da06a2c7f55ba0ca1d5d3,139,-0.2832362109760678,0.01
2,2,all_strict,side_informed,laplace,uniform,20.0,HU_plus_surface,0.1,46b216ba26aa11acaa5d3f570ff995f2e06b4023e6af3be0a5801b3a981e0482,a8cc960d1e5ddf91454fa07d952982ea58f6451c4a9e27cc96cc0735b63b0b2e,139,-0.34937100610931815,0.01
2,0,all_strict,side_informed,laplace,uniform,20.0,retention_bounded_plus_HU,0.0,6af75daa525968e68fb8d352969dddfe3b92e90b6a86578e4f8560ce19d4e895,711be8d9ab3798eb72c2d7897253f28be3609d88f5e4fc1bf2f224e89acd12bf,137,-0.30934982746442097,0.01
2,0,all_strict,side_informed,laplace,uniform,20.0,retention_bounded_plus_HU,0.0001,6af75daa525968e68fb8d352969dddfe3b92e90b6a86578e4f8560ce19d4e895,3120179e02cf237c8aa6a4ad905bbd71b7e4a39013519a96b1bb28698eca205a,137,-0.3081391527712073,0.01
2,0,all_strict,side_informed,laplace,uniform,20.0,retention_bounded_plus_HU,0.001,6af75daa525968e68fb8d352969dddfe3b92e90b6a86578e4f8560ce19d4e895,e0ab5994dc56edad8f6f7d0da3bc4fc51493f7e2e38095d133f0624a6b6bfdbc,137,-0.3065839353064295,0.01
2,0,all_strict,side_informed,laplace,uniform,20.0,retention_bounded_plus_HU,0.01,6af75daa525968e68fb8d352969dddfe3b92e90b6a86578e4f8560ce19d4e895,455ec2ff557740cf66c9190a277872f34fa124faff5abdaae9dad82fbc3a5b50,137,-0.29770292984055896,0.01
2,0,all_strict,side_informed,laplace,uniform,20.0,retention_bounded_plus_HU,0.1,6af75daa525968e68fb8d352969dddfe3b92e90b6a86578e4f8560ce19d4e895,9bcde47b7b62c23543df9cd2e7c5ce2361fbd8486d5d03f905cf1bc181829a6d,137,-0.3183109306376772,0.01
2,1,all_strict,side_informed,laplace,uniform,20.0,retention_bounded_plus_HU,0.0,720abc63837a1c45a58674d554acfed0556ae646781babf1ab0907514d9f87bd,d1cc742edd788f436ac2262955c26b54973220d97fb16c4fc8c73d4d4ca87764,136,-0.30934982746442097,0.01
2,1,all_strict,side_informed,laplace,uniform,20.0,retention_bounded_plus_HU,0.0001,720abc63837a1c45a58674d554acfed0556ae646781babf1ab0907514d9f87bd,f85051e35f62c616dc1671e361dbccbc6749194d9b046aba5a02d1f404d0c81e,136,-0.3081391527712073,0.01
2,1,all_strict,side_informed,laplace,uniform,20.0,retention_bounded_plus_HU,0.001,720abc63837a1c45a58674d554acfed0556ae646781babf1ab0907514d9f87bd,4f45aed4a283262fe2c25d7cfc6a71f609b4c404d9594bdbeb76d798b2d87abf,136,-0.3065839353064295,0.01
2,1,all_strict,side_informed,laplace,uniform,20.0,retention_bounded_plus_HU,0.01,720abc63837a1c45a58674d554acfed0556ae646781babf1ab0907514d9f87bd,3a86d82f86bf4ed02d52676e79b3cb09652afd863deb0630c415f6888a9db787,136,-0.29770292984055896,0.01
2,1,all_strict,side_informed,laplace,uniform,20.0,retention_bounded_plus_HU,0.1,720abc63837a1c45a58674d554acfed0556ae646781babf1ab0907514d9f87bd,363263e3b3ee6a816790710d00e121986ba551fa7c880437876ae64283859583,136,-0.3183109306376772,0.01
2,2,all_strict,side_informed,laplace,uniform,20.0,retention_bounded_plus_HU,0.0,46b216ba26aa11acaa5d3f570ff995f2e06b4023e6af3be0a5801b3a981e0482,d8a32f2b56781d0c2b42c029422698b9c883cd9dfd4ed4f756573a05fa2d1ee9,139,-0.30934982746442097,0.01
2,2,all_strict,side_informed,laplace,uniform,20.0,retention_bounded_plus_HU,0.0001,46b216ba26aa11acaa5d3f570ff995f2e06b4023e6af3be0a5801b3a981e0482,4fb5cb5d6c23e55ca4127d8f627d58773827c04c60053c29e6c5c9e2c67efc12,139,-0.3081391527712073,0.01
2,2,all_strict,side_informed,laplace,uniform,20.0,retention_bounded_plus_HU,0.001,46b216ba26aa11acaa5d3f570ff995f2e06b4023e6af3be0a5801b3a981e0482,c21a1503cb7817fb86203b2e6ef3bd52be0ee8f2a14fa112cbc62db92b1f3578,139,-0.3065839353064295,0.01
2,2,all_strict,side_informed,laplace,uniform,20.0,retention_bounded_plus_HU,0.01,46b216ba26aa11acaa5d3f570ff995f2e06b4023e6af3be0a5801b3a981e0482,5051a754a6803f5583aec46f61e96e58d5401fe3fa9f62a9a156c82d44b43431,139,-0.29770292984055896,0.01
2,2,all_strict,side_informed,laplace,uniform,20.0,retention_bounded_plus_HU,0.1,46b216ba26aa11acaa5d3f570ff995f2e06b4023e6af3be0a5801b3a981e0482,61e1c3a8ebc467f651428b447d4befa7dd6eb081f53f0fe3262a7756800d7bba,139,-0.3183109306376772,0.01
2,0,all_strict,side_informed,gh80,uniform,20.0,HU_plus_surface,0.0,6af75daa525968e68fb8d352969dddfe3b92e90b6a86578e4f8560ce19d4e895,9d1c7b45a564be61c054512aa4f93a206999e612ba0ed6f2edc61bb72bdd3201,137,-0.3075872092802049,0.01
2,0,all_strict,side_informed,gh80,uniform,20.0,HU_plus_surface,0.0001,6af75daa525968e68fb8d352969dddfe3b92e90b6a86578e4f8560ce19d4e895,95fd4c868214151d8f2ef8c23dceddbe0b470e8bb9859cfff400f131d9024346,137,-0.30647478351748314,0.01
2,0,all_strict,side_informed,gh80,uniform,20.0,HU_plus_surface,0.001,6af75daa525968e68fb8d352969dddfe3b92e90b6a86578e4f8560ce19d4e895,c23fd8c1f269c86abdad6a6c4388506dc553e70733ddc55bd4e682259d659ad7,137,-0.2993334983374776,0.01
2,0,all_strict,side_informed,gh80,uniform,20.0,HU_plus_surface,0.01,6af75daa525968e68fb8d352969dddfe3b92e90b6a86578e4f8560ce19d4e895,037a9e3925a04e5dca5c5670dac3055f7ea0685d968812796d6a10c83368de43,137,-0.28618652282685525,0.01
2,0,all_strict,side_informed,gh80,uniform,20.0,HU_plus_surface,0.1,6af75daa525968e68fb8d352969dddfe3b92e90b6a86578e4f8560ce19d4e895,148d1bd41d11781d7e9e270b9890b036f37e60ebbca9c054b4b1aa3d19249927,137,-0.3523329325574948,0.01
2,1,all_strict,side_informed,gh80,uniform,20.0,HU_plus_surface,0.0,720abc63837a1c45a58674d554acfed0556ae646781babf1ab0907514d9f87bd,604369a831558887cc40aff56ecc13856c3d1745b63e016a43684d49bf890143,136,-0.3075872092802049,0.01
2,1,all_strict,side_informed,gh80,uniform,20.0,HU_plus_surface,0.0001,720abc63837a1c45a58674d554acfed0556ae646781babf1ab0907514d9f87bd,41ab51c8234fb6aae2bcc33fdd524bb6b50ca0e41f216af36900464a4b786b0e,136,-0.30647478351748314,0.01
2,1,all_strict,side_informed,gh80,uniform,20.0,HU_plus_surface,0.001,720abc63837a1c45a58674d554acfed0556ae646781babf1ab0907514d9f87bd,1b8c34aadd61c21625518d8fbbf102626a5bd42d2330aead333a52cdcd93111b,136,-0.2993334983374776,0.01
2,1,all_strict,side_informed,gh80,uniform,20.0,HU_plus_surface,0.01,720abc63837a1c45a58674d554acfed0556ae646781babf1ab0907514d9f87bd,cbf187999e9f85091bc2b1cdbfb25d6e3ed16377eb4ddf7419985a5eb8aeb413,136,-0.28618652282685525,0.01
2,1,all_strict,side_informed,gh80,uniform,20.0,HU_plus_surface,0.1,720abc63837a1c45a58674d554acfed0556ae646781babf1ab0907514d9f87bd,f9fbc34d1aa21ff80fb148bb9024ab442b2ded82259e2e4126e903a5f8631827,136,-0.3523329325574948,0.01
2,2,all_strict,side_informed,gh80,uniform,20.0,HU_plus_surface,0.0,46b216ba26aa11acaa5d3f570ff995f2e06b4023e6af3be0a5801b3a981e0482,838828a689fa795d63454dd250fc2e3a65b2bba73f8272fcb868446301fbeaf5,139,-0.3075872092802049,0.01
2,2,all_strict,side_informed,gh80,uniform,20.0,HU_plus_surface,0.0001,46b216ba26aa11acaa5d3f570ff995f2e06b4023e6af3be0a5801b3a981e0482,976ef5aa1129a55dfeb57ce081fe6676eda5f87023b4cf4d8c8df796c8632dd8,139,-0.30647478351748314,0.01
2,2,all_strict,side_informed,gh80,uniform,20.0,HU_plus_surface,0.001,46b216ba26aa11acaa5d3f570ff995f2e06b4023e6af3be0a5801b3a981e0482,91d7284cbc1aa67bb73c8d3157baec7d400b72c911bddf3cc43a448c72b33fd6,139,-0.2993334983374776,0.01
2,2,all_strict,side_informed,gh80,uniform,20.0,HU_plus_surface,0.01,46b216ba26aa11acaa5d3f570ff995f2e06b4023e6af3be0a5801b3a981e0482,a0dc3977698b826ab9890f6733e94d4d51f829084e4dd98b0937109541107bf7,139,-0.28618652282685525,0.01
2,2,all_strict,side_informed,gh80,uniform,20.0,HU_plus_surface,0.1,46b216ba26aa11acaa5d3f570ff995f2e06b4023e6af3be0a5801b3a981e0482,2285ab184f544ede2726b93796c97c9009044f8dc9c73a4739d31278c04608ac,139,-0.3523329325574948,0.01
2,0,all_strict,side_informed,gh80,uniform,20.0,retention_bounded_plus_HU,0.0,6af75daa525968e68fb8d352969dddfe3b92e90b6a86578e4f8560ce19d4e895,e2dff5c1856b47a1cc2a2a16734acedb8964cdc16b60de476e326c50b30ee23b,137,-0.3197671794552136,0.01
2,0,all_strict,side_informed,gh80,uniform,20.0,retention_bounded_plus_HU,0.0001,6af75daa525968e68fb8d352969dddfe3b92e90b6a86578e4f8560ce19d4e895,55250a21e42a9d05cb8c6f49cfcce9a952c1eeb6cbddff70e067cea43b79392c,137,-0.31868885759878884,0.01
2,0,all_strict,side_informed,gh80,uniform,20.0,retention_bounded_plus_HU,0.001,6af75daa525968e68fb8d352969dddfe3b92e90b6a86578e4f8560ce19d4e895,fe3554e6a211d890dcadc79ea11c2e20560f791ba859402a6115390bc66c4cb0,137,-0.319816848846663,0.01
2,0,all_strict,side_informed,gh80,uniform,20.0,retention_bounded_plus_HU,0.01,6af75daa525968e68fb8d352969dddfe3b92e90b6a86578e4f8560ce19d4e895,1f4f967a23f12a873a7eea6f012ce92f22a98c04c8e2071736735bb0a02e43a9,137,-0.30804458847408456,0.01
2,0,all_strict,side_informed,gh80,uniform,20.0,retention_bounded_plus_HU,0.1,6af75daa525968e68fb8d352969dddfe3b92e90b6a86578e4f8560ce19d4e895,e25f8119b676df99453b9fee98bd629a68ee5d47af7a972061c69962cb4c4a17,137,-0.32373722827826407,0.01
2,1,all_strict,side_informed,gh80,uniform,20.0,retention_bounded_plus_HU,0.0,720abc63837a1c45a58674d554acfed0556ae646781babf1ab0907514d9f87bd,ec9c9240311d28b24522b1b3d9fa3c38ce2d7b76fcd31f1567d089af1f67c47b,136,-0.3197671794552136,0.01
2,1,all_strict,side_informed,gh80,uniform,20.0,retention_bounded_plus_HU,0.0001,720abc63837a1c45a58674d554acfed0556ae646781babf1ab0907514d9f87bd,148b77576147c39552ce012a3222c036c72a197d6ab4e5f10fb72d547df4f81f,136,-0.31868885759878884,0.01
2,1,all_strict,side_informed,gh80,uniform,20.0,retention_bounded_plus_HU,0.001,720abc63837a1c45a58674d554acfed0556ae646781babf1ab0907514d9f87bd,c992bf2a1222ca9df26e1ce5558292b346623197131ac2e708358c990aac17dc,136,-0.319816848846663,0.01
2,1,all_strict,side_informed,gh80,uniform,20.0,retention_bounded_plus_HU,0.01,720abc63837a1c45a58674d554acfed0556ae646781babf1ab0907514d9f87bd,93706f4d4c680f947577e47e6fdeb55b44ff9a4da358ce6531240afe43a1874f,136,-0.30804458847408456,0.01
2,1,all_strict,side_informed,gh80,uniform,20.0,retention_bounded_plus_HU,0.1,720abc63837a1c45a58674d554acfed0556ae646781babf1ab0907514d9f87bd,243c1ee2f881b3eebb66dbf4f85919dfe8892c78771068864e8d1cf9b96c0c90,136,-0.32373722827826407,0.01
2,2,all_strict,side_informed,gh80,uniform,20.0,retention_bounded_plus_HU,0.0,46b216ba26aa11acaa5d3f570ff995f2e06b4023e6af3be0a5801b3a981e0482,95f845ba7cb4d3a97ac83c12a25cc148bcf9466254e7671b8ebee8516d11f9e8,139,-0.3197671794552136,0.01
2,2,all_strict,side_informed,gh80,uniform,20.0,retention_bounded_plus_HU,0.0001,46b216ba26aa11acaa5d3f570ff995f2e06b4023e6af3be0a5801b3a981e0482,f6c05b7acdc99696764b48dfa32c1479bd3fa66b3e0b69132444b7cad7cba5de,139,-0.31868885759878884,0.01
2,2,all_strict,side_informed,gh80,uniform,20.0,retention_bounded_plus_HU,0.001,46b216ba26aa11acaa5d3f570ff995f2e06b4023e6af3be0a5801b3a981e0482,cc1d5b2c1241048ce0b1241fc2de9a1fe7d354a59285a0ec869505dc8793d080,139,-0.319816848846663,0.01
2,2,all_strict,side_informed,gh80,uniform,20.0,retention_bounded_plus_HU,0.01,46b216ba26aa11acaa5d3f570ff995f2e06b4023e6af3be0a5801b3a981e0482,7ac047ad9728dbe2ce9ba34b178524ff07a49ad0f4fe8e7ace370556767f85b4,139,-0.30804458847408456,0.01
2,2,all_strict,side_informed,gh80,uniform,20.0,retention_bounded_plus_HU,0.1,46b216ba26aa11acaa5d3f570ff995f2e06b4023e6af3be0a5801b3a981e0482,750e28b123784ae5910f3684248bb16f43ce529862b76c18ff46d7cef7e414c7,139,-0.32373722827826407,0.01
2,0,all_strict,wholly_unseen,laplace,uniform,20.0,retention_bounded,0.0,6af75daa525968e68fb8d352969dddfe3b92e90b6a86578e4f8560ce19d4e895,a634a05f7b3db70919de255a1b969325e25ef94fb5a57b71200a0f5631f9f3c9,137,-0.6505542457965137,0.01
2,0,all_strict,wholly_unseen,laplace,uniform,20.0,retention_bounded,0.0001,6af75daa525968e68fb8d352969dddfe3b92e90b6a86578e4f8560ce19d4e895,af5ec4f491b0ba5314079fc5395c8852099f1986454fd5d435a5233cab74940d,137,-0.6494135167534669,0.01
2,0,all_strict,wholly_unseen,laplace,uniform,20.0,retention_bounded,0.001,6af75daa525968e68fb8d352969dddfe3b92e90b6a86578e4f8560ce19d4e895,285fd2519cf2b1d56aaeab39a372c3bcfd1da889bffb72f11333b08b58479beb,137,-0.6413470913452692,0.01
2,0,all_strict,wholly_unseen,laplace,uniform,20.0,retention_bounded,0.01,6af75daa525968e68fb8d352969dddfe3b92e90b6a86578e4f8560ce19d4e895,8eda46bb513c1fc2d76dc6c2b566f9fe3821d3a3d8a7184e856937aa13639f95,137,-0.6116644640465851,0.01
2,0,all_strict,wholly_unseen,laplace,uniform,20.0,retention_bounded,0.1,6af75daa525968e68fb8d352969dddfe3b92e90b6a86578e4f8560ce19d4e895,26e0a883f7c45631cbcd2898b554f6d3ed5dff52fda4a3b68a5fc25fb982f335,137,-0.6337010996734966,0.01
2,1,all_strict,wholly_unseen,laplace,uniform,20.0,retention_bounded,0.0,720abc63837a1c45a58674d554acfed0556ae646781babf1ab0907514d9f87bd,edd3bfb5ca0bc8f94c2fc054d0d3eeffd0f302a890672241482d2ff02bf801b6,136,-0.6505542457965137,0.01
2,1,all_strict,wholly_unseen,laplace,uniform,20.0,retention_bounded,0.0001,720abc63837a1c45a58674d554acfed0556ae646781babf1ab0907514d9f87bd,2ee6176e3650d1432b349262d2c6471957ff9478012123c86f7c95e98873bf73,136,-0.6494135167534669,0.01
2,1,all_strict,wholly_unseen,laplace,uniform,20.0,retention_bounded,0.001,720abc63837a1c45a58674d554acfed0556ae646781babf1ab0907514d9f87bd,ca536b17291c948dc6c5681cec93a1e2b7b3702c5b4fcb671c08178b75e48049,136,-0.6413470913452692,0.01
2,1,all_strict,wholly_unseen,laplace,uniform,20.0,retention_bounded,0.01,720abc63837a1c45a58674d554acfed0556ae646781babf1ab0907514d9f87bd,fb9dc7fad577bfe9f32df287c9dd38a200c0c3e8a9cac019c106ba6935ee392b,136,-0.6116644640465851,0.01
2,1,all_strict,wholly_unseen,laplace,uniform,20.0,retention_bounded,0.1,720abc63837a1c45a58674d554acfed0556ae646781babf1ab0907514d9f87bd,e51aff2c13353029b79a4657563cd1230408ab7a5f43d7f003efc5c612dfca24,136,-0.6337010996734966,0.01
2,2,all_strict,wholly_unseen,laplace,uniform,20.0,retention_bounded,0.0,46b216ba26aa11acaa5d3f570ff995f2e06b4023e6af3be0a5801b3a981e0482,5dd7d82a749ff6e6551559e7847a8a380d9866fcd9cc1f5d858d5da2c794e59f,139,-0.6505542457965137,0.01
2,2,all_strict,wholly_unseen,laplace,uniform,20.0,retention_bounded,0.0001,46b216ba26aa11acaa5d3f570ff995f2e06b4023e6af3be0a5801b3a981e0482,a6ca21f0d41a38ad00847e38094be786ecc836f7843054a913bc2ca786a1b5ad,139,-0.6494135167534669,0.01
2,2,all_strict,wholly_unseen,laplace,uniform,20.0,retention_bounded,0.001,46b216ba26aa11acaa5d3f570ff995f2e06b4023e6af3be0a5801b3a981e0482,92b422973fe2afd40f2b27e63d6fe1a9dc45083b55d37be4d4d842da31ed371f,139,-0.6413470913452692,0.01
2,2,all_strict,wholly_unseen,laplace,uniform,20.0,retention_bounded,0.01,46b216ba26aa11acaa5d3f570ff995f2e06b4023e6af3be0a5801b3a981e0482,a08910dddef064247dae719bf1ad13c0d956ca398aa44d969f01ed4cbb610dd1,139,-0.6116644640465851,0.01
2,2,all_strict,wholly_unseen,laplace,uniform,20.0,retention_bounded,0.1,46b216ba26aa11acaa5d3f570ff995f2e06b4023e6af3be0a5801b3a981e0482,55bf83ad89b7783640f519eca75fde1c987c2ca100dca6dca91120d7b683d979,139,-0.6337010996734966,0.01
2,0,all_strict,wholly_unseen,laplace,uniform,20.0,retention_nonnegative,0.0,6af75daa525968e68fb8d352969dddfe3b92e90b6a86578e4f8560ce19d4e895,eceb5db632c46269dba440aa3a2bf0868d46a3f3e7a8047efffccf82ca78060c,137,-0.6505542458601955,0.01
2,0,all_strict,wholly_unseen,laplace,uniform,20.0,retention_nonnegative,0.0001,6af75daa525968e68fb8d352969dddfe3b92e90b6a86578e4f8560ce19d4e895,0c17e7565a4781bfd679e1c5f70047d3293573d039802623bd76da9e022e5e71,137,-0.6483401354474784,0.01
2,0,all_strict,wholly_unseen,laplace,uniform,20.0,retention_nonnegative,0.001,6af75daa525968e68fb8d352969dddfe3b92e90b6a86578e4f8560ce19d4e895,6ca19d33da72ce9da231d50028457b7e40b87e81d9bc976e610df92b7331cab7,137,-0.6355618927382881,0.01
2,0,all_strict,wholly_unseen,laplace,uniform,20.0,retention_nonnegative,0.01,6af75daa525968e68fb8d352969dddfe3b92e90b6a86578e4f8560ce19d4e895,e032a3cac18901b40f115626f10343b01ead5de0ce9a6fe36a3aede5b7e62fe4,137,-0.627094120225971,0.01
2,0,all_strict,wholly_unseen,laplace,uniform,20.0,retention_nonnegative,0.1,6af75daa525968e68fb8d352969dddfe3b92e90b6a86578e4f8560ce19d4e895,d6539d5dbda06b40dbcff6942f5669a5aec09fd0f366eb10386b874816dd3d35,137,-0.7023444551448451,0.01
2,1,all_strict,wholly_unseen,laplace,uniform,20.0,retention_nonnegative,0.0,720abc63837a1c45a58674d554acfed0556ae646781babf1ab0907514d9f87bd,a289d267417fd49db6fffb18c02766a3219ec31ac2f5687d33735636b326264a,136,-0.6505542458601955,0.01
2,1,all_strict,wholly_unseen,laplace,uniform,20.0,retention_nonnegative,0.0001,720abc63837a1c45a58674d554acfed0556ae646781babf1ab0907514d9f87bd,595caf3ff813433dfd3592cf52531e9b859d03aa7e16a8e66ee1b520d1641a17,136,-0.6483401354474784,0.01
2,1,all_strict,wholly_unseen,laplace,uniform,20.0,retention_nonnegative,0.001,720abc63837a1c45a58674d554acfed0556ae646781babf1ab0907514d9f87bd,fdcfd6d9330564bee1a5ff572b1653aa8b0f6f061400c331b0cd9045744a11e9,136,-0.6355618927382881,0.01
2,1,all_strict,wholly_unseen,laplace,uniform,20.0,retention_nonnegative,0.01,720abc63837a1c45a58674d554acfed0556ae646781babf1ab0907514d9f87bd,0f2db79cc2af5a3b46957077a905592ba0b1bb4456e7c69924b4160bb1293b9a,136,-0.627094120225971,0.01
2,1,all_strict,wholly_unseen,laplace,uniform,20.0,retention_nonnegative,0.1,720abc63837a1c45a58674d554acfed0556ae646781babf1ab0907514d9f87bd,9abc4c896f32f4f50bbd762066edf2ef2b2e298e095dfbe62ddafc88d3f77064,136,-0.7023444551448451,0.01
2,2,all_strict,wholly_unseen,laplace,uniform,20.0,retention_nonnegative,0.0,46b216ba26aa11acaa5d3f570ff995f2e06b4023e6af3be0a5801b3a981e0482,7c0f77796da75cf42114bbea07f4f13efcb649824c68b5b38699cb65bc1fc1f8,139,-0.6505542458601955,0.01
2,2,all_strict,wholly_unseen,laplace,uniform,20.0,retention_nonnegative,0.0001,46b216ba26aa11acaa5d3f570ff995f2e06b4023e6af3be0a5801b3a981e0482,b5800e684afe874e68bec4fe9996f7bdf7f66993d193147b91601ae6031e1fb2,139,-0.6483401354474784,0.01
2,2,all_strict,wholly_unseen,laplace,uniform,20.0,retention_nonnegative,0.001,46b216ba26aa11acaa5d3f570ff995f2e06b4023e6af3be0a5801b3a981e0482,ba5262f1d72ca845e9170dfcead2a43a5715eae25a9d909163976818e2f70628,139,-0.6355618927382881,0.01
2,2,all_strict,wholly_unseen,laplace,uniform,20.0,retention_nonnegative,0.01,46b216ba26aa11acaa5d3f570ff995f2e06b4023e6af3be0a5801b3a981e0482,732a6c97120368be052adbde491810abdfc0d4b694fb2307d6e0ae6c48420797,139,-0.627094120225971,0.01
2,2,all_strict,wholly_unseen,laplace,uniform,20.0,retention_nonnegative,0.1,46b216ba26aa11acaa5d3f570ff995f2e06b4023e6af3be0a5801b3a981e0482,4cf52c5865c90098f99c0b19be4197bb19bda167287af490c1dfc6a72634a4e3,139,-0.7023444551448451,0.01
2,0,all_strict,wholly_unseen,laplace,uniform,20.0,current_only,0.0,6af75daa525968e68fb8d352969dddfe3b92e90b6a86578e4f8560ce19d4e895,58ac8f606bb211a3b2caee410e2b676ac57a795668432d3ce71618190dd2cf95,137,-0.855756289083255,0.01
2,0,all_strict,wholly_unseen,laplace,uniform,20.0,current_only,0.0001,6af75daa525968e68fb8d352969dddfe3b92e90b6a86578e4f8560ce19d4e895,95dae3dea8aa932da473af265f3941665380487f01d71be0e894664c56598b96,137,-0.8556116100445441,0.01
2,0,all_strict,wholly_unseen,laplace,uniform,20.0,current_only,0.001,6af75daa525968e68fb8d352969dddfe3b92e90b6a86578e4f8560ce19d4e895,e4169a7a5d80c33c4d6b63fe10eb06032708fac9bce8202916b02ab8bf99f633,137,-0.8543677745516879,0.01
2,0,all_strict,wholly_unseen,laplace,uniform,20.0,current_only,0.01,6af75daa525968e68fb8d352969dddfe3b92e90b6a86578e4f8560ce19d4e895,7a264b67776c9bed80b3d74ee8f8f847bc6e5678fbd449254620f4225e7c840d,137,-0.846124549845158,0.01
2,0,all_strict,wholly_unseen,laplace,uniform,20.0,current_only,0.1,6af75daa525968e68fb8d352969dddfe3b92e90b6a86578e4f8560ce19d4e895,ffbfdb4dd038e50c4fdbd5602ce981a25b22ceb7222fbb7d9c38604c5b1b9e58,137,-0.8573679703113068,0.01
2,1,all_strict,wholly_unseen,laplace,uniform,20.0,current_only,0.0,720abc63837a1c45a58674d554acfed0556ae646781babf1ab0907514d9f87bd,a070e4b3f39a201a480464e5f39253050c538bac60975999b37f59e7f0fce8ca,136,-0.855756289083255,0.01
2,1,all_strict,wholly_unseen,laplace,uniform,20.0,current_only,0.0001,720abc63837a1c45a58674d554acfed0556ae646781babf1ab0907514d9f87bd,a61d40ae3133173e521ff4c838dc1f193bc26872efa3a4f0f3301a1f55a63d2f,136,-0.8556116100445441,0.01
2,1,all_strict,wholly_unseen,laplace,uniform,20.0,current_only,0.001,720abc63837a1c45a58674d554acfed0556ae646781babf1ab0907514d9f87bd,aa07cd000f30d750121188f0138495a62ae5b1fd6cded052b7c2418dc298c085,136,-0.8543677745516879,0.01
2,1,all_strict,wholly_unseen,laplace,uniform,20.0,current_only,0.01,720abc63837a1c45a58674d554acfed0556ae646781babf1ab0907514d9f87bd,78c95d140debcee3dd97e45ec3fe9da45c317a8d794af12c25c086b2f79c9b1b,136,-0.846124549845158,0.01
2,1,all_strict,wholly_unseen,laplace,uniform,20.0,current_only,0.1,720abc63837a1c45a58674d554acfed0556ae646781babf1ab0907514d9f87bd,0cc6378626583579fc5a31158a01d376b0d341a74da4d73f839651d2bc5f26b8,136,-0.8573679703113068,0.01
2,2,all_strict,wholly_unseen,laplace,uniform,20.0,current_only,0.0,46b216ba26aa11acaa5d3f570ff995f2e06b4023e6af3be0a5801b3a981e0482,d49c72e495c3f8ed87122ace3ff3254f4e21fa95d327efde56865d31e5825cc9,139,-0.855756289083255,0.01
2,2,all_strict,wholly_unseen,laplace,uniform,20.0,current_only,0.0001,46b216ba26aa11acaa5d3f570ff995f2e06b4023e6af3be0a5801b3a981e0482,2a98a6f7b834f5a7a3df051f6e836e681d46662f62cc12897b44b7a9251bc060,139,-0.8556116100445441,0.01
2,2,all_strict,wholly_unseen,laplace,uniform,20.0,current_only,0.001,46b216ba26aa11acaa5d3f570ff995f2e06b4023e6af3be0a5801b3a981e0482,22266b4670e7ff90641e3c8234923967bd99ff467ec85a7d964131db904305d1,139,-0.8543677745516879,0.01
2,2,all_strict,wholly_unseen,laplace,uniform,20.0,current_only,0.01,46b216ba26aa11acaa5d3f570ff995f2e06b4023e6af3be0a5801b3a981e0482,3022a034e2c77d248272f36a28205852a429a4bc21db15a83580d6c7172e6c0f,139,-0.846124549845158,0.01
2,2,all_strict,wholly_unseen,laplace,uniform,20.0,current_only,0.1,46b216ba26aa11acaa5d3f570ff995f2e06b4023e6af3be0a5801b3a981e0482,443ee38af6ecca492d08ae643895665a96cdc9a734d1f9941221339fca812853,139,-0.8573679703113068,0.01
2,0,all_strict,wholly_unseen,laplace,uniform,20.0,input_plus_surface,0.0,6af75daa525968e68fb8d352969dddfe3b92e90b6a86578e4f8560ce19d4e895,293ea771f1a1fb750a57c1c4d177f97b3696e852fcf5ec1f71102d68d5c8446a,137,-0.6299095453504325,0.01
2,0,all_strict,wholly_unseen,laplace,uniform,20.0,input_plus_surface,0.0001,6af75daa525968e68fb8d352969dddfe3b92e90b6a86578e4f8560ce19d4e895,c95609ec250e258bb9a7788d017047cea06efeef5796166fc50705a9e7bf667f,137,-0.6283863468068113,0.01
2,0,all_strict,wholly_unseen,laplace,uniform,20.0,input_plus_surface,0.001,6af75daa525968e68fb8d352969dddfe3b92e90b6a86578e4f8560ce19d4e895,7c0454eb8d31c186089d1e4e514065263b4d89801690f9cd1e1fc6cf80252ab1,137,-0.6181914722753896,0.01
2,0,all_strict,wholly_unseen,laplace,uniform,20.0,input_plus_surface,0.01,6af75daa525968e68fb8d352969dddfe3b92e90b6a86578e4f8560ce19d4e895,570cc0867ba6395c33c8cb646a462a2d8dcdc67da5d604a55879fdf86774159d,137,-0.5936402846472283,0.01
2,0,all_strict,wholly_unseen,laplace,uniform,20.0,input_plus_surface,0.1,6af75daa525968e68fb8d352969dddfe3b92e90b6a86578e4f8560ce19d4e895,25c1be821c080dd9d01be2fce9600cac8e2456edba0a59d36d45398b5ae0890a,137,-0.6482554815258182,0.01
2,1,all_strict,wholly_unseen,laplace,uniform,20.0,input_plus_surface,0.0,720abc63837a1c45a58674d554acfed0556ae646781babf1ab0907514d9f87bd,13d995ca6dbf0f72697acc5d5e05abe52a6372349fa75f3a7079f575ce8f216f,136,-0.6299095453504325,0.01
2,1,all_strict,wholly_unseen,laplace,uniform,20.0,input_plus_surface,0.0001,720abc63837a1c45a58674d554acfed0556ae646781babf1ab0907514d9f87bd,369a2a3649dc2fa14fe1a0d4e589996f2fa9b251533e767d7b64c3588f015468,136,-0.6283863468068113,0.01
2,1,all_strict,wholly_unseen,laplace,uniform,20.0,input_plus_surface,0.001,720abc63837a1c45a58674d554acfed0556ae646781babf1ab0907514d9f87bd,b7b5b4921a5ffa0fd1bfc7eeae14d8af26ccb5c56e9cf2b0cf3d5c0e54a74f3f,136,-0.6181914722753896,0.01
2,1,all_strict,wholly_unseen,laplace,uniform,20.0,input_plus_surface,0.01,720abc63837a1c45a58674d554acfed0556ae646781babf1ab0907514d9f87bd,02844508c00a0a3e061bebe3f64ce218e3a4d753e2681b6bea94783770f0ffc3,136,-0.5936402846472283,0.01
2,1,all_strict,wholly_unseen,laplace,uniform,20.0,input_plus_surface,0.1,720abc63837a1c45a58674d554acfed0556ae646781babf1ab0907514d9f87bd,e0ec722a6f009f9989f911254be0cc597b3566d25c9723ab5cc49aaa9f2124c8,136,-0.6482554815258182,0.01
2,2,all_strict,wholly_unseen,laplace,uniform,20.0,input_plus_surface,0.0,46b216ba26aa11acaa5d3f570ff995f2e06b4023e6af3be0a5801b3a981e0482,2ffdb96fd99e2121ab6e450665d6987ed791fe1df6187b225a30605b0a23db23,139,-0.6299095453504325,0.01
2,2,all_strict,wholly_unseen,laplace,uniform,20.0,input_plus_surface,0.0001,46b216ba26aa11acaa5d3f570ff995f2e06b4023e6af3be0a5801b3a981e0482,532d7d5bd1c305574a223b4eb0b54985e0cb37da766601d441517cd6623cade8,139,-0.6283863468068113,0.01
2,2,all_strict,wholly_unseen,laplace,uniform,20.0,input_plus_surface,0.001,46b216ba26aa11acaa5d3f570ff995f2e06b4023e6af3be0a5801b3a981e0482,4382a029a4110106e435eb56deabec066c06b52832f2ddf4526bfc7ce0ff734e,139,-0.6181914722753896,0.01
2,2,all_strict,wholly_unseen,laplace,uniform,20.0,input_plus_surface,0.01,46b216ba26aa11acaa5d3f570ff995f2e06b4023e6af3be0a5801b3a981e0482,18f20cba2bac219f69d2871e25d6d2c2e2dc71fadd791a6bd29b5427a57a9ef5,139,-0.5936402846472283,0.01
2,2,all_strict,wholly_unseen,laplace,uniform,20.0,input_plus_surface,0.1,46b216ba26aa11acaa5d3f570ff995f2e06b4023e6af3be0a5801b3a981e0482,5e59b6e472516f13ca658b22db932edecc3ad40f3a948e5e38b5074070503e4d,139,-0.6482554815258182,0.01
2,0,all_strict,wholly_unseen,laplace,uniform,20.0,HU_plus_surface,0.0,6af75daa525968e68fb8d352969dddfe3b92e90b6a86578e4f8560ce19d4e895,6b68e6ec25c73654a4c93abdb76d4c6a8bde55ab59f57d8d0d93eabbd88024ec,137,-0.604108111750702,0.01
2,0,all_strict,wholly_unseen,laplace,uniform,20.0,HU_plus_surface,0.0001,6af75daa525968e68fb8d352969dddfe3b92e90b6a86578e4f8560ce19d4e895,92b4fdd0eefb349c1f9b92474e977b880d12117ff2c7f7e9fbebadca3df57466,137,-0.6024744621921067,0.01
2,0,all_strict,wholly_unseen,laplace,uniform,20.0,HU_plus_surface,0.001,6af75daa525968e68fb8d352969dddfe3b92e90b6a86578e4f8560ce19d4e895,da827bede13f3256f2098e6e7e50f45931ad6a362c76f11daa658e4461193c6e,137,-0.5923241032452587,0.01
2,0,all_strict,wholly_unseen,laplace,uniform,20.0,HU_plus_surface,0.01,6af75daa525968e68fb8d352969dddfe3b92e90b6a86578e4f8560ce19d4e895,6eddd2a9fd2f054aac8d175c051fb78b7b33cae8f8424a6270b5ca4d7f470e52,137,-0.5729209203756481,0.01
2,0,all_strict,wholly_unseen,laplace,uniform,20.0,HU_plus_surface,0.1,6af75daa525968e68fb8d352969dddfe3b92e90b6a86578e4f8560ce19d4e895,2dac9f1714366b445cda056b1815834634c63591d286c77ac29d7e357d49b26d,137,-0.638657083473502,0.01
2,1,all_strict,wholly_unseen,laplace,uniform,20.0,HU_plus_surface,0.0,720abc63837a1c45a58674d554acfed0556ae646781babf1ab0907514d9f87bd,ad84d240a7e6b75f5a676ff06517df5dcf64621b3916ed951d45df70a42c98fa,136,-0.604108111750702,0.01
2,1,all_strict,wholly_unseen,laplace,uniform,20.0,HU_plus_surface,0.0001,720abc63837a1c45a58674d554acfed0556ae646781babf1ab0907514d9f87bd,bd1ee70b8f902bb72ff08955f7b58cd895a05f9016d57a8c8d5981edd7464db9,136,-0.6024744621921067,0.01
2,1,all_strict,wholly_unseen,laplace,uniform,20.0,HU_plus_surface,0.001,720abc63837a1c45a58674d554acfed0556ae646781babf1ab0907514d9f87bd,30db793531cb6397b46add5bfd9ef32d4e83ad714d93e127e6b60b4327d477da,136,-0.5923241032452587,0.01
2,1,all_strict,wholly_unseen,laplace,uniform,20.0,HU_plus_surface,0.01,720abc63837a1c45a58674d554acfed0556ae646781babf1ab0907514d9f87bd,e24642a36287df312d571c84e0ff6675297a7f072eb45a79142bf32f9a6d8399,136,-0.5729209203756481,0.01
2,1,all_strict,wholly_unseen,laplace,uniform,20.0,HU_plus_surface,0.1,720abc63837a1c45a58674d554acfed0556ae646781babf1ab0907514d9f87bd,7f9093ef7312db518822254be585da4eeae06aa61bd59fdd05b5255379d0c70c,136,-0.638657083473502,0.01
2,2,all_strict,wholly_unseen,laplace,uniform,20.0,HU_plus_surface,0.0,46b216ba26aa11acaa5d3f570ff995f2e06b4023e6af3be0a5801b3a981e0482,970b08f6b41b79c743e494682e300ea6acc410985207aafa59b30ec599c1b6b8,139,-0.604108111750702,0.01
2,2,all_strict,wholly_unseen,laplace,uniform,20.0,HU_plus_surface,0.0001,46b216ba26aa11acaa5d3f570ff995f2e06b4023e6af3be0a5801b3a981e0482,5bad2d3eed498f6fea0e2a95841fe2c5996b40739c7c65f81a8264cb9b965a7b,139,-0.6024744621921067,0.01
2,2,all_strict,wholly_unseen,laplace,uniform,20.0,HU_plus_surface,0.001,46b216ba26aa11acaa5d3f570ff995f2e06b4023e6af3be0a5801b3a981e0482,4b2b23f1676036f5b231c7ba4a9f95dfcece8d2110300299f56be59851e2b89e,139,-0.5923241032452587,0.01
2,2,all_strict,wholly_unseen,laplace,uniform,20.0,HU_plus_surface,0.01,46b216ba26aa11acaa5d3f570ff995f2e06b4023e6af3be0a5801b3a981e0482,fdf8654bcec59106875ea174ab457b0e258ec507c86da06a2c7f55ba0ca1d5d3,139,-0.5729209203756481,0.01
2,2,all_strict,wholly_unseen,laplace,uniform,20.0,HU_plus_surface,0.1,46b216ba26aa11acaa5d3f570ff995f2e06b4023e6af3be0a5801b3a981e0482,a8cc960d1e5ddf91454fa07d952982ea58f6451c4a9e27cc96cc0735b63b0b2e,139,-0.638657083473502,0.01
2,0,all_strict,wholly_unseen,laplace,uniform,20.0,retention_bounded_plus_HU,0.0,6af75daa525968e68fb8d352969dddfe3b92e90b6a86578e4f8560ce19d4e895,711be8d9ab3798eb72c2d7897253f28be3609d88f5e4fc1bf2f224e89acd12bf,137,-0.6010484441129768,0.01
2,0,all_strict,wholly_unseen,laplace,uniform,20.0,retention_bounded_plus_HU,0.0001,6af75daa525968e68fb8d352969dddfe3b92e90b6a86578e4f8560ce19d4e895,3120179e02cf237c8aa6a4ad905bbd71b7e4a39013519a96b1bb28698eca205a,137,-0.600008859087614,0.01
2,0,all_strict,wholly_unseen,laplace,uniform,20.0,retention_bounded_plus_HU,0.001,6af75daa525968e68fb8d352969dddfe3b92e90b6a86578e4f8560ce19d4e895,e0ab5994dc56edad8f6f7d0da3bc4fc51493f7e2e38095d133f0624a6b6bfdbc,137,-0.5913244391458519,0.01
2,0,all_strict,wholly_unseen,laplace,uniform,20.0,retention_bounded_plus_HU,0.01,6af75daa525968e68fb8d352969dddfe3b92e90b6a86578e4f8560ce19d4e895,455ec2ff557740cf66c9190a277872f34fa124faff5abdaae9dad82fbc3a5b50,137,-0.5796388599711908,0.01
2,0,all_strict,wholly_unseen,laplace,uniform,20.0,retention_bounded_plus_HU,0.1,6af75daa525968e68fb8d352969dddfe3b92e90b6a86578e4f8560ce19d4e895,9bcde47b7b62c23543df9cd2e7c5ce2361fbd8486d5d03f905cf1bc181829a6d,137,-0.6017483910991768,0.01
2,1,all_strict,wholly_unseen,laplace,uniform,20.0,retention_bounded_plus_HU,0.0,720abc63837a1c45a58674d554acfed0556ae646781babf1ab0907514d9f87bd,d1cc742edd788f436ac2262955c26b54973220d97fb16c4fc8c73d4d4ca87764,136,-0.6010484441129768,0.01
2,1,all_strict,wholly_unseen,laplace,uniform,20.0,retention_bounded_plus_HU,0.0001,720abc63837a1c45a58674d554acfed0556ae646781babf1ab0907514d9f87bd,f85051e35f62c616dc1671e361dbccbc6749194d9b046aba5a02d1f404d0c81e,136,-0.600008859087614,0.01
2,1,all_strict,wholly_unseen,laplace,uniform,20.0,retention_bounded_plus_HU,0.001,720abc63837a1c45a58674d554acfed0556ae646781babf1ab0907514d9f87bd,4f45aed4a283262fe2c25d7cfc6a71f609b4c404d9594bdbeb76d798b2d87abf,136,-0.5913244391458519,0.01
2,1,all_strict,wholly_unseen,laplace,uniform,20.0,retention_bounded_plus_HU,0.01,720abc63837a1c45a58674d554acfed0556ae646781babf1ab0907514d9f87bd,3a86d82f86bf4ed02d52676e79b3cb09652afd863deb0630c415f6888a9db787,136,-0.5796388599711908,0.01
2,1,all_strict,wholly_unseen,laplace,uniform,20.0,retention_bounded_plus_HU,0.1,720abc63837a1c45a58674d554acfed0556ae646781babf1ab0907514d9f87bd,363263e3b3ee6a816790710d00e121986ba551fa7c880437876ae64283859583,136,-0.6017483910991768,0.01
2,2,all_strict,wholly_unseen,laplace,uniform,20.0,retention_bounded_plus_HU,0.0,46b216ba26aa11acaa5d3f570ff995f2e06b4023e6af3be0a5801b3a981e0482,d8a32f2b56781d0c2b42c029422698b9c883cd9dfd4ed4f756573a05fa2d1ee9,139,-0.6010484441129768,0.01
2,2,all_strict,wholly_unseen,laplace,uniform,20.0,retention_bounded_plus_HU,0.0001,46b216ba26aa11acaa5d3f570ff995f2e06b4023e6af3be0a5801b3a981e0482,4fb5cb5d6c23e55ca4127d8f627d58773827c04c60053c29e6c5c9e2c67efc12,139,-0.600008859087614,0.01
2,2,all_strict,wholly_unseen,laplace,uniform,20.0,retention_bounded_plus_HU,0.001,46b216ba26aa11acaa5d3f570ff995f2e06b4023e6af3be0a5801b3a981e0482,c21a1503cb7817fb86203b2e6ef3bd52be0ee8f2a14fa112cbc62db92b1f3578,139,-0.5913244391458519,0.01
2,2,all_strict,wholly_unseen,laplace,uniform,20.0,retention_bounded_plus_HU,0.01,46b216ba26aa11acaa5d3f570ff995f2e06b4023e6af3be0a5801b3a981e0482,5051a754a6803f5583aec46f61e96e58d5401fe3fa9f62a9a156c82d44b43431,139,-0.5796388599711908,0.01
2,2,all_strict,wholly_unseen,laplace,uniform,20.0,retention_bounded_plus_HU,0.1,46b216ba26aa11acaa5d3f570ff995f2e06b4023e6af3be0a5801b3a981e0482,61e1c3a8ebc467f651428b447d4befa7dd6eb081f53f0fe3262a7756800d7bba,139,-0.6017483910991768,0.01
2,0,all_strict,wholly_unseen,gh80,uniform,20.0,HU_plus_surface,0.0,6af75daa525968e68fb8d352969dddfe3b92e90b6a86578e4f8560ce19d4e895,9d1c7b45a564be61c054512aa4f93a206999e612ba0ed6f2edc61bb72bdd3201,137,-0.5887014448985967,0.01
2,0,all_strict,wholly_unseen,gh80,uniform,20.0,HU_plus_surface,0.0001,6af75daa525968e68fb8d352969dddfe3b92e90b6a86578e4f8560ce19d4e895,95fd4c868214151d8f2ef8c23dceddbe0b470e8bb9859cfff400f131d9024346,137,-0.5874209945231456,0.01
2,0,all_strict,wholly_unseen,gh80,uniform,20.0,HU_plus_surface,0.001,6af75daa525968e68fb8d352969dddfe3b92e90b6a86578e4f8560ce19d4e895,c23fd8c1f269c86abdad6a6c4388506dc553e70733ddc55bd4e682259d659ad7,137,-0.5793826686020743,0.01
2,0,all_strict,wholly_unseen,gh80,uniform,20.0,HU_plus_surface,0.01,6af75daa525968e68fb8d352969dddfe3b92e90b6a86578e4f8560ce19d4e895,037a9e3925a04e5dca5c5670dac3055f7ea0685d968812796d6a10c83368de43,137,-0.5660731934230133,0.01
2,0,all_strict,wholly_unseen,gh80,uniform,20.0,HU_plus_surface,0.1,6af75daa525968e68fb8d352969dddfe3b92e90b6a86578e4f8560ce19d4e895,148d1bd41d11781d7e9e270b9890b036f37e60ebbca9c054b4b1aa3d19249927,137,-0.6384159513314381,0.01
2,1,all_strict,wholly_unseen,gh80,uniform,20.0,HU_plus_surface,0.0,720abc63837a1c45a58674d554acfed0556ae646781babf1ab0907514d9f87bd,604369a831558887cc40aff56ecc13856c3d1745b63e016a43684d49bf890143,136,-0.5887014448985967,0.01
2,1,all_strict,wholly_unseen,gh80,uniform,20.0,HU_plus_surface,0.0001,720abc63837a1c45a58674d554acfed0556ae646781babf1ab0907514d9f87bd,41ab51c8234fb6aae2bcc33fdd524bb6b50ca0e41f216af36900464a4b786b0e,136,-0.5874209945231456,0.01
2,1,all_strict,wholly_unseen,gh80,uniform,20.0,HU_plus_surface,0.001,720abc63837a1c45a58674d554acfed0556ae646781babf1ab0907514d9f87bd,1b8c34aadd61c21625518d8fbbf102626a5bd42d2330aead333a52cdcd93111b,136,-0.5793826686020743,0.01
2,1,all_strict,wholly_unseen,gh80,uniform,20.0,HU_plus_surface,0.01,720abc63837a1c45a58674d554acfed0556ae646781babf1ab0907514d9f87bd,cbf187999e9f85091bc2b1cdbfb25d6e3ed16377eb4ddf7419985a5eb8aeb413,136,-0.5660731934230133,0.01
2,1,all_strict,wholly_unseen,gh80,uniform,20.0,HU_plus_surface,0.1,720abc63837a1c45a58674d554acfed0556ae646781babf1ab0907514d9f87bd,f9fbc34d1aa21ff80fb148bb9024ab442b2ded82259e2e4126e903a5f8631827,136,-0.6384159513314381,0.01
2,2,all_strict,wholly_unseen,gh80,uniform,20.0,HU_plus_surface,0.0,46b216ba26aa11acaa5d3f570ff995f2e06b4023e6af3be0a5801b3a981e0482,838828a689fa795d63454dd250fc2e3a65b2bba73f8272fcb868446301fbeaf5,139,-0.5887014448985967,0.01
2,2,all_strict,wholly_unseen,gh80,uniform,20.0,HU_plus_surface,0.0001,46b216ba26aa11acaa5d3f570ff995f2e06b4023e6af3be0a5801b3a981e0482,976ef5aa1129a55dfeb57ce081fe6676eda5f87023b4cf4d8c8df796c8632dd8,139,-0.5874209945231456,0.01
2,2,all_strict,wholly_unseen,gh80,uniform,20.0,HU_plus_surface,0.001,46b216ba26aa11acaa5d3f570ff995f2e06b4023e6af3be0a5801b3a981e0482,91d7284cbc1aa67bb73c8d3157baec7d400b72c911bddf3cc43a448c72b33fd6,139,-0.5793826686020743,0.01
2,2,all_strict,wholly_unseen,gh80,uniform,20.0,HU_plus_surface,0.01,46b216ba26aa11acaa5d3f570ff995f2e06b4023e6af3be0a5801b3a981e0482,a0dc3977698b826ab9890f6733e94d4d51f829084e4dd98b0937109541107bf7,139,-0.5660731934230133,0.01
2,2,all_strict,wholly_unseen,gh80,uniform,20.0,HU_plus_surface,0.1,46b216ba26aa11acaa5d3f570ff995f2e06b4023e6af3be0a5801b3a981e0482,2285ab184f544ede2726b93796c97c9009044f8dc9c73a4739d31278c04608ac,139,-0.6384159513314381,0.01
2,0,all_strict,wholly_unseen,gh80,uniform,20.0,retention_bounded_plus_HU,0.0,6af75daa525968e68fb8d352969dddfe3b92e90b6a86578e4f8560ce19d4e895,e2dff5c1856b47a1cc2a2a16734acedb8964cdc16b60de476e326c50b30ee23b,137,-0.59571881358551,0.01
2,0,all_strict,wholly_unseen,gh80,uniform,20.0,retention_bounded_plus_HU,0.0001,6af75daa525968e68fb8d352969dddfe3b92e90b6a86578e4f8560ce19d4e895,55250a21e42a9d05cb8c6f49cfcce9a952c1eeb6cbddff70e067cea43b79392c,137,-0.5948177727754443,0.01
2,0,all_strict,wholly_unseen,gh80,uniform,20.0,retention_bounded_plus_HU,0.001,6af75daa525968e68fb8d352969dddfe3b92e90b6a86578e4f8560ce19d4e895,fe3554e6a211d890dcadc79ea11c2e20560f791ba859402a6115390bc66c4cb0,137,-0.59568507384317,0.01
2,0,all_strict,wholly_unseen,gh80,uniform,20.0,retention_bounded_plus_HU,0.01,6af75daa525968e68fb8d352969dddfe3b92e90b6a86578e4f8560ce19d4e895,1f4f967a23f12a873a7eea6f012ce92f22a98c04c8e2071736735bb0a02e43a9,137,-0.5857312502747368,0.01
2,0,all_strict,wholly_unseen,gh80,uniform,20.0,retention_bounded_plus_HU,0.1,6af75daa525968e68fb8d352969dddfe3b92e90b6a86578e4f8560ce19d4e895,e25f8119b676df99453b9fee98bd629a68ee5d47af7a972061c69962cb4c4a17,137,-0.6050600392513444,0.01
2,1,all_strict,wholly_unseen,gh80,uniform,20.0,retention_bounded_plus_HU,0.0,720abc63837a1c45a58674d554acfed0556ae646781babf1ab0907514d9f87bd,ec9c9240311d28b24522b1b3d9fa3c38ce2d7b76fcd31f1567d089af1f67c47b,136,-0.59571881358551,0.01
2,1,all_strict,wholly_unseen,gh80,uniform,20.0,retention_bounded_plus_HU,0.0001,720abc63837a1c45a58674d554acfed0556ae646781babf1ab0907514d9f87bd,148b77576147c39552ce012a3222c036c72a197d6ab4e5f10fb72d547df4f81f,136,-0.5948177727754443,0.01
2,1,all_strict,wholly_unseen,gh80,uniform,20.0,retention_bounded_plus_HU,0.001,720abc63837a1c45a58674d554acfed0556ae646781babf1ab0907514d9f87bd,c992bf2a1222ca9df26e1ce5558292b346623197131ac2e708358c990aac17dc,136,-0.59568507384317,0.01
2,1,all_strict,wholly_unseen,gh80,uniform,20.0,retention_bounded_plus_HU,0.01,720abc63837a1c45a58674d554acfed0556ae646781babf1ab0907514d9f87bd,93706f4d4c680f947577e47e6fdeb55b44ff9a4da358ce6531240afe43a1874f,136,-0.5857312502747368,0.01
2,1,all_strict,wholly_unseen,gh80,uniform,20.0,retention_bounded_plus_HU,0.1,720abc63837a1c45a58674d554acfed0556ae646781babf1ab0907514d9f87bd,243c1ee2f881b3eebb66dbf4f85919dfe8892c78771068864e8d1cf9b96c0c90,136,-0.6050600392513444,0.01
2,2,all_strict,wholly_unseen,gh80,uniform,20.0,retention_bounded_plus_HU,0.0,46b216ba26aa11acaa5d3f570ff995f2e06b4023e6af3be0a5801b3a981e0482,95f845ba7cb4d3a97ac83c12a25cc148bcf9466254e7671b8ebee8516d11f9e8,139,-0.59571881358551,0.01
2,2,all_strict,wholly_unseen,gh80,uniform,20.0,retention_bounded_plus_HU,0.0001,46b216ba26aa11acaa5d3f570ff995f2e06b4023e6af3be0a5801b3a981e0482,f6c05b7acdc99696764b48dfa32c1479bd3fa66b3e0b69132444b7cad7cba5de,139,-0.5948177727754443,0.01
2,2,all_strict,wholly_unseen,gh80,uniform,20.0,retention_bounded_plus_HU,0.001,46b216ba26aa11acaa5d3f570ff995f2e06b4023e6af3be0a5801b3a981e0482,cc1d5b2c1241048ce0b1241fc2de9a1fe7d354a59285a0ec869505dc8793d080,139,-0.59568507384317,0.01
2,2,all_strict,wholly_unseen,gh80,uniform,20.0,retention_bounded_plus_HU,0.01,46b216ba26aa11acaa5d3f570ff995f2e06b4023e6af3be0a5801b3a981e0482,7ac047ad9728dbe2ce9ba34b178524ff07a49ad0f4fe8e7ace370556767f85b4,139,-0.5857312502747368,0.01
2,2,all_strict,wholly_unseen,gh80,uniform,20.0,retention_bounded_plus_HU,0.1,46b216ba26aa11acaa5d3f570ff995f2e06b4023e6af3be0a5801b3a981e0482,750e28b123784ae5910f3684248bb16f43ce529862b76c18ff46d7cef7e414c7,139,-0.6050600392513444,0.01
2,0,all_agreeing_offsets,side_informed,laplace,uniform,20.0,retention_bounded,0.0,6af75daa525968e68fb8d352969dddfe3b92e90b6a86578e4f8560ce19d4e895,4e07f6ed0069db1e344c46c146da6f67779e1bedc6a758d51e994e15963cbdfd,137,-0.3343021148356139,0.01
2,0,all_agreeing_offsets,side_informed,laplace,uniform,20.0,retention_bounded,0.0001,6af75daa525968e68fb8d352969dddfe3b92e90b6a86578e4f8560ce19d4e895,99dc78305aa9a1b0ff1ff7761dbab836589b15c4ed3e8092053ad507fd68cb91,137,-0.3333218361442767,0.01
2,0,all_agreeing_offsets,side_informed,laplace,uniform,20.0,retention_bounded,0.001,6af75daa525968e68fb8d352969dddfe3b92e90b6a86578e4f8560ce19d4e895,6ef0082fe0a62075c3394286b24f58ea87040a561114d18f74c18faf61e961a3,137,-0.326390612586113,0.01
2,0,all_agreeing_offsets,side_informed,laplace,uniform,20.0,retention_bounded,0.01,6af75daa525968e68fb8d352969dddfe3b92e90b6a86578e4f8560ce19d4e895,075f504f99e0fe1a7c31063fc9e78ccd723f6044d00dd786134d61bdfd228807,137,-0.3059276983959415,0.01
2,0,all_agreeing_offsets,side_informed,laplace,uniform,20.0,retention_bounded,0.1,6af75daa525968e68fb8d352969dddfe3b92e90b6a86578e4f8560ce19d4e895,794a48ed85dd0de4b9636b9391986d171bfbd179ec2280a979b07d681b61e970,137,-0.3450447798100264,0.01
2,1,all_agreeing_offsets,side_informed,laplace,uniform,20.0,retention_bounded,0.0,720abc63837a1c45a58674d554acfed0556ae646781babf1ab0907514d9f87bd,0a621252f2481d82fd0e85194686bb38c792f463c0290f610d8823b8ec1cde3b,136,-0.3343021148356139,0.01
2,1,all_agreeing_offsets,side_informed,laplace,uniform,20.0,retention_bounded,0.0001,720abc63837a1c45a58674d554acfed0556ae646781babf1ab0907514d9f87bd,911cbe1c783f3b0bfc16e0573ba4fa5e64979d3cddec468c95f92b7c686798d8,136,-0.3333218361442767,0.01
2,1,all_agreeing_offsets,side_informed,laplace,uniform,20.0,retention_bounded,0.001,720abc63837a1c45a58674d554acfed0556ae646781babf1ab0907514d9f87bd,76f47ad735060c977970927aa2139accb5d3ec32f70c7a080b3cff93f1d3e9a4,136,-0.326390612586113,0.01
2,1,all_agreeing_offsets,side_informed,laplace,uniform,20.0,retention_bounded,0.01,720abc63837a1c45a58674d554acfed0556ae646781babf1ab0907514d9f87bd,4d95e0fd8e5e890442f5f3cc4440ed8619c70b49ee48397b959dd58b50a4f7a2,136,-0.3059276983959415,0.01
2,1,all_agreeing_offsets,side_informed,laplace,uniform,20.0,retention_bounded,0.1,720abc63837a1c45a58674d554acfed0556ae646781babf1ab0907514d9f87bd,28fad060bf6b2c0dc6f950737841b8d0939d3695ff04be75d82691220d480817,136,-0.3450447798100264,0.01
2,2,all_agreeing_offsets,side_informed,laplace,uniform,20.0,retention_bounded,0.0,46b216ba26aa11acaa5d3f570ff995f2e06b4023e6af3be0a5801b3a981e0482,f971c73f55ce6700e30196b446dfcda53457c13847fd4dd7e44dc2ccd2247f07,139,-0.3343021148356139,0.01
2,2,all_agreeing_offsets,side_informed,laplace,uniform,20.0,retention_bounded,0.0001,46b216ba26aa11acaa5d3f570ff995f2e06b4023e6af3be0a5801b3a981e0482,6b3b845a899f82d424bbfc6da5f223d9f37f8ac70922996e495be3c400ee849f,139,-0.3333218361442767,0.01
2,2,all_agreeing_offsets,side_informed,laplace,uniform,20.0,retention_bounded,0.001,46b216ba26aa11acaa5d3f570ff995f2e06b4023e6af3be0a5801b3a981e0482,10403d883bc29c3b2130bbe6fc259c256e4199246f7954b4891ef48d53ff19e9,139,-0.326390612586113,0.01
2,2,all_agreeing_offsets,side_informed,laplace,uniform,20.0,retention_bounded,0.01,46b216ba26aa11acaa5d3f570ff995f2e06b4023e6af3be0a5801b3a981e0482,46f9515d45bf6befcee81be3fe35e9d212d2c54a8c91efaf1ba9631a9f56adb0,139,-0.3059276983959415,0.01
2,2,all_agreeing_offsets,side_informed,laplace,uniform,20.0,retention_bounded,0.1,46b216ba26aa11acaa5d3f570ff995f2e06b4023e6af3be0a5801b3a981e0482,6de0a04f4d2c73d2c008f5867cde47dad8351316730829d902201322ee81c840,139,-0.3450447798100264,0.01
2,0,all_agreeing_offsets,side_informed,laplace,uniform,20.0,retention_nonnegative,0.0,6af75daa525968e68fb8d352969dddfe3b92e90b6a86578e4f8560ce19d4e895,09804789497114d37255e5435df463b075ef141f098783e815d0742619effc90,137,-0.3343021145574428,0.001
2,0,all_agreeing_offsets,side_informed,laplace,uniform,20.0,retention_nonnegative,0.0001,6af75daa525968e68fb8d352969dddfe3b92e90b6a86578e4f8560ce19d4e895,fa8c9e31649016ac5138546da2d1adae7f0098f0658388924815142c9c503261,137,-0.33324035515262773,0.001
2,0,all_agreeing_offsets,side_informed,laplace,uniform,20.0,retention_nonnegative,0.001,6af75daa525968e68fb8d352969dddfe3b92e90b6a86578e4f8560ce19d4e895,7e29aee45a237397cbfe201955e794baf3b5eaf3f6723dd19371e94b22520326,137,-0.32803785622377235,0.001
2,0,all_agreeing_offsets,side_informed,laplace,uniform,20.0,retention_nonnegative,0.01,6af75daa525968e68fb8d352969dddfe3b92e90b6a86578e4f8560ce19d4e895,7b9b41ad10dd50b39a8eaf3e4620f5219a7546eb846c58f4611f55d4fa9165b5,137,-0.33233335454345,0.001
2,0,all_agreeing_offsets,side_informed,laplace,uniform,20.0,retention_nonnegative,0.1,6af75daa525968e68fb8d352969dddfe3b92e90b6a86578e4f8560ce19d4e895,db108db4c40b329e8015acb4dd664c2b6633081394e4882323085b8fc58d5cbf,137,-0.41100592162347727,0.001
2,1,all_agreeing_offsets,side_informed,laplace,uniform,20.0,retention_nonnegative,0.0,720abc63837a1c45a58674d554acfed0556ae646781babf1ab0907514d9f87bd,4d8fc44d04ff599304947f1902b968500f9bd02fa45ba1ed71b55d7766f287de,136,-0.3343021145574428,0.001
2,1,all_agreeing_offsets,side_informed,laplace,uniform,20.0,retention_nonnegative,0.0001,720abc63837a1c45a58674d554acfed0556ae646781babf1ab0907514d9f87bd,a7a5c727a88f8e2d136d1bc3a9a96a0b528e403e1a51a3a527b6e38cd4c33756,136,-0.33324035515262773,0.001
2,1,all_agreeing_offsets,side_informed,laplace,uniform,20.0,retention_nonnegative,0.001,720abc63837a1c45a58674d554acfed0556ae646781babf1ab0907514d9f87bd,9ec3531713ab35f58391d9b24607dfd2ee6e535393abc1a989a96b31aec16020,136,-0.32803785622377235,0.001
2,1,all_agreeing_offsets,side_informed,laplace,uniform,20.0,retention_nonnegative,0.01,720abc63837a1c45a58674d554acfed0556ae646781babf1ab0907514d9f87bd,26a4b5f94f81c7a9b0aa7a031c4072e11bdb910dcc50663d874dbecb5c461966,136,-0.33233335454345,0.001
2,1,all_agreeing_offsets,side_informed,laplace,uniform,20.0,retention_nonnegative,0.1,720abc63837a1c45a58674d554acfed0556ae646781babf1ab0907514d9f87bd,c347f3707e9da8655dbc2b04e53486bf674c3e734b308a3cde54ed9ed833e7fe,136,-0.41100592162347727,0.001
2,2,all_agreeing_offsets,side_informed,laplace,uniform,20.0,retention_nonnegative,0.0,46b216ba26aa11acaa5d3f570ff995f2e06b4023e6af3be0a5801b3a981e0482,b3527b18c323915942a8cca0050226d3de56b480b43f9e7f80be7128f1d32a45,139,-0.3343021145574428,0.001
2,2,all_agreeing_offsets,side_informed,laplace,uniform,20.0,retention_nonnegative,0.0001,46b216ba26aa11acaa5d3f570ff995f2e06b4023e6af3be0a5801b3a981e0482,f57069c3a4383bca89f239de7185c047b6428796589bbaa0adcbb2d472ea3317,139,-0.33324035515262773,0.001
2,2,all_agreeing_offsets,side_informed,laplace,uniform,20.0,retention_nonnegative,0.001,46b216ba26aa11acaa5d3f570ff995f2e06b4023e6af3be0a5801b3a981e0482,ab868325e678e1cbd300bcb7271812349dd6714682771b6ac58a8bdf7d726fca,139,-0.32803785622377235,0.001
2,2,all_agreeing_offsets,side_informed,laplace,uniform,20.0,retention_nonnegative,0.01,46b216ba26aa11acaa5d3f570ff995f2e06b4023e6af3be0a5801b3a981e0482,ae83c5de63a900168af2e4b86d0c200912c2950de9fc0626a4c978513c1f71b0,139,-0.33233335454345,0.001
2,2,all_agreeing_offsets,side_informed,laplace,uniform,20.0,retention_nonnegative,0.1,46b216ba26aa11acaa5d3f570ff995f2e06b4023e6af3be0a5801b3a981e0482,075f47e17708373c50b9f4f599a8211f8d988858d036be022209d9f95bf0072f,139,-0.41100592162347727,0.001
2,0,all_agreeing_offsets,side_informed,laplace,uniform,20.0,current_only,0.0,6af75daa525968e68fb8d352969dddfe3b92e90b6a86578e4f8560ce19d4e895,c927a542619a9868099ffddb72c96fb12f50d67fdf9e06ec025554e0edbddd71,137,-0.5653584595141832,0.01
2,0,all_agreeing_offsets,side_informed,laplace,uniform,20.0,current_only,0.0001,6af75daa525968e68fb8d352969dddfe3b92e90b6a86578e4f8560ce19d4e895,bd703111b2216d62a81ce2e53c47cf49c3cb6a880c0f41336ef56a4649601ffc,137,-0.5652137804754723,0.01
2,0,all_agreeing_offsets,side_informed,laplace,uniform,20.0,current_only,0.001,6af75daa525968e68fb8d352969dddfe3b92e90b6a86578e4f8560ce19d4e895,c756adf0009934170c7425523021f11c382c02e832473e717920e4fc35953e97,137,-0.5639699452158125,0.01
2,0,all_agreeing_offsets,side_informed,laplace,uniform,20.0,current_only,0.01,6af75daa525968e68fb8d352969dddfe3b92e90b6a86578e4f8560ce19d4e895,d5fc578a3ee56f050bc2c640a0a525e6071ba1580b9f6e9140d1590af106638f,137,-0.5557267202760862,0.01
2,0,all_agreeing_offsets,side_informed,laplace,uniform,20.0,current_only,0.1,6af75daa525968e68fb8d352969dddfe3b92e90b6a86578e4f8560ce19d4e895,3f3a36b6f4c33e55c18e38d7928bce5e820e90755b2b1c1672fa43f391f5adfa,137,-0.5669701407422353,0.01
2,1,all_agreeing_offsets,side_informed,laplace,uniform,20.0,current_only,0.0,720abc63837a1c45a58674d554acfed0556ae646781babf1ab0907514d9f87bd,706c58777f325a52570680e80ce22eae732f9cd78e149ddb559c5ca9f31057b0,136,-0.5653584595141832,0.01
2,1,all_agreeing_offsets,side_informed,laplace,uniform,20.0,current_only,0.0001,720abc63837a1c45a58674d554acfed0556ae646781babf1ab0907514d9f87bd,bdbbb43aced513862cf9823b0edad1613ad245ef22ba56bf216a358c915ce26a,136,-0.5652137804754723,0.01
2,1,all_agreeing_offsets,side_informed,laplace,uniform,20.0,current_only,0.001,720abc63837a1c45a58674d554acfed0556ae646781babf1ab0907514d9f87bd,7f2b42b302250dc75020fd6e029ae1617e12e57dec61c1773aa5f66531b232d5,136,-0.5639699452158125,0.01
2,1,all_agreeing_offsets,side_informed,laplace,uniform,20.0,current_only,0.01,720abc63837a1c45a58674d554acfed0556ae646781babf1ab0907514d9f87bd,ae2ad39a73a6459463dda707e8fe8ee62a104ba3076ae989f764060276cf97c9,136,-0.5557267202760862,0.01
2,1,all_agreeing_offsets,side_informed,laplace,uniform,20.0,current_only,0.1,720abc63837a1c45a58674d554acfed0556ae646781babf1ab0907514d9f87bd,9d42b74a15db584c0fc4ee1cadcfe89cf126f876f491e8df9472f144b20faf49,136,-0.5669701407422353,0.01
2,2,all_agreeing_offsets,side_informed,laplace,uniform,20.0,current_only,0.0,46b216ba26aa11acaa5d3f570ff995f2e06b4023e6af3be0a5801b3a981e0482,a64f72a688a1aab2e433d11805a7c44d8d3bfbe7fa0f6ac2f2177bb761fa0981,139,-0.5653584595141832,0.01
2,2,all_agreeing_offsets,side_informed,laplace,uniform,20.0,current_only,0.0001,46b216ba26aa11acaa5d3f570ff995f2e06b4023e6af3be0a5801b3a981e0482,24faf1c28d9330207f6eef0823e13bc28c5dc41e55bf3657ad0118f60945a04c,139,-0.5652137804754723,0.01
2,2,all_agreeing_offsets,side_informed,laplace,uniform,20.0,current_only,0.001,46b216ba26aa11acaa5d3f570ff995f2e06b4023e6af3be0a5801b3a981e0482,75671328ef993b8fa00181764d183428da1b22772275d292f1e283d9cdf15580,139,-0.5639699452158125,0.01
2,2,all_agreeing_offsets,side_informed,laplace,uniform,20.0,current_only,0.01,46b216ba26aa11acaa5d3f570ff995f2e06b4023e6af3be0a5801b3a981e0482,5124ff3ae42801326664b80425d5dffb278e996fac6e8f8cf0d90a2156edccb9,139,-0.5557267202760862,0.01
2,2,all_agreeing_offsets,side_informed,laplace,uniform,20.0,current_only,0.1,46b216ba26aa11acaa5d3f570ff995f2e06b4023e6af3be0a5801b3a981e0482,7c136b9bc33ea9e5011b3ab6c608969f48ae8c8def96a209a140cf0d4898fd93,139,-0.5669701407422353,0.01
2,0,all_agreeing_offsets,side_informed,laplace,uniform,20.0,input_plus_surface,0.0,6af75daa525968e68fb8d352969dddfe3b92e90b6a86578e4f8560ce19d4e895,97bf55840fcad781ae338fe2fddada3be4d00c4ae3c5a14bde2a63449071d2a9,137,-0.330911660090174,0.01
2,0,all_agreeing_offsets,side_informed,laplace,uniform,20.0,input_plus_surface,0.0001,6af75daa525968e68fb8d352969dddfe3b92e90b6a86578e4f8560ce19d4e895,12f8410935a56d3b6cee32e39ed18bfa7e139b190af066e06bfebd432bc32e5f,137,-0.3296172798727571,0.01
2,0,all_agreeing_offsets,side_informed,laplace,uniform,20.0,input_plus_surface,0.001,6af75daa525968e68fb8d352969dddfe3b92e90b6a86578e4f8560ce19d4e895,0aa6d91b9c08136d083860d2bc9b301b3c45f0fe9d04dae46f9303100b08e6b3,137,-0.3213439848772134,0.01
2,0,all_agreeing_offsets,side_informed,laplace,uniform,20.0,input_plus_surface,0.01,6af75daa525968e68fb8d352969dddfe3b92e90b6a86578e4f8560ce19d4e895,1f9e462ae0ccff59762b9684fbceb264d45c60d9368dcf32929cd1ac2424d015,137,-0.3036042928682833,0.01
2,0,all_agreeing_offsets,side_informed,laplace,uniform,20.0,input_plus_surface,0.1,6af75daa525968e68fb8d352969dddfe3b92e90b6a86578e4f8560ce19d4e895,e6a69a0aa779922a18202e6410c31baa0dd67ea7cf9b1fc2bce4991f435ca6e7,137,-0.3611513064410253,0.01
2,1,all_agreeing_offsets,side_informed,laplace,uniform,20.0,input_plus_surface,0.0,720abc63837a1c45a58674d554acfed0556ae646781babf1ab0907514d9f87bd,06eea139287bca1eb99e912133245c42be0492f61799d6afb8a2cfc8883ba238,136,-0.330911660090174,0.01
2,1,all_agreeing_offsets,side_informed,laplace,uniform,20.0,input_plus_surface,0.0001,720abc63837a1c45a58674d554acfed0556ae646781babf1ab0907514d9f87bd,26bf6ddd6f1c3e9b42cbebf17c09ba0159d463c1798ac2de4d65965c7441422c,136,-0.3296172798727571,0.01
2,1,all_agreeing_offsets,side_informed,laplace,uniform,20.0,input_plus_surface,0.001,720abc63837a1c45a58674d554acfed0556ae646781babf1ab0907514d9f87bd,37807449494f7757d04e716d5ab066c895df9e26ee7e41542ee44d3f1902ebd4,136,-0.3213439848772134,0.01
2,1,all_agreeing_offsets,side_informed,laplace,uniform,20.0,input_plus_surface,0.01,720abc63837a1c45a58674d554acfed0556ae646781babf1ab0907514d9f87bd,14366463090ab20b406b71a7b831817304150ab36a51c477442787a1cfac88be,136,-0.3036042928682833,0.01
2,1,all_agreeing_offsets,side_informed,laplace,uniform,20.0,input_plus_surface,0.1,720abc63837a1c45a58674d554acfed0556ae646781babf1ab0907514d9f87bd,fd3beb4dfc42efa40c0c7f0034a161579e4254f023b60e2c4d24d43760fd6abc,136,-0.3611513064410253,0.01
2,2,all_agreeing_offsets,side_informed,laplace,uniform,20.0,input_plus_surface,0.0,46b216ba26aa11acaa5d3f570ff995f2e06b4023e6af3be0a5801b3a981e0482,0484d464bb3c6b057a61607f56976fc84bdb9a5ed7c739119c2286ebdb5277f0,139,-0.330911660090174,0.01
2,2,all_agreeing_offsets,side_informed,laplace,uniform,20.0,input_plus_surface,0.0001,46b216ba26aa11acaa5d3f570ff995f2e06b4023e6af3be0a5801b3a981e0482,c7b610212608521dfbe01c5724f02254f4b38db92fbe9e7da3b332f585647813,139,-0.3296172798727571,0.01
2,2,all_agreeing_offsets,side_informed,laplace,uniform,20.0,input_plus_surface,0.001,46b216ba26aa11acaa5d3f570ff995f2e06b4023e6af3be0a5801b3a981e0482,1c670aa4b9bcf7eb7c72c14de8e8af80b456119531b5d038f46815e22f09391d,139,-0.3213439848772134,0.01
2,2,all_agreeing_offsets,side_informed,laplace,uniform,20.0,input_plus_surface,0.01,46b216ba26aa11acaa5d3f570ff995f2e06b4023e6af3be0a5801b3a981e0482,0aeb156dbe8d8da58bfb7d9fcc70368decc443afcc2a016fe2894a958b5bf177,139,-0.3036042928682833,0.01
2,2,all_agreeing_offsets,side_informed,laplace,uniform,20.0,input_plus_surface,0.1,46b216ba26aa11acaa5d3f570ff995f2e06b4023e6af3be0a5801b3a981e0482,c9798588b5008ebf896a6c5371b50b2318fe3d9994d0b4764c1a7a166b4fc466,139,-0.3611513064410253,0.01
2,0,all_agreeing_offsets,side_informed,laplace,uniform,20.0,HU_plus_surface,0.0,6af75daa525968e68fb8d352969dddfe3b92e90b6a86578e4f8560ce19d4e895,2133b3f6b8633d2872ad2f6e2991b55e07001867dfdf51db39bf96c87975ac9c,137,-0.300865708003084,0.01
2,0,all_agreeing_offsets,side_informed,laplace,uniform,20.0,HU_plus_surface,0.0001,6af75daa525968e68fb8d352969dddfe3b92e90b6a86578e4f8560ce19d4e895,b3667524808f3514abc721de110c1bd336c8f3065635cecca3c8c31ed36fdd4b,137,-0.2995331687024972,0.01
2,0,all_agreeing_offsets,side_informed,laplace,uniform,20.0,HU_plus_surface,0.001,6af75daa525968e68fb8d352969dddfe3b92e90b6a86578e4f8560ce19d4e895,e4ccdf77daf18d4d6fca471e1a2e288d8abe40e8991cd2ae19db6fb54b3edcb4,137,-0.2918987025382816,0.01
2,0,all_agreeing_offsets,side_informed,laplace,uniform,20.0,HU_plus_surface,0.01,6af75daa525968e68fb8d352969dddfe3b92e90b6a86578e4f8560ce19d4e895,65b3e965eb4559a26e2ad5fc09d60b97bba33fca4d403688f89b414c7312b34d,137,-0.2811847442011713,0.01
2,0,all_agreeing_offsets,side_informed,laplace,uniform,20.0,HU_plus_surface,0.1,6af75daa525968e68fb8d352969dddfe3b92e90b6a86578e4f8560ce19d4e895,a485a77304225d705f8ce81d502bc82d0bf9ea0ebd9b939419a7aea38b09dacb,137,-0.3517780188737327,0.01
2,1,all_agreeing_offsets,side_informed,laplace,uniform,20.0,HU_plus_surface,0.0,720abc63837a1c45a58674d554acfed0556ae646781babf1ab0907514d9f87bd,3333f11e96d2b389165105f339e834223127f338a8a2fb1920f399248ae79eee,136,-0.300865708003084,0.01
2,1,all_agreeing_offsets,side_informed,laplace,uniform,20.0,HU_plus_surface,0.0001,720abc63837a1c45a58674d554acfed0556ae646781babf1ab0907514d9f87bd,0b51908a0552e01b3bca3c0ff55147153f017ebb783295eb455aacb998cd07a3,136,-0.2995331687024972,0.01
2,1,all_agreeing_offsets,side_informed,laplace,uniform,20.0,HU_plus_surface,0.001,720abc63837a1c45a58674d554acfed0556ae646781babf1ab0907514d9f87bd,4aeaff7788849aabc9eace7c6aa95a845acfe86ced392662a14f1b1cbd78e2b3,136,-0.2918987025382816,0.01
2,1,all_agreeing_offsets,side_informed,laplace,uniform,20.0,HU_plus_surface,0.01,720abc63837a1c45a58674d554acfed0556ae646781babf1ab0907514d9f87bd,ea8a6b7d91ae07257631f990df66c5d6acd592ea62000a7bd2fd4c0e74ec7c3c,136,-0.2811847442011713,0.01
2,1,all_agreeing_offsets,side_informed,laplace,uniform,20.0,HU_plus_surface,0.1,720abc63837a1c45a58674d554acfed0556ae646781babf1ab0907514d9f87bd,11218ac2a04236663e6bc0339640a68b30955d368de64323a369fc41c559f84b,136,-0.3517780188737327,0.01
2,2,all_agreeing_offsets,side_informed,laplace,uniform,20.0,HU_plus_surface,0.0,46b216ba26aa11acaa5d3f570ff995f2e06b4023e6af3be0a5801b3a981e0482,13012ba9e05c712c5681767cd151fb83b301b7ab91891b05783748654a4c6d7b,139,-0.300865708003084,0.01
2,2,all_agreeing_offsets,side_informed,laplace,uniform,20.0,HU_plus_surface,0.0001,46b216ba26aa11acaa5d3f570ff995f2e06b4023e6af3be0a5801b3a981e0482,69918cf30e0f44a68d1ddf9ae4b2a878460d92d2fc2500defc3211c18a448848,139,-0.2995331687024972,0.01
2,2,all_agreeing_offsets,side_informed,laplace,uniform,20.0,HU_plus_surface,0.001,46b216ba26aa11acaa5d3f570ff995f2e06b4023e6af3be0a5801b3a981e0482,5022bb03cca6e833226013da71c8d93c0ca892340c8fef633c15a676f0c767ad,139,-0.2918987025382816,0.01
2,2,all_agreeing_offsets,side_informed,laplace,uniform,20.0,HU_plus_surface,0.01,46b216ba26aa11acaa5d3f570ff995f2e06b4023e6af3be0a5801b3a981e0482,a64f42d1668d7a9a38cd0aa72fbbfdd9bf8d2ff8a6a97c04a908566a66c6467d,139,-0.2811847442011713,0.01
2,2,all_agreeing_offsets,side_informed,laplace,uniform,20.0,HU_plus_surface,0.1,46b216ba26aa11acaa5d3f570ff995f2e06b4023e6af3be0a5801b3a981e0482,26bc63fc5686c38256c4b66a7b9857dbb394e46ddefd11f5120280a186896c66,139,-0.3517780188737327,0.01
2,0,all_agreeing_offsets,side_informed,laplace,uniform,20.0,retention_bounded_plus_HU,0.0,6af75daa525968e68fb8d352969dddfe3b92e90b6a86578e4f8560ce19d4e895,ae44156ff931333c35b10decbc76119a2b92ca7766e9b2cda710ddddbf888ded,137,-0.2920357054247148,0.01
2,0,all_agreeing_offsets,side_informed,laplace,uniform,20.0,retention_bounded_plus_HU,0.0001,6af75daa525968e68fb8d352969dddfe3b92e90b6a86578e4f8560ce19d4e895,0d50f66772b35ed460321fb13406c86cc76774701f282f45e8b4cd8550f70dd0,137,-0.2912402187892073,0.01
2,0,all_agreeing_offsets,side_informed,laplace,uniform,20.0,retention_bounded_plus_HU,0.001,6af75daa525968e68fb8d352969dddfe3b92e90b6a86578e4f8560ce19d4e895,f0439f301da361a5f1f78fe963e662ec9007b8f8af6e810d89fc7c7b3ecff9ed,137,-0.29151519962723055,0.01
2,0,all_agreeing_offsets,side_informed,laplace,uniform,20.0,retention_bounded_plus_HU,0.01,6af75daa525968e68fb8d352969dddfe3b92e90b6a86578e4f8560ce19d4e895,7da1e174cf84fa0ab3e4457291446162cbc0ab6f47b2ccae518800cee410f85c,137,-0.2890650558393776,0.01
2,0,all_agreeing_offsets,side_informed,laplace,uniform,20.0,retention_bounded_plus_HU,0.1,6af75daa525968e68fb8d352969dddfe3b92e90b6a86578e4f8560ce19d4e895,e84847acda9b60fbe6a2df20cab89b8549cd1edfbe8e1bc60087226938897ea8,137,-0.3173288561781149,0.01
2,1,all_agreeing_offsets,side_informed,laplace,uniform,20.0,retention_bounded_plus_HU,0.0,720abc63837a1c45a58674d554acfed0556ae646781babf1ab0907514d9f87bd,12eacad2ddeaeb561a439e59d83f4af93b815706a0dabc2867b5b2cd34eba8bc,136,-0.2920357054247148,0.01
2,1,all_agreeing_offsets,side_informed,laplace,uniform,20.0,retention_bounded_plus_HU,0.0001,720abc63837a1c45a58674d554acfed0556ae646781babf1ab0907514d9f87bd,d34c69f23737bd28eb938e2d7ec6a14eca1b2353435d7a61a0b2401bacdd626f,136,-0.2912402187892073,0.01
2,1,all_agreeing_offsets,side_informed,laplace,uniform,20.0,retention_bounded_plus_HU,0.001,720abc63837a1c45a58674d554acfed0556ae646781babf1ab0907514d9f87bd,80bb47844e6a0e3d0e832cc41fc0ce311c37ce932b34c5d245f8672b8939a6fe,136,-0.29151519962723055,0.01
2,1,all_agreeing_offsets,side_informed,laplace,uniform,20.0,retention_bounded_plus_HU,0.01,720abc63837a1c45a58674d554acfed0556ae646781babf1ab0907514d9f87bd,c40ebbcc17a54a1b0d3bb616787d610b3aa1683c4be7b1ce6c2a7b597b92b83f,136,-0.2890650558393776,0.01
2,1,all_agreeing_offsets,side_informed,laplace,uniform,20.0,retention_bounded_plus_HU,0.1,720abc63837a1c45a58674d554acfed0556ae646781babf1ab0907514d9f87bd,0871b46fe354c36e4b4f10aa59afc0067e7cb72d5ed5d08a36dd38e1ce47f34b,136,-0.3173288561781149,0.01
2,2,all_agreeing_offsets,side_informed,laplace,uniform,20.0,retention_bounded_plus_HU,0.0,46b216ba26aa11acaa5d3f570ff995f2e06b4023e6af3be0a5801b3a981e0482,8fa0f12483a860d6d1e3567123812516e600e7cf7e1e2adaf82fc45ffbea47ca,139,-0.2920357054247148,0.01
2,2,all_agreeing_offsets,side_informed,laplace,uniform,20.0,retention_bounded_plus_HU,0.0001,46b216ba26aa11acaa5d3f570ff995f2e06b4023e6af3be0a5801b3a981e0482,f0702dde5effa3af4a9d3aee74d1646f730260d5095a48cedb61e77ea5acaf62,139,-0.2912402187892073,0.01
2,2,all_agreeing_offsets,side_informed,laplace,uniform,20.0,retention_bounded_plus_HU,0.001,46b216ba26aa11acaa5d3f570ff995f2e06b4023e6af3be0a5801b3a981e0482,cc29f2b17febb7fefd06f8a9a872fd64d8dcd59460b4deb58a7ab197b20fd0e2,139,-0.29151519962723055,0.01
2,2,all_agreeing_offsets,side_informed,laplace,uniform,20.0,retention_bounded_plus_HU,0.01,46b216ba26aa11acaa5d3f570ff995f2e06b4023e6af3be0a5801b3a981e0482,ddcbf92e2928106ad00974959534934f73fcb0794e19ef98a513f0e1d9d66962,139,-0.2890650558393776,0.01
2,2,all_agreeing_offsets,side_informed,laplace,uniform,20.0,retention_bounded_plus_HU,0.1,46b216ba26aa11acaa5d3f570ff995f2e06b4023e6af3be0a5801b3a981e0482,af1182582ad85be5cfd337aec92bf43b54a099815fc4353e777ced03d1640e70,139,-0.3173288561781149,0.01
2,0,all_agreeing_offsets,side_informed,gh80,uniform,20.0,HU_plus_surface,0.0,6af75daa525968e68fb8d352969dddfe3b92e90b6a86578e4f8560ce19d4e895,a2736e2a5a69bde3b738fbbe387b523b082319fab2fe922e98b037bb3c17abfc,137,-0.30152266637370284,0.01
2,0,all_agreeing_offsets,side_informed,gh80,uniform,20.0,HU_plus_surface,0.0001,6af75daa525968e68fb8d352969dddfe3b92e90b6a86578e4f8560ce19d4e895,9a65c32020c3c0439f701ed72e6de7fd57008216329e28aeba54cc0ba05bb24a,137,-0.3003728091262805,0.01
2,0,all_agreeing_offsets,side_informed,gh80,uniform,20.0,HU_plus_surface,0.001,6af75daa525968e68fb8d352969dddfe3b92e90b6a86578e4f8560ce19d4e895,5a675ee887a3c1645c0a23aac1027ca0fed729379d6fbf090c7c3779886fe5be,137,-0.2935261326363571,0.01
2,0,all_agreeing_offsets,side_informed,gh80,uniform,20.0,HU_plus_surface,0.01,6af75daa525968e68fb8d352969dddfe3b92e90b6a86578e4f8560ce19d4e895,12cc9fb2c262afd8397d32df0f07ee669e8f19c1d8324aacbf30f77bb813b6b3,137,-0.283765569850501,0.01
2,0,all_agreeing_offsets,side_informed,gh80,uniform,20.0,HU_plus_surface,0.1,6af75daa525968e68fb8d352969dddfe3b92e90b6a86578e4f8560ce19d4e895,fe30a40cb5ed4a4d54a2bdaf674e5a90d4419396634130b7c5207939110e866a,137,-0.35453670713547614,0.01
2,1,all_agreeing_offsets,side_informed,gh80,uniform,20.0,HU_plus_surface,0.0,720abc63837a1c45a58674d554acfed0556ae646781babf1ab0907514d9f87bd,ed8e163ff1087f1ac21395037925a53ec13a224d1cbb03ab982e7c031802a89e,136,-0.30152266637370284,0.01
2,1,all_agreeing_offsets,side_informed,gh80,uniform,20.0,HU_plus_surface,0.0001,720abc63837a1c45a58674d554acfed0556ae646781babf1ab0907514d9f87bd,72c2621b9ab036c90217e2180703f295e115c158abb4763e4be7b7505142177f,136,-0.3003728091262805,0.01
2,1,all_agreeing_offsets,side_informed,gh80,uniform,20.0,HU_plus_surface,0.001,720abc63837a1c45a58674d554acfed0556ae646781babf1ab0907514d9f87bd,4fa105205827a9ec183c38ede53efd5bc365c237537d2eb9b41260d52e6ed54c,136,-0.2935261326363571,0.01
2,1,all_agreeing_offsets,side_informed,gh80,uniform,20.0,HU_plus_surface,0.01,720abc63837a1c45a58674d554acfed0556ae646781babf1ab0907514d9f87bd,e4153d7dfa86ae860527a9d8e912be20de7b852f06f3da5eb04c88d41605ae91,136,-0.283765569850501,0.01
2,1,all_agreeing_offsets,side_informed,gh80,uniform,20.0,HU_plus_surface,0.1,720abc63837a1c45a58674d554acfed0556ae646781babf1ab0907514d9f87bd,aa59df09845277d2580ab59bab37e224a0075102c5cbf8353a81f41cb48d1ce6,136,-0.35453670713547614,0.01
2,2,all_agreeing_offsets,side_informed,gh80,uniform,20.0,HU_plus_surface,0.0,46b216ba26aa11acaa5d3f570ff995f2e06b4023e6af3be0a5801b3a981e0482,5089ca3d878fba9cc8dd4e812dfa5d7482cfbb92f3ad34e59a97abe064756c43,139,-0.30152266637370284,0.01
2,2,all_agreeing_offsets,side_informed,gh80,uniform,20.0,HU_plus_surface,0.0001,46b216ba26aa11acaa5d3f570ff995f2e06b4023e6af3be0a5801b3a981e0482,ba37702d109544fcffbc28e74bccc755fbbc3059cd1bfbf530f8aa774d7f7907,139,-0.3003728091262805,0.01
2,2,all_agreeing_offsets,side_informed,gh80,uniform,20.0,HU_plus_surface,0.001,46b216ba26aa11acaa5d3f570ff995f2e06b4023e6af3be0a5801b3a981e0482,1cf5b0ff53141fb89f608f707494569681d5cfdb5f208158ea41be21db6a5a95,139,-0.2935261326363571,0.01
2,2,all_agreeing_offsets,side_informed,gh80,uniform,20.0,HU_plus_surface,0.01,46b216ba26aa11acaa5d3f570ff995f2e06b4023e6af3be0a5801b3a981e0482,30a17ff7d05f4a5db476fa8fbd8fa97ae91b98a54b323cb42c29ea1bce20591b,139,-0.283765569850501,0.01
2,2,all_agreeing_offsets,side_informed,gh80,uniform,20.0,HU_plus_surface,0.1,46b216ba26aa11acaa5d3f570ff995f2e06b4023e6af3be0a5801b3a981e0482,aed8342ec25b57afbd882bbeeb53010fd4ad248385c1964c032a7bc1d50c9e13,139,-0.35453670713547614,0.01
2,0,all_agreeing_offsets,side_informed,gh80,uniform,20.0,retention_bounded_plus_HU,0.0,6af75daa525968e68fb8d352969dddfe3b92e90b6a86578e4f8560ce19d4e895,4a1e65ea72e1c570c4a420912f353e8c68f961b9e0a94c908bd40946b44059b3,137,-0.302862848059568,0.01
2,0,all_agreeing_offsets,side_informed,gh80,uniform,20.0,retention_bounded_plus_HU,0.0001,6af75daa525968e68fb8d352969dddfe3b92e90b6a86578e4f8560ce19d4e895,6193b44ed064baf91fa2a3a0809fb3df35f26ef6277a4ca5a38c591556a00594,137,-0.30204635027652976,0.01
2,0,all_agreeing_offsets,side_informed,gh80,uniform,20.0,retention_bounded_plus_HU,0.001,6af75daa525968e68fb8d352969dddfe3b92e90b6a86578e4f8560ce19d4e895,86729d4843bc6663f1e4e3e9600bb6111f4d4891ba319b413cd145a54904d219,137,-0.30401537518821914,0.01
2,0,all_agreeing_offsets,side_informed,gh80,uniform,20.0,retention_bounded_plus_HU,0.01,6af75daa525968e68fb8d352969dddfe3b92e90b6a86578e4f8560ce19d4e895,d85270aee7d493931affdff4481f242d4bae291dda49d47c5e6536ad03a90e03,137,-0.2989060331272293,0.01
2,0,all_agreeing_offsets,side_informed,gh80,uniform,20.0,retention_bounded_plus_HU,0.1,6af75daa525968e68fb8d352969dddfe3b92e90b6a86578e4f8560ce19d4e895,394bf1ae19a4227ee96e965539d489362d9bca53fb3140049ee3ebc7592c2af2,137,-0.32266747284184477,0.01
2,1,all_agreeing_offsets,side_informed,gh80,uniform,20.0,retention_bounded_plus_HU,0.0,720abc63837a1c45a58674d554acfed0556ae646781babf1ab0907514d9f87bd,cc3cdef585e8f9e99c86e8dfae14425f9c5a32c36e1e04cac5b29252a0c038e0,136,-0.302862848059568,0.01
2,1,all_agreeing_offsets,side_informed,gh80,uniform,20.0,retention_bounded_plus_HU,0.0001,720abc63837a1c45a58674d554acfed0556ae646781babf1ab0907514d9f87bd,842aa47b0198b56678db2662f444d159c48ee5b2a36e3a2711d5812445cda621,136,-0.30204635027652976,0.01
2,1,all_agreeing_offsets,side_informed,gh80,uniform,20.0,retention_bounded_plus_HU,0.001,720abc63837a1c45a58674d554acfed0556ae646781babf1ab0907514d9f87bd,a12837c76c5fc225c23d0794d36ea3325f426a2718333483240217d9cdd75945,136,-0.30401537518821914,0.01
2,1,all_agreeing_offsets,side_informed,gh80,uniform,20.0,retention_bounded_plus_HU,0.01,720abc63837a1c45a58674d554acfed0556ae646781babf1ab0907514d9f87bd,3c49979eb68771a0a57dd39e2162e13eaa6153d5205fbc58cc33cd0b52b8eb56,136,-0.2989060331272293,0.01
2,1,all_agreeing_offsets,side_informed,gh80,uniform,20.0,retention_bounded_plus_HU,0.1,720abc63837a1c45a58674d554acfed0556ae646781babf1ab0907514d9f87bd,a4bfec33e4f3dfb73d9c09768a6812200bd0794c8a881345174c1ee0892e804d,136,-0.32266747284184477,0.01
2,2,all_agreeing_offsets,side_informed,gh80,uniform,20.0,retention_bounded_plus_HU,0.0,46b216ba26aa11acaa5d3f570ff995f2e06b4023e6af3be0a5801b3a981e0482,853a64c39d55da04c9166fc608f8fe5bbfc9aed4325201c04d18410d8dd0068e,139,-0.302862848059568,0.01
2,2,all_agreeing_offsets,side_informed,gh80,uniform,20.0,retention_bounded_plus_HU,0.0001,46b216ba26aa11acaa5d3f570ff995f2e06b4023e6af3be0a5801b3a981e0482,02169b000733c48beb744883981e20020dbed11e02cf45d207442d0dfb9afe90,139,-0.30204635027652976,0.01
2,2,all_agreeing_offsets,side_informed,gh80,uniform,20.0,retention_bounded_plus_HU,0.001,46b216ba26aa11acaa5d3f570ff995f2e06b4023e6af3be0a5801b3a981e0482,99fe5bb43ce73ff55b9387c7f1c520d05e5677b37dc302213268affff3bc747a,139,-0.30401537518821914,0.01
2,2,all_agreeing_offsets,side_informed,gh80,uniform,20.0,retention_bounded_plus_HU,0.01,46b216ba26aa11acaa5d3f570ff995f2e06b4023e6af3be0a5801b3a981e0482,ad5c140b6897d1bf99bdaa32754f5846c13549d419ae57f2e2343c5509b47257,139,-0.2989060331272293,0.01
2,2,all_agreeing_offsets,side_informed,gh80,uniform,20.0,retention_bounded_plus_HU,0.1,46b216ba26aa11acaa5d3f570ff995f2e06b4023e6af3be0a5801b3a981e0482,9d1f7d7dc54cb0a6c561030c7387cd3fcffe27e0b1546ecd53612b06f2fd7a11,139,-0.32266747284184477,0.01
2,0,all_agreeing_offsets,wholly_unseen,laplace,uniform,20.0,retention_bounded,0.0,6af75daa525968e68fb8d352969dddfe3b92e90b6a86578e4f8560ce19d4e895,4e07f6ed0069db1e344c46c146da6f67779e1bedc6a758d51e994e15963cbdfd,137,-0.6158667017912343,0.01
2,0,all_agreeing_offsets,wholly_unseen,laplace,uniform,20.0,retention_bounded,0.0001,6af75daa525968e68fb8d352969dddfe3b92e90b6a86578e4f8560ce19d4e895,99dc78305aa9a1b0ff1ff7761dbab836589b15c4ed3e8092053ad507fd68cb91,137,-0.6147500432559745,0.01
2,0,all_agreeing_offsets,wholly_unseen,laplace,uniform,20.0,retention_bounded,0.001,6af75daa525968e68fb8d352969dddfe3b92e90b6a86578e4f8560ce19d4e895,6ef0082fe0a62075c3394286b24f58ea87040a561114d18f74c18faf61e961a3,137,-0.6067207079156796,0.01
2,0,all_agreeing_offsets,wholly_unseen,laplace,uniform,20.0,retention_bounded,0.01,6af75daa525968e68fb8d352969dddfe3b92e90b6a86578e4f8560ce19d4e895,075f504f99e0fe1a7c31063fc9e78ccd723f6044d00dd786134d61bdfd228807,137,-0.5834703799849598,0.01
2,0,all_agreeing_offsets,wholly_unseen,laplace,uniform,20.0,retention_bounded,0.1,6af75daa525968e68fb8d352969dddfe3b92e90b6a86578e4f8560ce19d4e895,794a48ed85dd0de4b9636b9391986d171bfbd179ec2280a979b07d681b61e970,137,-0.6343630686165725,0.01
2,1,all_agreeing_offsets,wholly_unseen,laplace,uniform,20.0,retention_bounded,0.0,720abc63837a1c45a58674d554acfed0556ae646781babf1ab0907514d9f87bd,0a621252f2481d82fd0e85194686bb38c792f463c0290f610d8823b8ec1cde3b,136,-0.6158667017912343,0.01
2,1,all_agreeing_offsets,wholly_unseen,laplace,uniform,20.0,retention_bounded,0.0001,720abc63837a1c45a58674d554acfed0556ae646781babf1ab0907514d9f87bd,911cbe1c783f3b0bfc16e0573ba4fa5e64979d3cddec468c95f92b7c686798d8,136,-0.6147500432559745,0.01
2,1,all_agreeing_offsets,wholly_unseen,laplace,uniform,20.0,retention_bounded,0.001,720abc63837a1c45a58674d554acfed0556ae646781babf1ab0907514d9f87bd,76f47ad735060c977970927aa2139accb5d3ec32f70c7a080b3cff93f1d3e9a4,136,-0.6067207079156796,0.01
2,1,all_agreeing_offsets,wholly_unseen,laplace,uniform,20.0,retention_bounded,0.01,720abc63837a1c45a58674d554acfed0556ae646781babf1ab0907514d9f87bd,4d95e0fd8e5e890442f5f3cc4440ed8619c70b49ee48397b959dd58b50a4f7a2,136,-0.5834703799849598,0.01
2,1,all_agreeing_offsets,wholly_unseen,laplace,uniform,20.0,retention_bounded,0.1,720abc63837a1c45a58674d554acfed0556ae646781babf1ab0907514d9f87bd,28fad060bf6b2c0dc6f950737841b8d0939d3695ff04be75d82691220d480817,136,-0.6343630686165725,0.01
2,2,all_agreeing_offsets,wholly_unseen,laplace,uniform,20.0,retention_bounded,0.0,46b216ba26aa11acaa5d3f570ff995f2e06b4023e6af3be0a5801b3a981e0482,f971c73f55ce6700e30196b446dfcda53457c13847fd4dd7e44dc2ccd2247f07,139,-0.6158667017912343,0.01
2,2,all_agreeing_offsets,wholly_unseen,laplace,uniform,20.0,retention_bounded,0.0001,46b216ba26aa11acaa5d3f570ff995f2e06b4023e6af3be0a5801b3a981e0482,6b3b845a899f82d424bbfc6da5f223d9f37f8ac70922996e495be3c400ee849f,139,-0.6147500432559745,0.01
2,2,all_agreeing_offsets,wholly_unseen,laplace,uniform,20.0,retention_bounded,0.001,46b216ba26aa11acaa5d3f570ff995f2e06b4023e6af3be0a5801b3a981e0482,10403d883bc29c3b2130bbe6fc259c256e4199246f7954b4891ef48d53ff19e9,139,-0.6067207079156796,0.01
2,2,all_agreeing_offsets,wholly_unseen,laplace,uniform,20.0,retention_bounded,0.01,46b216ba26aa11acaa5d3f570ff995f2e06b4023e6af3be0a5801b3a981e0482,46f9515d45bf6befcee81be3fe35e9d212d2c54a8c91efaf1ba9631a9f56adb0,139,-0.5834703799849598,0.01
2,2,all_agreeing_offsets,wholly_unseen,laplace,uniform,20.0,retention_bounded,0.1,46b216ba26aa11acaa5d3f570ff995f2e06b4023e6af3be0a5801b3a981e0482,6de0a04f4d2c73d2c008f5867cde47dad8351316730829d902201322ee81c840,139,-0.6343630686165725,0.01
2,0,all_agreeing_offsets,wholly_unseen,laplace,uniform,20.0,retention_nonnegative,0.0,6af75daa525968e68fb8d352969dddfe3b92e90b6a86578e4f8560ce19d4e895,09804789497114d37255e5435df463b075ef141f098783e815d0742619effc90,137,-0.6158667019296815,0.001
2,0,all_agreeing_offsets,wholly_unseen,laplace,uniform,20.0,retention_nonnegative,0.0001,6af75daa525968e68fb8d352969dddfe3b92e90b6a86578e4f8560ce19d4e895,fa8c9e31649016ac5138546da2d1adae7f0098f0658388924815142c9c503261,137,-0.6139625771875888,0.001
2,0,all_agreeing_offsets,wholly_unseen,laplace,uniform,20.0,retention_nonnegative,0.001,6af75daa525968e68fb8d352969dddfe3b92e90b6a86578e4f8560ce19d4e895,7e29aee45a237397cbfe201955e794baf3b5eaf3f6723dd19371e94b22520326,137,-0.6057742930385096,0.001
2,0,all_agreeing_offsets,wholly_unseen,laplace,uniform,20.0,retention_nonnegative,0.01,6af75daa525968e68fb8d352969dddfe3b92e90b6a86578e4f8560ce19d4e895,7b9b41ad10dd50b39a8eaf3e4620f5219a7546eb846c58f4611f55d4fa9165b5,137,-0.6257615200420249,0.001
2,0,all_agreeing_offsets,wholly_unseen,laplace,uniform,20.0,retention_nonnegative,0.1,6af75daa525968e68fb8d352969dddfe3b92e90b6a86578e4f8560ce19d4e895,db108db4c40b329e8015acb4dd664c2b6633081394e4882323085b8fc58d5cbf,137,-0.7278999053602546,0.001
2,1,all_agreeing_offsets,wholly_unseen,laplace,uniform,20.0,retention_nonnegative,0.0,720abc63837a1c45a58674d554acfed0556ae646781babf1ab0907514d9f87bd,4d8fc44d04ff599304947f1902b968500f9bd02fa45ba1ed71b55d7766f287de,136,-0.6158667019296815,0.001
2,1,all_agreeing_offsets,wholly_unseen,laplace,uniform,20.0,retention_nonnegative,0.0001,720abc63837a1c45a58674d554acfed0556ae646781babf1ab0907514d9f87bd,a7a5c727a88f8e2d136d1bc3a9a96a0b528e403e1a51a3a527b6e38cd4c33756,136,-0.6139625771875888,0.001
2,1,all_agreeing_offsets,wholly_unseen,laplace,uniform,20.0,retention_nonnegative,0.001,720abc63837a1c45a58674d554acfed0556ae646781babf1ab0907514d9f87bd,9ec3531713ab35f58391d9b24607dfd2ee6e535393abc1a989a96b31aec16020,136,-0.6057742930385096,0.001
2,1,all_agreeing_offsets,wholly_unseen,laplace,uniform,20.0,retention_nonnegative,0.01,720abc63837a1c45a58674d554acfed0556ae646781babf1ab0907514d9f87bd,26a4b5f94f81c7a9b0aa7a031c4072e11bdb910dcc50663d874dbecb5c461966,136,-0.6257615200420249,0.001
2,1,all_agreeing_offsets,wholly_unseen,laplace,uniform,20.0,retention_nonnegative,0.1,720abc63837a1c45a58674d554acfed0556ae646781babf1ab0907514d9f87bd,c347f3707e9da8655dbc2b04e53486bf674c3e734b308a3cde54ed9ed833e7fe,136,-0.7278999053602546,0.001
2,2,all_agreeing_offsets,wholly_unseen,laplace,uniform,20.0,retention_nonnegative,0.0,46b216ba26aa11acaa5d3f570ff995f2e06b4023e6af3be0a5801b3a981e0482,b3527b18c323915942a8cca0050226d3de56b480b43f9e7f80be7128f1d32a45,139,-0.6158667019296815,0.001
2,2,all_agreeing_offsets,wholly_unseen,laplace,uniform,20.0,retention_nonnegative,0.0001,46b216ba26aa11acaa5d3f570ff995f2e06b4023e6af3be0a5801b3a981e0482,f57069c3a4383bca89f239de7185c047b6428796589bbaa0adcbb2d472ea3317,139,-0.6139625771875888,0.001
2,2,all_agreeing_offsets,wholly_unseen,laplace,uniform,20.0,retention_nonnegative,0.001,46b216ba26aa11acaa5d3f570ff995f2e06b4023e6af3be0a5801b3a981e0482,ab868325e678e1cbd300bcb7271812349dd6714682771b6ac58a8bdf7d726fca,139,-0.6057742930385096,0.001
2,2,all_agreeing_offsets,wholly_unseen,laplace,uniform,20.0,retention_nonnegative,0.01,46b216ba26aa11acaa5d3f570ff995f2e06b4023e6af3be0a5801b3a981e0482,ae83c5de63a900168af2e4b86d0c200912c2950de9fc0626a4c978513c1f71b0,139,-0.6257615200420249,0.001
2,2,all_agreeing_offsets,wholly_unseen,laplace,uniform,20.0,retention_nonnegative,0.1,46b216ba26aa11acaa5d3f570ff995f2e06b4023e6af3be0a5801b3a981e0482,075f47e17708373c50b9f4f599a8211f8d988858d036be022209d9f95bf0072f,139,-0.7278999053602546,0.001
2,0,all_agreeing_offsets,wholly_unseen,laplace,uniform,20.0,current_only,0.0,6af75daa525968e68fb8d352969dddfe3b92e90b6a86578e4f8560ce19d4e895,c927a542619a9868099ffddb72c96fb12f50d67fdf9e06ec025554e0edbddd71,137,-0.8835258542807368,0.01
2,0,all_agreeing_offsets,wholly_unseen,laplace,uniform,20.0,current_only,0.0001,6af75daa525968e68fb8d352969dddfe3b92e90b6a86578e4f8560ce19d4e895,bd703111b2216d62a81ce2e53c47cf49c3cb6a880c0f41336ef56a4649601ffc,137,-0.8833811752420262,0.01
2,0,all_agreeing_offsets,wholly_unseen,laplace,uniform,20.0,current_only,0.001,6af75daa525968e68fb8d352969dddfe3b92e90b6a86578e4f8560ce19d4e895,c756adf0009934170c7425523021f11c382c02e832473e717920e4fc35953e97,137,-0.8821373399823661,0.01
2,0,all_agreeing_offsets,wholly_unseen,laplace,uniform,20.0,current_only,0.01,6af75daa525968e68fb8d352969dddfe3b92e90b6a86578e4f8560ce19d4e895,d5fc578a3ee56f050bc2c640a0a525e6071ba1580b9f6e9140d1590af106638f,137,-0.8738941150426399,0.01
2,0,all_agreeing_offsets,wholly_unseen,laplace,uniform,20.0,current_only,0.1,6af75daa525968e68fb8d352969dddfe3b92e90b6a86578e4f8560ce19d4e895,3f3a36b6f4c33e55c18e38d7928bce5e820e90755b2b1c1672fa43f391f5adfa,137,-0.885137535508789,0.01
2,1,all_agreeing_offsets,wholly_unseen,laplace,uniform,20.0,current_only,0.0,720abc63837a1c45a58674d554acfed0556ae646781babf1ab0907514d9f87bd,706c58777f325a52570680e80ce22eae732f9cd78e149ddb559c5ca9f31057b0,136,-0.8835258542807368,0.01
2,1,all_agreeing_offsets,wholly_unseen,laplace,uniform,20.0,current_only,0.0001,720abc63837a1c45a58674d554acfed0556ae646781babf1ab0907514d9f87bd,bdbbb43aced513862cf9823b0edad1613ad245ef22ba56bf216a358c915ce26a,136,-0.8833811752420262,0.01
2,1,all_agreeing_offsets,wholly_unseen,laplace,uniform,20.0,current_only,0.001,720abc63837a1c45a58674d554acfed0556ae646781babf1ab0907514d9f87bd,7f2b42b302250dc75020fd6e029ae1617e12e57dec61c1773aa5f66531b232d5,136,-0.8821373399823661,0.01
2,1,all_agreeing_offsets,wholly_unseen,laplace,uniform,20.0,current_only,0.01,720abc63837a1c45a58674d554acfed0556ae646781babf1ab0907514d9f87bd,ae2ad39a73a6459463dda707e8fe8ee62a104ba3076ae989f764060276cf97c9,136,-0.8738941150426399,0.01
2,1,all_agreeing_offsets,wholly_unseen,laplace,uniform,20.0,current_only,0.1,720abc63837a1c45a58674d554acfed0556ae646781babf1ab0907514d9f87bd,9d42b74a15db584c0fc4ee1cadcfe89cf126f876f491e8df9472f144b20faf49,136,-0.885137535508789,0.01
2,2,all_agreeing_offsets,wholly_unseen,laplace,uniform,20.0,current_only,0.0,46b216ba26aa11acaa5d3f570ff995f2e06b4023e6af3be0a5801b3a981e0482,a64f72a688a1aab2e433d11805a7c44d8d3bfbe7fa0f6ac2f2177bb761fa0981,139,-0.8835258542807368,0.01
2,2,all_agreeing_offsets,wholly_unseen,laplace,uniform,20.0,current_only,0.0001,46b216ba26aa11acaa5d3f570ff995f2e06b4023e6af3be0a5801b3a981e0482,24faf1c28d9330207f6eef0823e13bc28c5dc41e55bf3657ad0118f60945a04c,139,-0.8833811752420262,0.01
2,2,all_agreeing_offsets,wholly_unseen,laplace,uniform,20.0,current_only,0.001,46b216ba26aa11acaa5d3f570ff995f2e06b4023e6af3be0a5801b3a981e0482,75671328ef993b8fa00181764d183428da1b22772275d292f1e283d9cdf15580,139,-0.8821373399823661,0.01
2,2,all_agreeing_offsets,wholly_unseen,laplace,uniform,20.0,current_only,0.01,46b216ba26aa11acaa5d3f570ff995f2e06b4023e6af3be0a5801b3a981e0482,5124ff3ae42801326664b80425d5dffb278e996fac6e8f8cf0d90a2156edccb9,139,-0.8738941150426399,0.01
2,2,all_agreeing_offsets,wholly_unseen,laplace,uniform,20.0,current_only,0.1,46b216ba26aa11acaa5d3f570ff995f2e06b4023e6af3be0a5801b3a981e0482,7c136b9bc33ea9e5011b3ab6c608969f48ae8c8def96a209a140cf0d4898fd93,139,-0.885137535508789,0.01
2,0,all_agreeing_offsets,wholly_unseen,laplace,uniform,20.0,input_plus_surface,0.0,6af75daa525968e68fb8d352969dddfe3b92e90b6a86578e4f8560ce19d4e895,97bf55840fcad781ae338fe2fddada3be4d00c4ae3c5a14bde2a63449071d2a9,137,-0.6100254403298743,0.01
2,0,all_agreeing_offsets,wholly_unseen,laplace,uniform,20.0,input_plus_surface,0.0001,6af75daa525968e68fb8d352969dddfe3b92e90b6a86578e4f8560ce19d4e895,12f8410935a56d3b6cee32e39ed18bfa7e139b190af066e06bfebd432bc32e5f,137,-0.6087088363787385,0.01
2,0,all_agreeing_offsets,wholly_unseen,laplace,uniform,20.0,input_plus_surface,0.001,6af75daa525968e68fb8d352969dddfe3b92e90b6a86578e4f8560ce19d4e895,0aa6d91b9c08136d083860d2bc9b301b3c45f0fe9d04dae46f9303100b08e6b3,137,-0.6009381962690638,0.01
2,0,all_agreeing_offsets,wholly_unseen,laplace,uniform,20.0,input_plus_surface,0.01,6af75daa525968e68fb8d352969dddfe3b92e90b6a86578e4f8560ce19d4e895,1f9e462ae0ccff59762b9684fbceb264d45c60d9368dcf32929cd1ac2424d015,137,-0.5899023139260692,0.01
2,0,all_agreeing_offsets,wholly_unseen,laplace,uniform,20.0,input_plus_surface,0.1,6af75daa525968e68fb8d352969dddfe3b92e90b6a86578e4f8560ce19d4e895,e6a69a0aa779922a18202e6410c31baa0dd67ea7cf9b1fc2bce4991f435ca6e7,137,-0.6634192990684441,0.01
2,1,all_agreeing_offsets,wholly_unseen,laplace,uniform,20.0,input_plus_surface,0.0,720abc63837a1c45a58674d554acfed0556ae646781babf1ab0907514d9f87bd,06eea139287bca1eb99e912133245c42be0492f61799d6afb8a2cfc8883ba238,136,-0.6100254403298743,0.01
2,1,all_agreeing_offsets,wholly_unseen,laplace,uniform,20.0,input_plus_surface,0.0001,720abc63837a1c45a58674d554acfed0556ae646781babf1ab0907514d9f87bd,26bf6ddd6f1c3e9b42cbebf17c09ba0159d463c1798ac2de4d65965c7441422c,136,-0.6087088363787385,0.01
2,1,all_agreeing_offsets,wholly_unseen,laplace,uniform,20.0,input_plus_surface,0.001,720abc63837a1c45a58674d554acfed0556ae646781babf1ab0907514d9f87bd,37807449494f7757d04e716d5ab066c895df9e26ee7e41542ee44d3f1902ebd4,136,-0.6009381962690638,0.01
2,1,all_agreeing_offsets,wholly_unseen,laplace,uniform,20.0,input_plus_surface,0.01,720abc63837a1c45a58674d554acfed0556ae646781babf1ab0907514d9f87bd,14366463090ab20b406b71a7b831817304150ab36a51c477442787a1cfac88be,136,-0.5899023139260692,0.01
2,1,all_agreeing_offsets,wholly_unseen,laplace,uniform,20.0,input_plus_surface,0.1,720abc63837a1c45a58674d554acfed0556ae646781babf1ab0907514d9f87bd,fd3beb4dfc42efa40c0c7f0034a161579e4254f023b60e2c4d24d43760fd6abc,136,-0.6634192990684441,0.01
2,2,all_agreeing_offsets,wholly_unseen,laplace,uniform,20.0,input_plus_surface,0.0,46b216ba26aa11acaa5d3f570ff995f2e06b4023e6af3be0a5801b3a981e0482,0484d464bb3c6b057a61607f56976fc84bdb9a5ed7c739119c2286ebdb5277f0,139,-0.6100254403298743,0.01
2,2,all_agreeing_offsets,wholly_unseen,laplace,uniform,20.0,input_plus_surface,0.0001,46b216ba26aa11acaa5d3f570ff995f2e06b4023e6af3be0a5801b3a981e0482,c7b610212608521dfbe01c5724f02254f4b38db92fbe9e7da3b332f585647813,139,-0.6087088363787385,0.01
2,2,all_agreeing_offsets,wholly_unseen,laplace,uniform,20.0,input_plus_surface,0.001,46b216ba26aa11acaa5d3f570ff995f2e06b4023e6af3be0a5801b3a981e0482,1c670aa4b9bcf7eb7c72c14de8e8af80b456119531b5d038f46815e22f09391d,139,-0.6009381962690638,0.01
2,2,all_agreeing_offsets,wholly_unseen,laplace,uniform,20.0,input_plus_surface,0.01,46b216ba26aa11acaa5d3f570ff995f2e06b4023e6af3be0a5801b3a981e0482,0aeb156dbe8d8da58bfb7d9fcc70368decc443afcc2a016fe2894a958b5bf177,139,-0.5899023139260692,0.01
2,2,all_agreeing_offsets,wholly_unseen,laplace,uniform,20.0,input_plus_surface,0.1,46b216ba26aa11acaa5d3f570ff995f2e06b4023e6af3be0a5801b3a981e0482,c9798588b5008ebf896a6c5371b50b2318fe3d9994d0b4764c1a7a166b4fc466,139,-0.6634192990684441,0.01
2,0,all_agreeing_offsets,wholly_unseen,laplace,uniform,20.0,HU_plus_surface,0.0,6af75daa525968e68fb8d352969dddfe3b92e90b6a86578e4f8560ce19d4e895,2133b3f6b8633d2872ad2f6e2991b55e07001867dfdf51db39bf96c87975ac9c,137,-0.5910704297864392,0.01
2,0,all_agreeing_offsets,wholly_unseen,laplace,uniform,20.0,HU_plus_surface,0.0001,6af75daa525968e68fb8d352969dddfe3b92e90b6a86578e4f8560ce19d4e895,b3667524808f3514abc721de110c1bd336c8f3065635cecca3c8c31ed36fdd4b,137,-0.5895338936335525,0.01
2,0,all_agreeing_offsets,wholly_unseen,laplace,uniform,20.0,HU_plus_surface,0.001,6af75daa525968e68fb8d352969dddfe3b92e90b6a86578e4f8560ce19d4e895,e4ccdf77daf18d4d6fca471e1a2e288d8abe40e8991cd2ae19db6fb54b3edcb4,137,-0.5813474440699488,0.01
2,0,all_agreeing_offsets,wholly_unseen,laplace,uniform,20.0,HU_plus_surface,0.01,6af75daa525968e68fb8d352969dddfe3b92e90b6a86578e4f8560ce19d4e895,65b3e965eb4559a26e2ad5fc09d60b97bba33fca4d403688f89b414c7312b34d,137,-0.5736873572972463,0.01
2,0,all_agreeing_offsets,wholly_unseen,laplace,uniform,20.0,HU_plus_surface,0.1,6af75daa525968e68fb8d352969dddfe3b92e90b6a86578e4f8560ce19d4e895,a485a77304225d705f8ce81d502bc82d0bf9ea0ebd9b939419a7aea38b09dacb,137,-0.6555814329014464,0.01
2,1,all_agreeing_offsets,wholly_unseen,laplace,uniform,20.0,HU_plus_surface,0.0,720abc63837a1c45a58674d554acfed0556ae646781babf1ab0907514d9f87bd,3333f11e96d2b389165105f339e834223127f338a8a2fb1920f399248ae79eee,136,-0.5910704297864392,0.01
2,1,all_agreeing_offsets,wholly_unseen,laplace,uniform,20.0,HU_plus_surface,0.0001,720abc63837a1c45a58674d554acfed0556ae646781babf1ab0907514d9f87bd,0b51908a0552e01b3bca3c0ff55147153f017ebb783295eb455aacb998cd07a3,136,-0.5895338936335525,0.01
2,1,all_agreeing_offsets,wholly_unseen,laplace,uniform,20.0,HU_plus_surface,0.001,720abc63837a1c45a58674d554acfed0556ae646781babf1ab0907514d9f87bd,4aeaff7788849aabc9eace7c6aa95a845acfe86ced392662a14f1b1cbd78e2b3,136,-0.5813474440699488,0.01
2,1,all_agreeing_offsets,wholly_unseen,laplace,uniform,20.0,HU_plus_surface,0.01,720abc63837a1c45a58674d554acfed0556ae646781babf1ab0907514d9f87bd,ea8a6b7d91ae07257631f990df66c5d6acd592ea62000a7bd2fd4c0e74ec7c3c,136,-0.5736873572972463,0.01
2,1,all_agreeing_offsets,wholly_unseen,laplace,uniform,20.0,HU_plus_surface,0.1,720abc63837a1c45a58674d554acfed0556ae646781babf1ab0907514d9f87bd,11218ac2a04236663e6bc0339640a68b30955d368de64323a369fc41c559f84b,136,-0.6555814329014464,0.01
2,2,all_agreeing_offsets,wholly_unseen,laplace,uniform,20.0,HU_plus_surface,0.0,46b216ba26aa11acaa5d3f570ff995f2e06b4023e6af3be0a5801b3a981e0482,13012ba9e05c712c5681767cd151fb83b301b7ab91891b05783748654a4c6d7b,139,-0.5910704297864392,0.01
2,2,all_agreeing_offsets,wholly_unseen,laplace,uniform,20.0,HU_plus_surface,0.0001,46b216ba26aa11acaa5d3f570ff995f2e06b4023e6af3be0a5801b3a981e0482,69918cf30e0f44a68d1ddf9ae4b2a878460d92d2fc2500defc3211c18a448848,139,-0.5895338936335525,0.01
2,2,all_agreeing_offsets,wholly_unseen,laplace,uniform,20.0,HU_plus_surface,0.001,46b216ba26aa11acaa5d3f570ff995f2e06b4023e6af3be0a5801b3a981e0482,5022bb03cca6e833226013da71c8d93c0ca892340c8fef633c15a676f0c767ad,139,-0.5813474440699488,0.01
2,2,all_agreeing_offsets,wholly_unseen,laplace,uniform,20.0,HU_plus_surface,0.01,46b216ba26aa11acaa5d3f570ff995f2e06b4023e6af3be0a5801b3a981e0482,a64f42d1668d7a9a38cd0aa72fbbfdd9bf8d2ff8a6a97c04a908566a66c6467d,139,-0.5736873572972463,0.01
2,2,all_agreeing_offsets,wholly_unseen,laplace,uniform,20.0,HU_plus_surface,0.1,46b216ba26aa11acaa5d3f570ff995f2e06b4023e6af3be0a5801b3a981e0482,26bc63fc5686c38256c4b66a7b9857dbb394e46ddefd11f5120280a186896c66,139,-0.6555814329014464,0.01
2,0,all_agreeing_offsets,wholly_unseen,laplace,uniform,20.0,retention_bounded_plus_HU,0.0,6af75daa525968e68fb8d352969dddfe3b92e90b6a86578e4f8560ce19d4e895,ae44156ff931333c35b10decbc76119a2b92ca7766e9b2cda710ddddbf888ded,137,-0.5708752360914912,0.01
2,0,all_agreeing_offsets,wholly_unseen,laplace,uniform,20.0,retention_bounded_plus_HU,0.0001,6af75daa525968e68fb8d352969dddfe3b92e90b6a86578e4f8560ce19d4e895,0d50f66772b35ed460321fb13406c86cc76774701f282f45e8b4cd8550f70dd0,137,-0.569990079151682,0.01
2,0,all_agreeing_offsets,wholly_unseen,laplace,uniform,20.0,retention_bounded_plus_HU,0.001,6af75daa525968e68fb8d352969dddfe3b92e90b6a86578e4f8560ce19d4e895,f0439f301da361a5f1f78fe963e662ec9007b8f8af6e810d89fc7c7b3ecff9ed,137,-0.5646804146008993,0.01
2,0,all_agreeing_offsets,wholly_unseen,laplace,uniform,20.0,retention_bounded_plus_HU,0.01,6af75daa525968e68fb8d352969dddfe3b92e90b6a86578e4f8560ce19d4e895,7da1e174cf84fa0ab3e4457291446162cbc0ab6f47b2ccae518800cee410f85c,137,-0.5629409164003196,0.01
2,0,all_agreeing_offsets,wholly_unseen,laplace,uniform,20.0,retention_bounded_plus_HU,0.1,6af75daa525968e68fb8d352969dddfe3b92e90b6a86578e4f8560ce19d4e895,e84847acda9b60fbe6a2df20cab89b8549cd1edfbe8e1bc60087226938897ea8,137,-0.6082852026945168,0.01
2,1,all_agreeing_offsets,wholly_unseen,laplace,uniform,20.0,retention_bounded_plus_HU,0.0,720abc63837a1c45a58674d554acfed0556ae646781babf1ab0907514d9f87bd,12eacad2ddeaeb561a439e59d83f4af93b815706a0dabc2867b5b2cd34eba8bc,136,-0.5708752360914912,0.01
2,1,all_agreeing_offsets,wholly_unseen,laplace,uniform,20.0,retention_bounded_plus_HU,0.0001,720abc63837a1c45a58674d554acfed0556ae646781babf1ab0907514d9f87bd,d34c69f23737bd28eb938e2d7ec6a14eca1b2353435d7a61a0b2401bacdd626f,136,-0.569990079151682,0.01
2,1,all_agreeing_offsets,wholly_unseen,laplace,uniform,20.0,retention_bounded_plus_HU,0.001,720abc63837a1c45a58674d554acfed0556ae646781babf1ab0907514d9f87bd,80bb47844e6a0e3d0e832cc41fc0ce311c37ce932b34c5d245f8672b8939a6fe,136,-0.5646804146008993,0.01
2,1,all_agreeing_offsets,wholly_unseen,laplace,uniform,20.0,retention_bounded_plus_HU,0.01,720abc63837a1c45a58674d554acfed0556ae646781babf1ab0907514d9f87bd,c40ebbcc17a54a1b0d3bb616787d610b3aa1683c4be7b1ce6c2a7b597b92b83f,136,-0.5629409164003196,0.01
2,1,all_agreeing_offsets,wholly_unseen,laplace,uniform,20.0,retention_bounded_plus_HU,0.1,720abc63837a1c45a58674d554acfed0556ae646781babf1ab0907514d9f87bd,0871b46fe354c36e4b4f10aa59afc0067e7cb72d5ed5d08a36dd38e1ce47f34b,136,-0.6082852026945168,0.01
2,2,all_agreeing_offsets,wholly_unseen,laplace,uniform,20.0,retention_bounded_plus_HU,0.0,46b216ba26aa11acaa5d3f570ff995f2e06b4023e6af3be0a5801b3a981e0482,8fa0f12483a860d6d1e3567123812516e600e7cf7e1e2adaf82fc45ffbea47ca,139,-0.5708752360914912,0.01
2,2,all_agreeing_offsets,wholly_unseen,laplace,uniform,20.0,retention_bounded_plus_HU,0.0001,46b216ba26aa11acaa5d3f570ff995f2e06b4023e6af3be0a5801b3a981e0482,f0702dde5effa3af4a9d3aee74d1646f730260d5095a48cedb61e77ea5acaf62,139,-0.569990079151682,0.01
2,2,all_agreeing_offsets,wholly_unseen,laplace,uniform,20.0,retention_bounded_plus_HU,0.001,46b216ba26aa11acaa5d3f570ff995f2e06b4023e6af3be0a5801b3a981e0482,cc29f2b17febb7fefd06f8a9a872fd64d8dcd59460b4deb58a7ab197b20fd0e2,139,-0.5646804146008993,0.01
2,2,all_agreeing_offsets,wholly_unseen,laplace,uniform,20.0,retention_bounded_plus_HU,0.01,46b216ba26aa11acaa5d3f570ff995f2e06b4023e6af3be0a5801b3a981e0482,ddcbf92e2928106ad00974959534934f73fcb0794e19ef98a513f0e1d9d66962,139,-0.5629409164003196,0.01
2,2,all_agreeing_offsets,wholly_unseen,laplace,uniform,20.0,retention_bounded_plus_HU,0.1,46b216ba26aa11acaa5d3f570ff995f2e06b4023e6af3be0a5801b3a981e0482,af1182582ad85be5cfd337aec92bf43b54a099815fc4353e777ced03d1640e70,139,-0.6082852026945168,0.01
2,0,all_agreeing_offsets,wholly_unseen,gh80,uniform,20.0,HU_plus_surface,0.0,6af75daa525968e68fb8d352969dddfe3b92e90b6a86578e4f8560ce19d4e895,a2736e2a5a69bde3b738fbbe387b523b082319fab2fe922e98b037bb3c17abfc,137,-0.5753009838939835,0.01
2,0,all_agreeing_offsets,wholly_unseen,gh80,uniform,20.0,HU_plus_surface,0.0001,6af75daa525968e68fb8d352969dddfe3b92e90b6a86578e4f8560ce19d4e895,9a65c32020c3c0439f701ed72e6de7fd57008216329e28aeba54cc0ba05bb24a,137,-0.5741818950129967,0.01
2,0,all_agreeing_offsets,wholly_unseen,gh80,uniform,20.0,HU_plus_surface,0.001,6af75daa525968e68fb8d352969dddfe3b92e90b6a86578e4f8560ce19d4e895,5a675ee887a3c1645c0a23aac1027ca0fed729379d6fbf090c7c3779886fe5be,137,-0.5682869299529061,0.01
2,0,all_agreeing_offsets,wholly_unseen,gh80,uniform,20.0,HU_plus_surface,0.01,6af75daa525968e68fb8d352969dddfe3b92e90b6a86578e4f8560ce19d4e895,12cc9fb2c262afd8397d32df0f07ee669e8f19c1d8324aacbf30f77bb813b6b3,137,-0.5666940451821908,0.01
2,0,all_agreeing_offsets,wholly_unseen,gh80,uniform,20.0,HU_plus_surface,0.1,6af75daa525968e68fb8d352969dddfe3b92e90b6a86578e4f8560ce19d4e895,fe30a40cb5ed4a4d54a2bdaf674e5a90d4419396634130b7c5207939110e866a,137,-0.6551415682242318,0.01
2,1,all_agreeing_offsets,wholly_unseen,gh80,uniform,20.0,HU_plus_surface,0.0,720abc63837a1c45a58674d554acfed0556ae646781babf1ab0907514d9f87bd,ed8e163ff1087f1ac21395037925a53ec13a224d1cbb03ab982e7c031802a89e,136,-0.5753009838939835,0.01
2,1,all_agreeing_offsets,wholly_unseen,gh80,uniform,20.0,HU_plus_surface,0.0001,720abc63837a1c45a58674d554acfed0556ae646781babf1ab0907514d9f87bd,72c2621b9ab036c90217e2180703f295e115c158abb4763e4be7b7505142177f,136,-0.5741818950129967,0.01
2,1,all_agreeing_offsets,wholly_unseen,gh80,uniform,20.0,HU_plus_surface,0.001,720abc63837a1c45a58674d554acfed0556ae646781babf1ab0907514d9f87bd,4fa105205827a9ec183c38ede53efd5bc365c237537d2eb9b41260d52e6ed54c,136,-0.5682869299529061,0.01
2,1,all_agreeing_offsets,wholly_unseen,gh80,uniform,20.0,HU_plus_surface,0.01,720abc63837a1c45a58674d554acfed0556ae646781babf1ab0907514d9f87bd,e4153d7dfa86ae860527a9d8e912be20de7b852f06f3da5eb04c88d41605ae91,136,-0.5666940451821908,0.01
2,1,all_agreeing_offsets,wholly_unseen,gh80,uniform,20.0,HU_plus_surface,0.1,720abc63837a1c45a58674d554acfed0556ae646781babf1ab0907514d9f87bd,aa59df09845277d2580ab59bab37e224a0075102c5cbf8353a81f41cb48d1ce6,136,-0.6551415682242318,0.01
2,2,all_agreeing_offsets,wholly_unseen,gh80,uniform,20.0,HU_plus_surface,0.0,46b216ba26aa11acaa5d3f570ff995f2e06b4023e6af3be0a5801b3a981e0482,5089ca3d878fba9cc8dd4e812dfa5d7482cfbb92f3ad34e59a97abe064756c43,139,-0.5753009838939835,0.01
2,2,all_agreeing_offsets,wholly_unseen,gh80,uniform,20.0,HU_plus_surface,0.0001,46b216ba26aa11acaa5d3f570ff995f2e06b4023e6af3be0a5801b3a981e0482,ba37702d109544fcffbc28e74bccc755fbbc3059cd1bfbf530f8aa774d7f7907,139,-0.5741818950129967,0.01
2,2,all_agreeing_offsets,wholly_unseen,gh80,uniform,20.0,HU_plus_surface,0.001,46b216ba26aa11acaa5d3f570ff995f2e06b4023e6af3be0a5801b3a981e0482,1cf5b0ff53141fb89f608f707494569681d5cfdb5f208158ea41be21db6a5a95,139,-0.5682869299529061,0.01
2,2,all_agreeing_offsets,wholly_unseen,gh80,uniform,20.0,HU_plus_surface,0.01,46b216ba26aa11acaa5d3f570ff995f2e06b4023e6af3be0a5801b3a981e0482,30a17ff7d05f4a5db476fa8fbd8fa97ae91b98a54b323cb42c29ea1bce20591b,139,-0.5666940451821908,0.01
2,2,all_agreeing_offsets,wholly_unseen,gh80,uniform,20.0,HU_plus_surface,0.1,46b216ba26aa11acaa5d3f570ff995f2e06b4023e6af3be0a5801b3a981e0482,aed8342ec25b57afbd882bbeeb53010fd4ad248385c1964c032a7bc1d50c9e13,139,-0.6551415682242318,0.01
2,0,all_agreeing_offsets,wholly_unseen,gh80,uniform,20.0,retention_bounded_plus_HU,0.0,6af75daa525968e68fb8d352969dddfe3b92e90b6a86578e4f8560ce19d4e895,4a1e65ea72e1c570c4a420912f353e8c68f961b9e0a94c908bd40946b44059b3,137,-0.5681048174062517,0.0001
2,0,all_agreeing_offsets,wholly_unseen,gh80,uniform,20.0,retention_bounded_plus_HU,0.0001,6af75daa525968e68fb8d352969dddfe3b92e90b6a86578e4f8560ce19d4e895,6193b44ed064baf91fa2a3a0809fb3df35f26ef6277a4ca5a38c591556a00594,137,-0.567219422570786,0.0001
2,0,all_agreeing_offsets,wholly_unseen,gh80,uniform,20.0,retention_bounded_plus_HU,0.001,6af75daa525968e68fb8d352969dddfe3b92e90b6a86578e4f8560ce19d4e895,86729d4843bc6663f1e4e3e9600bb6111f4d4891ba319b413cd145a54904d219,137,-0.5687170740267801,0.0001
2,0,all_agreeing_offsets,wholly_unseen,gh80,uniform,20.0,retention_bounded_plus_HU,0.01,6af75daa525968e68fb8d352969dddfe3b92e90b6a86578e4f8560ce19d4e895,d85270aee7d493931affdff4481f242d4bae291dda49d47c5e6536ad03a90e03,137,-0.5684341637219831,0.0001
2,0,all_agreeing_offsets,wholly_unseen,gh80,uniform,20.0,retention_bounded_plus_HU,0.1,6af75daa525968e68fb8d352969dddfe3b92e90b6a86578e4f8560ce19d4e895,394bf1ae19a4227ee96e965539d489362d9bca53fb3140049ee3ebc7592c2af2,137,-0.6114437871801577,0.0001
2,1,all_agreeing_offsets,wholly_unseen,gh80,uniform,20.0,retention_bounded_plus_HU,0.0,720abc63837a1c45a58674d554acfed0556ae646781babf1ab0907514d9f87bd,cc3cdef585e8f9e99c86e8dfae14425f9c5a32c36e1e04cac5b29252a0c038e0,136,-0.5681048174062517,0.0001
2,1,all_agreeing_offsets,wholly_unseen,gh80,uniform,20.0,retention_bounded_plus_HU,0.0001,720abc63837a1c45a58674d554acfed0556ae646781babf1ab0907514d9f87bd,842aa47b0198b56678db2662f444d159c48ee5b2a36e3a2711d5812445cda621,136,-0.567219422570786,0.0001
2,1,all_agreeing_offsets,wholly_unseen,gh80,uniform,20.0,retention_bounded_plus_HU,0.001,720abc63837a1c45a58674d554acfed0556ae646781babf1ab0907514d9f87bd,a12837c76c5fc225c23d0794d36ea3325f426a2718333483240217d9cdd75945,136,-0.5687170740267801,0.0001
2,1,all_agreeing_offsets,wholly_unseen,gh80,uniform,20.0,retention_bounded_plus_HU,0.01,720abc63837a1c45a58674d554acfed0556ae646781babf1ab0907514d9f87bd,3c49979eb68771a0a57dd39e2162e13eaa6153d5205fbc58cc33cd0b52b8eb56,136,-0.5684341637219831,0.0001
2,1,all_agreeing_offsets,wholly_unseen,gh80,uniform,20.0,retention_bounded_plus_HU,0.1,720abc63837a1c45a58674d554acfed0556ae646781babf1ab0907514d9f87bd,a4bfec33e4f3dfb73d9c09768a6812200bd0794c8a881345174c1ee0892e804d,136,-0.6114437871801577,0.0001
2,2,all_agreeing_offsets,wholly_unseen,gh80,uniform,20.0,retention_bounded_plus_HU,0.0,46b216ba26aa11acaa5d3f570ff995f2e06b4023e6af3be0a5801b3a981e0482,853a64c39d55da04c9166fc608f8fe5bbfc9aed4325201c04d18410d8dd0068e,139,-0.5681048174062517,0.0001
2,2,all_agreeing_offsets,wholly_unseen,gh80,uniform,20.0,retention_bounded_plus_HU,0.0001,46b216ba26aa11acaa5d3f570ff995f2e06b4023e6af3be0a5801b3a981e0482,02169b000733c48beb744883981e20020dbed11e02cf45d207442d0dfb9afe90,139,-0.567219422570786,0.0001
2,2,all_agreeing_offsets,wholly_unseen,gh80,uniform,20.0,retention_bounded_plus_HU,0.001,46b216ba26aa11acaa5d3f570ff995f2e06b4023e6af3be0a5801b3a981e0482,99fe5bb43ce73ff55b9387c7f1c520d05e5677b37dc302213268affff3bc747a,139,-0.5687170740267801,0.0001
2,2,all_agreeing_offsets,wholly_unseen,gh80,uniform,20.0,retention_bounded_plus_HU,0.01,46b216ba26aa11acaa5d3f570ff995f2e06b4023e6af3be0a5801b3a981e0482,ad5c140b6897d1bf99bdaa32754f5846c13549d419ae57f2e2343c5509b47257,139,-0.5684341637219831,0.0001
2,2,all_agreeing_offsets,wholly_unseen,gh80,uniform,20.0,retention_bounded_plus_HU,0.1,46b216ba26aa11acaa5d3f570ff995f2e06b4023e6af3be0a5801b3a981e0482,9d1f7d7dc54cb0a6c561030c7387cd3fcffe27e0b1546ecd53612b06f2fd7a11,139,-0.6114437871801577,0.0001
2,0,unrounded_strict,side_informed,laplace,uniform,20.0,retention_bounded,0.0,88cfbf3d123c09aeb16cc5603a8216ea53798432be360bfe759e416735aee1e6,725d2f870321d55abed0bd9e8ec3712fec26ca3ad0ce6bf0116601bc579ce908,91,-0.36276180248943074,0.01
2,0,unrounded_strict,side_informed,laplace,uniform,20.0,retention_bounded,0.0001,88cfbf3d123c09aeb16cc5603a8216ea53798432be360bfe759e416735aee1e6,d736a73fe80082c3b47f6fbb3001b64c1b15386e5fd2968ef3f449a1c196267e,91,-0.36180069451120017,0.01
2,0,unrounded_strict,side_informed,laplace,uniform,20.0,retention_bounded,0.001,88cfbf3d123c09aeb16cc5603a8216ea53798432be360bfe759e416735aee1e6,14c2d954b12199b55eccec80b49eb9bb2da67b2355211a54d3c89376ff49a568,91,-0.35481751882114726,0.01
2,0,unrounded_strict,side_informed,laplace,uniform,20.0,retention_bounded,0.01,88cfbf3d123c09aeb16cc5603a8216ea53798432be360bfe759e416735aee1e6,1dd2d5fe5cf1dfd46c3929dc7da5053bc32647df597820c43b4754cfd7913d2d,91,-0.3311091427141205,0.01
2,0,unrounded_strict,side_informed,laplace,uniform,20.0,retention_bounded,0.1,88cfbf3d123c09aeb16cc5603a8216ea53798432be360bfe759e416735aee1e6,41f5106419afe02883358ff14c515ee363fb01026a28a8257457778e875c86c8,91,-0.3582186389337176,0.01
2,1,unrounded_strict,side_informed,laplace,uniform,20.0,retention_bounded,0.0,b866bd6ecb3ec5659d4de6b67167b6378955e1543fe258d36dee45860d110980,9f224eaafc7ed8b98e559b49f122c2e342378ea02a3c76051e80c6ec58b6ce27,89,-0.36276180248943074,0.01
2,1,unrounded_strict,side_informed,laplace,uniform,20.0,retention_bounded,0.0001,b866bd6ecb3ec5659d4de6b67167b6378955e1543fe258d36dee45860d110980,b49a64a5ed94d7857fa355b7221428c0a3a37cd37d909e127110b303842a11e3,89,-0.36180069451120017,0.01
2,1,unrounded_strict,side_informed,laplace,uniform,20.0,retention_bounded,0.001,b866bd6ecb3ec5659d4de6b67167b6378955e1543fe258d36dee45860d110980,4551f24ba406f966a8b70d5e230fa6b60cbed1fc35cbb048a16819746dcb023b,89,-0.35481751882114726,0.01
2,1,unrounded_strict,side_informed,laplace,uniform,20.0,retention_bounded,0.01,b866bd6ecb3ec5659d4de6b67167b6378955e1543fe258d36dee45860d110980,c2e2fc7f669da152579cd5aeda2769365743959ab47b904726aca9ce38883f8e,89,-0.3311091427141205,0.01
2,1,unrounded_strict,side_informed,laplace,uniform,20.0,retention_bounded,0.1,b866bd6ecb3ec5659d4de6b67167b6378955e1543fe258d36dee45860d110980,41888cf64736ea9517267c8ba2e697b5b57d26bc83037afe38b8edd538135e51,89,-0.3582186389337176,0.01
2,2,unrounded_strict,side_informed,laplace,uniform,20.0,retention_bounded,0.0,6ebbd52c6c997d69db148aa80e059a97f5040959d2c6399495016458f9911221,1bd86427b4faf41e79147210a741786cb84637a7806f9df192a7481d591d1283,90,-0.36276180248943074,0.01
2,2,unrounded_strict,side_informed,laplace,uniform,20.0,retention_bounded,0.0001,6ebbd52c6c997d69db148aa80e059a97f5040959d2c6399495016458f9911221,15a515ce642e7bf21bfe9ea7be6b2d74543b52d1cfd3f1e4a08bb8bf7a82de55,90,-0.36180069451120017,0.01
2,2,unrounded_strict,side_informed,laplace,uniform,20.0,retention_bounded,0.001,6ebbd52c6c997d69db148aa80e059a97f5040959d2c6399495016458f9911221,2acd222786e4dbd397aa6a8af7eda0629e0997dd2f937ccad765dd6227cf8ae9,90,-0.35481751882114726,0.01
2,2,unrounded_strict,side_informed,laplace,uniform,20.0,retention_bounded,0.01,6ebbd52c6c997d69db148aa80e059a97f5040959d2c6399495016458f9911221,518db36d61129541d0713f46f3d626f2e0c8b5d7c42d1558ee60ec2bbdf45a45,90,-0.3311091427141205,0.01
2,2,unrounded_strict,side_informed,laplace,uniform,20.0,retention_bounded,0.1,6ebbd52c6c997d69db148aa80e059a97f5040959d2c6399495016458f9911221,93c4da6305d28061122a7a64d6e2ee6d231b328effea05b93e9bc5c40014d0b8,90,-0.3582186389337176,0.01
2,0,unrounded_strict,side_informed,laplace,uniform,20.0,retention_nonnegative,0.0,88cfbf3d123c09aeb16cc5603a8216ea53798432be360bfe759e416735aee1e6,d35bbf016c06fca085962205d704f12f73bd1cd6330c79cd654a62101686c5aa,91,-0.36276180308488093,0.01
2,0,unrounded_strict,side_informed,laplace,uniform,20.0,retention_nonnegative,0.0001,88cfbf3d123c09aeb16cc5603a8216ea53798432be360bfe759e416735aee1e6,f3c4def4b1c803a08b379ec2de9354c3c182dd390d1fc12898a8979af5aacf14,91,-0.36180187036553796,0.01
2,0,unrounded_strict,side_informed,laplace,uniform,20.0,retention_nonnegative,0.001,88cfbf3d123c09aeb16cc5603a8216ea53798432be360bfe759e416735aee1e6,7f15e63a0f4dd01725c21a35fc7216d043d573bc6a6b670f71dd3a1e518e078c,91,-0.3554452627353804,0.01
2,0,unrounded_strict,side_informed,laplace,uniform,20.0,retention_nonnegative,0.01,88cfbf3d123c09aeb16cc5603a8216ea53798432be360bfe759e416735aee1e6,13ec185fbd4d4f50b03e9b1004b6a607b2bfe01d68b544779c512d0598ebea92,91,-0.34433257375811926,0.01
2,0,unrounded_strict,side_informed,laplace,uniform,20.0,retention_nonnegative,0.1,88cfbf3d123c09aeb16cc5603a8216ea53798432be360bfe759e416735aee1e6,4a04f6af05b3e415a04e8981ef512081014e10dc907920b0684147565d5b6dfb,91,-0.4074161292213846,0.01
2,1,unrounded_strict,side_informed,laplace,uniform,20.0,retention_nonnegative,0.0,b866bd6ecb3ec5659d4de6b67167b6378955e1543fe258d36dee45860d110980,88d94d4793fb0a43d1b05074355d47d762d13e9f154e4ba52abea9d9622dc5f0,89,-0.36276180308488093,0.01
2,1,unrounded_strict,side_informed,laplace,uniform,20.0,retention_nonnegative,0.0001,b866bd6ecb3ec5659d4de6b67167b6378955e1543fe258d36dee45860d110980,cbfa7b24732156d60e55bb2f0b97dee4860315cee6ec1cd80b56aa83ba2f1300,89,-0.36180187036553796,0.01
2,1,unrounded_strict,side_informed,laplace,uniform,20.0,retention_nonnegative,0.001,b866bd6ecb3ec5659d4de6b67167b6378955e1543fe258d36dee45860d110980,c04aefeb2506b80ba05bec71ec3b221eba39ce2a82f3dc9d5a268463430aa4ae,89,-0.3554452627353804,0.01
2,1,unrounded_strict,side_informed,laplace,uniform,20.0,retention_nonnegative,0.01,b866bd6ecb3ec5659d4de6b67167b6378955e1543fe258d36dee45860d110980,1b70ee706745ff8f183c48e2baaaa4ceed23539decd3fe68b5d51746562e32f1,89,-0.34433257375811926,0.01
2,1,unrounded_strict,side_informed,laplace,uniform,20.0,retention_nonnegative,0.1,b866bd6ecb3ec5659d4de6b67167b6378955e1543fe258d36dee45860d110980,01d8a0c679fcf59f020724c43799445efa153b66051d7ea75addad3bf0264c4d,89,-0.4074161292213846,0.01
2,2,unrounded_strict,side_informed,laplace,uniform,20.0,retention_nonnegative,0.0,6ebbd52c6c997d69db148aa80e059a97f5040959d2c6399495016458f9911221,06029a0a4b2bfd1a58feca0d965c3ec5a533417ae2ee24106f16e719f9aaa5f0,90,-0.36276180308488093,0.01
2,2,unrounded_strict,side_informed,laplace,uniform,20.0,retention_nonnegative,0.0001,6ebbd52c6c997d69db148aa80e059a97f5040959d2c6399495016458f9911221,9f1c47e8db4fa66bc80c2e8778779e43ad99dbefadc9b4b9c9b061b3a52f04ac,90,-0.36180187036553796,0.01
2,2,unrounded_strict,side_informed,laplace,uniform,20.0,retention_nonnegative,0.001,6ebbd52c6c997d69db148aa80e059a97f5040959d2c6399495016458f9911221,14cfe613169a02d7e325dd685a598776fcd710dcd0ca4cc84a1b775f4974db9d,90,-0.3554452627353804,0.01
2,2,unrounded_strict,side_informed,laplace,uniform,20.0,retention_nonnegative,0.01,6ebbd52c6c997d69db148aa80e059a97f5040959d2c6399495016458f9911221,cc7faa7769edca60d65f4cf4a815c1cd7d0b776ebfee5d633faa302270a47655,90,-0.34433257375811926,0.01
2,2,unrounded_strict,side_informed,laplace,uniform,20.0,retention_nonnegative,0.1,6ebbd52c6c997d69db148aa80e059a97f5040959d2c6399495016458f9911221,ffdc042bc5c66fd6c9ddb5f3b058175d8e56318f91fdc89e99978b363dc18a67,90,-0.4074161292213846,0.01
2,0,unrounded_strict,side_informed,laplace,uniform,20.0,current_only,0.0,88cfbf3d123c09aeb16cc5603a8216ea53798432be360bfe759e416735aee1e6,fa5e4ceaf6cdff44f718819695fa304d3b35d7a3181a79d20c437dffaeb96fb8,91,-0.5872498642302184,0.01
2,0,unrounded_strict,side_informed,laplace,uniform,20.0,current_only,0.0001,88cfbf3d123c09aeb16cc5603a8216ea53798432be360bfe759e416735aee1e6,cf899e649a9761f6c4699051810d6cf7bfa3a752e497cb05c6435faac132059c,91,-0.5871943938110178,0.01
2,0,unrounded_strict,side_informed,laplace,uniform,20.0,current_only,0.001,88cfbf3d123c09aeb16cc5603a8216ea53798432be360bfe759e416735aee1e6,d216f334750995d0cdf701abf3bee0b6084cff2d8e8c6588f8ebf5cfc18f83e2,91,-0.5867157336282088,0.01
2,0,unrounded_strict,side_informed,laplace,uniform,20.0,current_only,0.01,88cfbf3d123c09aeb16cc5603a8216ea53798432be360bfe759e416735aee1e6,235203aad79fb6ee3b7d2d49cf8931a8379883c5a77207c8987cb4927b2fff71,91,-0.5835604850777488,0.01
2,0,unrounded_strict,side_informed,laplace,uniform,20.0,current_only,0.1,88cfbf3d123c09aeb16cc5603a8216ea53798432be360bfe759e416735aee1e6,f9e43485ef95e7b187a138d2ddf2f4c68c5b8f26c26a9769716d13465412f2e8,91,-0.5985239883987835,0.01
2,1,unrounded_strict,side_informed,laplace,uniform,20.0,current_only,0.0,b866bd6ecb3ec5659d4de6b67167b6378955e1543fe258d36dee45860d110980,c2238f4201d0fd09f897d2b995a01f6601e5f185594af009874f5c34431f8fb7,89,-0.5872498642302184,0.01
2,1,unrounded_strict,side_informed,laplace,uniform,20.0,current_only,0.0001,b866bd6ecb3ec5659d4de6b67167b6378955e1543fe258d36dee45860d110980,32339d56768e6066e740f3f1c738fb08125f75bc65c18d46fcd61435399bbfed,89,-0.5871943938110178,0.01
2,1,unrounded_strict,side_informed,laplace,uniform,20.0,current_only,0.001,b866bd6ecb3ec5659d4de6b67167b6378955e1543fe258d36dee45860d110980,bdc99576184cfdc7c50147d62bec0ad77100de08d2fad7e920d8a690ba27b468,89,-0.5867157336282088,0.01
2,1,unrounded_strict,side_informed,laplace,uniform,20.0,current_only,0.01,b866bd6ecb3ec5659d4de6b67167b6378955e1543fe258d36dee45860d110980,736cdcb00ffa847e4ecfdbf2d3754f8d9b9c50534a7013682cfd39ae870d1833,89,-0.5835604850777488,0.01
2,1,unrounded_strict,side_informed,laplace,uniform,20.0,current_only,0.1,b866bd6ecb3ec5659d4de6b67167b6378955e1543fe258d36dee45860d110980,f2c290f9554ac7ae704d2427f2399ffef44c053190e003a6a5a70e0ce6cc3f64,89,-0.5985239883987835,0.01
2,2,unrounded_strict,side_informed,laplace,uniform,20.0,current_only,0.0,6ebbd52c6c997d69db148aa80e059a97f5040959d2c6399495016458f9911221,0b2f05eac43dbe7135d01553dd7e4a87ee6a61124b18291759cd8457cb0f4fa0,90,-0.5872498642302184,0.01
2,2,unrounded_strict,side_informed,laplace,uniform,20.0,current_only,0.0001,6ebbd52c6c997d69db148aa80e059a97f5040959d2c6399495016458f9911221,60b7407d7a96cc60bc64a9af046c953146acd4d5eab6de400faae13ee672f8a0,90,-0.5871943938110178,0.01
2,2,unrounded_strict,side_informed,laplace,uniform,20.0,current_only,0.001,6ebbd52c6c997d69db148aa80e059a97f5040959d2c6399495016458f9911221,11691a982774d00795c917e758542c120dc775005697392bed53c6192a9f07af,90,-0.5867157336282088,0.01
2,2,unrounded_strict,side_informed,laplace,uniform,20.0,current_only,0.01,6ebbd52c6c997d69db148aa80e059a97f5040959d2c6399495016458f9911221,fec09d5f6787472de9c5c6cd7606ee3829aba59b87820c85060a8c63ab675828,90,-0.5835604850777488,0.01
2,2,unrounded_strict,side_informed,laplace,uniform,20.0,current_only,0.1,6ebbd52c6c997d69db148aa80e059a97f5040959d2c6399495016458f9911221,24a6195cfae69bea3dc373cf4bfa13cc605754cbdac3ea922f36bf811feb193d,90,-0.5985239883987835,0.01
2,0,unrounded_strict,side_informed,laplace,uniform,20.0,input_plus_surface,0.0,88cfbf3d123c09aeb16cc5603a8216ea53798432be360bfe759e416735aee1e6,dadfd67fbb4c0d4a3ff0f9a73cf477d60ecfa5e9abdc09899cc005e2acb15d5a,91,-0.3447241251708081,0.01
2,0,unrounded_strict,side_informed,laplace,uniform,20.0,input_plus_surface,0.0001,88cfbf3d123c09aeb16cc5603a8216ea53798432be360bfe759e416735aee1e6,a1e77486bfa71970c08dcd6c0a0218cd055612f75bdec26eb0b05646948ca44b,91,-0.34372529267427093,0.01
2,0,unrounded_strict,side_informed,laplace,uniform,20.0,input_plus_surface,0.001,88cfbf3d123c09aeb16cc5603a8216ea53798432be360bfe759e416735aee1e6,c13a9d8606809a673fdd0a1c844e48e4ffa55040f8659d75c59681f79912895c,91,-0.33658913561243464,0.01
2,0,unrounded_strict,side_informed,laplace,uniform,20.0,input_plus_surface,0.01,88cfbf3d123c09aeb16cc5603a8216ea53798432be360bfe759e416735aee1e6,49ad9636a0159036a29c44c9d15116531a1368d954a7adf8fa1525182e892720,91,-0.3163360266482165,0.01
2,0,unrounded_strict,side_informed,laplace,uniform,20.0,input_plus_surface,0.1,88cfbf3d123c09aeb16cc5603a8216ea53798432be360bfe759e416735aee1e6,a5681ec52733fb293728f069e77ac02f15f296469bb0360df2c7b5e545710c91,91,-0.3663808236409836,0.01
2,1,unrounded_strict,side_informed,laplace,uniform,20.0,input_plus_surface,0.0,b866bd6ecb3ec5659d4de6b67167b6378955e1543fe258d36dee45860d110980,3826ef9296e2ab87aa52b61b88d58fd2af60fb9a42b888d5ab29ca1c33b59546,89,-0.3447241251708081,0.01
2,1,unrounded_strict,side_informed,laplace,uniform,20.0,input_plus_surface,0.0001,b866bd6ecb3ec5659d4de6b67167b6378955e1543fe258d36dee45860d110980,d7d2b4ac8de667a0dbe2053ba69d57a091fff42acd910e20c46247e9df94fa1d,89,-0.34372529267427093,0.01
2,1,unrounded_strict,side_informed,laplace,uniform,20.0,input_plus_surface,0.001,b866bd6ecb3ec5659d4de6b67167b6378955e1543fe258d36dee45860d110980,3776cbbd2c64e2617c12c10486a5761619b7cf945d4ab5631156740011dd8cb0,89,-0.33658913561243464,0.01
2,1,unrounded_strict,side_informed,laplace,uniform,20.0,input_plus_surface,0.01,b866bd6ecb3ec5659d4de6b67167b6378955e1543fe258d36dee45860d110980,8941c5064c637f71d8b9c145bfe29090572431f9f94da226f689d74b159dab59,89,-0.3163360266482165,0.01
2,1,unrounded_strict,side_informed,laplace,uniform,20.0,input_plus_surface,0.1,b866bd6ecb3ec5659d4de6b67167b6378955e1543fe258d36dee45860d110980,b3cd200d9dfa584340994b71f7be29ac200b032baafea997a9b8601672ed1001,89,-0.3663808236409836,0.01
2,2,unrounded_strict,side_informed,laplace,uniform,20.0,input_plus_surface,0.0,6ebbd52c6c997d69db148aa80e059a97f5040959d2c6399495016458f9911221,60c7a88ec83fba2ecd9c7a68498c26581d34c320365d60dd6c4077c02e87ca8a,90,-0.3447241251708081,0.01
2,2,unrounded_strict,side_informed,laplace,uniform,20.0,input_plus_surface,0.0001,6ebbd52c6c997d69db148aa80e059a97f5040959d2c6399495016458f9911221,9cfe0b5c9f21b03a6477cc7d9ca20b499f97ae9782b559f0d8cf2bb7a16db5e6,90,-0.34372529267427093,0.01
2,2,unrounded_strict,side_informed,laplace,uniform,20.0,input_plus_surface,0.001,6ebbd52c6c997d69db148aa80e059a97f5040959d2c6399495016458f9911221,0b958499b4a91db58313986a54fa9752b263ba1d68c4230a72e720e479b15c38,90,-0.33658913561243464,0.01
2,2,unrounded_strict,side_informed,laplace,uniform,20.0,input_plus_surface,0.01,6ebbd52c6c997d69db148aa80e059a97f5040959d2c6399495016458f9911221,6fcce4ae2043e496bb74732ad218a336a8286e97d0e74666c264e148c5404d68,90,-0.3163360266482165,0.01
2,2,unrounded_strict,side_informed,laplace,uniform,20.0,input_plus_surface,0.1,6ebbd52c6c997d69db148aa80e059a97f5040959d2c6399495016458f9911221,8a2ee4a03bd149ece83ddac24bd69f30461140ef444e9e92b7c5e548e8ac6dfe,90,-0.3663808236409836,0.01
2,0,unrounded_strict,side_informed,laplace,uniform,20.0,HU_plus_surface,0.0,88cfbf3d123c09aeb16cc5603a8216ea53798432be360bfe759e416735aee1e6,be0d9858c917f4f70a29bf9138ae65a70a8ff7979fb3067ae9e976c3e37b6b74,91,-0.3500542458318969,0.01
2,0,unrounded_strict,side_informed,laplace,uniform,20.0,HU_plus_surface,0.0001,88cfbf3d123c09aeb16cc5603a8216ea53798432be360bfe759e416735aee1e6,f6a8bc39864c180717d69d870fb8cc508ff965e3309f92b5196e93a7bbff8b33,91,-0.34879973854821356,0.01
2,0,unrounded_strict,side_informed,laplace,uniform,20.0,HU_plus_surface,0.001,88cfbf3d123c09aeb16cc5603a8216ea53798432be360bfe759e416735aee1e6,8de35261b3eb8722bab17dc49d9c0bfcc58ed10d33cf9b8e130702b834b755c8,91,-0.34024653654596526,0.01
2,0,unrounded_strict,side_informed,laplace,uniform,20.0,HU_plus_surface,0.01,88cfbf3d123c09aeb16cc5603a8216ea53798432be360bfe759e416735aee1e6,683ce83aa9a8027adb69b7ed192777b9fc6042bdb2b44c813e2a48da424fe441,91,-0.3177364786977404,0.01
2,0,unrounded_strict,side_informed,laplace,uniform,20.0,HU_plus_surface,0.1,88cfbf3d123c09aeb16cc5603a8216ea53798432be360bfe759e416735aee1e6,cd03327a6931f70913a449889c52eb67f882f32b9f53a327f7c9a286e3d9b82f,91,-0.3675205987682787,0.01
2,1,unrounded_strict,side_informed,laplace,uniform,20.0,HU_plus_surface,0.0,b866bd6ecb3ec5659d4de6b67167b6378955e1543fe258d36dee45860d110980,9254b2b9f320bad1b8464ab8012f7275605bb2815cd9d9984a65ef3c4b60e480,89,-0.3500542458318969,0.01
2,1,unrounded_strict,side_informed,laplace,uniform,20.0,HU_plus_surface,0.0001,b866bd6ecb3ec5659d4de6b67167b6378955e1543fe258d36dee45860d110980,aa6a055a35b2458b4df9b648711c1bd091be58216af9e16c498e10196181124a,89,-0.34879973854821356,0.01
2,1,unrounded_strict,side_informed,laplace,uniform,20.0,HU_plus_surface,0.001,b866bd6ecb3ec5659d4de6b67167b6378955e1543fe258d36dee45860d110980,7d4bb4be1224f68116fe4fe16f342631dc75dfc1779dcf0f1960d9361dc30fa9,89,-0.34024653654596526,0.01
2,1,unrounded_strict,side_informed,laplace,uniform,20.0,HU_plus_surface,0.01,b866bd6ecb3ec5659d4de6b67167b6378955e1543fe258d36dee45860d110980,8a23d10eaacb66ae2c1d064b461e5050ee210fcee6bc70a35786e198566a1bdb,89,-0.3177364786977404,0.01
2,1,unrounded_strict,side_informed,laplace,uniform,20.0,HU_plus_surface,0.1,b866bd6ecb3ec5659d4de6b67167b6378955e1543fe258d36dee45860d110980,13591c957a0aee3383d6b164d073ab287e34f853621f7c1ed1fbd49c33af5694,89,-0.3675205987682787,0.01
2,2,unrounded_strict,side_informed,laplace,uniform,20.0,HU_plus_surface,0.0,6ebbd52c6c997d69db148aa80e059a97f5040959d2c6399495016458f9911221,8d8764a82d12f3703731e0fd982afc30d9fd8c098c350895bc00b2fb1c19918d,90,-0.3500542458318969,0.01
2,2,unrounded_strict,side_informed,laplace,uniform,20.0,HU_plus_surface,0.0001,6ebbd52c6c997d69db148aa80e059a97f5040959d2c6399495016458f9911221,08d14e81eabd53c285eb6142551ce74ef4f4a304c8aa22db7239b13cabbc8ab4,90,-0.34879973854821356,0.01
2,2,unrounded_strict,side_informed,laplace,uniform,20.0,HU_plus_surface,0.001,6ebbd52c6c997d69db148aa80e059a97f5040959d2c6399495016458f9911221,e9f2e3775cfdade5a723135099ce203d5688d499f1bf30fa40e06d9278660b77,90,-0.34024653654596526,0.01
2,2,unrounded_strict,side_informed,laplace,uniform,20.0,HU_plus_surface,0.01,6ebbd52c6c997d69db148aa80e059a97f5040959d2c6399495016458f9911221,9c60a9a2f3c8ca3538e78b7bd6ae31114953726a7ae7b70bf2e12e6fe0b1fe38,90,-0.3177364786977404,0.01
2,2,unrounded_strict,side_informed,laplace,uniform,20.0,HU_plus_surface,0.1,6ebbd52c6c997d69db148aa80e059a97f5040959d2c6399495016458f9911221,cf15c66eb60ccbe59be532f8df100bc4f1c5a2a49211a2d0204d079146a9b8d7,90,-0.3675205987682787,0.01
2,0,unrounded_strict,side_informed,laplace,uniform,20.0,retention_bounded_plus_HU,0.0,88cfbf3d123c09aeb16cc5603a8216ea53798432be360bfe759e416735aee1e6,19f5bc28ab0a1e562c8385f0e5eda2561d3ccee495a5102b3627bf98a00e0609,91,-0.35904345028189527,0.01
2,0,unrounded_strict,side_informed,laplace,uniform,20.0,retention_bounded_plus_HU,0.0001,88cfbf3d123c09aeb16cc5603a8216ea53798432be360bfe759e416735aee1e6,1b540431ec654080841241a7383a6b74f0fc2b49508c75e172c36e78f583c5ee,91,-0.35745664277766703,0.01
2,0,unrounded_strict,side_informed,laplace,uniform,20.0,retention_bounded_plus_HU,0.001,88cfbf3d123c09aeb16cc5603a8216ea53798432be360bfe759e416735aee1e6,56dcf605d5303559275b385eea568a8a771d6b51eb24801f7749562939aa83c7,91,-0.34915433452084377,0.01
2,0,unrounded_strict,side_informed,laplace,uniform,20.0,retention_bounded_plus_HU,0.01,88cfbf3d123c09aeb16cc5603a8216ea53798432be360bfe759e416735aee1e6,1854a8d8b0ed893cf4696e88c8c43428ef91fdb9832f311581701071993f0613,91,-0.33126171603063315,0.01
2,0,unrounded_strict,side_informed,laplace,uniform,20.0,retention_bounded_plus_HU,0.1,88cfbf3d123c09aeb16cc5603a8216ea53798432be360bfe759e416735aee1e6,bbb0ca6f5171be49b9802c3d044775b3a2359a50691b8e6ec4ca311ad479b99e,91,-0.338766913804609,0.01
2,1,unrounded_strict,side_informed,laplace,uniform,20.0,retention_bounded_plus_HU,0.0,b866bd6ecb3ec5659d4de6b67167b6378955e1543fe258d36dee45860d110980,cf7a174610bc34e99b07ea7474e26ff9abb44b59182051d08dbec914efae10c6,89,-0.35904345028189527,0.01
2,1,unrounded_strict,side_informed,laplace,uniform,20.0,retention_bounded_plus_HU,0.0001,b866bd6ecb3ec5659d4de6b67167b6378955e1543fe258d36dee45860d110980,9871532be8b3c3499860202d173ae7f371d9ba1fc863cd1920cead0ad6c848c9,89,-0.35745664277766703,0.01
2,1,unrounded_strict,side_informed,laplace,uniform,20.0,retention_bounded_plus_HU,0.001,b866bd6ecb3ec5659d4de6b67167b6378955e1543fe258d36dee45860d110980,517876dcc51046f8aace8a9c5c0b4ff75b197d1436a21b90c960f4de8efc953c,89,-0.34915433452084377,0.01
2,1,unrounded_strict,side_informed,laplace,uniform,20.0,retention_bounded_plus_HU,0.01,b866bd6ecb3ec5659d4de6b67167b6378955e1543fe258d36dee45860d110980,a7f86d710681c113a60d31ceeccdda34ef40466175248f5e6ef46662e0504fe9,89,-0.33126171603063315,0.01
2,1,unrounded_strict,side_informed,laplace,uniform,20.0,retention_bounded_plus_HU,0.1,b866bd6ecb3ec5659d4de6b67167b6378955e1543fe258d36dee45860d110980,8fa2d592b12caaca2cbbb293b3f318394e5a078e0718583995c7e3a60f67d70d,89,-0.338766913804609,0.01
2,2,unrounded_strict,side_informed,laplace,uniform,20.0,retention_bounded_plus_HU,0.0,6ebbd52c6c997d69db148aa80e059a97f5040959d2c6399495016458f9911221,7443a1c974135847fdef8d05c262e1f66aca07aae1969dd5dd604148f5432515,90,-0.35904345028189527,0.01
2,2,unrounded_strict,side_informed,laplace,uniform,20.0,retention_bounded_plus_HU,0.0001,6ebbd52c6c997d69db148aa80e059a97f5040959d2c6399495016458f9911221,65c121889dd17052a31e620592da4afcd28421348f5bd6a757a75b07ca91d7df,90,-0.35745664277766703,0.01
2,2,unrounded_strict,side_informed,laplace,uniform,20.0,retention_bounded_plus_HU,0.001,6ebbd52c6c997d69db148aa80e059a97f5040959d2c6399495016458f9911221,00c589e61a5036aa57afda00085ce6fcbbc3ff7c9a288ae3b390493776daca17,90,-0.34915433452084377,0.01
2,2,unrounded_strict,side_informed,laplace,uniform,20.0,retention_bounded_plus_HU,0.01,6ebbd52c6c997d69db148aa80e059a97f5040959d2c6399495016458f9911221,5bca8dd2fd013220bcb15cd8a6ce88aa9c5830af9c8573298df183ae0064d2d8,90,-0.33126171603063315,0.01
2,2,unrounded_strict,side_informed,laplace,uniform,20.0,retention_bounded_plus_HU,0.1,6ebbd52c6c997d69db148aa80e059a97f5040959d2c6399495016458f9911221,12e53eeeac6d3d2ca998e79e04f044be4ea60ec8a57dc93f68937e98a3357ed5,90,-0.338766913804609,0.01
2,0,unrounded_strict,side_informed,gh80,uniform,20.0,HU_plus_surface,0.0,88cfbf3d123c09aeb16cc5603a8216ea53798432be360bfe759e416735aee1e6,ae97f0144e448e187d6b02505188a79b376ab3c19cc31d80e5cf0c39b5810166,91,-0.33545441384502084,0.01
2,0,unrounded_strict,side_informed,gh80,uniform,20.0,HU_plus_surface,0.0001,88cfbf3d123c09aeb16cc5603a8216ea53798432be360bfe759e416735aee1e6,79e4548710f86cbfeb92a98760f4aa9f35126896e6b5d6bb2c06c6b6fc4ae05c,91,-0.33436190873899124,0.01
2,0,unrounded_strict,side_informed,gh80,uniform,20.0,HU_plus_surface,0.001,88cfbf3d123c09aeb16cc5603a8216ea53798432be360bfe759e416735aee1e6,8467bed11051fb30a617cb081338a30cb4130d9e5a6bac42cb98651d051de67e,91,-0.32693822830595415,0.01
2,0,unrounded_strict,side_informed,gh80,uniform,20.0,HU_plus_surface,0.01,88cfbf3d123c09aeb16cc5603a8216ea53798432be360bfe759e416735aee1e6,e16977582f7693072f695fadb3c14a963cfb6cdc19dc936330638ae786b8b1c9,91,-0.3088031879048837,0.01
2,0,unrounded_strict,side_informed,gh80,uniform,20.0,HU_plus_surface,0.1,88cfbf3d123c09aeb16cc5603a8216ea53798432be360bfe759e416735aee1e6,55f00bc0f31764da2bb5164c15cc593a25eaee697d1c806ac0284215c57db715,91,-0.3648873812543575,0.01
2,1,unrounded_strict,side_informed,gh80,uniform,20.0,HU_plus_surface,0.0,b866bd6ecb3ec5659d4de6b67167b6378955e1543fe258d36dee45860d110980,f7dd2308b584cd51a40c8dc2d07eb5eb427d895a38feac780f0e3bcc97927793,89,-0.33545441384502084,0.01
2,1,unrounded_strict,side_informed,gh80,uniform,20.0,HU_plus_surface,0.0001,b866bd6ecb3ec5659d4de6b67167b6378955e1543fe258d36dee45860d110980,96967c88aaad7208eb6ee1fe28ffc03a85a84f92d0ec346112866c6e37eadc7b,89,-0.33436190873899124,0.01
2,1,unrounded_strict,side_informed,gh80,uniform,20.0,HU_plus_surface,0.001,b866bd6ecb3ec5659d4de6b67167b6378955e1543fe258d36dee45860d110980,1295cb7b6993b91496c7a4b48c0e43ae0946778fca9a076609453dbceae6416e,89,-0.32693822830595415,0.01
2,1,unrounded_strict,side_informed,gh80,uniform,20.0,HU_plus_surface,0.01,b866bd6ecb3ec5659d4de6b67167b6378955e1543fe258d36dee45860d110980,ff1e72c5874e2f4ab208eb91fa12fbc5b11c3a4f414d0bb683e05301c009483a,89,-0.3088031879048837,0.01
2,1,unrounded_strict,side_informed,gh80,uniform,20.0,HU_plus_surface,0.1,b866bd6ecb3ec5659d4de6b67167b6378955e1543fe258d36dee45860d110980,738c18c2c401eb334bee79e1a6ee65204b7b3fa77c52b5e33f1864fc9f2f6cd1,89,-0.3648873812543575,0.01
2,2,unrounded_strict,side_informed,gh80,uniform,20.0,HU_plus_surface,0.0,6ebbd52c6c997d69db148aa80e059a97f5040959d2c6399495016458f9911221,3ea5b96095e1ab2a1709331e91b0390e01bd3cd883ab2dc1a29c2658879f90f8,90,-0.33545441384502084,0.01
2,2,unrounded_strict,side_informed,gh80,uniform,20.0,HU_plus_surface,0.0001,6ebbd52c6c997d69db148aa80e059a97f5040959d2c6399495016458f9911221,17fb3d90719bab05596a791fa53281e8f5598c60243f7068837fe37227270630,90,-0.33436190873899124,0.01
2,2,unrounded_strict,side_informed,gh80,uniform,20.0,HU_plus_surface,0.001,6ebbd52c6c997d69db148aa80e059a97f5040959d2c6399495016458f9911221,55d903068430f9e219d3ed955cdafe175a237988662daba0c1c59a4cddd94e69,90,-0.32693822830595415,0.01
2,2,unrounded_strict,side_informed,gh80,uniform,20.0,HU_plus_surface,0.01,6ebbd52c6c997d69db148aa80e059a97f5040959d2c6399495016458f9911221,65d5145931d9f3a12eefadb004ff61f0a95fe37f8dd187691018a23b1825d371,90,-0.3088031879048837,0.01
2,2,unrounded_strict,side_informed,gh80,uniform,20.0,HU_plus_surface,0.1,6ebbd52c6c997d69db148aa80e059a97f5040959d2c6399495016458f9911221,5ce4cf78e6bd54da76a8f411590c090a9e502a2c1dc3f915e037f1abe9ca916f,90,-0.3648873812543575,0.01
2,0,unrounded_strict,side_informed,gh80,uniform,20.0,retention_bounded_plus_HU,0.0,88cfbf3d123c09aeb16cc5603a8216ea53798432be360bfe759e416735aee1e6,9d69f15afce9bf9e4dcc2ca9f29efba3a471bdb890c0634593820b2793b83551,91,-0.35020584744446925,0.01
2,0,unrounded_strict,side_informed,gh80,uniform,20.0,retention_bounded_plus_HU,0.0001,88cfbf3d123c09aeb16cc5603a8216ea53798432be360bfe759e416735aee1e6,5c9920488f09d13d79d20c4eccd782d58fa830746f146c071371b285cd3f0cd5,91,-0.3507713606722139,0.01
2,0,unrounded_strict,side_informed,gh80,uniform,20.0,retention_bounded_plus_HU,0.001,88cfbf3d123c09aeb16cc5603a8216ea53798432be360bfe759e416735aee1e6,9bcad06cceb5c833983008b79c43582aa34eefb2c8d9696c43de904bbc95158c,91,-0.34498257166918833,0.01
2,0,unrounded_strict,side_informed,gh80,uniform,20.0,retention_bounded_plus_HU,0.01,88cfbf3d123c09aeb16cc5603a8216ea53798432be360bfe759e416735aee1e6,8b8164eca57b522d7239177c1ba6c18d03c2c1d50bb515efc1c683037a164e6f,91,-0.32850610507705236,0.01
2,0,unrounded_strict,side_informed,gh80,uniform,20.0,retention_bounded_plus_HU,0.1,88cfbf3d123c09aeb16cc5603a8216ea53798432be360bfe759e416735aee1e6,22bb0335d0a529c6d8ba459031a93d7b8ee1c120e7c7b2cc5f70ed135775a6f6,91,-0.33737770638289766,0.01
2,1,unrounded_strict,side_informed,gh80,uniform,20.0,retention_bounded_plus_HU,0.0,b866bd6ecb3ec5659d4de6b67167b6378955e1543fe258d36dee45860d110980,1ec1ca92f6b9b727813f22342e17976a2457eb59dc7015c00599f38e41364dd0,89,-0.35020584744446925,0.01
2,1,unrounded_strict,side_informed,gh80,uniform,20.0,retention_bounded_plus_HU,0.0001,b866bd6ecb3ec5659d4de6b67167b6378955e1543fe258d36dee45860d110980,47b03b9016dbdb955e0c38cb4a43f2a9aedc035f8862fa868df8b0ee5d5497ab,89,-0.3507713606722139,0.01
2,1,unrounded_strict,side_informed,gh80,uniform,20.0,retention_bounded_plus_HU,0.001,b866bd6ecb3ec5659d4de6b67167b6378955e1543fe258d36dee45860d110980,5b958045635120ebfb8bbfc521cb2dd0ab347b008a79e79ac65b339eefcd3925,89,-0.34498257166918833,0.01
2,1,unrounded_strict,side_informed,gh80,uniform,20.0,retention_bounded_plus_HU,0.01,b866bd6ecb3ec5659d4de6b67167b6378955e1543fe258d36dee45860d110980,dfae282c62824be61c3bea76310c3c5fb39a5eada38aa71b603160b61c8a22e5,89,-0.32850610507705236,0.01
2,1,unrounded_strict,side_informed,gh80,uniform,20.0,retention_bounded_plus_HU,0.1,b866bd6ecb3ec5659d4de6b67167b6378955e1543fe258d36dee45860d110980,73f6e59c8c1d8ecc8f991ccfe978c10edd0da79a3bdbbad9a10a49302a13578b,89,-0.33737770638289766,0.01
2,2,unrounded_strict,side_informed,gh80,uniform,20.0,retention_bounded_plus_HU,0.0,6ebbd52c6c997d69db148aa80e059a97f5040959d2c6399495016458f9911221,f7fb9d864040b13c876232aebe5bb7bd5ede6b9bb5df54d749055605706ed39a,90,-0.35020584744446925,0.01
2,2,unrounded_strict,side_informed,gh80,uniform,20.0,retention_bounded_plus_HU,0.0001,6ebbd52c6c997d69db148aa80e059a97f5040959d2c6399495016458f9911221,6d1540253d5761a5adc43387d06cd478a2881916fc894249d5c10ea0028ab33b,90,-0.3507713606722139,0.01
2,2,unrounded_strict,side_informed,gh80,uniform,20.0,retention_bounded_plus_HU,0.001,6ebbd52c6c997d69db148aa80e059a97f5040959d2c6399495016458f9911221,e921f5585a191a398a935f8f6969994bec240e150302660c437f6a653700c32e,90,-0.34498257166918833,0.01
2,2,unrounded_strict,side_informed,gh80,uniform,20.0,retention_bounded_plus_HU,0.01,6ebbd52c6c997d69db148aa80e059a97f5040959d2c6399495016458f9911221,d2a366aac872b94e812fc6b3b38661e5f5f8ab51b4fc91c1c29db8c9972b1f95,90,-0.32850610507705236,0.01
2,2,unrounded_strict,side_informed,gh80,uniform,20.0,retention_bounded_plus_HU,0.1,6ebbd52c6c997d69db148aa80e059a97f5040959d2c6399495016458f9911221,3b81bfb24cb8b05c9948f57bd3fc1eff852f8e58722ad8311c9e928156bfc697,90,-0.33737770638289766,0.01
2,0,unrounded_strict,wholly_unseen,laplace,uniform,20.0,retention_bounded,0.0,88cfbf3d123c09aeb16cc5603a8216ea53798432be360bfe759e416735aee1e6,725d2f870321d55abed0bd9e8ec3712fec26ca3ad0ce6bf0116601bc579ce908,91,-0.667496212880687,0.01
2,0,unrounded_strict,wholly_unseen,laplace,uniform,20.0,retention_bounded,0.0001,88cfbf3d123c09aeb16cc5603a8216ea53798432be360bfe759e416735aee1e6,d736a73fe80082c3b47f6fbb3001b64c1b15386e5fd2968ef3f449a1c196267e,91,-0.6666976856132426,0.01
2,0,unrounded_strict,wholly_unseen,laplace,uniform,20.0,retention_bounded,0.001,88cfbf3d123c09aeb16cc5603a8216ea53798432be360bfe759e416735aee1e6,14c2d954b12199b55eccec80b49eb9bb2da67b2355211a54d3c89376ff49a568,91,-0.6606656552549258,0.01
2,0,unrounded_strict,wholly_unseen,laplace,uniform,20.0,retention_bounded,0.01,88cfbf3d123c09aeb16cc5603a8216ea53798432be360bfe759e416735aee1e6,1dd2d5fe5cf1dfd46c3929dc7da5053bc32647df597820c43b4754cfd7913d2d,91,-0.635122048325547,0.01
2,0,unrounded_strict,wholly_unseen,laplace,uniform,20.0,retention_bounded,0.1,88cfbf3d123c09aeb16cc5603a8216ea53798432be360bfe759e416735aee1e6,41f5106419afe02883358ff14c515ee363fb01026a28a8257457778e875c86c8,91,-0.6525735431397628,0.01
2,1,unrounded_strict,wholly_unseen,laplace,uniform,20.0,retention_bounded,0.0,b866bd6ecb3ec5659d4de6b67167b6378955e1543fe258d36dee45860d110980,9f224eaafc7ed8b98e559b49f122c2e342378ea02a3c76051e80c6ec58b6ce27,89,-0.667496212880687,0.01
2,1,unrounded_strict,wholly_unseen,laplace,uniform,20.0,retention_bounded,0.0001,b866bd6ecb3ec5659d4de6b67167b6378955e1543fe258d36dee45860d110980,b49a64a5ed94d7857fa355b7221428c0a3a37cd37d909e127110b303842a11e3,89,-0.6666976856132426,0.01
2,1,unrounded_strict,wholly_unseen,laplace,uniform,20.0,retention_bounded,0.001,b866bd6ecb3ec5659d4de6b67167b6378955e1543fe258d36dee45860d110980,4551f24ba406f966a8b70d5e230fa6b60cbed1fc35cbb048a16819746dcb023b,89,-0.6606656552549258,0.01
2,1,unrounded_strict,wholly_unseen,laplace,uniform,20.0,retention_bounded,0.01,b866bd6ecb3ec5659d4de6b67167b6378955e1543fe258d36dee45860d110980,c2e2fc7f669da152579cd5aeda2769365743959ab47b904726aca9ce38883f8e,89,-0.635122048325547,0.01
2,1,unrounded_strict,wholly_unseen,laplace,uniform,20.0,retention_bounded,0.1,b866bd6ecb3ec5659d4de6b67167b6378955e1543fe258d36dee45860d110980,41888cf64736ea9517267c8ba2e697b5b57d26bc83037afe38b8edd538135e51,89,-0.6525735431397628,0.01
2,2,unrounded_strict,wholly_unseen,laplace,uniform,20.0,retention_bounded,0.0,6ebbd52c6c997d69db148aa80e059a97f5040959d2c6399495016458f9911221,1bd86427b4faf41e79147210a741786cb84637a7806f9df192a7481d591d1283,90,-0.667496212880687,0.01
2,2,unrounded_strict,wholly_unseen,laplace,uniform,20.0,retention_bounded,0.0001,6ebbd52c6c997d69db148aa80e059a97f5040959d2c6399495016458f9911221,15a515ce642e7bf21bfe9ea7be6b2d74543b52d1cfd3f1e4a08bb8bf7a82de55,90,-0.6666976856132426,0.01
2,2,unrounded_strict,wholly_unseen,laplace,uniform,20.0,retention_bounded,0.001,6ebbd52c6c997d69db148aa80e059a97f5040959d2c6399495016458f9911221,2acd222786e4dbd397aa6a8af7eda0629e0997dd2f937ccad765dd6227cf8ae9,90,-0.6606656552549258,0.01
2,2,unrounded_strict,wholly_unseen,laplace,uniform,20.0,retention_bounded,0.01,6ebbd52c6c997d69db148aa80e059a97f5040959d2c6399495016458f9911221,518db36d61129541d0713f46f3d626f2e0c8b5d7c42d1558ee60ec2bbdf45a45,90,-0.635122048325547,0.01
2,2,unrounded_strict,wholly_unseen,laplace,uniform,20.0,retention_bounded,0.1,6ebbd52c6c997d69db148aa80e059a97f5040959d2c6399495016458f9911221,93c4da6305d28061122a7a64d6e2ee6d231b328effea05b93e9bc5c40014d0b8,90,-0.6525735431397628,0.01
2,0,unrounded_strict,wholly_unseen,laplace,uniform,20.0,retention_nonnegative,0.0,88cfbf3d123c09aeb16cc5603a8216ea53798432be360bfe759e416735aee1e6,d35bbf016c06fca085962205d704f12f73bd1cd6330c79cd654a62101686c5aa,91,-0.6674962150047583,0.01
2,0,unrounded_strict,wholly_unseen,laplace,uniform,20.0,retention_nonnegative,0.0001,88cfbf3d123c09aeb16cc5603a8216ea53798432be360bfe759e416735aee1e6,f3c4def4b1c803a08b379ec2de9354c3c182dd390d1fc12898a8979af5aacf14,91,-0.6657614755767964,0.01
2,0,unrounded_strict,wholly_unseen,laplace,uniform,20.0,retention_nonnegative,0.001,88cfbf3d123c09aeb16cc5603a8216ea53798432be360bfe759e416735aee1e6,7f15e63a0f4dd01725c21a35fc7216d043d573bc6a6b670f71dd3a1e518e078c,91,-0.6543736012396082,0.01
2,0,unrounded_strict,wholly_unseen,laplace,uniform,20.0,retention_nonnegative,0.01,88cfbf3d123c09aeb16cc5603a8216ea53798432be360bfe759e416735aee1e6,13ec185fbd4d4f50b03e9b1004b6a607b2bfe01d68b544779c512d0598ebea92,91,-0.6368986481993164,0.01
2,0,unrounded_strict,wholly_unseen,laplace,uniform,20.0,retention_nonnegative,0.1,88cfbf3d123c09aeb16cc5603a8216ea53798432be360bfe759e416735aee1e6,4a04f6af05b3e415a04e8981ef512081014e10dc907920b0684147565d5b6dfb,91,-0.7074538710325897,0.01
2,1,unrounded_strict,wholly_unseen,laplace,uniform,20.0,retention_nonnegative,0.0,b866bd6ecb3ec5659d4de6b67167b6378955e1543fe258d36dee45860d110980,88d94d4793fb0a43d1b05074355d47d762d13e9f154e4ba52abea9d9622dc5f0,89,-0.6674962150047583,0.01
2,1,unrounded_strict,wholly_unseen,laplace,uniform,20.0,retention_nonnegative,0.0001,b866bd6ecb3ec5659d4de6b67167b6378955e1543fe258d36dee45860d110980,cbfa7b24732156d60e55bb2f0b97dee4860315cee6ec1cd80b56aa83ba2f1300,89,-0.6657614755767964,0.01
2,1,unrounded_strict,wholly_unseen,laplace,uniform,20.0,retention_nonnegative,0.001,b866bd6ecb3ec5659d4de6b67167b6378955e1543fe258d36dee45860d110980,c04aefeb2506b80ba05bec71ec3b221eba39ce2a82f3dc9d5a268463430aa4ae,89,-0.6543736012396082,0.01
2,1,unrounded_strict,wholly_unseen,laplace,uniform,20.0,retention_nonnegative,0.01,b866bd6ecb3ec5659d4de6b67167b6378955e1543fe258d36dee45860d110980,1b70ee706745ff8f183c48e2baaaa4ceed23539decd3fe68b5d51746562e32f1,89,-0.6368986481993164,0.01
2,1,unrounded_strict,wholly_unseen,laplace,uniform,20.0,retention_nonnegative,0.1,b866bd6ecb3ec5659d4de6b67167b6378955e1543fe258d36dee45860d110980,01d8a0c679fcf59f020724c43799445efa153b66051d7ea75addad3bf0264c4d,89,-0.7074538710325897,0.01
2,2,unrounded_strict,wholly_unseen,laplace,uniform,20.0,retention_nonnegative,0.0,6ebbd52c6c997d69db148aa80e059a97f5040959d2c6399495016458f9911221,06029a0a4b2bfd1a58feca0d965c3ec5a533417ae2ee24106f16e719f9aaa5f0,90,-0.6674962150047583,0.01
2,2,unrounded_strict,wholly_unseen,laplace,uniform,20.0,retention_nonnegative,0.0001,6ebbd52c6c997d69db148aa80e059a97f5040959d2c6399495016458f9911221,9f1c47e8db4fa66bc80c2e8778779e43ad99dbefadc9b4b9c9b061b3a52f04ac,90,-0.6657614755767964,0.01
2,2,unrounded_strict,wholly_unseen,laplace,uniform,20.0,retention_nonnegative,0.001,6ebbd52c6c997d69db148aa80e059a97f5040959d2c6399495016458f9911221,14cfe613169a02d7e325dd685a598776fcd710dcd0ca4cc84a1b775f4974db9d,90,-0.6543736012396082,0.01
2,2,unrounded_strict,wholly_unseen,laplace,uniform,20.0,retention_nonnegative,0.01,6ebbd52c6c997d69db148aa80e059a97f5040959d2c6399495016458f9911221,cc7faa7769edca60d65f4cf4a815c1cd7d0b776ebfee5d633faa302270a47655,90,-0.6368986481993164,0.01
2,2,unrounded_strict,wholly_unseen,laplace,uniform,20.0,retention_nonnegative,0.1,6ebbd52c6c997d69db148aa80e059a97f5040959d2c6399495016458f9911221,ffdc042bc5c66fd6c9ddb5f3b058175d8e56318f91fdc89e99978b363dc18a67,90,-0.7074538710325897,0.01
2,0,unrounded_strict,wholly_unseen,laplace,uniform,20.0,current_only,0.0,88cfbf3d123c09aeb16cc5603a8216ea53798432be360bfe759e416735aee1e6,fa5e4ceaf6cdff44f718819695fa304d3b35d7a3181a79d20c437dffaeb96fb8,91,-0.8874437201456657,0.01
2,0,unrounded_strict,wholly_unseen,laplace,uniform,20.0,current_only,0.0001,88cfbf3d123c09aeb16cc5603a8216ea53798432be360bfe759e416735aee1e6,cf899e649a9761f6c4699051810d6cf7bfa3a752e497cb05c6435faac132059c,91,-0.8873882497264651,0.01
2,0,unrounded_strict,wholly_unseen,laplace,uniform,20.0,current_only,0.001,88cfbf3d123c09aeb16cc5603a8216ea53798432be360bfe759e416735aee1e6,d216f334750995d0cdf701abf3bee0b6084cff2d8e8c6588f8ebf5cfc18f83e2,91,-0.8869095895436562,0.01
2,0,unrounded_strict,wholly_unseen,laplace,uniform,20.0,current_only,0.01,88cfbf3d123c09aeb16cc5603a8216ea53798432be360bfe759e416735aee1e6,235203aad79fb6ee3b7d2d49cf8931a8379883c5a77207c8987cb4927b2fff71,91,-0.8837543409931963,0.01
2,0,unrounded_strict,wholly_unseen,laplace,uniform,20.0,current_only,0.1,88cfbf3d123c09aeb16cc5603a8216ea53798432be360bfe759e416735aee1e6,f9e43485ef95e7b187a138d2ddf2f4c68c5b8f26c26a9769716d13465412f2e8,91,-0.898717844314231,0.01
2,1,unrounded_strict,wholly_unseen,laplace,uniform,20.0,current_only,0.0,b866bd6ecb3ec5659d4de6b67167b6378955e1543fe258d36dee45860d110980,c2238f4201d0fd09f897d2b995a01f6601e5f185594af009874f5c34431f8fb7,89,-0.8874437201456657,0.01
2,1,unrounded_strict,wholly_unseen,laplace,uniform,20.0,current_only,0.0001,b866bd6ecb3ec5659d4de6b67167b6378955e1543fe258d36dee45860d110980,32339d56768e6066e740f3f1c738fb08125f75bc65c18d46fcd61435399bbfed,89,-0.8873882497264651,0.01
2,1,unrounded_strict,wholly_unseen,laplace,uniform,20.0,current_only,0.001,b866bd6ecb3ec5659d4de6b67167b6378955e1543fe258d36dee45860d110980,bdc99576184cfdc7c50147d62bec0ad77100de08d2fad7e920d8a690ba27b468,89,-0.8869095895436562,0.01
2,1,unrounded_strict,wholly_unseen,laplace,uniform,20.0,current_only,0.01,b866bd6ecb3ec5659d4de6b67167b6378955e1543fe258d36dee45860d110980,736cdcb00ffa847e4ecfdbf2d3754f8d9b9c50534a7013682cfd39ae870d1833,89,-0.8837543409931963,0.01
2,1,unrounded_strict,wholly_unseen,laplace,uniform,20.0,current_only,0.1,b866bd6ecb3ec5659d4de6b67167b6378955e1543fe258d36dee45860d110980,f2c290f9554ac7ae704d2427f2399ffef44c053190e003a6a5a70e0ce6cc3f64,89,-0.898717844314231,0.01
2,2,unrounded_strict,wholly_unseen,laplace,uniform,20.0,current_only,0.0,6ebbd52c6c997d69db148aa80e059a97f5040959d2c6399495016458f9911221,0b2f05eac43dbe7135d01553dd7e4a87ee6a61124b18291759cd8457cb0f4fa0,90,-0.8874437201456657,0.01
2,2,unrounded_strict,wholly_unseen,laplace,uniform,20.0,current_only,0.0001,6ebbd52c6c997d69db148aa80e059a97f5040959d2c6399495016458f9911221,60b7407d7a96cc60bc64a9af046c953146acd4d5eab6de400faae13ee672f8a0,90,-0.8873882497264651,0.01
2,2,unrounded_strict,wholly_unseen,laplace,uniform,20.0,current_only,0.001,6ebbd52c6c997d69db148aa80e059a97f5040959d2c6399495016458f9911221,11691a982774d00795c917e758542c120dc775005697392bed53c6192a9f07af,90,-0.8869095895436562,0.01
2,2,unrounded_strict,wholly_unseen,laplace,uniform,20.0,current_only,0.01,6ebbd52c6c997d69db148aa80e059a97f5040959d2c6399495016458f9911221,fec09d5f6787472de9c5c6cd7606ee3829aba59b87820c85060a8c63ab675828,90,-0.8837543409931963,0.01
2,2,unrounded_strict,wholly_unseen,laplace,uniform,20.0,current_only,0.1,6ebbd52c6c997d69db148aa80e059a97f5040959d2c6399495016458f9911221,24a6195cfae69bea3dc373cf4bfa13cc605754cbdac3ea922f36bf811feb193d,90,-0.898717844314231,0.01
2,0,unrounded_strict,wholly_unseen,laplace,uniform,20.0,input_plus_surface,0.0,88cfbf3d123c09aeb16cc5603a8216ea53798432be360bfe759e416735aee1e6,dadfd67fbb4c0d4a3ff0f9a73cf477d60ecfa5e9abdc09899cc005e2acb15d5a,91,-0.6459888567527504,0.01
2,0,unrounded_strict,wholly_unseen,laplace,uniform,20.0,input_plus_surface,0.0001,88cfbf3d123c09aeb16cc5603a8216ea53798432be360bfe759e416735aee1e6,a1e77486bfa71970c08dcd6c0a0218cd055612f75bdec26eb0b05646948ca44b,91,-0.644697199986875,0.01
2,0,unrounded_strict,wholly_unseen,laplace,uniform,20.0,input_plus_surface,0.001,88cfbf3d123c09aeb16cc5603a8216ea53798432be360bfe759e416735aee1e6,c13a9d8606809a673fdd0a1c844e48e4ffa55040f8659d75c59681f79912895c,91,-0.6356075136650386,0.01
2,0,unrounded_strict,wholly_unseen,laplace,uniform,20.0,input_plus_surface,0.01,88cfbf3d123c09aeb16cc5603a8216ea53798432be360bfe759e416735aee1e6,49ad9636a0159036a29c44c9d15116531a1368d954a7adf8fa1525182e892720,91,-0.6110101482152923,0.01
2,0,unrounded_strict,wholly_unseen,laplace,uniform,20.0,input_plus_surface,0.1,88cfbf3d123c09aeb16cc5603a8216ea53798432be360bfe759e416735aee1e6,a5681ec52733fb293728f069e77ac02f15f296469bb0360df2c7b5e545710c91,91,-0.6616605608467119,0.01
2,1,unrounded_strict,wholly_unseen,laplace,uniform,20.0,input_plus_surface,0.0,b866bd6ecb3ec5659d4de6b67167b6378955e1543fe258d36dee45860d110980,3826ef9296e2ab87aa52b61b88d58fd2af60fb9a42b888d5ab29ca1c33b59546,89,-0.6459888567527504,0.01
2,1,unrounded_strict,wholly_unseen,laplace,uniform,20.0,input_plus_surface,0.0001,b866bd6ecb3ec5659d4de6b67167b6378955e1543fe258d36dee45860d110980,d7d2b4ac8de667a0dbe2053ba69d57a091fff42acd910e20c46247e9df94fa1d,89,-0.644697199986875,0.01
2,1,unrounded_strict,wholly_unseen,laplace,uniform,20.0,input_plus_surface,0.001,b866bd6ecb3ec5659d4de6b67167b6378955e1543fe258d36dee45860d110980,3776cbbd2c64e2617c12c10486a5761619b7cf945d4ab5631156740011dd8cb0,89,-0.6356075136650386,0.01
2,1,unrounded_strict,wholly_unseen,laplace,uniform,20.0,input_plus_surface,0.01,b866bd6ecb3ec5659d4de6b67167b6378955e1543fe258d36dee45860d110980,8941c5064c637f71d8b9c145bfe29090572431f9f94da226f689d74b159dab59,89,-0.6110101482152923,0.01
2,1,unrounded_strict,wholly_unseen,laplace,uniform,20.0,input_plus_surface,0.1,b866bd6ecb3ec5659d4de6b67167b6378955e1543fe258d36dee45860d110980,b3cd200d9dfa584340994b71f7be29ac200b032baafea997a9b8601672ed1001,89,-0.6616605608467119,0.01
2,2,unrounded_strict,wholly_unseen,laplace,uniform,20.0,input_plus_surface,0.0,6ebbd52c6c997d69db148aa80e059a97f5040959d2c6399495016458f9911221,60c7a88ec83fba2ecd9c7a68498c26581d34c320365d60dd6c4077c02e87ca8a,90,-0.6459888567527504,0.01
2,2,unrounded_strict,wholly_unseen,laplace,uniform,20.0,input_plus_surface,0.0001,6ebbd52c6c997d69db148aa80e059a97f5040959d2c6399495016458f9911221,9cfe0b5c9f21b03a6477cc7d9ca20b499f97ae9782b559f0d8cf2bb7a16db5e6,90,-0.644697199986875,0.01
2,2,unrounded_strict,wholly_unseen,laplace,uniform,20.0,input_plus_surface,0.001,6ebbd52c6c997d69db148aa80e059a97f5040959d2c6399495016458f9911221,0b958499b4a91db58313986a54fa9752b263ba1d68c4230a72e720e479b15c38,90,-0.6356075136650386,0.01
2,2,unrounded_strict,wholly_unseen,laplace,uniform,20.0,input_plus_surface,0.01,6ebbd52c6c997d69db148aa80e059a97f5040959d2c6399495016458f9911221,6fcce4ae2043e496bb74732ad218a336a8286e97d0e74666c264e148c5404d68,90,-0.6110101482152923,0.01
2,2,unrounded_strict,wholly_unseen,laplace,uniform,20.0,input_plus_surface,0.1,6ebbd52c6c997d69db148aa80e059a97f5040959d2c6399495016458f9911221,8a2ee4a03bd149ece83ddac24bd69f30461140ef444e9e92b7c5e548e8ac6dfe,90,-0.6616605608467119,0.01
2,0,unrounded_strict,wholly_unseen,laplace,uniform,20.0,HU_plus_surface,0.0,88cfbf3d123c09aeb16cc5603a8216ea53798432be360bfe759e416735aee1e6,be0d9858c917f4f70a29bf9138ae65a70a8ff7979fb3067ae9e976c3e37b6b74,91,-0.6522141460075283,0.01
2,0,unrounded_strict,wholly_unseen,laplace,uniform,20.0,HU_plus_surface,0.0001,88cfbf3d123c09aeb16cc5603a8216ea53798432be360bfe759e416735aee1e6,f6a8bc39864c180717d69d870fb8cc508ff965e3309f92b5196e93a7bbff8b33,91,-0.6506017436768815,0.01
2,0,unrounded_strict,wholly_unseen,laplace,uniform,20.0,HU_plus_surface,0.001,88cfbf3d123c09aeb16cc5603a8216ea53798432be360bfe759e416735aee1e6,8de35261b3eb8722bab17dc49d9c0bfcc58ed10d33cf9b8e130702b834b755c8,91,-0.639790175379761,0.01
2,0,unrounded_strict,wholly_unseen,laplace,uniform,20.0,HU_plus_surface,0.01,88cfbf3d123c09aeb16cc5603a8216ea53798432be360bfe759e416735aee1e6,683ce83aa9a8027adb69b7ed192777b9fc6042bdb2b44c813e2a48da424fe441,91,-0.6126902357757207,0.01
2,0,unrounded_strict,wholly_unseen,laplace,uniform,20.0,HU_plus_surface,0.1,88cfbf3d123c09aeb16cc5603a8216ea53798432be360bfe759e416735aee1e6,cd03327a6931f70913a449889c52eb67f882f32b9f53a327f7c9a286e3d9b82f,91,-0.6626785227322007,0.01
2,1,unrounded_strict,wholly_unseen,laplace,uniform,20.0,HU_plus_surface,0.0,b866bd6ecb3ec5659d4de6b67167b6378955e1543fe258d36dee45860d110980,9254b2b9f320bad1b8464ab8012f7275605bb2815cd9d9984a65ef3c4b60e480,89,-0.6522141460075283,0.01
2,1,unrounded_strict,wholly_unseen,laplace,uniform,20.0,HU_plus_surface,0.0001,b866bd6ecb3ec5659d4de6b67167b6378955e1543fe258d36dee45860d110980,aa6a055a35b2458b4df9b648711c1bd091be58216af9e16c498e10196181124a,89,-0.6506017436768815,0.01
2,1,unrounded_strict,wholly_unseen,laplace,uniform,20.0,HU_plus_surface,0.001,b866bd6ecb3ec5659d4de6b67167b6378955e1543fe258d36dee45860d110980,7d4bb4be1224f68116fe4fe16f342631dc75dfc1779dcf0f1960d9361dc30fa9,89,-0.639790175379761,0.01
2,1,unrounded_strict,wholly_unseen,laplace,uniform,20.0,HU_plus_surface,0.01,b866bd6ecb3ec5659d4de6b67167b6378955e1543fe258d36dee45860d110980,8a23d10eaacb66ae2c1d064b461e5050ee210fcee6bc70a35786e198566a1bdb,89,-0.6126902357757207,0.01
2,1,unrounded_strict,wholly_unseen,laplace,uniform,20.0,HU_plus_surface,0.1,b866bd6ecb3ec5659d4de6b67167b6378955e1543fe258d36dee45860d110980,13591c957a0aee3383d6b164d073ab287e34f853621f7c1ed1fbd49c33af5694,89,-0.6626785227322007,0.01
2,2,unrounded_strict,wholly_unseen,laplace,uniform,20.0,HU_plus_surface,0.0,6ebbd52c6c997d69db148aa80e059a97f5040959d2c6399495016458f9911221,8d8764a82d12f3703731e0fd982afc30d9fd8c098c350895bc00b2fb1c19918d,90,-0.6522141460075283,0.01
2,2,unrounded_strict,wholly_unseen,laplace,uniform,20.0,HU_plus_surface,0.0001,6ebbd52c6c997d69db148aa80e059a97f5040959d2c6399495016458f9911221,08d14e81eabd53c285eb6142551ce74ef4f4a304c8aa22db7239b13cabbc8ab4,90,-0.6506017436768815,0.01
2,2,unrounded_strict,wholly_unseen,laplace,uniform,20.0,HU_plus_surface,0.001,6ebbd52c6c997d69db148aa80e059a97f5040959d2c6399495016458f9911221,e9f2e3775cfdade5a723135099ce203d5688d499f1bf30fa40e06d9278660b77,90,-0.639790175379761,0.01
2,2,unrounded_strict,wholly_unseen,laplace,uniform,20.0,HU_plus_surface,0.01,6ebbd52c6c997d69db148aa80e059a97f5040959d2c6399495016458f9911221,9c60a9a2f3c8ca3538e78b7bd6ae31114953726a7ae7b70bf2e12e6fe0b1fe38,90,-0.6126902357757207,0.01
2,2,unrounded_strict,wholly_unseen,laplace,uniform,20.0,HU_plus_surface,0.1,6ebbd52c6c997d69db148aa80e059a97f5040959d2c6399495016458f9911221,cf15c66eb60ccbe59be532f8df100bc4f1c5a2a49211a2d0204d079146a9b8d7,90,-0.6626785227322007,0.01
2,0,unrounded_strict,wholly_unseen,laplace,uniform,20.0,retention_bounded_plus_HU,0.0,88cfbf3d123c09aeb16cc5603a8216ea53798432be360bfe759e416735aee1e6,19f5bc28ab0a1e562c8385f0e5eda2561d3ccee495a5102b3627bf98a00e0609,91,-0.6597093268377124,0.01
2,0,unrounded_strict,wholly_unseen,laplace,uniform,20.0,retention_bounded_plus_HU,0.0001,88cfbf3d123c09aeb16cc5603a8216ea53798432be360bfe759e416735aee1e6,1b540431ec654080841241a7383a6b74f0fc2b49508c75e172c36e78f583c5ee,91,-0.6582957559631868,0.01
2,0,unrounded_strict,wholly_unseen,laplace,uniform,20.0,retention_bounded_plus_HU,0.001,88cfbf3d123c09aeb16cc5603a8216ea53798432be360bfe759e416735aee1e6,56dcf605d5303559275b385eea568a8a771d6b51eb24801f7749562939aa83c7,91,-0.646923789902635,0.01
2,0,unrounded_strict,wholly_unseen,laplace,uniform,20.0,retention_bounded_plus_HU,0.01,88cfbf3d123c09aeb16cc5603a8216ea53798432be360bfe759e416735aee1e6,1854a8d8b0ed893cf4696e88c8c43428ef91fdb9832f311581701071993f0613,91,-0.6261033342721016,0.01
2,0,unrounded_strict,wholly_unseen,laplace,uniform,20.0,retention_bounded_plus_HU,0.1,88cfbf3d123c09aeb16cc5603a8216ea53798432be360bfe759e416735aee1e6,bbb0ca6f5171be49b9802c3d044775b3a2359a50691b8e6ec4ca311ad479b99e,91,-0.6314749260514593,0.01
2,1,unrounded_strict,wholly_unseen,laplace,uniform,20.0,retention_bounded_plus_HU,0.0,b866bd6ecb3ec5659d4de6b67167b6378955e1543fe258d36dee45860d110980,cf7a174610bc34e99b07ea7474e26ff9abb44b59182051d08dbec914efae10c6,89,-0.6597093268377124,0.01
2,1,unrounded_strict,wholly_unseen,laplace,uniform,20.0,retention_bounded_plus_HU,0.0001,b866bd6ecb3ec5659d4de6b67167b6378955e1543fe258d36dee45860d110980,9871532be8b3c3499860202d173ae7f371d9ba1fc863cd1920cead0ad6c848c9,89,-0.6582957559631868,0.01
2,1,unrounded_strict,wholly_unseen,laplace,uniform,20.0,retention_bounded_plus_HU,0.001,b866bd6ecb3ec5659d4de6b67167b6378955e1543fe258d36dee45860d110980,517876dcc51046f8aace8a9c5c0b4ff75b197d1436a21b90c960f4de8efc953c,89,-0.646923789902635,0.01
2,1,unrounded_strict,wholly_unseen,laplace,uniform,20.0,retention_bounded_plus_HU,0.01,b866bd6ecb3ec5659d4de6b67167b6378955e1543fe258d36dee45860d110980,a7f86d710681c113a60d31ceeccdda34ef40466175248f5e6ef46662e0504fe9,89,-0.6261033342721016,0.01
2,1,unrounded_strict,wholly_unseen,laplace,uniform,20.0,retention_bounded_plus_HU,0.1,b866bd6ecb3ec5659d4de6b67167b6378955e1543fe258d36dee45860d110980,8fa2d592b12caaca2cbbb293b3f318394e5a078e0718583995c7e3a60f67d70d,89,-0.6314749260514593,0.01
2,2,unrounded_strict,wholly_unseen,laplace,uniform,20.0,retention_bounded_plus_HU,0.0,6ebbd52c6c997d69db148aa80e059a97f5040959d2c6399495016458f9911221,7443a1c974135847fdef8d05c262e1f66aca07aae1969dd5dd604148f5432515,90,-0.6597093268377124,0.01
2,2,unrounded_strict,wholly_unseen,laplace,uniform,20.0,retention_bounded_plus_HU,0.0001,6ebbd52c6c997d69db148aa80e059a97f5040959d2c6399495016458f9911221,65c121889dd17052a31e620592da4afcd28421348f5bd6a757a75b07ca91d7df,90,-0.6582957559631868,0.01
2,2,unrounded_strict,wholly_unseen,laplace,uniform,20.0,retention_bounded_plus_HU,0.001,6ebbd52c6c997d69db148aa80e059a97f5040959d2c6399495016458f9911221,00c589e61a5036aa57afda00085ce6fcbbc3ff7c9a288ae3b390493776daca17,90,-0.646923789902635,0.01
2,2,unrounded_strict,wholly_unseen,laplace,uniform,20.0,retention_bounded_plus_HU,0.01,6ebbd52c6c997d69db148aa80e059a97f5040959d2c6399495016458f9911221,5bca8dd2fd013220bcb15cd8a6ce88aa9c5830af9c8573298df183ae0064d2d8,90,-0.6261033342721016,0.01
2,2,unrounded_strict,wholly_unseen,laplace,uniform,20.0,retention_bounded_plus_HU,0.1,6ebbd52c6c997d69db148aa80e059a97f5040959d2c6399495016458f9911221,12e53eeeac6d3d2ca998e79e04f044be4ea60ec8a57dc93f68937e98a3357ed5,90,-0.6314749260514593,0.01
2,0,unrounded_strict,wholly_unseen,gh80,uniform,20.0,HU_plus_surface,0.0,88cfbf3d123c09aeb16cc5603a8216ea53798432be360bfe759e416735aee1e6,ae97f0144e448e187d6b02505188a79b376ab3c19cc31d80e5cf0c39b5810166,91,-0.6319532447747982,0.01
2,0,unrounded_strict,wholly_unseen,gh80,uniform,20.0,HU_plus_surface,0.0001,88cfbf3d123c09aeb16cc5603a8216ea53798432be360bfe759e416735aee1e6,79e4548710f86cbfeb92a98760f4aa9f35126896e6b5d6bb2c06c6b6fc4ae05c,91,-0.6305728782785102,0.01
2,0,unrounded_strict,wholly_unseen,gh80,uniform,20.0,HU_plus_surface,0.001,88cfbf3d123c09aeb16cc5603a8216ea53798432be360bfe759e416735aee1e6,8467bed11051fb30a617cb081338a30cb4130d9e5a6bac42cb98651d051de67e,91,-0.6213811917943272,0.01
2,0,unrounded_strict,wholly_unseen,gh80,uniform,20.0,HU_plus_surface,0.01,88cfbf3d123c09aeb16cc5603a8216ea53798432be360bfe759e416735aee1e6,e16977582f7693072f695fadb3c14a963cfb6cdc19dc936330638ae786b8b1c9,91,-0.6005580298676721,0.01
2,0,unrounded_strict,wholly_unseen,gh80,uniform,20.0,HU_plus_surface,0.1,88cfbf3d123c09aeb16cc5603a8216ea53798432be360bfe759e416735aee1e6,55f00bc0f31764da2bb5164c15cc593a25eaee697d1c806ac0284215c57db715,91,-0.6595185600914896,0.01
2,1,unrounded_strict,wholly_unseen,gh80,uniform,20.0,HU_plus_surface,0.0,b866bd6ecb3ec5659d4de6b67167b6378955e1543fe258d36dee45860d110980,f7dd2308b584cd51a40c8dc2d07eb5eb427d895a38feac780f0e3bcc97927793,89,-0.6319532447747982,0.01
2,1,unrounded_strict,wholly_unseen,gh80,uniform,20.0,HU_plus_surface,0.0001,b866bd6ecb3ec5659d4de6b67167b6378955e1543fe258d36dee45860d110980,96967c88aaad7208eb6ee1fe28ffc03a85a84f92d0ec346112866c6e37eadc7b,89,-0.6305728782785102,0.01
2,1,unrounded_strict,wholly_unseen,gh80,uniform,20.0,HU_plus_surface,0.001,b866bd6ecb3ec5659d4de6b67167b6378955e1543fe258d36dee45860d110980,1295cb7b6993b91496c7a4b48c0e43ae0946778fca9a076609453dbceae6416e,89,-0.6213811917943272,0.01
2,1,unrounded_strict,wholly_unseen,gh80,uniform,20.0,HU_plus_surface,0.01,b866bd6ecb3ec5659d4de6b67167b6378955e1543fe258d36dee45860d110980,ff1e72c5874e2f4ab208eb91fa12fbc5b11c3a4f414d0bb683e05301c009483a,89,-0.6005580298676721,0.01
2,1,unrounded_strict,wholly_unseen,gh80,uniform,20.0,HU_plus_surface,0.1,b866bd6ecb3ec5659d4de6b67167b6378955e1543fe258d36dee45860d110980,738c18c2c401eb334bee79e1a6ee65204b7b3fa77c52b5e33f1864fc9f2f6cd1,89,-0.6595185600914896,0.01
2,2,unrounded_strict,wholly_unseen,gh80,uniform,20.0,HU_plus_surface,0.0,6ebbd52c6c997d69db148aa80e059a97f5040959d2c6399495016458f9911221,3ea5b96095e1ab2a1709331e91b0390e01bd3cd883ab2dc1a29c2658879f90f8,90,-0.6319532447747982,0.01
2,2,unrounded_strict,wholly_unseen,gh80,uniform,20.0,HU_plus_surface,0.0001,6ebbd52c6c997d69db148aa80e059a97f5040959d2c6399495016458f9911221,17fb3d90719bab05596a791fa53281e8f5598c60243f7068837fe37227270630,90,-0.6305728782785102,0.01
2,2,unrounded_strict,wholly_unseen,gh80,uniform,20.0,HU_plus_surface,0.001,6ebbd52c6c997d69db148aa80e059a97f5040959d2c6399495016458f9911221,55d903068430f9e219d3ed955cdafe175a237988662daba0c1c59a4cddd94e69,90,-0.6213811917943272,0.01
2,2,unrounded_strict,wholly_unseen,gh80,uniform,20.0,HU_plus_surface,0.01,6ebbd52c6c997d69db148aa80e059a97f5040959d2c6399495016458f9911221,65d5145931d9f3a12eefadb004ff61f0a95fe37f8dd187691018a23b1825d371,90,-0.6005580298676721,0.01
2,2,unrounded_strict,wholly_unseen,gh80,uniform,20.0,HU_plus_surface,0.1,6ebbd52c6c997d69db148aa80e059a97f5040959d2c6399495016458f9911221,5ce4cf78e6bd54da76a8f411590c090a9e502a2c1dc3f915e037f1abe9ca916f,90,-0.6595185600914896,0.01
2,0,unrounded_strict,wholly_unseen,gh80,uniform,20.0,retention_bounded_plus_HU,0.0,88cfbf3d123c09aeb16cc5603a8216ea53798432be360bfe759e416735aee1e6,9d69f15afce9bf9e4dcc2ca9f29efba3a471bdb890c0634593820b2793b83551,91,-0.6448405143162261,0.01
2,0,unrounded_strict,wholly_unseen,gh80,uniform,20.0,retention_bounded_plus_HU,0.0001,88cfbf3d123c09aeb16cc5603a8216ea53798432be360bfe759e416735aee1e6,5c9920488f09d13d79d20c4eccd782d58fa830746f146c071371b285cd3f0cd5,91,-0.6465423423586116,0.01
2,0,unrounded_strict,wholly_unseen,gh80,uniform,20.0,retention_bounded_plus_HU,0.001,88cfbf3d123c09aeb16cc5603a8216ea53798432be360bfe759e416735aee1e6,9bcad06cceb5c833983008b79c43582aa34eefb2c8d9696c43de904bbc95158c,91,-0.6396029505978014,0.01
2,0,unrounded_strict,wholly_unseen,gh80,uniform,20.0,retention_bounded_plus_HU,0.01,88cfbf3d123c09aeb16cc5603a8216ea53798432be360bfe759e416735aee1e6,8b8164eca57b522d7239177c1ba6c18d03c2c1d50bb515efc1c683037a164e6f,91,-0.6216138394398212,0.01
2,0,unrounded_strict,wholly_unseen,gh80,uniform,20.0,retention_bounded_plus_HU,0.1,88cfbf3d123c09aeb16cc5603a8216ea53798432be360bfe759e416735aee1e6,22bb0335d0a529c6d8ba459031a93d7b8ee1c120e7c7b2cc5f70ed135775a6f6,91,-0.6293395936469985,0.01
2,1,unrounded_strict,wholly_unseen,gh80,uniform,20.0,retention_bounded_plus_HU,0.0,b866bd6ecb3ec5659d4de6b67167b6378955e1543fe258d36dee45860d110980,1ec1ca92f6b9b727813f22342e17976a2457eb59dc7015c00599f38e41364dd0,89,-0.6448405143162261,0.01
2,1,unrounded_strict,wholly_unseen,gh80,uniform,20.0,retention_bounded_plus_HU,0.0001,b866bd6ecb3ec5659d4de6b67167b6378955e1543fe258d36dee45860d110980,47b03b9016dbdb955e0c38cb4a43f2a9aedc035f8862fa868df8b0ee5d5497ab,89,-0.6465423423586116,0.01
2,1,unrounded_strict,wholly_unseen,gh80,uniform,20.0,retention_bounded_plus_HU,0.001,b866bd6ecb3ec5659d4de6b67167b6378955e1543fe258d36dee45860d110980,5b958045635120ebfb8bbfc521cb2dd0ab347b008a79e79ac65b339eefcd3925,89,-0.6396029505978014,0.01
2,1,unrounded_strict,wholly_unseen,gh80,uniform,20.0,retention_bounded_plus_HU,0.01,b866bd6ecb3ec5659d4de6b67167b6378955e1543fe258d36dee45860d110980,dfae282c62824be61c3bea76310c3c5fb39a5eada38aa71b603160b61c8a22e5,89,-0.6216138394398212,0.01
2,1,unrounded_strict,wholly_unseen,gh80,uniform,20.0,retention_bounded_plus_HU,0.1,b866bd6ecb3ec5659d4de6b67167b6378955e1543fe258d36dee45860d110980,73f6e59c8c1d8ecc8f991ccfe978c10edd0da79a3bdbbad9a10a49302a13578b,89,-0.6293395936469985,0.01
2,2,unrounded_strict,wholly_unseen,gh80,uniform,20.0,retention_bounded_plus_HU,0.0,6ebbd52c6c997d69db148aa80e059a97f5040959d2c6399495016458f9911221,f7fb9d864040b13c876232aebe5bb7bd5ede6b9bb5df54d749055605706ed39a,90,-0.6448405143162261,0.01
2,2,unrounded_strict,wholly_unseen,gh80,uniform,20.0,retention_bounded_plus_HU,0.0001,6ebbd52c6c997d69db148aa80e059a97f5040959d2c6399495016458f9911221,6d1540253d5761a5adc43387d06cd478a2881916fc894249d5c10ea0028ab33b,90,-0.6465423423586116,0.01
2,2,unrounded_strict,wholly_unseen,gh80,uniform,20.0,retention_bounded_plus_HU,0.001,6ebbd52c6c997d69db148aa80e059a97f5040959d2c6399495016458f9911221,e921f5585a191a398a935f8f6969994bec240e150302660c437f6a653700c32e,90,-0.6396029505978014,0.01
2,2,unrounded_strict,wholly_unseen,gh80,uniform,20.0,retention_bounded_plus_HU,0.01,6ebbd52c6c997d69db148aa80e059a97f5040959d2c6399495016458f9911221,d2a366aac872b94e812fc6b3b38661e5f5f8ab51b4fc91c1c29db8c9972b1f95,90,-0.6216138394398212,0.01
2,2,unrounded_strict,wholly_unseen,gh80,uniform,20.0,retention_bounded_plus_HU,0.1,6ebbd52c6c997d69db148aa80e059a97f5040959d2c6399495016458f9911221,3b81bfb24cb8b05c9948f57bd3fc1eff852f8e58722ad8311c9e928156bfc697,90,-0.6293395936469985,0.01
3,0,all_strict,side_informed,laplace,uniform,20.0,retention_bounded,0.0,14d4aa4637a3952a7fd3ce3da18d16eb06dcd853812d80290ec3d67e3b7cdad5,8f3c997b8200be8a95fa6eb57c67b4ed755de9986fcd0a67e1c4f2fb2ba39390,137,-0.35143137431586724,0.01
3,0,all_strict,side_informed,laplace,uniform,20.0,retention_bounded,0.0001,14d4aa4637a3952a7fd3ce3da18d16eb06dcd853812d80290ec3d67e3b7cdad5,f26ec0a327a40961b23ca4825684a9fd05017838041a90ff373047ccd53d0a1e,137,-0.34973773633025895,0.01
3,0,all_strict,side_informed,laplace,uniform,20.0,retention_bounded,0.001,14d4aa4637a3952a7fd3ce3da18d16eb06dcd853812d80290ec3d67e3b7cdad5,49d1881a1124473e6e782a3a483807f2a2dbffc0bd209ba398d685f56b857850,137,-0.3383996464563192,0.01
3,0,all_strict,side_informed,laplace,uniform,20.0,retention_bounded,0.01,14d4aa4637a3952a7fd3ce3da18d16eb06dcd853812d80290ec3d67e3b7cdad5,3d5df83832533c5b53212579489245fe13ecdfe409df0f6fcac464617557e8a9,137,-0.3079245133682564,0.01
3,0,all_strict,side_informed,laplace,uniform,20.0,retention_bounded,0.1,14d4aa4637a3952a7fd3ce3da18d16eb06dcd853812d80290ec3d67e3b7cdad5,b52cac2b7826faf726a9d8423c235df6ed91eeaf348a8636b3dbd34148c691ec,137,-0.33813570179547975,0.01
3,1,all_strict,side_informed,laplace,uniform,20.0,retention_bounded,0.0,13a079af94e46f97cf9bd78dca9369cc9694a00172361b410848fb0439384c57,d8803fb47adf67d37ff8f355224ee9f91f87ae7edf1494a088a0a87beed4c6f0,139,-0.35143137431586724,0.01
3,1,all_strict,side_informed,laplace,uniform,20.0,retention_bounded,0.0001,13a079af94e46f97cf9bd78dca9369cc9694a00172361b410848fb0439384c57,9bc3fe014f206cd0667d29b6df2979ba07a3a2f5fc607152779c92b59e0529c7,139,-0.34973773633025895,0.01
3,1,all_strict,side_informed,laplace,uniform,20.0,retention_bounded,0.001,13a079af94e46f97cf9bd78dca9369cc9694a00172361b410848fb0439384c57,d69c79d5a5d9cc96d541c4591c6eb4f032bb00a39ca5eeb0a1c7b1300b6065e7,139,-0.3383996464563192,0.01
3,1,all_strict,side_informed,laplace,uniform,20.0,retention_bounded,0.01,13a079af94e46f97cf9bd78dca9369cc9694a00172361b410848fb0439384c57,cf8ec261377dcc8cc5017a8e7cd9ce806639b8ca4386b0b897529cf39c5791c0,139,-0.3079245133682564,0.01
3,1,all_strict,side_informed,laplace,uniform,20.0,retention_bounded,0.1,13a079af94e46f97cf9bd78dca9369cc9694a00172361b410848fb0439384c57,4a5aa2b39b2f1b5ba479b811ba65575f1fcfc5a603604e20735c61da7792be57,139,-0.33813570179547975,0.01
3,2,all_strict,side_informed,laplace,uniform,20.0,retention_bounded,0.0,c987b1318e20fe8cc28abf40debc2ea1db6e17e61f72f092d3a4599fd1096ada,a1657a39223e32c6206c6322e5fd6ac3f2b7b133b3f57e50e1b8959ff8bc002b,137,-0.35143137431586724,0.01
3,2,all_strict,side_informed,laplace,uniform,20.0,retention_bounded,0.0001,c987b1318e20fe8cc28abf40debc2ea1db6e17e61f72f092d3a4599fd1096ada,eecda5e14578ac91d60e458af4353610ce064703aa5ee503523a881caaa15f72,137,-0.34973773633025895,0.01
3,2,all_strict,side_informed,laplace,uniform,20.0,retention_bounded,0.001,c987b1318e20fe8cc28abf40debc2ea1db6e17e61f72f092d3a4599fd1096ada,a80e5f894bc09d161dc218413a9ee6cc9a0762855ff0f8b81013642d66a480f1,137,-0.3383996464563192,0.01
3,2,all_strict,side_informed,laplace,uniform,20.0,retention_bounded,0.01,c987b1318e20fe8cc28abf40debc2ea1db6e17e61f72f092d3a4599fd1096ada,e99da101c5b7c346ef0e270e59b34924753d4962a655dcdd4fffb749f26e6bec,137,-0.3079245133682564,0.01
3,2,all_strict,side_informed,laplace,uniform,20.0,retention_bounded,0.1,c987b1318e20fe8cc28abf40debc2ea1db6e17e61f72f092d3a4599fd1096ada,a47aafc3034caa9d2502c659b6c4eb65260f1caf72946ecc1fa383a47f06bf97,137,-0.33813570179547975,0.01
3,0,all_strict,side_informed,laplace,uniform,20.0,retention_nonnegative,0.0,14d4aa4637a3952a7fd3ce3da18d16eb06dcd853812d80290ec3d67e3b7cdad5,1c30f7092af534f3adb8e2807c0c1e4357c13ac133025dd6a127a9a86c83ec9c,137,-0.3514313749050084,0.01
3,0,all_strict,side_informed,laplace,uniform,20.0,retention_nonnegative,0.0001,14d4aa4637a3952a7fd3ce3da18d16eb06dcd853812d80290ec3d67e3b7cdad5,b41e070e0240417688012bbe2140f19a6ed5675eccb283600a331de51b68d625,137,-0.34805291705588587,0.01
3,0,all_strict,side_informed,laplace,uniform,20.0,retention_nonnegative,0.001,14d4aa4637a3952a7fd3ce3da18d16eb06dcd853812d80290ec3d67e3b7cdad5,6c2a64544f70c9a23ffa034a90bcc23a0a2965291353b68624fa30f344a149ed,137,-0.3348118105415888,0.01
3,0,all_strict,side_informed,laplace,uniform,20.0,retention_nonnegative,0.01,14d4aa4637a3952a7fd3ce3da18d16eb06dcd853812d80290ec3d67e3b7cdad5,5ab9a13e4268043714f45242333a3e38f800bb9d70a7f21244b12e6a69ed3a37,137,-0.328201607859126,0.01
3,0,all_strict,side_informed,laplace,uniform,20.0,retention_nonnegative,0.1,14d4aa4637a3952a7fd3ce3da18d16eb06dcd853812d80290ec3d67e3b7cdad5,9239858cab8c8a36e4f174285e76cc54d712a7089e5927f26aad7c6a67cb4bf2,137,-0.3933362068348627,0.01
3,1,all_strict,side_informed,laplace,uniform,20.0,retention_nonnegative,0.0,13a079af94e46f97cf9bd78dca9369cc9694a00172361b410848fb0439384c57,b1f9e6e80d913c252861a540e7ed12f0915d103d47115b5985db35169d99db63,139,-0.3514313749050084,0.01
3,1,all_strict,side_informed,laplace,uniform,20.0,retention_nonnegative,0.0001,13a079af94e46f97cf9bd78dca9369cc9694a00172361b410848fb0439384c57,2966697f5eeaf19ac2fd1a2f4f150e47f093b0c317d4747236de3ddb2b89246e,139,-0.34805291705588587,0.01
3,1,all_strict,side_informed,laplace,uniform,20.0,retention_nonnegative,0.001,13a079af94e46f97cf9bd78dca9369cc9694a00172361b410848fb0439384c57,1253be93b4ca8b953d24a4d2966dd25eb9762a9e26c12b1b063cedcf49c8fadf,139,-0.3348118105415888,0.01
3,1,all_strict,side_informed,laplace,uniform,20.0,retention_nonnegative,0.01,13a079af94e46f97cf9bd78dca9369cc9694a00172361b410848fb0439384c57,bd296e84fbd84b6e501c1f1ca2b078df496e22a09a678fb80bcd7638c90cfa36,139,-0.328201607859126,0.01
3,1,all_strict,side_informed,laplace,uniform,20.0,retention_nonnegative,0.1,13a079af94e46f97cf9bd78dca9369cc9694a00172361b410848fb0439384c57,c69ff1ecf6c79d34e4cf749ebb19f25217021a4ce536fef94674e552125777d2,139,-0.3933362068348627,0.01
3,2,all_strict,side_informed,laplace,uniform,20.0,retention_nonnegative,0.0,c987b1318e20fe8cc28abf40debc2ea1db6e17e61f72f092d3a4599fd1096ada,da03cd36dea2a84c229f737addebe6d2eaa31dcfc0046ac6739c61ced5524b87,137,-0.3514313749050084,0.01
3,2,all_strict,side_informed,laplace,uniform,20.0,retention_nonnegative,0.0001,c987b1318e20fe8cc28abf40debc2ea1db6e17e61f72f092d3a4599fd1096ada,fc687aad360b6c733966d894db1efe52b00260f37902183b62e02aa67d6d635c,137,-0.34805291705588587,0.01
3,2,all_strict,side_informed,laplace,uniform,20.0,retention_nonnegative,0.001,c987b1318e20fe8cc28abf40debc2ea1db6e17e61f72f092d3a4599fd1096ada,9fe1c7e214b06c55bdb66b233b03a6afb05777677cd75c81122be07c5a3354aa,137,-0.3348118105415888,0.01
3,2,all_strict,side_informed,laplace,uniform,20.0,retention_nonnegative,0.01,c987b1318e20fe8cc28abf40debc2ea1db6e17e61f72f092d3a4599fd1096ada,2037e78a22a80e67b41f51639f723b07d67ee15e6bafa0c26d6cd961877fe037,137,-0.328201607859126,0.01
3,2,all_strict,side_informed,laplace,uniform,20.0,retention_nonnegative,0.1,c987b1318e20fe8cc28abf40debc2ea1db6e17e61f72f092d3a4599fd1096ada,108e70a33afcfc0a9c327e35244b811701c40e31d7e6314323a198c209a47da7,137,-0.3933362068348627,0.01
3,0,all_strict,side_informed,laplace,uniform,20.0,current_only,0.0,14d4aa4637a3952a7fd3ce3da18d16eb06dcd853812d80290ec3d67e3b7cdad5,a804829dfc056ba92efa6a22a863c6cccc311ce4bbd9244639671d3996ca8de8,137,-0.6086342239632944,0.1
3,0,all_strict,side_informed,laplace,uniform,20.0,current_only,0.0001,14d4aa4637a3952a7fd3ce3da18d16eb06dcd853812d80290ec3d67e3b7cdad5,7f76178522c6a3dea45a959ceba6aa36bcc4ec298e393f17048a15d9dc8f6cce,137,-0.607859966631143,0.1
3,0,all_strict,side_informed,laplace,uniform,20.0,current_only,0.001,14d4aa4637a3952a7fd3ce3da18d16eb06dcd853812d80290ec3d67e3b7cdad5,ee2fd979c2c170905fa79e66dd1cd97195a2c1d0fd6bc8af77994deeb2ae06e6,137,-0.601441126164024,0.1
3,0,all_strict,side_informed,laplace,uniform,20.0,current_only,0.01,14d4aa4637a3952a7fd3ce3da18d16eb06dcd853812d80290ec3d67e3b7cdad5,b83921f909a9cc4ead37f9762902a42c18fdbda5cf428113fc477b1083cee59e,137,-0.5647867669712567,0.1
3,0,all_strict,side_informed,laplace,uniform,20.0,current_only,0.1,14d4aa4637a3952a7fd3ce3da18d16eb06dcd853812d80290ec3d67e3b7cdad5,7841242a8b9341a029c10f88adb9aafc975b86f4a099c122c344818ce3bc333b,137,-0.5366777675848966,0.1
3,1,all_strict,side_informed,laplace,uniform,20.0,current_only,0.0,13a079af94e46f97cf9bd78dca9369cc9694a00172361b410848fb0439384c57,b7d3b30e7750a89b8dc3897c489a9d3101a3b79003b8c03a54f68fe45bdbfc60,139,-0.6086342239632944,0.1
3,1,all_strict,side_informed,laplace,uniform,20.0,current_only,0.0001,13a079af94e46f97cf9bd78dca9369cc9694a00172361b410848fb0439384c57,858a337f2dc2381f037cb78f117872d1c1df556bc899f8fccf7a47cf6de30230,139,-0.607859966631143,0.1
3,1,all_strict,side_informed,laplace,uniform,20.0,current_only,0.001,13a079af94e46f97cf9bd78dca9369cc9694a00172361b410848fb0439384c57,442afe36ea730cc4055d1c1f9b322e794786b9431277dcbc8a78e199eb9eea01,139,-0.601441126164024,0.1
3,1,all_strict,side_informed,laplace,uniform,20.0,current_only,0.01,13a079af94e46f97cf9bd78dca9369cc9694a00172361b410848fb0439384c57,071ff60bcb1fd58f4887bcd060113c640c81a2a8582494f3c479c85aeeb10d2d,139,-0.5647867669712567,0.1
3,1,all_strict,side_informed,laplace,uniform,20.0,current_only,0.1,13a079af94e46f97cf9bd78dca9369cc9694a00172361b410848fb0439384c57,5c693f7ee2e7bdc9d87846d2e06e398a7520417807c9bd2b5655761bcaeea32c,139,-0.5366777675848966,0.1
3,2,all_strict,side_informed,laplace,uniform,20.0,current_only,0.0,c987b1318e20fe8cc28abf40debc2ea1db6e17e61f72f092d3a4599fd1096ada,378a4683c7f3e7cd6608f1049bcd139411e21601f00432a6ba85084fe9ce0e63,137,-0.6086342239632944,0.1
3,2,all_strict,side_informed,laplace,uniform,20.0,current_only,0.0001,c987b1318e20fe8cc28abf40debc2ea1db6e17e61f72f092d3a4599fd1096ada,cc1844adcf750b7a20834e10046937dbc2d42d01804534a4a69a97b485ecfea8,137,-0.607859966631143,0.1
3,2,all_strict,side_informed,laplace,uniform,20.0,current_only,0.001,c987b1318e20fe8cc28abf40debc2ea1db6e17e61f72f092d3a4599fd1096ada,da8be16fd59bc3b2213d8a5f3ecb9571099eb3f284a0a9d2e471b60925e3994f,137,-0.601441126164024,0.1
3,2,all_strict,side_informed,laplace,uniform,20.0,current_only,0.01,c987b1318e20fe8cc28abf40debc2ea1db6e17e61f72f092d3a4599fd1096ada,afa7780d89c71771e7e8bdfecd3349d69273362595025b493853e0e2bef587df,137,-0.5647867669712567,0.1
3,2,all_strict,side_informed,laplace,uniform,20.0,current_only,0.1,c987b1318e20fe8cc28abf40debc2ea1db6e17e61f72f092d3a4599fd1096ada,1ba31b1caccfe53d8382f4972e0b35b9c4409a1762bcf9a4a6c5e73eb738f4e3,137,-0.5366777675848966,0.1
3,0,all_strict,side_informed,laplace,uniform,20.0,input_plus_surface,0.0,14d4aa4637a3952a7fd3ce3da18d16eb06dcd853812d80290ec3d67e3b7cdad5,f41a56c42d22e99aadb96ae9a9643d704c640ad2476cafbb7009f05a7f99def3,137,-0.3272157653843809,0.01
3,0,all_strict,side_informed,laplace,uniform,20.0,input_plus_surface,0.0001,14d4aa4637a3952a7fd3ce3da18d16eb06dcd853812d80290ec3d67e3b7cdad5,e9b3519ef3dc5d9ecbb7f67a4be1c958ffb9655970035f8dd35118cec4670a11,137,-0.3248183986261132,0.01
3,0,all_strict,side_informed,laplace,uniform,20.0,input_plus_surface,0.001,14d4aa4637a3952a7fd3ce3da18d16eb06dcd853812d80290ec3d67e3b7cdad5,6e9fad617f0a05aebb1c1c10ff4d0173d8ee3c093fab3d6b82d3ff2f1be11cde,137,-0.31205186529552975,0.01
3,0,all_strict,side_informed,laplace,uniform,20.0,input_plus_surface,0.01,14d4aa4637a3952a7fd3ce3da18d16eb06dcd853812d80290ec3d67e3b7cdad5,d503744df1ba4ce18af4e9c0bfcb613c09bdf174bfa7e220f703052ee541e934,137,-0.2921654203770306,0.01
3,0,all_strict,side_informed,laplace,uniform,20.0,input_plus_surface,0.1,14d4aa4637a3952a7fd3ce3da18d16eb06dcd853812d80290ec3d67e3b7cdad5,96a32c37012d543d6faa0b5bed25aa95c65ed1021d25ecfa7185232150fe8392,137,-0.3513092559386344,0.01
3,1,all_strict,side_informed,laplace,uniform,20.0,input_plus_surface,0.0,13a079af94e46f97cf9bd78dca9369cc9694a00172361b410848fb0439384c57,c163a22e042bd7ce5af8131d47307e47772ad67b86e5336f925a9cb014792658,139,-0.3272157653843809,0.01
3,1,all_strict,side_informed,laplace,uniform,20.0,input_plus_surface,0.0001,13a079af94e46f97cf9bd78dca9369cc9694a00172361b410848fb0439384c57,58d884016eb11f31712854c948618eb5960996e7ca5853d843b77c0b7a069aea,139,-0.3248183986261132,0.01
3,1,all_strict,side_informed,laplace,uniform,20.0,input_plus_surface,0.001,13a079af94e46f97cf9bd78dca9369cc9694a00172361b410848fb0439384c57,1bdcfd69f8bb497fb0f13dd3e1eeabbfa83e1360aeea0ca964e25d4fdcd3a3a8,139,-0.31205186529552975,0.01
3,1,all_strict,side_informed,laplace,uniform,20.0,input_plus_surface,0.01,13a079af94e46f97cf9bd78dca9369cc9694a00172361b410848fb0439384c57,58f9b303a48528c03e1051f2c0b51da93163fcc52be7328c3c62df2ff6567cac,139,-0.2921654203770306,0.01
3,1,all_strict,side_informed,laplace,uniform,20.0,input_plus_surface,0.1,13a079af94e46f97cf9bd78dca9369cc9694a00172361b410848fb0439384c57,4934954e6d5ca3a9b82380c19c9c77d65dac53efaf68fd476d261fca40237b24,139,-0.3513092559386344,0.01
3,2,all_strict,side_informed,laplace,uniform,20.0,input_plus_surface,0.0,c987b1318e20fe8cc28abf40debc2ea1db6e17e61f72f092d3a4599fd1096ada,f97ea3d43c65c16a3ee7c6e453d3b4ae6cb38cb94653973970efc7f43da5061c,137,-0.3272157653843809,0.01
3,2,all_strict,side_informed,laplace,uniform,20.0,input_plus_surface,0.0001,c987b1318e20fe8cc28abf40debc2ea1db6e17e61f72f092d3a4599fd1096ada,82f6c9cf5ee271c96aa2bc4eca3ce94730dc11e454d02d5cacb87f827a84f827,137,-0.3248183986261132,0.01
3,2,all_strict,side_informed,laplace,uniform,20.0,input_plus_surface,0.001,c987b1318e20fe8cc28abf40debc2ea1db6e17e61f72f092d3a4599fd1096ada,8133f1acb58be8d20fdb63e0863e545146a2c84ee1f86cedbcb06b6f5b89039d,137,-0.31205186529552975,0.01
3,2,all_strict,side_informed,laplace,uniform,20.0,input_plus_surface,0.01,c987b1318e20fe8cc28abf40debc2ea1db6e17e61f72f092d3a4599fd1096ada,fa6c737c981e36e37cd769f8dbbe9e5f31f29f989daf0a19fd1db3f0726e59af,137,-0.2921654203770306,0.01
3,2,all_strict,side_informed,laplace,uniform,20.0,input_plus_surface,0.1,c987b1318e20fe8cc28abf40debc2ea1db6e17e61f72f092d3a4599fd1096ada,bce31fa3c1fb35f92faf2a3f762359303221b44d41462b6ff6f95c67c43e98c8,137,-0.3513092559386344,0.01
3,0,all_strict,side_informed,laplace,uniform,20.0,HU_plus_surface,0.0,14d4aa4637a3952a7fd3ce3da18d16eb06dcd853812d80290ec3d67e3b7cdad5,492bb9e31544fab685ca913ff5d7ce8fe01fd68025b56958082759d3b100fe47,137,-0.30079923171845274,0.01
3,0,all_strict,side_informed,laplace,uniform,20.0,HU_plus_surface,0.0001,14d4aa4637a3952a7fd3ce3da18d16eb06dcd853812d80290ec3d67e3b7cdad5,8dca49758d41d9e25892be8d6c8804b9e19d3da330a17afa893a8337ec607509,137,-0.29859777435066237,0.01
3,0,all_strict,side_informed,laplace,uniform,20.0,HU_plus_surface,0.001,14d4aa4637a3952a7fd3ce3da18d16eb06dcd853812d80290ec3d67e3b7cdad5,321e5d83124269aea8a2819c2af495641c4433b19ffb3e6620006f4333331951,137,-0.2871906237499527,0.01
3,0,all_strict,side_informed,laplace,uniform,20.0,HU_plus_surface,0.01,14d4aa4637a3952a7fd3ce3da18d16eb06dcd853812d80290ec3d67e3b7cdad5,ba6cebadc2c2216a16937ed11aba3b29781be2b8b47b3f6c6d6d5a4673910127,137,-0.2729586281817888,0.01
3,0,all_strict,side_informed,laplace,uniform,20.0,HU_plus_surface,0.1,14d4aa4637a3952a7fd3ce3da18d16eb06dcd853812d80290ec3d67e3b7cdad5,ee6aef1c039c813020a1d1ae974fa3cc1c4fb7888a9bf7e9ca0f455d39185b22,137,-0.3414098955924699,0.01
3,1,all_strict,side_informed,laplace,uniform,20.0,HU_plus_surface,0.0,13a079af94e46f97cf9bd78dca9369cc9694a00172361b410848fb0439384c57,ae2b5b07cfb784bc811fdd63d7ea9b26e97e6104a63136e4143df25e8ee0da13,139,-0.30079923171845274,0.01
3,1,all_strict,side_informed,laplace,uniform,20.0,HU_plus_surface,0.0001,13a079af94e46f97cf9bd78dca9369cc9694a00172361b410848fb0439384c57,1fe968ba97977932f33417978a14eeb0867155c169442df13af08b3a517f1300,139,-0.29859777435066237,0.01
3,1,all_strict,side_informed,laplace,uniform,20.0,HU_plus_surface,0.001,13a079af94e46f97cf9bd78dca9369cc9694a00172361b410848fb0439384c57,b9d7380315ca443ef8144c76b840f9c211e2f0c54e843f8315f1f4c799df27ca,139,-0.2871906237499527,0.01
3,1,all_strict,side_informed,laplace,uniform,20.0,HU_plus_surface,0.01,13a079af94e46f97cf9bd78dca9369cc9694a00172361b410848fb0439384c57,7080f2fc78006ddbb520a733fc032c4ee62bdf288ee49298fa72937c781b5c89,139,-0.2729586281817888,0.01
3,1,all_strict,side_informed,laplace,uniform,20.0,HU_plus_surface,0.1,13a079af94e46f97cf9bd78dca9369cc9694a00172361b410848fb0439384c57,a03d6fc6513dbf4eea047fea88389b7a24c9f5b0c6968cee97a1251a6492a0bc,139,-0.3414098955924699,0.01
3,2,all_strict,side_informed,laplace,uniform,20.0,HU_plus_surface,0.0,c987b1318e20fe8cc28abf40debc2ea1db6e17e61f72f092d3a4599fd1096ada,13e9b649efbd8aebd3d3c0603b2307154257ccce4026c8ff80ac52d90c8938c3,137,-0.30079923171845274,0.01
3,2,all_strict,side_informed,laplace,uniform,20.0,HU_plus_surface,0.0001,c987b1318e20fe8cc28abf40debc2ea1db6e17e61f72f092d3a4599fd1096ada,67035363265f9f42dacc1c01ab6d36e912d7dcec50a9ef911f001f1f93431139,137,-0.29859777435066237,0.01
3,2,all_strict,side_informed,laplace,uniform,20.0,HU_plus_surface,0.001,c987b1318e20fe8cc28abf40debc2ea1db6e17e61f72f092d3a4599fd1096ada,957b6943d1fd18b9261bd5b04689761dc15bce1d1fc4ff82344211a6d0da2390,137,-0.2871906237499527,0.01
3,2,all_strict,side_informed,laplace,uniform,20.0,HU_plus_surface,0.01,c987b1318e20fe8cc28abf40debc2ea1db6e17e61f72f092d3a4599fd1096ada,c2e9e941674b133edc81907ccb0708f0725d144a41b1c4399bcbaab544f48fac,137,-0.2729586281817888,0.01
3,2,all_strict,side_informed,laplace,uniform,20.0,HU_plus_surface,0.1,c987b1318e20fe8cc28abf40debc2ea1db6e17e61f72f092d3a4599fd1096ada,7b24794271e6bcec2645703f83035458087940488dbb99bac87c28192464e918,137,-0.3414098955924699,0.01
3,0,all_strict,side_informed,laplace,uniform,20.0,retention_bounded_plus_HU,0.0,14d4aa4637a3952a7fd3ce3da18d16eb06dcd853812d80290ec3d67e3b7cdad5,aaac5210e5dcfa766a935584528b9762c08032e50c416748da8249d24ad6623b,137,-0.31036184213798496,0.01
3,0,all_strict,side_informed,laplace,uniform,20.0,retention_bounded_plus_HU,0.0001,14d4aa4637a3952a7fd3ce3da18d16eb06dcd853812d80290ec3d67e3b7cdad5,1968a4a5e337563a7216949b02737db6fa69cea5eff222d4c7c8241b2f0fb387,137,-0.30944783170085055,0.01
3,0,all_strict,side_informed,laplace,uniform,20.0,retention_bounded_plus_HU,0.001,14d4aa4637a3952a7fd3ce3da18d16eb06dcd853812d80290ec3d67e3b7cdad5,7cb2273c265dc9424067f48cb464fcd6345e1d2d23bcb7e74ab0cd9a7e6deec5,137,-0.30356402807379507,0.01
3,0,all_strict,side_informed,laplace,uniform,20.0,retention_bounded_plus_HU,0.01,14d4aa4637a3952a7fd3ce3da18d16eb06dcd853812d80290ec3d67e3b7cdad5,ca7813383d9bc167636d966fef4850cddaade406fb171d77fc8d36de9a5362b9,137,-0.28538592902649706,0.01
3,0,all_strict,side_informed,laplace,uniform,20.0,retention_bounded_plus_HU,0.1,14d4aa4637a3952a7fd3ce3da18d16eb06dcd853812d80290ec3d67e3b7cdad5,066c9dca322f0d0599baa99a11147ff4bcf86afa29b2c7a4535965972deeb347,137,-0.30539908218935186,0.01
3,1,all_strict,side_informed,laplace,uniform,20.0,retention_bounded_plus_HU,0.0,13a079af94e46f97cf9bd78dca9369cc9694a00172361b410848fb0439384c57,dc1f11f7dc5b8b5cec7066e5cd80b23b8a379ab236191d81e8d0dfc77faf6df4,139,-0.31036184213798496,0.01
3,1,all_strict,side_informed,laplace,uniform,20.0,retention_bounded_plus_HU,0.0001,13a079af94e46f97cf9bd78dca9369cc9694a00172361b410848fb0439384c57,faabeea4c0bc9989fe2d683c67551ed1c599d4ee135faada604ebfc3ff13eb7a,139,-0.30944783170085055,0.01
3,1,all_strict,side_informed,laplace,uniform,20.0,retention_bounded_plus_HU,0.001,13a079af94e46f97cf9bd78dca9369cc9694a00172361b410848fb0439384c57,35844b6e6301b894a4be2a24328e5d10398b8c5bb6e328b70fe2960c3132922a,139,-0.30356402807379507,0.01
3,1,all_strict,side_informed,laplace,uniform,20.0,retention_bounded_plus_HU,0.01,13a079af94e46f97cf9bd78dca9369cc9694a00172361b410848fb0439384c57,aa3a0d0d6300b6eae4f966bdee2a71bb4f24556b678c3764932bb273f54f4246,139,-0.28538592902649706,0.01
3,1,all_strict,side_informed,laplace,uniform,20.0,retention_bounded_plus_HU,0.1,13a079af94e46f97cf9bd78dca9369cc9694a00172361b410848fb0439384c57,38bbd1a65902c24003c5c74047a96142c6ec412835738ff9425d3e41a51cad6c,139,-0.30539908218935186,0.01
3,2,all_strict,side_informed,laplace,uniform,20.0,retention_bounded_plus_HU,0.0,c987b1318e20fe8cc28abf40debc2ea1db6e17e61f72f092d3a4599fd1096ada,d67b99273574a5da799e8a0fd96e292a167f6dfff7278fc3e1c9919f061fbecd,137,-0.31036184213798496,0.01
3,2,all_strict,side_informed,laplace,uniform,20.0,retention_bounded_plus_HU,0.0001,c987b1318e20fe8cc28abf40debc2ea1db6e17e61f72f092d3a4599fd1096ada,eca0d1e50456175f105caa20c475aca6a89ce25ec2bb3ee832bb72f060021f88,137,-0.30944783170085055,0.01
3,2,all_strict,side_informed,laplace,uniform,20.0,retention_bounded_plus_HU,0.001,c987b1318e20fe8cc28abf40debc2ea1db6e17e61f72f092d3a4599fd1096ada,6504f065bc27a572ce15d177bc3323900465a8cbee158238c91737b4adc2d549,137,-0.30356402807379507,0.01
3,2,all_strict,side_informed,laplace,uniform,20.0,retention_bounded_plus_HU,0.01,c987b1318e20fe8cc28abf40debc2ea1db6e17e61f72f092d3a4599fd1096ada,f6c3f948f057bcbfdcc4bb35eb4d6629aa8577a87da90b46eb77efb152c63b8d,137,-0.28538592902649706,0.01
3,2,all_strict,side_informed,laplace,uniform,20.0,retention_bounded_plus_HU,0.1,c987b1318e20fe8cc28abf40debc2ea1db6e17e61f72f092d3a4599fd1096ada,b8d75f1033239ebca7769a69372dede6a92822356205351e14135505e58886c7,137,-0.30539908218935186,0.01
3,0,all_strict,side_informed,gh80,uniform,20.0,HU_plus_surface,0.0,14d4aa4637a3952a7fd3ce3da18d16eb06dcd853812d80290ec3d67e3b7cdad5,530c111b75862233b9bdda5c185940f75ddb66c2cdf118c0a9e7842ebb3accb5,137,-0.30338253073292637,0.01
3,0,all_strict,side_informed,gh80,uniform,20.0,HU_plus_surface,0.0001,14d4aa4637a3952a7fd3ce3da18d16eb06dcd853812d80290ec3d67e3b7cdad5,e6f5a663f3350dc5e39b0197bcbd9385f3d7d0a30a456266216f9404de1bcc89,137,-0.3010374482009069,0.01
3,0,all_strict,side_informed,gh80,uniform,20.0,HU_plus_surface,0.001,14d4aa4637a3952a7fd3ce3da18d16eb06dcd853812d80290ec3d67e3b7cdad5,cab524ee4b5d0018d94813274f91a717d07b5db2cb6fa44cca456a674fd62450,137,-0.2889466469755939,0.01
3,0,all_strict,side_informed,gh80,uniform,20.0,HU_plus_surface,0.01,14d4aa4637a3952a7fd3ce3da18d16eb06dcd853812d80290ec3d67e3b7cdad5,2299a485c6c17e6441ef4b122e23ee27814704767c8974855f12021e9ff38e89,137,-0.27423124585340575,0.01
3,0,all_strict,side_informed,gh80,uniform,20.0,HU_plus_surface,0.1,14d4aa4637a3952a7fd3ce3da18d16eb06dcd853812d80290ec3d67e3b7cdad5,3e46a53bf4e5e6a1ef17b97e0eea7399b55bcda9f3a1a81edfa4295b3385e79c,137,-0.34278701525258265,0.01
3,1,all_strict,side_informed,gh80,uniform,20.0,HU_plus_surface,0.0,13a079af94e46f97cf9bd78dca9369cc9694a00172361b410848fb0439384c57,15c36305736768bd021da46701d2c97b569911ec62ac935b856a30144ebb5990,139,-0.30338253073292637,0.01
3,1,all_strict,side_informed,gh80,uniform,20.0,HU_plus_surface,0.0001,13a079af94e46f97cf9bd78dca9369cc9694a00172361b410848fb0439384c57,02f134adf08cbc3f76c49d2fcf2240954294b283255dd0a17b6ab2b165bb25d6,139,-0.3010374482009069,0.01
3,1,all_strict,side_informed,gh80,uniform,20.0,HU_plus_surface,0.001,13a079af94e46f97cf9bd78dca9369cc9694a00172361b410848fb0439384c57,9d3b4ee9e8c27992d6190a78fdcf14decfc10e2dcd511a97de584f502f2370b9,139,-0.2889466469755939,0.01
3,1,all_strict,side_informed,gh80,uniform,20.0,HU_plus_surface,0.01,13a079af94e46f97cf9bd78dca9369cc9694a00172361b410848fb0439384c57,7401d55bf65fa58dafc4161704fabd9b4aae6061413e31a35f91c9ab88338d88,139,-0.27423124585340575,0.01
3,1,all_strict,side_informed,gh80,uniform,20.0,HU_plus_surface,0.1,13a079af94e46f97cf9bd78dca9369cc9694a00172361b410848fb0439384c57,9cfa9882994836c15dc6c715668ee79792b1efb4063021bd394972828e22a02b,139,-0.34278701525258265,0.01
3,2,all_strict,side_informed,gh80,uniform,20.0,HU_plus_surface,0.0,c987b1318e20fe8cc28abf40debc2ea1db6e17e61f72f092d3a4599fd1096ada,e5f028e117cfd327332493c56dfc954952617760fb8f13c603023547b18be2c3,137,-0.30338253073292637,0.01
3,2,all_strict,side_informed,gh80,uniform,20.0,HU_plus_surface,0.0001,c987b1318e20fe8cc28abf40debc2ea1db6e17e61f72f092d3a4599fd1096ada,5146e9bd84b0a181e24ad3c59c466e940c9d6c852e9bdde5b8949046428c17c3,137,-0.3010374482009069,0.01
3,2,all_strict,side_informed,gh80,uniform,20.0,HU_plus_surface,0.001,c987b1318e20fe8cc28abf40debc2ea1db6e17e61f72f092d3a4599fd1096ada,0c1aeec7ef446199a6030683dc536cd9028cf21cd18499b2d75a33bbd3548c4f,137,-0.2889466469755939,0.01
3,2,all_strict,side_informed,gh80,uniform,20.0,HU_plus_surface,0.01,c987b1318e20fe8cc28abf40debc2ea1db6e17e61f72f092d3a4599fd1096ada,ececa3ffc4e3b183e1317177000ce19601e145aeb5767f99b5b62bc29a4d9b2b,137,-0.27423124585340575,0.01
3,2,all_strict,side_informed,gh80,uniform,20.0,HU_plus_surface,0.1,c987b1318e20fe8cc28abf40debc2ea1db6e17e61f72f092d3a4599fd1096ada,ee9565e56e7f78f198fbf65f66f2efeb684fc2860843a0f5cb05c9374e7031b3,137,-0.34278701525258265,0.01
3,0,all_strict,side_informed,gh80,uniform,20.0,retention_bounded_plus_HU,0.0,14d4aa4637a3952a7fd3ce3da18d16eb06dcd853812d80290ec3d67e3b7cdad5,325355918fde00e4c3288b0180a9e3ebd0dac7fa9244cb9cd1ab044ae2a44b0d,137,-0.31568927851908835,0.01
3,0,all_strict,side_informed,gh80,uniform,20.0,retention_bounded_plus_HU,0.0001,14d4aa4637a3952a7fd3ce3da18d16eb06dcd853812d80290ec3d67e3b7cdad5,99c55180437430cf207489f5b1a02ede024be69d80c5e847653847f5f866979a,137,-0.31467321963226286,0.01
3,0,all_strict,side_informed,gh80,uniform,20.0,retention_bounded_plus_HU,0.001,14d4aa4637a3952a7fd3ce3da18d16eb06dcd853812d80290ec3d67e3b7cdad5,4efd8587231fb702fa146325b75b762946bdd616811a9c13ca258e3431e00a1d,137,-0.30835145549223153,0.01
3,0,all_strict,side_informed,gh80,uniform,20.0,retention_bounded_plus_HU,0.01,14d4aa4637a3952a7fd3ce3da18d16eb06dcd853812d80290ec3d67e3b7cdad5,846d239e131687377a826c6a4cfe17764172eb92e1a451234a02229af842366a,137,-0.28915287379806504,0.01
3,0,all_strict,side_informed,gh80,uniform,20.0,retention_bounded_plus_HU,0.1,14d4aa4637a3952a7fd3ce3da18d16eb06dcd853812d80290ec3d67e3b7cdad5,b506abc4e66f1e055c1f127e20ac9b2ed05a9a262586aa916838643665464551,137,-0.3074276459692802,0.01
3,1,all_strict,side_informed,gh80,uniform,20.0,retention_bounded_plus_HU,0.0,13a079af94e46f97cf9bd78dca9369cc9694a00172361b410848fb0439384c57,61f706463dbb45808d75f24062fdb38c47371f8de7d96a356040fe7a17b3ebd6,139,-0.31568927851908835,0.01
3,1,all_strict,side_informed,gh80,uniform,20.0,retention_bounded_plus_HU,0.0001,13a079af94e46f97cf9bd78dca9369cc9694a00172361b410848fb0439384c57,ad57004f1f17053b5ba524acab40118f83f3121a608b1e34ce524d3a0648845d,139,-0.31467321963226286,0.01
3,1,all_strict,side_informed,gh80,uniform,20.0,retention_bounded_plus_HU,0.001,13a079af94e46f97cf9bd78dca9369cc9694a00172361b410848fb0439384c57,b2df9b6d5a8ed355599318d50e8ae10e472f220977650181c97f0728a88ddacd,139,-0.30835145549223153,0.01
3,1,all_strict,side_informed,gh80,uniform,20.0,retention_bounded_plus_HU,0.01,13a079af94e46f97cf9bd78dca9369cc9694a00172361b410848fb0439384c57,266c81f037dcf95b4fb37c3cd7bdf16a5a31745f8929eafd5f2a15709550bfa6,139,-0.28915287379806504,0.01
3,1,all_strict,side_informed,gh80,uniform,20.0,retention_bounded_plus_HU,0.1,13a079af94e46f97cf9bd78dca9369cc9694a00172361b410848fb0439384c57,c81ab049b3974e593853c5bcbc930386cb1351292a4897fa66389ae24225ed68,139,-0.3074276459692802,0.01
3,2,all_strict,side_informed,gh80,uniform,20.0,retention_bounded_plus_HU,0.0,c987b1318e20fe8cc28abf40debc2ea1db6e17e61f72f092d3a4599fd1096ada,e0066269181462598f1b1b78dd9afaaed4d9c6c10ec86dccb152b8a5a99d8855,137,-0.31568927851908835,0.01
3,2,all_strict,side_informed,gh80,uniform,20.0,retention_bounded_plus_HU,0.0001,c987b1318e20fe8cc28abf40debc2ea1db6e17e61f72f092d3a4599fd1096ada,1635b74879e64926aa45a4c3a0b9931c2ff702f47ef59f74fb113f5d4e0cfaef,137,-0.31467321963226286,0.01
3,2,all_strict,side_informed,gh80,uniform,20.0,retention_bounded_plus_HU,0.001,c987b1318e20fe8cc28abf40debc2ea1db6e17e61f72f092d3a4599fd1096ada,448ab05db574c005f268c662632f300dd640010458b6c2263e4787948a91e498,137,-0.30835145549223153,0.01
3,2,all_strict,side_informed,gh80,uniform,20.0,retention_bounded_plus_HU,0.01,c987b1318e20fe8cc28abf40debc2ea1db6e17e61f72f092d3a4599fd1096ada,adec4e617b122370be3a2675f6a99dda08c41cfdc53afe40651eba6063df00a5,137,-0.28915287379806504,0.01
3,2,all_strict,side_informed,gh80,uniform,20.0,retention_bounded_plus_HU,0.1,c987b1318e20fe8cc28abf40debc2ea1db6e17e61f72f092d3a4599fd1096ada,574670bb0e6e5ee4b053041ea4e1a58416ab0a69a0bc630cd56ae40436f4c6a1,137,-0.3074276459692802,0.01
3,0,all_strict,wholly_unseen,laplace,uniform,20.0,retention_bounded,0.0,14d4aa4637a3952a7fd3ce3da18d16eb06dcd853812d80290ec3d67e3b7cdad5,8f3c997b8200be8a95fa6eb57c67b4ed755de9986fcd0a67e1c4f2fb2ba39390,137,-0.7213895149429707,0.01
3,0,all_strict,wholly_unseen,laplace,uniform,20.0,retention_bounded,0.0001,14d4aa4637a3952a7fd3ce3da18d16eb06dcd853812d80290ec3d67e3b7cdad5,f26ec0a327a40961b23ca4825684a9fd05017838041a90ff373047ccd53d0a1e,137,-0.7170863667940227,0.01
3,0,all_strict,wholly_unseen,laplace,uniform,20.0,retention_bounded,0.001,14d4aa4637a3952a7fd3ce3da18d16eb06dcd853812d80290ec3d67e3b7cdad5,49d1881a1124473e6e782a3a483807f2a2dbffc0bd209ba398d685f56b857850,137,-0.6883994396167009,0.01
3,0,all_strict,wholly_unseen,laplace,uniform,20.0,retention_bounded,0.01,14d4aa4637a3952a7fd3ce3da18d16eb06dcd853812d80290ec3d67e3b7cdad5,3d5df83832533c5b53212579489245fe13ecdfe409df0f6fcac464617557e8a9,137,-0.6141055793925341,0.01
3,0,all_strict,wholly_unseen,laplace,uniform,20.0,retention_bounded,0.1,14d4aa4637a3952a7fd3ce3da18d16eb06dcd853812d80290ec3d67e3b7cdad5,b52cac2b7826faf726a9d8423c235df6ed91eeaf348a8636b3dbd34148c691ec,137,-0.6220391219868971,0.01
3,1,all_strict,wholly_unseen,laplace,uniform,20.0,retention_bounded,0.0,13a079af94e46f97cf9bd78dca9369cc9694a00172361b410848fb0439384c57,d8803fb47adf67d37ff8f355224ee9f91f87ae7edf1494a088a0a87beed4c6f0,139,-0.7213895149429707,0.01
3,1,all_strict,wholly_unseen,laplace,uniform,20.0,retention_bounded,0.0001,13a079af94e46f97cf9bd78dca9369cc9694a00172361b410848fb0439384c57,9bc3fe014f206cd0667d29b6df2979ba07a3a2f5fc607152779c92b59e0529c7,139,-0.7170863667940227,0.01
3,1,all_strict,wholly_unseen,laplace,uniform,20.0,retention_bounded,0.001,13a079af94e46f97cf9bd78dca9369cc9694a00172361b410848fb0439384c57,d69c79d5a5d9cc96d541c4591c6eb4f032bb00a39ca5eeb0a1c7b1300b6065e7,139,-0.6883994396167009,0.01
3,1,all_strict,wholly_unseen,laplace,uniform,20.0,retention_bounded,0.01,13a079af94e46f97cf9bd78dca9369cc9694a00172361b410848fb0439384c57,cf8ec261377dcc8cc5017a8e7cd9ce806639b8ca4386b0b897529cf39c5791c0,139,-0.6141055793925341,0.01
3,1,all_strict,wholly_unseen,laplace,uniform,20.0,retention_bounded,0.1,13a079af94e46f97cf9bd78dca9369cc9694a00172361b410848fb0439384c57,4a5aa2b39b2f1b5ba479b811ba65575f1fcfc5a603604e20735c61da7792be57,139,-0.6220391219868971,0.01
3,2,all_strict,wholly_unseen,laplace,uniform,20.0,retention_bounded,0.0,c987b1318e20fe8cc28abf40debc2ea1db6e17e61f72f092d3a4599fd1096ada,a1657a39223e32c6206c6322e5fd6ac3f2b7b133b3f57e50e1b8959ff8bc002b,137,-0.7213895149429707,0.01
3,2,all_strict,wholly_unseen,laplace,uniform,20.0,retention_bounded,0.0001,c987b1318e20fe8cc28abf40debc2ea1db6e17e61f72f092d3a4599fd1096ada,eecda5e14578ac91d60e458af4353610ce064703aa5ee503523a881caaa15f72,137,-0.7170863667940227,0.01
3,2,all_strict,wholly_unseen,laplace,uniform,20.0,retention_bounded,0.001,c987b1318e20fe8cc28abf40debc2ea1db6e17e61f72f092d3a4599fd1096ada,a80e5f894bc09d161dc218413a9ee6cc9a0762855ff0f8b81013642d66a480f1,137,-0.6883994396167009,0.01
3,2,all_strict,wholly_unseen,laplace,uniform,20.0,retention_bounded,0.01,c987b1318e20fe8cc28abf40debc2ea1db6e17e61f72f092d3a4599fd1096ada,e99da101c5b7c346ef0e270e59b34924753d4962a655dcdd4fffb749f26e6bec,137,-0.6141055793925341,0.01
3,2,all_strict,wholly_unseen,laplace,uniform,20.0,retention_bounded,0.1,c987b1318e20fe8cc28abf40debc2ea1db6e17e61f72f092d3a4599fd1096ada,a47aafc3034caa9d2502c659b6c4eb65260f1caf72946ecc1fa383a47f06bf97,137,-0.6220391219868971,0.01
3,0,all_strict,wholly_unseen,laplace,uniform,20.0,retention_nonnegative,0.0,14d4aa4637a3952a7fd3ce3da18d16eb06dcd853812d80290ec3d67e3b7cdad5,1c30f7092af534f3adb8e2807c0c1e4357c13ac133025dd6a127a9a86c83ec9c,137,-0.7213895158855399,0.01
3,0,all_strict,wholly_unseen,laplace,uniform,20.0,retention_nonnegative,0.0001,14d4aa4637a3952a7fd3ce3da18d16eb06dcd853812d80290ec3d67e3b7cdad5,b41e070e0240417688012bbe2140f19a6ed5675eccb283600a331de51b68d625,137,-0.7083637791442977,0.01
3,0,all_strict,wholly_unseen,laplace,uniform,20.0,retention_nonnegative,0.001,14d4aa4637a3952a7fd3ce3da18d16eb06dcd853812d80290ec3d67e3b7cdad5,6c2a64544f70c9a23ffa034a90bcc23a0a2965291353b68624fa30f344a149ed,137,-0.647796414716879,0.01
3,0,all_strict,wholly_unseen,laplace,uniform,20.0,retention_nonnegative,0.01,14d4aa4637a3952a7fd3ce3da18d16eb06dcd853812d80290ec3d67e3b7cdad5,5ab9a13e4268043714f45242333a3e38f800bb9d70a7f21244b12e6a69ed3a37,137,-0.6124712954638883,0.01
3,0,all_strict,wholly_unseen,laplace,uniform,20.0,retention_nonnegative,0.1,14d4aa4637a3952a7fd3ce3da18d16eb06dcd853812d80290ec3d67e3b7cdad5,9239858cab8c8a36e4f174285e76cc54d712a7089e5927f26aad7c6a67cb4bf2,137,-0.6883900711789341,0.01
3,1,all_strict,wholly_unseen,laplace,uniform,20.0,retention_nonnegative,0.0,13a079af94e46f97cf9bd78dca9369cc9694a00172361b410848fb0439384c57,b1f9e6e80d913c252861a540e7ed12f0915d103d47115b5985db35169d99db63,139,-0.7213895158855399,0.01
3,1,all_strict,wholly_unseen,laplace,uniform,20.0,retention_nonnegative,0.0001,13a079af94e46f97cf9bd78dca9369cc9694a00172361b410848fb0439384c57,2966697f5eeaf19ac2fd1a2f4f150e47f093b0c317d4747236de3ddb2b89246e,139,-0.7083637791442977,0.01
3,1,all_strict,wholly_unseen,laplace,uniform,20.0,retention_nonnegative,0.001,13a079af94e46f97cf9bd78dca9369cc9694a00172361b410848fb0439384c57,1253be93b4ca8b953d24a4d2966dd25eb9762a9e26c12b1b063cedcf49c8fadf,139,-0.647796414716879,0.01
3,1,all_strict,wholly_unseen,laplace,uniform,20.0,retention_nonnegative,0.01,13a079af94e46f97cf9bd78dca9369cc9694a00172361b410848fb0439384c57,bd296e84fbd84b6e501c1f1ca2b078df496e22a09a678fb80bcd7638c90cfa36,139,-0.6124712954638883,0.01
3,1,all_strict,wholly_unseen,laplace,uniform,20.0,retention_nonnegative,0.1,13a079af94e46f97cf9bd78dca9369cc9694a00172361b410848fb0439384c57,c69ff1ecf6c79d34e4cf749ebb19f25217021a4ce536fef94674e552125777d2,139,-0.6883900711789341,0.01
3,2,all_strict,wholly_unseen,laplace,uniform,20.0,retention_nonnegative,0.0,c987b1318e20fe8cc28abf40debc2ea1db6e17e61f72f092d3a4599fd1096ada,da03cd36dea2a84c229f737addebe6d2eaa31dcfc0046ac6739c61ced5524b87,137,-0.7213895158855399,0.01
3,2,all_strict,wholly_unseen,laplace,uniform,20.0,retention_nonnegative,0.0001,c987b1318e20fe8cc28abf40debc2ea1db6e17e61f72f092d3a4599fd1096ada,fc687aad360b6c733966d894db1efe52b00260f37902183b62e02aa67d6d635c,137,-0.7083637791442977,0.01
3,2,all_strict,wholly_unseen,laplace,uniform,20.0,retention_nonnegative,0.001,c987b1318e20fe8cc28abf40debc2ea1db6e17e61f72f092d3a4599fd1096ada,9fe1c7e214b06c55bdb66b233b03a6afb05777677cd75c81122be07c5a3354aa,137,-0.647796414716879,0.01
3,2,all_strict,wholly_unseen,laplace,uniform,20.0,retention_nonnegative,0.01,c987b1318e20fe8cc28abf40debc2ea1db6e17e61f72f092d3a4599fd1096ada,2037e78a22a80e67b41f51639f723b07d67ee15e6bafa0c26d6cd961877fe037,137,-0.6124712954638883,0.01
3,2,all_strict,wholly_unseen,laplace,uniform,20.0,retention_nonnegative,0.1,c987b1318e20fe8cc28abf40debc2ea1db6e17e61f72f092d3a4599fd1096ada,108e70a33afcfc0a9c327e35244b811701c40e31d7e6314323a198c209a47da7,137,-0.6883900711789341,0.01
3,0,all_strict,wholly_unseen,laplace,uniform,20.0,current_only,0.0,14d4aa4637a3952a7fd3ce3da18d16eb06dcd853812d80290ec3d67e3b7cdad5,a804829dfc056ba92efa6a22a863c6cccc311ce4bbd9244639671d3996ca8de8,137,-0.9041342792180012,0.1
3,0,all_strict,wholly_unseen,laplace,uniform,20.0,current_only,0.0001,14d4aa4637a3952a7fd3ce3da18d16eb06dcd853812d80290ec3d67e3b7cdad5,7f76178522c6a3dea45a959ceba6aa36bcc4ec298e393f17048a15d9dc8f6cce,137,-0.9033600218858495,0.1
3,0,all_strict,wholly_unseen,laplace,uniform,20.0,current_only,0.001,14d4aa4637a3952a7fd3ce3da18d16eb06dcd853812d80290ec3d67e3b7cdad5,ee2fd979c2c170905fa79e66dd1cd97195a2c1d0fd6bc8af77994deeb2ae06e6,137,-0.8969411814187308,0.1
3,0,all_strict,wholly_unseen,laplace,uniform,20.0,current_only,0.01,14d4aa4637a3952a7fd3ce3da18d16eb06dcd853812d80290ec3d67e3b7cdad5,b83921f909a9cc4ead37f9762902a42c18fdbda5cf428113fc477b1083cee59e,137,-0.8602868222259634,0.1
3,0,all_strict,wholly_unseen,laplace,uniform,20.0,current_only,0.1,14d4aa4637a3952a7fd3ce3da18d16eb06dcd853812d80290ec3d67e3b7cdad5,7841242a8b9341a029c10f88adb9aafc975b86f4a099c122c344818ce3bc333b,137,-0.8321778228396032,0.1
3,1,all_strict,wholly_unseen,laplace,uniform,20.0,current_only,0.0,13a079af94e46f97cf9bd78dca9369cc9694a00172361b410848fb0439384c57,b7d3b30e7750a89b8dc3897c489a9d3101a3b79003b8c03a54f68fe45bdbfc60,139,-0.9041342792180012,0.1
3,1,all_strict,wholly_unseen,laplace,uniform,20.0,current_only,0.0001,13a079af94e46f97cf9bd78dca9369cc9694a00172361b410848fb0439384c57,858a337f2dc2381f037cb78f117872d1c1df556bc899f8fccf7a47cf6de30230,139,-0.9033600218858495,0.1
3,1,all_strict,wholly_unseen,laplace,uniform,20.0,current_only,0.001,13a079af94e46f97cf9bd78dca9369cc9694a00172361b410848fb0439384c57,442afe36ea730cc4055d1c1f9b322e794786b9431277dcbc8a78e199eb9eea01,139,-0.8969411814187308,0.1
3,1,all_strict,wholly_unseen,laplace,uniform,20.0,current_only,0.01,13a079af94e46f97cf9bd78dca9369cc9694a00172361b410848fb0439384c57,071ff60bcb1fd58f4887bcd060113c640c81a2a8582494f3c479c85aeeb10d2d,139,-0.8602868222259634,0.1
3,1,all_strict,wholly_unseen,laplace,uniform,20.0,current_only,0.1,13a079af94e46f97cf9bd78dca9369cc9694a00172361b410848fb0439384c57,5c693f7ee2e7bdc9d87846d2e06e398a7520417807c9bd2b5655761bcaeea32c,139,-0.8321778228396032,0.1
3,2,all_strict,wholly_unseen,laplace,uniform,20.0,current_only,0.0,c987b1318e20fe8cc28abf40debc2ea1db6e17e61f72f092d3a4599fd1096ada,378a4683c7f3e7cd6608f1049bcd139411e21601f00432a6ba85084fe9ce0e63,137,-0.9041342792180012,0.1
3,2,all_strict,wholly_unseen,laplace,uniform,20.0,current_only,0.0001,c987b1318e20fe8cc28abf40debc2ea1db6e17e61f72f092d3a4599fd1096ada,cc1844adcf750b7a20834e10046937dbc2d42d01804534a4a69a97b485ecfea8,137,-0.9033600218858495,0.1
3,2,all_strict,wholly_unseen,laplace,uniform,20.0,current_only,0.001,c987b1318e20fe8cc28abf40debc2ea1db6e17e61f72f092d3a4599fd1096ada,da8be16fd59bc3b2213d8a5f3ecb9571099eb3f284a0a9d2e471b60925e3994f,137,-0.8969411814187308,0.1
3,2,all_strict,wholly_unseen,laplace,uniform,20.0,current_only,0.01,c987b1318e20fe8cc28abf40debc2ea1db6e17e61f72f092d3a4599fd1096ada,afa7780d89c71771e7e8bdfecd3349d69273362595025b493853e0e2bef587df,137,-0.8602868222259634,0.1
3,2,all_strict,wholly_unseen,laplace,uniform,20.0,current_only,0.1,c987b1318e20fe8cc28abf40debc2ea1db6e17e61f72f092d3a4599fd1096ada,1ba31b1caccfe53d8382f4972e0b35b9c4409a1762bcf9a4a6c5e73eb738f4e3,137,-0.8321778228396032,0.1
3,0,all_strict,wholly_unseen,laplace,uniform,20.0,input_plus_surface,0.0,14d4aa4637a3952a7fd3ce3da18d16eb06dcd853812d80290ec3d67e3b7cdad5,f41a56c42d22e99aadb96ae9a9643d704c640ad2476cafbb7009f05a7f99def3,137,-0.6380876332075067,0.01
3,0,all_strict,wholly_unseen,laplace,uniform,20.0,input_plus_surface,0.0001,14d4aa4637a3952a7fd3ce3da18d16eb06dcd853812d80290ec3d67e3b7cdad5,e9b3519ef3dc5d9ecbb7f67a4be1c958ffb9655970035f8dd35118cec4670a11,137,-0.633660326020752,0.01
3,0,all_strict,wholly_unseen,laplace,uniform,20.0,input_plus_surface,0.001,14d4aa4637a3952a7fd3ce3da18d16eb06dcd853812d80290ec3d67e3b7cdad5,6e9fad617f0a05aebb1c1c10ff4d0173d8ee3c093fab3d6b82d3ff2f1be11cde,137,-0.6116529848190091,0.01
3,0,all_strict,wholly_unseen,laplace,uniform,20.0,input_plus_surface,0.01,14d4aa4637a3952a7fd3ce3da18d16eb06dcd853812d80290ec3d67e3b7cdad5,d503744df1ba4ce18af4e9c0bfcb613c09bdf174bfa7e220f703052ee541e934,137,-0.5786653157920737,0.01
3,0,all_strict,wholly_unseen,laplace,uniform,20.0,input_plus_surface,0.1,14d4aa4637a3952a7fd3ce3da18d16eb06dcd853812d80290ec3d67e3b7cdad5,96a32c37012d543d6faa0b5bed25aa95c65ed1021d25ecfa7185232150fe8392,137,-0.6371975178685869,0.01
3,1,all_strict,wholly_unseen,laplace,uniform,20.0,input_plus_surface,0.0,13a079af94e46f97cf9bd78dca9369cc9694a00172361b410848fb0439384c57,c163a22e042bd7ce5af8131d47307e47772ad67b86e5336f925a9cb014792658,139,-0.6380876332075067,0.01
3,1,all_strict,wholly_unseen,laplace,uniform,20.0,input_plus_surface,0.0001,13a079af94e46f97cf9bd78dca9369cc9694a00172361b410848fb0439384c57,58d884016eb11f31712854c948618eb5960996e7ca5853d843b77c0b7a069aea,139,-0.633660326020752,0.01
3,1,all_strict,wholly_unseen,laplace,uniform,20.0,input_plus_surface,0.001,13a079af94e46f97cf9bd78dca9369cc9694a00172361b410848fb0439384c57,1bdcfd69f8bb497fb0f13dd3e1eeabbfa83e1360aeea0ca964e25d4fdcd3a3a8,139,-0.6116529848190091,0.01
3,1,all_strict,wholly_unseen,laplace,uniform,20.0,input_plus_surface,0.01,13a079af94e46f97cf9bd78dca9369cc9694a00172361b410848fb0439384c57,58f9b303a48528c03e1051f2c0b51da93163fcc52be7328c3c62df2ff6567cac,139,-0.5786653157920737,0.01
3,1,all_strict,wholly_unseen,laplace,uniform,20.0,input_plus_surface,0.1,13a079af94e46f97cf9bd78dca9369cc9694a00172361b410848fb0439384c57,4934954e6d5ca3a9b82380c19c9c77d65dac53efaf68fd476d261fca40237b24,139,-0.6371975178685869,0.01
3,2,all_strict,wholly_unseen,laplace,uniform,20.0,input_plus_surface,0.0,c987b1318e20fe8cc28abf40debc2ea1db6e17e61f72f092d3a4599fd1096ada,f97ea3d43c65c16a3ee7c6e453d3b4ae6cb38cb94653973970efc7f43da5061c,137,-0.6380876332075067,0.01
3,2,all_strict,wholly_unseen,laplace,uniform,20.0,input_plus_surface,0.0001,c987b1318e20fe8cc28abf40debc2ea1db6e17e61f72f092d3a4599fd1096ada,82f6c9cf5ee271c96aa2bc4eca3ce94730dc11e454d02d5cacb87f827a84f827,137,-0.633660326020752,0.01
3,2,all_strict,wholly_unseen,laplace,uniform,20.0,input_plus_surface,0.001,c987b1318e20fe8cc28abf40debc2ea1db6e17e61f72f092d3a4599fd1096ada,8133f1acb58be8d20fdb63e0863e545146a2c84ee1f86cedbcb06b6f5b89039d,137,-0.6116529848190091,0.01
3,2,all_strict,wholly_unseen,laplace,uniform,20.0,input_plus_surface,0.01,c987b1318e20fe8cc28abf40debc2ea1db6e17e61f72f092d3a4599fd1096ada,fa6c737c981e36e37cd769f8dbbe9e5f31f29f989daf0a19fd1db3f0726e59af,137,-0.5786653157920737,0.01
3,2,all_strict,wholly_unseen,laplace,uniform,20.0,input_plus_surface,0.1,c987b1318e20fe8cc28abf40debc2ea1db6e17e61f72f092d3a4599fd1096ada,bce31fa3c1fb35f92faf2a3f762359303221b44d41462b6ff6f95c67c43e98c8,137,-0.6371975178685869,0.01
3,0,all_strict,wholly_unseen,laplace,uniform,20.0,HU_plus_surface,0.0,14d4aa4637a3952a7fd3ce3da18d16eb06dcd853812d80290ec3d67e3b7cdad5,492bb9e31544fab685ca913ff5d7ce8fe01fd68025b56958082759d3b100fe47,137,-0.5966466554770615,0.01
3,0,all_strict,wholly_unseen,laplace,uniform,20.0,HU_plus_surface,0.0001,14d4aa4637a3952a7fd3ce3da18d16eb06dcd853812d80290ec3d67e3b7cdad5,8dca49758d41d9e25892be8d6c8804b9e19d3da330a17afa893a8337ec607509,137,-0.5929790703519217,0.01
3,0,all_strict,wholly_unseen,laplace,uniform,20.0,HU_plus_surface,0.001,14d4aa4637a3952a7fd3ce3da18d16eb06dcd853812d80290ec3d67e3b7cdad5,321e5d83124269aea8a2819c2af495641c4433b19ffb3e6620006f4333331951,137,-0.5752440842039059,0.01
3,0,all_strict,wholly_unseen,laplace,uniform,20.0,HU_plus_surface,0.01,14d4aa4637a3952a7fd3ce3da18d16eb06dcd853812d80290ec3d67e3b7cdad5,ba6cebadc2c2216a16937ed11aba3b29781be2b8b47b3f6c6d6d5a4673910127,137,-0.5531595766832486,0.01
3,0,all_strict,wholly_unseen,laplace,uniform,20.0,HU_plus_surface,0.1,14d4aa4637a3952a7fd3ce3da18d16eb06dcd853812d80290ec3d67e3b7cdad5,ee6aef1c039c813020a1d1ae974fa3cc1c4fb7888a9bf7e9ca0f455d39185b22,137,-0.6245977886666766,0.01
3,1,all_strict,wholly_unseen,laplace,uniform,20.0,HU_plus_surface,0.0,13a079af94e46f97cf9bd78dca9369cc9694a00172361b410848fb0439384c57,ae2b5b07cfb784bc811fdd63d7ea9b26e97e6104a63136e4143df25e8ee0da13,139,-0.5966466554770615,0.01
3,1,all_strict,wholly_unseen,laplace,uniform,20.0,HU_plus_surface,0.0001,13a079af94e46f97cf9bd78dca9369cc9694a00172361b410848fb0439384c57,1fe968ba97977932f33417978a14eeb0867155c169442df13af08b3a517f1300,139,-0.5929790703519217,0.01
3,1,all_strict,wholly_unseen,laplace,uniform,20.0,HU_plus_surface,0.001,13a079af94e46f97cf9bd78dca9369cc9694a00172361b410848fb0439384c57,b9d7380315ca443ef8144c76b840f9c211e2f0c54e843f8315f1f4c799df27ca,139,-0.5752440842039059,0.01
3,1,all_strict,wholly_unseen,laplace,uniform,20.0,HU_plus_surface,0.01,13a079af94e46f97cf9bd78dca9369cc9694a00172361b410848fb0439384c57,7080f2fc78006ddbb520a733fc032c4ee62bdf288ee49298fa72937c781b5c89,139,-0.5531595766832486,0.01
3,1,all_strict,wholly_unseen,laplace,uniform,20.0,HU_plus_surface,0.1,13a079af94e46f97cf9bd78dca9369cc9694a00172361b410848fb0439384c57,a03d6fc6513dbf4eea047fea88389b7a24c9f5b0c6968cee97a1251a6492a0bc,139,-0.6245977886666766,0.01
3,2,all_strict,wholly_unseen,laplace,uniform,20.0,HU_plus_surface,0.0,c987b1318e20fe8cc28abf40debc2ea1db6e17e61f72f092d3a4599fd1096ada,13e9b649efbd8aebd3d3c0603b2307154257ccce4026c8ff80ac52d90c8938c3,137,-0.5966466554770615,0.01
3,2,all_strict,wholly_unseen,laplace,uniform,20.0,HU_plus_surface,0.0001,c987b1318e20fe8cc28abf40debc2ea1db6e17e61f72f092d3a4599fd1096ada,67035363265f9f42dacc1c01ab6d36e912d7dcec50a9ef911f001f1f93431139,137,-0.5929790703519217,0.01
3,2,all_strict,wholly_unseen,laplace,uniform,20.0,HU_plus_surface,0.001,c987b1318e20fe8cc28abf40debc2ea1db6e17e61f72f092d3a4599fd1096ada,957b6943d1fd18b9261bd5b04689761dc15bce1d1fc4ff82344211a6d0da2390,137,-0.5752440842039059,0.01
3,2,all_strict,wholly_unseen,laplace,uniform,20.0,HU_plus_surface,0.01,c987b1318e20fe8cc28abf40debc2ea1db6e17e61f72f092d3a4599fd1096ada,c2e9e941674b133edc81907ccb0708f0725d144a41b1c4399bcbaab544f48fac,137,-0.5531595766832486,0.01
3,2,all_strict,wholly_unseen,laplace,uniform,20.0,HU_plus_surface,0.1,c987b1318e20fe8cc28abf40debc2ea1db6e17e61f72f092d3a4599fd1096ada,7b24794271e6bcec2645703f83035458087940488dbb99bac87c28192464e918,137,-0.6245977886666766,0.01
3,0,all_strict,wholly_unseen,laplace,uniform,20.0,retention_bounded_plus_HU,0.0,14d4aa4637a3952a7fd3ce3da18d16eb06dcd853812d80290ec3d67e3b7cdad5,aaac5210e5dcfa766a935584528b9762c08032e50c416748da8249d24ad6623b,137,-0.6440431428651993,0.01
3,0,all_strict,wholly_unseen,laplace,uniform,20.0,retention_bounded_plus_HU,0.0001,14d4aa4637a3952a7fd3ce3da18d16eb06dcd853812d80290ec3d67e3b7cdad5,1968a4a5e337563a7216949b02737db6fa69cea5eff222d4c7c8241b2f0fb387,137,-0.6401883119881575,0.01
3,0,all_strict,wholly_unseen,laplace,uniform,20.0,retention_bounded_plus_HU,0.001,14d4aa4637a3952a7fd3ce3da18d16eb06dcd853812d80290ec3d67e3b7cdad5,7cb2273c265dc9424067f48cb464fcd6345e1d2d23bcb7e74ab0cd9a7e6deec5,137,-0.6175929002826162,0.01
3,0,all_strict,wholly_unseen,laplace,uniform,20.0,retention_bounded_plus_HU,0.01,14d4aa4637a3952a7fd3ce3da18d16eb06dcd853812d80290ec3d67e3b7cdad5,ca7813383d9bc167636d966fef4850cddaade406fb171d77fc8d36de9a5362b9,137,-0.5718783216449246,0.01
3,0,all_strict,wholly_unseen,laplace,uniform,20.0,retention_bounded_plus_HU,0.1,14d4aa4637a3952a7fd3ce3da18d16eb06dcd853812d80290ec3d67e3b7cdad5,066c9dca322f0d0599baa99a11147ff4bcf86afa29b2c7a4535965972deeb347,137,-0.5867809061814018,0.01
3,1,all_strict,wholly_unseen,laplace,uniform,20.0,retention_bounded_plus_HU,0.0,13a079af94e46f97cf9bd78dca9369cc9694a00172361b410848fb0439384c57,dc1f11f7dc5b8b5cec7066e5cd80b23b8a379ab236191d81e8d0dfc77faf6df4,139,-0.6440431428651993,0.01
3,1,all_strict,wholly_unseen,laplace,uniform,20.0,retention_bounded_plus_HU,0.0001,13a079af94e46f97cf9bd78dca9369cc9694a00172361b410848fb0439384c57,faabeea4c0bc9989fe2d683c67551ed1c599d4ee135faada604ebfc3ff13eb7a,139,-0.6401883119881575,0.01
3,1,all_strict,wholly_unseen,laplace,uniform,20.0,retention_bounded_plus_HU,0.001,13a079af94e46f97cf9bd78dca9369cc9694a00172361b410848fb0439384c57,35844b6e6301b894a4be2a24328e5d10398b8c5bb6e328b70fe2960c3132922a,139,-0.6175929002826162,0.01
3,1,all_strict,wholly_unseen,laplace,uniform,20.0,retention_bounded_plus_HU,0.01,13a079af94e46f97cf9bd78dca9369cc9694a00172361b410848fb0439384c57,aa3a0d0d6300b6eae4f966bdee2a71bb4f24556b678c3764932bb273f54f4246,139,-0.5718783216449246,0.01
3,1,all_strict,wholly_unseen,laplace,uniform,20.0,retention_bounded_plus_HU,0.1,13a079af94e46f97cf9bd78dca9369cc9694a00172361b410848fb0439384c57,38bbd1a65902c24003c5c74047a96142c6ec412835738ff9425d3e41a51cad6c,139,-0.5867809061814018,0.01
3,2,all_strict,wholly_unseen,laplace,uniform,20.0,retention_bounded_plus_HU,0.0,c987b1318e20fe8cc28abf40debc2ea1db6e17e61f72f092d3a4599fd1096ada,d67b99273574a5da799e8a0fd96e292a167f6dfff7278fc3e1c9919f061fbecd,137,-0.6440431428651993,0.01
3,2,all_strict,wholly_unseen,laplace,uniform,20.0,retention_bounded_plus_HU,0.0001,c987b1318e20fe8cc28abf40debc2ea1db6e17e61f72f092d3a4599fd1096ada,eca0d1e50456175f105caa20c475aca6a89ce25ec2bb3ee832bb72f060021f88,137,-0.6401883119881575,0.01
3,2,all_strict,wholly_unseen,laplace,uniform,20.0,retention_bounded_plus_HU,0.001,c987b1318e20fe8cc28abf40debc2ea1db6e17e61f72f092d3a4599fd1096ada,6504f065bc27a572ce15d177bc3323900465a8cbee158238c91737b4adc2d549,137,-0.6175929002826162,0.01
3,2,all_strict,wholly_unseen,laplace,uniform,20.0,retention_bounded_plus_HU,0.01,c987b1318e20fe8cc28abf40debc2ea1db6e17e61f72f092d3a4599fd1096ada,f6c3f948f057bcbfdcc4bb35eb4d6629aa8577a87da90b46eb77efb152c63b8d,137,-0.5718783216449246,0.01
3,2,all_strict,wholly_unseen,laplace,uniform,20.0,retention_bounded_plus_HU,0.1,c987b1318e20fe8cc28abf40debc2ea1db6e17e61f72f092d3a4599fd1096ada,b8d75f1033239ebca7769a69372dede6a92822356205351e14135505e58886c7,137,-0.5867809061814018,0.01
3,0,all_strict,wholly_unseen,gh80,uniform,20.0,HU_plus_surface,0.0,14d4aa4637a3952a7fd3ce3da18d16eb06dcd853812d80290ec3d67e3b7cdad5,530c111b75862233b9bdda5c185940f75ddb66c2cdf118c0a9e7842ebb3accb5,137,-0.5894740454657221,0.01
3,0,all_strict,wholly_unseen,gh80,uniform,20.0,HU_plus_surface,0.0001,14d4aa4637a3952a7fd3ce3da18d16eb06dcd853812d80290ec3d67e3b7cdad5,e6f5a663f3350dc5e39b0197bcbd9385f3d7d0a30a456266216f9404de1bcc89,137,-0.5862061249119462,0.01
3,0,all_strict,wholly_unseen,gh80,uniform,20.0,HU_plus_surface,0.001,14d4aa4637a3952a7fd3ce3da18d16eb06dcd853812d80290ec3d67e3b7cdad5,cab524ee4b5d0018d94813274f91a717d07b5db2cb6fa44cca456a674fd62450,137,-0.5702069250660681,0.01
3,0,all_strict,wholly_unseen,gh80,uniform,20.0,HU_plus_surface,0.01,14d4aa4637a3952a7fd3ce3da18d16eb06dcd853812d80290ec3d67e3b7cdad5,2299a485c6c17e6441ef4b122e23ee27814704767c8974855f12021e9ff38e89,137,-0.5513016609011245,0.01
3,0,all_strict,wholly_unseen,gh80,uniform,20.0,HU_plus_surface,0.1,14d4aa4637a3952a7fd3ce3da18d16eb06dcd853812d80290ec3d67e3b7cdad5,3e46a53bf4e5e6a1ef17b97e0eea7399b55bcda9f3a1a81edfa4295b3385e79c,137,-0.6254087274706679,0.01
3,1,all_strict,wholly_unseen,gh80,uniform,20.0,HU_plus_surface,0.0,13a079af94e46f97cf9bd78dca9369cc9694a00172361b410848fb0439384c57,15c36305736768bd021da46701d2c97b569911ec62ac935b856a30144ebb5990,139,-0.5894740454657221,0.01
3,1,all_strict,wholly_unseen,gh80,uniform,20.0,HU_plus_surface,0.0001,13a079af94e46f97cf9bd78dca9369cc9694a00172361b410848fb0439384c57,02f134adf08cbc3f76c49d2fcf2240954294b283255dd0a17b6ab2b165bb25d6,139,-0.5862061249119462,0.01
3,1,all_strict,wholly_unseen,gh80,uniform,20.0,HU_plus_surface,0.001,13a079af94e46f97cf9bd78dca9369cc9694a00172361b410848fb0439384c57,9d3b4ee9e8c27992d6190a78fdcf14decfc10e2dcd511a97de584f502f2370b9,139,-0.5702069250660681,0.01
3,1,all_strict,wholly_unseen,gh80,uniform,20.0,HU_plus_surface,0.01,13a079af94e46f97cf9bd78dca9369cc9694a00172361b410848fb0439384c57,7401d55bf65fa58dafc4161704fabd9b4aae6061413e31a35f91c9ab88338d88,139,-0.5513016609011245,0.01
3,1,all_strict,wholly_unseen,gh80,uniform,20.0,HU_plus_surface,0.1,13a079af94e46f97cf9bd78dca9369cc9694a00172361b410848fb0439384c57,9cfa9882994836c15dc6c715668ee79792b1efb4063021bd394972828e22a02b,139,-0.6254087274706679,0.01
3,2,all_strict,wholly_unseen,gh80,uniform,20.0,HU_plus_surface,0.0,c987b1318e20fe8cc28abf40debc2ea1db6e17e61f72f092d3a4599fd1096ada,e5f028e117cfd327332493c56dfc954952617760fb8f13c603023547b18be2c3,137,-0.5894740454657221,0.01
3,2,all_strict,wholly_unseen,gh80,uniform,20.0,HU_plus_surface,0.0001,c987b1318e20fe8cc28abf40debc2ea1db6e17e61f72f092d3a4599fd1096ada,5146e9bd84b0a181e24ad3c59c466e940c9d6c852e9bdde5b8949046428c17c3,137,-0.5862061249119462,0.01
3,2,all_strict,wholly_unseen,gh80,uniform,20.0,HU_plus_surface,0.001,c987b1318e20fe8cc28abf40debc2ea1db6e17e61f72f092d3a4599fd1096ada,0c1aeec7ef446199a6030683dc536cd9028cf21cd18499b2d75a33bbd3548c4f,137,-0.5702069250660681,0.01
3,2,all_strict,wholly_unseen,gh80,uniform,20.0,HU_plus_surface,0.01,c987b1318e20fe8cc28abf40debc2ea1db6e17e61f72f092d3a4599fd1096ada,ececa3ffc4e3b183e1317177000ce19601e145aeb5767f99b5b62bc29a4d9b2b,137,-0.5513016609011245,0.01
3,2,all_strict,wholly_unseen,gh80,uniform,20.0,HU_plus_surface,0.1,c987b1318e20fe8cc28abf40debc2ea1db6e17e61f72f092d3a4599fd1096ada,ee9565e56e7f78f198fbf65f66f2efeb684fc2860843a0f5cb05c9374e7031b3,137,-0.6254087274706679,0.01
3,0,all_strict,wholly_unseen,gh80,uniform,20.0,retention_bounded_plus_HU,0.0,14d4aa4637a3952a7fd3ce3da18d16eb06dcd853812d80290ec3d67e3b7cdad5,325355918fde00e4c3288b0180a9e3ebd0dac7fa9244cb9cd1ab044ae2a44b0d,137,-0.6477769056963537,0.01
3,0,all_strict,wholly_unseen,gh80,uniform,20.0,retention_bounded_plus_HU,0.0001,14d4aa4637a3952a7fd3ce3da18d16eb06dcd853812d80290ec3d67e3b7cdad5,99c55180437430cf207489f5b1a02ede024be69d80c5e847653847f5f866979a,137,-0.6445627686189107,0.01
3,0,all_strict,wholly_unseen,gh80,uniform,20.0,retention_bounded_plus_HU,0.001,14d4aa4637a3952a7fd3ce3da18d16eb06dcd853812d80290ec3d67e3b7cdad5,4efd8587231fb702fa146325b75b762946bdd616811a9c13ca258e3431e00a1d,137,-0.6243819663872606,0.01
3,0,all_strict,wholly_unseen,gh80,uniform,20.0,retention_bounded_plus_HU,0.01,14d4aa4637a3952a7fd3ce3da18d16eb06dcd853812d80290ec3d67e3b7cdad5,846d239e131687377a826c6a4cfe17764172eb92e1a451234a02229af842366a,137,-0.5783321238387983,0.01
3,0,all_strict,wholly_unseen,gh80,uniform,20.0,retention_bounded_plus_HU,0.1,14d4aa4637a3952a7fd3ce3da18d16eb06dcd853812d80290ec3d67e3b7cdad5,b506abc4e66f1e055c1f127e20ac9b2ed05a9a262586aa916838643665464551,137,-0.5901024118376953,0.01
3,1,all_strict,wholly_unseen,gh80,uniform,20.0,retention_bounded_plus_HU,0.0,13a079af94e46f97cf9bd78dca9369cc9694a00172361b410848fb0439384c57,61f706463dbb45808d75f24062fdb38c47371f8de7d96a356040fe7a17b3ebd6,139,-0.6477769056963537,0.01
3,1,all_strict,wholly_unseen,gh80,uniform,20.0,retention_bounded_plus_HU,0.0001,13a079af94e46f97cf9bd78dca9369cc9694a00172361b410848fb0439384c57,ad57004f1f17053b5ba524acab40118f83f3121a608b1e34ce524d3a0648845d,139,-0.6445627686189107,0.01
3,1,all_strict,wholly_unseen,gh80,uniform,20.0,retention_bounded_plus_HU,0.001,13a079af94e46f97cf9bd78dca9369cc9694a00172361b410848fb0439384c57,b2df9b6d5a8ed355599318d50e8ae10e472f220977650181c97f0728a88ddacd,139,-0.6243819663872606,0.01
3,1,all_strict,wholly_unseen,gh80,uniform,20.0,retention_bounded_plus_HU,0.01,13a079af94e46f97cf9bd78dca9369cc9694a00172361b410848fb0439384c57,266c81f037dcf95b4fb37c3cd7bdf16a5a31745f8929eafd5f2a15709550bfa6,139,-0.5783321238387983,0.01
3,1,all_strict,wholly_unseen,gh80,uniform,20.0,retention_bounded_plus_HU,0.1,13a079af94e46f97cf9bd78dca9369cc9694a00172361b410848fb0439384c57,c81ab049b3974e593853c5bcbc930386cb1351292a4897fa66389ae24225ed68,139,-0.5901024118376953,0.01
3,2,all_strict,wholly_unseen,gh80,uniform,20.0,retention_bounded_plus_HU,0.0,c987b1318e20fe8cc28abf40debc2ea1db6e17e61f72f092d3a4599fd1096ada,e0066269181462598f1b1b78dd9afaaed4d9c6c10ec86dccb152b8a5a99d8855,137,-0.6477769056963537,0.01
3,2,all_strict,wholly_unseen,gh80,uniform,20.0,retention_bounded_plus_HU,0.0001,c987b1318e20fe8cc28abf40debc2ea1db6e17e61f72f092d3a4599fd1096ada,1635b74879e64926aa45a4c3a0b9931c2ff702f47ef59f74fb113f5d4e0cfaef,137,-0.6445627686189107,0.01
3,2,all_strict,wholly_unseen,gh80,uniform,20.0,retention_bounded_plus_HU,0.001,c987b1318e20fe8cc28abf40debc2ea1db6e17e61f72f092d3a4599fd1096ada,448ab05db574c005f268c662632f300dd640010458b6c2263e4787948a91e498,137,-0.6243819663872606,0.01
3,2,all_strict,wholly_unseen,gh80,uniform,20.0,retention_bounded_plus_HU,0.01,c987b1318e20fe8cc28abf40debc2ea1db6e17e61f72f092d3a4599fd1096ada,adec4e617b122370be3a2675f6a99dda08c41cfdc53afe40651eba6063df00a5,137,-0.5783321238387983,0.01
3,2,all_strict,wholly_unseen,gh80,uniform,20.0,retention_bounded_plus_HU,0.1,c987b1318e20fe8cc28abf40debc2ea1db6e17e61f72f092d3a4599fd1096ada,574670bb0e6e5ee4b053041ea4e1a58416ab0a69a0bc630cd56ae40436f4c6a1,137,-0.5901024118376953,0.01
3,0,all_agreeing_offsets,side_informed,laplace,uniform,20.0,retention_bounded,0.0,14d4aa4637a3952a7fd3ce3da18d16eb06dcd853812d80290ec3d67e3b7cdad5,464d621ee7d16b0fd0d98f274470c70a1d34cf07a6414a39be6f35dd8a507d58,137,-0.32231416865455187,0.01
3,0,all_agreeing_offsets,side_informed,laplace,uniform,20.0,retention_bounded,0.0001,14d4aa4637a3952a7fd3ce3da18d16eb06dcd853812d80290ec3d67e3b7cdad5,f8501591c5c682618d7fe5ef3c53ffae590d83dd7c3af91b414ae50f757e5507,137,-0.3207723911592743,0.01
3,0,all_agreeing_offsets,side_informed,laplace,uniform,20.0,retention_bounded,0.001,14d4aa4637a3952a7fd3ce3da18d16eb06dcd853812d80290ec3d67e3b7cdad5,5d25a657fd376e03e27ca9fbef3114a31bafdc12252ab627f59e892ac9f5a7e0,137,-0.3109276080237759,0.01
3,0,all_agreeing_offsets,side_informed,laplace,uniform,20.0,retention_bounded,0.01,14d4aa4637a3952a7fd3ce3da18d16eb06dcd853812d80290ec3d67e3b7cdad5,cd0ba1e3c1bbfaa90d475fade7d16792d73f99e9c49d1fc712353e9143b32e85,137,-0.28861739932158154,0.01
3,0,all_agreeing_offsets,side_informed,laplace,uniform,20.0,retention_bounded,0.1,14d4aa4637a3952a7fd3ce3da18d16eb06dcd853812d80290ec3d67e3b7cdad5,fbcda11e258d3c30299a48f615682a9709c03ee5410a8b95b7a3fee7b1780b3a,137,-0.3305044097391962,0.01
3,1,all_agreeing_offsets,side_informed,laplace,uniform,20.0,retention_bounded,0.0,13a079af94e46f97cf9bd78dca9369cc9694a00172361b410848fb0439384c57,cba4ce61ad276ca77f9a31ce66e0c8ee1a190e5dac56fc812a36446de82fd251,139,-0.32231416865455187,0.01
3,1,all_agreeing_offsets,side_informed,laplace,uniform,20.0,retention_bounded,0.0001,13a079af94e46f97cf9bd78dca9369cc9694a00172361b410848fb0439384c57,2a51859e9d3d032ecdad9bc64054c7121e96879a3a8d019c8a691e7c07bcdd04,139,-0.3207723911592743,0.01
3,1,all_agreeing_offsets,side_informed,laplace,uniform,20.0,retention_bounded,0.001,13a079af94e46f97cf9bd78dca9369cc9694a00172361b410848fb0439384c57,6425b002497792ecdec4d1ec3af78fc12c28be7f8613d9fbd126652117426d77,139,-0.3109276080237759,0.01
3,1,all_agreeing_offsets,side_informed,laplace,uniform,20.0,retention_bounded,0.01,13a079af94e46f97cf9bd78dca9369cc9694a00172361b410848fb0439384c57,f1d42e534c06124c03d03573144b5c1715cf74ddd79ee17be5a6348c3b99fe10,139,-0.28861739932158154,0.01
3,1,all_agreeing_offsets,side_informed,laplace,uniform,20.0,retention_bounded,0.1,13a079af94e46f97cf9bd78dca9369cc9694a00172361b410848fb0439384c57,635854f60a74e524bdcc7377b688e46265be8f321df21a380dc37e4fba68774d,139,-0.3305044097391962,0.01
3,2,all_agreeing_offsets,side_informed,laplace,uniform,20.0,retention_bounded,0.0,c987b1318e20fe8cc28abf40debc2ea1db6e17e61f72f092d3a4599fd1096ada,aabb82d0f34150401be299a279f3d068b74345cf88beaeda87589e1a56a0a9aa,137,-0.32231416865455187,0.01
3,2,all_agreeing_offsets,side_informed,laplace,uniform,20.0,retention_bounded,0.0001,c987b1318e20fe8cc28abf40debc2ea1db6e17e61f72f092d3a4599fd1096ada,1eeb87f8fb75547198befb125d4bac097c59741baa8a3a7692079c988b2fd706,137,-0.3207723911592743,0.01
3,2,all_agreeing_offsets,side_informed,laplace,uniform,20.0,retention_bounded,0.001,c987b1318e20fe8cc28abf40debc2ea1db6e17e61f72f092d3a4599fd1096ada,186e9cc95a5a1c6e219ce8cb015c3347b1675fd3e266042c68433c5283da79b9,137,-0.3109276080237759,0.01
3,2,all_agreeing_offsets,side_informed,laplace,uniform,20.0,retention_bounded,0.01,c987b1318e20fe8cc28abf40debc2ea1db6e17e61f72f092d3a4599fd1096ada,1163661667ff4e6364978bf285d4de59a23e9edf5207e6c9fdbf6aef3db1c6d4,137,-0.28861739932158154,0.01
3,2,all_agreeing_offsets,side_informed,laplace,uniform,20.0,retention_bounded,0.1,c987b1318e20fe8cc28abf40debc2ea1db6e17e61f72f092d3a4599fd1096ada,3d6a83582c30a7a3f8f2996c9bd5837a888d5516d3f026dfa04811420ce6afe7,137,-0.3305044097391962,0.01
3,0,all_agreeing_offsets,side_informed,laplace,uniform,20.0,retention_nonnegative,0.0,14d4aa4637a3952a7fd3ce3da18d16eb06dcd853812d80290ec3d67e3b7cdad5,d2b189f32df5f62eb641eb359aef207514751d281c629455336065604be27e33,137,-0.32231416684044295,0.001
3,0,all_agreeing_offsets,side_informed,laplace,uniform,20.0,retention_nonnegative,0.0001,14d4aa4637a3952a7fd3ce3da18d16eb06dcd853812d80290ec3d67e3b7cdad5,b0fcd6d2d5cdd7e21f13844053f8cccad24c4479f607da8e4518af82841ee824,137,-0.3189658403505058,0.001
3,0,all_agreeing_offsets,side_informed,laplace,uniform,20.0,retention_nonnegative,0.001,14d4aa4637a3952a7fd3ce3da18d16eb06dcd853812d80290ec3d67e3b7cdad5,b66acb3a30b20af8e5d77a6380d237911395a81cf24ae03b639fd1d42c73ec7d,137,-0.3092455006610775,0.001
3,0,all_agreeing_offsets,side_informed,laplace,uniform,20.0,retention_nonnegative,0.01,14d4aa4637a3952a7fd3ce3da18d16eb06dcd853812d80290ec3d67e3b7cdad5,2a02ed5c19eea26a501e33470008ddbd7ce4e20fc2c7bf4429aa731f98ccbf34,137,-0.3190666954007305,0.001
3,0,all_agreeing_offsets,side_informed,laplace,uniform,20.0,retention_nonnegative,0.1,14d4aa4637a3952a7fd3ce3da18d16eb06dcd853812d80290ec3d67e3b7cdad5,607e654abcdd753410ff0d57fd147546006cd2b3a40df178eaaaeb2b898791ca,137,-0.3945058322733269,0.001
3,1,all_agreeing_offsets,side_informed,laplace,uniform,20.0,retention_nonnegative,0.0,13a079af94e46f97cf9bd78dca9369cc9694a00172361b410848fb0439384c57,544ff16fd96d822e7e978dbb8cb52ca2c7416fd60d44bb52b99fd556a2c3baa1,139,-0.32231416684044295,0.001
3,1,all_agreeing_offsets,side_informed,laplace,uniform,20.0,retention_nonnegative,0.0001,13a079af94e46f97cf9bd78dca9369cc9694a00172361b410848fb0439384c57,17bb7bc7d9201efc6fce18ba63b6eb312e4498c8384a77217808f4a75cfcd7b3,139,-0.3189658403505058,0.001
3,1,all_agreeing_offsets,side_informed,laplace,uniform,20.0,retention_nonnegative,0.001,13a079af94e46f97cf9bd78dca9369cc9694a00172361b410848fb0439384c57,2d331c1b66a7a1fa17da05f02251e2e7ca35677a2bde85b82d88da6b7a7fa43d,139,-0.3092455006610775,0.001
3,1,all_agreeing_offsets,side_informed,laplace,uniform,20.0,retention_nonnegative,0.01,13a079af94e46f97cf9bd78dca9369cc9694a00172361b410848fb0439384c57,39aa43b59af25fa37badf3a239d4b7f43cb98c6d62e3750ba064f7e604eb4fc5,139,-0.3190666954007305,0.001
3,1,all_agreeing_offsets,side_informed,laplace,uniform,20.0,retention_nonnegative,0.1,13a079af94e46f97cf9bd78dca9369cc9694a00172361b410848fb0439384c57,18bb3a86ba7c2a227fe51fcf93a8184b79d3bc72261b0895d7306dd3af962e0b,139,-0.3945058322733269,0.001
3,2,all_agreeing_offsets,side_informed,laplace,uniform,20.0,retention_nonnegative,0.0,c987b1318e20fe8cc28abf40debc2ea1db6e17e61f72f092d3a4599fd1096ada,7ff0dc9d108ef04bb0e1af05108d6e2b2abe0e5b3a2bb7898948a68b23bdb35a,137,-0.32231416684044295,0.001
3,2,all_agreeing_offsets,side_informed,laplace,uniform,20.0,retention_nonnegative,0.0001,c987b1318e20fe8cc28abf40debc2ea1db6e17e61f72f092d3a4599fd1096ada,b2819f25d2c8f744e76c90a086d19b4c0aa81d544a247aa51f43142a9d39d28a,137,-0.3189658403505058,0.001
3,2,all_agreeing_offsets,side_informed,laplace,uniform,20.0,retention_nonnegative,0.001,c987b1318e20fe8cc28abf40debc2ea1db6e17e61f72f092d3a4599fd1096ada,20d3d5f4cf10df3323f7a19979f2153c92a284d9cf3e792a5b3aeed6827227a0,137,-0.3092455006610775,0.001
3,2,all_agreeing_offsets,side_informed,laplace,uniform,20.0,retention_nonnegative,0.01,c987b1318e20fe8cc28abf40debc2ea1db6e17e61f72f092d3a4599fd1096ada,7dcd3bbecec43df9df03a02f73f5fe9a32197d0ebb7a4bb45bfa2fc7486057a4,137,-0.3190666954007305,0.001
3,2,all_agreeing_offsets,side_informed,laplace,uniform,20.0,retention_nonnegative,0.1,c987b1318e20fe8cc28abf40debc2ea1db6e17e61f72f092d3a4599fd1096ada,74990a735f5c323f0e0fefe565f72328bd6d9738eb8867103e112f7dbda4d872,137,-0.3945058322733269,0.001
3,0,all_agreeing_offsets,side_informed,laplace,uniform,20.0,current_only,0.0,14d4aa4637a3952a7fd3ce3da18d16eb06dcd853812d80290ec3d67e3b7cdad5,46e8fa8b7dc8106484f8783a17643beb5bd2b5bf6afd9718c9dd5483214b25be,137,-0.6105141978078433,0.1
3,0,all_agreeing_offsets,side_informed,laplace,uniform,20.0,current_only,0.0001,14d4aa4637a3952a7fd3ce3da18d16eb06dcd853812d80290ec3d67e3b7cdad5,ae499eae558dd847f07768c1a09bcdcb9667eb28807dc975ef62bbe75a32aba8,137,-0.6097399404756918,0.1
3,0,all_agreeing_offsets,side_informed,laplace,uniform,20.0,current_only,0.001,14d4aa4637a3952a7fd3ce3da18d16eb06dcd853812d80290ec3d67e3b7cdad5,5409dde996e08d05321e509b2fc1eb79de585309aac71f466bd3efa5b9a6da35,137,-0.603321100008573,0.1
3,0,all_agreeing_offsets,side_informed,laplace,uniform,20.0,current_only,0.01,14d4aa4637a3952a7fd3ce3da18d16eb06dcd853812d80290ec3d67e3b7cdad5,f07bb00372ac465ca20a86ebb28ef8cbec80ef4d2152c98b6c81753bc023f245,137,-0.5666667408158055,0.1
3,0,all_agreeing_offsets,side_informed,laplace,uniform,20.0,current_only,0.1,14d4aa4637a3952a7fd3ce3da18d16eb06dcd853812d80290ec3d67e3b7cdad5,b6cf80088de744234fdd8363ecc2e09853b51e1a6637963e47b03772cb5b6b9a,137,-0.5385577414294453,0.1
3,1,all_agreeing_offsets,side_informed,laplace,uniform,20.0,current_only,0.0,13a079af94e46f97cf9bd78dca9369cc9694a00172361b410848fb0439384c57,3dfa1d49a1cb3a63b7dcb93d5d0477d83db99cfa6790ff3c70f4d572ae4194c3,139,-0.6105141978078433,0.1
3,1,all_agreeing_offsets,side_informed,laplace,uniform,20.0,current_only,0.0001,13a079af94e46f97cf9bd78dca9369cc9694a00172361b410848fb0439384c57,d3b25aee822532324b55a58de5d22ddea5ded8a9dfce01e5bb8b34c1acbb92be,139,-0.6097399404756918,0.1
3,1,all_agreeing_offsets,side_informed,laplace,uniform,20.0,current_only,0.001,13a079af94e46f97cf9bd78dca9369cc9694a00172361b410848fb0439384c57,5c3beb22cb0ed03ddb68aef2ec2e55784dc2892551656e58aafa5fceef063605,139,-0.603321100008573,0.1
3,1,all_agreeing_offsets,side_informed,laplace,uniform,20.0,current_only,0.01,13a079af94e46f97cf9bd78dca9369cc9694a00172361b410848fb0439384c57,21fc481fd32a99f5ad0c7a99f746d630c4f99248a352b8ff70ab6ccad9159d76,139,-0.5666667408158055,0.1
3,1,all_agreeing_offsets,side_informed,laplace,uniform,20.0,current_only,0.1,13a079af94e46f97cf9bd78dca9369cc9694a00172361b410848fb0439384c57,13ab8c77a962fde8ca526dedbaddbfe61f8bc5b360ee36f54b9c67098773ec39,139,-0.5385577414294453,0.1
3,2,all_agreeing_offsets,side_informed,laplace,uniform,20.0,current_only,0.0,c987b1318e20fe8cc28abf40debc2ea1db6e17e61f72f092d3a4599fd1096ada,8e336748ab1e19cb8777f51d0b07bc88cac50e7afc68cea64ad30c02545a72c0,137,-0.6105141978078433,0.1
3,2,all_agreeing_offsets,side_informed,laplace,uniform,20.0,current_only,0.0001,c987b1318e20fe8cc28abf40debc2ea1db6e17e61f72f092d3a4599fd1096ada,d3d91a5705ddaa3bbfa41709d811aac4c12357d10a93a32de5e3d82f6097eca2,137,-0.6097399404756918,0.1
3,2,all_agreeing_offsets,side_informed,laplace,uniform,20.0,current_only,0.001,c987b1318e20fe8cc28abf40debc2ea1db6e17e61f72f092d3a4599fd1096ada,c32b2674e1bbf1f2294fe561688191f42874d4cc04db4e782f09fab319a6b060,137,-0.603321100008573,0.1
3,2,all_agreeing_offsets,side_informed,laplace,uniform,20.0,current_only,0.01,c987b1318e20fe8cc28abf40debc2ea1db6e17e61f72f092d3a4599fd1096ada,bf74c514ecdf2dd56ed52fef7460a1cd4b24441b9f05f7c614c0c0178d79e448,137,-0.5666667408158055,0.1
3,2,all_agreeing_offsets,side_informed,laplace,uniform,20.0,current_only,0.1,c987b1318e20fe8cc28abf40debc2ea1db6e17e61f72f092d3a4599fd1096ada,1f000ab2a2248fa5dc37b527b2f83bb86f18413d671c539db51bceff05f0e76c,137,-0.5385577414294453,0.1
3,0,all_agreeing_offsets,side_informed,laplace,uniform,20.0,input_plus_surface,0.0,14d4aa4637a3952a7fd3ce3da18d16eb06dcd853812d80290ec3d67e3b7cdad5,ab9a49c2ff3280f84a1fc1c0947773aeb094ab612721ee84bb3c588511b3d32c,137,-0.31266879372677003,0.01
3,0,all_agreeing_offsets,side_informed,laplace,uniform,20.0,input_plus_surface,0.0001,14d4aa4637a3952a7fd3ce3da18d16eb06dcd853812d80290ec3d67e3b7cdad5,2863f2327fabe02b95abb4394167f45ec80b0f72fb9dee7ef5f43661c00474b0,137,-0.3101189078191235,0.01
3,0,all_agreeing_offsets,side_informed,laplace,uniform,20.0,input_plus_surface,0.001,14d4aa4637a3952a7fd3ce3da18d16eb06dcd853812d80290ec3d67e3b7cdad5,da3b26a462726c3bb1fc1a3257b865dcc4631b4c8ffc5f629e73c46f92dab466,137,-0.29781006403874327,0.01
3,0,all_agreeing_offsets,side_informed,laplace,uniform,20.0,input_plus_surface,0.01,14d4aa4637a3952a7fd3ce3da18d16eb06dcd853812d80290ec3d67e3b7cdad5,45fe442eab9c0e3352dee7aa492537eb045ca7f8c9b560ab76982b88f27c4074,137,-0.2826572209673517,0.01
3,0,all_agreeing_offsets,side_informed,laplace,uniform,20.0,input_plus_surface,0.1,14d4aa4637a3952a7fd3ce3da18d16eb06dcd853812d80290ec3d67e3b7cdad5,6d37a777a6cb4bf58935abe7812de8bb686b03b4fa9071250f70539d64d2f6d2,137,-0.34837417095575257,0.01
3,1,all_agreeing_offsets,side_informed,laplace,uniform,20.0,input_plus_surface,0.0,13a079af94e46f97cf9bd78dca9369cc9694a00172361b410848fb0439384c57,e3bb2a6ce1e2ad49c0b747b20f0ff73e60ba7e0449d1d70fc7389303f0c899bf,139,-0.31266879372677003,0.01
3,1,all_agreeing_offsets,side_informed,laplace,uniform,20.0,input_plus_surface,0.0001,13a079af94e46f97cf9bd78dca9369cc9694a00172361b410848fb0439384c57,a5d51bad754104873209ef46dd35942affcb0f44dea3c2c109399e0a9fe49ed5,139,-0.3101189078191235,0.01
3,1,all_agreeing_offsets,side_informed,laplace,uniform,20.0,input_plus_surface,0.001,13a079af94e46f97cf9bd78dca9369cc9694a00172361b410848fb0439384c57,107481bc2334d297788421847c9700f80b22861a38d25c4c77a2e73ffd43e10f,139,-0.29781006403874327,0.01
3,1,all_agreeing_offsets,side_informed,laplace,uniform,20.0,input_plus_surface,0.01,13a079af94e46f97cf9bd78dca9369cc9694a00172361b410848fb0439384c57,d247bba0b4e8f3167f850959906ff8675be0f55d0c27abd93d9ff59392e82188,139,-0.2826572209673517,0.01
3,1,all_agreeing_offsets,side_informed,laplace,uniform,20.0,input_plus_surface,0.1,13a079af94e46f97cf9bd78dca9369cc9694a00172361b410848fb0439384c57,56cfe9afdda3743bc7c1c35fa2f94282b02c46fefe9b9feac0d42dadf4565109,139,-0.34837417095575257,0.01
3,2,all_agreeing_offsets,side_informed,laplace,uniform,20.0,input_plus_surface,0.0,c987b1318e20fe8cc28abf40debc2ea1db6e17e61f72f092d3a4599fd1096ada,e69ad8cbd4db6ea81b0cdb90d223ef5604bb49c9dc0fda495f05664c64bb847b,137,-0.31266879372677003,0.01
3,2,all_agreeing_offsets,side_informed,laplace,uniform,20.0,input_plus_surface,0.0001,c987b1318e20fe8cc28abf40debc2ea1db6e17e61f72f092d3a4599fd1096ada,1987e8d2034c7e45e265dfed3e5696fcdfa32b41243c5e46587aa68733eebe45,137,-0.3101189078191235,0.01
3,2,all_agreeing_offsets,side_informed,laplace,uniform,20.0,input_plus_surface,0.001,c987b1318e20fe8cc28abf40debc2ea1db6e17e61f72f092d3a4599fd1096ada,ab7f5165640b1e24b41c58b77ae071265ac032d2afb1af1a1f068886c12346d4,137,-0.29781006403874327,0.01
3,2,all_agreeing_offsets,side_informed,laplace,uniform,20.0,input_plus_surface,0.01,c987b1318e20fe8cc28abf40debc2ea1db6e17e61f72f092d3a4599fd1096ada,bcccd14a5d41a74e0667b19571854e1aea3be4be72cb574db1741a482e17c301,137,-0.2826572209673517,0.01
3,2,all_agreeing_offsets,side_informed,laplace,uniform,20.0,input_plus_surface,0.1,c987b1318e20fe8cc28abf40debc2ea1db6e17e61f72f092d3a4599fd1096ada,7060e0d0925450d906976c80ca1ed9afc196834da5945695fc59561d7b480138,137,-0.34837417095575257,0.01
3,0,all_agreeing_offsets,side_informed,laplace,uniform,20.0,HU_plus_surface,0.0,14d4aa4637a3952a7fd3ce3da18d16eb06dcd853812d80290ec3d67e3b7cdad5,ea1f6dba1fbcf1188c46fc2603bf804890b55c1346a2ebe0eac7d0c8a6975046,137,-0.29042096966912917,0.01
3,0,all_agreeing_offsets,side_informed,laplace,uniform,20.0,HU_plus_surface,0.0001,14d4aa4637a3952a7fd3ce3da18d16eb06dcd853812d80290ec3d67e3b7cdad5,4d5392dcfabb4aad32acd2b5aacc57bb5068100cd100bf781c24ac486f4866c4,137,-0.28811341931245704,0.01
3,0,all_agreeing_offsets,side_informed,laplace,uniform,20.0,HU_plus_surface,0.001,14d4aa4637a3952a7fd3ce3da18d16eb06dcd853812d80290ec3d67e3b7cdad5,be04144b6b729fbdcd641ff289502e0092b27920ca5050a2a0af2fcc10e79c83,137,-0.27705427399927074,0.01
3,0,all_agreeing_offsets,side_informed,laplace,uniform,20.0,HU_plus_surface,0.01,14d4aa4637a3952a7fd3ce3da18d16eb06dcd853812d80290ec3d67e3b7cdad5,f464712f3a3dff095e8ba1aaf4d5f95f1924c589ca78bfe63e0fb8418d6f6d25,137,-0.2661798937360666,0.01
3,0,all_agreeing_offsets,side_informed,laplace,uniform,20.0,HU_plus_surface,0.1,14d4aa4637a3952a7fd3ce3da18d16eb06dcd853812d80290ec3d67e3b7cdad5,216ef3166ec05de2660401eb9386dca247f1cf8b3d454a3079eaf587fe58e14d,137,-0.33944054918831407,0.01
3,1,all_agreeing_offsets,side_informed,laplace,uniform,20.0,HU_plus_surface,0.0,13a079af94e46f97cf9bd78dca9369cc9694a00172361b410848fb0439384c57,faf440ba6c3227060e831606101c8249e6cc1090d89b1fd731dd89c709143001,139,-0.29042096966912917,0.01
3,1,all_agreeing_offsets,side_informed,laplace,uniform,20.0,HU_plus_surface,0.0001,13a079af94e46f97cf9bd78dca9369cc9694a00172361b410848fb0439384c57,8037f865fd2c5527308181b0634ad87bce47644b0736579150c2c947d03de12c,139,-0.28811341931245704,0.01
3,1,all_agreeing_offsets,side_informed,laplace,uniform,20.0,HU_plus_surface,0.001,13a079af94e46f97cf9bd78dca9369cc9694a00172361b410848fb0439384c57,195dcd6bb4ffa6c66fcc1f7dc9c39126594d8a9eb3e9ea87472604b8128fe1e6,139,-0.27705427399927074,0.01
3,1,all_agreeing_offsets,side_informed,laplace,uniform,20.0,HU_plus_surface,0.01,13a079af94e46f97cf9bd78dca9369cc9694a00172361b410848fb0439384c57,8f3826f225398d97aba3f28c22453ae2adbf0dfdabff0cd3aed3262db48a307d,139,-0.2661798937360666,0.01
3,1,all_agreeing_offsets,side_informed,laplace,uniform,20.0,HU_plus_surface,0.1,13a079af94e46f97cf9bd78dca9369cc9694a00172361b410848fb0439384c57,7c3f025e1aed917878cd0e88566c719dba156b512661d44bd40d0e8651814ee6,139,-0.33944054918831407,0.01
3,2,all_agreeing_offsets,side_informed,laplace,uniform,20.0,HU_plus_surface,0.0,c987b1318e20fe8cc28abf40debc2ea1db6e17e61f72f092d3a4599fd1096ada,2f772476eff4907ef7ee4449736f52f83fc6556418e4d7155980f886079a4725,137,-0.29042096966912917,0.01
3,2,all_agreeing_offsets,side_informed,laplace,uniform,20.0,HU_plus_surface,0.0001,c987b1318e20fe8cc28abf40debc2ea1db6e17e61f72f092d3a4599fd1096ada,7897bb20dc3cfe33c8042d52d3ff6e8225e3427541f9aac42812133f5e7bc0a8,137,-0.28811341931245704,0.01
3,2,all_agreeing_offsets,side_informed,laplace,uniform,20.0,HU_plus_surface,0.001,c987b1318e20fe8cc28abf40debc2ea1db6e17e61f72f092d3a4599fd1096ada,56c2a723912535b814990cdab11b27fa05c22d98ed4e0593008ba13fe07eda14,137,-0.27705427399927074,0.01
3,2,all_agreeing_offsets,side_informed,laplace,uniform,20.0,HU_plus_surface,0.01,c987b1318e20fe8cc28abf40debc2ea1db6e17e61f72f092d3a4599fd1096ada,e63b7640f50b34517f2f1cf54235280f25a2e6eb1f600e48df35f6a53037fe76,137,-0.2661798937360666,0.01
3,2,all_agreeing_offsets,side_informed,laplace,uniform,20.0,HU_plus_surface,0.1,c987b1318e20fe8cc28abf40debc2ea1db6e17e61f72f092d3a4599fd1096ada,58d148ce2ca3b5f57ba815dfae519b7877f1ea88dc6af6bf108f74d23a7c314a,137,-0.33944054918831407,0.01
3,0,all_agreeing_offsets,side_informed,laplace,uniform,20.0,retention_bounded_plus_HU,0.0,14d4aa4637a3952a7fd3ce3da18d16eb06dcd853812d80290ec3d67e3b7cdad5,f434a67d93a3398c722169d7095a0fc4c7da4bd7efbe0049abd95d3f80cde99b,137,-0.2867795585022622,0.01
3,0,all_agreeing_offsets,side_informed,laplace,uniform,20.0,retention_bounded_plus_HU,0.0001,14d4aa4637a3952a7fd3ce3da18d16eb06dcd853812d80290ec3d67e3b7cdad5,d2a20ae64d7dd88c1093d503672ddcb17d23de458fa62ab41249db87935f532e,137,-0.2860593473660853,0.01
3,0,all_agreeing_offsets,side_informed,laplace,uniform,20.0,retention_bounded_plus_HU,0.001,14d4aa4637a3952a7fd3ce3da18d16eb06dcd853812d80290ec3d67e3b7cdad5,4e29979e74939d502e649d4179cee86d03ebed440396169565b1e678f3419c8a,137,-0.28209896967276304,0.01
3,0,all_agreeing_offsets,side_informed,laplace,uniform,20.0,retention_bounded_plus_HU,0.01,14d4aa4637a3952a7fd3ce3da18d16eb06dcd853812d80290ec3d67e3b7cdad5,bfd91cc56d5390595686baa720b647a44a4f9ed961067ff59a6f4c3a4f1e570f,137,-0.271427966190212,0.01
3,0,all_agreeing_offsets,side_informed,laplace,uniform,20.0,retention_bounded_plus_HU,0.1,14d4aa4637a3952a7fd3ce3da18d16eb06dcd853812d80290ec3d67e3b7cdad5,8b357834c8e1befaa7b6b1fc2b4ffd1c43b061d7552a8d3f1fc8c11b9c23320b,137,-0.3000201177256729,0.01
3,1,all_agreeing_offsets,side_informed,laplace,uniform,20.0,retention_bounded_plus_HU,0.0,13a079af94e46f97cf9bd78dca9369cc9694a00172361b410848fb0439384c57,0139ee6e53ad974080d4938624b0934b453f5549ccf5b9b1886e54f72e180b74,139,-0.2867795585022622,0.01
3,1,all_agreeing_offsets,side_informed,laplace,uniform,20.0,retention_bounded_plus_HU,0.0001,13a079af94e46f97cf9bd78dca9369cc9694a00172361b410848fb0439384c57,6c4bb128b88bbaef614db199309116010a8b264b5a9bf8a4b4114be15435733f,139,-0.2860593473660853,0.01
3,1,all_agreeing_offsets,side_informed,laplace,uniform,20.0,retention_bounded_plus_HU,0.001,13a079af94e46f97cf9bd78dca9369cc9694a00172361b410848fb0439384c57,5d94d3308b6680f50ea492ccb7b3a18f78a9c1eb8ac495b10bac2d6dd83df778,139,-0.28209896967276304,0.01
3,1,all_agreeing_offsets,side_informed,laplace,uniform,20.0,retention_bounded_plus_HU,0.01,13a079af94e46f97cf9bd78dca9369cc9694a00172361b410848fb0439384c57,e64f3a2398080f1f39d1b74327ed3e617f8ac0ab09da1164e5befd6038c3f9c8,139,-0.271427966190212,0.01
3,1,all_agreeing_offsets,side_informed,laplace,uniform,20.0,retention_bounded_plus_HU,0.1,13a079af94e46f97cf9bd78dca9369cc9694a00172361b410848fb0439384c57,ddeea70c022dcc5fb28424e397d80584c53297b9dc9b118b4764763d8406c9f5,139,-0.3000201177256729,0.01
3,2,all_agreeing_offsets,side_informed,laplace,uniform,20.0,retention_bounded_plus_HU,0.0,c987b1318e20fe8cc28abf40debc2ea1db6e17e61f72f092d3a4599fd1096ada,0b0ccd0bb1d78d16bb985ecce5d25211a77a650729e4aafe76f3e44e6c3f2136,137,-0.2867795585022622,0.01
3,2,all_agreeing_offsets,side_informed,laplace,uniform,20.0,retention_bounded_plus_HU,0.0001,c987b1318e20fe8cc28abf40debc2ea1db6e17e61f72f092d3a4599fd1096ada,b8035535d9a9ace67d270d0ac598debe6eb102896a2b7e528ed150aff0a79f3c,137,-0.2860593473660853,0.01
3,2,all_agreeing_offsets,side_informed,laplace,uniform,20.0,retention_bounded_plus_HU,0.001,c987b1318e20fe8cc28abf40debc2ea1db6e17e61f72f092d3a4599fd1096ada,410939bb2a2bfaec773aef76392fc6fbd319105c96889583dfac233d54a9196c,137,-0.28209896967276304,0.01
3,2,all_agreeing_offsets,side_informed,laplace,uniform,20.0,retention_bounded_plus_HU,0.01,c987b1318e20fe8cc28abf40debc2ea1db6e17e61f72f092d3a4599fd1096ada,63d5bae497928a7b221c50365dbc58e234e47a6fa8c88bb14897e968f0abab41,137,-0.271427966190212,0.01
3,2,all_agreeing_offsets,side_informed,laplace,uniform,20.0,retention_bounded_plus_HU,0.1,c987b1318e20fe8cc28abf40debc2ea1db6e17e61f72f092d3a4599fd1096ada,064d047ea07c3150d572d47e9221d22bd97155a7b6d09baefd2cae8821f2e288,137,-0.3000201177256729,0.01
3,0,all_agreeing_offsets,side_informed,gh80,uniform,20.0,HU_plus_surface,0.0,14d4aa4637a3952a7fd3ce3da18d16eb06dcd853812d80290ec3d67e3b7cdad5,1e8270270a433bd99c42c4662d8fbf459434cff56a7812dee4e61fc7fa062d58,137,-0.2930194918483967,0.01
3,0,all_agreeing_offsets,side_informed,gh80,uniform,20.0,HU_plus_surface,0.0001,14d4aa4637a3952a7fd3ce3da18d16eb06dcd853812d80290ec3d67e3b7cdad5,03e2b5b3dbe362306eadae836910c3fe27c878f428b1e9643f9a26c8d153e650,137,-0.2906130336569168,0.01
3,0,all_agreeing_offsets,side_informed,gh80,uniform,20.0,HU_plus_surface,0.001,14d4aa4637a3952a7fd3ce3da18d16eb06dcd853812d80290ec3d67e3b7cdad5,8fa71765dec2afb91af8b16e13c80ab92434a9a22f51da8e45fc1ec05467aaf4,137,-0.2789397495259905,0.01
3,0,all_agreeing_offsets,side_informed,gh80,uniform,20.0,HU_plus_surface,0.01,14d4aa4637a3952a7fd3ce3da18d16eb06dcd853812d80290ec3d67e3b7cdad5,b7d57d1c83af0184978338de372881e2bfefc18ee2fa49b72c5a2a94ee41eb1b,137,-0.26746006442205095,0.01
3,0,all_agreeing_offsets,side_informed,gh80,uniform,20.0,HU_plus_surface,0.1,14d4aa4637a3952a7fd3ce3da18d16eb06dcd853812d80290ec3d67e3b7cdad5,c0c50f529c3f2eed785b506cd56b241a92967ddd80df4db6905c9fd6babf9c2a,137,-0.3407548073107896,0.01
3,1,all_agreeing_offsets,side_informed,gh80,uniform,20.0,HU_plus_surface,0.0,13a079af94e46f97cf9bd78dca9369cc9694a00172361b410848fb0439384c57,80ac263355312336bdf6354a310d2cc9944c12887136308a3651a558667b7f18,139,-0.2930194918483967,0.01
3,1,all_agreeing_offsets,side_informed,gh80,uniform,20.0,HU_plus_surface,0.0001,13a079af94e46f97cf9bd78dca9369cc9694a00172361b410848fb0439384c57,72ec1ca0661fed9be1df0911411164cfb5a9b90259f904130580ea28c27d5973,139,-0.2906130336569168,0.01
3,1,all_agreeing_offsets,side_informed,gh80,uniform,20.0,HU_plus_surface,0.001,13a079af94e46f97cf9bd78dca9369cc9694a00172361b410848fb0439384c57,bb83b5215ae996088536d34221e4901398d5e1406d3f5c9f0c24b7a70c04df7c,139,-0.2789397495259905,0.01
3,1,all_agreeing_offsets,side_informed,gh80,uniform,20.0,HU_plus_surface,0.01,13a079af94e46f97cf9bd78dca9369cc9694a00172361b410848fb0439384c57,54220acc943ac2d0fa08299168dddc669c9ab238d32777306ec004887fffc035,139,-0.26746006442205095,0.01
3,1,all_agreeing_offsets,side_informed,gh80,uniform,20.0,HU_plus_surface,0.1,13a079af94e46f97cf9bd78dca9369cc9694a00172361b410848fb0439384c57,1af40b2bba82ae69c85acef09cd499728726fe353e6dc301d18e58f46f4c5864,139,-0.3407548073107896,0.01
3,2,all_agreeing_offsets,side_informed,gh80,uniform,20.0,HU_plus_surface,0.0,c987b1318e20fe8cc28abf40debc2ea1db6e17e61f72f092d3a4599fd1096ada,246190b48f6bcff7234a66f30e93319949258b1e080ad5248a05988d961f9907,137,-0.2930194918483967,0.01
3,2,all_agreeing_offsets,side_informed,gh80,uniform,20.0,HU_plus_surface,0.0001,c987b1318e20fe8cc28abf40debc2ea1db6e17e61f72f092d3a4599fd1096ada,004cf32a36c4d30accb413b81384c071292cd14652f5d2ebd17e4ab9d3a7520f,137,-0.2906130336569168,0.01
3,2,all_agreeing_offsets,side_informed,gh80,uniform,20.0,HU_plus_surface,0.001,c987b1318e20fe8cc28abf40debc2ea1db6e17e61f72f092d3a4599fd1096ada,15766c5869a49d70f1bfc70486af93c225754d3ca3f67b8c021c58710f519fcc,137,-0.2789397495259905,0.01
3,2,all_agreeing_offsets,side_informed,gh80,uniform,20.0,HU_plus_surface,0.01,c987b1318e20fe8cc28abf40debc2ea1db6e17e61f72f092d3a4599fd1096ada,0a60e05fa6edfc0bba5519cf6baa1242a455b0a55d261763ba3c90a2ed8c0e22,137,-0.26746006442205095,0.01
3,2,all_agreeing_offsets,side_informed,gh80,uniform,20.0,HU_plus_surface,0.1,c987b1318e20fe8cc28abf40debc2ea1db6e17e61f72f092d3a4599fd1096ada,2738242c17c8b8655be04c63e2eb94d3a2b357f466803f876ef3f5094cb4ac04,137,-0.3407548073107896,0.01
3,0,all_agreeing_offsets,side_informed,gh80,uniform,20.0,retention_bounded_plus_HU,0.0,14d4aa4637a3952a7fd3ce3da18d16eb06dcd853812d80290ec3d67e3b7cdad5,a08c91827aa57526dd843fc92a1e3ff55302b7adb92d60c68942211909218918,137,-0.29225006322340097,0.01
3,0,all_agreeing_offsets,side_informed,gh80,uniform,20.0,retention_bounded_plus_HU,0.0001,14d4aa4637a3952a7fd3ce3da18d16eb06dcd853812d80290ec3d67e3b7cdad5,27cc7934e7b957875fb4840ab93a6ca04609448f57624c1c9c5dcac6f3abdc15,137,-0.29127884936278975,0.01
3,0,all_agreeing_offsets,side_informed,gh80,uniform,20.0,retention_bounded_plus_HU,0.001,14d4aa4637a3952a7fd3ce3da18d16eb06dcd853812d80290ec3d67e3b7cdad5,2a494f07a101b02d301bb72f6211807bea04cd5c8e81e72e982614cefeea7656,137,-0.28686252374495386,0.01
3,0,all_agreeing_offsets,side_informed,gh80,uniform,20.0,retention_bounded_plus_HU,0.01,14d4aa4637a3952a7fd3ce3da18d16eb06dcd853812d80290ec3d67e3b7cdad5,594009a5332a3d03cf7d9eb0805fb8ec7a9a52c78793f177dca60128c8f0d11c,137,-0.2751233129211786,0.01
3,0,all_agreeing_offsets,side_informed,gh80,uniform,20.0,retention_bounded_plus_HU,0.1,14d4aa4637a3952a7fd3ce3da18d16eb06dcd853812d80290ec3d67e3b7cdad5,310b50d6526462101e4bdddc18fe09d226be0a46ee3792210733986e204fa7b3,137,-0.3020199306394019,0.01
3,1,all_agreeing_offsets,side_informed,gh80,uniform,20.0,retention_bounded_plus_HU,0.0,13a079af94e46f97cf9bd78dca9369cc9694a00172361b410848fb0439384c57,e4c7efd8c6ae316c6b1bae5e67bbf710eaf4cb2861adad6176dbcb356ac0d111,139,-0.29225006322340097,0.01
3,1,all_agreeing_offsets,side_informed,gh80,uniform,20.0,retention_bounded_plus_HU,0.0001,13a079af94e46f97cf9bd78dca9369cc9694a00172361b410848fb0439384c57,96910c4b94be425cfa9af7b65a603e3a8f1be65b97ff0c253eeb412287f1c246,139,-0.29127884936278975,0.01
3,1,all_agreeing_offsets,side_informed,gh80,uniform,20.0,retention_bounded_plus_HU,0.001,13a079af94e46f97cf9bd78dca9369cc9694a00172361b410848fb0439384c57,42e0c1d78ccab64ff48f58e0fd0903aa6a2035a34322764efa1894b38c632fc9,139,-0.28686252374495386,0.01
3,1,all_agreeing_offsets,side_informed,gh80,uniform,20.0,retention_bounded_plus_HU,0.01,13a079af94e46f97cf9bd78dca9369cc9694a00172361b410848fb0439384c57,71469ba8bf475614d326a6a6e28c48caaaad11bf5cdfc42e64f6a9453d2140c8,139,-0.2751233129211786,0.01
3,1,all_agreeing_offsets,side_informed,gh80,uniform,20.0,retention_bounded_plus_HU,0.1,13a079af94e46f97cf9bd78dca9369cc9694a00172361b410848fb0439384c57,349f176c9d5a7538e59c64da6afbf384bbb38818f333c2ee672db562d24f60d0,139,-0.3020199306394019,0.01
3,2,all_agreeing_offsets,side_informed,gh80,uniform,20.0,retention_bounded_plus_HU,0.0,c987b1318e20fe8cc28abf40debc2ea1db6e17e61f72f092d3a4599fd1096ada,21c601292f216e2cf22e96fb9cd39585269a4a23ed228f0e868328456432406c,137,-0.29225006322340097,0.01
3,2,all_agreeing_offsets,side_informed,gh80,uniform,20.0,retention_bounded_plus_HU,0.0001,c987b1318e20fe8cc28abf40debc2ea1db6e17e61f72f092d3a4599fd1096ada,b47d4f6099995ec940639501aaf5b5a4c3b5cd145002ccf8dbfd1a6007f28625,137,-0.29127884936278975,0.01
3,2,all_agreeing_offsets,side_informed,gh80,uniform,20.0,retention_bounded_plus_HU,0.001,c987b1318e20fe8cc28abf40debc2ea1db6e17e61f72f092d3a4599fd1096ada,7ab77e4bb316579dd969cf340e32c176c0587d7dc27602d3a1032bc5ab2c5032,137,-0.28686252374495386,0.01
3,2,all_agreeing_offsets,side_informed,gh80,uniform,20.0,retention_bounded_plus_HU,0.01,c987b1318e20fe8cc28abf40debc2ea1db6e17e61f72f092d3a4599fd1096ada,8eefbeff5daf3ca798deaa7f45269c71da46b03114a4759a4f3af249d9741431,137,-0.2751233129211786,0.01
3,2,all_agreeing_offsets,side_informed,gh80,uniform,20.0,retention_bounded_plus_HU,0.1,c987b1318e20fe8cc28abf40debc2ea1db6e17e61f72f092d3a4599fd1096ada,faa3a61bda4e632c7273cf50e5f47c4d35c2ae160f2d06af70b22a176f92f036,137,-0.3020199306394019,0.01
3,0,all_agreeing_offsets,wholly_unseen,laplace,uniform,20.0,retention_bounded,0.0,14d4aa4637a3952a7fd3ce3da18d16eb06dcd853812d80290ec3d67e3b7cdad5,464d621ee7d16b0fd0d98f274470c70a1d34cf07a6414a39be6f35dd8a507d58,137,-0.6426355792567661,0.01
3,0,all_agreeing_offsets,wholly_unseen,laplace,uniform,20.0,retention_bounded,0.0001,14d4aa4637a3952a7fd3ce3da18d16eb06dcd853812d80290ec3d67e3b7cdad5,f8501591c5c682618d7fe5ef3c53ffae590d83dd7c3af91b414ae50f757e5507,137,-0.6378013418605598,0.01
3,0,all_agreeing_offsets,wholly_unseen,laplace,uniform,20.0,retention_bounded,0.001,14d4aa4637a3952a7fd3ce3da18d16eb06dcd853812d80290ec3d67e3b7cdad5,5d25a657fd376e03e27ca9fbef3114a31bafdc12252ab627f59e892ac9f5a7e0,137,-0.6098601606461488,0.01
3,0,all_agreeing_offsets,wholly_unseen,laplace,uniform,20.0,retention_bounded,0.01,14d4aa4637a3952a7fd3ce3da18d16eb06dcd853812d80290ec3d67e3b7cdad5,cd0ba1e3c1bbfaa90d475fade7d16792d73f99e9c49d1fc712353e9143b32e85,137,-0.566114843331564,0.01
3,0,all_agreeing_offsets,wholly_unseen,laplace,uniform,20.0,retention_bounded,0.1,14d4aa4637a3952a7fd3ce3da18d16eb06dcd853812d80290ec3d67e3b7cdad5,fbcda11e258d3c30299a48f615682a9709c03ee5410a8b95b7a3fee7b1780b3a,137,-0.6243341222241884,0.01
3,1,all_agreeing_offsets,wholly_unseen,laplace,uniform,20.0,retention_bounded,0.0,13a079af94e46f97cf9bd78dca9369cc9694a00172361b410848fb0439384c57,cba4ce61ad276ca77f9a31ce66e0c8ee1a190e5dac56fc812a36446de82fd251,139,-0.6426355792567661,0.01
3,1,all_agreeing_offsets,wholly_unseen,laplace,uniform,20.0,retention_bounded,0.0001,13a079af94e46f97cf9bd78dca9369cc9694a00172361b410848fb0439384c57,2a51859e9d3d032ecdad9bc64054c7121e96879a3a8d019c8a691e7c07bcdd04,139,-0.6378013418605598,0.01
3,1,all_agreeing_offsets,wholly_unseen,laplace,uniform,20.0,retention_bounded,0.001,13a079af94e46f97cf9bd78dca9369cc9694a00172361b410848fb0439384c57,6425b002497792ecdec4d1ec3af78fc12c28be7f8613d9fbd126652117426d77,139,-0.6098601606461488,0.01
3,1,all_agreeing_offsets,wholly_unseen,laplace,uniform,20.0,retention_bounded,0.01,13a079af94e46f97cf9bd78dca9369cc9694a00172361b410848fb0439384c57,f1d42e534c06124c03d03573144b5c1715cf74ddd79ee17be5a6348c3b99fe10,139,-0.566114843331564,0.01
3,1,all_agreeing_offsets,wholly_unseen,laplace,uniform,20.0,retention_bounded,0.1,13a079af94e46f97cf9bd78dca9369cc9694a00172361b410848fb0439384c57,635854f60a74e524bdcc7377b688e46265be8f321df21a380dc37e4fba68774d,139,-0.6243341222241884,0.01
3,2,all_agreeing_offsets,wholly_unseen,laplace,uniform,20.0,retention_bounded,0.0,c987b1318e20fe8cc28abf40debc2ea1db6e17e61f72f092d3a4599fd1096ada,aabb82d0f34150401be299a279f3d068b74345cf88beaeda87589e1a56a0a9aa,137,-0.6426355792567661,0.01
3,2,all_agreeing_offsets,wholly_unseen,laplace,uniform,20.0,retention_bounded,0.0001,c987b1318e20fe8cc28abf40debc2ea1db6e17e61f72f092d3a4599fd1096ada,1eeb87f8fb75547198befb125d4bac097c59741baa8a3a7692079c988b2fd706,137,-0.6378013418605598,0.01
3,2,all_agreeing_offsets,wholly_unseen,laplace,uniform,20.0,retention_bounded,0.001,c987b1318e20fe8cc28abf40debc2ea1db6e17e61f72f092d3a4599fd1096ada,186e9cc95a5a1c6e219ce8cb015c3347b1675fd3e266042c68433c5283da79b9,137,-0.6098601606461488,0.01
3,2,all_agreeing_offsets,wholly_unseen,laplace,uniform,20.0,retention_bounded,0.01,c987b1318e20fe8cc28abf40debc2ea1db6e17e61f72f092d3a4599fd1096ada,1163661667ff4e6364978bf285d4de59a23e9edf5207e6c9fdbf6aef3db1c6d4,137,-0.566114843331564,0.01
3,2,all_agreeing_offsets,wholly_unseen,laplace,uniform,20.0,retention_bounded,0.1,c987b1318e20fe8cc28abf40debc2ea1db6e17e61f72f092d3a4599fd1096ada,3d6a83582c30a7a3f8f2996c9bd5837a888d5516d3f026dfa04811420ce6afe7,137,-0.6243341222241884,0.01
3,0,all_agreeing_offsets,wholly_unseen,laplace,uniform,20.0,retention_nonnegative,0.0,14d4aa4637a3952a7fd3ce3da18d16eb06dcd853812d80290ec3d67e3b7cdad5,d2b189f32df5f62eb641eb359aef207514751d281c629455336065604be27e33,137,-0.6426355754642811,0.001
3,0,all_agreeing_offsets,wholly_unseen,laplace,uniform,20.0,retention_nonnegative,0.0001,14d4aa4637a3952a7fd3ce3da18d16eb06dcd853812d80290ec3d67e3b7cdad5,b0fcd6d2d5cdd7e21f13844053f8cccad24c4479f607da8e4518af82841ee824,137,-0.6303415439066573,0.001
3,0,all_agreeing_offsets,wholly_unseen,laplace,uniform,20.0,retention_nonnegative,0.001,14d4aa4637a3952a7fd3ce3da18d16eb06dcd853812d80290ec3d67e3b7cdad5,b66acb3a30b20af8e5d77a6380d237911395a81cf24ae03b639fd1d42c73ec7d,137,-0.5891435347585454,0.001
3,0,all_agreeing_offsets,wholly_unseen,laplace,uniform,20.0,retention_nonnegative,0.01,14d4aa4637a3952a7fd3ce3da18d16eb06dcd853812d80290ec3d67e3b7cdad5,2a02ed5c19eea26a501e33470008ddbd7ce4e20fc2c7bf4429aa731f98ccbf34,137,-0.618665313172458,0.001
3,0,all_agreeing_offsets,wholly_unseen,laplace,uniform,20.0,retention_nonnegative,0.1,14d4aa4637a3952a7fd3ce3da18d16eb06dcd853812d80290ec3d67e3b7cdad5,607e654abcdd753410ff0d57fd147546006cd2b3a40df178eaaaeb2b898791ca,137,-0.7230965119662107,0.001
3,1,all_agreeing_offsets,wholly_unseen,laplace,uniform,20.0,retention_nonnegative,0.0,13a079af94e46f97cf9bd78dca9369cc9694a00172361b410848fb0439384c57,544ff16fd96d822e7e978dbb8cb52ca2c7416fd60d44bb52b99fd556a2c3baa1,139,-0.6426355754642811,0.001
3,1,all_agreeing_offsets,wholly_unseen,laplace,uniform,20.0,retention_nonnegative,0.0001,13a079af94e46f97cf9bd78dca9369cc9694a00172361b410848fb0439384c57,17bb7bc7d9201efc6fce18ba63b6eb312e4498c8384a77217808f4a75cfcd7b3,139,-0.6303415439066573,0.001
3,1,all_agreeing_offsets,wholly_unseen,laplace,uniform,20.0,retention_nonnegative,0.001,13a079af94e46f97cf9bd78dca9369cc9694a00172361b410848fb0439384c57,2d331c1b66a7a1fa17da05f02251e2e7ca35677a2bde85b82d88da6b7a7fa43d,139,-0.5891435347585454,0.001
3,1,all_agreeing_offsets,wholly_unseen,laplace,uniform,20.0,retention_nonnegative,0.01,13a079af94e46f97cf9bd78dca9369cc9694a00172361b410848fb0439384c57,39aa43b59af25fa37badf3a239d4b7f43cb98c6d62e3750ba064f7e604eb4fc5,139,-0.618665313172458,0.001
3,1,all_agreeing_offsets,wholly_unseen,laplace,uniform,20.0,retention_nonnegative,0.1,13a079af94e46f97cf9bd78dca9369cc9694a00172361b410848fb0439384c57,18bb3a86ba7c2a227fe51fcf93a8184b79d3bc72261b0895d7306dd3af962e0b,139,-0.7230965119662107,0.001
3,2,all_agreeing_offsets,wholly_unseen,laplace,uniform,20.0,retention_nonnegative,0.0,c987b1318e20fe8cc28abf40debc2ea1db6e17e61f72f092d3a4599fd1096ada,7ff0dc9d108ef04bb0e1af05108d6e2b2abe0e5b3a2bb7898948a68b23bdb35a,137,-0.6426355754642811,0.001
3,2,all_agreeing_offsets,wholly_unseen,laplace,uniform,20.0,retention_nonnegative,0.0001,c987b1318e20fe8cc28abf40debc2ea1db6e17e61f72f092d3a4599fd1096ada,b2819f25d2c8f744e76c90a086d19b4c0aa81d544a247aa51f43142a9d39d28a,137,-0.6303415439066573,0.001
3,2,all_agreeing_offsets,wholly_unseen,laplace,uniform,20.0,retention_nonnegative,0.001,c987b1318e20fe8cc28abf40debc2ea1db6e17e61f72f092d3a4599fd1096ada,20d3d5f4cf10df3323f7a19979f2153c92a284d9cf3e792a5b3aeed6827227a0,137,-0.5891435347585454,0.001
3,2,all_agreeing_offsets,wholly_unseen,laplace,uniform,20.0,retention_nonnegative,0.01,c987b1318e20fe8cc28abf40debc2ea1db6e17e61f72f092d3a4599fd1096ada,7dcd3bbecec43df9df03a02f73f5fe9a32197d0ebb7a4bb45bfa2fc7486057a4,137,-0.618665313172458,0.001
3,2,all_agreeing_offsets,wholly_unseen,laplace,uniform,20.0,retention_nonnegative,0.1,c987b1318e20fe8cc28abf40debc2ea1db6e17e61f72f092d3a4599fd1096ada,74990a735f5c323f0e0fefe565f72328bd6d9738eb8867103e112f7dbda4d872,137,-0.7230965119662107,0.001
3,0,all_agreeing_offsets,wholly_unseen,laplace,uniform,20.0,current_only,0.0,14d4aa4637a3952a7fd3ce3da18d16eb06dcd853812d80290ec3d67e3b7cdad5,46e8fa8b7dc8106484f8783a17643beb5bd2b5bf6afd9718c9dd5483214b25be,137,-0.9407419287347613,0.1
3,0,all_agreeing_offsets,wholly_unseen,laplace,uniform,20.0,current_only,0.0001,14d4aa4637a3952a7fd3ce3da18d16eb06dcd853812d80290ec3d67e3b7cdad5,ae499eae558dd847f07768c1a09bcdcb9667eb28807dc975ef62bbe75a32aba8,137,-0.9399676714026097,0.1
3,0,all_agreeing_offsets,wholly_unseen,laplace,uniform,20.0,current_only,0.001,14d4aa4637a3952a7fd3ce3da18d16eb06dcd853812d80290ec3d67e3b7cdad5,5409dde996e08d05321e509b2fc1eb79de585309aac71f466bd3efa5b9a6da35,137,-0.9335488309354908,0.1
3,0,all_agreeing_offsets,wholly_unseen,laplace,uniform,20.0,current_only,0.01,14d4aa4637a3952a7fd3ce3da18d16eb06dcd853812d80290ec3d67e3b7cdad5,f07bb00372ac465ca20a86ebb28ef8cbec80ef4d2152c98b6c81753bc023f245,137,-0.8968944717427234,0.1
3,0,all_agreeing_offsets,wholly_unseen,laplace,uniform,20.0,current_only,0.1,14d4aa4637a3952a7fd3ce3da18d16eb06dcd853812d80290ec3d67e3b7cdad5,b6cf80088de744234fdd8363ecc2e09853b51e1a6637963e47b03772cb5b6b9a,137,-0.8687854723563633,0.1
3,1,all_agreeing_offsets,wholly_unseen,laplace,uniform,20.0,current_only,0.0,13a079af94e46f97cf9bd78dca9369cc9694a00172361b410848fb0439384c57,3dfa1d49a1cb3a63b7dcb93d5d0477d83db99cfa6790ff3c70f4d572ae4194c3,139,-0.9407419287347613,0.1
3,1,all_agreeing_offsets,wholly_unseen,laplace,uniform,20.0,current_only,0.0001,13a079af94e46f97cf9bd78dca9369cc9694a00172361b410848fb0439384c57,d3b25aee822532324b55a58de5d22ddea5ded8a9dfce01e5bb8b34c1acbb92be,139,-0.9399676714026097,0.1
3,1,all_agreeing_offsets,wholly_unseen,laplace,uniform,20.0,current_only,0.001,13a079af94e46f97cf9bd78dca9369cc9694a00172361b410848fb0439384c57,5c3beb22cb0ed03ddb68aef2ec2e55784dc2892551656e58aafa5fceef063605,139,-0.9335488309354908,0.1
3,1,all_agreeing_offsets,wholly_unseen,laplace,uniform,20.0,current_only,0.01,13a079af94e46f97cf9bd78dca9369cc9694a00172361b410848fb0439384c57,21fc481fd32a99f5ad0c7a99f746d630c4f99248a352b8ff70ab6ccad9159d76,139,-0.8968944717427234,0.1
3,1,all_agreeing_offsets,wholly_unseen,laplace,uniform,20.0,current_only,0.1,13a079af94e46f97cf9bd78dca9369cc9694a00172361b410848fb0439384c57,13ab8c77a962fde8ca526dedbaddbfe61f8bc5b360ee36f54b9c67098773ec39,139,-0.8687854723563633,0.1
3,2,all_agreeing_offsets,wholly_unseen,laplace,uniform,20.0,current_only,0.0,c987b1318e20fe8cc28abf40debc2ea1db6e17e61f72f092d3a4599fd1096ada,8e336748ab1e19cb8777f51d0b07bc88cac50e7afc68cea64ad30c02545a72c0,137,-0.9407419287347613,0.1
3,2,all_agreeing_offsets,wholly_unseen,laplace,uniform,20.0,current_only,0.0001,c987b1318e20fe8cc28abf40debc2ea1db6e17e61f72f092d3a4599fd1096ada,d3d91a5705ddaa3bbfa41709d811aac4c12357d10a93a32de5e3d82f6097eca2,137,-0.9399676714026097,0.1
3,2,all_agreeing_offsets,wholly_unseen,laplace,uniform,20.0,current_only,0.001,c987b1318e20fe8cc28abf40debc2ea1db6e17e61f72f092d3a4599fd1096ada,c32b2674e1bbf1f2294fe561688191f42874d4cc04db4e782f09fab319a6b060,137,-0.9335488309354908,0.1
3,2,all_agreeing_offsets,wholly_unseen,laplace,uniform,20.0,current_only,0.01,c987b1318e20fe8cc28abf40debc2ea1db6e17e61f72f092d3a4599fd1096ada,bf74c514ecdf2dd56ed52fef7460a1cd4b24441b9f05f7c614c0c0178d79e448,137,-0.8968944717427234,0.1
3,2,all_agreeing_offsets,wholly_unseen,laplace,uniform,20.0,current_only,0.1,c987b1318e20fe8cc28abf40debc2ea1db6e17e61f72f092d3a4599fd1096ada,1f000ab2a2248fa5dc37b527b2f83bb86f18413d671c539db51bceff05f0e76c,137,-0.8687854723563633,0.1
3,0,all_agreeing_offsets,wholly_unseen,laplace,uniform,20.0,input_plus_surface,0.0,14d4aa4637a3952a7fd3ce3da18d16eb06dcd853812d80290ec3d67e3b7cdad5,ab9a49c2ff3280f84a1fc1c0947773aeb094ab612721ee84bb3c588511b3d32c,137,-0.5946881933559608,0.01
3,0,all_agreeing_offsets,wholly_unseen,laplace,uniform,20.0,input_plus_surface,0.0001,14d4aa4637a3952a7fd3ce3da18d16eb06dcd853812d80290ec3d67e3b7cdad5,2863f2327fabe02b95abb4394167f45ec80b0f72fb9dee7ef5f43661c00474b0,137,-0.5911422142590471,0.01
3,0,all_agreeing_offsets,wholly_unseen,laplace,uniform,20.0,input_plus_surface,0.001,14d4aa4637a3952a7fd3ce3da18d16eb06dcd853812d80290ec3d67e3b7cdad5,da3b26a462726c3bb1fc1a3257b865dcc4631b4c8ffc5f629e73c46f92dab466,137,-0.5768492010829832,0.01
3,0,all_agreeing_offsets,wholly_unseen,laplace,uniform,20.0,input_plus_surface,0.01,14d4aa4637a3952a7fd3ce3da18d16eb06dcd853812d80290ec3d67e3b7cdad5,45fe442eab9c0e3352dee7aa492537eb045ca7f8c9b560ab76982b88f27c4074,137,-0.5695064200219246,0.01
3,0,all_agreeing_offsets,wholly_unseen,laplace,uniform,20.0,input_plus_surface,0.1,14d4aa4637a3952a7fd3ce3da18d16eb06dcd853812d80290ec3d67e3b7cdad5,6d37a777a6cb4bf58935abe7812de8bb686b03b4fa9071250f70539d64d2f6d2,137,-0.6575620531804593,0.01
3,1,all_agreeing_offsets,wholly_unseen,laplace,uniform,20.0,input_plus_surface,0.0,13a079af94e46f97cf9bd78dca9369cc9694a00172361b410848fb0439384c57,e3bb2a6ce1e2ad49c0b747b20f0ff73e60ba7e0449d1d70fc7389303f0c899bf,139,-0.5946881933559608,0.01
3,1,all_agreeing_offsets,wholly_unseen,laplace,uniform,20.0,input_plus_surface,0.0001,13a079af94e46f97cf9bd78dca9369cc9694a00172361b410848fb0439384c57,a5d51bad754104873209ef46dd35942affcb0f44dea3c2c109399e0a9fe49ed5,139,-0.5911422142590471,0.01
3,1,all_agreeing_offsets,wholly_unseen,laplace,uniform,20.0,input_plus_surface,0.001,13a079af94e46f97cf9bd78dca9369cc9694a00172361b410848fb0439384c57,107481bc2334d297788421847c9700f80b22861a38d25c4c77a2e73ffd43e10f,139,-0.5768492010829832,0.01
3,1,all_agreeing_offsets,wholly_unseen,laplace,uniform,20.0,input_plus_surface,0.01,13a079af94e46f97cf9bd78dca9369cc9694a00172361b410848fb0439384c57,d247bba0b4e8f3167f850959906ff8675be0f55d0c27abd93d9ff59392e82188,139,-0.5695064200219246,0.01
3,1,all_agreeing_offsets,wholly_unseen,laplace,uniform,20.0,input_plus_surface,0.1,13a079af94e46f97cf9bd78dca9369cc9694a00172361b410848fb0439384c57,56cfe9afdda3743bc7c1c35fa2f94282b02c46fefe9b9feac0d42dadf4565109,139,-0.6575620531804593,0.01
3,2,all_agreeing_offsets,wholly_unseen,laplace,uniform,20.0,input_plus_surface,0.0,c987b1318e20fe8cc28abf40debc2ea1db6e17e61f72f092d3a4599fd1096ada,e69ad8cbd4db6ea81b0cdb90d223ef5604bb49c9dc0fda495f05664c64bb847b,137,-0.5946881933559608,0.01
3,2,all_agreeing_offsets,wholly_unseen,laplace,uniform,20.0,input_plus_surface,0.0001,c987b1318e20fe8cc28abf40debc2ea1db6e17e61f72f092d3a4599fd1096ada,1987e8d2034c7e45e265dfed3e5696fcdfa32b41243c5e46587aa68733eebe45,137,-0.5911422142590471,0.01
3,2,all_agreeing_offsets,wholly_unseen,laplace,uniform,20.0,input_plus_surface,0.001,c987b1318e20fe8cc28abf40debc2ea1db6e17e61f72f092d3a4599fd1096ada,ab7f5165640b1e24b41c58b77ae071265ac032d2afb1af1a1f068886c12346d4,137,-0.5768492010829832,0.01
3,2,all_agreeing_offsets,wholly_unseen,laplace,uniform,20.0,input_plus_surface,0.01,c987b1318e20fe8cc28abf40debc2ea1db6e17e61f72f092d3a4599fd1096ada,bcccd14a5d41a74e0667b19571854e1aea3be4be72cb574db1741a482e17c301,137,-0.5695064200219246,0.01
3,2,all_agreeing_offsets,wholly_unseen,laplace,uniform,20.0,input_plus_surface,0.1,c987b1318e20fe8cc28abf40debc2ea1db6e17e61f72f092d3a4599fd1096ada,7060e0d0925450d906976c80ca1ed9afc196834da5945695fc59561d7b480138,137,-0.6575620531804593,0.01
3,0,all_agreeing_offsets,wholly_unseen,laplace,uniform,20.0,HU_plus_surface,0.0,14d4aa4637a3952a7fd3ce3da18d16eb06dcd853812d80290ec3d67e3b7cdad5,ea1f6dba1fbcf1188c46fc2603bf804890b55c1346a2ebe0eac7d0c8a6975046,137,-0.5671042519152356,0.01
3,0,all_agreeing_offsets,wholly_unseen,laplace,uniform,20.0,HU_plus_surface,0.0001,14d4aa4637a3952a7fd3ce3da18d16eb06dcd853812d80290ec3d67e3b7cdad5,4d5392dcfabb4aad32acd2b5aacc57bb5068100cd100bf781c24ac486f4866c4,137,-0.564265564882872,0.01
3,0,all_agreeing_offsets,wholly_unseen,laplace,uniform,20.0,HU_plus_surface,0.001,14d4aa4637a3952a7fd3ce3da18d16eb06dcd853812d80290ec3d67e3b7cdad5,be04144b6b729fbdcd641ff289502e0092b27920ca5050a2a0af2fcc10e79c83,137,-0.5530192471514616,0.01
3,0,all_agreeing_offsets,wholly_unseen,laplace,uniform,20.0,HU_plus_surface,0.01,14d4aa4637a3952a7fd3ce3da18d16eb06dcd853812d80290ec3d67e3b7cdad5,f464712f3a3dff095e8ba1aaf4d5f95f1924c589ca78bfe63e0fb8418d6f6d25,137,-0.5515629384241063,0.01
3,0,all_agreeing_offsets,wholly_unseen,laplace,uniform,20.0,HU_plus_surface,0.1,14d4aa4637a3952a7fd3ce3da18d16eb06dcd853812d80290ec3d67e3b7cdad5,216ef3166ec05de2660401eb9386dca247f1cf8b3d454a3079eaf587fe58e14d,137,-0.6475601293794216,0.01
3,1,all_agreeing_offsets,wholly_unseen,laplace,uniform,20.0,HU_plus_surface,0.0,13a079af94e46f97cf9bd78dca9369cc9694a00172361b410848fb0439384c57,faf440ba6c3227060e831606101c8249e6cc1090d89b1fd731dd89c709143001,139,-0.5671042519152356,0.01
3,1,all_agreeing_offsets,wholly_unseen,laplace,uniform,20.0,HU_plus_surface,0.0001,13a079af94e46f97cf9bd78dca9369cc9694a00172361b410848fb0439384c57,8037f865fd2c5527308181b0634ad87bce47644b0736579150c2c947d03de12c,139,-0.564265564882872,0.01
3,1,all_agreeing_offsets,wholly_unseen,laplace,uniform,20.0,HU_plus_surface,0.001,13a079af94e46f97cf9bd78dca9369cc9694a00172361b410848fb0439384c57,195dcd6bb4ffa6c66fcc1f7dc9c39126594d8a9eb3e9ea87472604b8128fe1e6,139,-0.5530192471514616,0.01
3,1,all_agreeing_offsets,wholly_unseen,laplace,uniform,20.0,HU_plus_surface,0.01,13a079af94e46f97cf9bd78dca9369cc9694a00172361b410848fb0439384c57,8f3826f225398d97aba3f28c22453ae2adbf0dfdabff0cd3aed3262db48a307d,139,-0.5515629384241063,0.01
3,1,all_agreeing_offsets,wholly_unseen,laplace,uniform,20.0,HU_plus_surface,0.1,13a079af94e46f97cf9bd78dca9369cc9694a00172361b410848fb0439384c57,7c3f025e1aed917878cd0e88566c719dba156b512661d44bd40d0e8651814ee6,139,-0.6475601293794216,0.01
3,2,all_agreeing_offsets,wholly_unseen,laplace,uniform,20.0,HU_plus_surface,0.0,c987b1318e20fe8cc28abf40debc2ea1db6e17e61f72f092d3a4599fd1096ada,2f772476eff4907ef7ee4449736f52f83fc6556418e4d7155980f886079a4725,137,-0.5671042519152356,0.01
3,2,all_agreeing_offsets,wholly_unseen,laplace,uniform,20.0,HU_plus_surface,0.0001,c987b1318e20fe8cc28abf40debc2ea1db6e17e61f72f092d3a4599fd1096ada,7897bb20dc3cfe33c8042d52d3ff6e8225e3427541f9aac42812133f5e7bc0a8,137,-0.564265564882872,0.01
3,2,all_agreeing_offsets,wholly_unseen,laplace,uniform,20.0,HU_plus_surface,0.001,c987b1318e20fe8cc28abf40debc2ea1db6e17e61f72f092d3a4599fd1096ada,56c2a723912535b814990cdab11b27fa05c22d98ed4e0593008ba13fe07eda14,137,-0.5530192471514616,0.01
3,2,all_agreeing_offsets,wholly_unseen,laplace,uniform,20.0,HU_plus_surface,0.01,c987b1318e20fe8cc28abf40debc2ea1db6e17e61f72f092d3a4599fd1096ada,e63b7640f50b34517f2f1cf54235280f25a2e6eb1f600e48df35f6a53037fe76,137,-0.5515629384241063,0.01
3,2,all_agreeing_offsets,wholly_unseen,laplace,uniform,20.0,HU_plus_surface,0.1,c987b1318e20fe8cc28abf40debc2ea1db6e17e61f72f092d3a4599fd1096ada,58d148ce2ca3b5f57ba815dfae519b7877f1ea88dc6af6bf108f74d23a7c314a,137,-0.6475601293794216,0.01
3,0,all_agreeing_offsets,wholly_unseen,laplace,uniform,20.0,retention_bounded_plus_HU,0.0,14d4aa4637a3952a7fd3ce3da18d16eb06dcd853812d80290ec3d67e3b7cdad5,f434a67d93a3398c722169d7095a0fc4c7da4bd7efbe0049abd95d3f80cde99b,137,-0.582764866627007,0.01
3,0,all_agreeing_offsets,wholly_unseen,laplace,uniform,20.0,retention_bounded_plus_HU,0.0001,14d4aa4637a3952a7fd3ce3da18d16eb06dcd853812d80290ec3d67e3b7cdad5,d2a20ae64d7dd88c1093d503672ddcb17d23de458fa62ab41249db87935f532e,137,-0.578745495457958,0.01
3,0,all_agreeing_offsets,wholly_unseen,laplace,uniform,20.0,retention_bounded_plus_HU,0.001,14d4aa4637a3952a7fd3ce3da18d16eb06dcd853812d80290ec3d67e3b7cdad5,4e29979e74939d502e649d4179cee86d03ebed440396169565b1e678f3419c8a,137,-0.5603147752197245,0.01
3,0,all_agreeing_offsets,wholly_unseen,laplace,uniform,20.0,retention_bounded_plus_HU,0.01,14d4aa4637a3952a7fd3ce3da18d16eb06dcd853812d80290ec3d67e3b7cdad5,bfd91cc56d5390595686baa720b647a44a4f9ed961067ff59a6f4c3a4f1e570f,137,-0.5456681038360164,0.01
3,0,all_agreeing_offsets,wholly_unseen,laplace,uniform,20.0,retention_bounded_plus_HU,0.1,14d4aa4637a3952a7fd3ce3da18d16eb06dcd853812d80290ec3d67e3b7cdad5,8b357834c8e1befaa7b6b1fc2b4ffd1c43b061d7552a8d3f1fc8c11b9c23320b,137,-0.597238879435717,0.01
3,1,all_agreeing_offsets,wholly_unseen,laplace,uniform,20.0,retention_bounded_plus_HU,0.0,13a079af94e46f97cf9bd78dca9369cc9694a00172361b410848fb0439384c57,0139ee6e53ad974080d4938624b0934b453f5549ccf5b9b1886e54f72e180b74,139,-0.582764866627007,0.01
3,1,all_agreeing_offsets,wholly_unseen,laplace,uniform,20.0,retention_bounded_plus_HU,0.0001,13a079af94e46f97cf9bd78dca9369cc9694a00172361b410848fb0439384c57,6c4bb128b88bbaef614db199309116010a8b264b5a9bf8a4b4114be15435733f,139,-0.578745495457958,0.01
3,1,all_agreeing_offsets,wholly_unseen,laplace,uniform,20.0,retention_bounded_plus_HU,0.001,13a079af94e46f97cf9bd78dca9369cc9694a00172361b410848fb0439384c57,5d94d3308b6680f50ea492ccb7b3a18f78a9c1eb8ac495b10bac2d6dd83df778,139,-0.5603147752197245,0.01
3,1,all_agreeing_offsets,wholly_unseen,laplace,uniform,20.0,retention_bounded_plus_HU,0.01,13a079af94e46f97cf9bd78dca9369cc9694a00172361b410848fb0439384c57,e64f3a2398080f1f39d1b74327ed3e617f8ac0ab09da1164e5befd6038c3f9c8,139,-0.5456681038360164,0.01
3,1,all_agreeing_offsets,wholly_unseen,laplace,uniform,20.0,retention_bounded_plus_HU,0.1,13a079af94e46f97cf9bd78dca9369cc9694a00172361b410848fb0439384c57,ddeea70c022dcc5fb28424e397d80584c53297b9dc9b118b4764763d8406c9f5,139,-0.597238879435717,0.01
3,2,all_agreeing_offsets,wholly_unseen,laplace,uniform,20.0,retention_bounded_plus_HU,0.0,c987b1318e20fe8cc28abf40debc2ea1db6e17e61f72f092d3a4599fd1096ada,0b0ccd0bb1d78d16bb985ecce5d25211a77a650729e4aafe76f3e44e6c3f2136,137,-0.582764866627007,0.01
3,2,all_agreeing_offsets,wholly_unseen,laplace,uniform,20.0,retention_bounded_plus_HU,0.0001,c987b1318e20fe8cc28abf40debc2ea1db6e17e61f72f092d3a4599fd1096ada,b8035535d9a9ace67d270d0ac598debe6eb102896a2b7e528ed150aff0a79f3c,137,-0.578745495457958,0.01
3,2,all_agreeing_offsets,wholly_unseen,laplace,uniform,20.0,retention_bounded_plus_HU,0.001,c987b1318e20fe8cc28abf40debc2ea1db6e17e61f72f092d3a4599fd1096ada,410939bb2a2bfaec773aef76392fc6fbd319105c96889583dfac233d54a9196c,137,-0.5603147752197245,0.01
3,2,all_agreeing_offsets,wholly_unseen,laplace,uniform,20.0,retention_bounded_plus_HU,0.01,c987b1318e20fe8cc28abf40debc2ea1db6e17e61f72f092d3a4599fd1096ada,63d5bae497928a7b221c50365dbc58e234e47a6fa8c88bb14897e968f0abab41,137,-0.5456681038360164,0.01
3,2,all_agreeing_offsets,wholly_unseen,laplace,uniform,20.0,retention_bounded_plus_HU,0.1,c987b1318e20fe8cc28abf40debc2ea1db6e17e61f72f092d3a4599fd1096ada,064d047ea07c3150d572d47e9221d22bd97155a7b6d09baefd2cae8821f2e288,137,-0.597238879435717,0.01
3,0,all_agreeing_offsets,wholly_unseen,gh80,uniform,20.0,HU_plus_surface,0.0,14d4aa4637a3952a7fd3ce3da18d16eb06dcd853812d80290ec3d67e3b7cdad5,1e8270270a433bd99c42c4662d8fbf459434cff56a7812dee4e61fc7fa062d58,137,-0.5609820644637862,0.001
3,0,all_agreeing_offsets,wholly_unseen,gh80,uniform,20.0,HU_plus_surface,0.0001,14d4aa4637a3952a7fd3ce3da18d16eb06dcd853812d80290ec3d67e3b7cdad5,03e2b5b3dbe362306eadae836910c3fe27c878f428b1e9643f9a26c8d153e650,137,-0.558544069558292,0.001
3,0,all_agreeing_offsets,wholly_unseen,gh80,uniform,20.0,HU_plus_surface,0.001,14d4aa4637a3952a7fd3ce3da18d16eb06dcd853812d80290ec3d67e3b7cdad5,8fa71765dec2afb91af8b16e13c80ab92434a9a22f51da8e45fc1ec05467aaf4,137,-0.5486641527188428,0.001
3,0,all_agreeing_offsets,wholly_unseen,gh80,uniform,20.0,HU_plus_surface,0.01,14d4aa4637a3952a7fd3ce3da18d16eb06dcd853812d80290ec3d67e3b7cdad5,b7d57d1c83af0184978338de372881e2bfefc18ee2fa49b72c5a2a94ee41eb1b,137,-0.5495418733767137,0.001
3,0,all_agreeing_offsets,wholly_unseen,gh80,uniform,20.0,HU_plus_surface,0.1,14d4aa4637a3952a7fd3ce3da18d16eb06dcd853812d80290ec3d67e3b7cdad5,c0c50f529c3f2eed785b506cd56b241a92967ddd80df4db6905c9fd6babf9c2a,137,-0.6481032645765222,0.001
3,1,all_agreeing_offsets,wholly_unseen,gh80,uniform,20.0,HU_plus_surface,0.0,13a079af94e46f97cf9bd78dca9369cc9694a00172361b410848fb0439384c57,80ac263355312336bdf6354a310d2cc9944c12887136308a3651a558667b7f18,139,-0.5609820644637862,0.001
3,1,all_agreeing_offsets,wholly_unseen,gh80,uniform,20.0,HU_plus_surface,0.0001,13a079af94e46f97cf9bd78dca9369cc9694a00172361b410848fb0439384c57,72ec1ca0661fed9be1df0911411164cfb5a9b90259f904130580ea28c27d5973,139,-0.558544069558292,0.001
3,1,all_agreeing_offsets,wholly_unseen,gh80,uniform,20.0,HU_plus_surface,0.001,13a079af94e46f97cf9bd78dca9369cc9694a00172361b410848fb0439384c57,bb83b5215ae996088536d34221e4901398d5e1406d3f5c9f0c24b7a70c04df7c,139,-0.5486641527188428,0.001
3,1,all_agreeing_offsets,wholly_unseen,gh80,uniform,20.0,HU_plus_surface,0.01,13a079af94e46f97cf9bd78dca9369cc9694a00172361b410848fb0439384c57,54220acc943ac2d0fa08299168dddc669c9ab238d32777306ec004887fffc035,139,-0.5495418733767137,0.001
3,1,all_agreeing_offsets,wholly_unseen,gh80,uniform,20.0,HU_plus_surface,0.1,13a079af94e46f97cf9bd78dca9369cc9694a00172361b410848fb0439384c57,1af40b2bba82ae69c85acef09cd499728726fe353e6dc301d18e58f46f4c5864,139,-0.6481032645765222,0.001
3,2,all_agreeing_offsets,wholly_unseen,gh80,uniform,20.0,HU_plus_surface,0.0,c987b1318e20fe8cc28abf40debc2ea1db6e17e61f72f092d3a4599fd1096ada,246190b48f6bcff7234a66f30e93319949258b1e080ad5248a05988d961f9907,137,-0.5609820644637862,0.001
3,2,all_agreeing_offsets,wholly_unseen,gh80,uniform,20.0,HU_plus_surface,0.0001,c987b1318e20fe8cc28abf40debc2ea1db6e17e61f72f092d3a4599fd1096ada,004cf32a36c4d30accb413b81384c071292cd14652f5d2ebd17e4ab9d3a7520f,137,-0.558544069558292,0.001
3,2,all_agreeing_offsets,wholly_unseen,gh80,uniform,20.0,HU_plus_surface,0.001,c987b1318e20fe8cc28abf40debc2ea1db6e17e61f72f092d3a4599fd1096ada,15766c5869a49d70f1bfc70486af93c225754d3ca3f67b8c021c58710f519fcc,137,-0.5486641527188428,0.001
3,2,all_agreeing_offsets,wholly_unseen,gh80,uniform,20.0,HU_plus_surface,0.01,c987b1318e20fe8cc28abf40debc2ea1db6e17e61f72f092d3a4599fd1096ada,0a60e05fa6edfc0bba5519cf6baa1242a455b0a55d261763ba3c90a2ed8c0e22,137,-0.5495418733767137,0.001
3,2,all_agreeing_offsets,wholly_unseen,gh80,uniform,20.0,HU_plus_surface,0.1,c987b1318e20fe8cc28abf40debc2ea1db6e17e61f72f092d3a4599fd1096ada,2738242c17c8b8655be04c63e2eb94d3a2b357f466803f876ef3f5094cb4ac04,137,-0.6481032645765222,0.001
3,0,all_agreeing_offsets,wholly_unseen,gh80,uniform,20.0,retention_bounded_plus_HU,0.0,14d4aa4637a3952a7fd3ce3da18d16eb06dcd853812d80290ec3d67e3b7cdad5,a08c91827aa57526dd843fc92a1e3ff55302b7adb92d60c68942211909218918,137,-0.5867956048106807,0.01
3,0,all_agreeing_offsets,wholly_unseen,gh80,uniform,20.0,retention_bounded_plus_HU,0.0001,14d4aa4637a3952a7fd3ce3da18d16eb06dcd853812d80290ec3d67e3b7cdad5,27cc7934e7b957875fb4840ab93a6ca04609448f57624c1c9c5dcac6f3abdc15,137,-0.5832553008057486,0.01
3,0,all_agreeing_offsets,wholly_unseen,gh80,uniform,20.0,retention_bounded_plus_HU,0.001,14d4aa4637a3952a7fd3ce3da18d16eb06dcd853812d80290ec3d67e3b7cdad5,2a494f07a101b02d301bb72f6211807bea04cd5c8e81e72e982614cefeea7656,137,-0.5670383924540088,0.01
3,0,all_agreeing_offsets,wholly_unseen,gh80,uniform,20.0,retention_bounded_plus_HU,0.01,14d4aa4637a3952a7fd3ce3da18d16eb06dcd853812d80290ec3d67e3b7cdad5,594009a5332a3d03cf7d9eb0805fb8ec7a9a52c78793f177dca60128c8f0d11c,137,-0.5517165907906487,0.01
3,0,all_agreeing_offsets,wholly_unseen,gh80,uniform,20.0,retention_bounded_plus_HU,0.1,14d4aa4637a3952a7fd3ce3da18d16eb06dcd853812d80290ec3d67e3b7cdad5,310b50d6526462101e4bdddc18fe09d226be0a46ee3792210733986e204fa7b3,137,-0.6003949317138245,0.01
3,1,all_agreeing_offsets,wholly_unseen,gh80,uniform,20.0,retention_bounded_plus_HU,0.0,13a079af94e46f97cf9bd78dca9369cc9694a00172361b410848fb0439384c57,e4c7efd8c6ae316c6b1bae5e67bbf710eaf4cb2861adad6176dbcb356ac0d111,139,-0.5867956048106807,0.01
3,1,all_agreeing_offsets,wholly_unseen,gh80,uniform,20.0,retention_bounded_plus_HU,0.0001,13a079af94e46f97cf9bd78dca9369cc9694a00172361b410848fb0439384c57,96910c4b94be425cfa9af7b65a603e3a8f1be65b97ff0c253eeb412287f1c246,139,-0.5832553008057486,0.01
3,1,all_agreeing_offsets,wholly_unseen,gh80,uniform,20.0,retention_bounded_plus_HU,0.001,13a079af94e46f97cf9bd78dca9369cc9694a00172361b410848fb0439384c57,42e0c1d78ccab64ff48f58e0fd0903aa6a2035a34322764efa1894b38c632fc9,139,-0.5670383924540088,0.01
3,1,all_agreeing_offsets,wholly_unseen,gh80,uniform,20.0,retention_bounded_plus_HU,0.01,13a079af94e46f97cf9bd78dca9369cc9694a00172361b410848fb0439384c57,71469ba8bf475614d326a6a6e28c48caaaad11bf5cdfc42e64f6a9453d2140c8,139,-0.5517165907906487,0.01
3,1,all_agreeing_offsets,wholly_unseen,gh80,uniform,20.0,retention_bounded_plus_HU,0.1,13a079af94e46f97cf9bd78dca9369cc9694a00172361b410848fb0439384c57,349f176c9d5a7538e59c64da6afbf384bbb38818f333c2ee672db562d24f60d0,139,-0.6003949317138245,0.01
3,2,all_agreeing_offsets,wholly_unseen,gh80,uniform,20.0,retention_bounded_plus_HU,0.0,c987b1318e20fe8cc28abf40debc2ea1db6e17e61f72f092d3a4599fd1096ada,21c601292f216e2cf22e96fb9cd39585269a4a23ed228f0e868328456432406c,137,-0.5867956048106807,0.01
3,2,all_agreeing_offsets,wholly_unseen,gh80,uniform,20.0,retention_bounded_plus_HU,0.0001,c987b1318e20fe8cc28abf40debc2ea1db6e17e61f72f092d3a4599fd1096ada,b47d4f6099995ec940639501aaf5b5a4c3b5cd145002ccf8dbfd1a6007f28625,137,-0.5832553008057486,0.01
3,2,all_agreeing_offsets,wholly_unseen,gh80,uniform,20.0,retention_bounded_plus_HU,0.001,c987b1318e20fe8cc28abf40debc2ea1db6e17e61f72f092d3a4599fd1096ada,7ab77e4bb316579dd969cf340e32c176c0587d7dc27602d3a1032bc5ab2c5032,137,-0.5670383924540088,0.01
3,2,all_agreeing_offsets,wholly_unseen,gh80,uniform,20.0,retention_bounded_plus_HU,0.01,c987b1318e20fe8cc28abf40debc2ea1db6e17e61f72f092d3a4599fd1096ada,8eefbeff5daf3ca798deaa7f45269c71da46b03114a4759a4f3af249d9741431,137,-0.5517165907906487,0.01
3,2,all_agreeing_offsets,wholly_unseen,gh80,uniform,20.0,retention_bounded_plus_HU,0.1,c987b1318e20fe8cc28abf40debc2ea1db6e17e61f72f092d3a4599fd1096ada,faa3a61bda4e632c7273cf50e5f47c4d35c2ae160f2d06af70b22a176f92f036,137,-0.6003949317138245,0.01
3,0,unrounded_strict,side_informed,laplace,uniform,20.0,retention_bounded,0.0,c4eb3f123e007e47a54532da89e89ea0c8c912c499aa99c7e3e7b9b25f6d2546,0eb0d314ad28b28ca692c8cbe37c46119bcc8ae7c20013a032ecf07438d5f8e1,90,-0.350155223596316,0.01
3,0,unrounded_strict,side_informed,laplace,uniform,20.0,retention_bounded,0.0001,c4eb3f123e007e47a54532da89e89ea0c8c912c499aa99c7e3e7b9b25f6d2546,c7abc1347bf3aa0f463ceda19a55809457b8f1bf228ee9c51e17fb2024d5b066,90,-0.34917017314414284,0.01
3,0,unrounded_strict,side_informed,laplace,uniform,20.0,retention_bounded,0.001,c4eb3f123e007e47a54532da89e89ea0c8c912c499aa99c7e3e7b9b25f6d2546,37a57c66c2721479cef9b1d3a497c9f80e9f7ea200af1f9b581af00e90a18d4f,90,-0.3419377272986495,0.01
3,0,unrounded_strict,side_informed,laplace,uniform,20.0,retention_bounded,0.01,c4eb3f123e007e47a54532da89e89ea0c8c912c499aa99c7e3e7b9b25f6d2546,3f5ab56abb29ddde190485e568600575cd2b22f9a8cfa504140861e664bfd1f8,90,-0.31795345833893596,0.01
3,0,unrounded_strict,side_informed,laplace,uniform,20.0,retention_bounded,0.1,c4eb3f123e007e47a54532da89e89ea0c8c912c499aa99c7e3e7b9b25f6d2546,6cf6ffcba397f06eeec2c346006e64abfa8c583b558e5c6975c86500fb2a4712,90,-0.34659781443571797,0.01
3,1,unrounded_strict,side_informed,laplace,uniform,20.0,retention_bounded,0.0,bd4f2b8222f5d8f25a1a26e699004ec9648cbfd0ce2295443873a4bdc7fc8819,c121b0cc37993ddcaa58851227d251e480f555be0097edbdcaec1b2ed4faf512,92,-0.350155223596316,0.01
3,1,unrounded_strict,side_informed,laplace,uniform,20.0,retention_bounded,0.0001,bd4f2b8222f5d8f25a1a26e699004ec9648cbfd0ce2295443873a4bdc7fc8819,b480a982f23bfa01a7057e8cb07e4d0063ef43c54d2e1958ceeed0f14777fe2d,92,-0.34917017314414284,0.01
3,1,unrounded_strict,side_informed,laplace,uniform,20.0,retention_bounded,0.001,bd4f2b8222f5d8f25a1a26e699004ec9648cbfd0ce2295443873a4bdc7fc8819,78889715875bae536f0c48c981a68fc2c96ac92e11debf35ee3f70d98199f832,92,-0.3419377272986495,0.01
3,1,unrounded_strict,side_informed,laplace,uniform,20.0,retention_bounded,0.01,bd4f2b8222f5d8f25a1a26e699004ec9648cbfd0ce2295443873a4bdc7fc8819,36783776a661cd9c61331eee3c6d26ad2625347071a044b9d1eab6d9c8f6e783,92,-0.31795345833893596,0.01
3,1,unrounded_strict,side_informed,laplace,uniform,20.0,retention_bounded,0.1,bd4f2b8222f5d8f25a1a26e699004ec9648cbfd0ce2295443873a4bdc7fc8819,f554f13a936e297ff90ee17f3aff79c461be600b2520679216009e08e1ef8733,92,-0.34659781443571797,0.01
3,2,unrounded_strict,side_informed,laplace,uniform,20.0,retention_bounded,0.0,ca6c1308be8aeb6c90081d7ac48ad09189e97b63d2259750e1b8e2714ae1846e,f2785a91c29e3392469345588d30b3d2ac35fb1d69d6ed30a5d24a48300ba815,89,-0.350155223596316,0.01
3,2,unrounded_strict,side_informed,laplace,uniform,20.0,retention_bounded,0.0001,ca6c1308be8aeb6c90081d7ac48ad09189e97b63d2259750e1b8e2714ae1846e,d12ac5725e650468a72790b4b9e9faf335016431d5d14ce000a7b06466042206,89,-0.34917017314414284,0.01
3,2,unrounded_strict,side_informed,laplace,uniform,20.0,retention_bounded,0.001,ca6c1308be8aeb6c90081d7ac48ad09189e97b63d2259750e1b8e2714ae1846e,5f064c4c9f7ae47447a90cd95511d8475f438d9ecd12e9a4238657e7329a90ba,89,-0.3419377272986495,0.01
3,2,unrounded_strict,side_informed,laplace,uniform,20.0,retention_bounded,0.01,ca6c1308be8aeb6c90081d7ac48ad09189e97b63d2259750e1b8e2714ae1846e,56dab591d5cd7406c776ed6d8d2eeb1daef1ca3e631208c6aba17396263b5931,89,-0.31795345833893596,0.01
3,2,unrounded_strict,side_informed,laplace,uniform,20.0,retention_bounded,0.1,ca6c1308be8aeb6c90081d7ac48ad09189e97b63d2259750e1b8e2714ae1846e,1588e7ef3bf55a4638743a450ef57d8e8bd78c33a9cb38a99ea7f41feab94d02,89,-0.34659781443571797,0.01
3,0,unrounded_strict,side_informed,laplace,uniform,20.0,retention_nonnegative,0.0,c4eb3f123e007e47a54532da89e89ea0c8c912c499aa99c7e3e7b9b25f6d2546,93f29be71a34c7446674086756ea32cb2597acc40a223d5faecfa62af4cb799c,90,-0.35015522353049006,0.01
3,0,unrounded_strict,side_informed,laplace,uniform,20.0,retention_nonnegative,0.0001,c4eb3f123e007e47a54532da89e89ea0c8c912c499aa99c7e3e7b9b25f6d2546,8754c7dc83fefd6daf751100ac2b0afba851bd50dace433af8e361adcf9d81c7,90,-0.34832692909265467,0.01
3,0,unrounded_strict,side_informed,laplace,uniform,20.0,retention_nonnegative,0.001,c4eb3f123e007e47a54532da89e89ea0c8c912c499aa99c7e3e7b9b25f6d2546,37b49c2eb44fcb6cc330344fe4c08f8bfca842c87e2274d47b0d93169e411ba2,90,-0.3392831194223771,0.01
3,0,unrounded_strict,side_informed,laplace,uniform,20.0,retention_nonnegative,0.01,c4eb3f123e007e47a54532da89e89ea0c8c912c499aa99c7e3e7b9b25f6d2546,f1d73c295e3e1ebbb377638782484580126fea1449475b711406183b5fa88ade,90,-0.33087379516438065,0.01
3,0,unrounded_strict,side_informed,laplace,uniform,20.0,retention_nonnegative,0.1,c4eb3f123e007e47a54532da89e89ea0c8c912c499aa99c7e3e7b9b25f6d2546,5a3fc0b612bd9c7551a02239bbbd0bd1179529fb412ec8c9fabe9c46d69c5555,90,-0.3941196635197674,0.01
3,1,unrounded_strict,side_informed,laplace,uniform,20.0,retention_nonnegative,0.0,bd4f2b8222f5d8f25a1a26e699004ec9648cbfd0ce2295443873a4bdc7fc8819,c90c9f32db804d80c25b69a8ee5689b2dfc6511eacbff5f593c5b16322531d86,92,-0.35015522353049006,0.01
3,1,unrounded_strict,side_informed,laplace,uniform,20.0,retention_nonnegative,0.0001,bd4f2b8222f5d8f25a1a26e699004ec9648cbfd0ce2295443873a4bdc7fc8819,fc0480068abd5e8ce8f60b854aeb9a3018b7aabd373531ac9b6a18c1efa850d5,92,-0.34832692909265467,0.01
3,1,unrounded_strict,side_informed,laplace,uniform,20.0,retention_nonnegative,0.001,bd4f2b8222f5d8f25a1a26e699004ec9648cbfd0ce2295443873a4bdc7fc8819,a3cc8018299e816a6bc187f145a5ee66e47599e0bde06a3c9cda5ac06d4179e2,92,-0.3392831194223771,0.01
3,1,unrounded_strict,side_informed,laplace,uniform,20.0,retention_nonnegative,0.01,bd4f2b8222f5d8f25a1a26e699004ec9648cbfd0ce2295443873a4bdc7fc8819,1bd55d68070528d1bac08deb520f7935eb6adc8a4f125da9434cc4c8e7601e10,92,-0.33087379516438065,0.01
3,1,unrounded_strict,side_informed,laplace,uniform,20.0,retention_nonnegative,0.1,bd4f2b8222f5d8f25a1a26e699004ec9648cbfd0ce2295443873a4bdc7fc8819,90ff7e4b94cc989b386b3a4364eb60a7174be3dd762d8fcbda21d825c3d5c311,92,-0.3941196635197674,0.01
3,2,unrounded_strict,side_informed,laplace,uniform,20.0,retention_nonnegative,0.0,ca6c1308be8aeb6c90081d7ac48ad09189e97b63d2259750e1b8e2714ae1846e,9eb3926ee28e4e81d8f7889b7ea6ac0394008f17e4db249f28d0b1b6b1c494b7,89,-0.35015522353049006,0.01
3,2,unrounded_strict,side_informed,laplace,uniform,20.0,retention_nonnegative,0.0001,ca6c1308be8aeb6c90081d7ac48ad09189e97b63d2259750e1b8e2714ae1846e,a1d6e85011578bb1c9a67a37695bef93cb6796129e36d846b4c7d7b8fb97e929,89,-0.34832692909265467,0.01
3,2,unrounded_strict,side_informed,laplace,uniform,20.0,retention_nonnegative,0.001,ca6c1308be8aeb6c90081d7ac48ad09189e97b63d2259750e1b8e2714ae1846e,b3fdbe88f7b043d35f2cc855d7de3f99a84dafd2d25ed811f432ed4e22cd86d1,89,-0.3392831194223771,0.01
3,2,unrounded_strict,side_informed,laplace,uniform,20.0,retention_nonnegative,0.01,ca6c1308be8aeb6c90081d7ac48ad09189e97b63d2259750e1b8e2714ae1846e,91c2594abc452964d3fe1001c82c5f162c9fbb834dc9340ad6d919fed73dcda3,89,-0.33087379516438065,0.01
3,2,unrounded_strict,side_informed,laplace,uniform,20.0,retention_nonnegative,0.1,ca6c1308be8aeb6c90081d7ac48ad09189e97b63d2259750e1b8e2714ae1846e,bfd0139a553ee4cf060835da41ec7b8fe577281e6cbc6da289dafe354b13d7db,89,-0.3941196635197674,0.01
3,0,unrounded_strict,side_informed,laplace,uniform,20.0,current_only,0.0,c4eb3f123e007e47a54532da89e89ea0c8c912c499aa99c7e3e7b9b25f6d2546,b4a35ad1a80628172c1682f6ecebe975995892c61c4a7c9c4670401fdd7e96be,90,-0.623909331749005,0.1
3,0,unrounded_strict,side_informed,laplace,uniform,20.0,current_only,0.0001,c4eb3f123e007e47a54532da89e89ea0c8c912c499aa99c7e3e7b9b25f6d2546,26bcc9ba9eb964c40550602956be68157a7e2a98fa6e9c4ead4aaf2dcbb6bf98,90,-0.6234959378937988,0.1
3,0,unrounded_strict,side_informed,laplace,uniform,20.0,current_only,0.001,c4eb3f123e007e47a54532da89e89ea0c8c912c499aa99c7e3e7b9b25f6d2546,de9b9b87c618672af11b88ab2ad9faafef1d65be0ebfa5241eec7e6d7c83c543,90,-0.6199513385476595,0.1
3,0,unrounded_strict,side_informed,laplace,uniform,20.0,current_only,0.01,c4eb3f123e007e47a54532da89e89ea0c8c912c499aa99c7e3e7b9b25f6d2546,69515f740182eeae7bbdf640d9b35c53f4590e229584af7c01a9ea88ee141501,90,-0.595934657944349,0.1
3,0,unrounded_strict,side_informed,laplace,uniform,20.0,current_only,0.1,c4eb3f123e007e47a54532da89e89ea0c8c912c499aa99c7e3e7b9b25f6d2546,bca9341d9dda9bc46aca47585802cf48cb7706bfd3a582af338f72248af2f7ac,90,-0.5688662769919728,0.1
3,1,unrounded_strict,side_informed,laplace,uniform,20.0,current_only,0.0,bd4f2b8222f5d8f25a1a26e699004ec9648cbfd0ce2295443873a4bdc7fc8819,1404da1a576e244f1eed5387290d547a31ffc6f7f973bf57ee3898789b283e32,92,-0.623909331749005,0.1
3,1,unrounded_strict,side_informed,laplace,uniform,20.0,current_only,0.0001,bd4f2b8222f5d8f25a1a26e699004ec9648cbfd0ce2295443873a4bdc7fc8819,5720a5b8ae84226d6fc7d7cf4b51c922d2e0bf195f194a366872963a3fa0519c,92,-0.6234959378937988,0.1
3,1,unrounded_strict,side_informed,laplace,uniform,20.0,current_only,0.001,bd4f2b8222f5d8f25a1a26e699004ec9648cbfd0ce2295443873a4bdc7fc8819,145107997a2066218896f5d22d69ed396d733f7822333d07b058c25510df791d,92,-0.6199513385476595,0.1
3,1,unrounded_strict,side_informed,laplace,uniform,20.0,current_only,0.01,bd4f2b8222f5d8f25a1a26e699004ec9648cbfd0ce2295443873a4bdc7fc8819,e1a5dd2ae64b15ec0b7c6a8ddebf2995ed47398d19fd2bbd5d32f5e0df7cb39b,92,-0.595934657944349,0.1
3,1,unrounded_strict,side_informed,laplace,uniform,20.0,current_only,0.1,bd4f2b8222f5d8f25a1a26e699004ec9648cbfd0ce2295443873a4bdc7fc8819,dbd878b2d163f6fc92c93b08e6e9c506e3575b4df7cfaf10f1703a235ddb7de4,92,-0.5688662769919728,0.1
3,2,unrounded_strict,side_informed,laplace,uniform,20.0,current_only,0.0,ca6c1308be8aeb6c90081d7ac48ad09189e97b63d2259750e1b8e2714ae1846e,34d49fb1e4f54e935cfef6ca6f038aa5f3dfa28f24277709587a72bfe9e07e15,89,-0.623909331749005,0.1
3,2,unrounded_strict,side_informed,laplace,uniform,20.0,current_only,0.0001,ca6c1308be8aeb6c90081d7ac48ad09189e97b63d2259750e1b8e2714ae1846e,7b5888e9c8cbb7a684fa68852192bd82444ddc91dbb38fdff5858b9d108a7ebc,89,-0.6234959378937988,0.1
3,2,unrounded_strict,side_informed,laplace,uniform,20.0,current_only,0.001,ca6c1308be8aeb6c90081d7ac48ad09189e97b63d2259750e1b8e2714ae1846e,fd84fac6495f90009d1aa1e992abea8ea61a3cccfeeea54e4014368207d84c0e,89,-0.6199513385476595,0.1
3,2,unrounded_strict,side_informed,laplace,uniform,20.0,current_only,0.01,ca6c1308be8aeb6c90081d7ac48ad09189e97b63d2259750e1b8e2714ae1846e,6eba0e7dacb582d7df910a340b39e40144d6e6a3dcca0f125843cd47c03e0efe,89,-0.595934657944349,0.1
3,2,unrounded_strict,side_informed,laplace,uniform,20.0,current_only,0.1,ca6c1308be8aeb6c90081d7ac48ad09189e97b63d2259750e1b8e2714ae1846e,acbc5e596c253298ae64bc51d77530209504af60d59a7fe9e685aab43dadb52c,89,-0.5688662769919728,0.1
3,0,unrounded_strict,side_informed,laplace,uniform,20.0,input_plus_surface,0.0,c4eb3f123e007e47a54532da89e89ea0c8c912c499aa99c7e3e7b9b25f6d2546,c173299910a38e404bca2975c0be928f44db575dcdf44791b729e1118e6a9fa6,90,-0.3234428347598115,0.01
3,0,unrounded_strict,side_informed,laplace,uniform,20.0,input_plus_surface,0.0001,c4eb3f123e007e47a54532da89e89ea0c8c912c499aa99c7e3e7b9b25f6d2546,9a3451a6e8310f6d87b9f289f3e83074929f1ef19160d8c558d88153e54cebea,90,-0.32218394870632855,0.01
3,0,unrounded_strict,side_informed,laplace,uniform,20.0,input_plus_surface,0.001,c4eb3f123e007e47a54532da89e89ea0c8c912c499aa99c7e3e7b9b25f6d2546,39a6a092afe0ab3cd9a5afc0538e4427cd7d591e343e9e01158021ccbe82227e,90,-0.31416791149890017,0.01
3,0,unrounded_strict,side_informed,laplace,uniform,20.0,input_plus_surface,0.01,c4eb3f123e007e47a54532da89e89ea0c8c912c499aa99c7e3e7b9b25f6d2546,f6b145d81efc049aa46450d344ead9bb4fa765dc7976846614adab6fe699ae2d,90,-0.2979790601624819,0.01
3,0,unrounded_strict,side_informed,laplace,uniform,20.0,input_plus_surface,0.1,c4eb3f123e007e47a54532da89e89ea0c8c912c499aa99c7e3e7b9b25f6d2546,0cee0793c222ee8eceb10c5ff6ab8a36c04988f237f447ec1e212654a5ac2b0b,90,-0.3564643816803437,0.01
3,1,unrounded_strict,side_informed,laplace,uniform,20.0,input_plus_surface,0.0,bd4f2b8222f5d8f25a1a26e699004ec9648cbfd0ce2295443873a4bdc7fc8819,772d85aa27cabcdce953e30bef004aac3031addc44eaeb9764f14cb0a7405483,92,-0.3234428347598115,0.01
3,1,unrounded_strict,side_informed,laplace,uniform,20.0,input_plus_surface,0.0001,bd4f2b8222f5d8f25a1a26e699004ec9648cbfd0ce2295443873a4bdc7fc8819,921f66b56e7491c46c07808d87194c1967a8de2a9cceb44034284b18f26c62b2,92,-0.32218394870632855,0.01
3,1,unrounded_strict,side_informed,laplace,uniform,20.0,input_plus_surface,0.001,bd4f2b8222f5d8f25a1a26e699004ec9648cbfd0ce2295443873a4bdc7fc8819,581df426481517580277f3c2c9e1ff1587cafb6c14ddb2f4b35fb38e2bcf810f,92,-0.31416791149890017,0.01
3,1,unrounded_strict,side_informed,laplace,uniform,20.0,input_plus_surface,0.01,bd4f2b8222f5d8f25a1a26e699004ec9648cbfd0ce2295443873a4bdc7fc8819,f9f407ea459e13ca277d78c2d84fbd247d536eacfc2f6bb0a215237c1f2bddb7,92,-0.2979790601624819,0.01
3,1,unrounded_strict,side_informed,laplace,uniform,20.0,input_plus_surface,0.1,bd4f2b8222f5d8f25a1a26e699004ec9648cbfd0ce2295443873a4bdc7fc8819,b8aad5b563f170b3556ac921f81679a076342cfd83019e0a34d0a2054a1b7242,92,-0.3564643816803437,0.01
3,2,unrounded_strict,side_informed,laplace,uniform,20.0,input_plus_surface,0.0,ca6c1308be8aeb6c90081d7ac48ad09189e97b63d2259750e1b8e2714ae1846e,5f7cf76f347e90025222950e9956b714101c94362b285d75e3de2fb6a1c0364a,89,-0.3234428347598115,0.01
3,2,unrounded_strict,side_informed,laplace,uniform,20.0,input_plus_surface,0.0001,ca6c1308be8aeb6c90081d7ac48ad09189e97b63d2259750e1b8e2714ae1846e,6b275d25d77f0bf8fb9526c63beca3e8f71e2dc686942f55ef12acbc7f00113a,89,-0.32218394870632855,0.01
3,2,unrounded_strict,side_informed,laplace,uniform,20.0,input_plus_surface,0.001,ca6c1308be8aeb6c90081d7ac48ad09189e97b63d2259750e1b8e2714ae1846e,2688a3ad6c827fe6ea7bf8e19ac5ec8984f57194001cafc35454282e5e274ff8,89,-0.31416791149890017,0.01
3,2,unrounded_strict,side_informed,laplace,uniform,20.0,input_plus_surface,0.01,ca6c1308be8aeb6c90081d7ac48ad09189e97b63d2259750e1b8e2714ae1846e,ac722e225cbd7ba42693c5f1a6e25d24266f8d0cda69e0fff2df694f43bc9fbc,89,-0.2979790601624819,0.01
3,2,unrounded_strict,side_informed,laplace,uniform,20.0,input_plus_surface,0.1,ca6c1308be8aeb6c90081d7ac48ad09189e97b63d2259750e1b8e2714ae1846e,a1094f6fbe00875e44f11f4bc97a080239f07e2dcd520c0b0216a656b8b65ff5,89,-0.3564643816803437,0.01
3,0,unrounded_strict,side_informed,laplace,uniform,20.0,HU_plus_surface,0.0,c4eb3f123e007e47a54532da89e89ea0c8c912c499aa99c7e3e7b9b25f6d2546,74e2d4c4c67524f02587ee15b59a099f43929abefc156ef0a1df4467e15a1c41,90,-0.3047682489616091,0.01
3,0,unrounded_strict,side_informed,laplace,uniform,20.0,HU_plus_surface,0.0001,c4eb3f123e007e47a54532da89e89ea0c8c912c499aa99c7e3e7b9b25f6d2546,a91956dc5e3e237f208e95c28c7b23593a832590b7b2ef5337cd0a9e24ff93ea,90,-0.303518949425215,0.01
3,0,unrounded_strict,side_informed,laplace,uniform,20.0,HU_plus_surface,0.001,c4eb3f123e007e47a54532da89e89ea0c8c912c499aa99c7e3e7b9b25f6d2546,2c5dd8eb72d58191b7e0ecc30c4f6c2a50d33482a59988b67b0d7eb4fb37b31e,90,-0.29580314106665245,0.01
3,0,unrounded_strict,side_informed,laplace,uniform,20.0,HU_plus_surface,0.01,c4eb3f123e007e47a54532da89e89ea0c8c912c499aa99c7e3e7b9b25f6d2546,1050e92e5fa05393ae45adac768d49977f268b8b55dbc95700f3bdc60b770ead,90,-0.28276873526912905,0.01
3,0,unrounded_strict,side_informed,laplace,uniform,20.0,HU_plus_surface,0.1,c4eb3f123e007e47a54532da89e89ea0c8c912c499aa99c7e3e7b9b25f6d2546,d03858a92014cafbe9d59d93b3b513405943131fe16e3e8f9e0d15d7b1bb6b96,90,-0.34916461905890694,0.01
3,1,unrounded_strict,side_informed,laplace,uniform,20.0,HU_plus_surface,0.0,bd4f2b8222f5d8f25a1a26e699004ec9648cbfd0ce2295443873a4bdc7fc8819,c2b9539aad4f9dbdfb31c99e44b28adf8201597ba01729c8c84ea1f80af321cb,92,-0.3047682489616091,0.01
3,1,unrounded_strict,side_informed,laplace,uniform,20.0,HU_plus_surface,0.0001,bd4f2b8222f5d8f25a1a26e699004ec9648cbfd0ce2295443873a4bdc7fc8819,7c18c85c3946fbe457a11a2c21f0a75c5db2f013e1c8fa60378a3e4e1934af36,92,-0.303518949425215,0.01
3,1,unrounded_strict,side_informed,laplace,uniform,20.0,HU_plus_surface,0.001,bd4f2b8222f5d8f25a1a26e699004ec9648cbfd0ce2295443873a4bdc7fc8819,63f5a86277790ee2e7c614603aaee4c8443a90fada29fd93d96c86f532ee3464,92,-0.29580314106665245,0.01
3,1,unrounded_strict,side_informed,laplace,uniform,20.0,HU_plus_surface,0.01,bd4f2b8222f5d8f25a1a26e699004ec9648cbfd0ce2295443873a4bdc7fc8819,7155a99629c17aea8adb0b73ed2ebeeaf174ea8b2d8c275bb2baf0e5d30e2879,92,-0.28276873526912905,0.01
3,1,unrounded_strict,side_informed,laplace,uniform,20.0,HU_plus_surface,0.1,bd4f2b8222f5d8f25a1a26e699004ec9648cbfd0ce2295443873a4bdc7fc8819,4b93d7613193006a94b38b05b9bbd0e8ae1973c988824684eca1b0fe603db6e2,92,-0.34916461905890694,0.01
3,2,unrounded_strict,side_informed,laplace,uniform,20.0,HU_plus_surface,0.0,ca6c1308be8aeb6c90081d7ac48ad09189e97b63d2259750e1b8e2714ae1846e,bd321d1166d623b377ba87917fd44741bb4ff3fca6f78684db8635dc354df184,89,-0.3047682489616091,0.01
3,2,unrounded_strict,side_informed,laplace,uniform,20.0,HU_plus_surface,0.0001,ca6c1308be8aeb6c90081d7ac48ad09189e97b63d2259750e1b8e2714ae1846e,2cc1063749985545a54f871e36ff43841a320fec557aa5c90f74b0b840fbf3bd,89,-0.303518949425215,0.01
3,2,unrounded_strict,side_informed,laplace,uniform,20.0,HU_plus_surface,0.001,ca6c1308be8aeb6c90081d7ac48ad09189e97b63d2259750e1b8e2714ae1846e,b424e6d9afd7eba0b6c0815420dc63d91f6b7ac27112719f9c26c0cdc7e68200,89,-0.29580314106665245,0.01
3,2,unrounded_strict,side_informed,laplace,uniform,20.0,HU_plus_surface,0.01,ca6c1308be8aeb6c90081d7ac48ad09189e97b63d2259750e1b8e2714ae1846e,567ee9b8613ce300ceb6b9430b269dcc414a39422bb53f89129b98a819e34997,89,-0.28276873526912905,0.01
3,2,unrounded_strict,side_informed,laplace,uniform,20.0,HU_plus_surface,0.1,ca6c1308be8aeb6c90081d7ac48ad09189e97b63d2259750e1b8e2714ae1846e,2de45d7285065661f4302f1c0e04a692aff2e5090f5b00133353ee5d00842df8,89,-0.34916461905890694,0.01
3,0,unrounded_strict,side_informed,laplace,uniform,20.0,retention_bounded_plus_HU,0.0,c4eb3f123e007e47a54532da89e89ea0c8c912c499aa99c7e3e7b9b25f6d2546,d7a586d80d7aa1e8dbc8628b3756573a6699f43deaf287dd159bb9f6d978e3e2,90,-0.3191086084320038,0.01
3,0,unrounded_strict,side_informed,laplace,uniform,20.0,retention_bounded_plus_HU,0.0001,c4eb3f123e007e47a54532da89e89ea0c8c912c499aa99c7e3e7b9b25f6d2546,4b729a343a12b66e1d9e9b540cc8a5eb80e3b47630830afeedb4760d350bbaef,90,-0.31867147420450603,0.01
3,0,unrounded_strict,side_informed,laplace,uniform,20.0,retention_bounded_plus_HU,0.001,c4eb3f123e007e47a54532da89e89ea0c8c912c499aa99c7e3e7b9b25f6d2546,81329f496f3fe97f559d73fb68cfab2e11218a68830dd1ca7bb6ae9c22678255,90,-0.31435598359110245,0.01
3,0,unrounded_strict,side_informed,laplace,uniform,20.0,retention_bounded_plus_HU,0.01,c4eb3f123e007e47a54532da89e89ea0c8c912c499aa99c7e3e7b9b25f6d2546,9283466dfeeb147d03b77603ff40cc94375ecc31f58497852039a86a98128a49,90,-0.30076474261164715,0.01
3,0,unrounded_strict,side_informed,laplace,uniform,20.0,retention_bounded_plus_HU,0.1,c4eb3f123e007e47a54532da89e89ea0c8c912c499aa99c7e3e7b9b25f6d2546,ef01d60a5ac90356fb6ccde22c454bc58ee1db1fa4fc4348b687ab9076d9ac2b,90,-0.31658170324548773,0.01
3,1,unrounded_strict,side_informed,laplace,uniform,20.0,retention_bounded_plus_HU,0.0,bd4f2b8222f5d8f25a1a26e699004ec9648cbfd0ce2295443873a4bdc7fc8819,e32ef88a332f8a447281339739e005c7bee3272fda3cee556c0ef4524ba1cfc7,92,-0.3191086084320038,0.01
3,1,unrounded_strict,side_informed,laplace,uniform,20.0,retention_bounded_plus_HU,0.0001,bd4f2b8222f5d8f25a1a26e699004ec9648cbfd0ce2295443873a4bdc7fc8819,77aa6a1b8f8d1118b3e2954cb1490ccb7916fac0cb705605c0dfd7aa538663fc,92,-0.31867147420450603,0.01
3,1,unrounded_strict,side_informed,laplace,uniform,20.0,retention_bounded_plus_HU,0.001,bd4f2b8222f5d8f25a1a26e699004ec9648cbfd0ce2295443873a4bdc7fc8819,1135b3fed04e27712f689dadda4f8c3b41ba808022b7a2c9a5a86ee1d438d699,92,-0.31435598359110245,0.01
3,1,unrounded_strict,side_informed,laplace,uniform,20.0,retention_bounded_plus_HU,0.01,bd4f2b8222f5d8f25a1a26e699004ec9648cbfd0ce2295443873a4bdc7fc8819,3edf72076be0523b60424aff172e79c67d4949f66314aef7843af6184f595980,92,-0.30076474261164715,0.01
3,1,unrounded_strict,side_informed,laplace,uniform,20.0,retention_bounded_plus_HU,0.1,bd4f2b8222f5d8f25a1a26e699004ec9648cbfd0ce2295443873a4bdc7fc8819,aa4fe86d52a6e87cf636625573c71b8f5bb909609ba3c8c06e4eb01368768597,92,-0.31658170324548773,0.01
3,2,unrounded_strict,side_informed,laplace,uniform,20.0,retention_bounded_plus_HU,0.0,ca6c1308be8aeb6c90081d7ac48ad09189e97b63d2259750e1b8e2714ae1846e,441cef3fb1980140869bb67f61b152eb4613571f843e5123b6635fd5de413b4d,89,-0.3191086084320038,0.01
3,2,unrounded_strict,side_informed,laplace,uniform,20.0,retention_bounded_plus_HU,0.0001,ca6c1308be8aeb6c90081d7ac48ad09189e97b63d2259750e1b8e2714ae1846e,81491d430db5d485a5ee1f5805ed4f60eb565d9d326888843f7a1f0db3623fc7,89,-0.31867147420450603,0.01
3,2,unrounded_strict,side_informed,laplace,uniform,20.0,retention_bounded_plus_HU,0.001,ca6c1308be8aeb6c90081d7ac48ad09189e97b63d2259750e1b8e2714ae1846e,1b313773a30e7dc79380b86b431fdabba3909a6f13f7c394dd9b80347a8a6c02,89,-0.31435598359110245,0.01
3,2,unrounded_strict,side_informed,laplace,uniform,20.0,retention_bounded_plus_HU,0.01,ca6c1308be8aeb6c90081d7ac48ad09189e97b63d2259750e1b8e2714ae1846e,ebf4f24320b3737bcb823d00ed6bd0b98c38d638d594dcccedfb30f3fde4d041,89,-0.30076474261164715,0.01
3,2,unrounded_strict,side_informed,laplace,uniform,20.0,retention_bounded_plus_HU,0.1,ca6c1308be8aeb6c90081d7ac48ad09189e97b63d2259750e1b8e2714ae1846e,ae932f4a8dd65de88285e9f0bc7725039a7d9af615a08460d72417dbd7611ce7,89,-0.31658170324548773,0.01
3,0,unrounded_strict,side_informed,gh80,uniform,20.0,HU_plus_surface,0.0,c4eb3f123e007e47a54532da89e89ea0c8c912c499aa99c7e3e7b9b25f6d2546,bb6978fc84dcb077acb5550db5f8c0f58b0e087d4dc78f2e59fac91ff4aac87a,90,-0.31158523347146094,0.01
3,0,unrounded_strict,side_informed,gh80,uniform,20.0,HU_plus_surface,0.0001,c4eb3f123e007e47a54532da89e89ea0c8c912c499aa99c7e3e7b9b25f6d2546,81f784ada6f8a3c9b022609d8dc846585537be7d9fa9ad70f2a741a9818e76fc,90,-0.3102399081314993,0.01
3,0,unrounded_strict,side_informed,gh80,uniform,20.0,HU_plus_surface,0.001,c4eb3f123e007e47a54532da89e89ea0c8c912c499aa99c7e3e7b9b25f6d2546,461c4c07fc74ddc54d4364145f679536edfb716897fde53f4039a733bad11b50,90,-0.30182798336892486,0.01
3,0,unrounded_strict,side_informed,gh80,uniform,20.0,HU_plus_surface,0.01,c4eb3f123e007e47a54532da89e89ea0c8c912c499aa99c7e3e7b9b25f6d2546,c1d9a3ea03eb140701f24e16bf2995bae6932edbb676d9178d0da7e7532224d6,90,-0.2867144557831763,0.01
3,0,unrounded_strict,side_informed,gh80,uniform,20.0,HU_plus_surface,0.1,c4eb3f123e007e47a54532da89e89ea0c8c912c499aa99c7e3e7b9b25f6d2546,1ec6f37fd206034a51e60e0d9de37583fb877b59d27f903c5a896e754805a79a,90,-0.35163728479010925,0.01
3,1,unrounded_strict,side_informed,gh80,uniform,20.0,HU_plus_surface,0.0,bd4f2b8222f5d8f25a1a26e699004ec9648cbfd0ce2295443873a4bdc7fc8819,e41f150a44731e1d0cf9668cf2e554b8e559a40c7f7eddf1d537a165f67f626c,92,-0.31158523347146094,0.01
3,1,unrounded_strict,side_informed,gh80,uniform,20.0,HU_plus_surface,0.0001,bd4f2b8222f5d8f25a1a26e699004ec9648cbfd0ce2295443873a4bdc7fc8819,f6b5f7c4999510e85c42e6a75ea21086ce4902aea03b6c0e702f791a4c162927,92,-0.3102399081314993,0.01
3,1,unrounded_strict,side_informed,gh80,uniform,20.0,HU_plus_surface,0.001,bd4f2b8222f5d8f25a1a26e699004ec9648cbfd0ce2295443873a4bdc7fc8819,aec64de91690df54eb326eeae7751726ed6d98a1aeefe0f9fb885ec03a6ca0a1,92,-0.30182798336892486,0.01
3,1,unrounded_strict,side_informed,gh80,uniform,20.0,HU_plus_surface,0.01,bd4f2b8222f5d8f25a1a26e699004ec9648cbfd0ce2295443873a4bdc7fc8819,69683c6131c3dedcc5dc95c5b4c13d767c9dc3ea36d1f80d0e5e6ef6f6c35b12,92,-0.2867144557831763,0.01
3,1,unrounded_strict,side_informed,gh80,uniform,20.0,HU_plus_surface,0.1,bd4f2b8222f5d8f25a1a26e699004ec9648cbfd0ce2295443873a4bdc7fc8819,7347f75c960e383007a28f5952bd1da8da676c5c8aa5a05d51dcadd67ff4e70b,92,-0.35163728479010925,0.01
3,2,unrounded_strict,side_informed,gh80,uniform,20.0,HU_plus_surface,0.0,ca6c1308be8aeb6c90081d7ac48ad09189e97b63d2259750e1b8e2714ae1846e,58766c52ad38cabc6863b3ef82fcdc39089c06e4e8f243c5b7dc05bcf93bc5ea,89,-0.31158523347146094,0.01
3,2,unrounded_strict,side_informed,gh80,uniform,20.0,HU_plus_surface,0.0001,ca6c1308be8aeb6c90081d7ac48ad09189e97b63d2259750e1b8e2714ae1846e,8a3387dd086c46cd176e941a09f91f229345acf9160fa84971620314cd10c4dc,89,-0.3102399081314993,0.01
3,2,unrounded_strict,side_informed,gh80,uniform,20.0,HU_plus_surface,0.001,ca6c1308be8aeb6c90081d7ac48ad09189e97b63d2259750e1b8e2714ae1846e,535178527b17a81f51999da1aabca519ea433083b8a3362a16d91c5eeab3dff8,89,-0.30182798336892486,0.01
3,2,unrounded_strict,side_informed,gh80,uniform,20.0,HU_plus_surface,0.01,ca6c1308be8aeb6c90081d7ac48ad09189e97b63d2259750e1b8e2714ae1846e,f9f8b900aeb6f731aaf175176db81e4b19b78825723dfc9e5c7c7dff3463bea4,89,-0.2867144557831763,0.01
3,2,unrounded_strict,side_informed,gh80,uniform,20.0,HU_plus_surface,0.1,ca6c1308be8aeb6c90081d7ac48ad09189e97b63d2259750e1b8e2714ae1846e,f1cbd333ee37d0dcb863b6a503692070658d89c6948cc89b2c9c2009d8e0de55,89,-0.35163728479010925,0.01
3,0,unrounded_strict,side_informed,gh80,uniform,20.0,retention_bounded_plus_HU,0.0,c4eb3f123e007e47a54532da89e89ea0c8c912c499aa99c7e3e7b9b25f6d2546,24f80afb8015c7de950eacaf18111e65c2757077795b0779cc8013e2dc533378,90,-0.3223852526072684,0.01
3,0,unrounded_strict,side_informed,gh80,uniform,20.0,retention_bounded_plus_HU,0.0001,c4eb3f123e007e47a54532da89e89ea0c8c912c499aa99c7e3e7b9b25f6d2546,7d695863a42785b05c1c8b04c70f287477526f597dc5bb25aef84b263d5b13ab,90,-0.3217628433297286,0.01
3,0,unrounded_strict,side_informed,gh80,uniform,20.0,retention_bounded_plus_HU,0.001,c4eb3f123e007e47a54532da89e89ea0c8c912c499aa99c7e3e7b9b25f6d2546,26eee66fdd04f9841109eb449cce6da1ee00a7bbee343220b9f3aae011391d31,90,-0.31689860333437897,0.01
3,0,unrounded_strict,side_informed,gh80,uniform,20.0,retention_bounded_plus_HU,0.01,c4eb3f123e007e47a54532da89e89ea0c8c912c499aa99c7e3e7b9b25f6d2546,9581638010df0d2fb222728ff9583c4dca16b00cff63900978df4c492050759d,90,-0.302778758943307,0.01
3,0,unrounded_strict,side_informed,gh80,uniform,20.0,retention_bounded_plus_HU,0.1,c4eb3f123e007e47a54532da89e89ea0c8c912c499aa99c7e3e7b9b25f6d2546,38d9ee956d1182b1f63ff12f65b6b8aa904c9935bc5fa86bce2fc2081b165c40,90,-0.31811609067285496,0.01
3,1,unrounded_strict,side_informed,gh80,uniform,20.0,retention_bounded_plus_HU,0.0,bd4f2b8222f5d8f25a1a26e699004ec9648cbfd0ce2295443873a4bdc7fc8819,4f578228bbba78cda7e4cb966258e5561c63efbbae2e34b2eb5be9639ec619b0,92,-0.3223852526072684,0.01
3,1,unrounded_strict,side_informed,gh80,uniform,20.0,retention_bounded_plus_HU,0.0001,bd4f2b8222f5d8f25a1a26e699004ec9648cbfd0ce2295443873a4bdc7fc8819,39e8eed8aedc72684e9971b9be202f49f5af317c745173243a82b02c047e7f24,92,-0.3217628433297286,0.01
3,1,unrounded_strict,side_informed,gh80,uniform,20.0,retention_bounded_plus_HU,0.001,bd4f2b8222f5d8f25a1a26e699004ec9648cbfd0ce2295443873a4bdc7fc8819,b8f99f0b644d4287150fcf59f05e0da488b718370ac5b2c0259872cd30652511,92,-0.31689860333437897,0.01
3,1,unrounded_strict,side_informed,gh80,uniform,20.0,retention_bounded_plus_HU,0.01,bd4f2b8222f5d8f25a1a26e699004ec9648cbfd0ce2295443873a4bdc7fc8819,5aba8941595a71b7b4a55a955535fdf55a5e4dbe5f6daa78e94a59457c5fb58b,92,-0.302778758943307,0.01
3,1,unrounded_strict,side_informed,gh80,uniform,20.0,retention_bounded_plus_HU,0.1,bd4f2b8222f5d8f25a1a26e699004ec9648cbfd0ce2295443873a4bdc7fc8819,c8854956058f373be116ecf30f89cfa5fa82451f86d22373b272f12de1a348e7,92,-0.31811609067285496,0.01
3,2,unrounded_strict,side_informed,gh80,uniform,20.0,retention_bounded_plus_HU,0.0,ca6c1308be8aeb6c90081d7ac48ad09189e97b63d2259750e1b8e2714ae1846e,85a6b0cb4e4674544151409bb4c3f03742552114dda0ae921f507825396a9bd3,89,-0.3223852526072684,0.01
3,2,unrounded_strict,side_informed,gh80,uniform,20.0,retention_bounded_plus_HU,0.0001,ca6c1308be8aeb6c90081d7ac48ad09189e97b63d2259750e1b8e2714ae1846e,5fbedc4f2a26e64e0f7dfd6ad5dad4ce951f40d9372df618baf4502f9b11dba3,89,-0.3217628433297286,0.01
3,2,unrounded_strict,side_informed,gh80,uniform,20.0,retention_bounded_plus_HU,0.001,ca6c1308be8aeb6c90081d7ac48ad09189e97b63d2259750e1b8e2714ae1846e,ab4f75b5569121f3d01654a4a11d843f6a9a0e24f8188bdd864728edc9c98068,89,-0.31689860333437897,0.01
3,2,unrounded_strict,side_informed,gh80,uniform,20.0,retention_bounded_plus_HU,0.01,ca6c1308be8aeb6c90081d7ac48ad09189e97b63d2259750e1b8e2714ae1846e,02a0ec50d70bb261b4fbe8120c85f58388a265bced2e2fad902a7bc6888efc5a,89,-0.302778758943307,0.01
3,2,unrounded_strict,side_informed,gh80,uniform,20.0,retention_bounded_plus_HU,0.1,ca6c1308be8aeb6c90081d7ac48ad09189e97b63d2259750e1b8e2714ae1846e,2c9bc361158b7c178afaa3166a11646119bafb8fdb86dcf27c21626a84ffc90e,89,-0.31811609067285496,0.01
3,0,unrounded_strict,wholly_unseen,laplace,uniform,20.0,retention_bounded,0.0,c4eb3f123e007e47a54532da89e89ea0c8c912c499aa99c7e3e7b9b25f6d2546,0eb0d314ad28b28ca692c8cbe37c46119bcc8ae7c20013a032ecf07438d5f8e1,90,-0.7221936279961908,0.01
3,0,unrounded_strict,wholly_unseen,laplace,uniform,20.0,retention_bounded,0.0001,c4eb3f123e007e47a54532da89e89ea0c8c912c499aa99c7e3e7b9b25f6d2546,c7abc1347bf3aa0f463ceda19a55809457b8f1bf228ee9c51e17fb2024d5b066,90,-0.7195001980745501,0.01
3,0,unrounded_strict,wholly_unseen,laplace,uniform,20.0,retention_bounded,0.001,c4eb3f123e007e47a54532da89e89ea0c8c912c499aa99c7e3e7b9b25f6d2546,37a57c66c2721479cef9b1d3a497c9f80e9f7ea200af1f9b581af00e90a18d4f,90,-0.6997967283952908,0.01
3,0,unrounded_strict,wholly_unseen,laplace,uniform,20.0,retention_bounded,0.01,c4eb3f123e007e47a54532da89e89ea0c8c912c499aa99c7e3e7b9b25f6d2546,3f5ab56abb29ddde190485e568600575cd2b22f9a8cfa504140861e664bfd1f8,90,-0.6343579044053125,0.01
3,0,unrounded_strict,wholly_unseen,laplace,uniform,20.0,retention_bounded,0.1,c4eb3f123e007e47a54532da89e89ea0c8c912c499aa99c7e3e7b9b25f6d2546,6cf6ffcba397f06eeec2c346006e64abfa8c583b558e5c6975c86500fb2a4712,90,-0.6354073972854942,0.01
3,1,unrounded_strict,wholly_unseen,laplace,uniform,20.0,retention_bounded,0.0,bd4f2b8222f5d8f25a1a26e699004ec9648cbfd0ce2295443873a4bdc7fc8819,c121b0cc37993ddcaa58851227d251e480f555be0097edbdcaec1b2ed4faf512,92,-0.7221936279961908,0.01
3,1,unrounded_strict,wholly_unseen,laplace,uniform,20.0,retention_bounded,0.0001,bd4f2b8222f5d8f25a1a26e699004ec9648cbfd0ce2295443873a4bdc7fc8819,b480a982f23bfa01a7057e8cb07e4d0063ef43c54d2e1958ceeed0f14777fe2d,92,-0.7195001980745501,0.01
3,1,unrounded_strict,wholly_unseen,laplace,uniform,20.0,retention_bounded,0.001,bd4f2b8222f5d8f25a1a26e699004ec9648cbfd0ce2295443873a4bdc7fc8819,78889715875bae536f0c48c981a68fc2c96ac92e11debf35ee3f70d98199f832,92,-0.6997967283952908,0.01
3,1,unrounded_strict,wholly_unseen,laplace,uniform,20.0,retention_bounded,0.01,bd4f2b8222f5d8f25a1a26e699004ec9648cbfd0ce2295443873a4bdc7fc8819,36783776a661cd9c61331eee3c6d26ad2625347071a044b9d1eab6d9c8f6e783,92,-0.6343579044053125,0.01
3,1,unrounded_strict,wholly_unseen,laplace,uniform,20.0,retention_bounded,0.1,bd4f2b8222f5d8f25a1a26e699004ec9648cbfd0ce2295443873a4bdc7fc8819,f554f13a936e297ff90ee17f3aff79c461be600b2520679216009e08e1ef8733,92,-0.6354073972854942,0.01
3,2,unrounded_strict,wholly_unseen,laplace,uniform,20.0,retention_bounded,0.0,ca6c1308be8aeb6c90081d7ac48ad09189e97b63d2259750e1b8e2714ae1846e,f2785a91c29e3392469345588d30b3d2ac35fb1d69d6ed30a5d24a48300ba815,89,-0.7221936279961908,0.01
3,2,unrounded_strict,wholly_unseen,laplace,uniform,20.0,retention_bounded,0.0001,ca6c1308be8aeb6c90081d7ac48ad09189e97b63d2259750e1b8e2714ae1846e,d12ac5725e650468a72790b4b9e9faf335016431d5d14ce000a7b06466042206,89,-0.7195001980745501,0.01
3,2,unrounded_strict,wholly_unseen,laplace,uniform,20.0,retention_bounded,0.001,ca6c1308be8aeb6c90081d7ac48ad09189e97b63d2259750e1b8e2714ae1846e,5f064c4c9f7ae47447a90cd95511d8475f438d9ecd12e9a4238657e7329a90ba,89,-0.6997967283952908,0.01
3,2,unrounded_strict,wholly_unseen,laplace,uniform,20.0,retention_bounded,0.01,ca6c1308be8aeb6c90081d7ac48ad09189e97b63d2259750e1b8e2714ae1846e,56dab591d5cd7406c776ed6d8d2eeb1daef1ca3e631208c6aba17396263b5931,89,-0.6343579044053125,0.01
3,2,unrounded_strict,wholly_unseen,laplace,uniform,20.0,retention_bounded,0.1,ca6c1308be8aeb6c90081d7ac48ad09189e97b63d2259750e1b8e2714ae1846e,1588e7ef3bf55a4638743a450ef57d8e8bd78c33a9cb38a99ea7f41feab94d02,89,-0.6354073972854942,0.01
3,0,unrounded_strict,wholly_unseen,laplace,uniform,20.0,retention_nonnegative,0.0,c4eb3f123e007e47a54532da89e89ea0c8c912c499aa99c7e3e7b9b25f6d2546,93f29be71a34c7446674086756ea32cb2597acc40a223d5faecfa62af4cb799c,90,-0.7221936284144391,0.01
3,0,unrounded_strict,wholly_unseen,laplace,uniform,20.0,retention_nonnegative,0.0001,c4eb3f123e007e47a54532da89e89ea0c8c912c499aa99c7e3e7b9b25f6d2546,8754c7dc83fefd6daf751100ac2b0afba851bd50dace433af8e361adcf9d81c7,90,-0.7140919030833418,0.01
3,0,unrounded_strict,wholly_unseen,laplace,uniform,20.0,retention_nonnegative,0.001,c4eb3f123e007e47a54532da89e89ea0c8c912c499aa99c7e3e7b9b25f6d2546,37b49c2eb44fcb6cc330344fe4c08f8bfca842c87e2274d47b0d93169e411ba2,90,-0.6694260157870005,0.01
3,0,unrounded_strict,wholly_unseen,laplace,uniform,20.0,retention_nonnegative,0.01,c4eb3f123e007e47a54532da89e89ea0c8c912c499aa99c7e3e7b9b25f6d2546,f1d73c295e3e1ebbb377638782484580126fea1449475b711406183b5fa88ade,90,-0.6181735738069203,0.01
3,0,unrounded_strict,wholly_unseen,laplace,uniform,20.0,retention_nonnegative,0.1,c4eb3f123e007e47a54532da89e89ea0c8c912c499aa99c7e3e7b9b25f6d2546,5a3fc0b612bd9c7551a02239bbbd0bd1179529fb412ec8c9fabe9c46d69c5555,90,-0.687114854315967,0.01
3,1,unrounded_strict,wholly_unseen,laplace,uniform,20.0,retention_nonnegative,0.0,bd4f2b8222f5d8f25a1a26e699004ec9648cbfd0ce2295443873a4bdc7fc8819,c90c9f32db804d80c25b69a8ee5689b2dfc6511eacbff5f593c5b16322531d86,92,-0.7221936284144391,0.01
3,1,unrounded_strict,wholly_unseen,laplace,uniform,20.0,retention_nonnegative,0.0001,bd4f2b8222f5d8f25a1a26e699004ec9648cbfd0ce2295443873a4bdc7fc8819,fc0480068abd5e8ce8f60b854aeb9a3018b7aabd373531ac9b6a18c1efa850d5,92,-0.7140919030833418,0.01
3,1,unrounded_strict,wholly_unseen,laplace,uniform,20.0,retention_nonnegative,0.001,bd4f2b8222f5d8f25a1a26e699004ec9648cbfd0ce2295443873a4bdc7fc8819,a3cc8018299e816a6bc187f145a5ee66e47599e0bde06a3c9cda5ac06d4179e2,92,-0.6694260157870005,0.01
3,1,unrounded_strict,wholly_unseen,laplace,uniform,20.0,retention_nonnegative,0.01,bd4f2b8222f5d8f25a1a26e699004ec9648cbfd0ce2295443873a4bdc7fc8819,1bd55d68070528d1bac08deb520f7935eb6adc8a4f125da9434cc4c8e7601e10,92,-0.6181735738069203,0.01
3,1,unrounded_strict,wholly_unseen,laplace,uniform,20.0,retention_nonnegative,0.1,bd4f2b8222f5d8f25a1a26e699004ec9648cbfd0ce2295443873a4bdc7fc8819,90ff7e4b94cc989b386b3a4364eb60a7174be3dd762d8fcbda21d825c3d5c311,92,-0.687114854315967,0.01
3,2,unrounded_strict,wholly_unseen,laplace,uniform,20.0,retention_nonnegative,0.0,ca6c1308be8aeb6c90081d7ac48ad09189e97b63d2259750e1b8e2714ae1846e,9eb3926ee28e4e81d8f7889b7ea6ac0394008f17e4db249f28d0b1b6b1c494b7,89,-0.7221936284144391,0.01
3,2,unrounded_strict,wholly_unseen,laplace,uniform,20.0,retention_nonnegative,0.0001,ca6c1308be8aeb6c90081d7ac48ad09189e97b63d2259750e1b8e2714ae1846e,a1d6e85011578bb1c9a67a37695bef93cb6796129e36d846b4c7d7b8fb97e929,89,-0.7140919030833418,0.01
3,2,unrounded_strict,wholly_unseen,laplace,uniform,20.0,retention_nonnegative,0.001,ca6c1308be8aeb6c90081d7ac48ad09189e97b63d2259750e1b8e2714ae1846e,b3fdbe88f7b043d35f2cc855d7de3f99a84dafd2d25ed811f432ed4e22cd86d1,89,-0.6694260157870005,0.01
3,2,unrounded_strict,wholly_unseen,laplace,uniform,20.0,retention_nonnegative,0.01,ca6c1308be8aeb6c90081d7ac48ad09189e97b63d2259750e1b8e2714ae1846e,91c2594abc452964d3fe1001c82c5f162c9fbb834dc9340ad6d919fed73dcda3,89,-0.6181735738069203,0.01
3,2,unrounded_strict,wholly_unseen,laplace,uniform,20.0,retention_nonnegative,0.1,ca6c1308be8aeb6c90081d7ac48ad09189e97b63d2259750e1b8e2714ae1846e,bfd0139a553ee4cf060835da41ec7b8fe577281e6cbc6da289dafe354b13d7db,89,-0.687114854315967,0.01
3,0,unrounded_strict,wholly_unseen,laplace,uniform,20.0,current_only,0.0,c4eb3f123e007e47a54532da89e89ea0c8c912c499aa99c7e3e7b9b25f6d2546,b4a35ad1a80628172c1682f6ecebe975995892c61c4a7c9c4670401fdd7e96be,90,-0.9180134101887526,0.1
3,0,unrounded_strict,wholly_unseen,laplace,uniform,20.0,current_only,0.0001,c4eb3f123e007e47a54532da89e89ea0c8c912c499aa99c7e3e7b9b25f6d2546,26bcc9ba9eb964c40550602956be68157a7e2a98fa6e9c4ead4aaf2dcbb6bf98,90,-0.9176000163335465,0.1
3,0,unrounded_strict,wholly_unseen,laplace,uniform,20.0,current_only,0.001,c4eb3f123e007e47a54532da89e89ea0c8c912c499aa99c7e3e7b9b25f6d2546,de9b9b87c618672af11b88ab2ad9faafef1d65be0ebfa5241eec7e6d7c83c543,90,-0.9140554169874072,0.1
3,0,unrounded_strict,wholly_unseen,laplace,uniform,20.0,current_only,0.01,c4eb3f123e007e47a54532da89e89ea0c8c912c499aa99c7e3e7b9b25f6d2546,69515f740182eeae7bbdf640d9b35c53f4590e229584af7c01a9ea88ee141501,90,-0.8900387363840966,0.1
3,0,unrounded_strict,wholly_unseen,laplace,uniform,20.0,current_only,0.1,c4eb3f123e007e47a54532da89e89ea0c8c912c499aa99c7e3e7b9b25f6d2546,bca9341d9dda9bc46aca47585802cf48cb7706bfd3a582af338f72248af2f7ac,90,-0.8629703554317205,0.1
3,1,unrounded_strict,wholly_unseen,laplace,uniform,20.0,current_only,0.0,bd4f2b8222f5d8f25a1a26e699004ec9648cbfd0ce2295443873a4bdc7fc8819,1404da1a576e244f1eed5387290d547a31ffc6f7f973bf57ee3898789b283e32,92,-0.9180134101887526,0.1
3,1,unrounded_strict,wholly_unseen,laplace,uniform,20.0,current_only,0.0001,bd4f2b8222f5d8f25a1a26e699004ec9648cbfd0ce2295443873a4bdc7fc8819,5720a5b8ae84226d6fc7d7cf4b51c922d2e0bf195f194a366872963a3fa0519c,92,-0.9176000163335465,0.1
3,1,unrounded_strict,wholly_unseen,laplace,uniform,20.0,current_only,0.001,bd4f2b8222f5d8f25a1a26e699004ec9648cbfd0ce2295443873a4bdc7fc8819,145107997a2066218896f5d22d69ed396d733f7822333d07b058c25510df791d,92,-0.9140554169874072,0.1
3,1,unrounded_strict,wholly_unseen,laplace,uniform,20.0,current_only,0.01,bd4f2b8222f5d8f25a1a26e699004ec9648cbfd0ce2295443873a4bdc7fc8819,e1a5dd2ae64b15ec0b7c6a8ddebf2995ed47398d19fd2bbd5d32f5e0df7cb39b,92,-0.8900387363840966,0.1
3,1,unrounded_strict,wholly_unseen,laplace,uniform,20.0,current_only,0.1,bd4f2b8222f5d8f25a1a26e699004ec9648cbfd0ce2295443873a4bdc7fc8819,dbd878b2d163f6fc92c93b08e6e9c506e3575b4df7cfaf10f1703a235ddb7de4,92,-0.8629703554317205,0.1
3,2,unrounded_strict,wholly_unseen,laplace,uniform,20.0,current_only,0.0,ca6c1308be8aeb6c90081d7ac48ad09189e97b63d2259750e1b8e2714ae1846e,34d49fb1e4f54e935cfef6ca6f038aa5f3dfa28f24277709587a72bfe9e07e15,89,-0.9180134101887526,0.1
3,2,unrounded_strict,wholly_unseen,laplace,uniform,20.0,current_only,0.0001,ca6c1308be8aeb6c90081d7ac48ad09189e97b63d2259750e1b8e2714ae1846e,7b5888e9c8cbb7a684fa68852192bd82444ddc91dbb38fdff5858b9d108a7ebc,89,-0.9176000163335465,0.1
3,2,unrounded_strict,wholly_unseen,laplace,uniform,20.0,current_only,0.001,ca6c1308be8aeb6c90081d7ac48ad09189e97b63d2259750e1b8e2714ae1846e,fd84fac6495f90009d1aa1e992abea8ea61a3cccfeeea54e4014368207d84c0e,89,-0.9140554169874072,0.1
3,2,unrounded_strict,wholly_unseen,laplace,uniform,20.0,current_only,0.01,ca6c1308be8aeb6c90081d7ac48ad09189e97b63d2259750e1b8e2714ae1846e,6eba0e7dacb582d7df910a340b39e40144d6e6a3dcca0f125843cd47c03e0efe,89,-0.8900387363840966,0.1
3,2,unrounded_strict,wholly_unseen,laplace,uniform,20.0,current_only,0.1,ca6c1308be8aeb6c90081d7ac48ad09189e97b63d2259750e1b8e2714ae1846e,acbc5e596c253298ae64bc51d77530209504af60d59a7fe9e685aab43dadb52c,89,-0.8629703554317205,0.1
3,0,unrounded_strict,wholly_unseen,laplace,uniform,20.0,input_plus_surface,0.0,c4eb3f123e007e47a54532da89e89ea0c8c912c499aa99c7e3e7b9b25f6d2546,c173299910a38e404bca2975c0be928f44db575dcdf44791b729e1118e6a9fa6,90,-0.6393503244429752,0.01
3,0,unrounded_strict,wholly_unseen,laplace,uniform,20.0,input_plus_surface,0.0001,c4eb3f123e007e47a54532da89e89ea0c8c912c499aa99c7e3e7b9b25f6d2546,9a3451a6e8310f6d87b9f289f3e83074929f1ef19160d8c558d88153e54cebea,90,-0.636796367387277,0.01
3,0,unrounded_strict,wholly_unseen,laplace,uniform,20.0,input_plus_surface,0.001,c4eb3f123e007e47a54532da89e89ea0c8c912c499aa99c7e3e7b9b25f6d2546,39a6a092afe0ab3cd9a5afc0538e4427cd7d591e343e9e01158021ccbe82227e,90,-0.6212620888775683,0.01
3,0,unrounded_strict,wholly_unseen,laplace,uniform,20.0,input_plus_surface,0.01,c4eb3f123e007e47a54532da89e89ea0c8c912c499aa99c7e3e7b9b25f6d2546,f6b145d81efc049aa46450d344ead9bb4fa765dc7976846614adab6fe699ae2d,90,-0.5901419190634628,0.01
3,0,unrounded_strict,wholly_unseen,laplace,uniform,20.0,input_plus_surface,0.1,c4eb3f123e007e47a54532da89e89ea0c8c912c499aa99c7e3e7b9b25f6d2546,0cee0793c222ee8eceb10c5ff6ab8a36c04988f237f447ec1e212654a5ac2b0b,90,-0.6446990085065406,0.01
3,1,unrounded_strict,wholly_unseen,laplace,uniform,20.0,input_plus_surface,0.0,bd4f2b8222f5d8f25a1a26e699004ec9648cbfd0ce2295443873a4bdc7fc8819,772d85aa27cabcdce953e30bef004aac3031addc44eaeb9764f14cb0a7405483,92,-0.6393503244429752,0.01
3,1,unrounded_strict,wholly_unseen,laplace,uniform,20.0,input_plus_surface,0.0001,bd4f2b8222f5d8f25a1a26e699004ec9648cbfd0ce2295443873a4bdc7fc8819,921f66b56e7491c46c07808d87194c1967a8de2a9cceb44034284b18f26c62b2,92,-0.636796367387277,0.01
3,1,unrounded_strict,wholly_unseen,laplace,uniform,20.0,input_plus_surface,0.001,bd4f2b8222f5d8f25a1a26e699004ec9648cbfd0ce2295443873a4bdc7fc8819,581df426481517580277f3c2c9e1ff1587cafb6c14ddb2f4b35fb38e2bcf810f,92,-0.6212620888775683,0.01
3,1,unrounded_strict,wholly_unseen,laplace,uniform,20.0,input_plus_surface,0.01,bd4f2b8222f5d8f25a1a26e699004ec9648cbfd0ce2295443873a4bdc7fc8819,f9f407ea459e13ca277d78c2d84fbd247d536eacfc2f6bb0a215237c1f2bddb7,92,-0.5901419190634628,0.01
3,1,unrounded_strict,wholly_unseen,laplace,uniform,20.0,input_plus_surface,0.1,bd4f2b8222f5d8f25a1a26e699004ec9648cbfd0ce2295443873a4bdc7fc8819,b8aad5b563f170b3556ac921f81679a076342cfd83019e0a34d0a2054a1b7242,92,-0.6446990085065406,0.01
3,2,unrounded_strict,wholly_unseen,laplace,uniform,20.0,input_plus_surface,0.0,ca6c1308be8aeb6c90081d7ac48ad09189e97b63d2259750e1b8e2714ae1846e,5f7cf76f347e90025222950e9956b714101c94362b285d75e3de2fb6a1c0364a,89,-0.6393503244429752,0.01
3,2,unrounded_strict,wholly_unseen,laplace,uniform,20.0,input_plus_surface,0.0001,ca6c1308be8aeb6c90081d7ac48ad09189e97b63d2259750e1b8e2714ae1846e,6b275d25d77f0bf8fb9526c63beca3e8f71e2dc686942f55ef12acbc7f00113a,89,-0.636796367387277,0.01
3,2,unrounded_strict,wholly_unseen,laplace,uniform,20.0,input_plus_surface,0.001,ca6c1308be8aeb6c90081d7ac48ad09189e97b63d2259750e1b8e2714ae1846e,2688a3ad6c827fe6ea7bf8e19ac5ec8984f57194001cafc35454282e5e274ff8,89,-0.6212620888775683,0.01
3,2,unrounded_strict,wholly_unseen,laplace,uniform,20.0,input_plus_surface,0.01,ca6c1308be8aeb6c90081d7ac48ad09189e97b63d2259750e1b8e2714ae1846e,ac722e225cbd7ba42693c5f1a6e25d24266f8d0cda69e0fff2df694f43bc9fbc,89,-0.5901419190634628,0.01
3,2,unrounded_strict,wholly_unseen,laplace,uniform,20.0,input_plus_surface,0.1,ca6c1308be8aeb6c90081d7ac48ad09189e97b63d2259750e1b8e2714ae1846e,a1094f6fbe00875e44f11f4bc97a080239f07e2dcd520c0b0216a656b8b65ff5,89,-0.6446990085065406,0.01
3,0,unrounded_strict,wholly_unseen,laplace,uniform,20.0,HU_plus_surface,0.0,c4eb3f123e007e47a54532da89e89ea0c8c912c499aa99c7e3e7b9b25f6d2546,74e2d4c4c67524f02587ee15b59a099f43929abefc156ef0a1df4467e15a1c41,90,-0.6110459474506206,0.01
3,0,unrounded_strict,wholly_unseen,laplace,uniform,20.0,HU_plus_surface,0.0001,c4eb3f123e007e47a54532da89e89ea0c8c912c499aa99c7e3e7b9b25f6d2546,a91956dc5e3e237f208e95c28c7b23593a832590b7b2ef5337cd0a9e24ff93ea,90,-0.6086686512374259,0.01
3,0,unrounded_strict,wholly_unseen,laplace,uniform,20.0,HU_plus_surface,0.001,c4eb3f123e007e47a54532da89e89ea0c8c912c499aa99c7e3e7b9b25f6d2546,2c5dd8eb72d58191b7e0ecc30c4f6c2a50d33482a59988b67b0d7eb4fb37b31e,90,-0.5946064700363164,0.01
3,0,unrounded_strict,wholly_unseen,laplace,uniform,20.0,HU_plus_surface,0.01,c4eb3f123e007e47a54532da89e89ea0c8c912c499aa99c7e3e7b9b25f6d2546,1050e92e5fa05393ae45adac768d49977f268b8b55dbc95700f3bdc60b770ead,90,-0.5699670082622565,0.01
3,0,unrounded_strict,wholly_unseen,laplace,uniform,20.0,HU_plus_surface,0.1,c4eb3f123e007e47a54532da89e89ea0c8c912c499aa99c7e3e7b9b25f6d2546,d03858a92014cafbe9d59d93b3b513405943131fe16e3e8f9e0d15d7b1bb6b96,90,-0.6350243199368183,0.01
3,1,unrounded_strict,wholly_unseen,laplace,uniform,20.0,HU_plus_surface,0.0,bd4f2b8222f5d8f25a1a26e699004ec9648cbfd0ce2295443873a4bdc7fc8819,c2b9539aad4f9dbdfb31c99e44b28adf8201597ba01729c8c84ea1f80af321cb,92,-0.6110459474506206,0.01
3,1,unrounded_strict,wholly_unseen,laplace,uniform,20.0,HU_plus_surface,0.0001,bd4f2b8222f5d8f25a1a26e699004ec9648cbfd0ce2295443873a4bdc7fc8819,7c18c85c3946fbe457a11a2c21f0a75c5db2f013e1c8fa60378a3e4e1934af36,92,-0.6086686512374259,0.01
3,1,unrounded_strict,wholly_unseen,laplace,uniform,20.0,HU_plus_surface,0.001,bd4f2b8222f5d8f25a1a26e699004ec9648cbfd0ce2295443873a4bdc7fc8819,63f5a86277790ee2e7c614603aaee4c8443a90fada29fd93d96c86f532ee3464,92,-0.5946064700363164,0.01
3,1,unrounded_strict,wholly_unseen,laplace,uniform,20.0,HU_plus_surface,0.01,bd4f2b8222f5d8f25a1a26e699004ec9648cbfd0ce2295443873a4bdc7fc8819,7155a99629c17aea8adb0b73ed2ebeeaf174ea8b2d8c275bb2baf0e5d30e2879,92,-0.5699670082622565,0.01
3,1,unrounded_strict,wholly_unseen,laplace,uniform,20.0,HU_plus_surface,0.1,bd4f2b8222f5d8f25a1a26e699004ec9648cbfd0ce2295443873a4bdc7fc8819,4b93d7613193006a94b38b05b9bbd0e8ae1973c988824684eca1b0fe603db6e2,92,-0.6350243199368183,0.01
3,2,unrounded_strict,wholly_unseen,laplace,uniform,20.0,HU_plus_surface,0.0,ca6c1308be8aeb6c90081d7ac48ad09189e97b63d2259750e1b8e2714ae1846e,bd321d1166d623b377ba87917fd44741bb4ff3fca6f78684db8635dc354df184,89,-0.6110459474506206,0.01
3,2,unrounded_strict,wholly_unseen,laplace,uniform,20.0,HU_plus_surface,0.0001,ca6c1308be8aeb6c90081d7ac48ad09189e97b63d2259750e1b8e2714ae1846e,2cc1063749985545a54f871e36ff43841a320fec557aa5c90f74b0b840fbf3bd,89,-0.6086686512374259,0.01
3,2,unrounded_strict,wholly_unseen,laplace,uniform,20.0,HU_plus_surface,0.001,ca6c1308be8aeb6c90081d7ac48ad09189e97b63d2259750e1b8e2714ae1846e,b424e6d9afd7eba0b6c0815420dc63d91f6b7ac27112719f9c26c0cdc7e68200,89,-0.5946064700363164,0.01
3,2,unrounded_strict,wholly_unseen,laplace,uniform,20.0,HU_plus_surface,0.01,ca6c1308be8aeb6c90081d7ac48ad09189e97b63d2259750e1b8e2714ae1846e,567ee9b8613ce300ceb6b9430b269dcc414a39422bb53f89129b98a819e34997,89,-0.5699670082622565,0.01
3,2,unrounded_strict,wholly_unseen,laplace,uniform,20.0,HU_plus_surface,0.1,ca6c1308be8aeb6c90081d7ac48ad09189e97b63d2259750e1b8e2714ae1846e,2de45d7285065661f4302f1c0e04a692aff2e5090f5b00133353ee5d00842df8,89,-0.6350243199368183,0.01
3,0,unrounded_strict,wholly_unseen,laplace,uniform,20.0,retention_bounded_plus_HU,0.0,c4eb3f123e007e47a54532da89e89ea0c8c912c499aa99c7e3e7b9b25f6d2546,d7a586d80d7aa1e8dbc8628b3756573a6699f43deaf287dd159bb9f6d978e3e2,90,-0.6695250689682638,0.01
3,0,unrounded_strict,wholly_unseen,laplace,uniform,20.0,retention_bounded_plus_HU,0.0001,c4eb3f123e007e47a54532da89e89ea0c8c912c499aa99c7e3e7b9b25f6d2546,4b729a343a12b66e1d9e9b540cc8a5eb80e3b47630830afeedb4760d350bbaef,90,-0.6668544212056791,0.01
3,0,unrounded_strict,wholly_unseen,laplace,uniform,20.0,retention_bounded_plus_HU,0.001,c4eb3f123e007e47a54532da89e89ea0c8c912c499aa99c7e3e7b9b25f6d2546,81329f496f3fe97f559d73fb68cfab2e11218a68830dd1ca7bb6ae9c22678255,90,-0.6483496795190832,0.01
3,0,unrounded_strict,wholly_unseen,laplace,uniform,20.0,retention_bounded_plus_HU,0.01,c4eb3f123e007e47a54532da89e89ea0c8c912c499aa99c7e3e7b9b25f6d2546,9283466dfeeb147d03b77603ff40cc94375ecc31f58497852039a86a98128a49,90,-0.6010809003065852,0.01
3,0,unrounded_strict,wholly_unseen,laplace,uniform,20.0,retention_bounded_plus_HU,0.1,c4eb3f123e007e47a54532da89e89ea0c8c912c499aa99c7e3e7b9b25f6d2546,ef01d60a5ac90356fb6ccde22c454bc58ee1db1fa4fc4348b687ab9076d9ac2b,90,-0.6031261284236247,0.01
3,1,unrounded_strict,wholly_unseen,laplace,uniform,20.0,retention_bounded_plus_HU,0.0,bd4f2b8222f5d8f25a1a26e699004ec9648cbfd0ce2295443873a4bdc7fc8819,e32ef88a332f8a447281339739e005c7bee3272fda3cee556c0ef4524ba1cfc7,92,-0.6695250689682638,0.01
3,1,unrounded_strict,wholly_unseen,laplace,uniform,20.0,retention_bounded_plus_HU,0.0001,bd4f2b8222f5d8f25a1a26e699004ec9648cbfd0ce2295443873a4bdc7fc8819,77aa6a1b8f8d1118b3e2954cb1490ccb7916fac0cb705605c0dfd7aa538663fc,92,-0.6668544212056791,0.01
3,1,unrounded_strict,wholly_unseen,laplace,uniform,20.0,retention_bounded_plus_HU,0.001,bd4f2b8222f5d8f25a1a26e699004ec9648cbfd0ce2295443873a4bdc7fc8819,1135b3fed04e27712f689dadda4f8c3b41ba808022b7a2c9a5a86ee1d438d699,92,-0.6483496795190832,0.01
3,1,unrounded_strict,wholly_unseen,laplace,uniform,20.0,retention_bounded_plus_HU,0.01,bd4f2b8222f5d8f25a1a26e699004ec9648cbfd0ce2295443873a4bdc7fc8819,3edf72076be0523b60424aff172e79c67d4949f66314aef7843af6184f595980,92,-0.6010809003065852,0.01
3,1,unrounded_strict,wholly_unseen,laplace,uniform,20.0,retention_bounded_plus_HU,0.1,bd4f2b8222f5d8f25a1a26e699004ec9648cbfd0ce2295443873a4bdc7fc8819,aa4fe86d52a6e87cf636625573c71b8f5bb909609ba3c8c06e4eb01368768597,92,-0.6031261284236247,0.01
3,2,unrounded_strict,wholly_unseen,laplace,uniform,20.0,retention_bounded_plus_HU,0.0,ca6c1308be8aeb6c90081d7ac48ad09189e97b63d2259750e1b8e2714ae1846e,441cef3fb1980140869bb67f61b152eb4613571f843e5123b6635fd5de413b4d,89,-0.6695250689682638,0.01
3,2,unrounded_strict,wholly_unseen,laplace,uniform,20.0,retention_bounded_plus_HU,0.0001,ca6c1308be8aeb6c90081d7ac48ad09189e97b63d2259750e1b8e2714ae1846e,81491d430db5d485a5ee1f5805ed4f60eb565d9d326888843f7a1f0db3623fc7,89,-0.6668544212056791,0.01
3,2,unrounded_strict,wholly_unseen,laplace,uniform,20.0,retention_bounded_plus_HU,0.001,ca6c1308be8aeb6c90081d7ac48ad09189e97b63d2259750e1b8e2714ae1846e,1b313773a30e7dc79380b86b431fdabba3909a6f13f7c394dd9b80347a8a6c02,89,-0.6483496795190832,0.01
3,2,unrounded_strict,wholly_unseen,laplace,uniform,20.0,retention_bounded_plus_HU,0.01,ca6c1308be8aeb6c90081d7ac48ad09189e97b63d2259750e1b8e2714ae1846e,ebf4f24320b3737bcb823d00ed6bd0b98c38d638d594dcccedfb30f3fde4d041,89,-0.6010809003065852,0.01
3,2,unrounded_strict,wholly_unseen,laplace,uniform,20.0,retention_bounded_plus_HU,0.1,ca6c1308be8aeb6c90081d7ac48ad09189e97b63d2259750e1b8e2714ae1846e,ae932f4a8dd65de88285e9f0bc7725039a7d9af615a08460d72417dbd7611ce7,89,-0.6031261284236247,0.01
3,0,unrounded_strict,wholly_unseen,gh80,uniform,20.0,HU_plus_surface,0.0,c4eb3f123e007e47a54532da89e89ea0c8c912c499aa99c7e3e7b9b25f6d2546,bb6978fc84dcb077acb5550db5f8c0f58b0e087d4dc78f2e59fac91ff4aac87a,90,-0.611002406901319,0.01
3,0,unrounded_strict,wholly_unseen,gh80,uniform,20.0,HU_plus_surface,0.0001,c4eb3f123e007e47a54532da89e89ea0c8c912c499aa99c7e3e7b9b25f6d2546,81f784ada6f8a3c9b022609d8dc846585537be7d9fa9ad70f2a741a9818e76fc,90,-0.608784956178785,0.01
3,0,unrounded_strict,wholly_unseen,gh80,uniform,20.0,HU_plus_surface,0.001,c4eb3f123e007e47a54532da89e89ea0c8c912c499aa99c7e3e7b9b25f6d2546,461c4c07fc74ddc54d4364145f679536edfb716897fde53f4039a733bad11b50,90,-0.5954600156233245,0.01
3,0,unrounded_strict,wholly_unseen,gh80,uniform,20.0,HU_plus_surface,0.01,c4eb3f123e007e47a54532da89e89ea0c8c912c499aa99c7e3e7b9b25f6d2546,c1d9a3ea03eb140701f24e16bf2995bae6932edbb676d9178d0da7e7532224d6,90,-0.5717353484595921,0.01
3,0,unrounded_strict,wholly_unseen,gh80,uniform,20.0,HU_plus_surface,0.1,c4eb3f123e007e47a54532da89e89ea0c8c912c499aa99c7e3e7b9b25f6d2546,1ec6f37fd206034a51e60e0d9de37583fb877b59d27f903c5a896e754805a79a,90,-0.6371637963471798,0.01
3,1,unrounded_strict,wholly_unseen,gh80,uniform,20.0,HU_plus_surface,0.0,bd4f2b8222f5d8f25a1a26e699004ec9648cbfd0ce2295443873a4bdc7fc8819,e41f150a44731e1d0cf9668cf2e554b8e559a40c7f7eddf1d537a165f67f626c,92,-0.611002406901319,0.01
3,1,unrounded_strict,wholly_unseen,gh80,uniform,20.0,HU_plus_surface,0.0001,bd4f2b8222f5d8f25a1a26e699004ec9648cbfd0ce2295443873a4bdc7fc8819,f6b5f7c4999510e85c42e6a75ea21086ce4902aea03b6c0e702f791a4c162927,92,-0.608784956178785,0.01
3,1,unrounded_strict,wholly_unseen,gh80,uniform,20.0,HU_plus_surface,0.001,bd4f2b8222f5d8f25a1a26e699004ec9648cbfd0ce2295443873a4bdc7fc8819,aec64de91690df54eb326eeae7751726ed6d98a1aeefe0f9fb885ec03a6ca0a1,92,-0.5954600156233245,0.01
3,1,unrounded_strict,wholly_unseen,gh80,uniform,20.0,HU_plus_surface,0.01,bd4f2b8222f5d8f25a1a26e699004ec9648cbfd0ce2295443873a4bdc7fc8819,69683c6131c3dedcc5dc95c5b4c13d767c9dc3ea36d1f80d0e5e6ef6f6c35b12,92,-0.5717353484595921,0.01
3,1,unrounded_strict,wholly_unseen,gh80,uniform,20.0,HU_plus_surface,0.1,bd4f2b8222f5d8f25a1a26e699004ec9648cbfd0ce2295443873a4bdc7fc8819,7347f75c960e383007a28f5952bd1da8da676c5c8aa5a05d51dcadd67ff4e70b,92,-0.6371637963471798,0.01
3,2,unrounded_strict,wholly_unseen,gh80,uniform,20.0,HU_plus_surface,0.0,ca6c1308be8aeb6c90081d7ac48ad09189e97b63d2259750e1b8e2714ae1846e,58766c52ad38cabc6863b3ef82fcdc39089c06e4e8f243c5b7dc05bcf93bc5ea,89,-0.611002406901319,0.01
3,2,unrounded_strict,wholly_unseen,gh80,uniform,20.0,HU_plus_surface,0.0001,ca6c1308be8aeb6c90081d7ac48ad09189e97b63d2259750e1b8e2714ae1846e,8a3387dd086c46cd176e941a09f91f229345acf9160fa84971620314cd10c4dc,89,-0.608784956178785,0.01
3,2,unrounded_strict,wholly_unseen,gh80,uniform,20.0,HU_plus_surface,0.001,ca6c1308be8aeb6c90081d7ac48ad09189e97b63d2259750e1b8e2714ae1846e,535178527b17a81f51999da1aabca519ea433083b8a3362a16d91c5eeab3dff8,89,-0.5954600156233245,0.01
3,2,unrounded_strict,wholly_unseen,gh80,uniform,20.0,HU_plus_surface,0.01,ca6c1308be8aeb6c90081d7ac48ad09189e97b63d2259750e1b8e2714ae1846e,f9f8b900aeb6f731aaf175176db81e4b19b78825723dfc9e5c7c7dff3463bea4,89,-0.5717353484595921,0.01
3,2,unrounded_strict,wholly_unseen,gh80,uniform,20.0,HU_plus_surface,0.1,ca6c1308be8aeb6c90081d7ac48ad09189e97b63d2259750e1b8e2714ae1846e,f1cbd333ee37d0dcb863b6a503692070658d89c6948cc89b2c9c2009d8e0de55,89,-0.6371637963471798,0.01
3,0,unrounded_strict,wholly_unseen,gh80,uniform,20.0,retention_bounded_plus_HU,0.0,c4eb3f123e007e47a54532da89e89ea0c8c912c499aa99c7e3e7b9b25f6d2546,24f80afb8015c7de950eacaf18111e65c2757077795b0779cc8013e2dc533378,90,-0.6744490351187792,0.1
3,0,unrounded_strict,wholly_unseen,gh80,uniform,20.0,retention_bounded_plus_HU,0.0001,c4eb3f123e007e47a54532da89e89ea0c8c912c499aa99c7e3e7b9b25f6d2546,7d695863a42785b05c1c8b04c70f287477526f597dc5bb25aef84b263d5b13ab,90,-0.6719784043628962,0.1
3,0,unrounded_strict,wholly_unseen,gh80,uniform,20.0,retention_bounded_plus_HU,0.001,c4eb3f123e007e47a54532da89e89ea0c8c912c499aa99c7e3e7b9b25f6d2546,26eee66fdd04f9841109eb449cce6da1ee00a7bbee343220b9f3aae011391d31,90,-0.6545119610186398,0.1
3,0,unrounded_strict,wholly_unseen,gh80,uniform,20.0,retention_bounded_plus_HU,0.01,c4eb3f123e007e47a54532da89e89ea0c8c912c499aa99c7e3e7b9b25f6d2546,9581638010df0d2fb222728ff9583c4dca16b00cff63900978df4c492050759d,90,-0.6068216243972451,0.1
3,0,unrounded_strict,wholly_unseen,gh80,uniform,20.0,retention_bounded_plus_HU,0.1,c4eb3f123e007e47a54532da89e89ea0c8c912c499aa99c7e3e7b9b25f6d2546,38d9ee956d1182b1f63ff12f65b6b8aa904c9935bc5fa86bce2fc2081b165c40,90,-0.6063753285327143,0.1
3,1,unrounded_strict,wholly_unseen,gh80,uniform,20.0,retention_bounded_plus_HU,0.0,bd4f2b8222f5d8f25a1a26e699004ec9648cbfd0ce2295443873a4bdc7fc8819,4f578228bbba78cda7e4cb966258e5561c63efbbae2e34b2eb5be9639ec619b0,92,-0.6744490351187792,0.1
3,1,unrounded_strict,wholly_unseen,gh80,uniform,20.0,retention_bounded_plus_HU,0.0001,bd4f2b8222f5d8f25a1a26e699004ec9648cbfd0ce2295443873a4bdc7fc8819,39e8eed8aedc72684e9971b9be202f49f5af317c745173243a82b02c047e7f24,92,-0.6719784043628962,0.1
3,1,unrounded_strict,wholly_unseen,gh80,uniform,20.0,retention_bounded_plus_HU,0.001,bd4f2b8222f5d8f25a1a26e699004ec9648cbfd0ce2295443873a4bdc7fc8819,b8f99f0b644d4287150fcf59f05e0da488b718370ac5b2c0259872cd30652511,92,-0.6545119610186398,0.1
3,1,unrounded_strict,wholly_unseen,gh80,uniform,20.0,retention_bounded_plus_HU,0.01,bd4f2b8222f5d8f25a1a26e699004ec9648cbfd0ce2295443873a4bdc7fc8819,5aba8941595a71b7b4a55a955535fdf55a5e4dbe5f6daa78e94a59457c5fb58b,92,-0.6068216243972451,0.1
3,1,unrounded_strict,wholly_unseen,gh80,uniform,20.0,retention_bounded_plus_HU,0.1,bd4f2b8222f5d8f25a1a26e699004ec9648cbfd0ce2295443873a4bdc7fc8819,c8854956058f373be116ecf30f89cfa5fa82451f86d22373b272f12de1a348e7,92,-0.6063753285327143,0.1
3,2,unrounded_strict,wholly_unseen,gh80,uniform,20.0,retention_bounded_plus_HU,0.0,ca6c1308be8aeb6c90081d7ac48ad09189e97b63d2259750e1b8e2714ae1846e,85a6b0cb4e4674544151409bb4c3f03742552114dda0ae921f507825396a9bd3,89,-0.6744490351187792,0.1
3,2,unrounded_strict,wholly_unseen,gh80,uniform,20.0,retention_bounded_plus_HU,0.0001,ca6c1308be8aeb6c90081d7ac48ad09189e97b63d2259750e1b8e2714ae1846e,5fbedc4f2a26e64e0f7dfd6ad5dad4ce951f40d9372df618baf4502f9b11dba3,89,-0.6719784043628962,0.1
3,2,unrounded_strict,wholly_unseen,gh80,uniform,20.0,retention_bounded_plus_HU,0.001,ca6c1308be8aeb6c90081d7ac48ad09189e97b63d2259750e1b8e2714ae1846e,ab4f75b5569121f3d01654a4a11d843f6a9a0e24f8188bdd864728edc9c98068,89,-0.6545119610186398,0.1
3,2,unrounded_strict,wholly_unseen,gh80,uniform,20.0,retention_bounded_plus_HU,0.01,ca6c1308be8aeb6c90081d7ac48ad09189e97b63d2259750e1b8e2714ae1846e,02a0ec50d70bb261b4fbe8120c85f58388a265bced2e2fad902a7bc6888efc5a,89,-0.6068216243972451,0.1
3,2,unrounded_strict,wholly_unseen,gh80,uniform,20.0,retention_bounded_plus_HU,0.1,ca6c1308be8aeb6c90081d7ac48ad09189e97b63d2259750e1b8e2714ae1846e,2c9bc361158b7c178afaa3166a11646119bafb8fdb86dcf27c21626a84ffc90e,89,-0.6063753285327143,0.1
4,0,all_strict,side_informed,laplace,uniform,20.0,retention_bounded,0.0,dad5d4ffe3a4823687c1aff1acc1f86d373ce81b85b782fae1c4b7716c711349,7a532b5449653a6e4bd13a8bac8c2f53f03b83fbaab713c301438cbb52a35490,137,-0.38304808872016655,0.01
4,0,all_strict,side_informed,laplace,uniform,20.0,retention_bounded,0.0001,dad5d4ffe3a4823687c1aff1acc1f86d373ce81b85b782fae1c4b7716c711349,5c767e4272566ff885adc4b6e1c6d2137926a12445619f8df4485187a849622a,137,-0.37952633333411945,0.01
4,0,all_strict,side_informed,laplace,uniform,20.0,retention_bounded,0.001,dad5d4ffe3a4823687c1aff1acc1f86d373ce81b85b782fae1c4b7716c711349,decf7673a771dce9018deed70396997bce4ddce1f32f781e25c9b783d1ad90d9,137,-0.3599558442954076,0.01
4,0,all_strict,side_informed,laplace,uniform,20.0,retention_bounded,0.01,dad5d4ffe3a4823687c1aff1acc1f86d373ce81b85b782fae1c4b7716c711349,8a2d4523995de7eb7a4356bf310329912c12823b2d7d6e2cff08bfac3a859930,137,-0.3210893992385728,0.01
4,0,all_strict,side_informed,laplace,uniform,20.0,retention_bounded,0.1,dad5d4ffe3a4823687c1aff1acc1f86d373ce81b85b782fae1c4b7716c711349,7d741e393d8e13367bfc3853abecf60befd5b0b6555a4f0ff70bb0789574b2f4,137,-0.35279237507110073,0.01
4,1,all_strict,side_informed,laplace,uniform,20.0,retention_bounded,0.0,375ac5032a9e3c57e0a33947e30ec35ed19a33cd16476377d08907bad53f8f78,89e8ad7061660f38197f33cd7fa2ed956a90f9612f056c76bce629bc2325bfdb,138,-0.38304808872016655,0.01
4,1,all_strict,side_informed,laplace,uniform,20.0,retention_bounded,0.0001,375ac5032a9e3c57e0a33947e30ec35ed19a33cd16476377d08907bad53f8f78,3faa25bbce3996c33e0f9c7112dbf776306424464a3cd9833a462976498414dd,138,-0.37952633333411945,0.01
4,1,all_strict,side_informed,laplace,uniform,20.0,retention_bounded,0.001,375ac5032a9e3c57e0a33947e30ec35ed19a33cd16476377d08907bad53f8f78,73fbe3638038b11105f721df37c527cdaaaa01e03b7090e519691e5eaf5eb746,138,-0.3599558442954076,0.01
4,1,all_strict,side_informed,laplace,uniform,20.0,retention_bounded,0.01,375ac5032a9e3c57e0a33947e30ec35ed19a33cd16476377d08907bad53f8f78,13ea489b679a98bbb8123b67ed20f7d27877a399dd19311ca47ad927025aa31b,138,-0.3210893992385728,0.01
4,1,all_strict,side_informed,laplace,uniform,20.0,retention_bounded,0.1,375ac5032a9e3c57e0a33947e30ec35ed19a33cd16476377d08907bad53f8f78,d6ab42cb4398fc8ecc3130abd4d6ed2df87b7d173f3c998a0e33716e9eadfc42,138,-0.35279237507110073,0.01
4,2,all_strict,side_informed,laplace,uniform,20.0,retention_bounded,0.0,21b28e9b95f6273e01cc5fd73d1827c62ba781b0fb4a0fc0e419afb51f80f1ef,fb3ae9edc5ccb063ac58aa2a8aca4d83b268927cbfaeb408a291c77a9b5c4f58,137,-0.38304808872016655,0.01
4,2,all_strict,side_informed,laplace,uniform,20.0,retention_bounded,0.0001,21b28e9b95f6273e01cc5fd73d1827c62ba781b0fb4a0fc0e419afb51f80f1ef,b95d28316b4dc0054dd96984593436acade34c3d71d3592bc2b5ad23d46cf5c7,137,-0.37952633333411945,0.01
4,2,all_strict,side_informed,laplace,uniform,20.0,retention_bounded,0.001,21b28e9b95f6273e01cc5fd73d1827c62ba781b0fb4a0fc0e419afb51f80f1ef,e5ad875ab697a3c0409a19d79f7a527df9e322722819d7f7c206f4933eeedc13,137,-0.3599558442954076,0.01
4,2,all_strict,side_informed,laplace,uniform,20.0,retention_bounded,0.01,21b28e9b95f6273e01cc5fd73d1827c62ba781b0fb4a0fc0e419afb51f80f1ef,1170a3f70a564857be7e291586fdae566175187c76d7e5a4ef58d2106141ed76,137,-0.3210893992385728,0.01
4,2,all_strict,side_informed,laplace,uniform,20.0,retention_bounded,0.1,21b28e9b95f6273e01cc5fd73d1827c62ba781b0fb4a0fc0e419afb51f80f1ef,d6f8c20f00e14fec555f6fa4298a9bedb1f10eb02fae8f0c31e2f7eb6f2c584f,137,-0.35279237507110073,0.01
4,0,all_strict,side_informed,laplace,uniform,20.0,retention_nonnegative,0.0,dad5d4ffe3a4823687c1aff1acc1f86d373ce81b85b782fae1c4b7716c711349,67ed04039a99be1afd2feeac36606282621353051aabbeb97d75f6b5fb0eb290,137,-0.38304808772431065,0.01
4,0,all_strict,side_informed,laplace,uniform,20.0,retention_nonnegative,0.0001,dad5d4ffe3a4823687c1aff1acc1f86d373ce81b85b782fae1c4b7716c711349,ed6380fe9c11332d6d7e53081bd209fa43074bb4744148d4e20bb25227376fcf,137,-0.3796403540298015,0.01
4,0,all_strict,side_informed,laplace,uniform,20.0,retention_nonnegative,0.001,dad5d4ffe3a4823687c1aff1acc1f86d373ce81b85b782fae1c4b7716c711349,ac96a3ad79a9edfb4e5e43dc3d9ccf81d506d8a5f4c0abfb6183f3a037ef3f35,137,-0.36317469012373654,0.01
4,0,all_strict,side_informed,laplace,uniform,20.0,retention_nonnegative,0.01,dad5d4ffe3a4823687c1aff1acc1f86d373ce81b85b782fae1c4b7716c711349,fae921a05509e7637dd2ecc6ac006b5c7788aeb61190052a6e8814d5805925b6,137,-0.3458107526314226,0.01
4,0,all_strict,side_informed,laplace,uniform,20.0,retention_nonnegative,0.1,dad5d4ffe3a4823687c1aff1acc1f86d373ce81b85b782fae1c4b7716c711349,81a03312892a1568b844f5fff1a02928f7b63e41425e1a5cd417e48bc66f2917,137,-0.4114219611833781,0.01
4,1,all_strict,side_informed,laplace,uniform,20.0,retention_nonnegative,0.0,375ac5032a9e3c57e0a33947e30ec35ed19a33cd16476377d08907bad53f8f78,00aac2a9ba84d1a62592b212702876ea47b1824641e9acbe40a7b9e9335695bc,138,-0.38304808772431065,0.01
4,1,all_strict,side_informed,laplace,uniform,20.0,retention_nonnegative,0.0001,375ac5032a9e3c57e0a33947e30ec35ed19a33cd16476377d08907bad53f8f78,b4b20062d0d4e984aa4afc73665ad47a930a91246b7862c6fde85a5712bdd7aa,138,-0.3796403540298015,0.01
4,1,all_strict,side_informed,laplace,uniform,20.0,retention_nonnegative,0.001,375ac5032a9e3c57e0a33947e30ec35ed19a33cd16476377d08907bad53f8f78,3d3f7dd9deb8f1bb12c7b080b8197aa05e628acf483291b3bcfb7a76490e8970,138,-0.36317469012373654,0.01
4,1,all_strict,side_informed,laplace,uniform,20.0,retention_nonnegative,0.01,375ac5032a9e3c57e0a33947e30ec35ed19a33cd16476377d08907bad53f8f78,972073273cb956198cb4edeccb78ffb3abeccc2198cbd849ba287b05e43c20c5,138,-0.3458107526314226,0.01
4,1,all_strict,side_informed,laplace,uniform,20.0,retention_nonnegative,0.1,375ac5032a9e3c57e0a33947e30ec35ed19a33cd16476377d08907bad53f8f78,ee5ca210595c1d41077616dc41e97cd6a1629c1f3d4f4f9c9f48493c12a4281f,138,-0.4114219611833781,0.01
4,2,all_strict,side_informed,laplace,uniform,20.0,retention_nonnegative,0.0,21b28e9b95f6273e01cc5fd73d1827c62ba781b0fb4a0fc0e419afb51f80f1ef,b046d846e089a0e6b779c45b774b8cefbcc23756f9e5207da1e760d927cac2c1,137,-0.38304808772431065,0.01
4,2,all_strict,side_informed,laplace,uniform,20.0,retention_nonnegative,0.0001,21b28e9b95f6273e01cc5fd73d1827c62ba781b0fb4a0fc0e419afb51f80f1ef,2a2bade4adfec3a249e1be2db942cdca3ea00fd825273d806e352d55936c1136,137,-0.3796403540298015,0.01
4,2,all_strict,side_informed,laplace,uniform,20.0,retention_nonnegative,0.001,21b28e9b95f6273e01cc5fd73d1827c62ba781b0fb4a0fc0e419afb51f80f1ef,a8f34196ae30cca045b5b5d89555e2e334ea62887939709d2edd6c454c295790,137,-0.36317469012373654,0.01
4,2,all_strict,side_informed,laplace,uniform,20.0,retention_nonnegative,0.01,21b28e9b95f6273e01cc5fd73d1827c62ba781b0fb4a0fc0e419afb51f80f1ef,770883eab98bd04f7ed43ca2a6bfbb60f99933e11beb8d55c7a8d7afd0c56ab1,137,-0.3458107526314226,0.01
4,2,all_strict,side_informed,laplace,uniform,20.0,retention_nonnegative,0.1,21b28e9b95f6273e01cc5fd73d1827c62ba781b0fb4a0fc0e419afb51f80f1ef,15e32f634e12a33b27a0776184233d3326b182ec9bba7902dedba4d501535acd,137,-0.4114219611833781,0.01
4,0,all_strict,side_informed,laplace,uniform,20.0,current_only,0.0,dad5d4ffe3a4823687c1aff1acc1f86d373ce81b85b782fae1c4b7716c711349,012ae1f771858f4ee61f168531efb8659bd3073912878bba96d2e47a9952e0ca,137,-0.5932468803522045,0.1
4,0,all_strict,side_informed,laplace,uniform,20.0,current_only,0.0001,dad5d4ffe3a4823687c1aff1acc1f86d373ce81b85b782fae1c4b7716c711349,33e7dc43322c58d0729c11cb8bc948b12c9e72064c6a7013dbcaa7f03a059cd7,137,-0.5928948080522223,0.1
4,0,all_strict,side_informed,laplace,uniform,20.0,current_only,0.001,dad5d4ffe3a4823687c1aff1acc1f86d373ce81b85b782fae1c4b7716c711349,39fefa57731b1e5d470d8ff3fe1549d4a92ffc13ab9412f3f5c90d6fae923774,137,-0.5899099509310088,0.1
4,0,all_strict,side_informed,laplace,uniform,20.0,current_only,0.01,dad5d4ffe3a4823687c1aff1acc1f86d373ce81b85b782fae1c4b7716c711349,0ca6c7083825712eb97373f011a5db1ecb87022271ae3bbe47281f233cdc115d,137,-0.571228789207545,0.1
4,0,all_strict,side_informed,laplace,uniform,20.0,current_only,0.1,dad5d4ffe3a4823687c1aff1acc1f86d373ce81b85b782fae1c4b7716c711349,9753bef11a9ee1852336d51c69b7041427dc1f8185e0a799bc471d0c811c5691,137,-0.567199213444291,0.1
4,1,all_strict,side_informed,laplace,uniform,20.0,current_only,0.0,375ac5032a9e3c57e0a33947e30ec35ed19a33cd16476377d08907bad53f8f78,bdcb2193f863d418602ee91d3003198ab2b1750d7476ea9493f51df67d148034,138,-0.5932468803522045,0.1
4,1,all_strict,side_informed,laplace,uniform,20.0,current_only,0.0001,375ac5032a9e3c57e0a33947e30ec35ed19a33cd16476377d08907bad53f8f78,d8e9c9e7063d69af83ebf923e08e2aee03fb45979c348b1bc8d9490d9b1b5a90,138,-0.5928948080522223,0.1
4,1,all_strict,side_informed,laplace,uniform,20.0,current_only,0.001,375ac5032a9e3c57e0a33947e30ec35ed19a33cd16476377d08907bad53f8f78,3166125767bef3420778bb9db81bafa64e7b54ca58a434483c298c73fb9af435,138,-0.5899099509310088,0.1
4,1,all_strict,side_informed,laplace,uniform,20.0,current_only,0.01,375ac5032a9e3c57e0a33947e30ec35ed19a33cd16476377d08907bad53f8f78,856e388fd967b4738ae97db8bfb350e83a1d9d3b406ed042835de0e1241c7640,138,-0.571228789207545,0.1
4,1,all_strict,side_informed,laplace,uniform,20.0,current_only,0.1,375ac5032a9e3c57e0a33947e30ec35ed19a33cd16476377d08907bad53f8f78,f208e5030e3d3796c6e74aae972af62efeaf55eff06e8410477bddfc1ec69af7,138,-0.567199213444291,0.1
4,2,all_strict,side_informed,laplace,uniform,20.0,current_only,0.0,21b28e9b95f6273e01cc5fd73d1827c62ba781b0fb4a0fc0e419afb51f80f1ef,c9808fd1679a0f7fdfc065e89572e466044f35874e147236df1981d4463da08b,137,-0.5932468803522045,0.1
4,2,all_strict,side_informed,laplace,uniform,20.0,current_only,0.0001,21b28e9b95f6273e01cc5fd73d1827c62ba781b0fb4a0fc0e419afb51f80f1ef,fd14ee1fe06b393cd85f5c0ff9396449ca39452ec367fea2fa37d7a81b95c483,137,-0.5928948080522223,0.1
4,2,all_strict,side_informed,laplace,uniform,20.0,current_only,0.001,21b28e9b95f6273e01cc5fd73d1827c62ba781b0fb4a0fc0e419afb51f80f1ef,b65f8c81607e4591d788d28e4f1071cdc20b81bf4ecd18d59459e1a6c0291eb7,137,-0.5899099509310088,0.1
4,2,all_strict,side_informed,laplace,uniform,20.0,current_only,0.01,21b28e9b95f6273e01cc5fd73d1827c62ba781b0fb4a0fc0e419afb51f80f1ef,c4ee716cb2261ea1683ac8a51828c9b136b554797e7cc35d1061354c032f09c8,137,-0.571228789207545,0.1
4,2,all_strict,side_informed,laplace,uniform,20.0,current_only,0.1,21b28e9b95f6273e01cc5fd73d1827c62ba781b0fb4a0fc0e419afb51f80f1ef,66af12e556aa6bfdd6e7463da6d8c35002c3b8f31193dfc5ff1b995e7ec6681e,137,-0.567199213444291,0.1
4,0,all_strict,side_informed,laplace,uniform,20.0,input_plus_surface,0.0,dad5d4ffe3a4823687c1aff1acc1f86d373ce81b85b782fae1c4b7716c711349,f4172d3a3548cb52068fc8faf3d5631867927519d6bb666a2009cc450162305d,137,-0.3594883348965791,0.01
4,0,all_strict,side_informed,laplace,uniform,20.0,input_plus_surface,0.0001,dad5d4ffe3a4823687c1aff1acc1f86d373ce81b85b782fae1c4b7716c711349,a6f17f55e042549109998f1a997d1be9ebca2de0ab81673ac1fd10d288b95bc7,137,-0.3562378978861255,0.01
4,0,all_strict,side_informed,laplace,uniform,20.0,input_plus_surface,0.001,dad5d4ffe3a4823687c1aff1acc1f86d373ce81b85b782fae1c4b7716c711349,0477adb3aa7ada46d2266026ebf807981b121285e18992bd7266c13201cf8ff8,137,-0.3383827605463467,0.01
4,0,all_strict,side_informed,laplace,uniform,20.0,input_plus_surface,0.01,dad5d4ffe3a4823687c1aff1acc1f86d373ce81b85b782fae1c4b7716c711349,19c432e95fe850f72e023f2c2069399faffbcbfcc6148058bbced71e7776006b,137,-0.3075995537965293,0.01
4,0,all_strict,side_informed,laplace,uniform,20.0,input_plus_surface,0.1,dad5d4ffe3a4823687c1aff1acc1f86d373ce81b85b782fae1c4b7716c711349,8148eb3463daede99b2cc2eea2c73412feaefccfea102c838e308e359b1f513d,137,-0.36607315527730244,0.01
4,1,all_strict,side_informed,laplace,uniform,20.0,input_plus_surface,0.0,375ac5032a9e3c57e0a33947e30ec35ed19a33cd16476377d08907bad53f8f78,99af70ef7efd82bddc61592ba8861473adcef4a4c23fd20e6b5a28a7c7b8000e,138,-0.3594883348965791,0.01
4,1,all_strict,side_informed,laplace,uniform,20.0,input_plus_surface,0.0001,375ac5032a9e3c57e0a33947e30ec35ed19a33cd16476377d08907bad53f8f78,a116b2bcf3e3ef1a61a7f8f920d1b95967286f394ed9f425a6ba5788aca77e29,138,-0.3562378978861255,0.01
4,1,all_strict,side_informed,laplace,uniform,20.0,input_plus_surface,0.001,375ac5032a9e3c57e0a33947e30ec35ed19a33cd16476377d08907bad53f8f78,adc7a15141c656f12ac961cf2e7a9cb0432d3c800277cfcb35063d28d9b521d1,138,-0.3383827605463467,0.01
4,1,all_strict,side_informed,laplace,uniform,20.0,input_plus_surface,0.01,375ac5032a9e3c57e0a33947e30ec35ed19a33cd16476377d08907bad53f8f78,820b1ce0862a9c6b32c3f9cd9c451791f8d86dbd7c4e8dce55741473abea9f51,138,-0.3075995537965293,0.01
4,1,all_strict,side_informed,laplace,uniform,20.0,input_plus_surface,0.1,375ac5032a9e3c57e0a33947e30ec35ed19a33cd16476377d08907bad53f8f78,420dd557d5fa77feed186869558b6fcb213fee53151d678cb2433dbab84bbe9b,138,-0.36607315527730244,0.01
4,2,all_strict,side_informed,laplace,uniform,20.0,input_plus_surface,0.0,21b28e9b95f6273e01cc5fd73d1827c62ba781b0fb4a0fc0e419afb51f80f1ef,ed755f3fcbca38fbc11abbb27f09c862e0768f246619885bf3eb1327c30021f9,137,-0.3594883348965791,0.01
4,2,all_strict,side_informed,laplace,uniform,20.0,input_plus_surface,0.0001,21b28e9b95f6273e01cc5fd73d1827c62ba781b0fb4a0fc0e419afb51f80f1ef,84ea57d2c52fc98637a93fcf053dadeaac7bc37098970e53d9374023fa7f73a1,137,-0.3562378978861255,0.01
4,2,all_strict,side_informed,laplace,uniform,20.0,input_plus_surface,0.001,21b28e9b95f6273e01cc5fd73d1827c62ba781b0fb4a0fc0e419afb51f80f1ef,b88b3c4aa5c74a833aeb831d8f2e3afc90392d66bf764cf69a8715d546bd0c07,137,-0.3383827605463467,0.01
4,2,all_strict,side_informed,laplace,uniform,20.0,input_plus_surface,0.01,21b28e9b95f6273e01cc5fd73d1827c62ba781b0fb4a0fc0e419afb51f80f1ef,59ec7ee3fd3f1fc56c1cb8096a73a88eba99deac7ea4eb5a6f0663b670db7228,137,-0.3075995537965293,0.01
4,2,all_strict,side_informed,laplace,uniform,20.0,input_plus_surface,0.1,21b28e9b95f6273e01cc5fd73d1827c62ba781b0fb4a0fc0e419afb51f80f1ef,c4aa8861ac19e71ab53b923e8a1545c4b3e8ad767e922f6a520871712198e0a2,137,-0.36607315527730244,0.01
4,0,all_strict,side_informed,laplace,uniform,20.0,HU_plus_surface,0.0,dad5d4ffe3a4823687c1aff1acc1f86d373ce81b85b782fae1c4b7716c711349,f390a359534ba5bd0fcddd00fc85c890e3e95f4b44f289a4e6a670cc5ffe3d5f,137,-0.30340049019730025,0.01
4,0,all_strict,side_informed,laplace,uniform,20.0,HU_plus_surface,0.0001,dad5d4ffe3a4823687c1aff1acc1f86d373ce81b85b782fae1c4b7716c711349,0ae5c2b71ac58579475205e4d81e4b2d8a00aba25a40b6ffcaf9e93197c8f9ec,137,-0.30109099646485915,0.01
4,0,all_strict,side_informed,laplace,uniform,20.0,HU_plus_surface,0.001,dad5d4ffe3a4823687c1aff1acc1f86d373ce81b85b782fae1c4b7716c711349,037c756069ea92ac3f0c23fa13e59895f24ae62072589855fddfe2d1be0abf43,137,-0.28972266453211165,0.01
4,0,all_strict,side_informed,laplace,uniform,20.0,HU_plus_surface,0.01,dad5d4ffe3a4823687c1aff1acc1f86d373ce81b85b782fae1c4b7716c711349,c3e967d29680f82480d321e917084d36317c3e0d1ccd39ddd50435aeb2ca8756,137,-0.27726803816935075,0.01
4,0,all_strict,side_informed,laplace,uniform,20.0,HU_plus_surface,0.1,dad5d4ffe3a4823687c1aff1acc1f86d373ce81b85b782fae1c4b7716c711349,1edfd7f1fee5419dd875f7733abfba25ecb71d6c5bda0e9eb4ce26be1fdbaab3,137,-0.353229835043109,0.01
4,1,all_strict,side_informed,laplace,uniform,20.0,HU_plus_surface,0.0,375ac5032a9e3c57e0a33947e30ec35ed19a33cd16476377d08907bad53f8f78,ec12be591fb301f6c21af8afcc9f1524437f92a0927c87de8225882c912039f2,138,-0.30340049019730025,0.01
4,1,all_strict,side_informed,laplace,uniform,20.0,HU_plus_surface,0.0001,375ac5032a9e3c57e0a33947e30ec35ed19a33cd16476377d08907bad53f8f78,8d4c6cc426fb49f808daa1625a11677c44c02bdd1b2786ecae08413faea149a2,138,-0.30109099646485915,0.01
4,1,all_strict,side_informed,laplace,uniform,20.0,HU_plus_surface,0.001,375ac5032a9e3c57e0a33947e30ec35ed19a33cd16476377d08907bad53f8f78,126e13a5d3059ae95dac7a5d0520534c6ccea91dd678d917e98f60e147cd5a10,138,-0.28972266453211165,0.01
4,1,all_strict,side_informed,laplace,uniform,20.0,HU_plus_surface,0.01,375ac5032a9e3c57e0a33947e30ec35ed19a33cd16476377d08907bad53f8f78,bab103abfe973497ab77a034df765e0d57e55d5bc1002548582a52846cb8c8f0,138,-0.27726803816935075,0.01
4,1,all_strict,side_informed,laplace,uniform,20.0,HU_plus_surface,0.1,375ac5032a9e3c57e0a33947e30ec35ed19a33cd16476377d08907bad53f8f78,5b4f6c8ddcc6c2a9d7f2fd863548609f40e3c683c05c8306860f6fe8b30d371d,138,-0.353229835043109,0.01
4,2,all_strict,side_informed,laplace,uniform,20.0,HU_plus_surface,0.0,21b28e9b95f6273e01cc5fd73d1827c62ba781b0fb4a0fc0e419afb51f80f1ef,a05cf6e9aa8ea2fb511932e561d86ae8a310769b09eabd9b297e2566c77ffa57,137,-0.30340049019730025,0.01
4,2,all_strict,side_informed,laplace,uniform,20.0,HU_plus_surface,0.0001,21b28e9b95f6273e01cc5fd73d1827c62ba781b0fb4a0fc0e419afb51f80f1ef,8cd86af4feba33665b14337930397a0dde3c85d4bcae3deb198a4bb46e9ab5a7,137,-0.30109099646485915,0.01
4,2,all_strict,side_informed,laplace,uniform,20.0,HU_plus_surface,0.001,21b28e9b95f6273e01cc5fd73d1827c62ba781b0fb4a0fc0e419afb51f80f1ef,f08a65a38f8ef74bba65d3af3c91381ee16ddecddabb78056d00efcfa4f18e83,137,-0.28972266453211165,0.01
4,2,all_strict,side_informed,laplace,uniform,20.0,HU_plus_surface,0.01,21b28e9b95f6273e01cc5fd73d1827c62ba781b0fb4a0fc0e419afb51f80f1ef,98d6bb100dc23e39be3257c55bebbe5fc3b18f881b085f842b6950473a8e2684,137,-0.27726803816935075,0.01
4,2,all_strict,side_informed,laplace,uniform,20.0,HU_plus_surface,0.1,21b28e9b95f6273e01cc5fd73d1827c62ba781b0fb4a0fc0e419afb51f80f1ef,07c8ed7a1fe3b971db2ebd9f9e6c2d1634e9c4bb2750654c66af79193f4c4ee5,137,-0.353229835043109,0.01
4,0,all_strict,side_informed,laplace,uniform,20.0,retention_bounded_plus_HU,0.0,dad5d4ffe3a4823687c1aff1acc1f86d373ce81b85b782fae1c4b7716c711349,fb9cae7152222c6952643b3c892da794e74a345ff8b052df52284f43339c405d,137,-0.31434985722143266,0.01
4,0,all_strict,side_informed,laplace,uniform,20.0,retention_bounded_plus_HU,0.0001,dad5d4ffe3a4823687c1aff1acc1f86d373ce81b85b782fae1c4b7716c711349,c8199dcd2d7ec682101a74c3df0eb7a794a0185a6e1f350592a523ff480764ef,137,-0.3134972358419993,0.01
4,0,all_strict,side_informed,laplace,uniform,20.0,retention_bounded_plus_HU,0.001,dad5d4ffe3a4823687c1aff1acc1f86d373ce81b85b782fae1c4b7716c711349,185e317a85244d047f6a2600aab958ac506dee9c5350bdb780d6b2eb20939a28,137,-0.3074060888218361,0.01
4,0,all_strict,side_informed,laplace,uniform,20.0,retention_bounded_plus_HU,0.01,dad5d4ffe3a4823687c1aff1acc1f86d373ce81b85b782fae1c4b7716c711349,572a633f63f0895975cee10380a7176844ac527a651b9cc1d99d3ca8689b5c9b,137,-0.28800760201579845,0.01
4,0,all_strict,side_informed,laplace,uniform,20.0,retention_bounded_plus_HU,0.1,dad5d4ffe3a4823687c1aff1acc1f86d373ce81b85b782fae1c4b7716c711349,c446e03824b21ada86d2a2216d594984fdea71388addedd2182dcf49c1b6de13,137,-0.3143956536412048,0.01
4,1,all_strict,side_informed,laplace,uniform,20.0,retention_bounded_plus_HU,0.0,375ac5032a9e3c57e0a33947e30ec35ed19a33cd16476377d08907bad53f8f78,daabf903044eed068be6d00ef8c180f58bac23ef566c7a8cdd8cbcff865b8426,138,-0.31434985722143266,0.01
4,1,all_strict,side_informed,laplace,uniform,20.0,retention_bounded_plus_HU,0.0001,375ac5032a9e3c57e0a33947e30ec35ed19a33cd16476377d08907bad53f8f78,8f6d63aba88a93dfcec606f07c70aeee56099f62da71c6648b45385d32178fb5,138,-0.3134972358419993,0.01
4,1,all_strict,side_informed,laplace,uniform,20.0,retention_bounded_plus_HU,0.001,375ac5032a9e3c57e0a33947e30ec35ed19a33cd16476377d08907bad53f8f78,875cbe275368bbee0798fa3e45abfb7c9cff694385d5e9e9041b66b5f0f56970,138,-0.3074060888218361,0.01
4,1,all_strict,side_informed,laplace,uniform,20.0,retention_bounded_plus_HU,0.01,375ac5032a9e3c57e0a33947e30ec35ed19a33cd16476377d08907bad53f8f78,049d2c9fa197b2e2f08e71dc7d05ce42e2b5007086da621c4c494594190883eb,138,-0.28800760201579845,0.01
4,1,all_strict,side_informed,laplace,uniform,20.0,retention_bounded_plus_HU,0.1,375ac5032a9e3c57e0a33947e30ec35ed19a33cd16476377d08907bad53f8f78,ec3eff534b54ab772e76ec6d9aa2a38405839dc6f26a0e64bff37e8a714990f5,138,-0.3143956536412048,0.01
4,2,all_strict,side_informed,laplace,uniform,20.0,retention_bounded_plus_HU,0.0,21b28e9b95f6273e01cc5fd73d1827c62ba781b0fb4a0fc0e419afb51f80f1ef,82f08a2f78d9e2c331c560958bafa8fcdfaeb3b543d3f9f94ca623dc327832bf,137,-0.31434985722143266,0.01
4,2,all_strict,side_informed,laplace,uniform,20.0,retention_bounded_plus_HU,0.0001,21b28e9b95f6273e01cc5fd73d1827c62ba781b0fb4a0fc0e419afb51f80f1ef,50faf655f022c917396f2a4e3fd6746e004820cd0d84775719d0a2b9e72396fc,137,-0.3134972358419993,0.01
4,2,all_strict,side_informed,laplace,uniform,20.0,retention_bounded_plus_HU,0.001,21b28e9b95f6273e01cc5fd73d1827c62ba781b0fb4a0fc0e419afb51f80f1ef,518923ebc0b55203eebc74c7bb45746138f9fc67cd428464b1185c00c345e8e0,137,-0.3074060888218361,0.01
4,2,all_strict,side_informed,laplace,uniform,20.0,retention_bounded_plus_HU,0.01,21b28e9b95f6273e01cc5fd73d1827c62ba781b0fb4a0fc0e419afb51f80f1ef,2e7a3209451e7e3ae75e26c813c391b6cc15ef2ba85329b94a55b9d35eef6e42,137,-0.28800760201579845,0.01
4,2,all_strict,side_informed,laplace,uniform,20.0,retention_bounded_plus_HU,0.1,21b28e9b95f6273e01cc5fd73d1827c62ba781b0fb4a0fc0e419afb51f80f1ef,40949e8fa61cf1b51cfe8220a47ccfc3c1e8a6f265e24ce13bdb242f47b57072,137,-0.3143956536412048,0.01
4,0,all_strict,side_informed,gh80,uniform,20.0,HU_plus_surface,0.0,dad5d4ffe3a4823687c1aff1acc1f86d373ce81b85b782fae1c4b7716c711349,1f880345094dd4e601c8cb1cc3c7557d6c1461a0e6f095cdd658761a50fe3a24,137,-0.3221769521695284,0.01
4,0,all_strict,side_informed,gh80,uniform,20.0,HU_plus_surface,0.0001,dad5d4ffe3a4823687c1aff1acc1f86d373ce81b85b782fae1c4b7716c711349,9fd7b97a7114128614c349f5a8c116e2f60b1f3b3b01109d303d93465ce7e476,137,-0.31862115300883886,0.01
4,0,all_strict,side_informed,gh80,uniform,20.0,HU_plus_surface,0.001,dad5d4ffe3a4823687c1aff1acc1f86d373ce81b85b782fae1c4b7716c711349,a535b2d967e8c44375490f9a61a3bc232a1dc44e4bb3667afd5b98beaa647c19,137,-0.3018586633517583,0.01
4,0,all_strict,side_informed,gh80,uniform,20.0,HU_plus_surface,0.01,dad5d4ffe3a4823687c1aff1acc1f86d373ce81b85b782fae1c4b7716c711349,043b9118d2481e725c4dae43761154ef0f3c43d83ab7f85ecb4d2d867c6cbd9a,137,-0.2822341829654734,0.01
4,0,all_strict,side_informed,gh80,uniform,20.0,HU_plus_surface,0.1,dad5d4ffe3a4823687c1aff1acc1f86d373ce81b85b782fae1c4b7716c711349,4ccb07d911271eed6c308a6316bf29c97afd6b9480f5ff375e8dc41044637099,137,-0.3563314142185493,0.01
4,1,all_strict,side_informed,gh80,uniform,20.0,HU_plus_surface,0.0,375ac5032a9e3c57e0a33947e30ec35ed19a33cd16476377d08907bad53f8f78,836f0e25175a813ca0bd3f178dcff7b8ec2dc515bf6f8f14850dcf5b25b27996,138,-0.3221769521695284,0.01
4,1,all_strict,side_informed,gh80,uniform,20.0,HU_plus_surface,0.0001,375ac5032a9e3c57e0a33947e30ec35ed19a33cd16476377d08907bad53f8f78,fc55a7905ba485687251b180f78e2b8a32ecf1cd5060d4a9e8cced4804b95afd,138,-0.31862115300883886,0.01
4,1,all_strict,side_informed,gh80,uniform,20.0,HU_plus_surface,0.001,375ac5032a9e3c57e0a33947e30ec35ed19a33cd16476377d08907bad53f8f78,404e88140a2e14ece1ce4856501e04eec223282d02f7fc068a89d19dddf633e1,138,-0.3018586633517583,0.01
4,1,all_strict,side_informed,gh80,uniform,20.0,HU_plus_surface,0.01,375ac5032a9e3c57e0a33947e30ec35ed19a33cd16476377d08907bad53f8f78,0fb00c18c544d7a4bf2e6692a166cff544de95e8605d872195351d92e73be96f,138,-0.2822341829654734,0.01
4,1,all_strict,side_informed,gh80,uniform,20.0,HU_plus_surface,0.1,375ac5032a9e3c57e0a33947e30ec35ed19a33cd16476377d08907bad53f8f78,cf800b5ce1f50c7c51e1345210e4d8c3343239f2f29ad399c2dcadafb6ee0189,138,-0.3563314142185493,0.01
4,2,all_strict,side_informed,gh80,uniform,20.0,HU_plus_surface,0.0,21b28e9b95f6273e01cc5fd73d1827c62ba781b0fb4a0fc0e419afb51f80f1ef,ea8924139d756eb8c40211f51809e2ff5fef08e0fb3d4f3961270627ec39bcb1,137,-0.3221769521695284,0.01
4,2,all_strict,side_informed,gh80,uniform,20.0,HU_plus_surface,0.0001,21b28e9b95f6273e01cc5fd73d1827c62ba781b0fb4a0fc0e419afb51f80f1ef,33d58311ced23c18f48ab70614b1e9a93350157575c60b6d9e748110dd2a2795,137,-0.31862115300883886,0.01
4,2,all_strict,side_informed,gh80,uniform,20.0,HU_plus_surface,0.001,21b28e9b95f6273e01cc5fd73d1827c62ba781b0fb4a0fc0e419afb51f80f1ef,5d8b3b1da458d91dcb1afaf54ba0b7b098a5c9c242048363607c324689cfa22a,137,-0.3018586633517583,0.01
4,2,all_strict,side_informed,gh80,uniform,20.0,HU_plus_surface,0.01,21b28e9b95f6273e01cc5fd73d1827c62ba781b0fb4a0fc0e419afb51f80f1ef,c0d5a9bcfcf2f8e01af82af3be4b4d5fe279133525207f407a5f07854c2cd890,137,-0.2822341829654734,0.01
4,2,all_strict,side_informed,gh80,uniform,20.0,HU_plus_surface,0.1,21b28e9b95f6273e01cc5fd73d1827c62ba781b0fb4a0fc0e419afb51f80f1ef,2ab3a3ab2f70d094586cb99b4e1d8a061d1552832e5486b070e58ce7655ea210,137,-0.3563314142185493,0.01
4,0,all_strict,side_informed,gh80,uniform,20.0,retention_bounded_plus_HU,0.0,dad5d4ffe3a4823687c1aff1acc1f86d373ce81b85b782fae1c4b7716c711349,dddd8567d57491ccc218dcdda12a40ecfb0cc9ba359279f1126f9ffbc78b5694,137,-0.3305404429204458,0.01
4,0,all_strict,side_informed,gh80,uniform,20.0,retention_bounded_plus_HU,0.0001,dad5d4ffe3a4823687c1aff1acc1f86d373ce81b85b782fae1c4b7716c711349,9ad78c23a5f75fdbf832460f7fa23e70cd0d087cca29982f4bc70e87110a58b5,137,-0.328813193869357,0.01
4,0,all_strict,side_informed,gh80,uniform,20.0,retention_bounded_plus_HU,0.001,dad5d4ffe3a4823687c1aff1acc1f86d373ce81b85b782fae1c4b7716c711349,f57b0b032a5d1f0377327f3c9369990765e01b7435e032a4b9e6b62b738de9e8,137,-0.32163133298723173,0.01
4,0,all_strict,side_informed,gh80,uniform,20.0,retention_bounded_plus_HU,0.01,dad5d4ffe3a4823687c1aff1acc1f86d373ce81b85b782fae1c4b7716c711349,7d685b5603eaa51563d7bf7869d5da89c97e38c663be5dd387900903e62fdb25,137,-0.3001743018607457,0.01
4,0,all_strict,side_informed,gh80,uniform,20.0,retention_bounded_plus_HU,0.1,dad5d4ffe3a4823687c1aff1acc1f86d373ce81b85b782fae1c4b7716c711349,8c9054576d179da1e8d5d994cbab0dbbe6e9a3a13dad47df394bb12d2d292cc5,137,-0.32083249659341095,0.01
4,1,all_strict,side_informed,gh80,uniform,20.0,retention_bounded_plus_HU,0.0,375ac5032a9e3c57e0a33947e30ec35ed19a33cd16476377d08907bad53f8f78,2dc666be361f8939478abc04826f7b3e32bea37d64313c0d6f6e50e1f4a031dd,138,-0.3305404429204458,0.01
4,1,all_strict,side_informed,gh80,uniform,20.0,retention_bounded_plus_HU,0.0001,375ac5032a9e3c57e0a33947e30ec35ed19a33cd16476377d08907bad53f8f78,2366defc176049c7eefdb667c3a1265be7b588255c0bb76b42d2253e821f09f0,138,-0.328813193869357,0.01
4,1,all_strict,side_informed,gh80,uniform,20.0,retention_bounded_plus_HU,0.001,375ac5032a9e3c57e0a33947e30ec35ed19a33cd16476377d08907bad53f8f78,2aba26ebd3705b7ad26d7d103b3461e5cdf19086e53dcb11194d4e7807746d02,138,-0.32163133298723173,0.01
4,1,all_strict,side_informed,gh80,uniform,20.0,retention_bounded_plus_HU,0.01,375ac5032a9e3c57e0a33947e30ec35ed19a33cd16476377d08907bad53f8f78,2f56e4543302c259acbd0a2620ba1675875f6f1050dac108bf91eed659faece9,138,-0.3001743018607457,0.01
4,1,all_strict,side_informed,gh80,uniform,20.0,retention_bounded_plus_HU,0.1,375ac5032a9e3c57e0a33947e30ec35ed19a33cd16476377d08907bad53f8f78,8abca181f047f46e4d265d876cfadb6c8b07704418c3fc91c30bf90df17bc42c,138,-0.32083249659341095,0.01
4,2,all_strict,side_informed,gh80,uniform,20.0,retention_bounded_plus_HU,0.0,21b28e9b95f6273e01cc5fd73d1827c62ba781b0fb4a0fc0e419afb51f80f1ef,48e9360a86b16bb18772fa9fad199557ccb5e009decdcf40cdfaa6f5ec60d34c,137,-0.3305404429204458,0.01
4,2,all_strict,side_informed,gh80,uniform,20.0,retention_bounded_plus_HU,0.0001,21b28e9b95f6273e01cc5fd73d1827c62ba781b0fb4a0fc0e419afb51f80f1ef,b63c0b81b6ac751f5054c94c3485c2f91798470890efb4275f4a3c5c431983c9,137,-0.328813193869357,0.01
4,2,all_strict,side_informed,gh80,uniform,20.0,retention_bounded_plus_HU,0.001,21b28e9b95f6273e01cc5fd73d1827c62ba781b0fb4a0fc0e419afb51f80f1ef,3e7afa1c6c2d9ae1fabfb0af6534a2c677c50113f46a46dc528993a4b0a9ceee,137,-0.32163133298723173,0.01
4,2,all_strict,side_informed,gh80,uniform,20.0,retention_bounded_plus_HU,0.01,21b28e9b95f6273e01cc5fd73d1827c62ba781b0fb4a0fc0e419afb51f80f1ef,d7a5a80c59fc1410add1b33f802184ccc4ec5668c2cdd2bfef1b30a51530b4cc,137,-0.3001743018607457,0.01
4,2,all_strict,side_informed,gh80,uniform,20.0,retention_bounded_plus_HU,0.1,21b28e9b95f6273e01cc5fd73d1827c62ba781b0fb4a0fc0e419afb51f80f1ef,778cbd37d60ae414000f78de2ef90d3ee32d664259bb54c50aaceffb26ef1b2d,137,-0.32083249659341095,0.01
4,0,all_strict,wholly_unseen,laplace,uniform,20.0,retention_bounded,0.0,dad5d4ffe3a4823687c1aff1acc1f86d373ce81b85b782fae1c4b7716c711349,7a532b5449653a6e4bd13a8bac8c2f53f03b83fbaab713c301438cbb52a35490,137,-0.651910622615374,0.01
4,0,all_strict,wholly_unseen,laplace,uniform,20.0,retention_bounded,0.0001,dad5d4ffe3a4823687c1aff1acc1f86d373ce81b85b782fae1c4b7716c711349,5c767e4272566ff885adc4b6e1c6d2137926a12445619f8df4485187a849622a,137,-0.6488180490944297,0.01
4,0,all_strict,wholly_unseen,laplace,uniform,20.0,retention_bounded,0.001,dad5d4ffe3a4823687c1aff1acc1f86d373ce81b85b782fae1c4b7716c711349,decf7673a771dce9018deed70396997bce4ddce1f32f781e25c9b783d1ad90d9,137,-0.631681853066887,0.01
4,0,all_strict,wholly_unseen,laplace,uniform,20.0,retention_bounded,0.01,dad5d4ffe3a4823687c1aff1acc1f86d373ce81b85b782fae1c4b7716c711349,8a2d4523995de7eb7a4356bf310329912c12823b2d7d6e2cff08bfac3a859930,137,-0.5912683471283559,0.01
4,0,all_strict,wholly_unseen,laplace,uniform,20.0,retention_bounded,0.1,dad5d4ffe3a4823687c1aff1acc1f86d373ce81b85b782fae1c4b7716c711349,7d741e393d8e13367bfc3853abecf60befd5b0b6555a4f0ff70bb0789574b2f4,137,-0.613204616093328,0.01
4,1,all_strict,wholly_unseen,laplace,uniform,20.0,retention_bounded,0.0,375ac5032a9e3c57e0a33947e30ec35ed19a33cd16476377d08907bad53f8f78,89e8ad7061660f38197f33cd7fa2ed956a90f9612f056c76bce629bc2325bfdb,138,-0.651910622615374,0.01
4,1,all_strict,wholly_unseen,laplace,uniform,20.0,retention_bounded,0.0001,375ac5032a9e3c57e0a33947e30ec35ed19a33cd16476377d08907bad53f8f78,3faa25bbce3996c33e0f9c7112dbf776306424464a3cd9833a462976498414dd,138,-0.6488180490944297,0.01
4,1,all_strict,wholly_unseen,laplace,uniform,20.0,retention_bounded,0.001,375ac5032a9e3c57e0a33947e30ec35ed19a33cd16476377d08907bad53f8f78,73fbe3638038b11105f721df37c527cdaaaa01e03b7090e519691e5eaf5eb746,138,-0.631681853066887,0.01
4,1,all_strict,wholly_unseen,laplace,uniform,20.0,retention_bounded,0.01,375ac5032a9e3c57e0a33947e30ec35ed19a33cd16476377d08907bad53f8f78,13ea489b679a98bbb8123b67ed20f7d27877a399dd19311ca47ad927025aa31b,138,-0.5912683471283559,0.01
4,1,all_strict,wholly_unseen,laplace,uniform,20.0,retention_bounded,0.1,375ac5032a9e3c57e0a33947e30ec35ed19a33cd16476377d08907bad53f8f78,d6ab42cb4398fc8ecc3130abd4d6ed2df87b7d173f3c998a0e33716e9eadfc42,138,-0.613204616093328,0.01
4,2,all_strict,wholly_unseen,laplace,uniform,20.0,retention_bounded,0.0,21b28e9b95f6273e01cc5fd73d1827c62ba781b0fb4a0fc0e419afb51f80f1ef,fb3ae9edc5ccb063ac58aa2a8aca4d83b268927cbfaeb408a291c77a9b5c4f58,137,-0.651910622615374,0.01
4,2,all_strict,wholly_unseen,laplace,uniform,20.0,retention_bounded,0.0001,21b28e9b95f6273e01cc5fd73d1827c62ba781b0fb4a0fc0e419afb51f80f1ef,b95d28316b4dc0054dd96984593436acade34c3d71d3592bc2b5ad23d46cf5c7,137,-0.6488180490944297,0.01
4,2,all_strict,wholly_unseen,laplace,uniform,20.0,retention_bounded,0.001,21b28e9b95f6273e01cc5fd73d1827c62ba781b0fb4a0fc0e419afb51f80f1ef,e5ad875ab697a3c0409a19d79f7a527df9e322722819d7f7c206f4933eeedc13,137,-0.631681853066887,0.01
4,2,all_strict,wholly_unseen,laplace,uniform,20.0,retention_bounded,0.01,21b28e9b95f6273e01cc5fd73d1827c62ba781b0fb4a0fc0e419afb51f80f1ef,1170a3f70a564857be7e291586fdae566175187c76d7e5a4ef58d2106141ed76,137,-0.5912683471283559,0.01
4,2,all_strict,wholly_unseen,laplace,uniform,20.0,retention_bounded,0.1,21b28e9b95f6273e01cc5fd73d1827c62ba781b0fb4a0fc0e419afb51f80f1ef,d6f8c20f00e14fec555f6fa4298a9bedb1f10eb02fae8f0c31e2f7eb6f2c584f,137,-0.613204616093328,0.01
4,0,all_strict,wholly_unseen,laplace,uniform,20.0,retention_nonnegative,0.0,dad5d4ffe3a4823687c1aff1acc1f86d373ce81b85b782fae1c4b7716c711349,67ed04039a99be1afd2feeac36606282621353051aabbeb97d75f6b5fb0eb290,137,-0.6519106228419019,0.01
4,0,all_strict,wholly_unseen,laplace,uniform,20.0,retention_nonnegative,0.0001,dad5d4ffe3a4823687c1aff1acc1f86d373ce81b85b782fae1c4b7716c711349,ed6380fe9c11332d6d7e53081bd209fa43074bb4744148d4e20bb25227376fcf,137,-0.6475754102691336,0.01
4,0,all_strict,wholly_unseen,laplace,uniform,20.0,retention_nonnegative,0.001,dad5d4ffe3a4823687c1aff1acc1f86d373ce81b85b782fae1c4b7716c711349,ac96a3ad79a9edfb4e5e43dc3d9ccf81d506d8a5f4c0abfb6183f3a037ef3f35,137,-0.6263480954044194,0.01
4,0,all_strict,wholly_unseen,laplace,uniform,20.0,retention_nonnegative,0.01,dad5d4ffe3a4823687c1aff1acc1f86d373ce81b85b782fae1c4b7716c711349,fae921a05509e7637dd2ecc6ac006b5c7788aeb61190052a6e8814d5805925b6,137,-0.6091357533759427,0.01
4,0,all_strict,wholly_unseen,laplace,uniform,20.0,retention_nonnegative,0.1,dad5d4ffe3a4823687c1aff1acc1f86d373ce81b85b782fae1c4b7716c711349,81a03312892a1568b844f5fff1a02928f7b63e41425e1a5cd417e48bc66f2917,137,-0.6806421137420655,0.01
4,1,all_strict,wholly_unseen,laplace,uniform,20.0,retention_nonnegative,0.0,375ac5032a9e3c57e0a33947e30ec35ed19a33cd16476377d08907bad53f8f78,00aac2a9ba84d1a62592b212702876ea47b1824641e9acbe40a7b9e9335695bc,138,-0.6519106228419019,0.01
4,1,all_strict,wholly_unseen,laplace,uniform,20.0,retention_nonnegative,0.0001,375ac5032a9e3c57e0a33947e30ec35ed19a33cd16476377d08907bad53f8f78,b4b20062d0d4e984aa4afc73665ad47a930a91246b7862c6fde85a5712bdd7aa,138,-0.6475754102691336,0.01
4,1,all_strict,wholly_unseen,laplace,uniform,20.0,retention_nonnegative,0.001,375ac5032a9e3c57e0a33947e30ec35ed19a33cd16476377d08907bad53f8f78,3d3f7dd9deb8f1bb12c7b080b8197aa05e628acf483291b3bcfb7a76490e8970,138,-0.6263480954044194,0.01
4,1,all_strict,wholly_unseen,laplace,uniform,20.0,retention_nonnegative,0.01,375ac5032a9e3c57e0a33947e30ec35ed19a33cd16476377d08907bad53f8f78,972073273cb956198cb4edeccb78ffb3abeccc2198cbd849ba287b05e43c20c5,138,-0.6091357533759427,0.01
4,1,all_strict,wholly_unseen,laplace,uniform,20.0,retention_nonnegative,0.1,375ac5032a9e3c57e0a33947e30ec35ed19a33cd16476377d08907bad53f8f78,ee5ca210595c1d41077616dc41e97cd6a1629c1f3d4f4f9c9f48493c12a4281f,138,-0.6806421137420655,0.01
4,2,all_strict,wholly_unseen,laplace,uniform,20.0,retention_nonnegative,0.0,21b28e9b95f6273e01cc5fd73d1827c62ba781b0fb4a0fc0e419afb51f80f1ef,b046d846e089a0e6b779c45b774b8cefbcc23756f9e5207da1e760d927cac2c1,137,-0.6519106228419019,0.01
4,2,all_strict,wholly_unseen,laplace,uniform,20.0,retention_nonnegative,0.0001,21b28e9b95f6273e01cc5fd73d1827c62ba781b0fb4a0fc0e419afb51f80f1ef,2a2bade4adfec3a249e1be2db942cdca3ea00fd825273d806e352d55936c1136,137,-0.6475754102691336,0.01
4,2,all_strict,wholly_unseen,laplace,uniform,20.0,retention_nonnegative,0.001,21b28e9b95f6273e01cc5fd73d1827c62ba781b0fb4a0fc0e419afb51f80f1ef,a8f34196ae30cca045b5b5d89555e2e334ea62887939709d2edd6c454c295790,137,-0.6263480954044194,0.01
4,2,all_strict,wholly_unseen,laplace,uniform,20.0,retention_nonnegative,0.01,21b28e9b95f6273e01cc5fd73d1827c62ba781b0fb4a0fc0e419afb51f80f1ef,770883eab98bd04f7ed43ca2a6bfbb60f99933e11beb8d55c7a8d7afd0c56ab1,137,-0.6091357533759427,0.01
4,2,all_strict,wholly_unseen,laplace,uniform,20.0,retention_nonnegative,0.1,21b28e9b95f6273e01cc5fd73d1827c62ba781b0fb4a0fc0e419afb51f80f1ef,15e32f634e12a33b27a0776184233d3326b182ec9bba7902dedba4d501535acd,137,-0.6806421137420655,0.01
4,0,all_strict,wholly_unseen,laplace,uniform,20.0,current_only,0.0,dad5d4ffe3a4823687c1aff1acc1f86d373ce81b85b782fae1c4b7716c711349,012ae1f771858f4ee61f168531efb8659bd3073912878bba96d2e47a9952e0ca,137,-0.8624780845464077,0.1
4,0,all_strict,wholly_unseen,laplace,uniform,20.0,current_only,0.0001,dad5d4ffe3a4823687c1aff1acc1f86d373ce81b85b782fae1c4b7716c711349,33e7dc43322c58d0729c11cb8bc948b12c9e72064c6a7013dbcaa7f03a059cd7,137,-0.8621260122464253,0.1
4,0,all_strict,wholly_unseen,laplace,uniform,20.0,current_only,0.001,dad5d4ffe3a4823687c1aff1acc1f86d373ce81b85b782fae1c4b7716c711349,39fefa57731b1e5d470d8ff3fe1549d4a92ffc13ab9412f3f5c90d6fae923774,137,-0.859141155125212,0.1
4,0,all_strict,wholly_unseen,laplace,uniform,20.0,current_only,0.01,dad5d4ffe3a4823687c1aff1acc1f86d373ce81b85b782fae1c4b7716c711349,0ca6c7083825712eb97373f011a5db1ecb87022271ae3bbe47281f233cdc115d,137,-0.8404599934017482,0.1
4,0,all_strict,wholly_unseen,laplace,uniform,20.0,current_only,0.1,dad5d4ffe3a4823687c1aff1acc1f86d373ce81b85b782fae1c4b7716c711349,9753bef11a9ee1852336d51c69b7041427dc1f8185e0a799bc471d0c811c5691,137,-0.8364304176384944,0.1
4,1,all_strict,wholly_unseen,laplace,uniform,20.0,current_only,0.0,375ac5032a9e3c57e0a33947e30ec35ed19a33cd16476377d08907bad53f8f78,bdcb2193f863d418602ee91d3003198ab2b1750d7476ea9493f51df67d148034,138,-0.8624780845464077,0.1
4,1,all_strict,wholly_unseen,laplace,uniform,20.0,current_only,0.0001,375ac5032a9e3c57e0a33947e30ec35ed19a33cd16476377d08907bad53f8f78,d8e9c9e7063d69af83ebf923e08e2aee03fb45979c348b1bc8d9490d9b1b5a90,138,-0.8621260122464253,0.1
4,1,all_strict,wholly_unseen,laplace,uniform,20.0,current_only,0.001,375ac5032a9e3c57e0a33947e30ec35ed19a33cd16476377d08907bad53f8f78,3166125767bef3420778bb9db81bafa64e7b54ca58a434483c298c73fb9af435,138,-0.859141155125212,0.1
4,1,all_strict,wholly_unseen,laplace,uniform,20.0,current_only,0.01,375ac5032a9e3c57e0a33947e30ec35ed19a33cd16476377d08907bad53f8f78,856e388fd967b4738ae97db8bfb350e83a1d9d3b406ed042835de0e1241c7640,138,-0.8404599934017482,0.1
4,1,all_strict,wholly_unseen,laplace,uniform,20.0,current_only,0.1,375ac5032a9e3c57e0a33947e30ec35ed19a33cd16476377d08907bad53f8f78,f208e5030e3d3796c6e74aae972af62efeaf55eff06e8410477bddfc1ec69af7,138,-0.8364304176384944,0.1
4,2,all_strict,wholly_unseen,laplace,uniform,20.0,current_only,0.0,21b28e9b95f6273e01cc5fd73d1827c62ba781b0fb4a0fc0e419afb51f80f1ef,c9808fd1679a0f7fdfc065e89572e466044f35874e147236df1981d4463da08b,137,-0.8624780845464077,0.1
4,2,all_strict,wholly_unseen,laplace,uniform,20.0,current_only,0.0001,21b28e9b95f6273e01cc5fd73d1827c62ba781b0fb4a0fc0e419afb51f80f1ef,fd14ee1fe06b393cd85f5c0ff9396449ca39452ec367fea2fa37d7a81b95c483,137,-0.8621260122464253,0.1
4,2,all_strict,wholly_unseen,laplace,uniform,20.0,current_only,0.001,21b28e9b95f6273e01cc5fd73d1827c62ba781b0fb4a0fc0e419afb51f80f1ef,b65f8c81607e4591d788d28e4f1071cdc20b81bf4ecd18d59459e1a6c0291eb7,137,-0.859141155125212,0.1
4,2,all_strict,wholly_unseen,laplace,uniform,20.0,current_only,0.01,21b28e9b95f6273e01cc5fd73d1827c62ba781b0fb4a0fc0e419afb51f80f1ef,c4ee716cb2261ea1683ac8a51828c9b136b554797e7cc35d1061354c032f09c8,137,-0.8404599934017482,0.1
4,2,all_strict,wholly_unseen,laplace,uniform,20.0,current_only,0.1,21b28e9b95f6273e01cc5fd73d1827c62ba781b0fb4a0fc0e419afb51f80f1ef,66af12e556aa6bfdd6e7463da6d8c35002c3b8f31193dfc5ff1b995e7ec6681e,137,-0.8364304176384944,0.1
4,0,all_strict,wholly_unseen,laplace,uniform,20.0,input_plus_surface,0.0,dad5d4ffe3a4823687c1aff1acc1f86d373ce81b85b782fae1c4b7716c711349,f4172d3a3548cb52068fc8faf3d5631867927519d6bb666a2009cc450162305d,137,-0.624909194452506,0.01
4,0,all_strict,wholly_unseen,laplace,uniform,20.0,input_plus_surface,0.0001,dad5d4ffe3a4823687c1aff1acc1f86d373ce81b85b782fae1c4b7716c711349,a6f17f55e042549109998f1a997d1be9ebca2de0ab81673ac1fd10d288b95bc7,137,-0.6214739611017221,0.01
4,0,all_strict,wholly_unseen,laplace,uniform,20.0,input_plus_surface,0.001,dad5d4ffe3a4823687c1aff1acc1f86d373ce81b85b782fae1c4b7716c711349,0477adb3aa7ada46d2266026ebf807981b121285e18992bd7266c13201cf8ff8,137,-0.6024559860730143,0.01
4,0,all_strict,wholly_unseen,laplace,uniform,20.0,input_plus_surface,0.01,dad5d4ffe3a4823687c1aff1acc1f86d373ce81b85b782fae1c4b7716c711349,19c432e95fe850f72e023f2c2069399faffbcbfcc6148058bbced71e7776006b,137,-0.5688054253440854,0.01
4,0,all_strict,wholly_unseen,laplace,uniform,20.0,input_plus_surface,0.1,dad5d4ffe3a4823687c1aff1acc1f86d373ce81b85b782fae1c4b7716c711349,8148eb3463daede99b2cc2eea2c73412feaefccfea102c838e308e359b1f513d,137,-0.6282084358886717,0.01
4,1,all_strict,wholly_unseen,laplace,uniform,20.0,input_plus_surface,0.0,375ac5032a9e3c57e0a33947e30ec35ed19a33cd16476377d08907bad53f8f78,99af70ef7efd82bddc61592ba8861473adcef4a4c23fd20e6b5a28a7c7b8000e,138,-0.624909194452506,0.01
4,1,all_strict,wholly_unseen,laplace,uniform,20.0,input_plus_surface,0.0001,375ac5032a9e3c57e0a33947e30ec35ed19a33cd16476377d08907bad53f8f78,a116b2bcf3e3ef1a61a7f8f920d1b95967286f394ed9f425a6ba5788aca77e29,138,-0.6214739611017221,0.01
4,1,all_strict,wholly_unseen,laplace,uniform,20.0,input_plus_surface,0.001,375ac5032a9e3c57e0a33947e30ec35ed19a33cd16476377d08907bad53f8f78,adc7a15141c656f12ac961cf2e7a9cb0432d3c800277cfcb35063d28d9b521d1,138,-0.6024559860730143,0.01
4,1,all_strict,wholly_unseen,laplace,uniform,20.0,input_plus_surface,0.01,375ac5032a9e3c57e0a33947e30ec35ed19a33cd16476377d08907bad53f8f78,820b1ce0862a9c6b32c3f9cd9c451791f8d86dbd7c4e8dce55741473abea9f51,138,-0.5688054253440854,0.01
4,1,all_strict,wholly_unseen,laplace,uniform,20.0,input_plus_surface,0.1,375ac5032a9e3c57e0a33947e30ec35ed19a33cd16476377d08907bad53f8f78,420dd557d5fa77feed186869558b6fcb213fee53151d678cb2433dbab84bbe9b,138,-0.6282084358886717,0.01
4,2,all_strict,wholly_unseen,laplace,uniform,20.0,input_plus_surface,0.0,21b28e9b95f6273e01cc5fd73d1827c62ba781b0fb4a0fc0e419afb51f80f1ef,ed755f3fcbca38fbc11abbb27f09c862e0768f246619885bf3eb1327c30021f9,137,-0.624909194452506,0.01
4,2,all_strict,wholly_unseen,laplace,uniform,20.0,input_plus_surface,0.0001,21b28e9b95f6273e01cc5fd73d1827c62ba781b0fb4a0fc0e419afb51f80f1ef,84ea57d2c52fc98637a93fcf053dadeaac7bc37098970e53d9374023fa7f73a1,137,-0.6214739611017221,0.01
4,2,all_strict,wholly_unseen,laplace,uniform,20.0,input_plus_surface,0.001,21b28e9b95f6273e01cc5fd73d1827c62ba781b0fb4a0fc0e419afb51f80f1ef,b88b3c4aa5c74a833aeb831d8f2e3afc90392d66bf764cf69a8715d546bd0c07,137,-0.6024559860730143,0.01
4,2,all_strict,wholly_unseen,laplace,uniform,20.0,input_plus_surface,0.01,21b28e9b95f6273e01cc5fd73d1827c62ba781b0fb4a0fc0e419afb51f80f1ef,59ec7ee3fd3f1fc56c1cb8096a73a88eba99deac7ea4eb5a6f0663b670db7228,137,-0.5688054253440854,0.01
4,2,all_strict,wholly_unseen,laplace,uniform,20.0,input_plus_surface,0.1,21b28e9b95f6273e01cc5fd73d1827c62ba781b0fb4a0fc0e419afb51f80f1ef,c4aa8861ac19e71ab53b923e8a1545c4b3e8ad767e922f6a520871712198e0a2,137,-0.6282084358886717,0.01
4,0,all_strict,wholly_unseen,laplace,uniform,20.0,HU_plus_surface,0.0,dad5d4ffe3a4823687c1aff1acc1f86d373ce81b85b782fae1c4b7716c711349,f390a359534ba5bd0fcddd00fc85c890e3e95f4b44f289a4e6a670cc5ffe3d5f,137,-0.5735687599172012,0.01
4,0,all_strict,wholly_unseen,laplace,uniform,20.0,HU_plus_surface,0.0001,dad5d4ffe3a4823687c1aff1acc1f86d373ce81b85b782fae1c4b7716c711349,0ae5c2b71ac58579475205e4d81e4b2d8a00aba25a40b6ffcaf9e93197c8f9ec,137,-0.5708509585244115,0.01
4,0,all_strict,wholly_unseen,laplace,uniform,20.0,HU_plus_surface,0.001,dad5d4ffe3a4823687c1aff1acc1f86d373ce81b85b782fae1c4b7716c711349,037c756069ea92ac3f0c23fa13e59895f24ae62072589855fddfe2d1be0abf43,137,-0.557117462556087,0.01
4,0,all_strict,wholly_unseen,laplace,uniform,20.0,HU_plus_surface,0.01,dad5d4ffe3a4823687c1aff1acc1f86d373ce81b85b782fae1c4b7716c711349,c3e967d29680f82480d321e917084d36317c3e0d1ccd39ddd50435aeb2ca8756,137,-0.5395569249603059,0.01
4,0,all_strict,wholly_unseen,laplace,uniform,20.0,HU_plus_surface,0.1,dad5d4ffe3a4823687c1aff1acc1f86d373ce81b85b782fae1c4b7716c711349,1edfd7f1fee5419dd875f7733abfba25ecb71d6c5bda0e9eb4ce26be1fdbaab3,137,-0.6155194491995986,0.01
4,1,all_strict,wholly_unseen,laplace,uniform,20.0,HU_plus_surface,0.0,375ac5032a9e3c57e0a33947e30ec35ed19a33cd16476377d08907bad53f8f78,ec12be591fb301f6c21af8afcc9f1524437f92a0927c87de8225882c912039f2,138,-0.5735687599172012,0.01
4,1,all_strict,wholly_unseen,laplace,uniform,20.0,HU_plus_surface,0.0001,375ac5032a9e3c57e0a33947e30ec35ed19a33cd16476377d08907bad53f8f78,8d4c6cc426fb49f808daa1625a11677c44c02bdd1b2786ecae08413faea149a2,138,-0.5708509585244115,0.01
4,1,all_strict,wholly_unseen,laplace,uniform,20.0,HU_plus_surface,0.001,375ac5032a9e3c57e0a33947e30ec35ed19a33cd16476377d08907bad53f8f78,126e13a5d3059ae95dac7a5d0520534c6ccea91dd678d917e98f60e147cd5a10,138,-0.557117462556087,0.01
4,1,all_strict,wholly_unseen,laplace,uniform,20.0,HU_plus_surface,0.01,375ac5032a9e3c57e0a33947e30ec35ed19a33cd16476377d08907bad53f8f78,bab103abfe973497ab77a034df765e0d57e55d5bc1002548582a52846cb8c8f0,138,-0.5395569249603059,0.01
4,1,all_strict,wholly_unseen,laplace,uniform,20.0,HU_plus_surface,0.1,375ac5032a9e3c57e0a33947e30ec35ed19a33cd16476377d08907bad53f8f78,5b4f6c8ddcc6c2a9d7f2fd863548609f40e3c683c05c8306860f6fe8b30d371d,138,-0.6155194491995986,0.01
4,2,all_strict,wholly_unseen,laplace,uniform,20.0,HU_plus_surface,0.0,21b28e9b95f6273e01cc5fd73d1827c62ba781b0fb4a0fc0e419afb51f80f1ef,a05cf6e9aa8ea2fb511932e561d86ae8a310769b09eabd9b297e2566c77ffa57,137,-0.5735687599172012,0.01
4,2,all_strict,wholly_unseen,laplace,uniform,20.0,HU_plus_surface,0.0001,21b28e9b95f6273e01cc5fd73d1827c62ba781b0fb4a0fc0e419afb51f80f1ef,8cd86af4feba33665b14337930397a0dde3c85d4bcae3deb198a4bb46e9ab5a7,137,-0.5708509585244115,0.01
4,2,all_strict,wholly_unseen,laplace,uniform,20.0,HU_plus_surface,0.001,21b28e9b95f6273e01cc5fd73d1827c62ba781b0fb4a0fc0e419afb51f80f1ef,f08a65a38f8ef74bba65d3af3c91381ee16ddecddabb78056d00efcfa4f18e83,137,-0.557117462556087,0.01
4,2,all_strict,wholly_unseen,laplace,uniform,20.0,HU_plus_surface,0.01,21b28e9b95f6273e01cc5fd73d1827c62ba781b0fb4a0fc0e419afb51f80f1ef,98d6bb100dc23e39be3257c55bebbe5fc3b18f881b085f842b6950473a8e2684,137,-0.5395569249603059,0.01
4,2,all_strict,wholly_unseen,laplace,uniform,20.0,HU_plus_surface,0.1,21b28e9b95f6273e01cc5fd73d1827c62ba781b0fb4a0fc0e419afb51f80f1ef,07c8ed7a1fe3b971db2ebd9f9e6c2d1634e9c4bb2750654c66af79193f4c4ee5,137,-0.6155194491995986,0.01
4,0,all_strict,wholly_unseen,laplace,uniform,20.0,retention_bounded_plus_HU,0.0,dad5d4ffe3a4823687c1aff1acc1f86d373ce81b85b782fae1c4b7716c711349,fb9cae7152222c6952643b3c892da794e74a345ff8b052df52284f43339c405d,137,-0.5787332115770569,0.01
4,0,all_strict,wholly_unseen,laplace,uniform,20.0,retention_bounded_plus_HU,0.0001,dad5d4ffe3a4823687c1aff1acc1f86d373ce81b85b782fae1c4b7716c711349,c8199dcd2d7ec682101a74c3df0eb7a794a0185a6e1f350592a523ff480764ef,137,-0.5774271850937306,0.01
4,0,all_strict,wholly_unseen,laplace,uniform,20.0,retention_bounded_plus_HU,0.001,dad5d4ffe3a4823687c1aff1acc1f86d373ce81b85b782fae1c4b7716c711349,185e317a85244d047f6a2600aab958ac506dee9c5350bdb780d6b2eb20939a28,137,-0.570604181493951,0.01
4,0,all_strict,wholly_unseen,laplace,uniform,20.0,retention_bounded_plus_HU,0.01,dad5d4ffe3a4823687c1aff1acc1f86d373ce81b85b782fae1c4b7716c711349,572a633f63f0895975cee10380a7176844ac527a651b9cc1d99d3ca8689b5c9b,137,-0.5495433002726017,0.01
4,0,all_strict,wholly_unseen,laplace,uniform,20.0,retention_bounded_plus_HU,0.1,dad5d4ffe3a4823687c1aff1acc1f86d373ce81b85b782fae1c4b7716c711349,c446e03824b21ada86d2a2216d594984fdea71388addedd2182dcf49c1b6de13,137,-0.5742015590108084,0.01
4,1,all_strict,wholly_unseen,laplace,uniform,20.0,retention_bounded_plus_HU,0.0,375ac5032a9e3c57e0a33947e30ec35ed19a33cd16476377d08907bad53f8f78,daabf903044eed068be6d00ef8c180f58bac23ef566c7a8cdd8cbcff865b8426,138,-0.5787332115770569,0.01
4,1,all_strict,wholly_unseen,laplace,uniform,20.0,retention_bounded_plus_HU,0.0001,375ac5032a9e3c57e0a33947e30ec35ed19a33cd16476377d08907bad53f8f78,8f6d63aba88a93dfcec606f07c70aeee56099f62da71c6648b45385d32178fb5,138,-0.5774271850937306,0.01
4,1,all_strict,wholly_unseen,laplace,uniform,20.0,retention_bounded_plus_HU,0.001,375ac5032a9e3c57e0a33947e30ec35ed19a33cd16476377d08907bad53f8f78,875cbe275368bbee0798fa3e45abfb7c9cff694385d5e9e9041b66b5f0f56970,138,-0.570604181493951,0.01
4,1,all_strict,wholly_unseen,laplace,uniform,20.0,retention_bounded_plus_HU,0.01,375ac5032a9e3c57e0a33947e30ec35ed19a33cd16476377d08907bad53f8f78,049d2c9fa197b2e2f08e71dc7d05ce42e2b5007086da621c4c494594190883eb,138,-0.5495433002726017,0.01
4,1,all_strict,wholly_unseen,laplace,uniform,20.0,retention_bounded_plus_HU,0.1,375ac5032a9e3c57e0a33947e30ec35ed19a33cd16476377d08907bad53f8f78,ec3eff534b54ab772e76ec6d9aa2a38405839dc6f26a0e64bff37e8a714990f5,138,-0.5742015590108084,0.01
4,2,all_strict,wholly_unseen,laplace,uniform,20.0,retention_bounded_plus_HU,0.0,21b28e9b95f6273e01cc5fd73d1827c62ba781b0fb4a0fc0e419afb51f80f1ef,82f08a2f78d9e2c331c560958bafa8fcdfaeb3b543d3f9f94ca623dc327832bf,137,-0.5787332115770569,0.01
4,2,all_strict,wholly_unseen,laplace,uniform,20.0,retention_bounded_plus_HU,0.0001,21b28e9b95f6273e01cc5fd73d1827c62ba781b0fb4a0fc0e419afb51f80f1ef,50faf655f022c917396f2a4e3fd6746e004820cd0d84775719d0a2b9e72396fc,137,-0.5774271850937306,0.01
4,2,all_strict,wholly_unseen,laplace,uniform,20.0,retention_bounded_plus_HU,0.001,21b28e9b95f6273e01cc5fd73d1827c62ba781b0fb4a0fc0e419afb51f80f1ef,518923ebc0b55203eebc74c7bb45746138f9fc67cd428464b1185c00c345e8e0,137,-0.570604181493951,0.01
4,2,all_strict,wholly_unseen,laplace,uniform,20.0,retention_bounded_plus_HU,0.01,21b28e9b95f6273e01cc5fd73d1827c62ba781b0fb4a0fc0e419afb51f80f1ef,2e7a3209451e7e3ae75e26c813c391b6cc15ef2ba85329b94a55b9d35eef6e42,137,-0.5495433002726017,0.01
4,2,all_strict,wholly_unseen,laplace,uniform,20.0,retention_bounded_plus_HU,0.1,21b28e9b95f6273e01cc5fd73d1827c62ba781b0fb4a0fc0e419afb51f80f1ef,40949e8fa61cf1b51cfe8220a47ccfc3c1e8a6f265e24ce13bdb242f47b57072,137,-0.5742015590108084,0.01
4,0,all_strict,wholly_unseen,gh80,uniform,20.0,HU_plus_surface,0.0,dad5d4ffe3a4823687c1aff1acc1f86d373ce81b85b782fae1c4b7716c711349,1f880345094dd4e601c8cb1cc3c7557d6c1461a0e6f095cdd658761a50fe3a24,137,-0.5736319582156686,0.01
4,0,all_strict,wholly_unseen,gh80,uniform,20.0,HU_plus_surface,0.0001,dad5d4ffe3a4823687c1aff1acc1f86d373ce81b85b782fae1c4b7716c711349,9fd7b97a7114128614c349f5a8c116e2f60b1f3b3b01109d303d93465ce7e476,137,-0.5703008790871202,0.01
4,0,all_strict,wholly_unseen,gh80,uniform,20.0,HU_plus_surface,0.001,dad5d4ffe3a4823687c1aff1acc1f86d373ce81b85b782fae1c4b7716c711349,a535b2d967e8c44375490f9a61a3bc232a1dc44e4bb3667afd5b98beaa647c19,137,-0.5544317190808421,0.01
4,0,all_strict,wholly_unseen,gh80,uniform,20.0,HU_plus_surface,0.01,dad5d4ffe3a4823687c1aff1acc1f86d373ce81b85b782fae1c4b7716c711349,043b9118d2481e725c4dae43761154ef0f3c43d83ab7f85ecb4d2d867c6cbd9a,137,-0.5360929992726727,0.01
4,0,all_strict,wholly_unseen,gh80,uniform,20.0,HU_plus_surface,0.1,dad5d4ffe3a4823687c1aff1acc1f86d373ce81b85b782fae1c4b7716c711349,4ccb07d911271eed6c308a6316bf29c97afd6b9480f5ff375e8dc41044637099,137,-0.6153344930874318,0.01
4,1,all_strict,wholly_unseen,gh80,uniform,20.0,HU_plus_surface,0.0,375ac5032a9e3c57e0a33947e30ec35ed19a33cd16476377d08907bad53f8f78,836f0e25175a813ca0bd3f178dcff7b8ec2dc515bf6f8f14850dcf5b25b27996,138,-0.5736319582156686,0.01
4,1,all_strict,wholly_unseen,gh80,uniform,20.0,HU_plus_surface,0.0001,375ac5032a9e3c57e0a33947e30ec35ed19a33cd16476377d08907bad53f8f78,fc55a7905ba485687251b180f78e2b8a32ecf1cd5060d4a9e8cced4804b95afd,138,-0.5703008790871202,0.01
4,1,all_strict,wholly_unseen,gh80,uniform,20.0,HU_plus_surface,0.001,375ac5032a9e3c57e0a33947e30ec35ed19a33cd16476377d08907bad53f8f78,404e88140a2e14ece1ce4856501e04eec223282d02f7fc068a89d19dddf633e1,138,-0.5544317190808421,0.01
4,1,all_strict,wholly_unseen,gh80,uniform,20.0,HU_plus_surface,0.01,375ac5032a9e3c57e0a33947e30ec35ed19a33cd16476377d08907bad53f8f78,0fb00c18c544d7a4bf2e6692a166cff544de95e8605d872195351d92e73be96f,138,-0.5360929992726727,0.01
4,1,all_strict,wholly_unseen,gh80,uniform,20.0,HU_plus_surface,0.1,375ac5032a9e3c57e0a33947e30ec35ed19a33cd16476377d08907bad53f8f78,cf800b5ce1f50c7c51e1345210e4d8c3343239f2f29ad399c2dcadafb6ee0189,138,-0.6153344930874318,0.01
4,2,all_strict,wholly_unseen,gh80,uniform,20.0,HU_plus_surface,0.0,21b28e9b95f6273e01cc5fd73d1827c62ba781b0fb4a0fc0e419afb51f80f1ef,ea8924139d756eb8c40211f51809e2ff5fef08e0fb3d4f3961270627ec39bcb1,137,-0.5736319582156686,0.01
4,2,all_strict,wholly_unseen,gh80,uniform,20.0,HU_plus_surface,0.0001,21b28e9b95f6273e01cc5fd73d1827c62ba781b0fb4a0fc0e419afb51f80f1ef,33d58311ced23c18f48ab70614b1e9a93350157575c60b6d9e748110dd2a2795,137,-0.5703008790871202,0.01
4,2,all_strict,wholly_unseen,gh80,uniform,20.0,HU_plus_surface,0.001,21b28e9b95f6273e01cc5fd73d1827c62ba781b0fb4a0fc0e419afb51f80f1ef,5d8b3b1da458d91dcb1afaf54ba0b7b098a5c9c242048363607c324689cfa22a,137,-0.5544317190808421,0.01
4,2,all_strict,wholly_unseen,gh80,uniform,20.0,HU_plus_surface,0.01,21b28e9b95f6273e01cc5fd73d1827c62ba781b0fb4a0fc0e419afb51f80f1ef,c0d5a9bcfcf2f8e01af82af3be4b4d5fe279133525207f407a5f07854c2cd890,137,-0.5360929992726727,0.01
4,2,all_strict,wholly_unseen,gh80,uniform,20.0,HU_plus_surface,0.1,21b28e9b95f6273e01cc5fd73d1827c62ba781b0fb4a0fc0e419afb51f80f1ef,2ab3a3ab2f70d094586cb99b4e1d8a061d1552832e5486b070e58ce7655ea210,137,-0.6153344930874318,0.01
4,0,all_strict,wholly_unseen,gh80,uniform,20.0,retention_bounded_plus_HU,0.0,dad5d4ffe3a4823687c1aff1acc1f86d373ce81b85b782fae1c4b7716c711349,dddd8567d57491ccc218dcdda12a40ecfb0cc9ba359279f1126f9ffbc78b5694,137,-0.579459993001542,0.01
4,0,all_strict,wholly_unseen,gh80,uniform,20.0,retention_bounded_plus_HU,0.0001,dad5d4ffe3a4823687c1aff1acc1f86d373ce81b85b782fae1c4b7716c711349,9ad78c23a5f75fdbf832460f7fa23e70cd0d087cca29982f4bc70e87110a58b5,137,-0.5768369313038663,0.01
4,0,all_strict,wholly_unseen,gh80,uniform,20.0,retention_bounded_plus_HU,0.001,dad5d4ffe3a4823687c1aff1acc1f86d373ce81b85b782fae1c4b7716c711349,f57b0b032a5d1f0377327f3c9369990765e01b7435e032a4b9e6b62b738de9e8,137,-0.571638161070947,0.01
4,0,all_strict,wholly_unseen,gh80,uniform,20.0,retention_bounded_plus_HU,0.01,dad5d4ffe3a4823687c1aff1acc1f86d373ce81b85b782fae1c4b7716c711349,7d685b5603eaa51563d7bf7869d5da89c97e38c663be5dd387900903e62fdb25,137,-0.5540727329704591,0.01
4,0,all_strict,wholly_unseen,gh80,uniform,20.0,retention_bounded_plus_HU,0.1,dad5d4ffe3a4823687c1aff1acc1f86d373ce81b85b782fae1c4b7716c711349,8c9054576d179da1e8d5d994cbab0dbbe6e9a3a13dad47df394bb12d2d292cc5,137,-0.5771733843870402,0.01
4,1,all_strict,wholly_unseen,gh80,uniform,20.0,retention_bounded_plus_HU,0.0,375ac5032a9e3c57e0a33947e30ec35ed19a33cd16476377d08907bad53f8f78,2dc666be361f8939478abc04826f7b3e32bea37d64313c0d6f6e50e1f4a031dd,138,-0.579459993001542,0.01
4,1,all_strict,wholly_unseen,gh80,uniform,20.0,retention_bounded_plus_HU,0.0001,375ac5032a9e3c57e0a33947e30ec35ed19a33cd16476377d08907bad53f8f78,2366defc176049c7eefdb667c3a1265be7b588255c0bb76b42d2253e821f09f0,138,-0.5768369313038663,0.01
4,1,all_strict,wholly_unseen,gh80,uniform,20.0,retention_bounded_plus_HU,0.001,375ac5032a9e3c57e0a33947e30ec35ed19a33cd16476377d08907bad53f8f78,2aba26ebd3705b7ad26d7d103b3461e5cdf19086e53dcb11194d4e7807746d02,138,-0.571638161070947,0.01
4,1,all_strict,wholly_unseen,gh80,uniform,20.0,retention_bounded_plus_HU,0.01,375ac5032a9e3c57e0a33947e30ec35ed19a33cd16476377d08907bad53f8f78,2f56e4543302c259acbd0a2620ba1675875f6f1050dac108bf91eed659faece9,138,-0.5540727329704591,0.01
4,1,all_strict,wholly_unseen,gh80,uniform,20.0,retention_bounded_plus_HU,0.1,375ac5032a9e3c57e0a33947e30ec35ed19a33cd16476377d08907bad53f8f78,8abca181f047f46e4d265d876cfadb6c8b07704418c3fc91c30bf90df17bc42c,138,-0.5771733843870402,0.01
4,2,all_strict,wholly_unseen,gh80,uniform,20.0,retention_bounded_plus_HU,0.0,21b28e9b95f6273e01cc5fd73d1827c62ba781b0fb4a0fc0e419afb51f80f1ef,48e9360a86b16bb18772fa9fad199557ccb5e009decdcf40cdfaa6f5ec60d34c,137,-0.579459993001542,0.01
4,2,all_strict,wholly_unseen,gh80,uniform,20.0,retention_bounded_plus_HU,0.0001,21b28e9b95f6273e01cc5fd73d1827c62ba781b0fb4a0fc0e419afb51f80f1ef,b63c0b81b6ac751f5054c94c3485c2f91798470890efb4275f4a3c5c431983c9,137,-0.5768369313038663,0.01
4,2,all_strict,wholly_unseen,gh80,uniform,20.0,retention_bounded_plus_HU,0.001,21b28e9b95f6273e01cc5fd73d1827c62ba781b0fb4a0fc0e419afb51f80f1ef,3e7afa1c6c2d9ae1fabfb0af6534a2c677c50113f46a46dc528993a4b0a9ceee,137,-0.571638161070947,0.01
4,2,all_strict,wholly_unseen,gh80,uniform,20.0,retention_bounded_plus_HU,0.01,21b28e9b95f6273e01cc5fd73d1827c62ba781b0fb4a0fc0e419afb51f80f1ef,d7a5a80c59fc1410add1b33f802184ccc4ec5668c2cdd2bfef1b30a51530b4cc,137,-0.5540727329704591,0.01
4,2,all_strict,wholly_unseen,gh80,uniform,20.0,retention_bounded_plus_HU,0.1,21b28e9b95f6273e01cc5fd73d1827c62ba781b0fb4a0fc0e419afb51f80f1ef,778cbd37d60ae414000f78de2ef90d3ee32d664259bb54c50aaceffb26ef1b2d,137,-0.5771733843870402,0.01
4,0,all_agreeing_offsets,side_informed,laplace,uniform,20.0,retention_bounded,0.0,dad5d4ffe3a4823687c1aff1acc1f86d373ce81b85b782fae1c4b7716c711349,3fdeb0b84e41897a3a1e1971159ab29352df61e3b10075be05f07811148503ee,137,-0.3554925864098399,0.01
4,0,all_agreeing_offsets,side_informed,laplace,uniform,20.0,retention_bounded,0.0001,dad5d4ffe3a4823687c1aff1acc1f86d373ce81b85b782fae1c4b7716c711349,52bbaea024423e1e56e48ba548bb82ae87a86dd9508b7a184b5c7225f5a13da4,137,-0.3529552621554023,0.01
4,0,all_agreeing_offsets,side_informed,laplace,uniform,20.0,retention_bounded,0.001,dad5d4ffe3a4823687c1aff1acc1f86d373ce81b85b782fae1c4b7716c711349,173d537e43d746612dae9a10b959985f934d47034067fc2e3e00e2c774e564c2,137,-0.3377255604613632,0.01
4,0,all_agreeing_offsets,side_informed,laplace,uniform,20.0,retention_bounded,0.01,dad5d4ffe3a4823687c1aff1acc1f86d373ce81b85b782fae1c4b7716c711349,6a08d0e1654cfd22139eb2d96f8b89763c7c670b2d419f121225e929e16073ff,137,-0.30756379556438,0.01
4,0,all_agreeing_offsets,side_informed,laplace,uniform,20.0,retention_bounded,0.1,dad5d4ffe3a4823687c1aff1acc1f86d373ce81b85b782fae1c4b7716c711349,466b4c9b6270688220b692a7ae23d723da359dcb144ae8cee19ba4649e71f7fd,137,-0.3556734208722488,0.01
4,1,all_agreeing_offsets,side_informed,laplace,uniform,20.0,retention_bounded,0.0,375ac5032a9e3c57e0a33947e30ec35ed19a33cd16476377d08907bad53f8f78,f29069db4eeffa7263627a7df5c087b9fe7a408b5c1ae565882e03e7e58a4655,138,-0.3554925864098399,0.01
4,1,all_agreeing_offsets,side_informed,laplace,uniform,20.0,retention_bounded,0.0001,375ac5032a9e3c57e0a33947e30ec35ed19a33cd16476377d08907bad53f8f78,fb1911e589b1d0cc7bd182ccd14842572e70329d29bf611c26274adfee9648f3,138,-0.3529552621554023,0.01
4,1,all_agreeing_offsets,side_informed,laplace,uniform,20.0,retention_bounded,0.001,375ac5032a9e3c57e0a33947e30ec35ed19a33cd16476377d08907bad53f8f78,7408f59d60460c41e1b6da891c0b7fcbb6d0ee6088f2f959e70ce4d28ce38677,138,-0.3377255604613632,0.01
4,1,all_agreeing_offsets,side_informed,laplace,uniform,20.0,retention_bounded,0.01,375ac5032a9e3c57e0a33947e30ec35ed19a33cd16476377d08907bad53f8f78,772b4ba945ad3168181fd6b3f89ee57cd66cc48758495fab6301cefb97bb3b42,138,-0.30756379556438,0.01
4,1,all_agreeing_offsets,side_informed,laplace,uniform,20.0,retention_bounded,0.1,375ac5032a9e3c57e0a33947e30ec35ed19a33cd16476377d08907bad53f8f78,8d58570c6cb3d4357a54eb68c7380ee41b621b300683e883781b3dd9b3eaac75,138,-0.3556734208722488,0.01
4,2,all_agreeing_offsets,side_informed,laplace,uniform,20.0,retention_bounded,0.0,21b28e9b95f6273e01cc5fd73d1827c62ba781b0fb4a0fc0e419afb51f80f1ef,79b6e571a851cb866fe7994f701f3d242e13481f7ddf601e7457ca5f9aff60c5,137,-0.3554925864098399,0.01
4,2,all_agreeing_offsets,side_informed,laplace,uniform,20.0,retention_bounded,0.0001,21b28e9b95f6273e01cc5fd73d1827c62ba781b0fb4a0fc0e419afb51f80f1ef,438913461120e036f0fa0a81c649519a8ba1595fc250a3a4423cf70e45d9ba2c,137,-0.3529552621554023,0.01
4,2,all_agreeing_offsets,side_informed,laplace,uniform,20.0,retention_bounded,0.001,21b28e9b95f6273e01cc5fd73d1827c62ba781b0fb4a0fc0e419afb51f80f1ef,42bbfa08a08b7d1f9b8cea1b2ab9227e7f9eeead754385f2a1fc3be9b5c08173,137,-0.3377255604613632,0.01
4,2,all_agreeing_offsets,side_informed,laplace,uniform,20.0,retention_bounded,0.01,21b28e9b95f6273e01cc5fd73d1827c62ba781b0fb4a0fc0e419afb51f80f1ef,c1abb9991d504c803ae772a84c7220de38a0c113d2f830e25a8da5c8939b84ad,137,-0.30756379556438,0.01
4,2,all_agreeing_offsets,side_informed,laplace,uniform,20.0,retention_bounded,0.1,21b28e9b95f6273e01cc5fd73d1827c62ba781b0fb4a0fc0e419afb51f80f1ef,259783c59322f2c735f81bb7fdd1d22214eea0d1f5e6f42328655f4d03120af2,137,-0.3556734208722488,0.01
4,0,all_agreeing_offsets,side_informed,laplace,uniform,20.0,retention_nonnegative,0.0,dad5d4ffe3a4823687c1aff1acc1f86d373ce81b85b782fae1c4b7716c711349,0ef7e593c8889449f9ac694b0eb60eda44c3dd22ba8b72ca901f54a623fb1821,137,-0.35549258596538913,0.001
4,0,all_agreeing_offsets,side_informed,laplace,uniform,20.0,retention_nonnegative,0.0001,dad5d4ffe3a4823687c1aff1acc1f86d373ce81b85b782fae1c4b7716c711349,b2a0e3e6a878255d73d943521af32a1112001fcdf1474332ab7acbe0cd60a55e,137,-0.35148142534455257,0.001
4,0,all_agreeing_offsets,side_informed,laplace,uniform,20.0,retention_nonnegative,0.001,dad5d4ffe3a4823687c1aff1acc1f86d373ce81b85b782fae1c4b7716c711349,09ccdb69264846f58b594135d1b77294c1a338356661c7f96b09db4d2bcc496a,137,-0.33500080756172823,0.001
4,0,all_agreeing_offsets,side_informed,laplace,uniform,20.0,retention_nonnegative,0.01,dad5d4ffe3a4823687c1aff1acc1f86d373ce81b85b782fae1c4b7716c711349,082dfbb3ed0a9c4c0a4c41a03707836c64f07511dc54d230f7207dfc579020ec,137,-0.337067261128224,0.001
4,0,all_agreeing_offsets,side_informed,laplace,uniform,20.0,retention_nonnegative,0.1,dad5d4ffe3a4823687c1aff1acc1f86d373ce81b85b782fae1c4b7716c711349,c94c5e09c95cd21c424576587835197cd971b1fb16ff52558db6515f2706fd11,137,-0.429644088879794,0.001
4,1,all_agreeing_offsets,side_informed,laplace,uniform,20.0,retention_nonnegative,0.0,375ac5032a9e3c57e0a33947e30ec35ed19a33cd16476377d08907bad53f8f78,929e7075a637ce08310b00d800c10f5da1a5c12fedc748927c7ee3b7491193ce,138,-0.35549258596538913,0.001
4,1,all_agreeing_offsets,side_informed,laplace,uniform,20.0,retention_nonnegative,0.0001,375ac5032a9e3c57e0a33947e30ec35ed19a33cd16476377d08907bad53f8f78,62f0e7030e828d28fc95350f5d6c76e5a70bc54037eda596dfb4525754187ffa,138,-0.35148142534455257,0.001
4,1,all_agreeing_offsets,side_informed,laplace,uniform,20.0,retention_nonnegative,0.001,375ac5032a9e3c57e0a33947e30ec35ed19a33cd16476377d08907bad53f8f78,ff6691dc9ad2e6224580d32d20e65ae99ffa61d1451a6c21344ac9f5a2ed4a2e,138,-0.33500080756172823,0.001
4,1,all_agreeing_offsets,side_informed,laplace,uniform,20.0,retention_nonnegative,0.01,375ac5032a9e3c57e0a33947e30ec35ed19a33cd16476377d08907bad53f8f78,f0bd5f6f1ac034b5fe3daaec162ef24673d445bc49746b1f282549de271833c4,138,-0.337067261128224,0.001
4,1,all_agreeing_offsets,side_informed,laplace,uniform,20.0,retention_nonnegative,0.1,375ac5032a9e3c57e0a33947e30ec35ed19a33cd16476377d08907bad53f8f78,7e8d2ed405d7467e9ffef7a72fda8666994b9fd64b08c8b45712474cf4004fe6,138,-0.429644088879794,0.001
4,2,all_agreeing_offsets,side_informed,laplace,uniform,20.0,retention_nonnegative,0.0,21b28e9b95f6273e01cc5fd73d1827c62ba781b0fb4a0fc0e419afb51f80f1ef,f305cc5248b0c31dc5b6ddcb8553baa575d06a4de008c504372fd49a2a3e013c,137,-0.35549258596538913,0.001
4,2,all_agreeing_offsets,side_informed,laplace,uniform,20.0,retention_nonnegative,0.0001,21b28e9b95f6273e01cc5fd73d1827c62ba781b0fb4a0fc0e419afb51f80f1ef,e9311f2e18b0a9225c589abea62cc11656c0b9c76158503c3eaca471bf4019a0,137,-0.35148142534455257,0.001
4,2,all_agreeing_offsets,side_informed,laplace,uniform,20.0,retention_nonnegative,0.001,21b28e9b95f6273e01cc5fd73d1827c62ba781b0fb4a0fc0e419afb51f80f1ef,c464a24f9bf932a9d5250e15e48ded19181ed483dc2a03f8fc8f546c94d78277,137,-0.33500080756172823,0.001
4,2,all_agreeing_offsets,side_informed,laplace,uniform,20.0,retention_nonnegative,0.01,21b28e9b95f6273e01cc5fd73d1827c62ba781b0fb4a0fc0e419afb51f80f1ef,35722fdfef76be99a93cfc7f095129c87832d586a8d14f296bdfd43a7f42e243,137,-0.337067261128224,0.001
4,2,all_agreeing_offsets,side_informed,laplace,uniform,20.0,retention_nonnegative,0.1,21b28e9b95f6273e01cc5fd73d1827c62ba781b0fb4a0fc0e419afb51f80f1ef,e67584e68d7627fce6bf7c0737407f2300112c0bb5249566d3c23a824912222c,137,-0.429644088879794,0.001
4,0,all_agreeing_offsets,side_informed,laplace,uniform,20.0,current_only,0.0,dad5d4ffe3a4823687c1aff1acc1f86d373ce81b85b782fae1c4b7716c711349,64e01ffbe70a517522ad2aafb0577dca9733df7f1b968138eca202038c573bde,137,-0.6134364991869065,0.1
4,0,all_agreeing_offsets,side_informed,laplace,uniform,20.0,current_only,0.0001,dad5d4ffe3a4823687c1aff1acc1f86d373ce81b85b782fae1c4b7716c711349,072e8e40e14a67e845e7a9155477f49ce46cf6b2463a5f006cdb2d4ce872b929,137,-0.6130844268869244,0.1
4,0,all_agreeing_offsets,side_informed,laplace,uniform,20.0,current_only,0.001,dad5d4ffe3a4823687c1aff1acc1f86d373ce81b85b782fae1c4b7716c711349,269b978417e37ec9e26d55d29441644336d0382959623b37c9dfe848dab09077,137,-0.610099569765711,0.1
4,0,all_agreeing_offsets,side_informed,laplace,uniform,20.0,current_only,0.01,dad5d4ffe3a4823687c1aff1acc1f86d373ce81b85b782fae1c4b7716c711349,fc70d33a7fb4c2e8bf376fa3635a589623ab891f8581d4a0df7272dc8561a051,137,-0.5914184078957155,0.1
4,0,all_agreeing_offsets,side_informed,laplace,uniform,20.0,current_only,0.1,dad5d4ffe3a4823687c1aff1acc1f86d373ce81b85b782fae1c4b7716c711349,6ae16a7438a445526781df0e387a796ac436ec6c88124fd03ae53b6e8d850824,137,-0.5873888322789933,0.1
4,1,all_agreeing_offsets,side_informed,laplace,uniform,20.0,current_only,0.0,375ac5032a9e3c57e0a33947e30ec35ed19a33cd16476377d08907bad53f8f78,984fd3d6255bc7291c364c60b453b52f26b29d0b53ef4e8106becdd98eb991c6,138,-0.6134364991869065,0.1
4,1,all_agreeing_offsets,side_informed,laplace,uniform,20.0,current_only,0.0001,375ac5032a9e3c57e0a33947e30ec35ed19a33cd16476377d08907bad53f8f78,13037c73851d7ace7803e340c31416551dd73fc0c46c650216f16ffda806142a,138,-0.6130844268869244,0.1
4,1,all_agreeing_offsets,side_informed,laplace,uniform,20.0,current_only,0.001,375ac5032a9e3c57e0a33947e30ec35ed19a33cd16476377d08907bad53f8f78,1e2644851c7a31213d910d63f5672015bf8f7e66a2c21c14f00ef0afad0e0777,138,-0.610099569765711,0.1
4,1,all_agreeing_offsets,side_informed,laplace,uniform,20.0,current_only,0.01,375ac5032a9e3c57e0a33947e30ec35ed19a33cd16476377d08907bad53f8f78,6263c1e3d9bf1611bd9e67d73b57613928bdfced26f767fbf046d2c94f128c09,138,-0.5914184078957155,0.1
4,1,all_agreeing_offsets,side_informed,laplace,uniform,20.0,current_only,0.1,375ac5032a9e3c57e0a33947e30ec35ed19a33cd16476377d08907bad53f8f78,673a6890406542bec21084f53bce5fe593ac7e8a8e376758fab790c53e2d64ef,138,-0.5873888322789933,0.1
4,2,all_agreeing_offsets,side_informed,laplace,uniform,20.0,current_only,0.0,21b28e9b95f6273e01cc5fd73d1827c62ba781b0fb4a0fc0e419afb51f80f1ef,9a8b13028cc5d8373f806715b4500f21c8bb0d7539e66103c8b559ae3ff705b0,137,-0.6134364991869065,0.1
4,2,all_agreeing_offsets,side_informed,laplace,uniform,20.0,current_only,0.0001,21b28e9b95f6273e01cc5fd73d1827c62ba781b0fb4a0fc0e419afb51f80f1ef,9dcfaafc763df73ec2930151bce34adc4402078813178fe08c325f78d6957beb,137,-0.6130844268869244,0.1
4,2,all_agreeing_offsets,side_informed,laplace,uniform,20.0,current_only,0.001,21b28e9b95f6273e01cc5fd73d1827c62ba781b0fb4a0fc0e419afb51f80f1ef,17ed1215aab0cc03625ca0239b3d547361d7f950d2cf7d26a2358af548e41997,137,-0.610099569765711,0.1
4,2,all_agreeing_offsets,side_informed,laplace,uniform,20.0,current_only,0.01,21b28e9b95f6273e01cc5fd73d1827c62ba781b0fb4a0fc0e419afb51f80f1ef,0582bb2b122da3fb6634dacf7ede17756e17daedefd37ff52ae45fb6803d19ca,137,-0.5914184078957155,0.1
4,2,all_agreeing_offsets,side_informed,laplace,uniform,20.0,current_only,0.1,21b28e9b95f6273e01cc5fd73d1827c62ba781b0fb4a0fc0e419afb51f80f1ef,f819da4b02083eafca4fccf3b4e2895fe5ac879fae7a40f36f8bcb55c522b541,137,-0.5873888322789933,0.1
4,0,all_agreeing_offsets,side_informed,laplace,uniform,20.0,input_plus_surface,0.0,dad5d4ffe3a4823687c1aff1acc1f86d373ce81b85b782fae1c4b7716c711349,aa568bffd5e093ed062af3a6bace6a571c126b04a439c1a797614c1d015c930e,137,-0.35619454500177017,0.01
4,0,all_agreeing_offsets,side_informed,laplace,uniform,20.0,input_plus_surface,0.0001,dad5d4ffe3a4823687c1aff1acc1f86d373ce81b85b782fae1c4b7716c711349,a524fe419e44c86376f6f2378a3020feb96f8cb33d96dd340af8338b06c6477d,137,-0.3516108444016487,0.01
4,0,all_agreeing_offsets,side_informed,laplace,uniform,20.0,input_plus_surface,0.001,dad5d4ffe3a4823687c1aff1acc1f86d373ce81b85b782fae1c4b7716c711349,b779b34188eb7be75c37e788831be0031d6fc0a662e4a7e0d2067e3fff204c0f,137,-0.33022321917562814,0.01
4,0,all_agreeing_offsets,side_informed,laplace,uniform,20.0,input_plus_surface,0.01,dad5d4ffe3a4823687c1aff1acc1f86d373ce81b85b782fae1c4b7716c711349,539f8ef0cdbbfa71a4fa0d8c57905a9a96634d2cf9e80d6cd9c451f4c6ebc75b,137,-0.3073534025409051,0.01
4,0,all_agreeing_offsets,side_informed,laplace,uniform,20.0,input_plus_surface,0.1,dad5d4ffe3a4823687c1aff1acc1f86d373ce81b85b782fae1c4b7716c711349,e9f2f802cc7ed0d07d072c11dae50db4172e9dfeb69fddf68ae8499ae97492c2,137,-0.37739639068557584,0.01
4,1,all_agreeing_offsets,side_informed,laplace,uniform,20.0,input_plus_surface,0.0,375ac5032a9e3c57e0a33947e30ec35ed19a33cd16476377d08907bad53f8f78,5f2272a4eeb3f3f823525124edb0cf5496af434b007ce0ca0c1a91af7238a0f5,138,-0.35619454500177017,0.01
4,1,all_agreeing_offsets,side_informed,laplace,uniform,20.0,input_plus_surface,0.0001,375ac5032a9e3c57e0a33947e30ec35ed19a33cd16476377d08907bad53f8f78,5c63f190fc65be64d460b98fffdb7b00f809637f1abca464e7bf7defaa21d0da,138,-0.3516108444016487,0.01
4,1,all_agreeing_offsets,side_informed,laplace,uniform,20.0,input_plus_surface,0.001,375ac5032a9e3c57e0a33947e30ec35ed19a33cd16476377d08907bad53f8f78,fb2a4a6e540dbf9c5017dbae9f86d93ae56c7adc6c0c78e795b791f43b699ca0,138,-0.33022321917562814,0.01
4,1,all_agreeing_offsets,side_informed,laplace,uniform,20.0,input_plus_surface,0.01,375ac5032a9e3c57e0a33947e30ec35ed19a33cd16476377d08907bad53f8f78,5115b49c124ec916dc61d268190393ce866f99c3c4ae199123d255e8849a0556,138,-0.3073534025409051,0.01
4,1,all_agreeing_offsets,side_informed,laplace,uniform,20.0,input_plus_surface,0.1,375ac5032a9e3c57e0a33947e30ec35ed19a33cd16476377d08907bad53f8f78,1fb375751052ea1cb32776e2c6e3d98360b52aa75e9b198488cb4aa9dc1b2ab9,138,-0.37739639068557584,0.01
4,2,all_agreeing_offsets,side_informed,laplace,uniform,20.0,input_plus_surface,0.0,21b28e9b95f6273e01cc5fd73d1827c62ba781b0fb4a0fc0e419afb51f80f1ef,d5bead6652a91a1f8f58682cc21e1d83230662d73e132b78d73307839e2184b1,137,-0.35619454500177017,0.01
4,2,all_agreeing_offsets,side_informed,laplace,uniform,20.0,input_plus_surface,0.0001,21b28e9b95f6273e01cc5fd73d1827c62ba781b0fb4a0fc0e419afb51f80f1ef,b037223c93a413765a732c03a0a1eb755e1dd64e44a584b8af093ac6a0eeef3b,137,-0.3516108444016487,0.01
4,2,all_agreeing_offsets,side_informed,laplace,uniform,20.0,input_plus_surface,0.001,21b28e9b95f6273e01cc5fd73d1827c62ba781b0fb4a0fc0e419afb51f80f1ef,3df5f65a4a84fb6ea85fd649e42a00353ce23dde279ae5bafa3a124ae3ba719b,137,-0.33022321917562814,0.01
4,2,all_agreeing_offsets,side_informed,laplace,uniform,20.0,input_plus_surface,0.01,21b28e9b95f6273e01cc5fd73d1827c62ba781b0fb4a0fc0e419afb51f80f1ef,102ed45ba67e96920f9c26519f95163fc923c3041be872bffcc1484e272a16cc,137,-0.3073534025409051,0.01
4,2,all_agreeing_offsets,side_informed,laplace,uniform,20.0,input_plus_surface,0.1,21b28e9b95f6273e01cc5fd73d1827c62ba781b0fb4a0fc0e419afb51f80f1ef,8242d6abfde8a5f19766509f926135c4bdd00296f58752860864e1cb95d8ceac,137,-0.37739639068557584,0.01
4,0,all_agreeing_offsets,side_informed,laplace,uniform,20.0,HU_plus_surface,0.0,dad5d4ffe3a4823687c1aff1acc1f86d373ce81b85b782fae1c4b7716c711349,f6b0c846331e8a66e10c464bdad47695b2f86b2dfa03017571c5c14fd6da7619,137,-0.3073478365695035,0.01
4,0,all_agreeing_offsets,side_informed,laplace,uniform,20.0,HU_plus_surface,0.0001,dad5d4ffe3a4823687c1aff1acc1f86d373ce81b85b782fae1c4b7716c711349,410779f860a1e95dddf7cf1e57409ec2a25e0286d72fca40f8461af0198ab099,137,-0.30384812397230543,0.01
4,0,all_agreeing_offsets,side_informed,laplace,uniform,20.0,HU_plus_surface,0.001,dad5d4ffe3a4823687c1aff1acc1f86d373ce81b85b782fae1c4b7716c711349,cd0acc732e77cf479e4f0dc86bae5b664d487c2352675349a3ccb736b810feca,137,-0.2892891188509812,0.01
4,0,all_agreeing_offsets,side_informed,laplace,uniform,20.0,HU_plus_surface,0.01,dad5d4ffe3a4823687c1aff1acc1f86d373ce81b85b782fae1c4b7716c711349,7d304c6d55d12aa000eb70e81a01a178f4fc3bd7ee1e4094c1a73ab3b1d73bea,137,-0.281845608522388,0.01
4,0,all_agreeing_offsets,side_informed,laplace,uniform,20.0,HU_plus_surface,0.1,dad5d4ffe3a4823687c1aff1acc1f86d373ce81b85b782fae1c4b7716c711349,682daed2f8c8ebfa16b91bd694dd49cc4f6ebe3a7b7a3f37594d159718f990e6,137,-0.3660612289211783,0.01
4,1,all_agreeing_offsets,side_informed,laplace,uniform,20.0,HU_plus_surface,0.0,375ac5032a9e3c57e0a33947e30ec35ed19a33cd16476377d08907bad53f8f78,e0fbaf5f1e12254ce3f59e51965f5a12fb0e8f1d94555446169289c7a6f6d048,138,-0.3073478365695035,0.01
4,1,all_agreeing_offsets,side_informed,laplace,uniform,20.0,HU_plus_surface,0.0001,375ac5032a9e3c57e0a33947e30ec35ed19a33cd16476377d08907bad53f8f78,4ff0667c74303528b95c69f705592f4267826bffc752daa2401ccc51ca1d2fd6,138,-0.30384812397230543,0.01
4,1,all_agreeing_offsets,side_informed,laplace,uniform,20.0,HU_plus_surface,0.001,375ac5032a9e3c57e0a33947e30ec35ed19a33cd16476377d08907bad53f8f78,4c1422cd48971c734a00dbd7f783197d54f2bf5b974e1c5588afd46e17dd8245,138,-0.2892891188509812,0.01
4,1,all_agreeing_offsets,side_informed,laplace,uniform,20.0,HU_plus_surface,0.01,375ac5032a9e3c57e0a33947e30ec35ed19a33cd16476377d08907bad53f8f78,10ad7dab8ef6342d4d10b15c3c7191da7258fc9d087d55012e152defda67c8b4,138,-0.281845608522388,0.01
4,1,all_agreeing_offsets,side_informed,laplace,uniform,20.0,HU_plus_surface,0.1,375ac5032a9e3c57e0a33947e30ec35ed19a33cd16476377d08907bad53f8f78,ae9a82df56e907b34f981134747183639574ae707bc257a7a5868e811906a029,138,-0.3660612289211783,0.01
4,2,all_agreeing_offsets,side_informed,laplace,uniform,20.0,HU_plus_surface,0.0,21b28e9b95f6273e01cc5fd73d1827c62ba781b0fb4a0fc0e419afb51f80f1ef,049071b55c7e042084fc63ce148e20dfc74f3428ca8815b5a1590512aa26b547,137,-0.3073478365695035,0.01
4,2,all_agreeing_offsets,side_informed,laplace,uniform,20.0,HU_plus_surface,0.0001,21b28e9b95f6273e01cc5fd73d1827c62ba781b0fb4a0fc0e419afb51f80f1ef,435585bd5d4e1de1e2a8115a4067d740649d2e0128c467dd4f64ee1d6b521cf1,137,-0.30384812397230543,0.01
4,2,all_agreeing_offsets,side_informed,laplace,uniform,20.0,HU_plus_surface,0.001,21b28e9b95f6273e01cc5fd73d1827c62ba781b0fb4a0fc0e419afb51f80f1ef,76c38934d6fa914f7bcd9c5f2d3bbe9c99baaeab3e434117b51d7c154ee7e9e9,137,-0.2892891188509812,0.01
4,2,all_agreeing_offsets,side_informed,laplace,uniform,20.0,HU_plus_surface,0.01,21b28e9b95f6273e01cc5fd73d1827c62ba781b0fb4a0fc0e419afb51f80f1ef,f18eb23e0391c14596396869b70e013c34fac6a925e387f5c3ce8307db8df277,137,-0.281845608522388,0.01
4,2,all_agreeing_offsets,side_informed,laplace,uniform,20.0,HU_plus_surface,0.1,21b28e9b95f6273e01cc5fd73d1827c62ba781b0fb4a0fc0e419afb51f80f1ef,6667a6b9f2ae9ee56439d4a93cf3956b28305e00e2be50880bdfbee8a2a28756,137,-0.3660612289211783,0.01
4,0,all_agreeing_offsets,side_informed,laplace,uniform,20.0,retention_bounded_plus_HU,0.0,dad5d4ffe3a4823687c1aff1acc1f86d373ce81b85b782fae1c4b7716c711349,388ef0309cc36674eb7386fa8a8bc7a81a7586b05db7f410b78d4ae33163899d,137,-0.29545252349236234,0.01
4,0,all_agreeing_offsets,side_informed,laplace,uniform,20.0,retention_bounded_plus_HU,0.0001,dad5d4ffe3a4823687c1aff1acc1f86d373ce81b85b782fae1c4b7716c711349,c25c0dd34df9ec1d25a16eca54d4663c5f199b029461f24b980c8fb461e50ef6,137,-0.29553154877889004,0.01
4,0,all_agreeing_offsets,side_informed,laplace,uniform,20.0,retention_bounded_plus_HU,0.001,dad5d4ffe3a4823687c1aff1acc1f86d373ce81b85b782fae1c4b7716c711349,ef60e1a335d8027e69e66860e503d7725909d31f978c3c3a9922adc66300ee67,137,-0.2928218058064939,0.01
4,0,all_agreeing_offsets,side_informed,laplace,uniform,20.0,retention_bounded_plus_HU,0.01,dad5d4ffe3a4823687c1aff1acc1f86d373ce81b85b782fae1c4b7716c711349,0102eeada6deab0fe8f848d3d189df1f81b64dc313564c0b6636aba2940a3345,137,-0.28103215319144437,0.01
4,0,all_agreeing_offsets,side_informed,laplace,uniform,20.0,retention_bounded_plus_HU,0.1,dad5d4ffe3a4823687c1aff1acc1f86d373ce81b85b782fae1c4b7716c711349,ad939a80704cd6e55a866f07f98b088100faa7a4f321cb36a77f59d1523c4093,137,-0.320874889803477,0.01
4,1,all_agreeing_offsets,side_informed,laplace,uniform,20.0,retention_bounded_plus_HU,0.0,375ac5032a9e3c57e0a33947e30ec35ed19a33cd16476377d08907bad53f8f78,b7a5e44fe13c1b4358c25946ca97c89c225244df8f83a105096463ac1cce9fff,138,-0.29545252349236234,0.01
4,1,all_agreeing_offsets,side_informed,laplace,uniform,20.0,retention_bounded_plus_HU,0.0001,375ac5032a9e3c57e0a33947e30ec35ed19a33cd16476377d08907bad53f8f78,9d5413d9da0360492420e82bf5719cffe19216aef295d05107c081a22620a8d2,138,-0.29553154877889004,0.01
4,1,all_agreeing_offsets,side_informed,laplace,uniform,20.0,retention_bounded_plus_HU,0.001,375ac5032a9e3c57e0a33947e30ec35ed19a33cd16476377d08907bad53f8f78,0bc85cad10b834904f7fda679504ec8230c823af034ae38773f7ff02b74668f4,138,-0.2928218058064939,0.01
4,1,all_agreeing_offsets,side_informed,laplace,uniform,20.0,retention_bounded_plus_HU,0.01,375ac5032a9e3c57e0a33947e30ec35ed19a33cd16476377d08907bad53f8f78,edb3f04a397a75942b0fea05ef328705c3968eacab408a64b75096cdc81ed4f2,138,-0.28103215319144437,0.01
4,1,all_agreeing_offsets,side_informed,laplace,uniform,20.0,retention_bounded_plus_HU,0.1,375ac5032a9e3c57e0a33947e30ec35ed19a33cd16476377d08907bad53f8f78,73a821ac1c734f2563a6272e2a1134fcbdcaeb24b5e6603c4c1b9cd9a690c72e,138,-0.320874889803477,0.01
4,2,all_agreeing_offsets,side_informed,laplace,uniform,20.0,retention_bounded_plus_HU,0.0,21b28e9b95f6273e01cc5fd73d1827c62ba781b0fb4a0fc0e419afb51f80f1ef,f04843645f103f3681bd4c59dedffbd45af4efaa9ce958d006dd9972c05fe75d,137,-0.29545252349236234,0.01
4,2,all_agreeing_offsets,side_informed,laplace,uniform,20.0,retention_bounded_plus_HU,0.0001,21b28e9b95f6273e01cc5fd73d1827c62ba781b0fb4a0fc0e419afb51f80f1ef,fb6b93f4af6f9d68acc4533e7da6689be09c8eb9fd9e9d88d0f337e25f3fc99b,137,-0.29553154877889004,0.01
4,2,all_agreeing_offsets,side_informed,laplace,uniform,20.0,retention_bounded_plus_HU,0.001,21b28e9b95f6273e01cc5fd73d1827c62ba781b0fb4a0fc0e419afb51f80f1ef,ff5f7dcdbe070aaf371d851e9c67b389e7b88a0d288557edc9f809def5cb5a6d,137,-0.2928218058064939,0.01
4,2,all_agreeing_offsets,side_informed,laplace,uniform,20.0,retention_bounded_plus_HU,0.01,21b28e9b95f6273e01cc5fd73d1827c62ba781b0fb4a0fc0e419afb51f80f1ef,bef07fca31d5cc2be80f025730b9ef81bd24e9c731b71f67d33adaa6c7c41f75,137,-0.28103215319144437,0.01
4,2,all_agreeing_offsets,side_informed,laplace,uniform,20.0,retention_bounded_plus_HU,0.1,21b28e9b95f6273e01cc5fd73d1827c62ba781b0fb4a0fc0e419afb51f80f1ef,c56b10098a96523a25ea4b42bd54ef68df739681b7b5d6178c1b478633b7005f,137,-0.320874889803477,0.01
4,0,all_agreeing_offsets,side_informed,gh80,uniform,20.0,HU_plus_surface,0.0,dad5d4ffe3a4823687c1aff1acc1f86d373ce81b85b782fae1c4b7716c711349,53216f6caa3856467632f4b39a7947b07c51fba40768c3ff6ca1d0f19a015b48,137,-0.3238065572567879,0.01
4,0,all_agreeing_offsets,side_informed,gh80,uniform,20.0,HU_plus_surface,0.0001,dad5d4ffe3a4823687c1aff1acc1f86d373ce81b85b782fae1c4b7716c711349,37de28fb8ffcf3fd06d2e700cba8ae61dcedda7042fe5f630fa73d423c4585bf,137,-0.3191875107278503,0.01
4,0,all_agreeing_offsets,side_informed,gh80,uniform,20.0,HU_plus_surface,0.001,dad5d4ffe3a4823687c1aff1acc1f86d373ce81b85b782fae1c4b7716c711349,e5e87a0c01a48cdca1ae7a4fbfb5aa4a6828775c22d11fd6e1d2573ef560b491,137,-0.29989637836968175,0.01
4,0,all_agreeing_offsets,side_informed,gh80,uniform,20.0,HU_plus_surface,0.01,dad5d4ffe3a4823687c1aff1acc1f86d373ce81b85b782fae1c4b7716c711349,485aa0526e40752a7c8e77528291f0cb8cf7e5245ddb8834ad440407923cc760,137,-0.2859718999438505,0.01
4,0,all_agreeing_offsets,side_informed,gh80,uniform,20.0,HU_plus_surface,0.1,dad5d4ffe3a4823687c1aff1acc1f86d373ce81b85b782fae1c4b7716c711349,81c7e87a069710ce2070c2251bd57d53a02aceebe3a4ac5777accd083afd47a0,137,-0.36868271819632703,0.01
4,1,all_agreeing_offsets,side_informed,gh80,uniform,20.0,HU_plus_surface,0.0,375ac5032a9e3c57e0a33947e30ec35ed19a33cd16476377d08907bad53f8f78,9c9a07f380c60dc7a3f6bed4d96bace5927b6e4eb1dae294fe75d029442632c6,138,-0.3238065572567879,0.01
4,1,all_agreeing_offsets,side_informed,gh80,uniform,20.0,HU_plus_surface,0.0001,375ac5032a9e3c57e0a33947e30ec35ed19a33cd16476377d08907bad53f8f78,4ab0d7080fdf9ca7d8b13d6b79cbedb8b1a78a64d67309946db7a9af58fcaf77,138,-0.3191875107278503,0.01
4,1,all_agreeing_offsets,side_informed,gh80,uniform,20.0,HU_plus_surface,0.001,375ac5032a9e3c57e0a33947e30ec35ed19a33cd16476377d08907bad53f8f78,84247a7587418cdbc90c71ddbaa6284eb45316b28301f98c54dca6c645a521fd,138,-0.29989637836968175,0.01
4,1,all_agreeing_offsets,side_informed,gh80,uniform,20.0,HU_plus_surface,0.01,375ac5032a9e3c57e0a33947e30ec35ed19a33cd16476377d08907bad53f8f78,be371e0273149f4a3bddf792568ece3fd05a8998ecee60a92a4c52453ea1ab1c,138,-0.2859718999438505,0.01
4,1,all_agreeing_offsets,side_informed,gh80,uniform,20.0,HU_plus_surface,0.1,375ac5032a9e3c57e0a33947e30ec35ed19a33cd16476377d08907bad53f8f78,040ed2b97a56871f7a7176e10e6ab75b0826f0664ec42f4d598cae333518e477,138,-0.36868271819632703,0.01
4,2,all_agreeing_offsets,side_informed,gh80,uniform,20.0,HU_plus_surface,0.0,21b28e9b95f6273e01cc5fd73d1827c62ba781b0fb4a0fc0e419afb51f80f1ef,389d3208bce3539ae1dba414945245254450f8b3a3f3d8b786c3020e413b6a35,137,-0.3238065572567879,0.01
4,2,all_agreeing_offsets,side_informed,gh80,uniform,20.0,HU_plus_surface,0.0001,21b28e9b95f6273e01cc5fd73d1827c62ba781b0fb4a0fc0e419afb51f80f1ef,1440c5b6821f3ea13b01c772eb484bcb5307df0f10f8ee8ee67ce65d513a0f64,137,-0.3191875107278503,0.01
4,2,all_agreeing_offsets,side_informed,gh80,uniform,20.0,HU_plus_surface,0.001,21b28e9b95f6273e01cc5fd73d1827c62ba781b0fb4a0fc0e419afb51f80f1ef,e432e9bc9a9e67b87bdeade8a34dd989c79699ce2d7d74b5c342845b8e0fc8e4,137,-0.29989637836968175,0.01
4,2,all_agreeing_offsets,side_informed,gh80,uniform,20.0,HU_plus_surface,0.01,21b28e9b95f6273e01cc5fd73d1827c62ba781b0fb4a0fc0e419afb51f80f1ef,ef0fd7c79cce389feed5e45a526dc31dc0ad9696b4fc3ef37027e17924a2504f,137,-0.2859718999438505,0.01
4,2,all_agreeing_offsets,side_informed,gh80,uniform,20.0,HU_plus_surface,0.1,21b28e9b95f6273e01cc5fd73d1827c62ba781b0fb4a0fc0e419afb51f80f1ef,5c34818e41898b77b5b8bcb056a9a0d471c3c57875e2d5a1c49be50d31642aea,137,-0.36868271819632703,0.01
4,0,all_agreeing_offsets,side_informed,gh80,uniform,20.0,retention_bounded_plus_HU,0.0,dad5d4ffe3a4823687c1aff1acc1f86d373ce81b85b782fae1c4b7716c711349,950974fd5950dfe0904b3c959112a4555fb4995ec0791dcc21f91ac9a0e27576,137,-0.31199559333865634,0.01
4,0,all_agreeing_offsets,side_informed,gh80,uniform,20.0,retention_bounded_plus_HU,0.0001,dad5d4ffe3a4823687c1aff1acc1f86d373ce81b85b782fae1c4b7716c711349,eb1fab27e20fd1fe4cb9e90170e414120dc6075ca3f1909ea5d3537f7962dbe0,137,-0.3098644505079979,0.01
4,0,all_agreeing_offsets,side_informed,gh80,uniform,20.0,retention_bounded_plus_HU,0.001,dad5d4ffe3a4823687c1aff1acc1f86d373ce81b85b782fae1c4b7716c711349,fc2b379ba5669d8cc2069734ad801e71c2f2b6ed05757e16e9446266575a3256,137,-0.3051930624378761,0.01
4,0,all_agreeing_offsets,side_informed,gh80,uniform,20.0,retention_bounded_plus_HU,0.01,dad5d4ffe3a4823687c1aff1acc1f86d373ce81b85b782fae1c4b7716c711349,2cea159ebc1b21ba4281cb2b07661685e20c19f203909d99e1a55a3674eedb57,137,-0.2920509864426551,0.01
4,0,all_agreeing_offsets,side_informed,gh80,uniform,20.0,retention_bounded_plus_HU,0.1,dad5d4ffe3a4823687c1aff1acc1f86d373ce81b85b782fae1c4b7716c711349,a51d5f44883134ea5ecbd26f142ff3ed0fec774d052606a138cdef00441e5d3b,137,-0.3271267587832943,0.01
4,1,all_agreeing_offsets,side_informed,gh80,uniform,20.0,retention_bounded_plus_HU,0.0,375ac5032a9e3c57e0a33947e30ec35ed19a33cd16476377d08907bad53f8f78,cc3400a82642ae91407d4c85ccc4f6687061d8f269f8b7a232a3557e75231990,138,-0.31199559333865634,0.01
4,1,all_agreeing_offsets,side_informed,gh80,uniform,20.0,retention_bounded_plus_HU,0.0001,375ac5032a9e3c57e0a33947e30ec35ed19a33cd16476377d08907bad53f8f78,4b2dec611a5dae9cea0cfe329fb7b82c285dd1ab2923729fcf7b5fa5e91036ef,138,-0.3098644505079979,0.01
4,1,all_agreeing_offsets,side_informed,gh80,uniform,20.0,retention_bounded_plus_HU,0.001,375ac5032a9e3c57e0a33947e30ec35ed19a33cd16476377d08907bad53f8f78,90e86af2d19e27108b6db70445b361cd21256be1bdd127445f9fcaadf591c260,138,-0.3051930624378761,0.01
4,1,all_agreeing_offsets,side_informed,gh80,uniform,20.0,retention_bounded_plus_HU,0.01,375ac5032a9e3c57e0a33947e30ec35ed19a33cd16476377d08907bad53f8f78,8ea052fbcd18a93b794d7f462374040583e5a522733d1d31ca0d46b9b5aa0a53,138,-0.2920509864426551,0.01
4,1,all_agreeing_offsets,side_informed,gh80,uniform,20.0,retention_bounded_plus_HU,0.1,375ac5032a9e3c57e0a33947e30ec35ed19a33cd16476377d08907bad53f8f78,0cadf294a7d83d236b06b725af1c8c7cc83c388167b3a939ec782b20cd6bb8e8,138,-0.3271267587832943,0.01
4,2,all_agreeing_offsets,side_informed,gh80,uniform,20.0,retention_bounded_plus_HU,0.0,21b28e9b95f6273e01cc5fd73d1827c62ba781b0fb4a0fc0e419afb51f80f1ef,2e96299181a280097a81c1f1133f226a2c31d7af96e00b0cf86bfeb0e45cecda,137,-0.31199559333865634,0.01
4,2,all_agreeing_offsets,side_informed,gh80,uniform,20.0,retention_bounded_plus_HU,0.0001,21b28e9b95f6273e01cc5fd73d1827c62ba781b0fb4a0fc0e419afb51f80f1ef,48f9c94305e8d3aa63865352c878e9aa0e0d41aac0b0df453077472a911b72cf,137,-0.3098644505079979,0.01
4,2,all_agreeing_offsets,side_informed,gh80,uniform,20.0,retention_bounded_plus_HU,0.001,21b28e9b95f6273e01cc5fd73d1827c62ba781b0fb4a0fc0e419afb51f80f1ef,e3f1bbb6794b49b22912aef4eb154a0a505e0d1a1044aaa2a85760bf5f1eed45,137,-0.3051930624378761,0.01
4,2,all_agreeing_offsets,side_informed,gh80,uniform,20.0,retention_bounded_plus_HU,0.01,21b28e9b95f6273e01cc5fd73d1827c62ba781b0fb4a0fc0e419afb51f80f1ef,5281360068f2298b300b1ce8b78e668bb80837b9e6e0ceed62e8449887c29b6b,137,-0.2920509864426551,0.01
4,2,all_agreeing_offsets,side_informed,gh80,uniform,20.0,retention_bounded_plus_HU,0.1,21b28e9b95f6273e01cc5fd73d1827c62ba781b0fb4a0fc0e419afb51f80f1ef,add426e8b8fdcc6a48968a0aee224ebdb6d7b4cd0ffb9715e20bced39cdcda8c,137,-0.3271267587832943,0.01
4,0,all_agreeing_offsets,wholly_unseen,laplace,uniform,20.0,retention_bounded,0.0,dad5d4ffe3a4823687c1aff1acc1f86d373ce81b85b782fae1c4b7716c711349,3fdeb0b84e41897a3a1e1971159ab29352df61e3b10075be05f07811148503ee,137,-0.6361350331641609,0.01
4,0,all_agreeing_offsets,wholly_unseen,laplace,uniform,20.0,retention_bounded,0.0001,dad5d4ffe3a4823687c1aff1acc1f86d373ce81b85b782fae1c4b7716c711349,52bbaea024423e1e56e48ba548bb82ae87a86dd9508b7a184b5c7225f5a13da4,137,-0.6335117028725856,0.01
4,0,all_agreeing_offsets,wholly_unseen,laplace,uniform,20.0,retention_bounded,0.001,dad5d4ffe3a4823687c1aff1acc1f86d373ce81b85b782fae1c4b7716c711349,173d537e43d746612dae9a10b959985f934d47034067fc2e3e00e2c774e564c2,137,-0.6176842259532493,0.01
4,0,all_agreeing_offsets,wholly_unseen,laplace,uniform,20.0,retention_bounded,0.01,dad5d4ffe3a4823687c1aff1acc1f86d373ce81b85b782fae1c4b7716c711349,6a08d0e1654cfd22139eb2d96f8b89763c7c670b2d419f121225e929e16073ff,137,-0.5890503993038261,0.01
4,0,all_agreeing_offsets,wholly_unseen,laplace,uniform,20.0,retention_bounded,0.1,dad5d4ffe3a4823687c1aff1acc1f86d373ce81b85b782fae1c4b7716c711349,466b4c9b6270688220b692a7ae23d723da359dcb144ae8cee19ba4649e71f7fd,137,-0.6536539336710352,0.01
4,1,all_agreeing_offsets,wholly_unseen,laplace,uniform,20.0,retention_bounded,0.0,375ac5032a9e3c57e0a33947e30ec35ed19a33cd16476377d08907bad53f8f78,f29069db4eeffa7263627a7df5c087b9fe7a408b5c1ae565882e03e7e58a4655,138,-0.6361350331641609,0.01
4,1,all_agreeing_offsets,wholly_unseen,laplace,uniform,20.0,retention_bounded,0.0001,375ac5032a9e3c57e0a33947e30ec35ed19a33cd16476377d08907bad53f8f78,fb1911e589b1d0cc7bd182ccd14842572e70329d29bf611c26274adfee9648f3,138,-0.6335117028725856,0.01
4,1,all_agreeing_offsets,wholly_unseen,laplace,uniform,20.0,retention_bounded,0.001,375ac5032a9e3c57e0a33947e30ec35ed19a33cd16476377d08907bad53f8f78,7408f59d60460c41e1b6da891c0b7fcbb6d0ee6088f2f959e70ce4d28ce38677,138,-0.6176842259532493,0.01
4,1,all_agreeing_offsets,wholly_unseen,laplace,uniform,20.0,retention_bounded,0.01,375ac5032a9e3c57e0a33947e30ec35ed19a33cd16476377d08907bad53f8f78,772b4ba945ad3168181fd6b3f89ee57cd66cc48758495fab6301cefb97bb3b42,138,-0.5890503993038261,0.01
4,1,all_agreeing_offsets,wholly_unseen,laplace,uniform,20.0,retention_bounded,0.1,375ac5032a9e3c57e0a33947e30ec35ed19a33cd16476377d08907bad53f8f78,8d58570c6cb3d4357a54eb68c7380ee41b621b300683e883781b3dd9b3eaac75,138,-0.6536539336710352,0.01
4,2,all_agreeing_offsets,wholly_unseen,laplace,uniform,20.0,retention_bounded,0.0,21b28e9b95f6273e01cc5fd73d1827c62ba781b0fb4a0fc0e419afb51f80f1ef,79b6e571a851cb866fe7994f701f3d242e13481f7ddf601e7457ca5f9aff60c5,137,-0.6361350331641609,0.01
4,2,all_agreeing_offsets,wholly_unseen,laplace,uniform,20.0,retention_bounded,0.0001,21b28e9b95f6273e01cc5fd73d1827c62ba781b0fb4a0fc0e419afb51f80f1ef,438913461120e036f0fa0a81c649519a8ba1595fc250a3a4423cf70e45d9ba2c,137,-0.6335117028725856,0.01
4,2,all_agreeing_offsets,wholly_unseen,laplace,uniform,20.0,retention_bounded,0.001,21b28e9b95f6273e01cc5fd73d1827c62ba781b0fb4a0fc0e419afb51f80f1ef,42bbfa08a08b7d1f9b8cea1b2ab9227e7f9eeead754385f2a1fc3be9b5c08173,137,-0.6176842259532493,0.01
4,2,all_agreeing_offsets,wholly_unseen,laplace,uniform,20.0,retention_bounded,0.01,21b28e9b95f6273e01cc5fd73d1827c62ba781b0fb4a0fc0e419afb51f80f1ef,c1abb9991d504c803ae772a84c7220de38a0c113d2f830e25a8da5c8939b84ad,137,-0.5890503993038261,0.01
4,2,all_agreeing_offsets,wholly_unseen,laplace,uniform,20.0,retention_bounded,0.1,21b28e9b95f6273e01cc5fd73d1827c62ba781b0fb4a0fc0e419afb51f80f1ef,259783c59322f2c735f81bb7fdd1d22214eea0d1f5e6f42328655f4d03120af2,137,-0.6536539336710352,0.01
4,0,all_agreeing_offsets,wholly_unseen,laplace,uniform,20.0,retention_nonnegative,0.0,dad5d4ffe3a4823687c1aff1acc1f86d373ce81b85b782fae1c4b7716c711349,0ef7e593c8889449f9ac694b0eb60eda44c3dd22ba8b72ca901f54a623fb1821,137,-0.6361350327141122,0.001
4,0,all_agreeing_offsets,wholly_unseen,laplace,uniform,20.0,retention_nonnegative,0.0001,dad5d4ffe3a4823687c1aff1acc1f86d373ce81b85b782fae1c4b7716c711349,b2a0e3e6a878255d73d943521af32a1112001fcdf1474332ab7acbe0cd60a55e,137,-0.6313741832220522,0.001
4,0,all_agreeing_offsets,wholly_unseen,laplace,uniform,20.0,retention_nonnegative,0.001,dad5d4ffe3a4823687c1aff1acc1f86d373ce81b85b782fae1c4b7716c711349,09ccdb69264846f58b594135d1b77294c1a338356661c7f96b09db4d2bcc496a,137,-0.6136141184764516,0.001
4,0,all_agreeing_offsets,wholly_unseen,laplace,uniform,20.0,retention_nonnegative,0.01,dad5d4ffe3a4823687c1aff1acc1f86d373ce81b85b782fae1c4b7716c711349,082dfbb3ed0a9c4c0a4c41a03707836c64f07511dc54d230f7207dfc579020ec,137,-0.63714059767158,0.001
4,0,all_agreeing_offsets,wholly_unseen,laplace,uniform,20.0,retention_nonnegative,0.1,dad5d4ffe3a4823687c1aff1acc1f86d373ce81b85b782fae1c4b7716c711349,c94c5e09c95cd21c424576587835197cd971b1fb16ff52558db6515f2706fd11,137,-0.7533590309262799,0.001
4,1,all_agreeing_offsets,wholly_unseen,laplace,uniform,20.0,retention_nonnegative,0.0,375ac5032a9e3c57e0a33947e30ec35ed19a33cd16476377d08907bad53f8f78,929e7075a637ce08310b00d800c10f5da1a5c12fedc748927c7ee3b7491193ce,138,-0.6361350327141122,0.001
4,1,all_agreeing_offsets,wholly_unseen,laplace,uniform,20.0,retention_nonnegative,0.0001,375ac5032a9e3c57e0a33947e30ec35ed19a33cd16476377d08907bad53f8f78,62f0e7030e828d28fc95350f5d6c76e5a70bc54037eda596dfb4525754187ffa,138,-0.6313741832220522,0.001
4,1,all_agreeing_offsets,wholly_unseen,laplace,uniform,20.0,retention_nonnegative,0.001,375ac5032a9e3c57e0a33947e30ec35ed19a33cd16476377d08907bad53f8f78,ff6691dc9ad2e6224580d32d20e65ae99ffa61d1451a6c21344ac9f5a2ed4a2e,138,-0.6136141184764516,0.001
4,1,all_agreeing_offsets,wholly_unseen,laplace,uniform,20.0,retention_nonnegative,0.01,375ac5032a9e3c57e0a33947e30ec35ed19a33cd16476377d08907bad53f8f78,f0bd5f6f1ac034b5fe3daaec162ef24673d445bc49746b1f282549de271833c4,138,-0.63714059767158,0.001
4,1,all_agreeing_offsets,wholly_unseen,laplace,uniform,20.0,retention_nonnegative,0.1,375ac5032a9e3c57e0a33947e30ec35ed19a33cd16476377d08907bad53f8f78,7e8d2ed405d7467e9ffef7a72fda8666994b9fd64b08c8b45712474cf4004fe6,138,-0.7533590309262799,0.001
4,2,all_agreeing_offsets,wholly_unseen,laplace,uniform,20.0,retention_nonnegative,0.0,21b28e9b95f6273e01cc5fd73d1827c62ba781b0fb4a0fc0e419afb51f80f1ef,f305cc5248b0c31dc5b6ddcb8553baa575d06a4de008c504372fd49a2a3e013c,137,-0.6361350327141122,0.001
4,2,all_agreeing_offsets,wholly_unseen,laplace,uniform,20.0,retention_nonnegative,0.0001,21b28e9b95f6273e01cc5fd73d1827c62ba781b0fb4a0fc0e419afb51f80f1ef,e9311f2e18b0a9225c589abea62cc11656c0b9c76158503c3eaca471bf4019a0,137,-0.6313741832220522,0.001
4,2,all_agreeing_offsets,wholly_unseen,laplace,uniform,20.0,retention_nonnegative,0.001,21b28e9b95f6273e01cc5fd73d1827c62ba781b0fb4a0fc0e419afb51f80f1ef,c464a24f9bf932a9d5250e15e48ded19181ed483dc2a03f8fc8f546c94d78277,137,-0.6136141184764516,0.001
4,2,all_agreeing_offsets,wholly_unseen,laplace,uniform,20.0,retention_nonnegative,0.01,21b28e9b95f6273e01cc5fd73d1827c62ba781b0fb4a0fc0e419afb51f80f1ef,35722fdfef76be99a93cfc7f095129c87832d586a8d14f296bdfd43a7f42e243,137,-0.63714059767158,0.001
4,2,all_agreeing_offsets,wholly_unseen,laplace,uniform,20.0,retention_nonnegative,0.1,21b28e9b95f6273e01cc5fd73d1827c62ba781b0fb4a0fc0e419afb51f80f1ef,e67584e68d7627fce6bf7c0737407f2300112c0bb5249566d3c23a824912222c,137,-0.7533590309262799,0.001
4,0,all_agreeing_offsets,wholly_unseen,laplace,uniform,20.0,current_only,0.0,dad5d4ffe3a4823687c1aff1acc1f86d373ce81b85b782fae1c4b7716c711349,64e01ffbe70a517522ad2aafb0577dca9733df7f1b968138eca202038c573bde,137,-0.9383480662891858,0.1
4,0,all_agreeing_offsets,wholly_unseen,laplace,uniform,20.0,current_only,0.0001,dad5d4ffe3a4823687c1aff1acc1f86d373ce81b85b782fae1c4b7716c711349,072e8e40e14a67e845e7a9155477f49ce46cf6b2463a5f006cdb2d4ce872b929,137,-0.9379959939892039,0.1
4,0,all_agreeing_offsets,wholly_unseen,laplace,uniform,20.0,current_only,0.001,dad5d4ffe3a4823687c1aff1acc1f86d373ce81b85b782fae1c4b7716c711349,269b978417e37ec9e26d55d29441644336d0382959623b37c9dfe848dab09077,137,-0.9350111368679904,0.1
4,0,all_agreeing_offsets,wholly_unseen,laplace,uniform,20.0,current_only,0.01,dad5d4ffe3a4823687c1aff1acc1f86d373ce81b85b782fae1c4b7716c711349,fc70d33a7fb4c2e8bf376fa3635a589623ab891f8581d4a0df7272dc8561a051,137,-0.9163299749979951,0.1
4,0,all_agreeing_offsets,wholly_unseen,laplace,uniform,20.0,current_only,0.1,dad5d4ffe3a4823687c1aff1acc1f86d373ce81b85b782fae1c4b7716c711349,6ae16a7438a445526781df0e387a796ac436ec6c88124fd03ae53b6e8d850824,137,-0.9123003993812727,0.1
4,1,all_agreeing_offsets,wholly_unseen,laplace,uniform,20.0,current_only,0.0,375ac5032a9e3c57e0a33947e30ec35ed19a33cd16476377d08907bad53f8f78,984fd3d6255bc7291c364c60b453b52f26b29d0b53ef4e8106becdd98eb991c6,138,-0.9383480662891858,0.1
4,1,all_agreeing_offsets,wholly_unseen,laplace,uniform,20.0,current_only,0.0001,375ac5032a9e3c57e0a33947e30ec35ed19a33cd16476377d08907bad53f8f78,13037c73851d7ace7803e340c31416551dd73fc0c46c650216f16ffda806142a,138,-0.9379959939892039,0.1
4,1,all_agreeing_offsets,wholly_unseen,laplace,uniform,20.0,current_only,0.001,375ac5032a9e3c57e0a33947e30ec35ed19a33cd16476377d08907bad53f8f78,1e2644851c7a31213d910d63f5672015bf8f7e66a2c21c14f00ef0afad0e0777,138,-0.9350111368679904,0.1
4,1,all_agreeing_offsets,wholly_unseen,laplace,uniform,20.0,current_only,0.01,375ac5032a9e3c57e0a33947e30ec35ed19a33cd16476377d08907bad53f8f78,6263c1e3d9bf1611bd9e67d73b57613928bdfced26f767fbf046d2c94f128c09,138,-0.9163299749979951,0.1
4,1,all_agreeing_offsets,wholly_unseen,laplace,uniform,20.0,current_only,0.1,375ac5032a9e3c57e0a33947e30ec35ed19a33cd16476377d08907bad53f8f78,673a6890406542bec21084f53bce5fe593ac7e8a8e376758fab790c53e2d64ef,138,-0.9123003993812727,0.1
4,2,all_agreeing_offsets,wholly_unseen,laplace,uniform,20.0,current_only,0.0,21b28e9b95f6273e01cc5fd73d1827c62ba781b0fb4a0fc0e419afb51f80f1ef,9a8b13028cc5d8373f806715b4500f21c8bb0d7539e66103c8b559ae3ff705b0,137,-0.9383480662891858,0.1
4,2,all_agreeing_offsets,wholly_unseen,laplace,uniform,20.0,current_only,0.0001,21b28e9b95f6273e01cc5fd73d1827c62ba781b0fb4a0fc0e419afb51f80f1ef,9dcfaafc763df73ec2930151bce34adc4402078813178fe08c325f78d6957beb,137,-0.9379959939892039,0.1
4,2,all_agreeing_offsets,wholly_unseen,laplace,uniform,20.0,current_only,0.001,21b28e9b95f6273e01cc5fd73d1827c62ba781b0fb4a0fc0e419afb51f80f1ef,17ed1215aab0cc03625ca0239b3d547361d7f950d2cf7d26a2358af548e41997,137,-0.9350111368679904,0.1
4,2,all_agreeing_offsets,wholly_unseen,laplace,uniform,20.0,current_only,0.01,21b28e9b95f6273e01cc5fd73d1827c62ba781b0fb4a0fc0e419afb51f80f1ef,0582bb2b122da3fb6634dacf7ede17756e17daedefd37ff52ae45fb6803d19ca,137,-0.9163299749979951,0.1
4,2,all_agreeing_offsets,wholly_unseen,laplace,uniform,20.0,current_only,0.1,21b28e9b95f6273e01cc5fd73d1827c62ba781b0fb4a0fc0e419afb51f80f1ef,f819da4b02083eafca4fccf3b4e2895fe5ac879fae7a40f36f8bcb55c522b541,137,-0.9123003993812727,0.1
4,0,all_agreeing_offsets,wholly_unseen,laplace,uniform,20.0,input_plus_surface,0.0,dad5d4ffe3a4823687c1aff1acc1f86d373ce81b85b782fae1c4b7716c711349,aa568bffd5e093ed062af3a6bace6a571c126b04a439c1a797614c1d015c930e,137,-0.6337351474553458,0.01
4,0,all_agreeing_offsets,wholly_unseen,laplace,uniform,20.0,input_plus_surface,0.0001,dad5d4ffe3a4823687c1aff1acc1f86d373ce81b85b782fae1c4b7716c711349,a524fe419e44c86376f6f2378a3020feb96f8cb33d96dd340af8338b06c6477d,137,-0.629423750557586,0.01
4,0,all_agreeing_offsets,wholly_unseen,laplace,uniform,20.0,input_plus_surface,0.001,dad5d4ffe3a4823687c1aff1acc1f86d373ce81b85b782fae1c4b7716c711349,b779b34188eb7be75c37e788831be0031d6fc0a662e4a7e0d2067e3fff204c0f,137,-0.611308938058866,0.01
4,0,all_agreeing_offsets,wholly_unseen,laplace,uniform,20.0,input_plus_surface,0.01,dad5d4ffe3a4823687c1aff1acc1f86d373ce81b85b782fae1c4b7716c711349,539f8ef0cdbbfa71a4fa0d8c57905a9a96634d2cf9e80d6cd9c451f4c6ebc75b,137,-0.6008411675648737,0.01
4,0,all_agreeing_offsets,wholly_unseen,laplace,uniform,20.0,input_plus_surface,0.1,dad5d4ffe3a4823687c1aff1acc1f86d373ce81b85b782fae1c4b7716c711349,e9f2f802cc7ed0d07d072c11dae50db4172e9dfeb69fddf68ae8499ae97492c2,137,-0.6876392220180586,0.01
4,1,all_agreeing_offsets,wholly_unseen,laplace,uniform,20.0,input_plus_surface,0.0,375ac5032a9e3c57e0a33947e30ec35ed19a33cd16476377d08907bad53f8f78,5f2272a4eeb3f3f823525124edb0cf5496af434b007ce0ca0c1a91af7238a0f5,138,-0.6337351474553458,0.01
4,1,all_agreeing_offsets,wholly_unseen,laplace,uniform,20.0,input_plus_surface,0.0001,375ac5032a9e3c57e0a33947e30ec35ed19a33cd16476377d08907bad53f8f78,5c63f190fc65be64d460b98fffdb7b00f809637f1abca464e7bf7defaa21d0da,138,-0.629423750557586,0.01
4,1,all_agreeing_offsets,wholly_unseen,laplace,uniform,20.0,input_plus_surface,0.001,375ac5032a9e3c57e0a33947e30ec35ed19a33cd16476377d08907bad53f8f78,fb2a4a6e540dbf9c5017dbae9f86d93ae56c7adc6c0c78e795b791f43b699ca0,138,-0.611308938058866,0.01
4,1,all_agreeing_offsets,wholly_unseen,laplace,uniform,20.0,input_plus_surface,0.01,375ac5032a9e3c57e0a33947e30ec35ed19a33cd16476377d08907bad53f8f78,5115b49c124ec916dc61d268190393ce866f99c3c4ae199123d255e8849a0556,138,-0.6008411675648737,0.01
4,1,all_agreeing_offsets,wholly_unseen,laplace,uniform,20.0,input_plus_surface,0.1,375ac5032a9e3c57e0a33947e30ec35ed19a33cd16476377d08907bad53f8f78,1fb375751052ea1cb32776e2c6e3d98360b52aa75e9b198488cb4aa9dc1b2ab9,138,-0.6876392220180586,0.01
4,2,all_agreeing_offsets,wholly_unseen,laplace,uniform,20.0,input_plus_surface,0.0,21b28e9b95f6273e01cc5fd73d1827c62ba781b0fb4a0fc0e419afb51f80f1ef,d5bead6652a91a1f8f58682cc21e1d83230662d73e132b78d73307839e2184b1,137,-0.6337351474553458,0.01
4,2,all_agreeing_offsets,wholly_unseen,laplace,uniform,20.0,input_plus_surface,0.0001,21b28e9b95f6273e01cc5fd73d1827c62ba781b0fb4a0fc0e419afb51f80f1ef,b037223c93a413765a732c03a0a1eb755e1dd64e44a584b8af093ac6a0eeef3b,137,-0.629423750557586,0.01
4,2,all_agreeing_offsets,wholly_unseen,laplace,uniform,20.0,input_plus_surface,0.001,21b28e9b95f6273e01cc5fd73d1827c62ba781b0fb4a0fc0e419afb51f80f1ef,3df5f65a4a84fb6ea85fd649e42a00353ce23dde279ae5bafa3a124ae3ba719b,137,-0.611308938058866,0.01
4,2,all_agreeing_offsets,wholly_unseen,laplace,uniform,20.0,input_plus_surface,0.01,21b28e9b95f6273e01cc5fd73d1827c62ba781b0fb4a0fc0e419afb51f80f1ef,102ed45ba67e96920f9c26519f95163fc923c3041be872bffcc1484e272a16cc,137,-0.6008411675648737,0.01
4,2,all_agreeing_offsets,wholly_unseen,laplace,uniform,20.0,input_plus_surface,0.1,21b28e9b95f6273e01cc5fd73d1827c62ba781b0fb4a0fc0e419afb51f80f1ef,8242d6abfde8a5f19766509f926135c4bdd00296f58752860864e1cb95d8ceac,137,-0.6876392220180586,0.01
4,0,all_agreeing_offsets,wholly_unseen,laplace,uniform,20.0,HU_plus_surface,0.0,dad5d4ffe3a4823687c1aff1acc1f86d373ce81b85b782fae1c4b7716c711349,f6b0c846331e8a66e10c464bdad47695b2f86b2dfa03017571c5c14fd6da7619,137,-0.5916979600973689,0.001
4,0,all_agreeing_offsets,wholly_unseen,laplace,uniform,20.0,HU_plus_surface,0.0001,dad5d4ffe3a4823687c1aff1acc1f86d373ce81b85b782fae1c4b7716c711349,410779f860a1e95dddf7cf1e57409ec2a25e0286d72fca40f8461af0198ab099,137,-0.5883056623214653,0.001
4,0,all_agreeing_offsets,wholly_unseen,laplace,uniform,20.0,HU_plus_surface,0.001,dad5d4ffe3a4823687c1aff1acc1f86d373ce81b85b782fae1c4b7716c711349,cd0acc732e77cf479e4f0dc86bae5b664d487c2352675349a3ccb736b810feca,137,-0.5760237480144127,0.001
4,0,all_agreeing_offsets,wholly_unseen,laplace,uniform,20.0,HU_plus_surface,0.01,dad5d4ffe3a4823687c1aff1acc1f86d373ce81b85b782fae1c4b7716c711349,7d304c6d55d12aa000eb70e81a01a178f4fc3bd7ee1e4094c1a73ab3b1d73bea,137,-0.5784799169168979,0.001
4,0,all_agreeing_offsets,wholly_unseen,laplace,uniform,20.0,HU_plus_surface,0.1,dad5d4ffe3a4823687c1aff1acc1f86d373ce81b85b782fae1c4b7716c711349,682daed2f8c8ebfa16b91bd694dd49cc4f6ebe3a7b7a3f37594d159718f990e6,137,-0.6774885933842101,0.001
4,1,all_agreeing_offsets,wholly_unseen,laplace,uniform,20.0,HU_plus_surface,0.0,375ac5032a9e3c57e0a33947e30ec35ed19a33cd16476377d08907bad53f8f78,e0fbaf5f1e12254ce3f59e51965f5a12fb0e8f1d94555446169289c7a6f6d048,138,-0.5916979600973689,0.001
4,1,all_agreeing_offsets,wholly_unseen,laplace,uniform,20.0,HU_plus_surface,0.0001,375ac5032a9e3c57e0a33947e30ec35ed19a33cd16476377d08907bad53f8f78,4ff0667c74303528b95c69f705592f4267826bffc752daa2401ccc51ca1d2fd6,138,-0.5883056623214653,0.001
4,1,all_agreeing_offsets,wholly_unseen,laplace,uniform,20.0,HU_plus_surface,0.001,375ac5032a9e3c57e0a33947e30ec35ed19a33cd16476377d08907bad53f8f78,4c1422cd48971c734a00dbd7f783197d54f2bf5b974e1c5588afd46e17dd8245,138,-0.5760237480144127,0.001
4,1,all_agreeing_offsets,wholly_unseen,laplace,uniform,20.0,HU_plus_surface,0.01,375ac5032a9e3c57e0a33947e30ec35ed19a33cd16476377d08907bad53f8f78,10ad7dab8ef6342d4d10b15c3c7191da7258fc9d087d55012e152defda67c8b4,138,-0.5784799169168979,0.001
4,1,all_agreeing_offsets,wholly_unseen,laplace,uniform,20.0,HU_plus_surface,0.1,375ac5032a9e3c57e0a33947e30ec35ed19a33cd16476377d08907bad53f8f78,ae9a82df56e907b34f981134747183639574ae707bc257a7a5868e811906a029,138,-0.6774885933842101,0.001
4,2,all_agreeing_offsets,wholly_unseen,laplace,uniform,20.0,HU_plus_surface,0.0,21b28e9b95f6273e01cc5fd73d1827c62ba781b0fb4a0fc0e419afb51f80f1ef,049071b55c7e042084fc63ce148e20dfc74f3428ca8815b5a1590512aa26b547,137,-0.5916979600973689,0.001
4,2,all_agreeing_offsets,wholly_unseen,laplace,uniform,20.0,HU_plus_surface,0.0001,21b28e9b95f6273e01cc5fd73d1827c62ba781b0fb4a0fc0e419afb51f80f1ef,435585bd5d4e1de1e2a8115a4067d740649d2e0128c467dd4f64ee1d6b521cf1,137,-0.5883056623214653,0.001
4,2,all_agreeing_offsets,wholly_unseen,laplace,uniform,20.0,HU_plus_surface,0.001,21b28e9b95f6273e01cc5fd73d1827c62ba781b0fb4a0fc0e419afb51f80f1ef,76c38934d6fa914f7bcd9c5f2d3bbe9c99baaeab3e434117b51d7c154ee7e9e9,137,-0.5760237480144127,0.001
4,2,all_agreeing_offsets,wholly_unseen,laplace,uniform,20.0,HU_plus_surface,0.01,21b28e9b95f6273e01cc5fd73d1827c62ba781b0fb4a0fc0e419afb51f80f1ef,f18eb23e0391c14596396869b70e013c34fac6a925e387f5c3ce8307db8df277,137,-0.5784799169168979,0.001
4,2,all_agreeing_offsets,wholly_unseen,laplace,uniform,20.0,HU_plus_surface,0.1,21b28e9b95f6273e01cc5fd73d1827c62ba781b0fb4a0fc0e419afb51f80f1ef,6667a6b9f2ae9ee56439d4a93cf3956b28305e00e2be50880bdfbee8a2a28756,137,-0.6774885933842101,0.001
4,0,all_agreeing_offsets,wholly_unseen,laplace,uniform,20.0,retention_bounded_plus_HU,0.0,dad5d4ffe3a4823687c1aff1acc1f86d373ce81b85b782fae1c4b7716c711349,388ef0309cc36674eb7386fa8a8bc7a81a7586b05db7f410b78d4ae33163899d,137,-0.5732934143190105,0.01
4,0,all_agreeing_offsets,wholly_unseen,laplace,uniform,20.0,retention_bounded_plus_HU,0.0001,dad5d4ffe3a4823687c1aff1acc1f86d373ce81b85b782fae1c4b7716c711349,c25c0dd34df9ec1d25a16eca54d4663c5f199b029461f24b980c8fb461e50ef6,137,-0.5725228651939562,0.01
4,0,all_agreeing_offsets,wholly_unseen,laplace,uniform,20.0,retention_bounded_plus_HU,0.001,dad5d4ffe3a4823687c1aff1acc1f86d373ce81b85b782fae1c4b7716c711349,ef60e1a335d8027e69e66860e503d7725909d31f978c3c3a9922adc66300ee67,137,-0.5686693384539704,0.01
4,0,all_agreeing_offsets,wholly_unseen,laplace,uniform,20.0,retention_bounded_plus_HU,0.01,dad5d4ffe3a4823687c1aff1acc1f86d373ce81b85b782fae1c4b7716c711349,0102eeada6deab0fe8f848d3d189df1f81b64dc313564c0b6636aba2940a3345,137,-0.5634333137759904,0.01
4,0,all_agreeing_offsets,wholly_unseen,laplace,uniform,20.0,retention_bounded_plus_HU,0.1,dad5d4ffe3a4823687c1aff1acc1f86d373ce81b85b782fae1c4b7716c711349,ad939a80704cd6e55a866f07f98b088100faa7a4f321cb36a77f59d1523c4093,137,-0.6223821500946429,0.01
4,1,all_agreeing_offsets,wholly_unseen,laplace,uniform,20.0,retention_bounded_plus_HU,0.0,375ac5032a9e3c57e0a33947e30ec35ed19a33cd16476377d08907bad53f8f78,b7a5e44fe13c1b4358c25946ca97c89c225244df8f83a105096463ac1cce9fff,138,-0.5732934143190105,0.01
4,1,all_agreeing_offsets,wholly_unseen,laplace,uniform,20.0,retention_bounded_plus_HU,0.0001,375ac5032a9e3c57e0a33947e30ec35ed19a33cd16476377d08907bad53f8f78,9d5413d9da0360492420e82bf5719cffe19216aef295d05107c081a22620a8d2,138,-0.5725228651939562,0.01
4,1,all_agreeing_offsets,wholly_unseen,laplace,uniform,20.0,retention_bounded_plus_HU,0.001,375ac5032a9e3c57e0a33947e30ec35ed19a33cd16476377d08907bad53f8f78,0bc85cad10b834904f7fda679504ec8230c823af034ae38773f7ff02b74668f4,138,-0.5686693384539704,0.01
4,1,all_agreeing_offsets,wholly_unseen,laplace,uniform,20.0,retention_bounded_plus_HU,0.01,375ac5032a9e3c57e0a33947e30ec35ed19a33cd16476377d08907bad53f8f78,edb3f04a397a75942b0fea05ef328705c3968eacab408a64b75096cdc81ed4f2,138,-0.5634333137759904,0.01
4,1,all_agreeing_offsets,wholly_unseen,laplace,uniform,20.0,retention_bounded_plus_HU,0.1,375ac5032a9e3c57e0a33947e30ec35ed19a33cd16476377d08907bad53f8f78,73a821ac1c734f2563a6272e2a1134fcbdcaeb24b5e6603c4c1b9cd9a690c72e,138,-0.6223821500946429,0.01
4,2,all_agreeing_offsets,wholly_unseen,laplace,uniform,20.0,retention_bounded_plus_HU,0.0,21b28e9b95f6273e01cc5fd73d1827c62ba781b0fb4a0fc0e419afb51f80f1ef,f04843645f103f3681bd4c59dedffbd45af4efaa9ce958d006dd9972c05fe75d,137,-0.5732934143190105,0.01
4,2,all_agreeing_offsets,wholly_unseen,laplace,uniform,20.0,retention_bounded_plus_HU,0.0001,21b28e9b95f6273e01cc5fd73d1827c62ba781b0fb4a0fc0e419afb51f80f1ef,fb6b93f4af6f9d68acc4533e7da6689be09c8eb9fd9e9d88d0f337e25f3fc99b,137,-0.5725228651939562,0.01
4,2,all_agreeing_offsets,wholly_unseen,laplace,uniform,20.0,retention_bounded_plus_HU,0.001,21b28e9b95f6273e01cc5fd73d1827c62ba781b0fb4a0fc0e419afb51f80f1ef,ff5f7dcdbe070aaf371d851e9c67b389e7b88a0d288557edc9f809def5cb5a6d,137,-0.5686693384539704,0.01
4,2,all_agreeing_offsets,wholly_unseen,laplace,uniform,20.0,retention_bounded_plus_HU,0.01,21b28e9b95f6273e01cc5fd73d1827c62ba781b0fb4a0fc0e419afb51f80f1ef,bef07fca31d5cc2be80f025730b9ef81bd24e9c731b71f67d33adaa6c7c41f75,137,-0.5634333137759904,0.01
4,2,all_agreeing_offsets,wholly_unseen,laplace,uniform,20.0,retention_bounded_plus_HU,0.1,21b28e9b95f6273e01cc5fd73d1827c62ba781b0fb4a0fc0e419afb51f80f1ef,c56b10098a96523a25ea4b42bd54ef68df739681b7b5d6178c1b478633b7005f,137,-0.6223821500946429,0.01
4,0,all_agreeing_offsets,wholly_unseen,gh80,uniform,20.0,HU_plus_surface,0.0,dad5d4ffe3a4823687c1aff1acc1f86d373ce81b85b782fae1c4b7716c711349,53216f6caa3856467632f4b39a7947b07c51fba40768c3ff6ca1d0f19a015b48,137,-0.5914434163014851,0.001
4,0,all_agreeing_offsets,wholly_unseen,gh80,uniform,20.0,HU_plus_surface,0.0001,dad5d4ffe3a4823687c1aff1acc1f86d373ce81b85b782fae1c4b7716c711349,37de28fb8ffcf3fd06d2e700cba8ae61dcedda7042fe5f630fa73d423c4585bf,137,-0.5877690244601929,0.001
4,0,all_agreeing_offsets,wholly_unseen,gh80,uniform,20.0,HU_plus_surface,0.001,dad5d4ffe3a4823687c1aff1acc1f86d373ce81b85b782fae1c4b7716c711349,e5e87a0c01a48cdca1ae7a4fbfb5aa4a6828775c22d11fd6e1d2573ef560b491,137,-0.5745073543734807,0.001
4,0,all_agreeing_offsets,wholly_unseen,gh80,uniform,20.0,HU_plus_surface,0.01,dad5d4ffe3a4823687c1aff1acc1f86d373ce81b85b782fae1c4b7716c711349,485aa0526e40752a7c8e77528291f0cb8cf7e5245ddb8834ad440407923cc760,137,-0.575772914933037,0.001
4,0,all_agreeing_offsets,wholly_unseen,gh80,uniform,20.0,HU_plus_surface,0.1,dad5d4ffe3a4823687c1aff1acc1f86d373ce81b85b782fae1c4b7716c711349,81c7e87a069710ce2070c2251bd57d53a02aceebe3a4ac5777accd083afd47a0,137,-0.6771885243070392,0.001
4,1,all_agreeing_offsets,wholly_unseen,gh80,uniform,20.0,HU_plus_surface,0.0,375ac5032a9e3c57e0a33947e30ec35ed19a33cd16476377d08907bad53f8f78,9c9a07f380c60dc7a3f6bed4d96bace5927b6e4eb1dae294fe75d029442632c6,138,-0.5914434163014851,0.001
4,1,all_agreeing_offsets,wholly_unseen,gh80,uniform,20.0,HU_plus_surface,0.0001,375ac5032a9e3c57e0a33947e30ec35ed19a33cd16476377d08907bad53f8f78,4ab0d7080fdf9ca7d8b13d6b79cbedb8b1a78a64d67309946db7a9af58fcaf77,138,-0.5877690244601929,0.001
4,1,all_agreeing_offsets,wholly_unseen,gh80,uniform,20.0,HU_plus_surface,0.001,375ac5032a9e3c57e0a33947e30ec35ed19a33cd16476377d08907bad53f8f78,84247a7587418cdbc90c71ddbaa6284eb45316b28301f98c54dca6c645a521fd,138,-0.5745073543734807,0.001
4,1,all_agreeing_offsets,wholly_unseen,gh80,uniform,20.0,HU_plus_surface,0.01,375ac5032a9e3c57e0a33947e30ec35ed19a33cd16476377d08907bad53f8f78,be371e0273149f4a3bddf792568ece3fd05a8998ecee60a92a4c52453ea1ab1c,138,-0.575772914933037,0.001
4,1,all_agreeing_offsets,wholly_unseen,gh80,uniform,20.0,HU_plus_surface,0.1,375ac5032a9e3c57e0a33947e30ec35ed19a33cd16476377d08907bad53f8f78,040ed2b97a56871f7a7176e10e6ab75b0826f0664ec42f4d598cae333518e477,138,-0.6771885243070392,0.001
4,2,all_agreeing_offsets,wholly_unseen,gh80,uniform,20.0,HU_plus_surface,0.0,21b28e9b95f6273e01cc5fd73d1827c62ba781b0fb4a0fc0e419afb51f80f1ef,389d3208bce3539ae1dba414945245254450f8b3a3f3d8b786c3020e413b6a35,137,-0.5914434163014851,0.001
4,2,all_agreeing_offsets,wholly_unseen,gh80,uniform,20.0,HU_plus_surface,0.0001,21b28e9b95f6273e01cc5fd73d1827c62ba781b0fb4a0fc0e419afb51f80f1ef,1440c5b6821f3ea13b01c772eb484bcb5307df0f10f8ee8ee67ce65d513a0f64,137,-0.5877690244601929,0.001
4,2,all_agreeing_offsets,wholly_unseen,gh80,uniform,20.0,HU_plus_surface,0.001,21b28e9b95f6273e01cc5fd73d1827c62ba781b0fb4a0fc0e419afb51f80f1ef,e432e9bc9a9e67b87bdeade8a34dd989c79699ce2d7d74b5c342845b8e0fc8e4,137,-0.5745073543734807,0.001
4,2,all_agreeing_offsets,wholly_unseen,gh80,uniform,20.0,HU_plus_surface,0.01,21b28e9b95f6273e01cc5fd73d1827c62ba781b0fb4a0fc0e419afb51f80f1ef,ef0fd7c79cce389feed5e45a526dc31dc0ad9696b4fc3ef37027e17924a2504f,137,-0.575772914933037,0.001
4,2,all_agreeing_offsets,wholly_unseen,gh80,uniform,20.0,HU_plus_surface,0.1,21b28e9b95f6273e01cc5fd73d1827c62ba781b0fb4a0fc0e419afb51f80f1ef,5c34818e41898b77b5b8bcb056a9a0d471c3c57875e2d5a1c49be50d31642aea,137,-0.6771885243070392,0.001
4,0,all_agreeing_offsets,wholly_unseen,gh80,uniform,20.0,retention_bounded_plus_HU,0.0,dad5d4ffe3a4823687c1aff1acc1f86d373ce81b85b782fae1c4b7716c711349,950974fd5950dfe0904b3c959112a4555fb4995ec0791dcc21f91ac9a0e27576,137,-0.5737093829177703,0.01
4,0,all_agreeing_offsets,wholly_unseen,gh80,uniform,20.0,retention_bounded_plus_HU,0.0001,dad5d4ffe3a4823687c1aff1acc1f86d373ce81b85b782fae1c4b7716c711349,eb1fab27e20fd1fe4cb9e90170e414120dc6075ca3f1909ea5d3537f7962dbe0,137,-0.5719354627045771,0.01
4,0,all_agreeing_offsets,wholly_unseen,gh80,uniform,20.0,retention_bounded_plus_HU,0.001,dad5d4ffe3a4823687c1aff1acc1f86d373ce81b85b782fae1c4b7716c711349,fc2b379ba5669d8cc2069734ad801e71c2f2b6ed05757e16e9446266575a3256,137,-0.5701630961212112,0.01
4,0,all_agreeing_offsets,wholly_unseen,gh80,uniform,20.0,retention_bounded_plus_HU,0.01,dad5d4ffe3a4823687c1aff1acc1f86d373ce81b85b782fae1c4b7716c711349,2cea159ebc1b21ba4281cb2b07661685e20c19f203909d99e1a55a3674eedb57,137,-0.567614674930496,0.01
4,0,all_agreeing_offsets,wholly_unseen,gh80,uniform,20.0,retention_bounded_plus_HU,0.1,dad5d4ffe3a4823687c1aff1acc1f86d373ce81b85b782fae1c4b7716c711349,a51d5f44883134ea5ecbd26f142ff3ed0fec774d052606a138cdef00441e5d3b,137,-0.6252596597057551,0.01
4,1,all_agreeing_offsets,wholly_unseen,gh80,uniform,20.0,retention_bounded_plus_HU,0.0,375ac5032a9e3c57e0a33947e30ec35ed19a33cd16476377d08907bad53f8f78,cc3400a82642ae91407d4c85ccc4f6687061d8f269f8b7a232a3557e75231990,138,-0.5737093829177703,0.01
4,1,all_agreeing_offsets,wholly_unseen,gh80,uniform,20.0,retention_bounded_plus_HU,0.0001,375ac5032a9e3c57e0a33947e30ec35ed19a33cd16476377d08907bad53f8f78,4b2dec611a5dae9cea0cfe329fb7b82c285dd1ab2923729fcf7b5fa5e91036ef,138,-0.5719354627045771,0.01
4,1,all_agreeing_offsets,wholly_unseen,gh80,uniform,20.0,retention_bounded_plus_HU,0.001,375ac5032a9e3c57e0a33947e30ec35ed19a33cd16476377d08907bad53f8f78,90e86af2d19e27108b6db70445b361cd21256be1bdd127445f9fcaadf591c260,138,-0.5701630961212112,0.01
4,1,all_agreeing_offsets,wholly_unseen,gh80,uniform,20.0,retention_bounded_plus_HU,0.01,375ac5032a9e3c57e0a33947e30ec35ed19a33cd16476377d08907bad53f8f78,8ea052fbcd18a93b794d7f462374040583e5a522733d1d31ca0d46b9b5aa0a53,138,-0.567614674930496,0.01
4,1,all_agreeing_offsets,wholly_unseen,gh80,uniform,20.0,retention_bounded_plus_HU,0.1,375ac5032a9e3c57e0a33947e30ec35ed19a33cd16476377d08907bad53f8f78,0cadf294a7d83d236b06b725af1c8c7cc83c388167b3a939ec782b20cd6bb8e8,138,-0.6252596597057551,0.01
4,2,all_agreeing_offsets,wholly_unseen,gh80,uniform,20.0,retention_bounded_plus_HU,0.0,21b28e9b95f6273e01cc5fd73d1827c62ba781b0fb4a0fc0e419afb51f80f1ef,2e96299181a280097a81c1f1133f226a2c31d7af96e00b0cf86bfeb0e45cecda,137,-0.5737093829177703,0.01
4,2,all_agreeing_offsets,wholly_unseen,gh80,uniform,20.0,retention_bounded_plus_HU,0.0001,21b28e9b95f6273e01cc5fd73d1827c62ba781b0fb4a0fc0e419afb51f80f1ef,48f9c94305e8d3aa63865352c878e9aa0e0d41aac0b0df453077472a911b72cf,137,-0.5719354627045771,0.01
4,2,all_agreeing_offsets,wholly_unseen,gh80,uniform,20.0,retention_bounded_plus_HU,0.001,21b28e9b95f6273e01cc5fd73d1827c62ba781b0fb4a0fc0e419afb51f80f1ef,e3f1bbb6794b49b22912aef4eb154a0a505e0d1a1044aaa2a85760bf5f1eed45,137,-0.5701630961212112,0.01
4,2,all_agreeing_offsets,wholly_unseen,gh80,uniform,20.0,retention_bounded_plus_HU,0.01,21b28e9b95f6273e01cc5fd73d1827c62ba781b0fb4a0fc0e419afb51f80f1ef,5281360068f2298b300b1ce8b78e668bb80837b9e6e0ceed62e8449887c29b6b,137,-0.567614674930496,0.01
4,2,all_agreeing_offsets,wholly_unseen,gh80,uniform,20.0,retention_bounded_plus_HU,0.1,21b28e9b95f6273e01cc5fd73d1827c62ba781b0fb4a0fc0e419afb51f80f1ef,add426e8b8fdcc6a48968a0aee224ebdb6d7b4cd0ffb9715e20bced39cdcda8c,137,-0.6252596597057551,0.01
4,0,unrounded_strict,side_informed,laplace,uniform,20.0,retention_bounded,0.0,d7e905532c95f9426e74fa022aa47b1e986c5aaf21cb55aa8b8416bab686337f,0d3845e99fa7c7e3dfc0c08bd3d25a1c6a652e3d95ea7261252cbc41acdcc15f,91,-0.38533153313660495,0.01
4,0,unrounded_strict,side_informed,laplace,uniform,20.0,retention_bounded,0.0001,d7e905532c95f9426e74fa022aa47b1e986c5aaf21cb55aa8b8416bab686337f,fd321415f61bc4c8f58033fd344bfe41c16ae6418eb8e107abf639c461c5803c,91,-0.383292511747873,0.01
4,0,unrounded_strict,side_informed,laplace,uniform,20.0,retention_bounded,0.001,d7e905532c95f9426e74fa022aa47b1e986c5aaf21cb55aa8b8416bab686337f,40a010a70e5c522363b7f427f6e454497e8a4d584d7fbceb6086e5c085ffa3c5,91,-0.36990929637011255,0.01
4,0,unrounded_strict,side_informed,laplace,uniform,20.0,retention_bounded,0.01,d7e905532c95f9426e74fa022aa47b1e986c5aaf21cb55aa8b8416bab686337f,33f042745c49319e18df04146b0113688f3176a8875776f0af6be2da3151273b,91,-0.33647596243565875,0.01
4,0,unrounded_strict,side_informed,laplace,uniform,20.0,retention_bounded,0.1,d7e905532c95f9426e74fa022aa47b1e986c5aaf21cb55aa8b8416bab686337f,8153fdcf45de7e376036cc7649b4b46c3738b74466dc8ece54bde7980730093e,91,-0.3650133891018427,0.01
4,1,unrounded_strict,side_informed,laplace,uniform,20.0,retention_bounded,0.0,a1facf9fdd8bd28031b4ce2e94ac3a60bfd00e883f65df0e1c9a47974e352ae6,824b4e0f3445adf3319f9b4de31f6ce28737437b4ebc29309ff3de21cf4a1c2b,90,-0.38533153313660495,0.01
4,1,unrounded_strict,side_informed,laplace,uniform,20.0,retention_bounded,0.0001,a1facf9fdd8bd28031b4ce2e94ac3a60bfd00e883f65df0e1c9a47974e352ae6,a25a80320ce8eeb2146aa8aee4748a1e7e699598e802c91b9a3607f48f8d71f5,90,-0.383292511747873,0.01
4,1,unrounded_strict,side_informed,laplace,uniform,20.0,retention_bounded,0.001,a1facf9fdd8bd28031b4ce2e94ac3a60bfd00e883f65df0e1c9a47974e352ae6,cf23c9f44aeeb3b74ad6b76b002db105089e00e82ddb17adb6d3181032391a81,90,-0.36990929637011255,0.01
4,1,unrounded_strict,side_informed,laplace,uniform,20.0,retention_bounded,0.01,a1facf9fdd8bd28031b4ce2e94ac3a60bfd00e883f65df0e1c9a47974e352ae6,bc4a9404c67935d4f5662566e268a888de1313deb39226596dcea915f9aa038f,90,-0.33647596243565875,0.01
4,1,unrounded_strict,side_informed,laplace,uniform,20.0,retention_bounded,0.1,a1facf9fdd8bd28031b4ce2e94ac3a60bfd00e883f65df0e1c9a47974e352ae6,6b288eea5255fb189c305ce812819285de8542a6ce10d613ddd58a9d1eaea55e,90,-0.3650133891018427,0.01
4,2,unrounded_strict,side_informed,laplace,uniform,20.0,retention_bounded,0.0,1f1b4550b11567210be099e5e8f23c1b72b79e1c4aed3fa9105a98c03db496ed,9476250324f65fec88bf46a3bbbf3e27f043751632d70d1da05b03dda99502dc,90,-0.38533153313660495,0.01
4,2,unrounded_strict,side_informed,laplace,uniform,20.0,retention_bounded,0.0001,1f1b4550b11567210be099e5e8f23c1b72b79e1c4aed3fa9105a98c03db496ed,5799517c063e8a28495de2590cbdde137b8fb54363d9e2cdafcc3516709b9034,90,-0.383292511747873,0.01
4,2,unrounded_strict,side_informed,laplace,uniform,20.0,retention_bounded,0.001,1f1b4550b11567210be099e5e8f23c1b72b79e1c4aed3fa9105a98c03db496ed,1da4b8ba720f48fa10acf2fd99bf0284a6f1548aa70f9d4f255fcfd633683084,90,-0.36990929637011255,0.01
4,2,unrounded_strict,side_informed,laplace,uniform,20.0,retention_bounded,0.01,1f1b4550b11567210be099e5e8f23c1b72b79e1c4aed3fa9105a98c03db496ed,26b286461a0c2a2aade450dad592073a7ea6429027f928e86544bd70b260d65d,90,-0.33647596243565875,0.01
4,2,unrounded_strict,side_informed,laplace,uniform,20.0,retention_bounded,0.1,1f1b4550b11567210be099e5e8f23c1b72b79e1c4aed3fa9105a98c03db496ed,2e88e9dd3bf01cd6a76ee520a8088c032977182cfd89f18bb2070c3f277d66d1,90,-0.3650133891018427,0.01
4,0,unrounded_strict,side_informed,laplace,uniform,20.0,retention_nonnegative,0.0,d7e905532c95f9426e74fa022aa47b1e986c5aaf21cb55aa8b8416bab686337f,b2a43414f143d7d9a1a0db9bf5f03344135bdd1000e09286d20cef0bdb60a5d6,91,-0.3853315325432201,0.01
4,0,unrounded_strict,side_informed,laplace,uniform,20.0,retention_nonnegative,0.0001,d7e905532c95f9426e74fa022aa47b1e986c5aaf21cb55aa8b8416bab686337f,8c382543f73825142bc46f897af7b9ce6a9112b618ec3425865d52e0ac625977,91,-0.38317249603100517,0.01
4,0,unrounded_strict,side_informed,laplace,uniform,20.0,retention_nonnegative,0.001,d7e905532c95f9426e74fa022aa47b1e986c5aaf21cb55aa8b8416bab686337f,fb61a51c4a1ba808f7a287d5e920fee2b14db16965458d94a98a3feb0d70f922,91,-0.3698831469247956,0.01
4,0,unrounded_strict,side_informed,laplace,uniform,20.0,retention_nonnegative,0.01,d7e905532c95f9426e74fa022aa47b1e986c5aaf21cb55aa8b8416bab686337f,b11de9c5350ac12d6631f35e87d393efca8756bbcac416a24914ccd603aa7744,91,-0.3468349830760541,0.01
4,0,unrounded_strict,side_informed,laplace,uniform,20.0,retention_nonnegative,0.1,d7e905532c95f9426e74fa022aa47b1e986c5aaf21cb55aa8b8416bab686337f,16e531955e6bf6616caf5a8ca4f847a973e10c4f5ae5a4030a0c9500701cdf87,91,-0.4120576286684931,0.01
4,1,unrounded_strict,side_informed,laplace,uniform,20.0,retention_nonnegative,0.0,a1facf9fdd8bd28031b4ce2e94ac3a60bfd00e883f65df0e1c9a47974e352ae6,686bc88efb8bb536ca279e3a3d59bf5d32592df0568e1464f8e33e57a72f1430,90,-0.3853315325432201,0.01
4,1,unrounded_strict,side_informed,laplace,uniform,20.0,retention_nonnegative,0.0001,a1facf9fdd8bd28031b4ce2e94ac3a60bfd00e883f65df0e1c9a47974e352ae6,e3fa51cb88a9b1e833e62bcf6b162eb48617cc59774cebea46e20144352dd07a,90,-0.38317249603100517,0.01
4,1,unrounded_strict,side_informed,laplace,uniform,20.0,retention_nonnegative,0.001,a1facf9fdd8bd28031b4ce2e94ac3a60bfd00e883f65df0e1c9a47974e352ae6,ab22779d3cbe3a54b0edad225dcd45d5041c193e0955f1c2beba9579606e958d,90,-0.3698831469247956,0.01
4,1,unrounded_strict,side_informed,laplace,uniform,20.0,retention_nonnegative,0.01,a1facf9fdd8bd28031b4ce2e94ac3a60bfd00e883f65df0e1c9a47974e352ae6,dc2e08cc3ed824d4ec874402f6401da0a8ba81f6db5dff58d7fe420715351690,90,-0.3468349830760541,0.01
4,1,unrounded_strict,side_informed,laplace,uniform,20.0,retention_nonnegative,0.1,a1facf9fdd8bd28031b4ce2e94ac3a60bfd00e883f65df0e1c9a47974e352ae6,2bcf32232e2ec78dad8a09497b1871c1250522ac5d854dfae5407ee093ff39a0,90,-0.4120576286684931,0.01
4,2,unrounded_strict,side_informed,laplace,uniform,20.0,retention_nonnegative,0.0,1f1b4550b11567210be099e5e8f23c1b72b79e1c4aed3fa9105a98c03db496ed,786cc8fec3a527d4957af4182f68ee9d9a0623121d50706923b8262361bb9292,90,-0.3853315325432201,0.01
4,2,unrounded_strict,side_informed,laplace,uniform,20.0,retention_nonnegative,0.0001,1f1b4550b11567210be099e5e8f23c1b72b79e1c4aed3fa9105a98c03db496ed,b9698027847527c910af906551eadc1cd5cf410100b23f336f3ee3761e71b9cb,90,-0.38317249603100517,0.01
4,2,unrounded_strict,side_informed,laplace,uniform,20.0,retention_nonnegative,0.001,1f1b4550b11567210be099e5e8f23c1b72b79e1c4aed3fa9105a98c03db496ed,190ed3e69cd11dc6a27006a93823e2e91e33cde702919deb3635fcabed6678dd,90,-0.3698831469247956,0.01
4,2,unrounded_strict,side_informed,laplace,uniform,20.0,retention_nonnegative,0.01,1f1b4550b11567210be099e5e8f23c1b72b79e1c4aed3fa9105a98c03db496ed,f4f63a7e722c9f2a0f894374700a46755eedc3f8a18106be5fb948b7eeb2ceba,90,-0.3468349830760541,0.01
4,2,unrounded_strict,side_informed,laplace,uniform,20.0,retention_nonnegative,0.1,1f1b4550b11567210be099e5e8f23c1b72b79e1c4aed3fa9105a98c03db496ed,8d1cdc5c867eaea9c06e788fc0731bf1fac9d36d7b1bb5cd3629ae6d768da3fe,90,-0.4120576286684931,0.01
4,0,unrounded_strict,side_informed,laplace,uniform,20.0,current_only,0.0,d7e905532c95f9426e74fa022aa47b1e986c5aaf21cb55aa8b8416bab686337f,10cad74a88e0b2074bf93619e6bb3b380c832c039346561c0e3f5f1fe2089547,91,-0.6246243399775476,0.1
4,0,unrounded_strict,side_informed,laplace,uniform,20.0,current_only,0.0001,d7e905532c95f9426e74fa022aa47b1e986c5aaf21cb55aa8b8416bab686337f,1a8e2fa32169bd526ce57a563ad64d4f58d807debe86b17099962703c786130b,91,-0.6243882965247172,0.1
4,0,unrounded_strict,side_informed,laplace,uniform,20.0,current_only,0.001,d7e905532c95f9426e74fa022aa47b1e986c5aaf21cb55aa8b8416bab686337f,cf837eb9ffcc1543268f890685c5e1799db3453f71b79ad6cc67e83893aceefb,91,-0.6223572021682807,0.1
4,0,unrounded_strict,side_informed,laplace,uniform,20.0,current_only,0.01,d7e905532c95f9426e74fa022aa47b1e986c5aaf21cb55aa8b8416bab686337f,b7295c3f756fbfbfc11caaadb225e4c56322e3fbc74a4ec7036644fc2021a6ec,91,-0.6084399661789976,0.1
4,0,unrounded_strict,side_informed,laplace,uniform,20.0,current_only,0.1,d7e905532c95f9426e74fa022aa47b1e986c5aaf21cb55aa8b8416bab686337f,677e711f02ee713e38cc9836bd3c5304c6440c4de0b4056d5bca4de2d34177d1,91,-0.6022474373644437,0.1
4,1,unrounded_strict,side_informed,laplace,uniform,20.0,current_only,0.0,a1facf9fdd8bd28031b4ce2e94ac3a60bfd00e883f65df0e1c9a47974e352ae6,10d70a11392ef9246c21092c82d1b5d719ab026a2cdca003b1e01311da3a796d,90,-0.6246243399775476,0.1
4,1,unrounded_strict,side_informed,laplace,uniform,20.0,current_only,0.0001,a1facf9fdd8bd28031b4ce2e94ac3a60bfd00e883f65df0e1c9a47974e352ae6,9374cc9db5c9ac506da62b565560e7c924e2fabc7faccdb5b3ff4a5316d65479,90,-0.6243882965247172,0.1
4,1,unrounded_strict,side_informed,laplace,uniform,20.0,current_only,0.001,a1facf9fdd8bd28031b4ce2e94ac3a60bfd00e883f65df0e1c9a47974e352ae6,be1882cdbd89bdc0595221870f7bcf44ac18a11b139e8fdf3f88fb79a603a460,90,-0.6223572021682807,0.1
4,1,unrounded_strict,side_informed,laplace,uniform,20.0,current_only,0.01,a1facf9fdd8bd28031b4ce2e94ac3a60bfd00e883f65df0e1c9a47974e352ae6,e598af9a46640a45f094a843e07efbd2c7cfb7508447e771d9c1543165bfe12a,90,-0.6084399661789976,0.1
4,1,unrounded_strict,side_informed,laplace,uniform,20.0,current_only,0.1,a1facf9fdd8bd28031b4ce2e94ac3a60bfd00e883f65df0e1c9a47974e352ae6,1b9959016a546e1516f275232e7c03bee26aa7fd85c491999eb8041a1bf83c03,90,-0.6022474373644437,0.1
4,2,unrounded_strict,side_informed,laplace,uniform,20.0,current_only,0.0,1f1b4550b11567210be099e5e8f23c1b72b79e1c4aed3fa9105a98c03db496ed,6c84474721484c9226691910159814a3166180c85b326f0f2e4f06160be0ee9a,90,-0.6246243399775476,0.1
4,2,unrounded_strict,side_informed,laplace,uniform,20.0,current_only,0.0001,1f1b4550b11567210be099e5e8f23c1b72b79e1c4aed3fa9105a98c03db496ed,deab5a7907f950986237b9dc83b603fb25bb55390b4faa873be8197c4fcc9d84,90,-0.6243882965247172,0.1
4,2,unrounded_strict,side_informed,laplace,uniform,20.0,current_only,0.001,1f1b4550b11567210be099e5e8f23c1b72b79e1c4aed3fa9105a98c03db496ed,eb5b817e5f9a3c90d6cad5756252f4ba12d2dfcd922dec1ff82d76687a94429d,90,-0.6223572021682807,0.1
4,2,unrounded_strict,side_informed,laplace,uniform,20.0,current_only,0.01,1f1b4550b11567210be099e5e8f23c1b72b79e1c4aed3fa9105a98c03db496ed,7eaeec6ef7baf741fcb20745f8f70805d7e8a62bd3530de62bcfe4ab0c75637b,90,-0.6084399661789976,0.1
4,2,unrounded_strict,side_informed,laplace,uniform,20.0,current_only,0.1,1f1b4550b11567210be099e5e8f23c1b72b79e1c4aed3fa9105a98c03db496ed,4d9c4510fc95cd2bb40df1b92d86c6a561ae62c75bb76054f085b0e8d8e1c9a8,90,-0.6022474373644437,0.1
4,0,unrounded_strict,side_informed,laplace,uniform,20.0,input_plus_surface,0.0,d7e905532c95f9426e74fa022aa47b1e986c5aaf21cb55aa8b8416bab686337f,c4dcabbd12a4e7f8508e89834f0bef8adff1d9ed1b2889cf37221e2865f09d1e,91,-0.3602072809015035,0.01
4,0,unrounded_strict,side_informed,laplace,uniform,20.0,input_plus_surface,0.0001,d7e905532c95f9426e74fa022aa47b1e986c5aaf21cb55aa8b8416bab686337f,50425d8ec9548b1cdfd648197ebb88942350d8eedb5b7319290605de12cb9413,91,-0.3582807449106109,0.01
4,0,unrounded_strict,side_informed,laplace,uniform,20.0,input_plus_surface,0.001,d7e905532c95f9426e74fa022aa47b1e986c5aaf21cb55aa8b8416bab686337f,128c07b7926e0f4f392d43df4f2030d1ab370733a1f6beeba3ae2a5149ddb430,91,-0.3457702828450138,0.01
4,0,unrounded_strict,side_informed,laplace,uniform,20.0,input_plus_surface,0.01,d7e905532c95f9426e74fa022aa47b1e986c5aaf21cb55aa8b8416bab686337f,bf79b21755696b7cf2e2daeeaa5271c76515f75cf8401463986aa3abf54d096c,91,-0.3182816280515042,0.01
4,0,unrounded_strict,side_informed,laplace,uniform,20.0,input_plus_surface,0.1,d7e905532c95f9426e74fa022aa47b1e986c5aaf21cb55aa8b8416bab686337f,2d759e2acf9f65afd0d171119c5a8f33d15f818e61a9fa8ff4840c15badc5318,91,-0.3748178445205542,0.01
4,1,unrounded_strict,side_informed,laplace,uniform,20.0,input_plus_surface,0.0,a1facf9fdd8bd28031b4ce2e94ac3a60bfd00e883f65df0e1c9a47974e352ae6,ca8e9a6954e6dbc2846b82aa4920fd0243978d0ef49cf584ae083f8d0413b1d5,90,-0.3602072809015035,0.01
4,1,unrounded_strict,side_informed,laplace,uniform,20.0,input_plus_surface,0.0001,a1facf9fdd8bd28031b4ce2e94ac3a60bfd00e883f65df0e1c9a47974e352ae6,d4081613fe440164a71b42d17360351bec00f070843e78da360b5eabb9506b49,90,-0.3582807449106109,0.01
4,1,unrounded_strict,side_informed,laplace,uniform,20.0,input_plus_surface,0.001,a1facf9fdd8bd28031b4ce2e94ac3a60bfd00e883f65df0e1c9a47974e352ae6,a020952a519ee2fb9e84144c18f5584150a29c1dacca95ee1e55f88f464fcffd,90,-0.3457702828450138,0.01
4,1,unrounded_strict,side_informed,laplace,uniform,20.0,input_plus_surface,0.01,a1facf9fdd8bd28031b4ce2e94ac3a60bfd00e883f65df0e1c9a47974e352ae6,454d0b85ac7fb5132394b80bf0b368405dfde90be60de030b658de84d15913c9,90,-0.3182816280515042,0.01
4,1,unrounded_strict,side_informed,laplace,uniform,20.0,input_plus_surface,0.1,a1facf9fdd8bd28031b4ce2e94ac3a60bfd00e883f65df0e1c9a47974e352ae6,152bc64ad288f0698f89e3abe1cb0607390daec575b30932249e8c4177bdd150,90,-0.3748178445205542,0.01
4,2,unrounded_strict,side_informed,laplace,uniform,20.0,input_plus_surface,0.0,1f1b4550b11567210be099e5e8f23c1b72b79e1c4aed3fa9105a98c03db496ed,d8020ebd1b233572d0a5e46efd8293f07777d95ba24dbe85ed0122b275c79ac5,90,-0.3602072809015035,0.01
4,2,unrounded_strict,side_informed,laplace,uniform,20.0,input_plus_surface,0.0001,1f1b4550b11567210be099e5e8f23c1b72b79e1c4aed3fa9105a98c03db496ed,7f53345f9485fee9b5d629563a8bd8a9a74999619a91fd59ac8308fbce026704,90,-0.3582807449106109,0.01
4,2,unrounded_strict,side_informed,laplace,uniform,20.0,input_plus_surface,0.001,1f1b4550b11567210be099e5e8f23c1b72b79e1c4aed3fa9105a98c03db496ed,58925d1e82c2ac47a89b5f201af89f6c8ea06950d1ce91e91ef7ad44cd59027a,90,-0.3457702828450138,0.01
4,2,unrounded_strict,side_informed,laplace,uniform,20.0,input_plus_surface,0.01,1f1b4550b11567210be099e5e8f23c1b72b79e1c4aed3fa9105a98c03db496ed,c25be54e29724e0f463ba3a3cb8b38ecdf60d7dbca0a9f4252fc10c7c496360b,90,-0.3182816280515042,0.01
4,2,unrounded_strict,side_informed,laplace,uniform,20.0,input_plus_surface,0.1,1f1b4550b11567210be099e5e8f23c1b72b79e1c4aed3fa9105a98c03db496ed,b6f22cd96c7f682fce4305f1f9f8199c02f532aaa5addd391cd5a1acd492e958,90,-0.3748178445205542,0.01
4,0,unrounded_strict,side_informed,laplace,uniform,20.0,HU_plus_surface,0.0,d7e905532c95f9426e74fa022aa47b1e986c5aaf21cb55aa8b8416bab686337f,92962da1ca0aa3136386df9415e644572db868e1fc78f7854b5bd61e8f45f076,91,-0.34933400190213587,0.01
4,0,unrounded_strict,side_informed,laplace,uniform,20.0,HU_plus_surface,0.0001,d7e905532c95f9426e74fa022aa47b1e986c5aaf21cb55aa8b8416bab686337f,c2dd51122711f5e779cf8c51a198434b491017cc4f9fae650e67e00cc6a674da,91,-0.3459989525437051,0.01
4,0,unrounded_strict,side_informed,laplace,uniform,20.0,HU_plus_surface,0.001,d7e905532c95f9426e74fa022aa47b1e986c5aaf21cb55aa8b8416bab686337f,aa5e4ae51cd2ba8b005691368160ae128e8deb54bb61f66801f6d292c35ca573,91,-0.32734596077254535,0.01
4,0,unrounded_strict,side_informed,laplace,uniform,20.0,HU_plus_surface,0.01,d7e905532c95f9426e74fa022aa47b1e986c5aaf21cb55aa8b8416bab686337f,3d59c29a1dd0af106aa15ab59c6f3487fe7ea872967b60b1cf01537b778b06d4,91,-0.29731439362868367,0.01
4,0,unrounded_strict,side_informed,laplace,uniform,20.0,HU_plus_surface,0.1,d7e905532c95f9426e74fa022aa47b1e986c5aaf21cb55aa8b8416bab686337f,2238abc5c21688777dacd9824541280917392c0c30d48f12cd4740a27177ba46,91,-0.3637524072033867,0.01
4,1,unrounded_strict,side_informed,laplace,uniform,20.0,HU_plus_surface,0.0,a1facf9fdd8bd28031b4ce2e94ac3a60bfd00e883f65df0e1c9a47974e352ae6,f396e61c1aea5d09a51ccdc1151347ce086d77ce85e58a9228abddcce54db4d4,90,-0.34933400190213587,0.01
4,1,unrounded_strict,side_informed,laplace,uniform,20.0,HU_plus_surface,0.0001,a1facf9fdd8bd28031b4ce2e94ac3a60bfd00e883f65df0e1c9a47974e352ae6,797a76248366c3ee6c343da30a62818d9ccdd039ccc590cfc50521b4b820b07b,90,-0.3459989525437051,0.01
4,1,unrounded_strict,side_informed,laplace,uniform,20.0,HU_plus_surface,0.001,a1facf9fdd8bd28031b4ce2e94ac3a60bfd00e883f65df0e1c9a47974e352ae6,e3efe24941cb68a2f04cace7ff22694287e8589fe265803ea3d239fae6ae9950,90,-0.32734596077254535,0.01
4,1,unrounded_strict,side_informed,laplace,uniform,20.0,HU_plus_surface,0.01,a1facf9fdd8bd28031b4ce2e94ac3a60bfd00e883f65df0e1c9a47974e352ae6,f1b7b5d48230cdd81ba4ecec96ee7e086bd36e50a1a7221811fc5735713b601e,90,-0.29731439362868367,0.01
4,1,unrounded_strict,side_informed,laplace,uniform,20.0,HU_plus_surface,0.1,a1facf9fdd8bd28031b4ce2e94ac3a60bfd00e883f65df0e1c9a47974e352ae6,1545eeab62e49f39022b79c2446ff98461d8944093bd441e2badfaa41fa99410,90,-0.3637524072033867,0.01
4,2,unrounded_strict,side_informed,laplace,uniform,20.0,HU_plus_surface,0.0,1f1b4550b11567210be099e5e8f23c1b72b79e1c4aed3fa9105a98c03db496ed,5213a2a7b435d734d745c0a83cb5604c671387260015cb8142246c31f854b431,90,-0.34933400190213587,0.01
4,2,unrounded_strict,side_informed,laplace,uniform,20.0,HU_plus_surface,0.0001,1f1b4550b11567210be099e5e8f23c1b72b79e1c4aed3fa9105a98c03db496ed,b59a52ff241d015bb1a14844643eafe5863ca70b9cccdcdc5770fca18c3a7a92,90,-0.3459989525437051,0.01
4,2,unrounded_strict,side_informed,laplace,uniform,20.0,HU_plus_surface,0.001,1f1b4550b11567210be099e5e8f23c1b72b79e1c4aed3fa9105a98c03db496ed,84abc64e4a63398224c6309b5304edd57487586db4972cfa7088b75bb7c87a31,90,-0.32734596077254535,0.01
4,2,unrounded_strict,side_informed,laplace,uniform,20.0,HU_plus_surface,0.01,1f1b4550b11567210be099e5e8f23c1b72b79e1c4aed3fa9105a98c03db496ed,8ed42a11838c480cdd7d14028036d96fcdbc9420a7ae89567c18818834f740ff,90,-0.29731439362868367,0.01
4,2,unrounded_strict,side_informed,laplace,uniform,20.0,HU_plus_surface,0.1,1f1b4550b11567210be099e5e8f23c1b72b79e1c4aed3fa9105a98c03db496ed,0f402fbe66dcf70e7d63a1b4de2104ba8ebb1da864ce1125fbd4f9e54893c7c2,90,-0.3637524072033867,0.01
4,0,unrounded_strict,side_informed,laplace,uniform,20.0,retention_bounded_plus_HU,0.0,d7e905532c95f9426e74fa022aa47b1e986c5aaf21cb55aa8b8416bab686337f,ee9b1c8500e71be824d7de0de0660acb9322a908604a66bccd6825dc1009372a,91,-0.36576357601001597,0.01
4,0,unrounded_strict,side_informed,laplace,uniform,20.0,retention_bounded_plus_HU,0.0001,d7e905532c95f9426e74fa022aa47b1e986c5aaf21cb55aa8b8416bab686337f,68ac3d7420a0eca903fd6cba01be15c142adcc733b1c55049e4c85dc32124ca9,91,-0.36219792124477246,0.01
4,0,unrounded_strict,side_informed,laplace,uniform,20.0,retention_bounded_plus_HU,0.001,d7e905532c95f9426e74fa022aa47b1e986c5aaf21cb55aa8b8416bab686337f,da124bb795b6968da040bfdd6ab52cdbbacb6f046b77aa10b78e6cfbd88f8d87,91,-0.34027412405520907,0.01
4,0,unrounded_strict,side_informed,laplace,uniform,20.0,retention_bounded_plus_HU,0.01,d7e905532c95f9426e74fa022aa47b1e986c5aaf21cb55aa8b8416bab686337f,d7b34c0334cbe7d06cf060f751c10ef4a5de6a8e8eccad9cbfa4a281ebe0994b,91,-0.31276673292986934,0.01
4,0,unrounded_strict,side_informed,laplace,uniform,20.0,retention_bounded_plus_HU,0.1,d7e905532c95f9426e74fa022aa47b1e986c5aaf21cb55aa8b8416bab686337f,47c4d0c2df14a5308af247e4607ddc0bc2da6e8e3ac41f7c33045a52a1b29a93,91,-0.3297214119559285,0.01
4,1,unrounded_strict,side_informed,laplace,uniform,20.0,retention_bounded_plus_HU,0.0,a1facf9fdd8bd28031b4ce2e94ac3a60bfd00e883f65df0e1c9a47974e352ae6,30586b806bba60a261c73e55fa4e68ea28214bcaeb25a92c5de18d27501a39ca,90,-0.36576357601001597,0.01
4,1,unrounded_strict,side_informed,laplace,uniform,20.0,retention_bounded_plus_HU,0.0001,a1facf9fdd8bd28031b4ce2e94ac3a60bfd00e883f65df0e1c9a47974e352ae6,31298706851e8eeb9bb54fca1292e934eb84e0a40fc441898aa984d5830a1f55,90,-0.36219792124477246,0.01
4,1,unrounded_strict,side_informed,laplace,uniform,20.0,retention_bounded_plus_HU,0.001,a1facf9fdd8bd28031b4ce2e94ac3a60bfd00e883f65df0e1c9a47974e352ae6,b4a0569833b39e60a9d12f57b32f18263562269d232053dfdb3564639791de41,90,-0.34027412405520907,0.01
4,1,unrounded_strict,side_informed,laplace,uniform,20.0,retention_bounded_plus_HU,0.01,a1facf9fdd8bd28031b4ce2e94ac3a60bfd00e883f65df0e1c9a47974e352ae6,0ddc32430f5d4bf6bb348466e71849c5a7b7cc7d6759301a07134a5a71664014,90,-0.31276673292986934,0.01
4,1,unrounded_strict,side_informed,laplace,uniform,20.0,retention_bounded_plus_HU,0.1,a1facf9fdd8bd28031b4ce2e94ac3a60bfd00e883f65df0e1c9a47974e352ae6,a2b5ff1e02bd15a3d8cac7eb102dc8011f82cedc058bb767fa5b56f5e05288ae,90,-0.3297214119559285,0.01
4,2,unrounded_strict,side_informed,laplace,uniform,20.0,retention_bounded_plus_HU,0.0,1f1b4550b11567210be099e5e8f23c1b72b79e1c4aed3fa9105a98c03db496ed,b67cb0655915cc2517dd07f99ad94ea07cc8062dc556d7db6f4812b5f7a7b19a,90,-0.36576357601001597,0.01
4,2,unrounded_strict,side_informed,laplace,uniform,20.0,retention_bounded_plus_HU,0.0001,1f1b4550b11567210be099e5e8f23c1b72b79e1c4aed3fa9105a98c03db496ed,df1a4ad65de367c789b24b286dbea11c7675c747543448d5b5a919ec25d9a7d3,90,-0.36219792124477246,0.01
4,2,unrounded_strict,side_informed,laplace,uniform,20.0,retention_bounded_plus_HU,0.001,1f1b4550b11567210be099e5e8f23c1b72b79e1c4aed3fa9105a98c03db496ed,7298697ff33b80a272946f36972deb9c66835742d7a0f769628ef038c79c0806,90,-0.34027412405520907,0.01
4,2,unrounded_strict,side_informed,laplace,uniform,20.0,retention_bounded_plus_HU,0.01,1f1b4550b11567210be099e5e8f23c1b72b79e1c4aed3fa9105a98c03db496ed,de74a073a9f038927f4a6979b0e5b85f5d31e4d2f2b8e81d7b1560eb5d2ea7c5,90,-0.31276673292986934,0.01
4,2,unrounded_strict,side_informed,laplace,uniform,20.0,retention_bounded_plus_HU,0.1,1f1b4550b11567210be099e5e8f23c1b72b79e1c4aed3fa9105a98c03db496ed,0a6cfac0f1a0db36ab966031886f13ae710501d517a7ca9e3feff4aab9b732a0,90,-0.3297214119559285,0.01
4,0,unrounded_strict,side_informed,gh80,uniform,20.0,HU_plus_surface,0.0,d7e905532c95f9426e74fa022aa47b1e986c5aaf21cb55aa8b8416bab686337f,31c2156b0347861c8e9bebe268904e6df7cc5b4351a4c4f2b513661db8dbc391,91,-0.35286906712080895,0.01
4,0,unrounded_strict,side_informed,gh80,uniform,20.0,HU_plus_surface,0.0001,d7e905532c95f9426e74fa022aa47b1e986c5aaf21cb55aa8b8416bab686337f,215c2ab986eac3d5dc91595123e6b903de63600e8f7bf0a7e08183930bedc94f,91,-0.3496597932524461,0.01
4,0,unrounded_strict,side_informed,gh80,uniform,20.0,HU_plus_surface,0.001,d7e905532c95f9426e74fa022aa47b1e986c5aaf21cb55aa8b8416bab686337f,0c26c5630914886a5d08673fd2ad44a48b6f953e379a226e191bdaf410da46cd,91,-0.33141840435289444,0.01
4,0,unrounded_strict,side_informed,gh80,uniform,20.0,HU_plus_surface,0.01,d7e905532c95f9426e74fa022aa47b1e986c5aaf21cb55aa8b8416bab686337f,5f8489989d86f4f38df6926203d8d63c280acb3793cd1fa11fc956be2f5c93e9,91,-0.30171807897444036,0.01
4,0,unrounded_strict,side_informed,gh80,uniform,20.0,HU_plus_surface,0.1,d7e905532c95f9426e74fa022aa47b1e986c5aaf21cb55aa8b8416bab686337f,690d0d8075e0512afb12e3d96146ed950e5ea1d9798b40a63187f730ff617f87,91,-0.367659906248737,0.01
4,1,unrounded_strict,side_informed,gh80,uniform,20.0,HU_plus_surface,0.0,a1facf9fdd8bd28031b4ce2e94ac3a60bfd00e883f65df0e1c9a47974e352ae6,a938026458f9ee55f86b7ae9b60d11deef6f0e074a40042328078f73f318ba01,90,-0.35286906712080895,0.01
4,1,unrounded_strict,side_informed,gh80,uniform,20.0,HU_plus_surface,0.0001,a1facf9fdd8bd28031b4ce2e94ac3a60bfd00e883f65df0e1c9a47974e352ae6,2e9367f4d9141d2b6ec0ffdb8ff5948cb6e9bcbe527882a6bbcfc78d7f412999,90,-0.3496597932524461,0.01
4,1,unrounded_strict,side_informed,gh80,uniform,20.0,HU_plus_surface,0.001,a1facf9fdd8bd28031b4ce2e94ac3a60bfd00e883f65df0e1c9a47974e352ae6,99205d30b317207d08d24842dffca8abc7b377b3564abb84065b0199eb768f53,90,-0.33141840435289444,0.01
4,1,unrounded_strict,side_informed,gh80,uniform,20.0,HU_plus_surface,0.01,a1facf9fdd8bd28031b4ce2e94ac3a60bfd00e883f65df0e1c9a47974e352ae6,ce3dc24050b16ad2e9cc35a82eb6e7c1b3ddc7223a9604e719875880fe594f6b,90,-0.30171807897444036,0.01
4,1,unrounded_strict,side_informed,gh80,uniform,20.0,HU_plus_surface,0.1,a1facf9fdd8bd28031b4ce2e94ac3a60bfd00e883f65df0e1c9a47974e352ae6,d424567f2b7f58773511d090c884c18b6c911a65e5ce34ec38b0f9ae127a3a04,90,-0.367659906248737,0.01
4,2,unrounded_strict,side_informed,gh80,uniform,20.0,HU_plus_surface,0.0,1f1b4550b11567210be099e5e8f23c1b72b79e1c4aed3fa9105a98c03db496ed,d347349752d82f2495558fa7ba9e7c8d0ce8657172dc7b7563e6fff6f72a43b1,90,-0.35286906712080895,0.01
4,2,unrounded_strict,side_informed,gh80,uniform,20.0,HU_plus_surface,0.0001,1f1b4550b11567210be099e5e8f23c1b72b79e1c4aed3fa9105a98c03db496ed,2822d7196a5b07d7515146f53699f98539bac9d7b6099796d2afca70db3df4f4,90,-0.3496597932524461,0.01
4,2,unrounded_strict,side_informed,gh80,uniform,20.0,HU_plus_surface,0.001,1f1b4550b11567210be099e5e8f23c1b72b79e1c4aed3fa9105a98c03db496ed,695db0f6fe27d313cdfe4201fea4e8e5c403142ea8edf5e22c2a4be7b4525fcc,90,-0.33141840435289444,0.01
4,2,unrounded_strict,side_informed,gh80,uniform,20.0,HU_plus_surface,0.01,1f1b4550b11567210be099e5e8f23c1b72b79e1c4aed3fa9105a98c03db496ed,208f0f3f853bfe21c405f3dc1dd8aa6705e342b9513e7176f25b576485c7a74e,90,-0.30171807897444036,0.01
4,2,unrounded_strict,side_informed,gh80,uniform,20.0,HU_plus_surface,0.1,1f1b4550b11567210be099e5e8f23c1b72b79e1c4aed3fa9105a98c03db496ed,00f4a862d3051b1b86f68424ff6bcc46b58d5ccbcf65635288c433384536b39e,90,-0.367659906248737,0.01
4,0,unrounded_strict,side_informed,gh80,uniform,20.0,retention_bounded_plus_HU,0.0,d7e905532c95f9426e74fa022aa47b1e986c5aaf21cb55aa8b8416bab686337f,c9d594d03dc4ef29c66224cbf35b83629b7b2610e8639379dbd29c37d80d749c,91,-0.3693033383556753,0.01
4,0,unrounded_strict,side_informed,gh80,uniform,20.0,retention_bounded_plus_HU,0.0001,d7e905532c95f9426e74fa022aa47b1e986c5aaf21cb55aa8b8416bab686337f,b4ffd62a3d32f5f4faf5b70c14749166c889382740023f28c55366acdc5df3b2,91,-0.36635380034421644,0.01
4,0,unrounded_strict,side_informed,gh80,uniform,20.0,retention_bounded_plus_HU,0.001,d7e905532c95f9426e74fa022aa47b1e986c5aaf21cb55aa8b8416bab686337f,16f4d0a51c5411e1d4706ff21bc86b77107731a1227c96216980d2c45d725591,91,-0.34622310250809196,0.01
4,0,unrounded_strict,side_informed,gh80,uniform,20.0,retention_bounded_plus_HU,0.01,d7e905532c95f9426e74fa022aa47b1e986c5aaf21cb55aa8b8416bab686337f,a53df25772365b624f17763b558cfb9b7d06c44b0594239ab9f4a9613cc60267,91,-0.3201881530111634,0.01
4,0,unrounded_strict,side_informed,gh80,uniform,20.0,retention_bounded_plus_HU,0.1,d7e905532c95f9426e74fa022aa47b1e986c5aaf21cb55aa8b8416bab686337f,16ec501cb636d7d8047370854b43c1d92d034f2681b66c4341874bff6cd71e97,91,-0.33420503616523156,0.01
4,1,unrounded_strict,side_informed,gh80,uniform,20.0,retention_bounded_plus_HU,0.0,a1facf9fdd8bd28031b4ce2e94ac3a60bfd00e883f65df0e1c9a47974e352ae6,cd3c8493010bf97a969c540c7c037212ceaf4014d936dd7648160111daa2e826,90,-0.3693033383556753,0.01
4,1,unrounded_strict,side_informed,gh80,uniform,20.0,retention_bounded_plus_HU,0.0001,a1facf9fdd8bd28031b4ce2e94ac3a60bfd00e883f65df0e1c9a47974e352ae6,f759f2db6337974f7c7f14b96c0090f271ac404b6a0efabaf7c6ff868836a1b3,90,-0.36635380034421644,0.01
4,1,unrounded_strict,side_informed,gh80,uniform,20.0,retention_bounded_plus_HU,0.001,a1facf9fdd8bd28031b4ce2e94ac3a60bfd00e883f65df0e1c9a47974e352ae6,91a5c678e4d011631ea934f9011b16bf0b2ea04dcd1f68794074132f83ee630c,90,-0.34622310250809196,0.01
4,1,unrounded_strict,side_informed,gh80,uniform,20.0,retention_bounded_plus_HU,0.01,a1facf9fdd8bd28031b4ce2e94ac3a60bfd00e883f65df0e1c9a47974e352ae6,d8f4a5b6d59094febd5f9be71e1baf66d602bdb33866a47a84b7c1b03f0d27f8,90,-0.3201881530111634,0.01
4,1,unrounded_strict,side_informed,gh80,uniform,20.0,retention_bounded_plus_HU,0.1,a1facf9fdd8bd28031b4ce2e94ac3a60bfd00e883f65df0e1c9a47974e352ae6,9e2aca360f9e7cf17686b0d07b117438fd111934a26d88efdcaef34cf77a7fdc,90,-0.33420503616523156,0.01
4,2,unrounded_strict,side_informed,gh80,uniform,20.0,retention_bounded_plus_HU,0.0,1f1b4550b11567210be099e5e8f23c1b72b79e1c4aed3fa9105a98c03db496ed,3ca5c971847a1899074b2618287a53c110d2ae21d0088d0069c582c5b4561072,90,-0.3693033383556753,0.01
4,2,unrounded_strict,side_informed,gh80,uniform,20.0,retention_bounded_plus_HU,0.0001,1f1b4550b11567210be099e5e8f23c1b72b79e1c4aed3fa9105a98c03db496ed,704108a134bd3cc9307013439ed2bd0b966b7ee97117cdbd317b65388e28ad39,90,-0.36635380034421644,0.01
4,2,unrounded_strict,side_informed,gh80,uniform,20.0,retention_bounded_plus_HU,0.001,1f1b4550b11567210be099e5e8f23c1b72b79e1c4aed3fa9105a98c03db496ed,aae0a22659c40f773c4a8bae2104b3612036871e62a999960839b1a5796145b0,90,-0.34622310250809196,0.01
4,2,unrounded_strict,side_informed,gh80,uniform,20.0,retention_bounded_plus_HU,0.01,1f1b4550b11567210be099e5e8f23c1b72b79e1c4aed3fa9105a98c03db496ed,20ea15014404cd149bc6a4882663c4cb7ff2210e01238258802e01cdaf4fbc59,90,-0.3201881530111634,0.01
4,2,unrounded_strict,side_informed,gh80,uniform,20.0,retention_bounded_plus_HU,0.1,1f1b4550b11567210be099e5e8f23c1b72b79e1c4aed3fa9105a98c03db496ed,b249410103facde271dbc567fde60de0579149463e24e4dda03acecd29948498,90,-0.33420503616523156,0.01
4,0,unrounded_strict,wholly_unseen,laplace,uniform,20.0,retention_bounded,0.0,d7e905532c95f9426e74fa022aa47b1e986c5aaf21cb55aa8b8416bab686337f,0d3845e99fa7c7e3dfc0c08bd3d25a1c6a652e3d95ea7261252cbc41acdcc15f,91,-0.6737044364950795,0.01
4,0,unrounded_strict,wholly_unseen,laplace,uniform,20.0,retention_bounded,0.0001,d7e905532c95f9426e74fa022aa47b1e986c5aaf21cb55aa8b8416bab686337f,fd321415f61bc4c8f58033fd344bfe41c16ae6418eb8e107abf639c461c5803c,91,-0.6718918502008944,0.01
4,0,unrounded_strict,wholly_unseen,laplace,uniform,20.0,retention_bounded,0.001,d7e905532c95f9426e74fa022aa47b1e986c5aaf21cb55aa8b8416bab686337f,40a010a70e5c522363b7f427f6e454497e8a4d584d7fbceb6086e5c085ffa3c5,91,-0.6601276253851751,0.01
4,0,unrounded_strict,wholly_unseen,laplace,uniform,20.0,retention_bounded,0.01,d7e905532c95f9426e74fa022aa47b1e986c5aaf21cb55aa8b8416bab686337f,33f042745c49319e18df04146b0113688f3176a8875776f0af6be2da3151273b,91,-0.6282417950166054,0.01
4,0,unrounded_strict,wholly_unseen,laplace,uniform,20.0,retention_bounded,0.1,d7e905532c95f9426e74fa022aa47b1e986c5aaf21cb55aa8b8416bab686337f,8153fdcf45de7e376036cc7649b4b46c3738b74466dc8ece54bde7980730093e,91,-0.6476973994960739,0.01
4,1,unrounded_strict,wholly_unseen,laplace,uniform,20.0,retention_bounded,0.0,a1facf9fdd8bd28031b4ce2e94ac3a60bfd00e883f65df0e1c9a47974e352ae6,824b4e0f3445adf3319f9b4de31f6ce28737437b4ebc29309ff3de21cf4a1c2b,90,-0.6737044364950795,0.01
4,1,unrounded_strict,wholly_unseen,laplace,uniform,20.0,retention_bounded,0.0001,a1facf9fdd8bd28031b4ce2e94ac3a60bfd00e883f65df0e1c9a47974e352ae6,a25a80320ce8eeb2146aa8aee4748a1e7e699598e802c91b9a3607f48f8d71f5,90,-0.6718918502008944,0.01
4,1,unrounded_strict,wholly_unseen,laplace,uniform,20.0,retention_bounded,0.001,a1facf9fdd8bd28031b4ce2e94ac3a60bfd00e883f65df0e1c9a47974e352ae6,cf23c9f44aeeb3b74ad6b76b002db105089e00e82ddb17adb6d3181032391a81,90,-0.6601276253851751,0.01
4,1,unrounded_strict,wholly_unseen,laplace,uniform,20.0,retention_bounded,0.01,a1facf9fdd8bd28031b4ce2e94ac3a60bfd00e883f65df0e1c9a47974e352ae6,bc4a9404c67935d4f5662566e268a888de1313deb39226596dcea915f9aa038f,90,-0.6282417950166054,0.01
4,1,unrounded_strict,wholly_unseen,laplace,uniform,20.0,retention_bounded,0.1,a1facf9fdd8bd28031b4ce2e94ac3a60bfd00e883f65df0e1c9a47974e352ae6,6b288eea5255fb189c305ce812819285de8542a6ce10d613ddd58a9d1eaea55e,90,-0.6476973994960739,0.01
4,2,unrounded_strict,wholly_unseen,laplace,uniform,20.0,retention_bounded,0.0,1f1b4550b11567210be099e5e8f23c1b72b79e1c4aed3fa9105a98c03db496ed,9476250324f65fec88bf46a3bbbf3e27f043751632d70d1da05b03dda99502dc,90,-0.6737044364950795,0.01
4,2,unrounded_strict,wholly_unseen,laplace,uniform,20.0,retention_bounded,0.0001,1f1b4550b11567210be099e5e8f23c1b72b79e1c4aed3fa9105a98c03db496ed,5799517c063e8a28495de2590cbdde137b8fb54363d9e2cdafcc3516709b9034,90,-0.6718918502008944,0.01
4,2,unrounded_strict,wholly_unseen,laplace,uniform,20.0,retention_bounded,0.001,1f1b4550b11567210be099e5e8f23c1b72b79e1c4aed3fa9105a98c03db496ed,1da4b8ba720f48fa10acf2fd99bf0284a6f1548aa70f9d4f255fcfd633683084,90,-0.6601276253851751,0.01
4,2,unrounded_strict,wholly_unseen,laplace,uniform,20.0,retention_bounded,0.01,1f1b4550b11567210be099e5e8f23c1b72b79e1c4aed3fa9105a98c03db496ed,26b286461a0c2a2aade450dad592073a7ea6429027f928e86544bd70b260d65d,90,-0.6282417950166054,0.01
4,2,unrounded_strict,wholly_unseen,laplace,uniform,20.0,retention_bounded,0.1,1f1b4550b11567210be099e5e8f23c1b72b79e1c4aed3fa9105a98c03db496ed,2e88e9dd3bf01cd6a76ee520a8088c032977182cfd89f18bb2070c3f277d66d1,90,-0.6476973994960739,0.01
4,0,unrounded_strict,wholly_unseen,laplace,uniform,20.0,retention_nonnegative,0.0,d7e905532c95f9426e74fa022aa47b1e986c5aaf21cb55aa8b8416bab686337f,b2a43414f143d7d9a1a0db9bf5f03344135bdd1000e09286d20cef0bdb60a5d6,91,-0.6737044361207136,0.01
4,0,unrounded_strict,wholly_unseen,laplace,uniform,20.0,retention_nonnegative,0.0001,d7e905532c95f9426e74fa022aa47b1e986c5aaf21cb55aa8b8416bab686337f,8c382543f73825142bc46f897af7b9ce6a9112b618ec3425865d52e0ac625977,91,-0.6711589062217367,0.01
4,0,unrounded_strict,wholly_unseen,laplace,uniform,20.0,retention_nonnegative,0.001,d7e905532c95f9426e74fa022aa47b1e986c5aaf21cb55aa8b8416bab686337f,fb61a51c4a1ba808f7a287d5e920fee2b14db16965458d94a98a3feb0d70f922,91,-0.6553953732335525,0.01
4,0,unrounded_strict,wholly_unseen,laplace,uniform,20.0,retention_nonnegative,0.01,d7e905532c95f9426e74fa022aa47b1e986c5aaf21cb55aa8b8416bab686337f,b11de9c5350ac12d6631f35e87d393efca8756bbcac416a24914ccd603aa7744,91,-0.6300751321816773,0.01
4,0,unrounded_strict,wholly_unseen,laplace,uniform,20.0,retention_nonnegative,0.1,d7e905532c95f9426e74fa022aa47b1e986c5aaf21cb55aa8b8416bab686337f,16e531955e6bf6616caf5a8ca4f847a973e10c4f5ae5a4030a0c9500701cdf87,91,-0.7008381913559982,0.01
4,1,unrounded_strict,wholly_unseen,laplace,uniform,20.0,retention_nonnegative,0.0,a1facf9fdd8bd28031b4ce2e94ac3a60bfd00e883f65df0e1c9a47974e352ae6,686bc88efb8bb536ca279e3a3d59bf5d32592df0568e1464f8e33e57a72f1430,90,-0.6737044361207136,0.01
4,1,unrounded_strict,wholly_unseen,laplace,uniform,20.0,retention_nonnegative,0.0001,a1facf9fdd8bd28031b4ce2e94ac3a60bfd00e883f65df0e1c9a47974e352ae6,e3fa51cb88a9b1e833e62bcf6b162eb48617cc59774cebea46e20144352dd07a,90,-0.6711589062217367,0.01
4,1,unrounded_strict,wholly_unseen,laplace,uniform,20.0,retention_nonnegative,0.001,a1facf9fdd8bd28031b4ce2e94ac3a60bfd00e883f65df0e1c9a47974e352ae6,ab22779d3cbe3a54b0edad225dcd45d5041c193e0955f1c2beba9579606e958d,90,-0.6553953732335525,0.01
4,1,unrounded_strict,wholly_unseen,laplace,uniform,20.0,retention_nonnegative,0.01,a1facf9fdd8bd28031b4ce2e94ac3a60bfd00e883f65df0e1c9a47974e352ae6,dc2e08cc3ed824d4ec874402f6401da0a8ba81f6db5dff58d7fe420715351690,90,-0.6300751321816773,0.01
4,1,unrounded_strict,wholly_unseen,laplace,uniform,20.0,retention_nonnegative,0.1,a1facf9fdd8bd28031b4ce2e94ac3a60bfd00e883f65df0e1c9a47974e352ae6,2bcf32232e2ec78dad8a09497b1871c1250522ac5d854dfae5407ee093ff39a0,90,-0.7008381913559982,0.01
4,2,unrounded_strict,wholly_unseen,laplace,uniform,20.0,retention_nonnegative,0.0,1f1b4550b11567210be099e5e8f23c1b72b79e1c4aed3fa9105a98c03db496ed,786cc8fec3a527d4957af4182f68ee9d9a0623121d50706923b8262361bb9292,90,-0.6737044361207136,0.01
4,2,unrounded_strict,wholly_unseen,laplace,uniform,20.0,retention_nonnegative,0.0001,1f1b4550b11567210be099e5e8f23c1b72b79e1c4aed3fa9105a98c03db496ed,b9698027847527c910af906551eadc1cd5cf410100b23f336f3ee3761e71b9cb,90,-0.6711589062217367,0.01
4,2,unrounded_strict,wholly_unseen,laplace,uniform,20.0,retention_nonnegative,0.001,1f1b4550b11567210be099e5e8f23c1b72b79e1c4aed3fa9105a98c03db496ed,190ed3e69cd11dc6a27006a93823e2e91e33cde702919deb3635fcabed6678dd,90,-0.6553953732335525,0.01
4,2,unrounded_strict,wholly_unseen,laplace,uniform,20.0,retention_nonnegative,0.01,1f1b4550b11567210be099e5e8f23c1b72b79e1c4aed3fa9105a98c03db496ed,f4f63a7e722c9f2a0f894374700a46755eedc3f8a18106be5fb948b7eeb2ceba,90,-0.6300751321816773,0.01
4,2,unrounded_strict,wholly_unseen,laplace,uniform,20.0,retention_nonnegative,0.1,1f1b4550b11567210be099e5e8f23c1b72b79e1c4aed3fa9105a98c03db496ed,8d1cdc5c867eaea9c06e788fc0731bf1fac9d36d7b1bb5cd3629ae6d768da3fe,90,-0.7008381913559982,0.01
4,0,unrounded_strict,wholly_unseen,laplace,uniform,20.0,current_only,0.0,d7e905532c95f9426e74fa022aa47b1e986c5aaf21cb55aa8b8416bab686337f,10cad74a88e0b2074bf93619e6bb3b380c832c039346561c0e3f5f1fe2089547,91,-0.9135282084081019,0.1
4,0,unrounded_strict,wholly_unseen,laplace,uniform,20.0,current_only,0.0001,d7e905532c95f9426e74fa022aa47b1e986c5aaf21cb55aa8b8416bab686337f,1a8e2fa32169bd526ce57a563ad64d4f58d807debe86b17099962703c786130b,91,-0.9132921649552714,0.1
4,0,unrounded_strict,wholly_unseen,laplace,uniform,20.0,current_only,0.001,d7e905532c95f9426e74fa022aa47b1e986c5aaf21cb55aa8b8416bab686337f,cf837eb9ffcc1543268f890685c5e1799db3453f71b79ad6cc67e83893aceefb,91,-0.911261070598835,0.1
4,0,unrounded_strict,wholly_unseen,laplace,uniform,20.0,current_only,0.01,d7e905532c95f9426e74fa022aa47b1e986c5aaf21cb55aa8b8416bab686337f,b7295c3f756fbfbfc11caaadb225e4c56322e3fbc74a4ec7036644fc2021a6ec,91,-0.897343834609552,0.1
4,0,unrounded_strict,wholly_unseen,laplace,uniform,20.0,current_only,0.1,d7e905532c95f9426e74fa022aa47b1e986c5aaf21cb55aa8b8416bab686337f,677e711f02ee713e38cc9836bd3c5304c6440c4de0b4056d5bca4de2d34177d1,91,-0.891151305794998,0.1
4,1,unrounded_strict,wholly_unseen,laplace,uniform,20.0,current_only,0.0,a1facf9fdd8bd28031b4ce2e94ac3a60bfd00e883f65df0e1c9a47974e352ae6,10d70a11392ef9246c21092c82d1b5d719ab026a2cdca003b1e01311da3a796d,90,-0.9135282084081019,0.1
4,1,unrounded_strict,wholly_unseen,laplace,uniform,20.0,current_only,0.0001,a1facf9fdd8bd28031b4ce2e94ac3a60bfd00e883f65df0e1c9a47974e352ae6,9374cc9db5c9ac506da62b565560e7c924e2fabc7faccdb5b3ff4a5316d65479,90,-0.9132921649552714,0.1
4,1,unrounded_strict,wholly_unseen,laplace,uniform,20.0,current_only,0.001,a1facf9fdd8bd28031b4ce2e94ac3a60bfd00e883f65df0e1c9a47974e352ae6,be1882cdbd89bdc0595221870f7bcf44ac18a11b139e8fdf3f88fb79a603a460,90,-0.911261070598835,0.1
4,1,unrounded_strict,wholly_unseen,laplace,uniform,20.0,current_only,0.01,a1facf9fdd8bd28031b4ce2e94ac3a60bfd00e883f65df0e1c9a47974e352ae6,e598af9a46640a45f094a843e07efbd2c7cfb7508447e771d9c1543165bfe12a,90,-0.897343834609552,0.1
4,1,unrounded_strict,wholly_unseen,laplace,uniform,20.0,current_only,0.1,a1facf9fdd8bd28031b4ce2e94ac3a60bfd00e883f65df0e1c9a47974e352ae6,1b9959016a546e1516f275232e7c03bee26aa7fd85c491999eb8041a1bf83c03,90,-0.891151305794998,0.1
4,2,unrounded_strict,wholly_unseen,laplace,uniform,20.0,current_only,0.0,1f1b4550b11567210be099e5e8f23c1b72b79e1c4aed3fa9105a98c03db496ed,6c84474721484c9226691910159814a3166180c85b326f0f2e4f06160be0ee9a,90,-0.9135282084081019,0.1
4,2,unrounded_strict,wholly_unseen,laplace,uniform,20.0,current_only,0.0001,1f1b4550b11567210be099e5e8f23c1b72b79e1c4aed3fa9105a98c03db496ed,deab5a7907f950986237b9dc83b603fb25bb55390b4faa873be8197c4fcc9d84,90,-0.9132921649552714,0.1
4,2,unrounded_strict,wholly_unseen,laplace,uniform,20.0,current_only,0.001,1f1b4550b11567210be099e5e8f23c1b72b79e1c4aed3fa9105a98c03db496ed,eb5b817e5f9a3c90d6cad5756252f4ba12d2dfcd922dec1ff82d76687a94429d,90,-0.911261070598835,0.1
4,2,unrounded_strict,wholly_unseen,laplace,uniform,20.0,current_only,0.01,1f1b4550b11567210be099e5e8f23c1b72b79e1c4aed3fa9105a98c03db496ed,7eaeec6ef7baf741fcb20745f8f70805d7e8a62bd3530de62bcfe4ab0c75637b,90,-0.897343834609552,0.1
4,2,unrounded_strict,wholly_unseen,laplace,uniform,20.0,current_only,0.1,1f1b4550b11567210be099e5e8f23c1b72b79e1c4aed3fa9105a98c03db496ed,4d9c4510fc95cd2bb40df1b92d86c6a561ae62c75bb76054f085b0e8d8e1c9a8,90,-0.891151305794998,0.1
4,0,unrounded_strict,wholly_unseen,laplace,uniform,20.0,input_plus_surface,0.0,d7e905532c95f9426e74fa022aa47b1e986c5aaf21cb55aa8b8416bab686337f,c4dcabbd12a4e7f8508e89834f0bef8adff1d9ed1b2889cf37221e2865f09d1e,91,-0.6490261852328063,0.01
4,0,unrounded_strict,wholly_unseen,laplace,uniform,20.0,input_plus_surface,0.0001,d7e905532c95f9426e74fa022aa47b1e986c5aaf21cb55aa8b8416bab686337f,50425d8ec9548b1cdfd648197ebb88942350d8eedb5b7319290605de12cb9413,91,-0.6469303417490089,0.01
4,0,unrounded_strict,wholly_unseen,laplace,uniform,20.0,input_plus_surface,0.001,d7e905532c95f9426e74fa022aa47b1e986c5aaf21cb55aa8b8416bab686337f,128c07b7926e0f4f392d43df4f2030d1ab370733a1f6beeba3ae2a5149ddb430,91,-0.6332412299844227,0.01
4,0,unrounded_strict,wholly_unseen,laplace,uniform,20.0,input_plus_surface,0.01,d7e905532c95f9426e74fa022aa47b1e986c5aaf21cb55aa8b8416bab686337f,bf79b21755696b7cf2e2daeeaa5271c76515f75cf8401463986aa3abf54d096c,91,-0.6022468221331723,0.01
4,0,unrounded_strict,wholly_unseen,laplace,uniform,20.0,input_plus_surface,0.1,d7e905532c95f9426e74fa022aa47b1e986c5aaf21cb55aa8b8416bab686337f,2d759e2acf9f65afd0d171119c5a8f33d15f818e61a9fa8ff4840c15badc5318,91,-0.6582396643821542,0.01
4,1,unrounded_strict,wholly_unseen,laplace,uniform,20.0,input_plus_surface,0.0,a1facf9fdd8bd28031b4ce2e94ac3a60bfd00e883f65df0e1c9a47974e352ae6,ca8e9a6954e6dbc2846b82aa4920fd0243978d0ef49cf584ae083f8d0413b1d5,90,-0.6490261852328063,0.01
4,1,unrounded_strict,wholly_unseen,laplace,uniform,20.0,input_plus_surface,0.0001,a1facf9fdd8bd28031b4ce2e94ac3a60bfd00e883f65df0e1c9a47974e352ae6,d4081613fe440164a71b42d17360351bec00f070843e78da360b5eabb9506b49,90,-0.6469303417490089,0.01
4,1,unrounded_strict,wholly_unseen,laplace,uniform,20.0,input_plus_surface,0.001,a1facf9fdd8bd28031b4ce2e94ac3a60bfd00e883f65df0e1c9a47974e352ae6,a020952a519ee2fb9e84144c18f5584150a29c1dacca95ee1e55f88f464fcffd,90,-0.6332412299844227,0.01
4,1,unrounded_strict,wholly_unseen,laplace,uniform,20.0,input_plus_surface,0.01,a1facf9fdd8bd28031b4ce2e94ac3a60bfd00e883f65df0e1c9a47974e352ae6,454d0b85ac7fb5132394b80bf0b368405dfde90be60de030b658de84d15913c9,90,-0.6022468221331723,0.01
4,1,unrounded_strict,wholly_unseen,laplace,uniform,20.0,input_plus_surface,0.1,a1facf9fdd8bd28031b4ce2e94ac3a60bfd00e883f65df0e1c9a47974e352ae6,152bc64ad288f0698f89e3abe1cb0607390daec575b30932249e8c4177bdd150,90,-0.6582396643821542,0.01
4,2,unrounded_strict,wholly_unseen,laplace,uniform,20.0,input_plus_surface,0.0,1f1b4550b11567210be099e5e8f23c1b72b79e1c4aed3fa9105a98c03db496ed,d8020ebd1b233572d0a5e46efd8293f07777d95ba24dbe85ed0122b275c79ac5,90,-0.6490261852328063,0.01
4,2,unrounded_strict,wholly_unseen,laplace,uniform,20.0,input_plus_surface,0.0001,1f1b4550b11567210be099e5e8f23c1b72b79e1c4aed3fa9105a98c03db496ed,7f53345f9485fee9b5d629563a8bd8a9a74999619a91fd59ac8308fbce026704,90,-0.6469303417490089,0.01
4,2,unrounded_strict,wholly_unseen,laplace,uniform,20.0,input_plus_surface,0.001,1f1b4550b11567210be099e5e8f23c1b72b79e1c4aed3fa9105a98c03db496ed,58925d1e82c2ac47a89b5f201af89f6c8ea06950d1ce91e91ef7ad44cd59027a,90,-0.6332412299844227,0.01
4,2,unrounded_strict,wholly_unseen,laplace,uniform,20.0,input_plus_surface,0.01,1f1b4550b11567210be099e5e8f23c1b72b79e1c4aed3fa9105a98c03db496ed,c25be54e29724e0f463ba3a3cb8b38ecdf60d7dbca0a9f4252fc10c7c496360b,90,-0.6022468221331723,0.01
4,2,unrounded_strict,wholly_unseen,laplace,uniform,20.0,input_plus_surface,0.1,1f1b4550b11567210be099e5e8f23c1b72b79e1c4aed3fa9105a98c03db496ed,b6f22cd96c7f682fce4305f1f9f8199c02f532aaa5addd391cd5a1acd492e958,90,-0.6582396643821542,0.01
4,0,unrounded_strict,wholly_unseen,laplace,uniform,20.0,HU_plus_surface,0.0,d7e905532c95f9426e74fa022aa47b1e986c5aaf21cb55aa8b8416bab686337f,92962da1ca0aa3136386df9415e644572db868e1fc78f7854b5bd61e8f45f076,91,-0.6311722367942011,0.01
4,0,unrounded_strict,wholly_unseen,laplace,uniform,20.0,HU_plus_surface,0.0001,d7e905532c95f9426e74fa022aa47b1e986c5aaf21cb55aa8b8416bab686337f,c2dd51122711f5e779cf8c51a198434b491017cc4f9fae650e67e00cc6a674da,91,-0.6278454332131763,0.01
4,0,unrounded_strict,wholly_unseen,laplace,uniform,20.0,HU_plus_surface,0.001,d7e905532c95f9426e74fa022aa47b1e986c5aaf21cb55aa8b8416bab686337f,aa5e4ae51cd2ba8b005691368160ae128e8deb54bb61f66801f6d292c35ca573,91,-0.6091830359659516,0.01
4,0,unrounded_strict,wholly_unseen,laplace,uniform,20.0,HU_plus_surface,0.01,d7e905532c95f9426e74fa022aa47b1e986c5aaf21cb55aa8b8416bab686337f,3d59c29a1dd0af106aa15ab59c6f3487fe7ea872967b60b1cf01537b778b06d4,91,-0.5785781057164471,0.01
4,0,unrounded_strict,wholly_unseen,laplace,uniform,20.0,HU_plus_surface,0.1,d7e905532c95f9426e74fa022aa47b1e986c5aaf21cb55aa8b8416bab686337f,2238abc5c21688777dacd9824541280917392c0c30d48f12cd4740a27177ba46,91,-0.646156695271947,0.01
4,1,unrounded_strict,wholly_unseen,laplace,uniform,20.0,HU_plus_surface,0.0,a1facf9fdd8bd28031b4ce2e94ac3a60bfd00e883f65df0e1c9a47974e352ae6,f396e61c1aea5d09a51ccdc1151347ce086d77ce85e58a9228abddcce54db4d4,90,-0.6311722367942011,0.01
4,1,unrounded_strict,wholly_unseen,laplace,uniform,20.0,HU_plus_surface,0.0001,a1facf9fdd8bd28031b4ce2e94ac3a60bfd00e883f65df0e1c9a47974e352ae6,797a76248366c3ee6c343da30a62818d9ccdd039ccc590cfc50521b4b820b07b,90,-0.6278454332131763,0.01
4,1,unrounded_strict,wholly_unseen,laplace,uniform,20.0,HU_plus_surface,0.001,a1facf9fdd8bd28031b4ce2e94ac3a60bfd00e883f65df0e1c9a47974e352ae6,e3efe24941cb68a2f04cace7ff22694287e8589fe265803ea3d239fae6ae9950,90,-0.6091830359659516,0.01
4,1,unrounded_strict,wholly_unseen,laplace,uniform,20.0,HU_plus_surface,0.01,a1facf9fdd8bd28031b4ce2e94ac3a60bfd00e883f65df0e1c9a47974e352ae6,f1b7b5d48230cdd81ba4ecec96ee7e086bd36e50a1a7221811fc5735713b601e,90,-0.5785781057164471,0.01
4,1,unrounded_strict,wholly_unseen,laplace,uniform,20.0,HU_plus_surface,0.1,a1facf9fdd8bd28031b4ce2e94ac3a60bfd00e883f65df0e1c9a47974e352ae6,1545eeab62e49f39022b79c2446ff98461d8944093bd441e2badfaa41fa99410,90,-0.646156695271947,0.01
4,2,unrounded_strict,wholly_unseen,laplace,uniform,20.0,HU_plus_surface,0.0,1f1b4550b11567210be099e5e8f23c1b72b79e1c4aed3fa9105a98c03db496ed,5213a2a7b435d734d745c0a83cb5604c671387260015cb8142246c31f854b431,90,-0.6311722367942011,0.01
4,2,unrounded_strict,wholly_unseen,laplace,uniform,20.0,HU_plus_surface,0.0001,1f1b4550b11567210be099e5e8f23c1b72b79e1c4aed3fa9105a98c03db496ed,b59a52ff241d015bb1a14844643eafe5863ca70b9cccdcdc5770fca18c3a7a92,90,-0.6278454332131763,0.01
4,2,unrounded_strict,wholly_unseen,laplace,uniform,20.0,HU_plus_surface,0.001,1f1b4550b11567210be099e5e8f23c1b72b79e1c4aed3fa9105a98c03db496ed,84abc64e4a63398224c6309b5304edd57487586db4972cfa7088b75bb7c87a31,90,-0.6091830359659516,0.01
4,2,unrounded_strict,wholly_unseen,laplace,uniform,20.0,HU_plus_surface,0.01,1f1b4550b11567210be099e5e8f23c1b72b79e1c4aed3fa9105a98c03db496ed,8ed42a11838c480cdd7d14028036d96fcdbc9420a7ae89567c18818834f740ff,90,-0.5785781057164471,0.01
4,2,unrounded_strict,wholly_unseen,laplace,uniform,20.0,HU_plus_surface,0.1,1f1b4550b11567210be099e5e8f23c1b72b79e1c4aed3fa9105a98c03db496ed,0f402fbe66dcf70e7d63a1b4de2104ba8ebb1da864ce1125fbd4f9e54893c7c2,90,-0.646156695271947,0.01
4,0,unrounded_strict,wholly_unseen,laplace,uniform,20.0,retention_bounded_plus_HU,0.0,d7e905532c95f9426e74fa022aa47b1e986c5aaf21cb55aa8b8416bab686337f,ee9b1c8500e71be824d7de0de0660acb9322a908604a66bccd6825dc1009372a,91,-0.6468722373875998,0.01
4,0,unrounded_strict,wholly_unseen,laplace,uniform,20.0,retention_bounded_plus_HU,0.0001,d7e905532c95f9426e74fa022aa47b1e986c5aaf21cb55aa8b8416bab686337f,68ac3d7420a0eca903fd6cba01be15c142adcc733b1c55049e4c85dc32124ca9,91,-0.6434561944551201,0.01
4,0,unrounded_strict,wholly_unseen,laplace,uniform,20.0,retention_bounded_plus_HU,0.001,d7e905532c95f9426e74fa022aa47b1e986c5aaf21cb55aa8b8416bab686337f,da124bb795b6968da040bfdd6ab52cdbbacb6f046b77aa10b78e6cfbd88f8d87,91,-0.622393806701792,0.01
4,0,unrounded_strict,wholly_unseen,laplace,uniform,20.0,retention_bounded_plus_HU,0.01,d7e905532c95f9426e74fa022aa47b1e986c5aaf21cb55aa8b8416bab686337f,d7b34c0334cbe7d06cf060f751c10ef4a5de6a8e8eccad9cbfa4a281ebe0994b,91,-0.5958910082743484,0.01
4,0,unrounded_strict,wholly_unseen,laplace,uniform,20.0,retention_bounded_plus_HU,0.1,d7e905532c95f9426e74fa022aa47b1e986c5aaf21cb55aa8b8416bab686337f,47c4d0c2df14a5308af247e4607ddc0bc2da6e8e3ac41f7c33045a52a1b29a93,91,-0.6110880487219138,0.01
4,1,unrounded_strict,wholly_unseen,laplace,uniform,20.0,retention_bounded_plus_HU,0.0,a1facf9fdd8bd28031b4ce2e94ac3a60bfd00e883f65df0e1c9a47974e352ae6,30586b806bba60a261c73e55fa4e68ea28214bcaeb25a92c5de18d27501a39ca,90,-0.6468722373875998,0.01
4,1,unrounded_strict,wholly_unseen,laplace,uniform,20.0,retention_bounded_plus_HU,0.0001,a1facf9fdd8bd28031b4ce2e94ac3a60bfd00e883f65df0e1c9a47974e352ae6,31298706851e8eeb9bb54fca1292e934eb84e0a40fc441898aa984d5830a1f55,90,-0.6434561944551201,0.01
4,1,unrounded_strict,wholly_unseen,laplace,uniform,20.0,retention_bounded_plus_HU,0.001,a1facf9fdd8bd28031b4ce2e94ac3a60bfd00e883f65df0e1c9a47974e352ae6,b4a0569833b39e60a9d12f57b32f18263562269d232053dfdb3564639791de41,90,-0.622393806701792,0.01
4,1,unrounded_strict,wholly_unseen,laplace,uniform,20.0,retention_bounded_plus_HU,0.01,a1facf9fdd8bd28031b4ce2e94ac3a60bfd00e883f65df0e1c9a47974e352ae6,0ddc32430f5d4bf6bb348466e71849c5a7b7cc7d6759301a07134a5a71664014,90,-0.5958910082743484,0.01
4,1,unrounded_strict,wholly_unseen,laplace,uniform,20.0,retention_bounded_plus_HU,0.1,a1facf9fdd8bd28031b4ce2e94ac3a60bfd00e883f65df0e1c9a47974e352ae6,a2b5ff1e02bd15a3d8cac7eb102dc8011f82cedc058bb767fa5b56f5e05288ae,90,-0.6110880487219138,0.01
4,2,unrounded_strict,wholly_unseen,laplace,uniform,20.0,retention_bounded_plus_HU,0.0,1f1b4550b11567210be099e5e8f23c1b72b79e1c4aed3fa9105a98c03db496ed,b67cb0655915cc2517dd07f99ad94ea07cc8062dc556d7db6f4812b5f7a7b19a,90,-0.6468722373875998,0.01
4,2,unrounded_strict,wholly_unseen,laplace,uniform,20.0,retention_bounded_plus_HU,0.0001,1f1b4550b11567210be099e5e8f23c1b72b79e1c4aed3fa9105a98c03db496ed,df1a4ad65de367c789b24b286dbea11c7675c747543448d5b5a919ec25d9a7d3,90,-0.6434561944551201,0.01
4,2,unrounded_strict,wholly_unseen,laplace,uniform,20.0,retention_bounded_plus_HU,0.001,1f1b4550b11567210be099e5e8f23c1b72b79e1c4aed3fa9105a98c03db496ed,7298697ff33b80a272946f36972deb9c66835742d7a0f769628ef038c79c0806,90,-0.622393806701792,0.01
4,2,unrounded_strict,wholly_unseen,laplace,uniform,20.0,retention_bounded_plus_HU,0.01,1f1b4550b11567210be099e5e8f23c1b72b79e1c4aed3fa9105a98c03db496ed,de74a073a9f038927f4a6979b0e5b85f5d31e4d2f2b8e81d7b1560eb5d2ea7c5,90,-0.5958910082743484,0.01
4,2,unrounded_strict,wholly_unseen,laplace,uniform,20.0,retention_bounded_plus_HU,0.1,1f1b4550b11567210be099e5e8f23c1b72b79e1c4aed3fa9105a98c03db496ed,0a6cfac0f1a0db36ab966031886f13ae710501d517a7ca9e3feff4aab9b732a0,90,-0.6110880487219138,0.01
4,0,unrounded_strict,wholly_unseen,gh80,uniform,20.0,HU_plus_surface,0.0,d7e905532c95f9426e74fa022aa47b1e986c5aaf21cb55aa8b8416bab686337f,31c2156b0347861c8e9bebe268904e6df7cc5b4351a4c4f2b513661db8dbc391,91,-0.6260326591280327,0.01
4,0,unrounded_strict,wholly_unseen,gh80,uniform,20.0,HU_plus_surface,0.0001,d7e905532c95f9426e74fa022aa47b1e986c5aaf21cb55aa8b8416bab686337f,215c2ab986eac3d5dc91595123e6b903de63600e8f7bf0a7e08183930bedc94f,91,-0.6229613690206471,0.01
4,0,unrounded_strict,wholly_unseen,gh80,uniform,20.0,HU_plus_surface,0.001,d7e905532c95f9426e74fa022aa47b1e986c5aaf21cb55aa8b8416bab686337f,0c26c5630914886a5d08673fd2ad44a48b6f953e379a226e191bdaf410da46cd,91,-0.6054999700957329,0.01
4,0,unrounded_strict,wholly_unseen,gh80,uniform,20.0,HU_plus_surface,0.01,d7e905532c95f9426e74fa022aa47b1e986c5aaf21cb55aa8b8416bab686337f,5f8489989d86f4f38df6926203d8d63c280acb3793cd1fa11fc956be2f5c93e9,91,-0.5777731182286447,0.01
4,0,unrounded_strict,wholly_unseen,gh80,uniform,20.0,HU_plus_surface,0.1,d7e905532c95f9426e74fa022aa47b1e986c5aaf21cb55aa8b8416bab686337f,690d0d8075e0512afb12e3d96146ed950e5ea1d9798b40a63187f730ff617f87,91,-0.6483008162359707,0.01
4,1,unrounded_strict,wholly_unseen,gh80,uniform,20.0,HU_plus_surface,0.0,a1facf9fdd8bd28031b4ce2e94ac3a60bfd00e883f65df0e1c9a47974e352ae6,a938026458f9ee55f86b7ae9b60d11deef6f0e074a40042328078f73f318ba01,90,-0.6260326591280327,0.01
4,1,unrounded_strict,wholly_unseen,gh80,uniform,20.0,HU_plus_surface,0.0001,a1facf9fdd8bd28031b4ce2e94ac3a60bfd00e883f65df0e1c9a47974e352ae6,2e9367f4d9141d2b6ec0ffdb8ff5948cb6e9bcbe527882a6bbcfc78d7f412999,90,-0.6229613690206471,0.01
4,1,unrounded_strict,wholly_unseen,gh80,uniform,20.0,HU_plus_surface,0.001,a1facf9fdd8bd28031b4ce2e94ac3a60bfd00e883f65df0e1c9a47974e352ae6,99205d30b317207d08d24842dffca8abc7b377b3564abb84065b0199eb768f53,90,-0.6054999700957329,0.01
4,1,unrounded_strict,wholly_unseen,gh80,uniform,20.0,HU_plus_surface,0.01,a1facf9fdd8bd28031b4ce2e94ac3a60bfd00e883f65df0e1c9a47974e352ae6,ce3dc24050b16ad2e9cc35a82eb6e7c1b3ddc7223a9604e719875880fe594f6b,90,-0.5777731182286447,0.01
4,1,unrounded_strict,wholly_unseen,gh80,uniform,20.0,HU_plus_surface,0.1,a1facf9fdd8bd28031b4ce2e94ac3a60bfd00e883f65df0e1c9a47974e352ae6,d424567f2b7f58773511d090c884c18b6c911a65e5ce34ec38b0f9ae127a3a04,90,-0.6483008162359707,0.01
4,2,unrounded_strict,wholly_unseen,gh80,uniform,20.0,HU_plus_surface,0.0,1f1b4550b11567210be099e5e8f23c1b72b79e1c4aed3fa9105a98c03db496ed,d347349752d82f2495558fa7ba9e7c8d0ce8657172dc7b7563e6fff6f72a43b1,90,-0.6260326591280327,0.01
4,2,unrounded_strict,wholly_unseen,gh80,uniform,20.0,HU_plus_surface,0.0001,1f1b4550b11567210be099e5e8f23c1b72b79e1c4aed3fa9105a98c03db496ed,2822d7196a5b07d7515146f53699f98539bac9d7b6099796d2afca70db3df4f4,90,-0.6229613690206471,0.01
4,2,unrounded_strict,wholly_unseen,gh80,uniform,20.0,HU_plus_surface,0.001,1f1b4550b11567210be099e5e8f23c1b72b79e1c4aed3fa9105a98c03db496ed,695db0f6fe27d313cdfe4201fea4e8e5c403142ea8edf5e22c2a4be7b4525fcc,90,-0.6054999700957329,0.01
4,2,unrounded_strict,wholly_unseen,gh80,uniform,20.0,HU_plus_surface,0.01,1f1b4550b11567210be099e5e8f23c1b72b79e1c4aed3fa9105a98c03db496ed,208f0f3f853bfe21c405f3dc1dd8aa6705e342b9513e7176f25b576485c7a74e,90,-0.5777731182286447,0.01
4,2,unrounded_strict,wholly_unseen,gh80,uniform,20.0,HU_plus_surface,0.1,1f1b4550b11567210be099e5e8f23c1b72b79e1c4aed3fa9105a98c03db496ed,00f4a862d3051b1b86f68424ff6bcc46b58d5ccbcf65635288c433384536b39e,90,-0.6483008162359707,0.01
4,0,unrounded_strict,wholly_unseen,gh80,uniform,20.0,retention_bounded_plus_HU,0.0,d7e905532c95f9426e74fa022aa47b1e986c5aaf21cb55aa8b8416bab686337f,c9d594d03dc4ef29c66224cbf35b83629b7b2610e8639379dbd29c37d80d749c,91,-0.6392578504254623,0.01
4,0,unrounded_strict,wholly_unseen,gh80,uniform,20.0,retention_bounded_plus_HU,0.0001,d7e905532c95f9426e74fa022aa47b1e986c5aaf21cb55aa8b8416bab686337f,b4ffd62a3d32f5f4faf5b70c14749166c889382740023f28c55366acdc5df3b2,91,-0.6367677748615743,0.01
4,0,unrounded_strict,wholly_unseen,gh80,uniform,20.0,retention_bounded_plus_HU,0.001,d7e905532c95f9426e74fa022aa47b1e986c5aaf21cb55aa8b8416bab686337f,16f4d0a51c5411e1d4706ff21bc86b77107731a1227c96216980d2c45d725591,91,-0.6202273370205277,0.01
4,0,unrounded_strict,wholly_unseen,gh80,uniform,20.0,retention_bounded_plus_HU,0.01,d7e905532c95f9426e74fa022aa47b1e986c5aaf21cb55aa8b8416bab686337f,a53df25772365b624f17763b558cfb9b7d06c44b0594239ab9f4a9613cc60267,91,-0.5980822761128626,0.01
4,0,unrounded_strict,wholly_unseen,gh80,uniform,20.0,retention_bounded_plus_HU,0.1,d7e905532c95f9426e74fa022aa47b1e986c5aaf21cb55aa8b8416bab686337f,16ec501cb636d7d8047370854b43c1d92d034f2681b66c4341874bff6cd71e97,91,-0.61306148386735,0.01
4,1,unrounded_strict,wholly_unseen,gh80,uniform,20.0,retention_bounded_plus_HU,0.0,a1facf9fdd8bd28031b4ce2e94ac3a60bfd00e883f65df0e1c9a47974e352ae6,cd3c8493010bf97a969c540c7c037212ceaf4014d936dd7648160111daa2e826,90,-0.6392578504254623,0.01
4,1,unrounded_strict,wholly_unseen,gh80,uniform,20.0,retention_bounded_plus_HU,0.0001,a1facf9fdd8bd28031b4ce2e94ac3a60bfd00e883f65df0e1c9a47974e352ae6,f759f2db6337974f7c7f14b96c0090f271ac404b6a0efabaf7c6ff868836a1b3,90,-0.6367677748615743,0.01
4,1,unrounded_strict,wholly_unseen,gh80,uniform,20.0,retention_bounded_plus_HU,0.001,a1facf9fdd8bd28031b4ce2e94ac3a60bfd00e883f65df0e1c9a47974e352ae6,91a5c678e4d011631ea934f9011b16bf0b2ea04dcd1f68794074132f83ee630c,90,-0.6202273370205277,0.01
4,1,unrounded_strict,wholly_unseen,gh80,uniform,20.0,retention_bounded_plus_HU,0.01,a1facf9fdd8bd28031b4ce2e94ac3a60bfd00e883f65df0e1c9a47974e352ae6,d8f4a5b6d59094febd5f9be71e1baf66d602bdb33866a47a84b7c1b03f0d27f8,90,-0.5980822761128626,0.01
4,1,unrounded_strict,wholly_unseen,gh80,uniform,20.0,retention_bounded_plus_HU,0.1,a1facf9fdd8bd28031b4ce2e94ac3a60bfd00e883f65df0e1c9a47974e352ae6,9e2aca360f9e7cf17686b0d07b117438fd111934a26d88efdcaef34cf77a7fdc,90,-0.61306148386735,0.01
4,2,unrounded_strict,wholly_unseen,gh80,uniform,20.0,retention_bounded_plus_HU,0.0,1f1b4550b11567210be099e5e8f23c1b72b79e1c4aed3fa9105a98c03db496ed,3ca5c971847a1899074b2618287a53c110d2ae21d0088d0069c582c5b4561072,90,-0.6392578504254623,0.01
4,2,unrounded_strict,wholly_unseen,gh80,uniform,20.0,retention_bounded_plus_HU,0.0001,1f1b4550b11567210be099e5e8f23c1b72b79e1c4aed3fa9105a98c03db496ed,704108a134bd3cc9307013439ed2bd0b966b7ee97117cdbd317b65388e28ad39,90,-0.6367677748615743,0.01
4,2,unrounded_strict,wholly_unseen,gh80,uniform,20.0,retention_bounded_plus_HU,0.001,1f1b4550b11567210be099e5e8f23c1b72b79e1c4aed3fa9105a98c03db496ed,aae0a22659c40f773c4a8bae2104b3612036871e62a999960839b1a5796145b0,90,-0.6202273370205277,0.01
4,2,unrounded_strict,wholly_unseen,gh80,uniform,20.0,retention_bounded_plus_HU,0.01,1f1b4550b11567210be099e5e8f23c1b72b79e1c4aed3fa9105a98c03db496ed,20ea15014404cd149bc6a4882663c4cb7ff2210e01238258802e01cdaf4fbc59,90,-0.5980822761128626,0.01
4,2,unrounded_strict,wholly_unseen,gh80,uniform,20.0,retention_bounded_plus_HU,0.1,1f1b4550b11567210be099e5e8f23c1b72b79e1c4aed3fa9105a98c03db496ed,b249410103facde271dbc567fde60de0579149463e24e4dda03acecd29948498,90,-0.61306148386735,0.01
