source,root,last_two,final_low_vowel,all_harmonic_vowels_unrounded,morphology,observed_root_surface_class,harmony_visibility,observed_suffix_skeleton,primary_observer_covered,manual_exclusion_flag,blocker_flag,incidences
akademiye,a'ile,BF,e,true,acc,neutral_i,none,CV,true,false,false,46
akademiye,a'ile,BF,e,true,acc,unraised,none,CV,true,false,false,1
akademiye,a'ile,BF,e,true,dat,neutral_i,front,CV,true,false,false,44
akademiye,a'ile,BF,e,true,dat,unraised,front,CV,true,false,false,2
akademiye,a'ile,BF,e,true,loc,neutral_i,front,CV,true,false,false,114
akademiye,a'ile,BF,e,true,loc,unraised,front,CV,true,false,false,4
akademiye,abide,BF,e,true,acc,neutral_i,none,CV,true,false,false,4
akademiye,abide,BF,e,true,dat,neutral_i,front,CV,true,false,false,4
akademiye,abide,BF,e,true,loc,neutral_i,front,CV,true,false,false,1
akademiye,aha,BB,a,true,loc,neutral_i,front,CV,true,false,false,1
akademiye,ahale,BF,e,true,acc,neutral_i,none,CV,true,false,false,19
akademiye,ahale,BF,e,true,dat,neutral_i,back,CV,true,false,false,2
akademiye,ahale,BF,e,true,dat,neutral_i,front,CV,true,false,false,5
akademiye,akadémiye,BF,e,true,acc,neutral_i,none,CV,true,false,false,1
akademiye,akadémiye,BF,e,true,acc,unraised,none,CV,true,false,false,15
akademiye,akadémiye,BF,e,true,dat,unraised,front,CV,true,false,false,23
akademiye,akadémiye,BF,e,true,loc,neutral_i,front,CV,true,false,false,2
akademiye,akadémiye,BF,e,true,loc,unraised,front,CV,true,false,false,11
akademiye,alla,BB,a,true,acc,unraised,none,CV,true,false,false,6
akademiye,alla,BB,a,true,dat,unraised,back,CV,true,false,false,32
akademiye,alma,BB,a,true,dat,neutral_i,back,CV,true,false,false,4
akademiye,amma,BB,a,true,acc,neutral_i,none,CV,true,false,false,19
akademiye,amma,BB,a,true,dat,neutral_i,back,CV,true,false,false,33
akademiye,amma,BB,a,true,loc,neutral_i,back,CV,true,false,false,1
akademiye,ana,BB,a,true,acc,neutral_i,none,CV,true,false,false,22
akademiye,ana,BB,a,true,dat,neutral_i,back,CV,true,false,false,28
akademiye,ana,BB,a,true,loc,neutral_i,back,CV,true,false,false,1
akademiye,apa,BB,a,true,acc,neutral_i,none,CV,true,false,false,1
akademiye,aptonomiye,BF,e,false,acc,unraised,none,CV,true,false,false,3
akademiye,aptonomiye,BF,e,false,dat,unraised,front,CV,true,false,false,3
akademiye,aptonomiye,BF,e,false,loc,unraised,front,CV,true,false,false,1
akademiye,ara,BB,a,true,dat,unraised,back,CV,true,false,false,5
akademiye,ara,BB,a,true,loc,unraised,back,CV,true,false,false,11
akademiye,archa,BB,a,true,acc,neutral_i,none,CV,true,false,false,3
akademiye,arghamcha,BB,a,true,acc,neutral_i,none,CV,true,false,false,4
akademiye,arghamcha,BB,a,true,dat,neutral_i,back,CV,true,false,false,3
akademiye,arghamcha,BB,a,true,loc,neutral_i,back,CV,true,false,false,2
akademiye,ariye,BF,e,true,dat,unraised,front,CV,true,false,false,1
akademiye,armiye,BF,e,true,acc,neutral_i,none,CV,true,false,false,14
akademiye,armiye,BF,e,true,acc,unraised,none,CV,true,false,false,19
akademiye,armiye,BF,e,true,dat,neutral_i,front,CV,true,false,false,12
akademiye,armiye,BF,e,true,dat,unraised,front,CV,true,false,false,19
akademiye,armiye,BF,e,true,loc,neutral_i,front,CV,true,false,false,4
akademiye,armiye,BF,e,true,loc,unraised,front,CV,true,false,false,5
akademiye,ashxana,BB,a,true,acc,neutral_i,none,CV,true,false,false,2
akademiye,ashxana,BB,a,true,dat,neutral_i,back,CV,true,false,false,4
akademiye,ashxana,BB,a,true,loc,neutral_i,back,CV,true,false,false,12
akademiye,assimilyatsiye,BF,e,true,acc,unraised,none,CV,true,false,false,2
akademiye,assimilyatsiye,BF,e,true,dat,unraised,front,CV,true,false,false,1
akademiye,astane,BF,e,true,acc,neutral_i,none,CV,true,true,false,2
akademiye,astane,BF,e,true,dat,neutral_i,back,CV,true,true,false,1
akademiye,astane,BF,e,true,dat,neutral_i,front,CV,true,true,false,3
akademiye,astane,BF,e,true,loc,neutral_i,back,CV,true,true,false,2
akademiye,astane,BF,e,true,loc,neutral_i,front,CV,true,true,false,4
akademiye,astronomiye,BF,e,false,dat,unraised,front,CV,true,false,false,1
akademiye,ata,BB,a,true,acc,neutral_i,none,CV,true,false,false,5
akademiye,ata,BB,a,true,dat,neutral_i,back,CV,true,false,false,7
akademiye,ata,BB,a,true,dat,neutral_i,front,CV,true,false,false,1
akademiye,ata,BB,a,true,loc,neutral_i,back,CV,true,false,false,1
akademiye,baha,BB,a,true,acc,unraised,none,CV,true,false,false,14
akademiye,baha,BB,a,true,dat,unraised,back,CV,true,false,false,19
akademiye,baha,BB,a,true,loc,unraised,back,CV,true,false,false,31
akademiye,bahane,BF,e,true,acc,neutral_i,none,CV,true,false,false,3
akademiye,bahane,BF,e,true,dat,neutral_i,front,CV,true,false,false,2
akademiye,bahane,BF,e,true,loc,neutral_i,back,CV,true,false,false,1
akademiye,bahane,BF,e,true,loc,neutral_i,front,CV,true,false,false,7
akademiye,bajxana,BB,a,true,loc,neutral_i,back,CV,true,false,false,1
akademiye,bala,BB,a,true,acc,neutral_i,none,CV,true,false,false,100
akademiye,bala,BB,a,true,dat,neutral_i,back,CV,true,false,false,91
akademiye,bala,BB,a,true,loc,neutral_i,back,CV,true,false,false,7
akademiye,bala,BB,a,true,loc,neutral_i,front,CV,true,false,false,2
akademiye,bara,BB,a,true,dat,neutral_i,back,CV,true,false,false,4
akademiye,bara,BB,a,true,loc,neutral_i,back,CV,true,false,false,7
akademiye,bayanname,BF,e,true,acc,neutral_i,none,CV,true,false,false,3
akademiye,bayanname,BF,e,true,dat,neutral_i,front,CV,true,false,false,1
akademiye,bayanname,BF,e,true,loc,neutral_i,back,CV,true,false,false,1
akademiye,bayanname,BF,e,true,loc,neutral_i,front,CV,true,false,false,1
akademiye,baywechche,FF,e,true,acc,neutral_i,none,CV,true,false,false,1
akademiye,baywechche,FF,e,true,dat,neutral_i,front,CV,true,false,false,1
akademiye,baza,BB,a,true,acc,neutral_i,none,CV,true,false,false,1
akademiye,baza,BB,a,true,dat,neutral_i,back,CV,true,false,false,6
akademiye,belche,FF,e,true,loc,neutral_i,front,CV,true,false,false,3
akademiye,berre,FF,e,true,acc,neutral_i,none,CV,true,false,false,1
akademiye,birleshme,FF,e,true,dat,neutral_i,front,CV,true,false,false,3
akademiye,bola,BB,a,false,loc,neutral_i,back,CV,true,false,false,1
akademiye,bolghuche,BF,e,false,acc,neutral_i,none,CV,true,true,false,5
akademiye,bolghuche,BF,e,false,dat,neutral_i,back,CV,true,true,false,4
akademiye,bolghuche,BF,e,false,loc,neutral_i,back,CV,true,true,false,2
akademiye,bomba,BB,a,false,acc,neutral_i,none,CV,true,false,false,5
akademiye,bomba,BB,a,false,dat,neutral_i,back,CV,true,false,false,2
akademiye,bronza,BB,a,false,acc,neutral_i,none,CV,true,false,false,1
akademiye,burda,BB,a,false,acc,neutral_i,none,CV,true,false,false,1
akademiye,burzhu'aziye,BF,e,false,acc,unraised,none,CV,true,false,false,2
akademiye,bölme,FF,e,false,dat,neutral_i,front,CV,true,false,false,2
akademiye,bölme,FF,e,false,loc,neutral_i,front,CV,true,false,false,1
akademiye,böre,FF,e,false,acc,neutral_i,none,CV,true,false,false,23
akademiye,böre,FF,e,false,dat,neutral_i,front,CV,true,false,false,13
akademiye,bügünche,FF,e,false,dat,neutral_i,front,CV,true,false,false,1
akademiye,chama,BB,a,true,dat,neutral_i,back,CV,true,false,false,2
akademiye,charshenbe,FF,e,true,dat,neutral_i,front,CV,true,false,false,1
akademiye,charwa,BB,a,true,acc,neutral_i,none,CV,true,false,false,2
akademiye,charwa,BB,a,true,dat,neutral_i,back,CV,true,false,false,1
akademiye,chaza,BB,a,true,dat,neutral_i,back,CV,true,false,false,1
akademiye,chaza,BB,a,true,loc,neutral_i,back,CV,true,false,false,1
akademiye,chelle,FF,e,true,loc,neutral_i,back,CV,true,false,false,1
akademiye,chelle,FF,e,true,loc,neutral_i,front,CV,true,false,false,3
akademiye,chüje,FF,e,false,acc,neutral_i,none,CV,true,false,false,1
akademiye,chümüle,FF,e,false,acc,neutral_i,none,CV,true,false,false,1
akademiye,chümüle,FF,e,false,dat,neutral_i,front,CV,true,false,false,1
akademiye,chüshenche,FF,e,false,acc,neutral_i,none,CV,true,false,false,31
akademiye,chüshenche,FF,e,false,dat,neutral_i,front,CV,true,false,false,97
akademiye,chüshenche,FF,e,false,loc,neutral_i,front,CV,true,false,false,16
akademiye,da'ire,BF,e,true,acc,neutral_i,none,CV,true,false,false,10
akademiye,da'ire,BF,e,true,dat,neutral_i,front,CV,true,false,false,23
akademiye,da'ire,BF,e,true,loc,neutral_i,front,CV,true,false,false,124
akademiye,dacha,BB,a,true,dat,neutral_i,back,CV,true,false,false,1
akademiye,dacha,BB,a,true,loc,neutral_i,back,CV,true,false,false,2
akademiye,dada,BB,a,true,acc,neutral_i,none,CV,true,false,false,5
akademiye,dada,BB,a,true,dat,neutral_i,back,CV,true,false,false,24
akademiye,daire,BF,e,true,loc,neutral_i,front,CV,true,false,false,1
akademiye,dala,BB,a,true,acc,unraised,none,CV,true,false,false,8
akademiye,dala,BB,a,true,dat,unraised,back,CV,true,false,false,6
akademiye,dala,BB,a,true,loc,unraised,back,CV,true,false,false,8
akademiye,dalda,BB,a,true,dat,neutral_i,back,CV,true,false,false,22
akademiye,damolla,BB,a,false,acc,neutral_i,none,CV,true,false,false,4
akademiye,damolla,BB,a,false,dat,neutral_i,back,CV,true,false,false,1
akademiye,damolla,BB,a,false,loc,neutral_i,back,CV,true,false,false,1
akademiye,debdebe,FF,e,true,dat,neutral_i,front,CV,true,false,false,1
akademiye,derije,FF,e,true,acc,neutral_i,none,CV,true,false,false,1
akademiye,derije,FF,e,true,dat,neutral_i,front,CV,true,false,false,114
akademiye,derije,FF,e,true,loc,neutral_i,back,CV,true,false,false,2
akademiye,derije,FF,e,true,loc,neutral_i,front,CV,true,false,false,595
akademiye,dersxana,BB,a,true,acc,neutral_i,none,CV,true,false,false,1
akademiye,dersxana,BB,a,true,dat,neutral_i,back,CV,true,false,false,6
akademiye,dersxana,BB,a,true,loc,neutral_i,back,CV,true,false,false,12
akademiye,derwaza,BB,a,true,acc,neutral_i,none,CV,true,false,false,8
akademiye,derwaza,BB,a,true,dat,neutral_i,back,CV,true,false,false,3
akademiye,derwaza,BB,a,true,loc,neutral_i,back,CV,true,false,false,4
akademiye,derya,FB,a,true,acc,unraised,none,CV,true,false,false,10
akademiye,derya,FB,a,true,dat,unraised,back,CV,true,false,false,49
akademiye,derya,FB,a,true,loc,unraised,back,CV,true,false,false,12
akademiye,derya,FB,a,true,loc,unraised,front,CV,true,false,false,1
akademiye,desmaye,BF,e,true,dat,neutral_i,back,CV,true,false,false,1
akademiye,desmaye,BF,e,true,dat,neutral_i,front,CV,true,false,false,3
akademiye,dewa,FB,a,true,acc,unraised,none,CV,true,false,false,8
akademiye,dewa,FB,a,true,dat,unraised,back,CV,true,false,false,5
akademiye,dewa,FB,a,true,loc,unraised,back,CV,true,false,false,4
akademiye,diploma,BB,a,false,acc,neutral_i,none,CV,true,false,false,7
akademiye,diploma,BB,a,false,dat,neutral_i,back,CV,true,false,false,1
akademiye,diplomatiye,BF,e,false,acc,unraised,none,CV,true,false,false,1
akademiye,diplomatiye,BF,e,false,dat,unraised,front,CV,true,false,false,1
akademiye,diplomatiye,BF,e,false,loc,unraised,front,CV,true,false,false,5
akademiye,doppa,BB,a,false,acc,neutral_i,none,CV,true,false,false,4
akademiye,doppa,BB,a,false,dat,neutral_i,back,CV,true,false,false,6
akademiye,dorixana,BB,a,false,dat,neutral_i,back,CV,true,false,false,1
akademiye,doxturxana,BB,a,false,acc,neutral_i,none,CV,true,false,false,2
akademiye,doxturxana,BB,a,false,dat,neutral_i,back,CV,true,false,false,28
akademiye,doxturxana,BB,a,false,loc,neutral_i,back,CV,true,false,false,27
akademiye,du'a,BB,a,false,acc,unraised,none,CV,true,false,false,14
akademiye,du'a,BB,a,false,dat,unraised,back,CV,true,false,false,19
akademiye,du'a,BB,a,false,loc,unraised,back,CV,true,false,false,7
akademiye,duniya,BB,a,false,dat,unraised,back,CV,true,false,false,1
akademiye,dunya,BB,a,false,acc,unraised,none,CV,true,false,false,308
akademiye,dunya,BB,a,false,dat,unraised,back,CV,true,false,false,671
akademiye,dunya,BB,a,false,loc,unraised,back,CV,true,false,false,598
akademiye,dunya,BB,a,false,loc,unraised,front,CV,true,false,false,1
akademiye,démokratiye,BF,e,false,acc,unraised,none,CV,true,false,false,8
akademiye,démokratiye,BF,e,false,dat,unraised,front,CV,true,false,false,10
akademiye,démokratiye,BF,e,false,loc,unraised,front,CV,true,false,false,2
akademiye,düshenbe,FF,e,false,dat,neutral_i,front,CV,true,false,false,2
akademiye,düshenbe,FF,e,false,loc,neutral_i,front,CV,true,false,false,1
akademiye,ediliye,FF,e,true,dat,unraised,front,CV,true,false,false,2
akademiye,ehdiname,BF,e,true,acc,neutral_i,none,CV,true,false,false,1
akademiye,ehdiname,BF,e,true,dat,neutral_i,front,CV,true,false,false,3
akademiye,ehdiname,BF,e,true,loc,neutral_i,front,CV,true,false,false,3
akademiye,ela,FB,a,true,acc,neutral_i,none,CV,true,true,false,11
akademiye,ela,FB,a,true,dat,neutral_i,front,CV,true,true,false,21
akademiye,ela,FB,a,true,loc,neutral_i,front,CV,true,true,false,1
akademiye,elchixana,BB,a,true,dat,neutral_i,back,CV,true,false,false,1
akademiye,elchixana,BB,a,true,loc,neutral_i,back,CV,true,false,false,1
akademiye,en'ene,FF,e,true,acc,neutral_i,none,CV,true,false,false,23
akademiye,en'ene,FF,e,true,dat,neutral_i,front,CV,true,false,false,59
akademiye,en'ene,FF,e,true,loc,neutral_i,front,CV,true,false,false,1
akademiye,endishe,FF,e,true,acc,neutral_i,none,CV,true,false,false,2
akademiye,endishe,FF,e,true,dat,neutral_i,front,CV,true,false,false,43
akademiye,endishe,FF,e,true,loc,neutral_i,front,CV,true,false,false,3
akademiye,endize,FF,e,true,acc,neutral_i,none,CV,true,false,false,3
akademiye,endize,FF,e,true,dat,neutral_i,front,CV,true,false,false,3
akademiye,endize,FF,e,true,loc,neutral_i,front,CV,true,false,false,1
akademiye,epsane,BF,e,true,acc,neutral_i,none,CV,true,false,false,3
akademiye,epsane,BF,e,true,dat,neutral_i,front,CV,true,false,false,8
akademiye,epsane,BF,e,true,loc,neutral_i,back,CV,true,false,false,1
akademiye,epsane,BF,e,true,loc,neutral_i,front,CV,true,false,false,4
akademiye,erebche,FF,e,true,acc,neutral_i,none,CV,true,false,false,11
akademiye,erebche,FF,e,true,dat,neutral_i,front,CV,true,false,false,10
akademiye,erebche,FF,e,true,loc,neutral_i,front,CV,true,false,false,9
akademiye,esletme,FF,e,true,acc,neutral_i,none,CV,true,false,false,1
akademiye,eslime,FF,e,true,acc,neutral_i,none,CV,true,false,false,4
akademiye,eslime,FF,e,true,dat,neutral_i,front,CV,true,false,false,5
akademiye,eslime,FF,e,true,loc,neutral_i,front,CV,true,false,false,4
akademiye,esna,FB,a,true,loc,unraised,back,CV,true,false,false,31
akademiye,esra,FB,a,true,acc,neutral_i,none,CV,true,true,false,1
akademiye,esra,FB,a,true,loc,neutral_i,front,CV,true,true,false,2
akademiye,ete,FF,e,true,acc,neutral_i,none,CV,true,false,false,5
akademiye,ete,FF,e,true,dat,neutral_i,front,CV,true,false,false,13
akademiye,eza,FB,a,true,acc,unraised,none,CV,true,false,false,3
akademiye,eza,FB,a,true,dat,unraised,back,CV,true,false,false,6
akademiye,eza,FB,a,true,loc,unraised,back,CV,true,false,false,2
akademiye,famile,BF,e,true,acc,neutral_i,none,CV,true,false,false,6
akademiye,famile,BF,e,true,dat,neutral_i,front,CV,true,false,false,2
akademiye,famile,BF,e,true,loc,neutral_i,front,CV,true,false,false,1
akademiye,forma,BB,a,false,acc,neutral_i,none,CV,true,false,false,2
akademiye,forma,BB,a,false,loc,neutral_i,back,CV,true,false,false,2
akademiye,gazarma,BB,a,true,acc,neutral_i,none,CV,true,false,false,1
akademiye,gazarma,BB,a,true,dat,neutral_i,back,CV,true,false,false,2
akademiye,gazarma,BB,a,true,loc,neutral_i,back,CV,true,false,false,4
akademiye,geme,FF,e,true,acc,neutral_i,none,CV,true,false,false,2
akademiye,geme,FF,e,true,dat,neutral_i,front,CV,true,false,false,2
akademiye,gende,FF,e,true,acc,neutral_i,none,CV,true,false,false,3
akademiye,gende,FF,e,true,dat,neutral_i,front,CV,true,false,false,2
akademiye,gewde,FF,e,true,acc,neutral_i,none,CV,true,false,false,6
akademiye,gewde,FF,e,true,dat,neutral_i,front,CV,true,false,false,37
akademiye,ghaye,BF,e,true,acc,neutral_i,none,CV,true,false,false,31
akademiye,ghaye,BF,e,true,dat,neutral_i,front,CV,true,false,false,26
akademiye,ghaye,BF,e,true,loc,neutral_i,front,CV,true,false,false,5
akademiye,ghelbe,FF,e,true,acc,neutral_i,none,CV,true,false,false,18
akademiye,ghelbe,FF,e,true,dat,neutral_i,front,CV,true,false,false,23
akademiye,ghelibe,FF,e,true,acc,neutral_i,none,CV,true,false,false,17
akademiye,ghelibe,FF,e,true,dat,neutral_i,front,CV,true,false,false,27
akademiye,ghora,BB,a,false,acc,neutral_i,none,CV,true,false,false,1
akademiye,ghora,BB,a,false,dat,neutral_i,back,CV,true,false,false,1
akademiye,ghulghula,BB,a,false,dat,neutral_i,back,CV,true,false,false,2
akademiye,ghulja,BB,a,false,acc,neutral_i,none,CV,true,false,false,13
akademiye,ghulja,BB,a,false,dat,neutral_i,back,CV,true,false,false,56
akademiye,ghulja,BB,a,false,loc,neutral_i,back,CV,true,false,false,81
akademiye,glukoza,BB,a,false,acc,neutral_i,none,CV,true,false,false,1
akademiye,guruppa,BB,a,false,acc,neutral_i,none,CV,true,false,false,13
akademiye,guruppa,BB,a,false,dat,neutral_i,back,CV,true,false,false,30
akademiye,guruppa,BB,a,false,loc,neutral_i,back,CV,true,false,false,8
akademiye,guwahname,BF,e,false,dat,neutral_i,front,CV,true,false,false,1
akademiye,gézitxana,BB,a,true,acc,neutral_i,none,CV,true,false,false,1
akademiye,gézitxana,BB,a,true,dat,neutral_i,back,CV,true,false,false,3
akademiye,gézitxana,BB,a,true,loc,neutral_i,back,CV,true,false,false,5
akademiye,güldürmama,BB,a,false,loc,neutral_i,back,CV,true,false,false,1
akademiye,güldürme,FF,e,false,loc,neutral_i,front,CV,true,false,false,1
akademiye,gülxana,BB,a,false,loc,neutral_i,back,CV,true,false,false,1
akademiye,hadise,BF,e,true,acc,unraised,none,CV,true,false,false,3
akademiye,hadise,BF,e,true,dat,unraised,front,CV,true,false,false,1
akademiye,hadise,BF,e,true,loc,unraised,front,CV,true,false,false,2
akademiye,hajetxana,BB,a,true,dat,neutral_i,back,CV,true,false,false,7
akademiye,hajetxana,BB,a,true,loc,neutral_i,back,CV,true,false,false,1
akademiye,hamile,BF,e,true,acc,neutral_i,none,CV,true,false,false,4
akademiye,hamile,BF,e,true,dat,neutral_i,front,CV,true,false,false,3
akademiye,harwa,BB,a,true,acc,neutral_i,none,CV,true,false,false,10
akademiye,harwa,BB,a,true,dat,neutral_i,back,CV,true,false,false,13
akademiye,harwa,BB,a,true,loc,neutral_i,back,CV,true,false,false,3
akademiye,hasa,BB,a,true,acc,neutral_i,none,CV,true,false,false,2
akademiye,hasa,BB,a,true,dat,neutral_i,back,CV,true,false,false,5
akademiye,hawa,BB,a,true,acc,unraised,none,CV,true,false,false,22
akademiye,hawa,BB,a,true,dat,unraised,back,CV,true,false,false,26
akademiye,hawa,BB,a,true,loc,unraised,back,CV,true,false,false,50
akademiye,hediye,FF,e,true,acc,neutral_i,none,CV,true,false,false,1
akademiye,hediye,FF,e,true,acc,unraised,none,CV,true,false,false,2
akademiye,hediye,FF,e,true,dat,neutral_i,front,CV,true,false,false,2
akademiye,hemze,FF,e,true,acc,neutral_i,none,CV,true,false,false,1
akademiye,hemze,FF,e,true,dat,neutral_i,front,CV,true,false,false,3
akademiye,hepse,FF,e,true,dat,neutral_i,front,CV,true,false,false,4
akademiye,hepse,FF,e,true,loc,neutral_i,front,CV,true,false,false,1
akademiye,hepte,FF,e,true,acc,neutral_i,none,CV,true,false,false,6
akademiye,hepte,FF,e,true,dat,neutral_i,front,CV,true,false,false,5
akademiye,hepte,FF,e,true,loc,neutral_i,front,CV,true,false,false,64
akademiye,here,FF,e,true,acc,neutral_i,none,CV,true,false,false,1
akademiye,hesse,FF,e,true,acc,neutral_i,none,CV,true,false,false,1
akademiye,hesse,FF,e,true,dat,neutral_i,front,CV,true,false,false,4
akademiye,heywe,FF,e,true,acc,neutral_i,none,CV,true,false,false,1
akademiye,heywe,FF,e,true,dat,neutral_i,front,CV,true,false,false,1
akademiye,hikaye,BF,e,true,acc,neutral_i,none,CV,true,false,false,6
akademiye,hikaye,BF,e,true,dat,neutral_i,front,CV,true,false,false,3
akademiye,hikaye,BF,e,true,loc,neutral_i,front,CV,true,false,false,1
akademiye,himaye,BF,e,true,dat,neutral_i,front,CV,true,false,false,2
akademiye,hoyla,BB,a,false,acc,neutral_i,none,CV,true,false,false,8
akademiye,hoyla,BB,a,false,dat,neutral_i,back,CV,true,false,false,27
akademiye,hoyla,BB,a,false,loc,neutral_i,back,CV,true,false,false,16
akademiye,hujra,BB,a,false,dat,neutral_i,back,CV,true,false,false,4
akademiye,hujra,BB,a,false,loc,neutral_i,back,CV,true,false,false,4
akademiye,hékaye,BF,e,true,acc,neutral_i,none,CV,true,false,false,37
akademiye,hékaye,BF,e,true,dat,neutral_i,back,CV,true,false,false,1
akademiye,hékaye,BF,e,true,dat,neutral_i,front,CV,true,false,false,4
akademiye,hékaye,BF,e,true,loc,neutral_i,back,CV,true,false,false,2
akademiye,hékaye,BF,e,true,loc,neutral_i,front,CV,true,false,false,16
akademiye,hüjeyre,FF,e,false,acc,neutral_i,none,CV,true,false,false,2
akademiye,hüjeyre,FF,e,false,dat,neutral_i,front,CV,true,false,false,2
akademiye,hüjeyre,FF,e,false,loc,neutral_i,front,CV,true,false,false,2
akademiye,i'ane,BF,e,true,dat,neutral_i,front,CV,true,false,false,1
akademiye,ibadetxana,BB,a,true,acc,neutral_i,none,CV,true,false,false,1
akademiye,ibadetxana,BB,a,true,dat,neutral_i,back,CV,true,false,false,5
akademiye,ibadetxana,BB,a,true,loc,neutral_i,back,CV,true,false,false,2
akademiye,ibare,BF,e,true,acc,neutral_i,none,CV,true,false,false,11
akademiye,ibare,BF,e,true,dat,neutral_i,front,CV,true,false,false,5
akademiye,idare,BF,e,true,acc,neutral_i,none,CV,true,false,false,3
akademiye,idare,BF,e,true,dat,neutral_i,back,CV,true,false,false,4
akademiye,idare,BF,e,true,dat,neutral_i,front,CV,true,false,false,9
akademiye,idare,BF,e,true,loc,neutral_i,back,CV,true,false,false,1
akademiye,idare,BF,e,true,loc,neutral_i,front,CV,true,false,false,9
akademiye,ijare,BF,e,true,dat,neutral_i,front,CV,true,false,false,28
akademiye,ilawe,BF,e,true,loc,neutral_i,back,CV,true,false,false,1
akademiye,ilawe,BF,e,true,loc,neutral_i,front,CV,true,false,false,1
akademiye,ipade,BF,e,true,acc,neutral_i,none,CV,true,false,false,5
akademiye,ipade,BF,e,true,dat,neutral_i,front,CV,true,false,false,5
akademiye,irade,BF,e,true,acc,neutral_i,none,CV,true,false,false,12
akademiye,irade,BF,e,true,dat,neutral_i,front,CV,true,false,false,25
akademiye,irade,BF,e,true,loc,neutral_i,front,CV,true,false,false,3
akademiye,ishxana,BB,a,true,dat,neutral_i,back,CV,true,false,false,9
akademiye,ishxana,BB,a,true,loc,neutral_i,back,CV,true,false,false,14
akademiye,iskenje,FF,e,true,dat,neutral_i,front,CV,true,false,false,18
akademiye,istansa,BB,a,true,dat,neutral_i,back,CV,true,false,false,3
akademiye,istansa,BB,a,true,loc,neutral_i,back,CV,true,false,false,1
akademiye,jakarname,BF,e,true,acc,neutral_i,none,CV,true,false,false,1
akademiye,jakarname,BF,e,true,loc,neutral_i,back,CV,true,false,false,1
akademiye,jame,BF,e,true,dat,unraised,front,CV,true,false,false,3
akademiye,jame,BF,e,true,loc,unraised,front,CV,true,false,false,4
akademiye,jaza,BB,a,true,acc,unraised,none,CV,true,false,false,5
akademiye,jaza,BB,a,true,dat,neutral_i,back,CV,true,false,false,4
akademiye,jaza,BB,a,true,dat,unraised,back,CV,true,false,false,39
akademiye,jaza,BB,a,true,loc,unraised,back,CV,true,false,false,3
akademiye,jende,FF,e,true,acc,neutral_i,none,CV,true,false,false,1
akademiye,jengname,BF,e,true,acc,neutral_i,none,CV,true,false,false,3
akademiye,jerimane,BF,e,true,acc,neutral_i,none,CV,true,false,false,1
akademiye,jerimane,BF,e,true,dat,neutral_i,back,CV,true,false,false,1
akademiye,jezire,FF,e,true,loc,neutral_i,front,CV,true,false,false,3
akademiye,jughlanma,BB,a,false,dat,neutral_i,back,CV,true,false,false,1
akademiye,jughrapiye,BF,e,false,acc,unraised,none,CV,true,false,false,2
akademiye,jughrapiye,BF,e,false,dat,unraised,front,CV,true,false,false,6
akademiye,jughrapiye,BF,e,false,loc,unraised,front,CV,true,false,false,17
akademiye,kala,BB,a,true,dat,neutral_i,back,CV,true,false,false,9
akademiye,kalla,BB,a,true,acc,neutral_i,none,CV,true,false,false,5
akademiye,kalla,BB,a,true,dat,neutral_i,back,CV,true,false,false,8
akademiye,kalla,BB,a,true,loc,neutral_i,back,CV,true,false,false,7
akademiye,kaloriye,BF,e,false,acc,unraised,none,CV,true,false,false,1
akademiye,kaloriye,BF,e,false,dat,unraised,front,CV,true,false,false,1
akademiye,kana,BB,a,true,acc,neutral_i,none,CV,true,false,false,3
akademiye,kana,BB,a,true,dat,neutral_i,back,CV,true,false,false,2
akademiye,kana,BB,a,true,loc,neutral_i,back,CV,true,false,false,1
akademiye,kapaletname,BF,e,true,dat,neutral_i,back,CV,true,false,false,1
akademiye,karta,BB,a,true,dat,neutral_i,back,CV,true,false,false,5
akademiye,karxana,BB,a,true,acc,neutral_i,none,CV,true,false,false,4
akademiye,karxana,BB,a,true,dat,neutral_i,back,CV,true,false,false,2
akademiye,karxana,BB,a,true,loc,neutral_i,back,CV,true,false,false,1
akademiye,kasa,BB,a,true,loc,neutral_i,back,CV,true,false,false,1
akademiye,kashila,BB,a,true,acc,neutral_i,none,CV,true,false,false,1
akademiye,kashila,BB,a,true,dat,neutral_i,back,CV,true,false,false,1
akademiye,kassa,BB,a,true,acc,neutral_i,none,CV,true,false,false,2
akademiye,katégoriye,BF,e,false,dat,neutral_i,front,CV,true,false,false,6
akademiye,katégoriye,BF,e,false,dat,unraised,front,CV,true,false,false,13
akademiye,katégoriye,BF,e,false,loc,neutral_i,front,CV,true,false,false,1
akademiye,katégoriye,BF,e,false,loc,unraised,front,CV,true,false,false,1
akademiye,kawa,BB,a,true,loc,neutral_i,back,CV,true,false,false,1
akademiye,kawapxana,BB,a,true,acc,neutral_i,none,CV,true,false,false,1
akademiye,kelime,FF,e,true,acc,neutral_i,none,CV,true,false,false,6
akademiye,kepe,FF,e,true,acc,neutral_i,none,CV,true,false,false,1
akademiye,kepe,FF,e,true,dat,neutral_i,front,CV,true,false,false,2
akademiye,kepe,FF,e,true,loc,neutral_i,front,CV,true,false,false,6
akademiye,kinaye,BF,e,true,dat,neutral_i,front,CV,true,false,false,1
akademiye,kinoxana,BB,a,false,acc,neutral_i,none,CV,true,false,false,1
akademiye,kinoxana,BB,a,false,dat,neutral_i,back,CV,true,false,false,1
akademiye,kinoxana,BB,a,false,loc,neutral_i,back,CV,true,false,false,1
akademiye,kitabche,BF,e,true,acc,neutral_i,none,CV,true,false,false,3
akademiye,kitabche,BF,e,true,dat,neutral_i,back,CV,true,false,false,1
akademiye,kitabxana,BB,a,true,acc,neutral_i,none,CV,true,false,false,2
akademiye,kitabxana,BB,a,true,dat,neutral_i,back,CV,true,false,false,6
akademiye,kitabxana,BB,a,true,loc,neutral_i,back,CV,true,false,false,2
akademiye,kocha,BB,a,false,acc,neutral_i,none,CV,true,false,false,9
akademiye,kocha,BB,a,false,dat,neutral_i,back,CV,true,false,false,48
akademiye,kocha,BB,a,false,loc,neutral_i,back,CV,true,false,false,66
akademiye,kokula,BB,a,false,acc,neutral_i,none,CV,true,false,false,1
akademiye,koldurma,BB,a,false,acc,neutral_i,none,CV,true,false,false,1
akademiye,komanda,BB,a,false,acc,neutral_i,none,CV,true,false,false,2
akademiye,komanda,BB,a,false,dat,neutral_i,back,CV,true,false,false,2
akademiye,komanda,BB,a,false,loc,neutral_i,back,CV,true,false,false,1
akademiye,kompozitsiye,BF,e,false,acc,unraised,none,CV,true,false,false,3
akademiye,konsulxana,BB,a,false,acc,neutral_i,none,CV,true,false,false,4
akademiye,konsulxana,BB,a,false,dat,neutral_i,back,CV,true,false,false,6
akademiye,konsulxana,BB,a,false,loc,neutral_i,back,CV,true,false,false,5
akademiye,kopiye,BF,e,false,dat,unraised,front,CV,true,false,false,1
akademiye,koza,BB,a,false,acc,neutral_i,none,CV,true,false,false,1
akademiye,koza,BB,a,false,dat,neutral_i,back,CV,true,false,false,3
akademiye,kula,BB,a,false,loc,neutral_i,back,CV,true,false,false,1
akademiye,kutupxana,BB,a,false,acc,neutral_i,none,CV,true,false,false,3
akademiye,kutupxana,BB,a,false,dat,neutral_i,back,CV,true,false,false,7
akademiye,kutupxana,BB,a,false,dat,neutral_i,front,CV,true,false,false,2
akademiye,kutupxana,BB,a,false,loc,neutral_i,back,CV,true,false,false,7
akademiye,kélishimname,BF,e,true,acc,neutral_i,none,CV,true,false,false,1
akademiye,kélishimname,BF,e,true,dat,neutral_i,front,CV,true,false,false,1
akademiye,körgezme,FF,e,false,dat,neutral_i,front,CV,true,false,false,7
akademiye,körsetme,FF,e,false,acc,neutral_i,none,CV,true,false,false,3
akademiye,körsetme,FF,e,false,dat,neutral_i,front,CV,true,false,false,1
akademiye,körsetme,FF,e,false,loc,neutral_i,front,CV,true,false,false,2
akademiye,kötüre,FF,e,false,dat,neutral_i,front,CV,true,false,false,2
akademiye,küshende,FF,e,false,dat,neutral_i,front,CV,true,false,false,1
akademiye,kütüpxana,BB,a,false,acc,neutral_i,none,CV,true,false,false,3
akademiye,kütüpxana,BB,a,false,dat,neutral_i,back,CV,true,false,false,4
akademiye,kütüpxana,BB,a,false,dat,neutral_i,front,CV,true,false,false,1
akademiye,kütüpxana,BB,a,false,loc,neutral_i,back,CV,true,false,false,5
akademiye,lale,BF,e,true,dat,neutral_i,front,CV,true,false,false,1
akademiye,lampa,BB,a,true,acc,neutral_i,none,CV,true,false,false,2
akademiye,lata,BB,a,true,dat,neutral_i,back,CV,true,false,false,1
akademiye,lawa,BB,a,true,dat,neutral_i,back,CV,true,false,false,2
akademiye,lawa,BB,a,true,loc,neutral_i,back,CV,true,false,false,1
akademiye,layihe,BF,e,true,acc,neutral_i,none,CV,true,false,false,4
akademiye,layihe,BF,e,true,acc,unraised,none,CV,true,false,false,13
akademiye,layihe,BF,e,true,dat,unraised,front,CV,true,false,false,6
akademiye,layihe,BF,e,true,loc,neutral_i,front,CV,true,false,false,2
akademiye,layihe,BF,e,true,loc,unraised,front,CV,true,false,false,6
akademiye,laza,BB,a,true,dat,neutral_i,back,CV,true,false,false,1
akademiye,lehze,FF,e,true,loc,neutral_i,front,CV,true,false,false,2
akademiye,lerze,FF,e,true,dat,neutral_i,front,CV,true,false,false,56
akademiye,lerze,FF,e,true,loc,neutral_i,front,CV,true,false,false,1
akademiye,lexme,FF,e,true,acc,neutral_i,none,CV,true,false,false,1
akademiye,madara,BB,a,true,acc,neutral_i,none,CV,true,false,false,1
akademiye,madda,BB,a,true,acc,neutral_i,none,CV,true,false,false,25
akademiye,madda,BB,a,true,dat,neutral_i,back,CV,true,false,false,18
akademiye,madda,BB,a,true,loc,neutral_i,back,CV,true,false,false,7
akademiye,maliye,BF,e,true,acc,unraised,none,CV,true,false,false,3
akademiye,maliye,BF,e,true,loc,unraised,front,CV,true,false,false,4
akademiye,manta,BB,a,true,acc,neutral_i,none,CV,true,false,false,2
akademiye,manta,BB,a,true,dat,neutral_i,back,CV,true,false,false,3
akademiye,maqale,BF,e,true,acc,unraised,none,CV,true,false,false,6
akademiye,maqale,BF,e,true,dat,unraised,front,CV,true,false,false,3
akademiye,maqale,BF,e,true,loc,unraised,front,CV,true,false,false,1
akademiye,mashina,BB,a,true,acc,neutral_i,none,CV,true,false,false,22
akademiye,mashina,BB,a,true,dat,neutral_i,back,CV,true,false,false,28
akademiye,mashina,BB,a,true,loc,neutral_i,back,CV,true,false,false,21
akademiye,massa,BB,a,true,acc,neutral_i,none,CV,true,false,false,3
akademiye,massa,BB,a,true,dat,neutral_i,back,CV,true,false,false,4
akademiye,maysa,BB,a,true,dat,neutral_i,back,CV,true,false,false,1
akademiye,medhiye,FF,e,true,dat,unraised,front,CV,true,false,false,2
akademiye,medrise,FF,e,true,acc,neutral_i,none,CV,true,false,false,4
akademiye,medrise,FF,e,true,dat,neutral_i,front,CV,true,false,false,9
akademiye,medrise,FF,e,true,loc,neutral_i,front,CV,true,false,false,33
akademiye,mehelle,FF,e,true,acc,neutral_i,none,CV,true,false,false,7
akademiye,mehelle,FF,e,true,dat,neutral_i,front,CV,true,false,false,13
akademiye,mehelle,FF,e,true,loc,neutral_i,front,CV,true,false,false,25
akademiye,mejmu'e,BF,e,false,acc,unraised,none,CV,true,false,false,3
akademiye,mejmu'e,BF,e,false,dat,unraised,front,CV,true,false,false,1
akademiye,mejmu'e,BF,e,false,loc,unraised,front,CV,true,false,false,3
akademiye,memedana,BB,a,true,acc,neutral_i,none,CV,true,false,false,1
akademiye,menbe,FF,e,true,acc,unraised,none,CV,true,false,false,9
akademiye,menbe,FF,e,true,dat,unraised,front,CV,true,false,false,31
akademiye,menbe,FF,e,true,loc,unraised,front,CV,true,false,false,14
akademiye,mepkure,BF,e,false,acc,neutral_i,none,CV,true,false,false,6
akademiye,mepkure,BF,e,false,dat,neutral_i,front,CV,true,false,false,7
akademiye,meqbere,FF,e,true,acc,neutral_i,none,CV,true,false,false,4
akademiye,mersiye,FF,e,true,acc,unraised,none,CV,true,false,false,1
akademiye,mertiwe,FF,e,true,acc,neutral_i,none,CV,true,false,false,3
akademiye,mertiwe,FF,e,true,dat,neutral_i,front,CV,true,false,false,14
akademiye,mertiwe,FF,e,true,loc,neutral_i,front,CV,true,false,false,5
akademiye,mesle,FF,e,true,acc,neutral_i,none,CV,true,false,false,11
akademiye,mesle,FF,e,true,dat,neutral_i,front,CV,true,false,false,10
akademiye,mesle,FF,e,true,loc,neutral_i,front,CV,true,false,false,6
akademiye,mesxire,FF,e,true,dat,neutral_i,front,CV,true,false,false,3
akademiye,metbe'e,FF,e,true,acc,unraised,none,CV,true,false,false,4
akademiye,metbe'e,FF,e,true,dat,unraised,front,CV,true,false,false,4
akademiye,metbe'e,FF,e,true,loc,unraised,front,CV,true,false,false,16
akademiye,mete,FF,e,true,acc,neutral_i,none,CV,true,false,false,1
akademiye,meyde,FF,e,true,acc,neutral_i,none,CV,true,false,false,1
akademiye,meyxana,BB,a,true,dat,neutral_i,back,CV,true,false,false,1
akademiye,meyxana,BB,a,true,loc,neutral_i,back,CV,true,false,false,1
akademiye,meze,FF,e,true,acc,neutral_i,none,CV,true,false,false,1
akademiye,milengze,FF,e,true,acc,neutral_i,none,CV,true,false,false,1
akademiye,molla,BB,a,false,acc,neutral_i,none,CV,true,false,false,2
akademiye,molla,BB,a,false,dat,neutral_i,back,CV,true,false,false,2
akademiye,molla,BB,a,false,loc,neutral_i,back,CV,true,false,false,2
akademiye,mora,BB,a,false,acc,neutral_i,none,CV,true,false,false,1
akademiye,mu'amile,BF,e,false,acc,neutral_i,none,CV,true,false,false,3
akademiye,mu'amile,BF,e,false,dat,neutral_i,front,CV,true,false,false,22
akademiye,mu'amile,BF,e,false,loc,neutral_i,front,CV,true,false,false,60
akademiye,mu'essese,FF,e,false,acc,neutral_i,none,CV,true,false,false,2
akademiye,mudaxile,BF,e,false,dat,neutral_i,front,CV,true,false,false,1
akademiye,muhasire,BF,e,false,acc,neutral_i,none,CV,true,false,false,4
akademiye,muhasire,BF,e,false,dat,neutral_i,front,CV,true,false,false,22
akademiye,mulahize,BF,e,false,acc,neutral_i,none,CV,true,false,false,1
akademiye,mulahize,BF,e,false,dat,neutral_i,front,CV,true,false,false,4
akademiye,mulahize,BF,e,false,loc,neutral_i,front,CV,true,false,false,1
akademiye,muma,BB,a,false,acc,neutral_i,none,CV,true,false,false,1
akademiye,munazire,BF,e,false,acc,neutral_i,none,CV,true,false,false,11
akademiye,munazire,BF,e,false,dat,neutral_i,front,CV,true,false,false,20
akademiye,munazire,BF,e,false,loc,neutral_i,front,CV,true,false,false,13
akademiye,muncha,BB,a,false,dat,neutral_i,back,CV,true,true,false,6
akademiye,muncha,BB,a,false,loc,neutral_i,back,CV,true,true,false,4
akademiye,muqawa,BB,a,false,dat,neutral_i,back,CV,true,false,false,1
akademiye,muqeddime,FF,e,false,acc,neutral_i,none,CV,true,false,false,1
akademiye,muqeddime,FF,e,false,dat,neutral_i,front,CV,true,false,false,1
akademiye,muqeddime,FF,e,false,loc,neutral_i,front,CV,true,false,false,5
akademiye,murda,BB,a,false,dat,neutral_i,back,CV,true,false,false,2
akademiye,musape,BF,e,false,acc,neutral_i,none,CV,true,false,false,31
akademiye,musape,BF,e,false,dat,neutral_i,front,CV,true,false,false,7
akademiye,musape,BF,e,false,loc,neutral_i,front,CV,true,false,false,14
akademiye,méhmanxana,BB,a,true,acc,neutral_i,none,CV,true,false,false,3
akademiye,méhmanxana,BB,a,true,dat,neutral_i,back,CV,true,false,false,15
akademiye,méhmanxana,BB,a,true,loc,neutral_i,back,CV,true,false,false,9
akademiye,möjize,FF,e,false,acc,neutral_i,none,CV,true,false,false,7
akademiye,möjize,FF,e,false,dat,neutral_i,front,CV,true,false,false,6
akademiye,müre,FF,e,false,acc,neutral_i,none,CV,true,false,false,7
akademiye,müre,FF,e,false,dat,neutral_i,front,CV,true,false,false,9
akademiye,nahiye,BF,e,true,acc,neutral_i,none,CV,true,false,false,2
akademiye,nahiye,BF,e,true,dat,neutral_i,front,CV,true,false,false,5
akademiye,nahiye,BF,e,true,dat,unraised,front,CV,true,false,false,4
akademiye,nahiye,BF,e,true,loc,neutral_i,front,CV,true,false,false,7
akademiye,nahiye,BF,e,true,loc,unraised,front,CV,true,false,false,2
akademiye,nale,BF,e,true,acc,neutral_i,none,CV,true,false,false,2
akademiye,nashta,BB,a,true,dat,neutral_i,back,CV,true,false,false,2
akademiye,nashta,BB,a,true,loc,neutral_i,back,CV,true,false,false,2
akademiye,nawayxana,BB,a,true,loc,neutral_i,back,CV,true,false,false,1
akademiye,naxsha,BB,a,true,acc,neutral_i,none,CV,true,false,false,34
akademiye,naxsha,BB,a,true,dat,neutral_i,back,CV,true,false,false,13
akademiye,naxsha,BB,a,true,loc,neutral_i,back,CV,true,false,false,3
akademiye,nere,FF,e,true,dat,neutral_i,front,CV,true,false,false,3
akademiye,nere,FF,e,true,loc,neutral_i,front,CV,true,false,false,5
akademiye,nerse,FF,e,true,acc,neutral_i,none,CV,true,false,false,278
akademiye,nerse,FF,e,true,dat,neutral_i,front,CV,true,false,false,150
akademiye,nerse,FF,e,true,loc,neutral_i,front,CV,true,false,false,13
akademiye,nesebname,BF,e,true,dat,neutral_i,front,CV,true,false,false,2
akademiye,nesebname,BF,e,true,loc,neutral_i,front,CV,true,false,false,1
akademiye,netije,FF,e,true,acc,neutral_i,none,CV,true,false,false,47
akademiye,netije,FF,e,true,dat,neutral_i,front,CV,true,false,false,86
akademiye,netije,FF,e,true,loc,neutral_i,front,CV,true,false,false,393
akademiye,newre,FF,e,true,dat,neutral_i,front,CV,true,false,false,1
akademiye,neyze,FF,e,true,acc,neutral_i,none,CV,true,false,false,1
akademiye,neyze,FF,e,true,dat,neutral_i,front,CV,true,false,false,1
akademiye,nezeriye,FF,e,true,acc,unraised,none,CV,true,false,false,9
akademiye,nezeriye,FF,e,true,dat,unraised,front,CV,true,false,false,10
akademiye,nezeriye,FF,e,true,loc,unraised,front,CV,true,false,false,4
akademiye,nezme,FF,e,true,acc,neutral_i,none,CV,true,false,false,2
akademiye,nezme,FF,e,true,loc,neutral_i,front,CV,true,false,false,5
akademiye,nizamname,BF,e,true,acc,neutral_i,none,CV,true,false,false,2
akademiye,nizamname,BF,e,true,dat,neutral_i,back,CV,true,false,false,2
akademiye,nizamname,BF,e,true,dat,neutral_i,front,CV,true,false,false,6
akademiye,nizamname,BF,e,true,loc,neutral_i,back,CV,true,false,false,2
akademiye,nizamname,BF,e,true,loc,neutral_i,front,CV,true,false,false,1
akademiye,nota,BB,a,false,acc,neutral_i,none,CV,true,false,false,3
akademiye,nota,BB,a,false,dat,neutral_i,back,CV,true,false,false,6
akademiye,noxta,BB,a,false,acc,neutral_i,none,CV,true,false,false,1
akademiye,noxta,BB,a,false,dat,neutral_i,back,CV,true,false,false,1
akademiye,oligarxiye,BF,e,false,acc,unraised,none,CV,true,false,false,1
akademiye,olja,BB,a,false,acc,neutral_i,none,CV,true,false,false,5
akademiye,olja,BB,a,false,dat,neutral_i,back,CV,true,false,false,9
akademiye,opératsiye,BF,e,false,loc,unraised,front,CV,true,false,false,1
akademiye,orbita,BB,a,false,dat,neutral_i,back,CV,true,false,false,5
akademiye,orbita,BB,a,false,loc,neutral_i,back,CV,true,false,false,3
akademiye,orda,BB,a,false,acc,neutral_i,none,CV,true,false,false,12
akademiye,orda,BB,a,false,dat,neutral_i,back,CV,true,false,false,37
akademiye,orda,BB,a,false,loc,neutral_i,back,CV,true,false,false,31
akademiye,ottura,BB,a,false,acc,neutral_i,none,CV,true,false,false,19
akademiye,ottura,BB,a,false,dat,neutral_i,back,CV,true,false,false,886
akademiye,ottura,BB,a,false,loc,neutral_i,back,CV,true,false,false,52
akademiye,otunxana,BB,a,false,dat,neutral_i,back,CV,true,false,false,1
akademiye,oyma,BB,a,false,dat,neutral_i,back,CV,true,false,false,1
akademiye,pada,BB,a,true,dat,neutral_i,back,CV,true,false,false,6
akademiye,pahishe,BF,e,true,acc,neutral_i,none,CV,true,false,false,1
akademiye,pahishe,BF,e,true,dat,neutral_i,front,CV,true,false,false,1
akademiye,palata,BB,a,true,dat,unraised,back,CV,true,false,false,1
akademiye,palla,BB,a,true,loc,neutral_i,front,CV,true,false,false,1
akademiye,palta,BB,a,true,acc,neutral_i,none,CV,true,false,false,6
akademiye,palta,BB,a,true,dat,neutral_i,back,CV,true,false,false,3
akademiye,palta,BB,a,true,loc,neutral_i,back,CV,true,false,false,1
akademiye,parische,BF,e,true,dat,neutral_i,back,CV,true,false,false,4
akademiye,parische,BF,e,true,loc,neutral_i,back,CV,true,false,false,1
akademiye,parische,BF,e,true,loc,neutral_i,front,CV,true,false,false,1
akademiye,parsche,BF,e,true,acc,neutral_i,none,CV,true,false,false,5
akademiye,parsche,BF,e,true,dat,neutral_i,back,CV,true,false,false,8
akademiye,parta,BB,a,true,loc,neutral_i,back,CV,true,false,false,4
akademiye,partiye,BF,e,true,acc,neutral_i,none,CV,true,false,false,1
akademiye,partiye,BF,e,true,acc,unraised,none,CV,true,false,false,6
akademiye,partiye,BF,e,true,dat,neutral_i,front,CV,true,false,false,9
akademiye,partiye,BF,e,true,dat,unraised,front,CV,true,false,false,13
akademiye,pasha,BB,a,true,acc,neutral_i,none,CV,true,false,false,1
akademiye,pasha,BB,a,true,dat,neutral_i,back,CV,true,false,false,1
akademiye,paxta,BB,a,true,acc,neutral_i,none,CV,true,false,false,2
akademiye,paxta,BB,a,true,dat,neutral_i,back,CV,true,false,false,3
akademiye,paxta,BB,a,true,loc,neutral_i,back,CV,true,false,false,5
akademiye,payda,BB,a,true,acc,neutral_i,none,CV,true,false,false,11
akademiye,payda,BB,a,true,dat,neutral_i,back,CV,true,false,false,22
akademiye,payda,BB,a,true,loc,neutral_i,back,CV,true,false,false,1
akademiye,pede,FF,e,true,acc,neutral_i,none,CV,true,false,false,2
akademiye,pede,FF,e,true,dat,neutral_i,front,CV,true,false,false,3
akademiye,pede,FF,e,true,loc,neutral_i,front,CV,true,false,false,2
akademiye,pelle,FF,e,true,acc,neutral_i,none,CV,true,false,false,5
akademiye,pelle,FF,e,true,dat,neutral_i,front,CV,true,false,false,121
akademiye,pelle,FF,e,true,loc,neutral_i,front,CV,true,false,false,3
akademiye,pelsepe,FF,e,true,acc,neutral_i,none,CV,true,false,false,14
akademiye,pelsepe,FF,e,true,dat,neutral_i,front,CV,true,false,false,12
akademiye,pelsepe,FF,e,true,loc,neutral_i,front,CV,true,false,false,7
akademiye,penje,FF,e,true,loc,neutral_i,front,CV,true,false,false,1
akademiye,perde,FF,e,true,acc,neutral_i,none,CV,true,false,false,3
akademiye,perde,FF,e,true,dat,neutral_i,front,CV,true,false,false,1
akademiye,perishte,FF,e,true,acc,neutral_i,none,CV,true,false,false,1
akademiye,perishte,FF,e,true,dat,neutral_i,front,CV,true,false,false,6
akademiye,perwane,BF,e,true,acc,neutral_i,none,CV,true,false,false,1
akademiye,perwane,BF,e,true,dat,neutral_i,back,CV,true,false,false,1
akademiye,perwane,BF,e,true,dat,neutral_i,front,CV,true,false,false,2
akademiye,perwane,BF,e,true,loc,neutral_i,back,CV,true,false,false,1
akademiye,pete,FF,e,true,acc,neutral_i,none,CV,true,false,false,1
akademiye,petiwa,FB,a,true,acc,unraised,none,CV,true,false,false,3
akademiye,petiwa,FB,a,true,dat,unraised,back,CV,true,false,false,2
akademiye,peyshenbe,FF,e,true,dat,neutral_i,front,CV,true,false,false,1
akademiye,pirogramma,BB,a,false,acc,neutral_i,none,CV,true,false,false,5
akademiye,pirogramma,BB,a,false,dat,neutral_i,back,CV,true,false,false,1
akademiye,pirogramma,BB,a,false,loc,neutral_i,back,CV,true,false,false,4
akademiye,piroza,BB,a,false,dat,neutral_i,back,CV,true,false,false,1
akademiye,piyale,BF,e,true,acc,neutral_i,none,CV,true,false,false,3
akademiye,piyale,BF,e,true,dat,neutral_i,back,CV,true,false,false,2
akademiye,piyale,BF,e,true,loc,neutral_i,front,CV,true,false,false,1
akademiye,pochtixana,BB,a,false,dat,neutral_i,back,CV,true,false,false,2
akademiye,pochtixana,BB,a,false,loc,neutral_i,back,CV,true,false,false,2
akademiye,poshtixana,BB,a,false,acc,neutral_i,none,CV,true,false,false,1
akademiye,pota,BB,a,false,acc,neutral_i,none,CV,true,false,false,2
akademiye,pota,BB,a,false,dat,neutral_i,back,CV,true,false,false,1
akademiye,potla,BB,a,false,dat,neutral_i,back,CV,true,false,false,1
akademiye,pozitsiye,BF,e,false,acc,unraised,none,CV,true,false,false,6
akademiye,pozitsiye,BF,e,false,dat,unraised,front,CV,true,false,false,11
akademiye,pozitsiye,BF,e,false,loc,unraised,front,CV,true,false,false,29
akademiye,programma,BB,a,false,acc,neutral_i,none,CV,true,false,false,7
akademiye,programma,BB,a,false,dat,neutral_i,back,CV,true,false,false,8
akademiye,programma,BB,a,false,loc,neutral_i,back,CV,true,false,false,2
akademiye,péshane,BF,e,true,dat,neutral_i,front,CV,true,false,false,2
akademiye,qa'ide,BF,e,true,acc,neutral_i,none,CV,true,false,false,12
akademiye,qa'ide,BF,e,true,dat,neutral_i,front,CV,true,false,false,29
akademiye,qa'ide,BF,e,true,loc,neutral_i,front,CV,true,false,false,1
akademiye,qacha,BB,a,true,acc,neutral_i,none,CV,true,false,false,1
akademiye,qacha,BB,a,true,dat,neutral_i,back,CV,true,false,false,9
akademiye,qacha,BB,a,true,loc,neutral_i,back,CV,true,false,false,9
akademiye,qamaqxana,BB,a,true,dat,neutral_i,back,CV,true,false,false,3
akademiye,qamaqxana,BB,a,true,loc,neutral_i,back,CV,true,false,false,2
akademiye,qamcha,BB,a,true,acc,neutral_i,none,CV,true,false,false,3
akademiye,qamcha,BB,a,true,dat,neutral_i,back,CV,true,false,false,1
akademiye,qapartma,BB,a,true,acc,neutral_i,none,CV,true,false,false,3
akademiye,qapiye,BF,e,true,acc,unraised,none,CV,true,false,false,1
akademiye,qapiye,BF,e,true,dat,unraised,front,CV,true,false,false,2
akademiye,qapiye,BF,e,true,loc,unraised,front,CV,true,false,false,2
akademiye,qarawulxana,BB,a,false,dat,neutral_i,back,CV,true,false,false,1
akademiye,qarawulxana,BB,a,false,loc,neutral_i,back,CV,true,false,false,2
akademiye,qasha,BB,a,true,dat,neutral_i,back,CV,true,false,false,3
akademiye,qawaqxana,BB,a,true,loc,neutral_i,back,CV,true,false,false,4
akademiye,qaycha,BB,a,true,loc,neutral_i,back,CV,true,false,false,1
akademiye,qaza,BB,a,true,dat,neutral_i,back,CV,true,false,false,3
akademiye,qebile,FF,e,true,acc,neutral_i,none,CV,true,false,false,10
akademiye,qebile,FF,e,true,dat,neutral_i,front,CV,true,false,false,25
akademiye,qebile,FF,e,true,loc,neutral_i,front,CV,true,false,false,4
akademiye,qebre,FF,e,true,acc,neutral_i,none,CV,true,false,false,19
akademiye,qebre,FF,e,true,dat,neutral_i,front,CV,true,false,false,20
akademiye,qebre,FF,e,true,loc,neutral_i,front,CV,true,false,false,11
akademiye,qehwexana,BB,a,true,acc,neutral_i,none,CV,true,false,false,1
akademiye,qehwexana,BB,a,true,dat,neutral_i,back,CV,true,false,false,1
akademiye,qehwexana,BB,a,true,loc,neutral_i,back,CV,true,false,false,1
akademiye,qeside,FF,e,true,loc,neutral_i,front,CV,true,false,false,2
akademiye,qetre,FF,e,true,acc,neutral_i,none,CV,true,false,false,1
akademiye,qetre,FF,e,true,dat,neutral_i,front,CV,true,false,false,2
akademiye,qetre,FF,e,true,loc,neutral_i,front,CV,true,false,false,1
akademiye,qimarxana,BB,a,true,acc,neutral_i,none,CV,true,false,false,1
akademiye,qobulxana,BB,a,false,loc,neutral_i,back,CV,true,false,false,3
akademiye,qomanda,BB,a,false,dat,neutral_i,back,CV,true,false,false,1
akademiye,qorma,BB,a,false,dat,neutral_i,back,CV,true,false,false,1
akademiye,qoza,BB,a,false,acc,neutral_i,none,CV,true,false,false,3
akademiye,qoza,BB,a,false,dat,neutral_i,back,CV,true,false,false,1
akademiye,qure,BF,e,false,dat,neutral_i,back,CV,true,true,false,2
akademiye,qure,BF,e,false,loc,neutral_i,back,CV,true,true,false,5
akademiye,qurulma,BB,a,false,acc,neutral_i,none,CV,true,false,false,20
akademiye,qurulma,BB,a,false,dat,neutral_i,back,CV,true,false,false,32
akademiye,qurulma,BB,a,false,loc,neutral_i,back,CV,true,false,false,3
akademiye,reddiye,FF,e,true,acc,unraised,none,CV,true,false,false,2
akademiye,resetxana,BB,a,true,dat,neutral_i,back,CV,true,false,false,1
akademiye,resetxana,BB,a,true,loc,neutral_i,back,CV,true,false,false,1
akademiye,reste,FF,e,true,dat,neutral_i,front,CV,true,false,false,3
akademiye,reste,FF,e,true,loc,neutral_i,front,CV,true,false,false,1
akademiye,risale,BF,e,true,acc,neutral_i,none,CV,true,false,false,3
akademiye,risale,BF,e,true,loc,neutral_i,front,CV,true,false,false,6
akademiye,rota,BB,a,false,dat,neutral_i,back,CV,true,false,false,1
akademiye,ruda,BB,a,false,acc,neutral_i,none,CV,true,false,false,1
akademiye,ruda,BB,a,false,dat,neutral_i,back,CV,true,false,false,1
akademiye,sada,BB,a,true,acc,unraised,none,CV,true,false,false,3
akademiye,sada,BB,a,true,dat,unraised,back,CV,true,false,false,4
akademiye,sada,BB,a,true,loc,unraised,back,CV,true,false,false,2
akademiye,sahabe,BF,e,true,acc,neutral_i,none,CV,true,false,false,3
akademiye,sahabe,BF,e,true,dat,neutral_i,front,CV,true,false,false,2
akademiye,sahe,BF,e,true,acc,unraised,none,CV,true,false,false,12
akademiye,sahe,BF,e,true,dat,unraised,front,CV,true,false,false,60
akademiye,sahe,BF,e,true,loc,unraised,front,CV,true,false,false,163
akademiye,sahibxana,BB,a,true,acc,neutral_i,none,CV,true,false,false,1
akademiye,sahibxana,BB,a,true,dat,neutral_i,back,CV,true,false,false,1
akademiye,sala,BB,a,true,acc,neutral_i,none,CV,true,false,false,1
akademiye,sala,BB,a,true,dat,neutral_i,back,CV,true,false,false,1
akademiye,samanxana,BB,a,true,acc,neutral_i,none,CV,true,false,false,1
akademiye,samanxana,BB,a,true,dat,neutral_i,back,CV,true,false,false,1
akademiye,samanxana,BB,a,true,loc,neutral_i,back,CV,true,false,false,1
akademiye,sanatoriye,BF,e,false,loc,unraised,front,CV,true,false,false,2
akademiye,sapa,BB,a,true,acc,unraised,none,CV,true,false,false,12
akademiye,sapa,BB,a,true,dat,unraised,back,CV,true,false,false,17
akademiye,sapa,BB,a,true,loc,unraised,back,CV,true,false,false,2
akademiye,saqchixana,BB,a,true,acc,neutral_i,none,CV,true,false,false,1
akademiye,saqchixana,BB,a,true,dat,neutral_i,back,CV,true,false,false,8
akademiye,saqchixana,BB,a,true,loc,neutral_i,back,CV,true,false,false,3
akademiye,sarasime,BF,e,true,dat,neutral_i,back,CV,true,false,false,2
akademiye,sarasime,BF,e,true,dat,neutral_i,front,CV,true,false,false,21
akademiye,satirashxana,BB,a,true,dat,neutral_i,back,CV,true,false,false,1
akademiye,saye,BF,e,true,dat,neutral_i,back,CV,true,true,false,3
akademiye,saye,BF,e,true,loc,neutral_i,back,CV,true,true,false,3
akademiye,saye,BF,e,true,loc,neutral_i,front,CV,true,true,false,1
akademiye,saza,BB,a,true,acc,neutral_i,none,CV,true,false,false,2
akademiye,saza,BB,a,true,dat,neutral_i,back,CV,true,false,false,1
akademiye,sazende,FF,e,true,dat,neutral_i,front,CV,true,false,false,2
akademiye,sehipe,FF,e,true,acc,neutral_i,none,CV,true,false,false,2
akademiye,sehipe,FF,e,true,dat,neutral_i,front,CV,true,false,false,3
akademiye,sehne,FF,e,true,acc,neutral_i,none,CV,true,false,false,2
akademiye,sehne,FF,e,true,dat,neutral_i,front,CV,true,false,false,54
akademiye,sehne,FF,e,true,loc,neutral_i,front,CV,true,false,false,44
akademiye,sehra,FB,a,true,acc,unraised,none,CV,true,false,false,1
akademiye,sehra,FB,a,true,dat,unraised,back,CV,true,false,false,5
akademiye,sehra,FB,a,true,loc,unraised,back,CV,true,false,false,7
akademiye,sehra,FB,a,true,loc,unraised,front,CV,true,false,false,1
akademiye,sejde,FF,e,true,acc,neutral_i,none,CV,true,false,false,2
akademiye,sejde,FF,e,true,dat,neutral_i,front,CV,true,false,false,8
akademiye,sepsete,FF,e,true,acc,neutral_i,none,CV,true,false,false,10
akademiye,sepsete,FF,e,true,dat,neutral_i,front,CV,true,false,false,3
akademiye,serkerde,FF,e,true,acc,neutral_i,none,CV,true,false,false,1
akademiye,serkerde,FF,e,true,dat,neutral_i,front,CV,true,false,false,1
akademiye,serlewhe,FF,e,true,dat,neutral_i,front,CV,true,false,false,1
akademiye,serlewhe,FF,e,true,loc,neutral_i,front,CV,true,false,false,1
akademiye,sewda,FB,a,true,dat,neutral_i,front,CV,true,true,false,1
akademiye,sewiye,FF,e,true,acc,neutral_i,none,CV,true,false,false,5
akademiye,sewiye,FF,e,true,acc,unraised,none,CV,true,false,false,6
akademiye,sewiye,FF,e,true,dat,neutral_i,front,CV,true,false,false,52
akademiye,sewiye,FF,e,true,dat,unraised,front,CV,true,false,false,52
akademiye,sewiye,FF,e,true,loc,neutral_i,front,CV,true,false,false,40
akademiye,sewiye,FF,e,true,loc,unraised,front,CV,true,false,false,59
akademiye,sewze,FF,e,true,loc,neutral_i,front,CV,true,false,false,1
akademiye,seyle,FF,e,true,dat,neutral_i,front,CV,true,false,false,2
akademiye,seyle,FF,e,true,loc,neutral_i,front,CV,true,false,false,4
akademiye,seyshenbe,FF,e,true,dat,neutral_i,front,CV,true,false,false,1
akademiye,shala,BB,a,true,acc,neutral_i,none,CV,true,false,false,4
akademiye,sharche,BF,e,true,dat,neutral_i,back,CV,true,false,false,1
akademiye,sharqiratma,BB,a,true,loc,neutral_i,back,CV,true,false,false,1
akademiye,shejere,FF,e,true,acc,neutral_i,none,CV,true,false,false,1
akademiye,shenbe,FF,e,true,acc,neutral_i,none,CV,true,false,false,1
akademiye,shenbe,FF,e,true,dat,neutral_i,front,CV,true,false,false,1
akademiye,shepe,FF,e,true,acc,neutral_i,none,CV,true,false,false,1
akademiye,shepe,FF,e,true,dat,neutral_i,front,CV,true,false,false,2
akademiye,shertname,BF,e,true,acc,neutral_i,none,CV,true,false,false,8
akademiye,shertname,BF,e,true,dat,neutral_i,front,CV,true,false,false,8
akademiye,shertname,BF,e,true,loc,neutral_i,back,CV,true,false,false,1
akademiye,shertname,BF,e,true,loc,neutral_i,front,CV,true,false,false,3
akademiye,shilepe,FF,e,true,acc,neutral_i,none,CV,true,false,false,1
akademiye,shilepe,FF,e,true,dat,neutral_i,front,CV,true,false,false,1
akademiye,shipaxana,BB,a,true,acc,neutral_i,none,CV,true,false,false,1
akademiye,shipaxana,BB,a,true,dat,neutral_i,back,CV,true,false,false,2
akademiye,shipaxana,BB,a,true,loc,neutral_i,back,CV,true,false,false,2
akademiye,shiraza,BB,a,true,dat,neutral_i,back,CV,true,false,false,1
akademiye,shorpa,BB,a,false,acc,neutral_i,none,CV,true,false,false,1
akademiye,shorpa,BB,a,false,dat,neutral_i,back,CV,true,false,false,4
akademiye,shorpa,BB,a,false,loc,neutral_i,back,CV,true,false,false,2
akademiye,shota,BB,a,false,acc,neutral_i,none,CV,true,false,false,2
akademiye,shota,BB,a,false,dat,neutral_i,back,CV,true,false,false,2
akademiye,shoyna,BB,a,false,acc,neutral_i,none,CV,true,false,false,1
akademiye,shoyna,BB,a,false,dat,neutral_i,back,CV,true,false,false,2
akademiye,shübhe,FF,e,false,acc,neutral_i,none,CV,true,false,false,1
akademiye,shübhe,FF,e,false,dat,neutral_i,front,CV,true,false,false,2
akademiye,simfoniye,BF,e,false,acc,unraised,none,CV,true,false,false,2
akademiye,simfoniye,BF,e,false,dat,unraised,front,CV,true,false,false,1
akademiye,sofa,BB,a,false,acc,neutral_i,none,CV,true,false,false,1
akademiye,solaqxana,BB,a,false,dat,neutral_i,back,CV,true,false,false,2
akademiye,soraqxana,BB,a,false,loc,neutral_i,back,CV,true,false,false,1
akademiye,stéré'ométriye,BF,e,false,acc,unraised,none,CV,true,false,false,1
akademiye,sulale,BF,e,false,acc,neutral_i,none,CV,true,false,false,9
akademiye,sulale,BF,e,false,dat,neutral_i,front,CV,true,false,false,5
akademiye,supa,BB,a,false,acc,neutral_i,none,CV,true,false,false,1
akademiye,supa,BB,a,false,dat,neutral_i,back,CV,true,false,false,10
akademiye,supa,BB,a,false,loc,neutral_i,back,CV,true,false,false,7
akademiye,sélishturma,BB,a,false,acc,neutral_i,none,CV,true,false,false,4
akademiye,sélishturma,BB,a,false,dat,neutral_i,back,CV,true,false,false,1
akademiye,sélishturma,BB,a,false,loc,neutral_i,back,CV,true,false,false,4
akademiye,sénariye,BF,e,true,acc,unraised,none,CV,true,false,false,1
akademiye,sénariye,BF,e,true,dat,unraised,front,CV,true,false,false,1
akademiye,sénariye,BF,e,true,loc,unraised,front,CV,true,false,false,1
akademiye,ta'ala,BB,a,true,acc,unraised,none,CV,true,false,false,9
akademiye,ta'ala,BB,a,true,dat,unraised,back,CV,true,false,false,20
akademiye,ta'ala,BB,a,true,loc,unraised,back,CV,true,false,false,2
akademiye,ta'ipe,BF,e,true,acc,neutral_i,none,CV,true,false,false,1
akademiye,tamaqxana,BB,a,true,dat,neutral_i,back,CV,true,false,false,1
akademiye,tamasha,BB,a,true,acc,neutral_i,none,CV,true,false,false,2
akademiye,tamasha,BB,a,true,dat,neutral_i,back,CV,true,false,false,4
akademiye,tamuzhna,BB,a,false,loc,neutral_i,back,CV,true,false,false,1
akademiye,tana,BB,a,true,acc,neutral_i,none,CV,true,false,false,3
akademiye,tansa,BB,a,true,acc,neutral_i,none,CV,true,false,false,1
akademiye,tansa,BB,a,true,dat,neutral_i,back,CV,true,false,false,3
akademiye,tansa,BB,a,true,loc,neutral_i,back,CV,true,false,false,1
akademiye,tapancha,BB,a,true,acc,neutral_i,none,CV,true,false,false,4
akademiye,taraza,BB,a,true,acc,neutral_i,none,CV,true,false,false,2
akademiye,taraza,BB,a,true,dat,neutral_i,back,CV,true,false,false,4
akademiye,taraza,BB,a,true,loc,neutral_i,back,CV,true,false,false,7
akademiye,tartma,BB,a,true,dat,neutral_i,back,CV,true,false,false,1
akademiye,tatarche,BF,e,true,dat,neutral_i,back,CV,true,false,false,2
akademiye,taxta,BB,a,true,acc,neutral_i,none,CV,true,false,false,3
akademiye,taxta,BB,a,true,dat,neutral_i,back,CV,true,false,false,5
akademiye,taxta,BB,a,true,loc,neutral_i,back,CV,true,false,false,1
akademiye,tebrikname,BF,e,true,loc,neutral_i,front,CV,true,false,false,1
akademiye,tejiribe,FF,e,true,acc,neutral_i,none,CV,true,false,false,3
akademiye,tejiribe,FF,e,true,dat,neutral_i,front,CV,true,false,false,4
akademiye,tejribe,FF,e,true,acc,neutral_i,none,CV,true,false,false,4
akademiye,tejribe,FF,e,true,dat,neutral_i,front,CV,true,false,false,25
akademiye,tejribe,FF,e,true,loc,neutral_i,front,CV,true,false,false,4
akademiye,tejribixana,BB,a,true,acc,neutral_i,none,CV,true,false,false,1
akademiye,tejribixana,BB,a,true,dat,neutral_i,back,CV,true,false,false,5
akademiye,tejribixana,BB,a,true,loc,neutral_i,back,CV,true,false,false,4
akademiye,teklipname,BF,e,true,acc,neutral_i,none,CV,true,false,false,2
akademiye,teklipname,BF,e,true,loc,neutral_i,front,CV,true,false,false,1
akademiye,telepname,BF,e,true,acc,neutral_i,none,CV,true,false,false,2
akademiye,tene,FF,e,true,acc,neutral_i,none,CV,true,false,false,2
akademiye,tene,FF,e,true,dat,neutral_i,front,CV,true,false,false,1
akademiye,tenglime,FF,e,true,acc,neutral_i,none,CV,true,false,false,2
akademiye,tenglime,FF,e,true,loc,neutral_i,front,CV,true,false,false,2
akademiye,tentene,FF,e,true,dat,neutral_i,front,CV,true,false,false,4
akademiye,tenterbiye,FF,e,true,acc,unraised,none,CV,true,false,false,1
akademiye,tenterbiye,FF,e,true,dat,unraised,front,CV,true,false,false,1
akademiye,teqdirname,BF,e,true,acc,neutral_i,none,CV,true,false,false,2
akademiye,terbiye,FF,e,true,acc,neutral_i,none,CV,true,false,false,15
akademiye,terbiye,FF,e,true,acc,unraised,none,CV,true,false,false,10
akademiye,terbiye,FF,e,true,dat,neutral_i,front,CV,true,false,false,12
akademiye,terbiye,FF,e,true,dat,unraised,front,CV,true,false,false,10
akademiye,terbiye,FF,e,true,loc,neutral_i,front,CV,true,false,false,3
akademiye,terbiye,FF,e,true,loc,unraised,front,CV,true,false,false,4
akademiye,terjime,FF,e,true,dat,neutral_i,front,CV,true,false,false,5
akademiye,terjime,FF,e,true,loc,neutral_i,front,CV,true,false,false,19
akademiye,teslimname,BF,e,true,dat,neutral_i,front,CV,true,false,false,1
akademiye,tewbe,FF,e,true,acc,neutral_i,none,CV,true,false,false,1
akademiye,tewbe,FF,e,true,loc,neutral_i,front,CV,true,false,false,1
akademiye,tewe,FF,e,true,dat,unraised,back,CV,true,false,false,1
akademiye,tewe,FF,e,true,loc,unraised,front,CV,true,false,false,1
akademiye,tewsiye,FF,e,true,acc,unraised,none,CV,true,false,false,2
akademiye,tewsiye,FF,e,true,loc,unraised,front,CV,true,false,false,1
akademiye,texse,FF,e,true,dat,neutral_i,front,CV,true,false,false,1
akademiye,texse,FF,e,true,loc,neutral_i,front,CV,true,false,false,1
akademiye,tijaretxana,BB,a,true,acc,neutral_i,none,CV,true,false,false,1
akademiye,tiyatirxana,BB,a,true,loc,neutral_i,back,CV,true,false,false,4
akademiye,tonna,BB,a,false,dat,neutral_i,back,CV,true,false,false,2
akademiye,toqulma,BB,a,false,acc,neutral_i,none,CV,true,false,false,4
akademiye,toqulma,BB,a,false,dat,neutral_i,back,CV,true,false,false,2
akademiye,toqulma,BB,a,false,loc,neutral_i,back,CV,true,false,false,2
akademiye,torxana,BB,a,false,loc,neutral_i,back,CV,true,false,false,1
akademiye,towa,BB,a,false,acc,neutral_i,none,CV,true,false,false,1
akademiye,toxtamname,BF,e,false,acc,neutral_i,none,CV,true,false,false,1
akademiye,toxtamname,BF,e,false,dat,neutral_i,back,CV,true,false,false,1
akademiye,toxtamname,BF,e,false,dat,neutral_i,front,CV,true,false,false,2
akademiye,turuba,BB,a,false,dat,neutral_i,back,CV,true,false,false,1
akademiye,télégramma,BB,a,true,loc,neutral_i,back,CV,true,false,false,1
akademiye,témpératura,BB,a,false,acc,neutral_i,none,CV,true,false,false,1
akademiye,téritoriye,BF,e,false,acc,unraised,none,CV,true,false,false,1
akademiye,téritoriye,BF,e,false,dat,unraised,front,CV,true,false,false,1
akademiye,téritoriye,BF,e,false,loc,unraised,front,CV,true,false,false,2
akademiye,térritoriye,BF,e,false,acc,unraised,none,CV,true,false,false,3
akademiye,térritoriye,BF,e,false,loc,unraised,front,CV,true,false,false,4
akademiye,töhpe,FF,e,false,acc,neutral_i,none,CV,true,false,false,2
akademiye,töhpe,FF,e,false,dat,neutral_i,front,CV,true,false,false,1
akademiye,töhpe,FF,e,false,loc,neutral_i,front,CV,true,false,false,2
akademiye,törelme,FF,e,false,acc,neutral_i,none,CV,true,false,false,6
akademiye,törelme,FF,e,false,dat,neutral_i,front,CV,true,false,false,3
akademiye,türme,FF,e,false,acc,neutral_i,none,CV,true,false,false,4
akademiye,türme,FF,e,false,dat,neutral_i,back,CV,true,false,false,1
akademiye,türme,FF,e,false,dat,neutral_i,front,CV,true,false,false,98
akademiye,türme,FF,e,false,loc,neutral_i,back,CV,true,false,false,1
akademiye,türme,FF,e,false,loc,neutral_i,front,CV,true,false,false,59
akademiye,tüzülme,FF,e,false,acc,neutral_i,none,CV,true,false,false,3
akademiye,tüzülme,FF,e,false,dat,neutral_i,front,CV,true,false,false,5
akademiye,tüzülme,FF,e,false,loc,neutral_i,front,CV,true,false,false,2
akademiye,usta,BB,a,false,acc,neutral_i,none,CV,true,false,false,5
akademiye,usta,BB,a,false,dat,neutral_i,back,CV,true,false,false,1
akademiye,usta,BB,a,false,dat,neutral_i,front,CV,true,true,false,44
akademiye,usta,BB,a,false,loc,neutral_i,front,CV,true,false,false,37
akademiye,ustira,BB,a,false,loc,neutral_i,back,CV,true,false,false,1
akademiye,ustixana,BB,a,false,loc,neutral_i,back,CV,true,false,false,1
akademiye,uwa,BB,a,false,loc,neutral_i,back,CV,true,false,false,1
akademiye,uyghurche,BF,e,false,acc,unraised,none,CV,true,false,false,1
akademiye,uyghurche,BF,e,false,dat,unraised,back,CV,true,false,false,1
akademiye,uyushma,BB,a,false,dat,neutral_i,back,CV,true,false,false,7
akademiye,wanna,BB,a,true,acc,neutral_i,none,CV,true,false,false,1
akademiye,wanna,BB,a,true,loc,neutral_i,back,CV,true,false,false,1
akademiye,wasite,BF,e,true,dat,neutral_i,front,CV,true,false,false,7
akademiye,waste,BF,e,true,acc,neutral_i,none,CV,true,false,false,1
akademiye,waste,BF,e,true,dat,neutral_i,back,CV,true,false,false,3
akademiye,waste,BF,e,true,dat,neutral_i,front,CV,true,false,false,5
akademiye,waste,BF,e,true,loc,neutral_i,back,CV,true,false,false,1
akademiye,wede,FF,e,true,acc,neutral_i,none,CV,true,false,false,7
akademiye,wede,FF,e,true,dat,neutral_i,front,CV,true,false,false,15
akademiye,weswese,FF,e,true,dat,neutral_i,front,CV,true,false,false,5
akademiye,wezipe,FF,e,true,acc,neutral_i,none,CV,true,false,false,106
akademiye,wezipe,FF,e,true,dat,neutral_i,front,CV,true,false,false,54
akademiye,wezipe,FF,e,true,loc,neutral_i,front,CV,true,false,false,2
akademiye,wizantiye,BF,e,true,dat,unraised,front,CV,true,false,false,3
akademiye,xala,BB,a,true,loc,neutral_i,back,CV,true,false,false,1
akademiye,xala,BB,a,true,loc,neutral_i,front,CV,true,false,false,10
akademiye,xalta,BB,a,true,acc,neutral_i,none,CV,true,false,false,5
akademiye,xalta,BB,a,true,dat,neutral_i,back,CV,true,false,false,12
akademiye,xalta,BB,a,true,dat,unresolved,front,unresolved,false,false,false,1
akademiye,xalta,BB,a,true,loc,neutral_i,back,CV,true,false,false,2
akademiye,xalta,BB,a,true,loc,unresolved,front,unresolved,false,false,false,2
akademiye,xarabe,BF,e,true,acc,neutral_i,none,CV,true,false,false,1
akademiye,xarabe,BF,e,true,dat,neutral_i,front,CV,true,false,false,4
akademiye,xarabe,BF,e,true,loc,neutral_i,front,CV,true,false,false,1
akademiye,xelipe,FF,e,true,acc,neutral_i,none,CV,true,false,false,17
akademiye,xelipe,FF,e,true,dat,neutral_i,front,CV,true,false,false,13
akademiye,xende,FF,e,true,loc,neutral_i,front,CV,true,false,false,1
akademiye,xensuche,BF,e,false,acc,neutral_i,none,CV,true,false,false,1
akademiye,xensuche,BF,e,false,dat,neutral_i,back,CV,true,false,false,3
akademiye,xenzuche,BF,e,false,acc,neutral_i,none,CV,true,false,false,4
akademiye,xenzuche,BF,e,false,dat,neutral_i,back,CV,true,false,false,14
akademiye,xenzuche,BF,e,false,dat,neutral_i,front,CV,true,false,false,4
akademiye,xenzuche,BF,e,false,loc,neutral_i,back,CV,true,false,false,7
akademiye,xenzuche,BF,e,false,loc,neutral_i,front,CV,true,false,false,3
akademiye,xerite,FF,e,true,acc,neutral_i,none,CV,true,false,false,9
akademiye,xerite,FF,e,true,dat,neutral_i,front,CV,true,false,false,16
akademiye,xerite,FF,e,true,loc,neutral_i,front,CV,true,false,false,12
akademiye,xese,FF,e,true,acc,neutral_i,none,CV,true,false,false,1
akademiye,xese,FF,e,true,loc,unresolved,front,unresolved,false,false,false,1
akademiye,xetme,FF,e,true,loc,neutral_i,front,CV,true,false,false,1
akademiye,xezine,FF,e,true,acc,neutral_i,none,CV,true,false,false,2
akademiye,xezine,FF,e,true,dat,neutral_i,front,CV,true,false,false,15
akademiye,xitayche,BF,e,true,acc,neutral_i,none,CV,true,false,false,11
akademiye,xitayche,BF,e,true,dat,neutral_i,back,CV,true,false,false,15
akademiye,xitayche,BF,e,true,dat,neutral_i,front,CV,true,false,false,3
akademiye,xitayche,BF,e,true,loc,neutral_i,back,CV,true,false,false,5
akademiye,xitayche,BF,e,true,loc,neutral_i,front,CV,true,false,false,1
akademiye,xoncha,BB,a,false,acc,neutral_i,none,CV,true,false,false,1
akademiye,xoncha,BB,a,false,loc,neutral_i,front,CV,true,false,false,1
akademiye,xorma,BB,a,false,acc,neutral_i,none,CV,true,false,false,1
akademiye,xromosoma,BB,a,false,loc,neutral_i,back,CV,true,false,false,1
akademiye,xuda,BB,a,false,acc,unraised,none,CV,true,false,false,9
akademiye,xuda,BB,a,false,dat,unraised,back,CV,true,false,false,48
akademiye,xulase,BF,e,false,acc,neutral_i,none,CV,true,false,false,12
akademiye,xulase,BF,e,false,dat,neutral_i,back,CV,true,false,false,2
akademiye,xulase,BF,e,false,dat,neutral_i,front,CV,true,false,false,47
akademiye,xulase,BF,e,false,loc,neutral_i,back,CV,true,false,false,1
akademiye,xulase,BF,e,false,loc,neutral_i,front,CV,true,false,false,2
akademiye,xutbe,BF,e,false,acc,neutral_i,none,CV,true,false,false,4
akademiye,xutbe,BF,e,false,loc,neutral_i,front,CV,true,false,false,2
akademiye,yara,BB,a,true,dat,neutral_i,back,CV,true,false,false,7
akademiye,yazma,BB,a,true,acc,neutral_i,none,CV,true,false,false,45
akademiye,yazma,BB,a,true,dat,neutral_i,back,CV,true,false,false,10
akademiye,yazma,BB,a,true,loc,neutral_i,back,CV,true,false,false,54
akademiye,yekshenbe,FF,e,true,acc,neutral_i,none,CV,true,false,false,2
akademiye,yekshenbe,FF,e,true,dat,neutral_i,front,CV,true,false,false,1
akademiye,yekshenbe,FF,e,true,loc,neutral_i,front,CV,true,false,false,1
akademiye,yilname,BF,e,true,acc,neutral_i,none,CV,true,false,false,5
akademiye,yilname,BF,e,true,loc,neutral_i,back,CV,true,false,false,1
akademiye,yollanma,BB,a,false,acc,neutral_i,none,CV,true,false,false,1
akademiye,yunanche,BF,e,false,dat,neutral_i,back,CV,true,false,false,2
akademiye,yunanche,BF,e,false,loc,neutral_i,back,CV,true,false,false,1
akademiye,yunda,BB,a,false,acc,neutral_i,none,CV,true,false,false,1
akademiye,zona,BB,a,false,loc,neutral_i,back,CV,true,false,false,1
akademiye,ölima,FB,a,false,acc,unraised,none,CV,true,false,false,3
akademiye,ölima,FB,a,false,dat,unraised,back,CV,true,false,false,2
akademiye,özre,FF,e,false,acc,neutral_i,none,CV,true,false,false,1
akademiye,üjme,FF,e,false,acc,neutral_i,none,CV,true,false,false,1
akademiye,üjme,FF,e,false,dat,neutral_i,front,CV,true,false,false,2
akademiye,ünche,FF,e,false,acc,neutral_i,none,CV,true,false,false,2
akademiye,üsküne,FF,e,false,acc,neutral_i,none,CV,true,false,false,3
akademiye,üsküne,FF,e,false,dat,neutral_i,front,CV,true,false,false,1
akademiye,üsküne,FF,e,false,loc,neutral_i,front,CV,true,false,false,2
akademiye,üstqurulma,BB,a,false,acc,neutral_i,none,CV,true,false,false,1
akademiye,üstqurulma,BB,a,false,dat,neutral_i,back,CV,true,false,false,1
awazi,abide,BF,e,true,acc,neutral_i,none,CV,true,false,false,4
awazi,abide,BF,e,true,dat,neutral_i,front,CV,true,false,false,1
awazi,abide,BF,e,true,loc,neutral_i,front,CV,true,false,false,1
awazi,acha,BB,a,true,acc,neutral_i,none,CV,true,false,false,1
awazi,aghriqxana,BB,a,true,acc,unresolved,none,unresolved,false,false,false,17
awazi,aghriqxana,BB,a,true,dat,unresolved,back,unresolved,false,false,false,154
awazi,aghriqxana,BB,a,true,loc,unresolved,back,unresolved,false,false,false,155
awazi,aha,BB,a,true,acc,neutral_i,none,CV,true,false,false,1
awazi,ahale,BF,e,true,acc,neutral_i,none,CV,true,false,false,278
awazi,ahale,BF,e,true,dat,neutral_i,back,CV,true,false,false,200
awazi,ahale,BF,e,true,dat,neutral_i,front,CV,true,false,false,2
awazi,ahale,BF,e,true,loc,neutral_i,front,CV,true,false,false,1
awazi,akula,BB,a,false,acc,neutral_i,none,CV,true,false,false,1
awazi,alicha,BB,a,true,loc,neutral_i,back,CV,true,false,false,1
awazi,alla,BB,a,true,acc,unraised,none,CV,true,false,false,19
awazi,alla,BB,a,true,dat,unraised,back,CV,true,false,false,160
awazi,alma,BB,a,true,dat,neutral_i,back,CV,true,false,false,3
awazi,alma,BB,a,true,loc,neutral_i,back,CV,true,false,false,1
awazi,amma,BB,a,true,acc,neutral_i,none,CV,true,false,false,20
awazi,amma,BB,a,true,dat,neutral_i,back,CV,true,false,false,95
awazi,amma,BB,a,true,loc,neutral_i,back,CV,true,false,false,1
awazi,ana,BB,a,true,acc,neutral_i,none,CV,true,false,false,127
awazi,ana,BB,a,true,dat,neutral_i,back,CV,true,false,false,165
awazi,ana,BB,a,true,loc,neutral_i,back,CV,true,false,false,2
awazi,antanta,BB,a,true,dat,neutral_i,back,CV,true,false,false,1
awazi,ara,BB,a,true,loc,unraised,back,CV,true,false,false,1
awazi,archa,BB,a,true,acc,neutral_i,none,CV,true,false,false,9
awazi,archa,BB,a,true,dat,neutral_i,back,CV,true,false,false,5
awazi,archa,BB,a,true,loc,neutral_i,back,CV,true,false,false,1
awazi,arpa,BB,a,true,acc,neutral_i,none,CV,true,false,false,2
awazi,aspirantura,BB,a,false,acc,neutral_i,none,CV,true,false,false,11
awazi,aspirantura,BB,a,false,dat,neutral_i,back,CV,true,false,false,23
awazi,aspirantura,BB,a,false,loc,neutral_i,back,CV,true,false,false,35
awazi,astane,BF,e,true,loc,neutral_i,back,CV,true,true,false,3
awazi,ata,BB,a,true,acc,neutral_i,none,CV,true,false,false,38
awazi,ata,BB,a,true,dat,neutral_i,back,CV,true,false,false,49
awazi,ata,BB,a,true,loc,neutral_i,back,CV,true,false,false,1
awazi,atmosféra,BB,a,false,acc,neutral_i,none,CV,true,false,false,2
awazi,atmosféra,BB,a,false,dat,neutral_i,back,CV,true,false,false,3
awazi,atmosféra,BB,a,false,loc,neutral_i,back,CV,true,false,false,3
awazi,aza,BB,a,true,acc,neutral_i,none,CV,true,false,false,1
awazi,aza,BB,a,true,dat,neutral_i,back,CV,true,false,false,1
awazi,bade,BF,e,true,loc,neutral_i,back,CV,true,true,false,1
awazi,baha,BB,a,true,acc,unraised,none,CV,true,false,false,50
awazi,baha,BB,a,true,dat,unraised,back,CV,true,false,false,114
awazi,baha,BB,a,true,loc,unraised,back,CV,true,false,false,56
awazi,bala,BB,a,true,acc,neutral_i,none,CV,true,false,false,349
awazi,bala,BB,a,true,dat,neutral_i,back,CV,true,false,false,248
awazi,bala,BB,a,true,loc,neutral_i,back,CV,true,false,false,19
awazi,bala,BB,a,true,loc,neutral_i,front,CV,true,false,false,6
awazi,bara,BB,a,true,dat,neutral_i,back,CV,true,false,false,12
awazi,bara,BB,a,true,loc,neutral_i,back,CV,true,false,false,14
awazi,basmixana,BB,a,true,acc,unresolved,none,unresolved,false,false,false,1
awazi,basmixana,BB,a,true,dat,unresolved,back,unresolved,false,false,false,31
awazi,basmixana,BB,a,true,loc,unresolved,back,unresolved,false,false,false,22
awazi,baywechche,FF,e,true,acc,neutral_i,none,CV,true,false,false,1
awazi,baywechche,FF,e,true,dat,neutral_i,front,CV,true,false,false,5
awazi,baza,BB,a,true,acc,neutral_i,none,CV,true,false,false,9
awazi,baza,BB,a,true,dat,neutral_i,back,CV,true,false,false,14
awazi,baza,BB,a,true,loc,neutral_i,back,CV,true,false,false,3
awazi,bomba,BB,a,false,acc,neutral_i,none,CV,true,false,false,2
awazi,bomba,BB,a,false,dat,neutral_i,back,CV,true,false,false,1
awazi,bowa,BB,a,false,acc,neutral_i,none,CV,true,false,false,1
awazi,bronza,BB,a,false,acc,neutral_i,none,CV,true,false,false,1
awazi,bronza,BB,a,false,loc,neutral_i,back,CV,true,false,false,1
awazi,budda,BB,a,false,dat,neutral_i,back,CV,true,false,false,1
awazi,bölme,FF,e,false,acc,neutral_i,none,CV,true,false,false,16
awazi,bölme,FF,e,false,dat,neutral_i,front,CV,true,false,false,69
awazi,bölme,FF,e,false,loc,neutral_i,front,CV,true,false,false,63
awazi,böre,FF,e,false,acc,neutral_i,none,CV,true,false,false,12
awazi,böre,FF,e,false,dat,neutral_i,front,CV,true,false,false,9
awazi,chama,BB,a,true,acc,neutral_i,none,CV,true,false,false,1
awazi,chana,BB,a,true,acc,neutral_i,none,CV,true,false,false,1
awazi,chana,BB,a,true,dat,neutral_i,back,CV,true,false,false,4
awazi,chana,BB,a,true,loc,neutral_i,back,CV,true,false,false,3
awazi,chewre,FF,e,true,acc,neutral_i,none,CV,true,false,false,1
awazi,chewre,FF,e,true,dat,neutral_i,front,CV,true,false,false,1
awazi,chola,BB,a,false,dat,neutral_i,back,CV,true,false,false,2
awazi,chola,BB,a,false,loc,neutral_i,back,CV,true,false,false,2
awazi,chöre,FF,e,false,acc,neutral_i,none,CV,true,false,false,1
awazi,chümüle,FF,e,false,acc,neutral_i,none,CV,true,false,false,1
awazi,chümüle,FF,e,false,dat,neutral_i,front,CV,true,false,false,4
awazi,dacha,BB,a,true,dat,neutral_i,back,CV,true,false,false,2
awazi,dacha,BB,a,true,loc,neutral_i,back,CV,true,false,false,5
awazi,daire,BF,e,true,acc,neutral_i,none,CV,true,false,false,8
awazi,daire,BF,e,true,dat,neutral_i,front,CV,true,false,false,4
awazi,daire,BF,e,true,loc,neutral_i,front,CV,true,false,false,223
awazi,dala,BB,a,true,acc,unraised,none,CV,true,false,false,16
awazi,dala,BB,a,true,dat,unraised,back,CV,true,false,false,20
awazi,dala,BB,a,true,loc,unraised,back,CV,true,false,false,41
awazi,dalda,BB,a,true,dat,neutral_i,back,CV,true,false,false,8
awazi,dalda,BB,a,true,loc,neutral_i,back,CV,true,false,false,5
awazi,damolla,BB,a,false,acc,neutral_i,none,CV,true,false,false,4
awazi,damolla,BB,a,false,dat,neutral_i,back,CV,true,false,false,3
awazi,dara,BB,a,true,dat,neutral_i,back,CV,true,false,false,57
awazi,depne,FF,e,true,dat,neutral_i,front,CV,true,false,false,1
awazi,derije,FF,e,true,acc,neutral_i,none,CV,true,false,false,9
awazi,derije,FF,e,true,dat,neutral_i,front,CV,true,false,false,368
awazi,derije,FF,e,true,loc,neutral_i,front,CV,true,false,false,1442
awazi,derwaza,BB,a,true,acc,neutral_i,none,CV,true,false,false,16
awazi,derwaza,BB,a,true,dat,neutral_i,back,CV,true,false,false,11
awazi,derwaza,BB,a,true,loc,neutral_i,back,CV,true,false,false,1
awazi,diploma,BB,a,false,acc,neutral_i,none,CV,true,false,false,49
awazi,diploma,BB,a,false,dat,neutral_i,back,CV,true,false,false,9
awazi,dorixana,BB,a,false,acc,unresolved,none,unresolved,false,false,false,1
awazi,dorixana,BB,a,false,loc,unresolved,back,unresolved,false,false,false,2
awazi,doxturxana,BB,a,false,dat,unresolved,back,unresolved,false,false,false,19
awazi,doxturxana,BB,a,false,loc,unresolved,back,unresolved,false,false,false,18
awazi,doza,BB,a,false,acc,neutral_i,none,CV,true,false,false,1
awazi,doza,BB,a,false,loc,neutral_i,back,CV,true,false,false,1
awazi,duniya,BB,a,false,acc,unraised,none,CV,true,false,false,232
awazi,duniya,BB,a,false,dat,unraised,back,CV,true,false,false,1728
awazi,duniya,BB,a,false,loc,unraised,back,CV,true,false,false,822
awazi,dunya,BB,a,false,acc,unraised,none,CV,true,false,false,1
awazi,edliye,FF,e,true,acc,unraised,none,CV,true,false,false,4
awazi,ela,FB,a,true,acc,neutral_i,none,CV,true,true,false,2
awazi,ela,FB,a,true,dat,neutral_i,front,CV,true,true,false,3
awazi,elchixana,BB,a,true,loc,unresolved,back,unresolved,false,false,false,1
awazi,en'ene,FF,e,true,acc,neutral_i,none,CV,true,false,false,41
awazi,en'ene,FF,e,true,dat,neutral_i,front,CV,true,false,false,289
awazi,epsane,BF,e,true,acc,neutral_i,none,CV,true,false,false,2
awazi,epsane,BF,e,true,dat,neutral_i,back,CV,true,false,false,1
awazi,epsane,BF,e,true,loc,neutral_i,front,CV,true,false,false,1
awazi,esletme,FF,e,true,loc,neutral_i,front,CV,true,false,false,1
awazi,eslime,FF,e,true,acc,neutral_i,none,CV,true,false,false,9
awazi,eslime,FF,e,true,dat,neutral_i,front,CV,true,false,false,2
awazi,eslime,FF,e,true,loc,neutral_i,front,CV,true,false,false,2
awazi,esna,FB,a,true,dat,unraised,back,CV,true,false,false,1
awazi,esna,FB,a,true,loc,unraised,back,CV,true,false,false,104
awazi,esna,FB,a,true,loc,unraised,front,CV,true,false,false,1
awazi,ete,FF,e,true,acc,neutral_i,none,CV,true,false,false,26
awazi,ete,FF,e,true,dat,neutral_i,front,CV,true,false,false,25
awazi,exletxana,BB,a,true,acc,unresolved,none,unresolved,false,false,false,1
awazi,exletxana,BB,a,true,dat,unresolved,back,unresolved,false,false,false,15
awazi,eynula,BB,a,false,acc,neutral_i,none,CV,true,false,false,1
awazi,eza,FB,a,true,acc,unraised,none,CV,true,false,false,3
awazi,eza,FB,a,true,dat,unraised,back,CV,true,false,false,1
awazi,figura,BB,a,false,acc,neutral_i,none,CV,true,false,false,3
awazi,figura,BB,a,false,dat,neutral_i,back,CV,true,false,false,4
awazi,forma,BB,a,false,acc,neutral_i,none,CV,true,false,false,1
awazi,forma,BB,a,false,loc,neutral_i,back,CV,true,false,false,2
awazi,formula,BB,a,false,acc,neutral_i,none,CV,true,false,false,2
awazi,formula,BB,a,false,dat,neutral_i,back,CV,true,false,false,1
awazi,geme,FF,e,true,acc,neutral_i,none,CV,true,false,false,1
awazi,geme,FF,e,true,dat,neutral_i,front,CV,true,false,false,4
awazi,geme,FF,e,true,loc,neutral_i,front,CV,true,false,false,4
awazi,gewde,FF,e,true,acc,neutral_i,none,CV,true,false,false,1
awazi,gewde,FF,e,true,dat,neutral_i,front,CV,true,false,false,5
awazi,ghalcha,BB,a,true,dat,neutral_i,back,CV,true,false,false,1
awazi,ghaye,BF,e,true,acc,neutral_i,none,CV,true,false,false,10
awazi,ghaye,BF,e,true,dat,neutral_i,front,CV,true,false,false,9
awazi,ghelibe,FF,e,true,dat,neutral_i,front,CV,true,false,false,6
awazi,ghulghula,BB,a,false,acc,neutral_i,none,CV,true,false,false,1
awazi,ghulja,BB,a,false,acc,neutral_i,none,CV,true,false,false,8
awazi,ghulja,BB,a,false,dat,neutral_i,back,CV,true,false,false,91
awazi,ghulja,BB,a,false,loc,neutral_i,back,CV,true,false,false,92
awazi,gundixana,BB,a,false,dat,unresolved,back,unresolved,false,false,false,1
awazi,gézende,FF,e,true,acc,neutral_i,none,CV,true,false,false,1
awazi,gézitxana,BB,a,true,dat,unresolved,back,unresolved,false,false,false,7
awazi,gézitxana,BB,a,true,loc,unresolved,back,unresolved,false,false,false,5
awazi,gülxana,BB,a,false,dat,unresolved,back,unresolved,false,false,false,2
awazi,gülxana,BB,a,false,loc,unresolved,back,unresolved,false,false,false,3
awazi,hajetxana,BB,a,true,acc,unresolved,none,unresolved,false,false,false,2
awazi,hajetxana,BB,a,true,dat,unresolved,back,unresolved,false,false,false,8
awazi,hajetxana,BB,a,true,loc,unresolved,back,unresolved,false,false,false,2
awazi,hamile,BF,e,true,dat,neutral_i,front,CV,true,false,false,1
awazi,hasa,BB,a,true,acc,neutral_i,none,CV,true,false,false,1
awazi,hasa,BB,a,true,dat,neutral_i,back,CV,true,false,false,7
awazi,hawa,BB,a,true,acc,unraised,none,CV,true,false,false,13
awazi,hawa,BB,a,true,dat,unraised,back,CV,true,false,false,29
awazi,hawa,BB,a,true,loc,unraised,back,CV,true,false,false,52
awazi,hepse,FF,e,true,dat,neutral_i,front,CV,true,false,false,1
awazi,hepte,FF,e,true,acc,neutral_i,none,CV,true,false,false,1
awazi,hepte,FF,e,true,dat,neutral_i,front,CV,true,false,false,14
awazi,hepte,FF,e,true,loc,neutral_i,front,CV,true,false,false,585
awazi,here,FF,e,true,dat,neutral_i,front,CV,true,false,false,1
awazi,hesse,FF,e,true,acc,neutral_i,none,CV,true,false,false,6
awazi,hesse,FF,e,true,dat,neutral_i,front,CV,true,false,false,118
awazi,himaye,BF,e,true,dat,neutral_i,front,CV,true,false,false,5
awazi,hoyla,BB,a,false,acc,neutral_i,none,CV,true,false,false,26
awazi,hoyla,BB,a,false,dat,neutral_i,back,CV,true,false,false,94
awazi,hoyla,BB,a,false,loc,neutral_i,back,CV,true,false,false,74
awazi,hékaye,BF,e,true,acc,neutral_i,none,CV,true,false,false,18
awazi,hékaye,BF,e,true,dat,neutral_i,back,CV,true,false,false,1
awazi,hékaye,BF,e,true,dat,neutral_i,front,CV,true,false,false,2
awazi,hékaye,BF,e,true,loc,neutral_i,front,CV,true,false,false,4
awazi,hüjeyre,FF,e,false,acc,neutral_i,none,CV,true,false,false,1
awazi,hüjeyre,FF,e,false,dat,neutral_i,front,CV,true,false,false,2
awazi,ibadetxana,BB,a,true,acc,unresolved,none,unresolved,false,false,false,4
awazi,ibadetxana,BB,a,true,loc,unresolved,back,unresolved,false,false,false,1
awazi,ibare,BF,e,true,acc,neutral_i,none,CV,true,false,false,54
awazi,ibare,BF,e,true,dat,neutral_i,front,CV,true,false,false,10
awazi,ibare,BF,e,true,loc,neutral_i,front,CV,true,false,false,3
awazi,idare,BF,e,true,acc,neutral_i,none,CV,true,false,false,3
awazi,idare,BF,e,true,dat,neutral_i,front,CV,true,false,false,25
awazi,idare,BF,e,true,loc,neutral_i,front,CV,true,false,false,25
awazi,ijare,BF,e,true,dat,neutral_i,front,CV,true,false,false,193
awazi,ijare,BF,e,true,loc,neutral_i,front,CV,true,false,false,13
awazi,ipade,BF,e,true,dat,neutral_i,front,CV,true,false,false,1
awazi,irade,BF,e,true,acc,neutral_i,none,CV,true,false,false,9
awazi,irade,BF,e,true,dat,neutral_i,front,CV,true,false,false,5
awazi,irade,BF,e,true,loc,neutral_i,front,CV,true,false,false,1
awazi,iskenje,FF,e,true,dat,neutral_i,front,CV,true,false,false,3
awazi,jame,BF,e,true,acc,unraised,none,CV,true,false,false,1
awazi,jame,BF,e,true,dat,unraised,front,CV,true,false,false,1
awazi,jangza,BB,a,true,dat,neutral_i,back,CV,true,false,false,2
awazi,jangza,BB,a,true,loc,neutral_i,back,CV,true,false,false,2
awazi,jaza,BB,a,true,acc,unraised,none,CV,true,false,false,8
awazi,jaza,BB,a,true,dat,unraised,back,CV,true,false,false,21
awazi,jerimane,BF,e,true,acc,neutral_i,none,CV,true,false,false,2
awazi,jezire,FF,e,true,acc,neutral_i,none,CV,true,false,false,1
awazi,jezire,FF,e,true,dat,neutral_i,front,CV,true,false,false,1
awazi,joda,BB,a,false,acc,neutral_i,none,CV,true,false,false,1
awazi,joza,BB,a,false,acc,neutral_i,none,CV,true,false,false,7
awazi,joza,BB,a,false,dat,neutral_i,back,CV,true,false,false,29
awazi,joza,BB,a,false,loc,neutral_i,back,CV,true,false,false,9
awazi,kafédra,BB,a,true,acc,neutral_i,none,CV,true,false,false,1
awazi,kafédra,BB,a,true,dat,neutral_i,back,CV,true,false,false,6
awazi,kafédra,BB,a,true,loc,neutral_i,back,CV,true,false,false,12
awazi,kala,BB,a,true,dat,neutral_i,back,CV,true,false,false,4
awazi,kala,BB,a,true,loc,neutral_i,back,CV,true,false,false,1
awazi,kalla,BB,a,true,dat,neutral_i,back,CV,true,false,false,1
awazi,kalla,BB,a,true,loc,neutral_i,back,CV,true,false,false,8
awazi,kana,BB,a,true,acc,neutral_i,none,CV,true,false,false,14
awazi,kana,BB,a,true,dat,neutral_i,back,CV,true,false,false,6
awazi,kana,BB,a,true,loc,neutral_i,back,CV,true,false,false,9
awazi,karta,BB,a,true,acc,neutral_i,none,CV,true,false,false,4
awazi,karta,BB,a,true,dat,neutral_i,back,CV,true,false,false,2
awazi,karta,BB,a,true,loc,neutral_i,back,CV,true,false,false,1
awazi,karxana,BB,a,true,acc,unresolved,none,unresolved,false,false,false,20
awazi,karxana,BB,a,true,dat,unresolved,back,unresolved,false,false,false,12
awazi,karxana,BB,a,true,loc,unresolved,back,unresolved,false,false,false,40
awazi,kasa,BB,a,true,acc,neutral_i,none,CV,true,false,false,1
awazi,kassa,BB,a,true,dat,neutral_i,back,CV,true,false,false,4
awazi,kassa,BB,a,true,loc,neutral_i,back,CV,true,false,false,7
awazi,kawa,BB,a,true,acc,neutral_i,none,CV,true,false,false,2
awazi,kawa,BB,a,true,dat,neutral_i,back,CV,true,false,false,1
awazi,kelime,FF,e,true,acc,neutral_i,none,CV,true,false,false,2
awazi,kepe,FF,e,true,dat,neutral_i,front,CV,true,false,false,1
awazi,kepe,FF,e,true,loc,neutral_i,front,CV,true,false,false,1
awazi,kepterxana,BB,a,true,dat,unresolved,back,unresolved,false,false,false,1
awazi,kinaye,BF,e,true,acc,neutral_i,none,CV,true,false,false,1
awazi,kocha,BB,a,false,acc,neutral_i,none,CV,true,false,false,43
awazi,kocha,BB,a,false,dat,neutral_i,back,CV,true,false,false,177
awazi,kocha,BB,a,false,loc,neutral_i,back,CV,true,false,false,222
awazi,komanda,BB,a,false,acc,neutral_i,none,CV,true,false,false,13
awazi,komanda,BB,a,false,dat,neutral_i,back,CV,true,false,false,16
awazi,komanda,BB,a,false,loc,neutral_i,back,CV,true,false,false,11
awazi,kommuna,BB,a,false,loc,neutral_i,back,CV,true,false,false,1
awazi,konsulxana,BB,a,false,acc,unresolved,none,unresolved,false,false,false,1
awazi,konsulxana,BB,a,false,dat,unresolved,back,unresolved,false,false,false,2
awazi,konsulxana,BB,a,false,loc,unresolved,back,unresolved,false,false,false,2
awazi,koza,BB,a,false,dat,neutral_i,back,CV,true,false,false,2
awazi,kömürxana,BB,a,false,dat,unresolved,back,unresolved,false,false,false,1
awazi,körgezme,FF,e,false,acc,neutral_i,none,CV,true,false,false,106
awazi,körgezme,FF,e,false,dat,neutral_i,front,CV,true,false,false,131
awazi,körgezme,FF,e,false,loc,neutral_i,front,CV,true,false,false,37
awazi,körsetme,FF,e,false,dat,neutral_i,front,CV,true,false,false,4
awazi,lama,BB,a,true,dat,neutral_i,back,CV,true,false,false,4
awazi,lampa,BB,a,true,acc,neutral_i,none,CV,true,false,false,1
awazi,lata,BB,a,true,dat,neutral_i,back,CV,true,false,false,8
awazi,layihe,BF,e,true,acc,neutral_i,none,CV,true,false,false,179
awazi,layihe,BF,e,true,acc,unraised,none,CV,true,false,false,7
awazi,layihe,BF,e,true,dat,neutral_i,front,CV,true,false,false,64
awazi,layihe,BF,e,true,dat,unraised,front,CV,true,false,false,6
awazi,layihe,BF,e,true,loc,neutral_i,front,CV,true,false,false,29
awazi,layihe,BF,e,true,loc,unraised,front,CV,true,false,false,3
awazi,laza,BB,a,true,acc,neutral_i,none,CV,true,false,false,2
awazi,lerze,FF,e,true,dat,neutral_i,front,CV,true,false,false,23
awazi,lexme,FF,e,true,acc,unresolved,none,unresolved,false,false,false,1
awazi,lexme,FF,e,true,dat,unresolved,front,unresolved,false,false,false,1
awazi,madda,BB,a,true,acc,neutral_i,none,CV,true,false,false,3
awazi,madda,BB,a,true,dat,neutral_i,back,CV,true,false,false,2
awazi,madda,BB,a,true,loc,neutral_i,back,CV,true,false,false,1
awazi,maliye,BF,e,true,acc,unraised,none,CV,true,false,false,5
awazi,manta,BB,a,true,acc,neutral_i,none,CV,true,false,false,8
awazi,manta,BB,a,true,dat,neutral_i,back,CV,true,false,false,3
awazi,maysa,BB,a,true,dat,neutral_i,back,CV,true,false,false,1
awazi,maysa,BB,a,true,loc,neutral_i,front,CV,true,false,false,1
awazi,medhiye,FF,e,true,dat,unraised,front,CV,true,false,false,1
awazi,medrise,FF,e,true,acc,neutral_i,none,CV,true,false,false,13
awazi,medrise,FF,e,true,dat,neutral_i,front,CV,true,false,false,12
awazi,medrise,FF,e,true,loc,neutral_i,front,CV,true,false,false,35
awazi,mehelle,FF,e,true,acc,neutral_i,none,CV,true,false,false,15
awazi,mehelle,FF,e,true,dat,neutral_i,front,CV,true,false,false,27
awazi,mehelle,FF,e,true,loc,neutral_i,front,CV,true,false,false,88
awazi,mejlisxana,BB,a,true,dat,unresolved,back,unresolved,false,false,false,1
awazi,menbe,FF,e,true,acc,unraised,none,CV,true,false,false,3
awazi,menbe,FF,e,true,dat,unraised,front,CV,true,false,false,4
awazi,menbe,FF,e,true,loc,unraised,front,CV,true,false,false,3
awazi,meqbere,FF,e,true,acc,neutral_i,none,CV,true,false,false,6
awazi,meqbere,FF,e,true,dat,neutral_i,front,CV,true,false,false,3
awazi,mersiye,FF,e,true,loc,unraised,front,CV,true,false,false,1
awazi,mertiwe,FF,e,true,acc,neutral_i,none,CV,true,false,false,6
awazi,mertiwe,FF,e,true,dat,neutral_i,front,CV,true,false,false,49
awazi,mertiwe,FF,e,true,loc,neutral_i,front,CV,true,false,false,1
awazi,mese,FF,e,true,acc,neutral_i,none,CV,true,false,false,1
awazi,mese,FF,e,true,dat,neutral_i,front,CV,true,false,false,1
awazi,mesxire,FF,e,true,dat,unresolved,front,unresolved,false,false,false,1
awazi,mete,FF,e,true,acc,neutral_i,none,CV,true,false,false,68
awazi,meyde,FF,e,true,acc,neutral_i,none,CV,true,false,false,3
awazi,meyde,FF,e,true,dat,neutral_i,front,CV,true,false,false,22
awazi,meyde,FF,e,true,loc,neutral_i,front,CV,true,false,false,1
awazi,meze,FF,e,true,acc,neutral_i,none,CV,true,false,false,1
awazi,miniatyura,BB,a,false,acc,neutral_i,none,CV,true,false,false,2
awazi,miniatyura,BB,a,false,loc,neutral_i,back,CV,true,false,false,2
awazi,molla,BB,a,false,acc,neutral_i,none,CV,true,false,false,2
awazi,molla,BB,a,false,dat,neutral_i,back,CV,true,false,false,10
awazi,mora,BB,a,false,acc,neutral_i,none,CV,true,false,false,1
awazi,mora,BB,a,false,dat,neutral_i,back,CV,true,false,false,1
awazi,muhasire,BF,e,false,acc,neutral_i,none,CV,true,false,false,2
awazi,muhasire,BF,e,false,dat,neutral_i,front,CV,true,false,false,6
awazi,mulahize,BF,e,false,dat,neutral_i,front,CV,true,false,false,4
awazi,munazire,BF,e,false,acc,neutral_i,none,CV,true,false,false,5
awazi,munazire,BF,e,false,dat,neutral_i,front,CV,true,false,false,9
awazi,munazire,BF,e,false,loc,neutral_i,front,CV,true,false,false,4
awazi,muncha,BB,a,false,loc,neutral_i,front,CV,true,true,false,1
awazi,muqawa,BB,a,false,dat,neutral_i,back,CV,true,false,false,1
awazi,muqawa,BB,a,false,loc,neutral_i,back,CV,true,false,false,1
awazi,muqeddime,FF,e,false,loc,neutral_i,front,CV,true,false,false,2
awazi,murda,BB,a,false,acc,neutral_i,none,CV,true,false,false,18
awazi,murda,BB,a,false,dat,neutral_i,back,CV,true,false,false,3
awazi,musape,BF,e,false,acc,neutral_i,none,CV,true,false,false,82
awazi,musape,BF,e,false,dat,neutral_i,back,CV,true,false,false,1
awazi,musape,BF,e,false,dat,neutral_i,front,CV,true,false,false,23
awazi,musape,BF,e,false,loc,neutral_i,back,CV,true,false,false,1
awazi,musape,BF,e,false,loc,neutral_i,front,CV,true,false,false,15
awazi,méhmanxana,BB,a,true,dat,unresolved,back,unresolved,false,false,false,29
awazi,méhmanxana,BB,a,true,loc,unresolved,back,unresolved,false,false,false,4
awazi,müre,FF,e,false,acc,neutral_i,none,CV,true,false,false,2
awazi,müre,FF,e,false,dat,neutral_i,front,CV,true,false,false,4
awazi,müre,FF,e,false,loc,neutral_i,front,CV,true,false,false,1
awazi,nahiye,BF,e,true,acc,unraised,none,CV,true,false,false,30
awazi,nahiye,BF,e,true,dat,neutral_i,front,CV,true,false,false,1
awazi,nahiye,BF,e,true,dat,unraised,front,CV,true,false,false,165
awazi,nahiye,BF,e,true,loc,neutral_i,front,CV,true,false,false,1
awazi,nahiye,BF,e,true,loc,unraised,front,CV,true,false,false,605
awazi,nale,BF,e,true,dat,neutral_i,front,CV,true,false,false,2
awazi,namayende,FF,e,true,acc,neutral_i,none,CV,true,false,false,2
awazi,namayende,FF,e,true,dat,neutral_i,front,CV,true,false,false,1
awazi,natura,BB,a,false,dat,neutral_i,back,CV,true,false,false,1
awazi,nawayxana,BB,a,true,acc,unresolved,none,unresolved,false,false,false,2
awazi,nawayxana,BB,a,true,loc,unresolved,back,unresolved,false,false,false,4
awazi,nerse,FF,e,true,acc,neutral_i,none,CV,true,false,false,463
awazi,nerse,FF,e,true,dat,neutral_i,front,CV,true,false,false,176
awazi,nerse,FF,e,true,loc,neutral_i,front,CV,true,false,false,2
awazi,netije,FF,e,true,acc,neutral_i,none,CV,true,false,false,21
awazi,netije,FF,e,true,dat,neutral_i,front,CV,true,false,false,56
awazi,netije,FF,e,true,loc,neutral_i,front,CV,true,false,false,652
awazi,newre,FF,e,true,acc,neutral_i,none,CV,true,false,false,3
awazi,newre,FF,e,true,dat,neutral_i,front,CV,true,false,false,5
awazi,neyze,FF,e,true,acc,neutral_i,none,CV,true,false,false,2
awazi,nezeriye,FF,e,true,acc,unraised,none,CV,true,false,false,9
awazi,nezeriye,FF,e,true,dat,unraised,front,CV,true,false,false,3
awazi,nezeriye,FF,e,true,loc,unraised,front,CV,true,false,false,3
awazi,nezme,FF,e,true,dat,neutral_i,front,CV,true,false,false,2
awazi,nizamname,BF,e,true,acc,neutral_i,none,CV,true,false,false,1
awazi,nizamname,BF,e,true,dat,neutral_i,back,CV,true,false,false,1
awazi,nizamname,BF,e,true,dat,neutral_i,front,CV,true,false,false,2
awazi,nizamname,BF,e,true,loc,neutral_i,front,CV,true,false,false,1
awazi,nota,BB,a,false,acc,neutral_i,none,CV,true,false,false,6
awazi,nota,BB,a,false,dat,neutral_i,back,CV,true,false,false,15
awazi,nota,BB,a,false,loc,neutral_i,back,CV,true,false,false,2
awazi,olja,BB,a,false,acc,neutral_i,none,CV,true,false,false,4
awazi,olja,BB,a,false,dat,neutral_i,back,CV,true,false,false,13
awazi,opéra,BB,a,false,acc,neutral_i,none,CV,true,false,false,2
awazi,opéra,BB,a,false,dat,neutral_i,back,CV,true,false,false,1
awazi,orbita,BB,a,false,dat,neutral_i,back,CV,true,false,false,4
awazi,orbita,BB,a,false,loc,neutral_i,back,CV,true,false,false,3
awazi,orda,BB,a,false,acc,neutral_i,none,CV,true,false,false,7
awazi,orda,BB,a,false,dat,neutral_i,back,CV,true,false,false,19
awazi,orda,BB,a,false,loc,neutral_i,back,CV,true,false,false,13
awazi,ottura,BB,a,false,acc,neutral_i,none,CV,true,false,false,3
awazi,ottura,BB,a,false,dat,neutral_i,back,CV,true,false,false,674
awazi,ottura,BB,a,false,loc,neutral_i,back,CV,true,false,false,104
awazi,otunxana,BB,a,false,dat,unresolved,back,unresolved,false,false,false,1
awazi,pada,BB,a,true,acc,neutral_i,none,CV,true,false,false,3
awazi,pada,BB,a,true,dat,neutral_i,back,CV,true,false,false,9
awazi,palata,BB,a,true,dat,neutral_i,back,CV,true,false,false,10
awazi,palata,BB,a,true,loc,neutral_i,back,CV,true,false,false,7
awazi,palla,BB,a,true,loc,neutral_i,front,CV,true,false,false,6
awazi,palta,BB,a,true,acc,neutral_i,none,CV,true,false,false,8
awazi,pana,BB,a,true,dat,neutral_i,back,CV,true,false,false,1
awazi,pana,BB,a,true,loc,neutral_i,back,CV,true,false,false,6
awazi,parta,BB,a,true,acc,neutral_i,none,CV,true,false,false,1
awazi,parta,BB,a,true,dat,neutral_i,back,CV,true,false,false,11
awazi,parta,BB,a,true,loc,neutral_i,back,CV,true,false,false,32
awazi,pasxa,BB,a,true,acc,unresolved,none,unresolved,false,false,false,2
awazi,pasxa,BB,a,true,dat,unresolved,back,unresolved,false,false,false,3
awazi,paxta,BB,a,true,acc,neutral_i,none,CV,true,false,false,1
awazi,paxta,BB,a,true,acc,unresolved,none,unresolved,false,false,false,13
awazi,paxta,BB,a,true,dat,unresolved,back,unresolved,false,false,false,3
awazi,payda,BB,a,true,acc,neutral_i,none,CV,true,false,false,19
awazi,payda,BB,a,true,dat,neutral_i,back,CV,true,false,false,9
awazi,pede,FF,e,true,acc,neutral_i,none,CV,true,false,false,3
awazi,pede,FF,e,true,dat,neutral_i,front,CV,true,false,false,3
awazi,pede,FF,e,true,loc,neutral_i,front,CV,true,false,false,1
awazi,pelle,FF,e,true,acc,neutral_i,none,CV,true,false,false,10
awazi,pelle,FF,e,true,dat,neutral_i,front,CV,true,false,false,81
awazi,pelle,FF,e,true,loc,neutral_i,front,CV,true,false,false,2
awazi,perde,FF,e,true,acc,neutral_i,none,CV,true,false,false,8
awazi,perde,FF,e,true,dat,neutral_i,front,CV,true,false,false,1
awazi,pete,FF,e,true,dat,neutral_i,front,CV,true,false,false,1
awazi,petiwa,FB,a,true,acc,unraised,none,CV,true,false,false,1
awazi,piramida,BB,a,true,acc,neutral_i,none,CV,true,false,false,1
awazi,piramida,BB,a,true,dat,neutral_i,back,CV,true,false,false,1
awazi,piyale,BF,e,true,acc,neutral_i,none,CV,true,false,false,4
awazi,piyale,BF,e,true,dat,neutral_i,back,CV,true,false,false,1
awazi,piyale,BF,e,true,dat,neutral_i,front,CV,true,false,false,6
awazi,piyale,BF,e,true,loc,neutral_i,front,CV,true,false,false,4
awazi,pochta,BB,a,false,dat,neutral_i,back,CV,true,false,false,22
awazi,pochta,BB,a,false,loc,neutral_i,back,CV,true,false,false,6
awazi,pochtixana,BB,a,false,dat,unresolved,back,unresolved,false,false,false,1
awazi,pota,BB,a,false,acc,neutral_i,none,CV,true,false,false,1
awazi,pota,BB,a,false,dat,neutral_i,back,CV,true,false,false,3
awazi,pota,BB,a,false,loc,neutral_i,back,CV,true,false,false,1
awazi,programma,BB,a,false,acc,neutral_i,none,CV,true,false,false,116
awazi,programma,BB,a,false,dat,neutral_i,back,CV,true,false,false,111
awazi,programma,BB,a,false,loc,neutral_i,back,CV,true,false,false,42
awazi,proza,BB,a,false,acc,neutral_i,none,CV,true,false,false,1
awazi,proza,BB,a,false,dat,neutral_i,back,CV,true,false,false,1
awazi,proza,BB,a,false,loc,neutral_i,back,CV,true,false,false,3
awazi,qacha,BB,a,true,acc,neutral_i,none,CV,true,false,false,7
awazi,qacha,BB,a,true,dat,neutral_i,back,CV,true,false,false,14
awazi,qacha,BB,a,true,loc,neutral_i,back,CV,true,false,false,12
awazi,qamcha,BB,a,true,acc,neutral_i,none,CV,true,false,false,1
awazi,qamcha,BB,a,true,dat,neutral_i,back,CV,true,false,false,1
awazi,qapiye,BF,e,true,dat,unraised,front,CV,true,false,false,1
awazi,qapiye,BF,e,true,loc,unraised,front,CV,true,false,false,1
awazi,qawaqxana,BB,a,true,dat,unresolved,back,unresolved,false,false,false,1
awazi,qawaqxana,BB,a,true,loc,unresolved,back,unresolved,false,false,false,1
awazi,qaycha,BB,a,true,acc,neutral_i,none,CV,true,false,false,1
awazi,qaza,BB,a,true,dat,neutral_i,back,CV,true,false,false,3
awazi,qazanxana,BB,a,true,loc,unresolved,back,unresolved,false,false,false,1
awazi,qebile,FF,e,true,acc,neutral_i,none,CV,true,false,false,4
awazi,qebile,FF,e,true,dat,neutral_i,front,CV,true,false,false,6
awazi,qebile,FF,e,true,loc,neutral_i,front,CV,true,false,false,3
awazi,qebre,FF,e,true,acc,neutral_i,none,CV,true,false,false,54
awazi,qebre,FF,e,true,dat,neutral_i,front,CV,true,false,false,98
awazi,qebre,FF,e,true,loc,neutral_i,front,CV,true,false,false,8
awazi,qobulxana,BB,a,false,acc,unresolved,none,unresolved,false,false,false,1
awazi,qobulxana,BB,a,false,dat,unresolved,back,unresolved,false,false,false,9
awazi,qobulxana,BB,a,false,loc,unresolved,back,unresolved,false,false,false,6
awazi,qoyma,BB,a,false,acc,neutral_i,none,CV,true,false,false,2
awazi,qoyma,BB,a,false,dat,neutral_i,back,CV,true,false,false,3
awazi,qoyma,BB,a,false,loc,neutral_i,back,CV,true,false,false,5
awazi,qoza,BB,a,false,acc,neutral_i,none,CV,true,false,false,4
awazi,qoza,BB,a,false,dat,neutral_i,back,CV,true,false,false,1
awazi,quda,BB,a,false,acc,neutral_i,none,CV,true,false,false,1
awazi,quda,BB,a,false,dat,neutral_i,back,CV,true,false,false,1
awazi,qure,BF,e,false,acc,neutral_i,none,CV,true,true,false,3
awazi,qure,BF,e,false,dat,neutral_i,back,CV,true,true,false,2
awazi,qure,BF,e,false,loc,neutral_i,back,CV,true,true,false,2
awazi,qurulma,BB,a,false,acc,neutral_i,none,CV,true,false,false,2
awazi,qurulma,BB,a,false,dat,neutral_i,back,CV,true,false,false,1
awazi,qurulma,BB,a,false,loc,neutral_i,back,CV,true,false,false,1
awazi,risale,BF,e,true,acc,neutral_i,none,CV,true,false,false,2
awazi,risale,BF,e,true,loc,neutral_i,front,CV,true,false,false,3
awazi,rota,BB,a,false,dat,neutral_i,back,CV,true,false,false,2
awazi,rota,BB,a,false,loc,neutral_i,back,CV,true,false,false,9
awazi,ruda,BB,a,false,acc,neutral_i,none,CV,true,false,false,2
awazi,sada,BB,a,true,acc,unraised,none,CV,true,false,false,4
awazi,sada,BB,a,true,dat,unraised,back,CV,true,false,false,3
awazi,sada,BB,a,true,loc,unraised,back,CV,true,false,false,1
awazi,sala,BB,a,true,acc,neutral_i,none,CV,true,false,false,1
awazi,samsa,BB,a,true,acc,neutral_i,none,CV,true,false,false,2
awazi,sapa,BB,a,true,dat,unraised,back,CV,true,false,false,2
awazi,sapa,BB,a,true,loc,unraised,back,CV,true,false,false,1
awazi,saqchixana,BB,a,true,dat,unresolved,back,unresolved,false,false,false,1
awazi,satira,BB,a,true,dat,neutral_i,back,CV,true,false,false,1
awazi,saye,BF,e,true,dat,neutral_i,back,CV,true,true,false,2
awazi,saye,BF,e,true,loc,neutral_i,back,CV,true,true,false,4
awazi,saza,BB,a,true,acc,neutral_i,none,CV,true,false,false,11
awazi,saza,BB,a,true,dat,neutral_i,back,CV,true,false,false,1
awazi,sazende,FF,e,true,acc,neutral_i,none,CV,true,false,false,5
awazi,sazende,FF,e,true,dat,neutral_i,front,CV,true,false,false,1
awazi,sehipe,FF,e,true,acc,neutral_i,none,CV,true,false,false,20
awazi,sehipe,FF,e,true,dat,neutral_i,front,CV,true,false,false,5
awazi,sehipe,FF,e,true,loc,neutral_i,front,CV,true,false,false,5
awazi,sehne,FF,e,true,acc,neutral_i,none,CV,true,false,false,25
awazi,sehne,FF,e,true,dat,neutral_i,front,CV,true,false,false,334
awazi,sehne,FF,e,true,loc,neutral_i,front,CV,true,false,false,166
awazi,sehra,FB,a,true,dat,unraised,back,CV,true,false,false,1
awazi,sejde,FF,e,true,dat,neutral_i,front,CV,true,false,false,3
awazi,sejde,FF,e,true,loc,neutral_i,front,CV,true,false,false,1
awazi,serlewhe,FF,e,true,loc,neutral_i,front,CV,true,false,false,1
awazi,sewiye,FF,e,true,acc,unraised,none,CV,true,false,false,8
awazi,sewiye,FF,e,true,dat,unraised,front,CV,true,false,false,19
awazi,sewiye,FF,e,true,loc,unraised,front,CV,true,false,false,6
awazi,sewze,FF,e,true,acc,neutral_i,none,CV,true,false,false,4
awazi,sewze,FF,e,true,dat,neutral_i,front,CV,true,false,false,1
awazi,seyle,FF,e,true,dat,neutral_i,front,CV,true,false,false,27
awazi,seyle,FF,e,true,loc,neutral_i,front,CV,true,false,false,6
awazi,sulale,BF,e,false,acc,neutral_i,none,CV,true,false,false,1
awazi,sulale,BF,e,false,dat,neutral_i,front,CV,true,false,false,3
awazi,sulale,BF,e,false,loc,neutral_i,back,CV,true,false,false,1
awazi,supa,BB,a,false,dat,neutral_i,back,CV,true,false,false,9
awazi,supa,BB,a,false,loc,neutral_i,back,CV,true,false,false,4
awazi,sümbe,FF,e,false,dat,neutral_i,front,CV,true,false,false,2
awazi,sümbe,FF,e,false,loc,neutral_i,front,CV,true,false,false,1
awazi,tamche,BF,e,true,acc,neutral_i,none,CV,true,false,false,2
awazi,tana,BB,a,true,dat,neutral_i,back,CV,true,false,false,1
awazi,tapa,BB,a,true,loc,neutral_i,back,CV,true,false,false,1
awazi,tapancha,BB,a,true,acc,neutral_i,none,CV,true,false,false,4
awazi,taraza,BB,a,true,acc,neutral_i,none,CV,true,false,false,4
awazi,taraza,BB,a,true,dat,neutral_i,back,CV,true,false,false,29
awazi,taraza,BB,a,true,loc,neutral_i,back,CV,true,false,false,5
awazi,tartma,BB,a,true,dat,neutral_i,back,CV,true,false,false,1
awazi,tartma,BB,a,true,loc,neutral_i,back,CV,true,false,false,1
awazi,tasma,BB,a,true,dat,neutral_i,back,CV,true,false,false,1
awazi,tawa,BB,a,true,loc,neutral_i,back,CV,true,false,false,1
awazi,taxta,BB,a,true,acc,unresolved,none,unresolved,false,false,false,10
awazi,taxta,BB,a,true,dat,unresolved,back,unresolved,false,false,false,38
awazi,taxta,BB,a,true,loc,unresolved,back,unresolved,false,false,false,10
awazi,tebrikname,BF,e,true,dat,neutral_i,back,CV,true,false,false,1
awazi,tebrikname,BF,e,true,loc,neutral_i,back,CV,true,false,false,1
awazi,tebrikname,BF,e,true,loc,neutral_i,front,CV,true,false,false,1
awazi,tejribe,FF,e,true,acc,neutral_i,none,CV,true,false,false,67
awazi,tejribe,FF,e,true,dat,neutral_i,front,CV,true,false,false,128
awazi,tejribe,FF,e,true,loc,neutral_i,front,CV,true,false,false,13
awazi,teklipname,BF,e,true,acc,neutral_i,none,CV,true,false,false,6
awazi,tengne,FF,e,true,dat,neutral_i,front,CV,true,false,false,1
awazi,tengne,FF,e,true,loc,neutral_i,front,CV,true,false,false,1
awazi,tentene,FF,e,true,acc,neutral_i,none,CV,true,false,false,47
awazi,tentene,FF,e,true,dat,neutral_i,front,CV,true,false,false,80
awazi,tentene,FF,e,true,loc,neutral_i,front,CV,true,false,false,82
awazi,tenterbiye,FF,e,true,acc,unraised,none,CV,true,false,false,1
awazi,terbiye,FF,e,true,acc,neutral_i,none,CV,true,false,false,23
awazi,terbiye,FF,e,true,acc,unraised,none,CV,true,false,false,1
awazi,terbiye,FF,e,true,dat,neutral_i,front,CV,true,false,false,14
awazi,terbiye,FF,e,true,loc,neutral_i,front,CV,true,false,false,2
awazi,terjime,FF,e,true,dat,neutral_i,front,CV,true,false,false,6
awazi,terjime,FF,e,true,loc,neutral_i,front,CV,true,false,false,1
awazi,tewbe,FF,e,true,dat,neutral_i,front,CV,true,false,false,1
awazi,tewe,FF,e,true,acc,unraised,none,CV,true,false,false,20
awazi,tewe,FF,e,true,dat,unraised,front,CV,true,false,false,92
awazi,tewe,FF,e,true,loc,unraised,front,CV,true,false,false,284
awazi,tewsiye,FF,e,true,acc,unraised,none,CV,true,false,false,1
awazi,tewsiye,FF,e,true,dat,unraised,front,CV,true,false,false,1
awazi,texse,FF,e,true,dat,unresolved,front,unresolved,false,false,false,3
awazi,tonna,BB,a,false,acc,neutral_i,none,CV,true,false,false,14
awazi,tonna,BB,a,false,dat,neutral_i,back,CV,true,false,false,46
awazi,télégramma,BB,a,true,acc,neutral_i,none,CV,true,false,false,5
awazi,télégramma,BB,a,true,dat,neutral_i,back,CV,true,false,false,1
awazi,télégramma,BB,a,true,loc,neutral_i,back,CV,true,false,false,46
awazi,témpératura,BB,a,false,acc,neutral_i,none,CV,true,false,false,2
awazi,témpératura,BB,a,false,loc,neutral_i,back,CV,true,false,false,5
awazi,töhpe,FF,e,false,acc,neutral_i,none,CV,true,false,false,1
awazi,töhpe,FF,e,false,dat,neutral_i,front,CV,true,false,false,1
awazi,tügünche,FF,e,false,acc,neutral_i,none,CV,true,false,false,1
awazi,türme,FF,e,false,acc,neutral_i,none,CV,true,false,false,3
awazi,türme,FF,e,false,dat,neutral_i,front,CV,true,false,false,54
awazi,türme,FF,e,false,loc,neutral_i,front,CV,true,false,false,57
awazi,usta,BB,a,false,acc,neutral_i,none,CV,true,false,false,2
awazi,usta,BB,a,false,dat,neutral_i,back,CV,true,false,false,4
awazi,usta,BB,a,false,dat,neutral_i,front,CV,true,true,false,1
awazi,ustira,BB,a,false,acc,neutral_i,none,CV,true,false,false,1
awazi,ustixana,BB,a,false,dat,unresolved,back,unresolved,false,false,false,1
awazi,ustixana,BB,a,false,loc,unresolved,back,unresolved,false,false,false,1
awazi,wakaletxana,BB,a,true,dat,unresolved,back,unresolved,false,false,false,1
awazi,wanna,BB,a,true,dat,neutral_i,back,CV,true,false,false,7
awazi,wanna,BB,a,true,loc,neutral_i,back,CV,true,false,false,2
awazi,wasite,BF,e,true,acc,neutral_i,none,CV,true,false,false,5
awazi,wasite,BF,e,true,dat,neutral_i,front,CV,true,false,false,6
awazi,waza,BB,a,true,loc,neutral_i,back,CV,true,false,false,2
awazi,wede,FF,e,true,acc,neutral_i,none,CV,true,false,false,9
awazi,wede,FF,e,true,dat,neutral_i,front,CV,true,false,false,10
awazi,wezipe,FF,e,true,acc,neutral_i,none,CV,true,false,false,228
awazi,wezipe,FF,e,true,dat,neutral_i,front,CV,true,false,false,41
awazi,wezipe,FF,e,true,loc,neutral_i,front,CV,true,false,false,1
awazi,xalta,BB,a,true,acc,unresolved,none,unresolved,false,false,false,5
awazi,xalta,BB,a,true,dat,unresolved,back,unresolved,false,false,false,11
awazi,xalta,BB,a,true,loc,unresolved,back,unresolved,false,false,false,3
awazi,xarabe,BF,e,true,dat,unresolved,back,unresolved,false,false,false,1
awazi,xarabe,BF,e,true,loc,unresolved,back,unresolved,false,false,false,1
awazi,xenzuche,BF,e,false,acc,unresolved,none,unresolved,false,false,false,2
awazi,xenzuche,BF,e,false,dat,unresolved,back,unresolved,false,false,false,1
awazi,xenzuche,BF,e,false,loc,unresolved,front,unresolved,false,false,false,1
awazi,xerite,FF,e,true,acc,unresolved,none,unresolved,false,false,false,6
awazi,xerite,FF,e,true,dat,unresolved,front,unresolved,false,false,false,13
awazi,xerite,FF,e,true,loc,unresolved,front,unresolved,false,false,false,11
awazi,xetne,FF,e,true,loc,unresolved,front,unresolved,false,false,false,1
awazi,xitayche,BF,e,true,acc,unresolved,none,unresolved,false,false,false,1
awazi,xitayche,BF,e,true,dat,unresolved,back,unresolved,false,false,false,1
awazi,xorma,BB,a,false,acc,unresolved,none,unresolved,false,false,false,2
awazi,xorma,BB,a,false,loc,unresolved,back,unresolved,false,false,false,1
awazi,xuda,BB,a,false,acc,unresolved,none,unresolved,false,false,false,8
awazi,xuda,BB,a,false,dat,unresolved,back,unresolved,false,false,false,222
awazi,xulase,BF,e,false,acc,unresolved,none,unresolved,false,false,false,13
awazi,xulase,BF,e,false,dat,unresolved,front,unresolved,false,false,false,116
awazi,xulase,BF,e,false,loc,unresolved,front,unresolved,false,false,false,1
awazi,yadname,BF,e,true,acc,neutral_i,none,CV,true,false,false,10
awazi,yadname,BF,e,true,loc,neutral_i,front,CV,true,false,false,1
awazi,yala,BB,a,true,dat,neutral_i,back,CV,true,false,false,1
awazi,yaldama,BB,a,true,acc,neutral_i,none,CV,true,false,false,2
awazi,yara,BB,a,true,dat,neutral_i,back,CV,true,false,false,10
awazi,yataqxana,BB,a,true,acc,unresolved,none,unresolved,false,false,false,4
awazi,yataqxana,BB,a,true,dat,unresolved,back,unresolved,false,false,false,19
awazi,yataqxana,BB,a,true,loc,unresolved,back,unresolved,false,false,false,23
awazi,yazma,BB,a,true,acc,neutral_i,none,CV,true,false,false,1
awazi,yazma,BB,a,true,dat,neutral_i,back,CV,true,false,false,2
awazi,yollanma,BB,a,false,acc,neutral_i,none,CV,true,false,false,6
awazi,yollanma,BB,a,false,dat,neutral_i,back,CV,true,false,false,4
awazi,zona,BB,a,false,acc,neutral_i,none,CV,true,false,false,20
awazi,zona,BB,a,false,dat,neutral_i,back,CV,true,false,false,11
awazi,zona,BB,a,false,loc,neutral_i,back,CV,true,false,false,19
awazi,ölima,FB,a,false,dat,unraised,back,CV,true,false,false,1
rfa,a'ile,BF,e,true,acc,neutral_i,none,CV,true,false,false,116
rfa,a'ile,BF,e,true,dat,neutral_i,front,CV,true,false,false,198
rfa,a'ile,BF,e,true,loc,neutral_i,front,CV,true,false,false,203
rfa,a'ile,BF,e,true,loc,unraised,front,CV,true,false,false,3
rfa,abide,BF,e,true,acc,neutral_i,none,CV,true,false,false,3
rfa,abide,BF,e,true,dat,neutral_i,front,CV,true,false,false,2
rfa,abide,BF,e,true,loc,neutral_i,front,CV,true,false,false,2
rfa,aghriqxana,BB,a,true,dat,neutral_i,back,CV,true,false,false,3
rfa,aghriqxana,BB,a,true,loc,neutral_i,back,CV,true,false,false,3
rfa,ahale,BF,e,true,acc,neutral_i,none,CV,true,false,false,97
rfa,ahale,BF,e,true,dat,neutral_i,front,CV,true,false,false,39
rfa,ahale,BF,e,true,loc,neutral_i,front,CV,true,false,false,2
rfa,akadémiye,BF,e,true,acc,neutral_i,none,CV,true,false,false,1
rfa,akadémiye,BF,e,true,acc,unraised,none,CV,true,false,false,2
rfa,akadémiye,BF,e,true,dat,neutral_i,front,CV,true,false,false,5
rfa,akadémiye,BF,e,true,dat,unraised,front,CV,true,false,false,1
rfa,akadémiye,BF,e,true,loc,neutral_i,front,CV,true,false,false,3
rfa,alla,BB,a,true,acc,unraised,none,CV,true,false,false,2
rfa,alla,BB,a,true,dat,unraised,back,CV,true,false,false,25
rfa,alma,BB,a,true,dat,neutral_i,back,CV,true,false,false,2
rfa,amma,BB,a,true,acc,neutral_i,none,CV,true,false,false,199
rfa,amma,BB,a,true,dat,neutral_i,back,CV,true,false,false,248
rfa,amma,BB,a,true,loc,neutral_i,back,CV,true,false,false,5
rfa,ana,BB,a,true,acc,neutral_i,none,CV,true,false,false,22
rfa,ana,BB,a,true,dat,neutral_i,back,CV,true,false,false,37
rfa,aptonomiye,BF,e,false,acc,unraised,none,CV,true,false,false,22
rfa,aptonomiye,BF,e,false,dat,unraised,front,CV,true,false,false,9
rfa,aptonomiye,BF,e,false,loc,unraised,front,CV,true,false,false,1
rfa,ara,BB,a,true,dat,unraised,back,CV,true,false,false,1
rfa,archa,BB,a,true,acc,neutral_i,none,CV,true,false,false,1
rfa,arghamcha,BB,a,true,acc,neutral_i,none,CV,true,false,false,1
rfa,arghamcha,BB,a,true,dat,neutral_i,back,CV,true,false,false,3
rfa,arghamcha,BB,a,true,loc,neutral_i,back,CV,true,false,false,1
rfa,ariye,BF,e,true,acc,unraised,none,CV,true,false,false,1
rfa,armiye,BF,e,true,acc,neutral_i,none,CV,true,false,false,28
rfa,armiye,BF,e,true,acc,unraised,none,CV,true,false,false,35
rfa,armiye,BF,e,true,dat,neutral_i,front,CV,true,false,false,39
rfa,armiye,BF,e,true,dat,unraised,front,CV,true,false,false,42
rfa,armiye,BF,e,true,loc,neutral_i,front,CV,true,false,false,14
rfa,armiye,BF,e,true,loc,unraised,front,CV,true,false,false,17
rfa,ashxana,BB,a,true,acc,neutral_i,none,CV,true,false,false,17
rfa,ashxana,BB,a,true,dat,neutral_i,back,CV,true,false,false,33
rfa,ashxana,BB,a,true,loc,neutral_i,back,CV,true,false,false,45
rfa,aspirantura,BB,a,false,acc,neutral_i,none,CV,true,false,false,2
rfa,aspirantura,BB,a,false,loc,neutral_i,back,CV,true,false,false,6
rfa,assimilyatsiye,BF,e,true,acc,unraised,none,CV,true,false,false,15
rfa,assimilyatsiye,BF,e,true,dat,unraised,front,CV,true,false,false,18
rfa,astane,BF,e,true,acc,neutral_i,none,CV,true,true,false,2
rfa,astane,BF,e,true,dat,neutral_i,back,CV,true,true,false,3
rfa,astane,BF,e,true,loc,neutral_i,back,CV,true,true,false,15
rfa,astane,BF,e,true,loc,neutral_i,front,CV,true,true,false,9
rfa,astronomiye,BF,e,false,dat,unraised,front,CV,true,false,false,1
rfa,ata,BB,a,true,dat,neutral_i,back,CV,true,false,false,6
rfa,ata,BB,a,true,loc,neutral_i,back,CV,true,false,false,1
rfa,aza,BB,a,true,acc,neutral_i,none,CV,true,false,false,1
rfa,baha,BB,a,true,acc,unraised,none,CV,true,false,false,26
rfa,baha,BB,a,true,dat,unraised,back,CV,true,false,false,53
rfa,baha,BB,a,true,loc,unraised,back,CV,true,false,false,180
rfa,bahane,BF,e,true,acc,neutral_i,none,CV,true,false,false,4
rfa,bahane,BF,e,true,dat,neutral_i,front,CV,true,false,false,12
rfa,bahane,BF,e,true,loc,neutral_i,back,CV,true,false,false,10
rfa,bahane,BF,e,true,loc,neutral_i,front,CV,true,false,false,112
rfa,bala,BB,a,true,acc,neutral_i,none,CV,true,false,false,234
rfa,bala,BB,a,true,dat,neutral_i,back,CV,true,false,false,85
rfa,bala,BB,a,true,loc,neutral_i,back,CV,true,false,false,4
rfa,bara,BB,a,true,loc,neutral_i,back,CV,true,false,false,2
rfa,bashla,BB,a,true,dat,neutral_i,back,CV,true,false,false,1
rfa,bashlanma,BB,a,true,acc,neutral_i,none,CV,true,false,false,3
rfa,bashqarma,BB,a,true,dat,neutral_i,back,CV,true,false,false,1
rfa,basmixana,BB,a,true,loc,neutral_i,back,CV,true,false,false,2
rfa,bataréya,BB,a,true,loc,neutral_i,front,CV,true,true,false,1
rfa,bayanname,BF,e,true,acc,neutral_i,none,CV,true,false,false,3
rfa,bayanname,BF,e,true,dat,neutral_i,back,CV,true,false,false,1
rfa,bayanname,BF,e,true,loc,neutral_i,back,CV,true,false,false,1
rfa,bayanname,BF,e,true,loc,neutral_i,front,CV,true,false,false,3
rfa,baza,BB,a,true,acc,neutral_i,none,CV,true,false,false,22
rfa,baza,BB,a,true,dat,neutral_i,back,CV,true,false,false,37
rfa,baza,BB,a,true,loc,neutral_i,back,CV,true,false,false,18
rfa,beshire,FF,e,true,acc,neutral_i,none,CV,true,false,false,4
rfa,birleshme,FF,e,true,acc,neutral_i,none,CV,true,false,false,1
rfa,birleshme,FF,e,true,dat,neutral_i,front,CV,true,false,false,6
rfa,birleshme,FF,e,true,loc,neutral_i,front,CV,true,false,false,3
rfa,bolghuche,BF,e,false,acc,neutral_i,none,CV,true,true,false,2
rfa,bolghuche,BF,e,false,dat,neutral_i,back,CV,true,true,false,2
rfa,bomba,BB,a,false,acc,neutral_i,none,CV,true,false,false,61
rfa,bomba,BB,a,false,dat,neutral_i,back,CV,true,false,false,35
rfa,bomba,BB,a,false,loc,neutral_i,back,CV,true,false,false,7
rfa,burma,BB,a,false,acc,neutral_i,none,CV,true,false,false,1
rfa,bölme,FF,e,false,acc,neutral_i,none,CV,true,false,false,2
rfa,bölme,FF,e,false,dat,neutral_i,front,CV,true,false,false,4
rfa,bölme,FF,e,false,loc,neutral_i,front,CV,true,false,false,3
rfa,böre,FF,e,false,acc,neutral_i,none,CV,true,false,false,3
rfa,böre,FF,e,false,dat,neutral_i,front,CV,true,false,false,8
rfa,chana,BB,a,true,dat,neutral_i,back,CV,true,false,false,1
rfa,changchile,BF,e,true,acc,neutral_i,none,CV,true,false,false,1
rfa,changchile,BF,e,true,dat,neutral_i,front,CV,true,false,false,1
rfa,charshenbe,FF,e,true,loc,neutral_i,front,CV,true,false,false,1
rfa,chasa,BB,a,true,dat,neutral_i,back,CV,true,false,false,1
rfa,chaza,BB,a,true,acc,neutral_i,none,CV,true,false,false,1
rfa,chaza,BB,a,true,dat,neutral_i,back,CV,true,false,false,2
rfa,chaza,BB,a,true,loc,neutral_i,back,CV,true,false,false,6
rfa,chüje,FF,e,false,acc,neutral_i,none,CV,true,false,false,2
rfa,chümperde,FF,e,false,acc,neutral_i,none,CV,true,false,false,2
rfa,chümüle,FF,e,false,acc,neutral_i,none,CV,true,false,false,2
rfa,chümüle,FF,e,false,dat,neutral_i,front,CV,true,false,false,1
rfa,chüshenche,FF,e,false,acc,neutral_i,none,CV,true,false,false,39
rfa,chüshenche,FF,e,false,dat,neutral_i,front,CV,true,false,false,113
rfa,chüshenche,FF,e,false,loc,neutral_i,front,CV,true,false,false,13
rfa,da'ire,BF,e,true,acc,neutral_i,none,CV,true,false,false,39
rfa,da'ire,BF,e,true,dat,neutral_i,back,CV,true,false,false,1
rfa,da'ire,BF,e,true,dat,neutral_i,front,CV,true,false,false,39
rfa,da'ire,BF,e,true,loc,neutral_i,front,CV,true,false,false,369
rfa,dacha,BB,a,true,dat,neutral_i,back,CV,true,false,false,3
rfa,dacha,BB,a,true,loc,neutral_i,back,CV,true,false,false,1
rfa,dada,BB,a,true,acc,neutral_i,none,CV,true,false,false,1
rfa,dada,BB,a,true,dat,neutral_i,back,CV,true,false,false,3
rfa,dala,BB,a,true,dat,unraised,back,CV,true,false,false,4
rfa,dala,BB,a,true,loc,unraised,back,CV,true,false,false,9
rfa,dalda,BB,a,true,acc,neutral_i,none,CV,true,false,false,2
rfa,dalda,BB,a,true,dat,neutral_i,back,CV,true,false,false,16
rfa,damolla,BB,a,false,acc,neutral_i,none,CV,true,false,false,4
rfa,damolla,BB,a,false,dat,neutral_i,back,CV,true,false,false,4
rfa,dara,BB,a,true,dat,neutral_i,back,CV,true,false,false,2
rfa,derije,FF,e,true,acc,neutral_i,none,CV,true,false,false,2
rfa,derije,FF,e,true,dat,neutral_i,front,CV,true,false,false,355
rfa,derije,FF,e,true,loc,neutral_i,front,CV,true,false,false,2885
rfa,dersxana,BB,a,true,acc,neutral_i,none,CV,true,false,false,1
rfa,dersxana,BB,a,true,dat,neutral_i,back,CV,true,false,false,6
rfa,dersxana,BB,a,true,loc,neutral_i,back,CV,true,false,false,26
rfa,derwaza,BB,a,true,acc,neutral_i,none,CV,true,false,false,8
rfa,derwaza,BB,a,true,dat,neutral_i,back,CV,true,false,false,14
rfa,derwaza,BB,a,true,loc,neutral_i,back,CV,true,false,false,2
rfa,derya,FB,a,true,acc,unraised,none,CV,true,false,false,1
rfa,derya,FB,a,true,dat,unraised,back,CV,true,false,false,22
rfa,derya,FB,a,true,loc,unraised,back,CV,true,false,false,4
rfa,dewa,FB,a,true,acc,unraised,none,CV,true,false,false,58
rfa,dewa,FB,a,true,dat,unraised,back,CV,true,false,false,45
rfa,dewa,FB,a,true,loc,unraised,back,CV,true,false,false,18
rfa,diploma,BB,a,false,acc,neutral_i,none,CV,true,false,false,11
rfa,diplomatiye,BF,e,false,acc,unraised,none,CV,true,false,false,6
rfa,diplomatiye,BF,e,false,dat,unraised,front,CV,true,false,false,10
rfa,diplomatiye,BF,e,false,loc,unraised,front,CV,true,false,false,11
rfa,dissértatsiye,BF,e,true,acc,unraised,none,CV,true,false,false,1
rfa,doppa,BB,a,false,acc,neutral_i,none,CV,true,false,false,10
rfa,doppa,BB,a,false,dat,neutral_i,back,CV,true,false,false,5
rfa,dorixana,BB,a,false,dat,neutral_i,back,CV,true,false,false,2
rfa,dorixana,BB,a,false,loc,neutral_i,back,CV,true,false,false,2
rfa,doxturxana,BB,a,false,acc,neutral_i,none,CV,true,false,false,8
rfa,doxturxana,BB,a,false,dat,neutral_i,back,CV,true,false,false,371
rfa,doxturxana,BB,a,false,loc,neutral_i,back,CV,true,false,false,391
rfa,drama,BB,a,true,acc,unraised,none,CV,true,false,false,1
rfa,du'a,BB,a,false,acc,unraised,none,CV,true,false,false,4
rfa,du'a,BB,a,false,dat,unraised,back,CV,true,false,false,32
rfa,du'a,BB,a,false,loc,unraised,back,CV,true,false,false,5
rfa,duniya,BB,a,false,dat,unraised,back,CV,true,false,false,3
rfa,duniya,BB,a,false,loc,unraised,back,CV,true,false,false,1
rfa,dunya,BB,a,false,acc,unraised,none,CV,true,false,false,616
rfa,dunya,BB,a,false,dat,unraised,back,CV,true,false,false,2940
rfa,dunya,BB,a,false,loc,unraised,back,CV,true,false,false,1445
rfa,démokratiye,BF,e,false,acc,unraised,none,CV,true,false,false,179
rfa,démokratiye,BF,e,false,dat,unraised,front,CV,true,false,false,75
rfa,démokratiye,BF,e,false,loc,unraised,front,CV,true,false,false,4
rfa,düshenbe,FF,e,false,acc,neutral_i,none,CV,true,false,false,1
rfa,düshenbe,FF,e,false,dat,neutral_i,front,CV,true,false,false,11
rfa,düshenbe,FF,e,false,loc,neutral_i,front,CV,true,false,false,17
rfa,edliye,FF,e,true,acc,unraised,none,CV,true,false,false,3
rfa,edliye,FF,e,true,dat,unraised,front,CV,true,false,false,6
rfa,ehdiname,BF,e,true,acc,neutral_i,none,CV,true,false,false,22
rfa,ehdiname,BF,e,true,dat,neutral_i,back,CV,true,false,false,3
rfa,ehdiname,BF,e,true,dat,neutral_i,front,CV,true,false,false,40
rfa,ehdiname,BF,e,true,loc,neutral_i,back,CV,true,false,false,2
rfa,ehdiname,BF,e,true,loc,neutral_i,front,CV,true,false,false,17
rfa,ela,FB,a,true,acc,neutral_i,none,CV,true,true,false,2
rfa,ela,FB,a,true,dat,neutral_i,front,CV,true,true,false,5
rfa,ela,FB,a,true,loc,neutral_i,front,CV,true,true,false,1
rfa,elchixana,BB,a,true,acc,neutral_i,none,CV,true,false,false,2
rfa,elchixana,BB,a,true,dat,neutral_i,back,CV,true,false,false,31
rfa,elchixana,BB,a,true,dat,neutral_i,front,CV,true,false,false,1
rfa,elchixana,BB,a,true,loc,neutral_i,back,CV,true,false,false,15
rfa,en'ene,FF,e,true,acc,neutral_i,none,CV,true,false,false,20
rfa,en'ene,FF,e,true,dat,neutral_i,front,CV,true,false,false,93
rfa,en'ene,FF,e,true,loc,neutral_i,front,CV,true,false,false,1
rfa,endishe,FF,e,true,acc,neutral_i,none,CV,true,false,false,72
rfa,endishe,FF,e,true,dat,neutral_i,front,CV,true,false,false,683
rfa,endishe,FF,e,true,loc,neutral_i,front,CV,true,false,false,45
rfa,endize,FF,e,true,acc,neutral_i,none,CV,true,false,false,11
rfa,endize,FF,e,true,dat,neutral_i,front,CV,true,false,false,3
rfa,endize,FF,e,true,loc,neutral_i,front,CV,true,false,false,2
rfa,epsane,BF,e,true,acc,neutral_i,none,CV,true,false,false,1
rfa,epsane,BF,e,true,dat,neutral_i,front,CV,true,false,false,2
rfa,erebche,FF,e,true,acc,neutral_i,none,CV,true,false,false,1
rfa,erebche,FF,e,true,dat,neutral_i,front,CV,true,false,false,9
rfa,erebche,FF,e,true,loc,neutral_i,front,CV,true,false,false,1
rfa,esletme,FF,e,true,dat,neutral_i,front,CV,true,false,false,1
rfa,esletme,FF,e,true,loc,neutral_i,front,CV,true,false,false,4
rfa,eslihe,FF,e,true,acc,unraised,none,CV,true,false,false,2
rfa,eslihe,FF,e,true,dat,unraised,front,CV,true,false,false,3
rfa,eslihe,FF,e,true,loc,unraised,front,CV,true,false,false,1
rfa,eslime,FF,e,true,acc,neutral_i,none,CV,true,false,false,8
rfa,eslime,FF,e,true,dat,neutral_i,front,CV,true,false,false,2
rfa,eslime,FF,e,true,loc,neutral_i,front,CV,true,false,false,7
rfa,esna,FB,a,true,loc,unraised,back,CV,true,false,false,30
rfa,ete,FF,e,true,dat,neutral_i,front,CV,true,false,false,15
rfa,exletxana,BB,a,true,dat,neutral_i,back,CV,true,false,false,2
rfa,eyibname,BF,e,true,acc,neutral_i,none,CV,true,false,false,13
rfa,eyibname,BF,e,true,dat,neutral_i,front,CV,true,false,false,8
rfa,eyibname,BF,e,true,loc,neutral_i,front,CV,true,false,false,24
rfa,eza,FB,a,true,acc,unraised,none,CV,true,false,false,3
rfa,eza,FB,a,true,dat,unraised,back,CV,true,false,false,11
rfa,famile,BF,e,true,acc,neutral_i,none,CV,true,false,false,3
rfa,forma,BB,a,false,loc,neutral_i,back,CV,true,false,false,2
rfa,formula,BB,a,false,dat,neutral_i,back,CV,true,false,false,2
rfa,fédératsiye,BF,e,true,dat,unraised,front,CV,true,false,false,3
rfa,gazarma,BB,a,true,acc,neutral_i,none,CV,true,false,false,1
rfa,gazarma,BB,a,true,dat,neutral_i,back,CV,true,false,false,17
rfa,gazarma,BB,a,true,loc,neutral_i,back,CV,true,false,false,1
rfa,geme,FF,e,true,acc,neutral_i,none,CV,true,false,false,7
rfa,geme,FF,e,true,loc,neutral_i,front,CV,true,false,false,4
rfa,gewde,FF,e,true,acc,neutral_i,none,CV,true,false,false,5
rfa,gewde,FF,e,true,dat,neutral_i,front,CV,true,false,false,47
rfa,gewde,FF,e,true,loc,neutral_i,front,CV,true,false,false,4
rfa,ghaye,BF,e,true,acc,neutral_i,none,CV,true,false,false,7
rfa,ghaye,BF,e,true,dat,neutral_i,front,CV,true,false,false,9
rfa,ghaye,BF,e,true,loc,neutral_i,front,CV,true,false,false,2
rfa,ghelbe,FF,e,true,acc,neutral_i,none,CV,true,false,false,1
rfa,ghelbe,FF,e,true,dat,neutral_i,front,CV,true,false,false,2
rfa,ghelibe,FF,e,true,acc,neutral_i,none,CV,true,false,false,40
rfa,ghelibe,FF,e,true,dat,neutral_i,front,CV,true,false,false,73
rfa,ghelibe,FF,e,true,loc,neutral_i,front,CV,true,false,false,1
rfa,ghulghula,BB,a,false,acc,neutral_i,none,CV,true,false,false,2
rfa,ghulghula,BB,a,false,dat,neutral_i,back,CV,true,false,false,31
rfa,ghulja,BB,a,false,acc,neutral_i,none,CV,true,false,false,25
rfa,ghulja,BB,a,false,dat,neutral_i,back,CV,true,false,false,167
rfa,ghulja,BB,a,false,loc,neutral_i,back,CV,true,false,false,363
rfa,gimnaziye,BF,e,true,acc,unraised,none,CV,true,false,false,2
rfa,gimnaziye,BF,e,true,dat,unraised,front,CV,true,false,false,1
rfa,gimnaziye,BF,e,true,loc,unraised,front,CV,true,false,false,8
rfa,guruppa,BB,a,false,acc,neutral_i,none,CV,true,false,false,38
rfa,guruppa,BB,a,false,dat,neutral_i,back,CV,true,false,false,107
rfa,guruppa,BB,a,false,loc,neutral_i,back,CV,true,false,false,21
rfa,guwahname,BF,e,false,acc,neutral_i,none,CV,true,false,false,3
rfa,guwahname,BF,e,false,dat,neutral_i,front,CV,true,false,false,3
rfa,gézitxana,BB,a,true,acc,neutral_i,none,CV,true,false,false,2
rfa,gézitxana,BB,a,true,dat,neutral_i,back,CV,true,false,false,7
rfa,gézitxana,BB,a,true,loc,neutral_i,back,CV,true,false,false,6
rfa,hajetxana,BB,a,true,acc,neutral_i,none,CV,true,false,false,7
rfa,hajetxana,BB,a,true,dat,neutral_i,back,CV,true,false,false,27
rfa,hajetxana,BB,a,true,loc,neutral_i,back,CV,true,false,false,6
rfa,hamile,BF,e,true,acc,neutral_i,none,CV,true,false,false,24
rfa,hamile,BF,e,true,dat,neutral_i,front,CV,true,false,false,1
rfa,harwa,BB,a,true,acc,neutral_i,none,CV,true,false,false,4
rfa,harwa,BB,a,true,dat,neutral_i,back,CV,true,false,false,12
rfa,harwa,BB,a,true,loc,neutral_i,back,CV,true,false,false,6
rfa,hasa,BB,a,true,dat,neutral_i,back,CV,true,false,false,1
rfa,hawa,BB,a,true,acc,unraised,none,CV,true,false,false,23
rfa,hawa,BB,a,true,dat,unraised,back,CV,true,false,false,60
rfa,hawa,BB,a,true,loc,unraised,back,CV,true,false,false,43
rfa,hawale,BF,e,true,loc,neutral_i,front,CV,true,false,false,1
rfa,hediye,FF,e,true,acc,unraised,none,CV,true,false,false,4
rfa,hediye,FF,e,true,dat,unraised,front,CV,true,false,false,2
rfa,hemshire,FF,e,true,dat,neutral_i,front,CV,true,false,false,1
rfa,hepse,FF,e,true,dat,neutral_i,front,CV,true,false,false,11
rfa,hepse,FF,e,true,loc,neutral_i,front,CV,true,false,false,4
rfa,hepte,FF,e,true,acc,neutral_i,none,CV,true,false,false,5
rfa,hepte,FF,e,true,dat,neutral_i,front,CV,true,false,false,26
rfa,hepte,FF,e,true,loc,neutral_i,front,CV,true,false,false,307
rfa,hesse,FF,e,true,acc,neutral_i,none,CV,true,false,false,1
rfa,hesse,FF,e,true,dat,neutral_i,front,CV,true,false,false,19
rfa,heywe,FF,e,true,acc,neutral_i,none,CV,true,false,false,1
rfa,heywe,FF,e,true,dat,neutral_i,front,CV,true,false,false,1
rfa,hikaye,BF,e,true,acc,neutral_i,none,CV,true,false,false,1
rfa,hikaye,BF,e,true,dat,neutral_i,back,CV,true,false,false,1
rfa,himaye,BF,e,true,dat,neutral_i,front,CV,true,false,false,5
rfa,hoyla,BB,a,false,acc,neutral_i,none,CV,true,false,false,2
rfa,hoyla,BB,a,false,dat,neutral_i,back,CV,true,false,false,11
rfa,hoyla,BB,a,false,loc,neutral_i,back,CV,true,false,false,8
rfa,hékaye,BF,e,true,acc,neutral_i,none,CV,true,false,false,45
rfa,hékaye,BF,e,true,dat,neutral_i,front,CV,true,false,false,6
rfa,hékaye,BF,e,true,loc,neutral_i,front,CV,true,false,false,4
rfa,hüjeyre,FF,e,false,acc,neutral_i,none,CV,true,false,false,2
rfa,hüjeyre,FF,e,false,dat,neutral_i,front,CV,true,false,false,4
rfa,i'ane,BF,e,true,acc,neutral_i,none,CV,true,false,false,1
rfa,i'ane,BF,e,true,dat,neutral_i,front,CV,true,false,false,1
rfa,ibadetxana,BB,a,true,acc,neutral_i,none,CV,true,false,false,4
rfa,ibadetxana,BB,a,true,dat,neutral_i,back,CV,true,false,false,13
rfa,ibadetxana,BB,a,true,loc,neutral_i,back,CV,true,false,false,5
rfa,ibare,BF,e,true,acc,neutral_i,none,CV,true,false,false,37
rfa,ibare,BF,e,true,dat,neutral_i,front,CV,true,false,false,1
rfa,ibare,BF,e,true,loc,neutral_i,front,CV,true,false,false,1
rfa,idare,BF,e,true,acc,neutral_i,none,CV,true,false,false,4
rfa,idare,BF,e,true,dat,neutral_i,back,CV,true,false,false,4
rfa,idare,BF,e,true,dat,neutral_i,front,CV,true,false,false,18
rfa,idare,BF,e,true,loc,neutral_i,back,CV,true,false,false,1
rfa,idare,BF,e,true,loc,neutral_i,front,CV,true,false,false,35
rfa,ijare,BF,e,true,acc,neutral_i,none,CV,true,false,false,1
rfa,ijare,BF,e,true,dat,neutral_i,front,CV,true,false,false,162
rfa,ijare,BF,e,true,loc,neutral_i,front,CV,true,false,false,8
rfa,ijazetname,BF,e,true,acc,neutral_i,none,CV,true,false,false,1
rfa,ijazetname,BF,e,true,dat,neutral_i,front,CV,true,false,false,1
rfa,ijazetname,BF,e,true,loc,neutral_i,front,CV,true,false,false,1
rfa,ilawe,BF,e,true,acc,neutral_i,none,CV,true,false,false,1
rfa,ilawe,BF,e,true,loc,neutral_i,front,CV,true,false,false,1
rfa,ipade,BF,e,true,acc,neutral_i,none,CV,true,false,false,8
rfa,ipade,BF,e,true,dat,neutral_i,front,CV,true,false,false,3
rfa,ipade,BF,e,true,loc,neutral_i,front,CV,true,false,false,6
rfa,irade,BF,e,true,acc,neutral_i,none,CV,true,false,false,10
rfa,irade,BF,e,true,dat,neutral_i,front,CV,true,false,false,18
rfa,irade,BF,e,true,loc,neutral_i,front,CV,true,false,false,3
rfa,ishxana,BB,a,true,acc,neutral_i,none,CV,true,false,false,6
rfa,ishxana,BB,a,true,dat,neutral_i,back,CV,true,false,false,28
rfa,ishxana,BB,a,true,loc,neutral_i,back,CV,true,false,false,33
rfa,iskenje,FF,e,true,dat,neutral_i,front,CV,true,false,false,51
rfa,iskenje,FF,e,true,loc,neutral_i,front,CV,true,false,false,2
rfa,ispatname,BF,e,true,dat,neutral_i,front,CV,true,false,false,1
rfa,ispatname,BF,e,true,loc,neutral_i,front,CV,true,false,false,1
rfa,istansa,BB,a,true,dat,neutral_i,back,CV,true,false,false,14
rfa,istansa,BB,a,true,loc,neutral_i,back,CV,true,false,false,9
rfa,jame,BF,e,true,acc,unraised,none,CV,true,false,false,5
rfa,jame,BF,e,true,dat,unraised,front,CV,true,false,false,5
rfa,jame,BF,e,true,loc,unraised,front,CV,true,false,false,3
rfa,jaza,BB,a,true,acc,unraised,none,CV,true,false,false,68
rfa,jaza,BB,a,true,dat,neutral_i,back,CV,true,false,false,1
rfa,jaza,BB,a,true,dat,unraised,back,CV,true,false,false,508
rfa,jaza,BB,a,true,loc,unraised,back,CV,true,false,false,2
rfa,jerimane,BF,e,true,acc,neutral_i,none,CV,true,false,false,19
rfa,jerimane,BF,e,true,dat,neutral_i,front,CV,true,false,false,10
rfa,jezire,FF,e,true,loc,neutral_i,front,CV,true,false,false,1
rfa,joghrapiye,BF,e,false,loc,unraised,front,CV,true,false,false,1
rfa,jughlanma,BB,a,false,acc,neutral_i,none,CV,true,false,false,1
rfa,jughlanma,BB,a,false,dat,neutral_i,back,CV,true,false,false,1
rfa,jughrapiye,BF,e,false,acc,unraised,none,CV,true,false,false,4
rfa,jughrapiye,BF,e,false,dat,unraised,front,CV,true,false,false,2
rfa,jughrapiye,BF,e,false,loc,unraised,front,CV,true,false,false,5
rfa,juwawa,BB,a,false,acc,neutral_i,none,CV,true,false,false,2
rfa,juwawa,BB,a,false,dat,neutral_i,back,CV,true,false,false,2
rfa,kala,BB,a,true,loc,neutral_i,back,CV,true,false,false,1
rfa,kalla,BB,a,true,acc,neutral_i,none,CV,true,false,false,3
rfa,kalla,BB,a,true,dat,neutral_i,back,CV,true,false,false,3
rfa,kana,BB,a,true,acc,neutral_i,none,CV,true,false,false,9
rfa,kana,BB,a,true,dat,neutral_i,back,CV,true,false,false,4
rfa,kana,BB,a,true,loc,neutral_i,back,CV,true,false,false,15
rfa,kapaletname,BF,e,true,acc,neutral_i,none,CV,true,false,false,2
rfa,kapaletname,BF,e,true,dat,neutral_i,front,CV,true,false,false,4
rfa,kapaletname,BF,e,true,loc,neutral_i,front,CV,true,false,false,1
rfa,karta,BB,a,true,acc,neutral_i,none,CV,true,false,false,28
rfa,karta,BB,a,true,dat,neutral_i,back,CV,true,false,false,10
rfa,karta,BB,a,true,loc,neutral_i,back,CV,true,false,false,4
rfa,karxana,BB,a,true,acc,neutral_i,none,CV,true,false,false,12
rfa,karxana,BB,a,true,dat,neutral_i,back,CV,true,false,false,9
rfa,karxana,BB,a,true,loc,neutral_i,back,CV,true,false,false,12
rfa,kasa,BB,a,true,acc,neutral_i,none,CV,true,false,false,1
rfa,kashila,BB,a,true,acc,neutral_i,none,CV,true,false,false,3
rfa,kashila,BB,a,true,dat,neutral_i,back,CV,true,false,false,28
rfa,katégoriye,BF,e,false,acc,neutral_i,none,CV,true,false,false,1
rfa,katégoriye,BF,e,false,acc,unraised,none,CV,true,false,false,3
rfa,katégoriye,BF,e,false,dat,neutral_i,front,CV,true,false,false,10
rfa,katégoriye,BF,e,false,dat,unraised,front,CV,true,false,false,41
rfa,katégoriye,BF,e,false,loc,neutral_i,front,CV,true,false,false,1
rfa,katégoriye,BF,e,false,loc,unraised,front,CV,true,false,false,4
rfa,kawapxana,BB,a,true,loc,neutral_i,back,CV,true,false,false,1
rfa,kelime,FF,e,true,acc,neutral_i,none,CV,true,false,false,5
rfa,kelime,FF,e,true,dat,neutral_i,front,CV,true,false,false,2
rfa,kepe,FF,e,true,dat,neutral_i,front,CV,true,false,false,1
rfa,kepe,FF,e,true,loc,neutral_i,front,CV,true,false,false,3
rfa,kerre,FF,e,true,acc,neutral_i,none,CV,true,false,false,2
rfa,kinaye,BF,e,true,acc,neutral_i,none,CV,true,false,false,3
rfa,kinaye,BF,e,true,dat,neutral_i,front,CV,true,false,false,1
rfa,kinoxana,BB,a,false,acc,neutral_i,none,CV,true,false,false,1
rfa,kinoxana,BB,a,false,dat,neutral_i,back,CV,true,false,false,3
rfa,kinoxana,BB,a,false,loc,neutral_i,back,CV,true,false,false,2
rfa,kitabche,BF,e,true,acc,neutral_i,none,CV,true,false,false,6
rfa,kitabche,BF,e,true,dat,neutral_i,back,CV,true,false,false,1
rfa,kitabche,BF,e,true,loc,neutral_i,back,CV,true,false,false,3
rfa,kitabxana,BB,a,true,acc,neutral_i,none,CV,true,false,false,5
rfa,kitabxana,BB,a,true,dat,neutral_i,back,CV,true,false,false,4
rfa,kitabxana,BB,a,true,loc,neutral_i,back,CV,true,false,false,5
rfa,kocha,BB,a,false,acc,neutral_i,none,CV,true,false,false,26
rfa,kocha,BB,a,false,dat,neutral_i,back,CV,true,false,false,199
rfa,kocha,BB,a,false,loc,neutral_i,back,CV,true,false,false,176
rfa,komanda,BB,a,false,acc,neutral_i,none,CV,true,false,false,10
rfa,komanda,BB,a,false,dat,neutral_i,back,CV,true,false,false,8
rfa,komanda,BB,a,false,loc,neutral_i,back,CV,true,false,false,6
rfa,kompaniye,BF,e,false,dat,unraised,front,CV,true,false,false,1
rfa,kompaniye,BF,e,false,loc,unraised,front,CV,true,false,false,1
rfa,komédiye,BF,e,false,loc,unraised,front,CV,true,false,false,1
rfa,konsulxana,BB,a,false,acc,neutral_i,none,CV,true,false,false,1
rfa,konsulxana,BB,a,false,dat,neutral_i,back,CV,true,false,false,23
rfa,konsulxana,BB,a,false,dat,neutral_i,front,CV,true,false,false,1
rfa,konsulxana,BB,a,false,loc,neutral_i,back,CV,true,false,false,7
rfa,kutupxana,BB,a,false,acc,neutral_i,none,CV,true,false,false,4
rfa,kutupxana,BB,a,false,dat,neutral_i,back,CV,true,false,false,8
rfa,kutupxana,BB,a,false,loc,neutral_i,back,CV,true,false,false,10
rfa,kélishimname,BF,e,true,acc,neutral_i,none,CV,true,false,false,6
rfa,kélishimname,BF,e,true,dat,neutral_i,front,CV,true,false,false,6
rfa,kömürxana,BB,a,false,dat,neutral_i,back,CV,true,false,false,2
rfa,körgezme,FF,e,false,acc,neutral_i,none,CV,true,false,false,82
rfa,körgezme,FF,e,false,dat,neutral_i,front,CV,true,false,false,215
rfa,körgezme,FF,e,false,loc,neutral_i,front,CV,true,false,false,75
rfa,körgezmixana,BB,a,false,loc,neutral_i,back,CV,true,false,false,4
rfa,körsetme,FF,e,false,acc,neutral_i,none,CV,true,false,false,4
rfa,körsetme,FF,e,false,dat,neutral_i,front,CV,true,false,false,3
rfa,körsetme,FF,e,false,loc,neutral_i,front,CV,true,false,false,13
rfa,kötüre,FF,e,false,dat,neutral_i,front,CV,true,false,false,5
rfa,laboratoriye,BF,e,false,loc,unraised,front,CV,true,false,false,2
rfa,lata,BB,a,true,loc,neutral_i,back,CV,true,false,false,2
rfa,layihe,BF,e,true,acc,neutral_i,none,CV,true,false,false,43
rfa,layihe,BF,e,true,acc,unraised,none,CV,true,false,false,42
rfa,layihe,BF,e,true,dat,neutral_i,front,CV,true,false,false,26
rfa,layihe,BF,e,true,dat,unraised,front,CV,true,false,false,17
rfa,layihe,BF,e,true,loc,neutral_i,front,CV,true,false,false,25
rfa,layihe,BF,e,true,loc,unraised,front,CV,true,false,false,22
rfa,lerze,FF,e,true,dat,neutral_i,front,CV,true,false,false,96
rfa,lerze,FF,e,true,loc,neutral_i,front,CV,true,false,false,1
rfa,madda,BB,a,true,acc,neutral_i,none,CV,true,false,false,37
rfa,madda,BB,a,true,dat,neutral_i,back,CV,true,false,false,29
rfa,madda,BB,a,true,loc,neutral_i,back,CV,true,false,false,15
rfa,magaza,BB,a,true,acc,neutral_i,none,CV,true,false,false,1
rfa,maliye,BF,e,true,acc,unraised,none,CV,true,false,false,2
rfa,maliye,BF,e,true,dat,unraised,front,CV,true,false,false,6
rfa,maliye,BF,e,true,loc,unraised,front,CV,true,false,false,1
rfa,mashina,BB,a,true,acc,neutral_i,none,CV,true,false,false,28
rfa,mashina,BB,a,true,dat,neutral_i,back,CV,true,false,false,46
rfa,mashina,BB,a,true,loc,neutral_i,back,CV,true,false,false,42
rfa,mashna,BB,a,true,loc,neutral_i,back,CV,true,false,false,1
rfa,medhiye,FF,e,true,dat,unraised,front,CV,true,false,false,3
rfa,medrise,FF,e,true,acc,neutral_i,none,CV,true,false,false,2
rfa,medrise,FF,e,true,dat,neutral_i,front,CV,true,false,false,9
rfa,medrise,FF,e,true,loc,neutral_i,front,CV,true,false,false,26
rfa,mehelle,FF,e,true,acc,neutral_i,none,CV,true,false,false,26
rfa,mehelle,FF,e,true,dat,neutral_i,front,CV,true,false,false,50
rfa,mehelle,FF,e,true,loc,neutral_i,front,CV,true,false,false,118
rfa,mejlisxana,BB,a,true,loc,neutral_i,back,CV,true,false,false,1
rfa,mejmu'e,BF,e,false,acc,unraised,none,CV,true,false,false,5
rfa,mejmu'e,BF,e,false,dat,unraised,front,CV,true,false,false,1
rfa,mejmu'e,BF,e,false,loc,unraised,front,CV,true,false,false,11
rfa,menbe,FF,e,true,acc,unraised,none,CV,true,false,false,16
rfa,menbe,FF,e,true,dat,unraised,front,CV,true,false,false,22
rfa,menbe,FF,e,true,loc,unraised,front,CV,true,false,false,6
rfa,mepkure,BF,e,false,acc,neutral_i,none,CV,true,false,false,4
rfa,mepkure,BF,e,false,dat,neutral_i,front,CV,true,false,false,1
rfa,meqbere,FF,e,true,acc,neutral_i,none,CV,true,false,false,2
rfa,mersiye,FF,e,true,acc,unraised,none,CV,true,false,false,1
rfa,mertiwe,FF,e,true,acc,neutral_i,none,CV,true,false,false,2
rfa,mertiwe,FF,e,true,dat,neutral_i,front,CV,true,false,false,11
rfa,mertiwe,FF,e,true,loc,neutral_i,front,CV,true,false,false,1
rfa,mese,FF,e,true,acc,neutral_i,none,CV,true,false,false,2
rfa,mesle,FF,e,true,acc,neutral_i,none,CV,true,false,false,1
rfa,mesle,FF,e,true,dat,neutral_i,front,CV,true,false,false,1
rfa,mesle,FF,e,true,loc,neutral_i,front,CV,true,false,false,1
rfa,mesxire,FF,e,true,dat,neutral_i,front,CV,true,false,false,23
rfa,metbe'e,FF,e,true,acc,unraised,none,CV,true,false,false,2
rfa,metbe'e,FF,e,true,loc,unraised,front,CV,true,false,false,5
rfa,meyde,FF,e,true,acc,neutral_i,none,CV,true,false,false,3
rfa,meyxana,BB,a,true,dat,neutral_i,front,CV,true,false,false,1
rfa,meyxana,BB,a,true,loc,neutral_i,back,CV,true,false,false,1
rfa,meze,FF,e,true,acc,neutral_i,none,CV,true,false,false,6
rfa,mezze,FF,e,true,acc,neutral_i,none,CV,true,false,false,1
rfa,molla,BB,a,false,dat,neutral_i,back,CV,true,false,false,1
rfa,mora,BB,a,false,loc,neutral_i,back,CV,true,false,false,1
rfa,mu'amile,BF,e,false,acc,neutral_i,none,CV,true,false,false,27
rfa,mu'amile,BF,e,false,dat,neutral_i,front,CV,true,false,false,202
rfa,mu'amile,BF,e,false,loc,neutral_i,front,CV,true,false,false,113
rfa,mu'essese,FF,e,false,acc,neutral_i,none,CV,true,false,false,5
rfa,mu'essese,FF,e,false,acc,unraised,none,CV,true,false,false,1
rfa,mu'essese,FF,e,false,dat,neutral_i,front,CV,true,false,false,5
rfa,mu'essese,FF,e,false,dat,unraised,front,CV,true,false,false,1
rfa,mudaxile,BF,e,false,dat,neutral_i,front,CV,true,false,false,5
rfa,muhasire,BF,e,false,acc,neutral_i,none,CV,true,false,false,3
rfa,muhasire,BF,e,false,dat,neutral_i,front,CV,true,false,false,48
rfa,mulahize,BF,e,false,acc,neutral_i,none,CV,true,false,false,3
rfa,mulahize,BF,e,false,dat,neutral_i,front,CV,true,false,false,18
rfa,mulahize,BF,e,false,loc,neutral_i,front,CV,true,false,false,77
rfa,muma,BB,a,false,dat,neutral_i,back,CV,true,false,false,1
rfa,munazire,BF,e,false,acc,neutral_i,none,CV,true,false,false,14
rfa,munazire,BF,e,false,dat,neutral_i,front,CV,true,false,false,80
rfa,munazire,BF,e,false,loc,neutral_i,front,CV,true,false,false,46
rfa,muncha,BB,a,false,dat,neutral_i,back,CV,true,true,false,6
rfa,muncha,BB,a,false,loc,neutral_i,back,CV,true,true,false,2
rfa,muqawa,BB,a,false,dat,neutral_i,back,CV,true,false,false,1
rfa,muqawa,BB,a,false,loc,neutral_i,back,CV,true,false,false,3
rfa,murda,BB,a,false,acc,neutral_i,none,CV,true,false,false,1
rfa,murda,BB,a,false,dat,neutral_i,back,CV,true,false,false,1
rfa,musape,BF,e,false,acc,neutral_i,none,CV,true,false,false,65
rfa,musape,BF,e,false,dat,neutral_i,back,CV,true,false,false,1
rfa,musape,BF,e,false,dat,neutral_i,front,CV,true,false,false,12
rfa,musape,BF,e,false,loc,neutral_i,front,CV,true,false,false,11
rfa,musha'ire,BF,e,false,loc,neutral_i,front,CV,true,false,false,1
rfa,méhmanxana,BB,a,true,acc,neutral_i,none,CV,true,false,false,9
rfa,méhmanxana,BB,a,true,dat,neutral_i,back,CV,true,false,false,95
rfa,méhmanxana,BB,a,true,loc,neutral_i,back,CV,true,false,false,140
rfa,mélodiye,BF,e,false,acc,unraised,none,CV,true,false,false,1
rfa,mélodiye,BF,e,false,dat,unraised,front,CV,true,false,false,1
rfa,mélodiye,BF,e,false,loc,unraised,front,CV,true,false,false,1
rfa,müre,FF,e,false,acc,neutral_i,none,CV,true,false,false,20
rfa,müre,FF,e,false,dat,neutral_i,front,CV,true,false,false,19
rfa,nahiye,BF,e,true,acc,neutral_i,none,CV,true,false,false,13
rfa,nahiye,BF,e,true,acc,unraised,none,CV,true,false,false,11
rfa,nahiye,BF,e,true,dat,neutral_i,front,CV,true,false,false,44
rfa,nahiye,BF,e,true,dat,unraised,front,CV,true,false,false,48
rfa,nahiye,BF,e,true,loc,neutral_i,front,CV,true,false,false,85
rfa,nahiye,BF,e,true,loc,unraised,front,CV,true,false,false,74
rfa,namayende,FF,e,true,acc,neutral_i,none,CV,true,false,false,1
rfa,nashta,BB,a,true,acc,neutral_i,none,CV,true,false,false,1
rfa,nashta,BB,a,true,dat,neutral_i,back,CV,true,false,false,4
rfa,nashta,BB,a,true,loc,neutral_i,back,CV,true,false,false,6
rfa,nawayxana,BB,a,true,loc,neutral_i,back,CV,true,false,false,7
rfa,naxsha,BB,a,true,acc,neutral_i,none,CV,true,false,false,66
rfa,naxsha,BB,a,true,dat,neutral_i,back,CV,true,false,false,14
rfa,naxsha,BB,a,true,loc,neutral_i,back,CV,true,false,false,9
rfa,nere,FF,e,true,dat,neutral_i,front,CV,true,false,false,4
rfa,nere,FF,e,true,loc,neutral_i,front,CV,true,false,false,18
rfa,nerse,FF,e,true,acc,neutral_i,none,CV,true,false,false,244
rfa,nerse,FF,e,true,dat,neutral_i,front,CV,true,false,false,97
rfa,nerse,FF,e,true,loc,neutral_i,front,CV,true,false,false,8
rfa,neshe,FF,e,true,dat,neutral_i,front,CV,true,false,false,2
rfa,netije,FF,e,true,acc,neutral_i,none,CV,true,false,false,48
rfa,netije,FF,e,true,dat,neutral_i,front,CV,true,false,false,212
rfa,netije,FF,e,true,loc,neutral_i,front,CV,true,false,false,1153
rfa,newre,FF,e,true,acc,neutral_i,none,CV,true,false,false,1
rfa,neyze,FF,e,true,acc,neutral_i,none,CV,true,false,false,1
rfa,neyze,FF,e,true,dat,neutral_i,front,CV,true,false,false,1
rfa,nezeriye,FF,e,true,acc,unraised,none,CV,true,false,false,11
rfa,nezeriye,FF,e,true,dat,unraised,front,CV,true,false,false,1
rfa,nezeriye,FF,e,true,loc,unraised,front,CV,true,false,false,3
rfa,nezme,FF,e,true,dat,neutral_i,front,CV,true,false,false,1
rfa,nezme,FF,e,true,loc,neutral_i,front,CV,true,false,false,2
rfa,nizamname,BF,e,true,acc,neutral_i,none,CV,true,false,false,5
rfa,nizamname,BF,e,true,dat,neutral_i,back,CV,true,false,false,3
rfa,nizamname,BF,e,true,dat,neutral_i,front,CV,true,false,false,8
rfa,nizamname,BF,e,true,loc,neutral_i,front,CV,true,false,false,10
rfa,nota,BB,a,false,acc,neutral_i,none,CV,true,false,false,2
rfa,nota,BB,a,false,dat,neutral_i,back,CV,true,false,false,2
rfa,nota,BB,a,false,loc,neutral_i,back,CV,true,false,false,1
rfa,olja,BB,a,false,acc,neutral_i,none,CV,true,false,false,1
rfa,opératsiye,BF,e,false,acc,unraised,none,CV,true,false,false,5
rfa,opératsiye,BF,e,false,dat,unraised,front,CV,true,false,false,7
rfa,opératsiye,BF,e,false,loc,unraised,front,CV,true,false,false,7
rfa,orbita,BB,a,false,dat,neutral_i,back,CV,true,false,false,2
rfa,orda,BB,a,false,acc,neutral_i,none,CV,true,false,false,2
rfa,orda,BB,a,false,dat,neutral_i,back,CV,true,false,false,2
rfa,orda,BB,a,false,loc,neutral_i,back,CV,true,false,false,5
rfa,orma,BB,a,false,dat,neutral_i,back,CV,true,false,false,2
rfa,ottura,BB,a,false,acc,neutral_i,none,CV,true,false,false,32
rfa,ottura,BB,a,false,dat,neutral_i,back,CV,true,false,false,9737
rfa,ottura,BB,a,false,loc,neutral_i,back,CV,true,false,false,78
rfa,oyunxana,BB,a,false,loc,neutral_i,back,CV,true,false,false,7
rfa,pada,BB,a,true,dat,neutral_i,back,CV,true,false,false,1
rfa,pahishe,BF,e,true,dat,neutral_i,front,CV,true,false,false,1
rfa,pahishixana,BB,a,true,dat,neutral_i,back,CV,true,false,false,1
rfa,pahishixana,BB,a,true,loc,neutral_i,back,CV,true,false,false,1
rfa,palata,BB,a,true,acc,unraised,none,CV,true,false,false,2
rfa,palata,BB,a,true,dat,unraised,back,CV,true,false,false,7
rfa,palata,BB,a,true,loc,unraised,back,CV,true,false,false,29
rfa,palla,BB,a,true,dat,neutral_i,front,CV,true,false,false,1
rfa,palla,BB,a,true,loc,neutral_i,front,CV,true,false,false,1
rfa,palta,BB,a,true,acc,neutral_i,none,CV,true,false,false,3
rfa,parsche,BF,e,true,acc,neutral_i,none,CV,true,false,false,2
rfa,parsche,BF,e,true,dat,neutral_i,back,CV,true,false,false,2
rfa,partiye,BF,e,true,acc,neutral_i,none,CV,true,false,false,32
rfa,partiye,BF,e,true,acc,unraised,none,CV,true,false,false,61
rfa,partiye,BF,e,true,dat,neutral_i,front,CV,true,false,false,92
rfa,partiye,BF,e,true,dat,unraised,front,CV,true,false,false,143
rfa,partiye,BF,e,true,loc,neutral_i,front,CV,true,false,false,3
rfa,partiye,BF,e,true,loc,unraised,front,CV,true,false,false,3
rfa,pasha,BB,a,true,dat,neutral_i,back,CV,true,false,false,2
rfa,paxta,BB,a,true,acc,neutral_i,none,CV,true,false,false,24
rfa,paxta,BB,a,true,acc,unraised,none,CV,true,false,false,13
rfa,paxta,BB,a,true,dat,neutral_i,back,CV,true,false,false,6
rfa,paxta,BB,a,true,dat,unraised,back,CV,true,false,false,5
rfa,paxta,BB,a,true,loc,neutral_i,back,CV,true,false,false,2
rfa,payda,BB,a,true,acc,neutral_i,none,CV,true,false,false,52
rfa,payda,BB,a,true,dat,neutral_i,back,CV,true,false,false,83
rfa,pede,FF,e,true,acc,neutral_i,none,CV,true,false,false,3
rfa,pede,FF,e,true,dat,neutral_i,front,CV,true,false,false,2
rfa,pede,FF,e,true,loc,neutral_i,front,CV,true,false,false,1
rfa,pelle,FF,e,true,acc,neutral_i,none,CV,true,false,false,2
rfa,pelle,FF,e,true,dat,neutral_i,front,CV,true,false,false,506
rfa,pelle,FF,e,true,loc,neutral_i,front,CV,true,false,false,6
rfa,pelsepe,FF,e,true,dat,neutral_i,front,CV,true,false,false,3
rfa,pelsepe,FF,e,true,loc,neutral_i,front,CV,true,false,false,1
rfa,perde,FF,e,true,acc,neutral_i,none,CV,true,false,false,4
rfa,perishte,FF,e,true,acc,neutral_i,none,CV,true,false,false,1
rfa,pete,FF,e,true,dat,neutral_i,front,CV,true,false,false,4
rfa,petiwa,FB,a,true,acc,unraised,none,CV,true,false,false,2
rfa,petiwa,FB,a,true,loc,unraised,back,CV,true,false,false,1
rfa,peyshenbe,FF,e,true,acc,neutral_i,none,CV,true,false,false,1
rfa,pirogramma,BB,a,false,acc,neutral_i,none,CV,true,false,false,1
rfa,piyale,BF,e,true,loc,neutral_i,front,CV,true,false,false,1
rfa,pochta,BB,a,false,dat,neutral_i,back,CV,true,false,false,1
rfa,pochta,BB,a,false,loc,neutral_i,back,CV,true,false,false,1
rfa,pochtixana,BB,a,false,dat,neutral_i,back,CV,true,false,false,1
rfa,posma,BB,a,false,acc,neutral_i,none,CV,true,false,false,1
rfa,pozitsiye,BF,e,false,acc,unraised,none,CV,true,false,false,13
rfa,pozitsiye,BF,e,false,dat,unraised,front,CV,true,false,false,8
rfa,pozitsiye,BF,e,false,loc,unraised,front,CV,true,false,false,123
rfa,programma,BB,a,false,acc,neutral_i,none,CV,true,false,false,120
rfa,programma,BB,a,false,dat,neutral_i,back,CV,true,false,false,124
rfa,programma,BB,a,false,loc,neutral_i,back,CV,true,false,false,173
rfa,proza,BB,a,false,acc,neutral_i,none,CV,true,false,false,2
rfa,proza,BB,a,false,dat,neutral_i,back,CV,true,false,false,2
rfa,proza,BB,a,false,loc,neutral_i,back,CV,true,false,false,3
rfa,qa'ide,BF,e,true,acc,neutral_i,none,CV,true,false,false,12
rfa,qa'ide,BF,e,true,dat,neutral_i,front,CV,true,false,false,56
rfa,qa'ide,BF,e,true,loc,neutral_i,front,CV,true,false,false,2
rfa,qacha,BB,a,true,acc,neutral_i,none,CV,true,false,false,3
rfa,qacha,BB,a,true,dat,neutral_i,back,CV,true,false,false,5
rfa,qacha,BB,a,true,loc,neutral_i,back,CV,true,false,false,1
rfa,qamaqxana,BB,a,true,dat,neutral_i,back,CV,true,false,false,65
rfa,qamaqxana,BB,a,true,loc,neutral_i,back,CV,true,false,false,118
rfa,qamcha,BB,a,true,dat,neutral_i,back,CV,true,false,false,1
rfa,qarawulxana,BB,a,false,acc,neutral_i,none,CV,true,false,false,1
rfa,qarawulxana,BB,a,false,dat,neutral_i,back,CV,true,false,false,13
rfa,qarawulxana,BB,a,false,loc,neutral_i,back,CV,true,false,false,5
rfa,qasha,BB,a,true,acc,neutral_i,none,CV,true,false,false,1
rfa,qassapxana,BB,a,true,loc,neutral_i,back,CV,true,false,false,1
rfa,qawaqxana,BB,a,true,dat,neutral_i,back,CV,true,false,false,2
rfa,qaza,BB,a,true,dat,neutral_i,back,CV,true,false,false,3
rfa,qebile,FF,e,true,acc,neutral_i,none,CV,true,false,false,1
rfa,qebile,FF,e,true,dat,neutral_i,front,CV,true,false,false,1
rfa,qebre,FF,e,true,acc,neutral_i,none,CV,true,false,false,9
rfa,qebre,FF,e,true,dat,neutral_i,front,CV,true,false,false,8
rfa,qebre,FF,e,true,loc,neutral_i,front,CV,true,false,false,3
rfa,qehwexana,BB,a,true,dat,neutral_i,back,CV,true,false,false,2
rfa,qehwexana,BB,a,true,loc,neutral_i,back,CV,true,false,false,3
rfa,qimarxana,BB,a,true,dat,neutral_i,back,CV,true,false,false,5
rfa,qimarxana,BB,a,true,loc,neutral_i,back,CV,true,false,false,3
rfa,qoshumche,BF,e,false,acc,neutral_i,none,CV,true,false,false,1
rfa,qoza,BB,a,false,acc,neutral_i,none,CV,true,false,false,2
rfa,qure,BF,e,false,dat,neutral_i,back,CV,true,true,false,1
rfa,qure,BF,e,false,loc,neutral_i,back,CV,true,true,false,1
rfa,qurulma,BB,a,false,acc,neutral_i,none,CV,true,false,false,14
rfa,qurulma,BB,a,false,dat,neutral_i,back,CV,true,false,false,9
rfa,qurulma,BB,a,false,loc,neutral_i,back,CV,true,false,false,4
rfa,qushxana,BB,a,false,loc,neutral_i,back,CV,true,false,false,3
rfa,reste,FF,e,true,loc,neutral_i,front,CV,true,false,false,1
rfa,rota,BB,a,false,acc,neutral_i,none,CV,true,false,false,1
rfa,rota,BB,a,false,dat,neutral_i,back,CV,true,false,false,2
rfa,rémontxana,BB,a,false,dat,neutral_i,back,CV,true,false,false,1
rfa,sada,BB,a,true,acc,unraised,none,CV,true,false,false,6
rfa,sada,BB,a,true,dat,unraised,back,CV,true,false,false,3
rfa,sada,BB,a,true,loc,unraised,back,CV,true,false,false,1
rfa,sahabe,BF,e,true,acc,neutral_i,none,CV,true,false,false,1
rfa,sahe,BF,e,true,acc,unraised,none,CV,true,false,false,47
rfa,sahe,BF,e,true,dat,unraised,front,CV,true,false,false,204
rfa,sahe,BF,e,true,loc,unraised,front,CV,true,false,false,453
rfa,sahibxana,BB,a,true,acc,neutral_i,none,CV,true,false,false,1
rfa,samsixana,BB,a,true,loc,neutral_i,back,CV,true,false,false,1
rfa,sanatoriye,BF,e,false,dat,unraised,front,CV,true,false,false,3
rfa,sanatoriye,BF,e,false,loc,unraised,front,CV,true,false,false,1
rfa,sapa,BB,a,true,acc,unraised,none,CV,true,false,false,6
rfa,sapa,BB,a,true,dat,unraised,back,CV,true,false,false,2
rfa,sapa,BB,a,true,loc,unraised,back,CV,true,false,false,3
rfa,saqchixana,BB,a,true,acc,neutral_i,none,CV,true,false,false,9
rfa,saqchixana,BB,a,true,dat,neutral_i,back,CV,true,false,false,384
rfa,saqchixana,BB,a,true,loc,neutral_i,back,CV,true,false,false,88
rfa,sarasime,BF,e,true,acc,neutral_i,none,CV,true,false,false,1
rfa,sarasime,BF,e,true,dat,neutral_i,front,CV,true,false,false,70
rfa,sarasime,BF,e,true,loc,neutral_i,front,CV,true,false,false,3
rfa,satirashxana,BB,a,true,loc,neutral_i,back,CV,true,false,false,2
rfa,saye,BF,e,true,loc,neutral_i,front,CV,true,true,false,1
rfa,sehipe,FF,e,true,acc,neutral_i,none,CV,true,false,false,8
rfa,sehipe,FF,e,true,dat,neutral_i,front,CV,true,false,false,9
rfa,sehipe,FF,e,true,loc,neutral_i,front,CV,true,false,false,15
rfa,sehiye,FF,e,true,dat,unraised,front,CV,true,false,false,1
rfa,sehne,FF,e,true,acc,neutral_i,none,CV,true,false,false,8
rfa,sehne,FF,e,true,dat,neutral_i,front,CV,true,false,false,321
rfa,sehne,FF,e,true,loc,neutral_i,front,CV,true,false,false,184
rfa,sehra,FB,a,true,dat,unraised,back,CV,true,false,false,1
rfa,sejde,FF,e,true,dat,neutral_i,front,CV,true,false,false,1
rfa,sepsete,FF,e,true,acc,neutral_i,none,CV,true,false,false,17
rfa,sepsete,FF,e,true,dat,neutral_i,front,CV,true,false,false,3
rfa,serlewhe,FF,e,true,loc,neutral_i,front,CV,true,false,false,9
rfa,sewiye,FF,e,true,acc,neutral_i,none,CV,true,false,false,6
rfa,sewiye,FF,e,true,acc,unraised,none,CV,true,false,false,5
rfa,sewiye,FF,e,true,dat,neutral_i,front,CV,true,false,false,144
rfa,sewiye,FF,e,true,dat,unraised,front,CV,true,false,false,63
rfa,sewiye,FF,e,true,loc,neutral_i,front,CV,true,false,false,59
rfa,sewiye,FF,e,true,loc,unraised,front,CV,true,false,false,71
rfa,sewze,FF,e,true,acc,neutral_i,none,CV,true,false,false,1
rfa,seyle,FF,e,true,dat,neutral_i,front,CV,true,false,false,2
rfa,seyle,FF,e,true,loc,neutral_i,front,CV,true,false,false,1
rfa,shala,BB,a,true,acc,neutral_i,none,CV,true,false,false,3
rfa,shala,BB,a,true,loc,neutral_i,back,CV,true,false,false,6
rfa,sharpa,BB,a,true,acc,neutral_i,none,CV,true,false,false,4
rfa,shemsiye,FF,e,true,dat,unraised,front,CV,true,false,false,1
rfa,shenbe,FF,e,true,dat,neutral_i,front,CV,true,false,false,1
rfa,shepe,FF,e,true,acc,neutral_i,none,CV,true,false,false,2
rfa,shepe,FF,e,true,dat,neutral_i,front,CV,true,false,false,1
rfa,shertname,BF,e,true,acc,neutral_i,none,CV,true,false,false,7
rfa,shertname,BF,e,true,dat,neutral_i,front,CV,true,false,false,14
rfa,shertname,BF,e,true,loc,neutral_i,front,CV,true,false,false,2
rfa,shikayetname,BF,e,true,acc,neutral_i,none,CV,true,false,false,1
rfa,shikayetname,BF,e,true,dat,neutral_i,front,CV,true,false,false,2
rfa,shikayetname,BF,e,true,loc,neutral_i,front,CV,true,false,false,5
rfa,shipaxana,BB,a,true,dat,neutral_i,back,CV,true,false,false,6
rfa,shipaxana,BB,a,true,loc,neutral_i,back,CV,true,false,false,9
rfa,shorpa,BB,a,false,acc,neutral_i,none,CV,true,false,false,1
rfa,shöbe,FF,e,false,dat,neutral_i,front,CV,true,false,false,1
rfa,shöbe,FF,e,false,loc,neutral_i,front,CV,true,false,false,1
rfa,shübhe,FF,e,false,acc,neutral_i,none,CV,true,false,false,1
rfa,shübhe,FF,e,false,dat,neutral_i,front,CV,true,false,false,2
rfa,shübhe,FF,e,false,loc,neutral_i,front,CV,true,false,false,2
rfa,simfoniye,BF,e,false,dat,unraised,front,CV,true,false,false,1
rfa,sofa,BB,a,false,dat,neutral_i,front,CV,true,false,false,1
rfa,solaqxana,BB,a,false,dat,neutral_i,back,CV,true,false,false,7
rfa,solaqxana,BB,a,false,loc,neutral_i,back,CV,true,false,false,9
rfa,soraqxana,BB,a,false,acc,neutral_i,none,CV,true,false,false,1
rfa,soraqxana,BB,a,false,dat,neutral_i,back,CV,true,false,false,7
rfa,soraqxana,BB,a,false,loc,neutral_i,back,CV,true,false,false,7
rfa,sotxana,BB,a,false,dat,neutral_i,back,CV,true,false,false,3
rfa,studiye,BF,e,false,dat,unraised,front,CV,true,false,false,1
rfa,sulale,BF,e,false,acc,neutral_i,none,CV,true,false,false,1
rfa,sulale,BF,e,false,dat,neutral_i,front,CV,true,false,false,1
rfa,supa,BB,a,false,acc,neutral_i,none,CV,true,false,false,1
rfa,supa,BB,a,false,dat,neutral_i,back,CV,true,false,false,3
rfa,supa,BB,a,false,loc,neutral_i,back,CV,true,false,false,9
rfa,sélishturma,BB,a,false,acc,neutral_i,none,CV,true,false,false,4
rfa,sélishturma,BB,a,false,dat,neutral_i,back,CV,true,false,false,1
rfa,sélishturma,BB,a,false,loc,neutral_i,back,CV,true,false,false,1
rfa,sénariye,BF,e,true,acc,unraised,none,CV,true,false,false,1
rfa,sénariye,BF,e,true,dat,unraised,front,CV,true,false,false,2
rfa,söre,FF,e,false,acc,neutral_i,none,CV,true,false,false,1
rfa,sürüshte,FF,e,false,dat,neutral_i,front,CV,true,false,false,1
rfa,ta'ala,BB,a,true,dat,unraised,back,CV,true,false,false,7
rfa,ta'ipe,BF,e,true,dat,neutral_i,front,CV,true,false,false,1
rfa,tamaqxana,BB,a,true,dat,neutral_i,back,CV,true,false,false,2
rfa,tamaqxana,BB,a,true,loc,neutral_i,back,CV,true,false,false,1
rfa,tamasha,BB,a,true,dat,neutral_i,back,CV,true,false,false,2
rfa,tamozhna,BB,a,false,acc,neutral_i,none,CV,true,false,false,3
rfa,tamozhna,BB,a,false,dat,neutral_i,back,CV,true,false,false,3
rfa,tamozhna,BB,a,false,loc,neutral_i,back,CV,true,false,false,9
rfa,tansa,BB,a,true,dat,neutral_i,back,CV,true,false,false,1
rfa,tapancha,BB,a,true,acc,neutral_i,none,CV,true,false,false,1
rfa,taraza,BB,a,true,dat,neutral_i,back,CV,true,false,false,11
rfa,taraza,BB,a,true,loc,neutral_i,back,CV,true,false,false,3
rfa,tawa,BB,a,true,loc,neutral_i,back,CV,true,false,false,1
rfa,taxta,BB,a,true,acc,neutral_i,none,CV,true,false,false,9
rfa,taxta,BB,a,true,dat,neutral_i,back,CV,true,false,false,5
rfa,taxta,BB,a,true,loc,neutral_i,back,CV,true,false,false,3
rfa,tebrikname,BF,e,true,acc,neutral_i,none,CV,true,false,false,3
rfa,tebrikname,BF,e,true,dat,neutral_i,front,CV,true,false,false,1
rfa,tebrikname,BF,e,true,loc,neutral_i,back,CV,true,false,false,2
rfa,tebrikname,BF,e,true,loc,neutral_i,front,CV,true,false,false,6
rfa,tejribe,FF,e,true,acc,neutral_i,none,CV,true,false,false,7
rfa,tejribe,FF,e,true,dat,neutral_i,front,CV,true,false,false,42
rfa,tejribe,FF,e,true,loc,neutral_i,front,CV,true,false,false,2
rfa,tejribixana,BB,a,true,acc,neutral_i,none,CV,true,false,false,2
rfa,tejribixana,BB,a,true,dat,neutral_i,back,CV,true,false,false,5
rfa,tejribixana,BB,a,true,loc,neutral_i,back,CV,true,false,false,14
rfa,teklipname,BF,e,true,acc,neutral_i,none,CV,true,false,false,5
rfa,teklipname,BF,e,true,dat,neutral_i,back,CV,true,false,false,1
rfa,teklipname,BF,e,true,dat,neutral_i,front,CV,true,false,false,2
rfa,teklipname,BF,e,true,loc,neutral_i,front,CV,true,false,false,5
rfa,telepname,BF,e,true,acc,neutral_i,none,CV,true,false,false,5
rfa,telepname,BF,e,true,dat,neutral_i,front,CV,true,false,false,7
rfa,telepname,BF,e,true,loc,neutral_i,front,CV,true,false,false,17
rfa,tentene,FF,e,true,acc,neutral_i,none,CV,true,false,false,1
rfa,tentene,FF,e,true,dat,neutral_i,front,CV,true,false,false,10
rfa,tentene,FF,e,true,loc,neutral_i,front,CV,true,false,false,3
rfa,tenterbiye,FF,e,true,acc,unraised,none,CV,true,false,false,20
rfa,tenterbiye,FF,e,true,dat,unraised,front,CV,true,false,false,3
rfa,tenterbiye,FF,e,true,loc,unraised,front,CV,true,false,false,1
rfa,teqdirname,BF,e,true,acc,neutral_i,none,CV,true,false,false,1
rfa,teqdirname,BF,e,true,dat,neutral_i,front,CV,true,false,false,2
rfa,terbiye,FF,e,true,acc,neutral_i,none,CV,true,false,false,26
rfa,terbiye,FF,e,true,acc,unraised,none,CV,true,false,false,22
rfa,terbiye,FF,e,true,dat,neutral_i,front,CV,true,false,false,17
rfa,terbiye,FF,e,true,dat,unraised,front,CV,true,false,false,28
rfa,terbiye,FF,e,true,loc,neutral_i,front,CV,true,false,false,4
rfa,terbiye,FF,e,true,loc,unraised,front,CV,true,false,false,4
rfa,terjime,FF,e,true,dat,neutral_i,front,CV,true,false,false,5
rfa,terjime,FF,e,true,loc,neutral_i,front,CV,true,false,false,5
rfa,teshekkürname,BF,e,false,acc,neutral_i,none,CV,true,false,false,1
rfa,teslimname,BF,e,true,dat,neutral_i,front,CV,true,false,false,3
rfa,tewe,FF,e,true,dat,unraised,front,CV,true,false,false,2
rfa,tewe,FF,e,true,loc,unraised,front,CV,true,false,false,6
rfa,tewsiye,FF,e,true,acc,unraised,none,CV,true,false,false,3
rfa,tewsiye,FF,e,true,dat,unraised,front,CV,true,false,false,3
rfa,tewsiye,FF,e,true,loc,unraised,front,CV,true,false,false,6
rfa,texse,FF,e,true,loc,neutral_i,front,CV,true,false,false,1
rfa,tiyatirxana,BB,a,true,dat,neutral_i,back,CV,true,false,false,3
rfa,tiyatirxana,BB,a,true,loc,neutral_i,back,CV,true,false,false,6
rfa,tonna,BB,a,false,dat,neutral_i,back,CV,true,false,false,49
rfa,torxana,BB,a,false,dat,neutral_i,back,CV,true,false,false,3
rfa,torxana,BB,a,false,loc,neutral_i,back,CV,true,false,false,2
rfa,toxtamname,BF,e,false,acc,neutral_i,none,CV,true,false,false,3
rfa,toxtamname,BF,e,false,dat,neutral_i,back,CV,true,false,false,5
rfa,toxtamname,BF,e,false,dat,neutral_i,front,CV,true,false,false,12
rfa,toxtamname,BF,e,false,loc,neutral_i,back,CV,true,false,false,1
rfa,toxtamname,BF,e,false,loc,neutral_i,front,CV,true,false,false,5
rfa,turuba,BB,a,false,acc,neutral_i,none,CV,true,false,false,4
rfa,turuba,BB,a,false,dat,neutral_i,back,CV,true,false,false,2
rfa,turuba,BB,a,false,loc,neutral_i,back,CV,true,false,false,3
rfa,télégramma,BB,a,true,acc,neutral_i,none,CV,true,false,false,3
rfa,télégramma,BB,a,true,dat,neutral_i,back,CV,true,false,false,1
rfa,télégramma,BB,a,true,loc,neutral_i,back,CV,true,false,false,10
rfa,témpératura,BB,a,false,loc,neutral_i,back,CV,true,false,false,2
rfa,téritoriye,BF,e,false,acc,unraised,none,CV,true,false,false,4
rfa,téritoriye,BF,e,false,dat,unraised,front,CV,true,false,false,1
rfa,térritoriye,BF,e,false,acc,unraised,none,CV,true,false,false,2
rfa,térritoriye,BF,e,false,dat,unraised,front,CV,true,false,false,2
rfa,térritoriye,BF,e,false,loc,unraised,front,CV,true,false,false,2
rfa,töhmetname,BF,e,false,dat,neutral_i,front,CV,true,false,false,1
rfa,türme,FF,e,false,acc,neutral_i,none,CV,true,false,false,19
rfa,türme,FF,e,false,dat,neutral_i,back,CV,true,false,false,1
rfa,türme,FF,e,false,dat,neutral_i,front,CV,true,false,false,1144
rfa,türme,FF,e,false,loc,neutral_i,front,CV,true,false,false,937
rfa,tüzülme,FF,e,false,acc,neutral_i,none,CV,true,false,false,17
rfa,tüzülme,FF,e,false,dat,neutral_i,front,CV,true,false,false,12
rfa,tüzülme,FF,e,false,loc,neutral_i,front,CV,true,false,false,11
rfa,usta,BB,a,false,dat,neutral_i,front,CV,true,true,false,2
rfa,usta,BB,a,false,loc,neutral_i,front,CV,true,false,false,2
rfa,uwa,BB,a,false,acc,neutral_i,none,CV,true,false,false,1
rfa,uyushma,BB,a,false,acc,neutral_i,none,CV,true,false,false,1
rfa,uyushma,BB,a,false,dat,neutral_i,back,CV,true,false,false,5
rfa,uyushma,BB,a,false,loc,neutral_i,back,CV,true,false,false,1
rfa,wasite,BF,e,true,acc,neutral_i,none,CV,true,false,false,14
rfa,wasite,BF,e,true,dat,neutral_i,back,CV,true,false,false,1
rfa,wasite,BF,e,true,dat,neutral_i,front,CV,true,false,false,21
rfa,waste,BF,e,true,acc,neutral_i,none,CV,true,false,false,3
rfa,waste,BF,e,true,dat,neutral_i,back,CV,true,false,false,2
rfa,waste,BF,e,true,dat,neutral_i,front,CV,true,false,false,3
rfa,waza,BB,a,true,acc,neutral_i,none,CV,true,false,false,1
rfa,wede,FF,e,true,acc,neutral_i,none,CV,true,false,false,12
rfa,wede,FF,e,true,dat,neutral_i,front,CV,true,false,false,17
rfa,wede,FF,e,true,loc,neutral_i,front,CV,true,false,false,3
rfa,weswese,FF,e,true,dat,neutral_i,front,CV,true,false,false,5
rfa,wezipe,FF,e,true,acc,neutral_i,none,CV,true,false,false,124
rfa,wezipe,FF,e,true,dat,neutral_i,front,CV,true,false,false,300
rfa,wezipe,FF,e,true,loc,neutral_i,front,CV,true,false,false,21
rfa,xala,BB,a,true,dat,neutral_i,back,CV,true,false,false,1
rfa,xala,BB,a,true,loc,neutral_i,back,CV,true,false,false,2
rfa,xala,BB,a,true,loc,neutral_i,front,CV,true,false,false,35
rfa,xalta,BB,a,true,acc,neutral_i,none,CV,true,false,false,6
rfa,xalta,BB,a,true,dat,neutral_i,back,CV,true,false,false,8
rfa,xalta,BB,a,true,loc,neutral_i,back,CV,true,false,false,4
rfa,xarabe,BF,e,true,acc,neutral_i,none,CV,true,false,false,3
rfa,xarabe,BF,e,true,dat,neutral_i,front,CV,true,false,false,12
rfa,xelipe,FF,e,true,acc,neutral_i,none,CV,true,false,false,1
rfa,xelipe,FF,e,true,dat,neutral_i,front,CV,true,false,false,3
rfa,xenzuche,BF,e,false,acc,neutral_i,none,CV,true,false,false,6
rfa,xenzuche,BF,e,false,dat,neutral_i,back,CV,true,false,false,3
rfa,xerite,FF,e,true,acc,neutral_i,none,CV,true,false,false,21
rfa,xerite,FF,e,true,dat,neutral_i,front,CV,true,false,false,17
rfa,xerite,FF,e,true,loc,neutral_i,front,CV,true,false,false,17
rfa,xezine,FF,e,true,dat,neutral_i,front,CV,true,false,false,1
rfa,xitayche,BF,e,true,acc,neutral_i,none,CV,true,false,false,57
rfa,xitayche,BF,e,true,dat,neutral_i,back,CV,true,false,false,45
rfa,xitayche,BF,e,true,loc,neutral_i,back,CV,true,false,false,11
rfa,xitayche,BF,e,true,loc,neutral_i,front,CV,true,false,false,2
rfa,xromosoma,BB,a,false,acc,neutral_i,none,CV,true,false,false,1
rfa,xuda,BB,a,false,acc,unraised,none,CV,true,false,false,3
rfa,xuda,BB,a,false,dat,unraised,back,CV,true,false,false,53
rfa,xulase,BF,e,false,acc,neutral_i,none,CV,true,false,false,37
rfa,xulase,BF,e,false,dat,neutral_i,back,CV,true,false,false,7
rfa,xulase,BF,e,false,dat,neutral_i,front,CV,true,false,false,47
rfa,xulase,BF,e,false,loc,neutral_i,back,CV,true,false,false,1
rfa,xulase,BF,e,false,loc,neutral_i,front,CV,true,false,false,4
rfa,xutbe,BF,e,false,acc,neutral_i,none,CV,true,false,false,6
rfa,xutbe,BF,e,false,dat,neutral_i,front,CV,true,false,false,1
rfa,xutbe,BF,e,false,loc,neutral_i,back,CV,true,false,false,1
rfa,xutbe,BF,e,false,loc,neutral_i,front,CV,true,false,false,6
rfa,yataqxana,BB,a,true,dat,neutral_i,back,CV,true,false,false,2
rfa,yataqxana,BB,a,true,loc,neutral_i,back,CV,true,false,false,2
rfa,yawropa,BB,a,false,acc,neutral_i,none,CV,true,false,false,1
rfa,yazma,BB,a,true,acc,neutral_i,none,CV,true,false,false,18
rfa,yazma,BB,a,true,dat,neutral_i,back,CV,true,false,false,3
rfa,yazma,BB,a,true,loc,neutral_i,back,CV,true,false,false,16
rfa,yekshenbe,FF,e,true,acc,neutral_i,none,CV,true,false,false,1
rfa,yekshenbe,FF,e,true,dat,neutral_i,front,CV,true,false,false,1
rfa,yekshenbe,FF,e,true,loc,neutral_i,front,CV,true,false,false,2
rfa,yilname,BF,e,true,acc,neutral_i,none,CV,true,false,false,1
rfa,yilname,BF,e,true,dat,neutral_i,front,CV,true,false,false,2
rfa,yollanma,BB,a,false,acc,neutral_i,none,CV,true,false,false,4
rfa,yollanma,BB,a,false,dat,neutral_i,back,CV,true,false,false,1
rfa,yollanma,BB,a,false,loc,neutral_i,back,CV,true,false,false,4
rfa,yunda,BB,a,false,acc,neutral_i,none,CV,true,false,false,1
rfa,zona,BB,a,false,dat,neutral_i,back,CV,true,false,false,1
rfa,ékspilatatsiye,BF,e,true,acc,unraised,none,CV,true,false,false,1
rfa,énsiklopédiye,BF,e,false,dat,unraised,front,CV,true,false,false,2
rfa,ölima,FB,a,false,acc,unraised,none,CV,true,false,false,1
rfa,ölima,FB,a,false,dat,unraised,back,CV,true,false,false,2
rfa,özre,FF,e,false,dat,neutral_i,front,CV,true,false,false,1
rfa,üsküne,FF,e,false,acc,neutral_i,none,CV,true,false,false,9
rfa,üsküne,FF,e,false,dat,neutral_i,front,CV,true,false,false,2
rfa,üsküne,FF,e,false,loc,neutral_i,front,CV,true,false,false,1
rfa,üstqurulma,BB,a,false,acc,neutral_i,none,CV,true,false,false,1
