outer_fold,inner_fold,analysis_variant,information_protocol,approximation,rho_prior,hu_tau,model,alpha,training_block_hash,grammar_fit_hash,validation_scoreable_roots,pooled_root_balanced_mean_log_density,selected_alpha
0,0,all_strict,side_informed,laplace,uniform,50.0,retention_bounded,0.0,ff71152f04ff3c17c4f535bdcd272443a47086eca1b6c90e413744cda8c3d050,d0bacc73129ee91b226e42283be005788f1ff86fe1035aee6d3710a04f551637,139,-0.32340664382392736,0.01
0,0,all_strict,side_informed,laplace,uniform,50.0,retention_bounded,0.0001,ff71152f04ff3c17c4f535bdcd272443a47086eca1b6c90e413744cda8c3d050,b612116eaf83e16815430e3ad5576c49c59f279670ad21d5d607266c49860eee,139,-0.3223844974192554,0.01
0,0,all_strict,side_informed,laplace,uniform,50.0,retention_bounded,0.001,ff71152f04ff3c17c4f535bdcd272443a47086eca1b6c90e413744cda8c3d050,c3d9ed906c563af6a02b5c0405343c84c7f7ea7fcb9b63568d46c89b2bc4d882,139,-0.3154163899840497,0.01
0,0,all_strict,side_informed,laplace,uniform,50.0,retention_bounded,0.01,ff71152f04ff3c17c4f535bdcd272443a47086eca1b6c90e413744cda8c3d050,649fd71601b23c6b7b3cd101070dfac25eac3622838118c2a68f62a3191442a7,139,-0.29641707685140506,0.01
0,0,all_strict,side_informed,laplace,uniform,50.0,retention_bounded,0.1,ff71152f04ff3c17c4f535bdcd272443a47086eca1b6c90e413744cda8c3d050,93128b8e3ec8266b87da63956ab21a2214c54fd8b7a23e0209580301767c8f33,139,-0.33842838548746995,0.01
0,1,all_strict,side_informed,laplace,uniform,50.0,retention_bounded,0.0,27a3bb4a6140f901a59aa471a99c58258a97e252dc1e140d0e5312309b75b41b,828e643049a72509d8250c59b59e09a8baf868f63bb8a22702fdb8dba576b614,136,-0.32340664382392736,0.01
0,1,all_strict,side_informed,laplace,uniform,50.0,retention_bounded,0.0001,27a3bb4a6140f901a59aa471a99c58258a97e252dc1e140d0e5312309b75b41b,453dd4b86822d63fac4db5fa9bec552f961ea1a5c1c3eb94239591a2754cec13,136,-0.3223844974192554,0.01
0,1,all_strict,side_informed,laplace,uniform,50.0,retention_bounded,0.001,27a3bb4a6140f901a59aa471a99c58258a97e252dc1e140d0e5312309b75b41b,ccc95d06dd1487873cbb68e5d4dc8c94ccdc2a80852e8243a00defa409ec89ce,136,-0.3154163899840497,0.01
0,1,all_strict,side_informed,laplace,uniform,50.0,retention_bounded,0.01,27a3bb4a6140f901a59aa471a99c58258a97e252dc1e140d0e5312309b75b41b,64b3c5e7802c1dcd46bde698b4d6b8c73809ae9df0b56a331c702fea458b2d9a,136,-0.29641707685140506,0.01
0,1,all_strict,side_informed,laplace,uniform,50.0,retention_bounded,0.1,27a3bb4a6140f901a59aa471a99c58258a97e252dc1e140d0e5312309b75b41b,430161362b40ac2e675c7b763c04b4720509cf928a204703a208e09dc3431797,136,-0.33842838548746995,0.01
0,2,all_strict,side_informed,laplace,uniform,50.0,retention_bounded,0.0,c3a17ae49362d3af3c889169dd61b790e7c0ea833118c8eb2e1b2cc8668b3073,e7314ed7245bf3901d19ef26a76c2668b6b133e3a20cca4f5e043d3afb461621,138,-0.32340664382392736,0.01
0,2,all_strict,side_informed,laplace,uniform,50.0,retention_bounded,0.0001,c3a17ae49362d3af3c889169dd61b790e7c0ea833118c8eb2e1b2cc8668b3073,e3dc463d150a50e32732f625b0a5c27b35e644b56c553393712f90de797da4fd,138,-0.3223844974192554,0.01
0,2,all_strict,side_informed,laplace,uniform,50.0,retention_bounded,0.001,c3a17ae49362d3af3c889169dd61b790e7c0ea833118c8eb2e1b2cc8668b3073,70b841f1788eed5616c1a3cd6e4fab59123c8a8a9ad3e15e6d5094cc8b9005a4,138,-0.3154163899840497,0.01
0,2,all_strict,side_informed,laplace,uniform,50.0,retention_bounded,0.01,c3a17ae49362d3af3c889169dd61b790e7c0ea833118c8eb2e1b2cc8668b3073,7dd7f6f5f4a78fe4cf208444b5a3a29a7a2fd0d221deae445ceabe11a40b3060,138,-0.29641707685140506,0.01
0,2,all_strict,side_informed,laplace,uniform,50.0,retention_bounded,0.1,c3a17ae49362d3af3c889169dd61b790e7c0ea833118c8eb2e1b2cc8668b3073,6aef960374a1da0cce0a1c25f7031ce1b80e7760aa5b18325fdc8a9247c118ac,138,-0.33842838548746995,0.01
0,0,all_strict,side_informed,laplace,uniform,50.0,retention_nonnegative,0.0,ff71152f04ff3c17c4f535bdcd272443a47086eca1b6c90e413744cda8c3d050,e93175cbe294766246c39afd2bf021e2791052e30b5cb6430abec9e7f7ddf1fe,139,-0.32340664588966406,0.01
0,0,all_strict,side_informed,laplace,uniform,50.0,retention_nonnegative,0.0001,ff71152f04ff3c17c4f535bdcd272443a47086eca1b6c90e413744cda8c3d050,364bea5f08dedea0a8f9dc117b363ec696f0da4fa6a107b3125e1df453790bed,139,-0.3222193895845893,0.01
0,0,all_strict,side_informed,laplace,uniform,50.0,retention_nonnegative,0.001,ff71152f04ff3c17c4f535bdcd272443a47086eca1b6c90e413744cda8c3d050,70e53b495e5de4614b1cceb9713f91cd76100f672bcec3304020653b652ded33,139,-0.31565350493606154,0.01
0,0,all_strict,side_informed,laplace,uniform,50.0,retention_nonnegative,0.01,ff71152f04ff3c17c4f535bdcd272443a47086eca1b6c90e413744cda8c3d050,6dd96b5def9209af443dda58ea0af4855dd7526100db07913167ffcd5a258e11,139,-0.314356151735014,0.01
0,0,all_strict,side_informed,laplace,uniform,50.0,retention_nonnegative,0.1,ff71152f04ff3c17c4f535bdcd272443a47086eca1b6c90e413744cda8c3d050,8b238c094d21d4d52a454e3816bb0cf4cb4162e1453884e2ff82475a6320fbb0,139,-0.39653455699352536,0.01
0,1,all_strict,side_informed,laplace,uniform,50.0,retention_nonnegative,0.0,27a3bb4a6140f901a59aa471a99c58258a97e252dc1e140d0e5312309b75b41b,05b133d06590ad6cc835754a7f78a8f6c203526b52b0593c08f35a6f51aa6920,136,-0.32340664588966406,0.01
0,1,all_strict,side_informed,laplace,uniform,50.0,retention_nonnegative,0.0001,27a3bb4a6140f901a59aa471a99c58258a97e252dc1e140d0e5312309b75b41b,6cbb46368a2737ee645419beed00eaf0496dddc8816f7ffadb31892399eae93e,136,-0.3222193895845893,0.01
0,1,all_strict,side_informed,laplace,uniform,50.0,retention_nonnegative,0.001,27a3bb4a6140f901a59aa471a99c58258a97e252dc1e140d0e5312309b75b41b,5cbaaa48d6ec4fc6b2b95b9786e55516cea460dc392c4d2e6bae7f383e30e677,136,-0.31565350493606154,0.01
0,1,all_strict,side_informed,laplace,uniform,50.0,retention_nonnegative,0.01,27a3bb4a6140f901a59aa471a99c58258a97e252dc1e140d0e5312309b75b41b,04d513a5e2afcaa805e1629b05c95310cc71229e2b55c7ddd989f8d5d0b7cb72,136,-0.314356151735014,0.01
0,1,all_strict,side_informed,laplace,uniform,50.0,retention_nonnegative,0.1,27a3bb4a6140f901a59aa471a99c58258a97e252dc1e140d0e5312309b75b41b,751d8603c3e7b248d710278e996c15ec80fe66633aca3fd55bf01eaa611f1b21,136,-0.39653455699352536,0.01
0,2,all_strict,side_informed,laplace,uniform,50.0,retention_nonnegative,0.0,c3a17ae49362d3af3c889169dd61b790e7c0ea833118c8eb2e1b2cc8668b3073,89d21fdf26e2713f8be5373bad03a6e1b0d202cd14b81e49db18dfaceae05c1d,138,-0.32340664588966406,0.01
0,2,all_strict,side_informed,laplace,uniform,50.0,retention_nonnegative,0.0001,c3a17ae49362d3af3c889169dd61b790e7c0ea833118c8eb2e1b2cc8668b3073,fec4394473c917c7a452e358d9479e4a38c35f0b159a2f9939c418a084b4be19,138,-0.3222193895845893,0.01
0,2,all_strict,side_informed,laplace,uniform,50.0,retention_nonnegative,0.001,c3a17ae49362d3af3c889169dd61b790e7c0ea833118c8eb2e1b2cc8668b3073,93253462060420876050b784394ebe6909e9c9e6e50ea78793cd97895e4e8983,138,-0.31565350493606154,0.01
0,2,all_strict,side_informed,laplace,uniform,50.0,retention_nonnegative,0.01,c3a17ae49362d3af3c889169dd61b790e7c0ea833118c8eb2e1b2cc8668b3073,821a148e40e5c259d9352e8b06d7da6dcca0a4be940f7ce14f9b8987720befd7,138,-0.314356151735014,0.01
0,2,all_strict,side_informed,laplace,uniform,50.0,retention_nonnegative,0.1,c3a17ae49362d3af3c889169dd61b790e7c0ea833118c8eb2e1b2cc8668b3073,22bd001f12f3589b08bd44194816ae582ce649a59a1c9c04ba0ddb99a80f9b22,138,-0.39653455699352536,0.01
0,0,all_strict,side_informed,laplace,uniform,50.0,current_only,0.0,ff71152f04ff3c17c4f535bdcd272443a47086eca1b6c90e413744cda8c3d050,ac08fd5210c632342e25bdca0042838aec90992f89eca48905cba6a354c0f063,139,-0.5731793352194734,0.01
0,0,all_strict,side_informed,laplace,uniform,50.0,current_only,0.0001,ff71152f04ff3c17c4f535bdcd272443a47086eca1b6c90e413744cda8c3d050,341475a1e46761aacb27e6a2484c2afffa667b6a40e35d1677e1272765181823,139,-0.5729380068148618,0.01
0,0,all_strict,side_informed,laplace,uniform,50.0,current_only,0.001,ff71152f04ff3c17c4f535bdcd272443a47086eca1b6c90e413744cda8c3d050,3e8a01107bf83b962004f1a8557f56c90ad2f00d33d02f8edd6db89a2db2ca5a,139,-0.570862847003659,0.01
0,0,all_strict,side_informed,laplace,uniform,50.0,current_only,0.01,ff71152f04ff3c17c4f535bdcd272443a47086eca1b6c90e413744cda8c3d050,e2d2fe1dd21a287cd1a95aeb311e417303fafdfa923ed9eb3b162ab0f0360296,139,-0.5568870150675062,0.01
0,0,all_strict,side_informed,laplace,uniform,50.0,current_only,0.1,ff71152f04ff3c17c4f535bdcd272443a47086eca1b6c90e413744cda8c3d050,db99edfebd8ad76492c9cef7582bd14dd9073f3b3ae3ff652335e59238d5c0e0,139,-0.5578798093722469,0.01
0,1,all_strict,side_informed,laplace,uniform,50.0,current_only,0.0,27a3bb4a6140f901a59aa471a99c58258a97e252dc1e140d0e5312309b75b41b,704d93826e0fbbd3c9b483a5939c87a6dbc4e65d8ed5cc53767f4fcde9cbb371,136,-0.5731793352194734,0.01
0,1,all_strict,side_informed,laplace,uniform,50.0,current_only,0.0001,27a3bb4a6140f901a59aa471a99c58258a97e252dc1e140d0e5312309b75b41b,2dbe49695658ba56d316145c28b46828d252da39591bbb68a6f42b8055a02dac,136,-0.5729380068148618,0.01
0,1,all_strict,side_informed,laplace,uniform,50.0,current_only,0.001,27a3bb4a6140f901a59aa471a99c58258a97e252dc1e140d0e5312309b75b41b,6ce76aa3a32240b811d0c82ad1479f33465fb4cbb50b6142020c09545d862ec7,136,-0.570862847003659,0.01
0,1,all_strict,side_informed,laplace,uniform,50.0,current_only,0.01,27a3bb4a6140f901a59aa471a99c58258a97e252dc1e140d0e5312309b75b41b,1074777c78d204d5903796d639110ffac80e57b72eafdef91fbd0cd03b098f78,136,-0.5568870150675062,0.01
0,1,all_strict,side_informed,laplace,uniform,50.0,current_only,0.1,27a3bb4a6140f901a59aa471a99c58258a97e252dc1e140d0e5312309b75b41b,2beaf7c37bbf4b93acb5ae434bddf88d2a82498ca56ffb4ce8b16e7db24f51e3,136,-0.5578798093722469,0.01
0,2,all_strict,side_informed,laplace,uniform,50.0,current_only,0.0,c3a17ae49362d3af3c889169dd61b790e7c0ea833118c8eb2e1b2cc8668b3073,6931b29db9d5ebb60d0b169b81937333fe15fe93f69aa8325469c1f39238faf0,138,-0.5731793352194734,0.01
0,2,all_strict,side_informed,laplace,uniform,50.0,current_only,0.0001,c3a17ae49362d3af3c889169dd61b790e7c0ea833118c8eb2e1b2cc8668b3073,bac7c1f9f759f55c4dad13daa2b468a2d4712da6c6a0ad99f1cb7289ad09242b,138,-0.5729380068148618,0.01
0,2,all_strict,side_informed,laplace,uniform,50.0,current_only,0.001,c3a17ae49362d3af3c889169dd61b790e7c0ea833118c8eb2e1b2cc8668b3073,de4498b304e4b9cfe8ae91ec931d75525e4e03bfc26c4d25e7712add1a943806,138,-0.570862847003659,0.01
0,2,all_strict,side_informed,laplace,uniform,50.0,current_only,0.01,c3a17ae49362d3af3c889169dd61b790e7c0ea833118c8eb2e1b2cc8668b3073,0bf0f6d5e1ce6cb06543959b55a2cb4ae1f822f6e8d51ae41a86f1dff0ec21de,138,-0.5568870150675062,0.01
0,2,all_strict,side_informed,laplace,uniform,50.0,current_only,0.1,c3a17ae49362d3af3c889169dd61b790e7c0ea833118c8eb2e1b2cc8668b3073,5749e5bd00240a48a4de704a7ac615c6e02638c85aa830ec8c38307e8ef0ad53,138,-0.5578798093722469,0.01
0,0,all_strict,side_informed,laplace,uniform,50.0,input_plus_surface,0.0,ff71152f04ff3c17c4f535bdcd272443a47086eca1b6c90e413744cda8c3d050,db798f83df31b9c47f672351b31aa830b392b0c421a5ee0192ae39e1edea6a0d,139,-0.3078894764492226,0.01
0,0,all_strict,side_informed,laplace,uniform,50.0,input_plus_surface,0.0001,ff71152f04ff3c17c4f535bdcd272443a47086eca1b6c90e413744cda8c3d050,88369518f659e527574170f97e63295f9413938ae03a85cfcaa2af926504c632,139,-0.3067727650947575,0.01
0,0,all_strict,side_informed,laplace,uniform,50.0,input_plus_surface,0.001,ff71152f04ff3c17c4f535bdcd272443a47086eca1b6c90e413744cda8c3d050,167d441221da89db1907c075161e9160bf3dd133bf4ad3f8cb886e0149f1acf3,139,-0.29942338480156505,0.01
0,0,all_strict,side_informed,laplace,uniform,50.0,input_plus_surface,0.01,ff71152f04ff3c17c4f535bdcd272443a47086eca1b6c90e413744cda8c3d050,705b7864351633747b7e653eedb6e7210154f1d442651f874af2e34cc238e2e9,139,-0.2856273260811906,0.01
0,0,all_strict,side_informed,laplace,uniform,50.0,input_plus_surface,0.1,ff71152f04ff3c17c4f535bdcd272443a47086eca1b6c90e413744cda8c3d050,a0a5668fe8fe7b5de0bc95362102963cba83ac56e2c50b467a36845ce0cd6b96,139,-0.3529404192824921,0.01
0,1,all_strict,side_informed,laplace,uniform,50.0,input_plus_surface,0.0,27a3bb4a6140f901a59aa471a99c58258a97e252dc1e140d0e5312309b75b41b,61bc7ae6451fb2b82df4eea5f57ea5237533d86fa0779322d763bf9d955eaf0a,136,-0.3078894764492226,0.01
0,1,all_strict,side_informed,laplace,uniform,50.0,input_plus_surface,0.0001,27a3bb4a6140f901a59aa471a99c58258a97e252dc1e140d0e5312309b75b41b,fe016390be207637932165d7145b8cc3aac07ac0b3f06de3b3328a289c8143c1,136,-0.3067727650947575,0.01
0,1,all_strict,side_informed,laplace,uniform,50.0,input_plus_surface,0.001,27a3bb4a6140f901a59aa471a99c58258a97e252dc1e140d0e5312309b75b41b,8562f089f70595a638cb99c0d6610616d18f807ea88278c8bfa32abf422fcd95,136,-0.29942338480156505,0.01
0,1,all_strict,side_informed,laplace,uniform,50.0,input_plus_surface,0.01,27a3bb4a6140f901a59aa471a99c58258a97e252dc1e140d0e5312309b75b41b,e1d7ed5a68869e746eb4b7bb126baa52f9e4c4d29022ee746c02c5e77270e4b2,136,-0.2856273260811906,0.01
0,1,all_strict,side_informed,laplace,uniform,50.0,input_plus_surface,0.1,27a3bb4a6140f901a59aa471a99c58258a97e252dc1e140d0e5312309b75b41b,e147475b2f6484d5dbbbf2f74229c9a415fcd187d172144728a05f356620bbba,136,-0.3529404192824921,0.01
0,2,all_strict,side_informed,laplace,uniform,50.0,input_plus_surface,0.0,c3a17ae49362d3af3c889169dd61b790e7c0ea833118c8eb2e1b2cc8668b3073,0a3d4df2b099633040b247a67bf5fced4ad83f0ae04c759f42e5e0b17caf2d75,138,-0.3078894764492226,0.01
0,2,all_strict,side_informed,laplace,uniform,50.0,input_plus_surface,0.0001,c3a17ae49362d3af3c889169dd61b790e7c0ea833118c8eb2e1b2cc8668b3073,d47a0a746d75e4b75f5061417f27de183e5f6cd3a0ea8e30f25260fb93d21ac9,138,-0.3067727650947575,0.01
0,2,all_strict,side_informed,laplace,uniform,50.0,input_plus_surface,0.001,c3a17ae49362d3af3c889169dd61b790e7c0ea833118c8eb2e1b2cc8668b3073,d5dc920bda2453298605a322e10e3a52b853adf1f96ea4b906c51615d345a78c,138,-0.29942338480156505,0.01
0,2,all_strict,side_informed,laplace,uniform,50.0,input_plus_surface,0.01,c3a17ae49362d3af3c889169dd61b790e7c0ea833118c8eb2e1b2cc8668b3073,cdffadad4e4645b177db8c05573bebdd5f24a1be35feb8956a374bba6f4481a6,138,-0.2856273260811906,0.01
0,2,all_strict,side_informed,laplace,uniform,50.0,input_plus_surface,0.1,c3a17ae49362d3af3c889169dd61b790e7c0ea833118c8eb2e1b2cc8668b3073,4f4978de47456a23a10dca8629361bd56f6529fef9b58fa356137ff6a328ae6a,138,-0.3529404192824921,0.01
0,0,all_strict,side_informed,laplace,uniform,50.0,HU_plus_surface,0.0,ff71152f04ff3c17c4f535bdcd272443a47086eca1b6c90e413744cda8c3d050,68865dda76d748d24e797d99d1a57937e1cb0a1d03322c03b0c38ba5aea1ee9c,139,-0.3172807325368439,0.01
0,0,all_strict,side_informed,laplace,uniform,50.0,HU_plus_surface,0.0001,ff71152f04ff3c17c4f535bdcd272443a47086eca1b6c90e413744cda8c3d050,2b23e538786b741d8ee67d10a2a6ed2cba4d57bb80101c5e6402fd9e73c00dc3,139,-0.31610816873153325,0.01
0,0,all_strict,side_informed,laplace,uniform,50.0,HU_plus_surface,0.001,ff71152f04ff3c17c4f535bdcd272443a47086eca1b6c90e413744cda8c3d050,c26e87f2eb2bece302c2316332a8683d95cd13dcd0927ec21867d6097a2ca1e2,139,-0.30842428872115996,0.01
0,0,all_strict,side_informed,laplace,uniform,50.0,HU_plus_surface,0.01,ff71152f04ff3c17c4f535bdcd272443a47086eca1b6c90e413744cda8c3d050,1074c9aed438fc26e7f4af4744eefa66d9142668b8953b4ca17a193c670eaf11,139,-0.2932718504286765,0.01
0,0,all_strict,side_informed,laplace,uniform,50.0,HU_plus_surface,0.1,ff71152f04ff3c17c4f535bdcd272443a47086eca1b6c90e413744cda8c3d050,bbbc7ea01dece3b4bcd4f97389163dd02caa6a16142819f6117fe58fc4d73089,139,-0.3574887925177371,0.01
0,1,all_strict,side_informed,laplace,uniform,50.0,HU_plus_surface,0.0,27a3bb4a6140f901a59aa471a99c58258a97e252dc1e140d0e5312309b75b41b,69d10f58c4bacce2c8f98ce8dde5e28892f45a65c15ca9e78ec44025282f09e6,136,-0.3172807325368439,0.01
0,1,all_strict,side_informed,laplace,uniform,50.0,HU_plus_surface,0.0001,27a3bb4a6140f901a59aa471a99c58258a97e252dc1e140d0e5312309b75b41b,be2b6d9b4ada98471da7111f1ae9ad93eaba07a75453200a4ab37de2796347b2,136,-0.31610816873153325,0.01
0,1,all_strict,side_informed,laplace,uniform,50.0,HU_plus_surface,0.001,27a3bb4a6140f901a59aa471a99c58258a97e252dc1e140d0e5312309b75b41b,2ecad9732fde96d47b9e518f23e120d5d3c49bdb5af050864a6e260054d253a1,136,-0.30842428872115996,0.01
0,1,all_strict,side_informed,laplace,uniform,50.0,HU_plus_surface,0.01,27a3bb4a6140f901a59aa471a99c58258a97e252dc1e140d0e5312309b75b41b,379584754fe8e5194fe82656ab9a0f4c52688c0f7d1258d69c253db2605ac2c4,136,-0.2932718504286765,0.01
0,1,all_strict,side_informed,laplace,uniform,50.0,HU_plus_surface,0.1,27a3bb4a6140f901a59aa471a99c58258a97e252dc1e140d0e5312309b75b41b,fa91755e249f13cab117005649bb05bac2470dd5ba821184d0bb4b98fb2b709e,136,-0.3574887925177371,0.01
0,2,all_strict,side_informed,laplace,uniform,50.0,HU_plus_surface,0.0,c3a17ae49362d3af3c889169dd61b790e7c0ea833118c8eb2e1b2cc8668b3073,a532ae5dd95d666246edf9785ab3c6dd21d0422166e7cf7339305bae78d6f9cd,138,-0.3172807325368439,0.01
0,2,all_strict,side_informed,laplace,uniform,50.0,HU_plus_surface,0.0001,c3a17ae49362d3af3c889169dd61b790e7c0ea833118c8eb2e1b2cc8668b3073,ac41f92734b13796507c5500287f6699dafb50a884739511122980ecdab95d6f,138,-0.31610816873153325,0.01
0,2,all_strict,side_informed,laplace,uniform,50.0,HU_plus_surface,0.001,c3a17ae49362d3af3c889169dd61b790e7c0ea833118c8eb2e1b2cc8668b3073,6d56987cd02fe8cceba86b596427f03bbde85d2145c75517e7df291792914820,138,-0.30842428872115996,0.01
0,2,all_strict,side_informed,laplace,uniform,50.0,HU_plus_surface,0.01,c3a17ae49362d3af3c889169dd61b790e7c0ea833118c8eb2e1b2cc8668b3073,3357356b157a8962a7513b2762f9d8b42ed600738a6d35bda45364eff51b0063,138,-0.2932718504286765,0.01
0,2,all_strict,side_informed,laplace,uniform,50.0,HU_plus_surface,0.1,c3a17ae49362d3af3c889169dd61b790e7c0ea833118c8eb2e1b2cc8668b3073,4a008b5715f4d83367443b011e1c694e3e4e10fb0f6bd201828f9532e2d466bb,138,-0.3574887925177371,0.01
0,0,all_strict,side_informed,laplace,uniform,50.0,retention_bounded_plus_HU,0.0,ff71152f04ff3c17c4f535bdcd272443a47086eca1b6c90e413744cda8c3d050,d6c9aaf70d9f58a4f50a484da80404d6f74bf677915bb31ed6af1af16c229dca,139,-0.31906171522161986,0.01
0,0,all_strict,side_informed,laplace,uniform,50.0,retention_bounded_plus_HU,0.0001,ff71152f04ff3c17c4f535bdcd272443a47086eca1b6c90e413744cda8c3d050,ec4f915d97fe8cce54f3680a62831c557e761b2831133dff27e10762964b15b6,139,-0.3182596255546442,0.01
0,0,all_strict,side_informed,laplace,uniform,50.0,retention_bounded_plus_HU,0.001,ff71152f04ff3c17c4f535bdcd272443a47086eca1b6c90e413744cda8c3d050,ed4dc0d7ef958629b25afdfa495a440ac8d8f03fee6c1913ea3ad1f9dd9b56a8,139,-0.31421094876345484,0.01
0,0,all_strict,side_informed,laplace,uniform,50.0,retention_bounded_plus_HU,0.01,ff71152f04ff3c17c4f535bdcd272443a47086eca1b6c90e413744cda8c3d050,76cba2ed09cde44afc089fd718f6b123499c5f40d42c19bdacdc1b9e8a1bd760,139,-0.29910342887017893,0.01
0,0,all_strict,side_informed,laplace,uniform,50.0,retention_bounded_plus_HU,0.1,ff71152f04ff3c17c4f535bdcd272443a47086eca1b6c90e413744cda8c3d050,4a1bf9335890f5544a9390e2fa31989ab76272198bddc8604b83245c54c51d46,139,-0.31910838714388784,0.01
0,1,all_strict,side_informed,laplace,uniform,50.0,retention_bounded_plus_HU,0.0,27a3bb4a6140f901a59aa471a99c58258a97e252dc1e140d0e5312309b75b41b,cd6c9e2f4f7f151b735a6f7d708c2b97d03a653e4af043780c6aa13a84e6f915,136,-0.31906171522161986,0.01
0,1,all_strict,side_informed,laplace,uniform,50.0,retention_bounded_plus_HU,0.0001,27a3bb4a6140f901a59aa471a99c58258a97e252dc1e140d0e5312309b75b41b,2c0542f73e7aa902d436b74ddf7fec89f6e557ae032a4301616f736bbf3415c7,136,-0.3182596255546442,0.01
0,1,all_strict,side_informed,laplace,uniform,50.0,retention_bounded_plus_HU,0.001,27a3bb4a6140f901a59aa471a99c58258a97e252dc1e140d0e5312309b75b41b,083afc18d25b0fe1a2596cc29b68ee42bb0622b0c3e993670cccd5fd64dcc615,136,-0.31421094876345484,0.01
0,1,all_strict,side_informed,laplace,uniform,50.0,retention_bounded_plus_HU,0.01,27a3bb4a6140f901a59aa471a99c58258a97e252dc1e140d0e5312309b75b41b,9c5ad70709f8d1f2a3f3522b12021ed9ab595598ed247b0486cf173c9edc25e7,136,-0.29910342887017893,0.01
0,1,all_strict,side_informed,laplace,uniform,50.0,retention_bounded_plus_HU,0.1,27a3bb4a6140f901a59aa471a99c58258a97e252dc1e140d0e5312309b75b41b,ccbf79c1f62caa469b1b372398e03e4af3b6f0c22c4ee13ffa74ab9fcfa0d0b4,136,-0.31910838714388784,0.01
0,2,all_strict,side_informed,laplace,uniform,50.0,retention_bounded_plus_HU,0.0,c3a17ae49362d3af3c889169dd61b790e7c0ea833118c8eb2e1b2cc8668b3073,37cd7246a06f41f2e18a43b20b8304c6a589c0929094582aaa44352bb3858cce,138,-0.31906171522161986,0.01
0,2,all_strict,side_informed,laplace,uniform,50.0,retention_bounded_plus_HU,0.0001,c3a17ae49362d3af3c889169dd61b790e7c0ea833118c8eb2e1b2cc8668b3073,a5d7393abcda4a6c7c190e6558eee88406c46950afcd824beca01014bd848b02,138,-0.3182596255546442,0.01
0,2,all_strict,side_informed,laplace,uniform,50.0,retention_bounded_plus_HU,0.001,c3a17ae49362d3af3c889169dd61b790e7c0ea833118c8eb2e1b2cc8668b3073,1959fbe436bdb32e908982124acd72c78c68388bb69ede3721c7a6ed2825da2c,138,-0.31421094876345484,0.01
0,2,all_strict,side_informed,laplace,uniform,50.0,retention_bounded_plus_HU,0.01,c3a17ae49362d3af3c889169dd61b790e7c0ea833118c8eb2e1b2cc8668b3073,af2cfde94970c171a390c827d1b7da702631a530e90d33399f2fca53f175e160,138,-0.29910342887017893,0.01
0,2,all_strict,side_informed,laplace,uniform,50.0,retention_bounded_plus_HU,0.1,c3a17ae49362d3af3c889169dd61b790e7c0ea833118c8eb2e1b2cc8668b3073,005df94b39d34f9d8a80d5d0b3a943ba85a735154393373ce60c32b9f63004a6,138,-0.31910838714388784,0.01
0,0,all_strict,side_informed,gh80,uniform,50.0,HU_plus_surface,0.0,ff71152f04ff3c17c4f535bdcd272443a47086eca1b6c90e413744cda8c3d050,3b39cec5396f4137b70b187f3fcef2def467ea27ff0a313f53b737376d1327c9,139,-0.30771671154441216,0.01
0,0,all_strict,side_informed,gh80,uniform,50.0,HU_plus_surface,0.0001,ff71152f04ff3c17c4f535bdcd272443a47086eca1b6c90e413744cda8c3d050,cb47eb2f76f882f4bd0b1b82f983e68098c05a9e3b3742ba0e442807bdb4410f,139,-0.30650778796573086,0.01
0,0,all_strict,side_informed,gh80,uniform,50.0,HU_plus_surface,0.001,ff71152f04ff3c17c4f535bdcd272443a47086eca1b6c90e413744cda8c3d050,8ad06b0172eb6a79bee964130ef99c86872fb5ccd7ff80c502608b91170739b1,139,-0.29874746970794497,0.01
0,0,all_strict,side_informed,gh80,uniform,50.0,HU_plus_surface,0.01,ff71152f04ff3c17c4f535bdcd272443a47086eca1b6c90e413744cda8c3d050,78b6904aa087daef97b81167deaaee09b33f2c2b3610b47ec2601d5fa40be9f8,139,-0.2853338134874598,0.01
0,0,all_strict,side_informed,gh80,uniform,50.0,HU_plus_surface,0.1,ff71152f04ff3c17c4f535bdcd272443a47086eca1b6c90e413744cda8c3d050,3192fd9c6f2a197c85fddf0049b5fd2bb8a59d82edede3bbcc2cad2f7742885d,139,-0.35469251411930974,0.01
0,1,all_strict,side_informed,gh80,uniform,50.0,HU_plus_surface,0.0,27a3bb4a6140f901a59aa471a99c58258a97e252dc1e140d0e5312309b75b41b,dd5142e7e4dfa0a802fac4847e010241640b38eae0d7c171b9236257a5322fd8,136,-0.30771671154441216,0.01
0,1,all_strict,side_informed,gh80,uniform,50.0,HU_plus_surface,0.0001,27a3bb4a6140f901a59aa471a99c58258a97e252dc1e140d0e5312309b75b41b,25f3cdee066e55faab967148ad42c5c71a241da62bbe960c1f346de84a6e8401,136,-0.30650778796573086,0.01
0,1,all_strict,side_informed,gh80,uniform,50.0,HU_plus_surface,0.001,27a3bb4a6140f901a59aa471a99c58258a97e252dc1e140d0e5312309b75b41b,f37f5659936810f23d0b11f8320619719a49c6d5373904f27c09465194d1f694,136,-0.29874746970794497,0.01
0,1,all_strict,side_informed,gh80,uniform,50.0,HU_plus_surface,0.01,27a3bb4a6140f901a59aa471a99c58258a97e252dc1e140d0e5312309b75b41b,cb733746482fdcf0fe288304a25e631b284f012f505f7c7a367fa616d8ad1eb6,136,-0.2853338134874598,0.01
0,1,all_strict,side_informed,gh80,uniform,50.0,HU_plus_surface,0.1,27a3bb4a6140f901a59aa471a99c58258a97e252dc1e140d0e5312309b75b41b,20f48b04e88fce82284ca73c0e345004cb495de34f765283360cb94dbc2abf4c,136,-0.35469251411930974,0.01
0,2,all_strict,side_informed,gh80,uniform,50.0,HU_plus_surface,0.0,c3a17ae49362d3af3c889169dd61b790e7c0ea833118c8eb2e1b2cc8668b3073,56281d1f05cb3f2aa8ce68fe1261e35729aea60d7117e93f7f599242a9f0c892,138,-0.30771671154441216,0.01
0,2,all_strict,side_informed,gh80,uniform,50.0,HU_plus_surface,0.0001,c3a17ae49362d3af3c889169dd61b790e7c0ea833118c8eb2e1b2cc8668b3073,7001f5e31a71a2b08f21d8d571aabb2a0a125a200073b0e66f17ec9db6b7572a,138,-0.30650778796573086,0.01
0,2,all_strict,side_informed,gh80,uniform,50.0,HU_plus_surface,0.001,c3a17ae49362d3af3c889169dd61b790e7c0ea833118c8eb2e1b2cc8668b3073,a9650a7d4e6516d9a805cd88b18c49cc654e66085159a3ca16b3088f7f68f4d7,138,-0.29874746970794497,0.01
0,2,all_strict,side_informed,gh80,uniform,50.0,HU_plus_surface,0.01,c3a17ae49362d3af3c889169dd61b790e7c0ea833118c8eb2e1b2cc8668b3073,307c604f6e3887e4391407421ad0aa1d2737b15595ee1287e07cc2291dd5e5f3,138,-0.2853338134874598,0.01
0,2,all_strict,side_informed,gh80,uniform,50.0,HU_plus_surface,0.1,c3a17ae49362d3af3c889169dd61b790e7c0ea833118c8eb2e1b2cc8668b3073,1860c6ff834abc49ef51ebc685bf8ed338306682c441d3e1ee7a057d6dcdf19d,138,-0.35469251411930974,0.01
0,0,all_strict,side_informed,gh80,uniform,50.0,retention_bounded_plus_HU,0.0,ff71152f04ff3c17c4f535bdcd272443a47086eca1b6c90e413744cda8c3d050,94411e5389f896e485ee0d646fcb7d337d1782bb402d37f9aaf3813dff0f9455,139,-0.318113958347453,0.01
0,0,all_strict,side_informed,gh80,uniform,50.0,retention_bounded_plus_HU,0.0001,ff71152f04ff3c17c4f535bdcd272443a47086eca1b6c90e413744cda8c3d050,9a8df82c6e191e473ea096068f288a157ffbaf206c23af6b8b568eb421d3bc9b,139,-0.3173206941401181,0.01
0,0,all_strict,side_informed,gh80,uniform,50.0,retention_bounded_plus_HU,0.001,ff71152f04ff3c17c4f535bdcd272443a47086eca1b6c90e413744cda8c3d050,4df65876a5a1394df51fbfbb297b74665c23ae97324d449c2ffcf2bba7c1e060,139,-0.31408754788912907,0.01
0,0,all_strict,side_informed,gh80,uniform,50.0,retention_bounded_plus_HU,0.01,ff71152f04ff3c17c4f535bdcd272443a47086eca1b6c90e413744cda8c3d050,cf1e202f0dcd7eb5d6bcf1d0059b0e1057279a415a9e3b18053413e68203a0cf,139,-0.29930491082999405,0.01
0,0,all_strict,side_informed,gh80,uniform,50.0,retention_bounded_plus_HU,0.1,ff71152f04ff3c17c4f535bdcd272443a47086eca1b6c90e413744cda8c3d050,7122fafb1b2919fbf2e6465813712c2dac958383f7e71c30cfe35605b53d9679,139,-0.31898742546211767,0.01
0,1,all_strict,side_informed,gh80,uniform,50.0,retention_bounded_plus_HU,0.0,27a3bb4a6140f901a59aa471a99c58258a97e252dc1e140d0e5312309b75b41b,9475ac25acac11c89f2ef31d9cf27405c251e82a5289022fcae30445e82815cf,136,-0.318113958347453,0.01
0,1,all_strict,side_informed,gh80,uniform,50.0,retention_bounded_plus_HU,0.0001,27a3bb4a6140f901a59aa471a99c58258a97e252dc1e140d0e5312309b75b41b,39d3c483c4c95bba2e769540eab6d9c8d952c8d975da68ce5adf2b652be56250,136,-0.3173206941401181,0.01
0,1,all_strict,side_informed,gh80,uniform,50.0,retention_bounded_plus_HU,0.001,27a3bb4a6140f901a59aa471a99c58258a97e252dc1e140d0e5312309b75b41b,89dc1000b384df19a5f8ae1b6b847175c894c21adbfaba6332a7db837a4d9dfc,136,-0.31408754788912907,0.01
0,1,all_strict,side_informed,gh80,uniform,50.0,retention_bounded_plus_HU,0.01,27a3bb4a6140f901a59aa471a99c58258a97e252dc1e140d0e5312309b75b41b,ed21ab2e3a4a14134397b2c9523fdd852cb5ce7bb9ae84983aa89e056fbbc78f,136,-0.29930491082999405,0.01
0,1,all_strict,side_informed,gh80,uniform,50.0,retention_bounded_plus_HU,0.1,27a3bb4a6140f901a59aa471a99c58258a97e252dc1e140d0e5312309b75b41b,8344ff8e6d2a9cacb19d9ce6985fef52ba2b23dbfa23e3153b3e6910a0a93387,136,-0.31898742546211767,0.01
0,2,all_strict,side_informed,gh80,uniform,50.0,retention_bounded_plus_HU,0.0,c3a17ae49362d3af3c889169dd61b790e7c0ea833118c8eb2e1b2cc8668b3073,e6df141c30b2f9f30526bfc39483816af92b2457597913f945a78fdbb196f1f7,138,-0.318113958347453,0.01
0,2,all_strict,side_informed,gh80,uniform,50.0,retention_bounded_plus_HU,0.0001,c3a17ae49362d3af3c889169dd61b790e7c0ea833118c8eb2e1b2cc8668b3073,475faac3568a7ad6dc3095d6c2b0ee4dbfb361a886e08163347a868ebdcc7e06,138,-0.3173206941401181,0.01
0,2,all_strict,side_informed,gh80,uniform,50.0,retention_bounded_plus_HU,0.001,c3a17ae49362d3af3c889169dd61b790e7c0ea833118c8eb2e1b2cc8668b3073,8a9d527048f29641dd5a3ab59e902426386be9b429fb36bd75311be4df1f9d06,138,-0.31408754788912907,0.01
0,2,all_strict,side_informed,gh80,uniform,50.0,retention_bounded_plus_HU,0.01,c3a17ae49362d3af3c889169dd61b790e7c0ea833118c8eb2e1b2cc8668b3073,821abc3fc00b98a3b3b8c07efda3d755fe996a0abc6e84dc15916cb4af81c2cd,138,-0.29930491082999405,0.01
0,2,all_strict,side_informed,gh80,uniform,50.0,retention_bounded_plus_HU,0.1,c3a17ae49362d3af3c889169dd61b790e7c0ea833118c8eb2e1b2cc8668b3073,10984f3dd785000563700982e79bfee7dfb736c5e8a748d45535f0362c5d645d,138,-0.31898742546211767,0.01
0,0,all_strict,wholly_unseen,laplace,uniform,50.0,retention_bounded,0.0,ff71152f04ff3c17c4f535bdcd272443a47086eca1b6c90e413744cda8c3d050,d0bacc73129ee91b226e42283be005788f1ff86fe1035aee6d3710a04f551637,139,-0.6152753710480968,0.01
0,0,all_strict,wholly_unseen,laplace,uniform,50.0,retention_bounded,0.0001,ff71152f04ff3c17c4f535bdcd272443a47086eca1b6c90e413744cda8c3d050,b612116eaf83e16815430e3ad5576c49c59f279670ad21d5d607266c49860eee,139,-0.6145370211623813,0.01
0,0,all_strict,wholly_unseen,laplace,uniform,50.0,retention_bounded,0.001,ff71152f04ff3c17c4f535bdcd272443a47086eca1b6c90e413744cda8c3d050,c3d9ed906c563af6a02b5c0405343c84c7f7ea7fcb9b63568d46c89b2bc4d882,139,-0.608936283829224,0.01
0,0,all_strict,wholly_unseen,laplace,uniform,50.0,retention_bounded,0.01,ff71152f04ff3c17c4f535bdcd272443a47086eca1b6c90e413744cda8c3d050,649fd71601b23c6b7b3cd101070dfac25eac3622838118c2a68f62a3191442a7,139,-0.5847048364473527,0.01
0,0,all_strict,wholly_unseen,laplace,uniform,50.0,retention_bounded,0.1,ff71152f04ff3c17c4f535bdcd272443a47086eca1b6c90e413744cda8c3d050,93128b8e3ec8266b87da63956ab21a2214c54fd8b7a23e0209580301767c8f33,139,-0.6153347381015991,0.01
0,1,all_strict,wholly_unseen,laplace,uniform,50.0,retention_bounded,0.0,27a3bb4a6140f901a59aa471a99c58258a97e252dc1e140d0e5312309b75b41b,828e643049a72509d8250c59b59e09a8baf868f63bb8a22702fdb8dba576b614,136,-0.6152753710480968,0.01
0,1,all_strict,wholly_unseen,laplace,uniform,50.0,retention_bounded,0.0001,27a3bb4a6140f901a59aa471a99c58258a97e252dc1e140d0e5312309b75b41b,453dd4b86822d63fac4db5fa9bec552f961ea1a5c1c3eb94239591a2754cec13,136,-0.6145370211623813,0.01
0,1,all_strict,wholly_unseen,laplace,uniform,50.0,retention_bounded,0.001,27a3bb4a6140f901a59aa471a99c58258a97e252dc1e140d0e5312309b75b41b,ccc95d06dd1487873cbb68e5d4dc8c94ccdc2a80852e8243a00defa409ec89ce,136,-0.608936283829224,0.01
0,1,all_strict,wholly_unseen,laplace,uniform,50.0,retention_bounded,0.01,27a3bb4a6140f901a59aa471a99c58258a97e252dc1e140d0e5312309b75b41b,64b3c5e7802c1dcd46bde698b4d6b8c73809ae9df0b56a331c702fea458b2d9a,136,-0.5847048364473527,0.01
0,1,all_strict,wholly_unseen,laplace,uniform,50.0,retention_bounded,0.1,27a3bb4a6140f901a59aa471a99c58258a97e252dc1e140d0e5312309b75b41b,430161362b40ac2e675c7b763c04b4720509cf928a204703a208e09dc3431797,136,-0.6153347381015991,0.01
0,2,all_strict,wholly_unseen,laplace,uniform,50.0,retention_bounded,0.0,c3a17ae49362d3af3c889169dd61b790e7c0ea833118c8eb2e1b2cc8668b3073,e7314ed7245bf3901d19ef26a76c2668b6b133e3a20cca4f5e043d3afb461621,138,-0.6152753710480968,0.01
0,2,all_strict,wholly_unseen,laplace,uniform,50.0,retention_bounded,0.0001,c3a17ae49362d3af3c889169dd61b790e7c0ea833118c8eb2e1b2cc8668b3073,e3dc463d150a50e32732f625b0a5c27b35e644b56c553393712f90de797da4fd,138,-0.6145370211623813,0.01
0,2,all_strict,wholly_unseen,laplace,uniform,50.0,retention_bounded,0.001,c3a17ae49362d3af3c889169dd61b790e7c0ea833118c8eb2e1b2cc8668b3073,70b841f1788eed5616c1a3cd6e4fab59123c8a8a9ad3e15e6d5094cc8b9005a4,138,-0.608936283829224,0.01
0,2,all_strict,wholly_unseen,laplace,uniform,50.0,retention_bounded,0.01,c3a17ae49362d3af3c889169dd61b790e7c0ea833118c8eb2e1b2cc8668b3073,7dd7f6f5f4a78fe4cf208444b5a3a29a7a2fd0d221deae445ceabe11a40b3060,138,-0.5847048364473527,0.01
0,2,all_strict,wholly_unseen,laplace,uniform,50.0,retention_bounded,0.1,c3a17ae49362d3af3c889169dd61b790e7c0ea833118c8eb2e1b2cc8668b3073,6aef960374a1da0cce0a1c25f7031ce1b80e7760aa5b18325fdc8a9247c118ac,138,-0.6153347381015991,0.01
0,0,all_strict,wholly_unseen,laplace,uniform,50.0,retention_nonnegative,0.0,ff71152f04ff3c17c4f535bdcd272443a47086eca1b6c90e413744cda8c3d050,e93175cbe294766246c39afd2bf021e2791052e30b5cb6430abec9e7f7ddf1fe,139,-0.6152753761699706,0.01
0,0,all_strict,wholly_unseen,laplace,uniform,50.0,retention_nonnegative,0.0001,ff71152f04ff3c17c4f535bdcd272443a47086eca1b6c90e413744cda8c3d050,364bea5f08dedea0a8f9dc117b363ec696f0da4fa6a107b3125e1df453790bed,139,-0.6126514378279779,0.01
0,0,all_strict,wholly_unseen,laplace,uniform,50.0,retention_nonnegative,0.001,ff71152f04ff3c17c4f535bdcd272443a47086eca1b6c90e413744cda8c3d050,70e53b495e5de4614b1cceb9713f91cd76100f672bcec3304020653b652ded33,139,-0.5976679931736313,0.01
0,0,all_strict,wholly_unseen,laplace,uniform,50.0,retention_nonnegative,0.01,ff71152f04ff3c17c4f535bdcd272443a47086eca1b6c90e413744cda8c3d050,6dd96b5def9209af443dda58ea0af4855dd7526100db07913167ffcd5a258e11,139,-0.5901929211579305,0.01
0,0,all_strict,wholly_unseen,laplace,uniform,50.0,retention_nonnegative,0.1,ff71152f04ff3c17c4f535bdcd272443a47086eca1b6c90e413744cda8c3d050,8b238c094d21d4d52a454e3816bb0cf4cb4162e1453884e2ff82475a6320fbb0,139,-0.6832149153219869,0.01
0,1,all_strict,wholly_unseen,laplace,uniform,50.0,retention_nonnegative,0.0,27a3bb4a6140f901a59aa471a99c58258a97e252dc1e140d0e5312309b75b41b,05b133d06590ad6cc835754a7f78a8f6c203526b52b0593c08f35a6f51aa6920,136,-0.6152753761699706,0.01
0,1,all_strict,wholly_unseen,laplace,uniform,50.0,retention_nonnegative,0.0001,27a3bb4a6140f901a59aa471a99c58258a97e252dc1e140d0e5312309b75b41b,6cbb46368a2737ee645419beed00eaf0496dddc8816f7ffadb31892399eae93e,136,-0.6126514378279779,0.01
0,1,all_strict,wholly_unseen,laplace,uniform,50.0,retention_nonnegative,0.001,27a3bb4a6140f901a59aa471a99c58258a97e252dc1e140d0e5312309b75b41b,5cbaaa48d6ec4fc6b2b95b9786e55516cea460dc392c4d2e6bae7f383e30e677,136,-0.5976679931736313,0.01
0,1,all_strict,wholly_unseen,laplace,uniform,50.0,retention_nonnegative,0.01,27a3bb4a6140f901a59aa471a99c58258a97e252dc1e140d0e5312309b75b41b,04d513a5e2afcaa805e1629b05c95310cc71229e2b55c7ddd989f8d5d0b7cb72,136,-0.5901929211579305,0.01
0,1,all_strict,wholly_unseen,laplace,uniform,50.0,retention_nonnegative,0.1,27a3bb4a6140f901a59aa471a99c58258a97e252dc1e140d0e5312309b75b41b,751d8603c3e7b248d710278e996c15ec80fe66633aca3fd55bf01eaa611f1b21,136,-0.6832149153219869,0.01
0,2,all_strict,wholly_unseen,laplace,uniform,50.0,retention_nonnegative,0.0,c3a17ae49362d3af3c889169dd61b790e7c0ea833118c8eb2e1b2cc8668b3073,89d21fdf26e2713f8be5373bad03a6e1b0d202cd14b81e49db18dfaceae05c1d,138,-0.6152753761699706,0.01
0,2,all_strict,wholly_unseen,laplace,uniform,50.0,retention_nonnegative,0.0001,c3a17ae49362d3af3c889169dd61b790e7c0ea833118c8eb2e1b2cc8668b3073,fec4394473c917c7a452e358d9479e4a38c35f0b159a2f9939c418a084b4be19,138,-0.6126514378279779,0.01
0,2,all_strict,wholly_unseen,laplace,uniform,50.0,retention_nonnegative,0.001,c3a17ae49362d3af3c889169dd61b790e7c0ea833118c8eb2e1b2cc8668b3073,93253462060420876050b784394ebe6909e9c9e6e50ea78793cd97895e4e8983,138,-0.5976679931736313,0.01
0,2,all_strict,wholly_unseen,laplace,uniform,50.0,retention_nonnegative,0.01,c3a17ae49362d3af3c889169dd61b790e7c0ea833118c8eb2e1b2cc8668b3073,821a148e40e5c259d9352e8b06d7da6dcca0a4be940f7ce14f9b8987720befd7,138,-0.5901929211579305,0.01
0,2,all_strict,wholly_unseen,laplace,uniform,50.0,retention_nonnegative,0.1,c3a17ae49362d3af3c889169dd61b790e7c0ea833118c8eb2e1b2cc8668b3073,22bd001f12f3589b08bd44194816ae582ce649a59a1c9c04ba0ddb99a80f9b22,138,-0.6832149153219869,0.01
0,0,all_strict,wholly_unseen,laplace,uniform,50.0,current_only,0.0,ff71152f04ff3c17c4f535bdcd272443a47086eca1b6c90e413744cda8c3d050,ac08fd5210c632342e25bdca0042838aec90992f89eca48905cba6a354c0f063,139,-0.8608956237430418,0.01
0,0,all_strict,wholly_unseen,laplace,uniform,50.0,current_only,0.0001,ff71152f04ff3c17c4f535bdcd272443a47086eca1b6c90e413744cda8c3d050,341475a1e46761aacb27e6a2484c2afffa667b6a40e35d1677e1272765181823,139,-0.8606542953384302,0.01
0,0,all_strict,wholly_unseen,laplace,uniform,50.0,current_only,0.001,ff71152f04ff3c17c4f535bdcd272443a47086eca1b6c90e413744cda8c3d050,3e8a01107bf83b962004f1a8557f56c90ad2f00d33d02f8edd6db89a2db2ca5a,139,-0.8585791355272275,0.01
0,0,all_strict,wholly_unseen,laplace,uniform,50.0,current_only,0.01,ff71152f04ff3c17c4f535bdcd272443a47086eca1b6c90e413744cda8c3d050,e2d2fe1dd21a287cd1a95aeb311e417303fafdfa923ed9eb3b162ab0f0360296,139,-0.8446033035910746,0.01
0,0,all_strict,wholly_unseen,laplace,uniform,50.0,current_only,0.1,ff71152f04ff3c17c4f535bdcd272443a47086eca1b6c90e413744cda8c3d050,db99edfebd8ad76492c9cef7582bd14dd9073f3b3ae3ff652335e59238d5c0e0,139,-0.8455960978958151,0.01
0,1,all_strict,wholly_unseen,laplace,uniform,50.0,current_only,0.0,27a3bb4a6140f901a59aa471a99c58258a97e252dc1e140d0e5312309b75b41b,704d93826e0fbbd3c9b483a5939c87a6dbc4e65d8ed5cc53767f4fcde9cbb371,136,-0.8608956237430418,0.01
0,1,all_strict,wholly_unseen,laplace,uniform,50.0,current_only,0.0001,27a3bb4a6140f901a59aa471a99c58258a97e252dc1e140d0e5312309b75b41b,2dbe49695658ba56d316145c28b46828d252da39591bbb68a6f42b8055a02dac,136,-0.8606542953384302,0.01
0,1,all_strict,wholly_unseen,laplace,uniform,50.0,current_only,0.001,27a3bb4a6140f901a59aa471a99c58258a97e252dc1e140d0e5312309b75b41b,6ce76aa3a32240b811d0c82ad1479f33465fb4cbb50b6142020c09545d862ec7,136,-0.8585791355272275,0.01
0,1,all_strict,wholly_unseen,laplace,uniform,50.0,current_only,0.01,27a3bb4a6140f901a59aa471a99c58258a97e252dc1e140d0e5312309b75b41b,1074777c78d204d5903796d639110ffac80e57b72eafdef91fbd0cd03b098f78,136,-0.8446033035910746,0.01
0,1,all_strict,wholly_unseen,laplace,uniform,50.0,current_only,0.1,27a3bb4a6140f901a59aa471a99c58258a97e252dc1e140d0e5312309b75b41b,2beaf7c37bbf4b93acb5ae434bddf88d2a82498ca56ffb4ce8b16e7db24f51e3,136,-0.8455960978958151,0.01
0,2,all_strict,wholly_unseen,laplace,uniform,50.0,current_only,0.0,c3a17ae49362d3af3c889169dd61b790e7c0ea833118c8eb2e1b2cc8668b3073,6931b29db9d5ebb60d0b169b81937333fe15fe93f69aa8325469c1f39238faf0,138,-0.8608956237430418,0.01
0,2,all_strict,wholly_unseen,laplace,uniform,50.0,current_only,0.0001,c3a17ae49362d3af3c889169dd61b790e7c0ea833118c8eb2e1b2cc8668b3073,bac7c1f9f759f55c4dad13daa2b468a2d4712da6c6a0ad99f1cb7289ad09242b,138,-0.8606542953384302,0.01
0,2,all_strict,wholly_unseen,laplace,uniform,50.0,current_only,0.001,c3a17ae49362d3af3c889169dd61b790e7c0ea833118c8eb2e1b2cc8668b3073,de4498b304e4b9cfe8ae91ec931d75525e4e03bfc26c4d25e7712add1a943806,138,-0.8585791355272275,0.01
0,2,all_strict,wholly_unseen,laplace,uniform,50.0,current_only,0.01,c3a17ae49362d3af3c889169dd61b790e7c0ea833118c8eb2e1b2cc8668b3073,0bf0f6d5e1ce6cb06543959b55a2cb4ae1f822f6e8d51ae41a86f1dff0ec21de,138,-0.8446033035910746,0.01
0,2,all_strict,wholly_unseen,laplace,uniform,50.0,current_only,0.1,c3a17ae49362d3af3c889169dd61b790e7c0ea833118c8eb2e1b2cc8668b3073,5749e5bd00240a48a4de704a7ac615c6e02638c85aa830ec8c38307e8ef0ad53,138,-0.8455960978958151,0.01
0,0,all_strict,wholly_unseen,laplace,uniform,50.0,input_plus_surface,0.0,ff71152f04ff3c17c4f535bdcd272443a47086eca1b6c90e413744cda8c3d050,db798f83df31b9c47f672351b31aa830b392b0c421a5ee0192ae39e1edea6a0d,139,-0.5911019643481147,0.01
0,0,all_strict,wholly_unseen,laplace,uniform,50.0,input_plus_surface,0.0001,ff71152f04ff3c17c4f535bdcd272443a47086eca1b6c90e413744cda8c3d050,88369518f659e527574170f97e63295f9413938ae03a85cfcaa2af926504c632,139,-0.5896999682965498,0.01
0,0,all_strict,wholly_unseen,laplace,uniform,50.0,input_plus_surface,0.001,ff71152f04ff3c17c4f535bdcd272443a47086eca1b6c90e413744cda8c3d050,167d441221da89db1907c075161e9160bf3dd133bf4ad3f8cb886e0149f1acf3,139,-0.5805092427488079,0.01
0,0,all_strict,wholly_unseen,laplace,uniform,50.0,input_plus_surface,0.01,ff71152f04ff3c17c4f535bdcd272443a47086eca1b6c90e413744cda8c3d050,705b7864351633747b7e653eedb6e7210154f1d442651f874af2e34cc238e2e9,139,-0.5628174217299792,0.01
0,0,all_strict,wholly_unseen,laplace,uniform,50.0,input_plus_surface,0.1,ff71152f04ff3c17c4f535bdcd272443a47086eca1b6c90e413744cda8c3d050,a0a5668fe8fe7b5de0bc95362102963cba83ac56e2c50b467a36845ce0cd6b96,139,-0.6322092966889273,0.01
0,1,all_strict,wholly_unseen,laplace,uniform,50.0,input_plus_surface,0.0,27a3bb4a6140f901a59aa471a99c58258a97e252dc1e140d0e5312309b75b41b,61bc7ae6451fb2b82df4eea5f57ea5237533d86fa0779322d763bf9d955eaf0a,136,-0.5911019643481147,0.01
0,1,all_strict,wholly_unseen,laplace,uniform,50.0,input_plus_surface,0.0001,27a3bb4a6140f901a59aa471a99c58258a97e252dc1e140d0e5312309b75b41b,fe016390be207637932165d7145b8cc3aac07ac0b3f06de3b3328a289c8143c1,136,-0.5896999682965498,0.01
0,1,all_strict,wholly_unseen,laplace,uniform,50.0,input_plus_surface,0.001,27a3bb4a6140f901a59aa471a99c58258a97e252dc1e140d0e5312309b75b41b,8562f089f70595a638cb99c0d6610616d18f807ea88278c8bfa32abf422fcd95,136,-0.5805092427488079,0.01
0,1,all_strict,wholly_unseen,laplace,uniform,50.0,input_plus_surface,0.01,27a3bb4a6140f901a59aa471a99c58258a97e252dc1e140d0e5312309b75b41b,e1d7ed5a68869e746eb4b7bb126baa52f9e4c4d29022ee746c02c5e77270e4b2,136,-0.5628174217299792,0.01
0,1,all_strict,wholly_unseen,laplace,uniform,50.0,input_plus_surface,0.1,27a3bb4a6140f901a59aa471a99c58258a97e252dc1e140d0e5312309b75b41b,e147475b2f6484d5dbbbf2f74229c9a415fcd187d172144728a05f356620bbba,136,-0.6322092966889273,0.01
0,2,all_strict,wholly_unseen,laplace,uniform,50.0,input_plus_surface,0.0,c3a17ae49362d3af3c889169dd61b790e7c0ea833118c8eb2e1b2cc8668b3073,0a3d4df2b099633040b247a67bf5fced4ad83f0ae04c759f42e5e0b17caf2d75,138,-0.5911019643481147,0.01
0,2,all_strict,wholly_unseen,laplace,uniform,50.0,input_plus_surface,0.0001,c3a17ae49362d3af3c889169dd61b790e7c0ea833118c8eb2e1b2cc8668b3073,d47a0a746d75e4b75f5061417f27de183e5f6cd3a0ea8e30f25260fb93d21ac9,138,-0.5896999682965498,0.01
0,2,all_strict,wholly_unseen,laplace,uniform,50.0,input_plus_surface,0.001,c3a17ae49362d3af3c889169dd61b790e7c0ea833118c8eb2e1b2cc8668b3073,d5dc920bda2453298605a322e10e3a52b853adf1f96ea4b906c51615d345a78c,138,-0.5805092427488079,0.01
0,2,all_strict,wholly_unseen,laplace,uniform,50.0,input_plus_surface,0.01,c3a17ae49362d3af3c889169dd61b790e7c0ea833118c8eb2e1b2cc8668b3073,cdffadad4e4645b177db8c05573bebdd5f24a1be35feb8956a374bba6f4481a6,138,-0.5628174217299792,0.01
0,2,all_strict,wholly_unseen,laplace,uniform,50.0,input_plus_surface,0.1,c3a17ae49362d3af3c889169dd61b790e7c0ea833118c8eb2e1b2cc8668b3073,4f4978de47456a23a10dca8629361bd56f6529fef9b58fa356137ff6a328ae6a,138,-0.6322092966889273,0.01
0,0,all_strict,wholly_unseen,laplace,uniform,50.0,HU_plus_surface,0.0,ff71152f04ff3c17c4f535bdcd272443a47086eca1b6c90e413744cda8c3d050,68865dda76d748d24e797d99d1a57937e1cb0a1d03322c03b0c38ba5aea1ee9c,139,-0.6017402733312545,0.01
0,0,all_strict,wholly_unseen,laplace,uniform,50.0,HU_plus_surface,0.0001,ff71152f04ff3c17c4f535bdcd272443a47086eca1b6c90e413744cda8c3d050,2b23e538786b741d8ee67d10a2a6ed2cba4d57bb80101c5e6402fd9e73c00dc3,139,-0.6002492532628763,0.01
0,0,all_strict,wholly_unseen,laplace,uniform,50.0,HU_plus_surface,0.001,ff71152f04ff3c17c4f535bdcd272443a47086eca1b6c90e413744cda8c3d050,c26e87f2eb2bece302c2316332a8683d95cd13dcd0927ec21867d6097a2ca1e2,139,-0.590453394142441,0.01
0,0,all_strict,wholly_unseen,laplace,uniform,50.0,HU_plus_surface,0.01,ff71152f04ff3c17c4f535bdcd272443a47086eca1b6c90e413744cda8c3d050,1074c9aed438fc26e7f4af4744eefa66d9142668b8953b4ca17a193c670eaf11,139,-0.5704431763915987,0.01
0,0,all_strict,wholly_unseen,laplace,uniform,50.0,HU_plus_surface,0.1,ff71152f04ff3c17c4f535bdcd272443a47086eca1b6c90e413744cda8c3d050,bbbc7ea01dece3b4bcd4f97389163dd02caa6a16142819f6117fe58fc4d73089,139,-0.6365086322182544,0.01
0,1,all_strict,wholly_unseen,laplace,uniform,50.0,HU_plus_surface,0.0,27a3bb4a6140f901a59aa471a99c58258a97e252dc1e140d0e5312309b75b41b,69d10f58c4bacce2c8f98ce8dde5e28892f45a65c15ca9e78ec44025282f09e6,136,-0.6017402733312545,0.01
0,1,all_strict,wholly_unseen,laplace,uniform,50.0,HU_plus_surface,0.0001,27a3bb4a6140f901a59aa471a99c58258a97e252dc1e140d0e5312309b75b41b,be2b6d9b4ada98471da7111f1ae9ad93eaba07a75453200a4ab37de2796347b2,136,-0.6002492532628763,0.01
0,1,all_strict,wholly_unseen,laplace,uniform,50.0,HU_plus_surface,0.001,27a3bb4a6140f901a59aa471a99c58258a97e252dc1e140d0e5312309b75b41b,2ecad9732fde96d47b9e518f23e120d5d3c49bdb5af050864a6e260054d253a1,136,-0.590453394142441,0.01
0,1,all_strict,wholly_unseen,laplace,uniform,50.0,HU_plus_surface,0.01,27a3bb4a6140f901a59aa471a99c58258a97e252dc1e140d0e5312309b75b41b,379584754fe8e5194fe82656ab9a0f4c52688c0f7d1258d69c253db2605ac2c4,136,-0.5704431763915987,0.01
0,1,all_strict,wholly_unseen,laplace,uniform,50.0,HU_plus_surface,0.1,27a3bb4a6140f901a59aa471a99c58258a97e252dc1e140d0e5312309b75b41b,fa91755e249f13cab117005649bb05bac2470dd5ba821184d0bb4b98fb2b709e,136,-0.6365086322182544,0.01
0,2,all_strict,wholly_unseen,laplace,uniform,50.0,HU_plus_surface,0.0,c3a17ae49362d3af3c889169dd61b790e7c0ea833118c8eb2e1b2cc8668b3073,a532ae5dd95d666246edf9785ab3c6dd21d0422166e7cf7339305bae78d6f9cd,138,-0.6017402733312545,0.01
0,2,all_strict,wholly_unseen,laplace,uniform,50.0,HU_plus_surface,0.0001,c3a17ae49362d3af3c889169dd61b790e7c0ea833118c8eb2e1b2cc8668b3073,ac41f92734b13796507c5500287f6699dafb50a884739511122980ecdab95d6f,138,-0.6002492532628763,0.01
0,2,all_strict,wholly_unseen,laplace,uniform,50.0,HU_plus_surface,0.001,c3a17ae49362d3af3c889169dd61b790e7c0ea833118c8eb2e1b2cc8668b3073,6d56987cd02fe8cceba86b596427f03bbde85d2145c75517e7df291792914820,138,-0.590453394142441,0.01
0,2,all_strict,wholly_unseen,laplace,uniform,50.0,HU_plus_surface,0.01,c3a17ae49362d3af3c889169dd61b790e7c0ea833118c8eb2e1b2cc8668b3073,3357356b157a8962a7513b2762f9d8b42ed600738a6d35bda45364eff51b0063,138,-0.5704431763915987,0.01
0,2,all_strict,wholly_unseen,laplace,uniform,50.0,HU_plus_surface,0.1,c3a17ae49362d3af3c889169dd61b790e7c0ea833118c8eb2e1b2cc8668b3073,4a008b5715f4d83367443b011e1c694e3e4e10fb0f6bd201828f9532e2d466bb,138,-0.6365086322182544,0.01
0,0,all_strict,wholly_unseen,laplace,uniform,50.0,retention_bounded_plus_HU,0.0,ff71152f04ff3c17c4f535bdcd272443a47086eca1b6c90e413744cda8c3d050,d6c9aaf70d9f58a4f50a484da80404d6f74bf677915bb31ed6af1af16c229dca,139,-0.6072827196118745,0.01
0,0,all_strict,wholly_unseen,laplace,uniform,50.0,retention_bounded_plus_HU,0.0001,ff71152f04ff3c17c4f535bdcd272443a47086eca1b6c90e413744cda8c3d050,ec4f915d97fe8cce54f3680a62831c557e761b2831133dff27e10762964b15b6,139,-0.6064462501789976,0.01
0,0,all_strict,wholly_unseen,laplace,uniform,50.0,retention_bounded_plus_HU,0.001,ff71152f04ff3c17c4f535bdcd272443a47086eca1b6c90e413744cda8c3d050,ed4dc0d7ef958629b25afdfa495a440ac8d8f03fee6c1913ea3ad1f9dd9b56a8,139,-0.601253573587051,0.01
0,0,all_strict,wholly_unseen,laplace,uniform,50.0,retention_bounded_plus_HU,0.01,ff71152f04ff3c17c4f535bdcd272443a47086eca1b6c90e413744cda8c3d050,76cba2ed09cde44afc089fd718f6b123499c5f40d42c19bdacdc1b9e8a1bd760,139,-0.5795079743982445,0.01
0,0,all_strict,wholly_unseen,laplace,uniform,50.0,retention_bounded_plus_HU,0.1,ff71152f04ff3c17c4f535bdcd272443a47086eca1b6c90e413744cda8c3d050,4a1bf9335890f5544a9390e2fa31989ab76272198bddc8604b83245c54c51d46,139,-0.595923442558067,0.01
0,1,all_strict,wholly_unseen,laplace,uniform,50.0,retention_bounded_plus_HU,0.0,27a3bb4a6140f901a59aa471a99c58258a97e252dc1e140d0e5312309b75b41b,cd6c9e2f4f7f151b735a6f7d708c2b97d03a653e4af043780c6aa13a84e6f915,136,-0.6072827196118745,0.01
0,1,all_strict,wholly_unseen,laplace,uniform,50.0,retention_bounded_plus_HU,0.0001,27a3bb4a6140f901a59aa471a99c58258a97e252dc1e140d0e5312309b75b41b,2c0542f73e7aa902d436b74ddf7fec89f6e557ae032a4301616f736bbf3415c7,136,-0.6064462501789976,0.01
0,1,all_strict,wholly_unseen,laplace,uniform,50.0,retention_bounded_plus_HU,0.001,27a3bb4a6140f901a59aa471a99c58258a97e252dc1e140d0e5312309b75b41b,083afc18d25b0fe1a2596cc29b68ee42bb0622b0c3e993670cccd5fd64dcc615,136,-0.601253573587051,0.01
0,1,all_strict,wholly_unseen,laplace,uniform,50.0,retention_bounded_plus_HU,0.01,27a3bb4a6140f901a59aa471a99c58258a97e252dc1e140d0e5312309b75b41b,9c5ad70709f8d1f2a3f3522b12021ed9ab595598ed247b0486cf173c9edc25e7,136,-0.5795079743982445,0.01
0,1,all_strict,wholly_unseen,laplace,uniform,50.0,retention_bounded_plus_HU,0.1,27a3bb4a6140f901a59aa471a99c58258a97e252dc1e140d0e5312309b75b41b,ccbf79c1f62caa469b1b372398e03e4af3b6f0c22c4ee13ffa74ab9fcfa0d0b4,136,-0.595923442558067,0.01
0,2,all_strict,wholly_unseen,laplace,uniform,50.0,retention_bounded_plus_HU,0.0,c3a17ae49362d3af3c889169dd61b790e7c0ea833118c8eb2e1b2cc8668b3073,37cd7246a06f41f2e18a43b20b8304c6a589c0929094582aaa44352bb3858cce,138,-0.6072827196118745,0.01
0,2,all_strict,wholly_unseen,laplace,uniform,50.0,retention_bounded_plus_HU,0.0001,c3a17ae49362d3af3c889169dd61b790e7c0ea833118c8eb2e1b2cc8668b3073,a5d7393abcda4a6c7c190e6558eee88406c46950afcd824beca01014bd848b02,138,-0.6064462501789976,0.01
0,2,all_strict,wholly_unseen,laplace,uniform,50.0,retention_bounded_plus_HU,0.001,c3a17ae49362d3af3c889169dd61b790e7c0ea833118c8eb2e1b2cc8668b3073,1959fbe436bdb32e908982124acd72c78c68388bb69ede3721c7a6ed2825da2c,138,-0.601253573587051,0.01
0,2,all_strict,wholly_unseen,laplace,uniform,50.0,retention_bounded_plus_HU,0.01,c3a17ae49362d3af3c889169dd61b790e7c0ea833118c8eb2e1b2cc8668b3073,af2cfde94970c171a390c827d1b7da702631a530e90d33399f2fca53f175e160,138,-0.5795079743982445,0.01
0,2,all_strict,wholly_unseen,laplace,uniform,50.0,retention_bounded_plus_HU,0.1,c3a17ae49362d3af3c889169dd61b790e7c0ea833118c8eb2e1b2cc8668b3073,005df94b39d34f9d8a80d5d0b3a943ba85a735154393373ce60c32b9f63004a6,138,-0.595923442558067,0.01
0,0,all_strict,wholly_unseen,gh80,uniform,50.0,HU_plus_surface,0.0,ff71152f04ff3c17c4f535bdcd272443a47086eca1b6c90e413744cda8c3d050,3b39cec5396f4137b70b187f3fcef2def467ea27ff0a313f53b737376d1327c9,139,-0.5907941246317168,0.01
0,0,all_strict,wholly_unseen,gh80,uniform,50.0,HU_plus_surface,0.0001,ff71152f04ff3c17c4f535bdcd272443a47086eca1b6c90e413744cda8c3d050,cb47eb2f76f882f4bd0b1b82f983e68098c05a9e3b3742ba0e442807bdb4410f,139,-0.5892743359537563,0.01
0,0,all_strict,wholly_unseen,gh80,uniform,50.0,HU_plus_surface,0.001,ff71152f04ff3c17c4f535bdcd272443a47086eca1b6c90e413744cda8c3d050,8ad06b0172eb6a79bee964130ef99c86872fb5ccd7ff80c502608b91170739b1,139,-0.579521144564752,0.01
0,0,all_strict,wholly_unseen,gh80,uniform,50.0,HU_plus_surface,0.01,ff71152f04ff3c17c4f535bdcd272443a47086eca1b6c90e413744cda8c3d050,78b6904aa087daef97b81167deaaee09b33f2c2b3610b47ec2601d5fa40be9f8,139,-0.5618706241954438,0.01
0,0,all_strict,wholly_unseen,gh80,uniform,50.0,HU_plus_surface,0.1,ff71152f04ff3c17c4f535bdcd272443a47086eca1b6c90e413744cda8c3d050,3192fd9c6f2a197c85fddf0049b5fd2bb8a59d82edede3bbcc2cad2f7742885d,139,-0.6332892248782815,0.01
0,1,all_strict,wholly_unseen,gh80,uniform,50.0,HU_plus_surface,0.0,27a3bb4a6140f901a59aa471a99c58258a97e252dc1e140d0e5312309b75b41b,dd5142e7e4dfa0a802fac4847e010241640b38eae0d7c171b9236257a5322fd8,136,-0.5907941246317168,0.01
0,1,all_strict,wholly_unseen,gh80,uniform,50.0,HU_plus_surface,0.0001,27a3bb4a6140f901a59aa471a99c58258a97e252dc1e140d0e5312309b75b41b,25f3cdee066e55faab967148ad42c5c71a241da62bbe960c1f346de84a6e8401,136,-0.5892743359537563,0.01
0,1,all_strict,wholly_unseen,gh80,uniform,50.0,HU_plus_surface,0.001,27a3bb4a6140f901a59aa471a99c58258a97e252dc1e140d0e5312309b75b41b,f37f5659936810f23d0b11f8320619719a49c6d5373904f27c09465194d1f694,136,-0.579521144564752,0.01
0,1,all_strict,wholly_unseen,gh80,uniform,50.0,HU_plus_surface,0.01,27a3bb4a6140f901a59aa471a99c58258a97e252dc1e140d0e5312309b75b41b,cb733746482fdcf0fe288304a25e631b284f012f505f7c7a367fa616d8ad1eb6,136,-0.5618706241954438,0.01
0,1,all_strict,wholly_unseen,gh80,uniform,50.0,HU_plus_surface,0.1,27a3bb4a6140f901a59aa471a99c58258a97e252dc1e140d0e5312309b75b41b,20f48b04e88fce82284ca73c0e345004cb495de34f765283360cb94dbc2abf4c,136,-0.6332892248782815,0.01
0,2,all_strict,wholly_unseen,gh80,uniform,50.0,HU_plus_surface,0.0,c3a17ae49362d3af3c889169dd61b790e7c0ea833118c8eb2e1b2cc8668b3073,56281d1f05cb3f2aa8ce68fe1261e35729aea60d7117e93f7f599242a9f0c892,138,-0.5907941246317168,0.01
0,2,all_strict,wholly_unseen,gh80,uniform,50.0,HU_plus_surface,0.0001,c3a17ae49362d3af3c889169dd61b790e7c0ea833118c8eb2e1b2cc8668b3073,7001f5e31a71a2b08f21d8d571aabb2a0a125a200073b0e66f17ec9db6b7572a,138,-0.5892743359537563,0.01
0,2,all_strict,wholly_unseen,gh80,uniform,50.0,HU_plus_surface,0.001,c3a17ae49362d3af3c889169dd61b790e7c0ea833118c8eb2e1b2cc8668b3073,a9650a7d4e6516d9a805cd88b18c49cc654e66085159a3ca16b3088f7f68f4d7,138,-0.579521144564752,0.01
0,2,all_strict,wholly_unseen,gh80,uniform,50.0,HU_plus_surface,0.01,c3a17ae49362d3af3c889169dd61b790e7c0ea833118c8eb2e1b2cc8668b3073,307c604f6e3887e4391407421ad0aa1d2737b15595ee1287e07cc2291dd5e5f3,138,-0.5618706241954438,0.01
0,2,all_strict,wholly_unseen,gh80,uniform,50.0,HU_plus_surface,0.1,c3a17ae49362d3af3c889169dd61b790e7c0ea833118c8eb2e1b2cc8668b3073,1860c6ff834abc49ef51ebc685bf8ed338306682c441d3e1ee7a057d6dcdf19d,138,-0.6332892248782815,0.01
0,0,all_strict,wholly_unseen,gh80,uniform,50.0,retention_bounded_plus_HU,0.0,ff71152f04ff3c17c4f535bdcd272443a47086eca1b6c90e413744cda8c3d050,94411e5389f896e485ee0d646fcb7d337d1782bb402d37f9aaf3813dff0f9455,139,-0.606106049328869,0.01
0,0,all_strict,wholly_unseen,gh80,uniform,50.0,retention_bounded_plus_HU,0.0001,ff71152f04ff3c17c4f535bdcd272443a47086eca1b6c90e413744cda8c3d050,9a8df82c6e191e473ea096068f288a157ffbaf206c23af6b8b568eb421d3bc9b,139,-0.6050856924011683,0.01
0,0,all_strict,wholly_unseen,gh80,uniform,50.0,retention_bounded_plus_HU,0.001,ff71152f04ff3c17c4f535bdcd272443a47086eca1b6c90e413744cda8c3d050,4df65876a5a1394df51fbfbb297b74665c23ae97324d449c2ffcf2bba7c1e060,139,-0.6000938966983823,0.01
0,0,all_strict,wholly_unseen,gh80,uniform,50.0,retention_bounded_plus_HU,0.01,ff71152f04ff3c17c4f535bdcd272443a47086eca1b6c90e413744cda8c3d050,cf1e202f0dcd7eb5d6bcf1d0059b0e1057279a415a9e3b18053413e68203a0cf,139,-0.5790274709052156,0.01
0,0,all_strict,wholly_unseen,gh80,uniform,50.0,retention_bounded_plus_HU,0.1,ff71152f04ff3c17c4f535bdcd272443a47086eca1b6c90e413744cda8c3d050,7122fafb1b2919fbf2e6465813712c2dac958383f7e71c30cfe35605b53d9679,139,-0.5954942271143653,0.01
0,1,all_strict,wholly_unseen,gh80,uniform,50.0,retention_bounded_plus_HU,0.0,27a3bb4a6140f901a59aa471a99c58258a97e252dc1e140d0e5312309b75b41b,9475ac25acac11c89f2ef31d9cf27405c251e82a5289022fcae30445e82815cf,136,-0.606106049328869,0.01
0,1,all_strict,wholly_unseen,gh80,uniform,50.0,retention_bounded_plus_HU,0.0001,27a3bb4a6140f901a59aa471a99c58258a97e252dc1e140d0e5312309b75b41b,39d3c483c4c95bba2e769540eab6d9c8d952c8d975da68ce5adf2b652be56250,136,-0.6050856924011683,0.01
0,1,all_strict,wholly_unseen,gh80,uniform,50.0,retention_bounded_plus_HU,0.001,27a3bb4a6140f901a59aa471a99c58258a97e252dc1e140d0e5312309b75b41b,89dc1000b384df19a5f8ae1b6b847175c894c21adbfaba6332a7db837a4d9dfc,136,-0.6000938966983823,0.01
0,1,all_strict,wholly_unseen,gh80,uniform,50.0,retention_bounded_plus_HU,0.01,27a3bb4a6140f901a59aa471a99c58258a97e252dc1e140d0e5312309b75b41b,ed21ab2e3a4a14134397b2c9523fdd852cb5ce7bb9ae84983aa89e056fbbc78f,136,-0.5790274709052156,0.01
0,1,all_strict,wholly_unseen,gh80,uniform,50.0,retention_bounded_plus_HU,0.1,27a3bb4a6140f901a59aa471a99c58258a97e252dc1e140d0e5312309b75b41b,8344ff8e6d2a9cacb19d9ce6985fef52ba2b23dbfa23e3153b3e6910a0a93387,136,-0.5954942271143653,0.01
0,2,all_strict,wholly_unseen,gh80,uniform,50.0,retention_bounded_plus_HU,0.0,c3a17ae49362d3af3c889169dd61b790e7c0ea833118c8eb2e1b2cc8668b3073,e6df141c30b2f9f30526bfc39483816af92b2457597913f945a78fdbb196f1f7,138,-0.606106049328869,0.01
0,2,all_strict,wholly_unseen,gh80,uniform,50.0,retention_bounded_plus_HU,0.0001,c3a17ae49362d3af3c889169dd61b790e7c0ea833118c8eb2e1b2cc8668b3073,475faac3568a7ad6dc3095d6c2b0ee4dbfb361a886e08163347a868ebdcc7e06,138,-0.6050856924011683,0.01
0,2,all_strict,wholly_unseen,gh80,uniform,50.0,retention_bounded_plus_HU,0.001,c3a17ae49362d3af3c889169dd61b790e7c0ea833118c8eb2e1b2cc8668b3073,8a9d527048f29641dd5a3ab59e902426386be9b429fb36bd75311be4df1f9d06,138,-0.6000938966983823,0.01
0,2,all_strict,wholly_unseen,gh80,uniform,50.0,retention_bounded_plus_HU,0.01,c3a17ae49362d3af3c889169dd61b790e7c0ea833118c8eb2e1b2cc8668b3073,821abc3fc00b98a3b3b8c07efda3d755fe996a0abc6e84dc15916cb4af81c2cd,138,-0.5790274709052156,0.01
0,2,all_strict,wholly_unseen,gh80,uniform,50.0,retention_bounded_plus_HU,0.1,c3a17ae49362d3af3c889169dd61b790e7c0ea833118c8eb2e1b2cc8668b3073,10984f3dd785000563700982e79bfee7dfb736c5e8a748d45535f0362c5d645d,138,-0.5954942271143653,0.01
0,0,all_agreeing_offsets,side_informed,laplace,uniform,50.0,retention_bounded,0.0,ff71152f04ff3c17c4f535bdcd272443a47086eca1b6c90e413744cda8c3d050,8eddd0e7afef4af4ff43b017868769b0275d086e81b7187afb03cfb25dd21023,139,-0.30530487870359735,0.01
0,0,all_agreeing_offsets,side_informed,laplace,uniform,50.0,retention_bounded,0.0001,ff71152f04ff3c17c4f535bdcd272443a47086eca1b6c90e413744cda8c3d050,7733588cd9906641d9eb532c8cd7620c75e768246470c3e74b17489f7814d708,139,-0.30453582271717283,0.01
0,0,all_agreeing_offsets,side_informed,laplace,uniform,50.0,retention_bounded,0.001,ff71152f04ff3c17c4f535bdcd272443a47086eca1b6c90e413744cda8c3d050,17582588073617c8999de0a655cd46c1ec3089cf434224445dd68110e4575198,139,-0.2991232671701464,0.01
0,0,all_agreeing_offsets,side_informed,laplace,uniform,50.0,retention_bounded,0.01,ff71152f04ff3c17c4f535bdcd272443a47086eca1b6c90e413744cda8c3d050,a97e7cade6c8f3cb7c3cd2ad47b1ddd49249c38740f1ca885705f1a062a9ee45,139,-0.28568637237755057,0.01
0,0,all_agreeing_offsets,side_informed,laplace,uniform,50.0,retention_bounded,0.1,ff71152f04ff3c17c4f535bdcd272443a47086eca1b6c90e413744cda8c3d050,7554d1dc75026a89def62f5f9384833e23907c3a8f0134ec5ae81b6367880e0d,139,-0.33911743668406363,0.01
0,1,all_agreeing_offsets,side_informed,laplace,uniform,50.0,retention_bounded,0.0,27a3bb4a6140f901a59aa471a99c58258a97e252dc1e140d0e5312309b75b41b,25793c7f5a7b138cd8a7d470d3a37a9198878d4c57a95a7ad97be949b7248e04,136,-0.30530487870359735,0.01
0,1,all_agreeing_offsets,side_informed,laplace,uniform,50.0,retention_bounded,0.0001,27a3bb4a6140f901a59aa471a99c58258a97e252dc1e140d0e5312309b75b41b,5af3f26e194411afc67d4889b6c393e361804009c718111f4389f9f0469b0ef1,136,-0.30453582271717283,0.01
0,1,all_agreeing_offsets,side_informed,laplace,uniform,50.0,retention_bounded,0.001,27a3bb4a6140f901a59aa471a99c58258a97e252dc1e140d0e5312309b75b41b,cd164abb3f1a3e808555b75db6cef1f969a55c901c100999d8e858f6b310fd6c,136,-0.2991232671701464,0.01
0,1,all_agreeing_offsets,side_informed,laplace,uniform,50.0,retention_bounded,0.01,27a3bb4a6140f901a59aa471a99c58258a97e252dc1e140d0e5312309b75b41b,8e265af66b34cc291affef82dae32a03b680ed19e10d1010333a24c26e512ee1,136,-0.28568637237755057,0.01
0,1,all_agreeing_offsets,side_informed,laplace,uniform,50.0,retention_bounded,0.1,27a3bb4a6140f901a59aa471a99c58258a97e252dc1e140d0e5312309b75b41b,f3a9524dbf886c99fa6a84e94a00f8e29287aea798863e4bb6dd06d7c998910f,136,-0.33911743668406363,0.01
0,2,all_agreeing_offsets,side_informed,laplace,uniform,50.0,retention_bounded,0.0,c3a17ae49362d3af3c889169dd61b790e7c0ea833118c8eb2e1b2cc8668b3073,bf4d09449766a17f3f211f608bf96a72501d8a68f6fc0f488b7dd3ac711503fa,138,-0.30530487870359735,0.01
0,2,all_agreeing_offsets,side_informed,laplace,uniform,50.0,retention_bounded,0.0001,c3a17ae49362d3af3c889169dd61b790e7c0ea833118c8eb2e1b2cc8668b3073,6f7c5de3d142155fcb2b8509008586f085aa660222e7d18b33fff7f8dadb4205,138,-0.30453582271717283,0.01
0,2,all_agreeing_offsets,side_informed,laplace,uniform,50.0,retention_bounded,0.001,c3a17ae49362d3af3c889169dd61b790e7c0ea833118c8eb2e1b2cc8668b3073,f5493daf6f65f686c9c04d965c36b6c4272af5e2363dc1e516b3a9b5bcdda744,138,-0.2991232671701464,0.01
0,2,all_agreeing_offsets,side_informed,laplace,uniform,50.0,retention_bounded,0.01,c3a17ae49362d3af3c889169dd61b790e7c0ea833118c8eb2e1b2cc8668b3073,7056efe808028738b80dd93862fc4bdfe3026b6deaeb014524e3bc6cead7a5ee,138,-0.28568637237755057,0.01
0,2,all_agreeing_offsets,side_informed,laplace,uniform,50.0,retention_bounded,0.1,c3a17ae49362d3af3c889169dd61b790e7c0ea833118c8eb2e1b2cc8668b3073,f2e10aeff14ba62a1dcb32ff90ad072d8d5b88ad87357cb60f799d377bde9c0f,138,-0.33911743668406363,0.01
0,0,all_agreeing_offsets,side_informed,laplace,uniform,50.0,retention_nonnegative,0.0,ff71152f04ff3c17c4f535bdcd272443a47086eca1b6c90e413744cda8c3d050,02abe022a4ecf65fc9d9010265ac8df69b00e5e15d41484c726d4c9e490a82ff,139,-0.3053048797537187,0.001
0,0,all_agreeing_offsets,side_informed,laplace,uniform,50.0,retention_nonnegative,0.0001,ff71152f04ff3c17c4f535bdcd272443a47086eca1b6c90e413744cda8c3d050,494b488c9471a2574dc3572dea149bc7451c341b9b20cde55066c6a6a97b18d5,139,-0.30418571819107526,0.001
0,0,all_agreeing_offsets,side_informed,laplace,uniform,50.0,retention_nonnegative,0.001,ff71152f04ff3c17c4f535bdcd272443a47086eca1b6c90e413744cda8c3d050,15b15b8e188b190cc55bdca40ed8749d87e347596bb9203d9b80ee0289ae7c1c,139,-0.29895116217892187,0.001
0,0,all_agreeing_offsets,side_informed,laplace,uniform,50.0,retention_nonnegative,0.01,ff71152f04ff3c17c4f535bdcd272443a47086eca1b6c90e413744cda8c3d050,d15426d7ab6184cf73a502a82e1af3fd9b225b38bf287a5fd076dac37dab1281,139,-0.30965701131567297,0.001
0,0,all_agreeing_offsets,side_informed,laplace,uniform,50.0,retention_nonnegative,0.1,ff71152f04ff3c17c4f535bdcd272443a47086eca1b6c90e413744cda8c3d050,0cd71be40df764bfabbc51fa221fa5a9e88d47c558775bf1278ecbcf6d641bb5,139,-0.40804864647019423,0.001
0,1,all_agreeing_offsets,side_informed,laplace,uniform,50.0,retention_nonnegative,0.0,27a3bb4a6140f901a59aa471a99c58258a97e252dc1e140d0e5312309b75b41b,e5d173fcfe8ef8546dde3ccc2f1a5a1e2e6baeda7ad9eda70f649afa554fd8fd,136,-0.3053048797537187,0.001
0,1,all_agreeing_offsets,side_informed,laplace,uniform,50.0,retention_nonnegative,0.0001,27a3bb4a6140f901a59aa471a99c58258a97e252dc1e140d0e5312309b75b41b,0462d805edd8313f74d546c57bbddbf1d21d783547354ec56a5a49d01637394f,136,-0.30418571819107526,0.001
0,1,all_agreeing_offsets,side_informed,laplace,uniform,50.0,retention_nonnegative,0.001,27a3bb4a6140f901a59aa471a99c58258a97e252dc1e140d0e5312309b75b41b,0f5e0b0014de3d4000d949c66df16972c3fd73d5ad67e3beb8b79da357c11f9a,136,-0.29895116217892187,0.001
0,1,all_agreeing_offsets,side_informed,laplace,uniform,50.0,retention_nonnegative,0.01,27a3bb4a6140f901a59aa471a99c58258a97e252dc1e140d0e5312309b75b41b,f71cb5cb7e723a98714511e049e11c5441ae9382dbe1a9b86bad374fbd34644d,136,-0.30965701131567297,0.001
0,1,all_agreeing_offsets,side_informed,laplace,uniform,50.0,retention_nonnegative,0.1,27a3bb4a6140f901a59aa471a99c58258a97e252dc1e140d0e5312309b75b41b,460c98fd790b3740d1d59fd7979bfdb1aa9253ef806dfb37f96f56c7f50178fe,136,-0.40804864647019423,0.001
0,2,all_agreeing_offsets,side_informed,laplace,uniform,50.0,retention_nonnegative,0.0,c3a17ae49362d3af3c889169dd61b790e7c0ea833118c8eb2e1b2cc8668b3073,977b528b53a75a156a5a57745b63b75258444b4dda45176cd291f25c19195085,138,-0.3053048797537187,0.001
0,2,all_agreeing_offsets,side_informed,laplace,uniform,50.0,retention_nonnegative,0.0001,c3a17ae49362d3af3c889169dd61b790e7c0ea833118c8eb2e1b2cc8668b3073,71e21b3e93c941df1c9f846f4f106e0d37cf8c992e229258d9d61c0013bbbd6e,138,-0.30418571819107526,0.001
0,2,all_agreeing_offsets,side_informed,laplace,uniform,50.0,retention_nonnegative,0.001,c3a17ae49362d3af3c889169dd61b790e7c0ea833118c8eb2e1b2cc8668b3073,b0aacd3c9642ff81f59ea81724bb28d93011a5cf1a53aeadb30d7250e37c97fe,138,-0.29895116217892187,0.001
0,2,all_agreeing_offsets,side_informed,laplace,uniform,50.0,retention_nonnegative,0.01,c3a17ae49362d3af3c889169dd61b790e7c0ea833118c8eb2e1b2cc8668b3073,9ed1082223d0b293b00e118f8edec7d3707f70770039d13df9bc303c18ba03cd,138,-0.30965701131567297,0.001
0,2,all_agreeing_offsets,side_informed,laplace,uniform,50.0,retention_nonnegative,0.1,c3a17ae49362d3af3c889169dd61b790e7c0ea833118c8eb2e1b2cc8668b3073,fa6281f4b52b3956b76005bbfbd8d54ee26a677c73f105cdbdb9a45104fa91f7,138,-0.40804864647019423,0.001
0,0,all_agreeing_offsets,side_informed,laplace,uniform,50.0,current_only,0.0,ff71152f04ff3c17c4f535bdcd272443a47086eca1b6c90e413744cda8c3d050,61f52463d95b65d1d6022705a49b600096d7c131fba0ef5cca209de9d35f057e,139,-0.5865674824551323,0.01
0,0,all_agreeing_offsets,side_informed,laplace,uniform,50.0,current_only,0.0001,ff71152f04ff3c17c4f535bdcd272443a47086eca1b6c90e413744cda8c3d050,b4a05ed7fc0f942782204ce5d84f075894e6163b7c9bc5d45b8d5aec50e766e6,139,-0.5863261540505207,0.01
0,0,all_agreeing_offsets,side_informed,laplace,uniform,50.0,current_only,0.001,ff71152f04ff3c17c4f535bdcd272443a47086eca1b6c90e413744cda8c3d050,b5f4a3e69b7f31f223353c57200d1afc9ae03ca2f2aa1882207951a2a55a51e2,139,-0.5842509942393178,0.01
0,0,all_agreeing_offsets,side_informed,laplace,uniform,50.0,current_only,0.01,ff71152f04ff3c17c4f535bdcd272443a47086eca1b6c90e413744cda8c3d050,8d260eb2ef57ffa6b43f400aaaf00a08cfa8170c14ea00692965888403b7448b,139,-0.5702751620843143,0.01
0,0,all_agreeing_offsets,side_informed,laplace,uniform,50.0,current_only,0.1,ff71152f04ff3c17c4f535bdcd272443a47086eca1b6c90e413744cda8c3d050,d35e5f6e0b773d455ce509f37df20786b99aa343b530110abe3ff04477a9c56d,139,-0.5712679566079057,0.01
0,1,all_agreeing_offsets,side_informed,laplace,uniform,50.0,current_only,0.0,27a3bb4a6140f901a59aa471a99c58258a97e252dc1e140d0e5312309b75b41b,2ccaf01b5500dcb7d0f1ffd38e61f22281e593a887168d64a355cbf27ba85f9c,136,-0.5865674824551323,0.01
0,1,all_agreeing_offsets,side_informed,laplace,uniform,50.0,current_only,0.0001,27a3bb4a6140f901a59aa471a99c58258a97e252dc1e140d0e5312309b75b41b,51533da56bd2e940f614f9b91464c67320abf54b8e07de37e388eb9f7bb530b7,136,-0.5863261540505207,0.01
0,1,all_agreeing_offsets,side_informed,laplace,uniform,50.0,current_only,0.001,27a3bb4a6140f901a59aa471a99c58258a97e252dc1e140d0e5312309b75b41b,0a25a929e51716fcf3e0c756273da305f10534274c3db058bbd2850d0fcc67b2,136,-0.5842509942393178,0.01
0,1,all_agreeing_offsets,side_informed,laplace,uniform,50.0,current_only,0.01,27a3bb4a6140f901a59aa471a99c58258a97e252dc1e140d0e5312309b75b41b,c535c614f0234df1916e59108144dbb2d375585d803cb70b0bc289efd85242c1,136,-0.5702751620843143,0.01
0,1,all_agreeing_offsets,side_informed,laplace,uniform,50.0,current_only,0.1,27a3bb4a6140f901a59aa471a99c58258a97e252dc1e140d0e5312309b75b41b,bb6530de69e2a10f1c0995372366bd261606f5c02881038881bacc684fcf326a,136,-0.5712679566079057,0.01
0,2,all_agreeing_offsets,side_informed,laplace,uniform,50.0,current_only,0.0,c3a17ae49362d3af3c889169dd61b790e7c0ea833118c8eb2e1b2cc8668b3073,e186228cdeab34ea6d37aa83d8e13685ff30e68b698f3de0d69810529262be96,138,-0.5865674824551323,0.01
0,2,all_agreeing_offsets,side_informed,laplace,uniform,50.0,current_only,0.0001,c3a17ae49362d3af3c889169dd61b790e7c0ea833118c8eb2e1b2cc8668b3073,d93c1e2c01de5fe43e59c43937b221fab89ec2a983f64541d201b27dda755501,138,-0.5863261540505207,0.01
0,2,all_agreeing_offsets,side_informed,laplace,uniform,50.0,current_only,0.001,c3a17ae49362d3af3c889169dd61b790e7c0ea833118c8eb2e1b2cc8668b3073,8f329433d22ed5018c42fdc2feaa5a3f8cdeba5aee0a10f1226aac3c96ae0fb9,138,-0.5842509942393178,0.01
0,2,all_agreeing_offsets,side_informed,laplace,uniform,50.0,current_only,0.01,c3a17ae49362d3af3c889169dd61b790e7c0ea833118c8eb2e1b2cc8668b3073,6a9dc822d8e8c46ad0257b1a9773b67183c3160609fbfc9918e780e4de4dee29,138,-0.5702751620843143,0.01
0,2,all_agreeing_offsets,side_informed,laplace,uniform,50.0,current_only,0.1,c3a17ae49362d3af3c889169dd61b790e7c0ea833118c8eb2e1b2cc8668b3073,d4a03503d51a354254102a62cbe3c8e45a6881c52c1e61007dce9190df01d1ee,138,-0.5712679566079057,0.01
0,0,all_agreeing_offsets,side_informed,laplace,uniform,50.0,input_plus_surface,0.0,ff71152f04ff3c17c4f535bdcd272443a47086eca1b6c90e413744cda8c3d050,1719dfd2a6478f6213714e29a7bd7af6fcd6f63c803f8497344753124a383ae2,139,-0.3028156263241775,0.01
0,0,all_agreeing_offsets,side_informed,laplace,uniform,50.0,input_plus_surface,0.0001,ff71152f04ff3c17c4f535bdcd272443a47086eca1b6c90e413744cda8c3d050,538a6bd851990b4d7e389d6799c7e0543577e8b9f091d3f59c2c3d426e1f14dc,139,-0.3016602576934777,0.01
0,0,all_agreeing_offsets,side_informed,laplace,uniform,50.0,input_plus_surface,0.001,ff71152f04ff3c17c4f535bdcd272443a47086eca1b6c90e413744cda8c3d050,2e81b0357e896b9f2764457910e00b2f3d0d56a7fa32bd320c76dee809aa7b75,139,-0.2945554269658797,0.01
0,0,all_agreeing_offsets,side_informed,laplace,uniform,50.0,input_plus_surface,0.01,ff71152f04ff3c17c4f535bdcd272443a47086eca1b6c90e413744cda8c3d050,7da0f4bed614b4df5ccdc155095310ae80344372364d0bad02715b1712d6d236,139,-0.28520533015955646,0.01
0,0,all_agreeing_offsets,side_informed,laplace,uniform,50.0,input_plus_surface,0.1,ff71152f04ff3c17c4f535bdcd272443a47086eca1b6c90e413744cda8c3d050,e12e22c31ca325f7807b2a84d953b0882e5818bcd5cd8f982b7170504070d002,139,-0.3597394970617489,0.01
0,1,all_agreeing_offsets,side_informed,laplace,uniform,50.0,input_plus_surface,0.0,27a3bb4a6140f901a59aa471a99c58258a97e252dc1e140d0e5312309b75b41b,bd80c54523d71fe60b1d0b0e1803caec143a111d822c58da6886db4ff0c191a3,136,-0.3028156263241775,0.01
0,1,all_agreeing_offsets,side_informed,laplace,uniform,50.0,input_plus_surface,0.0001,27a3bb4a6140f901a59aa471a99c58258a97e252dc1e140d0e5312309b75b41b,fa0b6f1b3a020b200aaa8297fc7c706d2d1e0e64a7afe0675034d525ae3028f7,136,-0.3016602576934777,0.01
0,1,all_agreeing_offsets,side_informed,laplace,uniform,50.0,input_plus_surface,0.001,27a3bb4a6140f901a59aa471a99c58258a97e252dc1e140d0e5312309b75b41b,ba221c0221b2da91c5139cf262ffcf4ba37017114b64e4acb08d6568c1d936dd,136,-0.2945554269658797,0.01
0,1,all_agreeing_offsets,side_informed,laplace,uniform,50.0,input_plus_surface,0.01,27a3bb4a6140f901a59aa471a99c58258a97e252dc1e140d0e5312309b75b41b,47931c0de3cbb90185213f801aa00a1f5df344c4671d88e80399ca308364ccb8,136,-0.28520533015955646,0.01
0,1,all_agreeing_offsets,side_informed,laplace,uniform,50.0,input_plus_surface,0.1,27a3bb4a6140f901a59aa471a99c58258a97e252dc1e140d0e5312309b75b41b,bb6dddb57b0667798869f25e4c714f1456135facc3a4366ec2ce8b6d64c24ece,136,-0.3597394970617489,0.01
0,2,all_agreeing_offsets,side_informed,laplace,uniform,50.0,input_plus_surface,0.0,c3a17ae49362d3af3c889169dd61b790e7c0ea833118c8eb2e1b2cc8668b3073,2b179be8e1c0f9ce6be66bb1a47fb84ec8bb5c648adcac4f15dff9d11d643e40,138,-0.3028156263241775,0.01
0,2,all_agreeing_offsets,side_informed,laplace,uniform,50.0,input_plus_surface,0.0001,c3a17ae49362d3af3c889169dd61b790e7c0ea833118c8eb2e1b2cc8668b3073,2e163552d383badc9387125c99fa9defcb9d1316c28d48cbbdfaf01af25bbdef,138,-0.3016602576934777,0.01
0,2,all_agreeing_offsets,side_informed,laplace,uniform,50.0,input_plus_surface,0.001,c3a17ae49362d3af3c889169dd61b790e7c0ea833118c8eb2e1b2cc8668b3073,2eee16163e6414ba2a47a1470058d826d00bb6ae4348bae2f5fc214c40e1986a,138,-0.2945554269658797,0.01
0,2,all_agreeing_offsets,side_informed,laplace,uniform,50.0,input_plus_surface,0.01,c3a17ae49362d3af3c889169dd61b790e7c0ea833118c8eb2e1b2cc8668b3073,c16ed330092da46be59b5ca1eab2fd38a62be5b7636e39d0816613b03ec75939,138,-0.28520533015955646,0.01
0,2,all_agreeing_offsets,side_informed,laplace,uniform,50.0,input_plus_surface,0.1,c3a17ae49362d3af3c889169dd61b790e7c0ea833118c8eb2e1b2cc8668b3073,136adfc1e3e562309628ca63377bf84b06a71c45aac21620d7f77dacd9f391e8,138,-0.3597394970617489,0.01
0,0,all_agreeing_offsets,side_informed,laplace,uniform,50.0,HU_plus_surface,0.0,ff71152f04ff3c17c4f535bdcd272443a47086eca1b6c90e413744cda8c3d050,9f4783d60c012fdd1314e3d51b129fae9bfcc5ff1fd514f030609e0ad922afee,139,-0.31197844361455485,0.01
0,0,all_agreeing_offsets,side_informed,laplace,uniform,50.0,HU_plus_surface,0.0001,ff71152f04ff3c17c4f535bdcd272443a47086eca1b6c90e413744cda8c3d050,280a91d91cb969c748559ecf6ddc7b52654a82f81eba366a3d177c13d2dbc4da,139,-0.3107856667519946,0.01
0,0,all_agreeing_offsets,side_informed,laplace,uniform,50.0,HU_plus_surface,0.001,ff71152f04ff3c17c4f535bdcd272443a47086eca1b6c90e413744cda8c3d050,e9dbfce5b90ad035a59b8968537d89644ee7680b304bd42082aa22ddb91e861c,139,-0.3034376067629937,0.01
0,0,all_agreeing_offsets,side_informed,laplace,uniform,50.0,HU_plus_surface,0.01,ff71152f04ff3c17c4f535bdcd272443a47086eca1b6c90e413744cda8c3d050,6373432e8d9059d0fd9e6ef86a5963beef79657fa2269dce703acbf23737d053,139,-0.2928843143856113,0.01
0,0,all_agreeing_offsets,side_informed,laplace,uniform,50.0,HU_plus_surface,0.1,ff71152f04ff3c17c4f535bdcd272443a47086eca1b6c90e413744cda8c3d050,dd6a909a93f533c1a1b827996e8d17b1d45810bebcc157021b6cf0c68ee3f6cb,139,-0.36445599176193916,0.01
0,1,all_agreeing_offsets,side_informed,laplace,uniform,50.0,HU_plus_surface,0.0,27a3bb4a6140f901a59aa471a99c58258a97e252dc1e140d0e5312309b75b41b,7bda66e95622626967b643ce6a1b6c5d73a5dba14ede4eb5758f76537a74c2ea,136,-0.31197844361455485,0.01
0,1,all_agreeing_offsets,side_informed,laplace,uniform,50.0,HU_plus_surface,0.0001,27a3bb4a6140f901a59aa471a99c58258a97e252dc1e140d0e5312309b75b41b,d90680dabd8e785abaef7c4cbaac92ef5d600439ebad6ccb630baf312068afa7,136,-0.3107856667519946,0.01
0,1,all_agreeing_offsets,side_informed,laplace,uniform,50.0,HU_plus_surface,0.001,27a3bb4a6140f901a59aa471a99c58258a97e252dc1e140d0e5312309b75b41b,195cc7e17465cc2e7f00b752a2041e36d579ffee4450c1462d597cc6bd8a7d51,136,-0.3034376067629937,0.01
0,1,all_agreeing_offsets,side_informed,laplace,uniform,50.0,HU_plus_surface,0.01,27a3bb4a6140f901a59aa471a99c58258a97e252dc1e140d0e5312309b75b41b,389a48ecc72dbae4f20615b9181a0e408ba5e32492d2fb5ced8c59feb3d0da18,136,-0.2928843143856113,0.01
0,1,all_agreeing_offsets,side_informed,laplace,uniform,50.0,HU_plus_surface,0.1,27a3bb4a6140f901a59aa471a99c58258a97e252dc1e140d0e5312309b75b41b,940517273983f0c8264000b2785d940da98f567d89d9a0680cc15bbb536bb3c0,136,-0.36445599176193916,0.01
0,2,all_agreeing_offsets,side_informed,laplace,uniform,50.0,HU_plus_surface,0.0,c3a17ae49362d3af3c889169dd61b790e7c0ea833118c8eb2e1b2cc8668b3073,b70830d9ecc73e94796685a2c0c2bf61ba51199501d3c46a0a6610a4313bad5c,138,-0.31197844361455485,0.01
0,2,all_agreeing_offsets,side_informed,laplace,uniform,50.0,HU_plus_surface,0.0001,c3a17ae49362d3af3c889169dd61b790e7c0ea833118c8eb2e1b2cc8668b3073,aba6f086c1b2b9c33fb3c527bb0ae62973f035799bf115e98c5e1d7cf1cd48b3,138,-0.3107856667519946,0.01
0,2,all_agreeing_offsets,side_informed,laplace,uniform,50.0,HU_plus_surface,0.001,c3a17ae49362d3af3c889169dd61b790e7c0ea833118c8eb2e1b2cc8668b3073,bd65cd1f28af09ced47a0fbf814af38fab0ddf14d09357943efd77a22984863f,138,-0.3034376067629937,0.01
0,2,all_agreeing_offsets,side_informed,laplace,uniform,50.0,HU_plus_surface,0.01,c3a17ae49362d3af3c889169dd61b790e7c0ea833118c8eb2e1b2cc8668b3073,b6ed595984bb3fe9abed5df9efa0d1c55ca67bebd9cb0f6d255352c5ea89feae,138,-0.2928843143856113,0.01
0,2,all_agreeing_offsets,side_informed,laplace,uniform,50.0,HU_plus_surface,0.1,c3a17ae49362d3af3c889169dd61b790e7c0ea833118c8eb2e1b2cc8668b3073,8631a6edac056bc88e4276fd0426f703efcef19528871390a20b97868a89ab85,138,-0.36445599176193916,0.01
0,0,all_agreeing_offsets,side_informed,laplace,uniform,50.0,retention_bounded_plus_HU,0.0,ff71152f04ff3c17c4f535bdcd272443a47086eca1b6c90e413744cda8c3d050,abb894fa2d429d44bae9a6e76f3c0310f8360c3e3f2a36853fc0f565914bdcc2,139,-0.30111570818619204,0.01
0,0,all_agreeing_offsets,side_informed,laplace,uniform,50.0,retention_bounded_plus_HU,0.0001,ff71152f04ff3c17c4f535bdcd272443a47086eca1b6c90e413744cda8c3d050,981d4cf59c15fb7e7b97395e5dd6eb1dab6017a8a8b105faae8db3b32970be9d,139,-0.300527794456559,0.01
0,0,all_agreeing_offsets,side_informed,laplace,uniform,50.0,retention_bounded_plus_HU,0.001,ff71152f04ff3c17c4f535bdcd272443a47086eca1b6c90e413744cda8c3d050,7c0fa816ed0ffdb59a392d3106e06698c1c968c23c7824e2bb44f1c87c83789d,139,-0.2980034588242341,0.01
0,0,all_agreeing_offsets,side_informed,laplace,uniform,50.0,retention_bounded_plus_HU,0.01,ff71152f04ff3c17c4f535bdcd272443a47086eca1b6c90e413744cda8c3d050,516b69bef9de6f4553ed1836f933c8092b3921cbcc9310c491f54ab4c7d4ceb2,139,-0.29046252738107514,0.01
0,0,all_agreeing_offsets,side_informed,laplace,uniform,50.0,retention_bounded_plus_HU,0.1,ff71152f04ff3c17c4f535bdcd272443a47086eca1b6c90e413744cda8c3d050,0add586d4fad14cb4c190076ff308db4f42c90f8e43c2931d238de1bed1b3880,139,-0.3219086611047536,0.01
0,1,all_agreeing_offsets,side_informed,laplace,uniform,50.0,retention_bounded_plus_HU,0.0,27a3bb4a6140f901a59aa471a99c58258a97e252dc1e140d0e5312309b75b41b,38c2f61ab2eba67874f546c49d57afc0577cff72ce885dc6f9379752a3e17845,136,-0.30111570818619204,0.01
0,1,all_agreeing_offsets,side_informed,laplace,uniform,50.0,retention_bounded_plus_HU,0.0001,27a3bb4a6140f901a59aa471a99c58258a97e252dc1e140d0e5312309b75b41b,9760f5029b3133ffbadcdccfeb783bb3373701732433c3add53bd99e5c9d2230,136,-0.300527794456559,0.01
0,1,all_agreeing_offsets,side_informed,laplace,uniform,50.0,retention_bounded_plus_HU,0.001,27a3bb4a6140f901a59aa471a99c58258a97e252dc1e140d0e5312309b75b41b,534580362c850e54cc5c559c411d7104294fec1b6208232ff4f5c31d2e4ac22f,136,-0.2980034588242341,0.01
0,1,all_agreeing_offsets,side_informed,laplace,uniform,50.0,retention_bounded_plus_HU,0.01,27a3bb4a6140f901a59aa471a99c58258a97e252dc1e140d0e5312309b75b41b,7eeb78dedfe951f31e3d35f0bf7428d4c97cedb882503fbf065c069e20b3a286,136,-0.29046252738107514,0.01
0,1,all_agreeing_offsets,side_informed,laplace,uniform,50.0,retention_bounded_plus_HU,0.1,27a3bb4a6140f901a59aa471a99c58258a97e252dc1e140d0e5312309b75b41b,f08d4f79dbdb5b4b6a328209bbba58eb326113d66fb4bd338c6b8621f86651d6,136,-0.3219086611047536,0.01
0,2,all_agreeing_offsets,side_informed,laplace,uniform,50.0,retention_bounded_plus_HU,0.0,c3a17ae49362d3af3c889169dd61b790e7c0ea833118c8eb2e1b2cc8668b3073,17475bb7ec2fe6c9ef0f7eddf63ff0f2d564857dfa0025369e6ae88b8350a329,138,-0.30111570818619204,0.01
0,2,all_agreeing_offsets,side_informed,laplace,uniform,50.0,retention_bounded_plus_HU,0.0001,c3a17ae49362d3af3c889169dd61b790e7c0ea833118c8eb2e1b2cc8668b3073,15a501083db332694e293d1a8d40fc81f42695834d74ad462ca0c613267277d1,138,-0.300527794456559,0.01
0,2,all_agreeing_offsets,side_informed,laplace,uniform,50.0,retention_bounded_plus_HU,0.001,c3a17ae49362d3af3c889169dd61b790e7c0ea833118c8eb2e1b2cc8668b3073,4ce5b4c2b7cfff7838b2c2d37d6f4a3832e7f28d16650a8a324b2a2d813c777b,138,-0.2980034588242341,0.01
0,2,all_agreeing_offsets,side_informed,laplace,uniform,50.0,retention_bounded_plus_HU,0.01,c3a17ae49362d3af3c889169dd61b790e7c0ea833118c8eb2e1b2cc8668b3073,d7855bd0441dd3b639af29e0ea1181dc22763e7df65c59d51ea425b9fc4c338d,138,-0.29046252738107514,0.01
0,2,all_agreeing_offsets,side_informed,laplace,uniform,50.0,retention_bounded_plus_HU,0.1,c3a17ae49362d3af3c889169dd61b790e7c0ea833118c8eb2e1b2cc8668b3073,65eb9f3b081fb3e9ad734ef80ce56211a0807fd48f5ac61d89f9f625059a3da3,138,-0.3219086611047536,0.01
0,0,all_agreeing_offsets,side_informed,gh80,uniform,50.0,HU_plus_surface,0.0,ff71152f04ff3c17c4f535bdcd272443a47086eca1b6c90e413744cda8c3d050,c96d12de3bdb4f073cfd0e9b4fe911ace37eeb49b20fe2965c6fe825dac8e222,139,-0.30198408817446415,0.01
0,0,all_agreeing_offsets,side_informed,gh80,uniform,50.0,HU_plus_surface,0.0001,ff71152f04ff3c17c4f535bdcd272443a47086eca1b6c90e413744cda8c3d050,48bdf3c4da2d1a94f4b3b66b976f063d65587504c646c9e74011d0449cfadbd5,139,-0.30078283252163257,0.01
0,0,all_agreeing_offsets,side_informed,gh80,uniform,50.0,HU_plus_surface,0.001,ff71152f04ff3c17c4f535bdcd272443a47086eca1b6c90e413744cda8c3d050,39a5b3dd74c2d0b7f345c89edc560043ebfe141a7c2d6f9b8c700dcb432a844d,139,-0.29356796629668,0.01
0,0,all_agreeing_offsets,side_informed,gh80,uniform,50.0,HU_plus_surface,0.01,ff71152f04ff3c17c4f535bdcd272443a47086eca1b6c90e413744cda8c3d050,8a2ee2c845272f59ab57603e134aaebcf7c36eee6dab7d8b439f5a49c690f00f,139,-0.2851285548049178,0.01
0,0,all_agreeing_offsets,side_informed,gh80,uniform,50.0,HU_plus_surface,0.1,ff71152f04ff3c17c4f535bdcd272443a47086eca1b6c90e413744cda8c3d050,2c18121620dca797e08e1792680d240a48326147508236a18f97e6ca3644a6b8,139,-0.36165849587244187,0.01
0,1,all_agreeing_offsets,side_informed,gh80,uniform,50.0,HU_plus_surface,0.0,27a3bb4a6140f901a59aa471a99c58258a97e252dc1e140d0e5312309b75b41b,9dced1ab895633ebfdb5df7b8c35eb24e1f1f4045b70f92773505fce0569c2e9,136,-0.30198408817446415,0.01
0,1,all_agreeing_offsets,side_informed,gh80,uniform,50.0,HU_plus_surface,0.0001,27a3bb4a6140f901a59aa471a99c58258a97e252dc1e140d0e5312309b75b41b,d369b4aa6616a33eba17a403938bcf88b5936527e84804ec134af4bbc0413246,136,-0.30078283252163257,0.01
0,1,all_agreeing_offsets,side_informed,gh80,uniform,50.0,HU_plus_surface,0.001,27a3bb4a6140f901a59aa471a99c58258a97e252dc1e140d0e5312309b75b41b,89ac5c045c5546a48152ce5e97cbe4c0e214057b0067ab24808a966ff832ea4b,136,-0.29356796629668,0.01
0,1,all_agreeing_offsets,side_informed,gh80,uniform,50.0,HU_plus_surface,0.01,27a3bb4a6140f901a59aa471a99c58258a97e252dc1e140d0e5312309b75b41b,6b50db7cca739e3fc5c81480566ae68c126d673044ab30afaf7b8a2277e8cf13,136,-0.2851285548049178,0.01
0,1,all_agreeing_offsets,side_informed,gh80,uniform,50.0,HU_plus_surface,0.1,27a3bb4a6140f901a59aa471a99c58258a97e252dc1e140d0e5312309b75b41b,cd0cc14f6727797bae9bc8e712985ba10df7329fbfccb0c7509290c7afd33e16,136,-0.36165849587244187,0.01
0,2,all_agreeing_offsets,side_informed,gh80,uniform,50.0,HU_plus_surface,0.0,c3a17ae49362d3af3c889169dd61b790e7c0ea833118c8eb2e1b2cc8668b3073,609fe352f8467870a46ca42072fc5d6eb51c4ba595537d14ebcefae451a992b0,138,-0.30198408817446415,0.01
0,2,all_agreeing_offsets,side_informed,gh80,uniform,50.0,HU_plus_surface,0.0001,c3a17ae49362d3af3c889169dd61b790e7c0ea833118c8eb2e1b2cc8668b3073,75830a6ca62d3f9894ddbbd59d6a9535398ee5feb03e83ec0001ee880f9a7ebc,138,-0.30078283252163257,0.01
0,2,all_agreeing_offsets,side_informed,gh80,uniform,50.0,HU_plus_surface,0.001,c3a17ae49362d3af3c889169dd61b790e7c0ea833118c8eb2e1b2cc8668b3073,65bea4f052a708adf3a78878fb643240e7942349c7b0a38039f59f58fd07cf7a,138,-0.29356796629668,0.01
0,2,all_agreeing_offsets,side_informed,gh80,uniform,50.0,HU_plus_surface,0.01,c3a17ae49362d3af3c889169dd61b790e7c0ea833118c8eb2e1b2cc8668b3073,7c8cb3ac5992b0076d3f187d307922e0ee9eaf507d28e033980ad30c7afa274e,138,-0.2851285548049178,0.01
0,2,all_agreeing_offsets,side_informed,gh80,uniform,50.0,HU_plus_surface,0.1,c3a17ae49362d3af3c889169dd61b790e7c0ea833118c8eb2e1b2cc8668b3073,3998ecadac08e4f51ad045683893722512e762cf9b7189114e35cb58a3b399fa,138,-0.36165849587244187,0.01
0,0,all_agreeing_offsets,side_informed,gh80,uniform,50.0,retention_bounded_plus_HU,0.0,ff71152f04ff3c17c4f535bdcd272443a47086eca1b6c90e413744cda8c3d050,a11f88fb92ba6f0a3eaf8daef3898235253aa90659b6dbcdc8fb32cf050b304a,139,-0.30035848108943214,0.01
0,0,all_agreeing_offsets,side_informed,gh80,uniform,50.0,retention_bounded_plus_HU,0.0001,ff71152f04ff3c17c4f535bdcd272443a47086eca1b6c90e413744cda8c3d050,351d25b6c3d5d432e63930ab1371cd86461546d2e3452b995b2057d2321d8e63,139,-0.2997368891568262,0.01
0,0,all_agreeing_offsets,side_informed,gh80,uniform,50.0,retention_bounded_plus_HU,0.001,ff71152f04ff3c17c4f535bdcd272443a47086eca1b6c90e413744cda8c3d050,3f292e0d38a117b3a70cb3f0c091509a1b7382bbaf6c9fe334ceae4e329bc574,139,-0.29805409227419616,0.01
0,0,all_agreeing_offsets,side_informed,gh80,uniform,50.0,retention_bounded_plus_HU,0.01,ff71152f04ff3c17c4f535bdcd272443a47086eca1b6c90e413744cda8c3d050,3feed785fefca3798dc663d82a68d209e0a7726610a46fb35e16797e8763c6f8,139,-0.2908075310335379,0.01
0,0,all_agreeing_offsets,side_informed,gh80,uniform,50.0,retention_bounded_plus_HU,0.1,ff71152f04ff3c17c4f535bdcd272443a47086eca1b6c90e413744cda8c3d050,3bb4cd69deabe670768740c7b9c659b96c5085a240b2912a6d69843412f18d13,139,-0.3218341571007532,0.01
0,1,all_agreeing_offsets,side_informed,gh80,uniform,50.0,retention_bounded_plus_HU,0.0,27a3bb4a6140f901a59aa471a99c58258a97e252dc1e140d0e5312309b75b41b,c4d6a026a6edb402c74142811fe2eec0f790a0e66b2f5bfb5b20f5725aceb35a,136,-0.30035848108943214,0.01
0,1,all_agreeing_offsets,side_informed,gh80,uniform,50.0,retention_bounded_plus_HU,0.0001,27a3bb4a6140f901a59aa471a99c58258a97e252dc1e140d0e5312309b75b41b,84019ad4e9dfd7b403bbc3c32af0c6aed0801b8bcff5d80047211c4b1fea930d,136,-0.2997368891568262,0.01
0,1,all_agreeing_offsets,side_informed,gh80,uniform,50.0,retention_bounded_plus_HU,0.001,27a3bb4a6140f901a59aa471a99c58258a97e252dc1e140d0e5312309b75b41b,f4f97970b9ecc37f8fe5ae17c7f0c85000b7bc21135d06b8e873836e6c0e218a,136,-0.29805409227419616,0.01
0,1,all_agreeing_offsets,side_informed,gh80,uniform,50.0,retention_bounded_plus_HU,0.01,27a3bb4a6140f901a59aa471a99c58258a97e252dc1e140d0e5312309b75b41b,c5cca6d0f5ccb9ff71b720fa19a3417934ea2db60e5a429eedb60cae323e5ad3,136,-0.2908075310335379,0.01
0,1,all_agreeing_offsets,side_informed,gh80,uniform,50.0,retention_bounded_plus_HU,0.1,27a3bb4a6140f901a59aa471a99c58258a97e252dc1e140d0e5312309b75b41b,1009e650f2843e0353475a4efa517ca1f4b0350986c51cd7298b36f365665459,136,-0.3218341571007532,0.01
0,2,all_agreeing_offsets,side_informed,gh80,uniform,50.0,retention_bounded_plus_HU,0.0,c3a17ae49362d3af3c889169dd61b790e7c0ea833118c8eb2e1b2cc8668b3073,a1fe4d4fe380fae43532e74e891bd86c90a0b1fd4e2366eb025e640d3ffde456,138,-0.30035848108943214,0.01
0,2,all_agreeing_offsets,side_informed,gh80,uniform,50.0,retention_bounded_plus_HU,0.0001,c3a17ae49362d3af3c889169dd61b790e7c0ea833118c8eb2e1b2cc8668b3073,89c1b8dcc3a8fe9f123abd50f3eede788778b1ff6fe01e67aeb4644ff21a86af,138,-0.2997368891568262,0.01
0,2,all_agreeing_offsets,side_informed,gh80,uniform,50.0,retention_bounded_plus_HU,0.001,c3a17ae49362d3af3c889169dd61b790e7c0ea833118c8eb2e1b2cc8668b3073,58457266429ad4784e6856ef863b0c0146f66456527116a2bedae6bf282a91cb,138,-0.29805409227419616,0.01
0,2,all_agreeing_offsets,side_informed,gh80,uniform,50.0,retention_bounded_plus_HU,0.01,c3a17ae49362d3af3c889169dd61b790e7c0ea833118c8eb2e1b2cc8668b3073,fd9bbaf423029a4f0d7b7c99c189976e444bac3e74af4ce771dcf34e64281f79,138,-0.2908075310335379,0.01
0,2,all_agreeing_offsets,side_informed,gh80,uniform,50.0,retention_bounded_plus_HU,0.1,c3a17ae49362d3af3c889169dd61b790e7c0ea833118c8eb2e1b2cc8668b3073,9adab829d4e2ce518a9c11380be8f7cd38ce5f43100f544b49bf10b849061709,138,-0.3218341571007532,0.01
0,0,all_agreeing_offsets,wholly_unseen,laplace,uniform,50.0,retention_bounded,0.0,ff71152f04ff3c17c4f535bdcd272443a47086eca1b6c90e413744cda8c3d050,8eddd0e7afef4af4ff43b017868769b0275d086e81b7187afb03cfb25dd21023,139,-0.5864640483840179,0.01
0,0,all_agreeing_offsets,wholly_unseen,laplace,uniform,50.0,retention_bounded,0.0001,ff71152f04ff3c17c4f535bdcd272443a47086eca1b6c90e413744cda8c3d050,7733588cd9906641d9eb532c8cd7620c75e768246470c3e74b17489f7814d708,139,-0.585477237474039,0.01
0,0,all_agreeing_offsets,wholly_unseen,laplace,uniform,50.0,retention_bounded,0.001,ff71152f04ff3c17c4f535bdcd272443a47086eca1b6c90e413744cda8c3d050,17582588073617c8999de0a655cd46c1ec3089cf434224445dd68110e4575198,139,-0.57832434183517,0.01
0,0,all_agreeing_offsets,wholly_unseen,laplace,uniform,50.0,retention_bounded,0.01,ff71152f04ff3c17c4f535bdcd272443a47086eca1b6c90e413744cda8c3d050,a97e7cade6c8f3cb7c3cd2ad47b1ddd49249c38740f1ca885705f1a062a9ee45,139,-0.5596899909714175,0.01
0,0,all_agreeing_offsets,wholly_unseen,laplace,uniform,50.0,retention_bounded,0.1,ff71152f04ff3c17c4f535bdcd272443a47086eca1b6c90e413744cda8c3d050,7554d1dc75026a89def62f5f9384833e23907c3a8f0134ec5ae81b6367880e0d,139,-0.6249077083010139,0.01
0,1,all_agreeing_offsets,wholly_unseen,laplace,uniform,50.0,retention_bounded,0.0,27a3bb4a6140f901a59aa471a99c58258a97e252dc1e140d0e5312309b75b41b,25793c7f5a7b138cd8a7d470d3a37a9198878d4c57a95a7ad97be949b7248e04,136,-0.5864640483840179,0.01
0,1,all_agreeing_offsets,wholly_unseen,laplace,uniform,50.0,retention_bounded,0.0001,27a3bb4a6140f901a59aa471a99c58258a97e252dc1e140d0e5312309b75b41b,5af3f26e194411afc67d4889b6c393e361804009c718111f4389f9f0469b0ef1,136,-0.585477237474039,0.01
0,1,all_agreeing_offsets,wholly_unseen,laplace,uniform,50.0,retention_bounded,0.001,27a3bb4a6140f901a59aa471a99c58258a97e252dc1e140d0e5312309b75b41b,cd164abb3f1a3e808555b75db6cef1f969a55c901c100999d8e858f6b310fd6c,136,-0.57832434183517,0.01
0,1,all_agreeing_offsets,wholly_unseen,laplace,uniform,50.0,retention_bounded,0.01,27a3bb4a6140f901a59aa471a99c58258a97e252dc1e140d0e5312309b75b41b,8e265af66b34cc291affef82dae32a03b680ed19e10d1010333a24c26e512ee1,136,-0.5596899909714175,0.01
0,1,all_agreeing_offsets,wholly_unseen,laplace,uniform,50.0,retention_bounded,0.1,27a3bb4a6140f901a59aa471a99c58258a97e252dc1e140d0e5312309b75b41b,f3a9524dbf886c99fa6a84e94a00f8e29287aea798863e4bb6dd06d7c998910f,136,-0.6249077083010139,0.01
0,2,all_agreeing_offsets,wholly_unseen,laplace,uniform,50.0,retention_bounded,0.0,c3a17ae49362d3af3c889169dd61b790e7c0ea833118c8eb2e1b2cc8668b3073,bf4d09449766a17f3f211f608bf96a72501d8a68f6fc0f488b7dd3ac711503fa,138,-0.5864640483840179,0.01
0,2,all_agreeing_offsets,wholly_unseen,laplace,uniform,50.0,retention_bounded,0.0001,c3a17ae49362d3af3c889169dd61b790e7c0ea833118c8eb2e1b2cc8668b3073,6f7c5de3d142155fcb2b8509008586f085aa660222e7d18b33fff7f8dadb4205,138,-0.585477237474039,0.01
0,2,all_agreeing_offsets,wholly_unseen,laplace,uniform,50.0,retention_bounded,0.001,c3a17ae49362d3af3c889169dd61b790e7c0ea833118c8eb2e1b2cc8668b3073,f5493daf6f65f686c9c04d965c36b6c4272af5e2363dc1e516b3a9b5bcdda744,138,-0.57832434183517,0.01
0,2,all_agreeing_offsets,wholly_unseen,laplace,uniform,50.0,retention_bounded,0.01,c3a17ae49362d3af3c889169dd61b790e7c0ea833118c8eb2e1b2cc8668b3073,7056efe808028738b80dd93862fc4bdfe3026b6deaeb014524e3bc6cead7a5ee,138,-0.5596899909714175,0.01
0,2,all_agreeing_offsets,wholly_unseen,laplace,uniform,50.0,retention_bounded,0.1,c3a17ae49362d3af3c889169dd61b790e7c0ea833118c8eb2e1b2cc8668b3073,f2e10aeff14ba62a1dcb32ff90ad072d8d5b88ad87357cb60f799d377bde9c0f,138,-0.6249077083010139,0.01
0,0,all_agreeing_offsets,wholly_unseen,laplace,uniform,50.0,retention_nonnegative,0.0,ff71152f04ff3c17c4f535bdcd272443a47086eca1b6c90e413744cda8c3d050,02abe022a4ecf65fc9d9010265ac8df69b00e5e15d41484c726d4c9e490a82ff,139,-0.5864640488244969,0.001
0,0,all_agreeing_offsets,wholly_unseen,laplace,uniform,50.0,retention_nonnegative,0.0001,ff71152f04ff3c17c4f535bdcd272443a47086eca1b6c90e413744cda8c3d050,494b488c9471a2574dc3572dea149bc7451c341b9b20cde55066c6a6a97b18d5,139,-0.5841053743287201,0.001
0,0,all_agreeing_offsets,wholly_unseen,laplace,uniform,50.0,retention_nonnegative,0.001,ff71152f04ff3c17c4f535bdcd272443a47086eca1b6c90e413744cda8c3d050,15b15b8e188b190cc55bdca40ed8749d87e347596bb9203d9b80ee0289ae7c1c,139,-0.5731538673783177,0.001
0,0,all_agreeing_offsets,wholly_unseen,laplace,uniform,50.0,retention_nonnegative,0.01,ff71152f04ff3c17c4f535bdcd272443a47086eca1b6c90e413744cda8c3d050,d15426d7ab6184cf73a502a82e1af3fd9b225b38bf287a5fd076dac37dab1281,139,-0.5954173461257143,0.001
0,0,all_agreeing_offsets,wholly_unseen,laplace,uniform,50.0,retention_nonnegative,0.1,ff71152f04ff3c17c4f535bdcd272443a47086eca1b6c90e413744cda8c3d050,0cd71be40df764bfabbc51fa221fa5a9e88d47c558775bf1278ecbcf6d641bb5,139,-0.7209371533918081,0.001
0,1,all_agreeing_offsets,wholly_unseen,laplace,uniform,50.0,retention_nonnegative,0.0,27a3bb4a6140f901a59aa471a99c58258a97e252dc1e140d0e5312309b75b41b,e5d173fcfe8ef8546dde3ccc2f1a5a1e2e6baeda7ad9eda70f649afa554fd8fd,136,-0.5864640488244969,0.001
0,1,all_agreeing_offsets,wholly_unseen,laplace,uniform,50.0,retention_nonnegative,0.0001,27a3bb4a6140f901a59aa471a99c58258a97e252dc1e140d0e5312309b75b41b,0462d805edd8313f74d546c57bbddbf1d21d783547354ec56a5a49d01637394f,136,-0.5841053743287201,0.001
0,1,all_agreeing_offsets,wholly_unseen,laplace,uniform,50.0,retention_nonnegative,0.001,27a3bb4a6140f901a59aa471a99c58258a97e252dc1e140d0e5312309b75b41b,0f5e0b0014de3d4000d949c66df16972c3fd73d5ad67e3beb8b79da357c11f9a,136,-0.5731538673783177,0.001
0,1,all_agreeing_offsets,wholly_unseen,laplace,uniform,50.0,retention_nonnegative,0.01,27a3bb4a6140f901a59aa471a99c58258a97e252dc1e140d0e5312309b75b41b,f71cb5cb7e723a98714511e049e11c5441ae9382dbe1a9b86bad374fbd34644d,136,-0.5954173461257143,0.001
0,1,all_agreeing_offsets,wholly_unseen,laplace,uniform,50.0,retention_nonnegative,0.1,27a3bb4a6140f901a59aa471a99c58258a97e252dc1e140d0e5312309b75b41b,460c98fd790b3740d1d59fd7979bfdb1aa9253ef806dfb37f96f56c7f50178fe,136,-0.7209371533918081,0.001
0,2,all_agreeing_offsets,wholly_unseen,laplace,uniform,50.0,retention_nonnegative,0.0,c3a17ae49362d3af3c889169dd61b790e7c0ea833118c8eb2e1b2cc8668b3073,977b528b53a75a156a5a57745b63b75258444b4dda45176cd291f25c19195085,138,-0.5864640488244969,0.001
0,2,all_agreeing_offsets,wholly_unseen,laplace,uniform,50.0,retention_nonnegative,0.0001,c3a17ae49362d3af3c889169dd61b790e7c0ea833118c8eb2e1b2cc8668b3073,71e21b3e93c941df1c9f846f4f106e0d37cf8c992e229258d9d61c0013bbbd6e,138,-0.5841053743287201,0.001
0,2,all_agreeing_offsets,wholly_unseen,laplace,uniform,50.0,retention_nonnegative,0.001,c3a17ae49362d3af3c889169dd61b790e7c0ea833118c8eb2e1b2cc8668b3073,b0aacd3c9642ff81f59ea81724bb28d93011a5cf1a53aeadb30d7250e37c97fe,138,-0.5731538673783177,0.001
0,2,all_agreeing_offsets,wholly_unseen,laplace,uniform,50.0,retention_nonnegative,0.01,c3a17ae49362d3af3c889169dd61b790e7c0ea833118c8eb2e1b2cc8668b3073,9ed1082223d0b293b00e118f8edec7d3707f70770039d13df9bc303c18ba03cd,138,-0.5954173461257143,0.001
0,2,all_agreeing_offsets,wholly_unseen,laplace,uniform,50.0,retention_nonnegative,0.1,c3a17ae49362d3af3c889169dd61b790e7c0ea833118c8eb2e1b2cc8668b3073,fa6281f4b52b3956b76005bbfbd8d54ee26a677c73f105cdbdb9a45104fa91f7,138,-0.7209371533918081,0.001
0,0,all_agreeing_offsets,wholly_unseen,laplace,uniform,50.0,current_only,0.0,ff71152f04ff3c17c4f535bdcd272443a47086eca1b6c90e413744cda8c3d050,61f52463d95b65d1d6022705a49b600096d7c131fba0ef5cca209de9d35f057e,139,-0.9022779319932289,0.01
0,0,all_agreeing_offsets,wholly_unseen,laplace,uniform,50.0,current_only,0.0001,ff71152f04ff3c17c4f535bdcd272443a47086eca1b6c90e413744cda8c3d050,b4a05ed7fc0f942782204ce5d84f075894e6163b7c9bc5d45b8d5aec50e766e6,139,-0.9020366035886173,0.01
0,0,all_agreeing_offsets,wholly_unseen,laplace,uniform,50.0,current_only,0.001,ff71152f04ff3c17c4f535bdcd272443a47086eca1b6c90e413744cda8c3d050,b5f4a3e69b7f31f223353c57200d1afc9ae03ca2f2aa1882207951a2a55a51e2,139,-0.8999614437774143,0.01
0,0,all_agreeing_offsets,wholly_unseen,laplace,uniform,50.0,current_only,0.01,ff71152f04ff3c17c4f535bdcd272443a47086eca1b6c90e413744cda8c3d050,8d260eb2ef57ffa6b43f400aaaf00a08cfa8170c14ea00692965888403b7448b,139,-0.8859856116224109,0.01
0,0,all_agreeing_offsets,wholly_unseen,laplace,uniform,50.0,current_only,0.1,ff71152f04ff3c17c4f535bdcd272443a47086eca1b6c90e413744cda8c3d050,d35e5f6e0b773d455ce509f37df20786b99aa343b530110abe3ff04477a9c56d,139,-0.8869784061460023,0.01
0,1,all_agreeing_offsets,wholly_unseen,laplace,uniform,50.0,current_only,0.0,27a3bb4a6140f901a59aa471a99c58258a97e252dc1e140d0e5312309b75b41b,2ccaf01b5500dcb7d0f1ffd38e61f22281e593a887168d64a355cbf27ba85f9c,136,-0.9022779319932289,0.01
0,1,all_agreeing_offsets,wholly_unseen,laplace,uniform,50.0,current_only,0.0001,27a3bb4a6140f901a59aa471a99c58258a97e252dc1e140d0e5312309b75b41b,51533da56bd2e940f614f9b91464c67320abf54b8e07de37e388eb9f7bb530b7,136,-0.9020366035886173,0.01
0,1,all_agreeing_offsets,wholly_unseen,laplace,uniform,50.0,current_only,0.001,27a3bb4a6140f901a59aa471a99c58258a97e252dc1e140d0e5312309b75b41b,0a25a929e51716fcf3e0c756273da305f10534274c3db058bbd2850d0fcc67b2,136,-0.8999614437774143,0.01
0,1,all_agreeing_offsets,wholly_unseen,laplace,uniform,50.0,current_only,0.01,27a3bb4a6140f901a59aa471a99c58258a97e252dc1e140d0e5312309b75b41b,c535c614f0234df1916e59108144dbb2d375585d803cb70b0bc289efd85242c1,136,-0.8859856116224109,0.01
0,1,all_agreeing_offsets,wholly_unseen,laplace,uniform,50.0,current_only,0.1,27a3bb4a6140f901a59aa471a99c58258a97e252dc1e140d0e5312309b75b41b,bb6530de69e2a10f1c0995372366bd261606f5c02881038881bacc684fcf326a,136,-0.8869784061460023,0.01
0,2,all_agreeing_offsets,wholly_unseen,laplace,uniform,50.0,current_only,0.0,c3a17ae49362d3af3c889169dd61b790e7c0ea833118c8eb2e1b2cc8668b3073,e186228cdeab34ea6d37aa83d8e13685ff30e68b698f3de0d69810529262be96,138,-0.9022779319932289,0.01
0,2,all_agreeing_offsets,wholly_unseen,laplace,uniform,50.0,current_only,0.0001,c3a17ae49362d3af3c889169dd61b790e7c0ea833118c8eb2e1b2cc8668b3073,d93c1e2c01de5fe43e59c43937b221fab89ec2a983f64541d201b27dda755501,138,-0.9020366035886173,0.01
0,2,all_agreeing_offsets,wholly_unseen,laplace,uniform,50.0,current_only,0.001,c3a17ae49362d3af3c889169dd61b790e7c0ea833118c8eb2e1b2cc8668b3073,8f329433d22ed5018c42fdc2feaa5a3f8cdeba5aee0a10f1226aac3c96ae0fb9,138,-0.8999614437774143,0.01
0,2,all_agreeing_offsets,wholly_unseen,laplace,uniform,50.0,current_only,0.01,c3a17ae49362d3af3c889169dd61b790e7c0ea833118c8eb2e1b2cc8668b3073,6a9dc822d8e8c46ad0257b1a9773b67183c3160609fbfc9918e780e4de4dee29,138,-0.8859856116224109,0.01
0,2,all_agreeing_offsets,wholly_unseen,laplace,uniform,50.0,current_only,0.1,c3a17ae49362d3af3c889169dd61b790e7c0ea833118c8eb2e1b2cc8668b3073,d4a03503d51a354254102a62cbe3c8e45a6881c52c1e61007dce9190df01d1ee,138,-0.8869784061460023,0.01
0,0,all_agreeing_offsets,wholly_unseen,laplace,uniform,50.0,input_plus_surface,0.0,ff71152f04ff3c17c4f535bdcd272443a47086eca1b6c90e413744cda8c3d050,1719dfd2a6478f6213714e29a7bd7af6fcd6f63c803f8497344753124a383ae2,139,-0.5757484558879818,0.01
0,0,all_agreeing_offsets,wholly_unseen,laplace,uniform,50.0,input_plus_surface,0.0001,ff71152f04ff3c17c4f535bdcd272443a47086eca1b6c90e413744cda8c3d050,538a6bd851990b4d7e389d6799c7e0543577e8b9f091d3f59c2c3d426e1f14dc,139,-0.5746002503295731,0.01
0,0,all_agreeing_offsets,wholly_unseen,laplace,uniform,50.0,input_plus_surface,0.001,ff71152f04ff3c17c4f535bdcd272443a47086eca1b6c90e413744cda8c3d050,2e81b0357e896b9f2764457910e00b2f3d0d56a7fa32bd320c76dee809aa7b75,139,-0.5680975088626871,0.01
0,0,all_agreeing_offsets,wholly_unseen,laplace,uniform,50.0,input_plus_surface,0.01,ff71152f04ff3c17c4f535bdcd272443a47086eca1b6c90e413744cda8c3d050,7da0f4bed614b4df5ccdc155095310ae80344372364d0bad02715b1712d6d236,139,-0.5661304738281107,0.01
0,0,all_agreeing_offsets,wholly_unseen,laplace,uniform,50.0,input_plus_surface,0.1,ff71152f04ff3c17c4f535bdcd272443a47086eca1b6c90e413744cda8c3d050,e12e22c31ca325f7807b2a84d953b0882e5818bcd5cd8f982b7170504070d002,139,-0.6585093437070322,0.01
0,1,all_agreeing_offsets,wholly_unseen,laplace,uniform,50.0,input_plus_surface,0.0,27a3bb4a6140f901a59aa471a99c58258a97e252dc1e140d0e5312309b75b41b,bd80c54523d71fe60b1d0b0e1803caec143a111d822c58da6886db4ff0c191a3,136,-0.5757484558879818,0.01
0,1,all_agreeing_offsets,wholly_unseen,laplace,uniform,50.0,input_plus_surface,0.0001,27a3bb4a6140f901a59aa471a99c58258a97e252dc1e140d0e5312309b75b41b,fa0b6f1b3a020b200aaa8297fc7c706d2d1e0e64a7afe0675034d525ae3028f7,136,-0.5746002503295731,0.01
0,1,all_agreeing_offsets,wholly_unseen,laplace,uniform,50.0,input_plus_surface,0.001,27a3bb4a6140f901a59aa471a99c58258a97e252dc1e140d0e5312309b75b41b,ba221c0221b2da91c5139cf262ffcf4ba37017114b64e4acb08d6568c1d936dd,136,-0.5680975088626871,0.01
0,1,all_agreeing_offsets,wholly_unseen,laplace,uniform,50.0,input_plus_surface,0.01,27a3bb4a6140f901a59aa471a99c58258a97e252dc1e140d0e5312309b75b41b,47931c0de3cbb90185213f801aa00a1f5df344c4671d88e80399ca308364ccb8,136,-0.5661304738281107,0.01
0,1,all_agreeing_offsets,wholly_unseen,laplace,uniform,50.0,input_plus_surface,0.1,27a3bb4a6140f901a59aa471a99c58258a97e252dc1e140d0e5312309b75b41b,bb6dddb57b0667798869f25e4c714f1456135facc3a4366ec2ce8b6d64c24ece,136,-0.6585093437070322,0.01
0,2,all_agreeing_offsets,wholly_unseen,laplace,uniform,50.0,input_plus_surface,0.0,c3a17ae49362d3af3c889169dd61b790e7c0ea833118c8eb2e1b2cc8668b3073,2b179be8e1c0f9ce6be66bb1a47fb84ec8bb5c648adcac4f15dff9d11d643e40,138,-0.5757484558879818,0.01
0,2,all_agreeing_offsets,wholly_unseen,laplace,uniform,50.0,input_plus_surface,0.0001,c3a17ae49362d3af3c889169dd61b790e7c0ea833118c8eb2e1b2cc8668b3073,2e163552d383badc9387125c99fa9defcb9d1316c28d48cbbdfaf01af25bbdef,138,-0.5746002503295731,0.01
0,2,all_agreeing_offsets,wholly_unseen,laplace,uniform,50.0,input_plus_surface,0.001,c3a17ae49362d3af3c889169dd61b790e7c0ea833118c8eb2e1b2cc8668b3073,2eee16163e6414ba2a47a1470058d826d00bb6ae4348bae2f5fc214c40e1986a,138,-0.5680975088626871,0.01
0,2,all_agreeing_offsets,wholly_unseen,laplace,uniform,50.0,input_plus_surface,0.01,c3a17ae49362d3af3c889169dd61b790e7c0ea833118c8eb2e1b2cc8668b3073,c16ed330092da46be59b5ca1eab2fd38a62be5b7636e39d0816613b03ec75939,138,-0.5661304738281107,0.01
0,2,all_agreeing_offsets,wholly_unseen,laplace,uniform,50.0,input_plus_surface,0.1,c3a17ae49362d3af3c889169dd61b790e7c0ea833118c8eb2e1b2cc8668b3073,136adfc1e3e562309628ca63377bf84b06a71c45aac21620d7f77dacd9f391e8,138,-0.6585093437070322,0.01
0,0,all_agreeing_offsets,wholly_unseen,laplace,uniform,50.0,HU_plus_surface,0.0,ff71152f04ff3c17c4f535bdcd272443a47086eca1b6c90e413744cda8c3d050,9f4783d60c012fdd1314e3d51b129fae9bfcc5ff1fd514f030609e0ad922afee,139,-0.5853010368736346,0.01
0,0,all_agreeing_offsets,wholly_unseen,laplace,uniform,50.0,HU_plus_surface,0.0001,ff71152f04ff3c17c4f535bdcd272443a47086eca1b6c90e413744cda8c3d050,280a91d91cb969c748559ecf6ddc7b52654a82f81eba366a3d177c13d2dbc4da,139,-0.5841224576400463,0.01
0,0,all_agreeing_offsets,wholly_unseen,laplace,uniform,50.0,HU_plus_surface,0.001,ff71152f04ff3c17c4f535bdcd272443a47086eca1b6c90e413744cda8c3d050,e9dbfce5b90ad035a59b8968537d89644ee7680b304bd42082aa22ddb91e861c,139,-0.5773566566334885,0.01
0,0,all_agreeing_offsets,wholly_unseen,laplace,uniform,50.0,HU_plus_surface,0.01,ff71152f04ff3c17c4f535bdcd272443a47086eca1b6c90e413744cda8c3d050,6373432e8d9059d0fd9e6ef86a5963beef79657fa2269dce703acbf23737d053,139,-0.5738275957222055,0.01
0,0,all_agreeing_offsets,wholly_unseen,laplace,uniform,50.0,HU_plus_surface,0.1,ff71152f04ff3c17c4f535bdcd272443a47086eca1b6c90e413744cda8c3d050,dd6a909a93f533c1a1b827996e8d17b1d45810bebcc157021b6cf0c68ee3f6cb,139,-0.6631539428979045,0.01
0,1,all_agreeing_offsets,wholly_unseen,laplace,uniform,50.0,HU_plus_surface,0.0,27a3bb4a6140f901a59aa471a99c58258a97e252dc1e140d0e5312309b75b41b,7bda66e95622626967b643ce6a1b6c5d73a5dba14ede4eb5758f76537a74c2ea,136,-0.5853010368736346,0.01
0,1,all_agreeing_offsets,wholly_unseen,laplace,uniform,50.0,HU_plus_surface,0.0001,27a3bb4a6140f901a59aa471a99c58258a97e252dc1e140d0e5312309b75b41b,d90680dabd8e785abaef7c4cbaac92ef5d600439ebad6ccb630baf312068afa7,136,-0.5841224576400463,0.01
0,1,all_agreeing_offsets,wholly_unseen,laplace,uniform,50.0,HU_plus_surface,0.001,27a3bb4a6140f901a59aa471a99c58258a97e252dc1e140d0e5312309b75b41b,195cc7e17465cc2e7f00b752a2041e36d579ffee4450c1462d597cc6bd8a7d51,136,-0.5773566566334885,0.01
0,1,all_agreeing_offsets,wholly_unseen,laplace,uniform,50.0,HU_plus_surface,0.01,27a3bb4a6140f901a59aa471a99c58258a97e252dc1e140d0e5312309b75b41b,389a48ecc72dbae4f20615b9181a0e408ba5e32492d2fb5ced8c59feb3d0da18,136,-0.5738275957222055,0.01
0,1,all_agreeing_offsets,wholly_unseen,laplace,uniform,50.0,HU_plus_surface,0.1,27a3bb4a6140f901a59aa471a99c58258a97e252dc1e140d0e5312309b75b41b,940517273983f0c8264000b2785d940da98f567d89d9a0680cc15bbb536bb3c0,136,-0.6631539428979045,0.01
0,2,all_agreeing_offsets,wholly_unseen,laplace,uniform,50.0,HU_plus_surface,0.0,c3a17ae49362d3af3c889169dd61b790e7c0ea833118c8eb2e1b2cc8668b3073,b70830d9ecc73e94796685a2c0c2bf61ba51199501d3c46a0a6610a4313bad5c,138,-0.5853010368736346,0.01
0,2,all_agreeing_offsets,wholly_unseen,laplace,uniform,50.0,HU_plus_surface,0.0001,c3a17ae49362d3af3c889169dd61b790e7c0ea833118c8eb2e1b2cc8668b3073,aba6f086c1b2b9c33fb3c527bb0ae62973f035799bf115e98c5e1d7cf1cd48b3,138,-0.5841224576400463,0.01
0,2,all_agreeing_offsets,wholly_unseen,laplace,uniform,50.0,HU_plus_surface,0.001,c3a17ae49362d3af3c889169dd61b790e7c0ea833118c8eb2e1b2cc8668b3073,bd65cd1f28af09ced47a0fbf814af38fab0ddf14d09357943efd77a22984863f,138,-0.5773566566334885,0.01
0,2,all_agreeing_offsets,wholly_unseen,laplace,uniform,50.0,HU_plus_surface,0.01,c3a17ae49362d3af3c889169dd61b790e7c0ea833118c8eb2e1b2cc8668b3073,b6ed595984bb3fe9abed5df9efa0d1c55ca67bebd9cb0f6d255352c5ea89feae,138,-0.5738275957222055,0.01
0,2,all_agreeing_offsets,wholly_unseen,laplace,uniform,50.0,HU_plus_surface,0.1,c3a17ae49362d3af3c889169dd61b790e7c0ea833118c8eb2e1b2cc8668b3073,8631a6edac056bc88e4276fd0426f703efcef19528871390a20b97868a89ab85,138,-0.6631539428979045,0.01
0,0,all_agreeing_offsets,wholly_unseen,laplace,uniform,50.0,retention_bounded_plus_HU,0.0,ff71152f04ff3c17c4f535bdcd272443a47086eca1b6c90e413744cda8c3d050,abb894fa2d429d44bae9a6e76f3c0310f8360c3e3f2a36853fc0f565914bdcc2,139,-0.5801446902368645,0.01
0,0,all_agreeing_offsets,wholly_unseen,laplace,uniform,50.0,retention_bounded_plus_HU,0.0001,ff71152f04ff3c17c4f535bdcd272443a47086eca1b6c90e413744cda8c3d050,981d4cf59c15fb7e7b97395e5dd6eb1dab6017a8a8b105faae8db3b32970be9d,139,-0.5792317227055259,0.01
0,0,all_agreeing_offsets,wholly_unseen,laplace,uniform,50.0,retention_bounded_plus_HU,0.001,ff71152f04ff3c17c4f535bdcd272443a47086eca1b6c90e413744cda8c3d050,7c0fa816ed0ffdb59a392d3106e06698c1c968c23c7824e2bb44f1c87c83789d,139,-0.5742518518512374,0.01
0,0,all_agreeing_offsets,wholly_unseen,laplace,uniform,50.0,retention_bounded_plus_HU,0.01,ff71152f04ff3c17c4f535bdcd272443a47086eca1b6c90e413744cda8c3d050,516b69bef9de6f4553ed1836f933c8092b3921cbcc9310c491f54ab4c7d4ceb2,139,-0.5640939116879775,0.01
0,0,all_agreeing_offsets,wholly_unseen,laplace,uniform,50.0,retention_bounded_plus_HU,0.1,ff71152f04ff3c17c4f535bdcd272443a47086eca1b6c90e413744cda8c3d050,0add586d4fad14cb4c190076ff308db4f42c90f8e43c2931d238de1bed1b3880,139,-0.6112639097475127,0.01
0,1,all_agreeing_offsets,wholly_unseen,laplace,uniform,50.0,retention_bounded_plus_HU,0.0,27a3bb4a6140f901a59aa471a99c58258a97e252dc1e140d0e5312309b75b41b,38c2f61ab2eba67874f546c49d57afc0577cff72ce885dc6f9379752a3e17845,136,-0.5801446902368645,0.01
0,1,all_agreeing_offsets,wholly_unseen,laplace,uniform,50.0,retention_bounded_plus_HU,0.0001,27a3bb4a6140f901a59aa471a99c58258a97e252dc1e140d0e5312309b75b41b,9760f5029b3133ffbadcdccfeb783bb3373701732433c3add53bd99e5c9d2230,136,-0.5792317227055259,0.01
0,1,all_agreeing_offsets,wholly_unseen,laplace,uniform,50.0,retention_bounded_plus_HU,0.001,27a3bb4a6140f901a59aa471a99c58258a97e252dc1e140d0e5312309b75b41b,534580362c850e54cc5c559c411d7104294fec1b6208232ff4f5c31d2e4ac22f,136,-0.5742518518512374,0.01
0,1,all_agreeing_offsets,wholly_unseen,laplace,uniform,50.0,retention_bounded_plus_HU,0.01,27a3bb4a6140f901a59aa471a99c58258a97e252dc1e140d0e5312309b75b41b,7eeb78dedfe951f31e3d35f0bf7428d4c97cedb882503fbf065c069e20b3a286,136,-0.5640939116879775,0.01
0,1,all_agreeing_offsets,wholly_unseen,laplace,uniform,50.0,retention_bounded_plus_HU,0.1,27a3bb4a6140f901a59aa471a99c58258a97e252dc1e140d0e5312309b75b41b,f08d4f79dbdb5b4b6a328209bbba58eb326113d66fb4bd338c6b8621f86651d6,136,-0.6112639097475127,0.01
0,2,all_agreeing_offsets,wholly_unseen,laplace,uniform,50.0,retention_bounded_plus_HU,0.0,c3a17ae49362d3af3c889169dd61b790e7c0ea833118c8eb2e1b2cc8668b3073,17475bb7ec2fe6c9ef0f7eddf63ff0f2d564857dfa0025369e6ae88b8350a329,138,-0.5801446902368645,0.01
0,2,all_agreeing_offsets,wholly_unseen,laplace,uniform,50.0,retention_bounded_plus_HU,0.0001,c3a17ae49362d3af3c889169dd61b790e7c0ea833118c8eb2e1b2cc8668b3073,15a501083db332694e293d1a8d40fc81f42695834d74ad462ca0c613267277d1,138,-0.5792317227055259,0.01
0,2,all_agreeing_offsets,wholly_unseen,laplace,uniform,50.0,retention_bounded_plus_HU,0.001,c3a17ae49362d3af3c889169dd61b790e7c0ea833118c8eb2e1b2cc8668b3073,4ce5b4c2b7cfff7838b2c2d37d6f4a3832e7f28d16650a8a324b2a2d813c777b,138,-0.5742518518512374,0.01
0,2,all_agreeing_offsets,wholly_unseen,laplace,uniform,50.0,retention_bounded_plus_HU,0.01,c3a17ae49362d3af3c889169dd61b790e7c0ea833118c8eb2e1b2cc8668b3073,d7855bd0441dd3b639af29e0ea1181dc22763e7df65c59d51ea425b9fc4c338d,138,-0.5640939116879775,0.01
0,2,all_agreeing_offsets,wholly_unseen,laplace,uniform,50.0,retention_bounded_plus_HU,0.1,c3a17ae49362d3af3c889169dd61b790e7c0ea833118c8eb2e1b2cc8668b3073,65eb9f3b081fb3e9ad734ef80ce56211a0807fd48f5ac61d89f9f625059a3da3,138,-0.6112639097475127,0.01
0,0,all_agreeing_offsets,wholly_unseen,gh80,uniform,50.0,HU_plus_surface,0.0,ff71152f04ff3c17c4f535bdcd272443a47086eca1b6c90e413744cda8c3d050,c96d12de3bdb4f073cfd0e9b4fe911ace37eeb49b20fe2965c6fe825dac8e222,139,-0.5751661655968073,0.01
0,0,all_agreeing_offsets,wholly_unseen,gh80,uniform,50.0,HU_plus_surface,0.0001,ff71152f04ff3c17c4f535bdcd272443a47086eca1b6c90e413744cda8c3d050,48bdf3c4da2d1a94f4b3b66b976f063d65587504c646c9e74011d0449cfadbd5,139,-0.573965436373709,0.01
0,0,all_agreeing_offsets,wholly_unseen,gh80,uniform,50.0,HU_plus_surface,0.001,ff71152f04ff3c17c4f535bdcd272443a47086eca1b6c90e413744cda8c3d050,39a5b3dd74c2d0b7f345c89edc560043ebfe141a7c2d6f9b8c700dcb432a844d,139,-0.5673080332672248,0.01
0,0,all_agreeing_offsets,wholly_unseen,gh80,uniform,50.0,HU_plus_surface,0.01,ff71152f04ff3c17c4f535bdcd272443a47086eca1b6c90e413744cda8c3d050,8a2ee2c845272f59ab57603e134aaebcf7c36eee6dab7d8b439f5a49c690f00f,139,-0.5659152230253416,0.01
0,0,all_agreeing_offsets,wholly_unseen,gh80,uniform,50.0,HU_plus_surface,0.1,ff71152f04ff3c17c4f535bdcd272443a47086eca1b6c90e413744cda8c3d050,2c18121620dca797e08e1792680d240a48326147508236a18f97e6ca3644a6b8,139,-0.659980198239454,0.01
0,1,all_agreeing_offsets,wholly_unseen,gh80,uniform,50.0,HU_plus_surface,0.0,27a3bb4a6140f901a59aa471a99c58258a97e252dc1e140d0e5312309b75b41b,9dced1ab895633ebfdb5df7b8c35eb24e1f1f4045b70f92773505fce0569c2e9,136,-0.5751661655968073,0.01
0,1,all_agreeing_offsets,wholly_unseen,gh80,uniform,50.0,HU_plus_surface,0.0001,27a3bb4a6140f901a59aa471a99c58258a97e252dc1e140d0e5312309b75b41b,d369b4aa6616a33eba17a403938bcf88b5936527e84804ec134af4bbc0413246,136,-0.573965436373709,0.01
0,1,all_agreeing_offsets,wholly_unseen,gh80,uniform,50.0,HU_plus_surface,0.001,27a3bb4a6140f901a59aa471a99c58258a97e252dc1e140d0e5312309b75b41b,89ac5c045c5546a48152ce5e97cbe4c0e214057b0067ab24808a966ff832ea4b,136,-0.5673080332672248,0.01
0,1,all_agreeing_offsets,wholly_unseen,gh80,uniform,50.0,HU_plus_surface,0.01,27a3bb4a6140f901a59aa471a99c58258a97e252dc1e140d0e5312309b75b41b,6b50db7cca739e3fc5c81480566ae68c126d673044ab30afaf7b8a2277e8cf13,136,-0.5659152230253416,0.01
0,1,all_agreeing_offsets,wholly_unseen,gh80,uniform,50.0,HU_plus_surface,0.1,27a3bb4a6140f901a59aa471a99c58258a97e252dc1e140d0e5312309b75b41b,cd0cc14f6727797bae9bc8e712985ba10df7329fbfccb0c7509290c7afd33e16,136,-0.659980198239454,0.01
0,2,all_agreeing_offsets,wholly_unseen,gh80,uniform,50.0,HU_plus_surface,0.0,c3a17ae49362d3af3c889169dd61b790e7c0ea833118c8eb2e1b2cc8668b3073,609fe352f8467870a46ca42072fc5d6eb51c4ba595537d14ebcefae451a992b0,138,-0.5751661655968073,0.01
0,2,all_agreeing_offsets,wholly_unseen,gh80,uniform,50.0,HU_plus_surface,0.0001,c3a17ae49362d3af3c889169dd61b790e7c0ea833118c8eb2e1b2cc8668b3073,75830a6ca62d3f9894ddbbd59d6a9535398ee5feb03e83ec0001ee880f9a7ebc,138,-0.573965436373709,0.01
0,2,all_agreeing_offsets,wholly_unseen,gh80,uniform,50.0,HU_plus_surface,0.001,c3a17ae49362d3af3c889169dd61b790e7c0ea833118c8eb2e1b2cc8668b3073,65bea4f052a708adf3a78878fb643240e7942349c7b0a38039f59f58fd07cf7a,138,-0.5673080332672248,0.01
0,2,all_agreeing_offsets,wholly_unseen,gh80,uniform,50.0,HU_plus_surface,0.01,c3a17ae49362d3af3c889169dd61b790e7c0ea833118c8eb2e1b2cc8668b3073,7c8cb3ac5992b0076d3f187d307922e0ee9eaf507d28e033980ad30c7afa274e,138,-0.5659152230253416,0.01
0,2,all_agreeing_offsets,wholly_unseen,gh80,uniform,50.0,HU_plus_surface,0.1,c3a17ae49362d3af3c889169dd61b790e7c0ea833118c8eb2e1b2cc8668b3073,3998ecadac08e4f51ad045683893722512e762cf9b7189114e35cb58a3b399fa,138,-0.659980198239454,0.01
0,0,all_agreeing_offsets,wholly_unseen,gh80,uniform,50.0,retention_bounded_plus_HU,0.0,ff71152f04ff3c17c4f535bdcd272443a47086eca1b6c90e413744cda8c3d050,a11f88fb92ba6f0a3eaf8daef3898235253aa90659b6dbcdc8fb32cf050b304a,139,-0.5793581304859708,0.01
0,0,all_agreeing_offsets,wholly_unseen,gh80,uniform,50.0,retention_bounded_plus_HU,0.0001,ff71152f04ff3c17c4f535bdcd272443a47086eca1b6c90e413744cda8c3d050,351d25b6c3d5d432e63930ab1371cd86461546d2e3452b995b2057d2321d8e63,139,-0.5783017797464816,0.01
0,0,all_agreeing_offsets,wholly_unseen,gh80,uniform,50.0,retention_bounded_plus_HU,0.001,ff71152f04ff3c17c4f535bdcd272443a47086eca1b6c90e413744cda8c3d050,3f292e0d38a117b3a70cb3f0c091509a1b7382bbaf6c9fe334ceae4e329bc574,139,-0.5737871051643125,0.01
0,0,all_agreeing_offsets,wholly_unseen,gh80,uniform,50.0,retention_bounded_plus_HU,0.01,ff71152f04ff3c17c4f535bdcd272443a47086eca1b6c90e413744cda8c3d050,3feed785fefca3798dc663d82a68d209e0a7726610a46fb35e16797e8763c6f8,139,-0.5641068193751629,0.01
0,0,all_agreeing_offsets,wholly_unseen,gh80,uniform,50.0,retention_bounded_plus_HU,0.1,ff71152f04ff3c17c4f535bdcd272443a47086eca1b6c90e413744cda8c3d050,3bb4cd69deabe670768740c7b9c659b96c5085a240b2912a6d69843412f18d13,139,-0.6109314530275333,0.01
0,1,all_agreeing_offsets,wholly_unseen,gh80,uniform,50.0,retention_bounded_plus_HU,0.0,27a3bb4a6140f901a59aa471a99c58258a97e252dc1e140d0e5312309b75b41b,c4d6a026a6edb402c74142811fe2eec0f790a0e66b2f5bfb5b20f5725aceb35a,136,-0.5793581304859708,0.01
0,1,all_agreeing_offsets,wholly_unseen,gh80,uniform,50.0,retention_bounded_plus_HU,0.0001,27a3bb4a6140f901a59aa471a99c58258a97e252dc1e140d0e5312309b75b41b,84019ad4e9dfd7b403bbc3c32af0c6aed0801b8bcff5d80047211c4b1fea930d,136,-0.5783017797464816,0.01
0,1,all_agreeing_offsets,wholly_unseen,gh80,uniform,50.0,retention_bounded_plus_HU,0.001,27a3bb4a6140f901a59aa471a99c58258a97e252dc1e140d0e5312309b75b41b,f4f97970b9ecc37f8fe5ae17c7f0c85000b7bc21135d06b8e873836e6c0e218a,136,-0.5737871051643125,0.01
0,1,all_agreeing_offsets,wholly_unseen,gh80,uniform,50.0,retention_bounded_plus_HU,0.01,27a3bb4a6140f901a59aa471a99c58258a97e252dc1e140d0e5312309b75b41b,c5cca6d0f5ccb9ff71b720fa19a3417934ea2db60e5a429eedb60cae323e5ad3,136,-0.5641068193751629,0.01
0,1,all_agreeing_offsets,wholly_unseen,gh80,uniform,50.0,retention_bounded_plus_HU,0.1,27a3bb4a6140f901a59aa471a99c58258a97e252dc1e140d0e5312309b75b41b,1009e650f2843e0353475a4efa517ca1f4b0350986c51cd7298b36f365665459,136,-0.6109314530275333,0.01
0,2,all_agreeing_offsets,wholly_unseen,gh80,uniform,50.0,retention_bounded_plus_HU,0.0,c3a17ae49362d3af3c889169dd61b790e7c0ea833118c8eb2e1b2cc8668b3073,a1fe4d4fe380fae43532e74e891bd86c90a0b1fd4e2366eb025e640d3ffde456,138,-0.5793581304859708,0.01
0,2,all_agreeing_offsets,wholly_unseen,gh80,uniform,50.0,retention_bounded_plus_HU,0.0001,c3a17ae49362d3af3c889169dd61b790e7c0ea833118c8eb2e1b2cc8668b3073,89c1b8dcc3a8fe9f123abd50f3eede788778b1ff6fe01e67aeb4644ff21a86af,138,-0.5783017797464816,0.01
0,2,all_agreeing_offsets,wholly_unseen,gh80,uniform,50.0,retention_bounded_plus_HU,0.001,c3a17ae49362d3af3c889169dd61b790e7c0ea833118c8eb2e1b2cc8668b3073,58457266429ad4784e6856ef863b0c0146f66456527116a2bedae6bf282a91cb,138,-0.5737871051643125,0.01
0,2,all_agreeing_offsets,wholly_unseen,gh80,uniform,50.0,retention_bounded_plus_HU,0.01,c3a17ae49362d3af3c889169dd61b790e7c0ea833118c8eb2e1b2cc8668b3073,fd9bbaf423029a4f0d7b7c99c189976e444bac3e74af4ce771dcf34e64281f79,138,-0.5641068193751629,0.01
0,2,all_agreeing_offsets,wholly_unseen,gh80,uniform,50.0,retention_bounded_plus_HU,0.1,c3a17ae49362d3af3c889169dd61b790e7c0ea833118c8eb2e1b2cc8668b3073,9adab829d4e2ce518a9c11380be8f7cd38ce5f43100f544b49bf10b849061709,138,-0.6109314530275333,0.01
0,0,unrounded_strict,side_informed,laplace,uniform,50.0,retention_bounded,0.0,5408050a7c8e3fd51bef6658f73bc7cde508d9922d061daa850381a661f5a7ea,584006f758096ad6930bb95f0aa6de6b1864ef8194cf87d7d2de57bf3f71d92e,91,-0.3605909271233834,0.01
0,0,unrounded_strict,side_informed,laplace,uniform,50.0,retention_bounded,0.0001,5408050a7c8e3fd51bef6658f73bc7cde508d9922d061daa850381a661f5a7ea,88ce39217cb05ac364bdd77550ba8a37d002beb6dc06588cb411ada839c66f82,91,-0.3599015897574023,0.01
0,0,unrounded_strict,side_informed,laplace,uniform,50.0,retention_bounded,0.001,5408050a7c8e3fd51bef6658f73bc7cde508d9922d061daa850381a661f5a7ea,2f1120202820bc900f335ef2889e32a2599a0680cf730550e7c570b67b4ac0c6,91,-0.3547522973839151,0.01
0,0,unrounded_strict,side_informed,laplace,uniform,50.0,retention_bounded,0.01,5408050a7c8e3fd51bef6658f73bc7cde508d9922d061daa850381a661f5a7ea,9b291ff4208fee9d72d6624537c2afe6727f52fde363562a926883945ec3589d,91,-0.33663251307404707,0.01
0,0,unrounded_strict,side_informed,laplace,uniform,50.0,retention_bounded,0.1,5408050a7c8e3fd51bef6658f73bc7cde508d9922d061daa850381a661f5a7ea,9344ce6d0d23970cc421e640aff052420072b2551cbd5c29d074fc210ccf9d57,91,-0.3693181299462644,0.01
0,1,unrounded_strict,side_informed,laplace,uniform,50.0,retention_bounded,0.0,43df9afd7bbb08c16a32c53d9b371bf2731a1085c0b15d2f9d9a4be61ba45707,d89359445fcebab733a88d34d32ba5c57bb8c290165c1454b59f1debd61eb001,89,-0.3605909271233834,0.01
0,1,unrounded_strict,side_informed,laplace,uniform,50.0,retention_bounded,0.0001,43df9afd7bbb08c16a32c53d9b371bf2731a1085c0b15d2f9d9a4be61ba45707,f2f48378c1225dd387434906408fdd8ba3b2de4bb77e9ad947aa342a3c3be29d,89,-0.3599015897574023,0.01
0,1,unrounded_strict,side_informed,laplace,uniform,50.0,retention_bounded,0.001,43df9afd7bbb08c16a32c53d9b371bf2731a1085c0b15d2f9d9a4be61ba45707,09ee5588b9f8cbd309024da4c6a3707177f666a47a5fc6bda13a0a92e1720a8d,89,-0.3547522973839151,0.01
0,1,unrounded_strict,side_informed,laplace,uniform,50.0,retention_bounded,0.01,43df9afd7bbb08c16a32c53d9b371bf2731a1085c0b15d2f9d9a4be61ba45707,6b2c9702dccda1e626f7d43e70db80983ba47c1a157aee00e356024102fe32f4,89,-0.33663251307404707,0.01
0,1,unrounded_strict,side_informed,laplace,uniform,50.0,retention_bounded,0.1,43df9afd7bbb08c16a32c53d9b371bf2731a1085c0b15d2f9d9a4be61ba45707,86a09b47dc1753ae18912d238966357e71ff2a5ebf00c84505dc2f8f9b8fc441,89,-0.3693181299462644,0.01
0,2,unrounded_strict,side_informed,laplace,uniform,50.0,retention_bounded,0.0,8b66ea1302bcaaf1be700d516d29455d16642176198b117e045d901728cddd91,6caef05e69475b73ea11b0e6bd8490fb4a773a6af8bc7acb9e548b477ff58ef1,91,-0.3605909271233834,0.01
0,2,unrounded_strict,side_informed,laplace,uniform,50.0,retention_bounded,0.0001,8b66ea1302bcaaf1be700d516d29455d16642176198b117e045d901728cddd91,22728f11d5fb1a7d461394bc45716e4fc7a187fcf35b6acaa20efff418e1db63,91,-0.3599015897574023,0.01
0,2,unrounded_strict,side_informed,laplace,uniform,50.0,retention_bounded,0.001,8b66ea1302bcaaf1be700d516d29455d16642176198b117e045d901728cddd91,12a0c069a0024361bf825f5aa2e36ef7becc259a73d33e9c8a3bc6814f27ac21,91,-0.3547522973839151,0.01
0,2,unrounded_strict,side_informed,laplace,uniform,50.0,retention_bounded,0.01,8b66ea1302bcaaf1be700d516d29455d16642176198b117e045d901728cddd91,dee3d77cd0b992e895e2df0f2db06c78dcedd5cca18aa1512f3ba6e48463c2c7,91,-0.33663251307404707,0.01
0,2,unrounded_strict,side_informed,laplace,uniform,50.0,retention_bounded,0.1,8b66ea1302bcaaf1be700d516d29455d16642176198b117e045d901728cddd91,0ec70a889352dda520af140ad295bef8e43285bfdd19294ef091621b31a6b1bc,91,-0.3693181299462644,0.01
0,0,unrounded_strict,side_informed,laplace,uniform,50.0,retention_nonnegative,0.0,5408050a7c8e3fd51bef6658f73bc7cde508d9922d061daa850381a661f5a7ea,4281387e137b81f0815c0f255f94a2351cdd1d32b080cfec7852595274df2348,91,-0.36059092776974283,0.01
0,0,unrounded_strict,side_informed,laplace,uniform,50.0,retention_nonnegative,0.0001,5408050a7c8e3fd51bef6658f73bc7cde508d9922d061daa850381a661f5a7ea,e7d7c252722b4ebd8da54af2a1e956eab5da39f45173d9b1ab742cf7fa164b62,91,-0.3596183653753025,0.01
0,0,unrounded_strict,side_informed,laplace,uniform,50.0,retention_nonnegative,0.001,5408050a7c8e3fd51bef6658f73bc7cde508d9922d061daa850381a661f5a7ea,d9ed2e8f6789dc93fad059bf7904b1f25f80abda4d5ca9df33b9b76e1992aecc,91,-0.3532651459123118,0.01
0,0,unrounded_strict,side_informed,laplace,uniform,50.0,retention_nonnegative,0.01,5408050a7c8e3fd51bef6658f73bc7cde508d9922d061daa850381a661f5a7ea,f81c41b22d486a202da08e05b06812fb0061f2d35606649139f20f2ec7ad321a,91,-0.3453204361468146,0.01
0,0,unrounded_strict,side_informed,laplace,uniform,50.0,retention_nonnegative,0.1,5408050a7c8e3fd51bef6658f73bc7cde508d9922d061daa850381a661f5a7ea,a03bb0e03f6e23d00e6ed3d1b3ec0f4473f396f6596daa40c18485821872c395,91,-0.4199554017389196,0.01
0,1,unrounded_strict,side_informed,laplace,uniform,50.0,retention_nonnegative,0.0,43df9afd7bbb08c16a32c53d9b371bf2731a1085c0b15d2f9d9a4be61ba45707,a565f98a96b9f589e9cc2858635310285f6de23261be44721f7cf1b9a3cfced8,89,-0.36059092776974283,0.01
0,1,unrounded_strict,side_informed,laplace,uniform,50.0,retention_nonnegative,0.0001,43df9afd7bbb08c16a32c53d9b371bf2731a1085c0b15d2f9d9a4be61ba45707,fa74ebbfb2ff89f2643a5e7d7cc947e7434ff7151449bfdea58efcaca1e52920,89,-0.3596183653753025,0.01
0,1,unrounded_strict,side_informed,laplace,uniform,50.0,retention_nonnegative,0.001,43df9afd7bbb08c16a32c53d9b371bf2731a1085c0b15d2f9d9a4be61ba45707,57f89c072cef0adba39b2078e9bc456f7c2b053d92b5533aba0d4b69f624b15c,89,-0.3532651459123118,0.01
0,1,unrounded_strict,side_informed,laplace,uniform,50.0,retention_nonnegative,0.01,43df9afd7bbb08c16a32c53d9b371bf2731a1085c0b15d2f9d9a4be61ba45707,2ccc35d54194897c6cd77c5a128eb127560efeb764f9d67b62c63f9e699862cf,89,-0.3453204361468146,0.01
0,1,unrounded_strict,side_informed,laplace,uniform,50.0,retention_nonnegative,0.1,43df9afd7bbb08c16a32c53d9b371bf2731a1085c0b15d2f9d9a4be61ba45707,78fe687dd052c62745a33dc3e372b011a16b24ca0cc633d9aaed162bc3ec11d7,89,-0.4199554017389196,0.01
0,2,unrounded_strict,side_informed,laplace,uniform,50.0,retention_nonnegative,0.0,8b66ea1302bcaaf1be700d516d29455d16642176198b117e045d901728cddd91,c5f168718e3faa7a763ed9b30490642788eb13ec2295bfe1cac0e7cfcfdcc783,91,-0.36059092776974283,0.01
0,2,unrounded_strict,side_informed,laplace,uniform,50.0,retention_nonnegative,0.0001,8b66ea1302bcaaf1be700d516d29455d16642176198b117e045d901728cddd91,bce7369bfe9848a23bfdcf8b16cd9142f2e51dfbb34194ca1fe77455a2c55c54,91,-0.3596183653753025,0.01
0,2,unrounded_strict,side_informed,laplace,uniform,50.0,retention_nonnegative,0.001,8b66ea1302bcaaf1be700d516d29455d16642176198b117e045d901728cddd91,28c16406e443480d01880ebbe2559ef662c183f12a39d5bddb7c3b85c55041b8,91,-0.3532651459123118,0.01
0,2,unrounded_strict,side_informed,laplace,uniform,50.0,retention_nonnegative,0.01,8b66ea1302bcaaf1be700d516d29455d16642176198b117e045d901728cddd91,e95c047ee8d8aac00664ba2f6b67cc173de158af3a2f81db162c1ad0dfaf3f60,91,-0.3453204361468146,0.01
0,2,unrounded_strict,side_informed,laplace,uniform,50.0,retention_nonnegative,0.1,8b66ea1302bcaaf1be700d516d29455d16642176198b117e045d901728cddd91,b55eacc70ef172eb0a2a493bdff6dfa7d74ce6c5f13a48404797a8ad7d86847b,91,-0.4199554017389196,0.01
0,0,unrounded_strict,side_informed,laplace,uniform,50.0,current_only,0.0,5408050a7c8e3fd51bef6658f73bc7cde508d9922d061daa850381a661f5a7ea,534054a8b0bc617cd238d63bc9105b42b58952e27c9d815992f5481eb9b2750f,91,-0.6235960172912248,0.1
0,0,unrounded_strict,side_informed,laplace,uniform,50.0,current_only,0.0001,5408050a7c8e3fd51bef6658f73bc7cde508d9922d061daa850381a661f5a7ea,9d2efac72455d856af7b783bfe7be87b4009dfae082a0b79440ae69952a6f628,91,-0.6234024936877396,0.1
0,0,unrounded_strict,side_informed,laplace,uniform,50.0,current_only,0.001,5408050a7c8e3fd51bef6658f73bc7cde508d9922d061daa850381a661f5a7ea,2c02c319c34a2facee32af67a9163d079f22db3af37738362c1386dcbee510ec,91,-0.6217235791597379,0.1
0,0,unrounded_strict,side_informed,laplace,uniform,50.0,current_only,0.01,5408050a7c8e3fd51bef6658f73bc7cde508d9922d061daa850381a661f5a7ea,ce57feb4e68d255a2532ccfc244fbba9d0322a71cec74407b75f9904fa4e0372,91,-0.6096018822079885,0.1
0,0,unrounded_strict,side_informed,laplace,uniform,50.0,current_only,0.1,5408050a7c8e3fd51bef6658f73bc7cde508d9922d061daa850381a661f5a7ea,b4ae783834d1b8a481bb903ea4e4f3c90039ed92bb0d75baa448668cd25bfef8,91,-0.603216735689257,0.1
0,1,unrounded_strict,side_informed,laplace,uniform,50.0,current_only,0.0,43df9afd7bbb08c16a32c53d9b371bf2731a1085c0b15d2f9d9a4be61ba45707,ba32616ebda78d1d6ea044cf77411e1df9d65e1c6ddc408599f88034894cc2e4,89,-0.6235960172912248,0.1
0,1,unrounded_strict,side_informed,laplace,uniform,50.0,current_only,0.0001,43df9afd7bbb08c16a32c53d9b371bf2731a1085c0b15d2f9d9a4be61ba45707,31844ce4a4a79aa440fb1ba241a37c5ef54c5e7f6180a8909da4fe66254fc9fa,89,-0.6234024936877396,0.1
0,1,unrounded_strict,side_informed,laplace,uniform,50.0,current_only,0.001,43df9afd7bbb08c16a32c53d9b371bf2731a1085c0b15d2f9d9a4be61ba45707,805ed8982ea6e53b249945d52ec72abbb34f8a2341d0f2c01ba9dc470a1a1ed5,89,-0.6217235791597379,0.1
0,1,unrounded_strict,side_informed,laplace,uniform,50.0,current_only,0.01,43df9afd7bbb08c16a32c53d9b371bf2731a1085c0b15d2f9d9a4be61ba45707,4571a7070b5caa5724586bc61eb507931d99ccbe4671fde1a531e4cf3c27a968,89,-0.6096018822079885,0.1
0,1,unrounded_strict,side_informed,laplace,uniform,50.0,current_only,0.1,43df9afd7bbb08c16a32c53d9b371bf2731a1085c0b15d2f9d9a4be61ba45707,ad474e66980cf7b7ed9c8fc3ac9bd957f2fc8da7db8d78ac661dac60ca52879f,89,-0.603216735689257,0.1
0,2,unrounded_strict,side_informed,laplace,uniform,50.0,current_only,0.0,8b66ea1302bcaaf1be700d516d29455d16642176198b117e045d901728cddd91,3e6331507e7cefbc21e5fa0ab0d839fc4a9b101c63027bcf990beb4ae9758a3f,91,-0.6235960172912248,0.1
0,2,unrounded_strict,side_informed,laplace,uniform,50.0,current_only,0.0001,8b66ea1302bcaaf1be700d516d29455d16642176198b117e045d901728cddd91,ac6118e00b6e5994a9e05798030a8e4f2b8a9b0c8289cd6275ae904dc494bfc7,91,-0.6234024936877396,0.1
0,2,unrounded_strict,side_informed,laplace,uniform,50.0,current_only,0.001,8b66ea1302bcaaf1be700d516d29455d16642176198b117e045d901728cddd91,d49278cf8fa0294bc0bfa3d622924f368378370ad1352bf9af94dc777f1102ca,91,-0.6217235791597379,0.1
0,2,unrounded_strict,side_informed,laplace,uniform,50.0,current_only,0.01,8b66ea1302bcaaf1be700d516d29455d16642176198b117e045d901728cddd91,b0a65f21e432af7b9535eca159a41e0bf6ce85beb0428ff816a54d3b13a988b0,91,-0.6096018822079885,0.1
0,2,unrounded_strict,side_informed,laplace,uniform,50.0,current_only,0.1,8b66ea1302bcaaf1be700d516d29455d16642176198b117e045d901728cddd91,3510e5524248c536fc1bb52c591e51aa86673b162981f6f7ce288c49eaa0a4ce,91,-0.603216735689257,0.1
0,0,unrounded_strict,side_informed,laplace,uniform,50.0,input_plus_surface,0.0,5408050a7c8e3fd51bef6658f73bc7cde508d9922d061daa850381a661f5a7ea,f956b0faed49dc5dee4ebf5fa3103d3a64fcd669390076a2cc18a825f6215967,91,-0.3425986873095276,0.01
0,0,unrounded_strict,side_informed,laplace,uniform,50.0,input_plus_surface,0.0001,5408050a7c8e3fd51bef6658f73bc7cde508d9922d061daa850381a661f5a7ea,b5a82abb6b4b10a3527099960acb50b276b64a4acb9d669b080e1170a12a06e8,91,-0.34168336927147697,0.01
0,0,unrounded_strict,side_informed,laplace,uniform,50.0,input_plus_surface,0.001,5408050a7c8e3fd51bef6658f73bc7cde508d9922d061daa850381a661f5a7ea,7a0722af45368ac4d3b1cd9f3e9726fee7eaeb87600284e2cdfca67be257eb53,91,-0.3353007254417339,0.01
0,0,unrounded_strict,side_informed,laplace,uniform,50.0,input_plus_surface,0.01,5408050a7c8e3fd51bef6658f73bc7cde508d9922d061daa850381a661f5a7ea,43a4ca340f01565021a5d02060e1f022cdc5f9eafd3276505c21534777337a70,91,-0.32038930402559296,0.01
0,0,unrounded_strict,side_informed,laplace,uniform,50.0,input_plus_surface,0.1,5408050a7c8e3fd51bef6658f73bc7cde508d9922d061daa850381a661f5a7ea,500eb17e077b295bc65605bbf8ced8e2af6d68870a441cae939948cdea1c4fd6,91,-0.37977458941604775,0.01
0,1,unrounded_strict,side_informed,laplace,uniform,50.0,input_plus_surface,0.0,43df9afd7bbb08c16a32c53d9b371bf2731a1085c0b15d2f9d9a4be61ba45707,adc50daafdac598107f6ac25114dc47e9c7920c1f079437d12916168707cbaff,89,-0.3425986873095276,0.01
0,1,unrounded_strict,side_informed,laplace,uniform,50.0,input_plus_surface,0.0001,43df9afd7bbb08c16a32c53d9b371bf2731a1085c0b15d2f9d9a4be61ba45707,6b35312d7447e072ed6f6d25807b9b5e4b90242d6b866364fcca99f55d04678e,89,-0.34168336927147697,0.01
0,1,unrounded_strict,side_informed,laplace,uniform,50.0,input_plus_surface,0.001,43df9afd7bbb08c16a32c53d9b371bf2731a1085c0b15d2f9d9a4be61ba45707,30a77cb6c51728542386bc08c4f916bdf47c3f0819c8a322641ad143f85a2b7c,89,-0.3353007254417339,0.01
0,1,unrounded_strict,side_informed,laplace,uniform,50.0,input_plus_surface,0.01,43df9afd7bbb08c16a32c53d9b371bf2731a1085c0b15d2f9d9a4be61ba45707,c19ec164b6bb06059b98047fce145b99749bc90e04dd9d5b9250159731040e15,89,-0.32038930402559296,0.01
0,1,unrounded_strict,side_informed,laplace,uniform,50.0,input_plus_surface,0.1,43df9afd7bbb08c16a32c53d9b371bf2731a1085c0b15d2f9d9a4be61ba45707,3903308ff8eaf5530c2423d33a2fc4c02fcf501bd1396762a862f5f6ee00e73b,89,-0.37977458941604775,0.01
0,2,unrounded_strict,side_informed,laplace,uniform,50.0,input_plus_surface,0.0,8b66ea1302bcaaf1be700d516d29455d16642176198b117e045d901728cddd91,7c37a1779130f0438698815764cd218505b67e80cb6ea2ec49e2eafa6d6f7dee,91,-0.3425986873095276,0.01
0,2,unrounded_strict,side_informed,laplace,uniform,50.0,input_plus_surface,0.0001,8b66ea1302bcaaf1be700d516d29455d16642176198b117e045d901728cddd91,e954aa1ba5d3c1f511f83d129ee285932fc85b99a94af511ae08230fa70060f5,91,-0.34168336927147697,0.01
0,2,unrounded_strict,side_informed,laplace,uniform,50.0,input_plus_surface,0.001,8b66ea1302bcaaf1be700d516d29455d16642176198b117e045d901728cddd91,26fed78d4d061411d262f2e0bd026cf376f876d9c6ec704f49cd0fde0f9873e1,91,-0.3353007254417339,0.01
0,2,unrounded_strict,side_informed,laplace,uniform,50.0,input_plus_surface,0.01,8b66ea1302bcaaf1be700d516d29455d16642176198b117e045d901728cddd91,909f336dd943ff630eebce51fafb2bb388c529ba28ffe09522a4eba50f8201f6,91,-0.32038930402559296,0.01
0,2,unrounded_strict,side_informed,laplace,uniform,50.0,input_plus_surface,0.1,8b66ea1302bcaaf1be700d516d29455d16642176198b117e045d901728cddd91,3729bb0390a1ec0a196d97a7e608ce73b491b622675c4f1475b92ada52bf1c60,91,-0.37977458941604775,0.01
0,0,unrounded_strict,side_informed,laplace,uniform,50.0,HU_plus_surface,0.0,5408050a7c8e3fd51bef6658f73bc7cde508d9922d061daa850381a661f5a7ea,61759aabe8b183d5e8b7bbb082363ac0273132ef566657c896a8d8d79dde875d,91,-0.34530658605642356,0.01
0,0,unrounded_strict,side_informed,laplace,uniform,50.0,HU_plus_surface,0.0001,5408050a7c8e3fd51bef6658f73bc7cde508d9922d061daa850381a661f5a7ea,af4cde44322a9db05fe9c21a4d57f98c05460e0f6c27ff11e14349d2dc211329,91,-0.3442606929495196,0.01
0,0,unrounded_strict,side_informed,laplace,uniform,50.0,HU_plus_surface,0.001,5408050a7c8e3fd51bef6658f73bc7cde508d9922d061daa850381a661f5a7ea,058525074292ce04eaa20c0ba6f9db80b773e95354020651a0e4d316a3550704,91,-0.3370580404838093,0.01
0,0,unrounded_strict,side_informed,laplace,uniform,50.0,HU_plus_surface,0.01,5408050a7c8e3fd51bef6658f73bc7cde508d9922d061daa850381a661f5a7ea,d7f9b500eff1fa67b4d9b3f49361e1495135da80dd7d13eeb148d2e3ed526f94,91,-0.3204247911715343,0.01
0,0,unrounded_strict,side_informed,laplace,uniform,50.0,HU_plus_surface,0.1,5408050a7c8e3fd51bef6658f73bc7cde508d9922d061daa850381a661f5a7ea,f751a352440d5bed45a62c8613e0daa51d240280a510a44401a8b797ee25f293,91,-0.38021377679356383,0.01
0,1,unrounded_strict,side_informed,laplace,uniform,50.0,HU_plus_surface,0.0,43df9afd7bbb08c16a32c53d9b371bf2731a1085c0b15d2f9d9a4be61ba45707,adf0e7b3db42daba9b9b4b4663e4dcd7e692da13a1719535a8f0e13dcab56fd4,89,-0.34530658605642356,0.01
0,1,unrounded_strict,side_informed,laplace,uniform,50.0,HU_plus_surface,0.0001,43df9afd7bbb08c16a32c53d9b371bf2731a1085c0b15d2f9d9a4be61ba45707,7d6e28f29ecf40e56255b739b101b687513c5c8626beb1b22a8234e75f7371d5,89,-0.3442606929495196,0.01
0,1,unrounded_strict,side_informed,laplace,uniform,50.0,HU_plus_surface,0.001,43df9afd7bbb08c16a32c53d9b371bf2731a1085c0b15d2f9d9a4be61ba45707,a5e551778e3d3f33be87ccc911aaf17388805df06ba8642a277952a6ca57b5c0,89,-0.3370580404838093,0.01
0,1,unrounded_strict,side_informed,laplace,uniform,50.0,HU_plus_surface,0.01,43df9afd7bbb08c16a32c53d9b371bf2731a1085c0b15d2f9d9a4be61ba45707,3b5344648ef446a0f7d7cc618149b83fb8c588a1ca7485296707b40eead09b48,89,-0.3204247911715343,0.01
0,1,unrounded_strict,side_informed,laplace,uniform,50.0,HU_plus_surface,0.1,43df9afd7bbb08c16a32c53d9b371bf2731a1085c0b15d2f9d9a4be61ba45707,5eb9046f170b31f215cc7713163ecc561d7183257d4219704b5b5d56b82b7010,89,-0.38021377679356383,0.01
0,2,unrounded_strict,side_informed,laplace,uniform,50.0,HU_plus_surface,0.0,8b66ea1302bcaaf1be700d516d29455d16642176198b117e045d901728cddd91,f3b3c37218b5f2f4d4f9844dae6d7d0e9408eaea45f852850d596350060de383,91,-0.34530658605642356,0.01
0,2,unrounded_strict,side_informed,laplace,uniform,50.0,HU_plus_surface,0.0001,8b66ea1302bcaaf1be700d516d29455d16642176198b117e045d901728cddd91,3f3fdde3ff9ec0752a9e1bcd095e630ec4ecf21748184616b3422e7b5f1cc334,91,-0.3442606929495196,0.01
0,2,unrounded_strict,side_informed,laplace,uniform,50.0,HU_plus_surface,0.001,8b66ea1302bcaaf1be700d516d29455d16642176198b117e045d901728cddd91,5e8fdf898a7fe5b0f5313ba611e2fdaa99ff88994387c6185770ce3eb0adad0d,91,-0.3370580404838093,0.01
0,2,unrounded_strict,side_informed,laplace,uniform,50.0,HU_plus_surface,0.01,8b66ea1302bcaaf1be700d516d29455d16642176198b117e045d901728cddd91,ed987a33030cba29bae9b3adb09b9ed83b8bd7d49833957c8bf10b160b19d7fe,91,-0.3204247911715343,0.01
0,2,unrounded_strict,side_informed,laplace,uniform,50.0,HU_plus_surface,0.1,8b66ea1302bcaaf1be700d516d29455d16642176198b117e045d901728cddd91,b15cb55fd1c3cea16c5a48ae5defa4a543f07547e638e6671ad554b2f615d5f2,91,-0.38021377679356383,0.01
0,0,unrounded_strict,side_informed,laplace,uniform,50.0,retention_bounded_plus_HU,0.0,5408050a7c8e3fd51bef6658f73bc7cde508d9922d061daa850381a661f5a7ea,5329bfb2dfd882fe1a851d1bd96a8be7a823cd4447552f4d33c25011c414f390,91,-0.3603457200334042,0.01
0,0,unrounded_strict,side_informed,laplace,uniform,50.0,retention_bounded_plus_HU,0.0001,5408050a7c8e3fd51bef6658f73bc7cde508d9922d061daa850381a661f5a7ea,8967004f4ae313cec1ba92abd17facae43953b5ed83d927f8a660ce0d6ade87c,91,-0.359545442240575,0.01
0,0,unrounded_strict,side_informed,laplace,uniform,50.0,retention_bounded_plus_HU,0.001,5408050a7c8e3fd51bef6658f73bc7cde508d9922d061daa850381a661f5a7ea,949ecb0483644b0885f4b82eb5601189c454feb93e7177ba3bab472e130b3ff1,91,-0.356746757822959,0.01
0,0,unrounded_strict,side_informed,laplace,uniform,50.0,retention_bounded_plus_HU,0.01,5408050a7c8e3fd51bef6658f73bc7cde508d9922d061daa850381a661f5a7ea,78ac0e28452c319e5035478b8ff3a0d4f22b1c194377a05ca9fc092216158316,91,-0.34188331614048034,0.01
0,0,unrounded_strict,side_informed,laplace,uniform,50.0,retention_bounded_plus_HU,0.1,5408050a7c8e3fd51bef6658f73bc7cde508d9922d061daa850381a661f5a7ea,96e5aaee27032502e10fe3b9b21803bef68bddf56553fd3251c72e186cf3023c,91,-0.35165078660961374,0.01
0,1,unrounded_strict,side_informed,laplace,uniform,50.0,retention_bounded_plus_HU,0.0,43df9afd7bbb08c16a32c53d9b371bf2731a1085c0b15d2f9d9a4be61ba45707,4e4f03e456b9a85859c0b84aa233f40b0010d83b4e9b2579e03156162921bdbf,89,-0.3603457200334042,0.01
0,1,unrounded_strict,side_informed,laplace,uniform,50.0,retention_bounded_plus_HU,0.0001,43df9afd7bbb08c16a32c53d9b371bf2731a1085c0b15d2f9d9a4be61ba45707,b1ef7c053d808aea6f9f4ce8647afb84a7e757e29d76f6c6f0f319a2de34aa2e,89,-0.359545442240575,0.01
0,1,unrounded_strict,side_informed,laplace,uniform,50.0,retention_bounded_plus_HU,0.001,43df9afd7bbb08c16a32c53d9b371bf2731a1085c0b15d2f9d9a4be61ba45707,44cf125e2189bb84196afb4f9fc1541776af0bcf31ed4008ec11b15e58471861,89,-0.356746757822959,0.01
0,1,unrounded_strict,side_informed,laplace,uniform,50.0,retention_bounded_plus_HU,0.01,43df9afd7bbb08c16a32c53d9b371bf2731a1085c0b15d2f9d9a4be61ba45707,58a9f6c8362156133b25f8af90dd3259a7f098d4004b16f77abf33b023d12afa,89,-0.34188331614048034,0.01
0,1,unrounded_strict,side_informed,laplace,uniform,50.0,retention_bounded_plus_HU,0.1,43df9afd7bbb08c16a32c53d9b371bf2731a1085c0b15d2f9d9a4be61ba45707,86db90a417bb25bd1daa9a45d23e3c0ce36e6109fa49b4f52967e7d30964a1b5,89,-0.35165078660961374,0.01
0,2,unrounded_strict,side_informed,laplace,uniform,50.0,retention_bounded_plus_HU,0.0,8b66ea1302bcaaf1be700d516d29455d16642176198b117e045d901728cddd91,977445dfdad30e4e6df9dca2ca46bee73aed9d9def0e17f9ed2c4a9a7f0321f6,91,-0.3603457200334042,0.01
0,2,unrounded_strict,side_informed,laplace,uniform,50.0,retention_bounded_plus_HU,0.0001,8b66ea1302bcaaf1be700d516d29455d16642176198b117e045d901728cddd91,ce71d734f0ff4454efbb7e15daf91e8916424551b2255ac35eb32858a043941b,91,-0.359545442240575,0.01
0,2,unrounded_strict,side_informed,laplace,uniform,50.0,retention_bounded_plus_HU,0.001,8b66ea1302bcaaf1be700d516d29455d16642176198b117e045d901728cddd91,c35b3efe2670cc004f8469d50404d178c061ab5752c57a7ee317931cfc9572d0,91,-0.356746757822959,0.01
0,2,unrounded_strict,side_informed,laplace,uniform,50.0,retention_bounded_plus_HU,0.01,8b66ea1302bcaaf1be700d516d29455d16642176198b117e045d901728cddd91,a7ec39e801c50ea5e7612f5c5b483ba35703b6b15907d2675a65d1b40cb239fe,91,-0.34188331614048034,0.01
0,2,unrounded_strict,side_informed,laplace,uniform,50.0,retention_bounded_plus_HU,0.1,8b66ea1302bcaaf1be700d516d29455d16642176198b117e045d901728cddd91,ac3b48018a1afd2a472f333bd001a66d4d3535f5fa8d73d8b1add5c3d09e9dfe,91,-0.35165078660961374,0.01
0,0,unrounded_strict,side_informed,gh80,uniform,50.0,HU_plus_surface,0.0,5408050a7c8e3fd51bef6658f73bc7cde508d9922d061daa850381a661f5a7ea,c89ea1209fe32bbb174382088a9a8615ae5525c90b0e1f3ffcd4ce361a0473ee,91,-0.3323393159135333,0.01
0,0,unrounded_strict,side_informed,gh80,uniform,50.0,HU_plus_surface,0.0001,5408050a7c8e3fd51bef6658f73bc7cde508d9922d061daa850381a661f5a7ea,e18e9124d1d351a7b76f13935d4a5bc071c2c2114cc7b66a4a89a1de54d219a8,91,-0.331227798363773,0.01
0,0,unrounded_strict,side_informed,gh80,uniform,50.0,HU_plus_surface,0.001,5408050a7c8e3fd51bef6658f73bc7cde508d9922d061daa850381a661f5a7ea,d704a62f027ddfe95f77106009b5826b275497216b515c7af2cb092e0fb88a21,91,-0.324064655086001,0.01
0,0,unrounded_strict,side_informed,gh80,uniform,50.0,HU_plus_surface,0.01,5408050a7c8e3fd51bef6658f73bc7cde508d9922d061daa850381a661f5a7ea,b0b6df94123e7442d3e7215274c58a8f1ce13acdd9ace66bba2b388d662f0831,91,-0.3110195977503139,0.01
0,0,unrounded_strict,side_informed,gh80,uniform,50.0,HU_plus_surface,0.1,5408050a7c8e3fd51bef6658f73bc7cde508d9922d061daa850381a661f5a7ea,ed0e0375fc4f9e8c7e784d49de05f8bc11ea3ef412c7e51c89f369c634377867,91,-0.3776973707666672,0.01
0,1,unrounded_strict,side_informed,gh80,uniform,50.0,HU_plus_surface,0.0,43df9afd7bbb08c16a32c53d9b371bf2731a1085c0b15d2f9d9a4be61ba45707,0c45cae3705123631a3c99ba4103d36bbc11e05d3827d5345fbf106e3bd5be44,89,-0.3323393159135333,0.01
0,1,unrounded_strict,side_informed,gh80,uniform,50.0,HU_plus_surface,0.0001,43df9afd7bbb08c16a32c53d9b371bf2731a1085c0b15d2f9d9a4be61ba45707,86c10a041c444348dbb37f4848c6228dfb408aaa681541683e7d2d86011a2d72,89,-0.331227798363773,0.01
0,1,unrounded_strict,side_informed,gh80,uniform,50.0,HU_plus_surface,0.001,43df9afd7bbb08c16a32c53d9b371bf2731a1085c0b15d2f9d9a4be61ba45707,936fc9c951aeb3895b9f27e3e41ac548805a503edeb106d7128d2dff0eb8320d,89,-0.324064655086001,0.01
0,1,unrounded_strict,side_informed,gh80,uniform,50.0,HU_plus_surface,0.01,43df9afd7bbb08c16a32c53d9b371bf2731a1085c0b15d2f9d9a4be61ba45707,e71a8642f99357c5b530622f6dfe0e650abbcdb1f78ed46a4b406b95518b5621,89,-0.3110195977503139,0.01
0,1,unrounded_strict,side_informed,gh80,uniform,50.0,HU_plus_surface,0.1,43df9afd7bbb08c16a32c53d9b371bf2731a1085c0b15d2f9d9a4be61ba45707,fc3c68a4eaaedbe88a165b55348f34089aab4d44b50ec1b762768acd77f35f8c,89,-0.3776973707666672,0.01
0,2,unrounded_strict,side_informed,gh80,uniform,50.0,HU_plus_surface,0.0,8b66ea1302bcaaf1be700d516d29455d16642176198b117e045d901728cddd91,8ff02def77f6c03295e6ecd9a9a0969603618a53947d138bb9b57d2779952d99,91,-0.3323393159135333,0.01
0,2,unrounded_strict,side_informed,gh80,uniform,50.0,HU_plus_surface,0.0001,8b66ea1302bcaaf1be700d516d29455d16642176198b117e045d901728cddd91,e28b049982a6594887bd3031b5a6f255e377e8e08636c8596eae1978cf02ca18,91,-0.331227798363773,0.01
0,2,unrounded_strict,side_informed,gh80,uniform,50.0,HU_plus_surface,0.001,8b66ea1302bcaaf1be700d516d29455d16642176198b117e045d901728cddd91,2a1c415d4f1e2b586f4ef011911e87d5bf267647a1ed1db0a472f3c6d0b84a25,91,-0.324064655086001,0.01
0,2,unrounded_strict,side_informed,gh80,uniform,50.0,HU_plus_surface,0.01,8b66ea1302bcaaf1be700d516d29455d16642176198b117e045d901728cddd91,a679fb18fd69042da125d94d159f3a6f89545c644fbcac0f80260ee887c9b056,91,-0.3110195977503139,0.01
0,2,unrounded_strict,side_informed,gh80,uniform,50.0,HU_plus_surface,0.1,8b66ea1302bcaaf1be700d516d29455d16642176198b117e045d901728cddd91,6c3ca327a200873fced87cb7e913201bde449b137cb90ca57ce32a918b9e6e6e,91,-0.3776973707666672,0.01
0,0,unrounded_strict,side_informed,gh80,uniform,50.0,retention_bounded_plus_HU,0.0,5408050a7c8e3fd51bef6658f73bc7cde508d9922d061daa850381a661f5a7ea,d583df90a63555f6d5ddeef7932832a8af46a987eeb027f93c9e141e04cf7a1e,91,-0.34966700326752265,0.01
0,0,unrounded_strict,side_informed,gh80,uniform,50.0,retention_bounded_plus_HU,0.0001,5408050a7c8e3fd51bef6658f73bc7cde508d9922d061daa850381a661f5a7ea,0fcbe74654f29510a7344ddb1ceb2031bb1bb743979edede2888f3c6f346b009,91,-0.34851342783387224,0.01
0,0,unrounded_strict,side_informed,gh80,uniform,50.0,retention_bounded_plus_HU,0.001,5408050a7c8e3fd51bef6658f73bc7cde508d9922d061daa850381a661f5a7ea,7acdde9f62705d6bb1418da18129be92a183e2fbcbc9eed9785bbba5553ba3c5,91,-0.3453780581722648,0.01
0,0,unrounded_strict,side_informed,gh80,uniform,50.0,retention_bounded_plus_HU,0.01,5408050a7c8e3fd51bef6658f73bc7cde508d9922d061daa850381a661f5a7ea,5c9997f8e5f05ce4f377e7cbdc723deaffc84aa4b1f632c8479cb6cd1a177dc2,91,-0.3346614695713021,0.01
0,0,unrounded_strict,side_informed,gh80,uniform,50.0,retention_bounded_plus_HU,0.1,5408050a7c8e3fd51bef6658f73bc7cde508d9922d061daa850381a661f5a7ea,093fe0a636d33cbbd702cb96001c8e7a657b5431be79de1333b2aca153de1830,91,-0.3481344421139428,0.01
0,1,unrounded_strict,side_informed,gh80,uniform,50.0,retention_bounded_plus_HU,0.0,43df9afd7bbb08c16a32c53d9b371bf2731a1085c0b15d2f9d9a4be61ba45707,112218b871bd2d59a2ecf4ec20f9ddd2131228f69886c29335ca5bb8fffbe2fe,89,-0.34966700326752265,0.01
0,1,unrounded_strict,side_informed,gh80,uniform,50.0,retention_bounded_plus_HU,0.0001,43df9afd7bbb08c16a32c53d9b371bf2731a1085c0b15d2f9d9a4be61ba45707,0c2a69f3b90315eb034ed98bb8982b8a5cb0b8725db9f338f903bc36dc1e01a6,89,-0.34851342783387224,0.01
0,1,unrounded_strict,side_informed,gh80,uniform,50.0,retention_bounded_plus_HU,0.001,43df9afd7bbb08c16a32c53d9b371bf2731a1085c0b15d2f9d9a4be61ba45707,a78479f251ab6318018094fb504ae850582c244cf43cf22bfa1b7b256773636e,89,-0.3453780581722648,0.01
0,1,unrounded_strict,side_informed,gh80,uniform,50.0,retention_bounded_plus_HU,0.01,43df9afd7bbb08c16a32c53d9b371bf2731a1085c0b15d2f9d9a4be61ba45707,57346893b8296fda2d1eae8a12a41d4c37e2fbb5f35823fd4c299ac46664d014,89,-0.3346614695713021,0.01
0,1,unrounded_strict,side_informed,gh80,uniform,50.0,retention_bounded_plus_HU,0.1,43df9afd7bbb08c16a32c53d9b371bf2731a1085c0b15d2f9d9a4be61ba45707,4184e307ad90ec370a6fdc5361d1d40681e38724ee34e6196c4aec233507fef6,89,-0.3481344421139428,0.01
0,2,unrounded_strict,side_informed,gh80,uniform,50.0,retention_bounded_plus_HU,0.0,8b66ea1302bcaaf1be700d516d29455d16642176198b117e045d901728cddd91,ef309c007cb46df5a8ab75fc96e276e322dc74627e3d7608cb55eb6480932fcc,91,-0.34966700326752265,0.01
0,2,unrounded_strict,side_informed,gh80,uniform,50.0,retention_bounded_plus_HU,0.0001,8b66ea1302bcaaf1be700d516d29455d16642176198b117e045d901728cddd91,8e9737842f88823ee04679ca48460b2b508acea659409b46def634c6bcd2ba0a,91,-0.34851342783387224,0.01
0,2,unrounded_strict,side_informed,gh80,uniform,50.0,retention_bounded_plus_HU,0.001,8b66ea1302bcaaf1be700d516d29455d16642176198b117e045d901728cddd91,9abbec13fd96c0337f533ffb93da69c9b7bac054977c1af34e0c36b7fff2cb88,91,-0.3453780581722648,0.01
0,2,unrounded_strict,side_informed,gh80,uniform,50.0,retention_bounded_plus_HU,0.01,8b66ea1302bcaaf1be700d516d29455d16642176198b117e045d901728cddd91,f2a23e340654cf908672cb6704430987bdc722df58ad9b3fdcff759f206ca976,91,-0.3346614695713021,0.01
0,2,unrounded_strict,side_informed,gh80,uniform,50.0,retention_bounded_plus_HU,0.1,8b66ea1302bcaaf1be700d516d29455d16642176198b117e045d901728cddd91,13b95d2e4c4576cf26c48ecd626e2001bcf9d66bb3a2f0c6f53be0e10e33189d,91,-0.3481344421139428,0.01
0,0,unrounded_strict,wholly_unseen,laplace,uniform,50.0,retention_bounded,0.0,5408050a7c8e3fd51bef6658f73bc7cde508d9922d061daa850381a661f5a7ea,584006f758096ad6930bb95f0aa6de6b1864ef8194cf87d7d2de57bf3f71d92e,91,-0.6615770941617285,0.01
0,0,unrounded_strict,wholly_unseen,laplace,uniform,50.0,retention_bounded,0.0001,5408050a7c8e3fd51bef6658f73bc7cde508d9922d061daa850381a661f5a7ea,88ce39217cb05ac364bdd77550ba8a37d002beb6dc06588cb411ada839c66f82,91,-0.6609644036159846,0.01
0,0,unrounded_strict,wholly_unseen,laplace,uniform,50.0,retention_bounded,0.001,5408050a7c8e3fd51bef6658f73bc7cde508d9922d061daa850381a661f5a7ea,2f1120202820bc900f335ef2889e32a2599a0680cf730550e7c570b67b4ac0c6,91,-0.6560734933751109,0.01
0,0,unrounded_strict,wholly_unseen,laplace,uniform,50.0,retention_bounded,0.01,5408050a7c8e3fd51bef6658f73bc7cde508d9922d061daa850381a661f5a7ea,9b291ff4208fee9d72d6624537c2afe6727f52fde363562a926883945ec3589d,91,-0.6318539485352955,0.01
0,0,unrounded_strict,wholly_unseen,laplace,uniform,50.0,retention_bounded,0.1,5408050a7c8e3fd51bef6658f73bc7cde508d9922d061daa850381a661f5a7ea,9344ce6d0d23970cc421e640aff052420072b2551cbd5c29d074fc210ccf9d57,91,-0.6480648964126474,0.01
0,1,unrounded_strict,wholly_unseen,laplace,uniform,50.0,retention_bounded,0.0,43df9afd7bbb08c16a32c53d9b371bf2731a1085c0b15d2f9d9a4be61ba45707,d89359445fcebab733a88d34d32ba5c57bb8c290165c1454b59f1debd61eb001,89,-0.6615770941617285,0.01
0,1,unrounded_strict,wholly_unseen,laplace,uniform,50.0,retention_bounded,0.0001,43df9afd7bbb08c16a32c53d9b371bf2731a1085c0b15d2f9d9a4be61ba45707,f2f48378c1225dd387434906408fdd8ba3b2de4bb77e9ad947aa342a3c3be29d,89,-0.6609644036159846,0.01
0,1,unrounded_strict,wholly_unseen,laplace,uniform,50.0,retention_bounded,0.001,43df9afd7bbb08c16a32c53d9b371bf2731a1085c0b15d2f9d9a4be61ba45707,09ee5588b9f8cbd309024da4c6a3707177f666a47a5fc6bda13a0a92e1720a8d,89,-0.6560734933751109,0.01
0,1,unrounded_strict,wholly_unseen,laplace,uniform,50.0,retention_bounded,0.01,43df9afd7bbb08c16a32c53d9b371bf2731a1085c0b15d2f9d9a4be61ba45707,6b2c9702dccda1e626f7d43e70db80983ba47c1a157aee00e356024102fe32f4,89,-0.6318539485352955,0.01
0,1,unrounded_strict,wholly_unseen,laplace,uniform,50.0,retention_bounded,0.1,43df9afd7bbb08c16a32c53d9b371bf2731a1085c0b15d2f9d9a4be61ba45707,86a09b47dc1753ae18912d238966357e71ff2a5ebf00c84505dc2f8f9b8fc441,89,-0.6480648964126474,0.01
0,2,unrounded_strict,wholly_unseen,laplace,uniform,50.0,retention_bounded,0.0,8b66ea1302bcaaf1be700d516d29455d16642176198b117e045d901728cddd91,6caef05e69475b73ea11b0e6bd8490fb4a773a6af8bc7acb9e548b477ff58ef1,91,-0.6615770941617285,0.01
0,2,unrounded_strict,wholly_unseen,laplace,uniform,50.0,retention_bounded,0.0001,8b66ea1302bcaaf1be700d516d29455d16642176198b117e045d901728cddd91,22728f11d5fb1a7d461394bc45716e4fc7a187fcf35b6acaa20efff418e1db63,91,-0.6609644036159846,0.01
0,2,unrounded_strict,wholly_unseen,laplace,uniform,50.0,retention_bounded,0.001,8b66ea1302bcaaf1be700d516d29455d16642176198b117e045d901728cddd91,12a0c069a0024361bf825f5aa2e36ef7becc259a73d33e9c8a3bc6814f27ac21,91,-0.6560734933751109,0.01
0,2,unrounded_strict,wholly_unseen,laplace,uniform,50.0,retention_bounded,0.01,8b66ea1302bcaaf1be700d516d29455d16642176198b117e045d901728cddd91,dee3d77cd0b992e895e2df0f2db06c78dcedd5cca18aa1512f3ba6e48463c2c7,91,-0.6318539485352955,0.01
0,2,unrounded_strict,wholly_unseen,laplace,uniform,50.0,retention_bounded,0.1,8b66ea1302bcaaf1be700d516d29455d16642176198b117e045d901728cddd91,0ec70a889352dda520af140ad295bef8e43285bfdd19294ef091621b31a6b1bc,91,-0.6480648964126474,0.01
0,0,unrounded_strict,wholly_unseen,laplace,uniform,50.0,retention_nonnegative,0.0,5408050a7c8e3fd51bef6658f73bc7cde508d9922d061daa850381a661f5a7ea,4281387e137b81f0815c0f255f94a2351cdd1d32b080cfec7852595274df2348,91,-0.6615770953655185,0.01
0,0,unrounded_strict,wholly_unseen,laplace,uniform,50.0,retention_nonnegative,0.0001,5408050a7c8e3fd51bef6658f73bc7cde508d9922d061daa850381a661f5a7ea,e7d7c252722b4ebd8da54af2a1e956eab5da39f45173d9b1ab742cf7fa164b62,91,-0.6594544987165976,0.01
0,0,unrounded_strict,wholly_unseen,laplace,uniform,50.0,retention_nonnegative,0.001,5408050a7c8e3fd51bef6658f73bc7cde508d9922d061daa850381a661f5a7ea,d9ed2e8f6789dc93fad059bf7904b1f25f80abda4d5ca9df33b9b76e1992aecc,91,-0.6452330412132207,0.01
0,0,unrounded_strict,wholly_unseen,laplace,uniform,50.0,retention_nonnegative,0.01,5408050a7c8e3fd51bef6658f73bc7cde508d9922d061daa850381a661f5a7ea,f81c41b22d486a202da08e05b06812fb0061f2d35606649139f20f2ec7ad321a,91,-0.6211593296512142,0.01
0,0,unrounded_strict,wholly_unseen,laplace,uniform,50.0,retention_nonnegative,0.1,5408050a7c8e3fd51bef6658f73bc7cde508d9922d061daa850381a661f5a7ea,a03bb0e03f6e23d00e6ed3d1b3ec0f4473f396f6596daa40c18485821872c395,91,-0.6995872444627548,0.01
0,1,unrounded_strict,wholly_unseen,laplace,uniform,50.0,retention_nonnegative,0.0,43df9afd7bbb08c16a32c53d9b371bf2731a1085c0b15d2f9d9a4be61ba45707,a565f98a96b9f589e9cc2858635310285f6de23261be44721f7cf1b9a3cfced8,89,-0.6615770953655185,0.01
0,1,unrounded_strict,wholly_unseen,laplace,uniform,50.0,retention_nonnegative,0.0001,43df9afd7bbb08c16a32c53d9b371bf2731a1085c0b15d2f9d9a4be61ba45707,fa74ebbfb2ff89f2643a5e7d7cc947e7434ff7151449bfdea58efcaca1e52920,89,-0.6594544987165976,0.01
0,1,unrounded_strict,wholly_unseen,laplace,uniform,50.0,retention_nonnegative,0.001,43df9afd7bbb08c16a32c53d9b371bf2731a1085c0b15d2f9d9a4be61ba45707,57f89c072cef0adba39b2078e9bc456f7c2b053d92b5533aba0d4b69f624b15c,89,-0.6452330412132207,0.01
0,1,unrounded_strict,wholly_unseen,laplace,uniform,50.0,retention_nonnegative,0.01,43df9afd7bbb08c16a32c53d9b371bf2731a1085c0b15d2f9d9a4be61ba45707,2ccc35d54194897c6cd77c5a128eb127560efeb764f9d67b62c63f9e699862cf,89,-0.6211593296512142,0.01
0,1,unrounded_strict,wholly_unseen,laplace,uniform,50.0,retention_nonnegative,0.1,43df9afd7bbb08c16a32c53d9b371bf2731a1085c0b15d2f9d9a4be61ba45707,78fe687dd052c62745a33dc3e372b011a16b24ca0cc633d9aaed162bc3ec11d7,89,-0.6995872444627548,0.01
0,2,unrounded_strict,wholly_unseen,laplace,uniform,50.0,retention_nonnegative,0.0,8b66ea1302bcaaf1be700d516d29455d16642176198b117e045d901728cddd91,c5f168718e3faa7a763ed9b30490642788eb13ec2295bfe1cac0e7cfcfdcc783,91,-0.6615770953655185,0.01
0,2,unrounded_strict,wholly_unseen,laplace,uniform,50.0,retention_nonnegative,0.0001,8b66ea1302bcaaf1be700d516d29455d16642176198b117e045d901728cddd91,bce7369bfe9848a23bfdcf8b16cd9142f2e51dfbb34194ca1fe77455a2c55c54,91,-0.6594544987165976,0.01
0,2,unrounded_strict,wholly_unseen,laplace,uniform,50.0,retention_nonnegative,0.001,8b66ea1302bcaaf1be700d516d29455d16642176198b117e045d901728cddd91,28c16406e443480d01880ebbe2559ef662c183f12a39d5bddb7c3b85c55041b8,91,-0.6452330412132207,0.01
0,2,unrounded_strict,wholly_unseen,laplace,uniform,50.0,retention_nonnegative,0.01,8b66ea1302bcaaf1be700d516d29455d16642176198b117e045d901728cddd91,e95c047ee8d8aac00664ba2f6b67cc173de158af3a2f81db162c1ad0dfaf3f60,91,-0.6211593296512142,0.01
0,2,unrounded_strict,wholly_unseen,laplace,uniform,50.0,retention_nonnegative,0.1,8b66ea1302bcaaf1be700d516d29455d16642176198b117e045d901728cddd91,b55eacc70ef172eb0a2a493bdff6dfa7d74ce6c5f13a48404797a8ad7d86847b,91,-0.6995872444627548,0.01
0,0,unrounded_strict,wholly_unseen,laplace,uniform,50.0,current_only,0.0,5408050a7c8e3fd51bef6658f73bc7cde508d9922d061daa850381a661f5a7ea,534054a8b0bc617cd238d63bc9105b42b58952e27c9d815992f5481eb9b2750f,91,-0.9042343573347777,0.1
0,0,unrounded_strict,wholly_unseen,laplace,uniform,50.0,current_only,0.0001,5408050a7c8e3fd51bef6658f73bc7cde508d9922d061daa850381a661f5a7ea,9d2efac72455d856af7b783bfe7be87b4009dfae082a0b79440ae69952a6f628,91,-0.9040408337312924,0.1
0,0,unrounded_strict,wholly_unseen,laplace,uniform,50.0,current_only,0.001,5408050a7c8e3fd51bef6658f73bc7cde508d9922d061daa850381a661f5a7ea,2c02c319c34a2facee32af67a9163d079f22db3af37738362c1386dcbee510ec,91,-0.9023619192032905,0.1
0,0,unrounded_strict,wholly_unseen,laplace,uniform,50.0,current_only,0.01,5408050a7c8e3fd51bef6658f73bc7cde508d9922d061daa850381a661f5a7ea,ce57feb4e68d255a2532ccfc244fbba9d0322a71cec74407b75f9904fa4e0372,91,-0.890240222251541,0.1
0,0,unrounded_strict,wholly_unseen,laplace,uniform,50.0,current_only,0.1,5408050a7c8e3fd51bef6658f73bc7cde508d9922d061daa850381a661f5a7ea,b4ae783834d1b8a481bb903ea4e4f3c90039ed92bb0d75baa448668cd25bfef8,91,-0.8838550757328097,0.1
0,1,unrounded_strict,wholly_unseen,laplace,uniform,50.0,current_only,0.0,43df9afd7bbb08c16a32c53d9b371bf2731a1085c0b15d2f9d9a4be61ba45707,ba32616ebda78d1d6ea044cf77411e1df9d65e1c6ddc408599f88034894cc2e4,89,-0.9042343573347777,0.1
0,1,unrounded_strict,wholly_unseen,laplace,uniform,50.0,current_only,0.0001,43df9afd7bbb08c16a32c53d9b371bf2731a1085c0b15d2f9d9a4be61ba45707,31844ce4a4a79aa440fb1ba241a37c5ef54c5e7f6180a8909da4fe66254fc9fa,89,-0.9040408337312924,0.1
0,1,unrounded_strict,wholly_unseen,laplace,uniform,50.0,current_only,0.001,43df9afd7bbb08c16a32c53d9b371bf2731a1085c0b15d2f9d9a4be61ba45707,805ed8982ea6e53b249945d52ec72abbb34f8a2341d0f2c01ba9dc470a1a1ed5,89,-0.9023619192032905,0.1
0,1,unrounded_strict,wholly_unseen,laplace,uniform,50.0,current_only,0.01,43df9afd7bbb08c16a32c53d9b371bf2731a1085c0b15d2f9d9a4be61ba45707,4571a7070b5caa5724586bc61eb507931d99ccbe4671fde1a531e4cf3c27a968,89,-0.890240222251541,0.1
0,1,unrounded_strict,wholly_unseen,laplace,uniform,50.0,current_only,0.1,43df9afd7bbb08c16a32c53d9b371bf2731a1085c0b15d2f9d9a4be61ba45707,ad474e66980cf7b7ed9c8fc3ac9bd957f2fc8da7db8d78ac661dac60ca52879f,89,-0.8838550757328097,0.1
0,2,unrounded_strict,wholly_unseen,laplace,uniform,50.0,current_only,0.0,8b66ea1302bcaaf1be700d516d29455d16642176198b117e045d901728cddd91,3e6331507e7cefbc21e5fa0ab0d839fc4a9b101c63027bcf990beb4ae9758a3f,91,-0.9042343573347777,0.1
0,2,unrounded_strict,wholly_unseen,laplace,uniform,50.0,current_only,0.0001,8b66ea1302bcaaf1be700d516d29455d16642176198b117e045d901728cddd91,ac6118e00b6e5994a9e05798030a8e4f2b8a9b0c8289cd6275ae904dc494bfc7,91,-0.9040408337312924,0.1
0,2,unrounded_strict,wholly_unseen,laplace,uniform,50.0,current_only,0.001,8b66ea1302bcaaf1be700d516d29455d16642176198b117e045d901728cddd91,d49278cf8fa0294bc0bfa3d622924f368378370ad1352bf9af94dc777f1102ca,91,-0.9023619192032905,0.1
0,2,unrounded_strict,wholly_unseen,laplace,uniform,50.0,current_only,0.01,8b66ea1302bcaaf1be700d516d29455d16642176198b117e045d901728cddd91,b0a65f21e432af7b9535eca159a41e0bf6ce85beb0428ff816a54d3b13a988b0,91,-0.890240222251541,0.1
0,2,unrounded_strict,wholly_unseen,laplace,uniform,50.0,current_only,0.1,8b66ea1302bcaaf1be700d516d29455d16642176198b117e045d901728cddd91,3510e5524248c536fc1bb52c591e51aa86673b162981f6f7ce288c49eaa0a4ce,91,-0.8838550757328097,0.1
0,0,unrounded_strict,wholly_unseen,laplace,uniform,50.0,input_plus_surface,0.0,5408050a7c8e3fd51bef6658f73bc7cde508d9922d061daa850381a661f5a7ea,f956b0faed49dc5dee4ebf5fa3103d3a64fcd669390076a2cc18a825f6215967,91,-0.6351989784704858,0.01
0,0,unrounded_strict,wholly_unseen,laplace,uniform,50.0,input_plus_surface,0.0001,5408050a7c8e3fd51bef6658f73bc7cde508d9922d061daa850381a661f5a7ea,b5a82abb6b4b10a3527099960acb50b276b64a4acb9d669b080e1170a12a06e8,91,-0.6338527454255433,0.01
0,0,unrounded_strict,wholly_unseen,laplace,uniform,50.0,input_plus_surface,0.001,5408050a7c8e3fd51bef6658f73bc7cde508d9922d061daa850381a661f5a7ea,7a0722af45368ac4d3b1cd9f3e9726fee7eaeb87600284e2cdfca67be257eb53,91,-0.624471790681699,0.01
0,0,unrounded_strict,wholly_unseen,laplace,uniform,50.0,input_plus_surface,0.01,5408050a7c8e3fd51bef6658f73bc7cde508d9922d061daa850381a661f5a7ea,43a4ca340f01565021a5d02060e1f022cdc5f9eafd3276505c21534777337a70,91,-0.6011709586025827,0.01
0,0,unrounded_strict,wholly_unseen,laplace,uniform,50.0,input_plus_surface,0.1,5408050a7c8e3fd51bef6658f73bc7cde508d9922d061daa850381a661f5a7ea,500eb17e077b295bc65605bbf8ced8e2af6d68870a441cae939948cdea1c4fd6,91,-0.6570093703196931,0.01
0,1,unrounded_strict,wholly_unseen,laplace,uniform,50.0,input_plus_surface,0.0,43df9afd7bbb08c16a32c53d9b371bf2731a1085c0b15d2f9d9a4be61ba45707,adc50daafdac598107f6ac25114dc47e9c7920c1f079437d12916168707cbaff,89,-0.6351989784704858,0.01
0,1,unrounded_strict,wholly_unseen,laplace,uniform,50.0,input_plus_surface,0.0001,43df9afd7bbb08c16a32c53d9b371bf2731a1085c0b15d2f9d9a4be61ba45707,6b35312d7447e072ed6f6d25807b9b5e4b90242d6b866364fcca99f55d04678e,89,-0.6338527454255433,0.01
0,1,unrounded_strict,wholly_unseen,laplace,uniform,50.0,input_plus_surface,0.001,43df9afd7bbb08c16a32c53d9b371bf2731a1085c0b15d2f9d9a4be61ba45707,30a77cb6c51728542386bc08c4f916bdf47c3f0819c8a322641ad143f85a2b7c,89,-0.624471790681699,0.01
0,1,unrounded_strict,wholly_unseen,laplace,uniform,50.0,input_plus_surface,0.01,43df9afd7bbb08c16a32c53d9b371bf2731a1085c0b15d2f9d9a4be61ba45707,c19ec164b6bb06059b98047fce145b99749bc90e04dd9d5b9250159731040e15,89,-0.6011709586025827,0.01
0,1,unrounded_strict,wholly_unseen,laplace,uniform,50.0,input_plus_surface,0.1,43df9afd7bbb08c16a32c53d9b371bf2731a1085c0b15d2f9d9a4be61ba45707,3903308ff8eaf5530c2423d33a2fc4c02fcf501bd1396762a862f5f6ee00e73b,89,-0.6570093703196931,0.01
0,2,unrounded_strict,wholly_unseen,laplace,uniform,50.0,input_plus_surface,0.0,8b66ea1302bcaaf1be700d516d29455d16642176198b117e045d901728cddd91,7c37a1779130f0438698815764cd218505b67e80cb6ea2ec49e2eafa6d6f7dee,91,-0.6351989784704858,0.01
0,2,unrounded_strict,wholly_unseen,laplace,uniform,50.0,input_plus_surface,0.0001,8b66ea1302bcaaf1be700d516d29455d16642176198b117e045d901728cddd91,e954aa1ba5d3c1f511f83d129ee285932fc85b99a94af511ae08230fa70060f5,91,-0.6338527454255433,0.01
0,2,unrounded_strict,wholly_unseen,laplace,uniform,50.0,input_plus_surface,0.001,8b66ea1302bcaaf1be700d516d29455d16642176198b117e045d901728cddd91,26fed78d4d061411d262f2e0bd026cf376f876d9c6ec704f49cd0fde0f9873e1,91,-0.624471790681699,0.01
0,2,unrounded_strict,wholly_unseen,laplace,uniform,50.0,input_plus_surface,0.01,8b66ea1302bcaaf1be700d516d29455d16642176198b117e045d901728cddd91,909f336dd943ff630eebce51fafb2bb388c529ba28ffe09522a4eba50f8201f6,91,-0.6011709586025827,0.01
0,2,unrounded_strict,wholly_unseen,laplace,uniform,50.0,input_plus_surface,0.1,8b66ea1302bcaaf1be700d516d29455d16642176198b117e045d901728cddd91,3729bb0390a1ec0a196d97a7e608ce73b491b622675c4f1475b92ada52bf1c60,91,-0.6570093703196931,0.01
0,0,unrounded_strict,wholly_unseen,laplace,uniform,50.0,HU_plus_surface,0.0,5408050a7c8e3fd51bef6658f73bc7cde508d9922d061daa850381a661f5a7ea,61759aabe8b183d5e8b7bbb082363ac0273132ef566657c896a8d8d79dde875d,91,-0.6302289921807386,0.01
0,0,unrounded_strict,wholly_unseen,laplace,uniform,50.0,HU_plus_surface,0.0001,5408050a7c8e3fd51bef6658f73bc7cde508d9922d061daa850381a661f5a7ea,af4cde44322a9db05fe9c21a4d57f98c05460e0f6c27ff11e14349d2dc211329,91,-0.6288623158312486,0.01
0,0,unrounded_strict,wholly_unseen,laplace,uniform,50.0,HU_plus_surface,0.001,5408050a7c8e3fd51bef6658f73bc7cde508d9922d061daa850381a661f5a7ea,058525074292ce04eaa20c0ba6f9db80b773e95354020651a0e4d316a3550704,91,-0.6194653330430332,0.01
0,0,unrounded_strict,wholly_unseen,laplace,uniform,50.0,HU_plus_surface,0.01,5408050a7c8e3fd51bef6658f73bc7cde508d9922d061daa850381a661f5a7ea,d7f9b500eff1fa67b4d9b3f49361e1495135da80dd7d13eeb148d2e3ed526f94,91,-0.5971222669037893,0.01
0,0,unrounded_strict,wholly_unseen,laplace,uniform,50.0,HU_plus_surface,0.1,5408050a7c8e3fd51bef6658f73bc7cde508d9922d061daa850381a661f5a7ea,f751a352440d5bed45a62c8613e0daa51d240280a510a44401a8b797ee25f293,91,-0.6557534139436598,0.01
0,1,unrounded_strict,wholly_unseen,laplace,uniform,50.0,HU_plus_surface,0.0,43df9afd7bbb08c16a32c53d9b371bf2731a1085c0b15d2f9d9a4be61ba45707,adf0e7b3db42daba9b9b4b4663e4dcd7e692da13a1719535a8f0e13dcab56fd4,89,-0.6302289921807386,0.01
0,1,unrounded_strict,wholly_unseen,laplace,uniform,50.0,HU_plus_surface,0.0001,43df9afd7bbb08c16a32c53d9b371bf2731a1085c0b15d2f9d9a4be61ba45707,7d6e28f29ecf40e56255b739b101b687513c5c8626beb1b22a8234e75f7371d5,89,-0.6288623158312486,0.01
0,1,unrounded_strict,wholly_unseen,laplace,uniform,50.0,HU_plus_surface,0.001,43df9afd7bbb08c16a32c53d9b371bf2731a1085c0b15d2f9d9a4be61ba45707,a5e551778e3d3f33be87ccc911aaf17388805df06ba8642a277952a6ca57b5c0,89,-0.6194653330430332,0.01
0,1,unrounded_strict,wholly_unseen,laplace,uniform,50.0,HU_plus_surface,0.01,43df9afd7bbb08c16a32c53d9b371bf2731a1085c0b15d2f9d9a4be61ba45707,3b5344648ef446a0f7d7cc618149b83fb8c588a1ca7485296707b40eead09b48,89,-0.5971222669037893,0.01
0,1,unrounded_strict,wholly_unseen,laplace,uniform,50.0,HU_plus_surface,0.1,43df9afd7bbb08c16a32c53d9b371bf2731a1085c0b15d2f9d9a4be61ba45707,5eb9046f170b31f215cc7713163ecc561d7183257d4219704b5b5d56b82b7010,89,-0.6557534139436598,0.01
0,2,unrounded_strict,wholly_unseen,laplace,uniform,50.0,HU_plus_surface,0.0,8b66ea1302bcaaf1be700d516d29455d16642176198b117e045d901728cddd91,f3b3c37218b5f2f4d4f9844dae6d7d0e9408eaea45f852850d596350060de383,91,-0.6302289921807386,0.01
0,2,unrounded_strict,wholly_unseen,laplace,uniform,50.0,HU_plus_surface,0.0001,8b66ea1302bcaaf1be700d516d29455d16642176198b117e045d901728cddd91,3f3fdde3ff9ec0752a9e1bcd095e630ec4ecf21748184616b3422e7b5f1cc334,91,-0.6288623158312486,0.01
0,2,unrounded_strict,wholly_unseen,laplace,uniform,50.0,HU_plus_surface,0.001,8b66ea1302bcaaf1be700d516d29455d16642176198b117e045d901728cddd91,5e8fdf898a7fe5b0f5313ba611e2fdaa99ff88994387c6185770ce3eb0adad0d,91,-0.6194653330430332,0.01
0,2,unrounded_strict,wholly_unseen,laplace,uniform,50.0,HU_plus_surface,0.01,8b66ea1302bcaaf1be700d516d29455d16642176198b117e045d901728cddd91,ed987a33030cba29bae9b3adb09b9ed83b8bd7d49833957c8bf10b160b19d7fe,91,-0.5971222669037893,0.01
0,2,unrounded_strict,wholly_unseen,laplace,uniform,50.0,HU_plus_surface,0.1,8b66ea1302bcaaf1be700d516d29455d16642176198b117e045d901728cddd91,b15cb55fd1c3cea16c5a48ae5defa4a543f07547e638e6671ad554b2f615d5f2,91,-0.6557534139436598,0.01
0,0,unrounded_strict,wholly_unseen,laplace,uniform,50.0,retention_bounded_plus_HU,0.0,5408050a7c8e3fd51bef6658f73bc7cde508d9922d061daa850381a661f5a7ea,5329bfb2dfd882fe1a851d1bd96a8be7a823cd4447552f4d33c25011c414f390,91,-0.6491566945675286,0.01
0,0,unrounded_strict,wholly_unseen,laplace,uniform,50.0,retention_bounded_plus_HU,0.0001,5408050a7c8e3fd51bef6658f73bc7cde508d9922d061daa850381a661f5a7ea,8967004f4ae313cec1ba92abd17facae43953b5ed83d927f8a660ce0d6ade87c,91,-0.6483466752141598,0.01
0,0,unrounded_strict,wholly_unseen,laplace,uniform,50.0,retention_bounded_plus_HU,0.001,5408050a7c8e3fd51bef6658f73bc7cde508d9922d061daa850381a661f5a7ea,949ecb0483644b0885f4b82eb5601189c454feb93e7177ba3bab472e130b3ff1,91,-0.6455344265887101,0.01
0,0,unrounded_strict,wholly_unseen,laplace,uniform,50.0,retention_bounded_plus_HU,0.01,5408050a7c8e3fd51bef6658f73bc7cde508d9922d061daa850381a661f5a7ea,78ac0e28452c319e5035478b8ff3a0d4f22b1c194377a05ca9fc092216158316,91,-0.6246748652706234,0.01
0,0,unrounded_strict,wholly_unseen,laplace,uniform,50.0,retention_bounded_plus_HU,0.1,5408050a7c8e3fd51bef6658f73bc7cde508d9922d061daa850381a661f5a7ea,96e5aaee27032502e10fe3b9b21803bef68bddf56553fd3251c72e186cf3023c,91,-0.6270685638281288,0.01
0,1,unrounded_strict,wholly_unseen,laplace,uniform,50.0,retention_bounded_plus_HU,0.0,43df9afd7bbb08c16a32c53d9b371bf2731a1085c0b15d2f9d9a4be61ba45707,4e4f03e456b9a85859c0b84aa233f40b0010d83b4e9b2579e03156162921bdbf,89,-0.6491566945675286,0.01
0,1,unrounded_strict,wholly_unseen,laplace,uniform,50.0,retention_bounded_plus_HU,0.0001,43df9afd7bbb08c16a32c53d9b371bf2731a1085c0b15d2f9d9a4be61ba45707,b1ef7c053d808aea6f9f4ce8647afb84a7e757e29d76f6c6f0f319a2de34aa2e,89,-0.6483466752141598,0.01
0,1,unrounded_strict,wholly_unseen,laplace,uniform,50.0,retention_bounded_plus_HU,0.001,43df9afd7bbb08c16a32c53d9b371bf2731a1085c0b15d2f9d9a4be61ba45707,44cf125e2189bb84196afb4f9fc1541776af0bcf31ed4008ec11b15e58471861,89,-0.6455344265887101,0.01
0,1,unrounded_strict,wholly_unseen,laplace,uniform,50.0,retention_bounded_plus_HU,0.01,43df9afd7bbb08c16a32c53d9b371bf2731a1085c0b15d2f9d9a4be61ba45707,58a9f6c8362156133b25f8af90dd3259a7f098d4004b16f77abf33b023d12afa,89,-0.6246748652706234,0.01
0,1,unrounded_strict,wholly_unseen,laplace,uniform,50.0,retention_bounded_plus_HU,0.1,43df9afd7bbb08c16a32c53d9b371bf2731a1085c0b15d2f9d9a4be61ba45707,86db90a417bb25bd1daa9a45d23e3c0ce36e6109fa49b4f52967e7d30964a1b5,89,-0.6270685638281288,0.01
0,2,unrounded_strict,wholly_unseen,laplace,uniform,50.0,retention_bounded_plus_HU,0.0,8b66ea1302bcaaf1be700d516d29455d16642176198b117e045d901728cddd91,977445dfdad30e4e6df9dca2ca46bee73aed9d9def0e17f9ed2c4a9a7f0321f6,91,-0.6491566945675286,0.01
0,2,unrounded_strict,wholly_unseen,laplace,uniform,50.0,retention_bounded_plus_HU,0.0001,8b66ea1302bcaaf1be700d516d29455d16642176198b117e045d901728cddd91,ce71d734f0ff4454efbb7e15daf91e8916424551b2255ac35eb32858a043941b,91,-0.6483466752141598,0.01
0,2,unrounded_strict,wholly_unseen,laplace,uniform,50.0,retention_bounded_plus_HU,0.001,8b66ea1302bcaaf1be700d516d29455d16642176198b117e045d901728cddd91,c35b3efe2670cc004f8469d50404d178c061ab5752c57a7ee317931cfc9572d0,91,-0.6455344265887101,0.01
0,2,unrounded_strict,wholly_unseen,laplace,uniform,50.0,retention_bounded_plus_HU,0.01,8b66ea1302bcaaf1be700d516d29455d16642176198b117e045d901728cddd91,a7ec39e801c50ea5e7612f5c5b483ba35703b6b15907d2675a65d1b40cb239fe,91,-0.6246748652706234,0.01
0,2,unrounded_strict,wholly_unseen,laplace,uniform,50.0,retention_bounded_plus_HU,0.1,8b66ea1302bcaaf1be700d516d29455d16642176198b117e045d901728cddd91,ac3b48018a1afd2a472f333bd001a66d4d3535f5fa8d73d8b1add5c3d09e9dfe,91,-0.6270685638281288,0.01
0,0,unrounded_strict,wholly_unseen,gh80,uniform,50.0,HU_plus_surface,0.0,5408050a7c8e3fd51bef6658f73bc7cde508d9922d061daa850381a661f5a7ea,c89ea1209fe32bbb174382088a9a8615ae5525c90b0e1f3ffcd4ce361a0473ee,91,-0.6140066997009647,0.01
0,0,unrounded_strict,wholly_unseen,gh80,uniform,50.0,HU_plus_surface,0.0001,5408050a7c8e3fd51bef6658f73bc7cde508d9922d061daa850381a661f5a7ea,e18e9124d1d351a7b76f13935d4a5bc071c2c2114cc7b66a4a89a1de54d219a8,91,-0.6125961344191153,0.01
0,0,unrounded_strict,wholly_unseen,gh80,uniform,50.0,HU_plus_surface,0.001,5408050a7c8e3fd51bef6658f73bc7cde508d9922d061daa850381a661f5a7ea,d704a62f027ddfe95f77106009b5826b275497216b515c7af2cb092e0fb88a21,91,-0.603468038047291,0.01
0,0,unrounded_strict,wholly_unseen,gh80,uniform,50.0,HU_plus_surface,0.01,5408050a7c8e3fd51bef6658f73bc7cde508d9922d061daa850381a661f5a7ea,b0b6df94123e7442d3e7215274c58a8f1ce13acdd9ace66bba2b388d662f0831,91,-0.5857424059472136,0.01
0,0,unrounded_strict,wholly_unseen,gh80,uniform,50.0,HU_plus_surface,0.1,5408050a7c8e3fd51bef6658f73bc7cde508d9922d061daa850381a661f5a7ea,ed0e0375fc4f9e8c7e784d49de05f8bc11ea3ef412c7e51c89f369c634377867,91,-0.6522445052808555,0.01
0,1,unrounded_strict,wholly_unseen,gh80,uniform,50.0,HU_plus_surface,0.0,43df9afd7bbb08c16a32c53d9b371bf2731a1085c0b15d2f9d9a4be61ba45707,0c45cae3705123631a3c99ba4103d36bbc11e05d3827d5345fbf106e3bd5be44,89,-0.6140066997009647,0.01
0,1,unrounded_strict,wholly_unseen,gh80,uniform,50.0,HU_plus_surface,0.0001,43df9afd7bbb08c16a32c53d9b371bf2731a1085c0b15d2f9d9a4be61ba45707,86c10a041c444348dbb37f4848c6228dfb408aaa681541683e7d2d86011a2d72,89,-0.6125961344191153,0.01
0,1,unrounded_strict,wholly_unseen,gh80,uniform,50.0,HU_plus_surface,0.001,43df9afd7bbb08c16a32c53d9b371bf2731a1085c0b15d2f9d9a4be61ba45707,936fc9c951aeb3895b9f27e3e41ac548805a503edeb106d7128d2dff0eb8320d,89,-0.603468038047291,0.01
0,1,unrounded_strict,wholly_unseen,gh80,uniform,50.0,HU_plus_surface,0.01,43df9afd7bbb08c16a32c53d9b371bf2731a1085c0b15d2f9d9a4be61ba45707,e71a8642f99357c5b530622f6dfe0e650abbcdb1f78ed46a4b406b95518b5621,89,-0.5857424059472136,0.01
0,1,unrounded_strict,wholly_unseen,gh80,uniform,50.0,HU_plus_surface,0.1,43df9afd7bbb08c16a32c53d9b371bf2731a1085c0b15d2f9d9a4be61ba45707,fc3c68a4eaaedbe88a165b55348f34089aab4d44b50ec1b762768acd77f35f8c,89,-0.6522445052808555,0.01
0,2,unrounded_strict,wholly_unseen,gh80,uniform,50.0,HU_plus_surface,0.0,8b66ea1302bcaaf1be700d516d29455d16642176198b117e045d901728cddd91,8ff02def77f6c03295e6ecd9a9a0969603618a53947d138bb9b57d2779952d99,91,-0.6140066997009647,0.01
0,2,unrounded_strict,wholly_unseen,gh80,uniform,50.0,HU_plus_surface,0.0001,8b66ea1302bcaaf1be700d516d29455d16642176198b117e045d901728cddd91,e28b049982a6594887bd3031b5a6f255e377e8e08636c8596eae1978cf02ca18,91,-0.6125961344191153,0.01
0,2,unrounded_strict,wholly_unseen,gh80,uniform,50.0,HU_plus_surface,0.001,8b66ea1302bcaaf1be700d516d29455d16642176198b117e045d901728cddd91,2a1c415d4f1e2b586f4ef011911e87d5bf267647a1ed1db0a472f3c6d0b84a25,91,-0.603468038047291,0.01
0,2,unrounded_strict,wholly_unseen,gh80,uniform,50.0,HU_plus_surface,0.01,8b66ea1302bcaaf1be700d516d29455d16642176198b117e045d901728cddd91,a679fb18fd69042da125d94d159f3a6f89545c644fbcac0f80260ee887c9b056,91,-0.5857424059472136,0.01
0,2,unrounded_strict,wholly_unseen,gh80,uniform,50.0,HU_plus_surface,0.1,8b66ea1302bcaaf1be700d516d29455d16642176198b117e045d901728cddd91,6c3ca327a200873fced87cb7e913201bde449b137cb90ca57ce32a918b9e6e6e,91,-0.6522445052808555,0.01
0,0,unrounded_strict,wholly_unseen,gh80,uniform,50.0,retention_bounded_plus_HU,0.0,5408050a7c8e3fd51bef6658f73bc7cde508d9922d061daa850381a661f5a7ea,d583df90a63555f6d5ddeef7932832a8af46a987eeb027f93c9e141e04cf7a1e,91,-0.6355243382541855,0.01
0,0,unrounded_strict,wholly_unseen,gh80,uniform,50.0,retention_bounded_plus_HU,0.0001,5408050a7c8e3fd51bef6658f73bc7cde508d9922d061daa850381a661f5a7ea,0fcbe74654f29510a7344ddb1ceb2031bb1bb743979edede2888f3c6f346b009,91,-0.6344640992105344,0.01
0,0,unrounded_strict,wholly_unseen,gh80,uniform,50.0,retention_bounded_plus_HU,0.001,5408050a7c8e3fd51bef6658f73bc7cde508d9922d061daa850381a661f5a7ea,7acdde9f62705d6bb1418da18129be92a183e2fbcbc9eed9785bbba5553ba3c5,91,-0.6320297206189589,0.01
0,0,unrounded_strict,wholly_unseen,gh80,uniform,50.0,retention_bounded_plus_HU,0.01,5408050a7c8e3fd51bef6658f73bc7cde508d9922d061daa850381a661f5a7ea,5c9997f8e5f05ce4f377e7cbdc723deaffc84aa4b1f632c8479cb6cd1a177dc2,91,-0.6166749200989238,0.01
0,0,unrounded_strict,wholly_unseen,gh80,uniform,50.0,retention_bounded_plus_HU,0.1,5408050a7c8e3fd51bef6658f73bc7cde508d9922d061daa850381a661f5a7ea,093fe0a636d33cbbd702cb96001c8e7a657b5431be79de1333b2aca153de1830,91,-0.6231451663989379,0.01
0,1,unrounded_strict,wholly_unseen,gh80,uniform,50.0,retention_bounded_plus_HU,0.0,43df9afd7bbb08c16a32c53d9b371bf2731a1085c0b15d2f9d9a4be61ba45707,112218b871bd2d59a2ecf4ec20f9ddd2131228f69886c29335ca5bb8fffbe2fe,89,-0.6355243382541855,0.01
0,1,unrounded_strict,wholly_unseen,gh80,uniform,50.0,retention_bounded_plus_HU,0.0001,43df9afd7bbb08c16a32c53d9b371bf2731a1085c0b15d2f9d9a4be61ba45707,0c2a69f3b90315eb034ed98bb8982b8a5cb0b8725db9f338f903bc36dc1e01a6,89,-0.6344640992105344,0.01
0,1,unrounded_strict,wholly_unseen,gh80,uniform,50.0,retention_bounded_plus_HU,0.001,43df9afd7bbb08c16a32c53d9b371bf2731a1085c0b15d2f9d9a4be61ba45707,a78479f251ab6318018094fb504ae850582c244cf43cf22bfa1b7b256773636e,89,-0.6320297206189589,0.01
0,1,unrounded_strict,wholly_unseen,gh80,uniform,50.0,retention_bounded_plus_HU,0.01,43df9afd7bbb08c16a32c53d9b371bf2731a1085c0b15d2f9d9a4be61ba45707,57346893b8296fda2d1eae8a12a41d4c37e2fbb5f35823fd4c299ac46664d014,89,-0.6166749200989238,0.01
0,1,unrounded_strict,wholly_unseen,gh80,uniform,50.0,retention_bounded_plus_HU,0.1,43df9afd7bbb08c16a32c53d9b371bf2731a1085c0b15d2f9d9a4be61ba45707,4184e307ad90ec370a6fdc5361d1d40681e38724ee34e6196c4aec233507fef6,89,-0.6231451663989379,0.01
0,2,unrounded_strict,wholly_unseen,gh80,uniform,50.0,retention_bounded_plus_HU,0.0,8b66ea1302bcaaf1be700d516d29455d16642176198b117e045d901728cddd91,ef309c007cb46df5a8ab75fc96e276e322dc74627e3d7608cb55eb6480932fcc,91,-0.6355243382541855,0.01
0,2,unrounded_strict,wholly_unseen,gh80,uniform,50.0,retention_bounded_plus_HU,0.0001,8b66ea1302bcaaf1be700d516d29455d16642176198b117e045d901728cddd91,8e9737842f88823ee04679ca48460b2b508acea659409b46def634c6bcd2ba0a,91,-0.6344640992105344,0.01
0,2,unrounded_strict,wholly_unseen,gh80,uniform,50.0,retention_bounded_plus_HU,0.001,8b66ea1302bcaaf1be700d516d29455d16642176198b117e045d901728cddd91,9abbec13fd96c0337f533ffb93da69c9b7bac054977c1af34e0c36b7fff2cb88,91,-0.6320297206189589,0.01
0,2,unrounded_strict,wholly_unseen,gh80,uniform,50.0,retention_bounded_plus_HU,0.01,8b66ea1302bcaaf1be700d516d29455d16642176198b117e045d901728cddd91,f2a23e340654cf908672cb6704430987bdc722df58ad9b3fdcff759f206ca976,91,-0.6166749200989238,0.01
0,2,unrounded_strict,wholly_unseen,gh80,uniform,50.0,retention_bounded_plus_HU,0.1,8b66ea1302bcaaf1be700d516d29455d16642176198b117e045d901728cddd91,13b95d2e4c4576cf26c48ecd626e2001bcf9d66bb3a2f0c6f53be0e10e33189d,91,-0.6231451663989379,0.01
1,0,all_strict,side_informed,laplace,uniform,50.0,retention_bounded,0.0,923683bb3d7d22d12d61ea5cd490f1fa6b90d6fe9e8fbdd8e0da06bd1e664b5a,6e9561f00134c0df71f006bb0b9da9292e7c6c7a2668520fab33291bc6b6068c,135,-0.3798745210242171,0.01
1,0,all_strict,side_informed,laplace,uniform,50.0,retention_bounded,0.0001,923683bb3d7d22d12d61ea5cd490f1fa6b90d6fe9e8fbdd8e0da06bd1e664b5a,db260724839574c151e235d68710ade62c1feb8333c472c52928b0c20026df87,135,-0.3763011663392464,0.01
1,0,all_strict,side_informed,laplace,uniform,50.0,retention_bounded,0.001,923683bb3d7d22d12d61ea5cd490f1fa6b90d6fe9e8fbdd8e0da06bd1e664b5a,4bdc132241fd24bdccd578e3c7d21d4b44540c4e16b518c129df5598168c4a8e,135,-0.3571310171937003,0.01
1,0,all_strict,side_informed,laplace,uniform,50.0,retention_bounded,0.01,923683bb3d7d22d12d61ea5cd490f1fa6b90d6fe9e8fbdd8e0da06bd1e664b5a,0a63aba7ea52fa2ba7a4bd0503793ef8ea50df7637221db59952f18d2c4534e7,135,-0.31658367582273755,0.01
1,0,all_strict,side_informed,laplace,uniform,50.0,retention_bounded,0.1,923683bb3d7d22d12d61ea5cd490f1fa6b90d6fe9e8fbdd8e0da06bd1e664b5a,a8a4b68d67ffecce6f6d4bba4b440af2c716aba8cd66c8ee9d8ea8e27773488b,135,-0.3423781999259809,0.01
1,1,all_strict,side_informed,laplace,uniform,50.0,retention_bounded,0.0,1fdce97f339c6596d23e9bb1065fcfdd1ee9e853c2e9a26822948904df8c6047,b826d7a17e14c6ad60f01e97593379e648e14b4e8f0f6fd038069fddaed3ced9,138,-0.3798745210242171,0.01
1,1,all_strict,side_informed,laplace,uniform,50.0,retention_bounded,0.0001,1fdce97f339c6596d23e9bb1065fcfdd1ee9e853c2e9a26822948904df8c6047,4e4bc6511c8d973aa935973e466c1ece29f5f12acf5ffb33151ec734a71f9304,138,-0.3763011663392464,0.01
1,1,all_strict,side_informed,laplace,uniform,50.0,retention_bounded,0.001,1fdce97f339c6596d23e9bb1065fcfdd1ee9e853c2e9a26822948904df8c6047,5f4302f6d026affbcad252f0eba061301e86897c2f46ebf1f6fe9b73e68709f2,138,-0.3571310171937003,0.01
1,1,all_strict,side_informed,laplace,uniform,50.0,retention_bounded,0.01,1fdce97f339c6596d23e9bb1065fcfdd1ee9e853c2e9a26822948904df8c6047,cee356bebc0ffb679a8347dcf8d906a96d12476b0cb4caa104858669908b41e5,138,-0.31658367582273755,0.01
1,1,all_strict,side_informed,laplace,uniform,50.0,retention_bounded,0.1,1fdce97f339c6596d23e9bb1065fcfdd1ee9e853c2e9a26822948904df8c6047,4064cedb929cf34a443543757cb94ea6849539c1fd27919f8f14c6c5dbbf4d57,138,-0.3423781999259809,0.01
1,2,all_strict,side_informed,laplace,uniform,50.0,retention_bounded,0.0,ea2a01c7ebcf95c320336f26b2b7d7ff133eac0910f84eeb63c63859a6fb024d,b4d31812f15163e11bce6358f23abedc039b8b0e3e66e74b5df16d2d36aef015,137,-0.3798745210242171,0.01
1,2,all_strict,side_informed,laplace,uniform,50.0,retention_bounded,0.0001,ea2a01c7ebcf95c320336f26b2b7d7ff133eac0910f84eeb63c63859a6fb024d,3bb026f1608ca199652769e3212d4c708efc2ea8bb59e1c451be8695289c0b6e,137,-0.3763011663392464,0.01
1,2,all_strict,side_informed,laplace,uniform,50.0,retention_bounded,0.001,ea2a01c7ebcf95c320336f26b2b7d7ff133eac0910f84eeb63c63859a6fb024d,744e68d473cdb192a8437d11b513706d19db44574d28cbbeec91949a8723a50f,137,-0.3571310171937003,0.01
1,2,all_strict,side_informed,laplace,uniform,50.0,retention_bounded,0.01,ea2a01c7ebcf95c320336f26b2b7d7ff133eac0910f84eeb63c63859a6fb024d,d9e9786eef119ec02633e14f479963a6abe67bbfedae778187d2586e3e05f231,137,-0.31658367582273755,0.01
1,2,all_strict,side_informed,laplace,uniform,50.0,retention_bounded,0.1,ea2a01c7ebcf95c320336f26b2b7d7ff133eac0910f84eeb63c63859a6fb024d,a3196a9ab186f99cb51334403c542133bd844b71a606074494998ce5b424548c,137,-0.3423781999259809,0.01
1,0,all_strict,side_informed,laplace,uniform,50.0,retention_nonnegative,0.0,923683bb3d7d22d12d61ea5cd490f1fa6b90d6fe9e8fbdd8e0da06bd1e664b5a,f9d34a8bdda577973bd389e2cf874abdd1f128f3f75fed4376d9a26406e42418,135,-0.37987452365387403,0.01
1,0,all_strict,side_informed,laplace,uniform,50.0,retention_nonnegative,0.0001,923683bb3d7d22d12d61ea5cd490f1fa6b90d6fe9e8fbdd8e0da06bd1e664b5a,f087b8244befe34704736f45d0146839dc898b1374546544ab59cc475e285c3e,135,-0.3760261536894858,0.01
1,0,all_strict,side_informed,laplace,uniform,50.0,retention_nonnegative,0.001,923683bb3d7d22d12d61ea5cd490f1fa6b90d6fe9e8fbdd8e0da06bd1e664b5a,bee0e452bbaaa9972d7ce57656186b3baf7de165196f550e293645ef1c42209f,135,-0.3581829987391937,0.01
1,0,all_strict,side_informed,laplace,uniform,50.0,retention_nonnegative,0.01,923683bb3d7d22d12d61ea5cd490f1fa6b90d6fe9e8fbdd8e0da06bd1e664b5a,1a18bf556e18d9dbe6ad37ca350bb74f380b691422ffe98c65aed1b63d9b8b6b,135,-0.3402671721460583,0.01
1,0,all_strict,side_informed,laplace,uniform,50.0,retention_nonnegative,0.1,923683bb3d7d22d12d61ea5cd490f1fa6b90d6fe9e8fbdd8e0da06bd1e664b5a,aa9b906869af05b8a81c85424cfe3f0210b5275069637b317a1cb32105196349,135,-0.40193710546096906,0.01
1,1,all_strict,side_informed,laplace,uniform,50.0,retention_nonnegative,0.0,1fdce97f339c6596d23e9bb1065fcfdd1ee9e853c2e9a26822948904df8c6047,4d505b78fae6e38320eaaaef4b313f58d21951a3081cf516d6f0030adfdf6d1e,138,-0.37987452365387403,0.01
1,1,all_strict,side_informed,laplace,uniform,50.0,retention_nonnegative,0.0001,1fdce97f339c6596d23e9bb1065fcfdd1ee9e853c2e9a26822948904df8c6047,6270c362470007deb11f3a1ed32b8dddeb8528032e30070a4bc87314650f1ff2,138,-0.3760261536894858,0.01
1,1,all_strict,side_informed,laplace,uniform,50.0,retention_nonnegative,0.001,1fdce97f339c6596d23e9bb1065fcfdd1ee9e853c2e9a26822948904df8c6047,c2d06d44639298696893c55129fed0fc7fdeaff9dc5f850310cb65b66f6c7599,138,-0.3581829987391937,0.01
1,1,all_strict,side_informed,laplace,uniform,50.0,retention_nonnegative,0.01,1fdce97f339c6596d23e9bb1065fcfdd1ee9e853c2e9a26822948904df8c6047,890938032450d3bc80bb5cf7b6a81922f2d61305d253ebf010a675d7d768dcb8,138,-0.3402671721460583,0.01
1,1,all_strict,side_informed,laplace,uniform,50.0,retention_nonnegative,0.1,1fdce97f339c6596d23e9bb1065fcfdd1ee9e853c2e9a26822948904df8c6047,ae1c32d5737db9c07eb51d35433b36e8e806ddfbaa36da27fec2434d28537ac6,138,-0.40193710546096906,0.01
1,2,all_strict,side_informed,laplace,uniform,50.0,retention_nonnegative,0.0,ea2a01c7ebcf95c320336f26b2b7d7ff133eac0910f84eeb63c63859a6fb024d,12fc00bada31ce0729c74261c6b16e6b8bdc0140cca4b57800f2947b860495d0,137,-0.37987452365387403,0.01
1,2,all_strict,side_informed,laplace,uniform,50.0,retention_nonnegative,0.0001,ea2a01c7ebcf95c320336f26b2b7d7ff133eac0910f84eeb63c63859a6fb024d,20716a546ef7da4cc7bb0ae0378122f0c64375354e83206bda9346b53050f985,137,-0.3760261536894858,0.01
1,2,all_strict,side_informed,laplace,uniform,50.0,retention_nonnegative,0.001,ea2a01c7ebcf95c320336f26b2b7d7ff133eac0910f84eeb63c63859a6fb024d,d39d84bb3025e12a1ed1492584c0d105445dd71341d7cba36fa592d0ab06eaa7,137,-0.3581829987391937,0.01
1,2,all_strict,side_informed,laplace,uniform,50.0,retention_nonnegative,0.01,ea2a01c7ebcf95c320336f26b2b7d7ff133eac0910f84eeb63c63859a6fb024d,0465fc12318cf91bce18332f4bf4ca8a69236d4134cde5683f7cdd5e62010894,137,-0.3402671721460583,0.01
1,2,all_strict,side_informed,laplace,uniform,50.0,retention_nonnegative,0.1,ea2a01c7ebcf95c320336f26b2b7d7ff133eac0910f84eeb63c63859a6fb024d,0db6cedb2e47c4e0a487cbdedf982e9156f4d09dacfad8bb16eb5a944dc91a2c,137,-0.40193710546096906,0.01
1,0,all_strict,side_informed,laplace,uniform,50.0,current_only,0.0,923683bb3d7d22d12d61ea5cd490f1fa6b90d6fe9e8fbdd8e0da06bd1e664b5a,e170f1d04de3bb71b0018178fee6b2fce69eda2f199b2dfb7e1a363233007455,135,-0.5655258498221839,0.01
1,0,all_strict,side_informed,laplace,uniform,50.0,current_only,0.0001,923683bb3d7d22d12d61ea5cd490f1fa6b90d6fe9e8fbdd8e0da06bd1e664b5a,b1e0ff3627ac022a63b680d4983b1176679df99d8f120d7b08797f0b057a4b42,135,-0.5652984591620651,0.01
1,0,all_strict,side_informed,laplace,uniform,50.0,current_only,0.001,923683bb3d7d22d12d61ea5cd490f1fa6b90d6fe9e8fbdd8e0da06bd1e664b5a,395e1c04e3cc13504c49a09eea9f5d09b48c949fa6b11553d307603a50aab396,135,-0.5633539096911084,0.01
1,0,all_strict,side_informed,laplace,uniform,50.0,current_only,0.01,923683bb3d7d22d12d61ea5cd490f1fa6b90d6fe9e8fbdd8e0da06bd1e664b5a,45574c36e6974d4c95efbc39a8bff5c3b76361148ca1a506d965f923c8a3d433,135,-0.5506900676250692,0.01
1,0,all_strict,side_informed,laplace,uniform,50.0,current_only,0.1,923683bb3d7d22d12d61ea5cd490f1fa6b90d6fe9e8fbdd8e0da06bd1e664b5a,e4f30c32bf0537c74a647792c863b4b4494d2e33f7eb0219786e425078201f3e,135,-0.5543669452189777,0.01
1,1,all_strict,side_informed,laplace,uniform,50.0,current_only,0.0,1fdce97f339c6596d23e9bb1065fcfdd1ee9e853c2e9a26822948904df8c6047,78cc5dce550f1af9f4d2a90ad5656ffe3c6f0f900cc719ebb76818f6ac0159e8,138,-0.5655258498221839,0.01
1,1,all_strict,side_informed,laplace,uniform,50.0,current_only,0.0001,1fdce97f339c6596d23e9bb1065fcfdd1ee9e853c2e9a26822948904df8c6047,a4ecbd2cab6081565bf784b97fc093f154d7f2f8174ad0e63aedcc719503d2e1,138,-0.5652984591620651,0.01
1,1,all_strict,side_informed,laplace,uniform,50.0,current_only,0.001,1fdce97f339c6596d23e9bb1065fcfdd1ee9e853c2e9a26822948904df8c6047,ce8ddcf389f78f2389f0c1e04b0e9c5e8f062447e32c8c27651261d05d035f67,138,-0.5633539096911084,0.01
1,1,all_strict,side_informed,laplace,uniform,50.0,current_only,0.01,1fdce97f339c6596d23e9bb1065fcfdd1ee9e853c2e9a26822948904df8c6047,b4ab93bee5642c8eaffa0361a4ddb5342b2ed6a101a1f5dd11095c92722dfc8c,138,-0.5506900676250692,0.01
1,1,all_strict,side_informed,laplace,uniform,50.0,current_only,0.1,1fdce97f339c6596d23e9bb1065fcfdd1ee9e853c2e9a26822948904df8c6047,53ca404b2d89b2551fd7c470e04b530e65c5aacf47c2998fc12f161677f9b05c,138,-0.5543669452189777,0.01
1,2,all_strict,side_informed,laplace,uniform,50.0,current_only,0.0,ea2a01c7ebcf95c320336f26b2b7d7ff133eac0910f84eeb63c63859a6fb024d,d592e9b6db40a5766201a36c05844432330638d6e4a4309e0755ee1c3ec275f5,137,-0.5655258498221839,0.01
1,2,all_strict,side_informed,laplace,uniform,50.0,current_only,0.0001,ea2a01c7ebcf95c320336f26b2b7d7ff133eac0910f84eeb63c63859a6fb024d,4b9e6464a42e5bc614a7e1ac7cea1c91b613e87605927c3a697bcd70f7f9c1c6,137,-0.5652984591620651,0.01
1,2,all_strict,side_informed,laplace,uniform,50.0,current_only,0.001,ea2a01c7ebcf95c320336f26b2b7d7ff133eac0910f84eeb63c63859a6fb024d,fb23a8dee9885149081c0a6f9f6dc2abf4929fe4d06289cf44e885a65f48f9a4,137,-0.5633539096911084,0.01
1,2,all_strict,side_informed,laplace,uniform,50.0,current_only,0.01,ea2a01c7ebcf95c320336f26b2b7d7ff133eac0910f84eeb63c63859a6fb024d,de0388ae4ed098cff19fbb16177e6f84ae96d0a59ac2dfdbede3ba49f874b5da,137,-0.5506900676250692,0.01
1,2,all_strict,side_informed,laplace,uniform,50.0,current_only,0.1,ea2a01c7ebcf95c320336f26b2b7d7ff133eac0910f84eeb63c63859a6fb024d,56cfe86ae82dd09704996e63b205882c5815af773b6649c3c810aa89773d33a6,137,-0.5543669452189777,0.01
1,0,all_strict,side_informed,laplace,uniform,50.0,input_plus_surface,0.0,923683bb3d7d22d12d61ea5cd490f1fa6b90d6fe9e8fbdd8e0da06bd1e664b5a,3492f31ab5bfe4df4ce04fe870b06172e1dc05253378a1a7a777f3eace017168,135,-0.3603752006456134,0.01
1,0,all_strict,side_informed,laplace,uniform,50.0,input_plus_surface,0.0001,923683bb3d7d22d12d61ea5cd490f1fa6b90d6fe9e8fbdd8e0da06bd1e664b5a,a5654dcce0be092aecedd51f51a04190ed8bda0cfeb1eb67a7cad6013988394b,135,-0.3567023091622695,0.01
1,0,all_strict,side_informed,laplace,uniform,50.0,input_plus_surface,0.001,923683bb3d7d22d12d61ea5cd490f1fa6b90d6fe9e8fbdd8e0da06bd1e664b5a,23a7e23da29e2bd11ca73a7aa3e3615c8ae7b49916c6947b8760e8191738e99b,135,-0.33735119970990995,0.01
1,0,all_strict,side_informed,laplace,uniform,50.0,input_plus_surface,0.01,923683bb3d7d22d12d61ea5cd490f1fa6b90d6fe9e8fbdd8e0da06bd1e664b5a,d728eddb49fb28044b3042b1f590bfb0ccf42165f3c831ff5dfc0a5f1d360065,135,-0.3028953622438233,0.01
1,0,all_strict,side_informed,laplace,uniform,50.0,input_plus_surface,0.1,923683bb3d7d22d12d61ea5cd490f1fa6b90d6fe9e8fbdd8e0da06bd1e664b5a,78c5419b25fc307fdb81e3cf66d91eb2f57d8410706d05adc04c62b321f0cac0,135,-0.35370126392363155,0.01
1,1,all_strict,side_informed,laplace,uniform,50.0,input_plus_surface,0.0,1fdce97f339c6596d23e9bb1065fcfdd1ee9e853c2e9a26822948904df8c6047,397f6820cbd73558d96124d2fd6e4591d20b49531bb0ba030c5b0af47f1438dd,138,-0.3603752006456134,0.01
1,1,all_strict,side_informed,laplace,uniform,50.0,input_plus_surface,0.0001,1fdce97f339c6596d23e9bb1065fcfdd1ee9e853c2e9a26822948904df8c6047,eb1d445d643b1f3a6956f4eadff958a0009acab8ba4d784a5002a7a69e6bd960,138,-0.3567023091622695,0.01
1,1,all_strict,side_informed,laplace,uniform,50.0,input_plus_surface,0.001,1fdce97f339c6596d23e9bb1065fcfdd1ee9e853c2e9a26822948904df8c6047,ace75e68c76e1f2eb1156a6ea8ee4673aa93cbcdc5a704d6384a442b225e47b3,138,-0.33735119970990995,0.01
1,1,all_strict,side_informed,laplace,uniform,50.0,input_plus_surface,0.01,1fdce97f339c6596d23e9bb1065fcfdd1ee9e853c2e9a26822948904df8c6047,dba08b34f97edbfbd8d518b2f47df12617afffe2e8b1ecba733cc7c1571195eb,138,-0.3028953622438233,0.01
1,1,all_strict,side_informed,laplace,uniform,50.0,input_plus_surface,0.1,1fdce97f339c6596d23e9bb1065fcfdd1ee9e853c2e9a26822948904df8c6047,5bf6c5caba042c4b6c8662ab95bb8b04486189f86e6eafc0ab98d8e0f84c6f80,138,-0.35370126392363155,0.01
1,2,all_strict,side_informed,laplace,uniform,50.0,input_plus_surface,0.0,ea2a01c7ebcf95c320336f26b2b7d7ff133eac0910f84eeb63c63859a6fb024d,c299eefa7dce690eda7924805d16d64c271f0f4f8f2dc6f02ce3acb759ac8cef,137,-0.3603752006456134,0.01
1,2,all_strict,side_informed,laplace,uniform,50.0,input_plus_surface,0.0001,ea2a01c7ebcf95c320336f26b2b7d7ff133eac0910f84eeb63c63859a6fb024d,40a4547880d2acaff6f18d6b63ebaef866a28e5128368c514a44529a75d6baed,137,-0.3567023091622695,0.01
1,2,all_strict,side_informed,laplace,uniform,50.0,input_plus_surface,0.001,ea2a01c7ebcf95c320336f26b2b7d7ff133eac0910f84eeb63c63859a6fb024d,66ef17edee391b986b1f66d72e20bc6ccb704127e714efaf0faf1187164ca22d,137,-0.33735119970990995,0.01
1,2,all_strict,side_informed,laplace,uniform,50.0,input_plus_surface,0.01,ea2a01c7ebcf95c320336f26b2b7d7ff133eac0910f84eeb63c63859a6fb024d,a0b25bcc54b26008fa5dcd0dd994fdc4eac02f67554865604e638d40257bcd94,137,-0.3028953622438233,0.01
1,2,all_strict,side_informed,laplace,uniform,50.0,input_plus_surface,0.1,ea2a01c7ebcf95c320336f26b2b7d7ff133eac0910f84eeb63c63859a6fb024d,72209b9a90cca3d1d5c63f71e6ccf3fb8f052493284a6e617e0d86254e1b8d67,137,-0.35370126392363155,0.01
1,0,all_strict,side_informed,laplace,uniform,50.0,HU_plus_surface,0.0,923683bb3d7d22d12d61ea5cd490f1fa6b90d6fe9e8fbdd8e0da06bd1e664b5a,edf87f428b294c81c627616f652e5cc55f8cd60cbfd203eef7dbc21721166a14,135,-0.3056984570022794,0.01
1,0,all_strict,side_informed,laplace,uniform,50.0,HU_plus_surface,0.0001,923683bb3d7d22d12d61ea5cd490f1fa6b90d6fe9e8fbdd8e0da06bd1e664b5a,df70e679b92e09b277bcf30e51cbd64d153c25224bab1d1c00adaba577e2c7e8,135,-0.30337631845252694,0.01
1,0,all_strict,side_informed,laplace,uniform,50.0,HU_plus_surface,0.001,923683bb3d7d22d12d61ea5cd490f1fa6b90d6fe9e8fbdd8e0da06bd1e664b5a,65bbd93110c0960ebe5a08bb7fcf5a9451b49a6ebad10dee66d17414f7a24755,135,-0.29120629709308155,0.01
1,0,all_strict,side_informed,laplace,uniform,50.0,HU_plus_surface,0.01,923683bb3d7d22d12d61ea5cd490f1fa6b90d6fe9e8fbdd8e0da06bd1e664b5a,a04086eadef3d17da82a95acc8fb17c016d6abd3580a21e54b120071ac89f6e7,135,-0.2738863653915421,0.01
1,0,all_strict,side_informed,laplace,uniform,50.0,HU_plus_surface,0.1,923683bb3d7d22d12d61ea5cd490f1fa6b90d6fe9e8fbdd8e0da06bd1e664b5a,b1c3424e6fdd26e8b45bbd7ab5080b23f6491372600b6ffeebd64c304a794366,135,-0.3410060997621873,0.01
1,1,all_strict,side_informed,laplace,uniform,50.0,HU_plus_surface,0.0,1fdce97f339c6596d23e9bb1065fcfdd1ee9e853c2e9a26822948904df8c6047,e024877e7f78c4400a705bce02a022951307c2c3e973c497ac6d20cdacfb5f5c,138,-0.3056984570022794,0.01
1,1,all_strict,side_informed,laplace,uniform,50.0,HU_plus_surface,0.0001,1fdce97f339c6596d23e9bb1065fcfdd1ee9e853c2e9a26822948904df8c6047,7dd24a9320065a49ccfe84e7a950e0780c221132d5ed269675d7fab5583d1e46,138,-0.30337631845252694,0.01
1,1,all_strict,side_informed,laplace,uniform,50.0,HU_plus_surface,0.001,1fdce97f339c6596d23e9bb1065fcfdd1ee9e853c2e9a26822948904df8c6047,828dd254ac774638797ae13f729afea029d373b3dccdee9abfd8174a5f6a2f09,138,-0.29120629709308155,0.01
1,1,all_strict,side_informed,laplace,uniform,50.0,HU_plus_surface,0.01,1fdce97f339c6596d23e9bb1065fcfdd1ee9e853c2e9a26822948904df8c6047,8b91f0b9168a724ff9e5a197aa4ea42c6e6affe493e4d9a3fb22786df5513dbb,138,-0.2738863653915421,0.01
1,1,all_strict,side_informed,laplace,uniform,50.0,HU_plus_surface,0.1,1fdce97f339c6596d23e9bb1065fcfdd1ee9e853c2e9a26822948904df8c6047,bb22289440b0b21a2bf6342c9569cbea2b36000c1b3469796d7bb822cc148737,138,-0.3410060997621873,0.01
1,2,all_strict,side_informed,laplace,uniform,50.0,HU_plus_surface,0.0,ea2a01c7ebcf95c320336f26b2b7d7ff133eac0910f84eeb63c63859a6fb024d,e45af851386be508833165cbefac4035dec192ec6a0f7cb6ffe2ff04adf120fb,137,-0.3056984570022794,0.01
1,2,all_strict,side_informed,laplace,uniform,50.0,HU_plus_surface,0.0001,ea2a01c7ebcf95c320336f26b2b7d7ff133eac0910f84eeb63c63859a6fb024d,24c474ba642c9dc59aa28b30cd8f2c7b7cc68489b295e531e62e8f8e88f225b5,137,-0.30337631845252694,0.01
1,2,all_strict,side_informed,laplace,uniform,50.0,HU_plus_surface,0.001,ea2a01c7ebcf95c320336f26b2b7d7ff133eac0910f84eeb63c63859a6fb024d,79d133f95f04902ae85980b54a546cc71bee80f6e10ef0353e921c5aa21d9540,137,-0.29120629709308155,0.01
1,2,all_strict,side_informed,laplace,uniform,50.0,HU_plus_surface,0.01,ea2a01c7ebcf95c320336f26b2b7d7ff133eac0910f84eeb63c63859a6fb024d,3df734dc4f887f82f2e76010b43af1e83c9575b2ef42a6383364b77e71427e8b,137,-0.2738863653915421,0.01
1,2,all_strict,side_informed,laplace,uniform,50.0,HU_plus_surface,0.1,ea2a01c7ebcf95c320336f26b2b7d7ff133eac0910f84eeb63c63859a6fb024d,0f7634a274d14b6fc50c2cbed9f6ad5b243087a847d1a90943017160012c5ce2,137,-0.3410060997621873,0.01
1,0,all_strict,side_informed,laplace,uniform,50.0,retention_bounded_plus_HU,0.0,923683bb3d7d22d12d61ea5cd490f1fa6b90d6fe9e8fbdd8e0da06bd1e664b5a,fee952cf4a5752d14376d7091b4e2639af98faac78829b5955d594d0df7b3c9f,135,-0.3198430780363526,0.01
1,0,all_strict,side_informed,laplace,uniform,50.0,retention_bounded_plus_HU,0.0001,923683bb3d7d22d12d61ea5cd490f1fa6b90d6fe9e8fbdd8e0da06bd1e664b5a,f402f483f204b4890d8153cb7548ccdd1ba194f5039e8918915a5c2f74aad905,135,-0.3185703218841235,0.01
1,0,all_strict,side_informed,laplace,uniform,50.0,retention_bounded_plus_HU,0.001,923683bb3d7d22d12d61ea5cd490f1fa6b90d6fe9e8fbdd8e0da06bd1e664b5a,399d02e97517b1a547fa5ce221b06de2ad48ecd24ce53336aa295639e611d6bd,135,-0.31023313691913,0.01
1,0,all_strict,side_informed,laplace,uniform,50.0,retention_bounded_plus_HU,0.01,923683bb3d7d22d12d61ea5cd490f1fa6b90d6fe9e8fbdd8e0da06bd1e664b5a,5bffdd312d67f6c09a7d846901610755024d7729cd8bae8b1818f12de580c5fe,135,-0.2869238742974789,0.01
1,0,all_strict,side_informed,laplace,uniform,50.0,retention_bounded_plus_HU,0.1,923683bb3d7d22d12d61ea5cd490f1fa6b90d6fe9e8fbdd8e0da06bd1e664b5a,5f47d8b868d346ab6057da20b84b743b2c530c37d414f5e87d704abb8e3a8da8,135,-0.3066399385986019,0.01
1,1,all_strict,side_informed,laplace,uniform,50.0,retention_bounded_plus_HU,0.0,1fdce97f339c6596d23e9bb1065fcfdd1ee9e853c2e9a26822948904df8c6047,bfe331ccfd886f5f29f593a02713c44939ed25bdc5955858cb8226ad8dcb19e2,138,-0.3198430780363526,0.01
1,1,all_strict,side_informed,laplace,uniform,50.0,retention_bounded_plus_HU,0.0001,1fdce97f339c6596d23e9bb1065fcfdd1ee9e853c2e9a26822948904df8c6047,d98aa42b648eed5342076d46545f3f9fe357d8d29c757a487a0edc528171c9c6,138,-0.3185703218841235,0.01
1,1,all_strict,side_informed,laplace,uniform,50.0,retention_bounded_plus_HU,0.001,1fdce97f339c6596d23e9bb1065fcfdd1ee9e853c2e9a26822948904df8c6047,e378733e479218e663068aec45423e590cf26f8a0763670960874d0ad3ded882,138,-0.31023313691913,0.01
1,1,all_strict,side_informed,laplace,uniform,50.0,retention_bounded_plus_HU,0.01,1fdce97f339c6596d23e9bb1065fcfdd1ee9e853c2e9a26822948904df8c6047,38d10c241ef0787c3a2a990ca98006ce12ac43623645a8807e35faf2f335b34b,138,-0.2869238742974789,0.01
1,1,all_strict,side_informed,laplace,uniform,50.0,retention_bounded_plus_HU,0.1,1fdce97f339c6596d23e9bb1065fcfdd1ee9e853c2e9a26822948904df8c6047,cd10a5d73c1345d01c9ad71a2aac7107822ff5acea6450dbe087744a7b55ef18,138,-0.3066399385986019,0.01
1,2,all_strict,side_informed,laplace,uniform,50.0,retention_bounded_plus_HU,0.0,ea2a01c7ebcf95c320336f26b2b7d7ff133eac0910f84eeb63c63859a6fb024d,debe064b646f302b2a234dfcfc0f90435b1d005d3227aa55d1c43be71a1e9cd8,137,-0.3198430780363526,0.01
1,2,all_strict,side_informed,laplace,uniform,50.0,retention_bounded_plus_HU,0.0001,ea2a01c7ebcf95c320336f26b2b7d7ff133eac0910f84eeb63c63859a6fb024d,40e189822fe1d280d8a9f1e926abb22d9ac140267ffe1295df6a253bb262c32c,137,-0.3185703218841235,0.01
1,2,all_strict,side_informed,laplace,uniform,50.0,retention_bounded_plus_HU,0.001,ea2a01c7ebcf95c320336f26b2b7d7ff133eac0910f84eeb63c63859a6fb024d,baf80644356d9f32ed036b077ff557f4b56d615bc262e436c988cede2d954a86,137,-0.31023313691913,0.01
1,2,all_strict,side_informed,laplace,uniform,50.0,retention_bounded_plus_HU,0.01,ea2a01c7ebcf95c320336f26b2b7d7ff133eac0910f84eeb63c63859a6fb024d,ad9273842eb285daf6f287f759429573e1276ccbf204b3881392f8b8a214a157,137,-0.2869238742974789,0.01
1,2,all_strict,side_informed,laplace,uniform,50.0,retention_bounded_plus_HU,0.1,ea2a01c7ebcf95c320336f26b2b7d7ff133eac0910f84eeb63c63859a6fb024d,02178f47116949cc2d7ff72b551ccd3d66c61d8ad90bf6677448018c60ddc66f,137,-0.3066399385986019,0.01
1,0,all_strict,side_informed,gh80,uniform,50.0,HU_plus_surface,0.0,923683bb3d7d22d12d61ea5cd490f1fa6b90d6fe9e8fbdd8e0da06bd1e664b5a,3119ccfd1934fc4d8401068b9a1f54a785386407bede6db4f1dab967a074a510,135,-0.3117087716992655,0.01
1,0,all_strict,side_informed,gh80,uniform,50.0,HU_plus_surface,0.0001,923683bb3d7d22d12d61ea5cd490f1fa6b90d6fe9e8fbdd8e0da06bd1e664b5a,81be46783bfe9550419020ccd76834cc3a7b8091454d16b818e50cbe0f6e71e0,135,-0.3089405094798629,0.01
1,0,all_strict,side_informed,gh80,uniform,50.0,HU_plus_surface,0.001,923683bb3d7d22d12d61ea5cd490f1fa6b90d6fe9e8fbdd8e0da06bd1e664b5a,2eff8dc4c43903e00b0410188923bc38e379ab57c57a231719de3569436fc27d,135,-0.29489230977103953,0.01
1,0,all_strict,side_informed,gh80,uniform,50.0,HU_plus_surface,0.01,923683bb3d7d22d12d61ea5cd490f1fa6b90d6fe9e8fbdd8e0da06bd1e664b5a,8463f6bc04e7a14b377ba036779baac6b6d11b94b6186f6f0cf59a5dcaace019,135,-0.2760254470577665,0.01
1,0,all_strict,side_informed,gh80,uniform,50.0,HU_plus_surface,0.1,923683bb3d7d22d12d61ea5cd490f1fa6b90d6fe9e8fbdd8e0da06bd1e664b5a,2db5acdbeb2ed501ac511f89ea16be19af1005f5fb6b2a91279f734df1240400,135,-0.34410181987375726,0.01
1,1,all_strict,side_informed,gh80,uniform,50.0,HU_plus_surface,0.0,1fdce97f339c6596d23e9bb1065fcfdd1ee9e853c2e9a26822948904df8c6047,738d4c8700f7a2be0d12417f09fea9d085d78619f01755173f21f9fb21d115ef,138,-0.3117087716992655,0.01
1,1,all_strict,side_informed,gh80,uniform,50.0,HU_plus_surface,0.0001,1fdce97f339c6596d23e9bb1065fcfdd1ee9e853c2e9a26822948904df8c6047,02e19a95e169eedcc6a1af2f2ec6f32052c4bde17b65c7e8d8953c91b3ab960e,138,-0.3089405094798629,0.01
1,1,all_strict,side_informed,gh80,uniform,50.0,HU_plus_surface,0.001,1fdce97f339c6596d23e9bb1065fcfdd1ee9e853c2e9a26822948904df8c6047,88c136525f022ae614c739a94d5a0e449197330536bdc78c69df68d3688405b8,138,-0.29489230977103953,0.01
1,1,all_strict,side_informed,gh80,uniform,50.0,HU_plus_surface,0.01,1fdce97f339c6596d23e9bb1065fcfdd1ee9e853c2e9a26822948904df8c6047,b024476cb73c2a54c7b26a3fdb8a21fec6baf6c62bb3fd316bc93c8fceecabe0,138,-0.2760254470577665,0.01
1,1,all_strict,side_informed,gh80,uniform,50.0,HU_plus_surface,0.1,1fdce97f339c6596d23e9bb1065fcfdd1ee9e853c2e9a26822948904df8c6047,2e4ef7018b650c1c2f4718315f028dbb75436e885cb4bd5c040bd7d34d37b184,138,-0.34410181987375726,0.01
1,2,all_strict,side_informed,gh80,uniform,50.0,HU_plus_surface,0.0,ea2a01c7ebcf95c320336f26b2b7d7ff133eac0910f84eeb63c63859a6fb024d,1ef1fe7007f7955ef950ccf7b40c165a79d41e7b78b087989dcb696647c85042,137,-0.3117087716992655,0.01
1,2,all_strict,side_informed,gh80,uniform,50.0,HU_plus_surface,0.0001,ea2a01c7ebcf95c320336f26b2b7d7ff133eac0910f84eeb63c63859a6fb024d,56fc05d9811ca0bf8e0a80ef488d6b60e1d5637374ca04bf2b2f7fe029111b2c,137,-0.3089405094798629,0.01
1,2,all_strict,side_informed,gh80,uniform,50.0,HU_plus_surface,0.001,ea2a01c7ebcf95c320336f26b2b7d7ff133eac0910f84eeb63c63859a6fb024d,d999f50d70eab905ed7bd824f7238964a0157cd72f7bb11edf6d45a22058dada,137,-0.29489230977103953,0.01
1,2,all_strict,side_informed,gh80,uniform,50.0,HU_plus_surface,0.01,ea2a01c7ebcf95c320336f26b2b7d7ff133eac0910f84eeb63c63859a6fb024d,620cb0aca82ad0ef62823b4dfe9bbf1d267c5e1c672844a69b015dbe48d6e99d,137,-0.2760254470577665,0.01
1,2,all_strict,side_informed,gh80,uniform,50.0,HU_plus_surface,0.1,ea2a01c7ebcf95c320336f26b2b7d7ff133eac0910f84eeb63c63859a6fb024d,26667036ef27b10717c258ed7b71d5b56ff084c543fed39f06dfb41f7f9c8d55,137,-0.34410181987375726,0.01
1,0,all_strict,side_informed,gh80,uniform,50.0,retention_bounded_plus_HU,0.0,923683bb3d7d22d12d61ea5cd490f1fa6b90d6fe9e8fbdd8e0da06bd1e664b5a,c82f06ade3822ffeb67cf417cf9cc3cc88065d223787a4d8f86228d4060e0298,135,-0.3258657299164102,0.01
1,0,all_strict,side_informed,gh80,uniform,50.0,retention_bounded_plus_HU,0.0001,923683bb3d7d22d12d61ea5cd490f1fa6b90d6fe9e8fbdd8e0da06bd1e664b5a,715ab7e40c6806e4282ba8b132bd1dc95d794fc3c363b36c21f4bcdf3680455c,135,-0.32504812433121916,0.01
1,0,all_strict,side_informed,gh80,uniform,50.0,retention_bounded_plus_HU,0.001,923683bb3d7d22d12d61ea5cd490f1fa6b90d6fe9e8fbdd8e0da06bd1e664b5a,65e8cf84daf4ce72247ab7771fc282ba7a597028f4e6c03c10a824c321e93460,135,-0.3187704533276632,0.01
1,0,all_strict,side_informed,gh80,uniform,50.0,retention_bounded_plus_HU,0.01,923683bb3d7d22d12d61ea5cd490f1fa6b90d6fe9e8fbdd8e0da06bd1e664b5a,9e72dfbc91cb395bf5f85e597ac03d4ce8ec7edb20a366f4f719ba05adeb82bc,135,-0.2955983821566871,0.01
1,0,all_strict,side_informed,gh80,uniform,50.0,retention_bounded_plus_HU,0.1,923683bb3d7d22d12d61ea5cd490f1fa6b90d6fe9e8fbdd8e0da06bd1e664b5a,8e02cb314229873e9f0bba888d3faaefd5ee47c454b544d5fb997678268c34c7,135,-0.31180692639754864,0.01
1,1,all_strict,side_informed,gh80,uniform,50.0,retention_bounded_plus_HU,0.0,1fdce97f339c6596d23e9bb1065fcfdd1ee9e853c2e9a26822948904df8c6047,4f02c553038f041d064fc098fac5c3a014d5f7794875150157d9f2c3cb989726,138,-0.3258657299164102,0.01
1,1,all_strict,side_informed,gh80,uniform,50.0,retention_bounded_plus_HU,0.0001,1fdce97f339c6596d23e9bb1065fcfdd1ee9e853c2e9a26822948904df8c6047,a77026dd17bb6ad66d90a6a94e13c66357cff0f9613542f6de0bf34f3990a48c,138,-0.32504812433121916,0.01
1,1,all_strict,side_informed,gh80,uniform,50.0,retention_bounded_plus_HU,0.001,1fdce97f339c6596d23e9bb1065fcfdd1ee9e853c2e9a26822948904df8c6047,33e7f1298f6a0758257008fcebe9cbd07842c1a2da8c5cd7185890cb78cb4b00,138,-0.3187704533276632,0.01
1,1,all_strict,side_informed,gh80,uniform,50.0,retention_bounded_plus_HU,0.01,1fdce97f339c6596d23e9bb1065fcfdd1ee9e853c2e9a26822948904df8c6047,5bbb84f91e5b028a4971a98eaff2f809176a3923a562c6bd64cb1506e1e8ef4f,138,-0.2955983821566871,0.01
1,1,all_strict,side_informed,gh80,uniform,50.0,retention_bounded_plus_HU,0.1,1fdce97f339c6596d23e9bb1065fcfdd1ee9e853c2e9a26822948904df8c6047,13fc4198ab01150364cbaa2a681e8b4035f0d612d57604bfff4f0afd424ea932,138,-0.31180692639754864,0.01
1,2,all_strict,side_informed,gh80,uniform,50.0,retention_bounded_plus_HU,0.0,ea2a01c7ebcf95c320336f26b2b7d7ff133eac0910f84eeb63c63859a6fb024d,4683720d221ccbde578868f4190b2480fdad10db358f6374cba9637ebff51d84,137,-0.3258657299164102,0.01
1,2,all_strict,side_informed,gh80,uniform,50.0,retention_bounded_plus_HU,0.0001,ea2a01c7ebcf95c320336f26b2b7d7ff133eac0910f84eeb63c63859a6fb024d,c1fd9bce8352f447e03953549f7e2aaf838767e465e9720950ec119af0eb339d,137,-0.32504812433121916,0.01
1,2,all_strict,side_informed,gh80,uniform,50.0,retention_bounded_plus_HU,0.001,ea2a01c7ebcf95c320336f26b2b7d7ff133eac0910f84eeb63c63859a6fb024d,9a74a6695411f7ef08d9971f3ce4823ba3c1f26d40df34a816cf00b304d51c0e,137,-0.3187704533276632,0.01
1,2,all_strict,side_informed,gh80,uniform,50.0,retention_bounded_plus_HU,0.01,ea2a01c7ebcf95c320336f26b2b7d7ff133eac0910f84eeb63c63859a6fb024d,ac8824c8b30d2e4e0a1125f59f473210d9650ebfedb06ae9b1592ab28a38bda0,137,-0.2955983821566871,0.01
1,2,all_strict,side_informed,gh80,uniform,50.0,retention_bounded_plus_HU,0.1,ea2a01c7ebcf95c320336f26b2b7d7ff133eac0910f84eeb63c63859a6fb024d,9e55248d67933562a6b74c2d9dbdaa4f342047b1c0f658a7db1ae07a7962d690,137,-0.31180692639754864,0.01
1,0,all_strict,wholly_unseen,laplace,uniform,50.0,retention_bounded,0.0,923683bb3d7d22d12d61ea5cd490f1fa6b90d6fe9e8fbdd8e0da06bd1e664b5a,6e9561f00134c0df71f006bb0b9da9292e7c6c7a2668520fab33291bc6b6068c,135,-0.6768131528188804,0.01
1,0,all_strict,wholly_unseen,laplace,uniform,50.0,retention_bounded,0.0001,923683bb3d7d22d12d61ea5cd490f1fa6b90d6fe9e8fbdd8e0da06bd1e664b5a,db260724839574c151e235d68710ade62c1feb8333c472c52928b0c20026df87,135,-0.673259471228901,0.01
1,0,all_strict,wholly_unseen,laplace,uniform,50.0,retention_bounded,0.001,923683bb3d7d22d12d61ea5cd490f1fa6b90d6fe9e8fbdd8e0da06bd1e664b5a,4bdc132241fd24bdccd578e3c7d21d4b44540c4e16b518c129df5598168c4a8e,135,-0.6532652587499963,0.01
1,0,all_strict,wholly_unseen,laplace,uniform,50.0,retention_bounded,0.01,923683bb3d7d22d12d61ea5cd490f1fa6b90d6fe9e8fbdd8e0da06bd1e664b5a,0a63aba7ea52fa2ba7a4bd0503793ef8ea50df7637221db59952f18d2c4534e7,135,-0.600174362274444,0.01
1,0,all_strict,wholly_unseen,laplace,uniform,50.0,retention_bounded,0.1,923683bb3d7d22d12d61ea5cd490f1fa6b90d6fe9e8fbdd8e0da06bd1e664b5a,a8a4b68d67ffecce6f6d4bba4b440af2c716aba8cd66c8ee9d8ea8e27773488b,135,-0.6122815009252809,0.01
1,1,all_strict,wholly_unseen,laplace,uniform,50.0,retention_bounded,0.0,1fdce97f339c6596d23e9bb1065fcfdd1ee9e853c2e9a26822948904df8c6047,b826d7a17e14c6ad60f01e97593379e648e14b4e8f0f6fd038069fddaed3ced9,138,-0.6768131528188804,0.01
1,1,all_strict,wholly_unseen,laplace,uniform,50.0,retention_bounded,0.0001,1fdce97f339c6596d23e9bb1065fcfdd1ee9e853c2e9a26822948904df8c6047,4e4bc6511c8d973aa935973e466c1ece29f5f12acf5ffb33151ec734a71f9304,138,-0.673259471228901,0.01
1,1,all_strict,wholly_unseen,laplace,uniform,50.0,retention_bounded,0.001,1fdce97f339c6596d23e9bb1065fcfdd1ee9e853c2e9a26822948904df8c6047,5f4302f6d026affbcad252f0eba061301e86897c2f46ebf1f6fe9b73e68709f2,138,-0.6532652587499963,0.01
1,1,all_strict,wholly_unseen,laplace,uniform,50.0,retention_bounded,0.01,1fdce97f339c6596d23e9bb1065fcfdd1ee9e853c2e9a26822948904df8c6047,cee356bebc0ffb679a8347dcf8d906a96d12476b0cb4caa104858669908b41e5,138,-0.600174362274444,0.01
1,1,all_strict,wholly_unseen,laplace,uniform,50.0,retention_bounded,0.1,1fdce97f339c6596d23e9bb1065fcfdd1ee9e853c2e9a26822948904df8c6047,4064cedb929cf34a443543757cb94ea6849539c1fd27919f8f14c6c5dbbf4d57,138,-0.6122815009252809,0.01
1,2,all_strict,wholly_unseen,laplace,uniform,50.0,retention_bounded,0.0,ea2a01c7ebcf95c320336f26b2b7d7ff133eac0910f84eeb63c63859a6fb024d,b4d31812f15163e11bce6358f23abedc039b8b0e3e66e74b5df16d2d36aef015,137,-0.6768131528188804,0.01
1,2,all_strict,wholly_unseen,laplace,uniform,50.0,retention_bounded,0.0001,ea2a01c7ebcf95c320336f26b2b7d7ff133eac0910f84eeb63c63859a6fb024d,3bb026f1608ca199652769e3212d4c708efc2ea8bb59e1c451be8695289c0b6e,137,-0.673259471228901,0.01
1,2,all_strict,wholly_unseen,laplace,uniform,50.0,retention_bounded,0.001,ea2a01c7ebcf95c320336f26b2b7d7ff133eac0910f84eeb63c63859a6fb024d,744e68d473cdb192a8437d11b513706d19db44574d28cbbeec91949a8723a50f,137,-0.6532652587499963,0.01
1,2,all_strict,wholly_unseen,laplace,uniform,50.0,retention_bounded,0.01,ea2a01c7ebcf95c320336f26b2b7d7ff133eac0910f84eeb63c63859a6fb024d,d9e9786eef119ec02633e14f479963a6abe67bbfedae778187d2586e3e05f231,137,-0.600174362274444,0.01
1,2,all_strict,wholly_unseen,laplace,uniform,50.0,retention_bounded,0.1,ea2a01c7ebcf95c320336f26b2b7d7ff133eac0910f84eeb63c63859a6fb024d,a3196a9ab186f99cb51334403c542133bd844b71a606074494998ce5b424548c,137,-0.6122815009252809,0.01
1,0,all_strict,wholly_unseen,laplace,uniform,50.0,retention_nonnegative,0.0,923683bb3d7d22d12d61ea5cd490f1fa6b90d6fe9e8fbdd8e0da06bd1e664b5a,f9d34a8bdda577973bd389e2cf874abdd1f128f3f75fed4376d9a26406e42418,135,-0.6768131640741097,0.01
1,0,all_strict,wholly_unseen,laplace,uniform,50.0,retention_nonnegative,0.0001,923683bb3d7d22d12d61ea5cd490f1fa6b90d6fe9e8fbdd8e0da06bd1e664b5a,f087b8244befe34704736f45d0146839dc898b1374546544ab59cc475e285c3e,135,-0.6708276218389301,0.01
1,0,all_strict,wholly_unseen,laplace,uniform,50.0,retention_nonnegative,0.001,923683bb3d7d22d12d61ea5cd490f1fa6b90d6fe9e8fbdd8e0da06bd1e664b5a,bee0e452bbaaa9972d7ce57656186b3baf7de165196f550e293645ef1c42209f,135,-0.6406528736546077,0.01
1,0,all_strict,wholly_unseen,laplace,uniform,50.0,retention_nonnegative,0.01,923683bb3d7d22d12d61ea5cd490f1fa6b90d6fe9e8fbdd8e0da06bd1e664b5a,1a18bf556e18d9dbe6ad37ca350bb74f380b691422ffe98c65aed1b63d9b8b6b,135,-0.6112178440176832,0.01
1,0,all_strict,wholly_unseen,laplace,uniform,50.0,retention_nonnegative,0.1,923683bb3d7d22d12d61ea5cd490f1fa6b90d6fe9e8fbdd8e0da06bd1e664b5a,aa9b906869af05b8a81c85424cfe3f0210b5275069637b317a1cb32105196349,135,-0.6813057964682889,0.01
1,1,all_strict,wholly_unseen,laplace,uniform,50.0,retention_nonnegative,0.0,1fdce97f339c6596d23e9bb1065fcfdd1ee9e853c2e9a26822948904df8c6047,4d505b78fae6e38320eaaaef4b313f58d21951a3081cf516d6f0030adfdf6d1e,138,-0.6768131640741097,0.01
1,1,all_strict,wholly_unseen,laplace,uniform,50.0,retention_nonnegative,0.0001,1fdce97f339c6596d23e9bb1065fcfdd1ee9e853c2e9a26822948904df8c6047,6270c362470007deb11f3a1ed32b8dddeb8528032e30070a4bc87314650f1ff2,138,-0.6708276218389301,0.01
1,1,all_strict,wholly_unseen,laplace,uniform,50.0,retention_nonnegative,0.001,1fdce97f339c6596d23e9bb1065fcfdd1ee9e853c2e9a26822948904df8c6047,c2d06d44639298696893c55129fed0fc7fdeaff9dc5f850310cb65b66f6c7599,138,-0.6406528736546077,0.01
1,1,all_strict,wholly_unseen,laplace,uniform,50.0,retention_nonnegative,0.01,1fdce97f339c6596d23e9bb1065fcfdd1ee9e853c2e9a26822948904df8c6047,890938032450d3bc80bb5cf7b6a81922f2d61305d253ebf010a675d7d768dcb8,138,-0.6112178440176832,0.01
1,1,all_strict,wholly_unseen,laplace,uniform,50.0,retention_nonnegative,0.1,1fdce97f339c6596d23e9bb1065fcfdd1ee9e853c2e9a26822948904df8c6047,ae1c32d5737db9c07eb51d35433b36e8e806ddfbaa36da27fec2434d28537ac6,138,-0.6813057964682889,0.01
1,2,all_strict,wholly_unseen,laplace,uniform,50.0,retention_nonnegative,0.0,ea2a01c7ebcf95c320336f26b2b7d7ff133eac0910f84eeb63c63859a6fb024d,12fc00bada31ce0729c74261c6b16e6b8bdc0140cca4b57800f2947b860495d0,137,-0.6768131640741097,0.01
1,2,all_strict,wholly_unseen,laplace,uniform,50.0,retention_nonnegative,0.0001,ea2a01c7ebcf95c320336f26b2b7d7ff133eac0910f84eeb63c63859a6fb024d,20716a546ef7da4cc7bb0ae0378122f0c64375354e83206bda9346b53050f985,137,-0.6708276218389301,0.01
1,2,all_strict,wholly_unseen,laplace,uniform,50.0,retention_nonnegative,0.001,ea2a01c7ebcf95c320336f26b2b7d7ff133eac0910f84eeb63c63859a6fb024d,d39d84bb3025e12a1ed1492584c0d105445dd71341d7cba36fa592d0ab06eaa7,137,-0.6406528736546077,0.01
1,2,all_strict,wholly_unseen,laplace,uniform,50.0,retention_nonnegative,0.01,ea2a01c7ebcf95c320336f26b2b7d7ff133eac0910f84eeb63c63859a6fb024d,0465fc12318cf91bce18332f4bf4ca8a69236d4134cde5683f7cdd5e62010894,137,-0.6112178440176832,0.01
1,2,all_strict,wholly_unseen,laplace,uniform,50.0,retention_nonnegative,0.1,ea2a01c7ebcf95c320336f26b2b7d7ff133eac0910f84eeb63c63859a6fb024d,0db6cedb2e47c4e0a487cbdedf982e9156f4d09dacfad8bb16eb5a944dc91a2c,137,-0.6813057964682889,0.01
1,0,all_strict,wholly_unseen,laplace,uniform,50.0,current_only,0.0,923683bb3d7d22d12d61ea5cd490f1fa6b90d6fe9e8fbdd8e0da06bd1e664b5a,e170f1d04de3bb71b0018178fee6b2fce69eda2f199b2dfb7e1a363233007455,135,-0.8452046797809187,0.01
1,0,all_strict,wholly_unseen,laplace,uniform,50.0,current_only,0.0001,923683bb3d7d22d12d61ea5cd490f1fa6b90d6fe9e8fbdd8e0da06bd1e664b5a,b1e0ff3627ac022a63b680d4983b1176679df99d8f120d7b08797f0b057a4b42,135,-0.8449772891208,0.01
1,0,all_strict,wholly_unseen,laplace,uniform,50.0,current_only,0.001,923683bb3d7d22d12d61ea5cd490f1fa6b90d6fe9e8fbdd8e0da06bd1e664b5a,395e1c04e3cc13504c49a09eea9f5d09b48c949fa6b11553d307603a50aab396,135,-0.8430327396498432,0.01
1,0,all_strict,wholly_unseen,laplace,uniform,50.0,current_only,0.01,923683bb3d7d22d12d61ea5cd490f1fa6b90d6fe9e8fbdd8e0da06bd1e664b5a,45574c36e6974d4c95efbc39a8bff5c3b76361148ca1a506d965f923c8a3d433,135,-0.8303688975838038,0.01
1,0,all_strict,wholly_unseen,laplace,uniform,50.0,current_only,0.1,923683bb3d7d22d12d61ea5cd490f1fa6b90d6fe9e8fbdd8e0da06bd1e664b5a,e4f30c32bf0537c74a647792c863b4b4494d2e33f7eb0219786e425078201f3e,135,-0.8340457751777125,0.01
1,1,all_strict,wholly_unseen,laplace,uniform,50.0,current_only,0.0,1fdce97f339c6596d23e9bb1065fcfdd1ee9e853c2e9a26822948904df8c6047,78cc5dce550f1af9f4d2a90ad5656ffe3c6f0f900cc719ebb76818f6ac0159e8,138,-0.8452046797809187,0.01
1,1,all_strict,wholly_unseen,laplace,uniform,50.0,current_only,0.0001,1fdce97f339c6596d23e9bb1065fcfdd1ee9e853c2e9a26822948904df8c6047,a4ecbd2cab6081565bf784b97fc093f154d7f2f8174ad0e63aedcc719503d2e1,138,-0.8449772891208,0.01
1,1,all_strict,wholly_unseen,laplace,uniform,50.0,current_only,0.001,1fdce97f339c6596d23e9bb1065fcfdd1ee9e853c2e9a26822948904df8c6047,ce8ddcf389f78f2389f0c1e04b0e9c5e8f062447e32c8c27651261d05d035f67,138,-0.8430327396498432,0.01
1,1,all_strict,wholly_unseen,laplace,uniform,50.0,current_only,0.01,1fdce97f339c6596d23e9bb1065fcfdd1ee9e853c2e9a26822948904df8c6047,b4ab93bee5642c8eaffa0361a4ddb5342b2ed6a101a1f5dd11095c92722dfc8c,138,-0.8303688975838038,0.01
1,1,all_strict,wholly_unseen,laplace,uniform,50.0,current_only,0.1,1fdce97f339c6596d23e9bb1065fcfdd1ee9e853c2e9a26822948904df8c6047,53ca404b2d89b2551fd7c470e04b530e65c5aacf47c2998fc12f161677f9b05c,138,-0.8340457751777125,0.01
1,2,all_strict,wholly_unseen,laplace,uniform,50.0,current_only,0.0,ea2a01c7ebcf95c320336f26b2b7d7ff133eac0910f84eeb63c63859a6fb024d,d592e9b6db40a5766201a36c05844432330638d6e4a4309e0755ee1c3ec275f5,137,-0.8452046797809187,0.01
1,2,all_strict,wholly_unseen,laplace,uniform,50.0,current_only,0.0001,ea2a01c7ebcf95c320336f26b2b7d7ff133eac0910f84eeb63c63859a6fb024d,4b9e6464a42e5bc614a7e1ac7cea1c91b613e87605927c3a697bcd70f7f9c1c6,137,-0.8449772891208,0.01
1,2,all_strict,wholly_unseen,laplace,uniform,50.0,current_only,0.001,ea2a01c7ebcf95c320336f26b2b7d7ff133eac0910f84eeb63c63859a6fb024d,fb23a8dee9885149081c0a6f9f6dc2abf4929fe4d06289cf44e885a65f48f9a4,137,-0.8430327396498432,0.01
1,2,all_strict,wholly_unseen,laplace,uniform,50.0,current_only,0.01,ea2a01c7ebcf95c320336f26b2b7d7ff133eac0910f84eeb63c63859a6fb024d,de0388ae4ed098cff19fbb16177e6f84ae96d0a59ac2dfdbede3ba49f874b5da,137,-0.8303688975838038,0.01
1,2,all_strict,wholly_unseen,laplace,uniform,50.0,current_only,0.1,ea2a01c7ebcf95c320336f26b2b7d7ff133eac0910f84eeb63c63859a6fb024d,56cfe86ae82dd09704996e63b205882c5815af773b6649c3c810aa89773d33a6,137,-0.8340457751777125,0.01
1,0,all_strict,wholly_unseen,laplace,uniform,50.0,input_plus_surface,0.0,923683bb3d7d22d12d61ea5cd490f1fa6b90d6fe9e8fbdd8e0da06bd1e664b5a,3492f31ab5bfe4df4ce04fe870b06172e1dc05253378a1a7a777f3eace017168,135,-0.642277080677677,0.01
1,0,all_strict,wholly_unseen,laplace,uniform,50.0,input_plus_surface,0.0001,923683bb3d7d22d12d61ea5cd490f1fa6b90d6fe9e8fbdd8e0da06bd1e664b5a,a5654dcce0be092aecedd51f51a04190ed8bda0cfeb1eb67a7cad6013988394b,135,-0.6379153284167229,0.01
1,0,all_strict,wholly_unseen,laplace,uniform,50.0,input_plus_surface,0.001,923683bb3d7d22d12d61ea5cd490f1fa6b90d6fe9e8fbdd8e0da06bd1e664b5a,23a7e23da29e2bd11ca73a7aa3e3615c8ae7b49916c6947b8760e8191738e99b,135,-0.614619452606781,0.01
1,0,all_strict,wholly_unseen,laplace,uniform,50.0,input_plus_surface,0.01,923683bb3d7d22d12d61ea5cd490f1fa6b90d6fe9e8fbdd8e0da06bd1e664b5a,d728eddb49fb28044b3042b1f590bfb0ccf42165f3c831ff5dfc0a5f1d360065,135,-0.5735249575946247,0.01
1,0,all_strict,wholly_unseen,laplace,uniform,50.0,input_plus_surface,0.1,923683bb3d7d22d12d61ea5cd490f1fa6b90d6fe9e8fbdd8e0da06bd1e664b5a,78c5419b25fc307fdb81e3cf66d91eb2f57d8410706d05adc04c62b321f0cac0,135,-0.6257246476232218,0.01
1,1,all_strict,wholly_unseen,laplace,uniform,50.0,input_plus_surface,0.0,1fdce97f339c6596d23e9bb1065fcfdd1ee9e853c2e9a26822948904df8c6047,397f6820cbd73558d96124d2fd6e4591d20b49531bb0ba030c5b0af47f1438dd,138,-0.642277080677677,0.01
1,1,all_strict,wholly_unseen,laplace,uniform,50.0,input_plus_surface,0.0001,1fdce97f339c6596d23e9bb1065fcfdd1ee9e853c2e9a26822948904df8c6047,eb1d445d643b1f3a6956f4eadff958a0009acab8ba4d784a5002a7a69e6bd960,138,-0.6379153284167229,0.01
1,1,all_strict,wholly_unseen,laplace,uniform,50.0,input_plus_surface,0.001,1fdce97f339c6596d23e9bb1065fcfdd1ee9e853c2e9a26822948904df8c6047,ace75e68c76e1f2eb1156a6ea8ee4673aa93cbcdc5a704d6384a442b225e47b3,138,-0.614619452606781,0.01
1,1,all_strict,wholly_unseen,laplace,uniform,50.0,input_plus_surface,0.01,1fdce97f339c6596d23e9bb1065fcfdd1ee9e853c2e9a26822948904df8c6047,dba08b34f97edbfbd8d518b2f47df12617afffe2e8b1ecba733cc7c1571195eb,138,-0.5735249575946247,0.01
1,1,all_strict,wholly_unseen,laplace,uniform,50.0,input_plus_surface,0.1,1fdce97f339c6596d23e9bb1065fcfdd1ee9e853c2e9a26822948904df8c6047,5bf6c5caba042c4b6c8662ab95bb8b04486189f86e6eafc0ab98d8e0f84c6f80,138,-0.6257246476232218,0.01
1,2,all_strict,wholly_unseen,laplace,uniform,50.0,input_plus_surface,0.0,ea2a01c7ebcf95c320336f26b2b7d7ff133eac0910f84eeb63c63859a6fb024d,c299eefa7dce690eda7924805d16d64c271f0f4f8f2dc6f02ce3acb759ac8cef,137,-0.642277080677677,0.01
1,2,all_strict,wholly_unseen,laplace,uniform,50.0,input_plus_surface,0.0001,ea2a01c7ebcf95c320336f26b2b7d7ff133eac0910f84eeb63c63859a6fb024d,40a4547880d2acaff6f18d6b63ebaef866a28e5128368c514a44529a75d6baed,137,-0.6379153284167229,0.01
1,2,all_strict,wholly_unseen,laplace,uniform,50.0,input_plus_surface,0.001,ea2a01c7ebcf95c320336f26b2b7d7ff133eac0910f84eeb63c63859a6fb024d,66ef17edee391b986b1f66d72e20bc6ccb704127e714efaf0faf1187164ca22d,137,-0.614619452606781,0.01
1,2,all_strict,wholly_unseen,laplace,uniform,50.0,input_plus_surface,0.01,ea2a01c7ebcf95c320336f26b2b7d7ff133eac0910f84eeb63c63859a6fb024d,a0b25bcc54b26008fa5dcd0dd994fdc4eac02f67554865604e638d40257bcd94,137,-0.5735249575946247,0.01
1,2,all_strict,wholly_unseen,laplace,uniform,50.0,input_plus_surface,0.1,ea2a01c7ebcf95c320336f26b2b7d7ff133eac0910f84eeb63c63859a6fb024d,72209b9a90cca3d1d5c63f71e6ccf3fb8f052493284a6e617e0d86254e1b8d67,137,-0.6257246476232218,0.01
1,0,all_strict,wholly_unseen,laplace,uniform,50.0,HU_plus_surface,0.0,923683bb3d7d22d12d61ea5cd490f1fa6b90d6fe9e8fbdd8e0da06bd1e664b5a,edf87f428b294c81c627616f652e5cc55f8cd60cbfd203eef7dbc21721166a14,135,-0.5874978576471173,0.01
1,0,all_strict,wholly_unseen,laplace,uniform,50.0,HU_plus_surface,0.0001,923683bb3d7d22d12d61ea5cd490f1fa6b90d6fe9e8fbdd8e0da06bd1e664b5a,df70e679b92e09b277bcf30e51cbd64d153c25224bab1d1c00adaba577e2c7e8,135,-0.584440233242328,0.01
1,0,all_strict,wholly_unseen,laplace,uniform,50.0,HU_plus_surface,0.001,923683bb3d7d22d12d61ea5cd490f1fa6b90d6fe9e8fbdd8e0da06bd1e664b5a,65bbd93110c0960ebe5a08bb7fcf5a9451b49a6ebad10dee66d17414f7a24755,135,-0.5679935209062705,0.01
1,0,all_strict,wholly_unseen,laplace,uniform,50.0,HU_plus_surface,0.01,923683bb3d7d22d12d61ea5cd490f1fa6b90d6fe9e8fbdd8e0da06bd1e664b5a,a04086eadef3d17da82a95acc8fb17c016d6abd3580a21e54b120071ac89f6e7,135,-0.5432009306219296,0.01
1,0,all_strict,wholly_unseen,laplace,uniform,50.0,HU_plus_surface,0.1,923683bb3d7d22d12d61ea5cd490f1fa6b90d6fe9e8fbdd8e0da06bd1e664b5a,b1c3424e6fdd26e8b45bbd7ab5080b23f6491372600b6ffeebd64c304a794366,135,-0.6123168298012748,0.01
1,1,all_strict,wholly_unseen,laplace,uniform,50.0,HU_plus_surface,0.0,1fdce97f339c6596d23e9bb1065fcfdd1ee9e853c2e9a26822948904df8c6047,e024877e7f78c4400a705bce02a022951307c2c3e973c497ac6d20cdacfb5f5c,138,-0.5874978576471173,0.01
1,1,all_strict,wholly_unseen,laplace,uniform,50.0,HU_plus_surface,0.0001,1fdce97f339c6596d23e9bb1065fcfdd1ee9e853c2e9a26822948904df8c6047,7dd24a9320065a49ccfe84e7a950e0780c221132d5ed269675d7fab5583d1e46,138,-0.584440233242328,0.01
1,1,all_strict,wholly_unseen,laplace,uniform,50.0,HU_plus_surface,0.001,1fdce97f339c6596d23e9bb1065fcfdd1ee9e853c2e9a26822948904df8c6047,828dd254ac774638797ae13f729afea029d373b3dccdee9abfd8174a5f6a2f09,138,-0.5679935209062705,0.01
1,1,all_strict,wholly_unseen,laplace,uniform,50.0,HU_plus_surface,0.01,1fdce97f339c6596d23e9bb1065fcfdd1ee9e853c2e9a26822948904df8c6047,8b91f0b9168a724ff9e5a197aa4ea42c6e6affe493e4d9a3fb22786df5513dbb,138,-0.5432009306219296,0.01
1,1,all_strict,wholly_unseen,laplace,uniform,50.0,HU_plus_surface,0.1,1fdce97f339c6596d23e9bb1065fcfdd1ee9e853c2e9a26822948904df8c6047,bb22289440b0b21a2bf6342c9569cbea2b36000c1b3469796d7bb822cc148737,138,-0.6123168298012748,0.01
1,2,all_strict,wholly_unseen,laplace,uniform,50.0,HU_plus_surface,0.0,ea2a01c7ebcf95c320336f26b2b7d7ff133eac0910f84eeb63c63859a6fb024d,e45af851386be508833165cbefac4035dec192ec6a0f7cb6ffe2ff04adf120fb,137,-0.5874978576471173,0.01
1,2,all_strict,wholly_unseen,laplace,uniform,50.0,HU_plus_surface,0.0001,ea2a01c7ebcf95c320336f26b2b7d7ff133eac0910f84eeb63c63859a6fb024d,24c474ba642c9dc59aa28b30cd8f2c7b7cc68489b295e531e62e8f8e88f225b5,137,-0.584440233242328,0.01
1,2,all_strict,wholly_unseen,laplace,uniform,50.0,HU_plus_surface,0.001,ea2a01c7ebcf95c320336f26b2b7d7ff133eac0910f84eeb63c63859a6fb024d,79d133f95f04902ae85980b54a546cc71bee80f6e10ef0353e921c5aa21d9540,137,-0.5679935209062705,0.01
1,2,all_strict,wholly_unseen,laplace,uniform,50.0,HU_plus_surface,0.01,ea2a01c7ebcf95c320336f26b2b7d7ff133eac0910f84eeb63c63859a6fb024d,3df734dc4f887f82f2e76010b43af1e83c9575b2ef42a6383364b77e71427e8b,137,-0.5432009306219296,0.01
1,2,all_strict,wholly_unseen,laplace,uniform,50.0,HU_plus_surface,0.1,ea2a01c7ebcf95c320336f26b2b7d7ff133eac0910f84eeb63c63859a6fb024d,0f7634a274d14b6fc50c2cbed9f6ad5b243087a847d1a90943017160012c5ce2,137,-0.6123168298012748,0.01
1,0,all_strict,wholly_unseen,laplace,uniform,50.0,retention_bounded_plus_HU,0.0,923683bb3d7d22d12d61ea5cd490f1fa6b90d6fe9e8fbdd8e0da06bd1e664b5a,fee952cf4a5752d14376d7091b4e2639af98faac78829b5955d594d0df7b3c9f,135,-0.6127223113210779,0.01
1,0,all_strict,wholly_unseen,laplace,uniform,50.0,retention_bounded_plus_HU,0.0001,923683bb3d7d22d12d61ea5cd490f1fa6b90d6fe9e8fbdd8e0da06bd1e664b5a,f402f483f204b4890d8153cb7548ccdd1ba194f5039e8918915a5c2f74aad905,135,-0.6109550113207503,0.01
1,0,all_strict,wholly_unseen,laplace,uniform,50.0,retention_bounded_plus_HU,0.001,923683bb3d7d22d12d61ea5cd490f1fa6b90d6fe9e8fbdd8e0da06bd1e664b5a,399d02e97517b1a547fa5ce221b06de2ad48ecd24ce53336aa295639e611d6bd,135,-0.5988018068609497,0.01
1,0,all_strict,wholly_unseen,laplace,uniform,50.0,retention_bounded_plus_HU,0.01,923683bb3d7d22d12d61ea5cd490f1fa6b90d6fe9e8fbdd8e0da06bd1e664b5a,5bffdd312d67f6c09a7d846901610755024d7729cd8bae8b1818f12de580c5fe,135,-0.561353506240197,0.01
1,0,all_strict,wholly_unseen,laplace,uniform,50.0,retention_bounded_plus_HU,0.1,923683bb3d7d22d12d61ea5cd490f1fa6b90d6fe9e8fbdd8e0da06bd1e664b5a,5f47d8b868d346ab6057da20b84b743b2c530c37d414f5e87d704abb8e3a8da8,135,-0.575647248527394,0.01
1,1,all_strict,wholly_unseen,laplace,uniform,50.0,retention_bounded_plus_HU,0.0,1fdce97f339c6596d23e9bb1065fcfdd1ee9e853c2e9a26822948904df8c6047,bfe331ccfd886f5f29f593a02713c44939ed25bdc5955858cb8226ad8dcb19e2,138,-0.6127223113210779,0.01
1,1,all_strict,wholly_unseen,laplace,uniform,50.0,retention_bounded_plus_HU,0.0001,1fdce97f339c6596d23e9bb1065fcfdd1ee9e853c2e9a26822948904df8c6047,d98aa42b648eed5342076d46545f3f9fe357d8d29c757a487a0edc528171c9c6,138,-0.6109550113207503,0.01
1,1,all_strict,wholly_unseen,laplace,uniform,50.0,retention_bounded_plus_HU,0.001,1fdce97f339c6596d23e9bb1065fcfdd1ee9e853c2e9a26822948904df8c6047,e378733e479218e663068aec45423e590cf26f8a0763670960874d0ad3ded882,138,-0.5988018068609497,0.01
1,1,all_strict,wholly_unseen,laplace,uniform,50.0,retention_bounded_plus_HU,0.01,1fdce97f339c6596d23e9bb1065fcfdd1ee9e853c2e9a26822948904df8c6047,38d10c241ef0787c3a2a990ca98006ce12ac43623645a8807e35faf2f335b34b,138,-0.561353506240197,0.01
1,1,all_strict,wholly_unseen,laplace,uniform,50.0,retention_bounded_plus_HU,0.1,1fdce97f339c6596d23e9bb1065fcfdd1ee9e853c2e9a26822948904df8c6047,cd10a5d73c1345d01c9ad71a2aac7107822ff5acea6450dbe087744a7b55ef18,138,-0.575647248527394,0.01
1,2,all_strict,wholly_unseen,laplace,uniform,50.0,retention_bounded_plus_HU,0.0,ea2a01c7ebcf95c320336f26b2b7d7ff133eac0910f84eeb63c63859a6fb024d,debe064b646f302b2a234dfcfc0f90435b1d005d3227aa55d1c43be71a1e9cd8,137,-0.6127223113210779,0.01
1,2,all_strict,wholly_unseen,laplace,uniform,50.0,retention_bounded_plus_HU,0.0001,ea2a01c7ebcf95c320336f26b2b7d7ff133eac0910f84eeb63c63859a6fb024d,40e189822fe1d280d8a9f1e926abb22d9ac140267ffe1295df6a253bb262c32c,137,-0.6109550113207503,0.01
1,2,all_strict,wholly_unseen,laplace,uniform,50.0,retention_bounded_plus_HU,0.001,ea2a01c7ebcf95c320336f26b2b7d7ff133eac0910f84eeb63c63859a6fb024d,baf80644356d9f32ed036b077ff557f4b56d615bc262e436c988cede2d954a86,137,-0.5988018068609497,0.01
1,2,all_strict,wholly_unseen,laplace,uniform,50.0,retention_bounded_plus_HU,0.01,ea2a01c7ebcf95c320336f26b2b7d7ff133eac0910f84eeb63c63859a6fb024d,ad9273842eb285daf6f287f759429573e1276ccbf204b3881392f8b8a214a157,137,-0.561353506240197,0.01
1,2,all_strict,wholly_unseen,laplace,uniform,50.0,retention_bounded_plus_HU,0.1,ea2a01c7ebcf95c320336f26b2b7d7ff133eac0910f84eeb63c63859a6fb024d,02178f47116949cc2d7ff72b551ccd3d66c61d8ad90bf6677448018c60ddc66f,137,-0.575647248527394,0.01
1,0,all_strict,wholly_unseen,gh80,uniform,50.0,HU_plus_surface,0.0,923683bb3d7d22d12d61ea5cd490f1fa6b90d6fe9e8fbdd8e0da06bd1e664b5a,3119ccfd1934fc4d8401068b9a1f54a785386407bede6db4f1dab967a074a510,135,-0.5861683576504556,0.01
1,0,all_strict,wholly_unseen,gh80,uniform,50.0,HU_plus_surface,0.0001,923683bb3d7d22d12d61ea5cd490f1fa6b90d6fe9e8fbdd8e0da06bd1e664b5a,81be46783bfe9550419020ccd76834cc3a7b8091454d16b818e50cbe0f6e71e0,135,-0.5828241865183633,0.01
1,0,all_strict,wholly_unseen,gh80,uniform,50.0,HU_plus_surface,0.001,923683bb3d7d22d12d61ea5cd490f1fa6b90d6fe9e8fbdd8e0da06bd1e664b5a,2eff8dc4c43903e00b0410188923bc38e379ab57c57a231719de3569436fc27d,135,-0.565414367176647,0.01
1,0,all_strict,wholly_unseen,gh80,uniform,50.0,HU_plus_surface,0.01,923683bb3d7d22d12d61ea5cd490f1fa6b90d6fe9e8fbdd8e0da06bd1e664b5a,8463f6bc04e7a14b377ba036779baac6b6d11b94b6186f6f0cf59a5dcaace019,135,-0.5416795975894242,0.01
1,0,all_strict,wholly_unseen,gh80,uniform,50.0,HU_plus_surface,0.1,923683bb3d7d22d12d61ea5cd490f1fa6b90d6fe9e8fbdd8e0da06bd1e664b5a,2db5acdbeb2ed501ac511f89ea16be19af1005f5fb6b2a91279f734df1240400,135,-0.6142367678291042,0.01
1,1,all_strict,wholly_unseen,gh80,uniform,50.0,HU_plus_surface,0.0,1fdce97f339c6596d23e9bb1065fcfdd1ee9e853c2e9a26822948904df8c6047,738d4c8700f7a2be0d12417f09fea9d085d78619f01755173f21f9fb21d115ef,138,-0.5861683576504556,0.01
1,1,all_strict,wholly_unseen,gh80,uniform,50.0,HU_plus_surface,0.0001,1fdce97f339c6596d23e9bb1065fcfdd1ee9e853c2e9a26822948904df8c6047,02e19a95e169eedcc6a1af2f2ec6f32052c4bde17b65c7e8d8953c91b3ab960e,138,-0.5828241865183633,0.01
1,1,all_strict,wholly_unseen,gh80,uniform,50.0,HU_plus_surface,0.001,1fdce97f339c6596d23e9bb1065fcfdd1ee9e853c2e9a26822948904df8c6047,88c136525f022ae614c739a94d5a0e449197330536bdc78c69df68d3688405b8,138,-0.565414367176647,0.01
1,1,all_strict,wholly_unseen,gh80,uniform,50.0,HU_plus_surface,0.01,1fdce97f339c6596d23e9bb1065fcfdd1ee9e853c2e9a26822948904df8c6047,b024476cb73c2a54c7b26a3fdb8a21fec6baf6c62bb3fd316bc93c8fceecabe0,138,-0.5416795975894242,0.01
1,1,all_strict,wholly_unseen,gh80,uniform,50.0,HU_plus_surface,0.1,1fdce97f339c6596d23e9bb1065fcfdd1ee9e853c2e9a26822948904df8c6047,2e4ef7018b650c1c2f4718315f028dbb75436e885cb4bd5c040bd7d34d37b184,138,-0.6142367678291042,0.01
1,2,all_strict,wholly_unseen,gh80,uniform,50.0,HU_plus_surface,0.0,ea2a01c7ebcf95c320336f26b2b7d7ff133eac0910f84eeb63c63859a6fb024d,1ef1fe7007f7955ef950ccf7b40c165a79d41e7b78b087989dcb696647c85042,137,-0.5861683576504556,0.01
1,2,all_strict,wholly_unseen,gh80,uniform,50.0,HU_plus_surface,0.0001,ea2a01c7ebcf95c320336f26b2b7d7ff133eac0910f84eeb63c63859a6fb024d,56fc05d9811ca0bf8e0a80ef488d6b60e1d5637374ca04bf2b2f7fe029111b2c,137,-0.5828241865183633,0.01
1,2,all_strict,wholly_unseen,gh80,uniform,50.0,HU_plus_surface,0.001,ea2a01c7ebcf95c320336f26b2b7d7ff133eac0910f84eeb63c63859a6fb024d,d999f50d70eab905ed7bd824f7238964a0157cd72f7bb11edf6d45a22058dada,137,-0.565414367176647,0.01
1,2,all_strict,wholly_unseen,gh80,uniform,50.0,HU_plus_surface,0.01,ea2a01c7ebcf95c320336f26b2b7d7ff133eac0910f84eeb63c63859a6fb024d,620cb0aca82ad0ef62823b4dfe9bbf1d267c5e1c672844a69b015dbe48d6e99d,137,-0.5416795975894242,0.01
1,2,all_strict,wholly_unseen,gh80,uniform,50.0,HU_plus_surface,0.1,ea2a01c7ebcf95c320336f26b2b7d7ff133eac0910f84eeb63c63859a6fb024d,26667036ef27b10717c258ed7b71d5b56ff084c543fed39f06dfb41f7f9c8d55,137,-0.6142367678291042,0.01
1,0,all_strict,wholly_unseen,gh80,uniform,50.0,retention_bounded_plus_HU,0.0,923683bb3d7d22d12d61ea5cd490f1fa6b90d6fe9e8fbdd8e0da06bd1e664b5a,c82f06ade3822ffeb67cf417cf9cc3cc88065d223787a4d8f86228d4060e0298,135,-0.6086083799439925,0.01
1,0,all_strict,wholly_unseen,gh80,uniform,50.0,retention_bounded_plus_HU,0.0001,923683bb3d7d22d12d61ea5cd490f1fa6b90d6fe9e8fbdd8e0da06bd1e664b5a,715ab7e40c6806e4282ba8b132bd1dc95d794fc3c363b36c21f4bcdf3680455c,135,-0.6076209857389259,0.01
1,0,all_strict,wholly_unseen,gh80,uniform,50.0,retention_bounded_plus_HU,0.001,923683bb3d7d22d12d61ea5cd490f1fa6b90d6fe9e8fbdd8e0da06bd1e664b5a,65e8cf84daf4ce72247ab7771fc282ba7a597028f4e6c03c10a824c321e93460,135,-0.5993024751849816,0.01
1,0,all_strict,wholly_unseen,gh80,uniform,50.0,retention_bounded_plus_HU,0.01,923683bb3d7d22d12d61ea5cd490f1fa6b90d6fe9e8fbdd8e0da06bd1e664b5a,9e72dfbc91cb395bf5f85e597ac03d4ce8ec7edb20a366f4f719ba05adeb82bc,135,-0.5653342045124683,0.01
1,0,all_strict,wholly_unseen,gh80,uniform,50.0,retention_bounded_plus_HU,0.1,923683bb3d7d22d12d61ea5cd490f1fa6b90d6fe9e8fbdd8e0da06bd1e664b5a,8e02cb314229873e9f0bba888d3faaefd5ee47c454b544d5fb997678268c34c7,135,-0.5789055099104595,0.01
1,1,all_strict,wholly_unseen,gh80,uniform,50.0,retention_bounded_plus_HU,0.0,1fdce97f339c6596d23e9bb1065fcfdd1ee9e853c2e9a26822948904df8c6047,4f02c553038f041d064fc098fac5c3a014d5f7794875150157d9f2c3cb989726,138,-0.6086083799439925,0.01
1,1,all_strict,wholly_unseen,gh80,uniform,50.0,retention_bounded_plus_HU,0.0001,1fdce97f339c6596d23e9bb1065fcfdd1ee9e853c2e9a26822948904df8c6047,a77026dd17bb6ad66d90a6a94e13c66357cff0f9613542f6de0bf34f3990a48c,138,-0.6076209857389259,0.01
1,1,all_strict,wholly_unseen,gh80,uniform,50.0,retention_bounded_plus_HU,0.001,1fdce97f339c6596d23e9bb1065fcfdd1ee9e853c2e9a26822948904df8c6047,33e7f1298f6a0758257008fcebe9cbd07842c1a2da8c5cd7185890cb78cb4b00,138,-0.5993024751849816,0.01
1,1,all_strict,wholly_unseen,gh80,uniform,50.0,retention_bounded_plus_HU,0.01,1fdce97f339c6596d23e9bb1065fcfdd1ee9e853c2e9a26822948904df8c6047,5bbb84f91e5b028a4971a98eaff2f809176a3923a562c6bd64cb1506e1e8ef4f,138,-0.5653342045124683,0.01
1,1,all_strict,wholly_unseen,gh80,uniform,50.0,retention_bounded_plus_HU,0.1,1fdce97f339c6596d23e9bb1065fcfdd1ee9e853c2e9a26822948904df8c6047,13fc4198ab01150364cbaa2a681e8b4035f0d612d57604bfff4f0afd424ea932,138,-0.5789055099104595,0.01
1,2,all_strict,wholly_unseen,gh80,uniform,50.0,retention_bounded_plus_HU,0.0,ea2a01c7ebcf95c320336f26b2b7d7ff133eac0910f84eeb63c63859a6fb024d,4683720d221ccbde578868f4190b2480fdad10db358f6374cba9637ebff51d84,137,-0.6086083799439925,0.01
1,2,all_strict,wholly_unseen,gh80,uniform,50.0,retention_bounded_plus_HU,0.0001,ea2a01c7ebcf95c320336f26b2b7d7ff133eac0910f84eeb63c63859a6fb024d,c1fd9bce8352f447e03953549f7e2aaf838767e465e9720950ec119af0eb339d,137,-0.6076209857389259,0.01
1,2,all_strict,wholly_unseen,gh80,uniform,50.0,retention_bounded_plus_HU,0.001,ea2a01c7ebcf95c320336f26b2b7d7ff133eac0910f84eeb63c63859a6fb024d,9a74a6695411f7ef08d9971f3ce4823ba3c1f26d40df34a816cf00b304d51c0e,137,-0.5993024751849816,0.01
1,2,all_strict,wholly_unseen,gh80,uniform,50.0,retention_bounded_plus_HU,0.01,ea2a01c7ebcf95c320336f26b2b7d7ff133eac0910f84eeb63c63859a6fb024d,ac8824c8b30d2e4e0a1125f59f473210d9650ebfedb06ae9b1592ab28a38bda0,137,-0.5653342045124683,0.01
1,2,all_strict,wholly_unseen,gh80,uniform,50.0,retention_bounded_plus_HU,0.1,ea2a01c7ebcf95c320336f26b2b7d7ff133eac0910f84eeb63c63859a6fb024d,9e55248d67933562a6b74c2d9dbdaa4f342047b1c0f658a7db1ae07a7962d690,137,-0.5789055099104595,0.01
1,0,all_agreeing_offsets,side_informed,laplace,uniform,50.0,retention_bounded,0.0,923683bb3d7d22d12d61ea5cd490f1fa6b90d6fe9e8fbdd8e0da06bd1e664b5a,d49246e5bd9c65d3f7ef5fe9307fe71cd07dd03b84228984a9f03817d2a4763e,135,-0.35588790584425506,0.01
1,0,all_agreeing_offsets,side_informed,laplace,uniform,50.0,retention_bounded,0.0001,923683bb3d7d22d12d61ea5cd490f1fa6b90d6fe9e8fbdd8e0da06bd1e664b5a,cc9b312d82fa55b74ec77fa5c8ba95856c466ae5dcca529226f6baff8e68ff9c,135,-0.35311327334332104,0.01
1,0,all_agreeing_offsets,side_informed,laplace,uniform,50.0,retention_bounded,0.001,923683bb3d7d22d12d61ea5cd490f1fa6b90d6fe9e8fbdd8e0da06bd1e664b5a,f66e4d37e39bb373a5784bb9a9413641496b531263c9eed9b0d6c81b76b13971,135,-0.337490712702137,0.01
1,0,all_agreeing_offsets,side_informed,laplace,uniform,50.0,retention_bounded,0.01,923683bb3d7d22d12d61ea5cd490f1fa6b90d6fe9e8fbdd8e0da06bd1e664b5a,29fccd4ef03fd469f5cc778bef1caeee47533a8da99aca804461b3d55e5eedf9,135,-0.3058275024148547,0.01
1,0,all_agreeing_offsets,side_informed,laplace,uniform,50.0,retention_bounded,0.1,923683bb3d7d22d12d61ea5cd490f1fa6b90d6fe9e8fbdd8e0da06bd1e664b5a,7740945a4fad1663c6cf88312f005b19c8dbb7b0d0df7205f90f8f1d28338b68,135,-0.3458933684423678,0.01
1,1,all_agreeing_offsets,side_informed,laplace,uniform,50.0,retention_bounded,0.0,1fdce97f339c6596d23e9bb1065fcfdd1ee9e853c2e9a26822948904df8c6047,7f3556ec0c2f4a7cd91d8f01000cc4af45d74f3934eab9b650d633a3fcc9def6,138,-0.35588790584425506,0.01
1,1,all_agreeing_offsets,side_informed,laplace,uniform,50.0,retention_bounded,0.0001,1fdce97f339c6596d23e9bb1065fcfdd1ee9e853c2e9a26822948904df8c6047,a1346fdbe423ace146ee7c651e34749d4f7351e8f65cda4add805f70d33f174f,138,-0.35311327334332104,0.01
1,1,all_agreeing_offsets,side_informed,laplace,uniform,50.0,retention_bounded,0.001,1fdce97f339c6596d23e9bb1065fcfdd1ee9e853c2e9a26822948904df8c6047,56094e703fc1472629a9c9aad15c3d83851fe2056dcd35a404bbde81d3a3d779,138,-0.337490712702137,0.01
1,1,all_agreeing_offsets,side_informed,laplace,uniform,50.0,retention_bounded,0.01,1fdce97f339c6596d23e9bb1065fcfdd1ee9e853c2e9a26822948904df8c6047,c5174824ddedaf914862867874f7260e9cf4f66b7eaa96eba4ed5692ce8b6eb6,138,-0.3058275024148547,0.01
1,1,all_agreeing_offsets,side_informed,laplace,uniform,50.0,retention_bounded,0.1,1fdce97f339c6596d23e9bb1065fcfdd1ee9e853c2e9a26822948904df8c6047,bf26179554d73624536ffc473ca59a9ec6188633d77789c31b2bae636a9f0a61,138,-0.3458933684423678,0.01
1,2,all_agreeing_offsets,side_informed,laplace,uniform,50.0,retention_bounded,0.0,ea2a01c7ebcf95c320336f26b2b7d7ff133eac0910f84eeb63c63859a6fb024d,eb662375b63daf0eeb0d6dc49485bd584575afd7a1a828147e1f429cf202d584,137,-0.35588790584425506,0.01
1,2,all_agreeing_offsets,side_informed,laplace,uniform,50.0,retention_bounded,0.0001,ea2a01c7ebcf95c320336f26b2b7d7ff133eac0910f84eeb63c63859a6fb024d,9261e4a2a32adc9989af7b6c5cc055c0489096a162382771d8b61db3271014b7,137,-0.35311327334332104,0.01
1,2,all_agreeing_offsets,side_informed,laplace,uniform,50.0,retention_bounded,0.001,ea2a01c7ebcf95c320336f26b2b7d7ff133eac0910f84eeb63c63859a6fb024d,21a25f780c71fc49cf2780aa3bf5beb55c12c39c7aed88961a4a37e3ec05ff33,137,-0.337490712702137,0.01
1,2,all_agreeing_offsets,side_informed,laplace,uniform,50.0,retention_bounded,0.01,ea2a01c7ebcf95c320336f26b2b7d7ff133eac0910f84eeb63c63859a6fb024d,c7b746777e800a24a2f71f4c99f0b64f78319e696750e5a2b32fa19c48b9da88,137,-0.3058275024148547,0.01
1,2,all_agreeing_offsets,side_informed,laplace,uniform,50.0,retention_bounded,0.1,ea2a01c7ebcf95c320336f26b2b7d7ff133eac0910f84eeb63c63859a6fb024d,5802b54e88d5ba9fbdce453d431c395a79c1f23b7d885758f43deb49132420dd,137,-0.3458933684423678,0.01
1,0,all_agreeing_offsets,side_informed,laplace,uniform,50.0,retention_nonnegative,0.0,923683bb3d7d22d12d61ea5cd490f1fa6b90d6fe9e8fbdd8e0da06bd1e664b5a,2eccdf01b21e804768b5f5623a558143bb2d462ac1ca577d4c11523e4f20f0c4,135,-0.3558879049686646,0.01
1,0,all_agreeing_offsets,side_informed,laplace,uniform,50.0,retention_nonnegative,0.0001,923683bb3d7d22d12d61ea5cd490f1fa6b90d6fe9e8fbdd8e0da06bd1e664b5a,d25fceefd2089783e225d59686ecde906799e6bbeba005efe69a962c895c679d,135,-0.35159109117933596,0.01
1,0,all_agreeing_offsets,side_informed,laplace,uniform,50.0,retention_nonnegative,0.001,923683bb3d7d22d12d61ea5cd490f1fa6b90d6fe9e8fbdd8e0da06bd1e664b5a,43744fb5747a846dcc705d975e13f2b98c41afa2e9c046693bd9fe929b6e6076,135,-0.33424586584490323,0.01
1,0,all_agreeing_offsets,side_informed,laplace,uniform,50.0,retention_nonnegative,0.01,923683bb3d7d22d12d61ea5cd490f1fa6b90d6fe9e8fbdd8e0da06bd1e664b5a,d2fe4a48507c68184f03b46b64d5037f2fe6d3c0bff8ee1f419d5866d198a7b0,135,-0.3339296837872464,0.01
1,0,all_agreeing_offsets,side_informed,laplace,uniform,50.0,retention_nonnegative,0.1,923683bb3d7d22d12d61ea5cd490f1fa6b90d6fe9e8fbdd8e0da06bd1e664b5a,8ce177e1582355cebeba580d4c80d67ae4cd18f065cbe9f8df2f6ccbcbfb487a,135,-0.4170381234525598,0.01
1,1,all_agreeing_offsets,side_informed,laplace,uniform,50.0,retention_nonnegative,0.0,1fdce97f339c6596d23e9bb1065fcfdd1ee9e853c2e9a26822948904df8c6047,a56cd7b296c6305caea3c329c27508177cc02b6b5102578d2dd51ea97497226a,138,-0.3558879049686646,0.01
1,1,all_agreeing_offsets,side_informed,laplace,uniform,50.0,retention_nonnegative,0.0001,1fdce97f339c6596d23e9bb1065fcfdd1ee9e853c2e9a26822948904df8c6047,541b70474b3bdaa7cc89ec511e53241463776c1b77dcb4c41dead832953cd3d2,138,-0.35159109117933596,0.01
1,1,all_agreeing_offsets,side_informed,laplace,uniform,50.0,retention_nonnegative,0.001,1fdce97f339c6596d23e9bb1065fcfdd1ee9e853c2e9a26822948904df8c6047,32428e905c2dacd671951c8b81e04b367aec493d428c3f598f5faa3f1f431899,138,-0.33424586584490323,0.01
1,1,all_agreeing_offsets,side_informed,laplace,uniform,50.0,retention_nonnegative,0.01,1fdce97f339c6596d23e9bb1065fcfdd1ee9e853c2e9a26822948904df8c6047,19a8835d64e11876cbb9a64a7e4d1dd71d6e3f70f3b9ff11713cbd3bd5624401,138,-0.3339296837872464,0.01
1,1,all_agreeing_offsets,side_informed,laplace,uniform,50.0,retention_nonnegative,0.1,1fdce97f339c6596d23e9bb1065fcfdd1ee9e853c2e9a26822948904df8c6047,e753790566802d6fc08a165aca7ea55b7442017c1a842e470b867b3b853342ce,138,-0.4170381234525598,0.01
1,2,all_agreeing_offsets,side_informed,laplace,uniform,50.0,retention_nonnegative,0.0,ea2a01c7ebcf95c320336f26b2b7d7ff133eac0910f84eeb63c63859a6fb024d,c0f19fd6efa6de260ceb47ee0fd22534d223ef324093fe71896e85dc29982031,137,-0.3558879049686646,0.01
1,2,all_agreeing_offsets,side_informed,laplace,uniform,50.0,retention_nonnegative,0.0001,ea2a01c7ebcf95c320336f26b2b7d7ff133eac0910f84eeb63c63859a6fb024d,8dd71aeb6d8bd079301a8283749657fb1a2d53d2e7d6bc8ef4a6b1de364a302a,137,-0.35159109117933596,0.01
1,2,all_agreeing_offsets,side_informed,laplace,uniform,50.0,retention_nonnegative,0.001,ea2a01c7ebcf95c320336f26b2b7d7ff133eac0910f84eeb63c63859a6fb024d,c442720dea614d9bd9127eeee8d8d2a86d5665314035419d09ba418d6b2baaec,137,-0.33424586584490323,0.01
1,2,all_agreeing_offsets,side_informed,laplace,uniform,50.0,retention_nonnegative,0.01,ea2a01c7ebcf95c320336f26b2b7d7ff133eac0910f84eeb63c63859a6fb024d,a0584130d2b50b6539dc46239071677b0f5a13d9854712ff513cac4917afd1a5,137,-0.3339296837872464,0.01
1,2,all_agreeing_offsets,side_informed,laplace,uniform,50.0,retention_nonnegative,0.1,ea2a01c7ebcf95c320336f26b2b7d7ff133eac0910f84eeb63c63859a6fb024d,5c2763e3c681594f971d1fbe8b8ca9adadb58407beb32b1a73357c8667809463,137,-0.4170381234525598,0.01
1,0,all_agreeing_offsets,side_informed,laplace,uniform,50.0,current_only,0.0,923683bb3d7d22d12d61ea5cd490f1fa6b90d6fe9e8fbdd8e0da06bd1e664b5a,32f80b260fce3fa7b4e2c6af5e7d6c11ed5686c8ac605cc50768d57ca4ca5e7f,135,-0.5831892065672487,0.01
1,0,all_agreeing_offsets,side_informed,laplace,uniform,50.0,current_only,0.0001,923683bb3d7d22d12d61ea5cd490f1fa6b90d6fe9e8fbdd8e0da06bd1e664b5a,e9dfd519fae53b969cc5308875fbc7f596faada3ee7c25d92d4f9793c171fdeb,135,-0.5829618159071299,0.01
1,0,all_agreeing_offsets,side_informed,laplace,uniform,50.0,current_only,0.001,923683bb3d7d22d12d61ea5cd490f1fa6b90d6fe9e8fbdd8e0da06bd1e664b5a,7f0903e69b41f347efd2c19b953837e8388c841c036a24aa9aa1a116e280b4b1,135,-0.5810172664361732,0.01
1,0,all_agreeing_offsets,side_informed,laplace,uniform,50.0,current_only,0.01,923683bb3d7d22d12d61ea5cd490f1fa6b90d6fe9e8fbdd8e0da06bd1e664b5a,a1fdaf34c764fd85916768c9e443aad127038e8d9aa0fa45a5efac803ed5db16,135,-0.568353424370134,0.01
1,0,all_agreeing_offsets,side_informed,laplace,uniform,50.0,current_only,0.1,923683bb3d7d22d12d61ea5cd490f1fa6b90d6fe9e8fbdd8e0da06bd1e664b5a,0e9e7e73a2ce21b83b914130ce839fd5a11b6da8b39d2f1eba8e0e1a81268e27,135,-0.5720303019640424,0.01
1,1,all_agreeing_offsets,side_informed,laplace,uniform,50.0,current_only,0.0,1fdce97f339c6596d23e9bb1065fcfdd1ee9e853c2e9a26822948904df8c6047,3a3c50b6820c640bd0654b6e35c2e6e240be37713652c7c507758476ee0331cd,138,-0.5831892065672487,0.01
1,1,all_agreeing_offsets,side_informed,laplace,uniform,50.0,current_only,0.0001,1fdce97f339c6596d23e9bb1065fcfdd1ee9e853c2e9a26822948904df8c6047,76d9d9b896d5c91c94b2d8b6d95151fba29eb804a5835abb6ebaec5a7f3fb096,138,-0.5829618159071299,0.01
1,1,all_agreeing_offsets,side_informed,laplace,uniform,50.0,current_only,0.001,1fdce97f339c6596d23e9bb1065fcfdd1ee9e853c2e9a26822948904df8c6047,b1243f118e2f9a34b20389cb354e6e4893d49dec4977fd9ea76377983a65ee95,138,-0.5810172664361732,0.01
1,1,all_agreeing_offsets,side_informed,laplace,uniform,50.0,current_only,0.01,1fdce97f339c6596d23e9bb1065fcfdd1ee9e853c2e9a26822948904df8c6047,c725da3e0df66ef2e586dcfa6bad2ce95e0432ad7ce0f18665c8b1ba384bd4a1,138,-0.568353424370134,0.01
1,1,all_agreeing_offsets,side_informed,laplace,uniform,50.0,current_only,0.1,1fdce97f339c6596d23e9bb1065fcfdd1ee9e853c2e9a26822948904df8c6047,61e593db9e86163bf9bd08f763f0e233ee441f85f8024e82b8b5a446598d66f8,138,-0.5720303019640424,0.01
1,2,all_agreeing_offsets,side_informed,laplace,uniform,50.0,current_only,0.0,ea2a01c7ebcf95c320336f26b2b7d7ff133eac0910f84eeb63c63859a6fb024d,fe2d311ac3c7ff1a839f1976065b6b47e83fa5782467d3acf0a2b5951d8cd348,137,-0.5831892065672487,0.01
1,2,all_agreeing_offsets,side_informed,laplace,uniform,50.0,current_only,0.0001,ea2a01c7ebcf95c320336f26b2b7d7ff133eac0910f84eeb63c63859a6fb024d,ca700cd079ee232fb6fae6a2698f99a9b27587530450f8cc5667e47c3206c25e,137,-0.5829618159071299,0.01
1,2,all_agreeing_offsets,side_informed,laplace,uniform,50.0,current_only,0.001,ea2a01c7ebcf95c320336f26b2b7d7ff133eac0910f84eeb63c63859a6fb024d,1033b8002e841fa47131fc85a344647e88aee7ff0a59600b5d0686ad47d11786,137,-0.5810172664361732,0.01
1,2,all_agreeing_offsets,side_informed,laplace,uniform,50.0,current_only,0.01,ea2a01c7ebcf95c320336f26b2b7d7ff133eac0910f84eeb63c63859a6fb024d,3780ede9a8843db3af4d956788ced36b2e0ee8a6f230b11e7df6e0da19b2b2f7,137,-0.568353424370134,0.01
1,2,all_agreeing_offsets,side_informed,laplace,uniform,50.0,current_only,0.1,ea2a01c7ebcf95c320336f26b2b7d7ff133eac0910f84eeb63c63859a6fb024d,c069f499871eed1c64830edc95b6af527dd6e70a51ff5197280c736020b176a3,137,-0.5720303019640424,0.01
1,0,all_agreeing_offsets,side_informed,laplace,uniform,50.0,input_plus_surface,0.0,923683bb3d7d22d12d61ea5cd490f1fa6b90d6fe9e8fbdd8e0da06bd1e664b5a,d87b1edcea0c6bdba0b260db598c15e58dea19a3a2debae1c0d3a3f953ad82d4,135,-0.36302548086471026,0.01
1,0,all_agreeing_offsets,side_informed,laplace,uniform,50.0,input_plus_surface,0.0001,923683bb3d7d22d12d61ea5cd490f1fa6b90d6fe9e8fbdd8e0da06bd1e664b5a,2062dbbf188d867dd8a47d82eda2735d3bffb370b8d3fb3a503dbf2956bb3dc7,135,-0.3581602723974535,0.01
1,0,all_agreeing_offsets,side_informed,laplace,uniform,50.0,input_plus_surface,0.001,923683bb3d7d22d12d61ea5cd490f1fa6b90d6fe9e8fbdd8e0da06bd1e664b5a,9aec391c17f1b9951185320b2ad134a5a7b83c73d0c311a7c0401e8cc3290a0c,135,-0.33561193126761074,0.01
1,0,all_agreeing_offsets,side_informed,laplace,uniform,50.0,input_plus_surface,0.01,923683bb3d7d22d12d61ea5cd490f1fa6b90d6fe9e8fbdd8e0da06bd1e664b5a,9fa3faa62587d17a90e61e5415deccd35093d0fb5c56939bcbfce99aab8326b0,135,-0.30536458075656375,0.01
1,0,all_agreeing_offsets,side_informed,laplace,uniform,50.0,input_plus_surface,0.1,923683bb3d7d22d12d61ea5cd490f1fa6b90d6fe9e8fbdd8e0da06bd1e664b5a,bae3fe805b9f081679ad5d5d388218d0fc238cb25c699863be98fcec52e1479d,135,-0.36410066929953416,0.01
1,1,all_agreeing_offsets,side_informed,laplace,uniform,50.0,input_plus_surface,0.0,1fdce97f339c6596d23e9bb1065fcfdd1ee9e853c2e9a26822948904df8c6047,1debcf64f6009830c254cdd8cedc01699ad45917d74de35bd87a878d830b6247,138,-0.36302548086471026,0.01
1,1,all_agreeing_offsets,side_informed,laplace,uniform,50.0,input_plus_surface,0.0001,1fdce97f339c6596d23e9bb1065fcfdd1ee9e853c2e9a26822948904df8c6047,9302be540ee7ba984e5682b4f71c8147a3aa9ade10e765da9f3f4e9ea53760f8,138,-0.3581602723974535,0.01
1,1,all_agreeing_offsets,side_informed,laplace,uniform,50.0,input_plus_surface,0.001,1fdce97f339c6596d23e9bb1065fcfdd1ee9e853c2e9a26822948904df8c6047,0d8af0be28da968cc41ad3330daa92a3f8b4519823995fe9dcc59e57932823a3,138,-0.33561193126761074,0.01
1,1,all_agreeing_offsets,side_informed,laplace,uniform,50.0,input_plus_surface,0.01,1fdce97f339c6596d23e9bb1065fcfdd1ee9e853c2e9a26822948904df8c6047,037726eee4c6a3484e217c4724aca1b31b6658fc8db7b87afe1a472ff5a553eb,138,-0.30536458075656375,0.01
1,1,all_agreeing_offsets,side_informed,laplace,uniform,50.0,input_plus_surface,0.1,1fdce97f339c6596d23e9bb1065fcfdd1ee9e853c2e9a26822948904df8c6047,e31b533a32cd5d62b2addd9777dcd34755f4b32d04629c663e131fd826311b1e,138,-0.36410066929953416,0.01
1,2,all_agreeing_offsets,side_informed,laplace,uniform,50.0,input_plus_surface,0.0,ea2a01c7ebcf95c320336f26b2b7d7ff133eac0910f84eeb63c63859a6fb024d,80d21d420368227e15014810a5534265432b21936eef5887fc6559d3ab27d866,137,-0.36302548086471026,0.01
1,2,all_agreeing_offsets,side_informed,laplace,uniform,50.0,input_plus_surface,0.0001,ea2a01c7ebcf95c320336f26b2b7d7ff133eac0910f84eeb63c63859a6fb024d,621b9f17b66409cb266cf0ca106b348e4b2b7df7808903a7012df3fd22c748b0,137,-0.3581602723974535,0.01
1,2,all_agreeing_offsets,side_informed,laplace,uniform,50.0,input_plus_surface,0.001,ea2a01c7ebcf95c320336f26b2b7d7ff133eac0910f84eeb63c63859a6fb024d,48fdb89658419101f9c6eba55ba3401afaa80a4a649cbc35224b151c8ce5b2f4,137,-0.33561193126761074,0.01
1,2,all_agreeing_offsets,side_informed,laplace,uniform,50.0,input_plus_surface,0.01,ea2a01c7ebcf95c320336f26b2b7d7ff133eac0910f84eeb63c63859a6fb024d,77c2908e63261549251b8d2d00b34a9a71683388f7f30ecb981685ffa32872a4,137,-0.30536458075656375,0.01
1,2,all_agreeing_offsets,side_informed,laplace,uniform,50.0,input_plus_surface,0.1,ea2a01c7ebcf95c320336f26b2b7d7ff133eac0910f84eeb63c63859a6fb024d,290b99be07ef24e6bacff36d0a179a3f7cc84fa98e5aef6c585b8873078024ca,137,-0.36410066929953416,0.01
1,0,all_agreeing_offsets,side_informed,laplace,uniform,50.0,HU_plus_surface,0.0,923683bb3d7d22d12d61ea5cd490f1fa6b90d6fe9e8fbdd8e0da06bd1e664b5a,eaafd9d6154d9bc267680e4e9338399ab1a14cc6b260bdd023a396379c851303,135,-0.31385831515268164,0.01
1,0,all_agreeing_offsets,side_informed,laplace,uniform,50.0,HU_plus_surface,0.0001,923683bb3d7d22d12d61ea5cd490f1fa6b90d6fe9e8fbdd8e0da06bd1e664b5a,d13b0d290bb86d61eda8dad3c8b0dd89fadad68665fe3b932e61d137b7f7ab32,135,-0.3106750112066671,0.01
1,0,all_agreeing_offsets,side_informed,laplace,uniform,50.0,HU_plus_surface,0.001,923683bb3d7d22d12d61ea5cd490f1fa6b90d6fe9e8fbdd8e0da06bd1e664b5a,c6ce86b848fa5426003432ae54d52485544e1e52e59064357d387f8856b08d34,135,-0.29607410474278617,0.01
1,0,all_agreeing_offsets,side_informed,laplace,uniform,50.0,HU_plus_surface,0.01,923683bb3d7d22d12d61ea5cd490f1fa6b90d6fe9e8fbdd8e0da06bd1e664b5a,c5fa0a2aac33f801892620bdd042e39e111c7ea7145a05ccffbb431c96791c1b,135,-0.2805312886031786,0.01
1,0,all_agreeing_offsets,side_informed,laplace,uniform,50.0,HU_plus_surface,0.1,923683bb3d7d22d12d61ea5cd490f1fa6b90d6fe9e8fbdd8e0da06bd1e664b5a,894584712f0bc589330536788f71ee6aad0b45c0983379733e4f94337ea3b357,135,-0.35256707446256347,0.01
1,1,all_agreeing_offsets,side_informed,laplace,uniform,50.0,HU_plus_surface,0.0,1fdce97f339c6596d23e9bb1065fcfdd1ee9e853c2e9a26822948904df8c6047,cf79e4066b799dcce717d5aeafe82464d26f6ace513a2650fcd7ef681d0393b5,138,-0.31385831515268164,0.01
1,1,all_agreeing_offsets,side_informed,laplace,uniform,50.0,HU_plus_surface,0.0001,1fdce97f339c6596d23e9bb1065fcfdd1ee9e853c2e9a26822948904df8c6047,121fef5f4fc5e5d297f6becae956f12a4132c0e12710003d768481defb67d923,138,-0.3106750112066671,0.01
1,1,all_agreeing_offsets,side_informed,laplace,uniform,50.0,HU_plus_surface,0.001,1fdce97f339c6596d23e9bb1065fcfdd1ee9e853c2e9a26822948904df8c6047,b4a5fe17fca5c2f6a86e73715b56fe4f800ffb743780b752098d1d4e1dcb4992,138,-0.29607410474278617,0.01
1,1,all_agreeing_offsets,side_informed,laplace,uniform,50.0,HU_plus_surface,0.01,1fdce97f339c6596d23e9bb1065fcfdd1ee9e853c2e9a26822948904df8c6047,2046d253c5f0107471f0f961bf7f12fe5c9f3b374171f420f2a1a5c681514bd9,138,-0.2805312886031786,0.01
1,1,all_agreeing_offsets,side_informed,laplace,uniform,50.0,HU_plus_surface,0.1,1fdce97f339c6596d23e9bb1065fcfdd1ee9e853c2e9a26822948904df8c6047,d0733007d72cad92a0ac8513980de0c7d6043336f03b26ac641e945a0a0a9564,138,-0.35256707446256347,0.01
1,2,all_agreeing_offsets,side_informed,laplace,uniform,50.0,HU_plus_surface,0.0,ea2a01c7ebcf95c320336f26b2b7d7ff133eac0910f84eeb63c63859a6fb024d,8d53ba5a2834c63e42d7374e3e406a9a15ed40caf53f33caf3e80127c5d128e9,137,-0.31385831515268164,0.01
1,2,all_agreeing_offsets,side_informed,laplace,uniform,50.0,HU_plus_surface,0.0001,ea2a01c7ebcf95c320336f26b2b7d7ff133eac0910f84eeb63c63859a6fb024d,fc974a532aa48243036d695aa8611536119676ad34ad5f8daa0a15004a4475eb,137,-0.3106750112066671,0.01
1,2,all_agreeing_offsets,side_informed,laplace,uniform,50.0,HU_plus_surface,0.001,ea2a01c7ebcf95c320336f26b2b7d7ff133eac0910f84eeb63c63859a6fb024d,941c99aac08d242b2d05aa20d9bacfed689d7e076dee50dcf77195ac2d6fb475,137,-0.29607410474278617,0.01
1,2,all_agreeing_offsets,side_informed,laplace,uniform,50.0,HU_plus_surface,0.01,ea2a01c7ebcf95c320336f26b2b7d7ff133eac0910f84eeb63c63859a6fb024d,0c4e68dfafc99099b6b8b73b2c752bf61dd13812416dd8fc85a11ae5462b9915,137,-0.2805312886031786,0.01
1,2,all_agreeing_offsets,side_informed,laplace,uniform,50.0,HU_plus_surface,0.1,ea2a01c7ebcf95c320336f26b2b7d7ff133eac0910f84eeb63c63859a6fb024d,3eb8fc63501d9b8beb1c3e4ce709b93a7b78cb7485e74813310eaf484162e559,137,-0.35256707446256347,0.01
1,0,all_agreeing_offsets,side_informed,laplace,uniform,50.0,retention_bounded_plus_HU,0.0,923683bb3d7d22d12d61ea5cd490f1fa6b90d6fe9e8fbdd8e0da06bd1e664b5a,639bb7c146dd0db7981af184fafa64c865f70d4ae15c3aeea1bfa741bb8c4365,135,-0.30216791357788975,0.01
1,0,all_agreeing_offsets,side_informed,laplace,uniform,50.0,retention_bounded_plus_HU,0.0001,923683bb3d7d22d12d61ea5cd490f1fa6b90d6fe9e8fbdd8e0da06bd1e664b5a,1fbf15c0cdff39e908e9cfb89b6d89fff2c9c4dfbb279ab665a9d9073696e619,135,-0.30156555302217575,0.01
1,0,all_agreeing_offsets,side_informed,laplace,uniform,50.0,retention_bounded_plus_HU,0.001,923683bb3d7d22d12d61ea5cd490f1fa6b90d6fe9e8fbdd8e0da06bd1e664b5a,6626e96db98dd8a1c7d3eabea7a0715c10f71dbabb5a13d5574ae59d7539bc37,135,-0.29650627532262264,0.01
1,0,all_agreeing_offsets,side_informed,laplace,uniform,50.0,retention_bounded_plus_HU,0.01,923683bb3d7d22d12d61ea5cd490f1fa6b90d6fe9e8fbdd8e0da06bd1e664b5a,13b332979ab8e4a26ddb2580c5165fbf4d5cca9a7985bb1b1f23de566e70e79a,135,-0.2817408688231721,0.01
1,0,all_agreeing_offsets,side_informed,laplace,uniform,50.0,retention_bounded_plus_HU,0.1,923683bb3d7d22d12d61ea5cd490f1fa6b90d6fe9e8fbdd8e0da06bd1e664b5a,11f84f80ad6c359c2a38e5960ab05ec26a37cd5e2ad814f56abf9210b1be6a7b,135,-0.3132102257629949,0.01
1,1,all_agreeing_offsets,side_informed,laplace,uniform,50.0,retention_bounded_plus_HU,0.0,1fdce97f339c6596d23e9bb1065fcfdd1ee9e853c2e9a26822948904df8c6047,6552ebbd73854384e7fdd845038a51e7d057b210ab9b1a28c1d0c6c9f9ebe905,138,-0.30216791357788975,0.01
1,1,all_agreeing_offsets,side_informed,laplace,uniform,50.0,retention_bounded_plus_HU,0.0001,1fdce97f339c6596d23e9bb1065fcfdd1ee9e853c2e9a26822948904df8c6047,e83315032198f1f385321e21d82961287dac7669805bd52f2dad66339291b52a,138,-0.30156555302217575,0.01
1,1,all_agreeing_offsets,side_informed,laplace,uniform,50.0,retention_bounded_plus_HU,0.001,1fdce97f339c6596d23e9bb1065fcfdd1ee9e853c2e9a26822948904df8c6047,a70c021dbaa67edd10bda9ab4826435c975a4aa5aa4d916c5c7d60279b450f1d,138,-0.29650627532262264,0.01
1,1,all_agreeing_offsets,side_informed,laplace,uniform,50.0,retention_bounded_plus_HU,0.01,1fdce97f339c6596d23e9bb1065fcfdd1ee9e853c2e9a26822948904df8c6047,ada31848e82a4ce296778bf2603ea229f1c1fdc8a1029703e543d3d7fcaf6708,138,-0.2817408688231721,0.01
1,1,all_agreeing_offsets,side_informed,laplace,uniform,50.0,retention_bounded_plus_HU,0.1,1fdce97f339c6596d23e9bb1065fcfdd1ee9e853c2e9a26822948904df8c6047,c73d470eb191475b160fee59a76d49bb69963acfb97d1beba5c8649a452dbc38,138,-0.3132102257629949,0.01
1,2,all_agreeing_offsets,side_informed,laplace,uniform,50.0,retention_bounded_plus_HU,0.0,ea2a01c7ebcf95c320336f26b2b7d7ff133eac0910f84eeb63c63859a6fb024d,54fb4b8f1106ccc1cdb6bd467b6cb3e70a1e5b17727f3f224483467809f532f0,137,-0.30216791357788975,0.01
1,2,all_agreeing_offsets,side_informed,laplace,uniform,50.0,retention_bounded_plus_HU,0.0001,ea2a01c7ebcf95c320336f26b2b7d7ff133eac0910f84eeb63c63859a6fb024d,dc03bd07fea89833d83057076d9bae0956524d2524bdd5890c55a2256c830cc7,137,-0.30156555302217575,0.01
1,2,all_agreeing_offsets,side_informed,laplace,uniform,50.0,retention_bounded_plus_HU,0.001,ea2a01c7ebcf95c320336f26b2b7d7ff133eac0910f84eeb63c63859a6fb024d,c864bc66f774da6492d6922a0a8c1c07351934e26c7db52961016d6946bd46d5,137,-0.29650627532262264,0.01
1,2,all_agreeing_offsets,side_informed,laplace,uniform,50.0,retention_bounded_plus_HU,0.01,ea2a01c7ebcf95c320336f26b2b7d7ff133eac0910f84eeb63c63859a6fb024d,2a86e62f7e513ddf35cc3622c3f29a6cf6d3bfb5e71dccc3bd322d6047ef3514,137,-0.2817408688231721,0.01
1,2,all_agreeing_offsets,side_informed,laplace,uniform,50.0,retention_bounded_plus_HU,0.1,ea2a01c7ebcf95c320336f26b2b7d7ff133eac0910f84eeb63c63859a6fb024d,add202ccef7fb68462d32ea2dacb89ecdd4f90bcc33a1db340dd64373f10fafd,137,-0.3132102257629949,0.01
1,0,all_agreeing_offsets,side_informed,gh80,uniform,50.0,HU_plus_surface,0.0,923683bb3d7d22d12d61ea5cd490f1fa6b90d6fe9e8fbdd8e0da06bd1e664b5a,c7cd0e48d1e0659249fc9ef946b6b4d4b9adeff8a478e064dd7c2db19681c38c,135,-0.3220341592386477,0.01
1,0,all_agreeing_offsets,side_informed,gh80,uniform,50.0,HU_plus_surface,0.0001,923683bb3d7d22d12d61ea5cd490f1fa6b90d6fe9e8fbdd8e0da06bd1e664b5a,d197f3dd8c9d357a306afe43eaee3df34cfd761c1428acf149d75bdea3efbceb,135,-0.3180628970069783,0.01
1,0,all_agreeing_offsets,side_informed,gh80,uniform,50.0,HU_plus_surface,0.001,923683bb3d7d22d12d61ea5cd490f1fa6b90d6fe9e8fbdd8e0da06bd1e664b5a,3363b9d26a170bd9eaf82c000608ada11cdcba4d4dd1cf72de045abf5dbba273,135,-0.30036990924573154,0.01
1,0,all_agreeing_offsets,side_informed,gh80,uniform,50.0,HU_plus_surface,0.01,923683bb3d7d22d12d61ea5cd490f1fa6b90d6fe9e8fbdd8e0da06bd1e664b5a,1cf7a3f6f4030a6b6bffb6b6259f2385fc4d53f6f7c47bd35f67f9da977191d8,135,-0.282681780563804,0.01
1,0,all_agreeing_offsets,side_informed,gh80,uniform,50.0,HU_plus_surface,0.1,923683bb3d7d22d12d61ea5cd490f1fa6b90d6fe9e8fbdd8e0da06bd1e664b5a,73742866eda4aab7fac2355673156db3bc18de39de5c0ae7ebb165357096da22,135,-0.3555434745198644,0.01
1,1,all_agreeing_offsets,side_informed,gh80,uniform,50.0,HU_plus_surface,0.0,1fdce97f339c6596d23e9bb1065fcfdd1ee9e853c2e9a26822948904df8c6047,b3f34ed9fae563d6d9cf91f6e30672dee5151ff80df22be680bac098f8cd3a4e,138,-0.3220341592386477,0.01
1,1,all_agreeing_offsets,side_informed,gh80,uniform,50.0,HU_plus_surface,0.0001,1fdce97f339c6596d23e9bb1065fcfdd1ee9e853c2e9a26822948904df8c6047,4738ad7ebc10d559a3258ce4d63161441b4f5bbbe319be41b59bd42074470d50,138,-0.3180628970069783,0.01
1,1,all_agreeing_offsets,side_informed,gh80,uniform,50.0,HU_plus_surface,0.001,1fdce97f339c6596d23e9bb1065fcfdd1ee9e853c2e9a26822948904df8c6047,ddfb16f30e2bdcee83b03476c8ab3401d860f3c9dfe06c441ba3902d4f300e9f,138,-0.30036990924573154,0.01
1,1,all_agreeing_offsets,side_informed,gh80,uniform,50.0,HU_plus_surface,0.01,1fdce97f339c6596d23e9bb1065fcfdd1ee9e853c2e9a26822948904df8c6047,33c01d0941e92363ac79ccf05b2c09424d28a8a278fe10677d0ead53b2c9d074,138,-0.282681780563804,0.01
1,1,all_agreeing_offsets,side_informed,gh80,uniform,50.0,HU_plus_surface,0.1,1fdce97f339c6596d23e9bb1065fcfdd1ee9e853c2e9a26822948904df8c6047,bf99fd3513ef53fc902d0934f274f1980a6f17562d48b402187925a1e5f06313,138,-0.3555434745198644,0.01
1,2,all_agreeing_offsets,side_informed,gh80,uniform,50.0,HU_plus_surface,0.0,ea2a01c7ebcf95c320336f26b2b7d7ff133eac0910f84eeb63c63859a6fb024d,17f426cc6d98ea03595f1a3c3ce77b63a75774519cc0c0757fc44ce2bf915ff6,137,-0.3220341592386477,0.01
1,2,all_agreeing_offsets,side_informed,gh80,uniform,50.0,HU_plus_surface,0.0001,ea2a01c7ebcf95c320336f26b2b7d7ff133eac0910f84eeb63c63859a6fb024d,4018c9b48e649ec1e2a9194b264e91f122afe6234140cf22d394d94bdde8d341,137,-0.3180628970069783,0.01
1,2,all_agreeing_offsets,side_informed,gh80,uniform,50.0,HU_plus_surface,0.001,ea2a01c7ebcf95c320336f26b2b7d7ff133eac0910f84eeb63c63859a6fb024d,1030b7a9baefac70491d9ccaeb59102138a8c4ea02055a23070282740f52d4bf,137,-0.30036990924573154,0.01
1,2,all_agreeing_offsets,side_informed,gh80,uniform,50.0,HU_plus_surface,0.01,ea2a01c7ebcf95c320336f26b2b7d7ff133eac0910f84eeb63c63859a6fb024d,e78e16ba0ff91c7378c748fb96ce339518dc11ce018d093e47b9dd29b0d2f53c,137,-0.282681780563804,0.01
1,2,all_agreeing_offsets,side_informed,gh80,uniform,50.0,HU_plus_surface,0.1,ea2a01c7ebcf95c320336f26b2b7d7ff133eac0910f84eeb63c63859a6fb024d,f9cc73c30bb67e6b711c78e0eab9729c7a81efb0c99c95641e763f1010fe8bc3,137,-0.3555434745198644,0.01
1,0,all_agreeing_offsets,side_informed,gh80,uniform,50.0,retention_bounded_plus_HU,0.0,923683bb3d7d22d12d61ea5cd490f1fa6b90d6fe9e8fbdd8e0da06bd1e664b5a,e6d85c730d6f1ceb834e1664c7a5662f0f8ce72291ad7aadbb62d68c520005c7,135,-0.30976094960164635,0.01
1,0,all_agreeing_offsets,side_informed,gh80,uniform,50.0,retention_bounded_plus_HU,0.0001,923683bb3d7d22d12d61ea5cd490f1fa6b90d6fe9e8fbdd8e0da06bd1e664b5a,5d51857fdcf71edb3a1a23f21cfa22a1fc0e17c200d4254f59add33284336d86,135,-0.3093749034744455,0.01
1,0,all_agreeing_offsets,side_informed,gh80,uniform,50.0,retention_bounded_plus_HU,0.001,923683bb3d7d22d12d61ea5cd490f1fa6b90d6fe9e8fbdd8e0da06bd1e664b5a,f8b8ef009f3b3b3774e6725d15bce81d9e8a70483facaf38e1ab70657610de69,135,-0.3054682937562528,0.01
1,0,all_agreeing_offsets,side_informed,gh80,uniform,50.0,retention_bounded_plus_HU,0.01,923683bb3d7d22d12d61ea5cd490f1fa6b90d6fe9e8fbdd8e0da06bd1e664b5a,1f6dc28b546290fb01babddfb4aca38dc4c8a761ab99db086510c0617e76e3e8,135,-0.2900919390742712,0.01
1,0,all_agreeing_offsets,side_informed,gh80,uniform,50.0,retention_bounded_plus_HU,0.1,923683bb3d7d22d12d61ea5cd490f1fa6b90d6fe9e8fbdd8e0da06bd1e664b5a,cc0ef6fd96ed12a101f5b88e15f8a07d72ef5f9c5de1c0e18bfe269a8d06189b,135,-0.31829210159391674,0.01
1,1,all_agreeing_offsets,side_informed,gh80,uniform,50.0,retention_bounded_plus_HU,0.0,1fdce97f339c6596d23e9bb1065fcfdd1ee9e853c2e9a26822948904df8c6047,a9768e9cd595ac3b1a1969adbe05caeac44de48f7ed99ab7114a7eaaf296e28d,138,-0.30976094960164635,0.01
1,1,all_agreeing_offsets,side_informed,gh80,uniform,50.0,retention_bounded_plus_HU,0.0001,1fdce97f339c6596d23e9bb1065fcfdd1ee9e853c2e9a26822948904df8c6047,720f2a4bb46ab92a66ead8ca367e5cc7c2bbda9f6fa32e98c66bf23e0becb86a,138,-0.3093749034744455,0.01
1,1,all_agreeing_offsets,side_informed,gh80,uniform,50.0,retention_bounded_plus_HU,0.001,1fdce97f339c6596d23e9bb1065fcfdd1ee9e853c2e9a26822948904df8c6047,a15a03c38301a59f46920f83599c9c900450e1205f592b4acf746ded5323c29b,138,-0.3054682937562528,0.01
1,1,all_agreeing_offsets,side_informed,gh80,uniform,50.0,retention_bounded_plus_HU,0.01,1fdce97f339c6596d23e9bb1065fcfdd1ee9e853c2e9a26822948904df8c6047,16840b04f9b4b525075e15f302341d0ac4912a6494dd4f9f113afd5012e9d21d,138,-0.2900919390742712,0.01
1,1,all_agreeing_offsets,side_informed,gh80,uniform,50.0,retention_bounded_plus_HU,0.1,1fdce97f339c6596d23e9bb1065fcfdd1ee9e853c2e9a26822948904df8c6047,a7ad9cfd6d0829a1c343461683bd82572710779ff086ba4dec43e7b048845484,138,-0.31829210159391674,0.01
1,2,all_agreeing_offsets,side_informed,gh80,uniform,50.0,retention_bounded_plus_HU,0.0,ea2a01c7ebcf95c320336f26b2b7d7ff133eac0910f84eeb63c63859a6fb024d,f4a904749323b27745516d806fd78c6365482a2eb0aaa912a6df2ad5b15eddba,137,-0.30976094960164635,0.01
1,2,all_agreeing_offsets,side_informed,gh80,uniform,50.0,retention_bounded_plus_HU,0.0001,ea2a01c7ebcf95c320336f26b2b7d7ff133eac0910f84eeb63c63859a6fb024d,0c5514cb4bd2748e977216b4ec0939d301f97ee5cf33bd1cb2fc26b00d79158f,137,-0.3093749034744455,0.01
1,2,all_agreeing_offsets,side_informed,gh80,uniform,50.0,retention_bounded_plus_HU,0.001,ea2a01c7ebcf95c320336f26b2b7d7ff133eac0910f84eeb63c63859a6fb024d,26c46b95b76e0f9a8215b3000d70d00642cb8ab1de1e913a6a32b2fc8cb1335a,137,-0.3054682937562528,0.01
1,2,all_agreeing_offsets,side_informed,gh80,uniform,50.0,retention_bounded_plus_HU,0.01,ea2a01c7ebcf95c320336f26b2b7d7ff133eac0910f84eeb63c63859a6fb024d,3ef39d6720f380093f89db9327c7277a84f14ea6ed87fe9007b5b274fa854278,137,-0.2900919390742712,0.01
1,2,all_agreeing_offsets,side_informed,gh80,uniform,50.0,retention_bounded_plus_HU,0.1,ea2a01c7ebcf95c320336f26b2b7d7ff133eac0910f84eeb63c63859a6fb024d,66157a5ba3dd0258738d0cb2978bedda0dd6704429349beb81458ccad516bb86,137,-0.31829210159391674,0.01
1,0,all_agreeing_offsets,wholly_unseen,laplace,uniform,50.0,retention_bounded,0.0,923683bb3d7d22d12d61ea5cd490f1fa6b90d6fe9e8fbdd8e0da06bd1e664b5a,d49246e5bd9c65d3f7ef5fe9307fe71cd07dd03b84228984a9f03817d2a4763e,135,-0.6546233579011134,0.01
1,0,all_agreeing_offsets,wholly_unseen,laplace,uniform,50.0,retention_bounded,0.0001,923683bb3d7d22d12d61ea5cd490f1fa6b90d6fe9e8fbdd8e0da06bd1e664b5a,cc9b312d82fa55b74ec77fa5c8ba95856c466ae5dcca529226f6baff8e68ff9c,135,-0.6511985469902802,0.01
1,0,all_agreeing_offsets,wholly_unseen,laplace,uniform,50.0,retention_bounded,0.001,923683bb3d7d22d12d61ea5cd490f1fa6b90d6fe9e8fbdd8e0da06bd1e664b5a,f66e4d37e39bb373a5784bb9a9413641496b531263c9eed9b0d6c81b76b13971,135,-0.6309182062062341,0.01
1,0,all_agreeing_offsets,wholly_unseen,laplace,uniform,50.0,retention_bounded,0.01,923683bb3d7d22d12d61ea5cd490f1fa6b90d6fe9e8fbdd8e0da06bd1e664b5a,29fccd4ef03fd469f5cc778bef1caeee47533a8da99aca804461b3d55e5eedf9,135,-0.5915777449604912,0.01
1,0,all_agreeing_offsets,wholly_unseen,laplace,uniform,50.0,retention_bounded,0.1,923683bb3d7d22d12d61ea5cd490f1fa6b90d6fe9e8fbdd8e0da06bd1e664b5a,7740945a4fad1663c6cf88312f005b19c8dbb7b0d0df7205f90f8f1d28338b68,135,-0.6503968425337021,0.01
1,1,all_agreeing_offsets,wholly_unseen,laplace,uniform,50.0,retention_bounded,0.0,1fdce97f339c6596d23e9bb1065fcfdd1ee9e853c2e9a26822948904df8c6047,7f3556ec0c2f4a7cd91d8f01000cc4af45d74f3934eab9b650d633a3fcc9def6,138,-0.6546233579011134,0.01
1,1,all_agreeing_offsets,wholly_unseen,laplace,uniform,50.0,retention_bounded,0.0001,1fdce97f339c6596d23e9bb1065fcfdd1ee9e853c2e9a26822948904df8c6047,a1346fdbe423ace146ee7c651e34749d4f7351e8f65cda4add805f70d33f174f,138,-0.6511985469902802,0.01
1,1,all_agreeing_offsets,wholly_unseen,laplace,uniform,50.0,retention_bounded,0.001,1fdce97f339c6596d23e9bb1065fcfdd1ee9e853c2e9a26822948904df8c6047,56094e703fc1472629a9c9aad15c3d83851fe2056dcd35a404bbde81d3a3d779,138,-0.6309182062062341,0.01
1,1,all_agreeing_offsets,wholly_unseen,laplace,uniform,50.0,retention_bounded,0.01,1fdce97f339c6596d23e9bb1065fcfdd1ee9e853c2e9a26822948904df8c6047,c5174824ddedaf914862867874f7260e9cf4f66b7eaa96eba4ed5692ce8b6eb6,138,-0.5915777449604912,0.01
1,1,all_agreeing_offsets,wholly_unseen,laplace,uniform,50.0,retention_bounded,0.1,1fdce97f339c6596d23e9bb1065fcfdd1ee9e853c2e9a26822948904df8c6047,bf26179554d73624536ffc473ca59a9ec6188633d77789c31b2bae636a9f0a61,138,-0.6503968425337021,0.01
1,2,all_agreeing_offsets,wholly_unseen,laplace,uniform,50.0,retention_bounded,0.0,ea2a01c7ebcf95c320336f26b2b7d7ff133eac0910f84eeb63c63859a6fb024d,eb662375b63daf0eeb0d6dc49485bd584575afd7a1a828147e1f429cf202d584,137,-0.6546233579011134,0.01
1,2,all_agreeing_offsets,wholly_unseen,laplace,uniform,50.0,retention_bounded,0.0001,ea2a01c7ebcf95c320336f26b2b7d7ff133eac0910f84eeb63c63859a6fb024d,9261e4a2a32adc9989af7b6c5cc055c0489096a162382771d8b61db3271014b7,137,-0.6511985469902802,0.01
1,2,all_agreeing_offsets,wholly_unseen,laplace,uniform,50.0,retention_bounded,0.001,ea2a01c7ebcf95c320336f26b2b7d7ff133eac0910f84eeb63c63859a6fb024d,21a25f780c71fc49cf2780aa3bf5beb55c12c39c7aed88961a4a37e3ec05ff33,137,-0.6309182062062341,0.01
1,2,all_agreeing_offsets,wholly_unseen,laplace,uniform,50.0,retention_bounded,0.01,ea2a01c7ebcf95c320336f26b2b7d7ff133eac0910f84eeb63c63859a6fb024d,c7b746777e800a24a2f71f4c99f0b64f78319e696750e5a2b32fa19c48b9da88,137,-0.5915777449604912,0.01
1,2,all_agreeing_offsets,wholly_unseen,laplace,uniform,50.0,retention_bounded,0.1,ea2a01c7ebcf95c320336f26b2b7d7ff133eac0910f84eeb63c63859a6fb024d,5802b54e88d5ba9fbdce453d431c395a79c1f23b7d885758f43deb49132420dd,137,-0.6503968425337021,0.01
1,0,all_agreeing_offsets,wholly_unseen,laplace,uniform,50.0,retention_nonnegative,0.0,923683bb3d7d22d12d61ea5cd490f1fa6b90d6fe9e8fbdd8e0da06bd1e664b5a,2eccdf01b21e804768b5f5623a558143bb2d462ac1ca577d4c11523e4f20f0c4,135,-0.6546233570066158,0.001
1,0,all_agreeing_offsets,wholly_unseen,laplace,uniform,50.0,retention_nonnegative,0.0001,923683bb3d7d22d12d61ea5cd490f1fa6b90d6fe9e8fbdd8e0da06bd1e664b5a,d25fceefd2089783e225d59686ecde906799e6bbeba005efe69a962c895c679d,135,-0.6480902050960361,0.001
1,0,all_agreeing_offsets,wholly_unseen,laplace,uniform,50.0,retention_nonnegative,0.001,923683bb3d7d22d12d61ea5cd490f1fa6b90d6fe9e8fbdd8e0da06bd1e664b5a,43744fb5747a846dcc705d975e13f2b98c41afa2e9c046693bd9fe929b6e6076,135,-0.6215663207690119,0.001
1,0,all_agreeing_offsets,wholly_unseen,laplace,uniform,50.0,retention_nonnegative,0.01,923683bb3d7d22d12d61ea5cd490f1fa6b90d6fe9e8fbdd8e0da06bd1e664b5a,d2fe4a48507c68184f03b46b64d5037f2fe6d3c0bff8ee1f419d5866d198a7b0,135,-0.6363403273595014,0.001
1,0,all_agreeing_offsets,wholly_unseen,laplace,uniform,50.0,retention_nonnegative,0.1,923683bb3d7d22d12d61ea5cd490f1fa6b90d6fe9e8fbdd8e0da06bd1e664b5a,8ce177e1582355cebeba580d4c80d67ae4cd18f065cbe9f8df2f6ccbcbfb487a,135,-0.7496609472019606,0.001
1,1,all_agreeing_offsets,wholly_unseen,laplace,uniform,50.0,retention_nonnegative,0.0,1fdce97f339c6596d23e9bb1065fcfdd1ee9e853c2e9a26822948904df8c6047,a56cd7b296c6305caea3c329c27508177cc02b6b5102578d2dd51ea97497226a,138,-0.6546233570066158,0.001
1,1,all_agreeing_offsets,wholly_unseen,laplace,uniform,50.0,retention_nonnegative,0.0001,1fdce97f339c6596d23e9bb1065fcfdd1ee9e853c2e9a26822948904df8c6047,541b70474b3bdaa7cc89ec511e53241463776c1b77dcb4c41dead832953cd3d2,138,-0.6480902050960361,0.001
1,1,all_agreeing_offsets,wholly_unseen,laplace,uniform,50.0,retention_nonnegative,0.001,1fdce97f339c6596d23e9bb1065fcfdd1ee9e853c2e9a26822948904df8c6047,32428e905c2dacd671951c8b81e04b367aec493d428c3f598f5faa3f1f431899,138,-0.6215663207690119,0.001
1,1,all_agreeing_offsets,wholly_unseen,laplace,uniform,50.0,retention_nonnegative,0.01,1fdce97f339c6596d23e9bb1065fcfdd1ee9e853c2e9a26822948904df8c6047,19a8835d64e11876cbb9a64a7e4d1dd71d6e3f70f3b9ff11713cbd3bd5624401,138,-0.6363403273595014,0.001
1,1,all_agreeing_offsets,wholly_unseen,laplace,uniform,50.0,retention_nonnegative,0.1,1fdce97f339c6596d23e9bb1065fcfdd1ee9e853c2e9a26822948904df8c6047,e753790566802d6fc08a165aca7ea55b7442017c1a842e470b867b3b853342ce,138,-0.7496609472019606,0.001
1,2,all_agreeing_offsets,wholly_unseen,laplace,uniform,50.0,retention_nonnegative,0.0,ea2a01c7ebcf95c320336f26b2b7d7ff133eac0910f84eeb63c63859a6fb024d,c0f19fd6efa6de260ceb47ee0fd22534d223ef324093fe71896e85dc29982031,137,-0.6546233570066158,0.001
1,2,all_agreeing_offsets,wholly_unseen,laplace,uniform,50.0,retention_nonnegative,0.0001,ea2a01c7ebcf95c320336f26b2b7d7ff133eac0910f84eeb63c63859a6fb024d,8dd71aeb6d8bd079301a8283749657fb1a2d53d2e7d6bc8ef4a6b1de364a302a,137,-0.6480902050960361,0.001
1,2,all_agreeing_offsets,wholly_unseen,laplace,uniform,50.0,retention_nonnegative,0.001,ea2a01c7ebcf95c320336f26b2b7d7ff133eac0910f84eeb63c63859a6fb024d,c442720dea614d9bd9127eeee8d8d2a86d5665314035419d09ba418d6b2baaec,137,-0.6215663207690119,0.001
1,2,all_agreeing_offsets,wholly_unseen,laplace,uniform,50.0,retention_nonnegative,0.01,ea2a01c7ebcf95c320336f26b2b7d7ff133eac0910f84eeb63c63859a6fb024d,a0584130d2b50b6539dc46239071677b0f5a13d9854712ff513cac4917afd1a5,137,-0.6363403273595014,0.001
1,2,all_agreeing_offsets,wholly_unseen,laplace,uniform,50.0,retention_nonnegative,0.1,ea2a01c7ebcf95c320336f26b2b7d7ff133eac0910f84eeb63c63859a6fb024d,5c2763e3c681594f971d1fbe8b8ca9adadb58407beb32b1a73357c8667809463,137,-0.7496609472019606,0.001
1,0,all_agreeing_offsets,wholly_unseen,laplace,uniform,50.0,current_only,0.0,923683bb3d7d22d12d61ea5cd490f1fa6b90d6fe9e8fbdd8e0da06bd1e664b5a,32f80b260fce3fa7b4e2c6af5e7d6c11ed5686c8ac605cc50768d57ca4ca5e7f,135,-0.9189188189550835,0.01
1,0,all_agreeing_offsets,wholly_unseen,laplace,uniform,50.0,current_only,0.0001,923683bb3d7d22d12d61ea5cd490f1fa6b90d6fe9e8fbdd8e0da06bd1e664b5a,e9dfd519fae53b969cc5308875fbc7f596faada3ee7c25d92d4f9793c171fdeb,135,-0.9186914282949648,0.01
1,0,all_agreeing_offsets,wholly_unseen,laplace,uniform,50.0,current_only,0.001,923683bb3d7d22d12d61ea5cd490f1fa6b90d6fe9e8fbdd8e0da06bd1e664b5a,7f0903e69b41f347efd2c19b953837e8388c841c036a24aa9aa1a116e280b4b1,135,-0.9167468788240083,0.01
1,0,all_agreeing_offsets,wholly_unseen,laplace,uniform,50.0,current_only,0.01,923683bb3d7d22d12d61ea5cd490f1fa6b90d6fe9e8fbdd8e0da06bd1e664b5a,a1fdaf34c764fd85916768c9e443aad127038e8d9aa0fa45a5efac803ed5db16,135,-0.9040830367579689,0.01
1,0,all_agreeing_offsets,wholly_unseen,laplace,uniform,50.0,current_only,0.1,923683bb3d7d22d12d61ea5cd490f1fa6b90d6fe9e8fbdd8e0da06bd1e664b5a,0e9e7e73a2ce21b83b914130ce839fd5a11b6da8b39d2f1eba8e0e1a81268e27,135,-0.9077599143518774,0.01
1,1,all_agreeing_offsets,wholly_unseen,laplace,uniform,50.0,current_only,0.0,1fdce97f339c6596d23e9bb1065fcfdd1ee9e853c2e9a26822948904df8c6047,3a3c50b6820c640bd0654b6e35c2e6e240be37713652c7c507758476ee0331cd,138,-0.9189188189550835,0.01
1,1,all_agreeing_offsets,wholly_unseen,laplace,uniform,50.0,current_only,0.0001,1fdce97f339c6596d23e9bb1065fcfdd1ee9e853c2e9a26822948904df8c6047,76d9d9b896d5c91c94b2d8b6d95151fba29eb804a5835abb6ebaec5a7f3fb096,138,-0.9186914282949648,0.01
1,1,all_agreeing_offsets,wholly_unseen,laplace,uniform,50.0,current_only,0.001,1fdce97f339c6596d23e9bb1065fcfdd1ee9e853c2e9a26822948904df8c6047,b1243f118e2f9a34b20389cb354e6e4893d49dec4977fd9ea76377983a65ee95,138,-0.9167468788240083,0.01
1,1,all_agreeing_offsets,wholly_unseen,laplace,uniform,50.0,current_only,0.01,1fdce97f339c6596d23e9bb1065fcfdd1ee9e853c2e9a26822948904df8c6047,c725da3e0df66ef2e586dcfa6bad2ce95e0432ad7ce0f18665c8b1ba384bd4a1,138,-0.9040830367579689,0.01
1,1,all_agreeing_offsets,wholly_unseen,laplace,uniform,50.0,current_only,0.1,1fdce97f339c6596d23e9bb1065fcfdd1ee9e853c2e9a26822948904df8c6047,61e593db9e86163bf9bd08f763f0e233ee441f85f8024e82b8b5a446598d66f8,138,-0.9077599143518774,0.01
1,2,all_agreeing_offsets,wholly_unseen,laplace,uniform,50.0,current_only,0.0,ea2a01c7ebcf95c320336f26b2b7d7ff133eac0910f84eeb63c63859a6fb024d,fe2d311ac3c7ff1a839f1976065b6b47e83fa5782467d3acf0a2b5951d8cd348,137,-0.9189188189550835,0.01
1,2,all_agreeing_offsets,wholly_unseen,laplace,uniform,50.0,current_only,0.0001,ea2a01c7ebcf95c320336f26b2b7d7ff133eac0910f84eeb63c63859a6fb024d,ca700cd079ee232fb6fae6a2698f99a9b27587530450f8cc5667e47c3206c25e,137,-0.9186914282949648,0.01
1,2,all_agreeing_offsets,wholly_unseen,laplace,uniform,50.0,current_only,0.001,ea2a01c7ebcf95c320336f26b2b7d7ff133eac0910f84eeb63c63859a6fb024d,1033b8002e841fa47131fc85a344647e88aee7ff0a59600b5d0686ad47d11786,137,-0.9167468788240083,0.01
1,2,all_agreeing_offsets,wholly_unseen,laplace,uniform,50.0,current_only,0.01,ea2a01c7ebcf95c320336f26b2b7d7ff133eac0910f84eeb63c63859a6fb024d,3780ede9a8843db3af4d956788ced36b2e0ee8a6f230b11e7df6e0da19b2b2f7,137,-0.9040830367579689,0.01
1,2,all_agreeing_offsets,wholly_unseen,laplace,uniform,50.0,current_only,0.1,ea2a01c7ebcf95c320336f26b2b7d7ff133eac0910f84eeb63c63859a6fb024d,c069f499871eed1c64830edc95b6af527dd6e70a51ff5197280c736020b176a3,137,-0.9077599143518774,0.01
1,0,all_agreeing_offsets,wholly_unseen,laplace,uniform,50.0,input_plus_surface,0.0,923683bb3d7d22d12d61ea5cd490f1fa6b90d6fe9e8fbdd8e0da06bd1e664b5a,d87b1edcea0c6bdba0b260db598c15e58dea19a3a2debae1c0d3a3f953ad82d4,135,-0.649315263076882,0.01
1,0,all_agreeing_offsets,wholly_unseen,laplace,uniform,50.0,input_plus_surface,0.0001,923683bb3d7d22d12d61ea5cd490f1fa6b90d6fe9e8fbdd8e0da06bd1e664b5a,2062dbbf188d867dd8a47d82eda2735d3bffb370b8d3fb3a503dbf2956bb3dc7,135,-0.6439199924040454,0.01
1,0,all_agreeing_offsets,wholly_unseen,laplace,uniform,50.0,input_plus_surface,0.001,923683bb3d7d22d12d61ea5cd490f1fa6b90d6fe9e8fbdd8e0da06bd1e664b5a,9aec391c17f1b9951185320b2ad134a5a7b83c73d0c311a7c0401e8cc3290a0c,135,-0.6212489542747162,0.01
1,0,all_agreeing_offsets,wholly_unseen,laplace,uniform,50.0,input_plus_surface,0.01,923683bb3d7d22d12d61ea5cd490f1fa6b90d6fe9e8fbdd8e0da06bd1e664b5a,9fa3faa62587d17a90e61e5415deccd35093d0fb5c56939bcbfce99aab8326b0,135,-0.6031802976554798,0.01
1,0,all_agreeing_offsets,wholly_unseen,laplace,uniform,50.0,input_plus_surface,0.1,923683bb3d7d22d12d61ea5cd490f1fa6b90d6fe9e8fbdd8e0da06bd1e664b5a,bae3fe805b9f081679ad5d5d388218d0fc238cb25c699863be98fcec52e1479d,135,-0.6830942205222712,0.01
1,1,all_agreeing_offsets,wholly_unseen,laplace,uniform,50.0,input_plus_surface,0.0,1fdce97f339c6596d23e9bb1065fcfdd1ee9e853c2e9a26822948904df8c6047,1debcf64f6009830c254cdd8cedc01699ad45917d74de35bd87a878d830b6247,138,-0.649315263076882,0.01
1,1,all_agreeing_offsets,wholly_unseen,laplace,uniform,50.0,input_plus_surface,0.0001,1fdce97f339c6596d23e9bb1065fcfdd1ee9e853c2e9a26822948904df8c6047,9302be540ee7ba984e5682b4f71c8147a3aa9ade10e765da9f3f4e9ea53760f8,138,-0.6439199924040454,0.01
1,1,all_agreeing_offsets,wholly_unseen,laplace,uniform,50.0,input_plus_surface,0.001,1fdce97f339c6596d23e9bb1065fcfdd1ee9e853c2e9a26822948904df8c6047,0d8af0be28da968cc41ad3330daa92a3f8b4519823995fe9dcc59e57932823a3,138,-0.6212489542747162,0.01
1,1,all_agreeing_offsets,wholly_unseen,laplace,uniform,50.0,input_plus_surface,0.01,1fdce97f339c6596d23e9bb1065fcfdd1ee9e853c2e9a26822948904df8c6047,037726eee4c6a3484e217c4724aca1b31b6658fc8db7b87afe1a472ff5a553eb,138,-0.6031802976554798,0.01
1,1,all_agreeing_offsets,wholly_unseen,laplace,uniform,50.0,input_plus_surface,0.1,1fdce97f339c6596d23e9bb1065fcfdd1ee9e853c2e9a26822948904df8c6047,e31b533a32cd5d62b2addd9777dcd34755f4b32d04629c663e131fd826311b1e,138,-0.6830942205222712,0.01
1,2,all_agreeing_offsets,wholly_unseen,laplace,uniform,50.0,input_plus_surface,0.0,ea2a01c7ebcf95c320336f26b2b7d7ff133eac0910f84eeb63c63859a6fb024d,80d21d420368227e15014810a5534265432b21936eef5887fc6559d3ab27d866,137,-0.649315263076882,0.01
1,2,all_agreeing_offsets,wholly_unseen,laplace,uniform,50.0,input_plus_surface,0.0001,ea2a01c7ebcf95c320336f26b2b7d7ff133eac0910f84eeb63c63859a6fb024d,621b9f17b66409cb266cf0ca106b348e4b2b7df7808903a7012df3fd22c748b0,137,-0.6439199924040454,0.01
1,2,all_agreeing_offsets,wholly_unseen,laplace,uniform,50.0,input_plus_surface,0.001,ea2a01c7ebcf95c320336f26b2b7d7ff133eac0910f84eeb63c63859a6fb024d,48fdb89658419101f9c6eba55ba3401afaa80a4a649cbc35224b151c8ce5b2f4,137,-0.6212489542747162,0.01
1,2,all_agreeing_offsets,wholly_unseen,laplace,uniform,50.0,input_plus_surface,0.01,ea2a01c7ebcf95c320336f26b2b7d7ff133eac0910f84eeb63c63859a6fb024d,77c2908e63261549251b8d2d00b34a9a71683388f7f30ecb981685ffa32872a4,137,-0.6031802976554798,0.01
1,2,all_agreeing_offsets,wholly_unseen,laplace,uniform,50.0,input_plus_surface,0.1,ea2a01c7ebcf95c320336f26b2b7d7ff133eac0910f84eeb63c63859a6fb024d,290b99be07ef24e6bacff36d0a179a3f7cc84fa98e5aef6c585b8873078024ca,137,-0.6830942205222712,0.01
1,0,all_agreeing_offsets,wholly_unseen,laplace,uniform,50.0,HU_plus_surface,0.0,923683bb3d7d22d12d61ea5cd490f1fa6b90d6fe9e8fbdd8e0da06bd1e664b5a,eaafd9d6154d9bc267680e4e9338399ab1a14cc6b260bdd023a396379c851303,135,-0.602791240377755,0.01
1,0,all_agreeing_offsets,wholly_unseen,laplace,uniform,50.0,HU_plus_surface,0.0001,923683bb3d7d22d12d61ea5cd490f1fa6b90d6fe9e8fbdd8e0da06bd1e664b5a,d13b0d290bb86d61eda8dad3c8b0dd89fadad68665fe3b932e61d137b7f7ab32,135,-0.5990808640925155,0.01
1,0,all_agreeing_offsets,wholly_unseen,laplace,uniform,50.0,HU_plus_surface,0.001,923683bb3d7d22d12d61ea5cd490f1fa6b90d6fe9e8fbdd8e0da06bd1e664b5a,c6ce86b848fa5426003432ae54d52485544e1e52e59064357d387f8856b08d34,135,-0.5840429142363296,0.01
1,0,all_agreeing_offsets,wholly_unseen,laplace,uniform,50.0,HU_plus_surface,0.01,923683bb3d7d22d12d61ea5cd490f1fa6b90d6fe9e8fbdd8e0da06bd1e664b5a,c5fa0a2aac33f801892620bdd042e39e111c7ea7145a05ccffbb431c96791c1b,135,-0.5795124403919505,0.01
1,0,all_agreeing_offsets,wholly_unseen,laplace,uniform,50.0,HU_plus_surface,0.1,923683bb3d7d22d12d61ea5cd490f1fa6b90d6fe9e8fbdd8e0da06bd1e664b5a,894584712f0bc589330536788f71ee6aad0b45c0983379733e4f94337ea3b357,135,-0.6721900104869319,0.01
1,1,all_agreeing_offsets,wholly_unseen,laplace,uniform,50.0,HU_plus_surface,0.0,1fdce97f339c6596d23e9bb1065fcfdd1ee9e853c2e9a26822948904df8c6047,cf79e4066b799dcce717d5aeafe82464d26f6ace513a2650fcd7ef681d0393b5,138,-0.602791240377755,0.01
1,1,all_agreeing_offsets,wholly_unseen,laplace,uniform,50.0,HU_plus_surface,0.0001,1fdce97f339c6596d23e9bb1065fcfdd1ee9e853c2e9a26822948904df8c6047,121fef5f4fc5e5d297f6becae956f12a4132c0e12710003d768481defb67d923,138,-0.5990808640925155,0.01
1,1,all_agreeing_offsets,wholly_unseen,laplace,uniform,50.0,HU_plus_surface,0.001,1fdce97f339c6596d23e9bb1065fcfdd1ee9e853c2e9a26822948904df8c6047,b4a5fe17fca5c2f6a86e73715b56fe4f800ffb743780b752098d1d4e1dcb4992,138,-0.5840429142363296,0.01
1,1,all_agreeing_offsets,wholly_unseen,laplace,uniform,50.0,HU_plus_surface,0.01,1fdce97f339c6596d23e9bb1065fcfdd1ee9e853c2e9a26822948904df8c6047,2046d253c5f0107471f0f961bf7f12fe5c9f3b374171f420f2a1a5c681514bd9,138,-0.5795124403919505,0.01
1,1,all_agreeing_offsets,wholly_unseen,laplace,uniform,50.0,HU_plus_surface,0.1,1fdce97f339c6596d23e9bb1065fcfdd1ee9e853c2e9a26822948904df8c6047,d0733007d72cad92a0ac8513980de0c7d6043336f03b26ac641e945a0a0a9564,138,-0.6721900104869319,0.01
1,2,all_agreeing_offsets,wholly_unseen,laplace,uniform,50.0,HU_plus_surface,0.0,ea2a01c7ebcf95c320336f26b2b7d7ff133eac0910f84eeb63c63859a6fb024d,8d53ba5a2834c63e42d7374e3e406a9a15ed40caf53f33caf3e80127c5d128e9,137,-0.602791240377755,0.01
1,2,all_agreeing_offsets,wholly_unseen,laplace,uniform,50.0,HU_plus_surface,0.0001,ea2a01c7ebcf95c320336f26b2b7d7ff133eac0910f84eeb63c63859a6fb024d,fc974a532aa48243036d695aa8611536119676ad34ad5f8daa0a15004a4475eb,137,-0.5990808640925155,0.01
1,2,all_agreeing_offsets,wholly_unseen,laplace,uniform,50.0,HU_plus_surface,0.001,ea2a01c7ebcf95c320336f26b2b7d7ff133eac0910f84eeb63c63859a6fb024d,941c99aac08d242b2d05aa20d9bacfed689d7e076dee50dcf77195ac2d6fb475,137,-0.5840429142363296,0.01
1,2,all_agreeing_offsets,wholly_unseen,laplace,uniform,50.0,HU_plus_surface,0.01,ea2a01c7ebcf95c320336f26b2b7d7ff133eac0910f84eeb63c63859a6fb024d,0c4e68dfafc99099b6b8b73b2c752bf61dd13812416dd8fc85a11ae5462b9915,137,-0.5795124403919505,0.01
1,2,all_agreeing_offsets,wholly_unseen,laplace,uniform,50.0,HU_plus_surface,0.1,ea2a01c7ebcf95c320336f26b2b7d7ff133eac0910f84eeb63c63859a6fb024d,3eb8fc63501d9b8beb1c3e4ce709b93a7b78cb7485e74813310eaf484162e559,137,-0.6721900104869319,0.01
1,0,all_agreeing_offsets,wholly_unseen,laplace,uniform,50.0,retention_bounded_plus_HU,0.0,923683bb3d7d22d12d61ea5cd490f1fa6b90d6fe9e8fbdd8e0da06bd1e664b5a,639bb7c146dd0db7981af184fafa64c865f70d4ae15c3aeea1bfa741bb8c4365,135,-0.5977297519791878,0.01
1,0,all_agreeing_offsets,wholly_unseen,laplace,uniform,50.0,retention_bounded_plus_HU,0.0001,923683bb3d7d22d12d61ea5cd490f1fa6b90d6fe9e8fbdd8e0da06bd1e664b5a,1fbf15c0cdff39e908e9cfb89b6d89fff2c9c4dfbb279ab665a9d9073696e619,135,-0.5962893938091339,0.01
1,0,all_agreeing_offsets,wholly_unseen,laplace,uniform,50.0,retention_bounded_plus_HU,0.001,923683bb3d7d22d12d61ea5cd490f1fa6b90d6fe9e8fbdd8e0da06bd1e664b5a,6626e96db98dd8a1c7d3eabea7a0715c10f71dbabb5a13d5574ae59d7539bc37,135,-0.5861218863539693,0.01
1,0,all_agreeing_offsets,wholly_unseen,laplace,uniform,50.0,retention_bounded_plus_HU,0.01,923683bb3d7d22d12d61ea5cd490f1fa6b90d6fe9e8fbdd8e0da06bd1e664b5a,13b332979ab8e4a26ddb2580c5165fbf4d5cca9a7985bb1b1f23de566e70e79a,135,-0.5675555783194544,0.01
1,0,all_agreeing_offsets,wholly_unseen,laplace,uniform,50.0,retention_bounded_plus_HU,0.1,923683bb3d7d22d12d61ea5cd490f1fa6b90d6fe9e8fbdd8e0da06bd1e664b5a,11f84f80ad6c359c2a38e5960ab05ec26a37cd5e2ad814f56abf9210b1be6a7b,135,-0.6211352928303789,0.01
1,1,all_agreeing_offsets,wholly_unseen,laplace,uniform,50.0,retention_bounded_plus_HU,0.0,1fdce97f339c6596d23e9bb1065fcfdd1ee9e853c2e9a26822948904df8c6047,6552ebbd73854384e7fdd845038a51e7d057b210ab9b1a28c1d0c6c9f9ebe905,138,-0.5977297519791878,0.01
1,1,all_agreeing_offsets,wholly_unseen,laplace,uniform,50.0,retention_bounded_plus_HU,0.0001,1fdce97f339c6596d23e9bb1065fcfdd1ee9e853c2e9a26822948904df8c6047,e83315032198f1f385321e21d82961287dac7669805bd52f2dad66339291b52a,138,-0.5962893938091339,0.01
1,1,all_agreeing_offsets,wholly_unseen,laplace,uniform,50.0,retention_bounded_plus_HU,0.001,1fdce97f339c6596d23e9bb1065fcfdd1ee9e853c2e9a26822948904df8c6047,a70c021dbaa67edd10bda9ab4826435c975a4aa5aa4d916c5c7d60279b450f1d,138,-0.5861218863539693,0.01
1,1,all_agreeing_offsets,wholly_unseen,laplace,uniform,50.0,retention_bounded_plus_HU,0.01,1fdce97f339c6596d23e9bb1065fcfdd1ee9e853c2e9a26822948904df8c6047,ada31848e82a4ce296778bf2603ea229f1c1fdc8a1029703e543d3d7fcaf6708,138,-0.5675555783194544,0.01
1,1,all_agreeing_offsets,wholly_unseen,laplace,uniform,50.0,retention_bounded_plus_HU,0.1,1fdce97f339c6596d23e9bb1065fcfdd1ee9e853c2e9a26822948904df8c6047,c73d470eb191475b160fee59a76d49bb69963acfb97d1beba5c8649a452dbc38,138,-0.6211352928303789,0.01
1,2,all_agreeing_offsets,wholly_unseen,laplace,uniform,50.0,retention_bounded_plus_HU,0.0,ea2a01c7ebcf95c320336f26b2b7d7ff133eac0910f84eeb63c63859a6fb024d,54fb4b8f1106ccc1cdb6bd467b6cb3e70a1e5b17727f3f224483467809f532f0,137,-0.5977297519791878,0.01
1,2,all_agreeing_offsets,wholly_unseen,laplace,uniform,50.0,retention_bounded_plus_HU,0.0001,ea2a01c7ebcf95c320336f26b2b7d7ff133eac0910f84eeb63c63859a6fb024d,dc03bd07fea89833d83057076d9bae0956524d2524bdd5890c55a2256c830cc7,137,-0.5962893938091339,0.01
1,2,all_agreeing_offsets,wholly_unseen,laplace,uniform,50.0,retention_bounded_plus_HU,0.001,ea2a01c7ebcf95c320336f26b2b7d7ff133eac0910f84eeb63c63859a6fb024d,c864bc66f774da6492d6922a0a8c1c07351934e26c7db52961016d6946bd46d5,137,-0.5861218863539693,0.01
1,2,all_agreeing_offsets,wholly_unseen,laplace,uniform,50.0,retention_bounded_plus_HU,0.01,ea2a01c7ebcf95c320336f26b2b7d7ff133eac0910f84eeb63c63859a6fb024d,2a86e62f7e513ddf35cc3622c3f29a6cf6d3bfb5e71dccc3bd322d6047ef3514,137,-0.5675555783194544,0.01
1,2,all_agreeing_offsets,wholly_unseen,laplace,uniform,50.0,retention_bounded_plus_HU,0.1,ea2a01c7ebcf95c320336f26b2b7d7ff133eac0910f84eeb63c63859a6fb024d,add202ccef7fb68462d32ea2dacb89ecdd4f90bcc33a1db340dd64373f10fafd,137,-0.6211352928303789,0.01
1,0,all_agreeing_offsets,wholly_unseen,gh80,uniform,50.0,HU_plus_surface,0.0,923683bb3d7d22d12d61ea5cd490f1fa6b90d6fe9e8fbdd8e0da06bd1e664b5a,c7cd0e48d1e0659249fc9ef946b6b4d4b9adeff8a478e064dd7c2db19681c38c,135,-0.6040542117517114,0.01
1,0,all_agreeing_offsets,wholly_unseen,gh80,uniform,50.0,HU_plus_surface,0.0001,923683bb3d7d22d12d61ea5cd490f1fa6b90d6fe9e8fbdd8e0da06bd1e664b5a,d197f3dd8c9d357a306afe43eaee3df34cfd761c1428acf149d75bdea3efbceb,135,-0.5997997731414451,0.01
1,0,all_agreeing_offsets,wholly_unseen,gh80,uniform,50.0,HU_plus_surface,0.001,923683bb3d7d22d12d61ea5cd490f1fa6b90d6fe9e8fbdd8e0da06bd1e664b5a,3363b9d26a170bd9eaf82c000608ada11cdcba4d4dd1cf72de045abf5dbba273,135,-0.5830381698428679,0.01
1,0,all_agreeing_offsets,wholly_unseen,gh80,uniform,50.0,HU_plus_surface,0.01,923683bb3d7d22d12d61ea5cd490f1fa6b90d6fe9e8fbdd8e0da06bd1e664b5a,1cf7a3f6f4030a6b6bffb6b6259f2385fc4d53f6f7c47bd35f67f9da977191d8,135,-0.578890590409271,0.01
1,0,all_agreeing_offsets,wholly_unseen,gh80,uniform,50.0,HU_plus_surface,0.1,923683bb3d7d22d12d61ea5cd490f1fa6b90d6fe9e8fbdd8e0da06bd1e664b5a,73742866eda4aab7fac2355673156db3bc18de39de5c0ae7ebb165357096da22,135,-0.6741459905209863,0.01
1,1,all_agreeing_offsets,wholly_unseen,gh80,uniform,50.0,HU_plus_surface,0.0,1fdce97f339c6596d23e9bb1065fcfdd1ee9e853c2e9a26822948904df8c6047,b3f34ed9fae563d6d9cf91f6e30672dee5151ff80df22be680bac098f8cd3a4e,138,-0.6040542117517114,0.01
1,1,all_agreeing_offsets,wholly_unseen,gh80,uniform,50.0,HU_plus_surface,0.0001,1fdce97f339c6596d23e9bb1065fcfdd1ee9e853c2e9a26822948904df8c6047,4738ad7ebc10d559a3258ce4d63161441b4f5bbbe319be41b59bd42074470d50,138,-0.5997997731414451,0.01
1,1,all_agreeing_offsets,wholly_unseen,gh80,uniform,50.0,HU_plus_surface,0.001,1fdce97f339c6596d23e9bb1065fcfdd1ee9e853c2e9a26822948904df8c6047,ddfb16f30e2bdcee83b03476c8ab3401d860f3c9dfe06c441ba3902d4f300e9f,138,-0.5830381698428679,0.01
1,1,all_agreeing_offsets,wholly_unseen,gh80,uniform,50.0,HU_plus_surface,0.01,1fdce97f339c6596d23e9bb1065fcfdd1ee9e853c2e9a26822948904df8c6047,33c01d0941e92363ac79ccf05b2c09424d28a8a278fe10677d0ead53b2c9d074,138,-0.578890590409271,0.01
1,1,all_agreeing_offsets,wholly_unseen,gh80,uniform,50.0,HU_plus_surface,0.1,1fdce97f339c6596d23e9bb1065fcfdd1ee9e853c2e9a26822948904df8c6047,bf99fd3513ef53fc902d0934f274f1980a6f17562d48b402187925a1e5f06313,138,-0.6741459905209863,0.01
1,2,all_agreeing_offsets,wholly_unseen,gh80,uniform,50.0,HU_plus_surface,0.0,ea2a01c7ebcf95c320336f26b2b7d7ff133eac0910f84eeb63c63859a6fb024d,17f426cc6d98ea03595f1a3c3ce77b63a75774519cc0c0757fc44ce2bf915ff6,137,-0.6040542117517114,0.01
1,2,all_agreeing_offsets,wholly_unseen,gh80,uniform,50.0,HU_plus_surface,0.0001,ea2a01c7ebcf95c320336f26b2b7d7ff133eac0910f84eeb63c63859a6fb024d,4018c9b48e649ec1e2a9194b264e91f122afe6234140cf22d394d94bdde8d341,137,-0.5997997731414451,0.01
1,2,all_agreeing_offsets,wholly_unseen,gh80,uniform,50.0,HU_plus_surface,0.001,ea2a01c7ebcf95c320336f26b2b7d7ff133eac0910f84eeb63c63859a6fb024d,1030b7a9baefac70491d9ccaeb59102138a8c4ea02055a23070282740f52d4bf,137,-0.5830381698428679,0.01
1,2,all_agreeing_offsets,wholly_unseen,gh80,uniform,50.0,HU_plus_surface,0.01,ea2a01c7ebcf95c320336f26b2b7d7ff133eac0910f84eeb63c63859a6fb024d,e78e16ba0ff91c7378c748fb96ce339518dc11ce018d093e47b9dd29b0d2f53c,137,-0.578890590409271,0.01
1,2,all_agreeing_offsets,wholly_unseen,gh80,uniform,50.0,HU_plus_surface,0.1,ea2a01c7ebcf95c320336f26b2b7d7ff133eac0910f84eeb63c63859a6fb024d,f9cc73c30bb67e6b711c78e0eab9729c7a81efb0c99c95641e763f1010fe8bc3,137,-0.6741459905209863,0.01
1,0,all_agreeing_offsets,wholly_unseen,gh80,uniform,50.0,retention_bounded_plus_HU,0.0,923683bb3d7d22d12d61ea5cd490f1fa6b90d6fe9e8fbdd8e0da06bd1e664b5a,e6d85c730d6f1ceb834e1664c7a5662f0f8ce72291ad7aadbb62d68c520005c7,135,-0.5957976305676519,0.01
1,0,all_agreeing_offsets,wholly_unseen,gh80,uniform,50.0,retention_bounded_plus_HU,0.0001,923683bb3d7d22d12d61ea5cd490f1fa6b90d6fe9e8fbdd8e0da06bd1e664b5a,5d51857fdcf71edb3a1a23f21cfa22a1fc0e17c200d4254f59add33284336d86,135,-0.5950861567408223,0.01
1,0,all_agreeing_offsets,wholly_unseen,gh80,uniform,50.0,retention_bounded_plus_HU,0.001,923683bb3d7d22d12d61ea5cd490f1fa6b90d6fe9e8fbdd8e0da06bd1e664b5a,f8b8ef009f3b3b3774e6725d15bce81d9e8a70483facaf38e1ab70657610de69,135,-0.5882476943305983,0.01
1,0,all_agreeing_offsets,wholly_unseen,gh80,uniform,50.0,retention_bounded_plus_HU,0.01,923683bb3d7d22d12d61ea5cd490f1fa6b90d6fe9e8fbdd8e0da06bd1e664b5a,1f6dc28b546290fb01babddfb4aca38dc4c8a761ab99db086510c0617e76e3e8,135,-0.5716885068344327,0.01
1,0,all_agreeing_offsets,wholly_unseen,gh80,uniform,50.0,retention_bounded_plus_HU,0.1,923683bb3d7d22d12d61ea5cd490f1fa6b90d6fe9e8fbdd8e0da06bd1e664b5a,cc0ef6fd96ed12a101f5b88e15f8a07d72ef5f9c5de1c0e18bfe269a8d06189b,135,-0.6243556401931623,0.01
1,1,all_agreeing_offsets,wholly_unseen,gh80,uniform,50.0,retention_bounded_plus_HU,0.0,1fdce97f339c6596d23e9bb1065fcfdd1ee9e853c2e9a26822948904df8c6047,a9768e9cd595ac3b1a1969adbe05caeac44de48f7ed99ab7114a7eaaf296e28d,138,-0.5957976305676519,0.01
1,1,all_agreeing_offsets,wholly_unseen,gh80,uniform,50.0,retention_bounded_plus_HU,0.0001,1fdce97f339c6596d23e9bb1065fcfdd1ee9e853c2e9a26822948904df8c6047,720f2a4bb46ab92a66ead8ca367e5cc7c2bbda9f6fa32e98c66bf23e0becb86a,138,-0.5950861567408223,0.01
1,1,all_agreeing_offsets,wholly_unseen,gh80,uniform,50.0,retention_bounded_plus_HU,0.001,1fdce97f339c6596d23e9bb1065fcfdd1ee9e853c2e9a26822948904df8c6047,a15a03c38301a59f46920f83599c9c900450e1205f592b4acf746ded5323c29b,138,-0.5882476943305983,0.01
1,1,all_agreeing_offsets,wholly_unseen,gh80,uniform,50.0,retention_bounded_plus_HU,0.01,1fdce97f339c6596d23e9bb1065fcfdd1ee9e853c2e9a26822948904df8c6047,16840b04f9b4b525075e15f302341d0ac4912a6494dd4f9f113afd5012e9d21d,138,-0.5716885068344327,0.01
1,1,all_agreeing_offsets,wholly_unseen,gh80,uniform,50.0,retention_bounded_plus_HU,0.1,1fdce97f339c6596d23e9bb1065fcfdd1ee9e853c2e9a26822948904df8c6047,a7ad9cfd6d0829a1c343461683bd82572710779ff086ba4dec43e7b048845484,138,-0.6243556401931623,0.01
1,2,all_agreeing_offsets,wholly_unseen,gh80,uniform,50.0,retention_bounded_plus_HU,0.0,ea2a01c7ebcf95c320336f26b2b7d7ff133eac0910f84eeb63c63859a6fb024d,f4a904749323b27745516d806fd78c6365482a2eb0aaa912a6df2ad5b15eddba,137,-0.5957976305676519,0.01
1,2,all_agreeing_offsets,wholly_unseen,gh80,uniform,50.0,retention_bounded_plus_HU,0.0001,ea2a01c7ebcf95c320336f26b2b7d7ff133eac0910f84eeb63c63859a6fb024d,0c5514cb4bd2748e977216b4ec0939d301f97ee5cf33bd1cb2fc26b00d79158f,137,-0.5950861567408223,0.01
1,2,all_agreeing_offsets,wholly_unseen,gh80,uniform,50.0,retention_bounded_plus_HU,0.001,ea2a01c7ebcf95c320336f26b2b7d7ff133eac0910f84eeb63c63859a6fb024d,26c46b95b76e0f9a8215b3000d70d00642cb8ab1de1e913a6a32b2fc8cb1335a,137,-0.5882476943305983,0.01
1,2,all_agreeing_offsets,wholly_unseen,gh80,uniform,50.0,retention_bounded_plus_HU,0.01,ea2a01c7ebcf95c320336f26b2b7d7ff133eac0910f84eeb63c63859a6fb024d,3ef39d6720f380093f89db9327c7277a84f14ea6ed87fe9007b5b274fa854278,137,-0.5716885068344327,0.01
1,2,all_agreeing_offsets,wholly_unseen,gh80,uniform,50.0,retention_bounded_plus_HU,0.1,ea2a01c7ebcf95c320336f26b2b7d7ff133eac0910f84eeb63c63859a6fb024d,66157a5ba3dd0258738d0cb2978bedda0dd6704429349beb81458ccad516bb86,137,-0.6243556401931623,0.01
1,0,unrounded_strict,side_informed,laplace,uniform,50.0,retention_bounded,0.0,3621dc2abef477b0c382bff9ca4f0e425eef9e24668b0f7e0a7276ea3ebab3ba,a45d18ccd4c98f72c8e9c3ed4930f8f2ee4f7cfb2c4bc21238c8cdc0a8fe1a05,88,-0.39370130904723966,0.01
1,0,unrounded_strict,side_informed,laplace,uniform,50.0,retention_bounded,0.0001,3621dc2abef477b0c382bff9ca4f0e425eef9e24668b0f7e0a7276ea3ebab3ba,2a80325fda9a2037c75a91a0fa4a28ce3a6670371e32950ec78de36491380664,88,-0.39137398941141743,0.01
1,0,unrounded_strict,side_informed,laplace,uniform,50.0,retention_bounded,0.001,3621dc2abef477b0c382bff9ca4f0e425eef9e24668b0f7e0a7276ea3ebab3ba,dc104f37cbe347c0e4cc68f135cb87aee57afda6e955351a11e197a028dae7f5,88,-0.3773452976075842,0.01
1,0,unrounded_strict,side_informed,laplace,uniform,50.0,retention_bounded,0.01,3621dc2abef477b0c382bff9ca4f0e425eef9e24668b0f7e0a7276ea3ebab3ba,90b50dcc5ef340e5df18b83282135037aa34090f61fd786c6936441e88bc8920,88,-0.34230616333295266,0.01
1,0,unrounded_strict,side_informed,laplace,uniform,50.0,retention_bounded,0.1,3621dc2abef477b0c382bff9ca4f0e425eef9e24668b0f7e0a7276ea3ebab3ba,c04d238abd0a00daafd9583a3289ceba2b39e755f7aadebf6018b188e4349a06,88,-0.3624038046834542,0.01
1,1,unrounded_strict,side_informed,laplace,uniform,50.0,retention_bounded,0.0,83e7d988bb1f3d1b55c2ee260f4982106f1cca34f9196a19a0d4434f968f2336,fae4f31b5a40b4b14e00860716107b07c9392621f0ac8573cf39dcaed5b5f400,91,-0.39370130904723966,0.01
1,1,unrounded_strict,side_informed,laplace,uniform,50.0,retention_bounded,0.0001,83e7d988bb1f3d1b55c2ee260f4982106f1cca34f9196a19a0d4434f968f2336,6e908cfd37d84830500d349acf9b4a6468a578d4c560870980249b58f00d5bb3,91,-0.39137398941141743,0.01
1,1,unrounded_strict,side_informed,laplace,uniform,50.0,retention_bounded,0.001,83e7d988bb1f3d1b55c2ee260f4982106f1cca34f9196a19a0d4434f968f2336,9001761766bd1d8c97b958e35469786d1096d061f376aaa0ae61ad370f669807,91,-0.3773452976075842,0.01
1,1,unrounded_strict,side_informed,laplace,uniform,50.0,retention_bounded,0.01,83e7d988bb1f3d1b55c2ee260f4982106f1cca34f9196a19a0d4434f968f2336,f63c8456e66d3ca9dc3e7548d8bbf1b9e4d10564c35c32db189b09e102628615,91,-0.34230616333295266,0.01
1,1,unrounded_strict,side_informed,laplace,uniform,50.0,retention_bounded,0.1,83e7d988bb1f3d1b55c2ee260f4982106f1cca34f9196a19a0d4434f968f2336,ce1dc771e4b94d88abb27f89ebdd137bbee83d7bddccb005757399ee8e945117,91,-0.3624038046834542,0.01
1,2,unrounded_strict,side_informed,laplace,uniform,50.0,retention_bounded,0.0,44b130c3b861e53a2e0871984a8a3860901a45fffcbc6fe2163c231273f232be,570d5884cd4708d62649d4e0f6a00bb377d753b71f1414bf5f2708af56d8562e,90,-0.39370130904723966,0.01
1,2,unrounded_strict,side_informed,laplace,uniform,50.0,retention_bounded,0.0001,44b130c3b861e53a2e0871984a8a3860901a45fffcbc6fe2163c231273f232be,23d2885016cde5d7480a98d95a7a0715bd3fcb538aa5ee079658da3a4a810c45,90,-0.39137398941141743,0.01
1,2,unrounded_strict,side_informed,laplace,uniform,50.0,retention_bounded,0.001,44b130c3b861e53a2e0871984a8a3860901a45fffcbc6fe2163c231273f232be,174b462fe2ecc3cfafee6536f593ce76dca9e8b7da9063a86584b2a0310398a9,90,-0.3773452976075842,0.01
1,2,unrounded_strict,side_informed,laplace,uniform,50.0,retention_bounded,0.01,44b130c3b861e53a2e0871984a8a3860901a45fffcbc6fe2163c231273f232be,8d354791f45a1c6cc8ce2abf6716d05b589e0abed32cd305a1de23fc37e31ccf,90,-0.34230616333295266,0.01
1,2,unrounded_strict,side_informed,laplace,uniform,50.0,retention_bounded,0.1,44b130c3b861e53a2e0871984a8a3860901a45fffcbc6fe2163c231273f232be,167e573c0df71962f846427d7e0dfb298c5fe088051e7e292cd4956902846517,90,-0.3624038046834542,0.01
1,0,unrounded_strict,side_informed,laplace,uniform,50.0,retention_nonnegative,0.0,3621dc2abef477b0c382bff9ca4f0e425eef9e24668b0f7e0a7276ea3ebab3ba,c19be36f14e3809008e9ad579c578c06e86bfbea255d34320f536f2345dcbb0c,88,-0.39370130847425916,0.01
1,0,unrounded_strict,side_informed,laplace,uniform,50.0,retention_nonnegative,0.0001,3621dc2abef477b0c382bff9ca4f0e425eef9e24668b0f7e0a7276ea3ebab3ba,72ee1dc88204e0ecd049f22b48ecf874c237b8f597b75310873a3e7d746c4e68,88,-0.3908299174755473,0.01
1,0,unrounded_strict,side_informed,laplace,uniform,50.0,retention_nonnegative,0.001,3621dc2abef477b0c382bff9ca4f0e425eef9e24668b0f7e0a7276ea3ebab3ba,f2b978717459b6fb4e00ce56b91cf16c40bcaee9b72d4080b7c1389e3829591b,88,-0.37479513213775045,0.01
1,0,unrounded_strict,side_informed,laplace,uniform,50.0,retention_nonnegative,0.01,3621dc2abef477b0c382bff9ca4f0e425eef9e24668b0f7e0a7276ea3ebab3ba,0a2de11ba71e1f00035c6f91706378422f1dbc5420822343d473564abda56295,88,-0.3497130302834702,0.01
1,0,unrounded_strict,side_informed,laplace,uniform,50.0,retention_nonnegative,0.1,3621dc2abef477b0c382bff9ca4f0e425eef9e24668b0f7e0a7276ea3ebab3ba,5818a9fddce3c6761638f06723dc96e03fe59b753f3a3547d138bcd7f87da2e7,88,-0.4109934166622346,0.01
1,1,unrounded_strict,side_informed,laplace,uniform,50.0,retention_nonnegative,0.0,83e7d988bb1f3d1b55c2ee260f4982106f1cca34f9196a19a0d4434f968f2336,2417486dd217d11124a1ebb32d938d48443007c82d8601aa13a2339b23b8f1c0,91,-0.39370130847425916,0.01
1,1,unrounded_strict,side_informed,laplace,uniform,50.0,retention_nonnegative,0.0001,83e7d988bb1f3d1b55c2ee260f4982106f1cca34f9196a19a0d4434f968f2336,32010be156de088e0d18bf753870ecafef336433caafbf28bc2a76fb59723bc6,91,-0.3908299174755473,0.01
1,1,unrounded_strict,side_informed,laplace,uniform,50.0,retention_nonnegative,0.001,83e7d988bb1f3d1b55c2ee260f4982106f1cca34f9196a19a0d4434f968f2336,f063c62f1c22a7b383e58507a2c44d21829c4f32291b084e9655876c7ef7aeec,91,-0.37479513213775045,0.01
1,1,unrounded_strict,side_informed,laplace,uniform,50.0,retention_nonnegative,0.01,83e7d988bb1f3d1b55c2ee260f4982106f1cca34f9196a19a0d4434f968f2336,680c89e3ded9c0b43902dedd09aad0be647e9d19e7d1f5e35b238e36de5b206b,91,-0.3497130302834702,0.01
1,1,unrounded_strict,side_informed,laplace,uniform,50.0,retention_nonnegative,0.1,83e7d988bb1f3d1b55c2ee260f4982106f1cca34f9196a19a0d4434f968f2336,8c65508f2f51276fc0441118b561f9d5c7165f037fcb8aa36f97e5e74f8ed18b,91,-0.4109934166622346,0.01
1,2,unrounded_strict,side_informed,laplace,uniform,50.0,retention_nonnegative,0.0,44b130c3b861e53a2e0871984a8a3860901a45fffcbc6fe2163c231273f232be,b0090bfd5ec23b3aa33885e1a062e6857d472364906f9735782ea412bc6660c1,90,-0.39370130847425916,0.01
1,2,unrounded_strict,side_informed,laplace,uniform,50.0,retention_nonnegative,0.0001,44b130c3b861e53a2e0871984a8a3860901a45fffcbc6fe2163c231273f232be,4085bb1cacc0e1bbf76f66c0c9944e04c1dc98c1455e6f8bb4ed0f203bb5ee13,90,-0.3908299174755473,0.01
1,2,unrounded_strict,side_informed,laplace,uniform,50.0,retention_nonnegative,0.001,44b130c3b861e53a2e0871984a8a3860901a45fffcbc6fe2163c231273f232be,7845a6cc3681b8e7ca0db568ff530024874fbb64c1820d784adba84e92f61cae,90,-0.37479513213775045,0.01
1,2,unrounded_strict,side_informed,laplace,uniform,50.0,retention_nonnegative,0.01,44b130c3b861e53a2e0871984a8a3860901a45fffcbc6fe2163c231273f232be,20a0ee70f35b364a5ea56877919db8f09b19b633f9315b81d161d536b1efecc8,90,-0.3497130302834702,0.01
1,2,unrounded_strict,side_informed,laplace,uniform,50.0,retention_nonnegative,0.1,44b130c3b861e53a2e0871984a8a3860901a45fffcbc6fe2163c231273f232be,8599116724ae7de9f3ad9f41a20bf16f8d3c774f6769b0dac2663a7093c43264,90,-0.4109934166622346,0.01
1,0,unrounded_strict,side_informed,laplace,uniform,50.0,current_only,0.0,3621dc2abef477b0c382bff9ca4f0e425eef9e24668b0f7e0a7276ea3ebab3ba,78d44a45d1fdef4f7414ca81da23bee7aff8b4fddfabca857a9dcd98dac1b39e,88,-0.5898487461291982,0.01
1,0,unrounded_strict,side_informed,laplace,uniform,50.0,current_only,0.0001,3621dc2abef477b0c382bff9ca4f0e425eef9e24668b0f7e0a7276ea3ebab3ba,bb4cf3fcdecdcbc3d08b2379f060a7685e70a969915367a715217cac31b5f177,88,-0.5898208593539449,0.01
1,0,unrounded_strict,side_informed,laplace,uniform,50.0,current_only,0.001,3621dc2abef477b0c382bff9ca4f0e425eef9e24668b0f7e0a7276ea3ebab3ba,8e35bd25542e19b0631a84d59dcd56fb9180b6471db601146cdf48c131ad3b7a,88,-0.5895818485439261,0.01
1,0,unrounded_strict,side_informed,laplace,uniform,50.0,current_only,0.01,3621dc2abef477b0c382bff9ca4f0e425eef9e24668b0f7e0a7276ea3ebab3ba,8f5abc1de5ecd437095613ee3af82d5973c35b850e9551450da8e6203efaac48,88,-0.588183408345204,0.01
1,0,unrounded_strict,side_informed,laplace,uniform,50.0,current_only,0.1,3621dc2abef477b0c382bff9ca4f0e425eef9e24668b0f7e0a7276ea3ebab3ba,9e3dede49d6899a3eb169bbf92aa9ce15c3d468ef90d182d09ec2e743d2679cf,88,-0.6060178210995463,0.01
1,1,unrounded_strict,side_informed,laplace,uniform,50.0,current_only,0.0,83e7d988bb1f3d1b55c2ee260f4982106f1cca34f9196a19a0d4434f968f2336,647241857512d70c29bec9cebf5dfd9662899c1f2bfe31615349744fa98995f8,91,-0.5898487461291982,0.01
1,1,unrounded_strict,side_informed,laplace,uniform,50.0,current_only,0.0001,83e7d988bb1f3d1b55c2ee260f4982106f1cca34f9196a19a0d4434f968f2336,702eed2ce4df5e96637025b306ec8deec0b1f6d58bb7e7b362c6578b8711d102,91,-0.5898208593539449,0.01
1,1,unrounded_strict,side_informed,laplace,uniform,50.0,current_only,0.001,83e7d988bb1f3d1b55c2ee260f4982106f1cca34f9196a19a0d4434f968f2336,497b303afeaa12b511534ca79875b16b4c62df4c951ffb4d664d0e88e3ba4736,91,-0.5895818485439261,0.01
1,1,unrounded_strict,side_informed,laplace,uniform,50.0,current_only,0.01,83e7d988bb1f3d1b55c2ee260f4982106f1cca34f9196a19a0d4434f968f2336,b9c8cb0284a72936e07ad0f8b0f13e38bf38cf588c23c05c7208fa0e7b978d3d,91,-0.588183408345204,0.01
1,1,unrounded_strict,side_informed,laplace,uniform,50.0,current_only,0.1,83e7d988bb1f3d1b55c2ee260f4982106f1cca34f9196a19a0d4434f968f2336,79e30f8e8c81a5bd4339cb5bccb2b0ad941d691a0b42fd6b353f0687d95e1a82,91,-0.6060178210995463,0.01
1,2,unrounded_strict,side_informed,laplace,uniform,50.0,current_only,0.0,44b130c3b861e53a2e0871984a8a3860901a45fffcbc6fe2163c231273f232be,de15ccfa3655e678f0d2b7855215f62deadaf313dab8eabf163202fbbebdde15,90,-0.5898487461291982,0.01
1,2,unrounded_strict,side_informed,laplace,uniform,50.0,current_only,0.0001,44b130c3b861e53a2e0871984a8a3860901a45fffcbc6fe2163c231273f232be,8b5db49fac6e04f2657c6b2fb48ecdfd0cb3346151b572d42766b982e869cc8f,90,-0.5898208593539449,0.01
1,2,unrounded_strict,side_informed,laplace,uniform,50.0,current_only,0.001,44b130c3b861e53a2e0871984a8a3860901a45fffcbc6fe2163c231273f232be,7e3787962c62013e079db3dec688b04987676c977f4c10c8736d046a76c992e1,90,-0.5895818485439261,0.01
1,2,unrounded_strict,side_informed,laplace,uniform,50.0,current_only,0.01,44b130c3b861e53a2e0871984a8a3860901a45fffcbc6fe2163c231273f232be,3fe9fb35edd15f5b4db494a45c893ad3692416b6343aa91c412575a8d9956e29,90,-0.588183408345204,0.01
1,2,unrounded_strict,side_informed,laplace,uniform,50.0,current_only,0.1,44b130c3b861e53a2e0871984a8a3860901a45fffcbc6fe2163c231273f232be,8271c597b75d401a18c9ffa9383c3a599db4b30995cc857d380c8e8a5c2a5131,90,-0.6060178210995463,0.01
1,0,unrounded_strict,side_informed,laplace,uniform,50.0,input_plus_surface,0.0,3621dc2abef477b0c382bff9ca4f0e425eef9e24668b0f7e0a7276ea3ebab3ba,cc4d5ee7c2e24e665923efc15d71e82a3f6eb7c30a4a976c51ebca1d4840ed4d,88,-0.3781345260749227,0.01
1,0,unrounded_strict,side_informed,laplace,uniform,50.0,input_plus_surface,0.0001,3621dc2abef477b0c382bff9ca4f0e425eef9e24668b0f7e0a7276ea3ebab3ba,d7f7fbeccc24b8ff561053f161c0919f9dc4ad115538f4b68fd7a8d36309528f,88,-0.375496854404507,0.01
1,0,unrounded_strict,side_informed,laplace,uniform,50.0,input_plus_surface,0.001,3621dc2abef477b0c382bff9ca4f0e425eef9e24668b0f7e0a7276ea3ebab3ba,9775ba669558cf0522b2fea5b310195e6fafc9e20cc714d2b1a4565bd0906858,88,-0.3600265711852461,0.01
1,0,unrounded_strict,side_informed,laplace,uniform,50.0,input_plus_surface,0.01,3621dc2abef477b0c382bff9ca4f0e425eef9e24668b0f7e0a7276ea3ebab3ba,f18e9f521d101553942717e068b7768b3d1ffa0145518cafd74446643cc97268,88,-0.3271276445128733,0.01
1,0,unrounded_strict,side_informed,laplace,uniform,50.0,input_plus_surface,0.1,3621dc2abef477b0c382bff9ca4f0e425eef9e24668b0f7e0a7276ea3ebab3ba,7340b66fd313c626472d9e55b34a91425409180bedbb0bf437cbe4c7840f4578,88,-0.37089557782126503,0.01
1,1,unrounded_strict,side_informed,laplace,uniform,50.0,input_plus_surface,0.0,83e7d988bb1f3d1b55c2ee260f4982106f1cca34f9196a19a0d4434f968f2336,5493fbfe297b4c74033634527deaaf463aae7fe1408709efc55afc2658312231,91,-0.3781345260749227,0.01
1,1,unrounded_strict,side_informed,laplace,uniform,50.0,input_plus_surface,0.0001,83e7d988bb1f3d1b55c2ee260f4982106f1cca34f9196a19a0d4434f968f2336,1e6658597856a064da4387198e5d7b0bacf45dcab299e75811a44aa41a2a81e6,91,-0.375496854404507,0.01
1,1,unrounded_strict,side_informed,laplace,uniform,50.0,input_plus_surface,0.001,83e7d988bb1f3d1b55c2ee260f4982106f1cca34f9196a19a0d4434f968f2336,40c4ec1974f0a702331aa6b2c105bca2680bd72cbf83a02939e9719b529a5d70,91,-0.3600265711852461,0.01
1,1,unrounded_strict,side_informed,laplace,uniform,50.0,input_plus_surface,0.01,83e7d988bb1f3d1b55c2ee260f4982106f1cca34f9196a19a0d4434f968f2336,e0b35c98a2d54bc034e9b91fb758198774da25348800464784c04675e6028b64,91,-0.3271276445128733,0.01
1,1,unrounded_strict,side_informed,laplace,uniform,50.0,input_plus_surface,0.1,83e7d988bb1f3d1b55c2ee260f4982106f1cca34f9196a19a0d4434f968f2336,7b6143f80879c254a5f3c4b223ddd30e2802c3089e934530d9b76b5ca2a9f9a4,91,-0.37089557782126503,0.01
1,2,unrounded_strict,side_informed,laplace,uniform,50.0,input_plus_surface,0.0,44b130c3b861e53a2e0871984a8a3860901a45fffcbc6fe2163c231273f232be,d927b6f925552e92ceb9d3d1af1220c7e8eaff8f4c8f638e220362841918ff45,90,-0.3781345260749227,0.01
1,2,unrounded_strict,side_informed,laplace,uniform,50.0,input_plus_surface,0.0001,44b130c3b861e53a2e0871984a8a3860901a45fffcbc6fe2163c231273f232be,9d5986c01a23c6c55d06cf23a8bf563fb57ea496e1e005f5f4f793f53d34db87,90,-0.375496854404507,0.01
1,2,unrounded_strict,side_informed,laplace,uniform,50.0,input_plus_surface,0.001,44b130c3b861e53a2e0871984a8a3860901a45fffcbc6fe2163c231273f232be,4c02af1ee8c6e28d2943fd5b620bbb950a5b847bc08fc36ee6f211b95696e737,90,-0.3600265711852461,0.01
1,2,unrounded_strict,side_informed,laplace,uniform,50.0,input_plus_surface,0.01,44b130c3b861e53a2e0871984a8a3860901a45fffcbc6fe2163c231273f232be,79573bb5ce2b442d086ff87efaa490aaedd15480570321e6ec5319293d18ed2d,90,-0.3271276445128733,0.01
1,2,unrounded_strict,side_informed,laplace,uniform,50.0,input_plus_surface,0.1,44b130c3b861e53a2e0871984a8a3860901a45fffcbc6fe2163c231273f232be,fbf6f8097b574238dc93aab61eb447b1ac8fe60fa3d342e1f0083f14015e3533,90,-0.37089557782126503,0.01
1,0,unrounded_strict,side_informed,laplace,uniform,50.0,HU_plus_surface,0.0,3621dc2abef477b0c382bff9ca4f0e425eef9e24668b0f7e0a7276ea3ebab3ba,c85c82b182eefc6d7b93d832699c1ea83ab06fc45b22695d80eb66acbda6f273,88,-0.3478814103056554,0.01
1,0,unrounded_strict,side_informed,laplace,uniform,50.0,HU_plus_surface,0.0001,3621dc2abef477b0c382bff9ca4f0e425eef9e24668b0f7e0a7276ea3ebab3ba,a08eb002579672a1d1955bf10988b6a47a29abad1d6dab94787f2e71cfb37a62,88,-0.3455237776565433,0.01
1,0,unrounded_strict,side_informed,laplace,uniform,50.0,HU_plus_surface,0.001,3621dc2abef477b0c382bff9ca4f0e425eef9e24668b0f7e0a7276ea3ebab3ba,f5e4de2c501dc41b4aa00c1246db81315c22455e7ec6947bd2d7164c47f3a1ee,88,-0.33229035213698005,0.01
1,0,unrounded_strict,side_informed,laplace,uniform,50.0,HU_plus_surface,0.01,3621dc2abef477b0c382bff9ca4f0e425eef9e24668b0f7e0a7276ea3ebab3ba,741a4b2b3f70388c83e8e62561fd32beb25a138aec8b22092acd71a7c45cd889,88,-0.3073689607362926,0.01
1,0,unrounded_strict,side_informed,laplace,uniform,50.0,HU_plus_surface,0.1,3621dc2abef477b0c382bff9ca4f0e425eef9e24668b0f7e0a7276ea3ebab3ba,8105faf56c8c2f648097f6c847284829c639b13786b0c45f58ce241923da08c1,88,-0.3619864728112197,0.01
1,1,unrounded_strict,side_informed,laplace,uniform,50.0,HU_plus_surface,0.0,83e7d988bb1f3d1b55c2ee260f4982106f1cca34f9196a19a0d4434f968f2336,2c319d5212a6e1ad7791dca0eceb927b08fa6253584b1886c27a5996afeea05e,91,-0.3478814103056554,0.01
1,1,unrounded_strict,side_informed,laplace,uniform,50.0,HU_plus_surface,0.0001,83e7d988bb1f3d1b55c2ee260f4982106f1cca34f9196a19a0d4434f968f2336,79b8a9e05fd6127a5e29f8e5c28938d546f913b8557574347b17cf265bf7f650,91,-0.3455237776565433,0.01
1,1,unrounded_strict,side_informed,laplace,uniform,50.0,HU_plus_surface,0.001,83e7d988bb1f3d1b55c2ee260f4982106f1cca34f9196a19a0d4434f968f2336,8423e3c901701bed0ea62a0af009169b78d78bfb6291c37e92abaf4be9855edb,91,-0.33229035213698005,0.01
1,1,unrounded_strict,side_informed,laplace,uniform,50.0,HU_plus_surface,0.01,83e7d988bb1f3d1b55c2ee260f4982106f1cca34f9196a19a0d4434f968f2336,859d1310281afb8a0201f45e856a64e5f86b4511a8634fa29e0b6983b89a6cc5,91,-0.3073689607362926,0.01
1,1,unrounded_strict,side_informed,laplace,uniform,50.0,HU_plus_surface,0.1,83e7d988bb1f3d1b55c2ee260f4982106f1cca34f9196a19a0d4434f968f2336,9ed395ebe81b860fd652adc8eb7906254c2643523c31902004e19d184bb65716,91,-0.3619864728112197,0.01
1,2,unrounded_strict,side_informed,laplace,uniform,50.0,HU_plus_surface,0.0,44b130c3b861e53a2e0871984a8a3860901a45fffcbc6fe2163c231273f232be,c4185d10325a178e274aab6c98e79b84d90fe1885d19d1dbe2a5fcdb913fe63f,90,-0.3478814103056554,0.01
1,2,unrounded_strict,side_informed,laplace,uniform,50.0,HU_plus_surface,0.0001,44b130c3b861e53a2e0871984a8a3860901a45fffcbc6fe2163c231273f232be,6cd188a7852e83fca809b5b4d3a583506499435f6b23bdeb8b40b8f90fca19d5,90,-0.3455237776565433,0.01
1,2,unrounded_strict,side_informed,laplace,uniform,50.0,HU_plus_surface,0.001,44b130c3b861e53a2e0871984a8a3860901a45fffcbc6fe2163c231273f232be,6c44445a8c8fdc4ccb9fc1a449fbcf18c7351e4e75d2f6d7978aff033282fd69,90,-0.33229035213698005,0.01
1,2,unrounded_strict,side_informed,laplace,uniform,50.0,HU_plus_surface,0.01,44b130c3b861e53a2e0871984a8a3860901a45fffcbc6fe2163c231273f232be,d1208e4978a47d0c28d23ebfcb92b2dcc4d1cf81fb51843eec8ef3e95661018b,90,-0.3073689607362926,0.01
1,2,unrounded_strict,side_informed,laplace,uniform,50.0,HU_plus_surface,0.1,44b130c3b861e53a2e0871984a8a3860901a45fffcbc6fe2163c231273f232be,734a6747dcbbbabad80491fcc0e4c770450cb58f366988176f218b353df354b8,90,-0.3619864728112197,0.01
1,0,unrounded_strict,side_informed,laplace,uniform,50.0,retention_bounded_plus_HU,0.0,3621dc2abef477b0c382bff9ca4f0e425eef9e24668b0f7e0a7276ea3ebab3ba,2fa5b0a1b857ed51d08e0b47fb20f3d0af5f5e256fee60810c949f6e37629610,88,-0.3504204948727894,0.01
1,0,unrounded_strict,side_informed,laplace,uniform,50.0,retention_bounded_plus_HU,0.0001,3621dc2abef477b0c382bff9ca4f0e425eef9e24668b0f7e0a7276ea3ebab3ba,f1d2024a7a1a21e63397948424cd0c7b2b0a73ceb214f71ece6eee87780f86cc,88,-0.3516487069813339,0.01
1,0,unrounded_strict,side_informed,laplace,uniform,50.0,retention_bounded_plus_HU,0.001,3621dc2abef477b0c382bff9ca4f0e425eef9e24668b0f7e0a7276ea3ebab3ba,0d8e1ccbfc69e1fefd98db30d63db5d42ebf2abf7a9e2e77d6c639e8f31c7fd6,88,-0.34951147901813984,0.01
1,0,unrounded_strict,side_informed,laplace,uniform,50.0,retention_bounded_plus_HU,0.01,3621dc2abef477b0c382bff9ca4f0e425eef9e24668b0f7e0a7276ea3ebab3ba,163c977c479fa8972edd6a3f551bb31ed74f70d4ab17bbf429ed04405b320979,88,-0.3260867315853923,0.01
1,0,unrounded_strict,side_informed,laplace,uniform,50.0,retention_bounded_plus_HU,0.1,3621dc2abef477b0c382bff9ca4f0e425eef9e24668b0f7e0a7276ea3ebab3ba,6dd92ad23b9ceec756cd40d8c04a050b020e5f8beb34cf5b755b6f38c1e2817d,88,-0.3337121175125108,0.01
1,1,unrounded_strict,side_informed,laplace,uniform,50.0,retention_bounded_plus_HU,0.0,83e7d988bb1f3d1b55c2ee260f4982106f1cca34f9196a19a0d4434f968f2336,f26b4fea5190cbafb43b54c2b8c275ddc0d668e749534c5f04e693aae4fc9358,91,-0.3504204948727894,0.01
1,1,unrounded_strict,side_informed,laplace,uniform,50.0,retention_bounded_plus_HU,0.0001,83e7d988bb1f3d1b55c2ee260f4982106f1cca34f9196a19a0d4434f968f2336,28eeb7cfe88803a85e614b5727e03888a5d20514662af0958d05c4ef1eaea144,91,-0.3516487069813339,0.01
1,1,unrounded_strict,side_informed,laplace,uniform,50.0,retention_bounded_plus_HU,0.001,83e7d988bb1f3d1b55c2ee260f4982106f1cca34f9196a19a0d4434f968f2336,eef384a0ab1934b8760e6d1df1857c12208bc69f5b87a408e53de5929cc860b7,91,-0.34951147901813984,0.01
1,1,unrounded_strict,side_informed,laplace,uniform,50.0,retention_bounded_plus_HU,0.01,83e7d988bb1f3d1b55c2ee260f4982106f1cca34f9196a19a0d4434f968f2336,d1fa3e57fc98487b71f3ecc0e60c850fa656d7b3b07dd181686f4af326dd6b5f,91,-0.3260867315853923,0.01
1,1,unrounded_strict,side_informed,laplace,uniform,50.0,retention_bounded_plus_HU,0.1,83e7d988bb1f3d1b55c2ee260f4982106f1cca34f9196a19a0d4434f968f2336,d5714e4a65f0ca58529749f65db0210fc1efbd61e905d0bb88c0fbad9cb02621,91,-0.3337121175125108,0.01
1,2,unrounded_strict,side_informed,laplace,uniform,50.0,retention_bounded_plus_HU,0.0,44b130c3b861e53a2e0871984a8a3860901a45fffcbc6fe2163c231273f232be,677136e968b35892afbc96ad700adb927de4150e069511a76d18c42f9f92aa06,90,-0.3504204948727894,0.01
1,2,unrounded_strict,side_informed,laplace,uniform,50.0,retention_bounded_plus_HU,0.0001,44b130c3b861e53a2e0871984a8a3860901a45fffcbc6fe2163c231273f232be,6afa050abb6a0ce4d994b6515757ade0d337982d5fcfc5cef166c80dc1da932e,90,-0.3516487069813339,0.01
1,2,unrounded_strict,side_informed,laplace,uniform,50.0,retention_bounded_plus_HU,0.001,44b130c3b861e53a2e0871984a8a3860901a45fffcbc6fe2163c231273f232be,b48910b148ffc713291279f1a042ae007881c5ec30acbed81d0f322a8c50ce75,90,-0.34951147901813984,0.01
1,2,unrounded_strict,side_informed,laplace,uniform,50.0,retention_bounded_plus_HU,0.01,44b130c3b861e53a2e0871984a8a3860901a45fffcbc6fe2163c231273f232be,e92cdae6ec3d93cc25bcaca24a01c30876120d97e2f9a25765b0c85e4ee2804c,90,-0.3260867315853923,0.01
1,2,unrounded_strict,side_informed,laplace,uniform,50.0,retention_bounded_plus_HU,0.1,44b130c3b861e53a2e0871984a8a3860901a45fffcbc6fe2163c231273f232be,3bfc906d2e0ab4e4da64fe7c77c8642b842ea7f38b1066560c67e73f2ae03c5b,90,-0.3337121175125108,0.01
1,0,unrounded_strict,side_informed,gh80,uniform,50.0,HU_plus_surface,0.0,3621dc2abef477b0c382bff9ca4f0e425eef9e24668b0f7e0a7276ea3ebab3ba,9654e992f9b41b5ffe637c9f1abc02b8db5cf983e3e0657217d96b0e2174adef,88,-0.35905652118482745,0.01
1,0,unrounded_strict,side_informed,gh80,uniform,50.0,HU_plus_surface,0.0001,3621dc2abef477b0c382bff9ca4f0e425eef9e24668b0f7e0a7276ea3ebab3ba,7d0f3d2ea2556658c92e7eaac218a2e4711680bef0f72ad198802ec5159ef7fe,88,-0.3566441530963527,0.01
1,0,unrounded_strict,side_informed,gh80,uniform,50.0,HU_plus_surface,0.001,3621dc2abef477b0c382bff9ca4f0e425eef9e24668b0f7e0a7276ea3ebab3ba,818001f249d248db52fba4b3b5720f87d47dac2354484918f9e44d03e36bcf6b,88,-0.3431022341110495,0.01
1,0,unrounded_strict,side_informed,gh80,uniform,50.0,HU_plus_surface,0.01,3621dc2abef477b0c382bff9ca4f0e425eef9e24668b0f7e0a7276ea3ebab3ba,388d434134671d9b088d31203fd176712384c509d96a5ca45f8c10e969a9e839,88,-0.3171182357059147,0.01
1,0,unrounded_strict,side_informed,gh80,uniform,50.0,HU_plus_surface,0.1,3621dc2abef477b0c382bff9ca4f0e425eef9e24668b0f7e0a7276ea3ebab3ba,fcd5ab09d64c90bfe3f9c0f7051a89f8421fc3f0fb91c457f7f83eaaaea6b340,88,-0.3691544229370999,0.01
1,1,unrounded_strict,side_informed,gh80,uniform,50.0,HU_plus_surface,0.0,83e7d988bb1f3d1b55c2ee260f4982106f1cca34f9196a19a0d4434f968f2336,f3923199a0166324daef8c1bfa82660e0d822ff9c3994a682030b3cc6aef1e01,91,-0.35905652118482745,0.01
1,1,unrounded_strict,side_informed,gh80,uniform,50.0,HU_plus_surface,0.0001,83e7d988bb1f3d1b55c2ee260f4982106f1cca34f9196a19a0d4434f968f2336,39d92dfaf0dc2bf1bc50d9d47deeee7f03a8b640697f13f8b7fb79bcca66f304,91,-0.3566441530963527,0.01
1,1,unrounded_strict,side_informed,gh80,uniform,50.0,HU_plus_surface,0.001,83e7d988bb1f3d1b55c2ee260f4982106f1cca34f9196a19a0d4434f968f2336,6681bffebf66a0daff5ff72d7f2144fa9231f1744d7960b69c2e964ef33ae24d,91,-0.3431022341110495,0.01
1,1,unrounded_strict,side_informed,gh80,uniform,50.0,HU_plus_surface,0.01,83e7d988bb1f3d1b55c2ee260f4982106f1cca34f9196a19a0d4434f968f2336,cd42a1155c5e23fd5a2c083b2b63b09a97a50aafd1c61b9ad4699139f0885fd8,91,-0.3171182357059147,0.01
1,1,unrounded_strict,side_informed,gh80,uniform,50.0,HU_plus_surface,0.1,83e7d988bb1f3d1b55c2ee260f4982106f1cca34f9196a19a0d4434f968f2336,938345f1751df12a4fbc744f681e411df50ec0dd7c736e890e88c4c6c0cc3143,91,-0.3691544229370999,0.01
1,2,unrounded_strict,side_informed,gh80,uniform,50.0,HU_plus_surface,0.0,44b130c3b861e53a2e0871984a8a3860901a45fffcbc6fe2163c231273f232be,bfa6bbc3c2721a5cfa9465d8ea7527b4dc338e6f89de9ef60a9af3788810f348,90,-0.35905652118482745,0.01
1,2,unrounded_strict,side_informed,gh80,uniform,50.0,HU_plus_surface,0.0001,44b130c3b861e53a2e0871984a8a3860901a45fffcbc6fe2163c231273f232be,6ed21b36f012a695a6ad7a86fd322494f29e30f1a433b1aa29fe2e90356f0a54,90,-0.3566441530963527,0.01
1,2,unrounded_strict,side_informed,gh80,uniform,50.0,HU_plus_surface,0.001,44b130c3b861e53a2e0871984a8a3860901a45fffcbc6fe2163c231273f232be,7629f36638b6adc460bcafe6509726c7607dc2c9872ffe80b0e014c09afbc9eb,90,-0.3431022341110495,0.01
1,2,unrounded_strict,side_informed,gh80,uniform,50.0,HU_plus_surface,0.01,44b130c3b861e53a2e0871984a8a3860901a45fffcbc6fe2163c231273f232be,0783519199f619ab3c1ee2f4a414a5a989de2c2daf57990b7a5aba29c0f9d0c8,90,-0.3171182357059147,0.01
1,2,unrounded_strict,side_informed,gh80,uniform,50.0,HU_plus_surface,0.1,44b130c3b861e53a2e0871984a8a3860901a45fffcbc6fe2163c231273f232be,871a46663d23947ccd7cf6050ee80fa74fe3ab94d6e1e626236e56cd76bfdfc1,90,-0.3691544229370999,0.01
1,0,unrounded_strict,side_informed,gh80,uniform,50.0,retention_bounded_plus_HU,0.0,3621dc2abef477b0c382bff9ca4f0e425eef9e24668b0f7e0a7276ea3ebab3ba,fbbebdd92aa4b06dc34cf883a24263bf20f2c9c107104b6ea74f2745ee2d8e6f,88,-0.3538307627247183,0.01
1,0,unrounded_strict,side_informed,gh80,uniform,50.0,retention_bounded_plus_HU,0.0001,3621dc2abef477b0c382bff9ca4f0e425eef9e24668b0f7e0a7276ea3ebab3ba,d3ab364ebd9f3d1ea992f29ca0ae3807da8d116066e7258b89077c4ea659ad77,88,-0.35402236102055235,0.01
1,0,unrounded_strict,side_informed,gh80,uniform,50.0,retention_bounded_plus_HU,0.001,3621dc2abef477b0c382bff9ca4f0e425eef9e24668b0f7e0a7276ea3ebab3ba,dcc17841948c0e73854eb77286b406e763894fa221b2f1110ed74a79e053b57b,88,-0.3527298899146723,0.01
1,0,unrounded_strict,side_informed,gh80,uniform,50.0,retention_bounded_plus_HU,0.01,3621dc2abef477b0c382bff9ca4f0e425eef9e24668b0f7e0a7276ea3ebab3ba,bf34bac8f993bffd022ec1b77943d07056d19877055829c2217892f5e44d854a,88,-0.3292651927172475,0.01
1,0,unrounded_strict,side_informed,gh80,uniform,50.0,retention_bounded_plus_HU,0.1,3621dc2abef477b0c382bff9ca4f0e425eef9e24668b0f7e0a7276ea3ebab3ba,dca4bed6bf81d173c9b23d22cce2e5b4c72e53973c2a194c8ee59df58dd9b760,88,-0.33695650976373276,0.01
1,1,unrounded_strict,side_informed,gh80,uniform,50.0,retention_bounded_plus_HU,0.0,83e7d988bb1f3d1b55c2ee260f4982106f1cca34f9196a19a0d4434f968f2336,6721a7f68c07a073dcf6417eb65ad1c7b2e7eab3d90f0e348449cdfb72365038,91,-0.3538307627247183,0.01
1,1,unrounded_strict,side_informed,gh80,uniform,50.0,retention_bounded_plus_HU,0.0001,83e7d988bb1f3d1b55c2ee260f4982106f1cca34f9196a19a0d4434f968f2336,3e25a8885a66f4115dfe83f7458b7ca07a342b8ee7d7c5d772562fdd083c41d6,91,-0.35402236102055235,0.01
1,1,unrounded_strict,side_informed,gh80,uniform,50.0,retention_bounded_plus_HU,0.001,83e7d988bb1f3d1b55c2ee260f4982106f1cca34f9196a19a0d4434f968f2336,0ff14ceb25b3ba646af21dd3737257521e9d130a363479a651e0bd2dae9fd3bb,91,-0.3527298899146723,0.01
1,1,unrounded_strict,side_informed,gh80,uniform,50.0,retention_bounded_plus_HU,0.01,83e7d988bb1f3d1b55c2ee260f4982106f1cca34f9196a19a0d4434f968f2336,52779056a7e8ea08b9e418fe6cf3aa3384d3e716ddcee8b2bbb820aefcdc28f9,91,-0.3292651927172475,0.01
1,1,unrounded_strict,side_informed,gh80,uniform,50.0,retention_bounded_plus_HU,0.1,83e7d988bb1f3d1b55c2ee260f4982106f1cca34f9196a19a0d4434f968f2336,d377665cb8aab1f5e726ddd0303617fb8752e929dc87a745e0193d221a69f4bc,91,-0.33695650976373276,0.01
1,2,unrounded_strict,side_informed,gh80,uniform,50.0,retention_bounded_plus_HU,0.0,44b130c3b861e53a2e0871984a8a3860901a45fffcbc6fe2163c231273f232be,3c3024f937bed802dd8d0fab11cbc011447d221d343818af78e1efccfbed8347,90,-0.3538307627247183,0.01
1,2,unrounded_strict,side_informed,gh80,uniform,50.0,retention_bounded_plus_HU,0.0001,44b130c3b861e53a2e0871984a8a3860901a45fffcbc6fe2163c231273f232be,a0735af1db6a0d878ca8d19d49654a7d22935dac01383d713a9c8654532b475b,90,-0.35402236102055235,0.01
1,2,unrounded_strict,side_informed,gh80,uniform,50.0,retention_bounded_plus_HU,0.001,44b130c3b861e53a2e0871984a8a3860901a45fffcbc6fe2163c231273f232be,fcdc4db075c36c0f203ea53da8967719d83b5789a23c13286032cf5670e0c121,90,-0.3527298899146723,0.01
1,2,unrounded_strict,side_informed,gh80,uniform,50.0,retention_bounded_plus_HU,0.01,44b130c3b861e53a2e0871984a8a3860901a45fffcbc6fe2163c231273f232be,92fefb4c447f3db8e022c748401a53136c93d2e5a4f27e92fdd1570488515dc5,90,-0.3292651927172475,0.01
1,2,unrounded_strict,side_informed,gh80,uniform,50.0,retention_bounded_plus_HU,0.1,44b130c3b861e53a2e0871984a8a3860901a45fffcbc6fe2163c231273f232be,a0feafdff71369209fde3d247890dce4335898b6d4af201ea4a35913d6563622,90,-0.33695650976373276,0.01
1,0,unrounded_strict,wholly_unseen,laplace,uniform,50.0,retention_bounded,0.0,3621dc2abef477b0c382bff9ca4f0e425eef9e24668b0f7e0a7276ea3ebab3ba,a45d18ccd4c98f72c8e9c3ed4930f8f2ee4f7cfb2c4bc21238c8cdc0a8fe1a05,88,-0.6986156482913378,0.01
1,0,unrounded_strict,wholly_unseen,laplace,uniform,50.0,retention_bounded,0.0001,3621dc2abef477b0c382bff9ca4f0e425eef9e24668b0f7e0a7276ea3ebab3ba,2a80325fda9a2037c75a91a0fa4a28ce3a6670371e32950ec78de36491380664,88,-0.6961438201809176,0.01
1,0,unrounded_strict,wholly_unseen,laplace,uniform,50.0,retention_bounded,0.001,3621dc2abef477b0c382bff9ca4f0e425eef9e24668b0f7e0a7276ea3ebab3ba,dc104f37cbe347c0e4cc68f135cb87aee57afda6e955351a11e197a028dae7f5,88,-0.6808253433069684,0.01
1,0,unrounded_strict,wholly_unseen,laplace,uniform,50.0,retention_bounded,0.01,3621dc2abef477b0c382bff9ca4f0e425eef9e24668b0f7e0a7276ea3ebab3ba,90b50dcc5ef340e5df18b83282135037aa34090f61fd786c6936441e88bc8920,88,-0.6367826726047575,0.01
1,0,unrounded_strict,wholly_unseen,laplace,uniform,50.0,retention_bounded,0.1,3621dc2abef477b0c382bff9ca4f0e425eef9e24668b0f7e0a7276ea3ebab3ba,c04d238abd0a00daafd9583a3289ceba2b39e755f7aadebf6018b188e4349a06,88,-0.6429898258448328,0.01
1,1,unrounded_strict,wholly_unseen,laplace,uniform,50.0,retention_bounded,0.0,83e7d988bb1f3d1b55c2ee260f4982106f1cca34f9196a19a0d4434f968f2336,fae4f31b5a40b4b14e00860716107b07c9392621f0ac8573cf39dcaed5b5f400,91,-0.6986156482913378,0.01
1,1,unrounded_strict,wholly_unseen,laplace,uniform,50.0,retention_bounded,0.0001,83e7d988bb1f3d1b55c2ee260f4982106f1cca34f9196a19a0d4434f968f2336,6e908cfd37d84830500d349acf9b4a6468a578d4c560870980249b58f00d5bb3,91,-0.6961438201809176,0.01
1,1,unrounded_strict,wholly_unseen,laplace,uniform,50.0,retention_bounded,0.001,83e7d988bb1f3d1b55c2ee260f4982106f1cca34f9196a19a0d4434f968f2336,9001761766bd1d8c97b958e35469786d1096d061f376aaa0ae61ad370f669807,91,-0.6808253433069684,0.01
1,1,unrounded_strict,wholly_unseen,laplace,uniform,50.0,retention_bounded,0.01,83e7d988bb1f3d1b55c2ee260f4982106f1cca34f9196a19a0d4434f968f2336,f63c8456e66d3ca9dc3e7548d8bbf1b9e4d10564c35c32db189b09e102628615,91,-0.6367826726047575,0.01
1,1,unrounded_strict,wholly_unseen,laplace,uniform,50.0,retention_bounded,0.1,83e7d988bb1f3d1b55c2ee260f4982106f1cca34f9196a19a0d4434f968f2336,ce1dc771e4b94d88abb27f89ebdd137bbee83d7bddccb005757399ee8e945117,91,-0.6429898258448328,0.01
1,2,unrounded_strict,wholly_unseen,laplace,uniform,50.0,retention_bounded,0.0,44b130c3b861e53a2e0871984a8a3860901a45fffcbc6fe2163c231273f232be,570d5884cd4708d62649d4e0f6a00bb377d753b71f1414bf5f2708af56d8562e,90,-0.6986156482913378,0.01
1,2,unrounded_strict,wholly_unseen,laplace,uniform,50.0,retention_bounded,0.0001,44b130c3b861e53a2e0871984a8a3860901a45fffcbc6fe2163c231273f232be,23d2885016cde5d7480a98d95a7a0715bd3fcb538aa5ee079658da3a4a810c45,90,-0.6961438201809176,0.01
1,2,unrounded_strict,wholly_unseen,laplace,uniform,50.0,retention_bounded,0.001,44b130c3b861e53a2e0871984a8a3860901a45fffcbc6fe2163c231273f232be,174b462fe2ecc3cfafee6536f593ce76dca9e8b7da9063a86584b2a0310398a9,90,-0.6808253433069684,0.01
1,2,unrounded_strict,wholly_unseen,laplace,uniform,50.0,retention_bounded,0.01,44b130c3b861e53a2e0871984a8a3860901a45fffcbc6fe2163c231273f232be,8d354791f45a1c6cc8ce2abf6716d05b589e0abed32cd305a1de23fc37e31ccf,90,-0.6367826726047575,0.01
1,2,unrounded_strict,wholly_unseen,laplace,uniform,50.0,retention_bounded,0.1,44b130c3b861e53a2e0871984a8a3860901a45fffcbc6fe2163c231273f232be,167e573c0df71962f846427d7e0dfb298c5fe088051e7e292cd4956902846517,90,-0.6429898258448328,0.01
1,0,unrounded_strict,wholly_unseen,laplace,uniform,50.0,retention_nonnegative,0.0,3621dc2abef477b0c382bff9ca4f0e425eef9e24668b0f7e0a7276ea3ebab3ba,c19be36f14e3809008e9ad579c578c06e86bfbea255d34320f536f2345dcbb0c,88,-0.6986156475825447,0.01
1,0,unrounded_strict,wholly_unseen,laplace,uniform,50.0,retention_nonnegative,0.0001,3621dc2abef477b0c382bff9ca4f0e425eef9e24668b0f7e0a7276ea3ebab3ba,72ee1dc88204e0ecd049f22b48ecf874c237b8f597b75310873a3e7d746c4e68,88,-0.6947951794672313,0.01
1,0,unrounded_strict,wholly_unseen,laplace,uniform,50.0,retention_nonnegative,0.001,3621dc2abef477b0c382bff9ca4f0e425eef9e24668b0f7e0a7276ea3ebab3ba,f2b978717459b6fb4e00ce56b91cf16c40bcaee9b72d4080b7c1389e3829591b,88,-0.6722066886577062,0.01
1,0,unrounded_strict,wholly_unseen,laplace,uniform,50.0,retention_nonnegative,0.01,3621dc2abef477b0c382bff9ca4f0e425eef9e24668b0f7e0a7276ea3ebab3ba,0a2de11ba71e1f00035c6f91706378422f1dbc5420822343d473564abda56295,88,-0.6326204103296384,0.01
1,0,unrounded_strict,wholly_unseen,laplace,uniform,50.0,retention_nonnegative,0.1,3621dc2abef477b0c382bff9ca4f0e425eef9e24668b0f7e0a7276ea3ebab3ba,5818a9fddce3c6761638f06723dc96e03fe59b753f3a3547d138bcd7f87da2e7,88,-0.6947927472550657,0.01
1,1,unrounded_strict,wholly_unseen,laplace,uniform,50.0,retention_nonnegative,0.0,83e7d988bb1f3d1b55c2ee260f4982106f1cca34f9196a19a0d4434f968f2336,2417486dd217d11124a1ebb32d938d48443007c82d8601aa13a2339b23b8f1c0,91,-0.6986156475825447,0.01
1,1,unrounded_strict,wholly_unseen,laplace,uniform,50.0,retention_nonnegative,0.0001,83e7d988bb1f3d1b55c2ee260f4982106f1cca34f9196a19a0d4434f968f2336,32010be156de088e0d18bf753870ecafef336433caafbf28bc2a76fb59723bc6,91,-0.6947951794672313,0.01
1,1,unrounded_strict,wholly_unseen,laplace,uniform,50.0,retention_nonnegative,0.001,83e7d988bb1f3d1b55c2ee260f4982106f1cca34f9196a19a0d4434f968f2336,f063c62f1c22a7b383e58507a2c44d21829c4f32291b084e9655876c7ef7aeec,91,-0.6722066886577062,0.01
1,1,unrounded_strict,wholly_unseen,laplace,uniform,50.0,retention_nonnegative,0.01,83e7d988bb1f3d1b55c2ee260f4982106f1cca34f9196a19a0d4434f968f2336,680c89e3ded9c0b43902dedd09aad0be647e9d19e7d1f5e35b238e36de5b206b,91,-0.6326204103296384,0.01
1,1,unrounded_strict,wholly_unseen,laplace,uniform,50.0,retention_nonnegative,0.1,83e7d988bb1f3d1b55c2ee260f4982106f1cca34f9196a19a0d4434f968f2336,8c65508f2f51276fc0441118b561f9d5c7165f037fcb8aa36f97e5e74f8ed18b,91,-0.6947927472550657,0.01
1,2,unrounded_strict,wholly_unseen,laplace,uniform,50.0,retention_nonnegative,0.0,44b130c3b861e53a2e0871984a8a3860901a45fffcbc6fe2163c231273f232be,b0090bfd5ec23b3aa33885e1a062e6857d472364906f9735782ea412bc6660c1,90,-0.6986156475825447,0.01
1,2,unrounded_strict,wholly_unseen,laplace,uniform,50.0,retention_nonnegative,0.0001,44b130c3b861e53a2e0871984a8a3860901a45fffcbc6fe2163c231273f232be,4085bb1cacc0e1bbf76f66c0c9944e04c1dc98c1455e6f8bb4ed0f203bb5ee13,90,-0.6947951794672313,0.01
1,2,unrounded_strict,wholly_unseen,laplace,uniform,50.0,retention_nonnegative,0.001,44b130c3b861e53a2e0871984a8a3860901a45fffcbc6fe2163c231273f232be,7845a6cc3681b8e7ca0db568ff530024874fbb64c1820d784adba84e92f61cae,90,-0.6722066886577062,0.01
1,2,unrounded_strict,wholly_unseen,laplace,uniform,50.0,retention_nonnegative,0.01,44b130c3b861e53a2e0871984a8a3860901a45fffcbc6fe2163c231273f232be,20a0ee70f35b364a5ea56877919db8f09b19b633f9315b81d161d536b1efecc8,90,-0.6326204103296384,0.01
1,2,unrounded_strict,wholly_unseen,laplace,uniform,50.0,retention_nonnegative,0.1,44b130c3b861e53a2e0871984a8a3860901a45fffcbc6fe2163c231273f232be,8599116724ae7de9f3ad9f41a20bf16f8d3c774f6769b0dac2663a7093c43264,90,-0.6947927472550657,0.01
1,0,unrounded_strict,wholly_unseen,laplace,uniform,50.0,current_only,0.0,3621dc2abef477b0c382bff9ca4f0e425eef9e24668b0f7e0a7276ea3ebab3ba,78d44a45d1fdef4f7414ca81da23bee7aff8b4fddfabca857a9dcd98dac1b39e,88,-0.8740976134281883,0.01
1,0,unrounded_strict,wholly_unseen,laplace,uniform,50.0,current_only,0.0001,3621dc2abef477b0c382bff9ca4f0e425eef9e24668b0f7e0a7276ea3ebab3ba,bb4cf3fcdecdcbc3d08b2379f060a7685e70a969915367a715217cac31b5f177,88,-0.8740697266529348,0.01
1,0,unrounded_strict,wholly_unseen,laplace,uniform,50.0,current_only,0.001,3621dc2abef477b0c382bff9ca4f0e425eef9e24668b0f7e0a7276ea3ebab3ba,8e35bd25542e19b0631a84d59dcd56fb9180b6471db601146cdf48c131ad3b7a,88,-0.8738307158429162,0.01
1,0,unrounded_strict,wholly_unseen,laplace,uniform,50.0,current_only,0.01,3621dc2abef477b0c382bff9ca4f0e425eef9e24668b0f7e0a7276ea3ebab3ba,8f5abc1de5ecd437095613ee3af82d5973c35b850e9551450da8e6203efaac48,88,-0.872432275644194,0.01
1,0,unrounded_strict,wholly_unseen,laplace,uniform,50.0,current_only,0.1,3621dc2abef477b0c382bff9ca4f0e425eef9e24668b0f7e0a7276ea3ebab3ba,9e3dede49d6899a3eb169bbf92aa9ce15c3d468ef90d182d09ec2e743d2679cf,88,-0.8902666883985363,0.01
1,1,unrounded_strict,wholly_unseen,laplace,uniform,50.0,current_only,0.0,83e7d988bb1f3d1b55c2ee260f4982106f1cca34f9196a19a0d4434f968f2336,647241857512d70c29bec9cebf5dfd9662899c1f2bfe31615349744fa98995f8,91,-0.8740976134281883,0.01
1,1,unrounded_strict,wholly_unseen,laplace,uniform,50.0,current_only,0.0001,83e7d988bb1f3d1b55c2ee260f4982106f1cca34f9196a19a0d4434f968f2336,702eed2ce4df5e96637025b306ec8deec0b1f6d58bb7e7b362c6578b8711d102,91,-0.8740697266529348,0.01
1,1,unrounded_strict,wholly_unseen,laplace,uniform,50.0,current_only,0.001,83e7d988bb1f3d1b55c2ee260f4982106f1cca34f9196a19a0d4434f968f2336,497b303afeaa12b511534ca79875b16b4c62df4c951ffb4d664d0e88e3ba4736,91,-0.8738307158429162,0.01
1,1,unrounded_strict,wholly_unseen,laplace,uniform,50.0,current_only,0.01,83e7d988bb1f3d1b55c2ee260f4982106f1cca34f9196a19a0d4434f968f2336,b9c8cb0284a72936e07ad0f8b0f13e38bf38cf588c23c05c7208fa0e7b978d3d,91,-0.872432275644194,0.01
1,1,unrounded_strict,wholly_unseen,laplace,uniform,50.0,current_only,0.1,83e7d988bb1f3d1b55c2ee260f4982106f1cca34f9196a19a0d4434f968f2336,79e30f8e8c81a5bd4339cb5bccb2b0ad941d691a0b42fd6b353f0687d95e1a82,91,-0.8902666883985363,0.01
1,2,unrounded_strict,wholly_unseen,laplace,uniform,50.0,current_only,0.0,44b130c3b861e53a2e0871984a8a3860901a45fffcbc6fe2163c231273f232be,de15ccfa3655e678f0d2b7855215f62deadaf313dab8eabf163202fbbebdde15,90,-0.8740976134281883,0.01
1,2,unrounded_strict,wholly_unseen,laplace,uniform,50.0,current_only,0.0001,44b130c3b861e53a2e0871984a8a3860901a45fffcbc6fe2163c231273f232be,8b5db49fac6e04f2657c6b2fb48ecdfd0cb3346151b572d42766b982e869cc8f,90,-0.8740697266529348,0.01
1,2,unrounded_strict,wholly_unseen,laplace,uniform,50.0,current_only,0.001,44b130c3b861e53a2e0871984a8a3860901a45fffcbc6fe2163c231273f232be,7e3787962c62013e079db3dec688b04987676c977f4c10c8736d046a76c992e1,90,-0.8738307158429162,0.01
1,2,unrounded_strict,wholly_unseen,laplace,uniform,50.0,current_only,0.01,44b130c3b861e53a2e0871984a8a3860901a45fffcbc6fe2163c231273f232be,3fe9fb35edd15f5b4db494a45c893ad3692416b6343aa91c412575a8d9956e29,90,-0.872432275644194,0.01
1,2,unrounded_strict,wholly_unseen,laplace,uniform,50.0,current_only,0.1,44b130c3b861e53a2e0871984a8a3860901a45fffcbc6fe2163c231273f232be,8271c597b75d401a18c9ffa9383c3a599db4b30995cc857d380c8e8a5c2a5131,90,-0.8902666883985363,0.01
1,0,unrounded_strict,wholly_unseen,laplace,uniform,50.0,input_plus_surface,0.0,3621dc2abef477b0c382bff9ca4f0e425eef9e24668b0f7e0a7276ea3ebab3ba,cc4d5ee7c2e24e665923efc15d71e82a3f6eb7c30a4a976c51ebca1d4840ed4d,88,-0.6693691951251521,0.01
1,0,unrounded_strict,wholly_unseen,laplace,uniform,50.0,input_plus_surface,0.0001,3621dc2abef477b0c382bff9ca4f0e425eef9e24668b0f7e0a7276ea3ebab3ba,d7f7fbeccc24b8ff561053f161c0919f9dc4ad115538f4b68fd7a8d36309528f,88,-0.6663801417095733,0.01
1,0,unrounded_strict,wholly_unseen,laplace,uniform,50.0,input_plus_surface,0.001,3621dc2abef477b0c382bff9ca4f0e425eef9e24668b0f7e0a7276ea3ebab3ba,9775ba669558cf0522b2fea5b310195e6fafc9e20cc714d2b1a4565bd0906858,88,-0.6485019683157498,0.01
1,0,unrounded_strict,wholly_unseen,laplace,uniform,50.0,input_plus_surface,0.01,3621dc2abef477b0c382bff9ca4f0e425eef9e24668b0f7e0a7276ea3ebab3ba,f18e9f521d101553942717e068b7768b3d1ffa0145518cafd74446643cc97268,88,-0.6090496279236606,0.01
1,0,unrounded_strict,wholly_unseen,laplace,uniform,50.0,input_plus_surface,0.1,3621dc2abef477b0c382bff9ca4f0e425eef9e24668b0f7e0a7276ea3ebab3ba,7340b66fd313c626472d9e55b34a91425409180bedbb0bf437cbe4c7840f4578,88,-0.651208557498782,0.01
1,1,unrounded_strict,wholly_unseen,laplace,uniform,50.0,input_plus_surface,0.0,83e7d988bb1f3d1b55c2ee260f4982106f1cca34f9196a19a0d4434f968f2336,5493fbfe297b4c74033634527deaaf463aae7fe1408709efc55afc2658312231,91,-0.6693691951251521,0.01
1,1,unrounded_strict,wholly_unseen,laplace,uniform,50.0,input_plus_surface,0.0001,83e7d988bb1f3d1b55c2ee260f4982106f1cca34f9196a19a0d4434f968f2336,1e6658597856a064da4387198e5d7b0bacf45dcab299e75811a44aa41a2a81e6,91,-0.6663801417095733,0.01
1,1,unrounded_strict,wholly_unseen,laplace,uniform,50.0,input_plus_surface,0.001,83e7d988bb1f3d1b55c2ee260f4982106f1cca34f9196a19a0d4434f968f2336,40c4ec1974f0a702331aa6b2c105bca2680bd72cbf83a02939e9719b529a5d70,91,-0.6485019683157498,0.01
1,1,unrounded_strict,wholly_unseen,laplace,uniform,50.0,input_plus_surface,0.01,83e7d988bb1f3d1b55c2ee260f4982106f1cca34f9196a19a0d4434f968f2336,e0b35c98a2d54bc034e9b91fb758198774da25348800464784c04675e6028b64,91,-0.6090496279236606,0.01
1,1,unrounded_strict,wholly_unseen,laplace,uniform,50.0,input_plus_surface,0.1,83e7d988bb1f3d1b55c2ee260f4982106f1cca34f9196a19a0d4434f968f2336,7b6143f80879c254a5f3c4b223ddd30e2802c3089e934530d9b76b5ca2a9f9a4,91,-0.651208557498782,0.01
1,2,unrounded_strict,wholly_unseen,laplace,uniform,50.0,input_plus_surface,0.0,44b130c3b861e53a2e0871984a8a3860901a45fffcbc6fe2163c231273f232be,d927b6f925552e92ceb9d3d1af1220c7e8eaff8f4c8f638e220362841918ff45,90,-0.6693691951251521,0.01
1,2,unrounded_strict,wholly_unseen,laplace,uniform,50.0,input_plus_surface,0.0001,44b130c3b861e53a2e0871984a8a3860901a45fffcbc6fe2163c231273f232be,9d5986c01a23c6c55d06cf23a8bf563fb57ea496e1e005f5f4f793f53d34db87,90,-0.6663801417095733,0.01
1,2,unrounded_strict,wholly_unseen,laplace,uniform,50.0,input_plus_surface,0.001,44b130c3b861e53a2e0871984a8a3860901a45fffcbc6fe2163c231273f232be,4c02af1ee8c6e28d2943fd5b620bbb950a5b847bc08fc36ee6f211b95696e737,90,-0.6485019683157498,0.01
1,2,unrounded_strict,wholly_unseen,laplace,uniform,50.0,input_plus_surface,0.01,44b130c3b861e53a2e0871984a8a3860901a45fffcbc6fe2163c231273f232be,79573bb5ce2b442d086ff87efaa490aaedd15480570321e6ec5319293d18ed2d,90,-0.6090496279236606,0.01
1,2,unrounded_strict,wholly_unseen,laplace,uniform,50.0,input_plus_surface,0.1,44b130c3b861e53a2e0871984a8a3860901a45fffcbc6fe2163c231273f232be,fbf6f8097b574238dc93aab61eb447b1ac8fe60fa3d342e1f0083f14015e3533,90,-0.651208557498782,0.01
1,0,unrounded_strict,wholly_unseen,laplace,uniform,50.0,HU_plus_surface,0.0,3621dc2abef477b0c382bff9ca4f0e425eef9e24668b0f7e0a7276ea3ebab3ba,c85c82b182eefc6d7b93d832699c1ea83ab06fc45b22695d80eb66acbda6f273,88,-0.6346786161058474,0.01
1,0,unrounded_strict,wholly_unseen,laplace,uniform,50.0,HU_plus_surface,0.0001,3621dc2abef477b0c382bff9ca4f0e425eef9e24668b0f7e0a7276ea3ebab3ba,a08eb002579672a1d1955bf10988b6a47a29abad1d6dab94787f2e71cfb37a62,88,-0.6320304087509263,0.01
1,0,unrounded_strict,wholly_unseen,laplace,uniform,50.0,HU_plus_surface,0.001,3621dc2abef477b0c382bff9ca4f0e425eef9e24668b0f7e0a7276ea3ebab3ba,f5e4de2c501dc41b4aa00c1246db81315c22455e7ec6947bd2d7164c47f3a1ee,88,-0.6167943082187802,0.01
1,0,unrounded_strict,wholly_unseen,laplace,uniform,50.0,HU_plus_surface,0.01,3621dc2abef477b0c382bff9ca4f0e425eef9e24668b0f7e0a7276ea3ebab3ba,741a4b2b3f70388c83e8e62561fd32beb25a138aec8b22092acd71a7c45cd889,88,-0.5866106204601782,0.01
1,0,unrounded_strict,wholly_unseen,laplace,uniform,50.0,HU_plus_surface,0.1,3621dc2abef477b0c382bff9ca4f0e425eef9e24668b0f7e0a7276ea3ebab3ba,8105faf56c8c2f648097f6c847284829c639b13786b0c45f58ce241923da08c1,88,-0.641069327223191,0.01
1,1,unrounded_strict,wholly_unseen,laplace,uniform,50.0,HU_plus_surface,0.0,83e7d988bb1f3d1b55c2ee260f4982106f1cca34f9196a19a0d4434f968f2336,2c319d5212a6e1ad7791dca0eceb927b08fa6253584b1886c27a5996afeea05e,91,-0.6346786161058474,0.01
1,1,unrounded_strict,wholly_unseen,laplace,uniform,50.0,HU_plus_surface,0.0001,83e7d988bb1f3d1b55c2ee260f4982106f1cca34f9196a19a0d4434f968f2336,79b8a9e05fd6127a5e29f8e5c28938d546f913b8557574347b17cf265bf7f650,91,-0.6320304087509263,0.01
1,1,unrounded_strict,wholly_unseen,laplace,uniform,50.0,HU_plus_surface,0.001,83e7d988bb1f3d1b55c2ee260f4982106f1cca34f9196a19a0d4434f968f2336,8423e3c901701bed0ea62a0af009169b78d78bfb6291c37e92abaf4be9855edb,91,-0.6167943082187802,0.01
1,1,unrounded_strict,wholly_unseen,laplace,uniform,50.0,HU_plus_surface,0.01,83e7d988bb1f3d1b55c2ee260f4982106f1cca34f9196a19a0d4434f968f2336,859d1310281afb8a0201f45e856a64e5f86b4511a8634fa29e0b6983b89a6cc5,91,-0.5866106204601782,0.01
1,1,unrounded_strict,wholly_unseen,laplace,uniform,50.0,HU_plus_surface,0.1,83e7d988bb1f3d1b55c2ee260f4982106f1cca34f9196a19a0d4434f968f2336,9ed395ebe81b860fd652adc8eb7906254c2643523c31902004e19d184bb65716,91,-0.641069327223191,0.01
1,2,unrounded_strict,wholly_unseen,laplace,uniform,50.0,HU_plus_surface,0.0,44b130c3b861e53a2e0871984a8a3860901a45fffcbc6fe2163c231273f232be,c4185d10325a178e274aab6c98e79b84d90fe1885d19d1dbe2a5fcdb913fe63f,90,-0.6346786161058474,0.01
1,2,unrounded_strict,wholly_unseen,laplace,uniform,50.0,HU_plus_surface,0.0001,44b130c3b861e53a2e0871984a8a3860901a45fffcbc6fe2163c231273f232be,6cd188a7852e83fca809b5b4d3a583506499435f6b23bdeb8b40b8f90fca19d5,90,-0.6320304087509263,0.01
1,2,unrounded_strict,wholly_unseen,laplace,uniform,50.0,HU_plus_surface,0.001,44b130c3b861e53a2e0871984a8a3860901a45fffcbc6fe2163c231273f232be,6c44445a8c8fdc4ccb9fc1a449fbcf18c7351e4e75d2f6d7978aff033282fd69,90,-0.6167943082187802,0.01
1,2,unrounded_strict,wholly_unseen,laplace,uniform,50.0,HU_plus_surface,0.01,44b130c3b861e53a2e0871984a8a3860901a45fffcbc6fe2163c231273f232be,d1208e4978a47d0c28d23ebfcb92b2dcc4d1cf81fb51843eec8ef3e95661018b,90,-0.5866106204601782,0.01
1,2,unrounded_strict,wholly_unseen,laplace,uniform,50.0,HU_plus_surface,0.1,44b130c3b861e53a2e0871984a8a3860901a45fffcbc6fe2163c231273f232be,734a6747dcbbbabad80491fcc0e4c770450cb58f366988176f218b353df354b8,90,-0.641069327223191,0.01
1,0,unrounded_strict,wholly_unseen,laplace,uniform,50.0,retention_bounded_plus_HU,0.0,3621dc2abef477b0c382bff9ca4f0e425eef9e24668b0f7e0a7276ea3ebab3ba,2fa5b0a1b857ed51d08e0b47fb20f3d0af5f5e256fee60810c949f6e37629610,88,-0.6505068566150142,0.1
1,0,unrounded_strict,wholly_unseen,laplace,uniform,50.0,retention_bounded_plus_HU,0.0001,3621dc2abef477b0c382bff9ca4f0e425eef9e24668b0f7e0a7276ea3ebab3ba,f1d2024a7a1a21e63397948424cd0c7b2b0a73ceb214f71ece6eee87780f86cc,88,-0.6512106685863979,0.1
1,0,unrounded_strict,wholly_unseen,laplace,uniform,50.0,retention_bounded_plus_HU,0.001,3621dc2abef477b0c382bff9ca4f0e425eef9e24668b0f7e0a7276ea3ebab3ba,0d8e1ccbfc69e1fefd98db30d63db5d42ebf2abf7a9e2e77d6c639e8f31c7fd6,88,-0.6474426996508874,0.1
1,0,unrounded_strict,wholly_unseen,laplace,uniform,50.0,retention_bounded_plus_HU,0.01,3621dc2abef477b0c382bff9ca4f0e425eef9e24668b0f7e0a7276ea3ebab3ba,163c977c479fa8972edd6a3f551bb31ed74f70d4ab17bbf429ed04405b320979,88,-0.6138809738225585,0.1
1,0,unrounded_strict,wholly_unseen,laplace,uniform,50.0,retention_bounded_plus_HU,0.1,3621dc2abef477b0c382bff9ca4f0e425eef9e24668b0f7e0a7276ea3ebab3ba,6dd92ad23b9ceec756cd40d8c04a050b020e5f8beb34cf5b755b6f38c1e2817d,88,-0.6126852256761124,0.1
1,1,unrounded_strict,wholly_unseen,laplace,uniform,50.0,retention_bounded_plus_HU,0.0,83e7d988bb1f3d1b55c2ee260f4982106f1cca34f9196a19a0d4434f968f2336,f26b4fea5190cbafb43b54c2b8c275ddc0d668e749534c5f04e693aae4fc9358,91,-0.6505068566150142,0.1
1,1,unrounded_strict,wholly_unseen,laplace,uniform,50.0,retention_bounded_plus_HU,0.0001,83e7d988bb1f3d1b55c2ee260f4982106f1cca34f9196a19a0d4434f968f2336,28eeb7cfe88803a85e614b5727e03888a5d20514662af0958d05c4ef1eaea144,91,-0.6512106685863979,0.1
1,1,unrounded_strict,wholly_unseen,laplace,uniform,50.0,retention_bounded_plus_HU,0.001,83e7d988bb1f3d1b55c2ee260f4982106f1cca34f9196a19a0d4434f968f2336,eef384a0ab1934b8760e6d1df1857c12208bc69f5b87a408e53de5929cc860b7,91,-0.6474426996508874,0.1
1,1,unrounded_strict,wholly_unseen,laplace,uniform,50.0,retention_bounded_plus_HU,0.01,83e7d988bb1f3d1b55c2ee260f4982106f1cca34f9196a19a0d4434f968f2336,d1fa3e57fc98487b71f3ecc0e60c850fa656d7b3b07dd181686f4af326dd6b5f,91,-0.6138809738225585,0.1
1,1,unrounded_strict,wholly_unseen,laplace,uniform,50.0,retention_bounded_plus_HU,0.1,83e7d988bb1f3d1b55c2ee260f4982106f1cca34f9196a19a0d4434f968f2336,d5714e4a65f0ca58529749f65db0210fc1efbd61e905d0bb88c0fbad9cb02621,91,-0.6126852256761124,0.1
1,2,unrounded_strict,wholly_unseen,laplace,uniform,50.0,retention_bounded_plus_HU,0.0,44b130c3b861e53a2e0871984a8a3860901a45fffcbc6fe2163c231273f232be,677136e968b35892afbc96ad700adb927de4150e069511a76d18c42f9f92aa06,90,-0.6505068566150142,0.1
1,2,unrounded_strict,wholly_unseen,laplace,uniform,50.0,retention_bounded_plus_HU,0.0001,44b130c3b861e53a2e0871984a8a3860901a45fffcbc6fe2163c231273f232be,6afa050abb6a0ce4d994b6515757ade0d337982d5fcfc5cef166c80dc1da932e,90,-0.6512106685863979,0.1
1,2,unrounded_strict,wholly_unseen,laplace,uniform,50.0,retention_bounded_plus_HU,0.001,44b130c3b861e53a2e0871984a8a3860901a45fffcbc6fe2163c231273f232be,b48910b148ffc713291279f1a042ae007881c5ec30acbed81d0f322a8c50ce75,90,-0.6474426996508874,0.1
1,2,unrounded_strict,wholly_unseen,laplace,uniform,50.0,retention_bounded_plus_HU,0.01,44b130c3b861e53a2e0871984a8a3860901a45fffcbc6fe2163c231273f232be,e92cdae6ec3d93cc25bcaca24a01c30876120d97e2f9a25765b0c85e4ee2804c,90,-0.6138809738225585,0.1
1,2,unrounded_strict,wholly_unseen,laplace,uniform,50.0,retention_bounded_plus_HU,0.1,44b130c3b861e53a2e0871984a8a3860901a45fffcbc6fe2163c231273f232be,3bfc906d2e0ab4e4da64fe7c77c8642b842ea7f38b1066560c67e73f2ae03c5b,90,-0.6126852256761124,0.1
1,0,unrounded_strict,wholly_unseen,gh80,uniform,50.0,HU_plus_surface,0.0,3621dc2abef477b0c382bff9ca4f0e425eef9e24668b0f7e0a7276ea3ebab3ba,9654e992f9b41b5ffe637c9f1abc02b8db5cf983e3e0657217d96b0e2174adef,88,-0.6325689387226624,0.01
1,0,unrounded_strict,wholly_unseen,gh80,uniform,50.0,HU_plus_surface,0.0001,3621dc2abef477b0c382bff9ca4f0e425eef9e24668b0f7e0a7276ea3ebab3ba,7d0f3d2ea2556658c92e7eaac218a2e4711680bef0f72ad198802ec5159ef7fe,88,-0.6299518585205358,0.01
1,0,unrounded_strict,wholly_unseen,gh80,uniform,50.0,HU_plus_surface,0.001,3621dc2abef477b0c382bff9ca4f0e425eef9e24668b0f7e0a7276ea3ebab3ba,818001f249d248db52fba4b3b5720f87d47dac2354484918f9e44d03e36bcf6b,88,-0.6150263758434356,0.01
1,0,unrounded_strict,wholly_unseen,gh80,uniform,50.0,HU_plus_surface,0.01,3621dc2abef477b0c382bff9ca4f0e425eef9e24668b0f7e0a7276ea3ebab3ba,388d434134671d9b088d31203fd176712384c509d96a5ca45f8c10e969a9e839,88,-0.5865829722526151,0.01
1,0,unrounded_strict,wholly_unseen,gh80,uniform,50.0,HU_plus_surface,0.1,3621dc2abef477b0c382bff9ca4f0e425eef9e24668b0f7e0a7276ea3ebab3ba,fcd5ab09d64c90bfe3f9c0f7051a89f8421fc3f0fb91c457f7f83eaaaea6b340,88,-0.6436158924597379,0.01
1,1,unrounded_strict,wholly_unseen,gh80,uniform,50.0,HU_plus_surface,0.0,83e7d988bb1f3d1b55c2ee260f4982106f1cca34f9196a19a0d4434f968f2336,f3923199a0166324daef8c1bfa82660e0d822ff9c3994a682030b3cc6aef1e01,91,-0.6325689387226624,0.01
1,1,unrounded_strict,wholly_unseen,gh80,uniform,50.0,HU_plus_surface,0.0001,83e7d988bb1f3d1b55c2ee260f4982106f1cca34f9196a19a0d4434f968f2336,39d92dfaf0dc2bf1bc50d9d47deeee7f03a8b640697f13f8b7fb79bcca66f304,91,-0.6299518585205358,0.01
1,1,unrounded_strict,wholly_unseen,gh80,uniform,50.0,HU_plus_surface,0.001,83e7d988bb1f3d1b55c2ee260f4982106f1cca34f9196a19a0d4434f968f2336,6681bffebf66a0daff5ff72d7f2144fa9231f1744d7960b69c2e964ef33ae24d,91,-0.6150263758434356,0.01
1,1,unrounded_strict,wholly_unseen,gh80,uniform,50.0,HU_plus_surface,0.01,83e7d988bb1f3d1b55c2ee260f4982106f1cca34f9196a19a0d4434f968f2336,cd42a1155c5e23fd5a2c083b2b63b09a97a50aafd1c61b9ad4699139f0885fd8,91,-0.5865829722526151,0.01
1,1,unrounded_strict,wholly_unseen,gh80,uniform,50.0,HU_plus_surface,0.1,83e7d988bb1f3d1b55c2ee260f4982106f1cca34f9196a19a0d4434f968f2336,938345f1751df12a4fbc744f681e411df50ec0dd7c736e890e88c4c6c0cc3143,91,-0.6436158924597379,0.01
1,2,unrounded_strict,wholly_unseen,gh80,uniform,50.0,HU_plus_surface,0.0,44b130c3b861e53a2e0871984a8a3860901a45fffcbc6fe2163c231273f232be,bfa6bbc3c2721a5cfa9465d8ea7527b4dc338e6f89de9ef60a9af3788810f348,90,-0.6325689387226624,0.01
1,2,unrounded_strict,wholly_unseen,gh80,uniform,50.0,HU_plus_surface,0.0001,44b130c3b861e53a2e0871984a8a3860901a45fffcbc6fe2163c231273f232be,6ed21b36f012a695a6ad7a86fd322494f29e30f1a433b1aa29fe2e90356f0a54,90,-0.6299518585205358,0.01
1,2,unrounded_strict,wholly_unseen,gh80,uniform,50.0,HU_plus_surface,0.001,44b130c3b861e53a2e0871984a8a3860901a45fffcbc6fe2163c231273f232be,7629f36638b6adc460bcafe6509726c7607dc2c9872ffe80b0e014c09afbc9eb,90,-0.6150263758434356,0.01
1,2,unrounded_strict,wholly_unseen,gh80,uniform,50.0,HU_plus_surface,0.01,44b130c3b861e53a2e0871984a8a3860901a45fffcbc6fe2163c231273f232be,0783519199f619ab3c1ee2f4a414a5a989de2c2daf57990b7a5aba29c0f9d0c8,90,-0.5865829722526151,0.01
1,2,unrounded_strict,wholly_unseen,gh80,uniform,50.0,HU_plus_surface,0.1,44b130c3b861e53a2e0871984a8a3860901a45fffcbc6fe2163c231273f232be,871a46663d23947ccd7cf6050ee80fa74fe3ab94d6e1e626236e56cd76bfdfc1,90,-0.6436158924597379,0.01
1,0,unrounded_strict,wholly_unseen,gh80,uniform,50.0,retention_bounded_plus_HU,0.0,3621dc2abef477b0c382bff9ca4f0e425eef9e24668b0f7e0a7276ea3ebab3ba,fbbebdd92aa4b06dc34cf883a24263bf20f2c9c107104b6ea74f2745ee2d8e6f,88,-0.6508083720736165,0.1
1,0,unrounded_strict,wholly_unseen,gh80,uniform,50.0,retention_bounded_plus_HU,0.0001,3621dc2abef477b0c382bff9ca4f0e425eef9e24668b0f7e0a7276ea3ebab3ba,d3ab364ebd9f3d1ea992f29ca0ae3807da8d116066e7258b89077c4ea659ad77,88,-0.6509556474236541,0.1
1,0,unrounded_strict,wholly_unseen,gh80,uniform,50.0,retention_bounded_plus_HU,0.001,3621dc2abef477b0c382bff9ca4f0e425eef9e24668b0f7e0a7276ea3ebab3ba,dcc17841948c0e73854eb77286b406e763894fa221b2f1110ed74a79e053b57b,88,-0.6491874120828509,0.1
1,0,unrounded_strict,wholly_unseen,gh80,uniform,50.0,retention_bounded_plus_HU,0.01,3621dc2abef477b0c382bff9ca4f0e425eef9e24668b0f7e0a7276ea3ebab3ba,bf34bac8f993bffd022ec1b77943d07056d19877055829c2217892f5e44d854a,88,-0.616209274708054,0.1
1,0,unrounded_strict,wholly_unseen,gh80,uniform,50.0,retention_bounded_plus_HU,0.1,3621dc2abef477b0c382bff9ca4f0e425eef9e24668b0f7e0a7276ea3ebab3ba,dca4bed6bf81d173c9b23d22cce2e5b4c72e53973c2a194c8ee59df58dd9b760,88,-0.614677529460042,0.1
1,1,unrounded_strict,wholly_unseen,gh80,uniform,50.0,retention_bounded_plus_HU,0.0,83e7d988bb1f3d1b55c2ee260f4982106f1cca34f9196a19a0d4434f968f2336,6721a7f68c07a073dcf6417eb65ad1c7b2e7eab3d90f0e348449cdfb72365038,91,-0.6508083720736165,0.1
1,1,unrounded_strict,wholly_unseen,gh80,uniform,50.0,retention_bounded_plus_HU,0.0001,83e7d988bb1f3d1b55c2ee260f4982106f1cca34f9196a19a0d4434f968f2336,3e25a8885a66f4115dfe83f7458b7ca07a342b8ee7d7c5d772562fdd083c41d6,91,-0.6509556474236541,0.1
1,1,unrounded_strict,wholly_unseen,gh80,uniform,50.0,retention_bounded_plus_HU,0.001,83e7d988bb1f3d1b55c2ee260f4982106f1cca34f9196a19a0d4434f968f2336,0ff14ceb25b3ba646af21dd3737257521e9d130a363479a651e0bd2dae9fd3bb,91,-0.6491874120828509,0.1
1,1,unrounded_strict,wholly_unseen,gh80,uniform,50.0,retention_bounded_plus_HU,0.01,83e7d988bb1f3d1b55c2ee260f4982106f1cca34f9196a19a0d4434f968f2336,52779056a7e8ea08b9e418fe6cf3aa3384d3e716ddcee8b2bbb820aefcdc28f9,91,-0.616209274708054,0.1
1,1,unrounded_strict,wholly_unseen,gh80,uniform,50.0,retention_bounded_plus_HU,0.1,83e7d988bb1f3d1b55c2ee260f4982106f1cca34f9196a19a0d4434f968f2336,d377665cb8aab1f5e726ddd0303617fb8752e929dc87a745e0193d221a69f4bc,91,-0.614677529460042,0.1
1,2,unrounded_strict,wholly_unseen,gh80,uniform,50.0,retention_bounded_plus_HU,0.0,44b130c3b861e53a2e0871984a8a3860901a45fffcbc6fe2163c231273f232be,3c3024f937bed802dd8d0fab11cbc011447d221d343818af78e1efccfbed8347,90,-0.6508083720736165,0.1
1,2,unrounded_strict,wholly_unseen,gh80,uniform,50.0,retention_bounded_plus_HU,0.0001,44b130c3b861e53a2e0871984a8a3860901a45fffcbc6fe2163c231273f232be,a0735af1db6a0d878ca8d19d49654a7d22935dac01383d713a9c8654532b475b,90,-0.6509556474236541,0.1
1,2,unrounded_strict,wholly_unseen,gh80,uniform,50.0,retention_bounded_plus_HU,0.001,44b130c3b861e53a2e0871984a8a3860901a45fffcbc6fe2163c231273f232be,fcdc4db075c36c0f203ea53da8967719d83b5789a23c13286032cf5670e0c121,90,-0.6491874120828509,0.1
1,2,unrounded_strict,wholly_unseen,gh80,uniform,50.0,retention_bounded_plus_HU,0.01,44b130c3b861e53a2e0871984a8a3860901a45fffcbc6fe2163c231273f232be,92fefb4c447f3db8e022c748401a53136c93d2e5a4f27e92fdd1570488515dc5,90,-0.616209274708054,0.1
1,2,unrounded_strict,wholly_unseen,gh80,uniform,50.0,retention_bounded_plus_HU,0.1,44b130c3b861e53a2e0871984a8a3860901a45fffcbc6fe2163c231273f232be,a0feafdff71369209fde3d247890dce4335898b6d4af201ea4a35913d6563622,90,-0.614677529460042,0.1
2,0,all_strict,side_informed,laplace,uniform,50.0,retention_bounded,0.0,6af75daa525968e68fb8d352969dddfe3b92e90b6a86578e4f8560ce19d4e895,a634a05f7b3db70919de255a1b969325e25ef94fb5a57b71200a0f5631f9f3c9,137,-0.3551080054854972,0.01
2,0,all_strict,side_informed,laplace,uniform,50.0,retention_bounded,0.0001,6af75daa525968e68fb8d352969dddfe3b92e90b6a86578e4f8560ce19d4e895,af5ec4f491b0ba5314079fc5395c8852099f1986454fd5d435a5233cab74940d,137,-0.35371822591110885,0.01
2,0,all_strict,side_informed,laplace,uniform,50.0,retention_bounded,0.001,6af75daa525968e68fb8d352969dddfe3b92e90b6a86578e4f8560ce19d4e895,285fd2519cf2b1d56aaeab39a372c3bcfd1da889bffb72f11333b08b58479beb,137,-0.3443354424746098,0.01
2,0,all_strict,side_informed,laplace,uniform,50.0,retention_bounded,0.01,6af75daa525968e68fb8d352969dddfe3b92e90b6a86578e4f8560ce19d4e895,8eda46bb513c1fc2d76dc6c2b566f9fe3821d3a3d8a7184e856937aa13639f95,137,-0.3176076815344162,0.01
2,0,all_strict,side_informed,laplace,uniform,50.0,retention_bounded,0.1,6af75daa525968e68fb8d352969dddfe3b92e90b6a86578e4f8560ce19d4e895,26e0a883f7c45631cbcd2898b554f6d3ed5dff52fda4a3b68a5fc25fb982f335,137,-0.34800048093377284,0.01
2,1,all_strict,side_informed,laplace,uniform,50.0,retention_bounded,0.0,720abc63837a1c45a58674d554acfed0556ae646781babf1ab0907514d9f87bd,edd3bfb5ca0bc8f94c2fc054d0d3eeffd0f302a890672241482d2ff02bf801b6,136,-0.3551080054854972,0.01
2,1,all_strict,side_informed,laplace,uniform,50.0,retention_bounded,0.0001,720abc63837a1c45a58674d554acfed0556ae646781babf1ab0907514d9f87bd,2ee6176e3650d1432b349262d2c6471957ff9478012123c86f7c95e98873bf73,136,-0.35371822591110885,0.01
2,1,all_strict,side_informed,laplace,uniform,50.0,retention_bounded,0.001,720abc63837a1c45a58674d554acfed0556ae646781babf1ab0907514d9f87bd,ca536b17291c948dc6c5681cec93a1e2b7b3702c5b4fcb671c08178b75e48049,136,-0.3443354424746098,0.01
2,1,all_strict,side_informed,laplace,uniform,50.0,retention_bounded,0.01,720abc63837a1c45a58674d554acfed0556ae646781babf1ab0907514d9f87bd,fb9dc7fad577bfe9f32df287c9dd38a200c0c3e8a9cac019c106ba6935ee392b,136,-0.3176076815344162,0.01
2,1,all_strict,side_informed,laplace,uniform,50.0,retention_bounded,0.1,720abc63837a1c45a58674d554acfed0556ae646781babf1ab0907514d9f87bd,e51aff2c13353029b79a4657563cd1230408ab7a5f43d7f003efc5c612dfca24,136,-0.34800048093377284,0.01
2,2,all_strict,side_informed,laplace,uniform,50.0,retention_bounded,0.0,46b216ba26aa11acaa5d3f570ff995f2e06b4023e6af3be0a5801b3a981e0482,5dd7d82a749ff6e6551559e7847a8a380d9866fcd9cc1f5d858d5da2c794e59f,139,-0.3551080054854972,0.01
2,2,all_strict,side_informed,laplace,uniform,50.0,retention_bounded,0.0001,46b216ba26aa11acaa5d3f570ff995f2e06b4023e6af3be0a5801b3a981e0482,a6ca21f0d41a38ad00847e38094be786ecc836f7843054a913bc2ca786a1b5ad,139,-0.35371822591110885,0.01
2,2,all_strict,side_informed,laplace,uniform,50.0,retention_bounded,0.001,46b216ba26aa11acaa5d3f570ff995f2e06b4023e6af3be0a5801b3a981e0482,92b422973fe2afd40f2b27e63d6fe1a9dc45083b55d37be4d4d842da31ed371f,139,-0.3443354424746098,0.01
2,2,all_strict,side_informed,laplace,uniform,50.0,retention_bounded,0.01,46b216ba26aa11acaa5d3f570ff995f2e06b4023e6af3be0a5801b3a981e0482,a08910dddef064247dae719bf1ad13c0d956ca398aa44d969f01ed4cbb610dd1,139,-0.3176076815344162,0.01
2,2,all_strict,side_informed,laplace,uniform,50.0,retention_bounded,0.1,46b216ba26aa11acaa5d3f570ff995f2e06b4023e6af3be0a5801b3a981e0482,55bf83ad89b7783640f519eca75fde1c987c2ca100dca6dca91120d7b683d979,139,-0.34800048093377284,0.01
2,0,all_strict,side_informed,laplace,uniform,50.0,retention_nonnegative,0.0,6af75daa525968e68fb8d352969dddfe3b92e90b6a86578e4f8560ce19d4e895,eceb5db632c46269dba440aa3a2bf0868d46a3f3e7a8047efffccf82ca78060c,137,-0.3551080054690977,0.01
2,0,all_strict,side_informed,laplace,uniform,50.0,retention_nonnegative,0.0001,6af75daa525968e68fb8d352969dddfe3b92e90b6a86578e4f8560ce19d4e895,0c17e7565a4781bfd679e1c5f70047d3293573d039802623bd76da9e022e5e71,137,-0.35394697699368044,0.01
2,0,all_strict,side_informed,laplace,uniform,50.0,retention_nonnegative,0.001,6af75daa525968e68fb8d352969dddfe3b92e90b6a86578e4f8560ce19d4e895,6ca19d33da72ce9da231d50028457b7e40b87e81d9bc976e610df92b7331cab7,137,-0.3471443069324905,0.01
2,0,all_strict,side_informed,laplace,uniform,50.0,retention_nonnegative,0.01,6af75daa525968e68fb8d352969dddfe3b92e90b6a86578e4f8560ce19d4e895,e032a3cac18901b40f115626f10343b01ead5de0ce9a6fe36a3aede5b7e62fe4,137,-0.33997846829461814,0.01
2,0,all_strict,side_informed,laplace,uniform,50.0,retention_nonnegative,0.1,6af75daa525968e68fb8d352969dddfe3b92e90b6a86578e4f8560ce19d4e895,d6539d5dbda06b40dbcff6942f5669a5aec09fd0f366eb10386b874816dd3d35,137,-0.4053413344281799,0.01
2,1,all_strict,side_informed,laplace,uniform,50.0,retention_nonnegative,0.0,720abc63837a1c45a58674d554acfed0556ae646781babf1ab0907514d9f87bd,a289d267417fd49db6fffb18c02766a3219ec31ac2f5687d33735636b326264a,136,-0.3551080054690977,0.01
2,1,all_strict,side_informed,laplace,uniform,50.0,retention_nonnegative,0.0001,720abc63837a1c45a58674d554acfed0556ae646781babf1ab0907514d9f87bd,595caf3ff813433dfd3592cf52531e9b859d03aa7e16a8e66ee1b520d1641a17,136,-0.35394697699368044,0.01
2,1,all_strict,side_informed,laplace,uniform,50.0,retention_nonnegative,0.001,720abc63837a1c45a58674d554acfed0556ae646781babf1ab0907514d9f87bd,fdcfd6d9330564bee1a5ff572b1653aa8b0f6f061400c331b0cd9045744a11e9,136,-0.3471443069324905,0.01
2,1,all_strict,side_informed,laplace,uniform,50.0,retention_nonnegative,0.01,720abc63837a1c45a58674d554acfed0556ae646781babf1ab0907514d9f87bd,0f2db79cc2af5a3b46957077a905592ba0b1bb4456e7c69924b4160bb1293b9a,136,-0.33997846829461814,0.01
2,1,all_strict,side_informed,laplace,uniform,50.0,retention_nonnegative,0.1,720abc63837a1c45a58674d554acfed0556ae646781babf1ab0907514d9f87bd,9abc4c896f32f4f50bbd762066edf2ef2b2e298e095dfbe62ddafc88d3f77064,136,-0.4053413344281799,0.01
2,2,all_strict,side_informed,laplace,uniform,50.0,retention_nonnegative,0.0,46b216ba26aa11acaa5d3f570ff995f2e06b4023e6af3be0a5801b3a981e0482,7c0f77796da75cf42114bbea07f4f13efcb649824c68b5b38699cb65bc1fc1f8,139,-0.3551080054690977,0.01
2,2,all_strict,side_informed,laplace,uniform,50.0,retention_nonnegative,0.0001,46b216ba26aa11acaa5d3f570ff995f2e06b4023e6af3be0a5801b3a981e0482,b5800e684afe874e68bec4fe9996f7bdf7f66993d193147b91601ae6031e1fb2,139,-0.35394697699368044,0.01
2,2,all_strict,side_informed,laplace,uniform,50.0,retention_nonnegative,0.001,46b216ba26aa11acaa5d3f570ff995f2e06b4023e6af3be0a5801b3a981e0482,ba5262f1d72ca845e9170dfcead2a43a5715eae25a9d909163976818e2f70628,139,-0.3471443069324905,0.01
2,2,all_strict,side_informed,laplace,uniform,50.0,retention_nonnegative,0.01,46b216ba26aa11acaa5d3f570ff995f2e06b4023e6af3be0a5801b3a981e0482,732a6c97120368be052adbde491810abdfc0d4b694fb2307d6e0ae6c48420797,139,-0.33997846829461814,0.01
2,2,all_strict,side_informed,laplace,uniform,50.0,retention_nonnegative,0.1,46b216ba26aa11acaa5d3f570ff995f2e06b4023e6af3be0a5801b3a981e0482,4cf52c5865c90098f99c0b19be4197bb19bda167287af490c1dfc6a72634a4e3,139,-0.4053413344281799,0.01
2,0,all_strict,side_informed,laplace,uniform,50.0,current_only,0.0,6af75daa525968e68fb8d352969dddfe3b92e90b6a86578e4f8560ce19d4e895,58ac8f606bb211a3b2caee410e2b676ac57a795668432d3ce71618190dd2cf95,137,-0.5586203897658598,0.01
2,0,all_strict,side_informed,laplace,uniform,50.0,current_only,0.0001,6af75daa525968e68fb8d352969dddfe3b92e90b6a86578e4f8560ce19d4e895,95dae3dea8aa932da473af265f3941665380487f01d71be0e894664c56598b96,137,-0.5584757107271491,0.01
2,0,all_strict,side_informed,laplace,uniform,50.0,current_only,0.001,6af75daa525968e68fb8d352969dddfe3b92e90b6a86578e4f8560ce19d4e895,e4169a7a5d80c33c4d6b63fe10eb06032708fac9bce8202916b02ab8bf99f633,137,-0.5572318752342927,0.01
2,0,all_strict,side_informed,laplace,uniform,50.0,current_only,0.01,6af75daa525968e68fb8d352969dddfe3b92e90b6a86578e4f8560ce19d4e895,7a264b67776c9bed80b3d74ee8f8f847bc6e5678fbd449254620f4225e7c840d,137,-0.5489886505277628,0.01
2,0,all_strict,side_informed,laplace,uniform,50.0,current_only,0.1,6af75daa525968e68fb8d352969dddfe3b92e90b6a86578e4f8560ce19d4e895,ffbfdb4dd038e50c4fdbd5602ce981a25b22ceb7222fbb7d9c38604c5b1b9e58,137,-0.5602320709939119,0.01
2,1,all_strict,side_informed,laplace,uniform,50.0,current_only,0.0,720abc63837a1c45a58674d554acfed0556ae646781babf1ab0907514d9f87bd,a070e4b3f39a201a480464e5f39253050c538bac60975999b37f59e7f0fce8ca,136,-0.5586203897658598,0.01
2,1,all_strict,side_informed,laplace,uniform,50.0,current_only,0.0001,720abc63837a1c45a58674d554acfed0556ae646781babf1ab0907514d9f87bd,a61d40ae3133173e521ff4c838dc1f193bc26872efa3a4f0f3301a1f55a63d2f,136,-0.5584757107271491,0.01
2,1,all_strict,side_informed,laplace,uniform,50.0,current_only,0.001,720abc63837a1c45a58674d554acfed0556ae646781babf1ab0907514d9f87bd,aa07cd000f30d750121188f0138495a62ae5b1fd6cded052b7c2418dc298c085,136,-0.5572318752342927,0.01
2,1,all_strict,side_informed,laplace,uniform,50.0,current_only,0.01,720abc63837a1c45a58674d554acfed0556ae646781babf1ab0907514d9f87bd,78c95d140debcee3dd97e45ec3fe9da45c317a8d794af12c25c086b2f79c9b1b,136,-0.5489886505277628,0.01
2,1,all_strict,side_informed,laplace,uniform,50.0,current_only,0.1,720abc63837a1c45a58674d554acfed0556ae646781babf1ab0907514d9f87bd,0cc6378626583579fc5a31158a01d376b0d341a74da4d73f839651d2bc5f26b8,136,-0.5602320709939119,0.01
2,2,all_strict,side_informed,laplace,uniform,50.0,current_only,0.0,46b216ba26aa11acaa5d3f570ff995f2e06b4023e6af3be0a5801b3a981e0482,d49c72e495c3f8ed87122ace3ff3254f4e21fa95d327efde56865d31e5825cc9,139,-0.5586203897658598,0.01
2,2,all_strict,side_informed,laplace,uniform,50.0,current_only,0.0001,46b216ba26aa11acaa5d3f570ff995f2e06b4023e6af3be0a5801b3a981e0482,2a98a6f7b834f5a7a3df051f6e836e681d46662f62cc12897b44b7a9251bc060,139,-0.5584757107271491,0.01
2,2,all_strict,side_informed,laplace,uniform,50.0,current_only,0.001,46b216ba26aa11acaa5d3f570ff995f2e06b4023e6af3be0a5801b3a981e0482,22266b4670e7ff90641e3c8234923967bd99ff467ec85a7d964131db904305d1,139,-0.5572318752342927,0.01
2,2,all_strict,side_informed,laplace,uniform,50.0,current_only,0.01,46b216ba26aa11acaa5d3f570ff995f2e06b4023e6af3be0a5801b3a981e0482,3022a034e2c77d248272f36a28205852a429a4bc21db15a83580d6c7172e6c0f,139,-0.5489886505277628,0.01
2,2,all_strict,side_informed,laplace,uniform,50.0,current_only,0.1,46b216ba26aa11acaa5d3f570ff995f2e06b4023e6af3be0a5801b3a981e0482,443ee38af6ecca492d08ae643895665a96cdc9a734d1f9941221339fca812853,139,-0.5602320709939119,0.01
2,0,all_strict,side_informed,laplace,uniform,50.0,input_plus_surface,0.0,6af75daa525968e68fb8d352969dddfe3b92e90b6a86578e4f8560ce19d4e895,293ea771f1a1fb750a57c1c4d177f97b3696e852fcf5ec1f71102d68d5c8446a,137,-0.3388563726241464,0.01
2,0,all_strict,side_informed,laplace,uniform,50.0,input_plus_surface,0.0001,6af75daa525968e68fb8d352969dddfe3b92e90b6a86578e4f8560ce19d4e895,c95609ec250e258bb9a7788d017047cea06efeef5796166fc50705a9e7bf667f,137,-0.3376067478765234,0.01
2,0,all_strict,side_informed,laplace,uniform,50.0,input_plus_surface,0.001,6af75daa525968e68fb8d352969dddfe3b92e90b6a86578e4f8560ce19d4e895,7c0454eb8d31c186089d1e4e514065263b4d89801690f9cd1e1fc6cf80252ab1,137,-0.32910037682281196,0.01
2,0,all_strict,side_informed,laplace,uniform,50.0,input_plus_surface,0.01,6af75daa525968e68fb8d352969dddfe3b92e90b6a86578e4f8560ce19d4e895,570cc0867ba6395c33c8cb646a462a2d8dcdc67da5d604a55879fdf86774159d,137,-0.3075572180994057,0.01
2,0,all_strict,side_informed,laplace,uniform,50.0,input_plus_surface,0.1,6af75daa525968e68fb8d352969dddfe3b92e90b6a86578e4f8560ce19d4e895,25c1be821c080dd9d01be2fce9600cac8e2456edba0a59d36d45398b5ae0890a,137,-0.3594404393375928,0.01
2,1,all_strict,side_informed,laplace,uniform,50.0,input_plus_surface,0.0,720abc63837a1c45a58674d554acfed0556ae646781babf1ab0907514d9f87bd,13d995ca6dbf0f72697acc5d5e05abe52a6372349fa75f3a7079f575ce8f216f,136,-0.3388563726241464,0.01
2,1,all_strict,side_informed,laplace,uniform,50.0,input_plus_surface,0.0001,720abc63837a1c45a58674d554acfed0556ae646781babf1ab0907514d9f87bd,369a2a3649dc2fa14fe1a0d4e589996f2fa9b251533e767d7b64c3588f015468,136,-0.3376067478765234,0.01
2,1,all_strict,side_informed,laplace,uniform,50.0,input_plus_surface,0.001,720abc63837a1c45a58674d554acfed0556ae646781babf1ab0907514d9f87bd,b7b5b4921a5ffa0fd1bfc7eeae14d8af26ccb5c56e9cf2b0cf3d5c0e54a74f3f,136,-0.32910037682281196,0.01
2,1,all_strict,side_informed,laplace,uniform,50.0,input_plus_surface,0.01,720abc63837a1c45a58674d554acfed0556ae646781babf1ab0907514d9f87bd,02844508c00a0a3e061bebe3f64ce218e3a4d753e2681b6bea94783770f0ffc3,136,-0.3075572180994057,0.01
2,1,all_strict,side_informed,laplace,uniform,50.0,input_plus_surface,0.1,720abc63837a1c45a58674d554acfed0556ae646781babf1ab0907514d9f87bd,e0ec722a6f009f9989f911254be0cc597b3566d25c9723ab5cc49aaa9f2124c8,136,-0.3594404393375928,0.01
2,2,all_strict,side_informed,laplace,uniform,50.0,input_plus_surface,0.0,46b216ba26aa11acaa5d3f570ff995f2e06b4023e6af3be0a5801b3a981e0482,2ffdb96fd99e2121ab6e450665d6987ed791fe1df6187b225a30605b0a23db23,139,-0.3388563726241464,0.01
2,2,all_strict,side_informed,laplace,uniform,50.0,input_plus_surface,0.0001,46b216ba26aa11acaa5d3f570ff995f2e06b4023e6af3be0a5801b3a981e0482,532d7d5bd1c305574a223b4eb0b54985e0cb37da766601d441517cd6623cade8,139,-0.3376067478765234,0.01
2,2,all_strict,side_informed,laplace,uniform,50.0,input_plus_surface,0.001,46b216ba26aa11acaa5d3f570ff995f2e06b4023e6af3be0a5801b3a981e0482,4382a029a4110106e435eb56deabec066c06b52832f2ddf4526bfc7ce0ff734e,139,-0.32910037682281196,0.01
2,2,all_strict,side_informed,laplace,uniform,50.0,input_plus_surface,0.01,46b216ba26aa11acaa5d3f570ff995f2e06b4023e6af3be0a5801b3a981e0482,18f20cba2bac219f69d2871e25d6d2c2e2dc71fadd791a6bd29b5427a57a9ef5,139,-0.3075572180994057,0.01
2,2,all_strict,side_informed,laplace,uniform,50.0,input_plus_surface,0.1,46b216ba26aa11acaa5d3f570ff995f2e06b4023e6af3be0a5801b3a981e0482,5e59b6e472516f13ca658b22db932edecc3ad40f3a948e5e38b5074070503e4d,139,-0.3594404393375928,0.01
2,0,all_strict,side_informed,laplace,uniform,50.0,HU_plus_surface,0.0,6af75daa525968e68fb8d352969dddfe3b92e90b6a86578e4f8560ce19d4e895,f53558fb48ce6d4658e719119d9e7feb035f03a1240aac4089d7217a7dbc037a,137,-0.3135899541457943,0.01
2,0,all_strict,side_informed,laplace,uniform,50.0,HU_plus_surface,0.0001,6af75daa525968e68fb8d352969dddfe3b92e90b6a86578e4f8560ce19d4e895,386ccb760462259f0bdb27c23f2cedce28d95c58dc6ce48c15799b661051ee6a,137,-0.3120377841039647,0.01
2,0,all_strict,side_informed,laplace,uniform,50.0,HU_plus_surface,0.001,6af75daa525968e68fb8d352969dddfe3b92e90b6a86578e4f8560ce19d4e895,7da1563f8850fb637fa3d800ae135c67491ae006f5f65f3d829fa127700e7a16,137,-0.3027408370259777,0.01
2,0,all_strict,side_informed,laplace,uniform,50.0,HU_plus_surface,0.01,6af75daa525968e68fb8d352969dddfe3b92e90b6a86578e4f8560ce19d4e895,974a2a0f119a6f9802df7d8df0ba78590a3b5933eee784d80ee26da94c80adb9,137,-0.2860560752966561,0.01
2,0,all_strict,side_informed,laplace,uniform,50.0,HU_plus_surface,0.1,6af75daa525968e68fb8d352969dddfe3b92e90b6a86578e4f8560ce19d4e895,f8502406f72fa8f39324da8da65f4c302e3321fd067abdf701bcf9a70e0677ce,137,-0.35015441049773594,0.01
2,1,all_strict,side_informed,laplace,uniform,50.0,HU_plus_surface,0.0,720abc63837a1c45a58674d554acfed0556ae646781babf1ab0907514d9f87bd,8972b647a2a1b8a2b340726832ef37556d361b48d98270a49bd09000a405b0c2,136,-0.3135899541457943,0.01
2,1,all_strict,side_informed,laplace,uniform,50.0,HU_plus_surface,0.0001,720abc63837a1c45a58674d554acfed0556ae646781babf1ab0907514d9f87bd,728ab78af2ca39cd8422d1970c8eb7e4e22d7490c71fd4731884f3e26f92f013,136,-0.3120377841039647,0.01
2,1,all_strict,side_informed,laplace,uniform,50.0,HU_plus_surface,0.001,720abc63837a1c45a58674d554acfed0556ae646781babf1ab0907514d9f87bd,f49c5d7b4c4e85509a327ad85b0a36f009c5555f4f4dd808f582e242a85a036a,136,-0.3027408370259777,0.01
2,1,all_strict,side_informed,laplace,uniform,50.0,HU_plus_surface,0.01,720abc63837a1c45a58674d554acfed0556ae646781babf1ab0907514d9f87bd,5adba6d34091c91f1ab4bfbb0337c34b1437f10ed3ec90baa6f9014bafab8ee8,136,-0.2860560752966561,0.01
2,1,all_strict,side_informed,laplace,uniform,50.0,HU_plus_surface,0.1,720abc63837a1c45a58674d554acfed0556ae646781babf1ab0907514d9f87bd,2937e1da883eb9368661cd394e2dd2b2ca2464a9fee4ac6729470fac97ecd079,136,-0.35015441049773594,0.01
2,2,all_strict,side_informed,laplace,uniform,50.0,HU_plus_surface,0.0,46b216ba26aa11acaa5d3f570ff995f2e06b4023e6af3be0a5801b3a981e0482,e64409778fcda3310f27b52e92555d5f95da7d9c10954e4721fbaf406e549fb8,139,-0.3135899541457943,0.01
2,2,all_strict,side_informed,laplace,uniform,50.0,HU_plus_surface,0.0001,46b216ba26aa11acaa5d3f570ff995f2e06b4023e6af3be0a5801b3a981e0482,0f776084d7810ed23d4183046373b7646009b6e7dd542fa21c4410b9ea3b36ac,139,-0.3120377841039647,0.01
2,2,all_strict,side_informed,laplace,uniform,50.0,HU_plus_surface,0.001,46b216ba26aa11acaa5d3f570ff995f2e06b4023e6af3be0a5801b3a981e0482,bb309052c4befe4757202719eadfcc90c22da5b1e51333e492af592535881321,139,-0.3027408370259777,0.01
2,2,all_strict,side_informed,laplace,uniform,50.0,HU_plus_surface,0.01,46b216ba26aa11acaa5d3f570ff995f2e06b4023e6af3be0a5801b3a981e0482,9cebbcc648ee9cc048dbeba87b638d287dd59595efcf05e04e5c356ae07d316f,139,-0.2860560752966561,0.01
2,2,all_strict,side_informed,laplace,uniform,50.0,HU_plus_surface,0.1,46b216ba26aa11acaa5d3f570ff995f2e06b4023e6af3be0a5801b3a981e0482,87f4889378167f89c2cf8f044787e119b34b0714f1e57b1edacb8b58c5646979,139,-0.35015441049773594,0.01
2,0,all_strict,side_informed,laplace,uniform,50.0,retention_bounded_plus_HU,0.0,6af75daa525968e68fb8d352969dddfe3b92e90b6a86578e4f8560ce19d4e895,5a41303b2f58837427b5e7dd08979f5d7c9c223af43abeb6d83b27ec31d1d19a,137,-0.3123862454982662,0.01
2,0,all_strict,side_informed,laplace,uniform,50.0,retention_bounded_plus_HU,0.0001,6af75daa525968e68fb8d352969dddfe3b92e90b6a86578e4f8560ce19d4e895,2372a562cf10a4b0a1fdc1cbd31cabbab9d3135c7bd2ed325f0d03bb6d8403d7,137,-0.3108907385444612,0.01
2,0,all_strict,side_informed,laplace,uniform,50.0,retention_bounded_plus_HU,0.001,6af75daa525968e68fb8d352969dddfe3b92e90b6a86578e4f8560ce19d4e895,5c7aea9d1394966d2a9e61b36ff3a98d8de8b3c5ba15c27c2de38993f5584e55,137,-0.30662755978688216,0.01
2,0,all_strict,side_informed,laplace,uniform,50.0,retention_bounded_plus_HU,0.01,6af75daa525968e68fb8d352969dddfe3b92e90b6a86578e4f8560ce19d4e895,45799ac905d5bb66f2d0354e5be95f74434548270a1ca4d2bb7e85f88b553cfd,137,-0.29607576401856583,0.01
2,0,all_strict,side_informed,laplace,uniform,50.0,retention_bounded_plus_HU,0.1,6af75daa525968e68fb8d352969dddfe3b92e90b6a86578e4f8560ce19d4e895,907324e33a96b2a21967fa44a1f19d70fe0a26e6032fff9b8a01ac49e4e46e60,137,-0.3173615393587261,0.01
2,1,all_strict,side_informed,laplace,uniform,50.0,retention_bounded_plus_HU,0.0,720abc63837a1c45a58674d554acfed0556ae646781babf1ab0907514d9f87bd,34ef65028bdf2531312c0c5c32393777a16f152152fadcfaeb741dd6b65f9056,136,-0.3123862454982662,0.01
2,1,all_strict,side_informed,laplace,uniform,50.0,retention_bounded_plus_HU,0.0001,720abc63837a1c45a58674d554acfed0556ae646781babf1ab0907514d9f87bd,1fa8726b425e358f0c07e38c58ec1648552b4ceda3bbbf5ad857a4e833416ef2,136,-0.3108907385444612,0.01
2,1,all_strict,side_informed,laplace,uniform,50.0,retention_bounded_plus_HU,0.001,720abc63837a1c45a58674d554acfed0556ae646781babf1ab0907514d9f87bd,ed67978c9c07ceebb5a66b2572f42ac5487dc8a0fa2e38580d934d89db186e33,136,-0.30662755978688216,0.01
2,1,all_strict,side_informed,laplace,uniform,50.0,retention_bounded_plus_HU,0.01,720abc63837a1c45a58674d554acfed0556ae646781babf1ab0907514d9f87bd,716aebacd02e2d0e52e626ed7b9c9e48cb4b5f61d603afde8933a5e68fe2d184,136,-0.29607576401856583,0.01
2,1,all_strict,side_informed,laplace,uniform,50.0,retention_bounded_plus_HU,0.1,720abc63837a1c45a58674d554acfed0556ae646781babf1ab0907514d9f87bd,a3a1ae80b37f3626a8191fd5035469ad65c6391b763bcfece99f1ec7c42d843f,136,-0.3173615393587261,0.01
2,2,all_strict,side_informed,laplace,uniform,50.0,retention_bounded_plus_HU,0.0,46b216ba26aa11acaa5d3f570ff995f2e06b4023e6af3be0a5801b3a981e0482,833e79ef68e49dbd44a088455ab0a392e4f47c365917ed8a43bc711a57d8574a,139,-0.3123862454982662,0.01
2,2,all_strict,side_informed,laplace,uniform,50.0,retention_bounded_plus_HU,0.0001,46b216ba26aa11acaa5d3f570ff995f2e06b4023e6af3be0a5801b3a981e0482,4b38e11115e30ad66d42fc94f5cae1f60c27b08e9d1a2ba598a77b1b00cd8859,139,-0.3108907385444612,0.01
2,2,all_strict,side_informed,laplace,uniform,50.0,retention_bounded_plus_HU,0.001,46b216ba26aa11acaa5d3f570ff995f2e06b4023e6af3be0a5801b3a981e0482,c0b08249f0a9afccbb4c6ab1a55c18270549bd4d0de2b013bbf4a69fbd1fb4ca,139,-0.30662755978688216,0.01
2,2,all_strict,side_informed,laplace,uniform,50.0,retention_bounded_plus_HU,0.01,46b216ba26aa11acaa5d3f570ff995f2e06b4023e6af3be0a5801b3a981e0482,43676ed24f894541a0f558d076be755eb3cb112dea358be2f6d194ddaa8293d8,139,-0.29607576401856583,0.01
2,2,all_strict,side_informed,laplace,uniform,50.0,retention_bounded_plus_HU,0.1,46b216ba26aa11acaa5d3f570ff995f2e06b4023e6af3be0a5801b3a981e0482,c5b6c8b3f0ff9b3dc2a99a61af099fb5ffd3193d1463de314e2261438a584d4e,139,-0.3173615393587261,0.01
2,0,all_strict,side_informed,gh80,uniform,50.0,HU_plus_surface,0.0,6af75daa525968e68fb8d352969dddfe3b92e90b6a86578e4f8560ce19d4e895,aaf8b848ce01aaa7e1c23f2d25a6783f9974e2f2f4af3a211a966bfff47b1404,137,-0.30892687773165667,0.01
2,0,all_strict,side_informed,gh80,uniform,50.0,HU_plus_surface,0.0001,6af75daa525968e68fb8d352969dddfe3b92e90b6a86578e4f8560ce19d4e895,a200e2f40a92ab8df315137448ab2b3fff20c6eb97b850bfabd5294cecbbb55e,137,-0.3077989584854079,0.01
2,0,all_strict,side_informed,gh80,uniform,50.0,HU_plus_surface,0.001,6af75daa525968e68fb8d352969dddfe3b92e90b6a86578e4f8560ce19d4e895,6ac4e62060b06dc260e6dfd19d520ea53cca99b26e1ffa8707b132f87517470b,137,-0.3005581205365406,0.01
2,0,all_strict,side_informed,gh80,uniform,50.0,HU_plus_surface,0.01,6af75daa525968e68fb8d352969dddfe3b92e90b6a86578e4f8560ce19d4e895,2cd16413bb05de98c246d3c8e0e3fdf33f23f9a02bd1a41077c42bc4dfcc66d4,137,-0.2870611078475277,0.01
2,0,all_strict,side_informed,gh80,uniform,50.0,HU_plus_surface,0.1,6af75daa525968e68fb8d352969dddfe3b92e90b6a86578e4f8560ce19d4e895,a7e9ac122a54ac023be8c5b7ed3139fb6ce5005e130394c9ec238f9493649055,137,-0.3526827113021292,0.01
2,1,all_strict,side_informed,gh80,uniform,50.0,HU_plus_surface,0.0,720abc63837a1c45a58674d554acfed0556ae646781babf1ab0907514d9f87bd,f8b083290d7a1cbaefd40cbe4621fbff123c41aaa2f65c88b230b4a22b034e90,136,-0.30892687773165667,0.01
2,1,all_strict,side_informed,gh80,uniform,50.0,HU_plus_surface,0.0001,720abc63837a1c45a58674d554acfed0556ae646781babf1ab0907514d9f87bd,30f2a9ea75b60b5409d2bae9e54bc65faee66edf2a63d0ecf3bd5107676dcfd9,136,-0.3077989584854079,0.01
2,1,all_strict,side_informed,gh80,uniform,50.0,HU_plus_surface,0.001,720abc63837a1c45a58674d554acfed0556ae646781babf1ab0907514d9f87bd,d5256cae0647dc07de7847b441526082a3c0751596b2d5a2f7af328529bea3a9,136,-0.3005581205365406,0.01
2,1,all_strict,side_informed,gh80,uniform,50.0,HU_plus_surface,0.01,720abc63837a1c45a58674d554acfed0556ae646781babf1ab0907514d9f87bd,08acdb2a0556a6c9055f6d4d1c8a708cca9d98387edbbfca2a2f6b785a2b45f2,136,-0.2870611078475277,0.01
2,1,all_strict,side_informed,gh80,uniform,50.0,HU_plus_surface,0.1,720abc63837a1c45a58674d554acfed0556ae646781babf1ab0907514d9f87bd,e80bd0c6d6fd97ed3d32120cc5a3caf9fac46807fe69d238f638cbbbd53d50ac,136,-0.3526827113021292,0.01
2,2,all_strict,side_informed,gh80,uniform,50.0,HU_plus_surface,0.0,46b216ba26aa11acaa5d3f570ff995f2e06b4023e6af3be0a5801b3a981e0482,20376fe4b771af71f282856667e439b79ac7f4e1987895dac8323f7adcc2ef56,139,-0.30892687773165667,0.01
2,2,all_strict,side_informed,gh80,uniform,50.0,HU_plus_surface,0.0001,46b216ba26aa11acaa5d3f570ff995f2e06b4023e6af3be0a5801b3a981e0482,39ce2f4fcd9c73af33455ec93288ad115a6c35e1023a5553b9b8e900a5f9d9e8,139,-0.3077989584854079,0.01
2,2,all_strict,side_informed,gh80,uniform,50.0,HU_plus_surface,0.001,46b216ba26aa11acaa5d3f570ff995f2e06b4023e6af3be0a5801b3a981e0482,a6a78dc11c5540785dbada19e79c0678c8ec51ed3ae077d0795c38a004e8c6c7,139,-0.3005581205365406,0.01
2,2,all_strict,side_informed,gh80,uniform,50.0,HU_plus_surface,0.01,46b216ba26aa11acaa5d3f570ff995f2e06b4023e6af3be0a5801b3a981e0482,2bb2dd5fe68a6b9bbd22871fa7039d606b67d3dbe219b0f289d42602722e1ff7,139,-0.2870611078475277,0.01
2,2,all_strict,side_informed,gh80,uniform,50.0,HU_plus_surface,0.1,46b216ba26aa11acaa5d3f570ff995f2e06b4023e6af3be0a5801b3a981e0482,0f034d8643267b25ce08f163b78c512146414555c56b43221c15bb72b7be5286,139,-0.3526827113021292,0.01
2,0,all_strict,side_informed,gh80,uniform,50.0,retention_bounded_plus_HU,0.0,6af75daa525968e68fb8d352969dddfe3b92e90b6a86578e4f8560ce19d4e895,c9af48e8d3effc74ba47816c6834eb01f26ca4812ca79f496b2169d2c8acc418,137,-0.32058010256384245,0.01
2,0,all_strict,side_informed,gh80,uniform,50.0,retention_bounded_plus_HU,0.0001,6af75daa525968e68fb8d352969dddfe3b92e90b6a86578e4f8560ce19d4e895,3353b8edc83a031ff37773c2aff4b35345e6fe318e3bce308e709abfa8bc5295,137,-0.3194908886782039,0.01
2,0,all_strict,side_informed,gh80,uniform,50.0,retention_bounded_plus_HU,0.001,6af75daa525968e68fb8d352969dddfe3b92e90b6a86578e4f8560ce19d4e895,e29ef95aa4e72a312640199d9821a0bc65ad9fb8b0e04d2efe01c6da5603fa94,137,-0.3202999452221318,0.01
2,0,all_strict,side_informed,gh80,uniform,50.0,retention_bounded_plus_HU,0.01,6af75daa525968e68fb8d352969dddfe3b92e90b6a86578e4f8560ce19d4e895,8f70705540433f94786632671f55976bec82581f5a320db8be508fefb307341f,137,-0.30816626345563003,0.01
2,0,all_strict,side_informed,gh80,uniform,50.0,retention_bounded_plus_HU,0.1,6af75daa525968e68fb8d352969dddfe3b92e90b6a86578e4f8560ce19d4e895,13d4020ddba8c0bb4b0a7ab42749c57c8bd76a41b25ccc702c043f7eb0b4459b,137,-0.3237890401185154,0.01
2,1,all_strict,side_informed,gh80,uniform,50.0,retention_bounded_plus_HU,0.0,720abc63837a1c45a58674d554acfed0556ae646781babf1ab0907514d9f87bd,e4bb305592b928c52bafb70046f7f471ff7017159719e66469157986579d317c,136,-0.32058010256384245,0.01
2,1,all_strict,side_informed,gh80,uniform,50.0,retention_bounded_plus_HU,0.0001,720abc63837a1c45a58674d554acfed0556ae646781babf1ab0907514d9f87bd,60c0f700655e9c25ab931f891f2cc6b08018dc77e918502344b616f0f5bc39fa,136,-0.3194908886782039,0.01
2,1,all_strict,side_informed,gh80,uniform,50.0,retention_bounded_plus_HU,0.001,720abc63837a1c45a58674d554acfed0556ae646781babf1ab0907514d9f87bd,0678cdd954d7e0a48a75f3f1e0cb60d034535c8a760dd6d589b9b2a612b897d8,136,-0.3202999452221318,0.01
2,1,all_strict,side_informed,gh80,uniform,50.0,retention_bounded_plus_HU,0.01,720abc63837a1c45a58674d554acfed0556ae646781babf1ab0907514d9f87bd,de022d04f4b1dbc17dc89d3e2c01cce487bb70c157d79d51dabf8da831e81dc6,136,-0.30816626345563003,0.01
2,1,all_strict,side_informed,gh80,uniform,50.0,retention_bounded_plus_HU,0.1,720abc63837a1c45a58674d554acfed0556ae646781babf1ab0907514d9f87bd,db09c44d6f3b677957cdb65fc6d0f85102f1027b18b2693ef428f31d5df7c5c4,136,-0.3237890401185154,0.01
2,2,all_strict,side_informed,gh80,uniform,50.0,retention_bounded_plus_HU,0.0,46b216ba26aa11acaa5d3f570ff995f2e06b4023e6af3be0a5801b3a981e0482,ea22850248e4b9b42f29c79ba0f56c890a281e02f7e1cedc286223f2c812a763,139,-0.32058010256384245,0.01
2,2,all_strict,side_informed,gh80,uniform,50.0,retention_bounded_plus_HU,0.0001,46b216ba26aa11acaa5d3f570ff995f2e06b4023e6af3be0a5801b3a981e0482,8c28969c6bfe9fd2b11ffcbe21a41392b4b243e183fc6143dd870a2a777f0798,139,-0.3194908886782039,0.01
2,2,all_strict,side_informed,gh80,uniform,50.0,retention_bounded_plus_HU,0.001,46b216ba26aa11acaa5d3f570ff995f2e06b4023e6af3be0a5801b3a981e0482,775b4255395e2349d20463f0a7e8084ad703b0fb5b58553b078ce9ea6ab07f0f,139,-0.3202999452221318,0.01
2,2,all_strict,side_informed,gh80,uniform,50.0,retention_bounded_plus_HU,0.01,46b216ba26aa11acaa5d3f570ff995f2e06b4023e6af3be0a5801b3a981e0482,41e5ba6e862b4b90acac9de5476bebf39bd2a551936d0ee08b5cc2473c2b1420,139,-0.30816626345563003,0.01
2,2,all_strict,side_informed,gh80,uniform,50.0,retention_bounded_plus_HU,0.1,46b216ba26aa11acaa5d3f570ff995f2e06b4023e6af3be0a5801b3a981e0482,bb7fa393aee3b058325755605128f62a90e97c56d18c4537564086ea03f4808f,139,-0.3237890401185154,0.01
2,0,all_strict,wholly_unseen,laplace,uniform,50.0,retention_bounded,0.0,6af75daa525968e68fb8d352969dddfe3b92e90b6a86578e4f8560ce19d4e895,a634a05f7b3db70919de255a1b969325e25ef94fb5a57b71200a0f5631f9f3c9,137,-0.6505542457965137,0.01
2,0,all_strict,wholly_unseen,laplace,uniform,50.0,retention_bounded,0.0001,6af75daa525968e68fb8d352969dddfe3b92e90b6a86578e4f8560ce19d4e895,af5ec4f491b0ba5314079fc5395c8852099f1986454fd5d435a5233cab74940d,137,-0.6494135167534669,0.01
2,0,all_strict,wholly_unseen,laplace,uniform,50.0,retention_bounded,0.001,6af75daa525968e68fb8d352969dddfe3b92e90b6a86578e4f8560ce19d4e895,285fd2519cf2b1d56aaeab39a372c3bcfd1da889bffb72f11333b08b58479beb,137,-0.6413470913452692,0.01
2,0,all_strict,wholly_unseen,laplace,uniform,50.0,retention_bounded,0.01,6af75daa525968e68fb8d352969dddfe3b92e90b6a86578e4f8560ce19d4e895,8eda46bb513c1fc2d76dc6c2b566f9fe3821d3a3d8a7184e856937aa13639f95,137,-0.6116644640465851,0.01
2,0,all_strict,wholly_unseen,laplace,uniform,50.0,retention_bounded,0.1,6af75daa525968e68fb8d352969dddfe3b92e90b6a86578e4f8560ce19d4e895,26e0a883f7c45631cbcd2898b554f6d3ed5dff52fda4a3b68a5fc25fb982f335,137,-0.6337010996734966,0.01
2,1,all_strict,wholly_unseen,laplace,uniform,50.0,retention_bounded,0.0,720abc63837a1c45a58674d554acfed0556ae646781babf1ab0907514d9f87bd,edd3bfb5ca0bc8f94c2fc054d0d3eeffd0f302a890672241482d2ff02bf801b6,136,-0.6505542457965137,0.01
2,1,all_strict,wholly_unseen,laplace,uniform,50.0,retention_bounded,0.0001,720abc63837a1c45a58674d554acfed0556ae646781babf1ab0907514d9f87bd,2ee6176e3650d1432b349262d2c6471957ff9478012123c86f7c95e98873bf73,136,-0.6494135167534669,0.01
2,1,all_strict,wholly_unseen,laplace,uniform,50.0,retention_bounded,0.001,720abc63837a1c45a58674d554acfed0556ae646781babf1ab0907514d9f87bd,ca536b17291c948dc6c5681cec93a1e2b7b3702c5b4fcb671c08178b75e48049,136,-0.6413470913452692,0.01
2,1,all_strict,wholly_unseen,laplace,uniform,50.0,retention_bounded,0.01,720abc63837a1c45a58674d554acfed0556ae646781babf1ab0907514d9f87bd,fb9dc7fad577bfe9f32df287c9dd38a200c0c3e8a9cac019c106ba6935ee392b,136,-0.6116644640465851,0.01
2,1,all_strict,wholly_unseen,laplace,uniform,50.0,retention_bounded,0.1,720abc63837a1c45a58674d554acfed0556ae646781babf1ab0907514d9f87bd,e51aff2c13353029b79a4657563cd1230408ab7a5f43d7f003efc5c612dfca24,136,-0.6337010996734966,0.01
2,2,all_strict,wholly_unseen,laplace,uniform,50.0,retention_bounded,0.0,46b216ba26aa11acaa5d3f570ff995f2e06b4023e6af3be0a5801b3a981e0482,5dd7d82a749ff6e6551559e7847a8a380d9866fcd9cc1f5d858d5da2c794e59f,139,-0.6505542457965137,0.01
2,2,all_strict,wholly_unseen,laplace,uniform,50.0,retention_bounded,0.0001,46b216ba26aa11acaa5d3f570ff995f2e06b4023e6af3be0a5801b3a981e0482,a6ca21f0d41a38ad00847e38094be786ecc836f7843054a913bc2ca786a1b5ad,139,-0.6494135167534669,0.01
2,2,all_strict,wholly_unseen,laplace,uniform,50.0,retention_bounded,0.001,46b216ba26aa11acaa5d3f570ff995f2e06b4023e6af3be0a5801b3a981e0482,92b422973fe2afd40f2b27e63d6fe1a9dc45083b55d37be4d4d842da31ed371f,139,-0.6413470913452692,0.01
2,2,all_strict,wholly_unseen,laplace,uniform,50.0,retention_bounded,0.01,46b216ba26aa11acaa5d3f570ff995f2e06b4023e6af3be0a5801b3a981e0482,a08910dddef064247dae719bf1ad13c0d956ca398aa44d969f01ed4cbb610dd1,139,-0.6116644640465851,0.01
2,2,all_strict,wholly_unseen,laplace,uniform,50.0,retention_bounded,0.1,46b216ba26aa11acaa5d3f570ff995f2e06b4023e6af3be0a5801b3a981e0482,55bf83ad89b7783640f519eca75fde1c987c2ca100dca6dca91120d7b683d979,139,-0.6337010996734966,0.01
2,0,all_strict,wholly_unseen,laplace,uniform,50.0,retention_nonnegative,0.0,6af75daa525968e68fb8d352969dddfe3b92e90b6a86578e4f8560ce19d4e895,eceb5db632c46269dba440aa3a2bf0868d46a3f3e7a8047efffccf82ca78060c,137,-0.6505542458601955,0.01
2,0,all_strict,wholly_unseen,laplace,uniform,50.0,retention_nonnegative,0.0001,6af75daa525968e68fb8d352969dddfe3b92e90b6a86578e4f8560ce19d4e895,0c17e7565a4781bfd679e1c5f70047d3293573d039802623bd76da9e022e5e71,137,-0.6483401354474784,0.01
2,0,all_strict,wholly_unseen,laplace,uniform,50.0,retention_nonnegative,0.001,6af75daa525968e68fb8d352969dddfe3b92e90b6a86578e4f8560ce19d4e895,6ca19d33da72ce9da231d50028457b7e40b87e81d9bc976e610df92b7331cab7,137,-0.6355618927382881,0.01
2,0,all_strict,wholly_unseen,laplace,uniform,50.0,retention_nonnegative,0.01,6af75daa525968e68fb8d352969dddfe3b92e90b6a86578e4f8560ce19d4e895,e032a3cac18901b40f115626f10343b01ead5de0ce9a6fe36a3aede5b7e62fe4,137,-0.627094120225971,0.01
2,0,all_strict,wholly_unseen,laplace,uniform,50.0,retention_nonnegative,0.1,6af75daa525968e68fb8d352969dddfe3b92e90b6a86578e4f8560ce19d4e895,d6539d5dbda06b40dbcff6942f5669a5aec09fd0f366eb10386b874816dd3d35,137,-0.7023444551448451,0.01
2,1,all_strict,wholly_unseen,laplace,uniform,50.0,retention_nonnegative,0.0,720abc63837a1c45a58674d554acfed0556ae646781babf1ab0907514d9f87bd,a289d267417fd49db6fffb18c02766a3219ec31ac2f5687d33735636b326264a,136,-0.6505542458601955,0.01
2,1,all_strict,wholly_unseen,laplace,uniform,50.0,retention_nonnegative,0.0001,720abc63837a1c45a58674d554acfed0556ae646781babf1ab0907514d9f87bd,595caf3ff813433dfd3592cf52531e9b859d03aa7e16a8e66ee1b520d1641a17,136,-0.6483401354474784,0.01
2,1,all_strict,wholly_unseen,laplace,uniform,50.0,retention_nonnegative,0.001,720abc63837a1c45a58674d554acfed0556ae646781babf1ab0907514d9f87bd,fdcfd6d9330564bee1a5ff572b1653aa8b0f6f061400c331b0cd9045744a11e9,136,-0.6355618927382881,0.01
2,1,all_strict,wholly_unseen,laplace,uniform,50.0,retention_nonnegative,0.01,720abc63837a1c45a58674d554acfed0556ae646781babf1ab0907514d9f87bd,0f2db79cc2af5a3b46957077a905592ba0b1bb4456e7c69924b4160bb1293b9a,136,-0.627094120225971,0.01
2,1,all_strict,wholly_unseen,laplace,uniform,50.0,retention_nonnegative,0.1,720abc63837a1c45a58674d554acfed0556ae646781babf1ab0907514d9f87bd,9abc4c896f32f4f50bbd762066edf2ef2b2e298e095dfbe62ddafc88d3f77064,136,-0.7023444551448451,0.01
2,2,all_strict,wholly_unseen,laplace,uniform,50.0,retention_nonnegative,0.0,46b216ba26aa11acaa5d3f570ff995f2e06b4023e6af3be0a5801b3a981e0482,7c0f77796da75cf42114bbea07f4f13efcb649824c68b5b38699cb65bc1fc1f8,139,-0.6505542458601955,0.01
2,2,all_strict,wholly_unseen,laplace,uniform,50.0,retention_nonnegative,0.0001,46b216ba26aa11acaa5d3f570ff995f2e06b4023e6af3be0a5801b3a981e0482,b5800e684afe874e68bec4fe9996f7bdf7f66993d193147b91601ae6031e1fb2,139,-0.6483401354474784,0.01
2,2,all_strict,wholly_unseen,laplace,uniform,50.0,retention_nonnegative,0.001,46b216ba26aa11acaa5d3f570ff995f2e06b4023e6af3be0a5801b3a981e0482,ba5262f1d72ca845e9170dfcead2a43a5715eae25a9d909163976818e2f70628,139,-0.6355618927382881,0.01
2,2,all_strict,wholly_unseen,laplace,uniform,50.0,retention_nonnegative,0.01,46b216ba26aa11acaa5d3f570ff995f2e06b4023e6af3be0a5801b3a981e0482,732a6c97120368be052adbde491810abdfc0d4b694fb2307d6e0ae6c48420797,139,-0.627094120225971,0.01
2,2,all_strict,wholly_unseen,laplace,uniform,50.0,retention_nonnegative,0.1,46b216ba26aa11acaa5d3f570ff995f2e06b4023e6af3be0a5801b3a981e0482,4cf52c5865c90098f99c0b19be4197bb19bda167287af490c1dfc6a72634a4e3,139,-0.7023444551448451,0.01
2,0,all_strict,wholly_unseen,laplace,uniform,50.0,current_only,0.0,6af75daa525968e68fb8d352969dddfe3b92e90b6a86578e4f8560ce19d4e895,58ac8f606bb211a3b2caee410e2b676ac57a795668432d3ce71618190dd2cf95,137,-0.855756289083255,0.01
2,0,all_strict,wholly_unseen,laplace,uniform,50.0,current_only,0.0001,6af75daa525968e68fb8d352969dddfe3b92e90b6a86578e4f8560ce19d4e895,95dae3dea8aa932da473af265f3941665380487f01d71be0e894664c56598b96,137,-0.8556116100445441,0.01
2,0,all_strict,wholly_unseen,laplace,uniform,50.0,current_only,0.001,6af75daa525968e68fb8d352969dddfe3b92e90b6a86578e4f8560ce19d4e895,e4169a7a5d80c33c4d6b63fe10eb06032708fac9bce8202916b02ab8bf99f633,137,-0.8543677745516879,0.01
2,0,all_strict,wholly_unseen,laplace,uniform,50.0,current_only,0.01,6af75daa525968e68fb8d352969dddfe3b92e90b6a86578e4f8560ce19d4e895,7a264b67776c9bed80b3d74ee8f8f847bc6e5678fbd449254620f4225e7c840d,137,-0.846124549845158,0.01
2,0,all_strict,wholly_unseen,laplace,uniform,50.0,current_only,0.1,6af75daa525968e68fb8d352969dddfe3b92e90b6a86578e4f8560ce19d4e895,ffbfdb4dd038e50c4fdbd5602ce981a25b22ceb7222fbb7d9c38604c5b1b9e58,137,-0.8573679703113068,0.01
2,1,all_strict,wholly_unseen,laplace,uniform,50.0,current_only,0.0,720abc63837a1c45a58674d554acfed0556ae646781babf1ab0907514d9f87bd,a070e4b3f39a201a480464e5f39253050c538bac60975999b37f59e7f0fce8ca,136,-0.855756289083255,0.01
2,1,all_strict,wholly_unseen,laplace,uniform,50.0,current_only,0.0001,720abc63837a1c45a58674d554acfed0556ae646781babf1ab0907514d9f87bd,a61d40ae3133173e521ff4c838dc1f193bc26872efa3a4f0f3301a1f55a63d2f,136,-0.8556116100445441,0.01
2,1,all_strict,wholly_unseen,laplace,uniform,50.0,current_only,0.001,720abc63837a1c45a58674d554acfed0556ae646781babf1ab0907514d9f87bd,aa07cd000f30d750121188f0138495a62ae5b1fd6cded052b7c2418dc298c085,136,-0.8543677745516879,0.01
2,1,all_strict,wholly_unseen,laplace,uniform,50.0,current_only,0.01,720abc63837a1c45a58674d554acfed0556ae646781babf1ab0907514d9f87bd,78c95d140debcee3dd97e45ec3fe9da45c317a8d794af12c25c086b2f79c9b1b,136,-0.846124549845158,0.01
2,1,all_strict,wholly_unseen,laplace,uniform,50.0,current_only,0.1,720abc63837a1c45a58674d554acfed0556ae646781babf1ab0907514d9f87bd,0cc6378626583579fc5a31158a01d376b0d341a74da4d73f839651d2bc5f26b8,136,-0.8573679703113068,0.01
2,2,all_strict,wholly_unseen,laplace,uniform,50.0,current_only,0.0,46b216ba26aa11acaa5d3f570ff995f2e06b4023e6af3be0a5801b3a981e0482,d49c72e495c3f8ed87122ace3ff3254f4e21fa95d327efde56865d31e5825cc9,139,-0.855756289083255,0.01
2,2,all_strict,wholly_unseen,laplace,uniform,50.0,current_only,0.0001,46b216ba26aa11acaa5d3f570ff995f2e06b4023e6af3be0a5801b3a981e0482,2a98a6f7b834f5a7a3df051f6e836e681d46662f62cc12897b44b7a9251bc060,139,-0.8556116100445441,0.01
2,2,all_strict,wholly_unseen,laplace,uniform,50.0,current_only,0.001,46b216ba26aa11acaa5d3f570ff995f2e06b4023e6af3be0a5801b3a981e0482,22266b4670e7ff90641e3c8234923967bd99ff467ec85a7d964131db904305d1,139,-0.8543677745516879,0.01
2,2,all_strict,wholly_unseen,laplace,uniform,50.0,current_only,0.01,46b216ba26aa11acaa5d3f570ff995f2e06b4023e6af3be0a5801b3a981e0482,3022a034e2c77d248272f36a28205852a429a4bc21db15a83580d6c7172e6c0f,139,-0.846124549845158,0.01
2,2,all_strict,wholly_unseen,laplace,uniform,50.0,current_only,0.1,46b216ba26aa11acaa5d3f570ff995f2e06b4023e6af3be0a5801b3a981e0482,443ee38af6ecca492d08ae643895665a96cdc9a734d1f9941221339fca812853,139,-0.8573679703113068,0.01
2,0,all_strict,wholly_unseen,laplace,uniform,50.0,input_plus_surface,0.0,6af75daa525968e68fb8d352969dddfe3b92e90b6a86578e4f8560ce19d4e895,293ea771f1a1fb750a57c1c4d177f97b3696e852fcf5ec1f71102d68d5c8446a,137,-0.6299095453504325,0.01
2,0,all_strict,wholly_unseen,laplace,uniform,50.0,input_plus_surface,0.0001,6af75daa525968e68fb8d352969dddfe3b92e90b6a86578e4f8560ce19d4e895,c95609ec250e258bb9a7788d017047cea06efeef5796166fc50705a9e7bf667f,137,-0.6283863468068113,0.01
2,0,all_strict,wholly_unseen,laplace,uniform,50.0,input_plus_surface,0.001,6af75daa525968e68fb8d352969dddfe3b92e90b6a86578e4f8560ce19d4e895,7c0454eb8d31c186089d1e4e514065263b4d89801690f9cd1e1fc6cf80252ab1,137,-0.6181914722753896,0.01
2,0,all_strict,wholly_unseen,laplace,uniform,50.0,input_plus_surface,0.01,6af75daa525968e68fb8d352969dddfe3b92e90b6a86578e4f8560ce19d4e895,570cc0867ba6395c33c8cb646a462a2d8dcdc67da5d604a55879fdf86774159d,137,-0.5936402846472283,0.01
2,0,all_strict,wholly_unseen,laplace,uniform,50.0,input_plus_surface,0.1,6af75daa525968e68fb8d352969dddfe3b92e90b6a86578e4f8560ce19d4e895,25c1be821c080dd9d01be2fce9600cac8e2456edba0a59d36d45398b5ae0890a,137,-0.6482554815258182,0.01
2,1,all_strict,wholly_unseen,laplace,uniform,50.0,input_plus_surface,0.0,720abc63837a1c45a58674d554acfed0556ae646781babf1ab0907514d9f87bd,13d995ca6dbf0f72697acc5d5e05abe52a6372349fa75f3a7079f575ce8f216f,136,-0.6299095453504325,0.01
2,1,all_strict,wholly_unseen,laplace,uniform,50.0,input_plus_surface,0.0001,720abc63837a1c45a58674d554acfed0556ae646781babf1ab0907514d9f87bd,369a2a3649dc2fa14fe1a0d4e589996f2fa9b251533e767d7b64c3588f015468,136,-0.6283863468068113,0.01
2,1,all_strict,wholly_unseen,laplace,uniform,50.0,input_plus_surface,0.001,720abc63837a1c45a58674d554acfed0556ae646781babf1ab0907514d9f87bd,b7b5b4921a5ffa0fd1bfc7eeae14d8af26ccb5c56e9cf2b0cf3d5c0e54a74f3f,136,-0.6181914722753896,0.01
2,1,all_strict,wholly_unseen,laplace,uniform,50.0,input_plus_surface,0.01,720abc63837a1c45a58674d554acfed0556ae646781babf1ab0907514d9f87bd,02844508c00a0a3e061bebe3f64ce218e3a4d753e2681b6bea94783770f0ffc3,136,-0.5936402846472283,0.01
2,1,all_strict,wholly_unseen,laplace,uniform,50.0,input_plus_surface,0.1,720abc63837a1c45a58674d554acfed0556ae646781babf1ab0907514d9f87bd,e0ec722a6f009f9989f911254be0cc597b3566d25c9723ab5cc49aaa9f2124c8,136,-0.6482554815258182,0.01
2,2,all_strict,wholly_unseen,laplace,uniform,50.0,input_plus_surface,0.0,46b216ba26aa11acaa5d3f570ff995f2e06b4023e6af3be0a5801b3a981e0482,2ffdb96fd99e2121ab6e450665d6987ed791fe1df6187b225a30605b0a23db23,139,-0.6299095453504325,0.01
2,2,all_strict,wholly_unseen,laplace,uniform,50.0,input_plus_surface,0.0001,46b216ba26aa11acaa5d3f570ff995f2e06b4023e6af3be0a5801b3a981e0482,532d7d5bd1c305574a223b4eb0b54985e0cb37da766601d441517cd6623cade8,139,-0.6283863468068113,0.01
2,2,all_strict,wholly_unseen,laplace,uniform,50.0,input_plus_surface,0.001,46b216ba26aa11acaa5d3f570ff995f2e06b4023e6af3be0a5801b3a981e0482,4382a029a4110106e435eb56deabec066c06b52832f2ddf4526bfc7ce0ff734e,139,-0.6181914722753896,0.01
2,2,all_strict,wholly_unseen,laplace,uniform,50.0,input_plus_surface,0.01,46b216ba26aa11acaa5d3f570ff995f2e06b4023e6af3be0a5801b3a981e0482,18f20cba2bac219f69d2871e25d6d2c2e2dc71fadd791a6bd29b5427a57a9ef5,139,-0.5936402846472283,0.01
2,2,all_strict,wholly_unseen,laplace,uniform,50.0,input_plus_surface,0.1,46b216ba26aa11acaa5d3f570ff995f2e06b4023e6af3be0a5801b3a981e0482,5e59b6e472516f13ca658b22db932edecc3ad40f3a948e5e38b5074070503e4d,139,-0.6482554815258182,0.01
2,0,all_strict,wholly_unseen,laplace,uniform,50.0,HU_plus_surface,0.0,6af75daa525968e68fb8d352969dddfe3b92e90b6a86578e4f8560ce19d4e895,f53558fb48ce6d4658e719119d9e7feb035f03a1240aac4089d7217a7dbc037a,137,-0.6090082421192706,0.01
2,0,all_strict,wholly_unseen,laplace,uniform,50.0,HU_plus_surface,0.0001,6af75daa525968e68fb8d352969dddfe3b92e90b6a86578e4f8560ce19d4e895,386ccb760462259f0bdb27c23f2cedce28d95c58dc6ce48c15799b661051ee6a,137,-0.6070814908133625,0.01
2,0,all_strict,wholly_unseen,laplace,uniform,50.0,HU_plus_surface,0.001,6af75daa525968e68fb8d352969dddfe3b92e90b6a86578e4f8560ce19d4e895,7da1563f8850fb637fa3d800ae135c67491ae006f5f65f3d829fa127700e7a16,137,-0.5955452064191064,0.01
2,0,all_strict,wholly_unseen,laplace,uniform,50.0,HU_plus_surface,0.01,6af75daa525968e68fb8d352969dddfe3b92e90b6a86578e4f8560ce19d4e895,974a2a0f119a6f9802df7d8df0ba78590a3b5933eee784d80ee26da94c80adb9,137,-0.5741996900302674,0.01
2,0,all_strict,wholly_unseen,laplace,uniform,50.0,HU_plus_surface,0.1,6af75daa525968e68fb8d352969dddfe3b92e90b6a86578e4f8560ce19d4e895,f8502406f72fa8f39324da8da65f4c302e3321fd067abdf701bcf9a70e0677ce,137,-0.638951327840182,0.01
2,1,all_strict,wholly_unseen,laplace,uniform,50.0,HU_plus_surface,0.0,720abc63837a1c45a58674d554acfed0556ae646781babf1ab0907514d9f87bd,8972b647a2a1b8a2b340726832ef37556d361b48d98270a49bd09000a405b0c2,136,-0.6090082421192706,0.01
2,1,all_strict,wholly_unseen,laplace,uniform,50.0,HU_plus_surface,0.0001,720abc63837a1c45a58674d554acfed0556ae646781babf1ab0907514d9f87bd,728ab78af2ca39cd8422d1970c8eb7e4e22d7490c71fd4731884f3e26f92f013,136,-0.6070814908133625,0.01
2,1,all_strict,wholly_unseen,laplace,uniform,50.0,HU_plus_surface,0.001,720abc63837a1c45a58674d554acfed0556ae646781babf1ab0907514d9f87bd,f49c5d7b4c4e85509a327ad85b0a36f009c5555f4f4dd808f582e242a85a036a,136,-0.5955452064191064,0.01
2,1,all_strict,wholly_unseen,laplace,uniform,50.0,HU_plus_surface,0.01,720abc63837a1c45a58674d554acfed0556ae646781babf1ab0907514d9f87bd,5adba6d34091c91f1ab4bfbb0337c34b1437f10ed3ec90baa6f9014bafab8ee8,136,-0.5741996900302674,0.01
2,1,all_strict,wholly_unseen,laplace,uniform,50.0,HU_plus_surface,0.1,720abc63837a1c45a58674d554acfed0556ae646781babf1ab0907514d9f87bd,2937e1da883eb9368661cd394e2dd2b2ca2464a9fee4ac6729470fac97ecd079,136,-0.638951327840182,0.01
2,2,all_strict,wholly_unseen,laplace,uniform,50.0,HU_plus_surface,0.0,46b216ba26aa11acaa5d3f570ff995f2e06b4023e6af3be0a5801b3a981e0482,e64409778fcda3310f27b52e92555d5f95da7d9c10954e4721fbaf406e549fb8,139,-0.6090082421192706,0.01
2,2,all_strict,wholly_unseen,laplace,uniform,50.0,HU_plus_surface,0.0001,46b216ba26aa11acaa5d3f570ff995f2e06b4023e6af3be0a5801b3a981e0482,0f776084d7810ed23d4183046373b7646009b6e7dd542fa21c4410b9ea3b36ac,139,-0.6070814908133625,0.01
2,2,all_strict,wholly_unseen,laplace,uniform,50.0,HU_plus_surface,0.001,46b216ba26aa11acaa5d3f570ff995f2e06b4023e6af3be0a5801b3a981e0482,bb309052c4befe4757202719eadfcc90c22da5b1e51333e492af592535881321,139,-0.5955452064191064,0.01
2,2,all_strict,wholly_unseen,laplace,uniform,50.0,HU_plus_surface,0.01,46b216ba26aa11acaa5d3f570ff995f2e06b4023e6af3be0a5801b3a981e0482,9cebbcc648ee9cc048dbeba87b638d287dd59595efcf05e04e5c356ae07d316f,139,-0.5741996900302674,0.01
2,2,all_strict,wholly_unseen,laplace,uniform,50.0,HU_plus_surface,0.1,46b216ba26aa11acaa5d3f570ff995f2e06b4023e6af3be0a5801b3a981e0482,87f4889378167f89c2cf8f044787e119b34b0714f1e57b1edacb8b58c5646979,139,-0.638951327840182,0.01
2,0,all_strict,wholly_unseen,laplace,uniform,50.0,retention_bounded_plus_HU,0.0,6af75daa525968e68fb8d352969dddfe3b92e90b6a86578e4f8560ce19d4e895,5a41303b2f58837427b5e7dd08979f5d7c9c223af43abeb6d83b27ec31d1d19a,137,-0.6033887255103448,0.01
2,0,all_strict,wholly_unseen,laplace,uniform,50.0,retention_bounded_plus_HU,0.0001,6af75daa525968e68fb8d352969dddfe3b92e90b6a86578e4f8560ce19d4e895,2372a562cf10a4b0a1fdc1cbd31cabbab9d3135c7bd2ed325f0d03bb6d8403d7,137,-0.6008808575509293,0.01
2,0,all_strict,wholly_unseen,laplace,uniform,50.0,retention_bounded_plus_HU,0.001,6af75daa525968e68fb8d352969dddfe3b92e90b6a86578e4f8560ce19d4e895,5c7aea9d1394966d2a9e61b36ff3a98d8de8b3c5ba15c27c2de38993f5584e55,137,-0.5925286777511527,0.01
2,0,all_strict,wholly_unseen,laplace,uniform,50.0,retention_bounded_plus_HU,0.01,6af75daa525968e68fb8d352969dddfe3b92e90b6a86578e4f8560ce19d4e895,45799ac905d5bb66f2d0354e5be95f74434548270a1ca4d2bb7e85f88b553cfd,137,-0.5790359501321158,0.01
2,0,all_strict,wholly_unseen,laplace,uniform,50.0,retention_bounded_plus_HU,0.1,6af75daa525968e68fb8d352969dddfe3b92e90b6a86578e4f8560ce19d4e895,907324e33a96b2a21967fa44a1f19d70fe0a26e6032fff9b8a01ac49e4e46e60,137,-0.6012470897696367,0.01
2,1,all_strict,wholly_unseen,laplace,uniform,50.0,retention_bounded_plus_HU,0.0,720abc63837a1c45a58674d554acfed0556ae646781babf1ab0907514d9f87bd,34ef65028bdf2531312c0c5c32393777a16f152152fadcfaeb741dd6b65f9056,136,-0.6033887255103448,0.01
2,1,all_strict,wholly_unseen,laplace,uniform,50.0,retention_bounded_plus_HU,0.0001,720abc63837a1c45a58674d554acfed0556ae646781babf1ab0907514d9f87bd,1fa8726b425e358f0c07e38c58ec1648552b4ceda3bbbf5ad857a4e833416ef2,136,-0.6008808575509293,0.01
2,1,all_strict,wholly_unseen,laplace,uniform,50.0,retention_bounded_plus_HU,0.001,720abc63837a1c45a58674d554acfed0556ae646781babf1ab0907514d9f87bd,ed67978c9c07ceebb5a66b2572f42ac5487dc8a0fa2e38580d934d89db186e33,136,-0.5925286777511527,0.01
2,1,all_strict,wholly_unseen,laplace,uniform,50.0,retention_bounded_plus_HU,0.01,720abc63837a1c45a58674d554acfed0556ae646781babf1ab0907514d9f87bd,716aebacd02e2d0e52e626ed7b9c9e48cb4b5f61d603afde8933a5e68fe2d184,136,-0.5790359501321158,0.01
2,1,all_strict,wholly_unseen,laplace,uniform,50.0,retention_bounded_plus_HU,0.1,720abc63837a1c45a58674d554acfed0556ae646781babf1ab0907514d9f87bd,a3a1ae80b37f3626a8191fd5035469ad65c6391b763bcfece99f1ec7c42d843f,136,-0.6012470897696367,0.01
2,2,all_strict,wholly_unseen,laplace,uniform,50.0,retention_bounded_plus_HU,0.0,46b216ba26aa11acaa5d3f570ff995f2e06b4023e6af3be0a5801b3a981e0482,833e79ef68e49dbd44a088455ab0a392e4f47c365917ed8a43bc711a57d8574a,139,-0.6033887255103448,0.01
2,2,all_strict,wholly_unseen,laplace,uniform,50.0,retention_bounded_plus_HU,0.0001,46b216ba26aa11acaa5d3f570ff995f2e06b4023e6af3be0a5801b3a981e0482,4b38e11115e30ad66d42fc94f5cae1f60c27b08e9d1a2ba598a77b1b00cd8859,139,-0.6008808575509293,0.01
2,2,all_strict,wholly_unseen,laplace,uniform,50.0,retention_bounded_plus_HU,0.001,46b216ba26aa11acaa5d3f570ff995f2e06b4023e6af3be0a5801b3a981e0482,c0b08249f0a9afccbb4c6ab1a55c18270549bd4d0de2b013bbf4a69fbd1fb4ca,139,-0.5925286777511527,0.01
2,2,all_strict,wholly_unseen,laplace,uniform,50.0,retention_bounded_plus_HU,0.01,46b216ba26aa11acaa5d3f570ff995f2e06b4023e6af3be0a5801b3a981e0482,43676ed24f894541a0f558d076be755eb3cb112dea358be2f6d194ddaa8293d8,139,-0.5790359501321158,0.01
2,2,all_strict,wholly_unseen,laplace,uniform,50.0,retention_bounded_plus_HU,0.1,46b216ba26aa11acaa5d3f570ff995f2e06b4023e6af3be0a5801b3a981e0482,c5b6c8b3f0ff9b3dc2a99a61af099fb5ffd3193d1463de314e2261438a584d4e,139,-0.6012470897696367,0.01
2,0,all_strict,wholly_unseen,gh80,uniform,50.0,HU_plus_surface,0.0,6af75daa525968e68fb8d352969dddfe3b92e90b6a86578e4f8560ce19d4e895,aaf8b848ce01aaa7e1c23f2d25a6783f9974e2f2f4af3a211a966bfff47b1404,137,-0.5891476733758675,0.01
2,0,all_strict,wholly_unseen,gh80,uniform,50.0,HU_plus_surface,0.0001,6af75daa525968e68fb8d352969dddfe3b92e90b6a86578e4f8560ce19d4e895,a200e2f40a92ab8df315137448ab2b3fff20c6eb97b850bfabd5294cecbbb55e,137,-0.5878520221655835,0.01
2,0,all_strict,wholly_unseen,gh80,uniform,50.0,HU_plus_surface,0.001,6af75daa525968e68fb8d352969dddfe3b92e90b6a86578e4f8560ce19d4e895,6ac4e62060b06dc260e6dfd19d520ea53cca99b26e1ffa8707b132f87517470b,137,-0.5797299019497554,0.01
2,0,all_strict,wholly_unseen,gh80,uniform,50.0,HU_plus_surface,0.01,6af75daa525968e68fb8d352969dddfe3b92e90b6a86578e4f8560ce19d4e895,2cd16413bb05de98c246d3c8e0e3fdf33f23f9a02bd1a41077c42bc4dfcc66d4,137,-0.5662375746293442,0.01
2,0,all_strict,wholly_unseen,gh80,uniform,50.0,HU_plus_surface,0.1,6af75daa525968e68fb8d352969dddfe3b92e90b6a86578e4f8560ce19d4e895,a7e9ac122a54ac023be8c5b7ed3139fb6ce5005e130394c9ec238f9493649055,137,-0.638409248633789,0.01
2,1,all_strict,wholly_unseen,gh80,uniform,50.0,HU_plus_surface,0.0,720abc63837a1c45a58674d554acfed0556ae646781babf1ab0907514d9f87bd,f8b083290d7a1cbaefd40cbe4621fbff123c41aaa2f65c88b230b4a22b034e90,136,-0.5891476733758675,0.01
2,1,all_strict,wholly_unseen,gh80,uniform,50.0,HU_plus_surface,0.0001,720abc63837a1c45a58674d554acfed0556ae646781babf1ab0907514d9f87bd,30f2a9ea75b60b5409d2bae9e54bc65faee66edf2a63d0ecf3bd5107676dcfd9,136,-0.5878520221655835,0.01
2,1,all_strict,wholly_unseen,gh80,uniform,50.0,HU_plus_surface,0.001,720abc63837a1c45a58674d554acfed0556ae646781babf1ab0907514d9f87bd,d5256cae0647dc07de7847b441526082a3c0751596b2d5a2f7af328529bea3a9,136,-0.5797299019497554,0.01
2,1,all_strict,wholly_unseen,gh80,uniform,50.0,HU_plus_surface,0.01,720abc63837a1c45a58674d554acfed0556ae646781babf1ab0907514d9f87bd,08acdb2a0556a6c9055f6d4d1c8a708cca9d98387edbbfca2a2f6b785a2b45f2,136,-0.5662375746293442,0.01
2,1,all_strict,wholly_unseen,gh80,uniform,50.0,HU_plus_surface,0.1,720abc63837a1c45a58674d554acfed0556ae646781babf1ab0907514d9f87bd,e80bd0c6d6fd97ed3d32120cc5a3caf9fac46807fe69d238f638cbbbd53d50ac,136,-0.638409248633789,0.01
2,2,all_strict,wholly_unseen,gh80,uniform,50.0,HU_plus_surface,0.0,46b216ba26aa11acaa5d3f570ff995f2e06b4023e6af3be0a5801b3a981e0482,20376fe4b771af71f282856667e439b79ac7f4e1987895dac8323f7adcc2ef56,139,-0.5891476733758675,0.01
2,2,all_strict,wholly_unseen,gh80,uniform,50.0,HU_plus_surface,0.0001,46b216ba26aa11acaa5d3f570ff995f2e06b4023e6af3be0a5801b3a981e0482,39ce2f4fcd9c73af33455ec93288ad115a6c35e1023a5553b9b8e900a5f9d9e8,139,-0.5878520221655835,0.01
2,2,all_strict,wholly_unseen,gh80,uniform,50.0,HU_plus_surface,0.001,46b216ba26aa11acaa5d3f570ff995f2e06b4023e6af3be0a5801b3a981e0482,a6a78dc11c5540785dbada19e79c0678c8ec51ed3ae077d0795c38a004e8c6c7,139,-0.5797299019497554,0.01
2,2,all_strict,wholly_unseen,gh80,uniform,50.0,HU_plus_surface,0.01,46b216ba26aa11acaa5d3f570ff995f2e06b4023e6af3be0a5801b3a981e0482,2bb2dd5fe68a6b9bbd22871fa7039d606b67d3dbe219b0f289d42602722e1ff7,139,-0.5662375746293442,0.01
2,2,all_strict,wholly_unseen,gh80,uniform,50.0,HU_plus_surface,0.1,46b216ba26aa11acaa5d3f570ff995f2e06b4023e6af3be0a5801b3a981e0482,0f034d8643267b25ce08f163b78c512146414555c56b43221c15bb72b7be5286,139,-0.638409248633789,0.01
2,0,all_strict,wholly_unseen,gh80,uniform,50.0,retention_bounded_plus_HU,0.0,6af75daa525968e68fb8d352969dddfe3b92e90b6a86578e4f8560ce19d4e895,c9af48e8d3effc74ba47816c6834eb01f26ca4812ca79f496b2169d2c8acc418,137,-0.5960381541516038,0.01
2,0,all_strict,wholly_unseen,gh80,uniform,50.0,retention_bounded_plus_HU,0.0001,6af75daa525968e68fb8d352969dddfe3b92e90b6a86578e4f8560ce19d4e895,3353b8edc83a031ff37773c2aff4b35345e6fe318e3bce308e709abfa8bc5295,137,-0.5951966750633766,0.01
2,0,all_strict,wholly_unseen,gh80,uniform,50.0,retention_bounded_plus_HU,0.001,6af75daa525968e68fb8d352969dddfe3b92e90b6a86578e4f8560ce19d4e895,e29ef95aa4e72a312640199d9821a0bc65ad9fb8b0e04d2efe01c6da5603fa94,137,-0.5956657265966364,0.01
2,0,all_strict,wholly_unseen,gh80,uniform,50.0,retention_bounded_plus_HU,0.01,6af75daa525968e68fb8d352969dddfe3b92e90b6a86578e4f8560ce19d4e895,8f70705540433f94786632671f55976bec82581f5a320db8be508fefb307341f,137,-0.58559022768462,0.01
2,0,all_strict,wholly_unseen,gh80,uniform,50.0,retention_bounded_plus_HU,0.1,6af75daa525968e68fb8d352969dddfe3b92e90b6a86578e4f8560ce19d4e895,13d4020ddba8c0bb4b0a7ab42749c57c8bd76a41b25ccc702c043f7eb0b4459b,137,-0.6049615586278284,0.01
2,1,all_strict,wholly_unseen,gh80,uniform,50.0,retention_bounded_plus_HU,0.0,720abc63837a1c45a58674d554acfed0556ae646781babf1ab0907514d9f87bd,e4bb305592b928c52bafb70046f7f471ff7017159719e66469157986579d317c,136,-0.5960381541516038,0.01
2,1,all_strict,wholly_unseen,gh80,uniform,50.0,retention_bounded_plus_HU,0.0001,720abc63837a1c45a58674d554acfed0556ae646781babf1ab0907514d9f87bd,60c0f700655e9c25ab931f891f2cc6b08018dc77e918502344b616f0f5bc39fa,136,-0.5951966750633766,0.01
2,1,all_strict,wholly_unseen,gh80,uniform,50.0,retention_bounded_plus_HU,0.001,720abc63837a1c45a58674d554acfed0556ae646781babf1ab0907514d9f87bd,0678cdd954d7e0a48a75f3f1e0cb60d034535c8a760dd6d589b9b2a612b897d8,136,-0.5956657265966364,0.01
2,1,all_strict,wholly_unseen,gh80,uniform,50.0,retention_bounded_plus_HU,0.01,720abc63837a1c45a58674d554acfed0556ae646781babf1ab0907514d9f87bd,de022d04f4b1dbc17dc89d3e2c01cce487bb70c157d79d51dabf8da831e81dc6,136,-0.58559022768462,0.01
2,1,all_strict,wholly_unseen,gh80,uniform,50.0,retention_bounded_plus_HU,0.1,720abc63837a1c45a58674d554acfed0556ae646781babf1ab0907514d9f87bd,db09c44d6f3b677957cdb65fc6d0f85102f1027b18b2693ef428f31d5df7c5c4,136,-0.6049615586278284,0.01
2,2,all_strict,wholly_unseen,gh80,uniform,50.0,retention_bounded_plus_HU,0.0,46b216ba26aa11acaa5d3f570ff995f2e06b4023e6af3be0a5801b3a981e0482,ea22850248e4b9b42f29c79ba0f56c890a281e02f7e1cedc286223f2c812a763,139,-0.5960381541516038,0.01
2,2,all_strict,wholly_unseen,gh80,uniform,50.0,retention_bounded_plus_HU,0.0001,46b216ba26aa11acaa5d3f570ff995f2e06b4023e6af3be0a5801b3a981e0482,8c28969c6bfe9fd2b11ffcbe21a41392b4b243e183fc6143dd870a2a777f0798,139,-0.5951966750633766,0.01
2,2,all_strict,wholly_unseen,gh80,uniform,50.0,retention_bounded_plus_HU,0.001,46b216ba26aa11acaa5d3f570ff995f2e06b4023e6af3be0a5801b3a981e0482,775b4255395e2349d20463f0a7e8084ad703b0fb5b58553b078ce9ea6ab07f0f,139,-0.5956657265966364,0.01
2,2,all_strict,wholly_unseen,gh80,uniform,50.0,retention_bounded_plus_HU,0.01,46b216ba26aa11acaa5d3f570ff995f2e06b4023e6af3be0a5801b3a981e0482,41e5ba6e862b4b90acac9de5476bebf39bd2a551936d0ee08b5cc2473c2b1420,139,-0.58559022768462,0.01
2,2,all_strict,wholly_unseen,gh80,uniform,50.0,retention_bounded_plus_HU,0.1,46b216ba26aa11acaa5d3f570ff995f2e06b4023e6af3be0a5801b3a981e0482,bb7fa393aee3b058325755605128f62a90e97c56d18c4537564086ea03f4808f,139,-0.6049615586278284,0.01
2,0,all_agreeing_offsets,side_informed,laplace,uniform,50.0,retention_bounded,0.0,6af75daa525968e68fb8d352969dddfe3b92e90b6a86578e4f8560ce19d4e895,4e07f6ed0069db1e344c46c146da6f67779e1bedc6a758d51e994e15963cbdfd,137,-0.3343021148356139,0.01
2,0,all_agreeing_offsets,side_informed,laplace,uniform,50.0,retention_bounded,0.0001,6af75daa525968e68fb8d352969dddfe3b92e90b6a86578e4f8560ce19d4e895,99dc78305aa9a1b0ff1ff7761dbab836589b15c4ed3e8092053ad507fd68cb91,137,-0.3333218361442767,0.01
2,0,all_agreeing_offsets,side_informed,laplace,uniform,50.0,retention_bounded,0.001,6af75daa525968e68fb8d352969dddfe3b92e90b6a86578e4f8560ce19d4e895,6ef0082fe0a62075c3394286b24f58ea87040a561114d18f74c18faf61e961a3,137,-0.326390612586113,0.01
2,0,all_agreeing_offsets,side_informed,laplace,uniform,50.0,retention_bounded,0.01,6af75daa525968e68fb8d352969dddfe3b92e90b6a86578e4f8560ce19d4e895,075f504f99e0fe1a7c31063fc9e78ccd723f6044d00dd786134d61bdfd228807,137,-0.3059276983959415,0.01
2,0,all_agreeing_offsets,side_informed,laplace,uniform,50.0,retention_bounded,0.1,6af75daa525968e68fb8d352969dddfe3b92e90b6a86578e4f8560ce19d4e895,794a48ed85dd0de4b9636b9391986d171bfbd179ec2280a979b07d681b61e970,137,-0.3450447798100264,0.01
2,1,all_agreeing_offsets,side_informed,laplace,uniform,50.0,retention_bounded,0.0,720abc63837a1c45a58674d554acfed0556ae646781babf1ab0907514d9f87bd,0a621252f2481d82fd0e85194686bb38c792f463c0290f610d8823b8ec1cde3b,136,-0.3343021148356139,0.01
2,1,all_agreeing_offsets,side_informed,laplace,uniform,50.0,retention_bounded,0.0001,720abc63837a1c45a58674d554acfed0556ae646781babf1ab0907514d9f87bd,911cbe1c783f3b0bfc16e0573ba4fa5e64979d3cddec468c95f92b7c686798d8,136,-0.3333218361442767,0.01
2,1,all_agreeing_offsets,side_informed,laplace,uniform,50.0,retention_bounded,0.001,720abc63837a1c45a58674d554acfed0556ae646781babf1ab0907514d9f87bd,76f47ad735060c977970927aa2139accb5d3ec32f70c7a080b3cff93f1d3e9a4,136,-0.326390612586113,0.01
2,1,all_agreeing_offsets,side_informed,laplace,uniform,50.0,retention_bounded,0.01,720abc63837a1c45a58674d554acfed0556ae646781babf1ab0907514d9f87bd,4d95e0fd8e5e890442f5f3cc4440ed8619c70b49ee48397b959dd58b50a4f7a2,136,-0.3059276983959415,0.01
2,1,all_agreeing_offsets,side_informed,laplace,uniform,50.0,retention_bounded,0.1,720abc63837a1c45a58674d554acfed0556ae646781babf1ab0907514d9f87bd,28fad060bf6b2c0dc6f950737841b8d0939d3695ff04be75d82691220d480817,136,-0.3450447798100264,0.01
2,2,all_agreeing_offsets,side_informed,laplace,uniform,50.0,retention_bounded,0.0,46b216ba26aa11acaa5d3f570ff995f2e06b4023e6af3be0a5801b3a981e0482,f971c73f55ce6700e30196b446dfcda53457c13847fd4dd7e44dc2ccd2247f07,139,-0.3343021148356139,0.01
2,2,all_agreeing_offsets,side_informed,laplace,uniform,50.0,retention_bounded,0.0001,46b216ba26aa11acaa5d3f570ff995f2e06b4023e6af3be0a5801b3a981e0482,6b3b845a899f82d424bbfc6da5f223d9f37f8ac70922996e495be3c400ee849f,139,-0.3333218361442767,0.01
2,2,all_agreeing_offsets,side_informed,laplace,uniform,50.0,retention_bounded,0.001,46b216ba26aa11acaa5d3f570ff995f2e06b4023e6af3be0a5801b3a981e0482,10403d883bc29c3b2130bbe6fc259c256e4199246f7954b4891ef48d53ff19e9,139,-0.326390612586113,0.01
2,2,all_agreeing_offsets,side_informed,laplace,uniform,50.0,retention_bounded,0.01,46b216ba26aa11acaa5d3f570ff995f2e06b4023e6af3be0a5801b3a981e0482,46f9515d45bf6befcee81be3fe35e9d212d2c54a8c91efaf1ba9631a9f56adb0,139,-0.3059276983959415,0.01
2,2,all_agreeing_offsets,side_informed,laplace,uniform,50.0,retention_bounded,0.1,46b216ba26aa11acaa5d3f570ff995f2e06b4023e6af3be0a5801b3a981e0482,6de0a04f4d2c73d2c008f5867cde47dad8351316730829d902201322ee81c840,139,-0.3450447798100264,0.01
2,0,all_agreeing_offsets,side_informed,laplace,uniform,50.0,retention_nonnegative,0.0,6af75daa525968e68fb8d352969dddfe3b92e90b6a86578e4f8560ce19d4e895,09804789497114d37255e5435df463b075ef141f098783e815d0742619effc90,137,-0.3343021145574428,0.001
2,0,all_agreeing_offsets,side_informed,laplace,uniform,50.0,retention_nonnegative,0.0001,6af75daa525968e68fb8d352969dddfe3b92e90b6a86578e4f8560ce19d4e895,fa8c9e31649016ac5138546da2d1adae7f0098f0658388924815142c9c503261,137,-0.33324035515262773,0.001
2,0,all_agreeing_offsets,side_informed,laplace,uniform,50.0,retention_nonnegative,0.001,6af75daa525968e68fb8d352969dddfe3b92e90b6a86578e4f8560ce19d4e895,7e29aee45a237397cbfe201955e794baf3b5eaf3f6723dd19371e94b22520326,137,-0.32803785622377235,0.001
2,0,all_agreeing_offsets,side_informed,laplace,uniform,50.0,retention_nonnegative,0.01,6af75daa525968e68fb8d352969dddfe3b92e90b6a86578e4f8560ce19d4e895,7b9b41ad10dd50b39a8eaf3e4620f5219a7546eb846c58f4611f55d4fa9165b5,137,-0.33233335454345,0.001
2,0,all_agreeing_offsets,side_informed,laplace,uniform,50.0,retention_nonnegative,0.1,6af75daa525968e68fb8d352969dddfe3b92e90b6a86578e4f8560ce19d4e895,db108db4c40b329e8015acb4dd664c2b6633081394e4882323085b8fc58d5cbf,137,-0.41100592162347727,0.001
2,1,all_agreeing_offsets,side_informed,laplace,uniform,50.0,retention_nonnegative,0.0,720abc63837a1c45a58674d554acfed0556ae646781babf1ab0907514d9f87bd,4d8fc44d04ff599304947f1902b968500f9bd02fa45ba1ed71b55d7766f287de,136,-0.3343021145574428,0.001
2,1,all_agreeing_offsets,side_informed,laplace,uniform,50.0,retention_nonnegative,0.0001,720abc63837a1c45a58674d554acfed0556ae646781babf1ab0907514d9f87bd,a7a5c727a88f8e2d136d1bc3a9a96a0b528e403e1a51a3a527b6e38cd4c33756,136,-0.33324035515262773,0.001
2,1,all_agreeing_offsets,side_informed,laplace,uniform,50.0,retention_nonnegative,0.001,720abc63837a1c45a58674d554acfed0556ae646781babf1ab0907514d9f87bd,9ec3531713ab35f58391d9b24607dfd2ee6e535393abc1a989a96b31aec16020,136,-0.32803785622377235,0.001
2,1,all_agreeing_offsets,side_informed,laplace,uniform,50.0,retention_nonnegative,0.01,720abc63837a1c45a58674d554acfed0556ae646781babf1ab0907514d9f87bd,26a4b5f94f81c7a9b0aa7a031c4072e11bdb910dcc50663d874dbecb5c461966,136,-0.33233335454345,0.001
2,1,all_agreeing_offsets,side_informed,laplace,uniform,50.0,retention_nonnegative,0.1,720abc63837a1c45a58674d554acfed0556ae646781babf1ab0907514d9f87bd,c347f3707e9da8655dbc2b04e53486bf674c3e734b308a3cde54ed9ed833e7fe,136,-0.41100592162347727,0.001
2,2,all_agreeing_offsets,side_informed,laplace,uniform,50.0,retention_nonnegative,0.0,46b216ba26aa11acaa5d3f570ff995f2e06b4023e6af3be0a5801b3a981e0482,b3527b18c323915942a8cca0050226d3de56b480b43f9e7f80be7128f1d32a45,139,-0.3343021145574428,0.001
2,2,all_agreeing_offsets,side_informed,laplace,uniform,50.0,retention_nonnegative,0.0001,46b216ba26aa11acaa5d3f570ff995f2e06b4023e6af3be0a5801b3a981e0482,f57069c3a4383bca89f239de7185c047b6428796589bbaa0adcbb2d472ea3317,139,-0.33324035515262773,0.001
2,2,all_agreeing_offsets,side_informed,laplace,uniform,50.0,retention_nonnegative,0.001,46b216ba26aa11acaa5d3f570ff995f2e06b4023e6af3be0a5801b3a981e0482,ab868325e678e1cbd300bcb7271812349dd6714682771b6ac58a8bdf7d726fca,139,-0.32803785622377235,0.001
2,2,all_agreeing_offsets,side_informed,laplace,uniform,50.0,retention_nonnegative,0.01,46b216ba26aa11acaa5d3f570ff995f2e06b4023e6af3be0a5801b3a981e0482,ae83c5de63a900168af2e4b86d0c200912c2950de9fc0626a4c978513c1f71b0,139,-0.33233335454345,0.001
2,2,all_agreeing_offsets,side_informed,laplace,uniform,50.0,retention_nonnegative,0.1,46b216ba26aa11acaa5d3f570ff995f2e06b4023e6af3be0a5801b3a981e0482,075f47e17708373c50b9f4f599a8211f8d988858d036be022209d9f95bf0072f,139,-0.41100592162347727,0.001
2,0,all_agreeing_offsets,side_informed,laplace,uniform,50.0,current_only,0.0,6af75daa525968e68fb8d352969dddfe3b92e90b6a86578e4f8560ce19d4e895,c927a542619a9868099ffddb72c96fb12f50d67fdf9e06ec025554e0edbddd71,137,-0.5653584595141832,0.01
2,0,all_agreeing_offsets,side_informed,laplace,uniform,50.0,current_only,0.0001,6af75daa525968e68fb8d352969dddfe3b92e90b6a86578e4f8560ce19d4e895,bd703111b2216d62a81ce2e53c47cf49c3cb6a880c0f41336ef56a4649601ffc,137,-0.5652137804754723,0.01
2,0,all_agreeing_offsets,side_informed,laplace,uniform,50.0,current_only,0.001,6af75daa525968e68fb8d352969dddfe3b92e90b6a86578e4f8560ce19d4e895,c756adf0009934170c7425523021f11c382c02e832473e717920e4fc35953e97,137,-0.5639699452158125,0.01
2,0,all_agreeing_offsets,side_informed,laplace,uniform,50.0,current_only,0.01,6af75daa525968e68fb8d352969dddfe3b92e90b6a86578e4f8560ce19d4e895,d5fc578a3ee56f050bc2c640a0a525e6071ba1580b9f6e9140d1590af106638f,137,-0.5557267202760862,0.01
2,0,all_agreeing_offsets,side_informed,laplace,uniform,50.0,current_only,0.1,6af75daa525968e68fb8d352969dddfe3b92e90b6a86578e4f8560ce19d4e895,3f3a36b6f4c33e55c18e38d7928bce5e820e90755b2b1c1672fa43f391f5adfa,137,-0.5669701407422353,0.01
2,1,all_agreeing_offsets,side_informed,laplace,uniform,50.0,current_only,0.0,720abc63837a1c45a58674d554acfed0556ae646781babf1ab0907514d9f87bd,706c58777f325a52570680e80ce22eae732f9cd78e149ddb559c5ca9f31057b0,136,-0.5653584595141832,0.01
2,1,all_agreeing_offsets,side_informed,laplace,uniform,50.0,current_only,0.0001,720abc63837a1c45a58674d554acfed0556ae646781babf1ab0907514d9f87bd,bdbbb43aced513862cf9823b0edad1613ad245ef22ba56bf216a358c915ce26a,136,-0.5652137804754723,0.01
2,1,all_agreeing_offsets,side_informed,laplace,uniform,50.0,current_only,0.001,720abc63837a1c45a58674d554acfed0556ae646781babf1ab0907514d9f87bd,7f2b42b302250dc75020fd6e029ae1617e12e57dec61c1773aa5f66531b232d5,136,-0.5639699452158125,0.01
2,1,all_agreeing_offsets,side_informed,laplace,uniform,50.0,current_only,0.01,720abc63837a1c45a58674d554acfed0556ae646781babf1ab0907514d9f87bd,ae2ad39a73a6459463dda707e8fe8ee62a104ba3076ae989f764060276cf97c9,136,-0.5557267202760862,0.01
2,1,all_agreeing_offsets,side_informed,laplace,uniform,50.0,current_only,0.1,720abc63837a1c45a58674d554acfed0556ae646781babf1ab0907514d9f87bd,9d42b74a15db584c0fc4ee1cadcfe89cf126f876f491e8df9472f144b20faf49,136,-0.5669701407422353,0.01
2,2,all_agreeing_offsets,side_informed,laplace,uniform,50.0,current_only,0.0,46b216ba26aa11acaa5d3f570ff995f2e06b4023e6af3be0a5801b3a981e0482,a64f72a688a1aab2e433d11805a7c44d8d3bfbe7fa0f6ac2f2177bb761fa0981,139,-0.5653584595141832,0.01
2,2,all_agreeing_offsets,side_informed,laplace,uniform,50.0,current_only,0.0001,46b216ba26aa11acaa5d3f570ff995f2e06b4023e6af3be0a5801b3a981e0482,24faf1c28d9330207f6eef0823e13bc28c5dc41e55bf3657ad0118f60945a04c,139,-0.5652137804754723,0.01
2,2,all_agreeing_offsets,side_informed,laplace,uniform,50.0,current_only,0.001,46b216ba26aa11acaa5d3f570ff995f2e06b4023e6af3be0a5801b3a981e0482,75671328ef993b8fa00181764d183428da1b22772275d292f1e283d9cdf15580,139,-0.5639699452158125,0.01
2,2,all_agreeing_offsets,side_informed,laplace,uniform,50.0,current_only,0.01,46b216ba26aa11acaa5d3f570ff995f2e06b4023e6af3be0a5801b3a981e0482,5124ff3ae42801326664b80425d5dffb278e996fac6e8f8cf0d90a2156edccb9,139,-0.5557267202760862,0.01
2,2,all_agreeing_offsets,side_informed,laplace,uniform,50.0,current_only,0.1,46b216ba26aa11acaa5d3f570ff995f2e06b4023e6af3be0a5801b3a981e0482,7c136b9bc33ea9e5011b3ab6c608969f48ae8c8def96a209a140cf0d4898fd93,139,-0.5669701407422353,0.01
2,0,all_agreeing_offsets,side_informed,laplace,uniform,50.0,input_plus_surface,0.0,6af75daa525968e68fb8d352969dddfe3b92e90b6a86578e4f8560ce19d4e895,97bf55840fcad781ae338fe2fddada3be4d00c4ae3c5a14bde2a63449071d2a9,137,-0.330911660090174,0.01
2,0,all_agreeing_offsets,side_informed,laplace,uniform,50.0,input_plus_surface,0.0001,6af75daa525968e68fb8d352969dddfe3b92e90b6a86578e4f8560ce19d4e895,12f8410935a56d3b6cee32e39ed18bfa7e139b190af066e06bfebd432bc32e5f,137,-0.3296172798727571,0.01
2,0,all_agreeing_offsets,side_informed,laplace,uniform,50.0,input_plus_surface,0.001,6af75daa525968e68fb8d352969dddfe3b92e90b6a86578e4f8560ce19d4e895,0aa6d91b9c08136d083860d2bc9b301b3c45f0fe9d04dae46f9303100b08e6b3,137,-0.3213439848772134,0.01
2,0,all_agreeing_offsets,side_informed,laplace,uniform,50.0,input_plus_surface,0.01,6af75daa525968e68fb8d352969dddfe3b92e90b6a86578e4f8560ce19d4e895,1f9e462ae0ccff59762b9684fbceb264d45c60d9368dcf32929cd1ac2424d015,137,-0.3036042928682833,0.01
2,0,all_agreeing_offsets,side_informed,laplace,uniform,50.0,input_plus_surface,0.1,6af75daa525968e68fb8d352969dddfe3b92e90b6a86578e4f8560ce19d4e895,e6a69a0aa779922a18202e6410c31baa0dd67ea7cf9b1fc2bce4991f435ca6e7,137,-0.3611513064410253,0.01
2,1,all_agreeing_offsets,side_informed,laplace,uniform,50.0,input_plus_surface,0.0,720abc63837a1c45a58674d554acfed0556ae646781babf1ab0907514d9f87bd,06eea139287bca1eb99e912133245c42be0492f61799d6afb8a2cfc8883ba238,136,-0.330911660090174,0.01
2,1,all_agreeing_offsets,side_informed,laplace,uniform,50.0,input_plus_surface,0.0001,720abc63837a1c45a58674d554acfed0556ae646781babf1ab0907514d9f87bd,26bf6ddd6f1c3e9b42cbebf17c09ba0159d463c1798ac2de4d65965c7441422c,136,-0.3296172798727571,0.01
2,1,all_agreeing_offsets,side_informed,laplace,uniform,50.0,input_plus_surface,0.001,720abc63837a1c45a58674d554acfed0556ae646781babf1ab0907514d9f87bd,37807449494f7757d04e716d5ab066c895df9e26ee7e41542ee44d3f1902ebd4,136,-0.3213439848772134,0.01
2,1,all_agreeing_offsets,side_informed,laplace,uniform,50.0,input_plus_surface,0.01,720abc63837a1c45a58674d554acfed0556ae646781babf1ab0907514d9f87bd,14366463090ab20b406b71a7b831817304150ab36a51c477442787a1cfac88be,136,-0.3036042928682833,0.01
2,1,all_agreeing_offsets,side_informed,laplace,uniform,50.0,input_plus_surface,0.1,720abc63837a1c45a58674d554acfed0556ae646781babf1ab0907514d9f87bd,fd3beb4dfc42efa40c0c7f0034a161579e4254f023b60e2c4d24d43760fd6abc,136,-0.3611513064410253,0.01
2,2,all_agreeing_offsets,side_informed,laplace,uniform,50.0,input_plus_surface,0.0,46b216ba26aa11acaa5d3f570ff995f2e06b4023e6af3be0a5801b3a981e0482,0484d464bb3c6b057a61607f56976fc84bdb9a5ed7c739119c2286ebdb5277f0,139,-0.330911660090174,0.01
2,2,all_agreeing_offsets,side_informed,laplace,uniform,50.0,input_plus_surface,0.0001,46b216ba26aa11acaa5d3f570ff995f2e06b4023e6af3be0a5801b3a981e0482,c7b610212608521dfbe01c5724f02254f4b38db92fbe9e7da3b332f585647813,139,-0.3296172798727571,0.01
2,2,all_agreeing_offsets,side_informed,laplace,uniform,50.0,input_plus_surface,0.001,46b216ba26aa11acaa5d3f570ff995f2e06b4023e6af3be0a5801b3a981e0482,1c670aa4b9bcf7eb7c72c14de8e8af80b456119531b5d038f46815e22f09391d,139,-0.3213439848772134,0.01
2,2,all_agreeing_offsets,side_informed,laplace,uniform,50.0,input_plus_surface,0.01,46b216ba26aa11acaa5d3f570ff995f2e06b4023e6af3be0a5801b3a981e0482,0aeb156dbe8d8da58bfb7d9fcc70368decc443afcc2a016fe2894a958b5bf177,139,-0.3036042928682833,0.01
2,2,all_agreeing_offsets,side_informed,laplace,uniform,50.0,input_plus_surface,0.1,46b216ba26aa11acaa5d3f570ff995f2e06b4023e6af3be0a5801b3a981e0482,c9798588b5008ebf896a6c5371b50b2318fe3d9994d0b4764c1a7a166b4fc466,139,-0.3611513064410253,0.01
2,0,all_agreeing_offsets,side_informed,laplace,uniform,50.0,HU_plus_surface,0.0,6af75daa525968e68fb8d352969dddfe3b92e90b6a86578e4f8560ce19d4e895,9c530bb5b32c7720d64737d2d83331ad4d0075121b6b9600abaf33a48a197aec,137,-0.3084663686250661,0.01
2,0,all_agreeing_offsets,side_informed,laplace,uniform,50.0,HU_plus_surface,0.0001,6af75daa525968e68fb8d352969dddfe3b92e90b6a86578e4f8560ce19d4e895,90e5b769d125c02401f795717265372ffea6b7ec0bc44132fa742bfc0d9e8d02,137,-0.30677994964980676,0.01
2,0,all_agreeing_offsets,side_informed,laplace,uniform,50.0,HU_plus_surface,0.001,6af75daa525968e68fb8d352969dddfe3b92e90b6a86578e4f8560ce19d4e895,73472b47e4cb4544f0158c426a7d710ba218f7bf30ff35389092d289867a20ff,137,-0.29744250211121964,0.01
2,0,all_agreeing_offsets,side_informed,laplace,uniform,50.0,HU_plus_surface,0.01,6af75daa525968e68fb8d352969dddfe3b92e90b6a86578e4f8560ce19d4e895,82671d4503f8863685f14ea2f93df3491bdfc73ae9966c3c095f011c0552eb0c,137,-0.28390552505347566,0.01
2,0,all_agreeing_offsets,side_informed,laplace,uniform,50.0,HU_plus_surface,0.1,6af75daa525968e68fb8d352969dddfe3b92e90b6a86578e4f8560ce19d4e895,df9a961690c706ac661e10011d1fd43f744b572d8a0735817f330d6b64e02d98,137,-0.35253984383160036,0.01
2,1,all_agreeing_offsets,side_informed,laplace,uniform,50.0,HU_plus_surface,0.0,720abc63837a1c45a58674d554acfed0556ae646781babf1ab0907514d9f87bd,9fc579fc83654251217a2e085682f088d672733cd05d36678123c8a4314fbf62,136,-0.3084663686250661,0.01
2,1,all_agreeing_offsets,side_informed,laplace,uniform,50.0,HU_plus_surface,0.0001,720abc63837a1c45a58674d554acfed0556ae646781babf1ab0907514d9f87bd,cff8e185d0695ff0afd0d955392636237c65e4d9f0f8db417e6699d76900725f,136,-0.30677994964980676,0.01
2,1,all_agreeing_offsets,side_informed,laplace,uniform,50.0,HU_plus_surface,0.001,720abc63837a1c45a58674d554acfed0556ae646781babf1ab0907514d9f87bd,4e2af1eb2c67a6f94bbdd9e8e448bb33ac54e884a40aaf83fdfa4274f66ac3c7,136,-0.29744250211121964,0.01
2,1,all_agreeing_offsets,side_informed,laplace,uniform,50.0,HU_plus_surface,0.01,720abc63837a1c45a58674d554acfed0556ae646781babf1ab0907514d9f87bd,5f23434b51cfabc30fe0ad25a78884c92d26fe4ea969ec2d3424a0816c02a5b5,136,-0.28390552505347566,0.01
2,1,all_agreeing_offsets,side_informed,laplace,uniform,50.0,HU_plus_surface,0.1,720abc63837a1c45a58674d554acfed0556ae646781babf1ab0907514d9f87bd,6476514a7c32dbe29937dadbe5d230e0a0fbe05f8f4db02c5a5fa01e168c0bc6,136,-0.35253984383160036,0.01
2,2,all_agreeing_offsets,side_informed,laplace,uniform,50.0,HU_plus_surface,0.0,46b216ba26aa11acaa5d3f570ff995f2e06b4023e6af3be0a5801b3a981e0482,28bab847e9f62764eee9d4cccec902a22d2bc3df8aeb0ddb1c6eb6a59332e197,139,-0.3084663686250661,0.01
2,2,all_agreeing_offsets,side_informed,laplace,uniform,50.0,HU_plus_surface,0.0001,46b216ba26aa11acaa5d3f570ff995f2e06b4023e6af3be0a5801b3a981e0482,f6feae0dc7646e0ea435f78f602db82581a62f3fe75cc1afa21f1ca62ebc765f,139,-0.30677994964980676,0.01
2,2,all_agreeing_offsets,side_informed,laplace,uniform,50.0,HU_plus_surface,0.001,46b216ba26aa11acaa5d3f570ff995f2e06b4023e6af3be0a5801b3a981e0482,4bcd4e19b3efe19a2a1a57e2da9097c710a20d79521bf6ac5e5eb7cf662483ac,139,-0.29744250211121964,0.01
2,2,all_agreeing_offsets,side_informed,laplace,uniform,50.0,HU_plus_surface,0.01,46b216ba26aa11acaa5d3f570ff995f2e06b4023e6af3be0a5801b3a981e0482,a92793dfbddcdf02faa7d74187c32cddaf3cd66c65dacbaf08ce5a330074ab00,139,-0.28390552505347566,0.01
2,2,all_agreeing_offsets,side_informed,laplace,uniform,50.0,HU_plus_surface,0.1,46b216ba26aa11acaa5d3f570ff995f2e06b4023e6af3be0a5801b3a981e0482,1b079804c542e53254a07fa7dcf0c85d63001e3b6b0fb58c8dd45baf948811a6,139,-0.35253984383160036,0.01
2,0,all_agreeing_offsets,side_informed,laplace,uniform,50.0,retention_bounded_plus_HU,0.0,6af75daa525968e68fb8d352969dddfe3b92e90b6a86578e4f8560ce19d4e895,d5e2e9a5157ec73fec5211bf9dffd46c015df28f5a9cf2c230d689af2442bece,137,-0.29506069800627155,0.01
2,0,all_agreeing_offsets,side_informed,laplace,uniform,50.0,retention_bounded_plus_HU,0.0001,6af75daa525968e68fb8d352969dddfe3b92e90b6a86578e4f8560ce19d4e895,af383899d0efe78aedecf182f6dc751004e486b02d0b140aaeafc74ed2ef4568,137,-0.29411510634609267,0.01
2,0,all_agreeing_offsets,side_informed,laplace,uniform,50.0,retention_bounded_plus_HU,0.001,6af75daa525968e68fb8d352969dddfe3b92e90b6a86578e4f8560ce19d4e895,05dbe1e09e3ff56f60040bbbc1aabeb2e71a60d5296738a2bf3c5fbf5f364c86,137,-0.2915336991428173,0.01
2,0,all_agreeing_offsets,side_informed,laplace,uniform,50.0,retention_bounded_plus_HU,0.01,6af75daa525968e68fb8d352969dddfe3b92e90b6a86578e4f8560ce19d4e895,25a8ae9ba1e41a6b0a65c6b57f7b2403f46c1e9228b82277868133911b347891,137,-0.2874971684690763,0.01
2,0,all_agreeing_offsets,side_informed,laplace,uniform,50.0,retention_bounded_plus_HU,0.1,6af75daa525968e68fb8d352969dddfe3b92e90b6a86578e4f8560ce19d4e895,bf7d7781a6e9f159f9d5afdb46d75b3deb2686e1b30df47eb29aa412414793d7,137,-0.316375439409182,0.01
2,1,all_agreeing_offsets,side_informed,laplace,uniform,50.0,retention_bounded_plus_HU,0.0,720abc63837a1c45a58674d554acfed0556ae646781babf1ab0907514d9f87bd,5525cf1febffc8837235c2999ffba1bb2af82f3c4bd64fd16e9720d774701082,136,-0.29506069800627155,0.01
2,1,all_agreeing_offsets,side_informed,laplace,uniform,50.0,retention_bounded_plus_HU,0.0001,720abc63837a1c45a58674d554acfed0556ae646781babf1ab0907514d9f87bd,f5d375a2dae24af7d627e41c2b72213cd4195418c6d1d2dcd5ec7f52ed8862ea,136,-0.29411510634609267,0.01
2,1,all_agreeing_offsets,side_informed,laplace,uniform,50.0,retention_bounded_plus_HU,0.001,720abc63837a1c45a58674d554acfed0556ae646781babf1ab0907514d9f87bd,00bb429bd142a2baa7b41fa1199e0e580070d3d64988c6290f6b2cf5bb9dc346,136,-0.2915336991428173,0.01
2,1,all_agreeing_offsets,side_informed,laplace,uniform,50.0,retention_bounded_plus_HU,0.01,720abc63837a1c45a58674d554acfed0556ae646781babf1ab0907514d9f87bd,f7bf0606b59e96284a3afa633d0ce40abb8e6f051eaa3a692f9f78dfd5ea86ae,136,-0.2874971684690763,0.01
2,1,all_agreeing_offsets,side_informed,laplace,uniform,50.0,retention_bounded_plus_HU,0.1,720abc63837a1c45a58674d554acfed0556ae646781babf1ab0907514d9f87bd,b17216eb82051cf8041b39c2b2f19b20ce79835f3f2f185ad9254c7cfbc8178e,136,-0.316375439409182,0.01
2,2,all_agreeing_offsets,side_informed,laplace,uniform,50.0,retention_bounded_plus_HU,0.0,46b216ba26aa11acaa5d3f570ff995f2e06b4023e6af3be0a5801b3a981e0482,acdb310661942c38bac601ecc03b77a96fe86116223c74372f38421d1d5742f6,139,-0.29506069800627155,0.01
2,2,all_agreeing_offsets,side_informed,laplace,uniform,50.0,retention_bounded_plus_HU,0.0001,46b216ba26aa11acaa5d3f570ff995f2e06b4023e6af3be0a5801b3a981e0482,0e01b24ac21f06607d5f51677a4a1c24e9416e58dc52ac3a7f3bb5e3cc9b5fdc,139,-0.29411510634609267,0.01
2,2,all_agreeing_offsets,side_informed,laplace,uniform,50.0,retention_bounded_plus_HU,0.001,46b216ba26aa11acaa5d3f570ff995f2e06b4023e6af3be0a5801b3a981e0482,5f6aa31239d556a9dd7561dcd540dc9c28b24d0f5db261617cd65c9900fa6e1b,139,-0.2915336991428173,0.01
2,2,all_agreeing_offsets,side_informed,laplace,uniform,50.0,retention_bounded_plus_HU,0.01,46b216ba26aa11acaa5d3f570ff995f2e06b4023e6af3be0a5801b3a981e0482,c1712c3281c6f2804ef6cb83d7b8ab2a08d1b7ae7e00188ae7107941a85aeb81,139,-0.2874971684690763,0.01
2,2,all_agreeing_offsets,side_informed,laplace,uniform,50.0,retention_bounded_plus_HU,0.1,46b216ba26aa11acaa5d3f570ff995f2e06b4023e6af3be0a5801b3a981e0482,5a3f71c0cd1d72308aa1746ff43adf25b1bc935d59329af8dce261d05fd987a0,139,-0.316375439409182,0.01
2,0,all_agreeing_offsets,side_informed,gh80,uniform,50.0,HU_plus_surface,0.0,6af75daa525968e68fb8d352969dddfe3b92e90b6a86578e4f8560ce19d4e895,41477f05bc0efd73e1a79f6c9ec217861c915180532c0611f2b3ba8e959eb191,137,-0.30290980646747057,0.01
2,0,all_agreeing_offsets,side_informed,gh80,uniform,50.0,HU_plus_surface,0.0001,6af75daa525968e68fb8d352969dddfe3b92e90b6a86578e4f8560ce19d4e895,775449e9601476b4514c1ec84e08b620a8f0ac3ebf8036bd4705cc8560fcb227,137,-0.3017389939579454,0.01
2,0,all_agreeing_offsets,side_informed,gh80,uniform,50.0,HU_plus_surface,0.001,6af75daa525968e68fb8d352969dddfe3b92e90b6a86578e4f8560ce19d4e895,e520b290c4059d4a1fac2f89cced40129dd8046c130a6843a6c95e2c233afd03,137,-0.2947681217504706,0.01
2,0,all_agreeing_offsets,side_informed,gh80,uniform,50.0,HU_plus_surface,0.01,6af75daa525968e68fb8d352969dddfe3b92e90b6a86578e4f8560ce19d4e895,82148a6043ff552e7dd0204caadd5b4fcca59b472a52db1b871bf7866d33bc2b,137,-0.2846290647893837,0.01
2,0,all_agreeing_offsets,side_informed,gh80,uniform,50.0,HU_plus_surface,0.1,6af75daa525968e68fb8d352969dddfe3b92e90b6a86578e4f8560ce19d4e895,0bddd5634d092c226f8d381f598ace3fb779046c708eec4bcf641908033bc657,137,-0.35487651523526403,0.01
2,1,all_agreeing_offsets,side_informed,gh80,uniform,50.0,HU_plus_surface,0.0,720abc63837a1c45a58674d554acfed0556ae646781babf1ab0907514d9f87bd,006d91a94a8ec5826907786734e0b9cd058d7f6fade7ff87c2eb8a25462b05b4,136,-0.30290980646747057,0.01
2,1,all_agreeing_offsets,side_informed,gh80,uniform,50.0,HU_plus_surface,0.0001,720abc63837a1c45a58674d554acfed0556ae646781babf1ab0907514d9f87bd,0b36b3828a0ca6908a2b825d1af023b8ebfdaa828109887f915123d331c03ab5,136,-0.3017389939579454,0.01
2,1,all_agreeing_offsets,side_informed,gh80,uniform,50.0,HU_plus_surface,0.001,720abc63837a1c45a58674d554acfed0556ae646781babf1ab0907514d9f87bd,d6a0d86f9aa7208a69254b0e230b58ead3adfc57f6ae68f18587a1f70ebafc9c,136,-0.2947681217504706,0.01
2,1,all_agreeing_offsets,side_informed,gh80,uniform,50.0,HU_plus_surface,0.01,720abc63837a1c45a58674d554acfed0556ae646781babf1ab0907514d9f87bd,848a8e441f19962fae100edf8694e2a3a7da6cf58f92ecdfb0fe11d0d64b9306,136,-0.2846290647893837,0.01
2,1,all_agreeing_offsets,side_informed,gh80,uniform,50.0,HU_plus_surface,0.1,720abc63837a1c45a58674d554acfed0556ae646781babf1ab0907514d9f87bd,aed760a7f049f8773c13fb1697b7036664d434d8eac0c6cdc4d68b0c599f9fcf,136,-0.35487651523526403,0.01
2,2,all_agreeing_offsets,side_informed,gh80,uniform,50.0,HU_plus_surface,0.0,46b216ba26aa11acaa5d3f570ff995f2e06b4023e6af3be0a5801b3a981e0482,7b1b5eb5dc9dbfe84a35dbb7089340b98e9cb600c64407b1bf9ab0ef71c014c4,139,-0.30290980646747057,0.01
2,2,all_agreeing_offsets,side_informed,gh80,uniform,50.0,HU_plus_surface,0.0001,46b216ba26aa11acaa5d3f570ff995f2e06b4023e6af3be0a5801b3a981e0482,d5197820038da92d4c9acf9f63d638115a0931090dc01d0adf1479e392c6640c,139,-0.3017389939579454,0.01
2,2,all_agreeing_offsets,side_informed,gh80,uniform,50.0,HU_plus_surface,0.001,46b216ba26aa11acaa5d3f570ff995f2e06b4023e6af3be0a5801b3a981e0482,0faa4893b2dc678100a315298b5b531ffc237a18806730aa30b5e4ea2320323d,139,-0.2947681217504706,0.01
2,2,all_agreeing_offsets,side_informed,gh80,uniform,50.0,HU_plus_surface,0.01,46b216ba26aa11acaa5d3f570ff995f2e06b4023e6af3be0a5801b3a981e0482,465acc49594c4fb208f8bacf4938226265b8604361abff4181f3cb5943bceae5,139,-0.2846290647893837,0.01
2,2,all_agreeing_offsets,side_informed,gh80,uniform,50.0,HU_plus_surface,0.1,46b216ba26aa11acaa5d3f570ff995f2e06b4023e6af3be0a5801b3a981e0482,24ad747560448efa28cc0a31a6cf394e50336333f0be8262935505b245134a61,139,-0.35487651523526403,0.01
2,0,all_agreeing_offsets,side_informed,gh80,uniform,50.0,retention_bounded_plus_HU,0.0,6af75daa525968e68fb8d352969dddfe3b92e90b6a86578e4f8560ce19d4e895,d385349ac8b4bc738055196e471fb9a600ab841645c9c14fb97eb2008964d95c,137,-0.30350782941145515,0.01
2,0,all_agreeing_offsets,side_informed,gh80,uniform,50.0,retention_bounded_plus_HU,0.0001,6af75daa525968e68fb8d352969dddfe3b92e90b6a86578e4f8560ce19d4e895,b309c6e7e3fdda9b14e2c80aa1e3d9d5f3f28e7f7736199a9fcfb046a9f6b423,137,-0.30269560228330256,0.01
2,0,all_agreeing_offsets,side_informed,gh80,uniform,50.0,retention_bounded_plus_HU,0.001,6af75daa525968e68fb8d352969dddfe3b92e90b6a86578e4f8560ce19d4e895,11364ccef8c5a5bbbac97722f9a44b28853d789ee3bf78db56801ae2e0c8f939,137,-0.30445526783425214,0.01
2,0,all_agreeing_offsets,side_informed,gh80,uniform,50.0,retention_bounded_plus_HU,0.01,6af75daa525968e68fb8d352969dddfe3b92e90b6a86578e4f8560ce19d4e895,c979eed80bd5f513cf0c688ec889b71144ca59ba560270b0d5de06582145b56a,137,-0.2990218019768014,0.01
2,0,all_agreeing_offsets,side_informed,gh80,uniform,50.0,retention_bounded_plus_HU,0.1,6af75daa525968e68fb8d352969dddfe3b92e90b6a86578e4f8560ce19d4e895,7db5fd9e57e9160b4dc3ee35d9213df5c945300528e21777c1c3484753da846c,137,-0.3227162287377525,0.01
2,1,all_agreeing_offsets,side_informed,gh80,uniform,50.0,retention_bounded_plus_HU,0.0,720abc63837a1c45a58674d554acfed0556ae646781babf1ab0907514d9f87bd,81502b2752b2be8d15fb2fc5445caf07340af30d28329b747f68eca2346d2d94,136,-0.30350782941145515,0.01
2,1,all_agreeing_offsets,side_informed,gh80,uniform,50.0,retention_bounded_plus_HU,0.0001,720abc63837a1c45a58674d554acfed0556ae646781babf1ab0907514d9f87bd,3ca89013c450d777bb5d6223953b2b89daa4ffa8379029da9ef3b7d5a8bd9b16,136,-0.30269560228330256,0.01
2,1,all_agreeing_offsets,side_informed,gh80,uniform,50.0,retention_bounded_plus_HU,0.001,720abc63837a1c45a58674d554acfed0556ae646781babf1ab0907514d9f87bd,ccd0b4fc17d085a9dadb40b084ab393ebfc9e3ffcd765d394a691441ba934aca,136,-0.30445526783425214,0.01
2,1,all_agreeing_offsets,side_informed,gh80,uniform,50.0,retention_bounded_plus_HU,0.01,720abc63837a1c45a58674d554acfed0556ae646781babf1ab0907514d9f87bd,e1f17e2935184fdc355c2d738dba149738b3e1505daa7f169947e147960cfaf6,136,-0.2990218019768014,0.01
2,1,all_agreeing_offsets,side_informed,gh80,uniform,50.0,retention_bounded_plus_HU,0.1,720abc63837a1c45a58674d554acfed0556ae646781babf1ab0907514d9f87bd,07a0a4a030fb54c1419f297e0173fa1d78a7576925710e930b1040cef66c1441,136,-0.3227162287377525,0.01
2,2,all_agreeing_offsets,side_informed,gh80,uniform,50.0,retention_bounded_plus_HU,0.0,46b216ba26aa11acaa5d3f570ff995f2e06b4023e6af3be0a5801b3a981e0482,554c86663611d2579072627f5e4e96f0331ad53720399bac32a1ccf441abcf75,139,-0.30350782941145515,0.01
2,2,all_agreeing_offsets,side_informed,gh80,uniform,50.0,retention_bounded_plus_HU,0.0001,46b216ba26aa11acaa5d3f570ff995f2e06b4023e6af3be0a5801b3a981e0482,4b8d0b3c4c37d0f0b172e0fcde5e7b28d736ae338095c656fb484f131a1e81c2,139,-0.30269560228330256,0.01
2,2,all_agreeing_offsets,side_informed,gh80,uniform,50.0,retention_bounded_plus_HU,0.001,46b216ba26aa11acaa5d3f570ff995f2e06b4023e6af3be0a5801b3a981e0482,b8c76f55024f391c09c3911e4a734f573824261075ce5e1f79f43e8e5c4dfdae,139,-0.30445526783425214,0.01
2,2,all_agreeing_offsets,side_informed,gh80,uniform,50.0,retention_bounded_plus_HU,0.01,46b216ba26aa11acaa5d3f570ff995f2e06b4023e6af3be0a5801b3a981e0482,661e62e2d4291c0fa45a6514f86d2bcb9a15b4a1e9966efd7ec1206c5beb1cee,139,-0.2990218019768014,0.01
2,2,all_agreeing_offsets,side_informed,gh80,uniform,50.0,retention_bounded_plus_HU,0.1,46b216ba26aa11acaa5d3f570ff995f2e06b4023e6af3be0a5801b3a981e0482,1955ae876c3524f009560f7ec9cec3db8bf595135ae63d07f8efd602b0cdad24,139,-0.3227162287377525,0.01
2,0,all_agreeing_offsets,wholly_unseen,laplace,uniform,50.0,retention_bounded,0.0,6af75daa525968e68fb8d352969dddfe3b92e90b6a86578e4f8560ce19d4e895,4e07f6ed0069db1e344c46c146da6f67779e1bedc6a758d51e994e15963cbdfd,137,-0.6158667017912343,0.01
2,0,all_agreeing_offsets,wholly_unseen,laplace,uniform,50.0,retention_bounded,0.0001,6af75daa525968e68fb8d352969dddfe3b92e90b6a86578e4f8560ce19d4e895,99dc78305aa9a1b0ff1ff7761dbab836589b15c4ed3e8092053ad507fd68cb91,137,-0.6147500432559745,0.01
2,0,all_agreeing_offsets,wholly_unseen,laplace,uniform,50.0,retention_bounded,0.001,6af75daa525968e68fb8d352969dddfe3b92e90b6a86578e4f8560ce19d4e895,6ef0082fe0a62075c3394286b24f58ea87040a561114d18f74c18faf61e961a3,137,-0.6067207079156796,0.01
2,0,all_agreeing_offsets,wholly_unseen,laplace,uniform,50.0,retention_bounded,0.01,6af75daa525968e68fb8d352969dddfe3b92e90b6a86578e4f8560ce19d4e895,075f504f99e0fe1a7c31063fc9e78ccd723f6044d00dd786134d61bdfd228807,137,-0.5834703799849598,0.01
2,0,all_agreeing_offsets,wholly_unseen,laplace,uniform,50.0,retention_bounded,0.1,6af75daa525968e68fb8d352969dddfe3b92e90b6a86578e4f8560ce19d4e895,794a48ed85dd0de4b9636b9391986d171bfbd179ec2280a979b07d681b61e970,137,-0.6343630686165725,0.01
2,1,all_agreeing_offsets,wholly_unseen,laplace,uniform,50.0,retention_bounded,0.0,720abc63837a1c45a58674d554acfed0556ae646781babf1ab0907514d9f87bd,0a621252f2481d82fd0e85194686bb38c792f463c0290f610d8823b8ec1cde3b,136,-0.6158667017912343,0.01
2,1,all_agreeing_offsets,wholly_unseen,laplace,uniform,50.0,retention_bounded,0.0001,720abc63837a1c45a58674d554acfed0556ae646781babf1ab0907514d9f87bd,911cbe1c783f3b0bfc16e0573ba4fa5e64979d3cddec468c95f92b7c686798d8,136,-0.6147500432559745,0.01
2,1,all_agreeing_offsets,wholly_unseen,laplace,uniform,50.0,retention_bounded,0.001,720abc63837a1c45a58674d554acfed0556ae646781babf1ab0907514d9f87bd,76f47ad735060c977970927aa2139accb5d3ec32f70c7a080b3cff93f1d3e9a4,136,-0.6067207079156796,0.01
2,1,all_agreeing_offsets,wholly_unseen,laplace,uniform,50.0,retention_bounded,0.01,720abc63837a1c45a58674d554acfed0556ae646781babf1ab0907514d9f87bd,4d95e0fd8e5e890442f5f3cc4440ed8619c70b49ee48397b959dd58b50a4f7a2,136,-0.5834703799849598,0.01
2,1,all_agreeing_offsets,wholly_unseen,laplace,uniform,50.0,retention_bounded,0.1,720abc63837a1c45a58674d554acfed0556ae646781babf1ab0907514d9f87bd,28fad060bf6b2c0dc6f950737841b8d0939d3695ff04be75d82691220d480817,136,-0.6343630686165725,0.01
2,2,all_agreeing_offsets,wholly_unseen,laplace,uniform,50.0,retention_bounded,0.0,46b216ba26aa11acaa5d3f570ff995f2e06b4023e6af3be0a5801b3a981e0482,f971c73f55ce6700e30196b446dfcda53457c13847fd4dd7e44dc2ccd2247f07,139,-0.6158667017912343,0.01
2,2,all_agreeing_offsets,wholly_unseen,laplace,uniform,50.0,retention_bounded,0.0001,46b216ba26aa11acaa5d3f570ff995f2e06b4023e6af3be0a5801b3a981e0482,6b3b845a899f82d424bbfc6da5f223d9f37f8ac70922996e495be3c400ee849f,139,-0.6147500432559745,0.01
2,2,all_agreeing_offsets,wholly_unseen,laplace,uniform,50.0,retention_bounded,0.001,46b216ba26aa11acaa5d3f570ff995f2e06b4023e6af3be0a5801b3a981e0482,10403d883bc29c3b2130bbe6fc259c256e4199246f7954b4891ef48d53ff19e9,139,-0.6067207079156796,0.01
2,2,all_agreeing_offsets,wholly_unseen,laplace,uniform,50.0,retention_bounded,0.01,46b216ba26aa11acaa5d3f570ff995f2e06b4023e6af3be0a5801b3a981e0482,46f9515d45bf6befcee81be3fe35e9d212d2c54a8c91efaf1ba9631a9f56adb0,139,-0.5834703799849598,0.01
2,2,all_agreeing_offsets,wholly_unseen,laplace,uniform,50.0,retention_bounded,0.1,46b216ba26aa11acaa5d3f570ff995f2e06b4023e6af3be0a5801b3a981e0482,6de0a04f4d2c73d2c008f5867cde47dad8351316730829d902201322ee81c840,139,-0.6343630686165725,0.01
2,0,all_agreeing_offsets,wholly_unseen,laplace,uniform,50.0,retention_nonnegative,0.0,6af75daa525968e68fb8d352969dddfe3b92e90b6a86578e4f8560ce19d4e895,09804789497114d37255e5435df463b075ef141f098783e815d0742619effc90,137,-0.6158667019296815,0.001
2,0,all_agreeing_offsets,wholly_unseen,laplace,uniform,50.0,retention_nonnegative,0.0001,6af75daa525968e68fb8d352969dddfe3b92e90b6a86578e4f8560ce19d4e895,fa8c9e31649016ac5138546da2d1adae7f0098f0658388924815142c9c503261,137,-0.6139625771875888,0.001
2,0,all_agreeing_offsets,wholly_unseen,laplace,uniform,50.0,retention_nonnegative,0.001,6af75daa525968e68fb8d352969dddfe3b92e90b6a86578e4f8560ce19d4e895,7e29aee45a237397cbfe201955e794baf3b5eaf3f6723dd19371e94b22520326,137,-0.6057742930385096,0.001
2,0,all_agreeing_offsets,wholly_unseen,laplace,uniform,50.0,retention_nonnegative,0.01,6af75daa525968e68fb8d352969dddfe3b92e90b6a86578e4f8560ce19d4e895,7b9b41ad10dd50b39a8eaf3e4620f5219a7546eb846c58f4611f55d4fa9165b5,137,-0.6257615200420249,0.001
2,0,all_agreeing_offsets,wholly_unseen,laplace,uniform,50.0,retention_nonnegative,0.1,6af75daa525968e68fb8d352969dddfe3b92e90b6a86578e4f8560ce19d4e895,db108db4c40b329e8015acb4dd664c2b6633081394e4882323085b8fc58d5cbf,137,-0.7278999053602546,0.001
2,1,all_agreeing_offsets,wholly_unseen,laplace,uniform,50.0,retention_nonnegative,0.0,720abc63837a1c45a58674d554acfed0556ae646781babf1ab0907514d9f87bd,4d8fc44d04ff599304947f1902b968500f9bd02fa45ba1ed71b55d7766f287de,136,-0.6158667019296815,0.001
2,1,all_agreeing_offsets,wholly_unseen,laplace,uniform,50.0,retention_nonnegative,0.0001,720abc63837a1c45a58674d554acfed0556ae646781babf1ab0907514d9f87bd,a7a5c727a88f8e2d136d1bc3a9a96a0b528e403e1a51a3a527b6e38cd4c33756,136,-0.6139625771875888,0.001
2,1,all_agreeing_offsets,wholly_unseen,laplace,uniform,50.0,retention_nonnegative,0.001,720abc63837a1c45a58674d554acfed0556ae646781babf1ab0907514d9f87bd,9ec3531713ab35f58391d9b24607dfd2ee6e535393abc1a989a96b31aec16020,136,-0.6057742930385096,0.001
2,1,all_agreeing_offsets,wholly_unseen,laplace,uniform,50.0,retention_nonnegative,0.01,720abc63837a1c45a58674d554acfed0556ae646781babf1ab0907514d9f87bd,26a4b5f94f81c7a9b0aa7a031c4072e11bdb910dcc50663d874dbecb5c461966,136,-0.6257615200420249,0.001
2,1,all_agreeing_offsets,wholly_unseen,laplace,uniform,50.0,retention_nonnegative,0.1,720abc63837a1c45a58674d554acfed0556ae646781babf1ab0907514d9f87bd,c347f3707e9da8655dbc2b04e53486bf674c3e734b308a3cde54ed9ed833e7fe,136,-0.7278999053602546,0.001
2,2,all_agreeing_offsets,wholly_unseen,laplace,uniform,50.0,retention_nonnegative,0.0,46b216ba26aa11acaa5d3f570ff995f2e06b4023e6af3be0a5801b3a981e0482,b3527b18c323915942a8cca0050226d3de56b480b43f9e7f80be7128f1d32a45,139,-0.6158667019296815,0.001
2,2,all_agreeing_offsets,wholly_unseen,laplace,uniform,50.0,retention_nonnegative,0.0001,46b216ba26aa11acaa5d3f570ff995f2e06b4023e6af3be0a5801b3a981e0482,f57069c3a4383bca89f239de7185c047b6428796589bbaa0adcbb2d472ea3317,139,-0.6139625771875888,0.001
2,2,all_agreeing_offsets,wholly_unseen,laplace,uniform,50.0,retention_nonnegative,0.001,46b216ba26aa11acaa5d3f570ff995f2e06b4023e6af3be0a5801b3a981e0482,ab868325e678e1cbd300bcb7271812349dd6714682771b6ac58a8bdf7d726fca,139,-0.6057742930385096,0.001
2,2,all_agreeing_offsets,wholly_unseen,laplace,uniform,50.0,retention_nonnegative,0.01,46b216ba26aa11acaa5d3f570ff995f2e06b4023e6af3be0a5801b3a981e0482,ae83c5de63a900168af2e4b86d0c200912c2950de9fc0626a4c978513c1f71b0,139,-0.6257615200420249,0.001
2,2,all_agreeing_offsets,wholly_unseen,laplace,uniform,50.0,retention_nonnegative,0.1,46b216ba26aa11acaa5d3f570ff995f2e06b4023e6af3be0a5801b3a981e0482,075f47e17708373c50b9f4f599a8211f8d988858d036be022209d9f95bf0072f,139,-0.7278999053602546,0.001
2,0,all_agreeing_offsets,wholly_unseen,laplace,uniform,50.0,current_only,0.0,6af75daa525968e68fb8d352969dddfe3b92e90b6a86578e4f8560ce19d4e895,c927a542619a9868099ffddb72c96fb12f50d67fdf9e06ec025554e0edbddd71,137,-0.8835258542807368,0.01
2,0,all_agreeing_offsets,wholly_unseen,laplace,uniform,50.0,current_only,0.0001,6af75daa525968e68fb8d352969dddfe3b92e90b6a86578e4f8560ce19d4e895,bd703111b2216d62a81ce2e53c47cf49c3cb6a880c0f41336ef56a4649601ffc,137,-0.8833811752420262,0.01
2,0,all_agreeing_offsets,wholly_unseen,laplace,uniform,50.0,current_only,0.001,6af75daa525968e68fb8d352969dddfe3b92e90b6a86578e4f8560ce19d4e895,c756adf0009934170c7425523021f11c382c02e832473e717920e4fc35953e97,137,-0.8821373399823661,0.01
2,0,all_agreeing_offsets,wholly_unseen,laplace,uniform,50.0,current_only,0.01,6af75daa525968e68fb8d352969dddfe3b92e90b6a86578e4f8560ce19d4e895,d5fc578a3ee56f050bc2c640a0a525e6071ba1580b9f6e9140d1590af106638f,137,-0.8738941150426399,0.01
2,0,all_agreeing_offsets,wholly_unseen,laplace,uniform,50.0,current_only,0.1,6af75daa525968e68fb8d352969dddfe3b92e90b6a86578e4f8560ce19d4e895,3f3a36b6f4c33e55c18e38d7928bce5e820e90755b2b1c1672fa43f391f5adfa,137,-0.885137535508789,0.01
2,1,all_agreeing_offsets,wholly_unseen,laplace,uniform,50.0,current_only,0.0,720abc63837a1c45a58674d554acfed0556ae646781babf1ab0907514d9f87bd,706c58777f325a52570680e80ce22eae732f9cd78e149ddb559c5ca9f31057b0,136,-0.8835258542807368,0.01
2,1,all_agreeing_offsets,wholly_unseen,laplace,uniform,50.0,current_only,0.0001,720abc63837a1c45a58674d554acfed0556ae646781babf1ab0907514d9f87bd,bdbbb43aced513862cf9823b0edad1613ad245ef22ba56bf216a358c915ce26a,136,-0.8833811752420262,0.01
2,1,all_agreeing_offsets,wholly_unseen,laplace,uniform,50.0,current_only,0.001,720abc63837a1c45a58674d554acfed0556ae646781babf1ab0907514d9f87bd,7f2b42b302250dc75020fd6e029ae1617e12e57dec61c1773aa5f66531b232d5,136,-0.8821373399823661,0.01
2,1,all_agreeing_offsets,wholly_unseen,laplace,uniform,50.0,current_only,0.01,720abc63837a1c45a58674d554acfed0556ae646781babf1ab0907514d9f87bd,ae2ad39a73a6459463dda707e8fe8ee62a104ba3076ae989f764060276cf97c9,136,-0.8738941150426399,0.01
2,1,all_agreeing_offsets,wholly_unseen,laplace,uniform,50.0,current_only,0.1,720abc63837a1c45a58674d554acfed0556ae646781babf1ab0907514d9f87bd,9d42b74a15db584c0fc4ee1cadcfe89cf126f876f491e8df9472f144b20faf49,136,-0.885137535508789,0.01
2,2,all_agreeing_offsets,wholly_unseen,laplace,uniform,50.0,current_only,0.0,46b216ba26aa11acaa5d3f570ff995f2e06b4023e6af3be0a5801b3a981e0482,a64f72a688a1aab2e433d11805a7c44d8d3bfbe7fa0f6ac2f2177bb761fa0981,139,-0.8835258542807368,0.01
2,2,all_agreeing_offsets,wholly_unseen,laplace,uniform,50.0,current_only,0.0001,46b216ba26aa11acaa5d3f570ff995f2e06b4023e6af3be0a5801b3a981e0482,24faf1c28d9330207f6eef0823e13bc28c5dc41e55bf3657ad0118f60945a04c,139,-0.8833811752420262,0.01
2,2,all_agreeing_offsets,wholly_unseen,laplace,uniform,50.0,current_only,0.001,46b216ba26aa11acaa5d3f570ff995f2e06b4023e6af3be0a5801b3a981e0482,75671328ef993b8fa00181764d183428da1b22772275d292f1e283d9cdf15580,139,-0.8821373399823661,0.01
2,2,all_agreeing_offsets,wholly_unseen,laplace,uniform,50.0,current_only,0.01,46b216ba26aa11acaa5d3f570ff995f2e06b4023e6af3be0a5801b3a981e0482,5124ff3ae42801326664b80425d5dffb278e996fac6e8f8cf0d90a2156edccb9,139,-0.8738941150426399,0.01
2,2,all_agreeing_offsets,wholly_unseen,laplace,uniform,50.0,current_only,0.1,46b216ba26aa11acaa5d3f570ff995f2e06b4023e6af3be0a5801b3a981e0482,7c136b9bc33ea9e5011b3ab6c608969f48ae8c8def96a209a140cf0d4898fd93,139,-0.885137535508789,0.01
2,0,all_agreeing_offsets,wholly_unseen,laplace,uniform,50.0,input_plus_surface,0.0,6af75daa525968e68fb8d352969dddfe3b92e90b6a86578e4f8560ce19d4e895,97bf55840fcad781ae338fe2fddada3be4d00c4ae3c5a14bde2a63449071d2a9,137,-0.6100254403298743,0.01
2,0,all_agreeing_offsets,wholly_unseen,laplace,uniform,50.0,input_plus_surface,0.0001,6af75daa525968e68fb8d352969dddfe3b92e90b6a86578e4f8560ce19d4e895,12f8410935a56d3b6cee32e39ed18bfa7e139b190af066e06bfebd432bc32e5f,137,-0.6087088363787385,0.01
2,0,all_agreeing_offsets,wholly_unseen,laplace,uniform,50.0,input_plus_surface,0.001,6af75daa525968e68fb8d352969dddfe3b92e90b6a86578e4f8560ce19d4e895,0aa6d91b9c08136d083860d2bc9b301b3c45f0fe9d04dae46f9303100b08e6b3,137,-0.6009381962690638,0.01
2,0,all_agreeing_offsets,wholly_unseen,laplace,uniform,50.0,input_plus_surface,0.01,6af75daa525968e68fb8d352969dddfe3b92e90b6a86578e4f8560ce19d4e895,1f9e462ae0ccff59762b9684fbceb264d45c60d9368dcf32929cd1ac2424d015,137,-0.5899023139260692,0.01
2,0,all_agreeing_offsets,wholly_unseen,laplace,uniform,50.0,input_plus_surface,0.1,6af75daa525968e68fb8d352969dddfe3b92e90b6a86578e4f8560ce19d4e895,e6a69a0aa779922a18202e6410c31baa0dd67ea7cf9b1fc2bce4991f435ca6e7,137,-0.6634192990684441,0.01
2,1,all_agreeing_offsets,wholly_unseen,laplace,uniform,50.0,input_plus_surface,0.0,720abc63837a1c45a58674d554acfed0556ae646781babf1ab0907514d9f87bd,06eea139287bca1eb99e912133245c42be0492f61799d6afb8a2cfc8883ba238,136,-0.6100254403298743,0.01
2,1,all_agreeing_offsets,wholly_unseen,laplace,uniform,50.0,input_plus_surface,0.0001,720abc63837a1c45a58674d554acfed0556ae646781babf1ab0907514d9f87bd,26bf6ddd6f1c3e9b42cbebf17c09ba0159d463c1798ac2de4d65965c7441422c,136,-0.6087088363787385,0.01
2,1,all_agreeing_offsets,wholly_unseen,laplace,uniform,50.0,input_plus_surface,0.001,720abc63837a1c45a58674d554acfed0556ae646781babf1ab0907514d9f87bd,37807449494f7757d04e716d5ab066c895df9e26ee7e41542ee44d3f1902ebd4,136,-0.6009381962690638,0.01
2,1,all_agreeing_offsets,wholly_unseen,laplace,uniform,50.0,input_plus_surface,0.01,720abc63837a1c45a58674d554acfed0556ae646781babf1ab0907514d9f87bd,14366463090ab20b406b71a7b831817304150ab36a51c477442787a1cfac88be,136,-0.5899023139260692,0.01
2,1,all_agreeing_offsets,wholly_unseen,laplace,uniform,50.0,input_plus_surface,0.1,720abc63837a1c45a58674d554acfed0556ae646781babf1ab0907514d9f87bd,fd3beb4dfc42efa40c0c7f0034a161579e4254f023b60e2c4d24d43760fd6abc,136,-0.6634192990684441,0.01
2,2,all_agreeing_offsets,wholly_unseen,laplace,uniform,50.0,input_plus_surface,0.0,46b216ba26aa11acaa5d3f570ff995f2e06b4023e6af3be0a5801b3a981e0482,0484d464bb3c6b057a61607f56976fc84bdb9a5ed7c739119c2286ebdb5277f0,139,-0.6100254403298743,0.01
2,2,all_agreeing_offsets,wholly_unseen,laplace,uniform,50.0,input_plus_surface,0.0001,46b216ba26aa11acaa5d3f570ff995f2e06b4023e6af3be0a5801b3a981e0482,c7b610212608521dfbe01c5724f02254f4b38db92fbe9e7da3b332f585647813,139,-0.6087088363787385,0.01
2,2,all_agreeing_offsets,wholly_unseen,laplace,uniform,50.0,input_plus_surface,0.001,46b216ba26aa11acaa5d3f570ff995f2e06b4023e6af3be0a5801b3a981e0482,1c670aa4b9bcf7eb7c72c14de8e8af80b456119531b5d038f46815e22f09391d,139,-0.6009381962690638,0.01
2,2,all_agreeing_offsets,wholly_unseen,laplace,uniform,50.0,input_plus_surface,0.01,46b216ba26aa11acaa5d3f570ff995f2e06b4023e6af3be0a5801b3a981e0482,0aeb156dbe8d8da58bfb7d9fcc70368decc443afcc2a016fe2894a958b5bf177,139,-0.5899023139260692,0.01
2,2,all_agreeing_offsets,wholly_unseen,laplace,uniform,50.0,input_plus_surface,0.1,46b216ba26aa11acaa5d3f570ff995f2e06b4023e6af3be0a5801b3a981e0482,c9798588b5008ebf896a6c5371b50b2318fe3d9994d0b4764c1a7a166b4fc466,139,-0.6634192990684441,0.01
2,0,all_agreeing_offsets,wholly_unseen,laplace,uniform,50.0,HU_plus_surface,0.0,6af75daa525968e68fb8d352969dddfe3b92e90b6a86578e4f8560ce19d4e895,9c530bb5b32c7720d64737d2d83331ad4d0075121b6b9600abaf33a48a197aec,137,-0.5956754498822272,0.01
2,0,all_agreeing_offsets,wholly_unseen,laplace,uniform,50.0,HU_plus_surface,0.0001,6af75daa525968e68fb8d352969dddfe3b92e90b6a86578e4f8560ce19d4e895,90e5b769d125c02401f795717265372ffea6b7ec0bc44132fa742bfc0d9e8d02,137,-0.5938280855713008,0.01
2,0,all_agreeing_offsets,wholly_unseen,laplace,uniform,50.0,HU_plus_surface,0.001,6af75daa525968e68fb8d352969dddfe3b92e90b6a86578e4f8560ce19d4e895,73472b47e4cb4544f0158c426a7d710ba218f7bf30ff35389092d289867a20ff,137,-0.5842486630721687,0.01
2,0,all_agreeing_offsets,wholly_unseen,laplace,uniform,50.0,HU_plus_surface,0.01,6af75daa525968e68fb8d352969dddfe3b92e90b6a86578e4f8560ce19d4e895,82671d4503f8863685f14ea2f93df3491bdfc73ae9966c3c095f011c0552eb0c,137,-0.5748150802306257,0.01
2,0,all_agreeing_offsets,wholly_unseen,laplace,uniform,50.0,HU_plus_surface,0.1,6af75daa525968e68fb8d352969dddfe3b92e90b6a86578e4f8560ce19d4e895,df9a961690c706ac661e10011d1fd43f744b572d8a0735817f330d6b64e02d98,137,-0.6558936708089083,0.01
2,1,all_agreeing_offsets,wholly_unseen,laplace,uniform,50.0,HU_plus_surface,0.0,720abc63837a1c45a58674d554acfed0556ae646781babf1ab0907514d9f87bd,9fc579fc83654251217a2e085682f088d672733cd05d36678123c8a4314fbf62,136,-0.5956754498822272,0.01
2,1,all_agreeing_offsets,wholly_unseen,laplace,uniform,50.0,HU_plus_surface,0.0001,720abc63837a1c45a58674d554acfed0556ae646781babf1ab0907514d9f87bd,cff8e185d0695ff0afd0d955392636237c65e4d9f0f8db417e6699d76900725f,136,-0.5938280855713008,0.01
2,1,all_agreeing_offsets,wholly_unseen,laplace,uniform,50.0,HU_plus_surface,0.001,720abc63837a1c45a58674d554acfed0556ae646781babf1ab0907514d9f87bd,4e2af1eb2c67a6f94bbdd9e8e448bb33ac54e884a40aaf83fdfa4274f66ac3c7,136,-0.5842486630721687,0.01
2,1,all_agreeing_offsets,wholly_unseen,laplace,uniform,50.0,HU_plus_surface,0.01,720abc63837a1c45a58674d554acfed0556ae646781babf1ab0907514d9f87bd,5f23434b51cfabc30fe0ad25a78884c92d26fe4ea969ec2d3424a0816c02a5b5,136,-0.5748150802306257,0.01
2,1,all_agreeing_offsets,wholly_unseen,laplace,uniform,50.0,HU_plus_surface,0.1,720abc63837a1c45a58674d554acfed0556ae646781babf1ab0907514d9f87bd,6476514a7c32dbe29937dadbe5d230e0a0fbe05f8f4db02c5a5fa01e168c0bc6,136,-0.6558936708089083,0.01
2,2,all_agreeing_offsets,wholly_unseen,laplace,uniform,50.0,HU_plus_surface,0.0,46b216ba26aa11acaa5d3f570ff995f2e06b4023e6af3be0a5801b3a981e0482,28bab847e9f62764eee9d4cccec902a22d2bc3df8aeb0ddb1c6eb6a59332e197,139,-0.5956754498822272,0.01
2,2,all_agreeing_offsets,wholly_unseen,laplace,uniform,50.0,HU_plus_surface,0.0001,46b216ba26aa11acaa5d3f570ff995f2e06b4023e6af3be0a5801b3a981e0482,f6feae0dc7646e0ea435f78f602db82581a62f3fe75cc1afa21f1ca62ebc765f,139,-0.5938280855713008,0.01
2,2,all_agreeing_offsets,wholly_unseen,laplace,uniform,50.0,HU_plus_surface,0.001,46b216ba26aa11acaa5d3f570ff995f2e06b4023e6af3be0a5801b3a981e0482,4bcd4e19b3efe19a2a1a57e2da9097c710a20d79521bf6ac5e5eb7cf662483ac,139,-0.5842486630721687,0.01
2,2,all_agreeing_offsets,wholly_unseen,laplace,uniform,50.0,HU_plus_surface,0.01,46b216ba26aa11acaa5d3f570ff995f2e06b4023e6af3be0a5801b3a981e0482,a92793dfbddcdf02faa7d74187c32cddaf3cd66c65dacbaf08ce5a330074ab00,139,-0.5748150802306257,0.01
2,2,all_agreeing_offsets,wholly_unseen,laplace,uniform,50.0,HU_plus_surface,0.1,46b216ba26aa11acaa5d3f570ff995f2e06b4023e6af3be0a5801b3a981e0482,1b079804c542e53254a07fa7dcf0c85d63001e3b6b0fb58c8dd45baf948811a6,139,-0.6558936708089083,0.01
2,0,all_agreeing_offsets,wholly_unseen,laplace,uniform,50.0,retention_bounded_plus_HU,0.0,6af75daa525968e68fb8d352969dddfe3b92e90b6a86578e4f8560ce19d4e895,d5e2e9a5157ec73fec5211bf9dffd46c015df28f5a9cf2c230d689af2442bece,137,-0.5742296935446484,0.01
2,0,all_agreeing_offsets,wholly_unseen,laplace,uniform,50.0,retention_bounded_plus_HU,0.0001,6af75daa525968e68fb8d352969dddfe3b92e90b6a86578e4f8560ce19d4e895,af383899d0efe78aedecf182f6dc751004e486b02d0b140aaeafc74ed2ef4568,137,-0.5729190914246584,0.01
2,0,all_agreeing_offsets,wholly_unseen,laplace,uniform,50.0,retention_bounded_plus_HU,0.001,6af75daa525968e68fb8d352969dddfe3b92e90b6a86578e4f8560ce19d4e895,05dbe1e09e3ff56f60040bbbc1aabeb2e71a60d5296738a2bf3c5fbf5f364c86,137,-0.5659081241854583,0.01
2,0,all_agreeing_offsets,wholly_unseen,laplace,uniform,50.0,retention_bounded_plus_HU,0.01,6af75daa525968e68fb8d352969dddfe3b92e90b6a86578e4f8560ce19d4e895,25a8ae9ba1e41a6b0a65c6b57f7b2403f46c1e9228b82277868133911b347891,137,-0.5625130512516547,0.01
2,0,all_agreeing_offsets,wholly_unseen,laplace,uniform,50.0,retention_bounded_plus_HU,0.1,6af75daa525968e68fb8d352969dddfe3b92e90b6a86578e4f8560ce19d4e895,bf7d7781a6e9f159f9d5afdb46d75b3deb2686e1b30df47eb29aa412414793d7,137,-0.6077879752864376,0.01
2,1,all_agreeing_offsets,wholly_unseen,laplace,uniform,50.0,retention_bounded_plus_HU,0.0,720abc63837a1c45a58674d554acfed0556ae646781babf1ab0907514d9f87bd,5525cf1febffc8837235c2999ffba1bb2af82f3c4bd64fd16e9720d774701082,136,-0.5742296935446484,0.01
2,1,all_agreeing_offsets,wholly_unseen,laplace,uniform,50.0,retention_bounded_plus_HU,0.0001,720abc63837a1c45a58674d554acfed0556ae646781babf1ab0907514d9f87bd,f5d375a2dae24af7d627e41c2b72213cd4195418c6d1d2dcd5ec7f52ed8862ea,136,-0.5729190914246584,0.01
2,1,all_agreeing_offsets,wholly_unseen,laplace,uniform,50.0,retention_bounded_plus_HU,0.001,720abc63837a1c45a58674d554acfed0556ae646781babf1ab0907514d9f87bd,00bb429bd142a2baa7b41fa1199e0e580070d3d64988c6290f6b2cf5bb9dc346,136,-0.5659081241854583,0.01
2,1,all_agreeing_offsets,wholly_unseen,laplace,uniform,50.0,retention_bounded_plus_HU,0.01,720abc63837a1c45a58674d554acfed0556ae646781babf1ab0907514d9f87bd,f7bf0606b59e96284a3afa633d0ce40abb8e6f051eaa3a692f9f78dfd5ea86ae,136,-0.5625130512516547,0.01
2,1,all_agreeing_offsets,wholly_unseen,laplace,uniform,50.0,retention_bounded_plus_HU,0.1,720abc63837a1c45a58674d554acfed0556ae646781babf1ab0907514d9f87bd,b17216eb82051cf8041b39c2b2f19b20ce79835f3f2f185ad9254c7cfbc8178e,136,-0.6077879752864376,0.01
2,2,all_agreeing_offsets,wholly_unseen,laplace,uniform,50.0,retention_bounded_plus_HU,0.0,46b216ba26aa11acaa5d3f570ff995f2e06b4023e6af3be0a5801b3a981e0482,acdb310661942c38bac601ecc03b77a96fe86116223c74372f38421d1d5742f6,139,-0.5742296935446484,0.01
2,2,all_agreeing_offsets,wholly_unseen,laplace,uniform,50.0,retention_bounded_plus_HU,0.0001,46b216ba26aa11acaa5d3f570ff995f2e06b4023e6af3be0a5801b3a981e0482,0e01b24ac21f06607d5f51677a4a1c24e9416e58dc52ac3a7f3bb5e3cc9b5fdc,139,-0.5729190914246584,0.01
2,2,all_agreeing_offsets,wholly_unseen,laplace,uniform,50.0,retention_bounded_plus_HU,0.001,46b216ba26aa11acaa5d3f570ff995f2e06b4023e6af3be0a5801b3a981e0482,5f6aa31239d556a9dd7561dcd540dc9c28b24d0f5db261617cd65c9900fa6e1b,139,-0.5659081241854583,0.01
2,2,all_agreeing_offsets,wholly_unseen,laplace,uniform,50.0,retention_bounded_plus_HU,0.01,46b216ba26aa11acaa5d3f570ff995f2e06b4023e6af3be0a5801b3a981e0482,c1712c3281c6f2804ef6cb83d7b8ab2a08d1b7ae7e00188ae7107941a85aeb81,139,-0.5625130512516547,0.01
2,2,all_agreeing_offsets,wholly_unseen,laplace,uniform,50.0,retention_bounded_plus_HU,0.1,46b216ba26aa11acaa5d3f570ff995f2e06b4023e6af3be0a5801b3a981e0482,5a3f71c0cd1d72308aa1746ff43adf25b1bc935d59329af8dce261d05fd987a0,139,-0.6077879752864376,0.01
2,0,all_agreeing_offsets,wholly_unseen,gh80,uniform,50.0,HU_plus_surface,0.0,6af75daa525968e68fb8d352969dddfe3b92e90b6a86578e4f8560ce19d4e895,41477f05bc0efd73e1a79f6c9ec217861c915180532c0611f2b3ba8e959eb191,137,-0.5757180944781178,0.01
2,0,all_agreeing_offsets,wholly_unseen,gh80,uniform,50.0,HU_plus_surface,0.0001,6af75daa525968e68fb8d352969dddfe3b92e90b6a86578e4f8560ce19d4e895,775449e9601476b4514c1ec84e08b620a8f0ac3ebf8036bd4705cc8560fcb227,137,-0.5745815326804657,0.01
2,0,all_agreeing_offsets,wholly_unseen,gh80,uniform,50.0,HU_plus_surface,0.001,6af75daa525968e68fb8d352969dddfe3b92e90b6a86578e4f8560ce19d4e895,e520b290c4059d4a1fac2f89cced40129dd8046c130a6843a6c95e2c233afd03,137,-0.5686021752626255,0.01
2,0,all_agreeing_offsets,wholly_unseen,gh80,uniform,50.0,HU_plus_surface,0.01,6af75daa525968e68fb8d352969dddfe3b92e90b6a86578e4f8560ce19d4e895,82148a6043ff552e7dd0204caadd5b4fcca59b472a52db1b871bf7866d33bc2b,137,-0.5668470529121201,0.01
2,0,all_agreeing_offsets,wholly_unseen,gh80,uniform,50.0,HU_plus_surface,0.1,6af75daa525968e68fb8d352969dddfe3b92e90b6a86578e4f8560ce19d4e895,0bddd5634d092c226f8d381f598ace3fb779046c708eec4bcf641908033bc657,137,-0.6551357798415522,0.01
2,1,all_agreeing_offsets,wholly_unseen,gh80,uniform,50.0,HU_plus_surface,0.0,720abc63837a1c45a58674d554acfed0556ae646781babf1ab0907514d9f87bd,006d91a94a8ec5826907786734e0b9cd058d7f6fade7ff87c2eb8a25462b05b4,136,-0.5757180944781178,0.01
2,1,all_agreeing_offsets,wholly_unseen,gh80,uniform,50.0,HU_plus_surface,0.0001,720abc63837a1c45a58674d554acfed0556ae646781babf1ab0907514d9f87bd,0b36b3828a0ca6908a2b825d1af023b8ebfdaa828109887f915123d331c03ab5,136,-0.5745815326804657,0.01
2,1,all_agreeing_offsets,wholly_unseen,gh80,uniform,50.0,HU_plus_surface,0.001,720abc63837a1c45a58674d554acfed0556ae646781babf1ab0907514d9f87bd,d6a0d86f9aa7208a69254b0e230b58ead3adfc57f6ae68f18587a1f70ebafc9c,136,-0.5686021752626255,0.01
2,1,all_agreeing_offsets,wholly_unseen,gh80,uniform,50.0,HU_plus_surface,0.01,720abc63837a1c45a58674d554acfed0556ae646781babf1ab0907514d9f87bd,848a8e441f19962fae100edf8694e2a3a7da6cf58f92ecdfb0fe11d0d64b9306,136,-0.5668470529121201,0.01
2,1,all_agreeing_offsets,wholly_unseen,gh80,uniform,50.0,HU_plus_surface,0.1,720abc63837a1c45a58674d554acfed0556ae646781babf1ab0907514d9f87bd,aed760a7f049f8773c13fb1697b7036664d434d8eac0c6cdc4d68b0c599f9fcf,136,-0.6551357798415522,0.01
2,2,all_agreeing_offsets,wholly_unseen,gh80,uniform,50.0,HU_plus_surface,0.0,46b216ba26aa11acaa5d3f570ff995f2e06b4023e6af3be0a5801b3a981e0482,7b1b5eb5dc9dbfe84a35dbb7089340b98e9cb600c64407b1bf9ab0ef71c014c4,139,-0.5757180944781178,0.01
2,2,all_agreeing_offsets,wholly_unseen,gh80,uniform,50.0,HU_plus_surface,0.0001,46b216ba26aa11acaa5d3f570ff995f2e06b4023e6af3be0a5801b3a981e0482,d5197820038da92d4c9acf9f63d638115a0931090dc01d0adf1479e392c6640c,139,-0.5745815326804657,0.01
2,2,all_agreeing_offsets,wholly_unseen,gh80,uniform,50.0,HU_plus_surface,0.001,46b216ba26aa11acaa5d3f570ff995f2e06b4023e6af3be0a5801b3a981e0482,0faa4893b2dc678100a315298b5b531ffc237a18806730aa30b5e4ea2320323d,139,-0.5686021752626255,0.01
2,2,all_agreeing_offsets,wholly_unseen,gh80,uniform,50.0,HU_plus_surface,0.01,46b216ba26aa11acaa5d3f570ff995f2e06b4023e6af3be0a5801b3a981e0482,465acc49594c4fb208f8bacf4938226265b8604361abff4181f3cb5943bceae5,139,-0.5668470529121201,0.01
2,2,all_agreeing_offsets,wholly_unseen,gh80,uniform,50.0,HU_plus_surface,0.1,46b216ba26aa11acaa5d3f570ff995f2e06b4023e6af3be0a5801b3a981e0482,24ad747560448efa28cc0a31a6cf394e50336333f0be8262935505b245134a61,139,-0.6551357798415522,0.01
2,0,all_agreeing_offsets,wholly_unseen,gh80,uniform,50.0,retention_bounded_plus_HU,0.0,6af75daa525968e68fb8d352969dddfe3b92e90b6a86578e4f8560ce19d4e895,d385349ac8b4bc738055196e471fb9a600ab841645c9c14fb97eb2008964d95c,137,-0.5682262251715405,0.0001
2,0,all_agreeing_offsets,wholly_unseen,gh80,uniform,50.0,retention_bounded_plus_HU,0.0001,6af75daa525968e68fb8d352969dddfe3b92e90b6a86578e4f8560ce19d4e895,b309c6e7e3fdda9b14e2c80aa1e3d9d5f3f28e7f7736199a9fcfb046a9f6b423,137,-0.567378168616257,0.0001
2,0,all_agreeing_offsets,wholly_unseen,gh80,uniform,50.0,retention_bounded_plus_HU,0.001,6af75daa525968e68fb8d352969dddfe3b92e90b6a86578e4f8560ce19d4e895,11364ccef8c5a5bbbac97722f9a44b28853d789ee3bf78db56801ae2e0c8f939,137,-0.5686886712429602,0.0001
2,0,all_agreeing_offsets,wholly_unseen,gh80,uniform,50.0,retention_bounded_plus_HU,0.01,6af75daa525968e68fb8d352969dddfe3b92e90b6a86578e4f8560ce19d4e895,c979eed80bd5f513cf0c688ec889b71144ca59ba560270b0d5de06582145b56a,137,-0.5683162436566481,0.0001
2,0,all_agreeing_offsets,wholly_unseen,gh80,uniform,50.0,retention_bounded_plus_HU,0.1,6af75daa525968e68fb8d352969dddfe3b92e90b6a86578e4f8560ce19d4e895,7db5fd9e57e9160b4dc3ee35d9213df5c945300528e21777c1c3484753da846c,137,-0.6113469075344677,0.0001
2,1,all_agreeing_offsets,wholly_unseen,gh80,uniform,50.0,retention_bounded_plus_HU,0.0,720abc63837a1c45a58674d554acfed0556ae646781babf1ab0907514d9f87bd,81502b2752b2be8d15fb2fc5445caf07340af30d28329b747f68eca2346d2d94,136,-0.5682262251715405,0.0001
2,1,all_agreeing_offsets,wholly_unseen,gh80,uniform,50.0,retention_bounded_plus_HU,0.0001,720abc63837a1c45a58674d554acfed0556ae646781babf1ab0907514d9f87bd,3ca89013c450d777bb5d6223953b2b89daa4ffa8379029da9ef3b7d5a8bd9b16,136,-0.567378168616257,0.0001
2,1,all_agreeing_offsets,wholly_unseen,gh80,uniform,50.0,retention_bounded_plus_HU,0.001,720abc63837a1c45a58674d554acfed0556ae646781babf1ab0907514d9f87bd,ccd0b4fc17d085a9dadb40b084ab393ebfc9e3ffcd765d394a691441ba934aca,136,-0.5686886712429602,0.0001
2,1,all_agreeing_offsets,wholly_unseen,gh80,uniform,50.0,retention_bounded_plus_HU,0.01,720abc63837a1c45a58674d554acfed0556ae646781babf1ab0907514d9f87bd,e1f17e2935184fdc355c2d738dba149738b3e1505daa7f169947e147960cfaf6,136,-0.5683162436566481,0.0001
2,1,all_agreeing_offsets,wholly_unseen,gh80,uniform,50.0,retention_bounded_plus_HU,0.1,720abc63837a1c45a58674d554acfed0556ae646781babf1ab0907514d9f87bd,07a0a4a030fb54c1419f297e0173fa1d78a7576925710e930b1040cef66c1441,136,-0.6113469075344677,0.0001
2,2,all_agreeing_offsets,wholly_unseen,gh80,uniform,50.0,retention_bounded_plus_HU,0.0,46b216ba26aa11acaa5d3f570ff995f2e06b4023e6af3be0a5801b3a981e0482,554c86663611d2579072627f5e4e96f0331ad53720399bac32a1ccf441abcf75,139,-0.5682262251715405,0.0001
2,2,all_agreeing_offsets,wholly_unseen,gh80,uniform,50.0,retention_bounded_plus_HU,0.0001,46b216ba26aa11acaa5d3f570ff995f2e06b4023e6af3be0a5801b3a981e0482,4b8d0b3c4c37d0f0b172e0fcde5e7b28d736ae338095c656fb484f131a1e81c2,139,-0.567378168616257,0.0001
2,2,all_agreeing_offsets,wholly_unseen,gh80,uniform,50.0,retention_bounded_plus_HU,0.001,46b216ba26aa11acaa5d3f570ff995f2e06b4023e6af3be0a5801b3a981e0482,b8c76f55024f391c09c3911e4a734f573824261075ce5e1f79f43e8e5c4dfdae,139,-0.5686886712429602,0.0001
2,2,all_agreeing_offsets,wholly_unseen,gh80,uniform,50.0,retention_bounded_plus_HU,0.01,46b216ba26aa11acaa5d3f570ff995f2e06b4023e6af3be0a5801b3a981e0482,661e62e2d4291c0fa45a6514f86d2bcb9a15b4a1e9966efd7ec1206c5beb1cee,139,-0.5683162436566481,0.0001
2,2,all_agreeing_offsets,wholly_unseen,gh80,uniform,50.0,retention_bounded_plus_HU,0.1,46b216ba26aa11acaa5d3f570ff995f2e06b4023e6af3be0a5801b3a981e0482,1955ae876c3524f009560f7ec9cec3db8bf595135ae63d07f8efd602b0cdad24,139,-0.6113469075344677,0.0001
2,0,unrounded_strict,side_informed,laplace,uniform,50.0,retention_bounded,0.0,88cfbf3d123c09aeb16cc5603a8216ea53798432be360bfe759e416735aee1e6,725d2f870321d55abed0bd9e8ec3712fec26ca3ad0ce6bf0116601bc579ce908,91,-0.36276180248943074,0.01
2,0,unrounded_strict,side_informed,laplace,uniform,50.0,retention_bounded,0.0001,88cfbf3d123c09aeb16cc5603a8216ea53798432be360bfe759e416735aee1e6,d736a73fe80082c3b47f6fbb3001b64c1b15386e5fd2968ef3f449a1c196267e,91,-0.36180069451120017,0.01
2,0,unrounded_strict,side_informed,laplace,uniform,50.0,retention_bounded,0.001,88cfbf3d123c09aeb16cc5603a8216ea53798432be360bfe759e416735aee1e6,14c2d954b12199b55eccec80b49eb9bb2da67b2355211a54d3c89376ff49a568,91,-0.35481751882114726,0.01
2,0,unrounded_strict,side_informed,laplace,uniform,50.0,retention_bounded,0.01,88cfbf3d123c09aeb16cc5603a8216ea53798432be360bfe759e416735aee1e6,1dd2d5fe5cf1dfd46c3929dc7da5053bc32647df597820c43b4754cfd7913d2d,91,-0.3311091427141205,0.01
2,0,unrounded_strict,side_informed,laplace,uniform,50.0,retention_bounded,0.1,88cfbf3d123c09aeb16cc5603a8216ea53798432be360bfe759e416735aee1e6,41f5106419afe02883358ff14c515ee363fb01026a28a8257457778e875c86c8,91,-0.3582186389337176,0.01
2,1,unrounded_strict,side_informed,laplace,uniform,50.0,retention_bounded,0.0,b866bd6ecb3ec5659d4de6b67167b6378955e1543fe258d36dee45860d110980,9f224eaafc7ed8b98e559b49f122c2e342378ea02a3c76051e80c6ec58b6ce27,89,-0.36276180248943074,0.01
2,1,unrounded_strict,side_informed,laplace,uniform,50.0,retention_bounded,0.0001,b866bd6ecb3ec5659d4de6b67167b6378955e1543fe258d36dee45860d110980,b49a64a5ed94d7857fa355b7221428c0a3a37cd37d909e127110b303842a11e3,89,-0.36180069451120017,0.01
2,1,unrounded_strict,side_informed,laplace,uniform,50.0,retention_bounded,0.001,b866bd6ecb3ec5659d4de6b67167b6378955e1543fe258d36dee45860d110980,4551f24ba406f966a8b70d5e230fa6b60cbed1fc35cbb048a16819746dcb023b,89,-0.35481751882114726,0.01
2,1,unrounded_strict,side_informed,laplace,uniform,50.0,retention_bounded,0.01,b866bd6ecb3ec5659d4de6b67167b6378955e1543fe258d36dee45860d110980,c2e2fc7f669da152579cd5aeda2769365743959ab47b904726aca9ce38883f8e,89,-0.3311091427141205,0.01
2,1,unrounded_strict,side_informed,laplace,uniform,50.0,retention_bounded,0.1,b866bd6ecb3ec5659d4de6b67167b6378955e1543fe258d36dee45860d110980,41888cf64736ea9517267c8ba2e697b5b57d26bc83037afe38b8edd538135e51,89,-0.3582186389337176,0.01
2,2,unrounded_strict,side_informed,laplace,uniform,50.0,retention_bounded,0.0,6ebbd52c6c997d69db148aa80e059a97f5040959d2c6399495016458f9911221,1bd86427b4faf41e79147210a741786cb84637a7806f9df192a7481d591d1283,90,-0.36276180248943074,0.01
2,2,unrounded_strict,side_informed,laplace,uniform,50.0,retention_bounded,0.0001,6ebbd52c6c997d69db148aa80e059a97f5040959d2c6399495016458f9911221,15a515ce642e7bf21bfe9ea7be6b2d74543b52d1cfd3f1e4a08bb8bf7a82de55,90,-0.36180069451120017,0.01
2,2,unrounded_strict,side_informed,laplace,uniform,50.0,retention_bounded,0.001,6ebbd52c6c997d69db148aa80e059a97f5040959d2c6399495016458f9911221,2acd222786e4dbd397aa6a8af7eda0629e0997dd2f937ccad765dd6227cf8ae9,90,-0.35481751882114726,0.01
2,2,unrounded_strict,side_informed,laplace,uniform,50.0,retention_bounded,0.01,6ebbd52c6c997d69db148aa80e059a97f5040959d2c6399495016458f9911221,518db36d61129541d0713f46f3d626f2e0c8b5d7c42d1558ee60ec2bbdf45a45,90,-0.3311091427141205,0.01
2,2,unrounded_strict,side_informed,laplace,uniform,50.0,retention_bounded,0.1,6ebbd52c6c997d69db148aa80e059a97f5040959d2c6399495016458f9911221,93c4da6305d28061122a7a64d6e2ee6d231b328effea05b93e9bc5c40014d0b8,90,-0.3582186389337176,0.01
2,0,unrounded_strict,side_informed,laplace,uniform,50.0,retention_nonnegative,0.0,88cfbf3d123c09aeb16cc5603a8216ea53798432be360bfe759e416735aee1e6,d35bbf016c06fca085962205d704f12f73bd1cd6330c79cd654a62101686c5aa,91,-0.36276180308488093,0.01
2,0,unrounded_strict,side_informed,laplace,uniform,50.0,retention_nonnegative,0.0001,88cfbf3d123c09aeb16cc5603a8216ea53798432be360bfe759e416735aee1e6,f3c4def4b1c803a08b379ec2de9354c3c182dd390d1fc12898a8979af5aacf14,91,-0.36180187036553796,0.01
2,0,unrounded_strict,side_informed,laplace,uniform,50.0,retention_nonnegative,0.001,88cfbf3d123c09aeb16cc5603a8216ea53798432be360bfe759e416735aee1e6,7f15e63a0f4dd01725c21a35fc7216d043d573bc6a6b670f71dd3a1e518e078c,91,-0.3554452627353804,0.01
2,0,unrounded_strict,side_informed,laplace,uniform,50.0,retention_nonnegative,0.01,88cfbf3d123c09aeb16cc5603a8216ea53798432be360bfe759e416735aee1e6,13ec185fbd4d4f50b03e9b1004b6a607b2bfe01d68b544779c512d0598ebea92,91,-0.34433257375811926,0.01
2,0,unrounded_strict,side_informed,laplace,uniform,50.0,retention_nonnegative,0.1,88cfbf3d123c09aeb16cc5603a8216ea53798432be360bfe759e416735aee1e6,4a04f6af05b3e415a04e8981ef512081014e10dc907920b0684147565d5b6dfb,91,-0.4074161292213846,0.01
2,1,unrounded_strict,side_informed,laplace,uniform,50.0,retention_nonnegative,0.0,b866bd6ecb3ec5659d4de6b67167b6378955e1543fe258d36dee45860d110980,88d94d4793fb0a43d1b05074355d47d762d13e9f154e4ba52abea9d9622dc5f0,89,-0.36276180308488093,0.01
2,1,unrounded_strict,side_informed,laplace,uniform,50.0,retention_nonnegative,0.0001,b866bd6ecb3ec5659d4de6b67167b6378955e1543fe258d36dee45860d110980,cbfa7b24732156d60e55bb2f0b97dee4860315cee6ec1cd80b56aa83ba2f1300,89,-0.36180187036553796,0.01
2,1,unrounded_strict,side_informed,laplace,uniform,50.0,retention_nonnegative,0.001,b866bd6ecb3ec5659d4de6b67167b6378955e1543fe258d36dee45860d110980,c04aefeb2506b80ba05bec71ec3b221eba39ce2a82f3dc9d5a268463430aa4ae,89,-0.3554452627353804,0.01
2,1,unrounded_strict,side_informed,laplace,uniform,50.0,retention_nonnegative,0.01,b866bd6ecb3ec5659d4de6b67167b6378955e1543fe258d36dee45860d110980,1b70ee706745ff8f183c48e2baaaa4ceed23539decd3fe68b5d51746562e32f1,89,-0.34433257375811926,0.01
2,1,unrounded_strict,side_informed,laplace,uniform,50.0,retention_nonnegative,0.1,b866bd6ecb3ec5659d4de6b67167b6378955e1543fe258d36dee45860d110980,01d8a0c679fcf59f020724c43799445efa153b66051d7ea75addad3bf0264c4d,89,-0.4074161292213846,0.01
2,2,unrounded_strict,side_informed,laplace,uniform,50.0,retention_nonnegative,0.0,6ebbd52c6c997d69db148aa80e059a97f5040959d2c6399495016458f9911221,06029a0a4b2bfd1a58feca0d965c3ec5a533417ae2ee24106f16e719f9aaa5f0,90,-0.36276180308488093,0.01
2,2,unrounded_strict,side_informed,laplace,uniform,50.0,retention_nonnegative,0.0001,6ebbd52c6c997d69db148aa80e059a97f5040959d2c6399495016458f9911221,9f1c47e8db4fa66bc80c2e8778779e43ad99dbefadc9b4b9c9b061b3a52f04ac,90,-0.36180187036553796,0.01
2,2,unrounded_strict,side_informed,laplace,uniform,50.0,retention_nonnegative,0.001,6ebbd52c6c997d69db148aa80e059a97f5040959d2c6399495016458f9911221,14cfe613169a02d7e325dd685a598776fcd710dcd0ca4cc84a1b775f4974db9d,90,-0.3554452627353804,0.01
2,2,unrounded_strict,side_informed,laplace,uniform,50.0,retention_nonnegative,0.01,6ebbd52c6c997d69db148aa80e059a97f5040959d2c6399495016458f9911221,cc7faa7769edca60d65f4cf4a815c1cd7d0b776ebfee5d633faa302270a47655,90,-0.34433257375811926,0.01
2,2,unrounded_strict,side_informed,laplace,uniform,50.0,retention_nonnegative,0.1,6ebbd52c6c997d69db148aa80e059a97f5040959d2c6399495016458f9911221,ffdc042bc5c66fd6c9ddb5f3b058175d8e56318f91fdc89e99978b363dc18a67,90,-0.4074161292213846,0.01
2,0,unrounded_strict,side_informed,laplace,uniform,50.0,current_only,0.0,88cfbf3d123c09aeb16cc5603a8216ea53798432be360bfe759e416735aee1e6,fa5e4ceaf6cdff44f718819695fa304d3b35d7a3181a79d20c437dffaeb96fb8,91,-0.5872498642302184,0.01
2,0,unrounded_strict,side_informed,laplace,uniform,50.0,current_only,0.0001,88cfbf3d123c09aeb16cc5603a8216ea53798432be360bfe759e416735aee1e6,cf899e649a9761f6c4699051810d6cf7bfa3a752e497cb05c6435faac132059c,91,-0.5871943938110178,0.01
2,0,unrounded_strict,side_informed,laplace,uniform,50.0,current_only,0.001,88cfbf3d123c09aeb16cc5603a8216ea53798432be360bfe759e416735aee1e6,d216f334750995d0cdf701abf3bee0b6084cff2d8e8c6588f8ebf5cfc18f83e2,91,-0.5867157336282088,0.01
2,0,unrounded_strict,side_informed,laplace,uniform,50.0,current_only,0.01,88cfbf3d123c09aeb16cc5603a8216ea53798432be360bfe759e416735aee1e6,235203aad79fb6ee3b7d2d49cf8931a8379883c5a77207c8987cb4927b2fff71,91,-0.5835604850777488,0.01
2,0,unrounded_strict,side_informed,laplace,uniform,50.0,current_only,0.1,88cfbf3d123c09aeb16cc5603a8216ea53798432be360bfe759e416735aee1e6,f9e43485ef95e7b187a138d2ddf2f4c68c5b8f26c26a9769716d13465412f2e8,91,-0.5985239883987835,0.01
2,1,unrounded_strict,side_informed,laplace,uniform,50.0,current_only,0.0,b866bd6ecb3ec5659d4de6b67167b6378955e1543fe258d36dee45860d110980,c2238f4201d0fd09f897d2b995a01f6601e5f185594af009874f5c34431f8fb7,89,-0.5872498642302184,0.01
2,1,unrounded_strict,side_informed,laplace,uniform,50.0,current_only,0.0001,b866bd6ecb3ec5659d4de6b67167b6378955e1543fe258d36dee45860d110980,32339d56768e6066e740f3f1c738fb08125f75bc65c18d46fcd61435399bbfed,89,-0.5871943938110178,0.01
2,1,unrounded_strict,side_informed,laplace,uniform,50.0,current_only,0.001,b866bd6ecb3ec5659d4de6b67167b6378955e1543fe258d36dee45860d110980,bdc99576184cfdc7c50147d62bec0ad77100de08d2fad7e920d8a690ba27b468,89,-0.5867157336282088,0.01
2,1,unrounded_strict,side_informed,laplace,uniform,50.0,current_only,0.01,b866bd6ecb3ec5659d4de6b67167b6378955e1543fe258d36dee45860d110980,736cdcb00ffa847e4ecfdbf2d3754f8d9b9c50534a7013682cfd39ae870d1833,89,-0.5835604850777488,0.01
2,1,unrounded_strict,side_informed,laplace,uniform,50.0,current_only,0.1,b866bd6ecb3ec5659d4de6b67167b6378955e1543fe258d36dee45860d110980,f2c290f9554ac7ae704d2427f2399ffef44c053190e003a6a5a70e0ce6cc3f64,89,-0.5985239883987835,0.01
2,2,unrounded_strict,side_informed,laplace,uniform,50.0,current_only,0.0,6ebbd52c6c997d69db148aa80e059a97f5040959d2c6399495016458f9911221,0b2f05eac43dbe7135d01553dd7e4a87ee6a61124b18291759cd8457cb0f4fa0,90,-0.5872498642302184,0.01
2,2,unrounded_strict,side_informed,laplace,uniform,50.0,current_only,0.0001,6ebbd52c6c997d69db148aa80e059a97f5040959d2c6399495016458f9911221,60b7407d7a96cc60bc64a9af046c953146acd4d5eab6de400faae13ee672f8a0,90,-0.5871943938110178,0.01
2,2,unrounded_strict,side_informed,laplace,uniform,50.0,current_only,0.001,6ebbd52c6c997d69db148aa80e059a97f5040959d2c6399495016458f9911221,11691a982774d00795c917e758542c120dc775005697392bed53c6192a9f07af,90,-0.5867157336282088,0.01
2,2,unrounded_strict,side_informed,laplace,uniform,50.0,current_only,0.01,6ebbd52c6c997d69db148aa80e059a97f5040959d2c6399495016458f9911221,fec09d5f6787472de9c5c6cd7606ee3829aba59b87820c85060a8c63ab675828,90,-0.5835604850777488,0.01
2,2,unrounded_strict,side_informed,laplace,uniform,50.0,current_only,0.1,6ebbd52c6c997d69db148aa80e059a97f5040959d2c6399495016458f9911221,24a6195cfae69bea3dc373cf4bfa13cc605754cbdac3ea922f36bf811feb193d,90,-0.5985239883987835,0.01
2,0,unrounded_strict,side_informed,laplace,uniform,50.0,input_plus_surface,0.0,88cfbf3d123c09aeb16cc5603a8216ea53798432be360bfe759e416735aee1e6,dadfd67fbb4c0d4a3ff0f9a73cf477d60ecfa5e9abdc09899cc005e2acb15d5a,91,-0.3447241251708081,0.01
2,0,unrounded_strict,side_informed,laplace,uniform,50.0,input_plus_surface,0.0001,88cfbf3d123c09aeb16cc5603a8216ea53798432be360bfe759e416735aee1e6,a1e77486bfa71970c08dcd6c0a0218cd055612f75bdec26eb0b05646948ca44b,91,-0.34372529267427093,0.01
2,0,unrounded_strict,side_informed,laplace,uniform,50.0,input_plus_surface,0.001,88cfbf3d123c09aeb16cc5603a8216ea53798432be360bfe759e416735aee1e6,c13a9d8606809a673fdd0a1c844e48e4ffa55040f8659d75c59681f79912895c,91,-0.33658913561243464,0.01
2,0,unrounded_strict,side_informed,laplace,uniform,50.0,input_plus_surface,0.01,88cfbf3d123c09aeb16cc5603a8216ea53798432be360bfe759e416735aee1e6,49ad9636a0159036a29c44c9d15116531a1368d954a7adf8fa1525182e892720,91,-0.3163360266482165,0.01
2,0,unrounded_strict,side_informed,laplace,uniform,50.0,input_plus_surface,0.1,88cfbf3d123c09aeb16cc5603a8216ea53798432be360bfe759e416735aee1e6,a5681ec52733fb293728f069e77ac02f15f296469bb0360df2c7b5e545710c91,91,-0.3663808236409836,0.01
2,1,unrounded_strict,side_informed,laplace,uniform,50.0,input_plus_surface,0.0,b866bd6ecb3ec5659d4de6b67167b6378955e1543fe258d36dee45860d110980,3826ef9296e2ab87aa52b61b88d58fd2af60fb9a42b888d5ab29ca1c33b59546,89,-0.3447241251708081,0.01
2,1,unrounded_strict,side_informed,laplace,uniform,50.0,input_plus_surface,0.0001,b866bd6ecb3ec5659d4de6b67167b6378955e1543fe258d36dee45860d110980,d7d2b4ac8de667a0dbe2053ba69d57a091fff42acd910e20c46247e9df94fa1d,89,-0.34372529267427093,0.01
2,1,unrounded_strict,side_informed,laplace,uniform,50.0,input_plus_surface,0.001,b866bd6ecb3ec5659d4de6b67167b6378955e1543fe258d36dee45860d110980,3776cbbd2c64e2617c12c10486a5761619b7cf945d4ab5631156740011dd8cb0,89,-0.33658913561243464,0.01
2,1,unrounded_strict,side_informed,laplace,uniform,50.0,input_plus_surface,0.01,b866bd6ecb3ec5659d4de6b67167b6378955e1543fe258d36dee45860d110980,8941c5064c637f71d8b9c145bfe29090572431f9f94da226f689d74b159dab59,89,-0.3163360266482165,0.01
2,1,unrounded_strict,side_informed,laplace,uniform,50.0,input_plus_surface,0.1,b866bd6ecb3ec5659d4de6b67167b6378955e1543fe258d36dee45860d110980,b3cd200d9dfa584340994b71f7be29ac200b032baafea997a9b8601672ed1001,89,-0.3663808236409836,0.01
2,2,unrounded_strict,side_informed,laplace,uniform,50.0,input_plus_surface,0.0,6ebbd52c6c997d69db148aa80e059a97f5040959d2c6399495016458f9911221,60c7a88ec83fba2ecd9c7a68498c26581d34c320365d60dd6c4077c02e87ca8a,90,-0.3447241251708081,0.01
2,2,unrounded_strict,side_informed,laplace,uniform,50.0,input_plus_surface,0.0001,6ebbd52c6c997d69db148aa80e059a97f5040959d2c6399495016458f9911221,9cfe0b5c9f21b03a6477cc7d9ca20b499f97ae9782b559f0d8cf2bb7a16db5e6,90,-0.34372529267427093,0.01
2,2,unrounded_strict,side_informed,laplace,uniform,50.0,input_plus_surface,0.001,6ebbd52c6c997d69db148aa80e059a97f5040959d2c6399495016458f9911221,0b958499b4a91db58313986a54fa9752b263ba1d68c4230a72e720e479b15c38,90,-0.33658913561243464,0.01
2,2,unrounded_strict,side_informed,laplace,uniform,50.0,input_plus_surface,0.01,6ebbd52c6c997d69db148aa80e059a97f5040959d2c6399495016458f9911221,6fcce4ae2043e496bb74732ad218a336a8286e97d0e74666c264e148c5404d68,90,-0.3163360266482165,0.01
2,2,unrounded_strict,side_informed,laplace,uniform,50.0,input_plus_surface,0.1,6ebbd52c6c997d69db148aa80e059a97f5040959d2c6399495016458f9911221,8a2ee4a03bd149ece83ddac24bd69f30461140ef444e9e92b7c5e548e8ac6dfe,90,-0.3663808236409836,0.01
2,0,unrounded_strict,side_informed,laplace,uniform,50.0,HU_plus_surface,0.0,88cfbf3d123c09aeb16cc5603a8216ea53798432be360bfe759e416735aee1e6,f4db3fd99a9057b43c2b38f57d6a38da3c51ef21dba5b5341fc6ee9beb15a6f5,91,-0.35415658234350716,0.01
2,0,unrounded_strict,side_informed,laplace,uniform,50.0,HU_plus_surface,0.0001,88cfbf3d123c09aeb16cc5603a8216ea53798432be360bfe759e416735aee1e6,e850e77de853a02343ff878c0a14b6c324039605203e72aed802fe679d312dca,91,-0.3527228131891978,0.01
2,0,unrounded_strict,side_informed,laplace,uniform,50.0,HU_plus_surface,0.001,88cfbf3d123c09aeb16cc5603a8216ea53798432be360bfe759e416735aee1e6,7471d4e518bc6f5c93b5543947cb9e3aef15a8aea39f74108f923ac4f8c30299,91,-0.343194869102155,0.01
2,0,unrounded_strict,side_informed,laplace,uniform,50.0,HU_plus_surface,0.01,88cfbf3d123c09aeb16cc5603a8216ea53798432be360bfe759e416735aee1e6,c923d801cc17043f18506ed7832e63fc7c14afdee2515688b63c10050533fde8,91,-0.3189116385290844,0.01
2,0,unrounded_strict,side_informed,laplace,uniform,50.0,HU_plus_surface,0.1,88cfbf3d123c09aeb16cc5603a8216ea53798432be360bfe759e416735aee1e6,ab99f6049d44bb3fa832c3845abdcbe943778a4413702616e544bb74c21f8048,91,-0.3676843204012304,0.01
2,1,unrounded_strict,side_informed,laplace,uniform,50.0,HU_plus_surface,0.0,b866bd6ecb3ec5659d4de6b67167b6378955e1543fe258d36dee45860d110980,f3f9dcfd52dfc08790361c20927494d64dc9f418013f68c9996ac60bd1e2acea,89,-0.35415658234350716,0.01
2,1,unrounded_strict,side_informed,laplace,uniform,50.0,HU_plus_surface,0.0001,b866bd6ecb3ec5659d4de6b67167b6378955e1543fe258d36dee45860d110980,5b3904679fde2f45c1c1b66b06eb3ca3d337e2c5561167cd297f1b09c187602c,89,-0.3527228131891978,0.01
2,1,unrounded_strict,side_informed,laplace,uniform,50.0,HU_plus_surface,0.001,b866bd6ecb3ec5659d4de6b67167b6378955e1543fe258d36dee45860d110980,dff6ed4741a8a2f4ef4fd1dad18fe8d934dade74626f1f7a24523ee10a3c2edd,89,-0.343194869102155,0.01
2,1,unrounded_strict,side_informed,laplace,uniform,50.0,HU_plus_surface,0.01,b866bd6ecb3ec5659d4de6b67167b6378955e1543fe258d36dee45860d110980,15575bd38122d1bf3772c2f371eafe2c52ea4c72223bc7577e837ca3174ef885,89,-0.3189116385290844,0.01
2,1,unrounded_strict,side_informed,laplace,uniform,50.0,HU_plus_surface,0.1,b866bd6ecb3ec5659d4de6b67167b6378955e1543fe258d36dee45860d110980,814ae9c80988dd1f45338f47a8293d8f06b3257fbd03511da4da05d098392df6,89,-0.3676843204012304,0.01
2,2,unrounded_strict,side_informed,laplace,uniform,50.0,HU_plus_surface,0.0,6ebbd52c6c997d69db148aa80e059a97f5040959d2c6399495016458f9911221,212e9505f909c479842233b9ca8229326844e75c2a789789e59d1faa8df61785,90,-0.35415658234350716,0.01
2,2,unrounded_strict,side_informed,laplace,uniform,50.0,HU_plus_surface,0.0001,6ebbd52c6c997d69db148aa80e059a97f5040959d2c6399495016458f9911221,9ee8fd295039801e29ea047b9a2bc85c6d2e8b6a831b7280a046f7644aca0b07,90,-0.3527228131891978,0.01
2,2,unrounded_strict,side_informed,laplace,uniform,50.0,HU_plus_surface,0.001,6ebbd52c6c997d69db148aa80e059a97f5040959d2c6399495016458f9911221,e2d0cd69549a461375b4c468575a0544897f7164a6d27ddb8b01130d76a2111d,90,-0.343194869102155,0.01
2,2,unrounded_strict,side_informed,laplace,uniform,50.0,HU_plus_surface,0.01,6ebbd52c6c997d69db148aa80e059a97f5040959d2c6399495016458f9911221,43ad3937f9b82c64dc136c3ca0bd1433b7f8151cbe621627021d4eee99886201,90,-0.3189116385290844,0.01
2,2,unrounded_strict,side_informed,laplace,uniform,50.0,HU_plus_surface,0.1,6ebbd52c6c997d69db148aa80e059a97f5040959d2c6399495016458f9911221,5efc56f0006f13afe5a875446a0b7c851e150c0e75f7836be2522768f838eef5,90,-0.3676843204012304,0.01
2,0,unrounded_strict,side_informed,laplace,uniform,50.0,retention_bounded_plus_HU,0.0,88cfbf3d123c09aeb16cc5603a8216ea53798432be360bfe759e416735aee1e6,2407227837e9c5274d1659a38ef46648173ebe550251b89dec1b99fd572f3506,91,-0.36163138485357976,0.01
2,0,unrounded_strict,side_informed,laplace,uniform,50.0,retention_bounded_plus_HU,0.0001,88cfbf3d123c09aeb16cc5603a8216ea53798432be360bfe759e416735aee1e6,87df874ba36bb109e2cb437d668d4e71a2c5c9828ef165aff0e38819dbb64df1,91,-0.3599495912644923,0.01
2,0,unrounded_strict,side_informed,laplace,uniform,50.0,retention_bounded_plus_HU,0.001,88cfbf3d123c09aeb16cc5603a8216ea53798432be360bfe759e416735aee1e6,668c8f582e6354f7c3bf66a41ee6d885f6c3f30ac984fca5a766e66bf93a6ce5,91,-0.34982407432857904,0.01
2,0,unrounded_strict,side_informed,laplace,uniform,50.0,retention_bounded_plus_HU,0.01,88cfbf3d123c09aeb16cc5603a8216ea53798432be360bfe759e416735aee1e6,03bf222fda5754d0eb5e91f6c7d8f837d95501ed0f3efa143d5f8fa996f06c25,91,-0.33079843960912186,0.01
2,0,unrounded_strict,side_informed,laplace,uniform,50.0,retention_bounded_plus_HU,0.1,88cfbf3d123c09aeb16cc5603a8216ea53798432be360bfe759e416735aee1e6,21fd6931cefbea69e1c87a02d0d8dc0b7e5876bdeb968648ab32b7036ff5990a,91,-0.3384214214812738,0.01
2,1,unrounded_strict,side_informed,laplace,uniform,50.0,retention_bounded_plus_HU,0.0,b866bd6ecb3ec5659d4de6b67167b6378955e1543fe258d36dee45860d110980,4ece9840703fb1827308fe77ba9986589c9c0607835144d4e06d616937d8fcd5,89,-0.36163138485357976,0.01
2,1,unrounded_strict,side_informed,laplace,uniform,50.0,retention_bounded_plus_HU,0.0001,b866bd6ecb3ec5659d4de6b67167b6378955e1543fe258d36dee45860d110980,7da9931954fc9770751907dbe705f38eb2a908b8b36a0ff94dc68d4fb790b60b,89,-0.3599495912644923,0.01
2,1,unrounded_strict,side_informed,laplace,uniform,50.0,retention_bounded_plus_HU,0.001,b866bd6ecb3ec5659d4de6b67167b6378955e1543fe258d36dee45860d110980,1993eae72ffab564a55f41540562f4b1b5314de3d7685f7c6654d2582752c039,89,-0.34982407432857904,0.01
2,1,unrounded_strict,side_informed,laplace,uniform,50.0,retention_bounded_plus_HU,0.01,b866bd6ecb3ec5659d4de6b67167b6378955e1543fe258d36dee45860d110980,cb32ea613be23c9cfd32bfb3e6119468e1383f15323382adabfa71777a27aced,89,-0.33079843960912186,0.01
2,1,unrounded_strict,side_informed,laplace,uniform,50.0,retention_bounded_plus_HU,0.1,b866bd6ecb3ec5659d4de6b67167b6378955e1543fe258d36dee45860d110980,67888dbedea2fea07a294507411f8680878e956292a2273fca2b073e918f4afb,89,-0.3384214214812738,0.01
2,2,unrounded_strict,side_informed,laplace,uniform,50.0,retention_bounded_plus_HU,0.0,6ebbd52c6c997d69db148aa80e059a97f5040959d2c6399495016458f9911221,7956fafb256044b277b0fd79ef76990559881006aa9060ca2ef169f379fa267e,90,-0.36163138485357976,0.01
2,2,unrounded_strict,side_informed,laplace,uniform,50.0,retention_bounded_plus_HU,0.0001,6ebbd52c6c997d69db148aa80e059a97f5040959d2c6399495016458f9911221,8c432f4e2536a8eabf92c10f81f35b05403e33450efa080e5150d9a030ef205c,90,-0.3599495912644923,0.01
2,2,unrounded_strict,side_informed,laplace,uniform,50.0,retention_bounded_plus_HU,0.001,6ebbd52c6c997d69db148aa80e059a97f5040959d2c6399495016458f9911221,c135d22ec9f2cc60e951d805dad1cd549c12a9a38a2ac55953596d9e2ce6dc12,90,-0.34982407432857904,0.01
2,2,unrounded_strict,side_informed,laplace,uniform,50.0,retention_bounded_plus_HU,0.01,6ebbd52c6c997d69db148aa80e059a97f5040959d2c6399495016458f9911221,e92df226e5f7e4bfcbeac79343acc07b510013b8423cd48149d560548084fae3,90,-0.33079843960912186,0.01
2,2,unrounded_strict,side_informed,laplace,uniform,50.0,retention_bounded_plus_HU,0.1,6ebbd52c6c997d69db148aa80e059a97f5040959d2c6399495016458f9911221,e89bf026a868c4281885b2f173d77763e83bd8d808e565edb95a2804bf60bf08,90,-0.3384214214812738,0.01
2,0,unrounded_strict,side_informed,gh80,uniform,50.0,HU_plus_surface,0.0,88cfbf3d123c09aeb16cc5603a8216ea53798432be360bfe759e416735aee1e6,668c61e452c46ec6ec299793055a7ac925d81eaf6966503340ce1d3c4172bbeb,91,-0.3357978762985215,0.01
2,0,unrounded_strict,side_informed,gh80,uniform,50.0,HU_plus_surface,0.0001,88cfbf3d123c09aeb16cc5603a8216ea53798432be360bfe759e416735aee1e6,f74805d2b5f56e7845a8d32811f982f1e7e423713e885b1f022492139660c297,91,-0.3346905380181533,0.01
2,0,unrounded_strict,side_informed,gh80,uniform,50.0,HU_plus_surface,0.001,88cfbf3d123c09aeb16cc5603a8216ea53798432be360bfe759e416735aee1e6,60606b9574ab5cb6a9b7d898449f9ce19b00abb35b0c3042f8726a14d526aece,91,-0.32718421817418225,0.01
2,0,unrounded_strict,side_informed,gh80,uniform,50.0,HU_plus_surface,0.01,88cfbf3d123c09aeb16cc5603a8216ea53798432be360bfe759e416735aee1e6,28946779ad8bf12b01b66d7b4afd4415472a95341613994d5567e3a01b23b424,91,-0.3088904753674837,0.01
2,0,unrounded_strict,side_informed,gh80,uniform,50.0,HU_plus_surface,0.1,88cfbf3d123c09aeb16cc5603a8216ea53798432be360bfe759e416735aee1e6,9c7f44ff7a886694fd0a5cb45de02798ed359939a5bec6252cdf956301fecdc9,91,-0.36487596741341416,0.01
2,1,unrounded_strict,side_informed,gh80,uniform,50.0,HU_plus_surface,0.0,b866bd6ecb3ec5659d4de6b67167b6378955e1543fe258d36dee45860d110980,bd939681fb425e60e7358b2e9d2d8081463ed8f859cf494a61ee37251539a814,89,-0.3357978762985215,0.01
2,1,unrounded_strict,side_informed,gh80,uniform,50.0,HU_plus_surface,0.0001,b866bd6ecb3ec5659d4de6b67167b6378955e1543fe258d36dee45860d110980,6569856aa73891d1138af953c74f32488b4e52c202b68b6c69b3a923af5df46b,89,-0.3346905380181533,0.01
2,1,unrounded_strict,side_informed,gh80,uniform,50.0,HU_plus_surface,0.001,b866bd6ecb3ec5659d4de6b67167b6378955e1543fe258d36dee45860d110980,de6a6d7ebffc04215352fe9463abc053009bd160af150b852a5edae1fb48dd94,89,-0.32718421817418225,0.01
2,1,unrounded_strict,side_informed,gh80,uniform,50.0,HU_plus_surface,0.01,b866bd6ecb3ec5659d4de6b67167b6378955e1543fe258d36dee45860d110980,9e3fe278ba00e40468732a2f95683d4a4e6703fa7c8964abb6737fe0b5ee8556,89,-0.3088904753674837,0.01
2,1,unrounded_strict,side_informed,gh80,uniform,50.0,HU_plus_surface,0.1,b866bd6ecb3ec5659d4de6b67167b6378955e1543fe258d36dee45860d110980,05f45881cd14f5b6be6202f8a14e5fb88d6fe6fa1400cba5f77037b496dff884,89,-0.36487596741341416,0.01
2,2,unrounded_strict,side_informed,gh80,uniform,50.0,HU_plus_surface,0.0,6ebbd52c6c997d69db148aa80e059a97f5040959d2c6399495016458f9911221,98172c5d7825be482a6095712c19b5a8d41c87f77515d61481e787aafe60b3a0,90,-0.3357978762985215,0.01
2,2,unrounded_strict,side_informed,gh80,uniform,50.0,HU_plus_surface,0.0001,6ebbd52c6c997d69db148aa80e059a97f5040959d2c6399495016458f9911221,2077ff23644c9e7dbeae6ba8dcb24e8bfc91ae0c64789a4f16649b3b7c3e1dac,90,-0.3346905380181533,0.01
2,2,unrounded_strict,side_informed,gh80,uniform,50.0,HU_plus_surface,0.001,6ebbd52c6c997d69db148aa80e059a97f5040959d2c6399495016458f9911221,156e4db3b5e956e13a5e94ff56355d190275e6cfe041d8fb0d87d2696e720234,90,-0.32718421817418225,0.01
2,2,unrounded_strict,side_informed,gh80,uniform,50.0,HU_plus_surface,0.01,6ebbd52c6c997d69db148aa80e059a97f5040959d2c6399495016458f9911221,74eff668528db7d1a9beaee5c817c6846461e3edf64b2aaa82fc005b45a0b9e4,90,-0.3088904753674837,0.01
2,2,unrounded_strict,side_informed,gh80,uniform,50.0,HU_plus_surface,0.1,6ebbd52c6c997d69db148aa80e059a97f5040959d2c6399495016458f9911221,e6b589ca762ba78919e54aa524acd2fe392d0138a24e09dc97edfbd099c839a1,90,-0.36487596741341416,0.01
2,0,unrounded_strict,side_informed,gh80,uniform,50.0,retention_bounded_plus_HU,0.0,88cfbf3d123c09aeb16cc5603a8216ea53798432be360bfe759e416735aee1e6,5366a3733f2413234d9b0d6ad90ac553b761cbf2bc7d2b059ae1c45f5c57e0a1,91,-0.350473352288447,0.01
2,0,unrounded_strict,side_informed,gh80,uniform,50.0,retention_bounded_plus_HU,0.0001,88cfbf3d123c09aeb16cc5603a8216ea53798432be360bfe759e416735aee1e6,9bda0aacb6bb0f50d9e3a753a584187022baf3e655cd9ca99284f12028b70173,91,-0.35055933342177725,0.01
2,0,unrounded_strict,side_informed,gh80,uniform,50.0,retention_bounded_plus_HU,0.001,88cfbf3d123c09aeb16cc5603a8216ea53798432be360bfe759e416735aee1e6,774ce111e218eeea1551a4fdc5d4aabcf8616feddc03a49ff85bf7f7cea58c61,91,-0.3450457953535338,0.01
2,0,unrounded_strict,side_informed,gh80,uniform,50.0,retention_bounded_plus_HU,0.01,88cfbf3d123c09aeb16cc5603a8216ea53798432be360bfe759e416735aee1e6,22e53e6b094e964eb7097d1221d331c886b933deb420a4992718d531d7f95ec0,91,-0.32852545663400234,0.01
2,0,unrounded_strict,side_informed,gh80,uniform,50.0,retention_bounded_plus_HU,0.1,88cfbf3d123c09aeb16cc5603a8216ea53798432be360bfe759e416735aee1e6,eea40a8a912e8614f8a58028c93dea8f1909c03943d42b05116690dd47dc6d08,91,-0.3373361262905999,0.01
2,1,unrounded_strict,side_informed,gh80,uniform,50.0,retention_bounded_plus_HU,0.0,b866bd6ecb3ec5659d4de6b67167b6378955e1543fe258d36dee45860d110980,dcde9fb2184763b5c14e9bb765581e05a311e05945de72368da76690d3a7fe98,89,-0.350473352288447,0.01
2,1,unrounded_strict,side_informed,gh80,uniform,50.0,retention_bounded_plus_HU,0.0001,b866bd6ecb3ec5659d4de6b67167b6378955e1543fe258d36dee45860d110980,ae6065faefa94166ff33818f6511d7038c6d5558cafd91c3d9fee6d1769e81cb,89,-0.35055933342177725,0.01
2,1,unrounded_strict,side_informed,gh80,uniform,50.0,retention_bounded_plus_HU,0.001,b866bd6ecb3ec5659d4de6b67167b6378955e1543fe258d36dee45860d110980,e228d336b399cfe1246ed972c6c688d85f9d9bbf02127b436923c9c19b6a7b9a,89,-0.3450457953535338,0.01
2,1,unrounded_strict,side_informed,gh80,uniform,50.0,retention_bounded_plus_HU,0.01,b866bd6ecb3ec5659d4de6b67167b6378955e1543fe258d36dee45860d110980,baea73b52e3c60e8c121aaa55bd553871c658c33e7a0926829363b015426195a,89,-0.32852545663400234,0.01
2,1,unrounded_strict,side_informed,gh80,uniform,50.0,retention_bounded_plus_HU,0.1,b866bd6ecb3ec5659d4de6b67167b6378955e1543fe258d36dee45860d110980,350e9d52dc12f5cd814b0610af74c0d9b02c4eba4da9b011e14083489f734a9f,89,-0.3373361262905999,0.01
2,2,unrounded_strict,side_informed,gh80,uniform,50.0,retention_bounded_plus_HU,0.0,6ebbd52c6c997d69db148aa80e059a97f5040959d2c6399495016458f9911221,b8a25f1674b05b461902fb43e98a9fccf770101c9f3a29f0e6861685d4f703e5,90,-0.350473352288447,0.01
2,2,unrounded_strict,side_informed,gh80,uniform,50.0,retention_bounded_plus_HU,0.0001,6ebbd52c6c997d69db148aa80e059a97f5040959d2c6399495016458f9911221,80c62a69f17bf27fcf27be2550b17468d1a5026153afe60e4a2bf8ec697ebc30,90,-0.35055933342177725,0.01
2,2,unrounded_strict,side_informed,gh80,uniform,50.0,retention_bounded_plus_HU,0.001,6ebbd52c6c997d69db148aa80e059a97f5040959d2c6399495016458f9911221,883514f597342b2538a5eaab4b60557a4227aa95ba26680a7e08aafc0e88f9ab,90,-0.3450457953535338,0.01
2,2,unrounded_strict,side_informed,gh80,uniform,50.0,retention_bounded_plus_HU,0.01,6ebbd52c6c997d69db148aa80e059a97f5040959d2c6399495016458f9911221,73770d46309de3741c2116ac2d1d9acdcf5c795cbfb42e723af25683405a1548,90,-0.32852545663400234,0.01
2,2,unrounded_strict,side_informed,gh80,uniform,50.0,retention_bounded_plus_HU,0.1,6ebbd52c6c997d69db148aa80e059a97f5040959d2c6399495016458f9911221,d1f2c345e833fadca367a8f1ae44f78653d68cdf4beca45b902d63ceb76dd529,90,-0.3373361262905999,0.01
2,0,unrounded_strict,wholly_unseen,laplace,uniform,50.0,retention_bounded,0.0,88cfbf3d123c09aeb16cc5603a8216ea53798432be360bfe759e416735aee1e6,725d2f870321d55abed0bd9e8ec3712fec26ca3ad0ce6bf0116601bc579ce908,91,-0.667496212880687,0.01
2,0,unrounded_strict,wholly_unseen,laplace,uniform,50.0,retention_bounded,0.0001,88cfbf3d123c09aeb16cc5603a8216ea53798432be360bfe759e416735aee1e6,d736a73fe80082c3b47f6fbb3001b64c1b15386e5fd2968ef3f449a1c196267e,91,-0.6666976856132426,0.01
2,0,unrounded_strict,wholly_unseen,laplace,uniform,50.0,retention_bounded,0.001,88cfbf3d123c09aeb16cc5603a8216ea53798432be360bfe759e416735aee1e6,14c2d954b12199b55eccec80b49eb9bb2da67b2355211a54d3c89376ff49a568,91,-0.6606656552549258,0.01
2,0,unrounded_strict,wholly_unseen,laplace,uniform,50.0,retention_bounded,0.01,88cfbf3d123c09aeb16cc5603a8216ea53798432be360bfe759e416735aee1e6,1dd2d5fe5cf1dfd46c3929dc7da5053bc32647df597820c43b4754cfd7913d2d,91,-0.635122048325547,0.01
2,0,unrounded_strict,wholly_unseen,laplace,uniform,50.0,retention_bounded,0.1,88cfbf3d123c09aeb16cc5603a8216ea53798432be360bfe759e416735aee1e6,41f5106419afe02883358ff14c515ee363fb01026a28a8257457778e875c86c8,91,-0.6525735431397628,0.01
2,1,unrounded_strict,wholly_unseen,laplace,uniform,50.0,retention_bounded,0.0,b866bd6ecb3ec5659d4de6b67167b6378955e1543fe258d36dee45860d110980,9f224eaafc7ed8b98e559b49f122c2e342378ea02a3c76051e80c6ec58b6ce27,89,-0.667496212880687,0.01
2,1,unrounded_strict,wholly_unseen,laplace,uniform,50.0,retention_bounded,0.0001,b866bd6ecb3ec5659d4de6b67167b6378955e1543fe258d36dee45860d110980,b49a64a5ed94d7857fa355b7221428c0a3a37cd37d909e127110b303842a11e3,89,-0.6666976856132426,0.01
2,1,unrounded_strict,wholly_unseen,laplace,uniform,50.0,retention_bounded,0.001,b866bd6ecb3ec5659d4de6b67167b6378955e1543fe258d36dee45860d110980,4551f24ba406f966a8b70d5e230fa6b60cbed1fc35cbb048a16819746dcb023b,89,-0.6606656552549258,0.01
2,1,unrounded_strict,wholly_unseen,laplace,uniform,50.0,retention_bounded,0.01,b866bd6ecb3ec5659d4de6b67167b6378955e1543fe258d36dee45860d110980,c2e2fc7f669da152579cd5aeda2769365743959ab47b904726aca9ce38883f8e,89,-0.635122048325547,0.01
2,1,unrounded_strict,wholly_unseen,laplace,uniform,50.0,retention_bounded,0.1,b866bd6ecb3ec5659d4de6b67167b6378955e1543fe258d36dee45860d110980,41888cf64736ea9517267c8ba2e697b5b57d26bc83037afe38b8edd538135e51,89,-0.6525735431397628,0.01
2,2,unrounded_strict,wholly_unseen,laplace,uniform,50.0,retention_bounded,0.0,6ebbd52c6c997d69db148aa80e059a97f5040959d2c6399495016458f9911221,1bd86427b4faf41e79147210a741786cb84637a7806f9df192a7481d591d1283,90,-0.667496212880687,0.01
2,2,unrounded_strict,wholly_unseen,laplace,uniform,50.0,retention_bounded,0.0001,6ebbd52c6c997d69db148aa80e059a97f5040959d2c6399495016458f9911221,15a515ce642e7bf21bfe9ea7be6b2d74543b52d1cfd3f1e4a08bb8bf7a82de55,90,-0.6666976856132426,0.01
2,2,unrounded_strict,wholly_unseen,laplace,uniform,50.0,retention_bounded,0.001,6ebbd52c6c997d69db148aa80e059a97f5040959d2c6399495016458f9911221,2acd222786e4dbd397aa6a8af7eda0629e0997dd2f937ccad765dd6227cf8ae9,90,-0.6606656552549258,0.01
2,2,unrounded_strict,wholly_unseen,laplace,uniform,50.0,retention_bounded,0.01,6ebbd52c6c997d69db148aa80e059a97f5040959d2c6399495016458f9911221,518db36d61129541d0713f46f3d626f2e0c8b5d7c42d1558ee60ec2bbdf45a45,90,-0.635122048325547,0.01
2,2,unrounded_strict,wholly_unseen,laplace,uniform,50.0,retention_bounded,0.1,6ebbd52c6c997d69db148aa80e059a97f5040959d2c6399495016458f9911221,93c4da6305d28061122a7a64d6e2ee6d231b328effea05b93e9bc5c40014d0b8,90,-0.6525735431397628,0.01
2,0,unrounded_strict,wholly_unseen,laplace,uniform,50.0,retention_nonnegative,0.0,88cfbf3d123c09aeb16cc5603a8216ea53798432be360bfe759e416735aee1e6,d35bbf016c06fca085962205d704f12f73bd1cd6330c79cd654a62101686c5aa,91,-0.6674962150047583,0.01
2,0,unrounded_strict,wholly_unseen,laplace,uniform,50.0,retention_nonnegative,0.0001,88cfbf3d123c09aeb16cc5603a8216ea53798432be360bfe759e416735aee1e6,f3c4def4b1c803a08b379ec2de9354c3c182dd390d1fc12898a8979af5aacf14,91,-0.6657614755767964,0.01
2,0,unrounded_strict,wholly_unseen,laplace,uniform,50.0,retention_nonnegative,0.001,88cfbf3d123c09aeb16cc5603a8216ea53798432be360bfe759e416735aee1e6,7f15e63a0f4dd01725c21a35fc7216d043d573bc6a6b670f71dd3a1e518e078c,91,-0.6543736012396082,0.01
2,0,unrounded_strict,wholly_unseen,laplace,uniform,50.0,retention_nonnegative,0.01,88cfbf3d123c09aeb16cc5603a8216ea53798432be360bfe759e416735aee1e6,13ec185fbd4d4f50b03e9b1004b6a607b2bfe01d68b544779c512d0598ebea92,91,-0.6368986481993164,0.01
2,0,unrounded_strict,wholly_unseen,laplace,uniform,50.0,retention_nonnegative,0.1,88cfbf3d123c09aeb16cc5603a8216ea53798432be360bfe759e416735aee1e6,4a04f6af05b3e415a04e8981ef512081014e10dc907920b0684147565d5b6dfb,91,-0.7074538710325897,0.01
2,1,unrounded_strict,wholly_unseen,laplace,uniform,50.0,retention_nonnegative,0.0,b866bd6ecb3ec5659d4de6b67167b6378955e1543fe258d36dee45860d110980,88d94d4793fb0a43d1b05074355d47d762d13e9f154e4ba52abea9d9622dc5f0,89,-0.6674962150047583,0.01
2,1,unrounded_strict,wholly_unseen,laplace,uniform,50.0,retention_nonnegative,0.0001,b866bd6ecb3ec5659d4de6b67167b6378955e1543fe258d36dee45860d110980,cbfa7b24732156d60e55bb2f0b97dee4860315cee6ec1cd80b56aa83ba2f1300,89,-0.6657614755767964,0.01
2,1,unrounded_strict,wholly_unseen,laplace,uniform,50.0,retention_nonnegative,0.001,b866bd6ecb3ec5659d4de6b67167b6378955e1543fe258d36dee45860d110980,c04aefeb2506b80ba05bec71ec3b221eba39ce2a82f3dc9d5a268463430aa4ae,89,-0.6543736012396082,0.01
2,1,unrounded_strict,wholly_unseen,laplace,uniform,50.0,retention_nonnegative,0.01,b866bd6ecb3ec5659d4de6b67167b6378955e1543fe258d36dee45860d110980,1b70ee706745ff8f183c48e2baaaa4ceed23539decd3fe68b5d51746562e32f1,89,-0.6368986481993164,0.01
2,1,unrounded_strict,wholly_unseen,laplace,uniform,50.0,retention_nonnegative,0.1,b866bd6ecb3ec5659d4de6b67167b6378955e1543fe258d36dee45860d110980,01d8a0c679fcf59f020724c43799445efa153b66051d7ea75addad3bf0264c4d,89,-0.7074538710325897,0.01
2,2,unrounded_strict,wholly_unseen,laplace,uniform,50.0,retention_nonnegative,0.0,6ebbd52c6c997d69db148aa80e059a97f5040959d2c6399495016458f9911221,06029a0a4b2bfd1a58feca0d965c3ec5a533417ae2ee24106f16e719f9aaa5f0,90,-0.6674962150047583,0.01
2,2,unrounded_strict,wholly_unseen,laplace,uniform,50.0,retention_nonnegative,0.0001,6ebbd52c6c997d69db148aa80e059a97f5040959d2c6399495016458f9911221,9f1c47e8db4fa66bc80c2e8778779e43ad99dbefadc9b4b9c9b061b3a52f04ac,90,-0.6657614755767964,0.01
2,2,unrounded_strict,wholly_unseen,laplace,uniform,50.0,retention_nonnegative,0.001,6ebbd52c6c997d69db148aa80e059a97f5040959d2c6399495016458f9911221,14cfe613169a02d7e325dd685a598776fcd710dcd0ca4cc84a1b775f4974db9d,90,-0.6543736012396082,0.01
2,2,unrounded_strict,wholly_unseen,laplace,uniform,50.0,retention_nonnegative,0.01,6ebbd52c6c997d69db148aa80e059a97f5040959d2c6399495016458f9911221,cc7faa7769edca60d65f4cf4a815c1cd7d0b776ebfee5d633faa302270a47655,90,-0.6368986481993164,0.01
2,2,unrounded_strict,wholly_unseen,laplace,uniform,50.0,retention_nonnegative,0.1,6ebbd52c6c997d69db148aa80e059a97f5040959d2c6399495016458f9911221,ffdc042bc5c66fd6c9ddb5f3b058175d8e56318f91fdc89e99978b363dc18a67,90,-0.7074538710325897,0.01
2,0,unrounded_strict,wholly_unseen,laplace,uniform,50.0,current_only,0.0,88cfbf3d123c09aeb16cc5603a8216ea53798432be360bfe759e416735aee1e6,fa5e4ceaf6cdff44f718819695fa304d3b35d7a3181a79d20c437dffaeb96fb8,91,-0.8874437201456657,0.01
2,0,unrounded_strict,wholly_unseen,laplace,uniform,50.0,current_only,0.0001,88cfbf3d123c09aeb16cc5603a8216ea53798432be360bfe759e416735aee1e6,cf899e649a9761f6c4699051810d6cf7bfa3a752e497cb05c6435faac132059c,91,-0.8873882497264651,0.01
2,0,unrounded_strict,wholly_unseen,laplace,uniform,50.0,current_only,0.001,88cfbf3d123c09aeb16cc5603a8216ea53798432be360bfe759e416735aee1e6,d216f334750995d0cdf701abf3bee0b6084cff2d8e8c6588f8ebf5cfc18f83e2,91,-0.8869095895436562,0.01
2,0,unrounded_strict,wholly_unseen,laplace,uniform,50.0,current_only,0.01,88cfbf3d123c09aeb16cc5603a8216ea53798432be360bfe759e416735aee1e6,235203aad79fb6ee3b7d2d49cf8931a8379883c5a77207c8987cb4927b2fff71,91,-0.8837543409931963,0.01
2,0,unrounded_strict,wholly_unseen,laplace,uniform,50.0,current_only,0.1,88cfbf3d123c09aeb16cc5603a8216ea53798432be360bfe759e416735aee1e6,f9e43485ef95e7b187a138d2ddf2f4c68c5b8f26c26a9769716d13465412f2e8,91,-0.898717844314231,0.01
2,1,unrounded_strict,wholly_unseen,laplace,uniform,50.0,current_only,0.0,b866bd6ecb3ec5659d4de6b67167b6378955e1543fe258d36dee45860d110980,c2238f4201d0fd09f897d2b995a01f6601e5f185594af009874f5c34431f8fb7,89,-0.8874437201456657,0.01
2,1,unrounded_strict,wholly_unseen,laplace,uniform,50.0,current_only,0.0001,b866bd6ecb3ec5659d4de6b67167b6378955e1543fe258d36dee45860d110980,32339d56768e6066e740f3f1c738fb08125f75bc65c18d46fcd61435399bbfed,89,-0.8873882497264651,0.01
2,1,unrounded_strict,wholly_unseen,laplace,uniform,50.0,current_only,0.001,b866bd6ecb3ec5659d4de6b67167b6378955e1543fe258d36dee45860d110980,bdc99576184cfdc7c50147d62bec0ad77100de08d2fad7e920d8a690ba27b468,89,-0.8869095895436562,0.01
2,1,unrounded_strict,wholly_unseen,laplace,uniform,50.0,current_only,0.01,b866bd6ecb3ec5659d4de6b67167b6378955e1543fe258d36dee45860d110980,736cdcb00ffa847e4ecfdbf2d3754f8d9b9c50534a7013682cfd39ae870d1833,89,-0.8837543409931963,0.01
2,1,unrounded_strict,wholly_unseen,laplace,uniform,50.0,current_only,0.1,b866bd6ecb3ec5659d4de6b67167b6378955e1543fe258d36dee45860d110980,f2c290f9554ac7ae704d2427f2399ffef44c053190e003a6a5a70e0ce6cc3f64,89,-0.898717844314231,0.01
2,2,unrounded_strict,wholly_unseen,laplace,uniform,50.0,current_only,0.0,6ebbd52c6c997d69db148aa80e059a97f5040959d2c6399495016458f9911221,0b2f05eac43dbe7135d01553dd7e4a87ee6a61124b18291759cd8457cb0f4fa0,90,-0.8874437201456657,0.01
2,2,unrounded_strict,wholly_unseen,laplace,uniform,50.0,current_only,0.0001,6ebbd52c6c997d69db148aa80e059a97f5040959d2c6399495016458f9911221,60b7407d7a96cc60bc64a9af046c953146acd4d5eab6de400faae13ee672f8a0,90,-0.8873882497264651,0.01
2,2,unrounded_strict,wholly_unseen,laplace,uniform,50.0,current_only,0.001,6ebbd52c6c997d69db148aa80e059a97f5040959d2c6399495016458f9911221,11691a982774d00795c917e758542c120dc775005697392bed53c6192a9f07af,90,-0.8869095895436562,0.01
2,2,unrounded_strict,wholly_unseen,laplace,uniform,50.0,current_only,0.01,6ebbd52c6c997d69db148aa80e059a97f5040959d2c6399495016458f9911221,fec09d5f6787472de9c5c6cd7606ee3829aba59b87820c85060a8c63ab675828,90,-0.8837543409931963,0.01
2,2,unrounded_strict,wholly_unseen,laplace,uniform,50.0,current_only,0.1,6ebbd52c6c997d69db148aa80e059a97f5040959d2c6399495016458f9911221,24a6195cfae69bea3dc373cf4bfa13cc605754cbdac3ea922f36bf811feb193d,90,-0.898717844314231,0.01
2,0,unrounded_strict,wholly_unseen,laplace,uniform,50.0,input_plus_surface,0.0,88cfbf3d123c09aeb16cc5603a8216ea53798432be360bfe759e416735aee1e6,dadfd67fbb4c0d4a3ff0f9a73cf477d60ecfa5e9abdc09899cc005e2acb15d5a,91,-0.6459888567527504,0.01
2,0,unrounded_strict,wholly_unseen,laplace,uniform,50.0,input_plus_surface,0.0001,88cfbf3d123c09aeb16cc5603a8216ea53798432be360bfe759e416735aee1e6,a1e77486bfa71970c08dcd6c0a0218cd055612f75bdec26eb0b05646948ca44b,91,-0.644697199986875,0.01
2,0,unrounded_strict,wholly_unseen,laplace,uniform,50.0,input_plus_surface,0.001,88cfbf3d123c09aeb16cc5603a8216ea53798432be360bfe759e416735aee1e6,c13a9d8606809a673fdd0a1c844e48e4ffa55040f8659d75c59681f79912895c,91,-0.6356075136650386,0.01
2,0,unrounded_strict,wholly_unseen,laplace,uniform,50.0,input_plus_surface,0.01,88cfbf3d123c09aeb16cc5603a8216ea53798432be360bfe759e416735aee1e6,49ad9636a0159036a29c44c9d15116531a1368d954a7adf8fa1525182e892720,91,-0.6110101482152923,0.01
2,0,unrounded_strict,wholly_unseen,laplace,uniform,50.0,input_plus_surface,0.1,88cfbf3d123c09aeb16cc5603a8216ea53798432be360bfe759e416735aee1e6,a5681ec52733fb293728f069e77ac02f15f296469bb0360df2c7b5e545710c91,91,-0.6616605608467119,0.01
2,1,unrounded_strict,wholly_unseen,laplace,uniform,50.0,input_plus_surface,0.0,b866bd6ecb3ec5659d4de6b67167b6378955e1543fe258d36dee45860d110980,3826ef9296e2ab87aa52b61b88d58fd2af60fb9a42b888d5ab29ca1c33b59546,89,-0.6459888567527504,0.01
2,1,unrounded_strict,wholly_unseen,laplace,uniform,50.0,input_plus_surface,0.0001,b866bd6ecb3ec5659d4de6b67167b6378955e1543fe258d36dee45860d110980,d7d2b4ac8de667a0dbe2053ba69d57a091fff42acd910e20c46247e9df94fa1d,89,-0.644697199986875,0.01
2,1,unrounded_strict,wholly_unseen,laplace,uniform,50.0,input_plus_surface,0.001,b866bd6ecb3ec5659d4de6b67167b6378955e1543fe258d36dee45860d110980,3776cbbd2c64e2617c12c10486a5761619b7cf945d4ab5631156740011dd8cb0,89,-0.6356075136650386,0.01
2,1,unrounded_strict,wholly_unseen,laplace,uniform,50.0,input_plus_surface,0.01,b866bd6ecb3ec5659d4de6b67167b6378955e1543fe258d36dee45860d110980,8941c5064c637f71d8b9c145bfe29090572431f9f94da226f689d74b159dab59,89,-0.6110101482152923,0.01
2,1,unrounded_strict,wholly_unseen,laplace,uniform,50.0,input_plus_surface,0.1,b866bd6ecb3ec5659d4de6b67167b6378955e1543fe258d36dee45860d110980,b3cd200d9dfa584340994b71f7be29ac200b032baafea997a9b8601672ed1001,89,-0.6616605608467119,0.01
2,2,unrounded_strict,wholly_unseen,laplace,uniform,50.0,input_plus_surface,0.0,6ebbd52c6c997d69db148aa80e059a97f5040959d2c6399495016458f9911221,60c7a88ec83fba2ecd9c7a68498c26581d34c320365d60dd6c4077c02e87ca8a,90,-0.6459888567527504,0.01
2,2,unrounded_strict,wholly_unseen,laplace,uniform,50.0,input_plus_surface,0.0001,6ebbd52c6c997d69db148aa80e059a97f5040959d2c6399495016458f9911221,9cfe0b5c9f21b03a6477cc7d9ca20b499f97ae9782b559f0d8cf2bb7a16db5e6,90,-0.644697199986875,0.01
2,2,unrounded_strict,wholly_unseen,laplace,uniform,50.0,input_plus_surface,0.001,6ebbd52c6c997d69db148aa80e059a97f5040959d2c6399495016458f9911221,0b958499b4a91db58313986a54fa9752b263ba1d68c4230a72e720e479b15c38,90,-0.6356075136650386,0.01
2,2,unrounded_strict,wholly_unseen,laplace,uniform,50.0,input_plus_surface,0.01,6ebbd52c6c997d69db148aa80e059a97f5040959d2c6399495016458f9911221,6fcce4ae2043e496bb74732ad218a336a8286e97d0e74666c264e148c5404d68,90,-0.6110101482152923,0.01
2,2,unrounded_strict,wholly_unseen,laplace,uniform,50.0,input_plus_surface,0.1,6ebbd52c6c997d69db148aa80e059a97f5040959d2c6399495016458f9911221,8a2ee4a03bd149ece83ddac24bd69f30461140ef444e9e92b7c5e548e8ac6dfe,90,-0.6616605608467119,0.01
2,0,unrounded_strict,wholly_unseen,laplace,uniform,50.0,HU_plus_surface,0.0,88cfbf3d123c09aeb16cc5603a8216ea53798432be360bfe759e416735aee1e6,f4db3fd99a9057b43c2b38f57d6a38da3c51ef21dba5b5341fc6ee9beb15a6f5,91,-0.6554821058877413,0.01
2,0,unrounded_strict,wholly_unseen,laplace,uniform,50.0,HU_plus_surface,0.0001,88cfbf3d123c09aeb16cc5603a8216ea53798432be360bfe759e416735aee1e6,e850e77de853a02343ff878c0a14b6c324039605203e72aed802fe679d312dca,91,-0.6536902780487998,0.01
2,0,unrounded_strict,wholly_unseen,laplace,uniform,50.0,HU_plus_surface,0.001,88cfbf3d123c09aeb16cc5603a8216ea53798432be360bfe759e416735aee1e6,7471d4e518bc6f5c93b5543947cb9e3aef15a8aea39f74108f923ac4f8c30299,91,-0.6419618081085546,0.01
2,0,unrounded_strict,wholly_unseen,laplace,uniform,50.0,HU_plus_surface,0.01,88cfbf3d123c09aeb16cc5603a8216ea53798432be360bfe759e416735aee1e6,c923d801cc17043f18506ed7832e63fc7c14afdee2515688b63c10050533fde8,91,-0.613500172790853,0.01
2,0,unrounded_strict,wholly_unseen,laplace,uniform,50.0,HU_plus_surface,0.1,88cfbf3d123c09aeb16cc5603a8216ea53798432be360bfe759e416735aee1e6,ab99f6049d44bb3fa832c3845abdcbe943778a4413702616e544bb74c21f8048,91,-0.6628086512891169,0.01
2,1,unrounded_strict,wholly_unseen,laplace,uniform,50.0,HU_plus_surface,0.0,b866bd6ecb3ec5659d4de6b67167b6378955e1543fe258d36dee45860d110980,f3f9dcfd52dfc08790361c20927494d64dc9f418013f68c9996ac60bd1e2acea,89,-0.6554821058877413,0.01
2,1,unrounded_strict,wholly_unseen,laplace,uniform,50.0,HU_plus_surface,0.0001,b866bd6ecb3ec5659d4de6b67167b6378955e1543fe258d36dee45860d110980,5b3904679fde2f45c1c1b66b06eb3ca3d337e2c5561167cd297f1b09c187602c,89,-0.6536902780487998,0.01
2,1,unrounded_strict,wholly_unseen,laplace,uniform,50.0,HU_plus_surface,0.001,b866bd6ecb3ec5659d4de6b67167b6378955e1543fe258d36dee45860d110980,dff6ed4741a8a2f4ef4fd1dad18fe8d934dade74626f1f7a24523ee10a3c2edd,89,-0.6419618081085546,0.01
2,1,unrounded_strict,wholly_unseen,laplace,uniform,50.0,HU_plus_surface,0.01,b866bd6ecb3ec5659d4de6b67167b6378955e1543fe258d36dee45860d110980,15575bd38122d1bf3772c2f371eafe2c52ea4c72223bc7577e837ca3174ef885,89,-0.613500172790853,0.01
2,1,unrounded_strict,wholly_unseen,laplace,uniform,50.0,HU_plus_surface,0.1,b866bd6ecb3ec5659d4de6b67167b6378955e1543fe258d36dee45860d110980,814ae9c80988dd1f45338f47a8293d8f06b3257fbd03511da4da05d098392df6,89,-0.6628086512891169,0.01
2,2,unrounded_strict,wholly_unseen,laplace,uniform,50.0,HU_plus_surface,0.0,6ebbd52c6c997d69db148aa80e059a97f5040959d2c6399495016458f9911221,212e9505f909c479842233b9ca8229326844e75c2a789789e59d1faa8df61785,90,-0.6554821058877413,0.01
2,2,unrounded_strict,wholly_unseen,laplace,uniform,50.0,HU_plus_surface,0.0001,6ebbd52c6c997d69db148aa80e059a97f5040959d2c6399495016458f9911221,9ee8fd295039801e29ea047b9a2bc85c6d2e8b6a831b7280a046f7644aca0b07,90,-0.6536902780487998,0.01
2,2,unrounded_strict,wholly_unseen,laplace,uniform,50.0,HU_plus_surface,0.001,6ebbd52c6c997d69db148aa80e059a97f5040959d2c6399495016458f9911221,e2d0cd69549a461375b4c468575a0544897f7164a6d27ddb8b01130d76a2111d,90,-0.6419618081085546,0.01
2,2,unrounded_strict,wholly_unseen,laplace,uniform,50.0,HU_plus_surface,0.01,6ebbd52c6c997d69db148aa80e059a97f5040959d2c6399495016458f9911221,43ad3937f9b82c64dc136c3ca0bd1433b7f8151cbe621627021d4eee99886201,90,-0.613500172790853,0.01
2,2,unrounded_strict,wholly_unseen,laplace,uniform,50.0,HU_plus_surface,0.1,6ebbd52c6c997d69db148aa80e059a97f5040959d2c6399495016458f9911221,5efc56f0006f13afe5a875446a0b7c851e150c0e75f7836be2522768f838eef5,90,-0.6628086512891169,0.01
2,0,unrounded_strict,wholly_unseen,laplace,uniform,50.0,retention_bounded_plus_HU,0.0,88cfbf3d123c09aeb16cc5603a8216ea53798432be360bfe759e416735aee1e6,2407227837e9c5274d1659a38ef46648173ebe550251b89dec1b99fd572f3506,91,-0.662085350839094,0.01
2,0,unrounded_strict,wholly_unseen,laplace,uniform,50.0,retention_bounded_plus_HU,0.0001,88cfbf3d123c09aeb16cc5603a8216ea53798432be360bfe759e416735aee1e6,87df874ba36bb109e2cb437d668d4e71a2c5c9828ef165aff0e38819dbb64df1,91,-0.66059655823842,0.01
2,0,unrounded_strict,wholly_unseen,laplace,uniform,50.0,retention_bounded_plus_HU,0.001,88cfbf3d123c09aeb16cc5603a8216ea53798432be360bfe759e416735aee1e6,668c8f582e6354f7c3bf66a41ee6d885f6c3f30ac984fca5a766e66bf93a6ce5,91,-0.6482894079254508,0.01
2,0,unrounded_strict,wholly_unseen,laplace,uniform,50.0,retention_bounded_plus_HU,0.01,88cfbf3d123c09aeb16cc5603a8216ea53798432be360bfe759e416735aee1e6,03bf222fda5754d0eb5e91f6c7d8f837d95501ed0f3efa143d5f8fa996f06c25,91,-0.6260676396434766,0.01
2,0,unrounded_strict,wholly_unseen,laplace,uniform,50.0,retention_bounded_plus_HU,0.1,88cfbf3d123c09aeb16cc5603a8216ea53798432be360bfe759e416735aee1e6,21fd6931cefbea69e1c87a02d0d8dc0b7e5876bdeb968648ab32b7036ff5990a,91,-0.631363532804741,0.01
2,1,unrounded_strict,wholly_unseen,laplace,uniform,50.0,retention_bounded_plus_HU,0.0,b866bd6ecb3ec5659d4de6b67167b6378955e1543fe258d36dee45860d110980,4ece9840703fb1827308fe77ba9986589c9c0607835144d4e06d616937d8fcd5,89,-0.662085350839094,0.01
2,1,unrounded_strict,wholly_unseen,laplace,uniform,50.0,retention_bounded_plus_HU,0.0001,b866bd6ecb3ec5659d4de6b67167b6378955e1543fe258d36dee45860d110980,7da9931954fc9770751907dbe705f38eb2a908b8b36a0ff94dc68d4fb790b60b,89,-0.66059655823842,0.01
2,1,unrounded_strict,wholly_unseen,laplace,uniform,50.0,retention_bounded_plus_HU,0.001,b866bd6ecb3ec5659d4de6b67167b6378955e1543fe258d36dee45860d110980,1993eae72ffab564a55f41540562f4b1b5314de3d7685f7c6654d2582752c039,89,-0.6482894079254508,0.01
2,1,unrounded_strict,wholly_unseen,laplace,uniform,50.0,retention_bounded_plus_HU,0.01,b866bd6ecb3ec5659d4de6b67167b6378955e1543fe258d36dee45860d110980,cb32ea613be23c9cfd32bfb3e6119468e1383f15323382adabfa71777a27aced,89,-0.6260676396434766,0.01
2,1,unrounded_strict,wholly_unseen,laplace,uniform,50.0,retention_bounded_plus_HU,0.1,b866bd6ecb3ec5659d4de6b67167b6378955e1543fe258d36dee45860d110980,67888dbedea2fea07a294507411f8680878e956292a2273fca2b073e918f4afb,89,-0.631363532804741,0.01
2,2,unrounded_strict,wholly_unseen,laplace,uniform,50.0,retention_bounded_plus_HU,0.0,6ebbd52c6c997d69db148aa80e059a97f5040959d2c6399495016458f9911221,7956fafb256044b277b0fd79ef76990559881006aa9060ca2ef169f379fa267e,90,-0.662085350839094,0.01
2,2,unrounded_strict,wholly_unseen,laplace,uniform,50.0,retention_bounded_plus_HU,0.0001,6ebbd52c6c997d69db148aa80e059a97f5040959d2c6399495016458f9911221,8c432f4e2536a8eabf92c10f81f35b05403e33450efa080e5150d9a030ef205c,90,-0.66059655823842,0.01
2,2,unrounded_strict,wholly_unseen,laplace,uniform,50.0,retention_bounded_plus_HU,0.001,6ebbd52c6c997d69db148aa80e059a97f5040959d2c6399495016458f9911221,c135d22ec9f2cc60e951d805dad1cd549c12a9a38a2ac55953596d9e2ce6dc12,90,-0.6482894079254508,0.01
2,2,unrounded_strict,wholly_unseen,laplace,uniform,50.0,retention_bounded_plus_HU,0.01,6ebbd52c6c997d69db148aa80e059a97f5040959d2c6399495016458f9911221,e92df226e5f7e4bfcbeac79343acc07b510013b8423cd48149d560548084fae3,90,-0.6260676396434766,0.01
2,2,unrounded_strict,wholly_unseen,laplace,uniform,50.0,retention_bounded_plus_HU,0.1,6ebbd52c6c997d69db148aa80e059a97f5040959d2c6399495016458f9911221,e89bf026a868c4281885b2f173d77763e83bd8d808e565edb95a2804bf60bf08,90,-0.631363532804741,0.01
2,0,unrounded_strict,wholly_unseen,gh80,uniform,50.0,HU_plus_surface,0.0,88cfbf3d123c09aeb16cc5603a8216ea53798432be360bfe759e416735aee1e6,668c61e452c46ec6ec299793055a7ac925d81eaf6966503340ce1d3c4172bbeb,91,-0.632152541915312,0.01
2,0,unrounded_strict,wholly_unseen,gh80,uniform,50.0,HU_plus_surface,0.0001,88cfbf3d123c09aeb16cc5603a8216ea53798432be360bfe759e416735aee1e6,f74805d2b5f56e7845a8d32811f982f1e7e423713e885b1f022492139660c297,91,-0.6307557689575408,0.01
2,0,unrounded_strict,wholly_unseen,gh80,uniform,50.0,HU_plus_surface,0.001,88cfbf3d123c09aeb16cc5603a8216ea53798432be360bfe759e416735aee1e6,60606b9574ab5cb6a9b7d898449f9ce19b00abb35b0c3042f8726a14d526aece,91,-0.6214791325656254,0.01
2,0,unrounded_strict,wholly_unseen,gh80,uniform,50.0,HU_plus_surface,0.01,88cfbf3d123c09aeb16cc5603a8216ea53798432be360bfe759e416735aee1e6,28946779ad8bf12b01b66d7b4afd4415472a95341613994d5567e3a01b23b424,91,-0.6005394024512668,0.01
2,0,unrounded_strict,wholly_unseen,gh80,uniform,50.0,HU_plus_surface,0.1,88cfbf3d123c09aeb16cc5603a8216ea53798432be360bfe759e416735aee1e6,9c7f44ff7a886694fd0a5cb45de02798ed359939a5bec6252cdf956301fecdc9,91,-0.6594749805722793,0.01
2,1,unrounded_strict,wholly_unseen,gh80,uniform,50.0,HU_plus_surface,0.0,b866bd6ecb3ec5659d4de6b67167b6378955e1543fe258d36dee45860d110980,bd939681fb425e60e7358b2e9d2d8081463ed8f859cf494a61ee37251539a814,89,-0.632152541915312,0.01
2,1,unrounded_strict,wholly_unseen,gh80,uniform,50.0,HU_plus_surface,0.0001,b866bd6ecb3ec5659d4de6b67167b6378955e1543fe258d36dee45860d110980,6569856aa73891d1138af953c74f32488b4e52c202b68b6c69b3a923af5df46b,89,-0.6307557689575408,0.01
2,1,unrounded_strict,wholly_unseen,gh80,uniform,50.0,HU_plus_surface,0.001,b866bd6ecb3ec5659d4de6b67167b6378955e1543fe258d36dee45860d110980,de6a6d7ebffc04215352fe9463abc053009bd160af150b852a5edae1fb48dd94,89,-0.6214791325656254,0.01
2,1,unrounded_strict,wholly_unseen,gh80,uniform,50.0,HU_plus_surface,0.01,b866bd6ecb3ec5659d4de6b67167b6378955e1543fe258d36dee45860d110980,9e3fe278ba00e40468732a2f95683d4a4e6703fa7c8964abb6737fe0b5ee8556,89,-0.6005394024512668,0.01
2,1,unrounded_strict,wholly_unseen,gh80,uniform,50.0,HU_plus_surface,0.1,b866bd6ecb3ec5659d4de6b67167b6378955e1543fe258d36dee45860d110980,05f45881cd14f5b6be6202f8a14e5fb88d6fe6fa1400cba5f77037b496dff884,89,-0.6594749805722793,0.01
2,2,unrounded_strict,wholly_unseen,gh80,uniform,50.0,HU_plus_surface,0.0,6ebbd52c6c997d69db148aa80e059a97f5040959d2c6399495016458f9911221,98172c5d7825be482a6095712c19b5a8d41c87f77515d61481e787aafe60b3a0,90,-0.632152541915312,0.01
2,2,unrounded_strict,wholly_unseen,gh80,uniform,50.0,HU_plus_surface,0.0001,6ebbd52c6c997d69db148aa80e059a97f5040959d2c6399495016458f9911221,2077ff23644c9e7dbeae6ba8dcb24e8bfc91ae0c64789a4f16649b3b7c3e1dac,90,-0.6307557689575408,0.01
2,2,unrounded_strict,wholly_unseen,gh80,uniform,50.0,HU_plus_surface,0.001,6ebbd52c6c997d69db148aa80e059a97f5040959d2c6399495016458f9911221,156e4db3b5e956e13a5e94ff56355d190275e6cfe041d8fb0d87d2696e720234,90,-0.6214791325656254,0.01
2,2,unrounded_strict,wholly_unseen,gh80,uniform,50.0,HU_plus_surface,0.01,6ebbd52c6c997d69db148aa80e059a97f5040959d2c6399495016458f9911221,74eff668528db7d1a9beaee5c817c6846461e3edf64b2aaa82fc005b45a0b9e4,90,-0.6005394024512668,0.01
2,2,unrounded_strict,wholly_unseen,gh80,uniform,50.0,HU_plus_surface,0.1,6ebbd52c6c997d69db148aa80e059a97f5040959d2c6399495016458f9911221,e6b589ca762ba78919e54aa524acd2fe392d0138a24e09dc97edfbd099c839a1,90,-0.6594749805722793,0.01
2,0,unrounded_strict,wholly_unseen,gh80,uniform,50.0,retention_bounded_plus_HU,0.0,88cfbf3d123c09aeb16cc5603a8216ea53798432be360bfe759e416735aee1e6,5366a3733f2413234d9b0d6ad90ac553b761cbf2bc7d2b059ae1c45f5c57e0a1,91,-0.6448760015780088,0.01
2,0,unrounded_strict,wholly_unseen,gh80,uniform,50.0,retention_bounded_plus_HU,0.0001,88cfbf3d123c09aeb16cc5603a8216ea53798432be360bfe759e416735aee1e6,9bda0aacb6bb0f50d9e3a753a584187022baf3e655cd9ca99284f12028b70173,91,-0.6460002450075533,0.01
2,0,unrounded_strict,wholly_unseen,gh80,uniform,50.0,retention_bounded_plus_HU,0.001,88cfbf3d123c09aeb16cc5603a8216ea53798432be360bfe759e416735aee1e6,774ce111e218eeea1551a4fdc5d4aabcf8616feddc03a49ff85bf7f7cea58c61,91,-0.6392495961048471,0.01
2,0,unrounded_strict,wholly_unseen,gh80,uniform,50.0,retention_bounded_plus_HU,0.01,88cfbf3d123c09aeb16cc5603a8216ea53798432be360bfe759e416735aee1e6,22e53e6b094e964eb7097d1221d331c886b933deb420a4992718d531d7f95ec0,91,-0.6212963164088459,0.01
2,0,unrounded_strict,wholly_unseen,gh80,uniform,50.0,retention_bounded_plus_HU,0.1,88cfbf3d123c09aeb16cc5603a8216ea53798432be360bfe759e416735aee1e6,eea40a8a912e8614f8a58028c93dea8f1909c03943d42b05116690dd47dc6d08,91,-0.6291681199603083,0.01
2,1,unrounded_strict,wholly_unseen,gh80,uniform,50.0,retention_bounded_plus_HU,0.0,b866bd6ecb3ec5659d4de6b67167b6378955e1543fe258d36dee45860d110980,dcde9fb2184763b5c14e9bb765581e05a311e05945de72368da76690d3a7fe98,89,-0.6448760015780088,0.01
2,1,unrounded_strict,wholly_unseen,gh80,uniform,50.0,retention_bounded_plus_HU,0.0001,b866bd6ecb3ec5659d4de6b67167b6378955e1543fe258d36dee45860d110980,ae6065faefa94166ff33818f6511d7038c6d5558cafd91c3d9fee6d1769e81cb,89,-0.6460002450075533,0.01
2,1,unrounded_strict,wholly_unseen,gh80,uniform,50.0,retention_bounded_plus_HU,0.001,b866bd6ecb3ec5659d4de6b67167b6378955e1543fe258d36dee45860d110980,e228d336b399cfe1246ed972c6c688d85f9d9bbf02127b436923c9c19b6a7b9a,89,-0.6392495961048471,0.01
2,1,unrounded_strict,wholly_unseen,gh80,uniform,50.0,retention_bounded_plus_HU,0.01,b866bd6ecb3ec5659d4de6b67167b6378955e1543fe258d36dee45860d110980,baea73b52e3c60e8c121aaa55bd553871c658c33e7a0926829363b015426195a,89,-0.6212963164088459,0.01
2,1,unrounded_strict,wholly_unseen,gh80,uniform,50.0,retention_bounded_plus_HU,0.1,b866bd6ecb3ec5659d4de6b67167b6378955e1543fe258d36dee45860d110980,350e9d52dc12f5cd814b0610af74c0d9b02c4eba4da9b011e14083489f734a9f,89,-0.6291681199603083,0.01
2,2,unrounded_strict,wholly_unseen,gh80,uniform,50.0,retention_bounded_plus_HU,0.0,6ebbd52c6c997d69db148aa80e059a97f5040959d2c6399495016458f9911221,b8a25f1674b05b461902fb43e98a9fccf770101c9f3a29f0e6861685d4f703e5,90,-0.6448760015780088,0.01
2,2,unrounded_strict,wholly_unseen,gh80,uniform,50.0,retention_bounded_plus_HU,0.0001,6ebbd52c6c997d69db148aa80e059a97f5040959d2c6399495016458f9911221,80c62a69f17bf27fcf27be2550b17468d1a5026153afe60e4a2bf8ec697ebc30,90,-0.6460002450075533,0.01
2,2,unrounded_strict,wholly_unseen,gh80,uniform,50.0,retention_bounded_plus_HU,0.001,6ebbd52c6c997d69db148aa80e059a97f5040959d2c6399495016458f9911221,883514f597342b2538a5eaab4b60557a4227aa95ba26680a7e08aafc0e88f9ab,90,-0.6392495961048471,0.01
2,2,unrounded_strict,wholly_unseen,gh80,uniform,50.0,retention_bounded_plus_HU,0.01,6ebbd52c6c997d69db148aa80e059a97f5040959d2c6399495016458f9911221,73770d46309de3741c2116ac2d1d9acdcf5c795cbfb42e723af25683405a1548,90,-0.6212963164088459,0.01
2,2,unrounded_strict,wholly_unseen,gh80,uniform,50.0,retention_bounded_plus_HU,0.1,6ebbd52c6c997d69db148aa80e059a97f5040959d2c6399495016458f9911221,d1f2c345e833fadca367a8f1ae44f78653d68cdf4beca45b902d63ceb76dd529,90,-0.6291681199603083,0.01
3,0,all_strict,side_informed,laplace,uniform,50.0,retention_bounded,0.0,14d4aa4637a3952a7fd3ce3da18d16eb06dcd853812d80290ec3d67e3b7cdad5,8f3c997b8200be8a95fa6eb57c67b4ed755de9986fcd0a67e1c4f2fb2ba39390,137,-0.35143137431586724,0.01
3,0,all_strict,side_informed,laplace,uniform,50.0,retention_bounded,0.0001,14d4aa4637a3952a7fd3ce3da18d16eb06dcd853812d80290ec3d67e3b7cdad5,f26ec0a327a40961b23ca4825684a9fd05017838041a90ff373047ccd53d0a1e,137,-0.34973773633025895,0.01
3,0,all_strict,side_informed,laplace,uniform,50.0,retention_bounded,0.001,14d4aa4637a3952a7fd3ce3da18d16eb06dcd853812d80290ec3d67e3b7cdad5,49d1881a1124473e6e782a3a483807f2a2dbffc0bd209ba398d685f56b857850,137,-0.3383996464563192,0.01
3,0,all_strict,side_informed,laplace,uniform,50.0,retention_bounded,0.01,14d4aa4637a3952a7fd3ce3da18d16eb06dcd853812d80290ec3d67e3b7cdad5,3d5df83832533c5b53212579489245fe13ecdfe409df0f6fcac464617557e8a9,137,-0.3079245133682564,0.01
3,0,all_strict,side_informed,laplace,uniform,50.0,retention_bounded,0.1,14d4aa4637a3952a7fd3ce3da18d16eb06dcd853812d80290ec3d67e3b7cdad5,b52cac2b7826faf726a9d8423c235df6ed91eeaf348a8636b3dbd34148c691ec,137,-0.33813570179547975,0.01
3,1,all_strict,side_informed,laplace,uniform,50.0,retention_bounded,0.0,13a079af94e46f97cf9bd78dca9369cc9694a00172361b410848fb0439384c57,d8803fb47adf67d37ff8f355224ee9f91f87ae7edf1494a088a0a87beed4c6f0,139,-0.35143137431586724,0.01
3,1,all_strict,side_informed,laplace,uniform,50.0,retention_bounded,0.0001,13a079af94e46f97cf9bd78dca9369cc9694a00172361b410848fb0439384c57,9bc3fe014f206cd0667d29b6df2979ba07a3a2f5fc607152779c92b59e0529c7,139,-0.34973773633025895,0.01
3,1,all_strict,side_informed,laplace,uniform,50.0,retention_bounded,0.001,13a079af94e46f97cf9bd78dca9369cc9694a00172361b410848fb0439384c57,d69c79d5a5d9cc96d541c4591c6eb4f032bb00a39ca5eeb0a1c7b1300b6065e7,139,-0.3383996464563192,0.01
3,1,all_strict,side_informed,laplace,uniform,50.0,retention_bounded,0.01,13a079af94e46f97cf9bd78dca9369cc9694a00172361b410848fb0439384c57,cf8ec261377dcc8cc5017a8e7cd9ce806639b8ca4386b0b897529cf39c5791c0,139,-0.3079245133682564,0.01
3,1,all_strict,side_informed,laplace,uniform,50.0,retention_bounded,0.1,13a079af94e46f97cf9bd78dca9369cc9694a00172361b410848fb0439384c57,4a5aa2b39b2f1b5ba479b811ba65575f1fcfc5a603604e20735c61da7792be57,139,-0.33813570179547975,0.01
3,2,all_strict,side_informed,laplace,uniform,50.0,retention_bounded,0.0,c987b1318e20fe8cc28abf40debc2ea1db6e17e61f72f092d3a4599fd1096ada,a1657a39223e32c6206c6322e5fd6ac3f2b7b133b3f57e50e1b8959ff8bc002b,137,-0.35143137431586724,0.01
3,2,all_strict,side_informed,laplace,uniform,50.0,retention_bounded,0.0001,c987b1318e20fe8cc28abf40debc2ea1db6e17e61f72f092d3a4599fd1096ada,eecda5e14578ac91d60e458af4353610ce064703aa5ee503523a881caaa15f72,137,-0.34973773633025895,0.01
3,2,all_strict,side_informed,laplace,uniform,50.0,retention_bounded,0.001,c987b1318e20fe8cc28abf40debc2ea1db6e17e61f72f092d3a4599fd1096ada,a80e5f894bc09d161dc218413a9ee6cc9a0762855ff0f8b81013642d66a480f1,137,-0.3383996464563192,0.01
3,2,all_strict,side_informed,laplace,uniform,50.0,retention_bounded,0.01,c987b1318e20fe8cc28abf40debc2ea1db6e17e61f72f092d3a4599fd1096ada,e99da101c5b7c346ef0e270e59b34924753d4962a655dcdd4fffb749f26e6bec,137,-0.3079245133682564,0.01
3,2,all_strict,side_informed,laplace,uniform,50.0,retention_bounded,0.1,c987b1318e20fe8cc28abf40debc2ea1db6e17e61f72f092d3a4599fd1096ada,a47aafc3034caa9d2502c659b6c4eb65260f1caf72946ecc1fa383a47f06bf97,137,-0.33813570179547975,0.01
3,0,all_strict,side_informed,laplace,uniform,50.0,retention_nonnegative,0.0,14d4aa4637a3952a7fd3ce3da18d16eb06dcd853812d80290ec3d67e3b7cdad5,1c30f7092af534f3adb8e2807c0c1e4357c13ac133025dd6a127a9a86c83ec9c,137,-0.3514313749050084,0.01
3,0,all_strict,side_informed,laplace,uniform,50.0,retention_nonnegative,0.0001,14d4aa4637a3952a7fd3ce3da18d16eb06dcd853812d80290ec3d67e3b7cdad5,b41e070e0240417688012bbe2140f19a6ed5675eccb283600a331de51b68d625,137,-0.34805291705588587,0.01
3,0,all_strict,side_informed,laplace,uniform,50.0,retention_nonnegative,0.001,14d4aa4637a3952a7fd3ce3da18d16eb06dcd853812d80290ec3d67e3b7cdad5,6c2a64544f70c9a23ffa034a90bcc23a0a2965291353b68624fa30f344a149ed,137,-0.3348118105415888,0.01
3,0,all_strict,side_informed,laplace,uniform,50.0,retention_nonnegative,0.01,14d4aa4637a3952a7fd3ce3da18d16eb06dcd853812d80290ec3d67e3b7cdad5,5ab9a13e4268043714f45242333a3e38f800bb9d70a7f21244b12e6a69ed3a37,137,-0.328201607859126,0.01
3,0,all_strict,side_informed,laplace,uniform,50.0,retention_nonnegative,0.1,14d4aa4637a3952a7fd3ce3da18d16eb06dcd853812d80290ec3d67e3b7cdad5,9239858cab8c8a36e4f174285e76cc54d712a7089e5927f26aad7c6a67cb4bf2,137,-0.3933362068348627,0.01
3,1,all_strict,side_informed,laplace,uniform,50.0,retention_nonnegative,0.0,13a079af94e46f97cf9bd78dca9369cc9694a00172361b410848fb0439384c57,b1f9e6e80d913c252861a540e7ed12f0915d103d47115b5985db35169d99db63,139,-0.3514313749050084,0.01
3,1,all_strict,side_informed,laplace,uniform,50.0,retention_nonnegative,0.0001,13a079af94e46f97cf9bd78dca9369cc9694a00172361b410848fb0439384c57,2966697f5eeaf19ac2fd1a2f4f150e47f093b0c317d4747236de3ddb2b89246e,139,-0.34805291705588587,0.01
3,1,all_strict,side_informed,laplace,uniform,50.0,retention_nonnegative,0.001,13a079af94e46f97cf9bd78dca9369cc9694a00172361b410848fb0439384c57,1253be93b4ca8b953d24a4d2966dd25eb9762a9e26c12b1b063cedcf49c8fadf,139,-0.3348118105415888,0.01
3,1,all_strict,side_informed,laplace,uniform,50.0,retention_nonnegative,0.01,13a079af94e46f97cf9bd78dca9369cc9694a00172361b410848fb0439384c57,bd296e84fbd84b6e501c1f1ca2b078df496e22a09a678fb80bcd7638c90cfa36,139,-0.328201607859126,0.01
3,1,all_strict,side_informed,laplace,uniform,50.0,retention_nonnegative,0.1,13a079af94e46f97cf9bd78dca9369cc9694a00172361b410848fb0439384c57,c69ff1ecf6c79d34e4cf749ebb19f25217021a4ce536fef94674e552125777d2,139,-0.3933362068348627,0.01
3,2,all_strict,side_informed,laplace,uniform,50.0,retention_nonnegative,0.0,c987b1318e20fe8cc28abf40debc2ea1db6e17e61f72f092d3a4599fd1096ada,da03cd36dea2a84c229f737addebe6d2eaa31dcfc0046ac6739c61ced5524b87,137,-0.3514313749050084,0.01
3,2,all_strict,side_informed,laplace,uniform,50.0,retention_nonnegative,0.0001,c987b1318e20fe8cc28abf40debc2ea1db6e17e61f72f092d3a4599fd1096ada,fc687aad360b6c733966d894db1efe52b00260f37902183b62e02aa67d6d635c,137,-0.34805291705588587,0.01
3,2,all_strict,side_informed,laplace,uniform,50.0,retention_nonnegative,0.001,c987b1318e20fe8cc28abf40debc2ea1db6e17e61f72f092d3a4599fd1096ada,9fe1c7e214b06c55bdb66b233b03a6afb05777677cd75c81122be07c5a3354aa,137,-0.3348118105415888,0.01
3,2,all_strict,side_informed,laplace,uniform,50.0,retention_nonnegative,0.01,c987b1318e20fe8cc28abf40debc2ea1db6e17e61f72f092d3a4599fd1096ada,2037e78a22a80e67b41f51639f723b07d67ee15e6bafa0c26d6cd961877fe037,137,-0.328201607859126,0.01
3,2,all_strict,side_informed,laplace,uniform,50.0,retention_nonnegative,0.1,c987b1318e20fe8cc28abf40debc2ea1db6e17e61f72f092d3a4599fd1096ada,108e70a33afcfc0a9c327e35244b811701c40e31d7e6314323a198c209a47da7,137,-0.3933362068348627,0.01
3,0,all_strict,side_informed,laplace,uniform,50.0,current_only,0.0,14d4aa4637a3952a7fd3ce3da18d16eb06dcd853812d80290ec3d67e3b7cdad5,a804829dfc056ba92efa6a22a863c6cccc311ce4bbd9244639671d3996ca8de8,137,-0.6086342239632944,0.1
3,0,all_strict,side_informed,laplace,uniform,50.0,current_only,0.0001,14d4aa4637a3952a7fd3ce3da18d16eb06dcd853812d80290ec3d67e3b7cdad5,7f76178522c6a3dea45a959ceba6aa36bcc4ec298e393f17048a15d9dc8f6cce,137,-0.607859966631143,0.1
3,0,all_strict,side_informed,laplace,uniform,50.0,current_only,0.001,14d4aa4637a3952a7fd3ce3da18d16eb06dcd853812d80290ec3d67e3b7cdad5,ee2fd979c2c170905fa79e66dd1cd97195a2c1d0fd6bc8af77994deeb2ae06e6,137,-0.601441126164024,0.1
3,0,all_strict,side_informed,laplace,uniform,50.0,current_only,0.01,14d4aa4637a3952a7fd3ce3da18d16eb06dcd853812d80290ec3d67e3b7cdad5,b83921f909a9cc4ead37f9762902a42c18fdbda5cf428113fc477b1083cee59e,137,-0.5647867669712567,0.1
3,0,all_strict,side_informed,laplace,uniform,50.0,current_only,0.1,14d4aa4637a3952a7fd3ce3da18d16eb06dcd853812d80290ec3d67e3b7cdad5,7841242a8b9341a029c10f88adb9aafc975b86f4a099c122c344818ce3bc333b,137,-0.5366777675848966,0.1
3,1,all_strict,side_informed,laplace,uniform,50.0,current_only,0.0,13a079af94e46f97cf9bd78dca9369cc9694a00172361b410848fb0439384c57,b7d3b30e7750a89b8dc3897c489a9d3101a3b79003b8c03a54f68fe45bdbfc60,139,-0.6086342239632944,0.1
3,1,all_strict,side_informed,laplace,uniform,50.0,current_only,0.0001,13a079af94e46f97cf9bd78dca9369cc9694a00172361b410848fb0439384c57,858a337f2dc2381f037cb78f117872d1c1df556bc899f8fccf7a47cf6de30230,139,-0.607859966631143,0.1
3,1,all_strict,side_informed,laplace,uniform,50.0,current_only,0.001,13a079af94e46f97cf9bd78dca9369cc9694a00172361b410848fb0439384c57,442afe36ea730cc4055d1c1f9b322e794786b9431277dcbc8a78e199eb9eea01,139,-0.601441126164024,0.1
3,1,all_strict,side_informed,laplace,uniform,50.0,current_only,0.01,13a079af94e46f97cf9bd78dca9369cc9694a00172361b410848fb0439384c57,071ff60bcb1fd58f4887bcd060113c640c81a2a8582494f3c479c85aeeb10d2d,139,-0.5647867669712567,0.1
3,1,all_strict,side_informed,laplace,uniform,50.0,current_only,0.1,13a079af94e46f97cf9bd78dca9369cc9694a00172361b410848fb0439384c57,5c693f7ee2e7bdc9d87846d2e06e398a7520417807c9bd2b5655761bcaeea32c,139,-0.5366777675848966,0.1
3,2,all_strict,side_informed,laplace,uniform,50.0,current_only,0.0,c987b1318e20fe8cc28abf40debc2ea1db6e17e61f72f092d3a4599fd1096ada,378a4683c7f3e7cd6608f1049bcd139411e21601f00432a6ba85084fe9ce0e63,137,-0.6086342239632944,0.1
3,2,all_strict,side_informed,laplace,uniform,50.0,current_only,0.0001,c987b1318e20fe8cc28abf40debc2ea1db6e17e61f72f092d3a4599fd1096ada,cc1844adcf750b7a20834e10046937dbc2d42d01804534a4a69a97b485ecfea8,137,-0.607859966631143,0.1
3,2,all_strict,side_informed,laplace,uniform,50.0,current_only,0.001,c987b1318e20fe8cc28abf40debc2ea1db6e17e61f72f092d3a4599fd1096ada,da8be16fd59bc3b2213d8a5f3ecb9571099eb3f284a0a9d2e471b60925e3994f,137,-0.601441126164024,0.1
3,2,all_strict,side_informed,laplace,uniform,50.0,current_only,0.01,c987b1318e20fe8cc28abf40debc2ea1db6e17e61f72f092d3a4599fd1096ada,afa7780d89c71771e7e8bdfecd3349d69273362595025b493853e0e2bef587df,137,-0.5647867669712567,0.1
3,2,all_strict,side_informed,laplace,uniform,50.0,current_only,0.1,c987b1318e20fe8cc28abf40debc2ea1db6e17e61f72f092d3a4599fd1096ada,1ba31b1caccfe53d8382f4972e0b35b9c4409a1762bcf9a4a6c5e73eb738f4e3,137,-0.5366777675848966,0.1
3,0,all_strict,side_informed,laplace,uniform,50.0,input_plus_surface,0.0,14d4aa4637a3952a7fd3ce3da18d16eb06dcd853812d80290ec3d67e3b7cdad5,f41a56c42d22e99aadb96ae9a9643d704c640ad2476cafbb7009f05a7f99def3,137,-0.3272157653843809,0.01
3,0,all_strict,side_informed,laplace,uniform,50.0,input_plus_surface,0.0001,14d4aa4637a3952a7fd3ce3da18d16eb06dcd853812d80290ec3d67e3b7cdad5,e9b3519ef3dc5d9ecbb7f67a4be1c958ffb9655970035f8dd35118cec4670a11,137,-0.3248183986261132,0.01
3,0,all_strict,side_informed,laplace,uniform,50.0,input_plus_surface,0.001,14d4aa4637a3952a7fd3ce3da18d16eb06dcd853812d80290ec3d67e3b7cdad5,6e9fad617f0a05aebb1c1c10ff4d0173d8ee3c093fab3d6b82d3ff2f1be11cde,137,-0.31205186529552975,0.01
3,0,all_strict,side_informed,laplace,uniform,50.0,input_plus_surface,0.01,14d4aa4637a3952a7fd3ce3da18d16eb06dcd853812d80290ec3d67e3b7cdad5,d503744df1ba4ce18af4e9c0bfcb613c09bdf174bfa7e220f703052ee541e934,137,-0.2921654203770306,0.01
3,0,all_strict,side_informed,laplace,uniform,50.0,input_plus_surface,0.1,14d4aa4637a3952a7fd3ce3da18d16eb06dcd853812d80290ec3d67e3b7cdad5,96a32c37012d543d6faa0b5bed25aa95c65ed1021d25ecfa7185232150fe8392,137,-0.3513092559386344,0.01
3,1,all_strict,side_informed,laplace,uniform,50.0,input_plus_surface,0.0,13a079af94e46f97cf9bd78dca9369cc9694a00172361b410848fb0439384c57,c163a22e042bd7ce5af8131d47307e47772ad67b86e5336f925a9cb014792658,139,-0.3272157653843809,0.01
3,1,all_strict,side_informed,laplace,uniform,50.0,input_plus_surface,0.0001,13a079af94e46f97cf9bd78dca9369cc9694a00172361b410848fb0439384c57,58d884016eb11f31712854c948618eb5960996e7ca5853d843b77c0b7a069aea,139,-0.3248183986261132,0.01
3,1,all_strict,side_informed,laplace,uniform,50.0,input_plus_surface,0.001,13a079af94e46f97cf9bd78dca9369cc9694a00172361b410848fb0439384c57,1bdcfd69f8bb497fb0f13dd3e1eeabbfa83e1360aeea0ca964e25d4fdcd3a3a8,139,-0.31205186529552975,0.01
3,1,all_strict,side_informed,laplace,uniform,50.0,input_plus_surface,0.01,13a079af94e46f97cf9bd78dca9369cc9694a00172361b410848fb0439384c57,58f9b303a48528c03e1051f2c0b51da93163fcc52be7328c3c62df2ff6567cac,139,-0.2921654203770306,0.01
3,1,all_strict,side_informed,laplace,uniform,50.0,input_plus_surface,0.1,13a079af94e46f97cf9bd78dca9369cc9694a00172361b410848fb0439384c57,4934954e6d5ca3a9b82380c19c9c77d65dac53efaf68fd476d261fca40237b24,139,-0.3513092559386344,0.01
3,2,all_strict,side_informed,laplace,uniform,50.0,input_plus_surface,0.0,c987b1318e20fe8cc28abf40debc2ea1db6e17e61f72f092d3a4599fd1096ada,f97ea3d43c65c16a3ee7c6e453d3b4ae6cb38cb94653973970efc7f43da5061c,137,-0.3272157653843809,0.01
3,2,all_strict,side_informed,laplace,uniform,50.0,input_plus_surface,0.0001,c987b1318e20fe8cc28abf40debc2ea1db6e17e61f72f092d3a4599fd1096ada,82f6c9cf5ee271c96aa2bc4eca3ce94730dc11e454d02d5cacb87f827a84f827,137,-0.3248183986261132,0.01
3,2,all_strict,side_informed,laplace,uniform,50.0,input_plus_surface,0.001,c987b1318e20fe8cc28abf40debc2ea1db6e17e61f72f092d3a4599fd1096ada,8133f1acb58be8d20fdb63e0863e545146a2c84ee1f86cedbcb06b6f5b89039d,137,-0.31205186529552975,0.01
3,2,all_strict,side_informed,laplace,uniform,50.0,input_plus_surface,0.01,c987b1318e20fe8cc28abf40debc2ea1db6e17e61f72f092d3a4599fd1096ada,fa6c737c981e36e37cd769f8dbbe9e5f31f29f989daf0a19fd1db3f0726e59af,137,-0.2921654203770306,0.01
3,2,all_strict,side_informed,laplace,uniform,50.0,input_plus_surface,0.1,c987b1318e20fe8cc28abf40debc2ea1db6e17e61f72f092d3a4599fd1096ada,bce31fa3c1fb35f92faf2a3f762359303221b44d41462b6ff6f95c67c43e98c8,137,-0.3513092559386344,0.01
3,0,all_strict,side_informed,laplace,uniform,50.0,HU_plus_surface,0.0,14d4aa4637a3952a7fd3ce3da18d16eb06dcd853812d80290ec3d67e3b7cdad5,3cc37503a19ddcaa55e14140ef6308ae21e30ebf774be472eca66ae52cc3336f,137,-0.3087842503023733,0.01
3,0,all_strict,side_informed,laplace,uniform,50.0,HU_plus_surface,0.0001,14d4aa4637a3952a7fd3ce3da18d16eb06dcd853812d80290ec3d67e3b7cdad5,9f0a0bc3a4485cd50c9a24c477bcc64d7e6d4154dab41604f397f0e29121dc62,137,-0.30642223734356794,0.01
3,0,all_strict,side_informed,laplace,uniform,50.0,HU_plus_surface,0.001,14d4aa4637a3952a7fd3ce3da18d16eb06dcd853812d80290ec3d67e3b7cdad5,9637ed574dca406d1cd4e593827349f12a182f50f1929da8f3f485dd535f5922,137,-0.2938927384014856,0.01
3,0,all_strict,side_informed,laplace,uniform,50.0,HU_plus_surface,0.01,14d4aa4637a3952a7fd3ce3da18d16eb06dcd853812d80290ec3d67e3b7cdad5,1a786d5964fe46b84aa3dae7a1dc22d1256d9f8b5adbabe520f969ea667ad98e,137,-0.2769387148974972,0.01
3,0,all_strict,side_informed,laplace,uniform,50.0,HU_plus_surface,0.1,14d4aa4637a3952a7fd3ce3da18d16eb06dcd853812d80290ec3d67e3b7cdad5,13ee4fc9007c4474db50e941c418f55325c05699fd4bb61174d07024654aea41,137,-0.3430691430652943,0.01
3,1,all_strict,side_informed,laplace,uniform,50.0,HU_plus_surface,0.0,13a079af94e46f97cf9bd78dca9369cc9694a00172361b410848fb0439384c57,41d46a60eaff390841cf4486f997d850adfd2ea8fd355203cabd888c27a47cfc,139,-0.3087842503023733,0.01
3,1,all_strict,side_informed,laplace,uniform,50.0,HU_plus_surface,0.0001,13a079af94e46f97cf9bd78dca9369cc9694a00172361b410848fb0439384c57,73c97484fb326b5eb589b7b39f5d275178b2b433d2abbb379a0c40ce754d5eda,139,-0.30642223734356794,0.01
3,1,all_strict,side_informed,laplace,uniform,50.0,HU_plus_surface,0.001,13a079af94e46f97cf9bd78dca9369cc9694a00172361b410848fb0439384c57,ab952a7cbf59ec99769dabf1d09c1e975ad7baab921c7621ce5463be7799d557,139,-0.2938927384014856,0.01
3,1,all_strict,side_informed,laplace,uniform,50.0,HU_plus_surface,0.01,13a079af94e46f97cf9bd78dca9369cc9694a00172361b410848fb0439384c57,1d030377b218f7713e34f584510aa77c9f73dd0b4ea694bde3c249f266f99405,139,-0.2769387148974972,0.01
3,1,all_strict,side_informed,laplace,uniform,50.0,HU_plus_surface,0.1,13a079af94e46f97cf9bd78dca9369cc9694a00172361b410848fb0439384c57,06cb4640db35e91a6e2166dcde4d7b5ebe3d66e8966b2248b50b8fa96c731479,139,-0.3430691430652943,0.01
3,2,all_strict,side_informed,laplace,uniform,50.0,HU_plus_surface,0.0,c987b1318e20fe8cc28abf40debc2ea1db6e17e61f72f092d3a4599fd1096ada,5950ca70c1df047769e441bfbdec6ae730b77d384a69aab47fb46b77bd626667,137,-0.3087842503023733,0.01
3,2,all_strict,side_informed,laplace,uniform,50.0,HU_plus_surface,0.0001,c987b1318e20fe8cc28abf40debc2ea1db6e17e61f72f092d3a4599fd1096ada,fd1f8e5e6508fcaeae298afc2e5dbd1f9bcbdad537297711bd612b367cec6935,137,-0.30642223734356794,0.01
3,2,all_strict,side_informed,laplace,uniform,50.0,HU_plus_surface,0.001,c987b1318e20fe8cc28abf40debc2ea1db6e17e61f72f092d3a4599fd1096ada,72d7c1db05cdfe2dbfead2d33830c4e4e999fafaaf28a8081e682ef8de1f54c0,137,-0.2938927384014856,0.01
3,2,all_strict,side_informed,laplace,uniform,50.0,HU_plus_surface,0.01,c987b1318e20fe8cc28abf40debc2ea1db6e17e61f72f092d3a4599fd1096ada,956ea67eb9fe1a7e48215bd076c2017b56d7888f6b0a0fc2a7297321401c64b3,137,-0.2769387148974972,0.01
3,2,all_strict,side_informed,laplace,uniform,50.0,HU_plus_surface,0.1,c987b1318e20fe8cc28abf40debc2ea1db6e17e61f72f092d3a4599fd1096ada,84158a39d8ff5897158b64c977a983ad08217ec0e7c8c35b88fad80c0921d95b,137,-0.3430691430652943,0.01
3,0,all_strict,side_informed,laplace,uniform,50.0,retention_bounded_plus_HU,0.0,14d4aa4637a3952a7fd3ce3da18d16eb06dcd853812d80290ec3d67e3b7cdad5,36aad7b6a994d1c654fcc9d7d7d1ec0821efe164b0477e8e1dd699fc9d5b49c7,137,-0.3167775010624707,0.01
3,0,all_strict,side_informed,laplace,uniform,50.0,retention_bounded_plus_HU,0.0001,14d4aa4637a3952a7fd3ce3da18d16eb06dcd853812d80290ec3d67e3b7cdad5,497e4473e8363507d974bb59f395f74b9fb7e18b43196504518007729d54a7a6,137,-0.3155262015910872,0.01
3,0,all_strict,side_informed,laplace,uniform,50.0,retention_bounded_plus_HU,0.001,14d4aa4637a3952a7fd3ce3da18d16eb06dcd853812d80290ec3d67e3b7cdad5,12252bfccd1974edf428abe7bbed9512e8dba835fba4a616617559630a20e950,137,-0.30814263372989703,0.01
3,0,all_strict,side_informed,laplace,uniform,50.0,retention_bounded_plus_HU,0.01,14d4aa4637a3952a7fd3ce3da18d16eb06dcd853812d80290ec3d67e3b7cdad5,ecc95bbfb008082c714f2289882e06e893cc6435c3ca39a6e444f134a4bcf06d,137,-0.28794019031234036,0.01
3,0,all_strict,side_informed,laplace,uniform,50.0,retention_bounded_plus_HU,0.1,14d4aa4637a3952a7fd3ce3da18d16eb06dcd853812d80290ec3d67e3b7cdad5,532a906faa6816f5de4e5ef055342cb925bf468c9130b3f1f214075395f6467f,137,-0.30660568630412566,0.01
3,1,all_strict,side_informed,laplace,uniform,50.0,retention_bounded_plus_HU,0.0,13a079af94e46f97cf9bd78dca9369cc9694a00172361b410848fb0439384c57,c5933e05b8ae924b98c5f36a9d19cc0716d3caf0c9635c3804573b29d6a2dbfd,139,-0.3167775010624707,0.01
3,1,all_strict,side_informed,laplace,uniform,50.0,retention_bounded_plus_HU,0.0001,13a079af94e46f97cf9bd78dca9369cc9694a00172361b410848fb0439384c57,441f2f3862fbd594e4735ad106d6e36728d40b1cb405b37d7ec5852d8c93f133,139,-0.3155262015910872,0.01
3,1,all_strict,side_informed,laplace,uniform,50.0,retention_bounded_plus_HU,0.001,13a079af94e46f97cf9bd78dca9369cc9694a00172361b410848fb0439384c57,f1b6e73c166028cdf80feb0270eeaab517efef7660cf9fd93df714eacd690337,139,-0.30814263372989703,0.01
3,1,all_strict,side_informed,laplace,uniform,50.0,retention_bounded_plus_HU,0.01,13a079af94e46f97cf9bd78dca9369cc9694a00172361b410848fb0439384c57,cadc4353175c34c2e7de1e0ffc0c27379211808e04eb0ee8490d0d8c147af30f,139,-0.28794019031234036,0.01
3,1,all_strict,side_informed,laplace,uniform,50.0,retention_bounded_plus_HU,0.1,13a079af94e46f97cf9bd78dca9369cc9694a00172361b410848fb0439384c57,d9e16874694af5a19d28bc0de18a5882a0536178bd7920a62bd118c8edad42ad,139,-0.30660568630412566,0.01
3,2,all_strict,side_informed,laplace,uniform,50.0,retention_bounded_plus_HU,0.0,c987b1318e20fe8cc28abf40debc2ea1db6e17e61f72f092d3a4599fd1096ada,e0eea4a03b7a1221c1bb18c5931456ec0bbf5c2b902785e03a82c1f227c52d81,137,-0.3167775010624707,0.01
3,2,all_strict,side_informed,laplace,uniform,50.0,retention_bounded_plus_HU,0.0001,c987b1318e20fe8cc28abf40debc2ea1db6e17e61f72f092d3a4599fd1096ada,ae958a5805dd928dbfe2a5b92d22d4ee479c651ed7c8f4e90e3595a7818c7d68,137,-0.3155262015910872,0.01
3,2,all_strict,side_informed,laplace,uniform,50.0,retention_bounded_plus_HU,0.001,c987b1318e20fe8cc28abf40debc2ea1db6e17e61f72f092d3a4599fd1096ada,6a3e86d61dff46f07cbefe3de8121306c0ab0b134053e9faa577a01ee29849a0,137,-0.30814263372989703,0.01
3,2,all_strict,side_informed,laplace,uniform,50.0,retention_bounded_plus_HU,0.01,c987b1318e20fe8cc28abf40debc2ea1db6e17e61f72f092d3a4599fd1096ada,707d1f1d5308d617d3b3d08113f892e8813734ac94c425d23a0e7bb96f608612,137,-0.28794019031234036,0.01
3,2,all_strict,side_informed,laplace,uniform,50.0,retention_bounded_plus_HU,0.1,c987b1318e20fe8cc28abf40debc2ea1db6e17e61f72f092d3a4599fd1096ada,1a159031646d32ec16ac7f9dd8e53378b6aba4c43e1b939c6a648ad0c43bf7f2,137,-0.30660568630412566,0.01
3,0,all_strict,side_informed,gh80,uniform,50.0,HU_plus_surface,0.0,14d4aa4637a3952a7fd3ce3da18d16eb06dcd853812d80290ec3d67e3b7cdad5,558956cc7715ddf2fe6d80d34e3f0b640c44faa49b08ce97f955c0229ebf1276,137,-0.3022979589339198,0.01
3,0,all_strict,side_informed,gh80,uniform,50.0,HU_plus_surface,0.0001,14d4aa4637a3952a7fd3ce3da18d16eb06dcd853812d80290ec3d67e3b7cdad5,df20e41d54308c7e1f74354ada8f2b4ec0595daded171bc88bf8109ec96132c2,137,-0.30005371729678176,0.01
3,0,all_strict,side_informed,gh80,uniform,50.0,HU_plus_surface,0.001,14d4aa4637a3952a7fd3ce3da18d16eb06dcd853812d80290ec3d67e3b7cdad5,c0a7be385684098277b56d6c06f791132efd7a759e60dd8fbafd3a54184743eb,137,-0.2883150933074127,0.01
3,0,all_strict,side_informed,gh80,uniform,50.0,HU_plus_surface,0.01,14d4aa4637a3952a7fd3ce3da18d16eb06dcd853812d80290ec3d67e3b7cdad5,08f1e35ab728431f26219df61c785a68b34b2c82e21ba20d92e37a7388a42342,137,-0.2739348845182359,0.01
3,0,all_strict,side_informed,gh80,uniform,50.0,HU_plus_surface,0.1,14d4aa4637a3952a7fd3ce3da18d16eb06dcd853812d80290ec3d67e3b7cdad5,8f8e3e61682154c2b13167b419e95ff40a9a6ebaf5c7ecf0524cf2b2665140d9,137,-0.3425573794990229,0.01
3,1,all_strict,side_informed,gh80,uniform,50.0,HU_plus_surface,0.0,13a079af94e46f97cf9bd78dca9369cc9694a00172361b410848fb0439384c57,349ab056bd5695c6b54a84dbd9a2dfdaf19917eff6202b538f103990120631fe,139,-0.3022979589339198,0.01
3,1,all_strict,side_informed,gh80,uniform,50.0,HU_plus_surface,0.0001,13a079af94e46f97cf9bd78dca9369cc9694a00172361b410848fb0439384c57,442e469ece6eb027c7419b93ecd78a673294d99649969b1fb97fe6716b848125,139,-0.30005371729678176,0.01
3,1,all_strict,side_informed,gh80,uniform,50.0,HU_plus_surface,0.001,13a079af94e46f97cf9bd78dca9369cc9694a00172361b410848fb0439384c57,1074ae27ca91ffec3c803bab580379f43328547373246828fe06608b0158ea6e,139,-0.2883150933074127,0.01
3,1,all_strict,side_informed,gh80,uniform,50.0,HU_plus_surface,0.01,13a079af94e46f97cf9bd78dca9369cc9694a00172361b410848fb0439384c57,d7961414654e4f85dedead68e5ca18de6da7e44a7b465862db5368364850b923,139,-0.2739348845182359,0.01
3,1,all_strict,side_informed,gh80,uniform,50.0,HU_plus_surface,0.1,13a079af94e46f97cf9bd78dca9369cc9694a00172361b410848fb0439384c57,a29c7d9044b18cb25f61758080e017d4cba1ebecafac9d9db5f514fa1ba74f12,139,-0.3425573794990229,0.01
3,2,all_strict,side_informed,gh80,uniform,50.0,HU_plus_surface,0.0,c987b1318e20fe8cc28abf40debc2ea1db6e17e61f72f092d3a4599fd1096ada,10a7f6abbe505d97ad62f5577a671a30a410d91404e24f1b61958653af0bbbc2,137,-0.3022979589339198,0.01
3,2,all_strict,side_informed,gh80,uniform,50.0,HU_plus_surface,0.0001,c987b1318e20fe8cc28abf40debc2ea1db6e17e61f72f092d3a4599fd1096ada,509ba4ec3479fbd7311264a99031f0ea39f507d42872dac432b0fe8a56c687b9,137,-0.30005371729678176,0.01
3,2,all_strict,side_informed,gh80,uniform,50.0,HU_plus_surface,0.001,c987b1318e20fe8cc28abf40debc2ea1db6e17e61f72f092d3a4599fd1096ada,00305dd739d243107bcce6ed6b30883615cba387b36732583829b27d39d5eb30,137,-0.2883150933074127,0.01
3,2,all_strict,side_informed,gh80,uniform,50.0,HU_plus_surface,0.01,c987b1318e20fe8cc28abf40debc2ea1db6e17e61f72f092d3a4599fd1096ada,6ddaba06cb6342f5c494af34fe426eac33761ceae4d67d1b0baa95180ec77d97,137,-0.2739348845182359,0.01
3,2,all_strict,side_informed,gh80,uniform,50.0,HU_plus_surface,0.1,c987b1318e20fe8cc28abf40debc2ea1db6e17e61f72f092d3a4599fd1096ada,b59f887f3654bd1b963db162ccb11a3a4f825b300e3361353f31cdfad93c17ff,137,-0.3425573794990229,0.01
3,0,all_strict,side_informed,gh80,uniform,50.0,retention_bounded_plus_HU,0.0,14d4aa4637a3952a7fd3ce3da18d16eb06dcd853812d80290ec3d67e3b7cdad5,ad3f4fa840cd5de007ffc39f011024b13e913dd385f25d9d4373ce84f8e73a74,137,-0.31579242107586497,0.01
3,0,all_strict,side_informed,gh80,uniform,50.0,retention_bounded_plus_HU,0.0001,14d4aa4637a3952a7fd3ce3da18d16eb06dcd853812d80290ec3d67e3b7cdad5,a2e68d418caa7e6db658d2fb5fb7a37fcec5cbfa0a0c1da8bd6595ae411bd18d,137,-0.31475476799086793,0.01
3,0,all_strict,side_informed,gh80,uniform,50.0,retention_bounded_plus_HU,0.001,14d4aa4637a3952a7fd3ce3da18d16eb06dcd853812d80290ec3d67e3b7cdad5,567ae80d2c779b570a721013a8c6c055b68ab8846226f1678c784f83fcdcb247,137,-0.3082283657799595,0.01
3,0,all_strict,side_informed,gh80,uniform,50.0,retention_bounded_plus_HU,0.01,14d4aa4637a3952a7fd3ce3da18d16eb06dcd853812d80290ec3d67e3b7cdad5,539f51d05fc740d019baaf6c0d5e64bd622a0fa20ae208baf4b98e7ef0a17c20,137,-0.2887544465675586,0.01
3,0,all_strict,side_informed,gh80,uniform,50.0,retention_bounded_plus_HU,0.1,14d4aa4637a3952a7fd3ce3da18d16eb06dcd853812d80290ec3d67e3b7cdad5,bac397bd7bd43a4125c87268b6041de671e5dd8b558f81331a21d5464ee729b8,137,-0.30711091351809355,0.01
3,1,all_strict,side_informed,gh80,uniform,50.0,retention_bounded_plus_HU,0.0,13a079af94e46f97cf9bd78dca9369cc9694a00172361b410848fb0439384c57,bfdf3cc13d8d3e58771b97fe80f9a61440adf48e5006d10b28b9db5a12631c9c,139,-0.31579242107586497,0.01
3,1,all_strict,side_informed,gh80,uniform,50.0,retention_bounded_plus_HU,0.0001,13a079af94e46f97cf9bd78dca9369cc9694a00172361b410848fb0439384c57,a5f54f94468812fa1b229af3de406428224ff023bb54ecd81792dcc5521ca7d3,139,-0.31475476799086793,0.01
3,1,all_strict,side_informed,gh80,uniform,50.0,retention_bounded_plus_HU,0.001,13a079af94e46f97cf9bd78dca9369cc9694a00172361b410848fb0439384c57,77805f5ea740d939e8ab57897cce69c4c8edf769eefb3f3b046c3312e5c89c36,139,-0.3082283657799595,0.01
3,1,all_strict,side_informed,gh80,uniform,50.0,retention_bounded_plus_HU,0.01,13a079af94e46f97cf9bd78dca9369cc9694a00172361b410848fb0439384c57,76ed40f61409a811469fcd44a806987b18820e073ad0c0f2a39c0da676900ffb,139,-0.2887544465675586,0.01
3,1,all_strict,side_informed,gh80,uniform,50.0,retention_bounded_plus_HU,0.1,13a079af94e46f97cf9bd78dca9369cc9694a00172361b410848fb0439384c57,8f9042e6b5394e0a52053672fd51355b24de4ad2062c70387200dee78ed9c670,139,-0.30711091351809355,0.01
3,2,all_strict,side_informed,gh80,uniform,50.0,retention_bounded_plus_HU,0.0,c987b1318e20fe8cc28abf40debc2ea1db6e17e61f72f092d3a4599fd1096ada,4fe942cb9950c6f114ac260258e8d695e013fd73120c4326131af42211dfe57e,137,-0.31579242107586497,0.01
3,2,all_strict,side_informed,gh80,uniform,50.0,retention_bounded_plus_HU,0.0001,c987b1318e20fe8cc28abf40debc2ea1db6e17e61f72f092d3a4599fd1096ada,c0139daeca70c2f8609c8d2eeea256374ecec8dffa6940902c3edbcd79e1581e,137,-0.31475476799086793,0.01
3,2,all_strict,side_informed,gh80,uniform,50.0,retention_bounded_plus_HU,0.001,c987b1318e20fe8cc28abf40debc2ea1db6e17e61f72f092d3a4599fd1096ada,3e59e1a9c0042fffc6e80b5d19eb70b8d5517810161434164eb301ca6450bfe9,137,-0.3082283657799595,0.01
3,2,all_strict,side_informed,gh80,uniform,50.0,retention_bounded_plus_HU,0.01,c987b1318e20fe8cc28abf40debc2ea1db6e17e61f72f092d3a4599fd1096ada,894e6feba3c67a758eca2b4d61bc33835263cc4a3819ef423ec97adc2fc0ac77,137,-0.2887544465675586,0.01
3,2,all_strict,side_informed,gh80,uniform,50.0,retention_bounded_plus_HU,0.1,c987b1318e20fe8cc28abf40debc2ea1db6e17e61f72f092d3a4599fd1096ada,c93c72b3e2b2f9ceb93d3a6c40f9b6f865266a4999b97e3636d22253b717969a,137,-0.30711091351809355,0.01
3,0,all_strict,wholly_unseen,laplace,uniform,50.0,retention_bounded,0.0,14d4aa4637a3952a7fd3ce3da18d16eb06dcd853812d80290ec3d67e3b7cdad5,8f3c997b8200be8a95fa6eb57c67b4ed755de9986fcd0a67e1c4f2fb2ba39390,137,-0.7213895149429707,0.01
3,0,all_strict,wholly_unseen,laplace,uniform,50.0,retention_bounded,0.0001,14d4aa4637a3952a7fd3ce3da18d16eb06dcd853812d80290ec3d67e3b7cdad5,f26ec0a327a40961b23ca4825684a9fd05017838041a90ff373047ccd53d0a1e,137,-0.7170863667940227,0.01
3,0,all_strict,wholly_unseen,laplace,uniform,50.0,retention_bounded,0.001,14d4aa4637a3952a7fd3ce3da18d16eb06dcd853812d80290ec3d67e3b7cdad5,49d1881a1124473e6e782a3a483807f2a2dbffc0bd209ba398d685f56b857850,137,-0.6883994396167009,0.01
3,0,all_strict,wholly_unseen,laplace,uniform,50.0,retention_bounded,0.01,14d4aa4637a3952a7fd3ce3da18d16eb06dcd853812d80290ec3d67e3b7cdad5,3d5df83832533c5b53212579489245fe13ecdfe409df0f6fcac464617557e8a9,137,-0.6141055793925341,0.01
3,0,all_strict,wholly_unseen,laplace,uniform,50.0,retention_bounded,0.1,14d4aa4637a3952a7fd3ce3da18d16eb06dcd853812d80290ec3d67e3b7cdad5,b52cac2b7826faf726a9d8423c235df6ed91eeaf348a8636b3dbd34148c691ec,137,-0.6220391219868971,0.01
3,1,all_strict,wholly_unseen,laplace,uniform,50.0,retention_bounded,0.0,13a079af94e46f97cf9bd78dca9369cc9694a00172361b410848fb0439384c57,d8803fb47adf67d37ff8f355224ee9f91f87ae7edf1494a088a0a87beed4c6f0,139,-0.7213895149429707,0.01
3,1,all_strict,wholly_unseen,laplace,uniform,50.0,retention_bounded,0.0001,13a079af94e46f97cf9bd78dca9369cc9694a00172361b410848fb0439384c57,9bc3fe014f206cd0667d29b6df2979ba07a3a2f5fc607152779c92b59e0529c7,139,-0.7170863667940227,0.01
3,1,all_strict,wholly_unseen,laplace,uniform,50.0,retention_bounded,0.001,13a079af94e46f97cf9bd78dca9369cc9694a00172361b410848fb0439384c57,d69c79d5a5d9cc96d541c4591c6eb4f032bb00a39ca5eeb0a1c7b1300b6065e7,139,-0.6883994396167009,0.01
3,1,all_strict,wholly_unseen,laplace,uniform,50.0,retention_bounded,0.01,13a079af94e46f97cf9bd78dca9369cc9694a00172361b410848fb0439384c57,cf8ec261377dcc8cc5017a8e7cd9ce806639b8ca4386b0b897529cf39c5791c0,139,-0.6141055793925341,0.01
3,1,all_strict,wholly_unseen,laplace,uniform,50.0,retention_bounded,0.1,13a079af94e46f97cf9bd78dca9369cc9694a00172361b410848fb0439384c57,4a5aa2b39b2f1b5ba479b811ba65575f1fcfc5a603604e20735c61da7792be57,139,-0.6220391219868971,0.01
3,2,all_strict,wholly_unseen,laplace,uniform,50.0,retention_bounded,0.0,c987b1318e20fe8cc28abf40debc2ea1db6e17e61f72f092d3a4599fd1096ada,a1657a39223e32c6206c6322e5fd6ac3f2b7b133b3f57e50e1b8959ff8bc002b,137,-0.7213895149429707,0.01
3,2,all_strict,wholly_unseen,laplace,uniform,50.0,retention_bounded,0.0001,c987b1318e20fe8cc28abf40debc2ea1db6e17e61f72f092d3a4599fd1096ada,eecda5e14578ac91d60e458af4353610ce064703aa5ee503523a881caaa15f72,137,-0.7170863667940227,0.01
3,2,all_strict,wholly_unseen,laplace,uniform,50.0,retention_bounded,0.001,c987b1318e20fe8cc28abf40debc2ea1db6e17e61f72f092d3a4599fd1096ada,a80e5f894bc09d161dc218413a9ee6cc9a0762855ff0f8b81013642d66a480f1,137,-0.6883994396167009,0.01
3,2,all_strict,wholly_unseen,laplace,uniform,50.0,retention_bounded,0.01,c987b1318e20fe8cc28abf40debc2ea1db6e17e61f72f092d3a4599fd1096ada,e99da101c5b7c346ef0e270e59b34924753d4962a655dcdd4fffb749f26e6bec,137,-0.6141055793925341,0.01
3,2,all_strict,wholly_unseen,laplace,uniform,50.0,retention_bounded,0.1,c987b1318e20fe8cc28abf40debc2ea1db6e17e61f72f092d3a4599fd1096ada,a47aafc3034caa9d2502c659b6c4eb65260f1caf72946ecc1fa383a47f06bf97,137,-0.6220391219868971,0.01
3,0,all_strict,wholly_unseen,laplace,uniform,50.0,retention_nonnegative,0.0,14d4aa4637a3952a7fd3ce3da18d16eb06dcd853812d80290ec3d67e3b7cdad5,1c30f7092af534f3adb8e2807c0c1e4357c13ac133025dd6a127a9a86c83ec9c,137,-0.7213895158855399,0.01
3,0,all_strict,wholly_unseen,laplace,uniform,50.0,retention_nonnegative,0.0001,14d4aa4637a3952a7fd3ce3da18d16eb06dcd853812d80290ec3d67e3b7cdad5,b41e070e0240417688012bbe2140f19a6ed5675eccb283600a331de51b68d625,137,-0.7083637791442977,0.01
3,0,all_strict,wholly_unseen,laplace,uniform,50.0,retention_nonnegative,0.001,14d4aa4637a3952a7fd3ce3da18d16eb06dcd853812d80290ec3d67e3b7cdad5,6c2a64544f70c9a23ffa034a90bcc23a0a2965291353b68624fa30f344a149ed,137,-0.647796414716879,0.01
3,0,all_strict,wholly_unseen,laplace,uniform,50.0,retention_nonnegative,0.01,14d4aa4637a3952a7fd3ce3da18d16eb06dcd853812d80290ec3d67e3b7cdad5,5ab9a13e4268043714f45242333a3e38f800bb9d70a7f21244b12e6a69ed3a37,137,-0.6124712954638883,0.01
3,0,all_strict,wholly_unseen,laplace,uniform,50.0,retention_nonnegative,0.1,14d4aa4637a3952a7fd3ce3da18d16eb06dcd853812d80290ec3d67e3b7cdad5,9239858cab8c8a36e4f174285e76cc54d712a7089e5927f26aad7c6a67cb4bf2,137,-0.6883900711789341,0.01
3,1,all_strict,wholly_unseen,laplace,uniform,50.0,retention_nonnegative,0.0,13a079af94e46f97cf9bd78dca9369cc9694a00172361b410848fb0439384c57,b1f9e6e80d913c252861a540e7ed12f0915d103d47115b5985db35169d99db63,139,-0.7213895158855399,0.01
3,1,all_strict,wholly_unseen,laplace,uniform,50.0,retention_nonnegative,0.0001,13a079af94e46f97cf9bd78dca9369cc9694a00172361b410848fb0439384c57,2966697f5eeaf19ac2fd1a2f4f150e47f093b0c317d4747236de3ddb2b89246e,139,-0.7083637791442977,0.01
3,1,all_strict,wholly_unseen,laplace,uniform,50.0,retention_nonnegative,0.001,13a079af94e46f97cf9bd78dca9369cc9694a00172361b410848fb0439384c57,1253be93b4ca8b953d24a4d2966dd25eb9762a9e26c12b1b063cedcf49c8fadf,139,-0.647796414716879,0.01
3,1,all_strict,wholly_unseen,laplace,uniform,50.0,retention_nonnegative,0.01,13a079af94e46f97cf9bd78dca9369cc9694a00172361b410848fb0439384c57,bd296e84fbd84b6e501c1f1ca2b078df496e22a09a678fb80bcd7638c90cfa36,139,-0.6124712954638883,0.01
3,1,all_strict,wholly_unseen,laplace,uniform,50.0,retention_nonnegative,0.1,13a079af94e46f97cf9bd78dca9369cc9694a00172361b410848fb0439384c57,c69ff1ecf6c79d34e4cf749ebb19f25217021a4ce536fef94674e552125777d2,139,-0.6883900711789341,0.01
3,2,all_strict,wholly_unseen,laplace,uniform,50.0,retention_nonnegative,0.0,c987b1318e20fe8cc28abf40debc2ea1db6e17e61f72f092d3a4599fd1096ada,da03cd36dea2a84c229f737addebe6d2eaa31dcfc0046ac6739c61ced5524b87,137,-0.7213895158855399,0.01
3,2,all_strict,wholly_unseen,laplace,uniform,50.0,retention_nonnegative,0.0001,c987b1318e20fe8cc28abf40debc2ea1db6e17e61f72f092d3a4599fd1096ada,fc687aad360b6c733966d894db1efe52b00260f37902183b62e02aa67d6d635c,137,-0.7083637791442977,0.01
3,2,all_strict,wholly_unseen,laplace,uniform,50.0,retention_nonnegative,0.001,c987b1318e20fe8cc28abf40debc2ea1db6e17e61f72f092d3a4599fd1096ada,9fe1c7e214b06c55bdb66b233b03a6afb05777677cd75c81122be07c5a3354aa,137,-0.647796414716879,0.01
3,2,all_strict,wholly_unseen,laplace,uniform,50.0,retention_nonnegative,0.01,c987b1318e20fe8cc28abf40debc2ea1db6e17e61f72f092d3a4599fd1096ada,2037e78a22a80e67b41f51639f723b07d67ee15e6bafa0c26d6cd961877fe037,137,-0.6124712954638883,0.01
3,2,all_strict,wholly_unseen,laplace,uniform,50.0,retention_nonnegative,0.1,c987b1318e20fe8cc28abf40debc2ea1db6e17e61f72f092d3a4599fd1096ada,108e70a33afcfc0a9c327e35244b811701c40e31d7e6314323a198c209a47da7,137,-0.6883900711789341,0.01
3,0,all_strict,wholly_unseen,laplace,uniform,50.0,current_only,0.0,14d4aa4637a3952a7fd3ce3da18d16eb06dcd853812d80290ec3d67e3b7cdad5,a804829dfc056ba92efa6a22a863c6cccc311ce4bbd9244639671d3996ca8de8,137,-0.9041342792180012,0.1
3,0,all_strict,wholly_unseen,laplace,uniform,50.0,current_only,0.0001,14d4aa4637a3952a7fd3ce3da18d16eb06dcd853812d80290ec3d67e3b7cdad5,7f76178522c6a3dea45a959ceba6aa36bcc4ec298e393f17048a15d9dc8f6cce,137,-0.9033600218858495,0.1
3,0,all_strict,wholly_unseen,laplace,uniform,50.0,current_only,0.001,14d4aa4637a3952a7fd3ce3da18d16eb06dcd853812d80290ec3d67e3b7cdad5,ee2fd979c2c170905fa79e66dd1cd97195a2c1d0fd6bc8af77994deeb2ae06e6,137,-0.8969411814187308,0.1
3,0,all_strict,wholly_unseen,laplace,uniform,50.0,current_only,0.01,14d4aa4637a3952a7fd3ce3da18d16eb06dcd853812d80290ec3d67e3b7cdad5,b83921f909a9cc4ead37f9762902a42c18fdbda5cf428113fc477b1083cee59e,137,-0.8602868222259634,0.1
3,0,all_strict,wholly_unseen,laplace,uniform,50.0,current_only,0.1,14d4aa4637a3952a7fd3ce3da18d16eb06dcd853812d80290ec3d67e3b7cdad5,7841242a8b9341a029c10f88adb9aafc975b86f4a099c122c344818ce3bc333b,137,-0.8321778228396032,0.1
3,1,all_strict,wholly_unseen,laplace,uniform,50.0,current_only,0.0,13a079af94e46f97cf9bd78dca9369cc9694a00172361b410848fb0439384c57,b7d3b30e7750a89b8dc3897c489a9d3101a3b79003b8c03a54f68fe45bdbfc60,139,-0.9041342792180012,0.1
3,1,all_strict,wholly_unseen,laplace,uniform,50.0,current_only,0.0001,13a079af94e46f97cf9bd78dca9369cc9694a00172361b410848fb0439384c57,858a337f2dc2381f037cb78f117872d1c1df556bc899f8fccf7a47cf6de30230,139,-0.9033600218858495,0.1
3,1,all_strict,wholly_unseen,laplace,uniform,50.0,current_only,0.001,13a079af94e46f97cf9bd78dca9369cc9694a00172361b410848fb0439384c57,442afe36ea730cc4055d1c1f9b322e794786b9431277dcbc8a78e199eb9eea01,139,-0.8969411814187308,0.1
3,1,all_strict,wholly_unseen,laplace,uniform,50.0,current_only,0.01,13a079af94e46f97cf9bd78dca9369cc9694a00172361b410848fb0439384c57,071ff60bcb1fd58f4887bcd060113c640c81a2a8582494f3c479c85aeeb10d2d,139,-0.8602868222259634,0.1
3,1,all_strict,wholly_unseen,laplace,uniform,50.0,current_only,0.1,13a079af94e46f97cf9bd78dca9369cc9694a00172361b410848fb0439384c57,5c693f7ee2e7bdc9d87846d2e06e398a7520417807c9bd2b5655761bcaeea32c,139,-0.8321778228396032,0.1
3,2,all_strict,wholly_unseen,laplace,uniform,50.0,current_only,0.0,c987b1318e20fe8cc28abf40debc2ea1db6e17e61f72f092d3a4599fd1096ada,378a4683c7f3e7cd6608f1049bcd139411e21601f00432a6ba85084fe9ce0e63,137,-0.9041342792180012,0.1
3,2,all_strict,wholly_unseen,laplace,uniform,50.0,current_only,0.0001,c987b1318e20fe8cc28abf40debc2ea1db6e17e61f72f092d3a4599fd1096ada,cc1844adcf750b7a20834e10046937dbc2d42d01804534a4a69a97b485ecfea8,137,-0.9033600218858495,0.1
3,2,all_strict,wholly_unseen,laplace,uniform,50.0,current_only,0.001,c987b1318e20fe8cc28abf40debc2ea1db6e17e61f72f092d3a4599fd1096ada,da8be16fd59bc3b2213d8a5f3ecb9571099eb3f284a0a9d2e471b60925e3994f,137,-0.8969411814187308,0.1
3,2,all_strict,wholly_unseen,laplace,uniform,50.0,current_only,0.01,c987b1318e20fe8cc28abf40debc2ea1db6e17e61f72f092d3a4599fd1096ada,afa7780d89c71771e7e8bdfecd3349d69273362595025b493853e0e2bef587df,137,-0.8602868222259634,0.1
3,2,all_strict,wholly_unseen,laplace,uniform,50.0,current_only,0.1,c987b1318e20fe8cc28abf40debc2ea1db6e17e61f72f092d3a4599fd1096ada,1ba31b1caccfe53d8382f4972e0b35b9c4409a1762bcf9a4a6c5e73eb738f4e3,137,-0.8321778228396032,0.1
3,0,all_strict,wholly_unseen,laplace,uniform,50.0,input_plus_surface,0.0,14d4aa4637a3952a7fd3ce3da18d16eb06dcd853812d80290ec3d67e3b7cdad5,f41a56c42d22e99aadb96ae9a9643d704c640ad2476cafbb7009f05a7f99def3,137,-0.6380876332075067,0.01
3,0,all_strict,wholly_unseen,laplace,uniform,50.0,input_plus_surface,0.0001,14d4aa4637a3952a7fd3ce3da18d16eb06dcd853812d80290ec3d67e3b7cdad5,e9b3519ef3dc5d9ecbb7f67a4be1c958ffb9655970035f8dd35118cec4670a11,137,-0.633660326020752,0.01
3,0,all_strict,wholly_unseen,laplace,uniform,50.0,input_plus_surface,0.001,14d4aa4637a3952a7fd3ce3da18d16eb06dcd853812d80290ec3d67e3b7cdad5,6e9fad617f0a05aebb1c1c10ff4d0173d8ee3c093fab3d6b82d3ff2f1be11cde,137,-0.6116529848190091,0.01
3,0,all_strict,wholly_unseen,laplace,uniform,50.0,input_plus_surface,0.01,14d4aa4637a3952a7fd3ce3da18d16eb06dcd853812d80290ec3d67e3b7cdad5,d503744df1ba4ce18af4e9c0bfcb613c09bdf174bfa7e220f703052ee541e934,137,-0.5786653157920737,0.01
3,0,all_strict,wholly_unseen,laplace,uniform,50.0,input_plus_surface,0.1,14d4aa4637a3952a7fd3ce3da18d16eb06dcd853812d80290ec3d67e3b7cdad5,96a32c37012d543d6faa0b5bed25aa95c65ed1021d25ecfa7185232150fe8392,137,-0.6371975178685869,0.01
3,1,all_strict,wholly_unseen,laplace,uniform,50.0,input_plus_surface,0.0,13a079af94e46f97cf9bd78dca9369cc9694a00172361b410848fb0439384c57,c163a22e042bd7ce5af8131d47307e47772ad67b86e5336f925a9cb014792658,139,-0.6380876332075067,0.01
3,1,all_strict,wholly_unseen,laplace,uniform,50.0,input_plus_surface,0.0001,13a079af94e46f97cf9bd78dca9369cc9694a00172361b410848fb0439384c57,58d884016eb11f31712854c948618eb5960996e7ca5853d843b77c0b7a069aea,139,-0.633660326020752,0.01
3,1,all_strict,wholly_unseen,laplace,uniform,50.0,input_plus_surface,0.001,13a079af94e46f97cf9bd78dca9369cc9694a00172361b410848fb0439384c57,1bdcfd69f8bb497fb0f13dd3e1eeabbfa83e1360aeea0ca964e25d4fdcd3a3a8,139,-0.6116529848190091,0.01
3,1,all_strict,wholly_unseen,laplace,uniform,50.0,input_plus_surface,0.01,13a079af94e46f97cf9bd78dca9369cc9694a00172361b410848fb0439384c57,58f9b303a48528c03e1051f2c0b51da93163fcc52be7328c3c62df2ff6567cac,139,-0.5786653157920737,0.01
3,1,all_strict,wholly_unseen,laplace,uniform,50.0,input_plus_surface,0.1,13a079af94e46f97cf9bd78dca9369cc9694a00172361b410848fb0439384c57,4934954e6d5ca3a9b82380c19c9c77d65dac53efaf68fd476d261fca40237b24,139,-0.6371975178685869,0.01
3,2,all_strict,wholly_unseen,laplace,uniform,50.0,input_plus_surface,0.0,c987b1318e20fe8cc28abf40debc2ea1db6e17e61f72f092d3a4599fd1096ada,f97ea3d43c65c16a3ee7c6e453d3b4ae6cb38cb94653973970efc7f43da5061c,137,-0.6380876332075067,0.01
3,2,all_strict,wholly_unseen,laplace,uniform,50.0,input_plus_surface,0.0001,c987b1318e20fe8cc28abf40debc2ea1db6e17e61f72f092d3a4599fd1096ada,82f6c9cf5ee271c96aa2bc4eca3ce94730dc11e454d02d5cacb87f827a84f827,137,-0.633660326020752,0.01
3,2,all_strict,wholly_unseen,laplace,uniform,50.0,input_plus_surface,0.001,c987b1318e20fe8cc28abf40debc2ea1db6e17e61f72f092d3a4599fd1096ada,8133f1acb58be8d20fdb63e0863e545146a2c84ee1f86cedbcb06b6f5b89039d,137,-0.6116529848190091,0.01
3,2,all_strict,wholly_unseen,laplace,uniform,50.0,input_plus_surface,0.01,c987b1318e20fe8cc28abf40debc2ea1db6e17e61f72f092d3a4599fd1096ada,fa6c737c981e36e37cd769f8dbbe9e5f31f29f989daf0a19fd1db3f0726e59af,137,-0.5786653157920737,0.01
3,2,all_strict,wholly_unseen,laplace,uniform,50.0,input_plus_surface,0.1,c987b1318e20fe8cc28abf40debc2ea1db6e17e61f72f092d3a4599fd1096ada,bce31fa3c1fb35f92faf2a3f762359303221b44d41462b6ff6f95c67c43e98c8,137,-0.6371975178685869,0.01
3,0,all_strict,wholly_unseen,laplace,uniform,50.0,HU_plus_surface,0.0,14d4aa4637a3952a7fd3ce3da18d16eb06dcd853812d80290ec3d67e3b7cdad5,3cc37503a19ddcaa55e14140ef6308ae21e30ebf774be472eca66ae52cc3336f,137,-0.5948095771037202,0.01
3,0,all_strict,wholly_unseen,laplace,uniform,50.0,HU_plus_surface,0.0001,14d4aa4637a3952a7fd3ce3da18d16eb06dcd853812d80290ec3d67e3b7cdad5,9f0a0bc3a4485cd50c9a24c477bcc64d7e6d4154dab41604f397f0e29121dc62,137,-0.5914984289715226,0.01
3,0,all_strict,wholly_unseen,laplace,uniform,50.0,HU_plus_surface,0.001,14d4aa4637a3952a7fd3ce3da18d16eb06dcd853812d80290ec3d67e3b7cdad5,9637ed574dca406d1cd4e593827349f12a182f50f1929da8f3f485dd535f5922,137,-0.5748076235971398,0.01
3,0,all_strict,wholly_unseen,laplace,uniform,50.0,HU_plus_surface,0.01,14d4aa4637a3952a7fd3ce3da18d16eb06dcd853812d80290ec3d67e3b7cdad5,1a786d5964fe46b84aa3dae7a1dc22d1256d9f8b5adbabe520f969ea667ad98e,137,-0.5531190773346826,0.01
3,0,all_strict,wholly_unseen,laplace,uniform,50.0,HU_plus_surface,0.1,14d4aa4637a3952a7fd3ce3da18d16eb06dcd853812d80290ec3d67e3b7cdad5,13ee4fc9007c4474db50e941c418f55325c05699fd4bb61174d07024654aea41,137,-0.6245914562722865,0.01
3,1,all_strict,wholly_unseen,laplace,uniform,50.0,HU_plus_surface,0.0,13a079af94e46f97cf9bd78dca9369cc9694a00172361b410848fb0439384c57,41d46a60eaff390841cf4486f997d850adfd2ea8fd355203cabd888c27a47cfc,139,-0.5948095771037202,0.01
3,1,all_strict,wholly_unseen,laplace,uniform,50.0,HU_plus_surface,0.0001,13a079af94e46f97cf9bd78dca9369cc9694a00172361b410848fb0439384c57,73c97484fb326b5eb589b7b39f5d275178b2b433d2abbb379a0c40ce754d5eda,139,-0.5914984289715226,0.01
3,1,all_strict,wholly_unseen,laplace,uniform,50.0,HU_plus_surface,0.001,13a079af94e46f97cf9bd78dca9369cc9694a00172361b410848fb0439384c57,ab952a7cbf59ec99769dabf1d09c1e975ad7baab921c7621ce5463be7799d557,139,-0.5748076235971398,0.01
3,1,all_strict,wholly_unseen,laplace,uniform,50.0,HU_plus_surface,0.01,13a079af94e46f97cf9bd78dca9369cc9694a00172361b410848fb0439384c57,1d030377b218f7713e34f584510aa77c9f73dd0b4ea694bde3c249f266f99405,139,-0.5531190773346826,0.01
3,1,all_strict,wholly_unseen,laplace,uniform,50.0,HU_plus_surface,0.1,13a079af94e46f97cf9bd78dca9369cc9694a00172361b410848fb0439384c57,06cb4640db35e91a6e2166dcde4d7b5ebe3d66e8966b2248b50b8fa96c731479,139,-0.6245914562722865,0.01
3,2,all_strict,wholly_unseen,laplace,uniform,50.0,HU_plus_surface,0.0,c987b1318e20fe8cc28abf40debc2ea1db6e17e61f72f092d3a4599fd1096ada,5950ca70c1df047769e441bfbdec6ae730b77d384a69aab47fb46b77bd626667,137,-0.5948095771037202,0.01
3,2,all_strict,wholly_unseen,laplace,uniform,50.0,HU_plus_surface,0.0001,c987b1318e20fe8cc28abf40debc2ea1db6e17e61f72f092d3a4599fd1096ada,fd1f8e5e6508fcaeae298afc2e5dbd1f9bcbdad537297711bd612b367cec6935,137,-0.5914984289715226,0.01
3,2,all_strict,wholly_unseen,laplace,uniform,50.0,HU_plus_surface,0.001,c987b1318e20fe8cc28abf40debc2ea1db6e17e61f72f092d3a4599fd1096ada,72d7c1db05cdfe2dbfead2d33830c4e4e999fafaaf28a8081e682ef8de1f54c0,137,-0.5748076235971398,0.01
3,2,all_strict,wholly_unseen,laplace,uniform,50.0,HU_plus_surface,0.01,c987b1318e20fe8cc28abf40debc2ea1db6e17e61f72f092d3a4599fd1096ada,956ea67eb9fe1a7e48215bd076c2017b56d7888f6b0a0fc2a7297321401c64b3,137,-0.5531190773346826,0.01
3,2,all_strict,wholly_unseen,laplace,uniform,50.0,HU_plus_surface,0.1,c987b1318e20fe8cc28abf40debc2ea1db6e17e61f72f092d3a4599fd1096ada,84158a39d8ff5897158b64c977a983ad08217ec0e7c8c35b88fad80c0921d95b,137,-0.6245914562722865,0.01
3,0,all_strict,wholly_unseen,laplace,uniform,50.0,retention_bounded_plus_HU,0.0,14d4aa4637a3952a7fd3ce3da18d16eb06dcd853812d80290ec3d67e3b7cdad5,36aad7b6a994d1c654fcc9d7d7d1ec0821efe164b0477e8e1dd699fc9d5b49c7,137,-0.6426489546459235,0.01
3,0,all_strict,wholly_unseen,laplace,uniform,50.0,retention_bounded_plus_HU,0.0001,14d4aa4637a3952a7fd3ce3da18d16eb06dcd853812d80290ec3d67e3b7cdad5,497e4473e8363507d974bb59f395f74b9fb7e18b43196504518007729d54a7a6,137,-0.6388649848856649,0.01
3,0,all_strict,wholly_unseen,laplace,uniform,50.0,retention_bounded_plus_HU,0.001,14d4aa4637a3952a7fd3ce3da18d16eb06dcd853812d80290ec3d67e3b7cdad5,12252bfccd1974edf428abe7bbed9512e8dba835fba4a616617559630a20e950,137,-0.6168499008872521,0.01
3,0,all_strict,wholly_unseen,laplace,uniform,50.0,retention_bounded_plus_HU,0.01,14d4aa4637a3952a7fd3ce3da18d16eb06dcd853812d80290ec3d67e3b7cdad5,ecc95bbfb008082c714f2289882e06e893cc6435c3ca39a6e444f134a4bcf06d,137,-0.5718584277914049,0.01
3,0,all_strict,wholly_unseen,laplace,uniform,50.0,retention_bounded_plus_HU,0.1,14d4aa4637a3952a7fd3ce3da18d16eb06dcd853812d80290ec3d67e3b7cdad5,532a906faa6816f5de4e5ef055342cb925bf468c9130b3f1f214075395f6467f,137,-0.5867370871320782,0.01
3,1,all_strict,wholly_unseen,laplace,uniform,50.0,retention_bounded_plus_HU,0.0,13a079af94e46f97cf9bd78dca9369cc9694a00172361b410848fb0439384c57,c5933e05b8ae924b98c5f36a9d19cc0716d3caf0c9635c3804573b29d6a2dbfd,139,-0.6426489546459235,0.01
3,1,all_strict,wholly_unseen,laplace,uniform,50.0,retention_bounded_plus_HU,0.0001,13a079af94e46f97cf9bd78dca9369cc9694a00172361b410848fb0439384c57,441f2f3862fbd594e4735ad106d6e36728d40b1cb405b37d7ec5852d8c93f133,139,-0.6388649848856649,0.01
3,1,all_strict,wholly_unseen,laplace,uniform,50.0,retention_bounded_plus_HU,0.001,13a079af94e46f97cf9bd78dca9369cc9694a00172361b410848fb0439384c57,f1b6e73c166028cdf80feb0270eeaab517efef7660cf9fd93df714eacd690337,139,-0.6168499008872521,0.01
3,1,all_strict,wholly_unseen,laplace,uniform,50.0,retention_bounded_plus_HU,0.01,13a079af94e46f97cf9bd78dca9369cc9694a00172361b410848fb0439384c57,cadc4353175c34c2e7de1e0ffc0c27379211808e04eb0ee8490d0d8c147af30f,139,-0.5718584277914049,0.01
3,1,all_strict,wholly_unseen,laplace,uniform,50.0,retention_bounded_plus_HU,0.1,13a079af94e46f97cf9bd78dca9369cc9694a00172361b410848fb0439384c57,d9e16874694af5a19d28bc0de18a5882a0536178bd7920a62bd118c8edad42ad,139,-0.5867370871320782,0.01
3,2,all_strict,wholly_unseen,laplace,uniform,50.0,retention_bounded_plus_HU,0.0,c987b1318e20fe8cc28abf40debc2ea1db6e17e61f72f092d3a4599fd1096ada,e0eea4a03b7a1221c1bb18c5931456ec0bbf5c2b902785e03a82c1f227c52d81,137,-0.6426489546459235,0.01
3,2,all_strict,wholly_unseen,laplace,uniform,50.0,retention_bounded_plus_HU,0.0001,c987b1318e20fe8cc28abf40debc2ea1db6e17e61f72f092d3a4599fd1096ada,ae958a5805dd928dbfe2a5b92d22d4ee479c651ed7c8f4e90e3595a7818c7d68,137,-0.6388649848856649,0.01
3,2,all_strict,wholly_unseen,laplace,uniform,50.0,retention_bounded_plus_HU,0.001,c987b1318e20fe8cc28abf40debc2ea1db6e17e61f72f092d3a4599fd1096ada,6a3e86d61dff46f07cbefe3de8121306c0ab0b134053e9faa577a01ee29849a0,137,-0.6168499008872521,0.01
3,2,all_strict,wholly_unseen,laplace,uniform,50.0,retention_bounded_plus_HU,0.01,c987b1318e20fe8cc28abf40debc2ea1db6e17e61f72f092d3a4599fd1096ada,707d1f1d5308d617d3b3d08113f892e8813734ac94c425d23a0e7bb96f608612,137,-0.5718584277914049,0.01
3,2,all_strict,wholly_unseen,laplace,uniform,50.0,retention_bounded_plus_HU,0.1,c987b1318e20fe8cc28abf40debc2ea1db6e17e61f72f092d3a4599fd1096ada,1a159031646d32ec16ac7f9dd8e53378b6aba4c43e1b939c6a648ad0c43bf7f2,137,-0.5867370871320782,0.01
3,0,all_strict,wholly_unseen,gh80,uniform,50.0,HU_plus_surface,0.0,14d4aa4637a3952a7fd3ce3da18d16eb06dcd853812d80290ec3d67e3b7cdad5,558956cc7715ddf2fe6d80d34e3f0b640c44faa49b08ce97f955c0229ebf1276,137,-0.589840507526859,0.01
3,0,all_strict,wholly_unseen,gh80,uniform,50.0,HU_plus_surface,0.0001,14d4aa4637a3952a7fd3ce3da18d16eb06dcd853812d80290ec3d67e3b7cdad5,df20e41d54308c7e1f74354ada8f2b4ec0595daded171bc88bf8109ec96132c2,137,-0.5867119185333634,0.01
3,0,all_strict,wholly_unseen,gh80,uniform,50.0,HU_plus_surface,0.001,14d4aa4637a3952a7fd3ce3da18d16eb06dcd853812d80290ec3d67e3b7cdad5,c0a7be385684098277b56d6c06f791132efd7a759e60dd8fbafd3a54184743eb,137,-0.5711088712723119,0.01
3,0,all_strict,wholly_unseen,gh80,uniform,50.0,HU_plus_surface,0.01,14d4aa4637a3952a7fd3ce3da18d16eb06dcd853812d80290ec3d67e3b7cdad5,08f1e35ab728431f26219df61c785a68b34b2c82e21ba20d92e37a7388a42342,137,-0.5522143706170454,0.01
3,0,all_strict,wholly_unseen,gh80,uniform,50.0,HU_plus_surface,0.1,14d4aa4637a3952a7fd3ce3da18d16eb06dcd853812d80290ec3d67e3b7cdad5,8f8e3e61682154c2b13167b419e95ff40a9a6ebaf5c7ecf0524cf2b2665140d9,137,-0.6259065297588241,0.01
3,1,all_strict,wholly_unseen,gh80,uniform,50.0,HU_plus_surface,0.0,13a079af94e46f97cf9bd78dca9369cc9694a00172361b410848fb0439384c57,349ab056bd5695c6b54a84dbd9a2dfdaf19917eff6202b538f103990120631fe,139,-0.589840507526859,0.01
3,1,all_strict,wholly_unseen,gh80,uniform,50.0,HU_plus_surface,0.0001,13a079af94e46f97cf9bd78dca9369cc9694a00172361b410848fb0439384c57,442e469ece6eb027c7419b93ecd78a673294d99649969b1fb97fe6716b848125,139,-0.5867119185333634,0.01
3,1,all_strict,wholly_unseen,gh80,uniform,50.0,HU_plus_surface,0.001,13a079af94e46f97cf9bd78dca9369cc9694a00172361b410848fb0439384c57,1074ae27ca91ffec3c803bab580379f43328547373246828fe06608b0158ea6e,139,-0.5711088712723119,0.01
3,1,all_strict,wholly_unseen,gh80,uniform,50.0,HU_plus_surface,0.01,13a079af94e46f97cf9bd78dca9369cc9694a00172361b410848fb0439384c57,d7961414654e4f85dedead68e5ca18de6da7e44a7b465862db5368364850b923,139,-0.5522143706170454,0.01
3,1,all_strict,wholly_unseen,gh80,uniform,50.0,HU_plus_surface,0.1,13a079af94e46f97cf9bd78dca9369cc9694a00172361b410848fb0439384c57,a29c7d9044b18cb25f61758080e017d4cba1ebecafac9d9db5f514fa1ba74f12,139,-0.6259065297588241,0.01
3,2,all_strict,wholly_unseen,gh80,uniform,50.0,HU_plus_surface,0.0,c987b1318e20fe8cc28abf40debc2ea1db6e17e61f72f092d3a4599fd1096ada,10a7f6abbe505d97ad62f5577a671a30a410d91404e24f1b61958653af0bbbc2,137,-0.589840507526859,0.01
3,2,all_strict,wholly_unseen,gh80,uniform,50.0,HU_plus_surface,0.0001,c987b1318e20fe8cc28abf40debc2ea1db6e17e61f72f092d3a4599fd1096ada,509ba4ec3479fbd7311264a99031f0ea39f507d42872dac432b0fe8a56c687b9,137,-0.5867119185333634,0.01
3,2,all_strict,wholly_unseen,gh80,uniform,50.0,HU_plus_surface,0.001,c987b1318e20fe8cc28abf40debc2ea1db6e17e61f72f092d3a4599fd1096ada,00305dd739d243107bcce6ed6b30883615cba387b36732583829b27d39d5eb30,137,-0.5711088712723119,0.01
3,2,all_strict,wholly_unseen,gh80,uniform,50.0,HU_plus_surface,0.01,c987b1318e20fe8cc28abf40debc2ea1db6e17e61f72f092d3a4599fd1096ada,6ddaba06cb6342f5c494af34fe426eac33761ceae4d67d1b0baa95180ec77d97,137,-0.5522143706170454,0.01
3,2,all_strict,wholly_unseen,gh80,uniform,50.0,HU_plus_surface,0.1,c987b1318e20fe8cc28abf40debc2ea1db6e17e61f72f092d3a4599fd1096ada,b59f887f3654bd1b963db162ccb11a3a4f825b300e3361353f31cdfad93c17ff,137,-0.6259065297588241,0.01
3,0,all_strict,wholly_unseen,gh80,uniform,50.0,retention_bounded_plus_HU,0.0,14d4aa4637a3952a7fd3ce3da18d16eb06dcd853812d80290ec3d67e3b7cdad5,ad3f4fa840cd5de007ffc39f011024b13e913dd385f25d9d4373ce84f8e73a74,137,-0.6522355862048709,0.01
3,0,all_strict,wholly_unseen,gh80,uniform,50.0,retention_bounded_plus_HU,0.0001,14d4aa4637a3952a7fd3ce3da18d16eb06dcd853812d80290ec3d67e3b7cdad5,a2e68d418caa7e6db658d2fb5fb7a37fcec5cbfa0a0c1da8bd6595ae411bd18d,137,-0.648881932454847,0.01
3,0,all_strict,wholly_unseen,gh80,uniform,50.0,retention_bounded_plus_HU,0.001,14d4aa4637a3952a7fd3ce3da18d16eb06dcd853812d80290ec3d67e3b7cdad5,567ae80d2c779b570a721013a8c6c055b68ab8846226f1678c784f83fcdcb247,137,-0.6278605568753493,0.01
3,0,all_strict,wholly_unseen,gh80,uniform,50.0,retention_bounded_plus_HU,0.01,14d4aa4637a3952a7fd3ce3da18d16eb06dcd853812d80290ec3d67e3b7cdad5,539f51d05fc740d019baaf6c0d5e64bd622a0fa20ae208baf4b98e7ef0a17c20,137,-0.5804001783884183,0.01
3,0,all_strict,wholly_unseen,gh80,uniform,50.0,retention_bounded_plus_HU,0.1,14d4aa4637a3952a7fd3ce3da18d16eb06dcd853812d80290ec3d67e3b7cdad5,bac397bd7bd43a4125c87268b6041de671e5dd8b558f81331a21d5464ee729b8,137,-0.591008295613105,0.01
3,1,all_strict,wholly_unseen,gh80,uniform,50.0,retention_bounded_plus_HU,0.0,13a079af94e46f97cf9bd78dca9369cc9694a00172361b410848fb0439384c57,bfdf3cc13d8d3e58771b97fe80f9a61440adf48e5006d10b28b9db5a12631c9c,139,-0.6522355862048709,0.01
3,1,all_strict,wholly_unseen,gh80,uniform,50.0,retention_bounded_plus_HU,0.0001,13a079af94e46f97cf9bd78dca9369cc9694a00172361b410848fb0439384c57,a5f54f94468812fa1b229af3de406428224ff023bb54ecd81792dcc5521ca7d3,139,-0.648881932454847,0.01
3,1,all_strict,wholly_unseen,gh80,uniform,50.0,retention_bounded_plus_HU,0.001,13a079af94e46f97cf9bd78dca9369cc9694a00172361b410848fb0439384c57,77805f5ea740d939e8ab57897cce69c4c8edf769eefb3f3b046c3312e5c89c36,139,-0.6278605568753493,0.01
3,1,all_strict,wholly_unseen,gh80,uniform,50.0,retention_bounded_plus_HU,0.01,13a079af94e46f97cf9bd78dca9369cc9694a00172361b410848fb0439384c57,76ed40f61409a811469fcd44a806987b18820e073ad0c0f2a39c0da676900ffb,139,-0.5804001783884183,0.01
3,1,all_strict,wholly_unseen,gh80,uniform,50.0,retention_bounded_plus_HU,0.1,13a079af94e46f97cf9bd78dca9369cc9694a00172361b410848fb0439384c57,8f9042e6b5394e0a52053672fd51355b24de4ad2062c70387200dee78ed9c670,139,-0.591008295613105,0.01
3,2,all_strict,wholly_unseen,gh80,uniform,50.0,retention_bounded_plus_HU,0.0,c987b1318e20fe8cc28abf40debc2ea1db6e17e61f72f092d3a4599fd1096ada,4fe942cb9950c6f114ac260258e8d695e013fd73120c4326131af42211dfe57e,137,-0.6522355862048709,0.01
3,2,all_strict,wholly_unseen,gh80,uniform,50.0,retention_bounded_plus_HU,0.0001,c987b1318e20fe8cc28abf40debc2ea1db6e17e61f72f092d3a4599fd1096ada,c0139daeca70c2f8609c8d2eeea256374ecec8dffa6940902c3edbcd79e1581e,137,-0.648881932454847,0.01
3,2,all_strict,wholly_unseen,gh80,uniform,50.0,retention_bounded_plus_HU,0.001,c987b1318e20fe8cc28abf40debc2ea1db6e17e61f72f092d3a4599fd1096ada,3e59e1a9c0042fffc6e80b5d19eb70b8d5517810161434164eb301ca6450bfe9,137,-0.6278605568753493,0.01
3,2,all_strict,wholly_unseen,gh80,uniform,50.0,retention_bounded_plus_HU,0.01,c987b1318e20fe8cc28abf40debc2ea1db6e17e61f72f092d3a4599fd1096ada,894e6feba3c67a758eca2b4d61bc33835263cc4a3819ef423ec97adc2fc0ac77,137,-0.5804001783884183,0.01
3,2,all_strict,wholly_unseen,gh80,uniform,50.0,retention_bounded_plus_HU,0.1,c987b1318e20fe8cc28abf40debc2ea1db6e17e61f72f092d3a4599fd1096ada,c93c72b3e2b2f9ceb93d3a6c40f9b6f865266a4999b97e3636d22253b717969a,137,-0.591008295613105,0.01
3,0,all_agreeing_offsets,side_informed,laplace,uniform,50.0,retention_bounded,0.0,14d4aa4637a3952a7fd3ce3da18d16eb06dcd853812d80290ec3d67e3b7cdad5,464d621ee7d16b0fd0d98f274470c70a1d34cf07a6414a39be6f35dd8a507d58,137,-0.32231416865455187,0.01
3,0,all_agreeing_offsets,side_informed,laplace,uniform,50.0,retention_bounded,0.0001,14d4aa4637a3952a7fd3ce3da18d16eb06dcd853812d80290ec3d67e3b7cdad5,f8501591c5c682618d7fe5ef3c53ffae590d83dd7c3af91b414ae50f757e5507,137,-0.3207723911592743,0.01
3,0,all_agreeing_offsets,side_informed,laplace,uniform,50.0,retention_bounded,0.001,14d4aa4637a3952a7fd3ce3da18d16eb06dcd853812d80290ec3d67e3b7cdad5,5d25a657fd376e03e27ca9fbef3114a31bafdc12252ab627f59e892ac9f5a7e0,137,-0.3109276080237759,0.01
3,0,all_agreeing_offsets,side_informed,laplace,uniform,50.0,retention_bounded,0.01,14d4aa4637a3952a7fd3ce3da18d16eb06dcd853812d80290ec3d67e3b7cdad5,cd0ba1e3c1bbfaa90d475fade7d16792d73f99e9c49d1fc712353e9143b32e85,137,-0.28861739932158154,0.01
3,0,all_agreeing_offsets,side_informed,laplace,uniform,50.0,retention_bounded,0.1,14d4aa4637a3952a7fd3ce3da18d16eb06dcd853812d80290ec3d67e3b7cdad5,fbcda11e258d3c30299a48f615682a9709c03ee5410a8b95b7a3fee7b1780b3a,137,-0.3305044097391962,0.01
3,1,all_agreeing_offsets,side_informed,laplace,uniform,50.0,retention_bounded,0.0,13a079af94e46f97cf9bd78dca9369cc9694a00172361b410848fb0439384c57,cba4ce61ad276ca77f9a31ce66e0c8ee1a190e5dac56fc812a36446de82fd251,139,-0.32231416865455187,0.01
3,1,all_agreeing_offsets,side_informed,laplace,uniform,50.0,retention_bounded,0.0001,13a079af94e46f97cf9bd78dca9369cc9694a00172361b410848fb0439384c57,2a51859e9d3d032ecdad9bc64054c7121e96879a3a8d019c8a691e7c07bcdd04,139,-0.3207723911592743,0.01
3,1,all_agreeing_offsets,side_informed,laplace,uniform,50.0,retention_bounded,0.001,13a079af94e46f97cf9bd78dca9369cc9694a00172361b410848fb0439384c57,6425b002497792ecdec4d1ec3af78fc12c28be7f8613d9fbd126652117426d77,139,-0.3109276080237759,0.01
3,1,all_agreeing_offsets,side_informed,laplace,uniform,50.0,retention_bounded,0.01,13a079af94e46f97cf9bd78dca9369cc9694a00172361b410848fb0439384c57,f1d42e534c06124c03d03573144b5c1715cf74ddd79ee17be5a6348c3b99fe10,139,-0.28861739932158154,0.01
3,1,all_agreeing_offsets,side_informed,laplace,uniform,50.0,retention_bounded,0.1,13a079af94e46f97cf9bd78dca9369cc9694a00172361b410848fb0439384c57,635854f60a74e524bdcc7377b688e46265be8f321df21a380dc37e4fba68774d,139,-0.3305044097391962,0.01
3,2,all_agreeing_offsets,side_informed,laplace,uniform,50.0,retention_bounded,0.0,c987b1318e20fe8cc28abf40debc2ea1db6e17e61f72f092d3a4599fd1096ada,aabb82d0f34150401be299a279f3d068b74345cf88beaeda87589e1a56a0a9aa,137,-0.32231416865455187,0.01
3,2,all_agreeing_offsets,side_informed,laplace,uniform,50.0,retention_bounded,0.0001,c987b1318e20fe8cc28abf40debc2ea1db6e17e61f72f092d3a4599fd1096ada,1eeb87f8fb75547198befb125d4bac097c59741baa8a3a7692079c988b2fd706,137,-0.3207723911592743,0.01
3,2,all_agreeing_offsets,side_informed,laplace,uniform,50.0,retention_bounded,0.001,c987b1318e20fe8cc28abf40debc2ea1db6e17e61f72f092d3a4599fd1096ada,186e9cc95a5a1c6e219ce8cb015c3347b1675fd3e266042c68433c5283da79b9,137,-0.3109276080237759,0.01
3,2,all_agreeing_offsets,side_informed,laplace,uniform,50.0,retention_bounded,0.01,c987b1318e20fe8cc28abf40debc2ea1db6e17e61f72f092d3a4599fd1096ada,1163661667ff4e6364978bf285d4de59a23e9edf5207e6c9fdbf6aef3db1c6d4,137,-0.28861739932158154,0.01
3,2,all_agreeing_offsets,side_informed,laplace,uniform,50.0,retention_bounded,0.1,c987b1318e20fe8cc28abf40debc2ea1db6e17e61f72f092d3a4599fd1096ada,3d6a83582c30a7a3f8f2996c9bd5837a888d5516d3f026dfa04811420ce6afe7,137,-0.3305044097391962,0.01
3,0,all_agreeing_offsets,side_informed,laplace,uniform,50.0,retention_nonnegative,0.0,14d4aa4637a3952a7fd3ce3da18d16eb06dcd853812d80290ec3d67e3b7cdad5,d2b189f32df5f62eb641eb359aef207514751d281c629455336065604be27e33,137,-0.32231416684044295,0.001
3,0,all_agreeing_offsets,side_informed,laplace,uniform,50.0,retention_nonnegative,0.0001,14d4aa4637a3952a7fd3ce3da18d16eb06dcd853812d80290ec3d67e3b7cdad5,b0fcd6d2d5cdd7e21f13844053f8cccad24c4479f607da8e4518af82841ee824,137,-0.3189658403505058,0.001
3,0,all_agreeing_offsets,side_informed,laplace,uniform,50.0,retention_nonnegative,0.001,14d4aa4637a3952a7fd3ce3da18d16eb06dcd853812d80290ec3d67e3b7cdad5,b66acb3a30b20af8e5d77a6380d237911395a81cf24ae03b639fd1d42c73ec7d,137,-0.3092455006610775,0.001
3,0,all_agreeing_offsets,side_informed,laplace,uniform,50.0,retention_nonnegative,0.01,14d4aa4637a3952a7fd3ce3da18d16eb06dcd853812d80290ec3d67e3b7cdad5,2a02ed5c19eea26a501e33470008ddbd7ce4e20fc2c7bf4429aa731f98ccbf34,137,-0.3190666954007305,0.001
3,0,all_agreeing_offsets,side_informed,laplace,uniform,50.0,retention_nonnegative,0.1,14d4aa4637a3952a7fd3ce3da18d16eb06dcd853812d80290ec3d67e3b7cdad5,607e654abcdd753410ff0d57fd147546006cd2b3a40df178eaaaeb2b898791ca,137,-0.3945058322733269,0.001
3,1,all_agreeing_offsets,side_informed,laplace,uniform,50.0,retention_nonnegative,0.0,13a079af94e46f97cf9bd78dca9369cc9694a00172361b410848fb0439384c57,544ff16fd96d822e7e978dbb8cb52ca2c7416fd60d44bb52b99fd556a2c3baa1,139,-0.32231416684044295,0.001
3,1,all_agreeing_offsets,side_informed,laplace,uniform,50.0,retention_nonnegative,0.0001,13a079af94e46f97cf9bd78dca9369cc9694a00172361b410848fb0439384c57,17bb7bc7d9201efc6fce18ba63b6eb312e4498c8384a77217808f4a75cfcd7b3,139,-0.3189658403505058,0.001
3,1,all_agreeing_offsets,side_informed,laplace,uniform,50.0,retention_nonnegative,0.001,13a079af94e46f97cf9bd78dca9369cc9694a00172361b410848fb0439384c57,2d331c1b66a7a1fa17da05f02251e2e7ca35677a2bde85b82d88da6b7a7fa43d,139,-0.3092455006610775,0.001
3,1,all_agreeing_offsets,side_informed,laplace,uniform,50.0,retention_nonnegative,0.01,13a079af94e46f97cf9bd78dca9369cc9694a00172361b410848fb0439384c57,39aa43b59af25fa37badf3a239d4b7f43cb98c6d62e3750ba064f7e604eb4fc5,139,-0.3190666954007305,0.001
3,1,all_agreeing_offsets,side_informed,laplace,uniform,50.0,retention_nonnegative,0.1,13a079af94e46f97cf9bd78dca9369cc9694a00172361b410848fb0439384c57,18bb3a86ba7c2a227fe51fcf93a8184b79d3bc72261b0895d7306dd3af962e0b,139,-0.3945058322733269,0.001
3,2,all_agreeing_offsets,side_informed,laplace,uniform,50.0,retention_nonnegative,0.0,c987b1318e20fe8cc28abf40debc2ea1db6e17e61f72f092d3a4599fd1096ada,7ff0dc9d108ef04bb0e1af05108d6e2b2abe0e5b3a2bb7898948a68b23bdb35a,137,-0.32231416684044295,0.001
3,2,all_agreeing_offsets,side_informed,laplace,uniform,50.0,retention_nonnegative,0.0001,c987b1318e20fe8cc28abf40debc2ea1db6e17e61f72f092d3a4599fd1096ada,b2819f25d2c8f744e76c90a086d19b4c0aa81d544a247aa51f43142a9d39d28a,137,-0.3189658403505058,0.001
3,2,all_agreeing_offsets,side_informed,laplace,uniform,50.0,retention_nonnegative,0.001,c987b1318e20fe8cc28abf40debc2ea1db6e17e61f72f092d3a4599fd1096ada,20d3d5f4cf10df3323f7a19979f2153c92a284d9cf3e792a5b3aeed6827227a0,137,-0.3092455006610775,0.001
3,2,all_agreeing_offsets,side_informed,laplace,uniform,50.0,retention_nonnegative,0.01,c987b1318e20fe8cc28abf40debc2ea1db6e17e61f72f092d3a4599fd1096ada,7dcd3bbecec43df9df03a02f73f5fe9a32197d0ebb7a4bb45bfa2fc7486057a4,137,-0.3190666954007305,0.001
3,2,all_agreeing_offsets,side_informed,laplace,uniform,50.0,retention_nonnegative,0.1,c987b1318e20fe8cc28abf40debc2ea1db6e17e61f72f092d3a4599fd1096ada,74990a735f5c323f0e0fefe565f72328bd6d9738eb8867103e112f7dbda4d872,137,-0.3945058322733269,0.001
3,0,all_agreeing_offsets,side_informed,laplace,uniform,50.0,current_only,0.0,14d4aa4637a3952a7fd3ce3da18d16eb06dcd853812d80290ec3d67e3b7cdad5,46e8fa8b7dc8106484f8783a17643beb5bd2b5bf6afd9718c9dd5483214b25be,137,-0.6105141978078433,0.1
3,0,all_agreeing_offsets,side_informed,laplace,uniform,50.0,current_only,0.0001,14d4aa4637a3952a7fd3ce3da18d16eb06dcd853812d80290ec3d67e3b7cdad5,ae499eae558dd847f07768c1a09bcdcb9667eb28807dc975ef62bbe75a32aba8,137,-0.6097399404756918,0.1
3,0,all_agreeing_offsets,side_informed,laplace,uniform,50.0,current_only,0.001,14d4aa4637a3952a7fd3ce3da18d16eb06dcd853812d80290ec3d67e3b7cdad5,5409dde996e08d05321e509b2fc1eb79de585309aac71f466bd3efa5b9a6da35,137,-0.603321100008573,0.1
3,0,all_agreeing_offsets,side_informed,laplace,uniform,50.0,current_only,0.01,14d4aa4637a3952a7fd3ce3da18d16eb06dcd853812d80290ec3d67e3b7cdad5,f07bb00372ac465ca20a86ebb28ef8cbec80ef4d2152c98b6c81753bc023f245,137,-0.5666667408158055,0.1
3,0,all_agreeing_offsets,side_informed,laplace,uniform,50.0,current_only,0.1,14d4aa4637a3952a7fd3ce3da18d16eb06dcd853812d80290ec3d67e3b7cdad5,b6cf80088de744234fdd8363ecc2e09853b51e1a6637963e47b03772cb5b6b9a,137,-0.5385577414294453,0.1
3,1,all_agreeing_offsets,side_informed,laplace,uniform,50.0,current_only,0.0,13a079af94e46f97cf9bd78dca9369cc9694a00172361b410848fb0439384c57,3dfa1d49a1cb3a63b7dcb93d5d0477d83db99cfa6790ff3c70f4d572ae4194c3,139,-0.6105141978078433,0.1
3,1,all_agreeing_offsets,side_informed,laplace,uniform,50.0,current_only,0.0001,13a079af94e46f97cf9bd78dca9369cc9694a00172361b410848fb0439384c57,d3b25aee822532324b55a58de5d22ddea5ded8a9dfce01e5bb8b34c1acbb92be,139,-0.6097399404756918,0.1
3,1,all_agreeing_offsets,side_informed,laplace,uniform,50.0,current_only,0.001,13a079af94e46f97cf9bd78dca9369cc9694a00172361b410848fb0439384c57,5c3beb22cb0ed03ddb68aef2ec2e55784dc2892551656e58aafa5fceef063605,139,-0.603321100008573,0.1
3,1,all_agreeing_offsets,side_informed,laplace,uniform,50.0,current_only,0.01,13a079af94e46f97cf9bd78dca9369cc9694a00172361b410848fb0439384c57,21fc481fd32a99f5ad0c7a99f746d630c4f99248a352b8ff70ab6ccad9159d76,139,-0.5666667408158055,0.1
3,1,all_agreeing_offsets,side_informed,laplace,uniform,50.0,current_only,0.1,13a079af94e46f97cf9bd78dca9369cc9694a00172361b410848fb0439384c57,13ab8c77a962fde8ca526dedbaddbfe61f8bc5b360ee36f54b9c67098773ec39,139,-0.5385577414294453,0.1
3,2,all_agreeing_offsets,side_informed,laplace,uniform,50.0,current_only,0.0,c987b1318e20fe8cc28abf40debc2ea1db6e17e61f72f092d3a4599fd1096ada,8e336748ab1e19cb8777f51d0b07bc88cac50e7afc68cea64ad30c02545a72c0,137,-0.6105141978078433,0.1
3,2,all_agreeing_offsets,side_informed,laplace,uniform,50.0,current_only,0.0001,c987b1318e20fe8cc28abf40debc2ea1db6e17e61f72f092d3a4599fd1096ada,d3d91a5705ddaa3bbfa41709d811aac4c12357d10a93a32de5e3d82f6097eca2,137,-0.6097399404756918,0.1
3,2,all_agreeing_offsets,side_informed,laplace,uniform,50.0,current_only,0.001,c987b1318e20fe8cc28abf40debc2ea1db6e17e61f72f092d3a4599fd1096ada,c32b2674e1bbf1f2294fe561688191f42874d4cc04db4e782f09fab319a6b060,137,-0.603321100008573,0.1
3,2,all_agreeing_offsets,side_informed,laplace,uniform,50.0,current_only,0.01,c987b1318e20fe8cc28abf40debc2ea1db6e17e61f72f092d3a4599fd1096ada,bf74c514ecdf2dd56ed52fef7460a1cd4b24441b9f05f7c614c0c0178d79e448,137,-0.5666667408158055,0.1
3,2,all_agreeing_offsets,side_informed,laplace,uniform,50.0,current_only,0.1,c987b1318e20fe8cc28abf40debc2ea1db6e17e61f72f092d3a4599fd1096ada,1f000ab2a2248fa5dc37b527b2f83bb86f18413d671c539db51bceff05f0e76c,137,-0.5385577414294453,0.1
3,0,all_agreeing_offsets,side_informed,laplace,uniform,50.0,input_plus_surface,0.0,14d4aa4637a3952a7fd3ce3da18d16eb06dcd853812d80290ec3d67e3b7cdad5,ab9a49c2ff3280f84a1fc1c0947773aeb094ab612721ee84bb3c588511b3d32c,137,-0.31266879372677003,0.01
3,0,all_agreeing_offsets,side_informed,laplace,uniform,50.0,input_plus_surface,0.0001,14d4aa4637a3952a7fd3ce3da18d16eb06dcd853812d80290ec3d67e3b7cdad5,2863f2327fabe02b95abb4394167f45ec80b0f72fb9dee7ef5f43661c00474b0,137,-0.3101189078191235,0.01
3,0,all_agreeing_offsets,side_informed,laplace,uniform,50.0,input_plus_surface,0.001,14d4aa4637a3952a7fd3ce3da18d16eb06dcd853812d80290ec3d67e3b7cdad5,da3b26a462726c3bb1fc1a3257b865dcc4631b4c8ffc5f629e73c46f92dab466,137,-0.29781006403874327,0.01
3,0,all_agreeing_offsets,side_informed,laplace,uniform,50.0,input_plus_surface,0.01,14d4aa4637a3952a7fd3ce3da18d16eb06dcd853812d80290ec3d67e3b7cdad5,45fe442eab9c0e3352dee7aa492537eb045ca7f8c9b560ab76982b88f27c4074,137,-0.2826572209673517,0.01
3,0,all_agreeing_offsets,side_informed,laplace,uniform,50.0,input_plus_surface,0.1,14d4aa4637a3952a7fd3ce3da18d16eb06dcd853812d80290ec3d67e3b7cdad5,6d37a777a6cb4bf58935abe7812de8bb686b03b4fa9071250f70539d64d2f6d2,137,-0.34837417095575257,0.01
3,1,all_agreeing_offsets,side_informed,laplace,uniform,50.0,input_plus_surface,0.0,13a079af94e46f97cf9bd78dca9369cc9694a00172361b410848fb0439384c57,e3bb2a6ce1e2ad49c0b747b20f0ff73e60ba7e0449d1d70fc7389303f0c899bf,139,-0.31266879372677003,0.01
3,1,all_agreeing_offsets,side_informed,laplace,uniform,50.0,input_plus_surface,0.0001,13a079af94e46f97cf9bd78dca9369cc9694a00172361b410848fb0439384c57,a5d51bad754104873209ef46dd35942affcb0f44dea3c2c109399e0a9fe49ed5,139,-0.3101189078191235,0.01
3,1,all_agreeing_offsets,side_informed,laplace,uniform,50.0,input_plus_surface,0.001,13a079af94e46f97cf9bd78dca9369cc9694a00172361b410848fb0439384c57,107481bc2334d297788421847c9700f80b22861a38d25c4c77a2e73ffd43e10f,139,-0.29781006403874327,0.01
3,1,all_agreeing_offsets,side_informed,laplace,uniform,50.0,input_plus_surface,0.01,13a079af94e46f97cf9bd78dca9369cc9694a00172361b410848fb0439384c57,d247bba0b4e8f3167f850959906ff8675be0f55d0c27abd93d9ff59392e82188,139,-0.2826572209673517,0.01
3,1,all_agreeing_offsets,side_informed,laplace,uniform,50.0,input_plus_surface,0.1,13a079af94e46f97cf9bd78dca9369cc9694a00172361b410848fb0439384c57,56cfe9afdda3743bc7c1c35fa2f94282b02c46fefe9b9feac0d42dadf4565109,139,-0.34837417095575257,0.01
3,2,all_agreeing_offsets,side_informed,laplace,uniform,50.0,input_plus_surface,0.0,c987b1318e20fe8cc28abf40debc2ea1db6e17e61f72f092d3a4599fd1096ada,e69ad8cbd4db6ea81b0cdb90d223ef5604bb49c9dc0fda495f05664c64bb847b,137,-0.31266879372677003,0.01
3,2,all_agreeing_offsets,side_informed,laplace,uniform,50.0,input_plus_surface,0.0001,c987b1318e20fe8cc28abf40debc2ea1db6e17e61f72f092d3a4599fd1096ada,1987e8d2034c7e45e265dfed3e5696fcdfa32b41243c5e46587aa68733eebe45,137,-0.3101189078191235,0.01
3,2,all_agreeing_offsets,side_informed,laplace,uniform,50.0,input_plus_surface,0.001,c987b1318e20fe8cc28abf40debc2ea1db6e17e61f72f092d3a4599fd1096ada,ab7f5165640b1e24b41c58b77ae071265ac032d2afb1af1a1f068886c12346d4,137,-0.29781006403874327,0.01
3,2,all_agreeing_offsets,side_informed,laplace,uniform,50.0,input_plus_surface,0.01,c987b1318e20fe8cc28abf40debc2ea1db6e17e61f72f092d3a4599fd1096ada,bcccd14a5d41a74e0667b19571854e1aea3be4be72cb574db1741a482e17c301,137,-0.2826572209673517,0.01
3,2,all_agreeing_offsets,side_informed,laplace,uniform,50.0,input_plus_surface,0.1,c987b1318e20fe8cc28abf40debc2ea1db6e17e61f72f092d3a4599fd1096ada,7060e0d0925450d906976c80ca1ed9afc196834da5945695fc59561d7b480138,137,-0.34837417095575257,0.01
3,0,all_agreeing_offsets,side_informed,laplace,uniform,50.0,HU_plus_surface,0.0,14d4aa4637a3952a7fd3ce3da18d16eb06dcd853812d80290ec3d67e3b7cdad5,71904ff318e8ebdbe58fcd6293fc15e55c6400df39ab4bcfb944216d527a846e,137,-0.2982466589892884,0.01
3,0,all_agreeing_offsets,side_informed,laplace,uniform,50.0,HU_plus_surface,0.0001,14d4aa4637a3952a7fd3ce3da18d16eb06dcd853812d80290ec3d67e3b7cdad5,cd5945a5d7838a95fd26b560ea675a9522c75bed667a60628b5b1d0c4d856a84,137,-0.2958359147395923,0.01
3,0,all_agreeing_offsets,side_informed,laplace,uniform,50.0,HU_plus_surface,0.001,14d4aa4637a3952a7fd3ce3da18d16eb06dcd853812d80290ec3d67e3b7cdad5,1f49415051273f5757581a9de163348be523bf62e499413e26cd7ea92be1a5ae,137,-0.28375255350778517,0.01
3,0,all_agreeing_offsets,side_informed,laplace,uniform,50.0,HU_plus_surface,0.01,14d4aa4637a3952a7fd3ce3da18d16eb06dcd853812d80290ec3d67e3b7cdad5,1760a3b755784c70f39bdd839891837caca5e93d6e9c335660854290a4793004,137,-0.2701165733109831,0.01
3,0,all_agreeing_offsets,side_informed,laplace,uniform,50.0,HU_plus_surface,0.1,14d4aa4637a3952a7fd3ce3da18d16eb06dcd853812d80290ec3d67e3b7cdad5,d38e469d89660803fcadb66dac0b19a983720f7eee18b6c94593b3541b14eed9,137,-0.341053767651947,0.01
3,1,all_agreeing_offsets,side_informed,laplace,uniform,50.0,HU_plus_surface,0.0,13a079af94e46f97cf9bd78dca9369cc9694a00172361b410848fb0439384c57,63ac81fa613fa8f204dfb48dcd6491efa399561f88b9660a0143e83007740e7f,139,-0.2982466589892884,0.01
3,1,all_agreeing_offsets,side_informed,laplace,uniform,50.0,HU_plus_surface,0.0001,13a079af94e46f97cf9bd78dca9369cc9694a00172361b410848fb0439384c57,27ccc2e6881fd377e3a114f7b8b30261dde0ececc1db99462182ae1adc63466b,139,-0.2958359147395923,0.01
3,1,all_agreeing_offsets,side_informed,laplace,uniform,50.0,HU_plus_surface,0.001,13a079af94e46f97cf9bd78dca9369cc9694a00172361b410848fb0439384c57,c160143cbe2e4ca1f28bf198d9d3a1147495df9702fb27f4f76921695ca2c9bc,139,-0.28375255350778517,0.01
3,1,all_agreeing_offsets,side_informed,laplace,uniform,50.0,HU_plus_surface,0.01,13a079af94e46f97cf9bd78dca9369cc9694a00172361b410848fb0439384c57,43f7ce29e38bef42a287c36ec331baf1515b4a7eedef0f89ad6fe09c0535788c,139,-0.2701165733109831,0.01
3,1,all_agreeing_offsets,side_informed,laplace,uniform,50.0,HU_plus_surface,0.1,13a079af94e46f97cf9bd78dca9369cc9694a00172361b410848fb0439384c57,98c605fa5fc9077fef7a15cb670d1517228e42eb23d1c1582043ea65661a0317,139,-0.341053767651947,0.01
3,2,all_agreeing_offsets,side_informed,laplace,uniform,50.0,HU_plus_surface,0.0,c987b1318e20fe8cc28abf40debc2ea1db6e17e61f72f092d3a4599fd1096ada,4f503ddcca5bebcda6beb434619af40160bef1c6ae19f82275ffc47d0ec76521,137,-0.2982466589892884,0.01
3,2,all_agreeing_offsets,side_informed,laplace,uniform,50.0,HU_plus_surface,0.0001,c987b1318e20fe8cc28abf40debc2ea1db6e17e61f72f092d3a4599fd1096ada,8fd73f36ed9e04d34be4556414b1e6cea10777f2ebf9d353e128658d58659cf4,137,-0.2958359147395923,0.01
3,2,all_agreeing_offsets,side_informed,laplace,uniform,50.0,HU_plus_surface,0.001,c987b1318e20fe8cc28abf40debc2ea1db6e17e61f72f092d3a4599fd1096ada,dcba8ddd4e56498bf9ccc1a41e513925244fcccfb1dbbcb48c0b807b4bf4bef7,137,-0.28375255350778517,0.01
3,2,all_agreeing_offsets,side_informed,laplace,uniform,50.0,HU_plus_surface,0.01,c987b1318e20fe8cc28abf40debc2ea1db6e17e61f72f092d3a4599fd1096ada,e8ce3928dd0e98bb79a1bd427e74560491fadc237e38e715be7e00dd74070170,137,-0.2701165733109831,0.01
3,2,all_agreeing_offsets,side_informed,laplace,uniform,50.0,HU_plus_surface,0.1,c987b1318e20fe8cc28abf40debc2ea1db6e17e61f72f092d3a4599fd1096ada,284664b9bdb777c5d1d2c4c27818b81fc008492aa9bebc3091c89db720ac10d5,137,-0.341053767651947,0.01
3,0,all_agreeing_offsets,side_informed,laplace,uniform,50.0,retention_bounded_plus_HU,0.0,14d4aa4637a3952a7fd3ce3da18d16eb06dcd853812d80290ec3d67e3b7cdad5,6bd6b945f004abb9f9e408e709f45656ffbea01a82c0f11a6d8ddc8d91fa12e9,137,-0.2929098269595166,0.01
3,0,all_agreeing_offsets,side_informed,laplace,uniform,50.0,retention_bounded_plus_HU,0.0001,14d4aa4637a3952a7fd3ce3da18d16eb06dcd853812d80290ec3d67e3b7cdad5,2926dba9789b708eb607993a8c2910caf859856a5d2a2f068f71d6a9452932de,137,-0.29188453206344767,0.01
3,0,all_agreeing_offsets,side_informed,laplace,uniform,50.0,retention_bounded_plus_HU,0.001,14d4aa4637a3952a7fd3ce3da18d16eb06dcd853812d80290ec3d67e3b7cdad5,199dc779eadf586a95724d243b4bc827fe9867edc0e392f449a4a41dfe2090ce,137,-0.2866123444846658,0.01
3,0,all_agreeing_offsets,side_informed,laplace,uniform,50.0,retention_bounded_plus_HU,0.01,14d4aa4637a3952a7fd3ce3da18d16eb06dcd853812d80290ec3d67e3b7cdad5,7643459a09b6020dd09b864ab090a96185ea66fc6e8a6c0ad28bce328414b9fe,137,-0.2740002251594648,0.01
3,0,all_agreeing_offsets,side_informed,laplace,uniform,50.0,retention_bounded_plus_HU,0.1,14d4aa4637a3952a7fd3ce3da18d16eb06dcd853812d80290ec3d67e3b7cdad5,9241999fcb5358bfee8cba62ade6b544263d4e6ae2a112896fd228b21906eaf3,137,-0.3012228596512712,0.01
3,1,all_agreeing_offsets,side_informed,laplace,uniform,50.0,retention_bounded_plus_HU,0.0,13a079af94e46f97cf9bd78dca9369cc9694a00172361b410848fb0439384c57,2617041d8791fbb8a9cbc9c2d327a6b16eb1e05199384b31023e870560a2a3e4,139,-0.2929098269595166,0.01
3,1,all_agreeing_offsets,side_informed,laplace,uniform,50.0,retention_bounded_plus_HU,0.0001,13a079af94e46f97cf9bd78dca9369cc9694a00172361b410848fb0439384c57,4b10be406762e540cf49c286d4eff0d6e68ecce75aaf93f43a469a13297f161a,139,-0.29188453206344767,0.01
3,1,all_agreeing_offsets,side_informed,laplace,uniform,50.0,retention_bounded_plus_HU,0.001,13a079af94e46f97cf9bd78dca9369cc9694a00172361b410848fb0439384c57,da2f2438ebc0cf90697d2382f17af1cf1378c2708f220409266c41ed238fe302,139,-0.2866123444846658,0.01
3,1,all_agreeing_offsets,side_informed,laplace,uniform,50.0,retention_bounded_plus_HU,0.01,13a079af94e46f97cf9bd78dca9369cc9694a00172361b410848fb0439384c57,f22b537bf477dc326b3f216421fff8138b944c6782c4fef616d1027c06468e6f,139,-0.2740002251594648,0.01
3,1,all_agreeing_offsets,side_informed,laplace,uniform,50.0,retention_bounded_plus_HU,0.1,13a079af94e46f97cf9bd78dca9369cc9694a00172361b410848fb0439384c57,5c091b2e0ff99658094b786211c39a9431b899911f54efe337bf08d03c88c99e,139,-0.3012228596512712,0.01
3,2,all_agreeing_offsets,side_informed,laplace,uniform,50.0,retention_bounded_plus_HU,0.0,c987b1318e20fe8cc28abf40debc2ea1db6e17e61f72f092d3a4599fd1096ada,e5374e6f6e5efde0fa2ec87e948856c489726646b3768f685b2fcce51f743d27,137,-0.2929098269595166,0.01
3,2,all_agreeing_offsets,side_informed,laplace,uniform,50.0,retention_bounded_plus_HU,0.0001,c987b1318e20fe8cc28abf40debc2ea1db6e17e61f72f092d3a4599fd1096ada,556b208d607a26fa9319eab01eeb65bb9f7ca360942feafdbccc126069bc0885,137,-0.29188453206344767,0.01
3,2,all_agreeing_offsets,side_informed,laplace,uniform,50.0,retention_bounded_plus_HU,0.001,c987b1318e20fe8cc28abf40debc2ea1db6e17e61f72f092d3a4599fd1096ada,cf7113989510949591f6053d2b65d315e4c5fe807ce6c605e41f929918c8c8b8,137,-0.2866123444846658,0.01
3,2,all_agreeing_offsets,side_informed,laplace,uniform,50.0,retention_bounded_plus_HU,0.01,c987b1318e20fe8cc28abf40debc2ea1db6e17e61f72f092d3a4599fd1096ada,ce8e6c5c97932401011470641f6f2389cdab12b33c1396b07f9285a3068f07e9,137,-0.2740002251594648,0.01
3,2,all_agreeing_offsets,side_informed,laplace,uniform,50.0,retention_bounded_plus_HU,0.1,c987b1318e20fe8cc28abf40debc2ea1db6e17e61f72f092d3a4599fd1096ada,c69c301c06139e31100c5f1e224630f624a5b690dddebfc5e7cbaa3553b62614,137,-0.3012228596512712,0.01
3,0,all_agreeing_offsets,side_informed,gh80,uniform,50.0,HU_plus_surface,0.0,14d4aa4637a3952a7fd3ce3da18d16eb06dcd853812d80290ec3d67e3b7cdad5,30c9ce6ba9027e0491a883407f993334fb9f7b8a387bcc70fd07ceb8d26482bd,137,-0.29199682627300577,0.01
3,0,all_agreeing_offsets,side_informed,gh80,uniform,50.0,HU_plus_surface,0.0001,14d4aa4637a3952a7fd3ce3da18d16eb06dcd853812d80290ec3d67e3b7cdad5,29b1d8ed3eb6b619c494b239a443512ec37ffd27f80b4eeb67dee351dd100c74,137,-0.2896966451688692,0.01
3,0,all_agreeing_offsets,side_informed,gh80,uniform,50.0,HU_plus_surface,0.001,14d4aa4637a3952a7fd3ce3da18d16eb06dcd853812d80290ec3d67e3b7cdad5,ef9504086a698145a97696e6a871bf22b473996707856a4211d69fe8861d0e8e,137,-0.2783580968663531,0.01
3,0,all_agreeing_offsets,side_informed,gh80,uniform,50.0,HU_plus_surface,0.01,14d4aa4637a3952a7fd3ce3da18d16eb06dcd853812d80290ec3d67e3b7cdad5,d136f0c23b9fa615f384f70443c1c0a715d39678e5bef29b57618a4eab1ec569,137,-0.2671753568778515,0.01
3,0,all_agreeing_offsets,side_informed,gh80,uniform,50.0,HU_plus_surface,0.1,14d4aa4637a3952a7fd3ce3da18d16eb06dcd853812d80290ec3d67e3b7cdad5,7254bfa1539984cff0c865113a12913fdc40116df8caf9a3942afc3f841632a6,137,-0.3405280937001328,0.01
3,1,all_agreeing_offsets,side_informed,gh80,uniform,50.0,HU_plus_surface,0.0,13a079af94e46f97cf9bd78dca9369cc9694a00172361b410848fb0439384c57,e0a16b07b1a6e381b7de79986d08cdf9c5f80daedd06b1db4bd82376242d88fc,139,-0.29199682627300577,0.01
3,1,all_agreeing_offsets,side_informed,gh80,uniform,50.0,HU_plus_surface,0.0001,13a079af94e46f97cf9bd78dca9369cc9694a00172361b410848fb0439384c57,70e913ddff5e07855cb97e3e7538d3ee92fb0be0b455f6ab7dc71a03f5ccaab9,139,-0.2896966451688692,0.01
3,1,all_agreeing_offsets,side_informed,gh80,uniform,50.0,HU_plus_surface,0.001,13a079af94e46f97cf9bd78dca9369cc9694a00172361b410848fb0439384c57,e77dc3475eca3543561e0ee64bf812c8488985d6e5a318bbfb33baae68ff3159,139,-0.2783580968663531,0.01
3,1,all_agreeing_offsets,side_informed,gh80,uniform,50.0,HU_plus_surface,0.01,13a079af94e46f97cf9bd78dca9369cc9694a00172361b410848fb0439384c57,1fe4ae44254c0da15c488842983f1de9c922875a60ea071ddaaf73d5d3a259a9,139,-0.2671753568778515,0.01
3,1,all_agreeing_offsets,side_informed,gh80,uniform,50.0,HU_plus_surface,0.1,13a079af94e46f97cf9bd78dca9369cc9694a00172361b410848fb0439384c57,05827f7e1a42bce734b3f73e1040db253d47acbaf4f74d77e3e9e702c4e87cce,139,-0.3405280937001328,0.01
3,2,all_agreeing_offsets,side_informed,gh80,uniform,50.0,HU_plus_surface,0.0,c987b1318e20fe8cc28abf40debc2ea1db6e17e61f72f092d3a4599fd1096ada,7888d6b78767677e577c4906255b576ba8c164b3519c55507a8180a9f19740da,137,-0.29199682627300577,0.01
3,2,all_agreeing_offsets,side_informed,gh80,uniform,50.0,HU_plus_surface,0.0001,c987b1318e20fe8cc28abf40debc2ea1db6e17e61f72f092d3a4599fd1096ada,b99313828647b944de2fb8312581346714bb422ac41e003d7d548e7e0f0beeff,137,-0.2896966451688692,0.01
3,2,all_agreeing_offsets,side_informed,gh80,uniform,50.0,HU_plus_surface,0.001,c987b1318e20fe8cc28abf40debc2ea1db6e17e61f72f092d3a4599fd1096ada,b1bf055c7caaf08f7b391e2f583aa941dcec83d51b37b925557ac8a0ad1c70d1,137,-0.2783580968663531,0.01
3,2,all_agreeing_offsets,side_informed,gh80,uniform,50.0,HU_plus_surface,0.01,c987b1318e20fe8cc28abf40debc2ea1db6e17e61f72f092d3a4599fd1096ada,6a88efef220b59913ffaa3cca7fb46956f21c0f5e73e102ca4e285bddb0895c5,137,-0.2671753568778515,0.01
3,2,all_agreeing_offsets,side_informed,gh80,uniform,50.0,HU_plus_surface,0.1,c987b1318e20fe8cc28abf40debc2ea1db6e17e61f72f092d3a4599fd1096ada,879d80f427494a77862c6559b90dfb27323a72c931dd5bd5255a61d80aad4a55,137,-0.3405280937001328,0.01
3,0,all_agreeing_offsets,side_informed,gh80,uniform,50.0,retention_bounded_plus_HU,0.0,14d4aa4637a3952a7fd3ce3da18d16eb06dcd853812d80290ec3d67e3b7cdad5,c3cc99344bac4122dd5af844102bb08cebdf598011321fb95067666417a3e61b,137,-0.29224010434426156,0.01
3,0,all_agreeing_offsets,side_informed,gh80,uniform,50.0,retention_bounded_plus_HU,0.0001,14d4aa4637a3952a7fd3ce3da18d16eb06dcd853812d80290ec3d67e3b7cdad5,577593391bf1b5a5fc14ac485e1590695d02d0382af465ba6ab6f599baa967ec,137,-0.29134390382771597,0.01
3,0,all_agreeing_offsets,side_informed,gh80,uniform,50.0,retention_bounded_plus_HU,0.001,14d4aa4637a3952a7fd3ce3da18d16eb06dcd853812d80290ec3d67e3b7cdad5,8a9d65d3feebc545f08c9342740d85180df0db9634db8216800d3db81edc1fd2,137,-0.28677195457293164,0.01
3,0,all_agreeing_offsets,side_informed,gh80,uniform,50.0,retention_bounded_plus_HU,0.01,14d4aa4637a3952a7fd3ce3da18d16eb06dcd853812d80290ec3d67e3b7cdad5,2ba220f08a30ef0b09efba08200c7e4e0dbb33f4e644bcc0bf4bab50843ab43d,137,-0.27474586741880064,0.01
3,0,all_agreeing_offsets,side_informed,gh80,uniform,50.0,retention_bounded_plus_HU,0.1,14d4aa4637a3952a7fd3ce3da18d16eb06dcd853812d80290ec3d67e3b7cdad5,ffe878df57fd8b50b8eb9fe52d8ddcf17fc4973cafc48bd0f85c45ad13c44af7,137,-0.30170640391042386,0.01
3,1,all_agreeing_offsets,side_informed,gh80,uniform,50.0,retention_bounded_plus_HU,0.0,13a079af94e46f97cf9bd78dca9369cc9694a00172361b410848fb0439384c57,d63d830e21279cb8a5ec76c8af7b49d52f1440471fba782b6b389fbac0e4e45b,139,-0.29224010434426156,0.01
3,1,all_agreeing_offsets,side_informed,gh80,uniform,50.0,retention_bounded_plus_HU,0.0001,13a079af94e46f97cf9bd78dca9369cc9694a00172361b410848fb0439384c57,7757d2c191079a93b9b9a7644dd413b9e437b8f852c88cf248e30b18c44e13ae,139,-0.29134390382771597,0.01
3,1,all_agreeing_offsets,side_informed,gh80,uniform,50.0,retention_bounded_plus_HU,0.001,13a079af94e46f97cf9bd78dca9369cc9694a00172361b410848fb0439384c57,9ad512b2fc3624ffe5cd6726aeb31722fdb7bf23a3c3e4773d859b63f1a1fc46,139,-0.28677195457293164,0.01
3,1,all_agreeing_offsets,side_informed,gh80,uniform,50.0,retention_bounded_plus_HU,0.01,13a079af94e46f97cf9bd78dca9369cc9694a00172361b410848fb0439384c57,8c6a39358c458e48202bcfa8589a3ec0b7187136d3427a6bf0369d80b6e73f9d,139,-0.27474586741880064,0.01
3,1,all_agreeing_offsets,side_informed,gh80,uniform,50.0,retention_bounded_plus_HU,0.1,13a079af94e46f97cf9bd78dca9369cc9694a00172361b410848fb0439384c57,4282e85542ec3a721a3c836a5c354fa966a04f0f34a201a25359b2b6ce7a2214,139,-0.30170640391042386,0.01
3,2,all_agreeing_offsets,side_informed,gh80,uniform,50.0,retention_bounded_plus_HU,0.0,c987b1318e20fe8cc28abf40debc2ea1db6e17e61f72f092d3a4599fd1096ada,e96c12c225ce836f4f28cecdb3e1134ff0dd83239faa58ea6de5e4d8ff9134cc,137,-0.29224010434426156,0.01
3,2,all_agreeing_offsets,side_informed,gh80,uniform,50.0,retention_bounded_plus_HU,0.0001,c987b1318e20fe8cc28abf40debc2ea1db6e17e61f72f092d3a4599fd1096ada,f0a482a97fc78edcf5cc3ac4c85c098b2626f8c088c7264b49dd3a2157ec6c93,137,-0.29134390382771597,0.01
3,2,all_agreeing_offsets,side_informed,gh80,uniform,50.0,retention_bounded_plus_HU,0.001,c987b1318e20fe8cc28abf40debc2ea1db6e17e61f72f092d3a4599fd1096ada,71132aae111ae353dc9057567d9f9ce226ad91174903f5910803f26a44df1bea,137,-0.28677195457293164,0.01
3,2,all_agreeing_offsets,side_informed,gh80,uniform,50.0,retention_bounded_plus_HU,0.01,c987b1318e20fe8cc28abf40debc2ea1db6e17e61f72f092d3a4599fd1096ada,2b750e9e1bb98f8193383c7f4626d59b72d258490db949b85e0926a85fba7cb1,137,-0.27474586741880064,0.01
3,2,all_agreeing_offsets,side_informed,gh80,uniform,50.0,retention_bounded_plus_HU,0.1,c987b1318e20fe8cc28abf40debc2ea1db6e17e61f72f092d3a4599fd1096ada,2fd9d29380952d0dfef545622f07fda6fc0f5cc8abf35eaa388455b0d2db56af,137,-0.30170640391042386,0.01
3,0,all_agreeing_offsets,wholly_unseen,laplace,uniform,50.0,retention_bounded,0.0,14d4aa4637a3952a7fd3ce3da18d16eb06dcd853812d80290ec3d67e3b7cdad5,464d621ee7d16b0fd0d98f274470c70a1d34cf07a6414a39be6f35dd8a507d58,137,-0.6426355792567661,0.01
3,0,all_agreeing_offsets,wholly_unseen,laplace,uniform,50.0,retention_bounded,0.0001,14d4aa4637a3952a7fd3ce3da18d16eb06dcd853812d80290ec3d67e3b7cdad5,f8501591c5c682618d7fe5ef3c53ffae590d83dd7c3af91b414ae50f757e5507,137,-0.6378013418605598,0.01
3,0,all_agreeing_offsets,wholly_unseen,laplace,uniform,50.0,retention_bounded,0.001,14d4aa4637a3952a7fd3ce3da18d16eb06dcd853812d80290ec3d67e3b7cdad5,5d25a657fd376e03e27ca9fbef3114a31bafdc12252ab627f59e892ac9f5a7e0,137,-0.6098601606461488,0.01
3,0,all_agreeing_offsets,wholly_unseen,laplace,uniform,50.0,retention_bounded,0.01,14d4aa4637a3952a7fd3ce3da18d16eb06dcd853812d80290ec3d67e3b7cdad5,cd0ba1e3c1bbfaa90d475fade7d16792d73f99e9c49d1fc712353e9143b32e85,137,-0.566114843331564,0.01
3,0,all_agreeing_offsets,wholly_unseen,laplace,uniform,50.0,retention_bounded,0.1,14d4aa4637a3952a7fd3ce3da18d16eb06dcd853812d80290ec3d67e3b7cdad5,fbcda11e258d3c30299a48f615682a9709c03ee5410a8b95b7a3fee7b1780b3a,137,-0.6243341222241884,0.01
3,1,all_agreeing_offsets,wholly_unseen,laplace,uniform,50.0,retention_bounded,0.0,13a079af94e46f97cf9bd78dca9369cc9694a00172361b410848fb0439384c57,cba4ce61ad276ca77f9a31ce66e0c8ee1a190e5dac56fc812a36446de82fd251,139,-0.6426355792567661,0.01
3,1,all_agreeing_offsets,wholly_unseen,laplace,uniform,50.0,retention_bounded,0.0001,13a079af94e46f97cf9bd78dca9369cc9694a00172361b410848fb0439384c57,2a51859e9d3d032ecdad9bc64054c7121e96879a3a8d019c8a691e7c07bcdd04,139,-0.6378013418605598,0.01
3,1,all_agreeing_offsets,wholly_unseen,laplace,uniform,50.0,retention_bounded,0.001,13a079af94e46f97cf9bd78dca9369cc9694a00172361b410848fb0439384c57,6425b002497792ecdec4d1ec3af78fc12c28be7f8613d9fbd126652117426d77,139,-0.6098601606461488,0.01
3,1,all_agreeing_offsets,wholly_unseen,laplace,uniform,50.0,retention_bounded,0.01,13a079af94e46f97cf9bd78dca9369cc9694a00172361b410848fb0439384c57,f1d42e534c06124c03d03573144b5c1715cf74ddd79ee17be5a6348c3b99fe10,139,-0.566114843331564,0.01
3,1,all_agreeing_offsets,wholly_unseen,laplace,uniform,50.0,retention_bounded,0.1,13a079af94e46f97cf9bd78dca9369cc9694a00172361b410848fb0439384c57,635854f60a74e524bdcc7377b688e46265be8f321df21a380dc37e4fba68774d,139,-0.6243341222241884,0.01
3,2,all_agreeing_offsets,wholly_unseen,laplace,uniform,50.0,retention_bounded,0.0,c987b1318e20fe8cc28abf40debc2ea1db6e17e61f72f092d3a4599fd1096ada,aabb82d0f34150401be299a279f3d068b74345cf88beaeda87589e1a56a0a9aa,137,-0.6426355792567661,0.01
3,2,all_agreeing_offsets,wholly_unseen,laplace,uniform,50.0,retention_bounded,0.0001,c987b1318e20fe8cc28abf40debc2ea1db6e17e61f72f092d3a4599fd1096ada,1eeb87f8fb75547198befb125d4bac097c59741baa8a3a7692079c988b2fd706,137,-0.6378013418605598,0.01
3,2,all_agreeing_offsets,wholly_unseen,laplace,uniform,50.0,retention_bounded,0.001,c987b1318e20fe8cc28abf40debc2ea1db6e17e61f72f092d3a4599fd1096ada,186e9cc95a5a1c6e219ce8cb015c3347b1675fd3e266042c68433c5283da79b9,137,-0.6098601606461488,0.01
3,2,all_agreeing_offsets,wholly_unseen,laplace,uniform,50.0,retention_bounded,0.01,c987b1318e20fe8cc28abf40debc2ea1db6e17e61f72f092d3a4599fd1096ada,1163661667ff4e6364978bf285d4de59a23e9edf5207e6c9fdbf6aef3db1c6d4,137,-0.566114843331564,0.01
3,2,all_agreeing_offsets,wholly_unseen,laplace,uniform,50.0,retention_bounded,0.1,c987b1318e20fe8cc28abf40debc2ea1db6e17e61f72f092d3a4599fd1096ada,3d6a83582c30a7a3f8f2996c9bd5837a888d5516d3f026dfa04811420ce6afe7,137,-0.6243341222241884,0.01
3,0,all_agreeing_offsets,wholly_unseen,laplace,uniform,50.0,retention_nonnegative,0.0,14d4aa4637a3952a7fd3ce3da18d16eb06dcd853812d80290ec3d67e3b7cdad5,d2b189f32df5f62eb641eb359aef207514751d281c629455336065604be27e33,137,-0.6426355754642811,0.001
3,0,all_agreeing_offsets,wholly_unseen,laplace,uniform,50.0,retention_nonnegative,0.0001,14d4aa4637a3952a7fd3ce3da18d16eb06dcd853812d80290ec3d67e3b7cdad5,b0fcd6d2d5cdd7e21f13844053f8cccad24c4479f607da8e4518af82841ee824,137,-0.6303415439066573,0.001
3,0,all_agreeing_offsets,wholly_unseen,laplace,uniform,50.0,retention_nonnegative,0.001,14d4aa4637a3952a7fd3ce3da18d16eb06dcd853812d80290ec3d67e3b7cdad5,b66acb3a30b20af8e5d77a6380d237911395a81cf24ae03b639fd1d42c73ec7d,137,-0.5891435347585454,0.001
3,0,all_agreeing_offsets,wholly_unseen,laplace,uniform,50.0,retention_nonnegative,0.01,14d4aa4637a3952a7fd3ce3da18d16eb06dcd853812d80290ec3d67e3b7cdad5,2a02ed5c19eea26a501e33470008ddbd7ce4e20fc2c7bf4429aa731f98ccbf34,137,-0.618665313172458,0.001
3,0,all_agreeing_offsets,wholly_unseen,laplace,uniform,50.0,retention_nonnegative,0.1,14d4aa4637a3952a7fd3ce3da18d16eb06dcd853812d80290ec3d67e3b7cdad5,607e654abcdd753410ff0d57fd147546006cd2b3a40df178eaaaeb2b898791ca,137,-0.7230965119662107,0.001
3,1,all_agreeing_offsets,wholly_unseen,laplace,uniform,50.0,retention_nonnegative,0.0,13a079af94e46f97cf9bd78dca9369cc9694a00172361b410848fb0439384c57,544ff16fd96d822e7e978dbb8cb52ca2c7416fd60d44bb52b99fd556a2c3baa1,139,-0.6426355754642811,0.001
3,1,all_agreeing_offsets,wholly_unseen,laplace,uniform,50.0,retention_nonnegative,0.0001,13a079af94e46f97cf9bd78dca9369cc9694a00172361b410848fb0439384c57,17bb7bc7d9201efc6fce18ba63b6eb312e4498c8384a77217808f4a75cfcd7b3,139,-0.6303415439066573,0.001
3,1,all_agreeing_offsets,wholly_unseen,laplace,uniform,50.0,retention_nonnegative,0.001,13a079af94e46f97cf9bd78dca9369cc9694a00172361b410848fb0439384c57,2d331c1b66a7a1fa17da05f02251e2e7ca35677a2bde85b82d88da6b7a7fa43d,139,-0.5891435347585454,0.001
3,1,all_agreeing_offsets,wholly_unseen,laplace,uniform,50.0,retention_nonnegative,0.01,13a079af94e46f97cf9bd78dca9369cc9694a00172361b410848fb0439384c57,39aa43b59af25fa37badf3a239d4b7f43cb98c6d62e3750ba064f7e604eb4fc5,139,-0.618665313172458,0.001
3,1,all_agreeing_offsets,wholly_unseen,laplace,uniform,50.0,retention_nonnegative,0.1,13a079af94e46f97cf9bd78dca9369cc9694a00172361b410848fb0439384c57,18bb3a86ba7c2a227fe51fcf93a8184b79d3bc72261b0895d7306dd3af962e0b,139,-0.7230965119662107,0.001
3,2,all_agreeing_offsets,wholly_unseen,laplace,uniform,50.0,retention_nonnegative,0.0,c987b1318e20fe8cc28abf40debc2ea1db6e17e61f72f092d3a4599fd1096ada,7ff0dc9d108ef04bb0e1af05108d6e2b2abe0e5b3a2bb7898948a68b23bdb35a,137,-0.6426355754642811,0.001
3,2,all_agreeing_offsets,wholly_unseen,laplace,uniform,50.0,retention_nonnegative,0.0001,c987b1318e20fe8cc28abf40debc2ea1db6e17e61f72f092d3a4599fd1096ada,b2819f25d2c8f744e76c90a086d19b4c0aa81d544a247aa51f43142a9d39d28a,137,-0.6303415439066573,0.001
3,2,all_agreeing_offsets,wholly_unseen,laplace,uniform,50.0,retention_nonnegative,0.001,c987b1318e20fe8cc28abf40debc2ea1db6e17e61f72f092d3a4599fd1096ada,20d3d5f4cf10df3323f7a19979f2153c92a284d9cf3e792a5b3aeed6827227a0,137,-0.5891435347585454,0.001
3,2,all_agreeing_offsets,wholly_unseen,laplace,uniform,50.0,retention_nonnegative,0.01,c987b1318e20fe8cc28abf40debc2ea1db6e17e61f72f092d3a4599fd1096ada,7dcd3bbecec43df9df03a02f73f5fe9a32197d0ebb7a4bb45bfa2fc7486057a4,137,-0.618665313172458,0.001
3,2,all_agreeing_offsets,wholly_unseen,laplace,uniform,50.0,retention_nonnegative,0.1,c987b1318e20fe8cc28abf40debc2ea1db6e17e61f72f092d3a4599fd1096ada,74990a735f5c323f0e0fefe565f72328bd6d9738eb8867103e112f7dbda4d872,137,-0.7230965119662107,0.001
3,0,all_agreeing_offsets,wholly_unseen,laplace,uniform,50.0,current_only,0.0,14d4aa4637a3952a7fd3ce3da18d16eb06dcd853812d80290ec3d67e3b7cdad5,46e8fa8b7dc8106484f8783a17643beb5bd2b5bf6afd9718c9dd5483214b25be,137,-0.9407419287347613,0.1
3,0,all_agreeing_offsets,wholly_unseen,laplace,uniform,50.0,current_only,0.0001,14d4aa4637a3952a7fd3ce3da18d16eb06dcd853812d80290ec3d67e3b7cdad5,ae499eae558dd847f07768c1a09bcdcb9667eb28807dc975ef62bbe75a32aba8,137,-0.9399676714026097,0.1
3,0,all_agreeing_offsets,wholly_unseen,laplace,uniform,50.0,current_only,0.001,14d4aa4637a3952a7fd3ce3da18d16eb06dcd853812d80290ec3d67e3b7cdad5,5409dde996e08d05321e509b2fc1eb79de585309aac71f466bd3efa5b9a6da35,137,-0.9335488309354908,0.1
3,0,all_agreeing_offsets,wholly_unseen,laplace,uniform,50.0,current_only,0.01,14d4aa4637a3952a7fd3ce3da18d16eb06dcd853812d80290ec3d67e3b7cdad5,f07bb00372ac465ca20a86ebb28ef8cbec80ef4d2152c98b6c81753bc023f245,137,-0.8968944717427234,0.1
3,0,all_agreeing_offsets,wholly_unseen,laplace,uniform,50.0,current_only,0.1,14d4aa4637a3952a7fd3ce3da18d16eb06dcd853812d80290ec3d67e3b7cdad5,b6cf80088de744234fdd8363ecc2e09853b51e1a6637963e47b03772cb5b6b9a,137,-0.8687854723563633,0.1
3,1,all_agreeing_offsets,wholly_unseen,laplace,uniform,50.0,current_only,0.0,13a079af94e46f97cf9bd78dca9369cc9694a00172361b410848fb0439384c57,3dfa1d49a1cb3a63b7dcb93d5d0477d83db99cfa6790ff3c70f4d572ae4194c3,139,-0.9407419287347613,0.1
3,1,all_agreeing_offsets,wholly_unseen,laplace,uniform,50.0,current_only,0.0001,13a079af94e46f97cf9bd78dca9369cc9694a00172361b410848fb0439384c57,d3b25aee822532324b55a58de5d22ddea5ded8a9dfce01e5bb8b34c1acbb92be,139,-0.9399676714026097,0.1
3,1,all_agreeing_offsets,wholly_unseen,laplace,uniform,50.0,current_only,0.001,13a079af94e46f97cf9bd78dca9369cc9694a00172361b410848fb0439384c57,5c3beb22cb0ed03ddb68aef2ec2e55784dc2892551656e58aafa5fceef063605,139,-0.9335488309354908,0.1
3,1,all_agreeing_offsets,wholly_unseen,laplace,uniform,50.0,current_only,0.01,13a079af94e46f97cf9bd78dca9369cc9694a00172361b410848fb0439384c57,21fc481fd32a99f5ad0c7a99f746d630c4f99248a352b8ff70ab6ccad9159d76,139,-0.8968944717427234,0.1
3,1,all_agreeing_offsets,wholly_unseen,laplace,uniform,50.0,current_only,0.1,13a079af94e46f97cf9bd78dca9369cc9694a00172361b410848fb0439384c57,13ab8c77a962fde8ca526dedbaddbfe61f8bc5b360ee36f54b9c67098773ec39,139,-0.8687854723563633,0.1
3,2,all_agreeing_offsets,wholly_unseen,laplace,uniform,50.0,current_only,0.0,c987b1318e20fe8cc28abf40debc2ea1db6e17e61f72f092d3a4599fd1096ada,8e336748ab1e19cb8777f51d0b07bc88cac50e7afc68cea64ad30c02545a72c0,137,-0.9407419287347613,0.1
3,2,all_agreeing_offsets,wholly_unseen,laplace,uniform,50.0,current_only,0.0001,c987b1318e20fe8cc28abf40debc2ea1db6e17e61f72f092d3a4599fd1096ada,d3d91a5705ddaa3bbfa41709d811aac4c12357d10a93a32de5e3d82f6097eca2,137,-0.9399676714026097,0.1
3,2,all_agreeing_offsets,wholly_unseen,laplace,uniform,50.0,current_only,0.001,c987b1318e20fe8cc28abf40debc2ea1db6e17e61f72f092d3a4599fd1096ada,c32b2674e1bbf1f2294fe561688191f42874d4cc04db4e782f09fab319a6b060,137,-0.9335488309354908,0.1
3,2,all_agreeing_offsets,wholly_unseen,laplace,uniform,50.0,current_only,0.01,c987b1318e20fe8cc28abf40debc2ea1db6e17e61f72f092d3a4599fd1096ada,bf74c514ecdf2dd56ed52fef7460a1cd4b24441b9f05f7c614c0c0178d79e448,137,-0.8968944717427234,0.1
3,2,all_agreeing_offsets,wholly_unseen,laplace,uniform,50.0,current_only,0.1,c987b1318e20fe8cc28abf40debc2ea1db6e17e61f72f092d3a4599fd1096ada,1f000ab2a2248fa5dc37b527b2f83bb86f18413d671c539db51bceff05f0e76c,137,-0.8687854723563633,0.1
3,0,all_agreeing_offsets,wholly_unseen,laplace,uniform,50.0,input_plus_surface,0.0,14d4aa4637a3952a7fd3ce3da18d16eb06dcd853812d80290ec3d67e3b7cdad5,ab9a49c2ff3280f84a1fc1c0947773aeb094ab612721ee84bb3c588511b3d32c,137,-0.5946881933559608,0.01
3,0,all_agreeing_offsets,wholly_unseen,laplace,uniform,50.0,input_plus_surface,0.0001,14d4aa4637a3952a7fd3ce3da18d16eb06dcd853812d80290ec3d67e3b7cdad5,2863f2327fabe02b95abb4394167f45ec80b0f72fb9dee7ef5f43661c00474b0,137,-0.5911422142590471,0.01
3,0,all_agreeing_offsets,wholly_unseen,laplace,uniform,50.0,input_plus_surface,0.001,14d4aa4637a3952a7fd3ce3da18d16eb06dcd853812d80290ec3d67e3b7cdad5,da3b26a462726c3bb1fc1a3257b865dcc4631b4c8ffc5f629e73c46f92dab466,137,-0.5768492010829832,0.01
3,0,all_agreeing_offsets,wholly_unseen,laplace,uniform,50.0,input_plus_surface,0.01,14d4aa4637a3952a7fd3ce3da18d16eb06dcd853812d80290ec3d67e3b7cdad5,45fe442eab9c0e3352dee7aa492537eb045ca7f8c9b560ab76982b88f27c4074,137,-0.5695064200219246,0.01
3,0,all_agreeing_offsets,wholly_unseen,laplace,uniform,50.0,input_plus_surface,0.1,14d4aa4637a3952a7fd3ce3da18d16eb06dcd853812d80290ec3d67e3b7cdad5,6d37a777a6cb4bf58935abe7812de8bb686b03b4fa9071250f70539d64d2f6d2,137,-0.6575620531804593,0.01
3,1,all_agreeing_offsets,wholly_unseen,laplace,uniform,50.0,input_plus_surface,0.0,13a079af94e46f97cf9bd78dca9369cc9694a00172361b410848fb0439384c57,e3bb2a6ce1e2ad49c0b747b20f0ff73e60ba7e0449d1d70fc7389303f0c899bf,139,-0.5946881933559608,0.01
3,1,all_agreeing_offsets,wholly_unseen,laplace,uniform,50.0,input_plus_surface,0.0001,13a079af94e46f97cf9bd78dca9369cc9694a00172361b410848fb0439384c57,a5d51bad754104873209ef46dd35942affcb0f44dea3c2c109399e0a9fe49ed5,139,-0.5911422142590471,0.01
3,1,all_agreeing_offsets,wholly_unseen,laplace,uniform,50.0,input_plus_surface,0.001,13a079af94e46f97cf9bd78dca9369cc9694a00172361b410848fb0439384c57,107481bc2334d297788421847c9700f80b22861a38d25c4c77a2e73ffd43e10f,139,-0.5768492010829832,0.01
3,1,all_agreeing_offsets,wholly_unseen,laplace,uniform,50.0,input_plus_surface,0.01,13a079af94e46f97cf9bd78dca9369cc9694a00172361b410848fb0439384c57,d247bba0b4e8f3167f850959906ff8675be0f55d0c27abd93d9ff59392e82188,139,-0.5695064200219246,0.01
3,1,all_agreeing_offsets,wholly_unseen,laplace,uniform,50.0,input_plus_surface,0.1,13a079af94e46f97cf9bd78dca9369cc9694a00172361b410848fb0439384c57,56cfe9afdda3743bc7c1c35fa2f94282b02c46fefe9b9feac0d42dadf4565109,139,-0.6575620531804593,0.01
3,2,all_agreeing_offsets,wholly_unseen,laplace,uniform,50.0,input_plus_surface,0.0,c987b1318e20fe8cc28abf40debc2ea1db6e17e61f72f092d3a4599fd1096ada,e69ad8cbd4db6ea81b0cdb90d223ef5604bb49c9dc0fda495f05664c64bb847b,137,-0.5946881933559608,0.01
3,2,all_agreeing_offsets,wholly_unseen,laplace,uniform,50.0,input_plus_surface,0.0001,c987b1318e20fe8cc28abf40debc2ea1db6e17e61f72f092d3a4599fd1096ada,1987e8d2034c7e45e265dfed3e5696fcdfa32b41243c5e46587aa68733eebe45,137,-0.5911422142590471,0.01
3,2,all_agreeing_offsets,wholly_unseen,laplace,uniform,50.0,input_plus_surface,0.001,c987b1318e20fe8cc28abf40debc2ea1db6e17e61f72f092d3a4599fd1096ada,ab7f5165640b1e24b41c58b77ae071265ac032d2afb1af1a1f068886c12346d4,137,-0.5768492010829832,0.01
3,2,all_agreeing_offsets,wholly_unseen,laplace,uniform,50.0,input_plus_surface,0.01,c987b1318e20fe8cc28abf40debc2ea1db6e17e61f72f092d3a4599fd1096ada,bcccd14a5d41a74e0667b19571854e1aea3be4be72cb574db1741a482e17c301,137,-0.5695064200219246,0.01
3,2,all_agreeing_offsets,wholly_unseen,laplace,uniform,50.0,input_plus_surface,0.1,c987b1318e20fe8cc28abf40debc2ea1db6e17e61f72f092d3a4599fd1096ada,7060e0d0925450d906976c80ca1ed9afc196834da5945695fc59561d7b480138,137,-0.6575620531804593,0.01
3,0,all_agreeing_offsets,wholly_unseen,laplace,uniform,50.0,HU_plus_surface,0.0,14d4aa4637a3952a7fd3ce3da18d16eb06dcd853812d80290ec3d67e3b7cdad5,71904ff318e8ebdbe58fcd6293fc15e55c6400df39ab4bcfb944216d527a846e,137,-0.566457070249051,0.01
3,0,all_agreeing_offsets,wholly_unseen,laplace,uniform,50.0,HU_plus_surface,0.0001,14d4aa4637a3952a7fd3ce3da18d16eb06dcd853812d80290ec3d67e3b7cdad5,cd5945a5d7838a95fd26b560ea675a9522c75bed667a60628b5b1d0c4d856a84,137,-0.5639792406934131,0.01
3,0,all_agreeing_offsets,wholly_unseen,laplace,uniform,50.0,HU_plus_surface,0.001,14d4aa4637a3952a7fd3ce3da18d16eb06dcd853812d80290ec3d67e3b7cdad5,1f49415051273f5757581a9de163348be523bf62e499413e26cd7ea92be1a5ae,137,-0.5534195138407219,0.01
3,0,all_agreeing_offsets,wholly_unseen,laplace,uniform,50.0,HU_plus_surface,0.01,14d4aa4637a3952a7fd3ce3da18d16eb06dcd853812d80290ec3d67e3b7cdad5,1760a3b755784c70f39bdd839891837caca5e93d6e9c335660854290a4793004,137,-0.5516744486184215,0.01
3,0,all_agreeing_offsets,wholly_unseen,laplace,uniform,50.0,HU_plus_surface,0.1,14d4aa4637a3952a7fd3ce3da18d16eb06dcd853812d80290ec3d67e3b7cdad5,d38e469d89660803fcadb66dac0b19a983720f7eee18b6c94593b3541b14eed9,137,-0.647559433299682,0.01
3,1,all_agreeing_offsets,wholly_unseen,laplace,uniform,50.0,HU_plus_surface,0.0,13a079af94e46f97cf9bd78dca9369cc9694a00172361b410848fb0439384c57,63ac81fa613fa8f204dfb48dcd6491efa399561f88b9660a0143e83007740e7f,139,-0.566457070249051,0.01
3,1,all_agreeing_offsets,wholly_unseen,laplace,uniform,50.0,HU_plus_surface,0.0001,13a079af94e46f97cf9bd78dca9369cc9694a00172361b410848fb0439384c57,27ccc2e6881fd377e3a114f7b8b30261dde0ececc1db99462182ae1adc63466b,139,-0.5639792406934131,0.01
3,1,all_agreeing_offsets,wholly_unseen,laplace,uniform,50.0,HU_plus_surface,0.001,13a079af94e46f97cf9bd78dca9369cc9694a00172361b410848fb0439384c57,c160143cbe2e4ca1f28bf198d9d3a1147495df9702fb27f4f76921695ca2c9bc,139,-0.5534195138407219,0.01
3,1,all_agreeing_offsets,wholly_unseen,laplace,uniform,50.0,HU_plus_surface,0.01,13a079af94e46f97cf9bd78dca9369cc9694a00172361b410848fb0439384c57,43f7ce29e38bef42a287c36ec331baf1515b4a7eedef0f89ad6fe09c0535788c,139,-0.5516744486184215,0.01
3,1,all_agreeing_offsets,wholly_unseen,laplace,uniform,50.0,HU_plus_surface,0.1,13a079af94e46f97cf9bd78dca9369cc9694a00172361b410848fb0439384c57,98c605fa5fc9077fef7a15cb670d1517228e42eb23d1c1582043ea65661a0317,139,-0.647559433299682,0.01
3,2,all_agreeing_offsets,wholly_unseen,laplace,uniform,50.0,HU_plus_surface,0.0,c987b1318e20fe8cc28abf40debc2ea1db6e17e61f72f092d3a4599fd1096ada,4f503ddcca5bebcda6beb434619af40160bef1c6ae19f82275ffc47d0ec76521,137,-0.566457070249051,0.01
3,2,all_agreeing_offsets,wholly_unseen,laplace,uniform,50.0,HU_plus_surface,0.0001,c987b1318e20fe8cc28abf40debc2ea1db6e17e61f72f092d3a4599fd1096ada,8fd73f36ed9e04d34be4556414b1e6cea10777f2ebf9d353e128658d58659cf4,137,-0.5639792406934131,0.01
3,2,all_agreeing_offsets,wholly_unseen,laplace,uniform,50.0,HU_plus_surface,0.001,c987b1318e20fe8cc28abf40debc2ea1db6e17e61f72f092d3a4599fd1096ada,dcba8ddd4e56498bf9ccc1a41e513925244fcccfb1dbbcb48c0b807b4bf4bef7,137,-0.5534195138407219,0.01
3,2,all_agreeing_offsets,wholly_unseen,laplace,uniform,50.0,HU_plus_surface,0.01,c987b1318e20fe8cc28abf40debc2ea1db6e17e61f72f092d3a4599fd1096ada,e8ce3928dd0e98bb79a1bd427e74560491fadc237e38e715be7e00dd74070170,137,-0.5516744486184215,0.01
3,2,all_agreeing_offsets,wholly_unseen,laplace,uniform,50.0,HU_plus_surface,0.1,c987b1318e20fe8cc28abf40debc2ea1db6e17e61f72f092d3a4599fd1096ada,284664b9bdb777c5d1d2c4c27818b81fc008492aa9bebc3091c89db720ac10d5,137,-0.647559433299682,0.01
3,0,all_agreeing_offsets,wholly_unseen,laplace,uniform,50.0,retention_bounded_plus_HU,0.0,14d4aa4637a3952a7fd3ce3da18d16eb06dcd853812d80290ec3d67e3b7cdad5,6bd6b945f004abb9f9e408e709f45656ffbea01a82c0f11a6d8ddc8d91fa12e9,137,-0.5821554570304931,0.01
3,0,all_agreeing_offsets,wholly_unseen,laplace,uniform,50.0,retention_bounded_plus_HU,0.0001,14d4aa4637a3952a7fd3ce3da18d16eb06dcd853812d80290ec3d67e3b7cdad5,2926dba9789b708eb607993a8c2910caf859856a5d2a2f068f71d6a9452932de,137,-0.5782317621223902,0.01
3,0,all_agreeing_offsets,wholly_unseen,laplace,uniform,50.0,retention_bounded_plus_HU,0.001,14d4aa4637a3952a7fd3ce3da18d16eb06dcd853812d80290ec3d67e3b7cdad5,199dc779eadf586a95724d243b4bc827fe9867edc0e392f449a4a41dfe2090ce,137,-0.5603927334053083,0.01
3,0,all_agreeing_offsets,wholly_unseen,laplace,uniform,50.0,retention_bounded_plus_HU,0.01,14d4aa4637a3952a7fd3ce3da18d16eb06dcd853812d80290ec3d67e3b7cdad5,7643459a09b6020dd09b864ab090a96185ea66fc6e8a6c0ad28bce328414b9fe,137,-0.5458773193506798,0.01
3,0,all_agreeing_offsets,wholly_unseen,laplace,uniform,50.0,retention_bounded_plus_HU,0.1,14d4aa4637a3952a7fd3ce3da18d16eb06dcd853812d80290ec3d67e3b7cdad5,9241999fcb5358bfee8cba62ade6b544263d4e6ae2a112896fd228b21906eaf3,137,-0.5972087607212216,0.01
3,1,all_agreeing_offsets,wholly_unseen,laplace,uniform,50.0,retention_bounded_plus_HU,0.0,13a079af94e46f97cf9bd78dca9369cc9694a00172361b410848fb0439384c57,2617041d8791fbb8a9cbc9c2d327a6b16eb1e05199384b31023e870560a2a3e4,139,-0.5821554570304931,0.01
3,1,all_agreeing_offsets,wholly_unseen,laplace,uniform,50.0,retention_bounded_plus_HU,0.0001,13a079af94e46f97cf9bd78dca9369cc9694a00172361b410848fb0439384c57,4b10be406762e540cf49c286d4eff0d6e68ecce75aaf93f43a469a13297f161a,139,-0.5782317621223902,0.01
3,1,all_agreeing_offsets,wholly_unseen,laplace,uniform,50.0,retention_bounded_plus_HU,0.001,13a079af94e46f97cf9bd78dca9369cc9694a00172361b410848fb0439384c57,da2f2438ebc0cf90697d2382f17af1cf1378c2708f220409266c41ed238fe302,139,-0.5603927334053083,0.01
3,1,all_agreeing_offsets,wholly_unseen,laplace,uniform,50.0,retention_bounded_plus_HU,0.01,13a079af94e46f97cf9bd78dca9369cc9694a00172361b410848fb0439384c57,f22b537bf477dc326b3f216421fff8138b944c6782c4fef616d1027c06468e6f,139,-0.5458773193506798,0.01
3,1,all_agreeing_offsets,wholly_unseen,laplace,uniform,50.0,retention_bounded_plus_HU,0.1,13a079af94e46f97cf9bd78dca9369cc9694a00172361b410848fb0439384c57,5c091b2e0ff99658094b786211c39a9431b899911f54efe337bf08d03c88c99e,139,-0.5972087607212216,0.01
3,2,all_agreeing_offsets,wholly_unseen,laplace,uniform,50.0,retention_bounded_plus_HU,0.0,c987b1318e20fe8cc28abf40debc2ea1db6e17e61f72f092d3a4599fd1096ada,e5374e6f6e5efde0fa2ec87e948856c489726646b3768f685b2fcce51f743d27,137,-0.5821554570304931,0.01
3,2,all_agreeing_offsets,wholly_unseen,laplace,uniform,50.0,retention_bounded_plus_HU,0.0001,c987b1318e20fe8cc28abf40debc2ea1db6e17e61f72f092d3a4599fd1096ada,556b208d607a26fa9319eab01eeb65bb9f7ca360942feafdbccc126069bc0885,137,-0.5782317621223902,0.01
3,2,all_agreeing_offsets,wholly_unseen,laplace,uniform,50.0,retention_bounded_plus_HU,0.001,c987b1318e20fe8cc28abf40debc2ea1db6e17e61f72f092d3a4599fd1096ada,cf7113989510949591f6053d2b65d315e4c5fe807ce6c605e41f929918c8c8b8,137,-0.5603927334053083,0.01
3,2,all_agreeing_offsets,wholly_unseen,laplace,uniform,50.0,retention_bounded_plus_HU,0.01,c987b1318e20fe8cc28abf40debc2ea1db6e17e61f72f092d3a4599fd1096ada,ce8e6c5c97932401011470641f6f2389cdab12b33c1396b07f9285a3068f07e9,137,-0.5458773193506798,0.01
3,2,all_agreeing_offsets,wholly_unseen,laplace,uniform,50.0,retention_bounded_plus_HU,0.1,c987b1318e20fe8cc28abf40debc2ea1db6e17e61f72f092d3a4599fd1096ada,c69c301c06139e31100c5f1e224630f624a5b690dddebfc5e7cbaa3553b62614,137,-0.5972087607212216,0.01
3,0,all_agreeing_offsets,wholly_unseen,gh80,uniform,50.0,HU_plus_surface,0.0,14d4aa4637a3952a7fd3ce3da18d16eb06dcd853812d80290ec3d67e3b7cdad5,30c9ce6ba9027e0491a883407f993334fb9f7b8a387bcc70fd07ceb8d26482bd,137,-0.5609618738729905,0.001
3,0,all_agreeing_offsets,wholly_unseen,gh80,uniform,50.0,HU_plus_surface,0.0001,14d4aa4637a3952a7fd3ce3da18d16eb06dcd853812d80290ec3d67e3b7cdad5,29b1d8ed3eb6b619c494b239a443512ec37ffd27f80b4eeb67dee351dd100c74,137,-0.5586726157466536,0.001
3,0,all_agreeing_offsets,wholly_unseen,gh80,uniform,50.0,HU_plus_surface,0.001,14d4aa4637a3952a7fd3ce3da18d16eb06dcd853812d80290ec3d67e3b7cdad5,ef9504086a698145a97696e6a871bf22b473996707856a4211d69fe8861d0e8e,137,-0.5491924082655638,0.001
3,0,all_agreeing_offsets,wholly_unseen,gh80,uniform,50.0,HU_plus_surface,0.01,14d4aa4637a3952a7fd3ce3da18d16eb06dcd853812d80290ec3d67e3b7cdad5,d136f0c23b9fa615f384f70443c1c0a715d39678e5bef29b57618a4eab1ec569,137,-0.5501784800603097,0.001
3,0,all_agreeing_offsets,wholly_unseen,gh80,uniform,50.0,HU_plus_surface,0.1,14d4aa4637a3952a7fd3ce3da18d16eb06dcd853812d80290ec3d67e3b7cdad5,7254bfa1539984cff0c865113a12913fdc40116df8caf9a3942afc3f841632a6,137,-0.6484970069487667,0.001
3,1,all_agreeing_offsets,wholly_unseen,gh80,uniform,50.0,HU_plus_surface,0.0,13a079af94e46f97cf9bd78dca9369cc9694a00172361b410848fb0439384c57,e0a16b07b1a6e381b7de79986d08cdf9c5f80daedd06b1db4bd82376242d88fc,139,-0.5609618738729905,0.001
3,1,all_agreeing_offsets,wholly_unseen,gh80,uniform,50.0,HU_plus_surface,0.0001,13a079af94e46f97cf9bd78dca9369cc9694a00172361b410848fb0439384c57,70e913ddff5e07855cb97e3e7538d3ee92fb0be0b455f6ab7dc71a03f5ccaab9,139,-0.5586726157466536,0.001
3,1,all_agreeing_offsets,wholly_unseen,gh80,uniform,50.0,HU_plus_surface,0.001,13a079af94e46f97cf9bd78dca9369cc9694a00172361b410848fb0439384c57,e77dc3475eca3543561e0ee64bf812c8488985d6e5a318bbfb33baae68ff3159,139,-0.5491924082655638,0.001
3,1,all_agreeing_offsets,wholly_unseen,gh80,uniform,50.0,HU_plus_surface,0.01,13a079af94e46f97cf9bd78dca9369cc9694a00172361b410848fb0439384c57,1fe4ae44254c0da15c488842983f1de9c922875a60ea071ddaaf73d5d3a259a9,139,-0.5501784800603097,0.001
3,1,all_agreeing_offsets,wholly_unseen,gh80,uniform,50.0,HU_plus_surface,0.1,13a079af94e46f97cf9bd78dca9369cc9694a00172361b410848fb0439384c57,05827f7e1a42bce734b3f73e1040db253d47acbaf4f74d77e3e9e702c4e87cce,139,-0.6484970069487667,0.001
3,2,all_agreeing_offsets,wholly_unseen,gh80,uniform,50.0,HU_plus_surface,0.0,c987b1318e20fe8cc28abf40debc2ea1db6e17e61f72f092d3a4599fd1096ada,7888d6b78767677e577c4906255b576ba8c164b3519c55507a8180a9f19740da,137,-0.5609618738729905,0.001
3,2,all_agreeing_offsets,wholly_unseen,gh80,uniform,50.0,HU_plus_surface,0.0001,c987b1318e20fe8cc28abf40debc2ea1db6e17e61f72f092d3a4599fd1096ada,b99313828647b944de2fb8312581346714bb422ac41e003d7d548e7e0f0beeff,137,-0.5586726157466536,0.001
3,2,all_agreeing_offsets,wholly_unseen,gh80,uniform,50.0,HU_plus_surface,0.001,c987b1318e20fe8cc28abf40debc2ea1db6e17e61f72f092d3a4599fd1096ada,b1bf055c7caaf08f7b391e2f583aa941dcec83d51b37b925557ac8a0ad1c70d1,137,-0.5491924082655638,0.001
3,2,all_agreeing_offsets,wholly_unseen,gh80,uniform,50.0,HU_plus_surface,0.01,c987b1318e20fe8cc28abf40debc2ea1db6e17e61f72f092d3a4599fd1096ada,6a88efef220b59913ffaa3cca7fb46956f21c0f5e73e102ca4e285bddb0895c5,137,-0.5501784800603097,0.001
3,2,all_agreeing_offsets,wholly_unseen,gh80,uniform,50.0,HU_plus_surface,0.1,c987b1318e20fe8cc28abf40debc2ea1db6e17e61f72f092d3a4599fd1096ada,879d80f427494a77862c6559b90dfb27323a72c931dd5bd5255a61d80aad4a55,137,-0.6484970069487667,0.001
3,0,all_agreeing_offsets,wholly_unseen,gh80,uniform,50.0,retention_bounded_plus_HU,0.0,14d4aa4637a3952a7fd3ce3da18d16eb06dcd853812d80290ec3d67e3b7cdad5,c3cc99344bac4122dd5af844102bb08cebdf598011321fb95067666417a3e61b,137,-0.5907907893998395,0.01
3,0,all_agreeing_offsets,wholly_unseen,gh80,uniform,50.0,retention_bounded_plus_HU,0.0001,14d4aa4637a3952a7fd3ce3da18d16eb06dcd853812d80290ec3d67e3b7cdad5,577593391bf1b5a5fc14ac485e1590695d02d0382af465ba6ab6f599baa967ec,137,-0.587232254250738,0.01
3,0,all_agreeing_offsets,wholly_unseen,gh80,uniform,50.0,retention_bounded_plus_HU,0.001,14d4aa4637a3952a7fd3ce3da18d16eb06dcd853812d80290ec3d67e3b7cdad5,8a9d65d3feebc545f08c9342740d85180df0db9634db8216800d3db81edc1fd2,137,-0.5703365044754068,0.01
3,0,all_agreeing_offsets,wholly_unseen,gh80,uniform,50.0,retention_bounded_plus_HU,0.01,14d4aa4637a3952a7fd3ce3da18d16eb06dcd853812d80290ec3d67e3b7cdad5,2ba220f08a30ef0b09efba08200c7e4e0dbb33f4e644bcc0bf4bab50843ab43d,137,-0.5537266762872468,0.01
3,0,all_agreeing_offsets,wholly_unseen,gh80,uniform,50.0,retention_bounded_plus_HU,0.1,14d4aa4637a3952a7fd3ce3da18d16eb06dcd853812d80290ec3d67e3b7cdad5,ffe878df57fd8b50b8eb9fe52d8ddcf17fc4973cafc48bd0f85c45ad13c44af7,137,-0.6012682391250771,0.01
3,1,all_agreeing_offsets,wholly_unseen,gh80,uniform,50.0,retention_bounded_plus_HU,0.0,13a079af94e46f97cf9bd78dca9369cc9694a00172361b410848fb0439384c57,d63d830e21279cb8a5ec76c8af7b49d52f1440471fba782b6b389fbac0e4e45b,139,-0.5907907893998395,0.01
3,1,all_agreeing_offsets,wholly_unseen,gh80,uniform,50.0,retention_bounded_plus_HU,0.0001,13a079af94e46f97cf9bd78dca9369cc9694a00172361b410848fb0439384c57,7757d2c191079a93b9b9a7644dd413b9e437b8f852c88cf248e30b18c44e13ae,139,-0.587232254250738,0.01
3,1,all_agreeing_offsets,wholly_unseen,gh80,uniform,50.0,retention_bounded_plus_HU,0.001,13a079af94e46f97cf9bd78dca9369cc9694a00172361b410848fb0439384c57,9ad512b2fc3624ffe5cd6726aeb31722fdb7bf23a3c3e4773d859b63f1a1fc46,139,-0.5703365044754068,0.01
3,1,all_agreeing_offsets,wholly_unseen,gh80,uniform,50.0,retention_bounded_plus_HU,0.01,13a079af94e46f97cf9bd78dca9369cc9694a00172361b410848fb0439384c57,8c6a39358c458e48202bcfa8589a3ec0b7187136d3427a6bf0369d80b6e73f9d,139,-0.5537266762872468,0.01
3,1,all_agreeing_offsets,wholly_unseen,gh80,uniform,50.0,retention_bounded_plus_HU,0.1,13a079af94e46f97cf9bd78dca9369cc9694a00172361b410848fb0439384c57,4282e85542ec3a721a3c836a5c354fa966a04f0f34a201a25359b2b6ce7a2214,139,-0.6012682391250771,0.01
3,2,all_agreeing_offsets,wholly_unseen,gh80,uniform,50.0,retention_bounded_plus_HU,0.0,c987b1318e20fe8cc28abf40debc2ea1db6e17e61f72f092d3a4599fd1096ada,e96c12c225ce836f4f28cecdb3e1134ff0dd83239faa58ea6de5e4d8ff9134cc,137,-0.5907907893998395,0.01
3,2,all_agreeing_offsets,wholly_unseen,gh80,uniform,50.0,retention_bounded_plus_HU,0.0001,c987b1318e20fe8cc28abf40debc2ea1db6e17e61f72f092d3a4599fd1096ada,f0a482a97fc78edcf5cc3ac4c85c098b2626f8c088c7264b49dd3a2157ec6c93,137,-0.587232254250738,0.01
3,2,all_agreeing_offsets,wholly_unseen,gh80,uniform,50.0,retention_bounded_plus_HU,0.001,c987b1318e20fe8cc28abf40debc2ea1db6e17e61f72f092d3a4599fd1096ada,71132aae111ae353dc9057567d9f9ce226ad91174903f5910803f26a44df1bea,137,-0.5703365044754068,0.01
3,2,all_agreeing_offsets,wholly_unseen,gh80,uniform,50.0,retention_bounded_plus_HU,0.01,c987b1318e20fe8cc28abf40debc2ea1db6e17e61f72f092d3a4599fd1096ada,2b750e9e1bb98f8193383c7f4626d59b72d258490db949b85e0926a85fba7cb1,137,-0.5537266762872468,0.01
3,2,all_agreeing_offsets,wholly_unseen,gh80,uniform,50.0,retention_bounded_plus_HU,0.1,c987b1318e20fe8cc28abf40debc2ea1db6e17e61f72f092d3a4599fd1096ada,2fd9d29380952d0dfef545622f07fda6fc0f5cc8abf35eaa388455b0d2db56af,137,-0.6012682391250771,0.01
3,0,unrounded_strict,side_informed,laplace,uniform,50.0,retention_bounded,0.0,c4eb3f123e007e47a54532da89e89ea0c8c912c499aa99c7e3e7b9b25f6d2546,0eb0d314ad28b28ca692c8cbe37c46119bcc8ae7c20013a032ecf07438d5f8e1,90,-0.350155223596316,0.01
3,0,unrounded_strict,side_informed,laplace,uniform,50.0,retention_bounded,0.0001,c4eb3f123e007e47a54532da89e89ea0c8c912c499aa99c7e3e7b9b25f6d2546,c7abc1347bf3aa0f463ceda19a55809457b8f1bf228ee9c51e17fb2024d5b066,90,-0.34917017314414284,0.01
3,0,unrounded_strict,side_informed,laplace,uniform,50.0,retention_bounded,0.001,c4eb3f123e007e47a54532da89e89ea0c8c912c499aa99c7e3e7b9b25f6d2546,37a57c66c2721479cef9b1d3a497c9f80e9f7ea200af1f9b581af00e90a18d4f,90,-0.3419377272986495,0.01
3,0,unrounded_strict,side_informed,laplace,uniform,50.0,retention_bounded,0.01,c4eb3f123e007e47a54532da89e89ea0c8c912c499aa99c7e3e7b9b25f6d2546,3f5ab56abb29ddde190485e568600575cd2b22f9a8cfa504140861e664bfd1f8,90,-0.31795345833893596,0.01
3,0,unrounded_strict,side_informed,laplace,uniform,50.0,retention_bounded,0.1,c4eb3f123e007e47a54532da89e89ea0c8c912c499aa99c7e3e7b9b25f6d2546,6cf6ffcba397f06eeec2c346006e64abfa8c583b558e5c6975c86500fb2a4712,90,-0.34659781443571797,0.01
3,1,unrounded_strict,side_informed,laplace,uniform,50.0,retention_bounded,0.0,bd4f2b8222f5d8f25a1a26e699004ec9648cbfd0ce2295443873a4bdc7fc8819,c121b0cc37993ddcaa58851227d251e480f555be0097edbdcaec1b2ed4faf512,92,-0.350155223596316,0.01
3,1,unrounded_strict,side_informed,laplace,uniform,50.0,retention_bounded,0.0001,bd4f2b8222f5d8f25a1a26e699004ec9648cbfd0ce2295443873a4bdc7fc8819,b480a982f23bfa01a7057e8cb07e4d0063ef43c54d2e1958ceeed0f14777fe2d,92,-0.34917017314414284,0.01
3,1,unrounded_strict,side_informed,laplace,uniform,50.0,retention_bounded,0.001,bd4f2b8222f5d8f25a1a26e699004ec9648cbfd0ce2295443873a4bdc7fc8819,78889715875bae536f0c48c981a68fc2c96ac92e11debf35ee3f70d98199f832,92,-0.3419377272986495,0.01
3,1,unrounded_strict,side_informed,laplace,uniform,50.0,retention_bounded,0.01,bd4f2b8222f5d8f25a1a26e699004ec9648cbfd0ce2295443873a4bdc7fc8819,36783776a661cd9c61331eee3c6d26ad2625347071a044b9d1eab6d9c8f6e783,92,-0.31795345833893596,0.01
3,1,unrounded_strict,side_informed,laplace,uniform,50.0,retention_bounded,0.1,bd4f2b8222f5d8f25a1a26e699004ec9648cbfd0ce2295443873a4bdc7fc8819,f554f13a936e297ff90ee17f3aff79c461be600b2520679216009e08e1ef8733,92,-0.34659781443571797,0.01
3,2,unrounded_strict,side_informed,laplace,uniform,50.0,retention_bounded,0.0,ca6c1308be8aeb6c90081d7ac48ad09189e97b63d2259750e1b8e2714ae1846e,f2785a91c29e3392469345588d30b3d2ac35fb1d69d6ed30a5d24a48300ba815,89,-0.350155223596316,0.01
3,2,unrounded_strict,side_informed,laplace,uniform,50.0,retention_bounded,0.0001,ca6c1308be8aeb6c90081d7ac48ad09189e97b63d2259750e1b8e2714ae1846e,d12ac5725e650468a72790b4b9e9faf335016431d5d14ce000a7b06466042206,89,-0.34917017314414284,0.01
3,2,unrounded_strict,side_informed,laplace,uniform,50.0,retention_bounded,0.001,ca6c1308be8aeb6c90081d7ac48ad09189e97b63d2259750e1b8e2714ae1846e,5f064c4c9f7ae47447a90cd95511d8475f438d9ecd12e9a4238657e7329a90ba,89,-0.3419377272986495,0.01
3,2,unrounded_strict,side_informed,laplace,uniform,50.0,retention_bounded,0.01,ca6c1308be8aeb6c90081d7ac48ad09189e97b63d2259750e1b8e2714ae1846e,56dab591d5cd7406c776ed6d8d2eeb1daef1ca3e631208c6aba17396263b5931,89,-0.31795345833893596,0.01
3,2,unrounded_strict,side_informed,laplace,uniform,50.0,retention_bounded,0.1,ca6c1308be8aeb6c90081d7ac48ad09189e97b63d2259750e1b8e2714ae1846e,1588e7ef3bf55a4638743a450ef57d8e8bd78c33a9cb38a99ea7f41feab94d02,89,-0.34659781443571797,0.01
3,0,unrounded_strict,side_informed,laplace,uniform,50.0,retention_nonnegative,0.0,c4eb3f123e007e47a54532da89e89ea0c8c912c499aa99c7e3e7b9b25f6d2546,93f29be71a34c7446674086756ea32cb2597acc40a223d5faecfa62af4cb799c,90,-0.35015522353049006,0.01
3,0,unrounded_strict,side_informed,laplace,uniform,50.0,retention_nonnegative,0.0001,c4eb3f123e007e47a54532da89e89ea0c8c912c499aa99c7e3e7b9b25f6d2546,8754c7dc83fefd6daf751100ac2b0afba851bd50dace433af8e361adcf9d81c7,90,-0.34832692909265467,0.01
3,0,unrounded_strict,side_informed,laplace,uniform,50.0,retention_nonnegative,0.001,c4eb3f123e007e47a54532da89e89ea0c8c912c499aa99c7e3e7b9b25f6d2546,37b49c2eb44fcb6cc330344fe4c08f8bfca842c87e2274d47b0d93169e411ba2,90,-0.3392831194223771,0.01
3,0,unrounded_strict,side_informed,laplace,uniform,50.0,retention_nonnegative,0.01,c4eb3f123e007e47a54532da89e89ea0c8c912c499aa99c7e3e7b9b25f6d2546,f1d73c295e3e1ebbb377638782484580126fea1449475b711406183b5fa88ade,90,-0.33087379516438065,0.01
3,0,unrounded_strict,side_informed,laplace,uniform,50.0,retention_nonnegative,0.1,c4eb3f123e007e47a54532da89e89ea0c8c912c499aa99c7e3e7b9b25f6d2546,5a3fc0b612bd9c7551a02239bbbd0bd1179529fb412ec8c9fabe9c46d69c5555,90,-0.3941196635197674,0.01
3,1,unrounded_strict,side_informed,laplace,uniform,50.0,retention_nonnegative,0.0,bd4f2b8222f5d8f25a1a26e699004ec9648cbfd0ce2295443873a4bdc7fc8819,c90c9f32db804d80c25b69a8ee5689b2dfc6511eacbff5f593c5b16322531d86,92,-0.35015522353049006,0.01
3,1,unrounded_strict,side_informed,laplace,uniform,50.0,retention_nonnegative,0.0001,bd4f2b8222f5d8f25a1a26e699004ec9648cbfd0ce2295443873a4bdc7fc8819,fc0480068abd5e8ce8f60b854aeb9a3018b7aabd373531ac9b6a18c1efa850d5,92,-0.34832692909265467,0.01
3,1,unrounded_strict,side_informed,laplace,uniform,50.0,retention_nonnegative,0.001,bd4f2b8222f5d8f25a1a26e699004ec9648cbfd0ce2295443873a4bdc7fc8819,a3cc8018299e816a6bc187f145a5ee66e47599e0bde06a3c9cda5ac06d4179e2,92,-0.3392831194223771,0.01
3,1,unrounded_strict,side_informed,laplace,uniform,50.0,retention_nonnegative,0.01,bd4f2b8222f5d8f25a1a26e699004ec9648cbfd0ce2295443873a4bdc7fc8819,1bd55d68070528d1bac08deb520f7935eb6adc8a4f125da9434cc4c8e7601e10,92,-0.33087379516438065,0.01
3,1,unrounded_strict,side_informed,laplace,uniform,50.0,retention_nonnegative,0.1,bd4f2b8222f5d8f25a1a26e699004ec9648cbfd0ce2295443873a4bdc7fc8819,90ff7e4b94cc989b386b3a4364eb60a7174be3dd762d8fcbda21d825c3d5c311,92,-0.3941196635197674,0.01
3,2,unrounded_strict,side_informed,laplace,uniform,50.0,retention_nonnegative,0.0,ca6c1308be8aeb6c90081d7ac48ad09189e97b63d2259750e1b8e2714ae1846e,9eb3926ee28e4e81d8f7889b7ea6ac0394008f17e4db249f28d0b1b6b1c494b7,89,-0.35015522353049006,0.01
3,2,unrounded_strict,side_informed,laplace,uniform,50.0,retention_nonnegative,0.0001,ca6c1308be8aeb6c90081d7ac48ad09189e97b63d2259750e1b8e2714ae1846e,a1d6e85011578bb1c9a67a37695bef93cb6796129e36d846b4c7d7b8fb97e929,89,-0.34832692909265467,0.01
3,2,unrounded_strict,side_informed,laplace,uniform,50.0,retention_nonnegative,0.001,ca6c1308be8aeb6c90081d7ac48ad09189e97b63d2259750e1b8e2714ae1846e,b3fdbe88f7b043d35f2cc855d7de3f99a84dafd2d25ed811f432ed4e22cd86d1,89,-0.3392831194223771,0.01
3,2,unrounded_strict,side_informed,laplace,uniform,50.0,retention_nonnegative,0.01,ca6c1308be8aeb6c90081d7ac48ad09189e97b63d2259750e1b8e2714ae1846e,91c2594abc452964d3fe1001c82c5f162c9fbb834dc9340ad6d919fed73dcda3,89,-0.33087379516438065,0.01
3,2,unrounded_strict,side_informed,laplace,uniform,50.0,retention_nonnegative,0.1,ca6c1308be8aeb6c90081d7ac48ad09189e97b63d2259750e1b8e2714ae1846e,bfd0139a553ee4cf060835da41ec7b8fe577281e6cbc6da289dafe354b13d7db,89,-0.3941196635197674,0.01
3,0,unrounded_strict,side_informed,laplace,uniform,50.0,current_only,0.0,c4eb3f123e007e47a54532da89e89ea0c8c912c499aa99c7e3e7b9b25f6d2546,b4a35ad1a80628172c1682f6ecebe975995892c61c4a7c9c4670401fdd7e96be,90,-0.623909331749005,0.1
3,0,unrounded_strict,side_informed,laplace,uniform,50.0,current_only,0.0001,c4eb3f123e007e47a54532da89e89ea0c8c912c499aa99c7e3e7b9b25f6d2546,26bcc9ba9eb964c40550602956be68157a7e2a98fa6e9c4ead4aaf2dcbb6bf98,90,-0.6234959378937988,0.1
3,0,unrounded_strict,side_informed,laplace,uniform,50.0,current_only,0.001,c4eb3f123e007e47a54532da89e89ea0c8c912c499aa99c7e3e7b9b25f6d2546,de9b9b87c618672af11b88ab2ad9faafef1d65be0ebfa5241eec7e6d7c83c543,90,-0.6199513385476595,0.1
3,0,unrounded_strict,side_informed,laplace,uniform,50.0,current_only,0.01,c4eb3f123e007e47a54532da89e89ea0c8c912c499aa99c7e3e7b9b25f6d2546,69515f740182eeae7bbdf640d9b35c53f4590e229584af7c01a9ea88ee141501,90,-0.595934657944349,0.1
3,0,unrounded_strict,side_informed,laplace,uniform,50.0,current_only,0.1,c4eb3f123e007e47a54532da89e89ea0c8c912c499aa99c7e3e7b9b25f6d2546,bca9341d9dda9bc46aca47585802cf48cb7706bfd3a582af338f72248af2f7ac,90,-0.5688662769919728,0.1
3,1,unrounded_strict,side_informed,laplace,uniform,50.0,current_only,0.0,bd4f2b8222f5d8f25a1a26e699004ec9648cbfd0ce2295443873a4bdc7fc8819,1404da1a576e244f1eed5387290d547a31ffc6f7f973bf57ee3898789b283e32,92,-0.623909331749005,0.1
3,1,unrounded_strict,side_informed,laplace,uniform,50.0,current_only,0.0001,bd4f2b8222f5d8f25a1a26e699004ec9648cbfd0ce2295443873a4bdc7fc8819,5720a5b8ae84226d6fc7d7cf4b51c922d2e0bf195f194a366872963a3fa0519c,92,-0.6234959378937988,0.1
3,1,unrounded_strict,side_informed,laplace,uniform,50.0,current_only,0.001,bd4f2b8222f5d8f25a1a26e699004ec9648cbfd0ce2295443873a4bdc7fc8819,145107997a2066218896f5d22d69ed396d733f7822333d07b058c25510df791d,92,-0.6199513385476595,0.1
3,1,unrounded_strict,side_informed,laplace,uniform,50.0,current_only,0.01,bd4f2b8222f5d8f25a1a26e699004ec9648cbfd0ce2295443873a4bdc7fc8819,e1a5dd2ae64b15ec0b7c6a8ddebf2995ed47398d19fd2bbd5d32f5e0df7cb39b,92,-0.595934657944349,0.1
3,1,unrounded_strict,side_informed,laplace,uniform,50.0,current_only,0.1,bd4f2b8222f5d8f25a1a26e699004ec9648cbfd0ce2295443873a4bdc7fc8819,dbd878b2d163f6fc92c93b08e6e9c506e3575b4df7cfaf10f1703a235ddb7de4,92,-0.5688662769919728,0.1
3,2,unrounded_strict,side_informed,laplace,uniform,50.0,current_only,0.0,ca6c1308be8aeb6c90081d7ac48ad09189e97b63d2259750e1b8e2714ae1846e,34d49fb1e4f54e935cfef6ca6f038aa5f3dfa28f24277709587a72bfe9e07e15,89,-0.623909331749005,0.1
3,2,unrounded_strict,side_informed,laplace,uniform,50.0,current_only,0.0001,ca6c1308be8aeb6c90081d7ac48ad09189e97b63d2259750e1b8e2714ae1846e,7b5888e9c8cbb7a684fa68852192bd82444ddc91dbb38fdff5858b9d108a7ebc,89,-0.6234959378937988,0.1
3,2,unrounded_strict,side_informed,laplace,uniform,50.0,current_only,0.001,ca6c1308be8aeb6c90081d7ac48ad09189e97b63d2259750e1b8e2714ae1846e,fd84fac6495f90009d1aa1e992abea8ea61a3cccfeeea54e4014368207d84c0e,89,-0.6199513385476595,0.1
3,2,unrounded_strict,side_informed,laplace,uniform,50.0,current_only,0.01,ca6c1308be8aeb6c90081d7ac48ad09189e97b63d2259750e1b8e2714ae1846e,6eba0e7dacb582d7df910a340b39e40144d6e6a3dcca0f125843cd47c03e0efe,89,-0.595934657944349,0.1
3,2,unrounded_strict,side_informed,laplace,uniform,50.0,current_only,0.1,ca6c1308be8aeb6c90081d7ac48ad09189e97b63d2259750e1b8e2714ae1846e,acbc5e596c253298ae64bc51d77530209504af60d59a7fe9e685aab43dadb52c,89,-0.5688662769919728,0.1
3,0,unrounded_strict,side_informed,laplace,uniform,50.0,input_plus_surface,0.0,c4eb3f123e007e47a54532da89e89ea0c8c912c499aa99c7e3e7b9b25f6d2546,c173299910a38e404bca2975c0be928f44db575dcdf44791b729e1118e6a9fa6,90,-0.3234428347598115,0.01
3,0,unrounded_strict,side_informed,laplace,uniform,50.0,input_plus_surface,0.0001,c4eb3f123e007e47a54532da89e89ea0c8c912c499aa99c7e3e7b9b25f6d2546,9a3451a6e8310f6d87b9f289f3e83074929f1ef19160d8c558d88153e54cebea,90,-0.32218394870632855,0.01
3,0,unrounded_strict,side_informed,laplace,uniform,50.0,input_plus_surface,0.001,c4eb3f123e007e47a54532da89e89ea0c8c912c499aa99c7e3e7b9b25f6d2546,39a6a092afe0ab3cd9a5afc0538e4427cd7d591e343e9e01158021ccbe82227e,90,-0.31416791149890017,0.01
3,0,unrounded_strict,side_informed,laplace,uniform,50.0,input_plus_surface,0.01,c4eb3f123e007e47a54532da89e89ea0c8c912c499aa99c7e3e7b9b25f6d2546,f6b145d81efc049aa46450d344ead9bb4fa765dc7976846614adab6fe699ae2d,90,-0.2979790601624819,0.01
3,0,unrounded_strict,side_informed,laplace,uniform,50.0,input_plus_surface,0.1,c4eb3f123e007e47a54532da89e89ea0c8c912c499aa99c7e3e7b9b25f6d2546,0cee0793c222ee8eceb10c5ff6ab8a36c04988f237f447ec1e212654a5ac2b0b,90,-0.3564643816803437,0.01
3,1,unrounded_strict,side_informed,laplace,uniform,50.0,input_plus_surface,0.0,bd4f2b8222f5d8f25a1a26e699004ec9648cbfd0ce2295443873a4bdc7fc8819,772d85aa27cabcdce953e30bef004aac3031addc44eaeb9764f14cb0a7405483,92,-0.3234428347598115,0.01
3,1,unrounded_strict,side_informed,laplace,uniform,50.0,input_plus_surface,0.0001,bd4f2b8222f5d8f25a1a26e699004ec9648cbfd0ce2295443873a4bdc7fc8819,921f66b56e7491c46c07808d87194c1967a8de2a9cceb44034284b18f26c62b2,92,-0.32218394870632855,0.01
3,1,unrounded_strict,side_informed,laplace,uniform,50.0,input_plus_surface,0.001,bd4f2b8222f5d8f25a1a26e699004ec9648cbfd0ce2295443873a4bdc7fc8819,581df426481517580277f3c2c9e1ff1587cafb6c14ddb2f4b35fb38e2bcf810f,92,-0.31416791149890017,0.01
3,1,unrounded_strict,side_informed,laplace,uniform,50.0,input_plus_surface,0.01,bd4f2b8222f5d8f25a1a26e699004ec9648cbfd0ce2295443873a4bdc7fc8819,f9f407ea459e13ca277d78c2d84fbd247d536eacfc2f6bb0a215237c1f2bddb7,92,-0.2979790601624819,0.01
3,1,unrounded_strict,side_informed,laplace,uniform,50.0,input_plus_surface,0.1,bd4f2b8222f5d8f25a1a26e699004ec9648cbfd0ce2295443873a4bdc7fc8819,b8aad5b563f170b3556ac921f81679a076342cfd83019e0a34d0a2054a1b7242,92,-0.3564643816803437,0.01
3,2,unrounded_strict,side_informed,laplace,uniform,50.0,input_plus_surface,0.0,ca6c1308be8aeb6c90081d7ac48ad09189e97b63d2259750e1b8e2714ae1846e,5f7cf76f347e90025222950e9956b714101c94362b285d75e3de2fb6a1c0364a,89,-0.3234428347598115,0.01
3,2,unrounded_strict,side_informed,laplace,uniform,50.0,input_plus_surface,0.0001,ca6c1308be8aeb6c90081d7ac48ad09189e97b63d2259750e1b8e2714ae1846e,6b275d25d77f0bf8fb9526c63beca3e8f71e2dc686942f55ef12acbc7f00113a,89,-0.32218394870632855,0.01
3,2,unrounded_strict,side_informed,laplace,uniform,50.0,input_plus_surface,0.001,ca6c1308be8aeb6c90081d7ac48ad09189e97b63d2259750e1b8e2714ae1846e,2688a3ad6c827fe6ea7bf8e19ac5ec8984f57194001cafc35454282e5e274ff8,89,-0.31416791149890017,0.01
3,2,unrounded_strict,side_informed,laplace,uniform,50.0,input_plus_surface,0.01,ca6c1308be8aeb6c90081d7ac48ad09189e97b63d2259750e1b8e2714ae1846e,ac722e225cbd7ba42693c5f1a6e25d24266f8d0cda69e0fff2df694f43bc9fbc,89,-0.2979790601624819,0.01
3,2,unrounded_strict,side_informed,laplace,uniform,50.0,input_plus_surface,0.1,ca6c1308be8aeb6c90081d7ac48ad09189e97b63d2259750e1b8e2714ae1846e,a1094f6fbe00875e44f11f4bc97a080239f07e2dcd520c0b0216a656b8b65ff5,89,-0.3564643816803437,0.01
3,0,unrounded_strict,side_informed,laplace,uniform,50.0,HU_plus_surface,0.0,c4eb3f123e007e47a54532da89e89ea0c8c912c499aa99c7e3e7b9b25f6d2546,74012d0001c82e48d58aee076bb91b40126db5697dad7ec90f84c0c7857153b4,90,-0.3057447395407972,0.01
3,0,unrounded_strict,side_informed,laplace,uniform,50.0,HU_plus_surface,0.0001,c4eb3f123e007e47a54532da89e89ea0c8c912c499aa99c7e3e7b9b25f6d2546,432fddcb55fea039a94a57c6cac3f74630c9ecdfacb7287b7608e4a0ed233517,90,-0.30456702165585575,0.01
3,0,unrounded_strict,side_informed,laplace,uniform,50.0,HU_plus_surface,0.001,c4eb3f123e007e47a54532da89e89ea0c8c912c499aa99c7e3e7b9b25f6d2546,eb8606dfcfbca25a9e8d0795b3112b32d49f69b64a6d6a4238982e682ed47dcf,90,-0.29706334821931357,0.01
3,0,unrounded_strict,side_informed,laplace,uniform,50.0,HU_plus_surface,0.01,c4eb3f123e007e47a54532da89e89ea0c8c912c499aa99c7e3e7b9b25f6d2546,1002441725c12abd9036f06d55f27c3e951ea1b8bfc66591bac4494329650bf0,90,-0.28362477468750213,0.01
3,0,unrounded_strict,side_informed,laplace,uniform,50.0,HU_plus_surface,0.1,c4eb3f123e007e47a54532da89e89ea0c8c912c499aa99c7e3e7b9b25f6d2546,eb3d262a81a60f93cb1c1634bebfee260fa79ba9ff2f899e89c4fcba0da46faa,90,-0.34938024416576563,0.01
3,1,unrounded_strict,side_informed,laplace,uniform,50.0,HU_plus_surface,0.0,bd4f2b8222f5d8f25a1a26e699004ec9648cbfd0ce2295443873a4bdc7fc8819,8406d01f240369c2b2a5a2accf4aa185daede3c11110cc991b3253e0a768776e,92,-0.3057447395407972,0.01
3,1,unrounded_strict,side_informed,laplace,uniform,50.0,HU_plus_surface,0.0001,bd4f2b8222f5d8f25a1a26e699004ec9648cbfd0ce2295443873a4bdc7fc8819,c7855dc6db434d29c4956f34cd05e9e97c3937831962d68dbb1037683076d7c5,92,-0.30456702165585575,0.01
3,1,unrounded_strict,side_informed,laplace,uniform,50.0,HU_plus_surface,0.001,bd4f2b8222f5d8f25a1a26e699004ec9648cbfd0ce2295443873a4bdc7fc8819,958e513e19d817e6142882393b9eb9589e5d73fd60ab5235e50a9ab20159b810,92,-0.29706334821931357,0.01
3,1,unrounded_strict,side_informed,laplace,uniform,50.0,HU_plus_surface,0.01,bd4f2b8222f5d8f25a1a26e699004ec9648cbfd0ce2295443873a4bdc7fc8819,1a983045c2326855aa623c6884c3c94c3ce3df0d51c3f2f289e9decc9869fe9c,92,-0.28362477468750213,0.01
3,1,unrounded_strict,side_informed,laplace,uniform,50.0,HU_plus_surface,0.1,bd4f2b8222f5d8f25a1a26e699004ec9648cbfd0ce2295443873a4bdc7fc8819,d4e3863792a8573229d12e87d87dbe2628216be7a592737d460bef9b7922316c,92,-0.34938024416576563,0.01
3,2,unrounded_strict,side_informed,laplace,uniform,50.0,HU_plus_surface,0.0,ca6c1308be8aeb6c90081d7ac48ad09189e97b63d2259750e1b8e2714ae1846e,616d3679a7e08f5eea0cceffa0ca204701d4d58d209c4fb0e584c9bb3955b5f8,89,-0.3057447395407972,0.01
3,2,unrounded_strict,side_informed,laplace,uniform,50.0,HU_plus_surface,0.0001,ca6c1308be8aeb6c90081d7ac48ad09189e97b63d2259750e1b8e2714ae1846e,cad109a0d8d12ed33c4d6c63eea7320cdd8b5131a5aaab474f579e21196eb565,89,-0.30456702165585575,0.01
3,2,unrounded_strict,side_informed,laplace,uniform,50.0,HU_plus_surface,0.001,ca6c1308be8aeb6c90081d7ac48ad09189e97b63d2259750e1b8e2714ae1846e,6ea063dcfe50a0f20635fd24c40ad5420a4d0e872cc7f20232bc0bf9918dd555,89,-0.29706334821931357,0.01
3,2,unrounded_strict,side_informed,laplace,uniform,50.0,HU_plus_surface,0.01,ca6c1308be8aeb6c90081d7ac48ad09189e97b63d2259750e1b8e2714ae1846e,8fc349f74bfa71c16e4799e3e46b77869f8f8afc307461f1e547c94d98f6d282,89,-0.28362477468750213,0.01
3,2,unrounded_strict,side_informed,laplace,uniform,50.0,HU_plus_surface,0.1,ca6c1308be8aeb6c90081d7ac48ad09189e97b63d2259750e1b8e2714ae1846e,e42e21a962b85316775ac6bb6c3232a8ab16dba2f6c50df84c51169dec3e7fe7,89,-0.34938024416576563,0.01
3,0,unrounded_strict,side_informed,laplace,uniform,50.0,retention_bounded_plus_HU,0.0,c4eb3f123e007e47a54532da89e89ea0c8c912c499aa99c7e3e7b9b25f6d2546,af637840b6dccd3a34af47dde71d82bb8727c12d75fe3f4893cff149ba1ca762,90,-0.3202092796770293,0.01
3,0,unrounded_strict,side_informed,laplace,uniform,50.0,retention_bounded_plus_HU,0.0001,c4eb3f123e007e47a54532da89e89ea0c8c912c499aa99c7e3e7b9b25f6d2546,2fffe036db0b3a559421a1714d0e315e55235434c210b8aff13be0e57ef8fd4e,90,-0.31969281330114596,0.01
3,0,unrounded_strict,side_informed,laplace,uniform,50.0,retention_bounded_plus_HU,0.001,c4eb3f123e007e47a54532da89e89ea0c8c912c499aa99c7e3e7b9b25f6d2546,d7f65069a0d6935c4109a0fe10e4986ac3547fb9fe979eb66c97d386d37b354f,90,-0.3148189846296206,0.01
3,0,unrounded_strict,side_informed,laplace,uniform,50.0,retention_bounded_plus_HU,0.01,c4eb3f123e007e47a54532da89e89ea0c8c912c499aa99c7e3e7b9b25f6d2546,b699f64aeeb37a7f88bb9b291bf76e84134226e217537210ff370e112ce298fb,90,-0.30017081910480353,0.01
3,0,unrounded_strict,side_informed,laplace,uniform,50.0,retention_bounded_plus_HU,0.1,c4eb3f123e007e47a54532da89e89ea0c8c912c499aa99c7e3e7b9b25f6d2546,124f7cc12bd4cea0bce7547531cc6b9ffcd305c5b196036ef023109e35b68c38,90,-0.3161080946291654,0.01
3,1,unrounded_strict,side_informed,laplace,uniform,50.0,retention_bounded_plus_HU,0.0,bd4f2b8222f5d8f25a1a26e699004ec9648cbfd0ce2295443873a4bdc7fc8819,eeec00de18a558431a67e6f0cc4117e34aeddc2b629382a0f2121dd2f72223f6,92,-0.3202092796770293,0.01
3,1,unrounded_strict,side_informed,laplace,uniform,50.0,retention_bounded_plus_HU,0.0001,bd4f2b8222f5d8f25a1a26e699004ec9648cbfd0ce2295443873a4bdc7fc8819,b6624d1ecc250c4f98682338b93387a7c25e3fd6fab074fcd17360015f0c0693,92,-0.31969281330114596,0.01
3,1,unrounded_strict,side_informed,laplace,uniform,50.0,retention_bounded_plus_HU,0.001,bd4f2b8222f5d8f25a1a26e699004ec9648cbfd0ce2295443873a4bdc7fc8819,4a41afd83f854f1053787a4a58baa73c532c991060df6abe53270cb2c18f5214,92,-0.3148189846296206,0.01
3,1,unrounded_strict,side_informed,laplace,uniform,50.0,retention_bounded_plus_HU,0.01,bd4f2b8222f5d8f25a1a26e699004ec9648cbfd0ce2295443873a4bdc7fc8819,b49ba2be8a14eaf319f0d7913e7ff7a797ff2a131008c88bb5d683c97f7e074e,92,-0.30017081910480353,0.01
3,1,unrounded_strict,side_informed,laplace,uniform,50.0,retention_bounded_plus_HU,0.1,bd4f2b8222f5d8f25a1a26e699004ec9648cbfd0ce2295443873a4bdc7fc8819,827c277b8e2c1b538ebe3e1ca9f63158fbf53f7b7ca290ec241a5b2e3e115b13,92,-0.3161080946291654,0.01
3,2,unrounded_strict,side_informed,laplace,uniform,50.0,retention_bounded_plus_HU,0.0,ca6c1308be8aeb6c90081d7ac48ad09189e97b63d2259750e1b8e2714ae1846e,a1b3a0eaf01817b3d96cb04e0f2a595e6eedabc19d5dd9f529e77e51736e6ebd,89,-0.3202092796770293,0.01
3,2,unrounded_strict,side_informed,laplace,uniform,50.0,retention_bounded_plus_HU,0.0001,ca6c1308be8aeb6c90081d7ac48ad09189e97b63d2259750e1b8e2714ae1846e,c599497cab6822562e9778acc3f0db4dbc22e26d34741f48611b956a20c81128,89,-0.31969281330114596,0.01
3,2,unrounded_strict,side_informed,laplace,uniform,50.0,retention_bounded_plus_HU,0.001,ca6c1308be8aeb6c90081d7ac48ad09189e97b63d2259750e1b8e2714ae1846e,9a33874c392956805b3ff5ac95b7af88b41cba83ad59c953f3b45a20b4682060,89,-0.3148189846296206,0.01
3,2,unrounded_strict,side_informed,laplace,uniform,50.0,retention_bounded_plus_HU,0.01,ca6c1308be8aeb6c90081d7ac48ad09189e97b63d2259750e1b8e2714ae1846e,043af22b538b916baf4b329cd70e5930e9d2c58a4f7c98fc2c5487a8092b1df9,89,-0.30017081910480353,0.01
3,2,unrounded_strict,side_informed,laplace,uniform,50.0,retention_bounded_plus_HU,0.1,ca6c1308be8aeb6c90081d7ac48ad09189e97b63d2259750e1b8e2714ae1846e,8c80a34a9363d3a777c08b93aef554c3b1d449b6dc87a763690aace099473279,89,-0.3161080946291654,0.01
3,0,unrounded_strict,side_informed,gh80,uniform,50.0,HU_plus_surface,0.0,c4eb3f123e007e47a54532da89e89ea0c8c912c499aa99c7e3e7b9b25f6d2546,8afad79c07b1522955e9a2fc568ab0009f8c51c4d93acadc7c6553f2134d4b9c,90,-0.3105889696397029,0.01
3,0,unrounded_strict,side_informed,gh80,uniform,50.0,HU_plus_surface,0.0001,c4eb3f123e007e47a54532da89e89ea0c8c912c499aa99c7e3e7b9b25f6d2546,854abe5f53743926b5ab643dbce4c7c5c88ca7d9cd280cf843b7ea51ba27882f,90,-0.3093235477783421,0.01
3,0,unrounded_strict,side_informed,gh80,uniform,50.0,HU_plus_surface,0.001,c4eb3f123e007e47a54532da89e89ea0c8c912c499aa99c7e3e7b9b25f6d2546,6264e7a3ff366f89449e713873b3c9d0bed4fe0673342c38bd643f8bd49f3a33,90,-0.3012972757623527,0.01
3,0,unrounded_strict,side_informed,gh80,uniform,50.0,HU_plus_surface,0.01,c4eb3f123e007e47a54532da89e89ea0c8c912c499aa99c7e3e7b9b25f6d2546,3ec14b10f2f15d29daa6b6356f75d19b7ec8d84cc94c23aa1f33357da39bc847,90,-0.28664934564662825,0.01
3,0,unrounded_strict,side_informed,gh80,uniform,50.0,HU_plus_surface,0.1,c4eb3f123e007e47a54532da89e89ea0c8c912c499aa99c7e3e7b9b25f6d2546,c6b4033373fd65c7f2b5f2bfc699c9d3a85c76ee01371989c0134f67bdf85e02,90,-0.3515561688956488,0.01
3,1,unrounded_strict,side_informed,gh80,uniform,50.0,HU_plus_surface,0.0,bd4f2b8222f5d8f25a1a26e699004ec9648cbfd0ce2295443873a4bdc7fc8819,b0f1315d83bc716957146ddf996e6595c8d190b61faaad18a598cb314dd3cfac,92,-0.3105889696397029,0.01
3,1,unrounded_strict,side_informed,gh80,uniform,50.0,HU_plus_surface,0.0001,bd4f2b8222f5d8f25a1a26e699004ec9648cbfd0ce2295443873a4bdc7fc8819,46303f3c79fbe1a857cd370b9992ca90669fd59a2be3dc524ece5a1ccf012979,92,-0.3093235477783421,0.01
3,1,unrounded_strict,side_informed,gh80,uniform,50.0,HU_plus_surface,0.001,bd4f2b8222f5d8f25a1a26e699004ec9648cbfd0ce2295443873a4bdc7fc8819,9142a8acf5f136e59127a3c6dfb2f1e8d2342a2ca73c681bb68a6f5a89756342,92,-0.3012972757623527,0.01
3,1,unrounded_strict,side_informed,gh80,uniform,50.0,HU_plus_surface,0.01,bd4f2b8222f5d8f25a1a26e699004ec9648cbfd0ce2295443873a4bdc7fc8819,28b4e0199e5116c05f5af4b1918a3314154d030a8bcf8d7d980ad515653fd70b,92,-0.28664934564662825,0.01
3,1,unrounded_strict,side_informed,gh80,uniform,50.0,HU_plus_surface,0.1,bd4f2b8222f5d8f25a1a26e699004ec9648cbfd0ce2295443873a4bdc7fc8819,3d715962e0883495bd6ae37cc1dec653ab104e69d7f0a94e13ca47f7560e5fd6,92,-0.3515561688956488,0.01
3,2,unrounded_strict,side_informed,gh80,uniform,50.0,HU_plus_surface,0.0,ca6c1308be8aeb6c90081d7ac48ad09189e97b63d2259750e1b8e2714ae1846e,4e9a6caf95fe142879f1e071cdc7cde4e5b03c73b1632c1f2c3222f4b8c25726,89,-0.3105889696397029,0.01
3,2,unrounded_strict,side_informed,gh80,uniform,50.0,HU_plus_surface,0.0001,ca6c1308be8aeb6c90081d7ac48ad09189e97b63d2259750e1b8e2714ae1846e,9ceef9f33f6e914f96e8fafa8a77ee2764c19216f6f00d27a1115882bdf1be19,89,-0.3093235477783421,0.01
3,2,unrounded_strict,side_informed,gh80,uniform,50.0,HU_plus_surface,0.001,ca6c1308be8aeb6c90081d7ac48ad09189e97b63d2259750e1b8e2714ae1846e,749331200f266e64b16dfdb216b71beb9a93b886b3403ba9af722f9e86ffd312,89,-0.3012972757623527,0.01
3,2,unrounded_strict,side_informed,gh80,uniform,50.0,HU_plus_surface,0.01,ca6c1308be8aeb6c90081d7ac48ad09189e97b63d2259750e1b8e2714ae1846e,8966a855470b40a01c1b5c660752953dd0aa0a68b1a9039436f27dea9ef4b2e0,89,-0.28664934564662825,0.01
3,2,unrounded_strict,side_informed,gh80,uniform,50.0,HU_plus_surface,0.1,ca6c1308be8aeb6c90081d7ac48ad09189e97b63d2259750e1b8e2714ae1846e,ee7b5d37c16833bcc45d745c71c6514c443bb21b648a6f64433c59539c1143d0,89,-0.3515561688956488,0.01
3,0,unrounded_strict,side_informed,gh80,uniform,50.0,retention_bounded_plus_HU,0.0,c4eb3f123e007e47a54532da89e89ea0c8c912c499aa99c7e3e7b9b25f6d2546,63475a539490aab2cf427ed8b0a867d71a0570c02476212ab53c98cecc485b87,90,-0.32178785938770343,0.01
3,0,unrounded_strict,side_informed,gh80,uniform,50.0,retention_bounded_plus_HU,0.0001,c4eb3f123e007e47a54532da89e89ea0c8c912c499aa99c7e3e7b9b25f6d2546,cfdfe92980f0fea9a2389d27a32bdbd8cbe01df7316339aee25a28a6ef0f857d,90,-0.3212339532505472,0.01
3,0,unrounded_strict,side_informed,gh80,uniform,50.0,retention_bounded_plus_HU,0.001,c4eb3f123e007e47a54532da89e89ea0c8c912c499aa99c7e3e7b9b25f6d2546,a766883445a2d37c7c0ac70421f5b3fd561f62852c3f388a195984ef352b3f70,90,-0.31643904924982613,0.01
3,0,unrounded_strict,side_informed,gh80,uniform,50.0,retention_bounded_plus_HU,0.01,c4eb3f123e007e47a54532da89e89ea0c8c912c499aa99c7e3e7b9b25f6d2546,b485df93ca72370a8d0a3deb5e132efa35efdc85956e86bf01862d08d21b3abf,90,-0.3021953569846032,0.01
3,0,unrounded_strict,side_informed,gh80,uniform,50.0,retention_bounded_plus_HU,0.1,c4eb3f123e007e47a54532da89e89ea0c8c912c499aa99c7e3e7b9b25f6d2546,d7723d29273bf73803cd90b4ce4ffdc2e7880fa790ec951d86b564ae7a4a91e2,90,-0.31773633332226536,0.01
3,1,unrounded_strict,side_informed,gh80,uniform,50.0,retention_bounded_plus_HU,0.0,bd4f2b8222f5d8f25a1a26e699004ec9648cbfd0ce2295443873a4bdc7fc8819,51e33ca7353ea5bc270bd9a6030eed0df8cd077ac0c839a1a848bfb48696574a,92,-0.32178785938770343,0.01
3,1,unrounded_strict,side_informed,gh80,uniform,50.0,retention_bounded_plus_HU,0.0001,bd4f2b8222f5d8f25a1a26e699004ec9648cbfd0ce2295443873a4bdc7fc8819,453935e05926ce05f93701f74e2f2757ff771d7e417dd9fd13369159d46989f4,92,-0.3212339532505472,0.01
3,1,unrounded_strict,side_informed,gh80,uniform,50.0,retention_bounded_plus_HU,0.001,bd4f2b8222f5d8f25a1a26e699004ec9648cbfd0ce2295443873a4bdc7fc8819,fcc3c4de3d9491be3f5502af809d0d29d5efda6cea0d56a6279a50ffafd78116,92,-0.31643904924982613,0.01
3,1,unrounded_strict,side_informed,gh80,uniform,50.0,retention_bounded_plus_HU,0.01,bd4f2b8222f5d8f25a1a26e699004ec9648cbfd0ce2295443873a4bdc7fc8819,66abcbf2ecfa8664348588cbb5d6edbed5bc44e558865074750b666e9b8405c5,92,-0.3021953569846032,0.01
3,1,unrounded_strict,side_informed,gh80,uniform,50.0,retention_bounded_plus_HU,0.1,bd4f2b8222f5d8f25a1a26e699004ec9648cbfd0ce2295443873a4bdc7fc8819,330fda52a63a4882a2c1887ad6f7a7246d79ad6b4f8d61e454a48114da70eee3,92,-0.31773633332226536,0.01
3,2,unrounded_strict,side_informed,gh80,uniform,50.0,retention_bounded_plus_HU,0.0,ca6c1308be8aeb6c90081d7ac48ad09189e97b63d2259750e1b8e2714ae1846e,2c2252e503cc2b31585215d2e988c9adb090f075059b0e6213c9313cd6af900a,89,-0.32178785938770343,0.01
3,2,unrounded_strict,side_informed,gh80,uniform,50.0,retention_bounded_plus_HU,0.0001,ca6c1308be8aeb6c90081d7ac48ad09189e97b63d2259750e1b8e2714ae1846e,f7f749b372682253278cf08c0a9e8546d8129243f30f4310caa7fbfd81ed5bb0,89,-0.3212339532505472,0.01
3,2,unrounded_strict,side_informed,gh80,uniform,50.0,retention_bounded_plus_HU,0.001,ca6c1308be8aeb6c90081d7ac48ad09189e97b63d2259750e1b8e2714ae1846e,f8211e654d3187e31f084a4ea86e2abd672aba2904610031525abca9e924853a,89,-0.31643904924982613,0.01
3,2,unrounded_strict,side_informed,gh80,uniform,50.0,retention_bounded_plus_HU,0.01,ca6c1308be8aeb6c90081d7ac48ad09189e97b63d2259750e1b8e2714ae1846e,17bcfe8bd85adaeae6aadf01477400afc716c02c4a70796c883dd1681a11d873,89,-0.3021953569846032,0.01
3,2,unrounded_strict,side_informed,gh80,uniform,50.0,retention_bounded_plus_HU,0.1,ca6c1308be8aeb6c90081d7ac48ad09189e97b63d2259750e1b8e2714ae1846e,81595babc02884d05b49c5064e7f0b8c13b079979c82af51113948648b970b83,89,-0.31773633332226536,0.01
3,0,unrounded_strict,wholly_unseen,laplace,uniform,50.0,retention_bounded,0.0,c4eb3f123e007e47a54532da89e89ea0c8c912c499aa99c7e3e7b9b25f6d2546,0eb0d314ad28b28ca692c8cbe37c46119bcc8ae7c20013a032ecf07438d5f8e1,90,-0.7221936279961908,0.01
3,0,unrounded_strict,wholly_unseen,laplace,uniform,50.0,retention_bounded,0.0001,c4eb3f123e007e47a54532da89e89ea0c8c912c499aa99c7e3e7b9b25f6d2546,c7abc1347bf3aa0f463ceda19a55809457b8f1bf228ee9c51e17fb2024d5b066,90,-0.7195001980745501,0.01
3,0,unrounded_strict,wholly_unseen,laplace,uniform,50.0,retention_bounded,0.001,c4eb3f123e007e47a54532da89e89ea0c8c912c499aa99c7e3e7b9b25f6d2546,37a57c66c2721479cef9b1d3a497c9f80e9f7ea200af1f9b581af00e90a18d4f,90,-0.6997967283952908,0.01
3,0,unrounded_strict,wholly_unseen,laplace,uniform,50.0,retention_bounded,0.01,c4eb3f123e007e47a54532da89e89ea0c8c912c499aa99c7e3e7b9b25f6d2546,3f5ab56abb29ddde190485e568600575cd2b22f9a8cfa504140861e664bfd1f8,90,-0.6343579044053125,0.01
3,0,unrounded_strict,wholly_unseen,laplace,uniform,50.0,retention_bounded,0.1,c4eb3f123e007e47a54532da89e89ea0c8c912c499aa99c7e3e7b9b25f6d2546,6cf6ffcba397f06eeec2c346006e64abfa8c583b558e5c6975c86500fb2a4712,90,-0.6354073972854942,0.01
3,1,unrounded_strict,wholly_unseen,laplace,uniform,50.0,retention_bounded,0.0,bd4f2b8222f5d8f25a1a26e699004ec9648cbfd0ce2295443873a4bdc7fc8819,c121b0cc37993ddcaa58851227d251e480f555be0097edbdcaec1b2ed4faf512,92,-0.7221936279961908,0.01
3,1,unrounded_strict,wholly_unseen,laplace,uniform,50.0,retention_bounded,0.0001,bd4f2b8222f5d8f25a1a26e699004ec9648cbfd0ce2295443873a4bdc7fc8819,b480a982f23bfa01a7057e8cb07e4d0063ef43c54d2e1958ceeed0f14777fe2d,92,-0.7195001980745501,0.01
3,1,unrounded_strict,wholly_unseen,laplace,uniform,50.0,retention_bounded,0.001,bd4f2b8222f5d8f25a1a26e699004ec9648cbfd0ce2295443873a4bdc7fc8819,78889715875bae536f0c48c981a68fc2c96ac92e11debf35ee3f70d98199f832,92,-0.6997967283952908,0.01
3,1,unrounded_strict,wholly_unseen,laplace,uniform,50.0,retention_bounded,0.01,bd4f2b8222f5d8f25a1a26e699004ec9648cbfd0ce2295443873a4bdc7fc8819,36783776a661cd9c61331eee3c6d26ad2625347071a044b9d1eab6d9c8f6e783,92,-0.6343579044053125,0.01
3,1,unrounded_strict,wholly_unseen,laplace,uniform,50.0,retention_bounded,0.1,bd4f2b8222f5d8f25a1a26e699004ec9648cbfd0ce2295443873a4bdc7fc8819,f554f13a936e297ff90ee17f3aff79c461be600b2520679216009e08e1ef8733,92,-0.6354073972854942,0.01
3,2,unrounded_strict,wholly_unseen,laplace,uniform,50.0,retention_bounded,0.0,ca6c1308be8aeb6c90081d7ac48ad09189e97b63d2259750e1b8e2714ae1846e,f2785a91c29e3392469345588d30b3d2ac35fb1d69d6ed30a5d24a48300ba815,89,-0.7221936279961908,0.01
3,2,unrounded_strict,wholly_unseen,laplace,uniform,50.0,retention_bounded,0.0001,ca6c1308be8aeb6c90081d7ac48ad09189e97b63d2259750e1b8e2714ae1846e,d12ac5725e650468a72790b4b9e9faf335016431d5d14ce000a7b06466042206,89,-0.7195001980745501,0.01
3,2,unrounded_strict,wholly_unseen,laplace,uniform,50.0,retention_bounded,0.001,ca6c1308be8aeb6c90081d7ac48ad09189e97b63d2259750e1b8e2714ae1846e,5f064c4c9f7ae47447a90cd95511d8475f438d9ecd12e9a4238657e7329a90ba,89,-0.6997967283952908,0.01
3,2,unrounded_strict,wholly_unseen,laplace,uniform,50.0,retention_bounded,0.01,ca6c1308be8aeb6c90081d7ac48ad09189e97b63d2259750e1b8e2714ae1846e,56dab591d5cd7406c776ed6d8d2eeb1daef1ca3e631208c6aba17396263b5931,89,-0.6343579044053125,0.01
3,2,unrounded_strict,wholly_unseen,laplace,uniform,50.0,retention_bounded,0.1,ca6c1308be8aeb6c90081d7ac48ad09189e97b63d2259750e1b8e2714ae1846e,1588e7ef3bf55a4638743a450ef57d8e8bd78c33a9cb38a99ea7f41feab94d02,89,-0.6354073972854942,0.01
3,0,unrounded_strict,wholly_unseen,laplace,uniform,50.0,retention_nonnegative,0.0,c4eb3f123e007e47a54532da89e89ea0c8c912c499aa99c7e3e7b9b25f6d2546,93f29be71a34c7446674086756ea32cb2597acc40a223d5faecfa62af4cb799c,90,-0.7221936284144391,0.01
3,0,unrounded_strict,wholly_unseen,laplace,uniform,50.0,retention_nonnegative,0.0001,c4eb3f123e007e47a54532da89e89ea0c8c912c499aa99c7e3e7b9b25f6d2546,8754c7dc83fefd6daf751100ac2b0afba851bd50dace433af8e361adcf9d81c7,90,-0.7140919030833418,0.01
3,0,unrounded_strict,wholly_unseen,laplace,uniform,50.0,retention_nonnegative,0.001,c4eb3f123e007e47a54532da89e89ea0c8c912c499aa99c7e3e7b9b25f6d2546,37b49c2eb44fcb6cc330344fe4c08f8bfca842c87e2274d47b0d93169e411ba2,90,-0.6694260157870005,0.01
3,0,unrounded_strict,wholly_unseen,laplace,uniform,50.0,retention_nonnegative,0.01,c4eb3f123e007e47a54532da89e89ea0c8c912c499aa99c7e3e7b9b25f6d2546,f1d73c295e3e1ebbb377638782484580126fea1449475b711406183b5fa88ade,90,-0.6181735738069203,0.01
3,0,unrounded_strict,wholly_unseen,laplace,uniform,50.0,retention_nonnegative,0.1,c4eb3f123e007e47a54532da89e89ea0c8c912c499aa99c7e3e7b9b25f6d2546,5a3fc0b612bd9c7551a02239bbbd0bd1179529fb412ec8c9fabe9c46d69c5555,90,-0.687114854315967,0.01
3,1,unrounded_strict,wholly_unseen,laplace,uniform,50.0,retention_nonnegative,0.0,bd4f2b8222f5d8f25a1a26e699004ec9648cbfd0ce2295443873a4bdc7fc8819,c90c9f32db804d80c25b69a8ee5689b2dfc6511eacbff5f593c5b16322531d86,92,-0.7221936284144391,0.01
3,1,unrounded_strict,wholly_unseen,laplace,uniform,50.0,retention_nonnegative,0.0001,bd4f2b8222f5d8f25a1a26e699004ec9648cbfd0ce2295443873a4bdc7fc8819,fc0480068abd5e8ce8f60b854aeb9a3018b7aabd373531ac9b6a18c1efa850d5,92,-0.7140919030833418,0.01
3,1,unrounded_strict,wholly_unseen,laplace,uniform,50.0,retention_nonnegative,0.001,bd4f2b8222f5d8f25a1a26e699004ec9648cbfd0ce2295443873a4bdc7fc8819,a3cc8018299e816a6bc187f145a5ee66e47599e0bde06a3c9cda5ac06d4179e2,92,-0.6694260157870005,0.01
3,1,unrounded_strict,wholly_unseen,laplace,uniform,50.0,retention_nonnegative,0.01,bd4f2b8222f5d8f25a1a26e699004ec9648cbfd0ce2295443873a4bdc7fc8819,1bd55d68070528d1bac08deb520f7935eb6adc8a4f125da9434cc4c8e7601e10,92,-0.6181735738069203,0.01
3,1,unrounded_strict,wholly_unseen,laplace,uniform,50.0,retention_nonnegative,0.1,bd4f2b8222f5d8f25a1a26e699004ec9648cbfd0ce2295443873a4bdc7fc8819,90ff7e4b94cc989b386b3a4364eb60a7174be3dd762d8fcbda21d825c3d5c311,92,-0.687114854315967,0.01
3,2,unrounded_strict,wholly_unseen,laplace,uniform,50.0,retention_nonnegative,0.0,ca6c1308be8aeb6c90081d7ac48ad09189e97b63d2259750e1b8e2714ae1846e,9eb3926ee28e4e81d8f7889b7ea6ac0394008f17e4db249f28d0b1b6b1c494b7,89,-0.7221936284144391,0.01
3,2,unrounded_strict,wholly_unseen,laplace,uniform,50.0,retention_nonnegative,0.0001,ca6c1308be8aeb6c90081d7ac48ad09189e97b63d2259750e1b8e2714ae1846e,a1d6e85011578bb1c9a67a37695bef93cb6796129e36d846b4c7d7b8fb97e929,89,-0.7140919030833418,0.01
3,2,unrounded_strict,wholly_unseen,laplace,uniform,50.0,retention_nonnegative,0.001,ca6c1308be8aeb6c90081d7ac48ad09189e97b63d2259750e1b8e2714ae1846e,b3fdbe88f7b043d35f2cc855d7de3f99a84dafd2d25ed811f432ed4e22cd86d1,89,-0.6694260157870005,0.01
3,2,unrounded_strict,wholly_unseen,laplace,uniform,50.0,retention_nonnegative,0.01,ca6c1308be8aeb6c90081d7ac48ad09189e97b63d2259750e1b8e2714ae1846e,91c2594abc452964d3fe1001c82c5f162c9fbb834dc9340ad6d919fed73dcda3,89,-0.6181735738069203,0.01
3,2,unrounded_strict,wholly_unseen,laplace,uniform,50.0,retention_nonnegative,0.1,ca6c1308be8aeb6c90081d7ac48ad09189e97b63d2259750e1b8e2714ae1846e,bfd0139a553ee4cf060835da41ec7b8fe577281e6cbc6da289dafe354b13d7db,89,-0.687114854315967,0.01
3,0,unrounded_strict,wholly_unseen,laplace,uniform,50.0,current_only,0.0,c4eb3f123e007e47a54532da89e89ea0c8c912c499aa99c7e3e7b9b25f6d2546,b4a35ad1a80628172c1682f6ecebe975995892c61c4a7c9c4670401fdd7e96be,90,-0.9180134101887526,0.1
3,0,unrounded_strict,wholly_unseen,laplace,uniform,50.0,current_only,0.0001,c4eb3f123e007e47a54532da89e89ea0c8c912c499aa99c7e3e7b9b25f6d2546,26bcc9ba9eb964c40550602956be68157a7e2a98fa6e9c4ead4aaf2dcbb6bf98,90,-0.9176000163335465,0.1
3,0,unrounded_strict,wholly_unseen,laplace,uniform,50.0,current_only,0.001,c4eb3f123e007e47a54532da89e89ea0c8c912c499aa99c7e3e7b9b25f6d2546,de9b9b87c618672af11b88ab2ad9faafef1d65be0ebfa5241eec7e6d7c83c543,90,-0.9140554169874072,0.1
3,0,unrounded_strict,wholly_unseen,laplace,uniform,50.0,current_only,0.01,c4eb3f123e007e47a54532da89e89ea0c8c912c499aa99c7e3e7b9b25f6d2546,69515f740182eeae7bbdf640d9b35c53f4590e229584af7c01a9ea88ee141501,90,-0.8900387363840966,0.1
3,0,unrounded_strict,wholly_unseen,laplace,uniform,50.0,current_only,0.1,c4eb3f123e007e47a54532da89e89ea0c8c912c499aa99c7e3e7b9b25f6d2546,bca9341d9dda9bc46aca47585802cf48cb7706bfd3a582af338f72248af2f7ac,90,-0.8629703554317205,0.1
3,1,unrounded_strict,wholly_unseen,laplace,uniform,50.0,current_only,0.0,bd4f2b8222f5d8f25a1a26e699004ec9648cbfd0ce2295443873a4bdc7fc8819,1404da1a576e244f1eed5387290d547a31ffc6f7f973bf57ee3898789b283e32,92,-0.9180134101887526,0.1
3,1,unrounded_strict,wholly_unseen,laplace,uniform,50.0,current_only,0.0001,bd4f2b8222f5d8f25a1a26e699004ec9648cbfd0ce2295443873a4bdc7fc8819,5720a5b8ae84226d6fc7d7cf4b51c922d2e0bf195f194a366872963a3fa0519c,92,-0.9176000163335465,0.1
3,1,unrounded_strict,wholly_unseen,laplace,uniform,50.0,current_only,0.001,bd4f2b8222f5d8f25a1a26e699004ec9648cbfd0ce2295443873a4bdc7fc8819,145107997a2066218896f5d22d69ed396d733f7822333d07b058c25510df791d,92,-0.9140554169874072,0.1
3,1,unrounded_strict,wholly_unseen,laplace,uniform,50.0,current_only,0.01,bd4f2b8222f5d8f25a1a26e699004ec9648cbfd0ce2295443873a4bdc7fc8819,e1a5dd2ae64b15ec0b7c6a8ddebf2995ed47398d19fd2bbd5d32f5e0df7cb39b,92,-0.8900387363840966,0.1
3,1,unrounded_strict,wholly_unseen,laplace,uniform,50.0,current_only,0.1,bd4f2b8222f5d8f25a1a26e699004ec9648cbfd0ce2295443873a4bdc7fc8819,dbd878b2d163f6fc92c93b08e6e9c506e3575b4df7cfaf10f1703a235ddb7de4,92,-0.8629703554317205,0.1
3,2,unrounded_strict,wholly_unseen,laplace,uniform,50.0,current_only,0.0,ca6c1308be8aeb6c90081d7ac48ad09189e97b63d2259750e1b8e2714ae1846e,34d49fb1e4f54e935cfef6ca6f038aa5f3dfa28f24277709587a72bfe9e07e15,89,-0.9180134101887526,0.1
3,2,unrounded_strict,wholly_unseen,laplace,uniform,50.0,current_only,0.0001,ca6c1308be8aeb6c90081d7ac48ad09189e97b63d2259750e1b8e2714ae1846e,7b5888e9c8cbb7a684fa68852192bd82444ddc91dbb38fdff5858b9d108a7ebc,89,-0.9176000163335465,0.1
3,2,unrounded_strict,wholly_unseen,laplace,uniform,50.0,current_only,0.001,ca6c1308be8aeb6c90081d7ac48ad09189e97b63d2259750e1b8e2714ae1846e,fd84fac6495f90009d1aa1e992abea8ea61a3cccfeeea54e4014368207d84c0e,89,-0.9140554169874072,0.1
3,2,unrounded_strict,wholly_unseen,laplace,uniform,50.0,current_only,0.01,ca6c1308be8aeb6c90081d7ac48ad09189e97b63d2259750e1b8e2714ae1846e,6eba0e7dacb582d7df910a340b39e40144d6e6a3dcca0f125843cd47c03e0efe,89,-0.8900387363840966,0.1
3,2,unrounded_strict,wholly_unseen,laplace,uniform,50.0,current_only,0.1,ca6c1308be8aeb6c90081d7ac48ad09189e97b63d2259750e1b8e2714ae1846e,acbc5e596c253298ae64bc51d77530209504af60d59a7fe9e685aab43dadb52c,89,-0.8629703554317205,0.1
3,0,unrounded_strict,wholly_unseen,laplace,uniform,50.0,input_plus_surface,0.0,c4eb3f123e007e47a54532da89e89ea0c8c912c499aa99c7e3e7b9b25f6d2546,c173299910a38e404bca2975c0be928f44db575dcdf44791b729e1118e6a9fa6,90,-0.6393503244429752,0.01
3,0,unrounded_strict,wholly_unseen,laplace,uniform,50.0,input_plus_surface,0.0001,c4eb3f123e007e47a54532da89e89ea0c8c912c499aa99c7e3e7b9b25f6d2546,9a3451a6e8310f6d87b9f289f3e83074929f1ef19160d8c558d88153e54cebea,90,-0.636796367387277,0.01
3,0,unrounded_strict,wholly_unseen,laplace,uniform,50.0,input_plus_surface,0.001,c4eb3f123e007e47a54532da89e89ea0c8c912c499aa99c7e3e7b9b25f6d2546,39a6a092afe0ab3cd9a5afc0538e4427cd7d591e343e9e01158021ccbe82227e,90,-0.6212620888775683,0.01
3,0,unrounded_strict,wholly_unseen,laplace,uniform,50.0,input_plus_surface,0.01,c4eb3f123e007e47a54532da89e89ea0c8c912c499aa99c7e3e7b9b25f6d2546,f6b145d81efc049aa46450d344ead9bb4fa765dc7976846614adab6fe699ae2d,90,-0.5901419190634628,0.01
3,0,unrounded_strict,wholly_unseen,laplace,uniform,50.0,input_plus_surface,0.1,c4eb3f123e007e47a54532da89e89ea0c8c912c499aa99c7e3e7b9b25f6d2546,0cee0793c222ee8eceb10c5ff6ab8a36c04988f237f447ec1e212654a5ac2b0b,90,-0.6446990085065406,0.01
3,1,unrounded_strict,wholly_unseen,laplace,uniform,50.0,input_plus_surface,0.0,bd4f2b8222f5d8f25a1a26e699004ec9648cbfd0ce2295443873a4bdc7fc8819,772d85aa27cabcdce953e30bef004aac3031addc44eaeb9764f14cb0a7405483,92,-0.6393503244429752,0.01
3,1,unrounded_strict,wholly_unseen,laplace,uniform,50.0,input_plus_surface,0.0001,bd4f2b8222f5d8f25a1a26e699004ec9648cbfd0ce2295443873a4bdc7fc8819,921f66b56e7491c46c07808d87194c1967a8de2a9cceb44034284b18f26c62b2,92,-0.636796367387277,0.01
3,1,unrounded_strict,wholly_unseen,laplace,uniform,50.0,input_plus_surface,0.001,bd4f2b8222f5d8f25a1a26e699004ec9648cbfd0ce2295443873a4bdc7fc8819,581df426481517580277f3c2c9e1ff1587cafb6c14ddb2f4b35fb38e2bcf810f,92,-0.6212620888775683,0.01
3,1,unrounded_strict,wholly_unseen,laplace,uniform,50.0,input_plus_surface,0.01,bd4f2b8222f5d8f25a1a26e699004ec9648cbfd0ce2295443873a4bdc7fc8819,f9f407ea459e13ca277d78c2d84fbd247d536eacfc2f6bb0a215237c1f2bddb7,92,-0.5901419190634628,0.01
3,1,unrounded_strict,wholly_unseen,laplace,uniform,50.0,input_plus_surface,0.1,bd4f2b8222f5d8f25a1a26e699004ec9648cbfd0ce2295443873a4bdc7fc8819,b8aad5b563f170b3556ac921f81679a076342cfd83019e0a34d0a2054a1b7242,92,-0.6446990085065406,0.01
3,2,unrounded_strict,wholly_unseen,laplace,uniform,50.0,input_plus_surface,0.0,ca6c1308be8aeb6c90081d7ac48ad09189e97b63d2259750e1b8e2714ae1846e,5f7cf76f347e90025222950e9956b714101c94362b285d75e3de2fb6a1c0364a,89,-0.6393503244429752,0.01
3,2,unrounded_strict,wholly_unseen,laplace,uniform,50.0,input_plus_surface,0.0001,ca6c1308be8aeb6c90081d7ac48ad09189e97b63d2259750e1b8e2714ae1846e,6b275d25d77f0bf8fb9526c63beca3e8f71e2dc686942f55ef12acbc7f00113a,89,-0.636796367387277,0.01
3,2,unrounded_strict,wholly_unseen,laplace,uniform,50.0,input_plus_surface,0.001,ca6c1308be8aeb6c90081d7ac48ad09189e97b63d2259750e1b8e2714ae1846e,2688a3ad6c827fe6ea7bf8e19ac5ec8984f57194001cafc35454282e5e274ff8,89,-0.6212620888775683,0.01
3,2,unrounded_strict,wholly_unseen,laplace,uniform,50.0,input_plus_surface,0.01,ca6c1308be8aeb6c90081d7ac48ad09189e97b63d2259750e1b8e2714ae1846e,ac722e225cbd7ba42693c5f1a6e25d24266f8d0cda69e0fff2df694f43bc9fbc,89,-0.5901419190634628,0.01
3,2,unrounded_strict,wholly_unseen,laplace,uniform,50.0,input_plus_surface,0.1,ca6c1308be8aeb6c90081d7ac48ad09189e97b63d2259750e1b8e2714ae1846e,a1094f6fbe00875e44f11f4bc97a080239f07e2dcd520c0b0216a656b8b65ff5,89,-0.6446990085065406,0.01
3,0,unrounded_strict,wholly_unseen,laplace,uniform,50.0,HU_plus_surface,0.0,c4eb3f123e007e47a54532da89e89ea0c8c912c499aa99c7e3e7b9b25f6d2546,74012d0001c82e48d58aee076bb91b40126db5697dad7ec90f84c0c7857153b4,90,-0.6085768527573909,0.01
3,0,unrounded_strict,wholly_unseen,laplace,uniform,50.0,HU_plus_surface,0.0001,c4eb3f123e007e47a54532da89e89ea0c8c912c499aa99c7e3e7b9b25f6d2546,432fddcb55fea039a94a57c6cac3f74630c9ecdfacb7287b7608e4a0ed233517,90,-0.6064654624870693,0.01
3,0,unrounded_strict,wholly_unseen,laplace,uniform,50.0,HU_plus_surface,0.001,c4eb3f123e007e47a54532da89e89ea0c8c912c499aa99c7e3e7b9b25f6d2546,eb8606dfcfbca25a9e8d0795b3112b32d49f69b64a6d6a4238982e682ed47dcf,90,-0.5935405561883936,0.01
3,0,unrounded_strict,wholly_unseen,laplace,uniform,50.0,HU_plus_surface,0.01,c4eb3f123e007e47a54532da89e89ea0c8c912c499aa99c7e3e7b9b25f6d2546,1002441725c12abd9036f06d55f27c3e951ea1b8bfc66591bac4494329650bf0,90,-0.5698228135477988,0.01
3,0,unrounded_strict,wholly_unseen,laplace,uniform,50.0,HU_plus_surface,0.1,c4eb3f123e007e47a54532da89e89ea0c8c912c499aa99c7e3e7b9b25f6d2546,eb3d262a81a60f93cb1c1634bebfee260fa79ba9ff2f899e89c4fcba0da46faa,90,-0.6349099352661414,0.01
3,1,unrounded_strict,wholly_unseen,laplace,uniform,50.0,HU_plus_surface,0.0,bd4f2b8222f5d8f25a1a26e699004ec9648cbfd0ce2295443873a4bdc7fc8819,8406d01f240369c2b2a5a2accf4aa185daede3c11110cc991b3253e0a768776e,92,-0.6085768527573909,0.01
3,1,unrounded_strict,wholly_unseen,laplace,uniform,50.0,HU_plus_surface,0.0001,bd4f2b8222f5d8f25a1a26e699004ec9648cbfd0ce2295443873a4bdc7fc8819,c7855dc6db434d29c4956f34cd05e9e97c3937831962d68dbb1037683076d7c5,92,-0.6064654624870693,0.01
3,1,unrounded_strict,wholly_unseen,laplace,uniform,50.0,HU_plus_surface,0.001,bd4f2b8222f5d8f25a1a26e699004ec9648cbfd0ce2295443873a4bdc7fc8819,958e513e19d817e6142882393b9eb9589e5d73fd60ab5235e50a9ab20159b810,92,-0.5935405561883936,0.01
3,1,unrounded_strict,wholly_unseen,laplace,uniform,50.0,HU_plus_surface,0.01,bd4f2b8222f5d8f25a1a26e699004ec9648cbfd0ce2295443873a4bdc7fc8819,1a983045c2326855aa623c6884c3c94c3ce3df0d51c3f2f289e9decc9869fe9c,92,-0.5698228135477988,0.01
3,1,unrounded_strict,wholly_unseen,laplace,uniform,50.0,HU_plus_surface,0.1,bd4f2b8222f5d8f25a1a26e699004ec9648cbfd0ce2295443873a4bdc7fc8819,d4e3863792a8573229d12e87d87dbe2628216be7a592737d460bef9b7922316c,92,-0.6349099352661414,0.01
3,2,unrounded_strict,wholly_unseen,laplace,uniform,50.0,HU_plus_surface,0.0,ca6c1308be8aeb6c90081d7ac48ad09189e97b63d2259750e1b8e2714ae1846e,616d3679a7e08f5eea0cceffa0ca204701d4d58d209c4fb0e584c9bb3955b5f8,89,-0.6085768527573909,0.01
3,2,unrounded_strict,wholly_unseen,laplace,uniform,50.0,HU_plus_surface,0.0001,ca6c1308be8aeb6c90081d7ac48ad09189e97b63d2259750e1b8e2714ae1846e,cad109a0d8d12ed33c4d6c63eea7320cdd8b5131a5aaab474f579e21196eb565,89,-0.6064654624870693,0.01
3,2,unrounded_strict,wholly_unseen,laplace,uniform,50.0,HU_plus_surface,0.001,ca6c1308be8aeb6c90081d7ac48ad09189e97b63d2259750e1b8e2714ae1846e,6ea063dcfe50a0f20635fd24c40ad5420a4d0e872cc7f20232bc0bf9918dd555,89,-0.5935405561883936,0.01
3,2,unrounded_strict,wholly_unseen,laplace,uniform,50.0,HU_plus_surface,0.01,ca6c1308be8aeb6c90081d7ac48ad09189e97b63d2259750e1b8e2714ae1846e,8fc349f74bfa71c16e4799e3e46b77869f8f8afc307461f1e547c94d98f6d282,89,-0.5698228135477988,0.01
3,2,unrounded_strict,wholly_unseen,laplace,uniform,50.0,HU_plus_surface,0.1,ca6c1308be8aeb6c90081d7ac48ad09189e97b63d2259750e1b8e2714ae1846e,e42e21a962b85316775ac6bb6c3232a8ab16dba2f6c50df84c51169dec3e7fe7,89,-0.6349099352661414,0.01
3,0,unrounded_strict,wholly_unseen,laplace,uniform,50.0,retention_bounded_plus_HU,0.0,c4eb3f123e007e47a54532da89e89ea0c8c912c499aa99c7e3e7b9b25f6d2546,af637840b6dccd3a34af47dde71d82bb8727c12d75fe3f4893cff149ba1ca762,90,-0.6683964511141784,0.01
3,0,unrounded_strict,wholly_unseen,laplace,uniform,50.0,retention_bounded_plus_HU,0.0001,c4eb3f123e007e47a54532da89e89ea0c8c912c499aa99c7e3e7b9b25f6d2546,2fffe036db0b3a559421a1714d0e315e55235434c210b8aff13be0e57ef8fd4e,90,-0.6659113134497359,0.01
3,0,unrounded_strict,wholly_unseen,laplace,uniform,50.0,retention_bounded_plus_HU,0.001,c4eb3f123e007e47a54532da89e89ea0c8c912c499aa99c7e3e7b9b25f6d2546,d7f65069a0d6935c4109a0fe10e4986ac3547fb9fe979eb66c97d386d37b354f,90,-0.6479754659191953,0.01
3,0,unrounded_strict,wholly_unseen,laplace,uniform,50.0,retention_bounded_plus_HU,0.01,c4eb3f123e007e47a54532da89e89ea0c8c912c499aa99c7e3e7b9b25f6d2546,b699f64aeeb37a7f88bb9b291bf76e84134226e217537210ff370e112ce298fb,90,-0.6007816622803566,0.01
3,0,unrounded_strict,wholly_unseen,laplace,uniform,50.0,retention_bounded_plus_HU,0.1,c4eb3f123e007e47a54532da89e89ea0c8c912c499aa99c7e3e7b9b25f6d2546,124f7cc12bd4cea0bce7547531cc6b9ffcd305c5b196036ef023109e35b68c38,90,-0.6028762755511011,0.01
3,1,unrounded_strict,wholly_unseen,laplace,uniform,50.0,retention_bounded_plus_HU,0.0,bd4f2b8222f5d8f25a1a26e699004ec9648cbfd0ce2295443873a4bdc7fc8819,eeec00de18a558431a67e6f0cc4117e34aeddc2b629382a0f2121dd2f72223f6,92,-0.6683964511141784,0.01
3,1,unrounded_strict,wholly_unseen,laplace,uniform,50.0,retention_bounded_plus_HU,0.0001,bd4f2b8222f5d8f25a1a26e699004ec9648cbfd0ce2295443873a4bdc7fc8819,b6624d1ecc250c4f98682338b93387a7c25e3fd6fab074fcd17360015f0c0693,92,-0.6659113134497359,0.01
3,1,unrounded_strict,wholly_unseen,laplace,uniform,50.0,retention_bounded_plus_HU,0.001,bd4f2b8222f5d8f25a1a26e699004ec9648cbfd0ce2295443873a4bdc7fc8819,4a41afd83f854f1053787a4a58baa73c532c991060df6abe53270cb2c18f5214,92,-0.6479754659191953,0.01
3,1,unrounded_strict,wholly_unseen,laplace,uniform,50.0,retention_bounded_plus_HU,0.01,bd4f2b8222f5d8f25a1a26e699004ec9648cbfd0ce2295443873a4bdc7fc8819,b49ba2be8a14eaf319f0d7913e7ff7a797ff2a131008c88bb5d683c97f7e074e,92,-0.6007816622803566,0.01
3,1,unrounded_strict,wholly_unseen,laplace,uniform,50.0,retention_bounded_plus_HU,0.1,bd4f2b8222f5d8f25a1a26e699004ec9648cbfd0ce2295443873a4bdc7fc8819,827c277b8e2c1b538ebe3e1ca9f63158fbf53f7b7ca290ec241a5b2e3e115b13,92,-0.6028762755511011,0.01
3,2,unrounded_strict,wholly_unseen,laplace,uniform,50.0,retention_bounded_plus_HU,0.0,ca6c1308be8aeb6c90081d7ac48ad09189e97b63d2259750e1b8e2714ae1846e,a1b3a0eaf01817b3d96cb04e0f2a595e6eedabc19d5dd9f529e77e51736e6ebd,89,-0.6683964511141784,0.01
3,2,unrounded_strict,wholly_unseen,laplace,uniform,50.0,retention_bounded_plus_HU,0.0001,ca6c1308be8aeb6c90081d7ac48ad09189e97b63d2259750e1b8e2714ae1846e,c599497cab6822562e9778acc3f0db4dbc22e26d34741f48611b956a20c81128,89,-0.6659113134497359,0.01
3,2,unrounded_strict,wholly_unseen,laplace,uniform,50.0,retention_bounded_plus_HU,0.001,ca6c1308be8aeb6c90081d7ac48ad09189e97b63d2259750e1b8e2714ae1846e,9a33874c392956805b3ff5ac95b7af88b41cba83ad59c953f3b45a20b4682060,89,-0.6479754659191953,0.01
3,2,unrounded_strict,wholly_unseen,laplace,uniform,50.0,retention_bounded_plus_HU,0.01,ca6c1308be8aeb6c90081d7ac48ad09189e97b63d2259750e1b8e2714ae1846e,043af22b538b916baf4b329cd70e5930e9d2c58a4f7c98fc2c5487a8092b1df9,89,-0.6007816622803566,0.01
3,2,unrounded_strict,wholly_unseen,laplace,uniform,50.0,retention_bounded_plus_HU,0.1,ca6c1308be8aeb6c90081d7ac48ad09189e97b63d2259750e1b8e2714ae1846e,8c80a34a9363d3a777c08b93aef554c3b1d449b6dc87a763690aace099473279,89,-0.6028762755511011,0.01
3,0,unrounded_strict,wholly_unseen,gh80,uniform,50.0,HU_plus_surface,0.0,c4eb3f123e007e47a54532da89e89ea0c8c912c499aa99c7e3e7b9b25f6d2546,8afad79c07b1522955e9a2fc568ab0009f8c51c4d93acadc7c6553f2134d4b9c,90,-0.6112038737394264,0.01
3,0,unrounded_strict,wholly_unseen,gh80,uniform,50.0,HU_plus_surface,0.0001,c4eb3f123e007e47a54532da89e89ea0c8c912c499aa99c7e3e7b9b25f6d2546,854abe5f53743926b5ab643dbce4c7c5c88ca7d9cd280cf843b7ea51ba27882f,90,-0.6090821210582207,0.01
3,0,unrounded_strict,wholly_unseen,gh80,uniform,50.0,HU_plus_surface,0.001,c4eb3f123e007e47a54532da89e89ea0c8c912c499aa99c7e3e7b9b25f6d2546,6264e7a3ff366f89449e713873b3c9d0bed4fe0673342c38bd643f8bd49f3a33,90,-0.5961351864473128,0.01
3,0,unrounded_strict,wholly_unseen,gh80,uniform,50.0,HU_plus_surface,0.01,c4eb3f123e007e47a54532da89e89ea0c8c912c499aa99c7e3e7b9b25f6d2546,3ec14b10f2f15d29daa6b6356f75d19b7ec8d84cc94c23aa1f33357da39bc847,90,-0.5724957338309125,0.01
3,0,unrounded_strict,wholly_unseen,gh80,uniform,50.0,HU_plus_surface,0.1,c4eb3f123e007e47a54532da89e89ea0c8c912c499aa99c7e3e7b9b25f6d2546,c6b4033373fd65c7f2b5f2bfc699c9d3a85c76ee01371989c0134f67bdf85e02,90,-0.637472217314229,0.01
3,1,unrounded_strict,wholly_unseen,gh80,uniform,50.0,HU_plus_surface,0.0,bd4f2b8222f5d8f25a1a26e699004ec9648cbfd0ce2295443873a4bdc7fc8819,b0f1315d83bc716957146ddf996e6595c8d190b61faaad18a598cb314dd3cfac,92,-0.6112038737394264,0.01
3,1,unrounded_strict,wholly_unseen,gh80,uniform,50.0,HU_plus_surface,0.0001,bd4f2b8222f5d8f25a1a26e699004ec9648cbfd0ce2295443873a4bdc7fc8819,46303f3c79fbe1a857cd370b9992ca90669fd59a2be3dc524ece5a1ccf012979,92,-0.6090821210582207,0.01
3,1,unrounded_strict,wholly_unseen,gh80,uniform,50.0,HU_plus_surface,0.001,bd4f2b8222f5d8f25a1a26e699004ec9648cbfd0ce2295443873a4bdc7fc8819,9142a8acf5f136e59127a3c6dfb2f1e8d2342a2ca73c681bb68a6f5a89756342,92,-0.5961351864473128,0.01
3,1,unrounded_strict,wholly_unseen,gh80,uniform,50.0,HU_plus_surface,0.01,bd4f2b8222f5d8f25a1a26e699004ec9648cbfd0ce2295443873a4bdc7fc8819,28b4e0199e5116c05f5af4b1918a3314154d030a8bcf8d7d980ad515653fd70b,92,-0.5724957338309125,0.01
3,1,unrounded_strict,wholly_unseen,gh80,uniform,50.0,HU_plus_surface,0.1,bd4f2b8222f5d8f25a1a26e699004ec9648cbfd0ce2295443873a4bdc7fc8819,3d715962e0883495bd6ae37cc1dec653ab104e69d7f0a94e13ca47f7560e5fd6,92,-0.637472217314229,0.01
3,2,unrounded_strict,wholly_unseen,gh80,uniform,50.0,HU_plus_surface,0.0,ca6c1308be8aeb6c90081d7ac48ad09189e97b63d2259750e1b8e2714ae1846e,4e9a6caf95fe142879f1e071cdc7cde4e5b03c73b1632c1f2c3222f4b8c25726,89,-0.6112038737394264,0.01
3,2,unrounded_strict,wholly_unseen,gh80,uniform,50.0,HU_plus_surface,0.0001,ca6c1308be8aeb6c90081d7ac48ad09189e97b63d2259750e1b8e2714ae1846e,9ceef9f33f6e914f96e8fafa8a77ee2764c19216f6f00d27a1115882bdf1be19,89,-0.6090821210582207,0.01
3,2,unrounded_strict,wholly_unseen,gh80,uniform,50.0,HU_plus_surface,0.001,ca6c1308be8aeb6c90081d7ac48ad09189e97b63d2259750e1b8e2714ae1846e,749331200f266e64b16dfdb216b71beb9a93b886b3403ba9af722f9e86ffd312,89,-0.5961351864473128,0.01
3,2,unrounded_strict,wholly_unseen,gh80,uniform,50.0,HU_plus_surface,0.01,ca6c1308be8aeb6c90081d7ac48ad09189e97b63d2259750e1b8e2714ae1846e,8966a855470b40a01c1b5c660752953dd0aa0a68b1a9039436f27dea9ef4b2e0,89,-0.5724957338309125,0.01
3,2,unrounded_strict,wholly_unseen,gh80,uniform,50.0,HU_plus_surface,0.1,ca6c1308be8aeb6c90081d7ac48ad09189e97b63d2259750e1b8e2714ae1846e,ee7b5d37c16833bcc45d745c71c6514c443bb21b648a6f64433c59539c1143d0,89,-0.637472217314229,0.01
3,0,unrounded_strict,wholly_unseen,gh80,uniform,50.0,retention_bounded_plus_HU,0.0,c4eb3f123e007e47a54532da89e89ea0c8c912c499aa99c7e3e7b9b25f6d2546,63475a539490aab2cf427ed8b0a867d71a0570c02476212ab53c98cecc485b87,90,-0.6758692780980963,0.1
3,0,unrounded_strict,wholly_unseen,gh80,uniform,50.0,retention_bounded_plus_HU,0.0001,c4eb3f123e007e47a54532da89e89ea0c8c912c499aa99c7e3e7b9b25f6d2546,cfdfe92980f0fea9a2389d27a32bdbd8cbe01df7316339aee25a28a6ef0f857d,90,-0.6734362398869415,0.1
3,0,unrounded_strict,wholly_unseen,gh80,uniform,50.0,retention_bounded_plus_HU,0.001,c4eb3f123e007e47a54532da89e89ea0c8c912c499aa99c7e3e7b9b25f6d2546,a766883445a2d37c7c0ac70421f5b3fd561f62852c3f388a195984ef352b3f70,90,-0.655817088711966,0.1
3,0,unrounded_strict,wholly_unseen,gh80,uniform,50.0,retention_bounded_plus_HU,0.01,c4eb3f123e007e47a54532da89e89ea0c8c912c499aa99c7e3e7b9b25f6d2546,b485df93ca72370a8d0a3deb5e132efa35efdc85956e86bf01862d08d21b3abf,90,-0.6075658342731097,0.1
3,0,unrounded_strict,wholly_unseen,gh80,uniform,50.0,retention_bounded_plus_HU,0.1,c4eb3f123e007e47a54532da89e89ea0c8c912c499aa99c7e3e7b9b25f6d2546,d7723d29273bf73803cd90b4ce4ffdc2e7880fa790ec951d86b564ae7a4a91e2,90,-0.6067005718685691,0.1
3,1,unrounded_strict,wholly_unseen,gh80,uniform,50.0,retention_bounded_plus_HU,0.0,bd4f2b8222f5d8f25a1a26e699004ec9648cbfd0ce2295443873a4bdc7fc8819,51e33ca7353ea5bc270bd9a6030eed0df8cd077ac0c839a1a848bfb48696574a,92,-0.6758692780980963,0.1
3,1,unrounded_strict,wholly_unseen,gh80,uniform,50.0,retention_bounded_plus_HU,0.0001,bd4f2b8222f5d8f25a1a26e699004ec9648cbfd0ce2295443873a4bdc7fc8819,453935e05926ce05f93701f74e2f2757ff771d7e417dd9fd13369159d46989f4,92,-0.6734362398869415,0.1
3,1,unrounded_strict,wholly_unseen,gh80,uniform,50.0,retention_bounded_plus_HU,0.001,bd4f2b8222f5d8f25a1a26e699004ec9648cbfd0ce2295443873a4bdc7fc8819,fcc3c4de3d9491be3f5502af809d0d29d5efda6cea0d56a6279a50ffafd78116,92,-0.655817088711966,0.1
3,1,unrounded_strict,wholly_unseen,gh80,uniform,50.0,retention_bounded_plus_HU,0.01,bd4f2b8222f5d8f25a1a26e699004ec9648cbfd0ce2295443873a4bdc7fc8819,66abcbf2ecfa8664348588cbb5d6edbed5bc44e558865074750b666e9b8405c5,92,-0.6075658342731097,0.1
3,1,unrounded_strict,wholly_unseen,gh80,uniform,50.0,retention_bounded_plus_HU,0.1,bd4f2b8222f5d8f25a1a26e699004ec9648cbfd0ce2295443873a4bdc7fc8819,330fda52a63a4882a2c1887ad6f7a7246d79ad6b4f8d61e454a48114da70eee3,92,-0.6067005718685691,0.1
3,2,unrounded_strict,wholly_unseen,gh80,uniform,50.0,retention_bounded_plus_HU,0.0,ca6c1308be8aeb6c90081d7ac48ad09189e97b63d2259750e1b8e2714ae1846e,2c2252e503cc2b31585215d2e988c9adb090f075059b0e6213c9313cd6af900a,89,-0.6758692780980963,0.1
3,2,unrounded_strict,wholly_unseen,gh80,uniform,50.0,retention_bounded_plus_HU,0.0001,ca6c1308be8aeb6c90081d7ac48ad09189e97b63d2259750e1b8e2714ae1846e,f7f749b372682253278cf08c0a9e8546d8129243f30f4310caa7fbfd81ed5bb0,89,-0.6734362398869415,0.1
3,2,unrounded_strict,wholly_unseen,gh80,uniform,50.0,retention_bounded_plus_HU,0.001,ca6c1308be8aeb6c90081d7ac48ad09189e97b63d2259750e1b8e2714ae1846e,f8211e654d3187e31f084a4ea86e2abd672aba2904610031525abca9e924853a,89,-0.655817088711966,0.1
3,2,unrounded_strict,wholly_unseen,gh80,uniform,50.0,retention_bounded_plus_HU,0.01,ca6c1308be8aeb6c90081d7ac48ad09189e97b63d2259750e1b8e2714ae1846e,17bcfe8bd85adaeae6aadf01477400afc716c02c4a70796c883dd1681a11d873,89,-0.6075658342731097,0.1
3,2,unrounded_strict,wholly_unseen,gh80,uniform,50.0,retention_bounded_plus_HU,0.1,ca6c1308be8aeb6c90081d7ac48ad09189e97b63d2259750e1b8e2714ae1846e,81595babc02884d05b49c5064e7f0b8c13b079979c82af51113948648b970b83,89,-0.6067005718685691,0.1
4,0,all_strict,side_informed,laplace,uniform,50.0,retention_bounded,0.0,dad5d4ffe3a4823687c1aff1acc1f86d373ce81b85b782fae1c4b7716c711349,7a532b5449653a6e4bd13a8bac8c2f53f03b83fbaab713c301438cbb52a35490,137,-0.38304808872016655,0.01
4,0,all_strict,side_informed,laplace,uniform,50.0,retention_bounded,0.0001,dad5d4ffe3a4823687c1aff1acc1f86d373ce81b85b782fae1c4b7716c711349,5c767e4272566ff885adc4b6e1c6d2137926a12445619f8df4485187a849622a,137,-0.37952633333411945,0.01
4,0,all_strict,side_informed,laplace,uniform,50.0,retention_bounded,0.001,dad5d4ffe3a4823687c1aff1acc1f86d373ce81b85b782fae1c4b7716c711349,decf7673a771dce9018deed70396997bce4ddce1f32f781e25c9b783d1ad90d9,137,-0.3599558442954076,0.01
4,0,all_strict,side_informed,laplace,uniform,50.0,retention_bounded,0.01,dad5d4ffe3a4823687c1aff1acc1f86d373ce81b85b782fae1c4b7716c711349,8a2d4523995de7eb7a4356bf310329912c12823b2d7d6e2cff08bfac3a859930,137,-0.3210893992385728,0.01
4,0,all_strict,side_informed,laplace,uniform,50.0,retention_bounded,0.1,dad5d4ffe3a4823687c1aff1acc1f86d373ce81b85b782fae1c4b7716c711349,7d741e393d8e13367bfc3853abecf60befd5b0b6555a4f0ff70bb0789574b2f4,137,-0.35279237507110073,0.01
4,1,all_strict,side_informed,laplace,uniform,50.0,retention_bounded,0.0,375ac5032a9e3c57e0a33947e30ec35ed19a33cd16476377d08907bad53f8f78,89e8ad7061660f38197f33cd7fa2ed956a90f9612f056c76bce629bc2325bfdb,138,-0.38304808872016655,0.01
4,1,all_strict,side_informed,laplace,uniform,50.0,retention_bounded,0.0001,375ac5032a9e3c57e0a33947e30ec35ed19a33cd16476377d08907bad53f8f78,3faa25bbce3996c33e0f9c7112dbf776306424464a3cd9833a462976498414dd,138,-0.37952633333411945,0.01
4,1,all_strict,side_informed,laplace,uniform,50.0,retention_bounded,0.001,375ac5032a9e3c57e0a33947e30ec35ed19a33cd16476377d08907bad53f8f78,73fbe3638038b11105f721df37c527cdaaaa01e03b7090e519691e5eaf5eb746,138,-0.3599558442954076,0.01
4,1,all_strict,side_informed,laplace,uniform,50.0,retention_bounded,0.01,375ac5032a9e3c57e0a33947e30ec35ed19a33cd16476377d08907bad53f8f78,13ea489b679a98bbb8123b67ed20f7d27877a399dd19311ca47ad927025aa31b,138,-0.3210893992385728,0.01
4,1,all_strict,side_informed,laplace,uniform,50.0,retention_bounded,0.1,375ac5032a9e3c57e0a33947e30ec35ed19a33cd16476377d08907bad53f8f78,d6ab42cb4398fc8ecc3130abd4d6ed2df87b7d173f3c998a0e33716e9eadfc42,138,-0.35279237507110073,0.01
4,2,all_strict,side_informed,laplace,uniform,50.0,retention_bounded,0.0,21b28e9b95f6273e01cc5fd73d1827c62ba781b0fb4a0fc0e419afb51f80f1ef,fb3ae9edc5ccb063ac58aa2a8aca4d83b268927cbfaeb408a291c77a9b5c4f58,137,-0.38304808872016655,0.01
4,2,all_strict,side_informed,laplace,uniform,50.0,retention_bounded,0.0001,21b28e9b95f6273e01cc5fd73d1827c62ba781b0fb4a0fc0e419afb51f80f1ef,b95d28316b4dc0054dd96984593436acade34c3d71d3592bc2b5ad23d46cf5c7,137,-0.37952633333411945,0.01
4,2,all_strict,side_informed,laplace,uniform,50.0,retention_bounded,0.001,21b28e9b95f6273e01cc5fd73d1827c62ba781b0fb4a0fc0e419afb51f80f1ef,e5ad875ab697a3c0409a19d79f7a527df9e322722819d7f7c206f4933eeedc13,137,-0.3599558442954076,0.01
4,2,all_strict,side_informed,laplace,uniform,50.0,retention_bounded,0.01,21b28e9b95f6273e01cc5fd73d1827c62ba781b0fb4a0fc0e419afb51f80f1ef,1170a3f70a564857be7e291586fdae566175187c76d7e5a4ef58d2106141ed76,137,-0.3210893992385728,0.01
4,2,all_strict,side_informed,laplace,uniform,50.0,retention_bounded,0.1,21b28e9b95f6273e01cc5fd73d1827c62ba781b0fb4a0fc0e419afb51f80f1ef,d6f8c20f00e14fec555f6fa4298a9bedb1f10eb02fae8f0c31e2f7eb6f2c584f,137,-0.35279237507110073,0.01
4,0,all_strict,side_informed,laplace,uniform,50.0,retention_nonnegative,0.0,dad5d4ffe3a4823687c1aff1acc1f86d373ce81b85b782fae1c4b7716c711349,67ed04039a99be1afd2feeac36606282621353051aabbeb97d75f6b5fb0eb290,137,-0.38304808772431065,0.01
4,0,all_strict,side_informed,laplace,uniform,50.0,retention_nonnegative,0.0001,dad5d4ffe3a4823687c1aff1acc1f86d373ce81b85b782fae1c4b7716c711349,ed6380fe9c11332d6d7e53081bd209fa43074bb4744148d4e20bb25227376fcf,137,-0.3796403540298015,0.01
4,0,all_strict,side_informed,laplace,uniform,50.0,retention_nonnegative,0.001,dad5d4ffe3a4823687c1aff1acc1f86d373ce81b85b782fae1c4b7716c711349,ac96a3ad79a9edfb4e5e43dc3d9ccf81d506d8a5f4c0abfb6183f3a037ef3f35,137,-0.36317469012373654,0.01
4,0,all_strict,side_informed,laplace,uniform,50.0,retention_nonnegative,0.01,dad5d4ffe3a4823687c1aff1acc1f86d373ce81b85b782fae1c4b7716c711349,fae921a05509e7637dd2ecc6ac006b5c7788aeb61190052a6e8814d5805925b6,137,-0.3458107526314226,0.01
4,0,all_strict,side_informed,laplace,uniform,50.0,retention_nonnegative,0.1,dad5d4ffe3a4823687c1aff1acc1f86d373ce81b85b782fae1c4b7716c711349,81a03312892a1568b844f5fff1a02928f7b63e41425e1a5cd417e48bc66f2917,137,-0.4114219611833781,0.01
4,1,all_strict,side_informed,laplace,uniform,50.0,retention_nonnegative,0.0,375ac5032a9e3c57e0a33947e30ec35ed19a33cd16476377d08907bad53f8f78,00aac2a9ba84d1a62592b212702876ea47b1824641e9acbe40a7b9e9335695bc,138,-0.38304808772431065,0.01
4,1,all_strict,side_informed,laplace,uniform,50.0,retention_nonnegative,0.0001,375ac5032a9e3c57e0a33947e30ec35ed19a33cd16476377d08907bad53f8f78,b4b20062d0d4e984aa4afc73665ad47a930a91246b7862c6fde85a5712bdd7aa,138,-0.3796403540298015,0.01
4,1,all_strict,side_informed,laplace,uniform,50.0,retention_nonnegative,0.001,375ac5032a9e3c57e0a33947e30ec35ed19a33cd16476377d08907bad53f8f78,3d3f7dd9deb8f1bb12c7b080b8197aa05e628acf483291b3bcfb7a76490e8970,138,-0.36317469012373654,0.01
4,1,all_strict,side_informed,laplace,uniform,50.0,retention_nonnegative,0.01,375ac5032a9e3c57e0a33947e30ec35ed19a33cd16476377d08907bad53f8f78,972073273cb956198cb4edeccb78ffb3abeccc2198cbd849ba287b05e43c20c5,138,-0.3458107526314226,0.01
4,1,all_strict,side_informed,laplace,uniform,50.0,retention_nonnegative,0.1,375ac5032a9e3c57e0a33947e30ec35ed19a33cd16476377d08907bad53f8f78,ee5ca210595c1d41077616dc41e97cd6a1629c1f3d4f4f9c9f48493c12a4281f,138,-0.4114219611833781,0.01
4,2,all_strict,side_informed,laplace,uniform,50.0,retention_nonnegative,0.0,21b28e9b95f6273e01cc5fd73d1827c62ba781b0fb4a0fc0e419afb51f80f1ef,b046d846e089a0e6b779c45b774b8cefbcc23756f9e5207da1e760d927cac2c1,137,-0.38304808772431065,0.01
4,2,all_strict,side_informed,laplace,uniform,50.0,retention_nonnegative,0.0001,21b28e9b95f6273e01cc5fd73d1827c62ba781b0fb4a0fc0e419afb51f80f1ef,2a2bade4adfec3a249e1be2db942cdca3ea00fd825273d806e352d55936c1136,137,-0.3796403540298015,0.01
4,2,all_strict,side_informed,laplace,uniform,50.0,retention_nonnegative,0.001,21b28e9b95f6273e01cc5fd73d1827c62ba781b0fb4a0fc0e419afb51f80f1ef,a8f34196ae30cca045b5b5d89555e2e334ea62887939709d2edd6c454c295790,137,-0.36317469012373654,0.01
4,2,all_strict,side_informed,laplace,uniform,50.0,retention_nonnegative,0.01,21b28e9b95f6273e01cc5fd73d1827c62ba781b0fb4a0fc0e419afb51f80f1ef,770883eab98bd04f7ed43ca2a6bfbb60f99933e11beb8d55c7a8d7afd0c56ab1,137,-0.3458107526314226,0.01
4,2,all_strict,side_informed,laplace,uniform,50.0,retention_nonnegative,0.1,21b28e9b95f6273e01cc5fd73d1827c62ba781b0fb4a0fc0e419afb51f80f1ef,15e32f634e12a33b27a0776184233d3326b182ec9bba7902dedba4d501535acd,137,-0.4114219611833781,0.01
4,0,all_strict,side_informed,laplace,uniform,50.0,current_only,0.0,dad5d4ffe3a4823687c1aff1acc1f86d373ce81b85b782fae1c4b7716c711349,012ae1f771858f4ee61f168531efb8659bd3073912878bba96d2e47a9952e0ca,137,-0.5932468803522045,0.1
4,0,all_strict,side_informed,laplace,uniform,50.0,current_only,0.0001,dad5d4ffe3a4823687c1aff1acc1f86d373ce81b85b782fae1c4b7716c711349,33e7dc43322c58d0729c11cb8bc948b12c9e72064c6a7013dbcaa7f03a059cd7,137,-0.5928948080522223,0.1
4,0,all_strict,side_informed,laplace,uniform,50.0,current_only,0.001,dad5d4ffe3a4823687c1aff1acc1f86d373ce81b85b782fae1c4b7716c711349,39fefa57731b1e5d470d8ff3fe1549d4a92ffc13ab9412f3f5c90d6fae923774,137,-0.5899099509310088,0.1
4,0,all_strict,side_informed,laplace,uniform,50.0,current_only,0.01,dad5d4ffe3a4823687c1aff1acc1f86d373ce81b85b782fae1c4b7716c711349,0ca6c7083825712eb97373f011a5db1ecb87022271ae3bbe47281f233cdc115d,137,-0.571228789207545,0.1
4,0,all_strict,side_informed,laplace,uniform,50.0,current_only,0.1,dad5d4ffe3a4823687c1aff1acc1f86d373ce81b85b782fae1c4b7716c711349,9753bef11a9ee1852336d51c69b7041427dc1f8185e0a799bc471d0c811c5691,137,-0.567199213444291,0.1
4,1,all_strict,side_informed,laplace,uniform,50.0,current_only,0.0,375ac5032a9e3c57e0a33947e30ec35ed19a33cd16476377d08907bad53f8f78,bdcb2193f863d418602ee91d3003198ab2b1750d7476ea9493f51df67d148034,138,-0.5932468803522045,0.1
4,1,all_strict,side_informed,laplace,uniform,50.0,current_only,0.0001,375ac5032a9e3c57e0a33947e30ec35ed19a33cd16476377d08907bad53f8f78,d8e9c9e7063d69af83ebf923e08e2aee03fb45979c348b1bc8d9490d9b1b5a90,138,-0.5928948080522223,0.1
4,1,all_strict,side_informed,laplace,uniform,50.0,current_only,0.001,375ac5032a9e3c57e0a33947e30ec35ed19a33cd16476377d08907bad53f8f78,3166125767bef3420778bb9db81bafa64e7b54ca58a434483c298c73fb9af435,138,-0.5899099509310088,0.1
4,1,all_strict,side_informed,laplace,uniform,50.0,current_only,0.01,375ac5032a9e3c57e0a33947e30ec35ed19a33cd16476377d08907bad53f8f78,856e388fd967b4738ae97db8bfb350e83a1d9d3b406ed042835de0e1241c7640,138,-0.571228789207545,0.1
4,1,all_strict,side_informed,laplace,uniform,50.0,current_only,0.1,375ac5032a9e3c57e0a33947e30ec35ed19a33cd16476377d08907bad53f8f78,f208e5030e3d3796c6e74aae972af62efeaf55eff06e8410477bddfc1ec69af7,138,-0.567199213444291,0.1
4,2,all_strict,side_informed,laplace,uniform,50.0,current_only,0.0,21b28e9b95f6273e01cc5fd73d1827c62ba781b0fb4a0fc0e419afb51f80f1ef,c9808fd1679a0f7fdfc065e89572e466044f35874e147236df1981d4463da08b,137,-0.5932468803522045,0.1
4,2,all_strict,side_informed,laplace,uniform,50.0,current_only,0.0001,21b28e9b95f6273e01cc5fd73d1827c62ba781b0fb4a0fc0e419afb51f80f1ef,fd14ee1fe06b393cd85f5c0ff9396449ca39452ec367fea2fa37d7a81b95c483,137,-0.5928948080522223,0.1
4,2,all_strict,side_informed,laplace,uniform,50.0,current_only,0.001,21b28e9b95f6273e01cc5fd73d1827c62ba781b0fb4a0fc0e419afb51f80f1ef,b65f8c81607e4591d788d28e4f1071cdc20b81bf4ecd18d59459e1a6c0291eb7,137,-0.5899099509310088,0.1
4,2,all_strict,side_informed,laplace,uniform,50.0,current_only,0.01,21b28e9b95f6273e01cc5fd73d1827c62ba781b0fb4a0fc0e419afb51f80f1ef,c4ee716cb2261ea1683ac8a51828c9b136b554797e7cc35d1061354c032f09c8,137,-0.571228789207545,0.1
4,2,all_strict,side_informed,laplace,uniform,50.0,current_only,0.1,21b28e9b95f6273e01cc5fd73d1827c62ba781b0fb4a0fc0e419afb51f80f1ef,66af12e556aa6bfdd6e7463da6d8c35002c3b8f31193dfc5ff1b995e7ec6681e,137,-0.567199213444291,0.1
4,0,all_strict,side_informed,laplace,uniform,50.0,input_plus_surface,0.0,dad5d4ffe3a4823687c1aff1acc1f86d373ce81b85b782fae1c4b7716c711349,f4172d3a3548cb52068fc8faf3d5631867927519d6bb666a2009cc450162305d,137,-0.3594883348965791,0.01
4,0,all_strict,side_informed,laplace,uniform,50.0,input_plus_surface,0.0001,dad5d4ffe3a4823687c1aff1acc1f86d373ce81b85b782fae1c4b7716c711349,a6f17f55e042549109998f1a997d1be9ebca2de0ab81673ac1fd10d288b95bc7,137,-0.3562378978861255,0.01
4,0,all_strict,side_informed,laplace,uniform,50.0,input_plus_surface,0.001,dad5d4ffe3a4823687c1aff1acc1f86d373ce81b85b782fae1c4b7716c711349,0477adb3aa7ada46d2266026ebf807981b121285e18992bd7266c13201cf8ff8,137,-0.3383827605463467,0.01
4,0,all_strict,side_informed,laplace,uniform,50.0,input_plus_surface,0.01,dad5d4ffe3a4823687c1aff1acc1f86d373ce81b85b782fae1c4b7716c711349,19c432e95fe850f72e023f2c2069399faffbcbfcc6148058bbced71e7776006b,137,-0.3075995537965293,0.01
4,0,all_strict,side_informed,laplace,uniform,50.0,input_plus_surface,0.1,dad5d4ffe3a4823687c1aff1acc1f86d373ce81b85b782fae1c4b7716c711349,8148eb3463daede99b2cc2eea2c73412feaefccfea102c838e308e359b1f513d,137,-0.36607315527730244,0.01
4,1,all_strict,side_informed,laplace,uniform,50.0,input_plus_surface,0.0,375ac5032a9e3c57e0a33947e30ec35ed19a33cd16476377d08907bad53f8f78,99af70ef7efd82bddc61592ba8861473adcef4a4c23fd20e6b5a28a7c7b8000e,138,-0.3594883348965791,0.01
4,1,all_strict,side_informed,laplace,uniform,50.0,input_plus_surface,0.0001,375ac5032a9e3c57e0a33947e30ec35ed19a33cd16476377d08907bad53f8f78,a116b2bcf3e3ef1a61a7f8f920d1b95967286f394ed9f425a6ba5788aca77e29,138,-0.3562378978861255,0.01
4,1,all_strict,side_informed,laplace,uniform,50.0,input_plus_surface,0.001,375ac5032a9e3c57e0a33947e30ec35ed19a33cd16476377d08907bad53f8f78,adc7a15141c656f12ac961cf2e7a9cb0432d3c800277cfcb35063d28d9b521d1,138,-0.3383827605463467,0.01
4,1,all_strict,side_informed,laplace,uniform,50.0,input_plus_surface,0.01,375ac5032a9e3c57e0a33947e30ec35ed19a33cd16476377d08907bad53f8f78,820b1ce0862a9c6b32c3f9cd9c451791f8d86dbd7c4e8dce55741473abea9f51,138,-0.3075995537965293,0.01
4,1,all_strict,side_informed,laplace,uniform,50.0,input_plus_surface,0.1,375ac5032a9e3c57e0a33947e30ec35ed19a33cd16476377d08907bad53f8f78,420dd557d5fa77feed186869558b6fcb213fee53151d678cb2433dbab84bbe9b,138,-0.36607315527730244,0.01
4,2,all_strict,side_informed,laplace,uniform,50.0,input_plus_surface,0.0,21b28e9b95f6273e01cc5fd73d1827c62ba781b0fb4a0fc0e419afb51f80f1ef,ed755f3fcbca38fbc11abbb27f09c862e0768f246619885bf3eb1327c30021f9,137,-0.3594883348965791,0.01
4,2,all_strict,side_informed,laplace,uniform,50.0,input_plus_surface,0.0001,21b28e9b95f6273e01cc5fd73d1827c62ba781b0fb4a0fc0e419afb51f80f1ef,84ea57d2c52fc98637a93fcf053dadeaac7bc37098970e53d9374023fa7f73a1,137,-0.3562378978861255,0.01
4,2,all_strict,side_informed,laplace,uniform,50.0,input_plus_surface,0.001,21b28e9b95f6273e01cc5fd73d1827c62ba781b0fb4a0fc0e419afb51f80f1ef,b88b3c4aa5c74a833aeb831d8f2e3afc90392d66bf764cf69a8715d546bd0c07,137,-0.3383827605463467,0.01
4,2,all_strict,side_informed,laplace,uniform,50.0,input_plus_surface,0.01,21b28e9b95f6273e01cc5fd73d1827c62ba781b0fb4a0fc0e419afb51f80f1ef,59ec7ee3fd3f1fc56c1cb8096a73a88eba99deac7ea4eb5a6f0663b670db7228,137,-0.3075995537965293,0.01
4,2,all_strict,side_informed,laplace,uniform,50.0,input_plus_surface,0.1,21b28e9b95f6273e01cc5fd73d1827c62ba781b0fb4a0fc0e419afb51f80f1ef,c4aa8861ac19e71ab53b923e8a1545c4b3e8ad767e922f6a520871712198e0a2,137,-0.36607315527730244,0.01
4,0,all_strict,side_informed,laplace,uniform,50.0,HU_plus_surface,0.0,dad5d4ffe3a4823687c1aff1acc1f86d373ce81b85b782fae1c4b7716c711349,6730a55326c8db663e4615b5c7c9e017866e7d32eda3de44ced1a2fac3e279ec,137,-0.30607509359571655,0.01
4,0,all_strict,side_informed,laplace,uniform,50.0,HU_plus_surface,0.0001,dad5d4ffe3a4823687c1aff1acc1f86d373ce81b85b782fae1c4b7716c711349,76b6a6e61e2f3d24c3ae23a3f76abadf07a220b01d16243fdbae1243d63614ab,137,-0.30356803468025123,0.01
4,0,all_strict,side_informed,laplace,uniform,50.0,HU_plus_surface,0.001,dad5d4ffe3a4823687c1aff1acc1f86d373ce81b85b782fae1c4b7716c711349,12302b3a94e8cd492866f7a73f50916a354d3c0d4f9b47e47856d299be517685,137,-0.2915669043246418,0.01
4,0,all_strict,side_informed,laplace,uniform,50.0,HU_plus_surface,0.01,dad5d4ffe3a4823687c1aff1acc1f86d373ce81b85b782fae1c4b7716c711349,61c539d6dd0e1ecf8920d78c0317533082f2ef630cf573d55de84bcfdca1229d,137,-0.2783809355404669,0.01
4,0,all_strict,side_informed,laplace,uniform,50.0,HU_plus_surface,0.1,dad5d4ffe3a4823687c1aff1acc1f86d373ce81b85b782fae1c4b7716c711349,430eb6c92df05c86a21bc330388873ef580bf2d48591857ef4a355d00412f8b3,137,-0.35366749642926887,0.01
4,1,all_strict,side_informed,laplace,uniform,50.0,HU_plus_surface,0.0,375ac5032a9e3c57e0a33947e30ec35ed19a33cd16476377d08907bad53f8f78,60788d8296f950c50b8446e04c1085accacec268b9f600fd82ee41c4fee25612,138,-0.30607509359571655,0.01
4,1,all_strict,side_informed,laplace,uniform,50.0,HU_plus_surface,0.0001,375ac5032a9e3c57e0a33947e30ec35ed19a33cd16476377d08907bad53f8f78,ab6a73c24ba62c3d9724a3522fbb09f1067db8fd7b60beca31ad0428d851e2c1,138,-0.30356803468025123,0.01
4,1,all_strict,side_informed,laplace,uniform,50.0,HU_plus_surface,0.001,375ac5032a9e3c57e0a33947e30ec35ed19a33cd16476377d08907bad53f8f78,0136b7a79c8b0a1927fd2f20ecd13a94ef2c89ee528bb1b6ea4ae86437698d64,138,-0.2915669043246418,0.01
4,1,all_strict,side_informed,laplace,uniform,50.0,HU_plus_surface,0.01,375ac5032a9e3c57e0a33947e30ec35ed19a33cd16476377d08907bad53f8f78,982076255eced959ee8d9cbbbffb751fca7349795b7356f994d7004182ae31b5,138,-0.2783809355404669,0.01
4,1,all_strict,side_informed,laplace,uniform,50.0,HU_plus_surface,0.1,375ac5032a9e3c57e0a33947e30ec35ed19a33cd16476377d08907bad53f8f78,0d3b517b38aaf4302b49206287ee24da0da5589bc556f4ef0ab309dcd1d5c3af,138,-0.35366749642926887,0.01
4,2,all_strict,side_informed,laplace,uniform,50.0,HU_plus_surface,0.0,21b28e9b95f6273e01cc5fd73d1827c62ba781b0fb4a0fc0e419afb51f80f1ef,c82dbd5201f55da3ad3b44ea16b08b70de2f1e0bdf63f7c12ebae6537c12459a,137,-0.30607509359571655,0.01
4,2,all_strict,side_informed,laplace,uniform,50.0,HU_plus_surface,0.0001,21b28e9b95f6273e01cc5fd73d1827c62ba781b0fb4a0fc0e419afb51f80f1ef,f0b606f83d4ae61418bd5aec27ee59dd5f22f38ea78af4e9a28d62e75c66df07,137,-0.30356803468025123,0.01
4,2,all_strict,side_informed,laplace,uniform,50.0,HU_plus_surface,0.001,21b28e9b95f6273e01cc5fd73d1827c62ba781b0fb4a0fc0e419afb51f80f1ef,945bdb99e10be04feaae6ed05e19d484e1ee7dc912f0f1148cc47570ffa9a9cb,137,-0.2915669043246418,0.01
4,2,all_strict,side_informed,laplace,uniform,50.0,HU_plus_surface,0.01,21b28e9b95f6273e01cc5fd73d1827c62ba781b0fb4a0fc0e419afb51f80f1ef,a8997987f0fd7f9f508d048e5e94f6a78119f669d047211eafac4d006f4f09b4,137,-0.2783809355404669,0.01
4,2,all_strict,side_informed,laplace,uniform,50.0,HU_plus_surface,0.1,21b28e9b95f6273e01cc5fd73d1827c62ba781b0fb4a0fc0e419afb51f80f1ef,fcf8bceeb58b199961c09d9c43775db9ba887e5ddd8188651b4be2c257c3b75b,137,-0.35366749642926887,0.01
4,0,all_strict,side_informed,laplace,uniform,50.0,retention_bounded_plus_HU,0.0,dad5d4ffe3a4823687c1aff1acc1f86d373ce81b85b782fae1c4b7716c711349,e7b34ac785351dcf1dfbd92d228f6775d5f9ceb0eb4bc924af8d2802ec2cbe43,137,-0.3163005909024191,0.01
4,0,all_strict,side_informed,laplace,uniform,50.0,retention_bounded_plus_HU,0.0001,dad5d4ffe3a4823687c1aff1acc1f86d373ce81b85b782fae1c4b7716c711349,98403b99b1a84dbef99a3d9e895b9dac7680cc8481c6ad2a9ce8180d04aa829d,137,-0.3150508472464287,0.01
4,0,all_strict,side_informed,laplace,uniform,50.0,retention_bounded_plus_HU,0.001,dad5d4ffe3a4823687c1aff1acc1f86d373ce81b85b782fae1c4b7716c711349,92a66a0f623b0f967e8af04106136a07e5c728da197b35593ed2fdc2bf38adad,137,-0.3079439363012913,0.01
4,0,all_strict,side_informed,laplace,uniform,50.0,retention_bounded_plus_HU,0.01,dad5d4ffe3a4823687c1aff1acc1f86d373ce81b85b782fae1c4b7716c711349,b608a69c5ee1f6d27299c5a01659e75a8ac56a2c36c504f6d227b013c1ce5d47,137,-0.2880502844039045,0.01
4,0,all_strict,side_informed,laplace,uniform,50.0,retention_bounded_plus_HU,0.1,dad5d4ffe3a4823687c1aff1acc1f86d373ce81b85b782fae1c4b7716c711349,f45c3f7ec47c41dba64e3f0dd284bd77ec9ade74dc30e08c55cf3ac379784df9,137,-0.31436350204159913,0.01
4,1,all_strict,side_informed,laplace,uniform,50.0,retention_bounded_plus_HU,0.0,375ac5032a9e3c57e0a33947e30ec35ed19a33cd16476377d08907bad53f8f78,bea9356074c4d2dfbca5de1c46ac628594eaa8e6da66fc2a1f0b18af7584c4b9,138,-0.3163005909024191,0.01
4,1,all_strict,side_informed,laplace,uniform,50.0,retention_bounded_plus_HU,0.0001,375ac5032a9e3c57e0a33947e30ec35ed19a33cd16476377d08907bad53f8f78,6c9baba0312d67d9e7b58c124ce36d725509d0318210cd8d4abc41ed1c0bf1af,138,-0.3150508472464287,0.01
4,1,all_strict,side_informed,laplace,uniform,50.0,retention_bounded_plus_HU,0.001,375ac5032a9e3c57e0a33947e30ec35ed19a33cd16476377d08907bad53f8f78,1bf3614c86e3821d71f165329a8e822e5c7b2cd8c058e95fed6bd0b9c18ec655,138,-0.3079439363012913,0.01
4,1,all_strict,side_informed,laplace,uniform,50.0,retention_bounded_plus_HU,0.01,375ac5032a9e3c57e0a33947e30ec35ed19a33cd16476377d08907bad53f8f78,989488d99237337d1a6834c34bd937a643fea8020367b8edfe167dedeced2f7d,138,-0.2880502844039045,0.01
4,1,all_strict,side_informed,laplace,uniform,50.0,retention_bounded_plus_HU,0.1,375ac5032a9e3c57e0a33947e30ec35ed19a33cd16476377d08907bad53f8f78,764ca992d057364600c745ffe685869846913f11a9a6fa56803fed25ca33954b,138,-0.31436350204159913,0.01
4,2,all_strict,side_informed,laplace,uniform,50.0,retention_bounded_plus_HU,0.0,21b28e9b95f6273e01cc5fd73d1827c62ba781b0fb4a0fc0e419afb51f80f1ef,5d9ee42eb15d78c5fd309c5c020b45d15d0d74e111da595553090673da1cebc1,137,-0.3163005909024191,0.01
4,2,all_strict,side_informed,laplace,uniform,50.0,retention_bounded_plus_HU,0.0001,21b28e9b95f6273e01cc5fd73d1827c62ba781b0fb4a0fc0e419afb51f80f1ef,ab01e04013f5881edeb851a31a8a00a6b1982a409c24f8ec943f063947a26bc7,137,-0.3150508472464287,0.01
4,2,all_strict,side_informed,laplace,uniform,50.0,retention_bounded_plus_HU,0.001,21b28e9b95f6273e01cc5fd73d1827c62ba781b0fb4a0fc0e419afb51f80f1ef,8c7a168962519e1cf87803489c2a84fc50022c68cdf4d61c38f893cc7bcb47c4,137,-0.3079439363012913,0.01
4,2,all_strict,side_informed,laplace,uniform,50.0,retention_bounded_plus_HU,0.01,21b28e9b95f6273e01cc5fd73d1827c62ba781b0fb4a0fc0e419afb51f80f1ef,c017a9e0b191fbc155f29c6e45e42f630f03840d106003b8656c62c19977b314,137,-0.2880502844039045,0.01
4,2,all_strict,side_informed,laplace,uniform,50.0,retention_bounded_plus_HU,0.1,21b28e9b95f6273e01cc5fd73d1827c62ba781b0fb4a0fc0e419afb51f80f1ef,ac7ba2cdd20efea0f1bfaba72f0241e169f73e60ec6a491f912bf638c85fa6ca,137,-0.31436350204159913,0.01
4,0,all_strict,side_informed,gh80,uniform,50.0,HU_plus_surface,0.0,dad5d4ffe3a4823687c1aff1acc1f86d373ce81b85b782fae1c4b7716c711349,eeef4f7e586bd178fcee05d4f26248f4fd87eea4f75576fdb37ed9d8a8e45e67,137,-0.3229821349120268,0.01
4,0,all_strict,side_informed,gh80,uniform,50.0,HU_plus_surface,0.0001,dad5d4ffe3a4823687c1aff1acc1f86d373ce81b85b782fae1c4b7716c711349,3653e230d447140a8e1782bf729dc2653086fcfbd65ec0ec60dec35c32f32a94,137,-0.3194626437934753,0.01
4,0,all_strict,side_informed,gh80,uniform,50.0,HU_plus_surface,0.001,dad5d4ffe3a4823687c1aff1acc1f86d373ce81b85b782fae1c4b7716c711349,4df87621274919627d4e5d800029b14f43fa4c723f7f265a4a7dfcce520f3854,137,-0.3027749720477904,0.01
4,0,all_strict,side_informed,gh80,uniform,50.0,HU_plus_surface,0.01,dad5d4ffe3a4823687c1aff1acc1f86d373ce81b85b782fae1c4b7716c711349,10053ceb8b84c5b9b048202a87e64328d73770b56f5af0b005ac91261f776e79,137,-0.2830785435130126,0.01
4,0,all_strict,side_informed,gh80,uniform,50.0,HU_plus_surface,0.1,dad5d4ffe3a4823687c1aff1acc1f86d373ce81b85b782fae1c4b7716c711349,b6d24319334fc0463f2d78aa7d8e317d7c5e33aeca3211cedff27f1236eb0832,137,-0.35664931172271414,0.01
4,1,all_strict,side_informed,gh80,uniform,50.0,HU_plus_surface,0.0,375ac5032a9e3c57e0a33947e30ec35ed19a33cd16476377d08907bad53f8f78,0f86ff17d5d06896c11fe6629444d7fab0be6cf59e5ca1ee11f25e25bd5c6f58,138,-0.3229821349120268,0.01
4,1,all_strict,side_informed,gh80,uniform,50.0,HU_plus_surface,0.0001,375ac5032a9e3c57e0a33947e30ec35ed19a33cd16476377d08907bad53f8f78,1fab4a74520e42e4f1245f485edf5ad6620e90d070ca1a2e9356aafac2ac2f5a,138,-0.3194626437934753,0.01
4,1,all_strict,side_informed,gh80,uniform,50.0,HU_plus_surface,0.001,375ac5032a9e3c57e0a33947e30ec35ed19a33cd16476377d08907bad53f8f78,eb3ec404a57636635a34f8134ce78c7a60f4b45fb72b7d2c042037d6843f189e,138,-0.3027749720477904,0.01
4,1,all_strict,side_informed,gh80,uniform,50.0,HU_plus_surface,0.01,375ac5032a9e3c57e0a33947e30ec35ed19a33cd16476377d08907bad53f8f78,e45ed0d9200695cc6f331738ffce42fefe4a63bda4b12eabf7723b21460fe686,138,-0.2830785435130126,0.01
4,1,all_strict,side_informed,gh80,uniform,50.0,HU_plus_surface,0.1,375ac5032a9e3c57e0a33947e30ec35ed19a33cd16476377d08907bad53f8f78,022836bbb702b303083be556d0c52d268428fa64ab62e0a8c07a91357a5728e6,138,-0.35664931172271414,0.01
4,2,all_strict,side_informed,gh80,uniform,50.0,HU_plus_surface,0.0,21b28e9b95f6273e01cc5fd73d1827c62ba781b0fb4a0fc0e419afb51f80f1ef,101812269e0f3bb90f92840dcdeb7a4db45dedf7842f8d8228af9fbb31317b31,137,-0.3229821349120268,0.01
4,2,all_strict,side_informed,gh80,uniform,50.0,HU_plus_surface,0.0001,21b28e9b95f6273e01cc5fd73d1827c62ba781b0fb4a0fc0e419afb51f80f1ef,ea5cca9bc43fcc02e14095717070dabbf58898265a527f02e3e511513c9a2831,137,-0.3194626437934753,0.01
4,2,all_strict,side_informed,gh80,uniform,50.0,HU_plus_surface,0.001,21b28e9b95f6273e01cc5fd73d1827c62ba781b0fb4a0fc0e419afb51f80f1ef,c62e95e74ea908ecd5faf2236368ed3d76863c016758fa3890002fd9f39aa2f6,137,-0.3027749720477904,0.01
4,2,all_strict,side_informed,gh80,uniform,50.0,HU_plus_surface,0.01,21b28e9b95f6273e01cc5fd73d1827c62ba781b0fb4a0fc0e419afb51f80f1ef,811181bb871431f4bd0329ff7e246cdf8b7d11f0f4af6801a00baaf2802900a2,137,-0.2830785435130126,0.01
4,2,all_strict,side_informed,gh80,uniform,50.0,HU_plus_surface,0.1,21b28e9b95f6273e01cc5fd73d1827c62ba781b0fb4a0fc0e419afb51f80f1ef,71389e7917ba92640b6a1627c388e97d1441ee5318fc944a688d05908cb7b512,137,-0.35664931172271414,0.01
4,0,all_strict,side_informed,gh80,uniform,50.0,retention_bounded_plus_HU,0.0,dad5d4ffe3a4823687c1aff1acc1f86d373ce81b85b782fae1c4b7716c711349,cc5346f195d3d7074b8f25da61391942f336e18a1fbe5d8ff4c662fa5b97d8fc,137,-0.3327967798557208,0.01
4,0,all_strict,side_informed,gh80,uniform,50.0,retention_bounded_plus_HU,0.0001,dad5d4ffe3a4823687c1aff1acc1f86d373ce81b85b782fae1c4b7716c711349,d3639106320a58e0785f8e6b352ad650bc4817f69d8d4ddef916c46041c8b8a5,137,-0.33060313060016927,0.01
4,0,all_strict,side_informed,gh80,uniform,50.0,retention_bounded_plus_HU,0.001,dad5d4ffe3a4823687c1aff1acc1f86d373ce81b85b782fae1c4b7716c711349,ac88a4a462bd603129626144b71694706c8e084ba518549a90451ef07cac7fdf,137,-0.3220849546069442,0.01
4,0,all_strict,side_informed,gh80,uniform,50.0,retention_bounded_plus_HU,0.01,dad5d4ffe3a4823687c1aff1acc1f86d373ce81b85b782fae1c4b7716c711349,6c5d02c37c078baed37c5f218d552475c1f0b26fcb5640c9fdfe91100a17401a,137,-0.29999880810753826,0.01
4,0,all_strict,side_informed,gh80,uniform,50.0,retention_bounded_plus_HU,0.1,dad5d4ffe3a4823687c1aff1acc1f86d373ce81b85b782fae1c4b7716c711349,cbf6b0ab0b57964516f39aa4bf2e7b10892bf8a9760590da57cd525f4290f77b,137,-0.3206760046270183,0.01
4,1,all_strict,side_informed,gh80,uniform,50.0,retention_bounded_plus_HU,0.0,375ac5032a9e3c57e0a33947e30ec35ed19a33cd16476377d08907bad53f8f78,7c6b83260d1a78285cec3fc37162f7681c204b4a192065f4a7dea033ca7a5b9f,138,-0.3327967798557208,0.01
4,1,all_strict,side_informed,gh80,uniform,50.0,retention_bounded_plus_HU,0.0001,375ac5032a9e3c57e0a33947e30ec35ed19a33cd16476377d08907bad53f8f78,3224494aebca9c04cae4fba1f6e9c7fabd13a19fe3026718573ee4e26184591a,138,-0.33060313060016927,0.01
4,1,all_strict,side_informed,gh80,uniform,50.0,retention_bounded_plus_HU,0.001,375ac5032a9e3c57e0a33947e30ec35ed19a33cd16476377d08907bad53f8f78,d9dbe85e91834cfe8482c1b0f8e194bc76d226668ebbc6b284dee8cfbefadead,138,-0.3220849546069442,0.01
4,1,all_strict,side_informed,gh80,uniform,50.0,retention_bounded_plus_HU,0.01,375ac5032a9e3c57e0a33947e30ec35ed19a33cd16476377d08907bad53f8f78,cb3c539925ae3be398a888db94fabb20864a83cb9f7c65fb0b0dcf683d49cb4f,138,-0.29999880810753826,0.01
4,1,all_strict,side_informed,gh80,uniform,50.0,retention_bounded_plus_HU,0.1,375ac5032a9e3c57e0a33947e30ec35ed19a33cd16476377d08907bad53f8f78,0f94de9eec99f168037a5440e7ccaeaeca2f5cf5fdc90f14e754d33ae350d728,138,-0.3206760046270183,0.01
4,2,all_strict,side_informed,gh80,uniform,50.0,retention_bounded_plus_HU,0.0,21b28e9b95f6273e01cc5fd73d1827c62ba781b0fb4a0fc0e419afb51f80f1ef,c79aad52c6cac5cf9cc3af7a6abbb87b523b5a955d86c96720fba7ed8cde4f0c,137,-0.3327967798557208,0.01
4,2,all_strict,side_informed,gh80,uniform,50.0,retention_bounded_plus_HU,0.0001,21b28e9b95f6273e01cc5fd73d1827c62ba781b0fb4a0fc0e419afb51f80f1ef,b0f5e372c295d3dc82318681050394c9dac504f6b502252c3da7e3e8cdc4fd4f,137,-0.33060313060016927,0.01
4,2,all_strict,side_informed,gh80,uniform,50.0,retention_bounded_plus_HU,0.001,21b28e9b95f6273e01cc5fd73d1827c62ba781b0fb4a0fc0e419afb51f80f1ef,9efae5ae4ca597d0dd594e35738cc93ee685506aa41d8cc17b70def5e24d60ac,137,-0.3220849546069442,0.01
4,2,all_strict,side_informed,gh80,uniform,50.0,retention_bounded_plus_HU,0.01,21b28e9b95f6273e01cc5fd73d1827c62ba781b0fb4a0fc0e419afb51f80f1ef,785027849bb3acec26b35bac74a6c838a99214e7479888baed93bb0d9b4e70c6,137,-0.29999880810753826,0.01
4,2,all_strict,side_informed,gh80,uniform,50.0,retention_bounded_plus_HU,0.1,21b28e9b95f6273e01cc5fd73d1827c62ba781b0fb4a0fc0e419afb51f80f1ef,1daaac219ec19cada4f81836432d01a83b56bb6e43d34fb39211215094bc2726,137,-0.3206760046270183,0.01
4,0,all_strict,wholly_unseen,laplace,uniform,50.0,retention_bounded,0.0,dad5d4ffe3a4823687c1aff1acc1f86d373ce81b85b782fae1c4b7716c711349,7a532b5449653a6e4bd13a8bac8c2f53f03b83fbaab713c301438cbb52a35490,137,-0.651910622615374,0.01
4,0,all_strict,wholly_unseen,laplace,uniform,50.0,retention_bounded,0.0001,dad5d4ffe3a4823687c1aff1acc1f86d373ce81b85b782fae1c4b7716c711349,5c767e4272566ff885adc4b6e1c6d2137926a12445619f8df4485187a849622a,137,-0.6488180490944297,0.01
4,0,all_strict,wholly_unseen,laplace,uniform,50.0,retention_bounded,0.001,dad5d4ffe3a4823687c1aff1acc1f86d373ce81b85b782fae1c4b7716c711349,decf7673a771dce9018deed70396997bce4ddce1f32f781e25c9b783d1ad90d9,137,-0.631681853066887,0.01
4,0,all_strict,wholly_unseen,laplace,uniform,50.0,retention_bounded,0.01,dad5d4ffe3a4823687c1aff1acc1f86d373ce81b85b782fae1c4b7716c711349,8a2d4523995de7eb7a4356bf310329912c12823b2d7d6e2cff08bfac3a859930,137,-0.5912683471283559,0.01
4,0,all_strict,wholly_unseen,laplace,uniform,50.0,retention_bounded,0.1,dad5d4ffe3a4823687c1aff1acc1f86d373ce81b85b782fae1c4b7716c711349,7d741e393d8e13367bfc3853abecf60befd5b0b6555a4f0ff70bb0789574b2f4,137,-0.613204616093328,0.01
4,1,all_strict,wholly_unseen,laplace,uniform,50.0,retention_bounded,0.0,375ac5032a9e3c57e0a33947e30ec35ed19a33cd16476377d08907bad53f8f78,89e8ad7061660f38197f33cd7fa2ed956a90f9612f056c76bce629bc2325bfdb,138,-0.651910622615374,0.01
4,1,all_strict,wholly_unseen,laplace,uniform,50.0,retention_bounded,0.0001,375ac5032a9e3c57e0a33947e30ec35ed19a33cd16476377d08907bad53f8f78,3faa25bbce3996c33e0f9c7112dbf776306424464a3cd9833a462976498414dd,138,-0.6488180490944297,0.01
4,1,all_strict,wholly_unseen,laplace,uniform,50.0,retention_bounded,0.001,375ac5032a9e3c57e0a33947e30ec35ed19a33cd16476377d08907bad53f8f78,73fbe3638038b11105f721df37c527cdaaaa01e03b7090e519691e5eaf5eb746,138,-0.631681853066887,0.01
4,1,all_strict,wholly_unseen,laplace,uniform,50.0,retention_bounded,0.01,375ac5032a9e3c57e0a33947e30ec35ed19a33cd16476377d08907bad53f8f78,13ea489b679a98bbb8123b67ed20f7d27877a399dd19311ca47ad927025aa31b,138,-0.5912683471283559,0.01
4,1,all_strict,wholly_unseen,laplace,uniform,50.0,retention_bounded,0.1,375ac5032a9e3c57e0a33947e30ec35ed19a33cd16476377d08907bad53f8f78,d6ab42cb4398fc8ecc3130abd4d6ed2df87b7d173f3c998a0e33716e9eadfc42,138,-0.613204616093328,0.01
4,2,all_strict,wholly_unseen,laplace,uniform,50.0,retention_bounded,0.0,21b28e9b95f6273e01cc5fd73d1827c62ba781b0fb4a0fc0e419afb51f80f1ef,fb3ae9edc5ccb063ac58aa2a8aca4d83b268927cbfaeb408a291c77a9b5c4f58,137,-0.651910622615374,0.01
4,2,all_strict,wholly_unseen,laplace,uniform,50.0,retention_bounded,0.0001,21b28e9b95f6273e01cc5fd73d1827c62ba781b0fb4a0fc0e419afb51f80f1ef,b95d28316b4dc0054dd96984593436acade34c3d71d3592bc2b5ad23d46cf5c7,137,-0.6488180490944297,0.01
4,2,all_strict,wholly_unseen,laplace,uniform,50.0,retention_bounded,0.001,21b28e9b95f6273e01cc5fd73d1827c62ba781b0fb4a0fc0e419afb51f80f1ef,e5ad875ab697a3c0409a19d79f7a527df9e322722819d7f7c206f4933eeedc13,137,-0.631681853066887,0.01
4,2,all_strict,wholly_unseen,laplace,uniform,50.0,retention_bounded,0.01,21b28e9b95f6273e01cc5fd73d1827c62ba781b0fb4a0fc0e419afb51f80f1ef,1170a3f70a564857be7e291586fdae566175187c76d7e5a4ef58d2106141ed76,137,-0.5912683471283559,0.01
4,2,all_strict,wholly_unseen,laplace,uniform,50.0,retention_bounded,0.1,21b28e9b95f6273e01cc5fd73d1827c62ba781b0fb4a0fc0e419afb51f80f1ef,d6f8c20f00e14fec555f6fa4298a9bedb1f10eb02fae8f0c31e2f7eb6f2c584f,137,-0.613204616093328,0.01
4,0,all_strict,wholly_unseen,laplace,uniform,50.0,retention_nonnegative,0.0,dad5d4ffe3a4823687c1aff1acc1f86d373ce81b85b782fae1c4b7716c711349,67ed04039a99be1afd2feeac36606282621353051aabbeb97d75f6b5fb0eb290,137,-0.6519106228419019,0.01
4,0,all_strict,wholly_unseen,laplace,uniform,50.0,retention_nonnegative,0.0001,dad5d4ffe3a4823687c1aff1acc1f86d373ce81b85b782fae1c4b7716c711349,ed6380fe9c11332d6d7e53081bd209fa43074bb4744148d4e20bb25227376fcf,137,-0.6475754102691336,0.01
4,0,all_strict,wholly_unseen,laplace,uniform,50.0,retention_nonnegative,0.001,dad5d4ffe3a4823687c1aff1acc1f86d373ce81b85b782fae1c4b7716c711349,ac96a3ad79a9edfb4e5e43dc3d9ccf81d506d8a5f4c0abfb6183f3a037ef3f35,137,-0.6263480954044194,0.01
4,0,all_strict,wholly_unseen,laplace,uniform,50.0,retention_nonnegative,0.01,dad5d4ffe3a4823687c1aff1acc1f86d373ce81b85b782fae1c4b7716c711349,fae921a05509e7637dd2ecc6ac006b5c7788aeb61190052a6e8814d5805925b6,137,-0.6091357533759427,0.01
4,0,all_strict,wholly_unseen,laplace,uniform,50.0,retention_nonnegative,0.1,dad5d4ffe3a4823687c1aff1acc1f86d373ce81b85b782fae1c4b7716c711349,81a03312892a1568b844f5fff1a02928f7b63e41425e1a5cd417e48bc66f2917,137,-0.6806421137420655,0.01
4,1,all_strict,wholly_unseen,laplace,uniform,50.0,retention_nonnegative,0.0,375ac5032a9e3c57e0a33947e30ec35ed19a33cd16476377d08907bad53f8f78,00aac2a9ba84d1a62592b212702876ea47b1824641e9acbe40a7b9e9335695bc,138,-0.6519106228419019,0.01
4,1,all_strict,wholly_unseen,laplace,uniform,50.0,retention_nonnegative,0.0001,375ac5032a9e3c57e0a33947e30ec35ed19a33cd16476377d08907bad53f8f78,b4b20062d0d4e984aa4afc73665ad47a930a91246b7862c6fde85a5712bdd7aa,138,-0.6475754102691336,0.01
4,1,all_strict,wholly_unseen,laplace,uniform,50.0,retention_nonnegative,0.001,375ac5032a9e3c57e0a33947e30ec35ed19a33cd16476377d08907bad53f8f78,3d3f7dd9deb8f1bb12c7b080b8197aa05e628acf483291b3bcfb7a76490e8970,138,-0.6263480954044194,0.01
4,1,all_strict,wholly_unseen,laplace,uniform,50.0,retention_nonnegative,0.01,375ac5032a9e3c57e0a33947e30ec35ed19a33cd16476377d08907bad53f8f78,972073273cb956198cb4edeccb78ffb3abeccc2198cbd849ba287b05e43c20c5,138,-0.6091357533759427,0.01
4,1,all_strict,wholly_unseen,laplace,uniform,50.0,retention_nonnegative,0.1,375ac5032a9e3c57e0a33947e30ec35ed19a33cd16476377d08907bad53f8f78,ee5ca210595c1d41077616dc41e97cd6a1629c1f3d4f4f9c9f48493c12a4281f,138,-0.6806421137420655,0.01
4,2,all_strict,wholly_unseen,laplace,uniform,50.0,retention_nonnegative,0.0,21b28e9b95f6273e01cc5fd73d1827c62ba781b0fb4a0fc0e419afb51f80f1ef,b046d846e089a0e6b779c45b774b8cefbcc23756f9e5207da1e760d927cac2c1,137,-0.6519106228419019,0.01
4,2,all_strict,wholly_unseen,laplace,uniform,50.0,retention_nonnegative,0.0001,21b28e9b95f6273e01cc5fd73d1827c62ba781b0fb4a0fc0e419afb51f80f1ef,2a2bade4adfec3a249e1be2db942cdca3ea00fd825273d806e352d55936c1136,137,-0.6475754102691336,0.01
4,2,all_strict,wholly_unseen,laplace,uniform,50.0,retention_nonnegative,0.001,21b28e9b95f6273e01cc5fd73d1827c62ba781b0fb4a0fc0e419afb51f80f1ef,a8f34196ae30cca045b5b5d89555e2e334ea62887939709d2edd6c454c295790,137,-0.6263480954044194,0.01
4,2,all_strict,wholly_unseen,laplace,uniform,50.0,retention_nonnegative,0.01,21b28e9b95f6273e01cc5fd73d1827c62ba781b0fb4a0fc0e419afb51f80f1ef,770883eab98bd04f7ed43ca2a6bfbb60f99933e11beb8d55c7a8d7afd0c56ab1,137,-0.6091357533759427,0.01
4,2,all_strict,wholly_unseen,laplace,uniform,50.0,retention_nonnegative,0.1,21b28e9b95f6273e01cc5fd73d1827c62ba781b0fb4a0fc0e419afb51f80f1ef,15e32f634e12a33b27a0776184233d3326b182ec9bba7902dedba4d501535acd,137,-0.6806421137420655,0.01
4,0,all_strict,wholly_unseen,laplace,uniform,50.0,current_only,0.0,dad5d4ffe3a4823687c1aff1acc1f86d373ce81b85b782fae1c4b7716c711349,012ae1f771858f4ee61f168531efb8659bd3073912878bba96d2e47a9952e0ca,137,-0.8624780845464077,0.1
4,0,all_strict,wholly_unseen,laplace,uniform,50.0,current_only,0.0001,dad5d4ffe3a4823687c1aff1acc1f86d373ce81b85b782fae1c4b7716c711349,33e7dc43322c58d0729c11cb8bc948b12c9e72064c6a7013dbcaa7f03a059cd7,137,-0.8621260122464253,0.1
4,0,all_strict,wholly_unseen,laplace,uniform,50.0,current_only,0.001,dad5d4ffe3a4823687c1aff1acc1f86d373ce81b85b782fae1c4b7716c711349,39fefa57731b1e5d470d8ff3fe1549d4a92ffc13ab9412f3f5c90d6fae923774,137,-0.859141155125212,0.1
4,0,all_strict,wholly_unseen,laplace,uniform,50.0,current_only,0.01,dad5d4ffe3a4823687c1aff1acc1f86d373ce81b85b782fae1c4b7716c711349,0ca6c7083825712eb97373f011a5db1ecb87022271ae3bbe47281f233cdc115d,137,-0.8404599934017482,0.1
4,0,all_strict,wholly_unseen,laplace,uniform,50.0,current_only,0.1,dad5d4ffe3a4823687c1aff1acc1f86d373ce81b85b782fae1c4b7716c711349,9753bef11a9ee1852336d51c69b7041427dc1f8185e0a799bc471d0c811c5691,137,-0.8364304176384944,0.1
4,1,all_strict,wholly_unseen,laplace,uniform,50.0,current_only,0.0,375ac5032a9e3c57e0a33947e30ec35ed19a33cd16476377d08907bad53f8f78,bdcb2193f863d418602ee91d3003198ab2b1750d7476ea9493f51df67d148034,138,-0.8624780845464077,0.1
4,1,all_strict,wholly_unseen,laplace,uniform,50.0,current_only,0.0001,375ac5032a9e3c57e0a33947e30ec35ed19a33cd16476377d08907bad53f8f78,d8e9c9e7063d69af83ebf923e08e2aee03fb45979c348b1bc8d9490d9b1b5a90,138,-0.8621260122464253,0.1
4,1,all_strict,wholly_unseen,laplace,uniform,50.0,current_only,0.001,375ac5032a9e3c57e0a33947e30ec35ed19a33cd16476377d08907bad53f8f78,3166125767bef3420778bb9db81bafa64e7b54ca58a434483c298c73fb9af435,138,-0.859141155125212,0.1
4,1,all_strict,wholly_unseen,laplace,uniform,50.0,current_only,0.01,375ac5032a9e3c57e0a33947e30ec35ed19a33cd16476377d08907bad53f8f78,856e388fd967b4738ae97db8bfb350e83a1d9d3b406ed042835de0e1241c7640,138,-0.8404599934017482,0.1
4,1,all_strict,wholly_unseen,laplace,uniform,50.0,current_only,0.1,375ac5032a9e3c57e0a33947e30ec35ed19a33cd16476377d08907bad53f8f78,f208e5030e3d3796c6e74aae972af62efeaf55eff06e8410477bddfc1ec69af7,138,-0.8364304176384944,0.1
4,2,all_strict,wholly_unseen,laplace,uniform,50.0,current_only,0.0,21b28e9b95f6273e01cc5fd73d1827c62ba781b0fb4a0fc0e419afb51f80f1ef,c9808fd1679a0f7fdfc065e89572e466044f35874e147236df1981d4463da08b,137,-0.8624780845464077,0.1
4,2,all_strict,wholly_unseen,laplace,uniform,50.0,current_only,0.0001,21b28e9b95f6273e01cc5fd73d1827c62ba781b0fb4a0fc0e419afb51f80f1ef,fd14ee1fe06b393cd85f5c0ff9396449ca39452ec367fea2fa37d7a81b95c483,137,-0.8621260122464253,0.1
4,2,all_strict,wholly_unseen,laplace,uniform,50.0,current_only,0.001,21b28e9b95f6273e01cc5fd73d1827c62ba781b0fb4a0fc0e419afb51f80f1ef,b65f8c81607e4591d788d28e4f1071cdc20b81bf4ecd18d59459e1a6c0291eb7,137,-0.859141155125212,0.1
4,2,all_strict,wholly_unseen,laplace,uniform,50.0,current_only,0.01,21b28e9b95f6273e01cc5fd73d1827c62ba781b0fb4a0fc0e419afb51f80f1ef,c4ee716cb2261ea1683ac8a51828c9b136b554797e7cc35d1061354c032f09c8,137,-0.8404599934017482,0.1
4,2,all_strict,wholly_unseen,laplace,uniform,50.0,current_only,0.1,21b28e9b95f6273e01cc5fd73d1827c62ba781b0fb4a0fc0e419afb51f80f1ef,66af12e556aa6bfdd6e7463da6d8c35002c3b8f31193dfc5ff1b995e7ec6681e,137,-0.8364304176384944,0.1
4,0,all_strict,wholly_unseen,laplace,uniform,50.0,input_plus_surface,0.0,dad5d4ffe3a4823687c1aff1acc1f86d373ce81b85b782fae1c4b7716c711349,f4172d3a3548cb52068fc8faf3d5631867927519d6bb666a2009cc450162305d,137,-0.624909194452506,0.01
4,0,all_strict,wholly_unseen,laplace,uniform,50.0,input_plus_surface,0.0001,dad5d4ffe3a4823687c1aff1acc1f86d373ce81b85b782fae1c4b7716c711349,a6f17f55e042549109998f1a997d1be9ebca2de0ab81673ac1fd10d288b95bc7,137,-0.6214739611017221,0.01
4,0,all_strict,wholly_unseen,laplace,uniform,50.0,input_plus_surface,0.001,dad5d4ffe3a4823687c1aff1acc1f86d373ce81b85b782fae1c4b7716c711349,0477adb3aa7ada46d2266026ebf807981b121285e18992bd7266c13201cf8ff8,137,-0.6024559860730143,0.01
4,0,all_strict,wholly_unseen,laplace,uniform,50.0,input_plus_surface,0.01,dad5d4ffe3a4823687c1aff1acc1f86d373ce81b85b782fae1c4b7716c711349,19c432e95fe850f72e023f2c2069399faffbcbfcc6148058bbced71e7776006b,137,-0.5688054253440854,0.01
4,0,all_strict,wholly_unseen,laplace,uniform,50.0,input_plus_surface,0.1,dad5d4ffe3a4823687c1aff1acc1f86d373ce81b85b782fae1c4b7716c711349,8148eb3463daede99b2cc2eea2c73412feaefccfea102c838e308e359b1f513d,137,-0.6282084358886717,0.01
4,1,all_strict,wholly_unseen,laplace,uniform,50.0,input_plus_surface,0.0,375ac5032a9e3c57e0a33947e30ec35ed19a33cd16476377d08907bad53f8f78,99af70ef7efd82bddc61592ba8861473adcef4a4c23fd20e6b5a28a7c7b8000e,138,-0.624909194452506,0.01
4,1,all_strict,wholly_unseen,laplace,uniform,50.0,input_plus_surface,0.0001,375ac5032a9e3c57e0a33947e30ec35ed19a33cd16476377d08907bad53f8f78,a116b2bcf3e3ef1a61a7f8f920d1b95967286f394ed9f425a6ba5788aca77e29,138,-0.6214739611017221,0.01
4,1,all_strict,wholly_unseen,laplace,uniform,50.0,input_plus_surface,0.001,375ac5032a9e3c57e0a33947e30ec35ed19a33cd16476377d08907bad53f8f78,adc7a15141c656f12ac961cf2e7a9cb0432d3c800277cfcb35063d28d9b521d1,138,-0.6024559860730143,0.01
4,1,all_strict,wholly_unseen,laplace,uniform,50.0,input_plus_surface,0.01,375ac5032a9e3c57e0a33947e30ec35ed19a33cd16476377d08907bad53f8f78,820b1ce0862a9c6b32c3f9cd9c451791f8d86dbd7c4e8dce55741473abea9f51,138,-0.5688054253440854,0.01
4,1,all_strict,wholly_unseen,laplace,uniform,50.0,input_plus_surface,0.1,375ac5032a9e3c57e0a33947e30ec35ed19a33cd16476377d08907bad53f8f78,420dd557d5fa77feed186869558b6fcb213fee53151d678cb2433dbab84bbe9b,138,-0.6282084358886717,0.01
4,2,all_strict,wholly_unseen,laplace,uniform,50.0,input_plus_surface,0.0,21b28e9b95f6273e01cc5fd73d1827c62ba781b0fb4a0fc0e419afb51f80f1ef,ed755f3fcbca38fbc11abbb27f09c862e0768f246619885bf3eb1327c30021f9,137,-0.624909194452506,0.01
4,2,all_strict,wholly_unseen,laplace,uniform,50.0,input_plus_surface,0.0001,21b28e9b95f6273e01cc5fd73d1827c62ba781b0fb4a0fc0e419afb51f80f1ef,84ea57d2c52fc98637a93fcf053dadeaac7bc37098970e53d9374023fa7f73a1,137,-0.6214739611017221,0.01
4,2,all_strict,wholly_unseen,laplace,uniform,50.0,input_plus_surface,0.001,21b28e9b95f6273e01cc5fd73d1827c62ba781b0fb4a0fc0e419afb51f80f1ef,b88b3c4aa5c74a833aeb831d8f2e3afc90392d66bf764cf69a8715d546bd0c07,137,-0.6024559860730143,0.01
4,2,all_strict,wholly_unseen,laplace,uniform,50.0,input_plus_surface,0.01,21b28e9b95f6273e01cc5fd73d1827c62ba781b0fb4a0fc0e419afb51f80f1ef,59ec7ee3fd3f1fc56c1cb8096a73a88eba99deac7ea4eb5a6f0663b670db7228,137,-0.5688054253440854,0.01
4,2,all_strict,wholly_unseen,laplace,uniform,50.0,input_plus_surface,0.1,21b28e9b95f6273e01cc5fd73d1827c62ba781b0fb4a0fc0e419afb51f80f1ef,c4aa8861ac19e71ab53b923e8a1545c4b3e8ad767e922f6a520871712198e0a2,137,-0.6282084358886717,0.01
4,0,all_strict,wholly_unseen,laplace,uniform,50.0,HU_plus_surface,0.0,dad5d4ffe3a4823687c1aff1acc1f86d373ce81b85b782fae1c4b7716c711349,6730a55326c8db663e4615b5c7c9e017866e7d32eda3de44ced1a2fac3e279ec,137,-0.5745546955658243,0.01
4,0,all_strict,wholly_unseen,laplace,uniform,50.0,HU_plus_surface,0.0001,dad5d4ffe3a4823687c1aff1acc1f86d373ce81b85b782fae1c4b7716c711349,76b6a6e61e2f3d24c3ae23a3f76abadf07a220b01d16243fdbae1243d63614ab,137,-0.5716980297922096,0.01
4,0,all_strict,wholly_unseen,laplace,uniform,50.0,HU_plus_surface,0.001,dad5d4ffe3a4823687c1aff1acc1f86d373ce81b85b782fae1c4b7716c711349,12302b3a94e8cd492866f7a73f50916a354d3c0d4f9b47e47856d299be517685,137,-0.5576187469685208,0.01
4,0,all_strict,wholly_unseen,laplace,uniform,50.0,HU_plus_surface,0.01,dad5d4ffe3a4823687c1aff1acc1f86d373ce81b85b782fae1c4b7716c711349,61c539d6dd0e1ecf8920d78c0317533082f2ef630cf573d55de84bcfdca1229d,137,-0.5398384544952489,0.01
4,0,all_strict,wholly_unseen,laplace,uniform,50.0,HU_plus_surface,0.1,dad5d4ffe3a4823687c1aff1acc1f86d373ce81b85b782fae1c4b7716c711349,430eb6c92df05c86a21bc330388873ef580bf2d48591857ef4a355d00412f8b3,137,-0.6156031524090846,0.01
4,1,all_strict,wholly_unseen,laplace,uniform,50.0,HU_plus_surface,0.0,375ac5032a9e3c57e0a33947e30ec35ed19a33cd16476377d08907bad53f8f78,60788d8296f950c50b8446e04c1085accacec268b9f600fd82ee41c4fee25612,138,-0.5745546955658243,0.01
4,1,all_strict,wholly_unseen,laplace,uniform,50.0,HU_plus_surface,0.0001,375ac5032a9e3c57e0a33947e30ec35ed19a33cd16476377d08907bad53f8f78,ab6a73c24ba62c3d9724a3522fbb09f1067db8fd7b60beca31ad0428d851e2c1,138,-0.5716980297922096,0.01
4,1,all_strict,wholly_unseen,laplace,uniform,50.0,HU_plus_surface,0.001,375ac5032a9e3c57e0a33947e30ec35ed19a33cd16476377d08907bad53f8f78,0136b7a79c8b0a1927fd2f20ecd13a94ef2c89ee528bb1b6ea4ae86437698d64,138,-0.5576187469685208,0.01
4,1,all_strict,wholly_unseen,laplace,uniform,50.0,HU_plus_surface,0.01,375ac5032a9e3c57e0a33947e30ec35ed19a33cd16476377d08907bad53f8f78,982076255eced959ee8d9cbbbffb751fca7349795b7356f994d7004182ae31b5,138,-0.5398384544952489,0.01
4,1,all_strict,wholly_unseen,laplace,uniform,50.0,HU_plus_surface,0.1,375ac5032a9e3c57e0a33947e30ec35ed19a33cd16476377d08907bad53f8f78,0d3b517b38aaf4302b49206287ee24da0da5589bc556f4ef0ab309dcd1d5c3af,138,-0.6156031524090846,0.01
4,2,all_strict,wholly_unseen,laplace,uniform,50.0,HU_plus_surface,0.0,21b28e9b95f6273e01cc5fd73d1827c62ba781b0fb4a0fc0e419afb51f80f1ef,c82dbd5201f55da3ad3b44ea16b08b70de2f1e0bdf63f7c12ebae6537c12459a,137,-0.5745546955658243,0.01
4,2,all_strict,wholly_unseen,laplace,uniform,50.0,HU_plus_surface,0.0001,21b28e9b95f6273e01cc5fd73d1827c62ba781b0fb4a0fc0e419afb51f80f1ef,f0b606f83d4ae61418bd5aec27ee59dd5f22f38ea78af4e9a28d62e75c66df07,137,-0.5716980297922096,0.01
4,2,all_strict,wholly_unseen,laplace,uniform,50.0,HU_plus_surface,0.001,21b28e9b95f6273e01cc5fd73d1827c62ba781b0fb4a0fc0e419afb51f80f1ef,945bdb99e10be04feaae6ed05e19d484e1ee7dc912f0f1148cc47570ffa9a9cb,137,-0.5576187469685208,0.01
4,2,all_strict,wholly_unseen,laplace,uniform,50.0,HU_plus_surface,0.01,21b28e9b95f6273e01cc5fd73d1827c62ba781b0fb4a0fc0e419afb51f80f1ef,a8997987f0fd7f9f508d048e5e94f6a78119f669d047211eafac4d006f4f09b4,137,-0.5398384544952489,0.01
4,2,all_strict,wholly_unseen,laplace,uniform,50.0,HU_plus_surface,0.1,21b28e9b95f6273e01cc5fd73d1827c62ba781b0fb4a0fc0e419afb51f80f1ef,fcf8bceeb58b199961c09d9c43775db9ba887e5ddd8188651b4be2c257c3b75b,137,-0.6156031524090846,0.01
4,0,all_strict,wholly_unseen,laplace,uniform,50.0,retention_bounded_plus_HU,0.0,dad5d4ffe3a4823687c1aff1acc1f86d373ce81b85b782fae1c4b7716c711349,e7b34ac785351dcf1dfbd92d228f6775d5f9ceb0eb4bc924af8d2802ec2cbe43,137,-0.5802045838855283,0.01
4,0,all_strict,wholly_unseen,laplace,uniform,50.0,retention_bounded_plus_HU,0.0001,dad5d4ffe3a4823687c1aff1acc1f86d373ce81b85b782fae1c4b7716c711349,98403b99b1a84dbef99a3d9e895b9dac7680cc8481c6ad2a9ce8180d04aa829d,137,-0.5786233955856712,0.01
4,0,all_strict,wholly_unseen,laplace,uniform,50.0,retention_bounded_plus_HU,0.001,dad5d4ffe3a4823687c1aff1acc1f86d373ce81b85b782fae1c4b7716c711349,92a66a0f623b0f967e8af04106136a07e5c728da197b35593ed2fdc2bf38adad,137,-0.5709678812462595,0.01
4,0,all_strict,wholly_unseen,laplace,uniform,50.0,retention_bounded_plus_HU,0.01,dad5d4ffe3a4823687c1aff1acc1f86d373ce81b85b782fae1c4b7716c711349,b608a69c5ee1f6d27299c5a01659e75a8ac56a2c36c504f6d227b013c1ce5d47,137,-0.5494854302174516,0.01
4,0,all_strict,wholly_unseen,laplace,uniform,50.0,retention_bounded_plus_HU,0.1,dad5d4ffe3a4823687c1aff1acc1f86d373ce81b85b782fae1c4b7716c711349,f45c3f7ec47c41dba64e3f0dd284bd77ec9ade74dc30e08c55cf3ac379784df9,137,-0.5741020917422954,0.01
4,1,all_strict,wholly_unseen,laplace,uniform,50.0,retention_bounded_plus_HU,0.0,375ac5032a9e3c57e0a33947e30ec35ed19a33cd16476377d08907bad53f8f78,bea9356074c4d2dfbca5de1c46ac628594eaa8e6da66fc2a1f0b18af7584c4b9,138,-0.5802045838855283,0.01
4,1,all_strict,wholly_unseen,laplace,uniform,50.0,retention_bounded_plus_HU,0.0001,375ac5032a9e3c57e0a33947e30ec35ed19a33cd16476377d08907bad53f8f78,6c9baba0312d67d9e7b58c124ce36d725509d0318210cd8d4abc41ed1c0bf1af,138,-0.5786233955856712,0.01
4,1,all_strict,wholly_unseen,laplace,uniform,50.0,retention_bounded_plus_HU,0.001,375ac5032a9e3c57e0a33947e30ec35ed19a33cd16476377d08907bad53f8f78,1bf3614c86e3821d71f165329a8e822e5c7b2cd8c058e95fed6bd0b9c18ec655,138,-0.5709678812462595,0.01
4,1,all_strict,wholly_unseen,laplace,uniform,50.0,retention_bounded_plus_HU,0.01,375ac5032a9e3c57e0a33947e30ec35ed19a33cd16476377d08907bad53f8f78,989488d99237337d1a6834c34bd937a643fea8020367b8edfe167dedeced2f7d,138,-0.5494854302174516,0.01
4,1,all_strict,wholly_unseen,laplace,uniform,50.0,retention_bounded_plus_HU,0.1,375ac5032a9e3c57e0a33947e30ec35ed19a33cd16476377d08907bad53f8f78,764ca992d057364600c745ffe685869846913f11a9a6fa56803fed25ca33954b,138,-0.5741020917422954,0.01
4,2,all_strict,wholly_unseen,laplace,uniform,50.0,retention_bounded_plus_HU,0.0,21b28e9b95f6273e01cc5fd73d1827c62ba781b0fb4a0fc0e419afb51f80f1ef,5d9ee42eb15d78c5fd309c5c020b45d15d0d74e111da595553090673da1cebc1,137,-0.5802045838855283,0.01
4,2,all_strict,wholly_unseen,laplace,uniform,50.0,retention_bounded_plus_HU,0.0001,21b28e9b95f6273e01cc5fd73d1827c62ba781b0fb4a0fc0e419afb51f80f1ef,ab01e04013f5881edeb851a31a8a00a6b1982a409c24f8ec943f063947a26bc7,137,-0.5786233955856712,0.01
4,2,all_strict,wholly_unseen,laplace,uniform,50.0,retention_bounded_plus_HU,0.001,21b28e9b95f6273e01cc5fd73d1827c62ba781b0fb4a0fc0e419afb51f80f1ef,8c7a168962519e1cf87803489c2a84fc50022c68cdf4d61c38f893cc7bcb47c4,137,-0.5709678812462595,0.01
4,2,all_strict,wholly_unseen,laplace,uniform,50.0,retention_bounded_plus_HU,0.01,21b28e9b95f6273e01cc5fd73d1827c62ba781b0fb4a0fc0e419afb51f80f1ef,c017a9e0b191fbc155f29c6e45e42f630f03840d106003b8656c62c19977b314,137,-0.5494854302174516,0.01
4,2,all_strict,wholly_unseen,laplace,uniform,50.0,retention_bounded_plus_HU,0.1,21b28e9b95f6273e01cc5fd73d1827c62ba781b0fb4a0fc0e419afb51f80f1ef,ac7ba2cdd20efea0f1bfaba72f0241e169f73e60ec6a491f912bf638c85fa6ca,137,-0.5741020917422954,0.01
4,0,all_strict,wholly_unseen,gh80,uniform,50.0,HU_plus_surface,0.0,dad5d4ffe3a4823687c1aff1acc1f86d373ce81b85b782fae1c4b7716c711349,eeef4f7e586bd178fcee05d4f26248f4fd87eea4f75576fdb37ed9d8a8e45e67,137,-0.5728246456538619,0.01
4,0,all_strict,wholly_unseen,gh80,uniform,50.0,HU_plus_surface,0.0001,dad5d4ffe3a4823687c1aff1acc1f86d373ce81b85b782fae1c4b7716c711349,3653e230d447140a8e1782bf729dc2653086fcfbd65ec0ec60dec35c32f32a94,137,-0.5695804913153922,0.01
4,0,all_strict,wholly_unseen,gh80,uniform,50.0,HU_plus_surface,0.001,dad5d4ffe3a4823687c1aff1acc1f86d373ce81b85b782fae1c4b7716c711349,4df87621274919627d4e5d800029b14f43fa4c723f7f265a4a7dfcce520f3854,137,-0.5540376589620045,0.01
4,0,all_strict,wholly_unseen,gh80,uniform,50.0,HU_plus_surface,0.01,dad5d4ffe3a4823687c1aff1acc1f86d373ce81b85b782fae1c4b7716c711349,10053ceb8b84c5b9b048202a87e64328d73770b56f5af0b005ac91261f776e79,137,-0.536127158623528,0.01
4,0,all_strict,wholly_unseen,gh80,uniform,50.0,HU_plus_surface,0.1,dad5d4ffe3a4823687c1aff1acc1f86d373ce81b85b782fae1c4b7716c711349,b6d24319334fc0463f2d78aa7d8e317d7c5e33aeca3211cedff27f1236eb0832,137,-0.6153586938221234,0.01
4,1,all_strict,wholly_unseen,gh80,uniform,50.0,HU_plus_surface,0.0,375ac5032a9e3c57e0a33947e30ec35ed19a33cd16476377d08907bad53f8f78,0f86ff17d5d06896c11fe6629444d7fab0be6cf59e5ca1ee11f25e25bd5c6f58,138,-0.5728246456538619,0.01
4,1,all_strict,wholly_unseen,gh80,uniform,50.0,HU_plus_surface,0.0001,375ac5032a9e3c57e0a33947e30ec35ed19a33cd16476377d08907bad53f8f78,1fab4a74520e42e4f1245f485edf5ad6620e90d070ca1a2e9356aafac2ac2f5a,138,-0.5695804913153922,0.01
4,1,all_strict,wholly_unseen,gh80,uniform,50.0,HU_plus_surface,0.001,375ac5032a9e3c57e0a33947e30ec35ed19a33cd16476377d08907bad53f8f78,eb3ec404a57636635a34f8134ce78c7a60f4b45fb72b7d2c042037d6843f189e,138,-0.5540376589620045,0.01
4,1,all_strict,wholly_unseen,gh80,uniform,50.0,HU_plus_surface,0.01,375ac5032a9e3c57e0a33947e30ec35ed19a33cd16476377d08907bad53f8f78,e45ed0d9200695cc6f331738ffce42fefe4a63bda4b12eabf7723b21460fe686,138,-0.536127158623528,0.01
4,1,all_strict,wholly_unseen,gh80,uniform,50.0,HU_plus_surface,0.1,375ac5032a9e3c57e0a33947e30ec35ed19a33cd16476377d08907bad53f8f78,022836bbb702b303083be556d0c52d268428fa64ab62e0a8c07a91357a5728e6,138,-0.6153586938221234,0.01
4,2,all_strict,wholly_unseen,gh80,uniform,50.0,HU_plus_surface,0.0,21b28e9b95f6273e01cc5fd73d1827c62ba781b0fb4a0fc0e419afb51f80f1ef,101812269e0f3bb90f92840dcdeb7a4db45dedf7842f8d8228af9fbb31317b31,137,-0.5728246456538619,0.01
4,2,all_strict,wholly_unseen,gh80,uniform,50.0,HU_plus_surface,0.0001,21b28e9b95f6273e01cc5fd73d1827c62ba781b0fb4a0fc0e419afb51f80f1ef,ea5cca9bc43fcc02e14095717070dabbf58898265a527f02e3e511513c9a2831,137,-0.5695804913153922,0.01
4,2,all_strict,wholly_unseen,gh80,uniform,50.0,HU_plus_surface,0.001,21b28e9b95f6273e01cc5fd73d1827c62ba781b0fb4a0fc0e419afb51f80f1ef,c62e95e74ea908ecd5faf2236368ed3d76863c016758fa3890002fd9f39aa2f6,137,-0.5540376589620045,0.01
4,2,all_strict,wholly_unseen,gh80,uniform,50.0,HU_plus_surface,0.01,21b28e9b95f6273e01cc5fd73d1827c62ba781b0fb4a0fc0e419afb51f80f1ef,811181bb871431f4bd0329ff7e246cdf8b7d11f0f4af6801a00baaf2802900a2,137,-0.536127158623528,0.01
4,2,all_strict,wholly_unseen,gh80,uniform,50.0,HU_plus_surface,0.1,21b28e9b95f6273e01cc5fd73d1827c62ba781b0fb4a0fc0e419afb51f80f1ef,71389e7917ba92640b6a1627c388e97d1441ee5318fc944a688d05908cb7b512,137,-0.6153586938221234,0.01
4,0,all_strict,wholly_unseen,gh80,uniform,50.0,retention_bounded_plus_HU,0.0,dad5d4ffe3a4823687c1aff1acc1f86d373ce81b85b782fae1c4b7716c711349,cc5346f195d3d7074b8f25da61391942f336e18a1fbe5d8ff4c662fa5b97d8fc,137,-0.5799538729927699,0.01
4,0,all_strict,wholly_unseen,gh80,uniform,50.0,retention_bounded_plus_HU,0.0001,dad5d4ffe3a4823687c1aff1acc1f86d373ce81b85b782fae1c4b7716c711349,d3639106320a58e0785f8e6b352ad650bc4817f69d8d4ddef916c46041c8b8a5,137,-0.5780097004013882,0.01
4,0,all_strict,wholly_unseen,gh80,uniform,50.0,retention_bounded_plus_HU,0.001,dad5d4ffe3a4823687c1aff1acc1f86d373ce81b85b782fae1c4b7716c711349,ac88a4a462bd603129626144b71694706c8e084ba518549a90451ef07cac7fdf,137,-0.5728600743406616,0.01
4,0,all_strict,wholly_unseen,gh80,uniform,50.0,retention_bounded_plus_HU,0.01,dad5d4ffe3a4823687c1aff1acc1f86d373ce81b85b782fae1c4b7716c711349,6c5d02c37c078baed37c5f218d552475c1f0b26fcb5640c9fdfe91100a17401a,137,-0.554518716370069,0.01
4,0,all_strict,wholly_unseen,gh80,uniform,50.0,retention_bounded_plus_HU,0.1,dad5d4ffe3a4823687c1aff1acc1f86d373ce81b85b782fae1c4b7716c711349,cbf6b0ab0b57964516f39aa4bf2e7b10892bf8a9760590da57cd525f4290f77b,137,-0.5772682450270085,0.01
4,1,all_strict,wholly_unseen,gh80,uniform,50.0,retention_bounded_plus_HU,0.0,375ac5032a9e3c57e0a33947e30ec35ed19a33cd16476377d08907bad53f8f78,7c6b83260d1a78285cec3fc37162f7681c204b4a192065f4a7dea033ca7a5b9f,138,-0.5799538729927699,0.01
4,1,all_strict,wholly_unseen,gh80,uniform,50.0,retention_bounded_plus_HU,0.0001,375ac5032a9e3c57e0a33947e30ec35ed19a33cd16476377d08907bad53f8f78,3224494aebca9c04cae4fba1f6e9c7fabd13a19fe3026718573ee4e26184591a,138,-0.5780097004013882,0.01
4,1,all_strict,wholly_unseen,gh80,uniform,50.0,retention_bounded_plus_HU,0.001,375ac5032a9e3c57e0a33947e30ec35ed19a33cd16476377d08907bad53f8f78,d9dbe85e91834cfe8482c1b0f8e194bc76d226668ebbc6b284dee8cfbefadead,138,-0.5728600743406616,0.01
4,1,all_strict,wholly_unseen,gh80,uniform,50.0,retention_bounded_plus_HU,0.01,375ac5032a9e3c57e0a33947e30ec35ed19a33cd16476377d08907bad53f8f78,cb3c539925ae3be398a888db94fabb20864a83cb9f7c65fb0b0dcf683d49cb4f,138,-0.554518716370069,0.01
4,1,all_strict,wholly_unseen,gh80,uniform,50.0,retention_bounded_plus_HU,0.1,375ac5032a9e3c57e0a33947e30ec35ed19a33cd16476377d08907bad53f8f78,0f94de9eec99f168037a5440e7ccaeaeca2f5cf5fdc90f14e754d33ae350d728,138,-0.5772682450270085,0.01
4,2,all_strict,wholly_unseen,gh80,uniform,50.0,retention_bounded_plus_HU,0.0,21b28e9b95f6273e01cc5fd73d1827c62ba781b0fb4a0fc0e419afb51f80f1ef,c79aad52c6cac5cf9cc3af7a6abbb87b523b5a955d86c96720fba7ed8cde4f0c,137,-0.5799538729927699,0.01
4,2,all_strict,wholly_unseen,gh80,uniform,50.0,retention_bounded_plus_HU,0.0001,21b28e9b95f6273e01cc5fd73d1827c62ba781b0fb4a0fc0e419afb51f80f1ef,b0f5e372c295d3dc82318681050394c9dac504f6b502252c3da7e3e8cdc4fd4f,137,-0.5780097004013882,0.01
4,2,all_strict,wholly_unseen,gh80,uniform,50.0,retention_bounded_plus_HU,0.001,21b28e9b95f6273e01cc5fd73d1827c62ba781b0fb4a0fc0e419afb51f80f1ef,9efae5ae4ca597d0dd594e35738cc93ee685506aa41d8cc17b70def5e24d60ac,137,-0.5728600743406616,0.01
4,2,all_strict,wholly_unseen,gh80,uniform,50.0,retention_bounded_plus_HU,0.01,21b28e9b95f6273e01cc5fd73d1827c62ba781b0fb4a0fc0e419afb51f80f1ef,785027849bb3acec26b35bac74a6c838a99214e7479888baed93bb0d9b4e70c6,137,-0.554518716370069,0.01
4,2,all_strict,wholly_unseen,gh80,uniform,50.0,retention_bounded_plus_HU,0.1,21b28e9b95f6273e01cc5fd73d1827c62ba781b0fb4a0fc0e419afb51f80f1ef,1daaac219ec19cada4f81836432d01a83b56bb6e43d34fb39211215094bc2726,137,-0.5772682450270085,0.01
4,0,all_agreeing_offsets,side_informed,laplace,uniform,50.0,retention_bounded,0.0,dad5d4ffe3a4823687c1aff1acc1f86d373ce81b85b782fae1c4b7716c711349,3fdeb0b84e41897a3a1e1971159ab29352df61e3b10075be05f07811148503ee,137,-0.3554925864098399,0.01
4,0,all_agreeing_offsets,side_informed,laplace,uniform,50.0,retention_bounded,0.0001,dad5d4ffe3a4823687c1aff1acc1f86d373ce81b85b782fae1c4b7716c711349,52bbaea024423e1e56e48ba548bb82ae87a86dd9508b7a184b5c7225f5a13da4,137,-0.3529552621554023,0.01
4,0,all_agreeing_offsets,side_informed,laplace,uniform,50.0,retention_bounded,0.001,dad5d4ffe3a4823687c1aff1acc1f86d373ce81b85b782fae1c4b7716c711349,173d537e43d746612dae9a10b959985f934d47034067fc2e3e00e2c774e564c2,137,-0.3377255604613632,0.01
4,0,all_agreeing_offsets,side_informed,laplace,uniform,50.0,retention_bounded,0.01,dad5d4ffe3a4823687c1aff1acc1f86d373ce81b85b782fae1c4b7716c711349,6a08d0e1654cfd22139eb2d96f8b89763c7c670b2d419f121225e929e16073ff,137,-0.30756379556438,0.01
4,0,all_agreeing_offsets,side_informed,laplace,uniform,50.0,retention_bounded,0.1,dad5d4ffe3a4823687c1aff1acc1f86d373ce81b85b782fae1c4b7716c711349,466b4c9b6270688220b692a7ae23d723da359dcb144ae8cee19ba4649e71f7fd,137,-0.3556734208722488,0.01
4,1,all_agreeing_offsets,side_informed,laplace,uniform,50.0,retention_bounded,0.0,375ac5032a9e3c57e0a33947e30ec35ed19a33cd16476377d08907bad53f8f78,f29069db4eeffa7263627a7df5c087b9fe7a408b5c1ae565882e03e7e58a4655,138,-0.3554925864098399,0.01
4,1,all_agreeing_offsets,side_informed,laplace,uniform,50.0,retention_bounded,0.0001,375ac5032a9e3c57e0a33947e30ec35ed19a33cd16476377d08907bad53f8f78,fb1911e589b1d0cc7bd182ccd14842572e70329d29bf611c26274adfee9648f3,138,-0.3529552621554023,0.01
4,1,all_agreeing_offsets,side_informed,laplace,uniform,50.0,retention_bounded,0.001,375ac5032a9e3c57e0a33947e30ec35ed19a33cd16476377d08907bad53f8f78,7408f59d60460c41e1b6da891c0b7fcbb6d0ee6088f2f959e70ce4d28ce38677,138,-0.3377255604613632,0.01
4,1,all_agreeing_offsets,side_informed,laplace,uniform,50.0,retention_bounded,0.01,375ac5032a9e3c57e0a33947e30ec35ed19a33cd16476377d08907bad53f8f78,772b4ba945ad3168181fd6b3f89ee57cd66cc48758495fab6301cefb97bb3b42,138,-0.30756379556438,0.01
4,1,all_agreeing_offsets,side_informed,laplace,uniform,50.0,retention_bounded,0.1,375ac5032a9e3c57e0a33947e30ec35ed19a33cd16476377d08907bad53f8f78,8d58570c6cb3d4357a54eb68c7380ee41b621b300683e883781b3dd9b3eaac75,138,-0.3556734208722488,0.01
4,2,all_agreeing_offsets,side_informed,laplace,uniform,50.0,retention_bounded,0.0,21b28e9b95f6273e01cc5fd73d1827c62ba781b0fb4a0fc0e419afb51f80f1ef,79b6e571a851cb866fe7994f701f3d242e13481f7ddf601e7457ca5f9aff60c5,137,-0.3554925864098399,0.01
4,2,all_agreeing_offsets,side_informed,laplace,uniform,50.0,retention_bounded,0.0001,21b28e9b95f6273e01cc5fd73d1827c62ba781b0fb4a0fc0e419afb51f80f1ef,438913461120e036f0fa0a81c649519a8ba1595fc250a3a4423cf70e45d9ba2c,137,-0.3529552621554023,0.01
4,2,all_agreeing_offsets,side_informed,laplace,uniform,50.0,retention_bounded,0.001,21b28e9b95f6273e01cc5fd73d1827c62ba781b0fb4a0fc0e419afb51f80f1ef,42bbfa08a08b7d1f9b8cea1b2ab9227e7f9eeead754385f2a1fc3be9b5c08173,137,-0.3377255604613632,0.01
4,2,all_agreeing_offsets,side_informed,laplace,uniform,50.0,retention_bounded,0.01,21b28e9b95f6273e01cc5fd73d1827c62ba781b0fb4a0fc0e419afb51f80f1ef,c1abb9991d504c803ae772a84c7220de38a0c113d2f830e25a8da5c8939b84ad,137,-0.30756379556438,0.01
4,2,all_agreeing_offsets,side_informed,laplace,uniform,50.0,retention_bounded,0.1,21b28e9b95f6273e01cc5fd73d1827c62ba781b0fb4a0fc0e419afb51f80f1ef,259783c59322f2c735f81bb7fdd1d22214eea0d1f5e6f42328655f4d03120af2,137,-0.3556734208722488,0.01
4,0,all_agreeing_offsets,side_informed,laplace,uniform,50.0,retention_nonnegative,0.0,dad5d4ffe3a4823687c1aff1acc1f86d373ce81b85b782fae1c4b7716c711349,0ef7e593c8889449f9ac694b0eb60eda44c3dd22ba8b72ca901f54a623fb1821,137,-0.35549258596538913,0.001
4,0,all_agreeing_offsets,side_informed,laplace,uniform,50.0,retention_nonnegative,0.0001,dad5d4ffe3a4823687c1aff1acc1f86d373ce81b85b782fae1c4b7716c711349,b2a0e3e6a878255d73d943521af32a1112001fcdf1474332ab7acbe0cd60a55e,137,-0.35148142534455257,0.001
4,0,all_agreeing_offsets,side_informed,laplace,uniform,50.0,retention_nonnegative,0.001,dad5d4ffe3a4823687c1aff1acc1f86d373ce81b85b782fae1c4b7716c711349,09ccdb69264846f58b594135d1b77294c1a338356661c7f96b09db4d2bcc496a,137,-0.33500080756172823,0.001
4,0,all_agreeing_offsets,side_informed,laplace,uniform,50.0,retention_nonnegative,0.01,dad5d4ffe3a4823687c1aff1acc1f86d373ce81b85b782fae1c4b7716c711349,082dfbb3ed0a9c4c0a4c41a03707836c64f07511dc54d230f7207dfc579020ec,137,-0.337067261128224,0.001
4,0,all_agreeing_offsets,side_informed,laplace,uniform,50.0,retention_nonnegative,0.1,dad5d4ffe3a4823687c1aff1acc1f86d373ce81b85b782fae1c4b7716c711349,c94c5e09c95cd21c424576587835197cd971b1fb16ff52558db6515f2706fd11,137,-0.429644088879794,0.001
4,1,all_agreeing_offsets,side_informed,laplace,uniform,50.0,retention_nonnegative,0.0,375ac5032a9e3c57e0a33947e30ec35ed19a33cd16476377d08907bad53f8f78,929e7075a637ce08310b00d800c10f5da1a5c12fedc748927c7ee3b7491193ce,138,-0.35549258596538913,0.001
4,1,all_agreeing_offsets,side_informed,laplace,uniform,50.0,retention_nonnegative,0.0001,375ac5032a9e3c57e0a33947e30ec35ed19a33cd16476377d08907bad53f8f78,62f0e7030e828d28fc95350f5d6c76e5a70bc54037eda596dfb4525754187ffa,138,-0.35148142534455257,0.001
4,1,all_agreeing_offsets,side_informed,laplace,uniform,50.0,retention_nonnegative,0.001,375ac5032a9e3c57e0a33947e30ec35ed19a33cd16476377d08907bad53f8f78,ff6691dc9ad2e6224580d32d20e65ae99ffa61d1451a6c21344ac9f5a2ed4a2e,138,-0.33500080756172823,0.001
4,1,all_agreeing_offsets,side_informed,laplace,uniform,50.0,retention_nonnegative,0.01,375ac5032a9e3c57e0a33947e30ec35ed19a33cd16476377d08907bad53f8f78,f0bd5f6f1ac034b5fe3daaec162ef24673d445bc49746b1f282549de271833c4,138,-0.337067261128224,0.001
4,1,all_agreeing_offsets,side_informed,laplace,uniform,50.0,retention_nonnegative,0.1,375ac5032a9e3c57e0a33947e30ec35ed19a33cd16476377d08907bad53f8f78,7e8d2ed405d7467e9ffef7a72fda8666994b9fd64b08c8b45712474cf4004fe6,138,-0.429644088879794,0.001
4,2,all_agreeing_offsets,side_informed,laplace,uniform,50.0,retention_nonnegative,0.0,21b28e9b95f6273e01cc5fd73d1827c62ba781b0fb4a0fc0e419afb51f80f1ef,f305cc5248b0c31dc5b6ddcb8553baa575d06a4de008c504372fd49a2a3e013c,137,-0.35549258596538913,0.001
4,2,all_agreeing_offsets,side_informed,laplace,uniform,50.0,retention_nonnegative,0.0001,21b28e9b95f6273e01cc5fd73d1827c62ba781b0fb4a0fc0e419afb51f80f1ef,e9311f2e18b0a9225c589abea62cc11656c0b9c76158503c3eaca471bf4019a0,137,-0.35148142534455257,0.001
4,2,all_agreeing_offsets,side_informed,laplace,uniform,50.0,retention_nonnegative,0.001,21b28e9b95f6273e01cc5fd73d1827c62ba781b0fb4a0fc0e419afb51f80f1ef,c464a24f9bf932a9d5250e15e48ded19181ed483dc2a03f8fc8f546c94d78277,137,-0.33500080756172823,0.001
4,2,all_agreeing_offsets,side_informed,laplace,uniform,50.0,retention_nonnegative,0.01,21b28e9b95f6273e01cc5fd73d1827c62ba781b0fb4a0fc0e419afb51f80f1ef,35722fdfef76be99a93cfc7f095129c87832d586a8d14f296bdfd43a7f42e243,137,-0.337067261128224,0.001
4,2,all_agreeing_offsets,side_informed,laplace,uniform,50.0,retention_nonnegative,0.1,21b28e9b95f6273e01cc5fd73d1827c62ba781b0fb4a0fc0e419afb51f80f1ef,e67584e68d7627fce6bf7c0737407f2300112c0bb5249566d3c23a824912222c,137,-0.429644088879794,0.001
4,0,all_agreeing_offsets,side_informed,laplace,uniform,50.0,current_only,0.0,dad5d4ffe3a4823687c1aff1acc1f86d373ce81b85b782fae1c4b7716c711349,64e01ffbe70a517522ad2aafb0577dca9733df7f1b968138eca202038c573bde,137,-0.6134364991869065,0.1
4,0,all_agreeing_offsets,side_informed,laplace,uniform,50.0,current_only,0.0001,dad5d4ffe3a4823687c1aff1acc1f86d373ce81b85b782fae1c4b7716c711349,072e8e40e14a67e845e7a9155477f49ce46cf6b2463a5f006cdb2d4ce872b929,137,-0.6130844268869244,0.1
4,0,all_agreeing_offsets,side_informed,laplace,uniform,50.0,current_only,0.001,dad5d4ffe3a4823687c1aff1acc1f86d373ce81b85b782fae1c4b7716c711349,269b978417e37ec9e26d55d29441644336d0382959623b37c9dfe848dab09077,137,-0.610099569765711,0.1
4,0,all_agreeing_offsets,side_informed,laplace,uniform,50.0,current_only,0.01,dad5d4ffe3a4823687c1aff1acc1f86d373ce81b85b782fae1c4b7716c711349,fc70d33a7fb4c2e8bf376fa3635a589623ab891f8581d4a0df7272dc8561a051,137,-0.5914184078957155,0.1
4,0,all_agreeing_offsets,side_informed,laplace,uniform,50.0,current_only,0.1,dad5d4ffe3a4823687c1aff1acc1f86d373ce81b85b782fae1c4b7716c711349,6ae16a7438a445526781df0e387a796ac436ec6c88124fd03ae53b6e8d850824,137,-0.5873888322789933,0.1
4,1,all_agreeing_offsets,side_informed,laplace,uniform,50.0,current_only,0.0,375ac5032a9e3c57e0a33947e30ec35ed19a33cd16476377d08907bad53f8f78,984fd3d6255bc7291c364c60b453b52f26b29d0b53ef4e8106becdd98eb991c6,138,-0.6134364991869065,0.1
4,1,all_agreeing_offsets,side_informed,laplace,uniform,50.0,current_only,0.0001,375ac5032a9e3c57e0a33947e30ec35ed19a33cd16476377d08907bad53f8f78,13037c73851d7ace7803e340c31416551dd73fc0c46c650216f16ffda806142a,138,-0.6130844268869244,0.1
4,1,all_agreeing_offsets,side_informed,laplace,uniform,50.0,current_only,0.001,375ac5032a9e3c57e0a33947e30ec35ed19a33cd16476377d08907bad53f8f78,1e2644851c7a31213d910d63f5672015bf8f7e66a2c21c14f00ef0afad0e0777,138,-0.610099569765711,0.1
4,1,all_agreeing_offsets,side_informed,laplace,uniform,50.0,current_only,0.01,375ac5032a9e3c57e0a33947e30ec35ed19a33cd16476377d08907bad53f8f78,6263c1e3d9bf1611bd9e67d73b57613928bdfced26f767fbf046d2c94f128c09,138,-0.5914184078957155,0.1
4,1,all_agreeing_offsets,side_informed,laplace,uniform,50.0,current_only,0.1,375ac5032a9e3c57e0a33947e30ec35ed19a33cd16476377d08907bad53f8f78,673a6890406542bec21084f53bce5fe593ac7e8a8e376758fab790c53e2d64ef,138,-0.5873888322789933,0.1
4,2,all_agreeing_offsets,side_informed,laplace,uniform,50.0,current_only,0.0,21b28e9b95f6273e01cc5fd73d1827c62ba781b0fb4a0fc0e419afb51f80f1ef,9a8b13028cc5d8373f806715b4500f21c8bb0d7539e66103c8b559ae3ff705b0,137,-0.6134364991869065,0.1
4,2,all_agreeing_offsets,side_informed,laplace,uniform,50.0,current_only,0.0001,21b28e9b95f6273e01cc5fd73d1827c62ba781b0fb4a0fc0e419afb51f80f1ef,9dcfaafc763df73ec2930151bce34adc4402078813178fe08c325f78d6957beb,137,-0.6130844268869244,0.1
4,2,all_agreeing_offsets,side_informed,laplace,uniform,50.0,current_only,0.001,21b28e9b95f6273e01cc5fd73d1827c62ba781b0fb4a0fc0e419afb51f80f1ef,17ed1215aab0cc03625ca0239b3d547361d7f950d2cf7d26a2358af548e41997,137,-0.610099569765711,0.1
4,2,all_agreeing_offsets,side_informed,laplace,uniform,50.0,current_only,0.01,21b28e9b95f6273e01cc5fd73d1827c62ba781b0fb4a0fc0e419afb51f80f1ef,0582bb2b122da3fb6634dacf7ede17756e17daedefd37ff52ae45fb6803d19ca,137,-0.5914184078957155,0.1
4,2,all_agreeing_offsets,side_informed,laplace,uniform,50.0,current_only,0.1,21b28e9b95f6273e01cc5fd73d1827c62ba781b0fb4a0fc0e419afb51f80f1ef,f819da4b02083eafca4fccf3b4e2895fe5ac879fae7a40f36f8bcb55c522b541,137,-0.5873888322789933,0.1
4,0,all_agreeing_offsets,side_informed,laplace,uniform,50.0,input_plus_surface,0.0,dad5d4ffe3a4823687c1aff1acc1f86d373ce81b85b782fae1c4b7716c711349,aa568bffd5e093ed062af3a6bace6a571c126b04a439c1a797614c1d015c930e,137,-0.35619454500177017,0.01
4,0,all_agreeing_offsets,side_informed,laplace,uniform,50.0,input_plus_surface,0.0001,dad5d4ffe3a4823687c1aff1acc1f86d373ce81b85b782fae1c4b7716c711349,a524fe419e44c86376f6f2378a3020feb96f8cb33d96dd340af8338b06c6477d,137,-0.3516108444016487,0.01
4,0,all_agreeing_offsets,side_informed,laplace,uniform,50.0,input_plus_surface,0.001,dad5d4ffe3a4823687c1aff1acc1f86d373ce81b85b782fae1c4b7716c711349,b779b34188eb7be75c37e788831be0031d6fc0a662e4a7e0d2067e3fff204c0f,137,-0.33022321917562814,0.01
4,0,all_agreeing_offsets,side_informed,laplace,uniform,50.0,input_plus_surface,0.01,dad5d4ffe3a4823687c1aff1acc1f86d373ce81b85b782fae1c4b7716c711349,539f8ef0cdbbfa71a4fa0d8c57905a9a96634d2cf9e80d6cd9c451f4c6ebc75b,137,-0.3073534025409051,0.01
4,0,all_agreeing_offsets,side_informed,laplace,uniform,50.0,input_plus_surface,0.1,dad5d4ffe3a4823687c1aff1acc1f86d373ce81b85b782fae1c4b7716c711349,e9f2f802cc7ed0d07d072c11dae50db4172e9dfeb69fddf68ae8499ae97492c2,137,-0.37739639068557584,0.01
4,1,all_agreeing_offsets,side_informed,laplace,uniform,50.0,input_plus_surface,0.0,375ac5032a9e3c57e0a33947e30ec35ed19a33cd16476377d08907bad53f8f78,5f2272a4eeb3f3f823525124edb0cf5496af434b007ce0ca0c1a91af7238a0f5,138,-0.35619454500177017,0.01
4,1,all_agreeing_offsets,side_informed,laplace,uniform,50.0,input_plus_surface,0.0001,375ac5032a9e3c57e0a33947e30ec35ed19a33cd16476377d08907bad53f8f78,5c63f190fc65be64d460b98fffdb7b00f809637f1abca464e7bf7defaa21d0da,138,-0.3516108444016487,0.01
4,1,all_agreeing_offsets,side_informed,laplace,uniform,50.0,input_plus_surface,0.001,375ac5032a9e3c57e0a33947e30ec35ed19a33cd16476377d08907bad53f8f78,fb2a4a6e540dbf9c5017dbae9f86d93ae56c7adc6c0c78e795b791f43b699ca0,138,-0.33022321917562814,0.01
4,1,all_agreeing_offsets,side_informed,laplace,uniform,50.0,input_plus_surface,0.01,375ac5032a9e3c57e0a33947e30ec35ed19a33cd16476377d08907bad53f8f78,5115b49c124ec916dc61d268190393ce866f99c3c4ae199123d255e8849a0556,138,-0.3073534025409051,0.01
4,1,all_agreeing_offsets,side_informed,laplace,uniform,50.0,input_plus_surface,0.1,375ac5032a9e3c57e0a33947e30ec35ed19a33cd16476377d08907bad53f8f78,1fb375751052ea1cb32776e2c6e3d98360b52aa75e9b198488cb4aa9dc1b2ab9,138,-0.37739639068557584,0.01
4,2,all_agreeing_offsets,side_informed,laplace,uniform,50.0,input_plus_surface,0.0,21b28e9b95f6273e01cc5fd73d1827c62ba781b0fb4a0fc0e419afb51f80f1ef,d5bead6652a91a1f8f58682cc21e1d83230662d73e132b78d73307839e2184b1,137,-0.35619454500177017,0.01
4,2,all_agreeing_offsets,side_informed,laplace,uniform,50.0,input_plus_surface,0.0001,21b28e9b95f6273e01cc5fd73d1827c62ba781b0fb4a0fc0e419afb51f80f1ef,b037223c93a413765a732c03a0a1eb755e1dd64e44a584b8af093ac6a0eeef3b,137,-0.3516108444016487,0.01
4,2,all_agreeing_offsets,side_informed,laplace,uniform,50.0,input_plus_surface,0.001,21b28e9b95f6273e01cc5fd73d1827c62ba781b0fb4a0fc0e419afb51f80f1ef,3df5f65a4a84fb6ea85fd649e42a00353ce23dde279ae5bafa3a124ae3ba719b,137,-0.33022321917562814,0.01
4,2,all_agreeing_offsets,side_informed,laplace,uniform,50.0,input_plus_surface,0.01,21b28e9b95f6273e01cc5fd73d1827c62ba781b0fb4a0fc0e419afb51f80f1ef,102ed45ba67e96920f9c26519f95163fc923c3041be872bffcc1484e272a16cc,137,-0.3073534025409051,0.01
4,2,all_agreeing_offsets,side_informed,laplace,uniform,50.0,input_plus_surface,0.1,21b28e9b95f6273e01cc5fd73d1827c62ba781b0fb4a0fc0e419afb51f80f1ef,8242d6abfde8a5f19766509f926135c4bdd00296f58752860864e1cb95d8ceac,137,-0.37739639068557584,0.01
4,0,all_agreeing_offsets,side_informed,laplace,uniform,50.0,HU_plus_surface,0.0,dad5d4ffe3a4823687c1aff1acc1f86d373ce81b85b782fae1c4b7716c711349,9b6bd813e7c6ab1ff12ad1bde56e04c2ceefbd829df2e1db52d3209099fb8725,137,-0.3086287023221245,0.01
4,0,all_agreeing_offsets,side_informed,laplace,uniform,50.0,HU_plus_surface,0.0001,dad5d4ffe3a4823687c1aff1acc1f86d373ce81b85b782fae1c4b7716c711349,5650d614bc280ca6aabd306577228a37593caffb5f6793f20f90d058e2e27655,137,-0.3051339848932101,0.01
4,0,all_agreeing_offsets,side_informed,laplace,uniform,50.0,HU_plus_surface,0.001,dad5d4ffe3a4823687c1aff1acc1f86d373ce81b85b782fae1c4b7716c711349,3cc429f622514d0f4ed05c9448eb96296e9ceb4a4c91e3259ab908e21d046f76,137,-0.2906504127508686,0.01
4,0,all_agreeing_offsets,side_informed,laplace,uniform,50.0,HU_plus_surface,0.01,dad5d4ffe3a4823687c1aff1acc1f86d373ce81b85b782fae1c4b7716c711349,2fe1688d684db8fbba24247bca92f38591c25ebf458bde7a796f0e33f1e4bd6c,137,-0.28288664777994055,0.01
4,0,all_agreeing_offsets,side_informed,laplace,uniform,50.0,HU_plus_surface,0.1,dad5d4ffe3a4823687c1aff1acc1f86d373ce81b85b782fae1c4b7716c711349,015b4c8b03817fb64e52cc71e8b488f27591ff67b175d2e9e9bd9a1ff7b6f45f,137,-0.36646983926468085,0.01
4,1,all_agreeing_offsets,side_informed,laplace,uniform,50.0,HU_plus_surface,0.0,375ac5032a9e3c57e0a33947e30ec35ed19a33cd16476377d08907bad53f8f78,2262271d939e88708f31558b1cc40a018e5e77b60844821a6ea1ed0b20c702a4,138,-0.3086287023221245,0.01
4,1,all_agreeing_offsets,side_informed,laplace,uniform,50.0,HU_plus_surface,0.0001,375ac5032a9e3c57e0a33947e30ec35ed19a33cd16476377d08907bad53f8f78,f2321c105037267818df0a9600a98d0e5b86b36193a98d763b96f790a3e96d06,138,-0.3051339848932101,0.01
4,1,all_agreeing_offsets,side_informed,laplace,uniform,50.0,HU_plus_surface,0.001,375ac5032a9e3c57e0a33947e30ec35ed19a33cd16476377d08907bad53f8f78,67131897bda9e8a59748d4f51a654ec54088149f46d19341ec2a0a6dd51dcb93,138,-0.2906504127508686,0.01
4,1,all_agreeing_offsets,side_informed,laplace,uniform,50.0,HU_plus_surface,0.01,375ac5032a9e3c57e0a33947e30ec35ed19a33cd16476377d08907bad53f8f78,cb0ad794918a710cecb70bee8fe85a605b61a58611760441bfb6fd491e2b2476,138,-0.28288664777994055,0.01
4,1,all_agreeing_offsets,side_informed,laplace,uniform,50.0,HU_plus_surface,0.1,375ac5032a9e3c57e0a33947e30ec35ed19a33cd16476377d08907bad53f8f78,cfe8bd7b6226d0741db746888fc6ddd799da8ffa0aecb5600f4f7c21949075db,138,-0.36646983926468085,0.01
4,2,all_agreeing_offsets,side_informed,laplace,uniform,50.0,HU_plus_surface,0.0,21b28e9b95f6273e01cc5fd73d1827c62ba781b0fb4a0fc0e419afb51f80f1ef,a8ba584012b88684070f0f407cd3f8da496fc93e25dc47749f6a0246ff94596f,137,-0.3086287023221245,0.01
4,2,all_agreeing_offsets,side_informed,laplace,uniform,50.0,HU_plus_surface,0.0001,21b28e9b95f6273e01cc5fd73d1827c62ba781b0fb4a0fc0e419afb51f80f1ef,f92ea54d713e60d1515d6d7fa8f63e72d8cc05c9f670734fef9b226425a11580,137,-0.3051339848932101,0.01
4,2,all_agreeing_offsets,side_informed,laplace,uniform,50.0,HU_plus_surface,0.001,21b28e9b95f6273e01cc5fd73d1827c62ba781b0fb4a0fc0e419afb51f80f1ef,fff94abf373b1b2873f4f7a34f3ced0df70f5f920005bf0fcb38b32ba7deca78,137,-0.2906504127508686,0.01
4,2,all_agreeing_offsets,side_informed,laplace,uniform,50.0,HU_plus_surface,0.01,21b28e9b95f6273e01cc5fd73d1827c62ba781b0fb4a0fc0e419afb51f80f1ef,8b3b5d7d56e130b2528d7751678141b547e687d5c58560dd5ee5dde95ea5fb52,137,-0.28288664777994055,0.01
4,2,all_agreeing_offsets,side_informed,laplace,uniform,50.0,HU_plus_surface,0.1,21b28e9b95f6273e01cc5fd73d1827c62ba781b0fb4a0fc0e419afb51f80f1ef,9ce5069d22d6b9779feae18d5dde4839616747eed826795c245c8fe6c220ac99,137,-0.36646983926468085,0.01
4,0,all_agreeing_offsets,side_informed,laplace,uniform,50.0,retention_bounded_plus_HU,0.0,dad5d4ffe3a4823687c1aff1acc1f86d373ce81b85b782fae1c4b7716c711349,6b7eec1c38d13e54a21ecb0015a0f5d96aced43871b61f6281f324b960d8e3d2,137,-0.2978000038952648,0.01
4,0,all_agreeing_offsets,side_informed,laplace,uniform,50.0,retention_bounded_plus_HU,0.0001,dad5d4ffe3a4823687c1aff1acc1f86d373ce81b85b782fae1c4b7716c711349,0d4e20141f302f373ed63b260266447dba7a2ca6b408e816b3cf930054d927e9,137,-0.29738855791980123,0.01
4,0,all_agreeing_offsets,side_informed,laplace,uniform,50.0,retention_bounded_plus_HU,0.001,dad5d4ffe3a4823687c1aff1acc1f86d373ce81b85b782fae1c4b7716c711349,3894816e03d067cc1b1c0467d25670e96c91b6d0838d21525ad54958b6d39c50,137,-0.2934535452734667,0.01
4,0,all_agreeing_offsets,side_informed,laplace,uniform,50.0,retention_bounded_plus_HU,0.01,dad5d4ffe3a4823687c1aff1acc1f86d373ce81b85b782fae1c4b7716c711349,1f720becbf339eafa13842c0e9306efb1bae210040fa7561fc4f163aae62ece4,137,-0.28110820217928517,0.01
4,0,all_agreeing_offsets,side_informed,laplace,uniform,50.0,retention_bounded_plus_HU,0.1,dad5d4ffe3a4823687c1aff1acc1f86d373ce81b85b782fae1c4b7716c711349,8f598f07c10fce0cec3cbaec061f1e34a0c75f4e961a8330c5d57b73751b547e,137,-0.3208391528652124,0.01
4,1,all_agreeing_offsets,side_informed,laplace,uniform,50.0,retention_bounded_plus_HU,0.0,375ac5032a9e3c57e0a33947e30ec35ed19a33cd16476377d08907bad53f8f78,b8474a5ddf7fadf58830a2057494583d194ddf691df02c4c2067760ec21f0114,138,-0.2978000038952648,0.01
4,1,all_agreeing_offsets,side_informed,laplace,uniform,50.0,retention_bounded_plus_HU,0.0001,375ac5032a9e3c57e0a33947e30ec35ed19a33cd16476377d08907bad53f8f78,73847547c7e4201d292d01bad2e1dc5549c30a2304e4346d64ce307289645fb2,138,-0.29738855791980123,0.01
4,1,all_agreeing_offsets,side_informed,laplace,uniform,50.0,retention_bounded_plus_HU,0.001,375ac5032a9e3c57e0a33947e30ec35ed19a33cd16476377d08907bad53f8f78,5699f246f060f2978da38a892115e6a5c13d1a845db74a5189786200d105bfe4,138,-0.2934535452734667,0.01
4,1,all_agreeing_offsets,side_informed,laplace,uniform,50.0,retention_bounded_plus_HU,0.01,375ac5032a9e3c57e0a33947e30ec35ed19a33cd16476377d08907bad53f8f78,ce5f2c5a75f928dd12ff3ae89615d4ad03c32400602aa2cfe5dd5a9bfd55c61b,138,-0.28110820217928517,0.01
4,1,all_agreeing_offsets,side_informed,laplace,uniform,50.0,retention_bounded_plus_HU,0.1,375ac5032a9e3c57e0a33947e30ec35ed19a33cd16476377d08907bad53f8f78,c9a86f7d04d8d9e0edfb72099be986d66ee901422c74b167fe6a1454a40b94d6,138,-0.3208391528652124,0.01
4,2,all_agreeing_offsets,side_informed,laplace,uniform,50.0,retention_bounded_plus_HU,0.0,21b28e9b95f6273e01cc5fd73d1827c62ba781b0fb4a0fc0e419afb51f80f1ef,19fd52deca58d4b2d795088027c89b8abcdfd1493217131a038ebf3ce63a7969,137,-0.2978000038952648,0.01
4,2,all_agreeing_offsets,side_informed,laplace,uniform,50.0,retention_bounded_plus_HU,0.0001,21b28e9b95f6273e01cc5fd73d1827c62ba781b0fb4a0fc0e419afb51f80f1ef,d35e60f1db9df58dd53f18a211ba7c840b39b276ae228d81dfbf8a7d87622859,137,-0.29738855791980123,0.01
4,2,all_agreeing_offsets,side_informed,laplace,uniform,50.0,retention_bounded_plus_HU,0.001,21b28e9b95f6273e01cc5fd73d1827c62ba781b0fb4a0fc0e419afb51f80f1ef,8e7b6a36d019e4644c00d7359129cf0c11a1211511c71f2847c7508c3771024b,137,-0.2934535452734667,0.01
4,2,all_agreeing_offsets,side_informed,laplace,uniform,50.0,retention_bounded_plus_HU,0.01,21b28e9b95f6273e01cc5fd73d1827c62ba781b0fb4a0fc0e419afb51f80f1ef,5182ffd3cbe17516477503df0cd6639e8fd10ffc662048b3626b4b213c4b2aab,137,-0.28110820217928517,0.01
4,2,all_agreeing_offsets,side_informed,laplace,uniform,50.0,retention_bounded_plus_HU,0.1,21b28e9b95f6273e01cc5fd73d1827c62ba781b0fb4a0fc0e419afb51f80f1ef,3324bae31fc172c6bf0ae9c54cff94c885c4235b850d912d69ab97b92e9abde2,137,-0.3208391528652124,0.01
4,0,all_agreeing_offsets,side_informed,gh80,uniform,50.0,HU_plus_surface,0.0,dad5d4ffe3a4823687c1aff1acc1f86d373ce81b85b782fae1c4b7716c711349,57bec9da0698ea5640a30967f80fc00e49071a3b4174fde7ad83757d97c95720,137,-0.32494711950944605,0.01
4,0,all_agreeing_offsets,side_informed,gh80,uniform,50.0,HU_plus_surface,0.0001,dad5d4ffe3a4823687c1aff1acc1f86d373ce81b85b782fae1c4b7716c711349,d64fcebc271b47db9667697dcf0f582118cb3def0d3559d3f5adc74c9180b78c,137,-0.3203670207891417,0.01
4,0,all_agreeing_offsets,side_informed,gh80,uniform,50.0,HU_plus_surface,0.001,dad5d4ffe3a4823687c1aff1acc1f86d373ce81b85b782fae1c4b7716c711349,adadc70b28058f90c1bc7a978f1baf918a0e67edd61474a50adc85db4e196319,137,-0.3010638531006587,0.01
4,0,all_agreeing_offsets,side_informed,gh80,uniform,50.0,HU_plus_surface,0.01,dad5d4ffe3a4823687c1aff1acc1f86d373ce81b85b782fae1c4b7716c711349,0f8660f7fb210605352f9b3bf7d3c95fffefb07bb66cead8180341615d2aa8c5,137,-0.28684027861033146,0.01
4,0,all_agreeing_offsets,side_informed,gh80,uniform,50.0,HU_plus_surface,0.1,dad5d4ffe3a4823687c1aff1acc1f86d373ce81b85b782fae1c4b7716c711349,381cbadb62fc9caadd1fc5a8d010e997b9d3c374129540d610a93246a0d448e5,137,-0.3689731711868188,0.01
4,1,all_agreeing_offsets,side_informed,gh80,uniform,50.0,HU_plus_surface,0.0,375ac5032a9e3c57e0a33947e30ec35ed19a33cd16476377d08907bad53f8f78,189d4fc43a7aa0379aea5516db7665aaca2b8139b22a81a4fdbd9c029c3fdc31,138,-0.32494711950944605,0.01
4,1,all_agreeing_offsets,side_informed,gh80,uniform,50.0,HU_plus_surface,0.0001,375ac5032a9e3c57e0a33947e30ec35ed19a33cd16476377d08907bad53f8f78,93fd7ee50994c02ff805d9b8e0ba234eb78d110bfa9e858317c8506c80f97c80,138,-0.3203670207891417,0.01
4,1,all_agreeing_offsets,side_informed,gh80,uniform,50.0,HU_plus_surface,0.001,375ac5032a9e3c57e0a33947e30ec35ed19a33cd16476377d08907bad53f8f78,95420901a209c20c4ccb47ce55a7071a9057ebc2a5d903f1f6be139c8ee8f203,138,-0.3010638531006587,0.01
4,1,all_agreeing_offsets,side_informed,gh80,uniform,50.0,HU_plus_surface,0.01,375ac5032a9e3c57e0a33947e30ec35ed19a33cd16476377d08907bad53f8f78,31d2da666ccb1fba5c0bf835e4eb33b08bc58fa14eaac2fec782d34613aeea8c,138,-0.28684027861033146,0.01
4,1,all_agreeing_offsets,side_informed,gh80,uniform,50.0,HU_plus_surface,0.1,375ac5032a9e3c57e0a33947e30ec35ed19a33cd16476377d08907bad53f8f78,3bb7c15db87bb71f2d0cadd54623ca9f05d22b31866ce87407324a94c462a512,138,-0.3689731711868188,0.01
4,2,all_agreeing_offsets,side_informed,gh80,uniform,50.0,HU_plus_surface,0.0,21b28e9b95f6273e01cc5fd73d1827c62ba781b0fb4a0fc0e419afb51f80f1ef,d2ed57385a385eda2d2e7f093d33d038e69a504cef353adf3974594ffd16c67c,137,-0.32494711950944605,0.01
4,2,all_agreeing_offsets,side_informed,gh80,uniform,50.0,HU_plus_surface,0.0001,21b28e9b95f6273e01cc5fd73d1827c62ba781b0fb4a0fc0e419afb51f80f1ef,402d6780674fe3e5ce6985bfb5122d7cb57d933c452ac3724850044d3728c145,137,-0.3203670207891417,0.01
4,2,all_agreeing_offsets,side_informed,gh80,uniform,50.0,HU_plus_surface,0.001,21b28e9b95f6273e01cc5fd73d1827c62ba781b0fb4a0fc0e419afb51f80f1ef,070328b30fc11ae17d77a4932b715c69cd6fbb0941bb1c1c0008ea45000cef28,137,-0.3010638531006587,0.01
4,2,all_agreeing_offsets,side_informed,gh80,uniform,50.0,HU_plus_surface,0.01,21b28e9b95f6273e01cc5fd73d1827c62ba781b0fb4a0fc0e419afb51f80f1ef,f134526e6d7a4833c89e8cd2e3fce69ccc49d9a6a81341692d97ee08cac3dd5c,137,-0.28684027861033146,0.01
4,2,all_agreeing_offsets,side_informed,gh80,uniform,50.0,HU_plus_surface,0.1,21b28e9b95f6273e01cc5fd73d1827c62ba781b0fb4a0fc0e419afb51f80f1ef,b1e8cb931478a7a25eb5a45e962efc4e186c07008799884b533a5752ea940d1a,137,-0.3689731711868188,0.01
4,0,all_agreeing_offsets,side_informed,gh80,uniform,50.0,retention_bounded_plus_HU,0.0,dad5d4ffe3a4823687c1aff1acc1f86d373ce81b85b782fae1c4b7716c711349,78cdd2216373b1b9defc4c5f30b3913a34eb4225ea24f8e7c29624dce46f7cec,137,-0.31288447952498327,0.01
4,0,all_agreeing_offsets,side_informed,gh80,uniform,50.0,retention_bounded_plus_HU,0.0001,dad5d4ffe3a4823687c1aff1acc1f86d373ce81b85b782fae1c4b7716c711349,7e8e35514d9d8b26ec79306c1b759782db09529cfca2a3ca51634428f04074d2,137,-0.3115611094222438,0.01
4,0,all_agreeing_offsets,side_informed,gh80,uniform,50.0,retention_bounded_plus_HU,0.001,dad5d4ffe3a4823687c1aff1acc1f86d373ce81b85b782fae1c4b7716c711349,3c157e2df3abbe28c69477a6fb4706ee504a485cc0cfde5ffe14947b7180f493,137,-0.3056662464053435,0.01
4,0,all_agreeing_offsets,side_informed,gh80,uniform,50.0,retention_bounded_plus_HU,0.01,dad5d4ffe3a4823687c1aff1acc1f86d373ce81b85b782fae1c4b7716c711349,b5ba45c67dfee74dda9a119a840ec0f05c23628abc0239cc895dbb147b4b3a03,137,-0.2919090390845351,0.01
4,0,all_agreeing_offsets,side_informed,gh80,uniform,50.0,retention_bounded_plus_HU,0.1,dad5d4ffe3a4823687c1aff1acc1f86d373ce81b85b782fae1c4b7716c711349,377b2650602dda263e7cc33fe44924edef53b775d59ab2b8680d4e7133eaf1ec,137,-0.32696727424978433,0.01
4,1,all_agreeing_offsets,side_informed,gh80,uniform,50.0,retention_bounded_plus_HU,0.0,375ac5032a9e3c57e0a33947e30ec35ed19a33cd16476377d08907bad53f8f78,d202e9d9ac488484f7cc9d637b01d83db4f30cc8cfb2ec7e365aa90821ef654d,138,-0.31288447952498327,0.01
4,1,all_agreeing_offsets,side_informed,gh80,uniform,50.0,retention_bounded_plus_HU,0.0001,375ac5032a9e3c57e0a33947e30ec35ed19a33cd16476377d08907bad53f8f78,628a72fe33bbfa3e81266894ca3d561720b57d61d94e573b9dd903367111ceb3,138,-0.3115611094222438,0.01
4,1,all_agreeing_offsets,side_informed,gh80,uniform,50.0,retention_bounded_plus_HU,0.001,375ac5032a9e3c57e0a33947e30ec35ed19a33cd16476377d08907bad53f8f78,6cd3cde440bc497c701c0fbe3e46ac8496dc4d6d89edcb4589f715bbba4d4b7e,138,-0.3056662464053435,0.01
4,1,all_agreeing_offsets,side_informed,gh80,uniform,50.0,retention_bounded_plus_HU,0.01,375ac5032a9e3c57e0a33947e30ec35ed19a33cd16476377d08907bad53f8f78,8c56123dd047d03f72835c8346209750ea0c9fec33c36a728678c966308da0cc,138,-0.2919090390845351,0.01
4,1,all_agreeing_offsets,side_informed,gh80,uniform,50.0,retention_bounded_plus_HU,0.1,375ac5032a9e3c57e0a33947e30ec35ed19a33cd16476377d08907bad53f8f78,ca13a79ee90043da18c83eb79bb84bb728f0d433602ec06957226726443b7646,138,-0.32696727424978433,0.01
4,2,all_agreeing_offsets,side_informed,gh80,uniform,50.0,retention_bounded_plus_HU,0.0,21b28e9b95f6273e01cc5fd73d1827c62ba781b0fb4a0fc0e419afb51f80f1ef,7a72d212d149139f9c1703cb437b9b48604901136419d610e1e4f4d4c043188d,137,-0.31288447952498327,0.01
4,2,all_agreeing_offsets,side_informed,gh80,uniform,50.0,retention_bounded_plus_HU,0.0001,21b28e9b95f6273e01cc5fd73d1827c62ba781b0fb4a0fc0e419afb51f80f1ef,041d535cb3445ecab6a2dd36eeae54163a5443643b6640d62e66f7dac5f3ebd1,137,-0.3115611094222438,0.01
4,2,all_agreeing_offsets,side_informed,gh80,uniform,50.0,retention_bounded_plus_HU,0.001,21b28e9b95f6273e01cc5fd73d1827c62ba781b0fb4a0fc0e419afb51f80f1ef,18b0e2b91cf88590d40879d801c05e4c89fa2e6097f47306e01a075588cde2f1,137,-0.3056662464053435,0.01
4,2,all_agreeing_offsets,side_informed,gh80,uniform,50.0,retention_bounded_plus_HU,0.01,21b28e9b95f6273e01cc5fd73d1827c62ba781b0fb4a0fc0e419afb51f80f1ef,701b85b241f9f99bb02f65619311e26ec14c74add9ba449a85d15bb242a52847,137,-0.2919090390845351,0.01
4,2,all_agreeing_offsets,side_informed,gh80,uniform,50.0,retention_bounded_plus_HU,0.1,21b28e9b95f6273e01cc5fd73d1827c62ba781b0fb4a0fc0e419afb51f80f1ef,85ed79e76ebfdca56459be0bdb4f10f292dc295c0f5d928f10494f76b2dcdc1a,137,-0.32696727424978433,0.01
4,0,all_agreeing_offsets,wholly_unseen,laplace,uniform,50.0,retention_bounded,0.0,dad5d4ffe3a4823687c1aff1acc1f86d373ce81b85b782fae1c4b7716c711349,3fdeb0b84e41897a3a1e1971159ab29352df61e3b10075be05f07811148503ee,137,-0.6361350331641609,0.01
4,0,all_agreeing_offsets,wholly_unseen,laplace,uniform,50.0,retention_bounded,0.0001,dad5d4ffe3a4823687c1aff1acc1f86d373ce81b85b782fae1c4b7716c711349,52bbaea024423e1e56e48ba548bb82ae87a86dd9508b7a184b5c7225f5a13da4,137,-0.6335117028725856,0.01
4,0,all_agreeing_offsets,wholly_unseen,laplace,uniform,50.0,retention_bounded,0.001,dad5d4ffe3a4823687c1aff1acc1f86d373ce81b85b782fae1c4b7716c711349,173d537e43d746612dae9a10b959985f934d47034067fc2e3e00e2c774e564c2,137,-0.6176842259532493,0.01
4,0,all_agreeing_offsets,wholly_unseen,laplace,uniform,50.0,retention_bounded,0.01,dad5d4ffe3a4823687c1aff1acc1f86d373ce81b85b782fae1c4b7716c711349,6a08d0e1654cfd22139eb2d96f8b89763c7c670b2d419f121225e929e16073ff,137,-0.5890503993038261,0.01
4,0,all_agreeing_offsets,wholly_unseen,laplace,uniform,50.0,retention_bounded,0.1,dad5d4ffe3a4823687c1aff1acc1f86d373ce81b85b782fae1c4b7716c711349,466b4c9b6270688220b692a7ae23d723da359dcb144ae8cee19ba4649e71f7fd,137,-0.6536539336710352,0.01
4,1,all_agreeing_offsets,wholly_unseen,laplace,uniform,50.0,retention_bounded,0.0,375ac5032a9e3c57e0a33947e30ec35ed19a33cd16476377d08907bad53f8f78,f29069db4eeffa7263627a7df5c087b9fe7a408b5c1ae565882e03e7e58a4655,138,-0.6361350331641609,0.01
4,1,all_agreeing_offsets,wholly_unseen,laplace,uniform,50.0,retention_bounded,0.0001,375ac5032a9e3c57e0a33947e30ec35ed19a33cd16476377d08907bad53f8f78,fb1911e589b1d0cc7bd182ccd14842572e70329d29bf611c26274adfee9648f3,138,-0.6335117028725856,0.01
4,1,all_agreeing_offsets,wholly_unseen,laplace,uniform,50.0,retention_bounded,0.001,375ac5032a9e3c57e0a33947e30ec35ed19a33cd16476377d08907bad53f8f78,7408f59d60460c41e1b6da891c0b7fcbb6d0ee6088f2f959e70ce4d28ce38677,138,-0.6176842259532493,0.01
4,1,all_agreeing_offsets,wholly_unseen,laplace,uniform,50.0,retention_bounded,0.01,375ac5032a9e3c57e0a33947e30ec35ed19a33cd16476377d08907bad53f8f78,772b4ba945ad3168181fd6b3f89ee57cd66cc48758495fab6301cefb97bb3b42,138,-0.5890503993038261,0.01
4,1,all_agreeing_offsets,wholly_unseen,laplace,uniform,50.0,retention_bounded,0.1,375ac5032a9e3c57e0a33947e30ec35ed19a33cd16476377d08907bad53f8f78,8d58570c6cb3d4357a54eb68c7380ee41b621b300683e883781b3dd9b3eaac75,138,-0.6536539336710352,0.01
4,2,all_agreeing_offsets,wholly_unseen,laplace,uniform,50.0,retention_bounded,0.0,21b28e9b95f6273e01cc5fd73d1827c62ba781b0fb4a0fc0e419afb51f80f1ef,79b6e571a851cb866fe7994f701f3d242e13481f7ddf601e7457ca5f9aff60c5,137,-0.6361350331641609,0.01
4,2,all_agreeing_offsets,wholly_unseen,laplace,uniform,50.0,retention_bounded,0.0001,21b28e9b95f6273e01cc5fd73d1827c62ba781b0fb4a0fc0e419afb51f80f1ef,438913461120e036f0fa0a81c649519a8ba1595fc250a3a4423cf70e45d9ba2c,137,-0.6335117028725856,0.01
4,2,all_agreeing_offsets,wholly_unseen,laplace,uniform,50.0,retention_bounded,0.001,21b28e9b95f6273e01cc5fd73d1827c62ba781b0fb4a0fc0e419afb51f80f1ef,42bbfa08a08b7d1f9b8cea1b2ab9227e7f9eeead754385f2a1fc3be9b5c08173,137,-0.6176842259532493,0.01
4,2,all_agreeing_offsets,wholly_unseen,laplace,uniform,50.0,retention_bounded,0.01,21b28e9b95f6273e01cc5fd73d1827c62ba781b0fb4a0fc0e419afb51f80f1ef,c1abb9991d504c803ae772a84c7220de38a0c113d2f830e25a8da5c8939b84ad,137,-0.5890503993038261,0.01
4,2,all_agreeing_offsets,wholly_unseen,laplace,uniform,50.0,retention_bounded,0.1,21b28e9b95f6273e01cc5fd73d1827c62ba781b0fb4a0fc0e419afb51f80f1ef,259783c59322f2c735f81bb7fdd1d22214eea0d1f5e6f42328655f4d03120af2,137,-0.6536539336710352,0.01
4,0,all_agreeing_offsets,wholly_unseen,laplace,uniform,50.0,retention_nonnegative,0.0,dad5d4ffe3a4823687c1aff1acc1f86d373ce81b85b782fae1c4b7716c711349,0ef7e593c8889449f9ac694b0eb60eda44c3dd22ba8b72ca901f54a623fb1821,137,-0.6361350327141122,0.001
4,0,all_agreeing_offsets,wholly_unseen,laplace,uniform,50.0,retention_nonnegative,0.0001,dad5d4ffe3a4823687c1aff1acc1f86d373ce81b85b782fae1c4b7716c711349,b2a0e3e6a878255d73d943521af32a1112001fcdf1474332ab7acbe0cd60a55e,137,-0.6313741832220522,0.001
4,0,all_agreeing_offsets,wholly_unseen,laplace,uniform,50.0,retention_nonnegative,0.001,dad5d4ffe3a4823687c1aff1acc1f86d373ce81b85b782fae1c4b7716c711349,09ccdb69264846f58b594135d1b77294c1a338356661c7f96b09db4d2bcc496a,137,-0.6136141184764516,0.001
4,0,all_agreeing_offsets,wholly_unseen,laplace,uniform,50.0,retention_nonnegative,0.01,dad5d4ffe3a4823687c1aff1acc1f86d373ce81b85b782fae1c4b7716c711349,082dfbb3ed0a9c4c0a4c41a03707836c64f07511dc54d230f7207dfc579020ec,137,-0.63714059767158,0.001
4,0,all_agreeing_offsets,wholly_unseen,laplace,uniform,50.0,retention_nonnegative,0.1,dad5d4ffe3a4823687c1aff1acc1f86d373ce81b85b782fae1c4b7716c711349,c94c5e09c95cd21c424576587835197cd971b1fb16ff52558db6515f2706fd11,137,-0.7533590309262799,0.001
4,1,all_agreeing_offsets,wholly_unseen,laplace,uniform,50.0,retention_nonnegative,0.0,375ac5032a9e3c57e0a33947e30ec35ed19a33cd16476377d08907bad53f8f78,929e7075a637ce08310b00d800c10f5da1a5c12fedc748927c7ee3b7491193ce,138,-0.6361350327141122,0.001
4,1,all_agreeing_offsets,wholly_unseen,laplace,uniform,50.0,retention_nonnegative,0.0001,375ac5032a9e3c57e0a33947e30ec35ed19a33cd16476377d08907bad53f8f78,62f0e7030e828d28fc95350f5d6c76e5a70bc54037eda596dfb4525754187ffa,138,-0.6313741832220522,0.001
4,1,all_agreeing_offsets,wholly_unseen,laplace,uniform,50.0,retention_nonnegative,0.001,375ac5032a9e3c57e0a33947e30ec35ed19a33cd16476377d08907bad53f8f78,ff6691dc9ad2e6224580d32d20e65ae99ffa61d1451a6c21344ac9f5a2ed4a2e,138,-0.6136141184764516,0.001
4,1,all_agreeing_offsets,wholly_unseen,laplace,uniform,50.0,retention_nonnegative,0.01,375ac5032a9e3c57e0a33947e30ec35ed19a33cd16476377d08907bad53f8f78,f0bd5f6f1ac034b5fe3daaec162ef24673d445bc49746b1f282549de271833c4,138,-0.63714059767158,0.001
4,1,all_agreeing_offsets,wholly_unseen,laplace,uniform,50.0,retention_nonnegative,0.1,375ac5032a9e3c57e0a33947e30ec35ed19a33cd16476377d08907bad53f8f78,7e8d2ed405d7467e9ffef7a72fda8666994b9fd64b08c8b45712474cf4004fe6,138,-0.7533590309262799,0.001
4,2,all_agreeing_offsets,wholly_unseen,laplace,uniform,50.0,retention_nonnegative,0.0,21b28e9b95f6273e01cc5fd73d1827c62ba781b0fb4a0fc0e419afb51f80f1ef,f305cc5248b0c31dc5b6ddcb8553baa575d06a4de008c504372fd49a2a3e013c,137,-0.6361350327141122,0.001
4,2,all_agreeing_offsets,wholly_unseen,laplace,uniform,50.0,retention_nonnegative,0.0001,21b28e9b95f6273e01cc5fd73d1827c62ba781b0fb4a0fc0e419afb51f80f1ef,e9311f2e18b0a9225c589abea62cc11656c0b9c76158503c3eaca471bf4019a0,137,-0.6313741832220522,0.001
4,2,all_agreeing_offsets,wholly_unseen,laplace,uniform,50.0,retention_nonnegative,0.001,21b28e9b95f6273e01cc5fd73d1827c62ba781b0fb4a0fc0e419afb51f80f1ef,c464a24f9bf932a9d5250e15e48ded19181ed483dc2a03f8fc8f546c94d78277,137,-0.6136141184764516,0.001
4,2,all_agreeing_offsets,wholly_unseen,laplace,uniform,50.0,retention_nonnegative,0.01,21b28e9b95f6273e01cc5fd73d1827c62ba781b0fb4a0fc0e419afb51f80f1ef,35722fdfef76be99a93cfc7f095129c87832d586a8d14f296bdfd43a7f42e243,137,-0.63714059767158,0.001
4,2,all_agreeing_offsets,wholly_unseen,laplace,uniform,50.0,retention_nonnegative,0.1,21b28e9b95f6273e01cc5fd73d1827c62ba781b0fb4a0fc0e419afb51f80f1ef,e67584e68d7627fce6bf7c0737407f2300112c0bb5249566d3c23a824912222c,137,-0.7533590309262799,0.001
4,0,all_agreeing_offsets,wholly_unseen,laplace,uniform,50.0,current_only,0.0,dad5d4ffe3a4823687c1aff1acc1f86d373ce81b85b782fae1c4b7716c711349,64e01ffbe70a517522ad2aafb0577dca9733df7f1b968138eca202038c573bde,137,-0.9383480662891858,0.1
4,0,all_agreeing_offsets,wholly_unseen,laplace,uniform,50.0,current_only,0.0001,dad5d4ffe3a4823687c1aff1acc1f86d373ce81b85b782fae1c4b7716c711349,072e8e40e14a67e845e7a9155477f49ce46cf6b2463a5f006cdb2d4ce872b929,137,-0.9379959939892039,0.1
4,0,all_agreeing_offsets,wholly_unseen,laplace,uniform,50.0,current_only,0.001,dad5d4ffe3a4823687c1aff1acc1f86d373ce81b85b782fae1c4b7716c711349,269b978417e37ec9e26d55d29441644336d0382959623b37c9dfe848dab09077,137,-0.9350111368679904,0.1
4,0,all_agreeing_offsets,wholly_unseen,laplace,uniform,50.0,current_only,0.01,dad5d4ffe3a4823687c1aff1acc1f86d373ce81b85b782fae1c4b7716c711349,fc70d33a7fb4c2e8bf376fa3635a589623ab891f8581d4a0df7272dc8561a051,137,-0.9163299749979951,0.1
4,0,all_agreeing_offsets,wholly_unseen,laplace,uniform,50.0,current_only,0.1,dad5d4ffe3a4823687c1aff1acc1f86d373ce81b85b782fae1c4b7716c711349,6ae16a7438a445526781df0e387a796ac436ec6c88124fd03ae53b6e8d850824,137,-0.9123003993812727,0.1
4,1,all_agreeing_offsets,wholly_unseen,laplace,uniform,50.0,current_only,0.0,375ac5032a9e3c57e0a33947e30ec35ed19a33cd16476377d08907bad53f8f78,984fd3d6255bc7291c364c60b453b52f26b29d0b53ef4e8106becdd98eb991c6,138,-0.9383480662891858,0.1
4,1,all_agreeing_offsets,wholly_unseen,laplace,uniform,50.0,current_only,0.0001,375ac5032a9e3c57e0a33947e30ec35ed19a33cd16476377d08907bad53f8f78,13037c73851d7ace7803e340c31416551dd73fc0c46c650216f16ffda806142a,138,-0.9379959939892039,0.1
4,1,all_agreeing_offsets,wholly_unseen,laplace,uniform,50.0,current_only,0.001,375ac5032a9e3c57e0a33947e30ec35ed19a33cd16476377d08907bad53f8f78,1e2644851c7a31213d910d63f5672015bf8f7e66a2c21c14f00ef0afad0e0777,138,-0.9350111368679904,0.1
4,1,all_agreeing_offsets,wholly_unseen,laplace,uniform,50.0,current_only,0.01,375ac5032a9e3c57e0a33947e30ec35ed19a33cd16476377d08907bad53f8f78,6263c1e3d9bf1611bd9e67d73b57613928bdfced26f767fbf046d2c94f128c09,138,-0.9163299749979951,0.1
4,1,all_agreeing_offsets,wholly_unseen,laplace,uniform,50.0,current_only,0.1,375ac5032a9e3c57e0a33947e30ec35ed19a33cd16476377d08907bad53f8f78,673a6890406542bec21084f53bce5fe593ac7e8a8e376758fab790c53e2d64ef,138,-0.9123003993812727,0.1
4,2,all_agreeing_offsets,wholly_unseen,laplace,uniform,50.0,current_only,0.0,21b28e9b95f6273e01cc5fd73d1827c62ba781b0fb4a0fc0e419afb51f80f1ef,9a8b13028cc5d8373f806715b4500f21c8bb0d7539e66103c8b559ae3ff705b0,137,-0.9383480662891858,0.1
4,2,all_agreeing_offsets,wholly_unseen,laplace,uniform,50.0,current_only,0.0001,21b28e9b95f6273e01cc5fd73d1827c62ba781b0fb4a0fc0e419afb51f80f1ef,9dcfaafc763df73ec2930151bce34adc4402078813178fe08c325f78d6957beb,137,-0.9379959939892039,0.1
4,2,all_agreeing_offsets,wholly_unseen,laplace,uniform,50.0,current_only,0.001,21b28e9b95f6273e01cc5fd73d1827c62ba781b0fb4a0fc0e419afb51f80f1ef,17ed1215aab0cc03625ca0239b3d547361d7f950d2cf7d26a2358af548e41997,137,-0.9350111368679904,0.1
4,2,all_agreeing_offsets,wholly_unseen,laplace,uniform,50.0,current_only,0.01,21b28e9b95f6273e01cc5fd73d1827c62ba781b0fb4a0fc0e419afb51f80f1ef,0582bb2b122da3fb6634dacf7ede17756e17daedefd37ff52ae45fb6803d19ca,137,-0.9163299749979951,0.1
4,2,all_agreeing_offsets,wholly_unseen,laplace,uniform,50.0,current_only,0.1,21b28e9b95f6273e01cc5fd73d1827c62ba781b0fb4a0fc0e419afb51f80f1ef,f819da4b02083eafca4fccf3b4e2895fe5ac879fae7a40f36f8bcb55c522b541,137,-0.9123003993812727,0.1
4,0,all_agreeing_offsets,wholly_unseen,laplace,uniform,50.0,input_plus_surface,0.0,dad5d4ffe3a4823687c1aff1acc1f86d373ce81b85b782fae1c4b7716c711349,aa568bffd5e093ed062af3a6bace6a571c126b04a439c1a797614c1d015c930e,137,-0.6337351474553458,0.01
4,0,all_agreeing_offsets,wholly_unseen,laplace,uniform,50.0,input_plus_surface,0.0001,dad5d4ffe3a4823687c1aff1acc1f86d373ce81b85b782fae1c4b7716c711349,a524fe419e44c86376f6f2378a3020feb96f8cb33d96dd340af8338b06c6477d,137,-0.629423750557586,0.01
4,0,all_agreeing_offsets,wholly_unseen,laplace,uniform,50.0,input_plus_surface,0.001,dad5d4ffe3a4823687c1aff1acc1f86d373ce81b85b782fae1c4b7716c711349,b779b34188eb7be75c37e788831be0031d6fc0a662e4a7e0d2067e3fff204c0f,137,-0.611308938058866,0.01
4,0,all_agreeing_offsets,wholly_unseen,laplace,uniform,50.0,input_plus_surface,0.01,dad5d4ffe3a4823687c1aff1acc1f86d373ce81b85b782fae1c4b7716c711349,539f8ef0cdbbfa71a4fa0d8c57905a9a96634d2cf9e80d6cd9c451f4c6ebc75b,137,-0.6008411675648737,0.01
4,0,all_agreeing_offsets,wholly_unseen,laplace,uniform,50.0,input_plus_surface,0.1,dad5d4ffe3a4823687c1aff1acc1f86d373ce81b85b782fae1c4b7716c711349,e9f2f802cc7ed0d07d072c11dae50db4172e9dfeb69fddf68ae8499ae97492c2,137,-0.6876392220180586,0.01
4,1,all_agreeing_offsets,wholly_unseen,laplace,uniform,50.0,input_plus_surface,0.0,375ac5032a9e3c57e0a33947e30ec35ed19a33cd16476377d08907bad53f8f78,5f2272a4eeb3f3f823525124edb0cf5496af434b007ce0ca0c1a91af7238a0f5,138,-0.6337351474553458,0.01
4,1,all_agreeing_offsets,wholly_unseen,laplace,uniform,50.0,input_plus_surface,0.0001,375ac5032a9e3c57e0a33947e30ec35ed19a33cd16476377d08907bad53f8f78,5c63f190fc65be64d460b98fffdb7b00f809637f1abca464e7bf7defaa21d0da,138,-0.629423750557586,0.01
4,1,all_agreeing_offsets,wholly_unseen,laplace,uniform,50.0,input_plus_surface,0.001,375ac5032a9e3c57e0a33947e30ec35ed19a33cd16476377d08907bad53f8f78,fb2a4a6e540dbf9c5017dbae9f86d93ae56c7adc6c0c78e795b791f43b699ca0,138,-0.611308938058866,0.01
4,1,all_agreeing_offsets,wholly_unseen,laplace,uniform,50.0,input_plus_surface,0.01,375ac5032a9e3c57e0a33947e30ec35ed19a33cd16476377d08907bad53f8f78,5115b49c124ec916dc61d268190393ce866f99c3c4ae199123d255e8849a0556,138,-0.6008411675648737,0.01
4,1,all_agreeing_offsets,wholly_unseen,laplace,uniform,50.0,input_plus_surface,0.1,375ac5032a9e3c57e0a33947e30ec35ed19a33cd16476377d08907bad53f8f78,1fb375751052ea1cb32776e2c6e3d98360b52aa75e9b198488cb4aa9dc1b2ab9,138,-0.6876392220180586,0.01
4,2,all_agreeing_offsets,wholly_unseen,laplace,uniform,50.0,input_plus_surface,0.0,21b28e9b95f6273e01cc5fd73d1827c62ba781b0fb4a0fc0e419afb51f80f1ef,d5bead6652a91a1f8f58682cc21e1d83230662d73e132b78d73307839e2184b1,137,-0.6337351474553458,0.01
4,2,all_agreeing_offsets,wholly_unseen,laplace,uniform,50.0,input_plus_surface,0.0001,21b28e9b95f6273e01cc5fd73d1827c62ba781b0fb4a0fc0e419afb51f80f1ef,b037223c93a413765a732c03a0a1eb755e1dd64e44a584b8af093ac6a0eeef3b,137,-0.629423750557586,0.01
4,2,all_agreeing_offsets,wholly_unseen,laplace,uniform,50.0,input_plus_surface,0.001,21b28e9b95f6273e01cc5fd73d1827c62ba781b0fb4a0fc0e419afb51f80f1ef,3df5f65a4a84fb6ea85fd649e42a00353ce23dde279ae5bafa3a124ae3ba719b,137,-0.611308938058866,0.01
4,2,all_agreeing_offsets,wholly_unseen,laplace,uniform,50.0,input_plus_surface,0.01,21b28e9b95f6273e01cc5fd73d1827c62ba781b0fb4a0fc0e419afb51f80f1ef,102ed45ba67e96920f9c26519f95163fc923c3041be872bffcc1484e272a16cc,137,-0.6008411675648737,0.01
4,2,all_agreeing_offsets,wholly_unseen,laplace,uniform,50.0,input_plus_surface,0.1,21b28e9b95f6273e01cc5fd73d1827c62ba781b0fb4a0fc0e419afb51f80f1ef,8242d6abfde8a5f19766509f926135c4bdd00296f58752860864e1cb95d8ceac,137,-0.6876392220180586,0.01
4,0,all_agreeing_offsets,wholly_unseen,laplace,uniform,50.0,HU_plus_surface,0.0,dad5d4ffe3a4823687c1aff1acc1f86d373ce81b85b782fae1c4b7716c711349,9b6bd813e7c6ab1ff12ad1bde56e04c2ceefbd829df2e1db52d3209099fb8725,137,-0.5915273644656592,0.001
4,0,all_agreeing_offsets,wholly_unseen,laplace,uniform,50.0,HU_plus_surface,0.0001,dad5d4ffe3a4823687c1aff1acc1f86d373ce81b85b782fae1c4b7716c711349,5650d614bc280ca6aabd306577228a37593caffb5f6793f20f90d058e2e27655,137,-0.5882576916741653,0.001
4,0,all_agreeing_offsets,wholly_unseen,laplace,uniform,50.0,HU_plus_surface,0.001,dad5d4ffe3a4823687c1aff1acc1f86d373ce81b85b782fae1c4b7716c711349,3cc429f622514d0f4ed05c9448eb96296e9ceb4a4c91e3259ab908e21d046f76,137,-0.576424597226107,0.001
4,0,all_agreeing_offsets,wholly_unseen,laplace,uniform,50.0,HU_plus_surface,0.01,dad5d4ffe3a4823687c1aff1acc1f86d373ce81b85b782fae1c4b7716c711349,2fe1688d684db8fbba24247bca92f38591c25ebf458bde7a796f0e33f1e4bd6c,137,-0.5788446959983504,0.001
4,0,all_agreeing_offsets,wholly_unseen,laplace,uniform,50.0,HU_plus_surface,0.1,dad5d4ffe3a4823687c1aff1acc1f86d373ce81b85b782fae1c4b7716c711349,015b4c8b03817fb64e52cc71e8b488f27591ff67b175d2e9e9bd9a1ff7b6f45f,137,-0.677585761322203,0.001
4,1,all_agreeing_offsets,wholly_unseen,laplace,uniform,50.0,HU_plus_surface,0.0,375ac5032a9e3c57e0a33947e30ec35ed19a33cd16476377d08907bad53f8f78,2262271d939e88708f31558b1cc40a018e5e77b60844821a6ea1ed0b20c702a4,138,-0.5915273644656592,0.001
4,1,all_agreeing_offsets,wholly_unseen,laplace,uniform,50.0,HU_plus_surface,0.0001,375ac5032a9e3c57e0a33947e30ec35ed19a33cd16476377d08907bad53f8f78,f2321c105037267818df0a9600a98d0e5b86b36193a98d763b96f790a3e96d06,138,-0.5882576916741653,0.001
4,1,all_agreeing_offsets,wholly_unseen,laplace,uniform,50.0,HU_plus_surface,0.001,375ac5032a9e3c57e0a33947e30ec35ed19a33cd16476377d08907bad53f8f78,67131897bda9e8a59748d4f51a654ec54088149f46d19341ec2a0a6dd51dcb93,138,-0.576424597226107,0.001
4,1,all_agreeing_offsets,wholly_unseen,laplace,uniform,50.0,HU_plus_surface,0.01,375ac5032a9e3c57e0a33947e30ec35ed19a33cd16476377d08907bad53f8f78,cb0ad794918a710cecb70bee8fe85a605b61a58611760441bfb6fd491e2b2476,138,-0.5788446959983504,0.001
4,1,all_agreeing_offsets,wholly_unseen,laplace,uniform,50.0,HU_plus_surface,0.1,375ac5032a9e3c57e0a33947e30ec35ed19a33cd16476377d08907bad53f8f78,cfe8bd7b6226d0741db746888fc6ddd799da8ffa0aecb5600f4f7c21949075db,138,-0.677585761322203,0.001
4,2,all_agreeing_offsets,wholly_unseen,laplace,uniform,50.0,HU_plus_surface,0.0,21b28e9b95f6273e01cc5fd73d1827c62ba781b0fb4a0fc0e419afb51f80f1ef,a8ba584012b88684070f0f407cd3f8da496fc93e25dc47749f6a0246ff94596f,137,-0.5915273644656592,0.001
4,2,all_agreeing_offsets,wholly_unseen,laplace,uniform,50.0,HU_plus_surface,0.0001,21b28e9b95f6273e01cc5fd73d1827c62ba781b0fb4a0fc0e419afb51f80f1ef,f92ea54d713e60d1515d6d7fa8f63e72d8cc05c9f670734fef9b226425a11580,137,-0.5882576916741653,0.001
4,2,all_agreeing_offsets,wholly_unseen,laplace,uniform,50.0,HU_plus_surface,0.001,21b28e9b95f6273e01cc5fd73d1827c62ba781b0fb4a0fc0e419afb51f80f1ef,fff94abf373b1b2873f4f7a34f3ced0df70f5f920005bf0fcb38b32ba7deca78,137,-0.576424597226107,0.001
4,2,all_agreeing_offsets,wholly_unseen,laplace,uniform,50.0,HU_plus_surface,0.01,21b28e9b95f6273e01cc5fd73d1827c62ba781b0fb4a0fc0e419afb51f80f1ef,8b3b5d7d56e130b2528d7751678141b547e687d5c58560dd5ee5dde95ea5fb52,137,-0.5788446959983504,0.001
4,2,all_agreeing_offsets,wholly_unseen,laplace,uniform,50.0,HU_plus_surface,0.1,21b28e9b95f6273e01cc5fd73d1827c62ba781b0fb4a0fc0e419afb51f80f1ef,9ce5069d22d6b9779feae18d5dde4839616747eed826795c245c8fe6c220ac99,137,-0.677585761322203,0.001
4,0,all_agreeing_offsets,wholly_unseen,laplace,uniform,50.0,retention_bounded_plus_HU,0.0,dad5d4ffe3a4823687c1aff1acc1f86d373ce81b85b782fae1c4b7716c711349,6b7eec1c38d13e54a21ecb0015a0f5d96aced43871b61f6281f324b960d8e3d2,137,-0.5747732570137761,0.01
4,0,all_agreeing_offsets,wholly_unseen,laplace,uniform,50.0,retention_bounded_plus_HU,0.0001,dad5d4ffe3a4823687c1aff1acc1f86d373ce81b85b782fae1c4b7716c711349,0d4e20141f302f373ed63b260266447dba7a2ca6b408e816b3cf930054d927e9,137,-0.5738218083501417,0.01
4,0,all_agreeing_offsets,wholly_unseen,laplace,uniform,50.0,retention_bounded_plus_HU,0.001,dad5d4ffe3a4823687c1aff1acc1f86d373ce81b85b782fae1c4b7716c711349,3894816e03d067cc1b1c0467d25670e96c91b6d0838d21525ad54958b6d39c50,137,-0.5691256368613958,0.01
4,0,all_agreeing_offsets,wholly_unseen,laplace,uniform,50.0,retention_bounded_plus_HU,0.01,dad5d4ffe3a4823687c1aff1acc1f86d373ce81b85b782fae1c4b7716c711349,1f720becbf339eafa13842c0e9306efb1bae210040fa7561fc4f163aae62ece4,137,-0.5634715526051586,0.01
4,0,all_agreeing_offsets,wholly_unseen,laplace,uniform,50.0,retention_bounded_plus_HU,0.1,dad5d4ffe3a4823687c1aff1acc1f86d373ce81b85b782fae1c4b7716c711349,8f598f07c10fce0cec3cbaec061f1e34a0c75f4e961a8330c5d57b73751b547e,137,-0.6222945665847739,0.01
4,1,all_agreeing_offsets,wholly_unseen,laplace,uniform,50.0,retention_bounded_plus_HU,0.0,375ac5032a9e3c57e0a33947e30ec35ed19a33cd16476377d08907bad53f8f78,b8474a5ddf7fadf58830a2057494583d194ddf691df02c4c2067760ec21f0114,138,-0.5747732570137761,0.01
4,1,all_agreeing_offsets,wholly_unseen,laplace,uniform,50.0,retention_bounded_plus_HU,0.0001,375ac5032a9e3c57e0a33947e30ec35ed19a33cd16476377d08907bad53f8f78,73847547c7e4201d292d01bad2e1dc5549c30a2304e4346d64ce307289645fb2,138,-0.5738218083501417,0.01
4,1,all_agreeing_offsets,wholly_unseen,laplace,uniform,50.0,retention_bounded_plus_HU,0.001,375ac5032a9e3c57e0a33947e30ec35ed19a33cd16476377d08907bad53f8f78,5699f246f060f2978da38a892115e6a5c13d1a845db74a5189786200d105bfe4,138,-0.5691256368613958,0.01
4,1,all_agreeing_offsets,wholly_unseen,laplace,uniform,50.0,retention_bounded_plus_HU,0.01,375ac5032a9e3c57e0a33947e30ec35ed19a33cd16476377d08907bad53f8f78,ce5f2c5a75f928dd12ff3ae89615d4ad03c32400602aa2cfe5dd5a9bfd55c61b,138,-0.5634715526051586,0.01
4,1,all_agreeing_offsets,wholly_unseen,laplace,uniform,50.0,retention_bounded_plus_HU,0.1,375ac5032a9e3c57e0a33947e30ec35ed19a33cd16476377d08907bad53f8f78,c9a86f7d04d8d9e0edfb72099be986d66ee901422c74b167fe6a1454a40b94d6,138,-0.6222945665847739,0.01
4,2,all_agreeing_offsets,wholly_unseen,laplace,uniform,50.0,retention_bounded_plus_HU,0.0,21b28e9b95f6273e01cc5fd73d1827c62ba781b0fb4a0fc0e419afb51f80f1ef,19fd52deca58d4b2d795088027c89b8abcdfd1493217131a038ebf3ce63a7969,137,-0.5747732570137761,0.01
4,2,all_agreeing_offsets,wholly_unseen,laplace,uniform,50.0,retention_bounded_plus_HU,0.0001,21b28e9b95f6273e01cc5fd73d1827c62ba781b0fb4a0fc0e419afb51f80f1ef,d35e60f1db9df58dd53f18a211ba7c840b39b276ae228d81dfbf8a7d87622859,137,-0.5738218083501417,0.01
4,2,all_agreeing_offsets,wholly_unseen,laplace,uniform,50.0,retention_bounded_plus_HU,0.001,21b28e9b95f6273e01cc5fd73d1827c62ba781b0fb4a0fc0e419afb51f80f1ef,8e7b6a36d019e4644c00d7359129cf0c11a1211511c71f2847c7508c3771024b,137,-0.5691256368613958,0.01
4,2,all_agreeing_offsets,wholly_unseen,laplace,uniform,50.0,retention_bounded_plus_HU,0.01,21b28e9b95f6273e01cc5fd73d1827c62ba781b0fb4a0fc0e419afb51f80f1ef,5182ffd3cbe17516477503df0cd6639e8fd10ffc662048b3626b4b213c4b2aab,137,-0.5634715526051586,0.01
4,2,all_agreeing_offsets,wholly_unseen,laplace,uniform,50.0,retention_bounded_plus_HU,0.1,21b28e9b95f6273e01cc5fd73d1827c62ba781b0fb4a0fc0e419afb51f80f1ef,3324bae31fc172c6bf0ae9c54cff94c885c4235b850d912d69ab97b92e9abde2,137,-0.6222945665847739,0.01
4,0,all_agreeing_offsets,wholly_unseen,gh80,uniform,50.0,HU_plus_surface,0.0,dad5d4ffe3a4823687c1aff1acc1f86d373ce81b85b782fae1c4b7716c711349,57bec9da0698ea5640a30967f80fc00e49071a3b4174fde7ad83757d97c95720,137,-0.5904419952433095,0.001
4,0,all_agreeing_offsets,wholly_unseen,gh80,uniform,50.0,HU_plus_surface,0.0001,dad5d4ffe3a4823687c1aff1acc1f86d373ce81b85b782fae1c4b7716c711349,d64fcebc271b47db9667697dcf0f582118cb3def0d3559d3f5adc74c9180b78c,137,-0.5868959288703613,0.001
4,0,all_agreeing_offsets,wholly_unseen,gh80,uniform,50.0,HU_plus_surface,0.001,dad5d4ffe3a4823687c1aff1acc1f86d373ce81b85b782fae1c4b7716c711349,adadc70b28058f90c1bc7a978f1baf918a0e67edd61474a50adc85db4e196319,137,-0.5740294817438998,0.001
4,0,all_agreeing_offsets,wholly_unseen,gh80,uniform,50.0,HU_plus_surface,0.01,dad5d4ffe3a4823687c1aff1acc1f86d373ce81b85b782fae1c4b7716c711349,0f8660f7fb210605352f9b3bf7d3c95fffefb07bb66cead8180341615d2aa8c5,137,-0.5756863698719749,0.001
4,0,all_agreeing_offsets,wholly_unseen,gh80,uniform,50.0,HU_plus_surface,0.1,dad5d4ffe3a4823687c1aff1acc1f86d373ce81b85b782fae1c4b7716c711349,381cbadb62fc9caadd1fc5a8d010e997b9d3c374129540d610a93246a0d448e5,137,-0.6771601298881023,0.001
4,1,all_agreeing_offsets,wholly_unseen,gh80,uniform,50.0,HU_plus_surface,0.0,375ac5032a9e3c57e0a33947e30ec35ed19a33cd16476377d08907bad53f8f78,189d4fc43a7aa0379aea5516db7665aaca2b8139b22a81a4fdbd9c029c3fdc31,138,-0.5904419952433095,0.001
4,1,all_agreeing_offsets,wholly_unseen,gh80,uniform,50.0,HU_plus_surface,0.0001,375ac5032a9e3c57e0a33947e30ec35ed19a33cd16476377d08907bad53f8f78,93fd7ee50994c02ff805d9b8e0ba234eb78d110bfa9e858317c8506c80f97c80,138,-0.5868959288703613,0.001
4,1,all_agreeing_offsets,wholly_unseen,gh80,uniform,50.0,HU_plus_surface,0.001,375ac5032a9e3c57e0a33947e30ec35ed19a33cd16476377d08907bad53f8f78,95420901a209c20c4ccb47ce55a7071a9057ebc2a5d903f1f6be139c8ee8f203,138,-0.5740294817438998,0.001
4,1,all_agreeing_offsets,wholly_unseen,gh80,uniform,50.0,HU_plus_surface,0.01,375ac5032a9e3c57e0a33947e30ec35ed19a33cd16476377d08907bad53f8f78,31d2da666ccb1fba5c0bf835e4eb33b08bc58fa14eaac2fec782d34613aeea8c,138,-0.5756863698719749,0.001
4,1,all_agreeing_offsets,wholly_unseen,gh80,uniform,50.0,HU_plus_surface,0.1,375ac5032a9e3c57e0a33947e30ec35ed19a33cd16476377d08907bad53f8f78,3bb7c15db87bb71f2d0cadd54623ca9f05d22b31866ce87407324a94c462a512,138,-0.6771601298881023,0.001
4,2,all_agreeing_offsets,wholly_unseen,gh80,uniform,50.0,HU_plus_surface,0.0,21b28e9b95f6273e01cc5fd73d1827c62ba781b0fb4a0fc0e419afb51f80f1ef,d2ed57385a385eda2d2e7f093d33d038e69a504cef353adf3974594ffd16c67c,137,-0.5904419952433095,0.001
4,2,all_agreeing_offsets,wholly_unseen,gh80,uniform,50.0,HU_plus_surface,0.0001,21b28e9b95f6273e01cc5fd73d1827c62ba781b0fb4a0fc0e419afb51f80f1ef,402d6780674fe3e5ce6985bfb5122d7cb57d933c452ac3724850044d3728c145,137,-0.5868959288703613,0.001
4,2,all_agreeing_offsets,wholly_unseen,gh80,uniform,50.0,HU_plus_surface,0.001,21b28e9b95f6273e01cc5fd73d1827c62ba781b0fb4a0fc0e419afb51f80f1ef,070328b30fc11ae17d77a4932b715c69cd6fbb0941bb1c1c0008ea45000cef28,137,-0.5740294817438998,0.001
4,2,all_agreeing_offsets,wholly_unseen,gh80,uniform,50.0,HU_plus_surface,0.01,21b28e9b95f6273e01cc5fd73d1827c62ba781b0fb4a0fc0e419afb51f80f1ef,f134526e6d7a4833c89e8cd2e3fce69ccc49d9a6a81341692d97ee08cac3dd5c,137,-0.5756863698719749,0.001
4,2,all_agreeing_offsets,wholly_unseen,gh80,uniform,50.0,HU_plus_surface,0.1,21b28e9b95f6273e01cc5fd73d1827c62ba781b0fb4a0fc0e419afb51f80f1ef,b1e8cb931478a7a25eb5a45e962efc4e186c07008799884b533a5752ea940d1a,137,-0.6771601298881023,0.001
4,0,all_agreeing_offsets,wholly_unseen,gh80,uniform,50.0,retention_bounded_plus_HU,0.0,dad5d4ffe3a4823687c1aff1acc1f86d373ce81b85b782fae1c4b7716c711349,78cdd2216373b1b9defc4c5f30b3913a34eb4225ea24f8e7c29624dce46f7cec,137,-0.574251455944603,0.01
4,0,all_agreeing_offsets,wholly_unseen,gh80,uniform,50.0,retention_bounded_plus_HU,0.0001,dad5d4ffe3a4823687c1aff1acc1f86d373ce81b85b782fae1c4b7716c711349,7e8e35514d9d8b26ec79306c1b759782db09529cfca2a3ca51634428f04074d2,137,-0.5735841923937011,0.01
4,0,all_agreeing_offsets,wholly_unseen,gh80,uniform,50.0,retention_bounded_plus_HU,0.001,dad5d4ffe3a4823687c1aff1acc1f86d373ce81b85b782fae1c4b7716c711349,3c157e2df3abbe28c69477a6fb4706ee504a485cc0cfde5ffe14947b7180f493,137,-0.5712904092552636,0.01
4,0,all_agreeing_offsets,wholly_unseen,gh80,uniform,50.0,retention_bounded_plus_HU,0.01,dad5d4ffe3a4823687c1aff1acc1f86d373ce81b85b782fae1c4b7716c711349,b5ba45c67dfee74dda9a119a840ec0f05c23628abc0239cc895dbb147b4b3a03,137,-0.5680082115894727,0.01
4,0,all_agreeing_offsets,wholly_unseen,gh80,uniform,50.0,retention_bounded_plus_HU,0.1,dad5d4ffe3a4823687c1aff1acc1f86d373ce81b85b782fae1c4b7716c711349,377b2650602dda263e7cc33fe44924edef53b775d59ab2b8680d4e7133eaf1ec,137,-0.6253319407165115,0.01
4,1,all_agreeing_offsets,wholly_unseen,gh80,uniform,50.0,retention_bounded_plus_HU,0.0,375ac5032a9e3c57e0a33947e30ec35ed19a33cd16476377d08907bad53f8f78,d202e9d9ac488484f7cc9d637b01d83db4f30cc8cfb2ec7e365aa90821ef654d,138,-0.574251455944603,0.01
4,1,all_agreeing_offsets,wholly_unseen,gh80,uniform,50.0,retention_bounded_plus_HU,0.0001,375ac5032a9e3c57e0a33947e30ec35ed19a33cd16476377d08907bad53f8f78,628a72fe33bbfa3e81266894ca3d561720b57d61d94e573b9dd903367111ceb3,138,-0.5735841923937011,0.01
4,1,all_agreeing_offsets,wholly_unseen,gh80,uniform,50.0,retention_bounded_plus_HU,0.001,375ac5032a9e3c57e0a33947e30ec35ed19a33cd16476377d08907bad53f8f78,6cd3cde440bc497c701c0fbe3e46ac8496dc4d6d89edcb4589f715bbba4d4b7e,138,-0.5712904092552636,0.01
4,1,all_agreeing_offsets,wholly_unseen,gh80,uniform,50.0,retention_bounded_plus_HU,0.01,375ac5032a9e3c57e0a33947e30ec35ed19a33cd16476377d08907bad53f8f78,8c56123dd047d03f72835c8346209750ea0c9fec33c36a728678c966308da0cc,138,-0.5680082115894727,0.01
4,1,all_agreeing_offsets,wholly_unseen,gh80,uniform,50.0,retention_bounded_plus_HU,0.1,375ac5032a9e3c57e0a33947e30ec35ed19a33cd16476377d08907bad53f8f78,ca13a79ee90043da18c83eb79bb84bb728f0d433602ec06957226726443b7646,138,-0.6253319407165115,0.01
4,2,all_agreeing_offsets,wholly_unseen,gh80,uniform,50.0,retention_bounded_plus_HU,0.0,21b28e9b95f6273e01cc5fd73d1827c62ba781b0fb4a0fc0e419afb51f80f1ef,7a72d212d149139f9c1703cb437b9b48604901136419d610e1e4f4d4c043188d,137,-0.574251455944603,0.01
4,2,all_agreeing_offsets,wholly_unseen,gh80,uniform,50.0,retention_bounded_plus_HU,0.0001,21b28e9b95f6273e01cc5fd73d1827c62ba781b0fb4a0fc0e419afb51f80f1ef,041d535cb3445ecab6a2dd36eeae54163a5443643b6640d62e66f7dac5f3ebd1,137,-0.5735841923937011,0.01
4,2,all_agreeing_offsets,wholly_unseen,gh80,uniform,50.0,retention_bounded_plus_HU,0.001,21b28e9b95f6273e01cc5fd73d1827c62ba781b0fb4a0fc0e419afb51f80f1ef,18b0e2b91cf88590d40879d801c05e4c89fa2e6097f47306e01a075588cde2f1,137,-0.5712904092552636,0.01
4,2,all_agreeing_offsets,wholly_unseen,gh80,uniform,50.0,retention_bounded_plus_HU,0.01,21b28e9b95f6273e01cc5fd73d1827c62ba781b0fb4a0fc0e419afb51f80f1ef,701b85b241f9f99bb02f65619311e26ec14c74add9ba449a85d15bb242a52847,137,-0.5680082115894727,0.01
4,2,all_agreeing_offsets,wholly_unseen,gh80,uniform,50.0,retention_bounded_plus_HU,0.1,21b28e9b95f6273e01cc5fd73d1827c62ba781b0fb4a0fc0e419afb51f80f1ef,85ed79e76ebfdca56459be0bdb4f10f292dc295c0f5d928f10494f76b2dcdc1a,137,-0.6253319407165115,0.01
4,0,unrounded_strict,side_informed,laplace,uniform,50.0,retention_bounded,0.0,d7e905532c95f9426e74fa022aa47b1e986c5aaf21cb55aa8b8416bab686337f,0d3845e99fa7c7e3dfc0c08bd3d25a1c6a652e3d95ea7261252cbc41acdcc15f,91,-0.38533153313660495,0.01
4,0,unrounded_strict,side_informed,laplace,uniform,50.0,retention_bounded,0.0001,d7e905532c95f9426e74fa022aa47b1e986c5aaf21cb55aa8b8416bab686337f,fd321415f61bc4c8f58033fd344bfe41c16ae6418eb8e107abf639c461c5803c,91,-0.383292511747873,0.01
4,0,unrounded_strict,side_informed,laplace,uniform,50.0,retention_bounded,0.001,d7e905532c95f9426e74fa022aa47b1e986c5aaf21cb55aa8b8416bab686337f,40a010a70e5c522363b7f427f6e454497e8a4d584d7fbceb6086e5c085ffa3c5,91,-0.36990929637011255,0.01
4,0,unrounded_strict,side_informed,laplace,uniform,50.0,retention_bounded,0.01,d7e905532c95f9426e74fa022aa47b1e986c5aaf21cb55aa8b8416bab686337f,33f042745c49319e18df04146b0113688f3176a8875776f0af6be2da3151273b,91,-0.33647596243565875,0.01
4,0,unrounded_strict,side_informed,laplace,uniform,50.0,retention_bounded,0.1,d7e905532c95f9426e74fa022aa47b1e986c5aaf21cb55aa8b8416bab686337f,8153fdcf45de7e376036cc7649b4b46c3738b74466dc8ece54bde7980730093e,91,-0.3650133891018427,0.01
4,1,unrounded_strict,side_informed,laplace,uniform,50.0,retention_bounded,0.0,a1facf9fdd8bd28031b4ce2e94ac3a60bfd00e883f65df0e1c9a47974e352ae6,824b4e0f3445adf3319f9b4de31f6ce28737437b4ebc29309ff3de21cf4a1c2b,90,-0.38533153313660495,0.01
4,1,unrounded_strict,side_informed,laplace,uniform,50.0,retention_bounded,0.0001,a1facf9fdd8bd28031b4ce2e94ac3a60bfd00e883f65df0e1c9a47974e352ae6,a25a80320ce8eeb2146aa8aee4748a1e7e699598e802c91b9a3607f48f8d71f5,90,-0.383292511747873,0.01
4,1,unrounded_strict,side_informed,laplace,uniform,50.0,retention_bounded,0.001,a1facf9fdd8bd28031b4ce2e94ac3a60bfd00e883f65df0e1c9a47974e352ae6,cf23c9f44aeeb3b74ad6b76b002db105089e00e82ddb17adb6d3181032391a81,90,-0.36990929637011255,0.01
4,1,unrounded_strict,side_informed,laplace,uniform,50.0,retention_bounded,0.01,a1facf9fdd8bd28031b4ce2e94ac3a60bfd00e883f65df0e1c9a47974e352ae6,bc4a9404c67935d4f5662566e268a888de1313deb39226596dcea915f9aa038f,90,-0.33647596243565875,0.01
4,1,unrounded_strict,side_informed,laplace,uniform,50.0,retention_bounded,0.1,a1facf9fdd8bd28031b4ce2e94ac3a60bfd00e883f65df0e1c9a47974e352ae6,6b288eea5255fb189c305ce812819285de8542a6ce10d613ddd58a9d1eaea55e,90,-0.3650133891018427,0.01
4,2,unrounded_strict,side_informed,laplace,uniform,50.0,retention_bounded,0.0,1f1b4550b11567210be099e5e8f23c1b72b79e1c4aed3fa9105a98c03db496ed,9476250324f65fec88bf46a3bbbf3e27f043751632d70d1da05b03dda99502dc,90,-0.38533153313660495,0.01
4,2,unrounded_strict,side_informed,laplace,uniform,50.0,retention_bounded,0.0001,1f1b4550b11567210be099e5e8f23c1b72b79e1c4aed3fa9105a98c03db496ed,5799517c063e8a28495de2590cbdde137b8fb54363d9e2cdafcc3516709b9034,90,-0.383292511747873,0.01
4,2,unrounded_strict,side_informed,laplace,uniform,50.0,retention_bounded,0.001,1f1b4550b11567210be099e5e8f23c1b72b79e1c4aed3fa9105a98c03db496ed,1da4b8ba720f48fa10acf2fd99bf0284a6f1548aa70f9d4f255fcfd633683084,90,-0.36990929637011255,0.01
4,2,unrounded_strict,side_informed,laplace,uniform,50.0,retention_bounded,0.01,1f1b4550b11567210be099e5e8f23c1b72b79e1c4aed3fa9105a98c03db496ed,26b286461a0c2a2aade450dad592073a7ea6429027f928e86544bd70b260d65d,90,-0.33647596243565875,0.01
4,2,unrounded_strict,side_informed,laplace,uniform,50.0,retention_bounded,0.1,1f1b4550b11567210be099e5e8f23c1b72b79e1c4aed3fa9105a98c03db496ed,2e88e9dd3bf01cd6a76ee520a8088c032977182cfd89f18bb2070c3f277d66d1,90,-0.3650133891018427,0.01
4,0,unrounded_strict,side_informed,laplace,uniform,50.0,retention_nonnegative,0.0,d7e905532c95f9426e74fa022aa47b1e986c5aaf21cb55aa8b8416bab686337f,b2a43414f143d7d9a1a0db9bf5f03344135bdd1000e09286d20cef0bdb60a5d6,91,-0.3853315325432201,0.01
4,0,unrounded_strict,side_informed,laplace,uniform,50.0,retention_nonnegative,0.0001,d7e905532c95f9426e74fa022aa47b1e986c5aaf21cb55aa8b8416bab686337f,8c382543f73825142bc46f897af7b9ce6a9112b618ec3425865d52e0ac625977,91,-0.38317249603100517,0.01
4,0,unrounded_strict,side_informed,laplace,uniform,50.0,retention_nonnegative,0.001,d7e905532c95f9426e74fa022aa47b1e986c5aaf21cb55aa8b8416bab686337f,fb61a51c4a1ba808f7a287d5e920fee2b14db16965458d94a98a3feb0d70f922,91,-0.3698831469247956,0.01
4,0,unrounded_strict,side_informed,laplace,uniform,50.0,retention_nonnegative,0.01,d7e905532c95f9426e74fa022aa47b1e986c5aaf21cb55aa8b8416bab686337f,b11de9c5350ac12d6631f35e87d393efca8756bbcac416a24914ccd603aa7744,91,-0.3468349830760541,0.01
4,0,unrounded_strict,side_informed,laplace,uniform,50.0,retention_nonnegative,0.1,d7e905532c95f9426e74fa022aa47b1e986c5aaf21cb55aa8b8416bab686337f,16e531955e6bf6616caf5a8ca4f847a973e10c4f5ae5a4030a0c9500701cdf87,91,-0.4120576286684931,0.01
4,1,unrounded_strict,side_informed,laplace,uniform,50.0,retention_nonnegative,0.0,a1facf9fdd8bd28031b4ce2e94ac3a60bfd00e883f65df0e1c9a47974e352ae6,686bc88efb8bb536ca279e3a3d59bf5d32592df0568e1464f8e33e57a72f1430,90,-0.3853315325432201,0.01
4,1,unrounded_strict,side_informed,laplace,uniform,50.0,retention_nonnegative,0.0001,a1facf9fdd8bd28031b4ce2e94ac3a60bfd00e883f65df0e1c9a47974e352ae6,e3fa51cb88a9b1e833e62bcf6b162eb48617cc59774cebea46e20144352dd07a,90,-0.38317249603100517,0.01
4,1,unrounded_strict,side_informed,laplace,uniform,50.0,retention_nonnegative,0.001,a1facf9fdd8bd28031b4ce2e94ac3a60bfd00e883f65df0e1c9a47974e352ae6,ab22779d3cbe3a54b0edad225dcd45d5041c193e0955f1c2beba9579606e958d,90,-0.3698831469247956,0.01
4,1,unrounded_strict,side_informed,laplace,uniform,50.0,retention_nonnegative,0.01,a1facf9fdd8bd28031b4ce2e94ac3a60bfd00e883f65df0e1c9a47974e352ae6,dc2e08cc3ed824d4ec874402f6401da0a8ba81f6db5dff58d7fe420715351690,90,-0.3468349830760541,0.01
4,1,unrounded_strict,side_informed,laplace,uniform,50.0,retention_nonnegative,0.1,a1facf9fdd8bd28031b4ce2e94ac3a60bfd00e883f65df0e1c9a47974e352ae6,2bcf32232e2ec78dad8a09497b1871c1250522ac5d854dfae5407ee093ff39a0,90,-0.4120576286684931,0.01
4,2,unrounded_strict,side_informed,laplace,uniform,50.0,retention_nonnegative,0.0,1f1b4550b11567210be099e5e8f23c1b72b79e1c4aed3fa9105a98c03db496ed,786cc8fec3a527d4957af4182f68ee9d9a0623121d50706923b8262361bb9292,90,-0.3853315325432201,0.01
4,2,unrounded_strict,side_informed,laplace,uniform,50.0,retention_nonnegative,0.0001,1f1b4550b11567210be099e5e8f23c1b72b79e1c4aed3fa9105a98c03db496ed,b9698027847527c910af906551eadc1cd5cf410100b23f336f3ee3761e71b9cb,90,-0.38317249603100517,0.01
4,2,unrounded_strict,side_informed,laplace,uniform,50.0,retention_nonnegative,0.001,1f1b4550b11567210be099e5e8f23c1b72b79e1c4aed3fa9105a98c03db496ed,190ed3e69cd11dc6a27006a93823e2e91e33cde702919deb3635fcabed6678dd,90,-0.3698831469247956,0.01
4,2,unrounded_strict,side_informed,laplace,uniform,50.0,retention_nonnegative,0.01,1f1b4550b11567210be099e5e8f23c1b72b79e1c4aed3fa9105a98c03db496ed,f4f63a7e722c9f2a0f894374700a46755eedc3f8a18106be5fb948b7eeb2ceba,90,-0.3468349830760541,0.01
4,2,unrounded_strict,side_informed,laplace,uniform,50.0,retention_nonnegative,0.1,1f1b4550b11567210be099e5e8f23c1b72b79e1c4aed3fa9105a98c03db496ed,8d1cdc5c867eaea9c06e788fc0731bf1fac9d36d7b1bb5cd3629ae6d768da3fe,90,-0.4120576286684931,0.01
4,0,unrounded_strict,side_informed,laplace,uniform,50.0,current_only,0.0,d7e905532c95f9426e74fa022aa47b1e986c5aaf21cb55aa8b8416bab686337f,10cad74a88e0b2074bf93619e6bb3b380c832c039346561c0e3f5f1fe2089547,91,-0.6246243399775476,0.1
4,0,unrounded_strict,side_informed,laplace,uniform,50.0,current_only,0.0001,d7e905532c95f9426e74fa022aa47b1e986c5aaf21cb55aa8b8416bab686337f,1a8e2fa32169bd526ce57a563ad64d4f58d807debe86b17099962703c786130b,91,-0.6243882965247172,0.1
4,0,unrounded_strict,side_informed,laplace,uniform,50.0,current_only,0.001,d7e905532c95f9426e74fa022aa47b1e986c5aaf21cb55aa8b8416bab686337f,cf837eb9ffcc1543268f890685c5e1799db3453f71b79ad6cc67e83893aceefb,91,-0.6223572021682807,0.1
4,0,unrounded_strict,side_informed,laplace,uniform,50.0,current_only,0.01,d7e905532c95f9426e74fa022aa47b1e986c5aaf21cb55aa8b8416bab686337f,b7295c3f756fbfbfc11caaadb225e4c56322e3fbc74a4ec7036644fc2021a6ec,91,-0.6084399661789976,0.1
4,0,unrounded_strict,side_informed,laplace,uniform,50.0,current_only,0.1,d7e905532c95f9426e74fa022aa47b1e986c5aaf21cb55aa8b8416bab686337f,677e711f02ee713e38cc9836bd3c5304c6440c4de0b4056d5bca4de2d34177d1,91,-0.6022474373644437,0.1
4,1,unrounded_strict,side_informed,laplace,uniform,50.0,current_only,0.0,a1facf9fdd8bd28031b4ce2e94ac3a60bfd00e883f65df0e1c9a47974e352ae6,10d70a11392ef9246c21092c82d1b5d719ab026a2cdca003b1e01311da3a796d,90,-0.6246243399775476,0.1
4,1,unrounded_strict,side_informed,laplace,uniform,50.0,current_only,0.0001,a1facf9fdd8bd28031b4ce2e94ac3a60bfd00e883f65df0e1c9a47974e352ae6,9374cc9db5c9ac506da62b565560e7c924e2fabc7faccdb5b3ff4a5316d65479,90,-0.6243882965247172,0.1
4,1,unrounded_strict,side_informed,laplace,uniform,50.0,current_only,0.001,a1facf9fdd8bd28031b4ce2e94ac3a60bfd00e883f65df0e1c9a47974e352ae6,be1882cdbd89bdc0595221870f7bcf44ac18a11b139e8fdf3f88fb79a603a460,90,-0.6223572021682807,0.1
4,1,unrounded_strict,side_informed,laplace,uniform,50.0,current_only,0.01,a1facf9fdd8bd28031b4ce2e94ac3a60bfd00e883f65df0e1c9a47974e352ae6,e598af9a46640a45f094a843e07efbd2c7cfb7508447e771d9c1543165bfe12a,90,-0.6084399661789976,0.1
4,1,unrounded_strict,side_informed,laplace,uniform,50.0,current_only,0.1,a1facf9fdd8bd28031b4ce2e94ac3a60bfd00e883f65df0e1c9a47974e352ae6,1b9959016a546e1516f275232e7c03bee26aa7fd85c491999eb8041a1bf83c03,90,-0.6022474373644437,0.1
4,2,unrounded_strict,side_informed,laplace,uniform,50.0,current_only,0.0,1f1b4550b11567210be099e5e8f23c1b72b79e1c4aed3fa9105a98c03db496ed,6c84474721484c9226691910159814a3166180c85b326f0f2e4f06160be0ee9a,90,-0.6246243399775476,0.1
4,2,unrounded_strict,side_informed,laplace,uniform,50.0,current_only,0.0001,1f1b4550b11567210be099e5e8f23c1b72b79e1c4aed3fa9105a98c03db496ed,deab5a7907f950986237b9dc83b603fb25bb55390b4faa873be8197c4fcc9d84,90,-0.6243882965247172,0.1
4,2,unrounded_strict,side_informed,laplace,uniform,50.0,current_only,0.001,1f1b4550b11567210be099e5e8f23c1b72b79e1c4aed3fa9105a98c03db496ed,eb5b817e5f9a3c90d6cad5756252f4ba12d2dfcd922dec1ff82d76687a94429d,90,-0.6223572021682807,0.1
4,2,unrounded_strict,side_informed,laplace,uniform,50.0,current_only,0.01,1f1b4550b11567210be099e5e8f23c1b72b79e1c4aed3fa9105a98c03db496ed,7eaeec6ef7baf741fcb20745f8f70805d7e8a62bd3530de62bcfe4ab0c75637b,90,-0.6084399661789976,0.1
4,2,unrounded_strict,side_informed,laplace,uniform,50.0,current_only,0.1,1f1b4550b11567210be099e5e8f23c1b72b79e1c4aed3fa9105a98c03db496ed,4d9c4510fc95cd2bb40df1b92d86c6a561ae62c75bb76054f085b0e8d8e1c9a8,90,-0.6022474373644437,0.1
4,0,unrounded_strict,side_informed,laplace,uniform,50.0,input_plus_surface,0.0,d7e905532c95f9426e74fa022aa47b1e986c5aaf21cb55aa8b8416bab686337f,c4dcabbd12a4e7f8508e89834f0bef8adff1d9ed1b2889cf37221e2865f09d1e,91,-0.3602072809015035,0.01
4,0,unrounded_strict,side_informed,laplace,uniform,50.0,input_plus_surface,0.0001,d7e905532c95f9426e74fa022aa47b1e986c5aaf21cb55aa8b8416bab686337f,50425d8ec9548b1cdfd648197ebb88942350d8eedb5b7319290605de12cb9413,91,-0.3582807449106109,0.01
4,0,unrounded_strict,side_informed,laplace,uniform,50.0,input_plus_surface,0.001,d7e905532c95f9426e74fa022aa47b1e986c5aaf21cb55aa8b8416bab686337f,128c07b7926e0f4f392d43df4f2030d1ab370733a1f6beeba3ae2a5149ddb430,91,-0.3457702828450138,0.01
4,0,unrounded_strict,side_informed,laplace,uniform,50.0,input_plus_surface,0.01,d7e905532c95f9426e74fa022aa47b1e986c5aaf21cb55aa8b8416bab686337f,bf79b21755696b7cf2e2daeeaa5271c76515f75cf8401463986aa3abf54d096c,91,-0.3182816280515042,0.01
4,0,unrounded_strict,side_informed,laplace,uniform,50.0,input_plus_surface,0.1,d7e905532c95f9426e74fa022aa47b1e986c5aaf21cb55aa8b8416bab686337f,2d759e2acf9f65afd0d171119c5a8f33d15f818e61a9fa8ff4840c15badc5318,91,-0.3748178445205542,0.01
4,1,unrounded_strict,side_informed,laplace,uniform,50.0,input_plus_surface,0.0,a1facf9fdd8bd28031b4ce2e94ac3a60bfd00e883f65df0e1c9a47974e352ae6,ca8e9a6954e6dbc2846b82aa4920fd0243978d0ef49cf584ae083f8d0413b1d5,90,-0.3602072809015035,0.01
4,1,unrounded_strict,side_informed,laplace,uniform,50.0,input_plus_surface,0.0001,a1facf9fdd8bd28031b4ce2e94ac3a60bfd00e883f65df0e1c9a47974e352ae6,d4081613fe440164a71b42d17360351bec00f070843e78da360b5eabb9506b49,90,-0.3582807449106109,0.01
4,1,unrounded_strict,side_informed,laplace,uniform,50.0,input_plus_surface,0.001,a1facf9fdd8bd28031b4ce2e94ac3a60bfd00e883f65df0e1c9a47974e352ae6,a020952a519ee2fb9e84144c18f5584150a29c1dacca95ee1e55f88f464fcffd,90,-0.3457702828450138,0.01
4,1,unrounded_strict,side_informed,laplace,uniform,50.0,input_plus_surface,0.01,a1facf9fdd8bd28031b4ce2e94ac3a60bfd00e883f65df0e1c9a47974e352ae6,454d0b85ac7fb5132394b80bf0b368405dfde90be60de030b658de84d15913c9,90,-0.3182816280515042,0.01
4,1,unrounded_strict,side_informed,laplace,uniform,50.0,input_plus_surface,0.1,a1facf9fdd8bd28031b4ce2e94ac3a60bfd00e883f65df0e1c9a47974e352ae6,152bc64ad288f0698f89e3abe1cb0607390daec575b30932249e8c4177bdd150,90,-0.3748178445205542,0.01
4,2,unrounded_strict,side_informed,laplace,uniform,50.0,input_plus_surface,0.0,1f1b4550b11567210be099e5e8f23c1b72b79e1c4aed3fa9105a98c03db496ed,d8020ebd1b233572d0a5e46efd8293f07777d95ba24dbe85ed0122b275c79ac5,90,-0.3602072809015035,0.01
4,2,unrounded_strict,side_informed,laplace,uniform,50.0,input_plus_surface,0.0001,1f1b4550b11567210be099e5e8f23c1b72b79e1c4aed3fa9105a98c03db496ed,7f53345f9485fee9b5d629563a8bd8a9a74999619a91fd59ac8308fbce026704,90,-0.3582807449106109,0.01
4,2,unrounded_strict,side_informed,laplace,uniform,50.0,input_plus_surface,0.001,1f1b4550b11567210be099e5e8f23c1b72b79e1c4aed3fa9105a98c03db496ed,58925d1e82c2ac47a89b5f201af89f6c8ea06950d1ce91e91ef7ad44cd59027a,90,-0.3457702828450138,0.01
4,2,unrounded_strict,side_informed,laplace,uniform,50.0,input_plus_surface,0.01,1f1b4550b11567210be099e5e8f23c1b72b79e1c4aed3fa9105a98c03db496ed,c25be54e29724e0f463ba3a3cb8b38ecdf60d7dbca0a9f4252fc10c7c496360b,90,-0.3182816280515042,0.01
4,2,unrounded_strict,side_informed,laplace,uniform,50.0,input_plus_surface,0.1,1f1b4550b11567210be099e5e8f23c1b72b79e1c4aed3fa9105a98c03db496ed,b6f22cd96c7f682fce4305f1f9f8199c02f532aaa5addd391cd5a1acd492e958,90,-0.3748178445205542,0.01
4,0,unrounded_strict,side_informed,laplace,uniform,50.0,HU_plus_surface,0.0,d7e905532c95f9426e74fa022aa47b1e986c5aaf21cb55aa8b8416bab686337f,490cbda26c78eaadce393436e6e9b43b5952eaaae42fa6388f0e0ba2ba5db860,91,-0.35299995176545396,0.01
4,0,unrounded_strict,side_informed,laplace,uniform,50.0,HU_plus_surface,0.0001,d7e905532c95f9426e74fa022aa47b1e986c5aaf21cb55aa8b8416bab686337f,d634e6eeb27339c45a3e358cf57b28b2192cccebee45fc63e382648917b77600,91,-0.3494504324835784,0.01
4,0,unrounded_strict,side_informed,laplace,uniform,50.0,HU_plus_surface,0.001,d7e905532c95f9426e74fa022aa47b1e986c5aaf21cb55aa8b8416bab686337f,a0930477b0dbf82ccbef7175be02805bc74280297a57706b5db80792019429ff,91,-0.329703422715565,0.01
4,0,unrounded_strict,side_informed,laplace,uniform,50.0,HU_plus_surface,0.01,d7e905532c95f9426e74fa022aa47b1e986c5aaf21cb55aa8b8416bab686337f,69643a3017e107cbd42cbaefc995a43a13583a1a8f763d63633542aaed3cbe1f,91,-0.29802110647186647,0.01
4,0,unrounded_strict,side_informed,laplace,uniform,50.0,HU_plus_surface,0.1,d7e905532c95f9426e74fa022aa47b1e986c5aaf21cb55aa8b8416bab686337f,f36fd3244373d20457ff2736613c79f7d95b8ab871e35733e789924520e6d60a,91,-0.36377359102877715,0.01
4,1,unrounded_strict,side_informed,laplace,uniform,50.0,HU_plus_surface,0.0,a1facf9fdd8bd28031b4ce2e94ac3a60bfd00e883f65df0e1c9a47974e352ae6,e8964d0daf6021dff93d74c9e8cf40cba75ecec2ee5555aa7222951ef43ff00b,90,-0.35299995176545396,0.01
4,1,unrounded_strict,side_informed,laplace,uniform,50.0,HU_plus_surface,0.0001,a1facf9fdd8bd28031b4ce2e94ac3a60bfd00e883f65df0e1c9a47974e352ae6,b1aecdce6dfcab2afe1d1aac4f668decfb036e7ace4e88b74d44162e66696896,90,-0.3494504324835784,0.01
4,1,unrounded_strict,side_informed,laplace,uniform,50.0,HU_plus_surface,0.001,a1facf9fdd8bd28031b4ce2e94ac3a60bfd00e883f65df0e1c9a47974e352ae6,eba5797b64cbaf1c8d0280552629145292aac4979797b186e3a631bb6927f7d5,90,-0.329703422715565,0.01
4,1,unrounded_strict,side_informed,laplace,uniform,50.0,HU_plus_surface,0.01,a1facf9fdd8bd28031b4ce2e94ac3a60bfd00e883f65df0e1c9a47974e352ae6,41e75baced96cd1857d95613b66d4bdb74ddead5619b1b815ad50f943784a0b7,90,-0.29802110647186647,0.01
4,1,unrounded_strict,side_informed,laplace,uniform,50.0,HU_plus_surface,0.1,a1facf9fdd8bd28031b4ce2e94ac3a60bfd00e883f65df0e1c9a47974e352ae6,e6ce5d8964f7288e81bfbc3f393b7e2be5273ad8adb3601cfc0bc82e8ecc8f63,90,-0.36377359102877715,0.01
4,2,unrounded_strict,side_informed,laplace,uniform,50.0,HU_plus_surface,0.0,1f1b4550b11567210be099e5e8f23c1b72b79e1c4aed3fa9105a98c03db496ed,c1a18c67236f49e3773aea183316e63e60600069d33d5e51ae704c8a12bd8ff2,90,-0.35299995176545396,0.01
4,2,unrounded_strict,side_informed,laplace,uniform,50.0,HU_plus_surface,0.0001,1f1b4550b11567210be099e5e8f23c1b72b79e1c4aed3fa9105a98c03db496ed,817689c4dbe80ac34df9116b3324fb16ce192602f7d258a9adf2905820df65ed,90,-0.3494504324835784,0.01
4,2,unrounded_strict,side_informed,laplace,uniform,50.0,HU_plus_surface,0.001,1f1b4550b11567210be099e5e8f23c1b72b79e1c4aed3fa9105a98c03db496ed,26227817157b10441edebe66e4f5377190b84240807e0fb98d570eeedfc47c6e,90,-0.329703422715565,0.01
4,2,unrounded_strict,side_informed,laplace,uniform,50.0,HU_plus_surface,0.01,1f1b4550b11567210be099e5e8f23c1b72b79e1c4aed3fa9105a98c03db496ed,b59e08d0c646874ed26597290a9cb227e66b1c7134b68b05d664acdcb6297cad,90,-0.29802110647186647,0.01
4,2,unrounded_strict,side_informed,laplace,uniform,50.0,HU_plus_surface,0.1,1f1b4550b11567210be099e5e8f23c1b72b79e1c4aed3fa9105a98c03db496ed,4f6610606ed0a448d4264345ce1568ac5d82e02361b44a65e3bd9161993b6785,90,-0.36377359102877715,0.01
4,0,unrounded_strict,side_informed,laplace,uniform,50.0,retention_bounded_plus_HU,0.0,d7e905532c95f9426e74fa022aa47b1e986c5aaf21cb55aa8b8416bab686337f,39e33208749f4fb063b7543422000968359f5b36cfdc37fe757472d36e66ff1b,91,-0.3676330956277297,0.01
4,0,unrounded_strict,side_informed,laplace,uniform,50.0,retention_bounded_plus_HU,0.0001,d7e905532c95f9426e74fa022aa47b1e986c5aaf21cb55aa8b8416bab686337f,a1c5e17d1fe7ff5ff7b58732d0551479e627d909d59fe3f354b6a6186c7513c9,91,-0.3632346229945673,0.01
4,0,unrounded_strict,side_informed,laplace,uniform,50.0,retention_bounded_plus_HU,0.001,d7e905532c95f9426e74fa022aa47b1e986c5aaf21cb55aa8b8416bab686337f,b901661260d530a4743a55555f06e688084c42e5539a94785dd3b9ee54c8b1fd,91,-0.34102733357188886,0.01
4,0,unrounded_strict,side_informed,laplace,uniform,50.0,retention_bounded_plus_HU,0.01,d7e905532c95f9426e74fa022aa47b1e986c5aaf21cb55aa8b8416bab686337f,f82f2081234a64c169174519e169ce0788ed1ce058263bbef257254a26033334,91,-0.31228164368930283,0.01
4,0,unrounded_strict,side_informed,laplace,uniform,50.0,retention_bounded_plus_HU,0.1,d7e905532c95f9426e74fa022aa47b1e986c5aaf21cb55aa8b8416bab686337f,9499bbe87cb90ba6d354353116c6d7ec09ef05d755715dc5779a0ed68e61f319,91,-0.32925753600659746,0.01
4,1,unrounded_strict,side_informed,laplace,uniform,50.0,retention_bounded_plus_HU,0.0,a1facf9fdd8bd28031b4ce2e94ac3a60bfd00e883f65df0e1c9a47974e352ae6,89642edb731c5a43f70180cb2b2e7a3e74ad03d79adefe053ef0744bcfc03612,90,-0.3676330956277297,0.01
4,1,unrounded_strict,side_informed,laplace,uniform,50.0,retention_bounded_plus_HU,0.0001,a1facf9fdd8bd28031b4ce2e94ac3a60bfd00e883f65df0e1c9a47974e352ae6,7b12a7c630e0987daada4caf570f0e00a956c76fc0fca7376e4d175b2ab519ef,90,-0.3632346229945673,0.01
4,1,unrounded_strict,side_informed,laplace,uniform,50.0,retention_bounded_plus_HU,0.001,a1facf9fdd8bd28031b4ce2e94ac3a60bfd00e883f65df0e1c9a47974e352ae6,822a27ef495a9446a57002e12f7c0de62c8ff4300b58703657706563d98bd240,90,-0.34102733357188886,0.01
4,1,unrounded_strict,side_informed,laplace,uniform,50.0,retention_bounded_plus_HU,0.01,a1facf9fdd8bd28031b4ce2e94ac3a60bfd00e883f65df0e1c9a47974e352ae6,a107b1ef5cdf4768bdba6aca5dd4e90b3560544944e76de69e7506112816b813,90,-0.31228164368930283,0.01
4,1,unrounded_strict,side_informed,laplace,uniform,50.0,retention_bounded_plus_HU,0.1,a1facf9fdd8bd28031b4ce2e94ac3a60bfd00e883f65df0e1c9a47974e352ae6,e683b916f9dd1c5632c5a65c392d1d423764e0ceaf13d55972c4955af1927948,90,-0.32925753600659746,0.01
4,2,unrounded_strict,side_informed,laplace,uniform,50.0,retention_bounded_plus_HU,0.0,1f1b4550b11567210be099e5e8f23c1b72b79e1c4aed3fa9105a98c03db496ed,5943022bdc006bf81ed545a75d5f19eb0d4a29b684d4db5f7f1a3ca792a98817,90,-0.3676330956277297,0.01
4,2,unrounded_strict,side_informed,laplace,uniform,50.0,retention_bounded_plus_HU,0.0001,1f1b4550b11567210be099e5e8f23c1b72b79e1c4aed3fa9105a98c03db496ed,98a094159c1ea9586e79571bca5455c6fbafd6bf2bfff328fd7376fe0dd3990c,90,-0.3632346229945673,0.01
4,2,unrounded_strict,side_informed,laplace,uniform,50.0,retention_bounded_plus_HU,0.001,1f1b4550b11567210be099e5e8f23c1b72b79e1c4aed3fa9105a98c03db496ed,66ca71acedb5e8cdbfea17db9309dad29d2a98faef2766732ebb57ad2bfc06d3,90,-0.34102733357188886,0.01
4,2,unrounded_strict,side_informed,laplace,uniform,50.0,retention_bounded_plus_HU,0.01,1f1b4550b11567210be099e5e8f23c1b72b79e1c4aed3fa9105a98c03db496ed,7fb019e9fcf00082cce93b7ea9fd83220b546d9eac200654308bb712499149c9,90,-0.31228164368930283,0.01
4,2,unrounded_strict,side_informed,laplace,uniform,50.0,retention_bounded_plus_HU,0.1,1f1b4550b11567210be099e5e8f23c1b72b79e1c4aed3fa9105a98c03db496ed,365bd1562547651f58bfa06b4bc3dd2ddcf45f0de173dbbad3b41431cc8ec371,90,-0.32925753600659746,0.01
4,0,unrounded_strict,side_informed,gh80,uniform,50.0,HU_plus_surface,0.0,d7e905532c95f9426e74fa022aa47b1e986c5aaf21cb55aa8b8416bab686337f,aba290353c30681ac08a2ca89ff965c3bbce609fcbab65dc71bd61ce967a7c97,91,-0.3548039336459989,0.01
4,0,unrounded_strict,side_informed,gh80,uniform,50.0,HU_plus_surface,0.0001,d7e905532c95f9426e74fa022aa47b1e986c5aaf21cb55aa8b8416bab686337f,fb1888924e82f3d28eb78eac2f674d74906f39f2e083e22f87393a7d6eac738c,91,-0.351462843903221,0.01
4,0,unrounded_strict,side_informed,gh80,uniform,50.0,HU_plus_surface,0.001,d7e905532c95f9426e74fa022aa47b1e986c5aaf21cb55aa8b8416bab686337f,40917336c44b59dea366a887dd79bd564e3cacd3e31ae63b434a6222b46612ce,91,-0.3326197194482595,0.01
4,0,unrounded_strict,side_informed,gh80,uniform,50.0,HU_plus_surface,0.01,d7e905532c95f9426e74fa022aa47b1e986c5aaf21cb55aa8b8416bab686337f,b79533e1cbe9dd333ca9059008b2525263c1c5053e689f62558e364f4e61b64a,91,-0.3021447801411336,0.01
4,0,unrounded_strict,side_informed,gh80,uniform,50.0,HU_plus_surface,0.1,d7e905532c95f9426e74fa022aa47b1e986c5aaf21cb55aa8b8416bab686337f,2d23d1568b7c3f36c5dd0884c74c0b3f3a9323f72fb9e00470d5915cc6023c11,91,-0.3677621112891364,0.01
4,1,unrounded_strict,side_informed,gh80,uniform,50.0,HU_plus_surface,0.0,a1facf9fdd8bd28031b4ce2e94ac3a60bfd00e883f65df0e1c9a47974e352ae6,69f5b5e196573a3f2d0fdc975a5efa4bdb49ab0070fda64432a2baf5ba58297f,90,-0.3548039336459989,0.01
4,1,unrounded_strict,side_informed,gh80,uniform,50.0,HU_plus_surface,0.0001,a1facf9fdd8bd28031b4ce2e94ac3a60bfd00e883f65df0e1c9a47974e352ae6,f688c9c150dac49c9cd0c0ed1c2a7cfc7e7f102cb1eebb6a7b91838cd5b45796,90,-0.351462843903221,0.01
4,1,unrounded_strict,side_informed,gh80,uniform,50.0,HU_plus_surface,0.001,a1facf9fdd8bd28031b4ce2e94ac3a60bfd00e883f65df0e1c9a47974e352ae6,67405188d93724c1cad6afe2d2e3158dce082e2d3a27d2d88c1f41f17f5ee2d7,90,-0.3326197194482595,0.01
4,1,unrounded_strict,side_informed,gh80,uniform,50.0,HU_plus_surface,0.01,a1facf9fdd8bd28031b4ce2e94ac3a60bfd00e883f65df0e1c9a47974e352ae6,9ab79b82f0e00a1e6a183ea31226e1d8921122e65a432585e798383b3b9f9329,90,-0.3021447801411336,0.01
4,1,unrounded_strict,side_informed,gh80,uniform,50.0,HU_plus_surface,0.1,a1facf9fdd8bd28031b4ce2e94ac3a60bfd00e883f65df0e1c9a47974e352ae6,d4abf19101f74184a6e25ca9fca53d9494fc96bdebceebe4f340a27829b6ac09,90,-0.3677621112891364,0.01
4,2,unrounded_strict,side_informed,gh80,uniform,50.0,HU_plus_surface,0.0,1f1b4550b11567210be099e5e8f23c1b72b79e1c4aed3fa9105a98c03db496ed,51aa975209a3008320e6e325367ec9dcfc53b99593c3a9d58ef951f9759406c2,90,-0.3548039336459989,0.01
4,2,unrounded_strict,side_informed,gh80,uniform,50.0,HU_plus_surface,0.0001,1f1b4550b11567210be099e5e8f23c1b72b79e1c4aed3fa9105a98c03db496ed,43623cac472e56115bae243929a648b9b057a5f969f72e73e1e3c3caf0e54b15,90,-0.351462843903221,0.01
4,2,unrounded_strict,side_informed,gh80,uniform,50.0,HU_plus_surface,0.001,1f1b4550b11567210be099e5e8f23c1b72b79e1c4aed3fa9105a98c03db496ed,b907b64f280bfcee085264c374cc2c160e50e49222e43c7baf53300ec03d9df3,90,-0.3326197194482595,0.01
4,2,unrounded_strict,side_informed,gh80,uniform,50.0,HU_plus_surface,0.01,1f1b4550b11567210be099e5e8f23c1b72b79e1c4aed3fa9105a98c03db496ed,78a0ed12a2ccc2863786d948c2046567f832848d1707ca201c7496bc9bb9edd4,90,-0.3021447801411336,0.01
4,2,unrounded_strict,side_informed,gh80,uniform,50.0,HU_plus_surface,0.1,1f1b4550b11567210be099e5e8f23c1b72b79e1c4aed3fa9105a98c03db496ed,68e7f4c08c2d475ad901aa6500d350ee5c66ba0f3788dd6c42cff2ae237f18a0,90,-0.3677621112891364,0.01
4,0,unrounded_strict,side_informed,gh80,uniform,50.0,retention_bounded_plus_HU,0.0,d7e905532c95f9426e74fa022aa47b1e986c5aaf21cb55aa8b8416bab686337f,2ae1fb3474aacc69870cd1c7f50f04c2f697ee0c32efbab85a1cb0d7f2d83431,91,-0.37180629000415305,0.01
4,0,unrounded_strict,side_informed,gh80,uniform,50.0,retention_bounded_plus_HU,0.0001,d7e905532c95f9426e74fa022aa47b1e986c5aaf21cb55aa8b8416bab686337f,36931fa673930295ae080d4e20e961c179f7a4ad8f29abdd91db4500fa412d2b,91,-0.3687865443531584,0.01
4,0,unrounded_strict,side_informed,gh80,uniform,50.0,retention_bounded_plus_HU,0.001,d7e905532c95f9426e74fa022aa47b1e986c5aaf21cb55aa8b8416bab686337f,1c9d9bfd0aa418b6bb03842eca9caae2a3fe20f253bfa08fd07cf40d69d68f8b,91,-0.3474461237746309,0.01
4,0,unrounded_strict,side_informed,gh80,uniform,50.0,retention_bounded_plus_HU,0.01,d7e905532c95f9426e74fa022aa47b1e986c5aaf21cb55aa8b8416bab686337f,62b202f5f6d5f6f3e22110b20572a3fbd99aa0793b28823216a2dcca68f6e835,91,-0.31992707366636475,0.01
4,0,unrounded_strict,side_informed,gh80,uniform,50.0,retention_bounded_plus_HU,0.1,d7e905532c95f9426e74fa022aa47b1e986c5aaf21cb55aa8b8416bab686337f,b6b1cdb875deba0d48f4560317fa021027eb63a1ae744e3502dbc4781d0eecb9,91,-0.3339930828227698,0.01
4,1,unrounded_strict,side_informed,gh80,uniform,50.0,retention_bounded_plus_HU,0.0,a1facf9fdd8bd28031b4ce2e94ac3a60bfd00e883f65df0e1c9a47974e352ae6,818cadaccfc28ae4181dcf861a236fdf31893ed74ef8de9da1c46edd0e62bcdd,90,-0.37180629000415305,0.01
4,1,unrounded_strict,side_informed,gh80,uniform,50.0,retention_bounded_plus_HU,0.0001,a1facf9fdd8bd28031b4ce2e94ac3a60bfd00e883f65df0e1c9a47974e352ae6,369c7a9363147c5655bdba385f70e3f1a69af2b8642426c30f49f7e8a694adcd,90,-0.3687865443531584,0.01
4,1,unrounded_strict,side_informed,gh80,uniform,50.0,retention_bounded_plus_HU,0.001,a1facf9fdd8bd28031b4ce2e94ac3a60bfd00e883f65df0e1c9a47974e352ae6,4d136e92ce8e7e3f30fbcac13b0922d4e03701a912140337a4a83f2516ec25a6,90,-0.3474461237746309,0.01
4,1,unrounded_strict,side_informed,gh80,uniform,50.0,retention_bounded_plus_HU,0.01,a1facf9fdd8bd28031b4ce2e94ac3a60bfd00e883f65df0e1c9a47974e352ae6,d1bea509a65f2464abc8a8fdb72fa427874875aa60b16636d1b9dccaff9d6b46,90,-0.31992707366636475,0.01
4,1,unrounded_strict,side_informed,gh80,uniform,50.0,retention_bounded_plus_HU,0.1,a1facf9fdd8bd28031b4ce2e94ac3a60bfd00e883f65df0e1c9a47974e352ae6,db619a388d6ede75be876fa1dbed1e6e74ede4c77f18e9cacbfa3098c29da32f,90,-0.3339930828227698,0.01
4,2,unrounded_strict,side_informed,gh80,uniform,50.0,retention_bounded_plus_HU,0.0,1f1b4550b11567210be099e5e8f23c1b72b79e1c4aed3fa9105a98c03db496ed,559bdad05aa6820beaf11b798040d50966b973f3068a10bc498f2f601c1506c0,90,-0.37180629000415305,0.01
4,2,unrounded_strict,side_informed,gh80,uniform,50.0,retention_bounded_plus_HU,0.0001,1f1b4550b11567210be099e5e8f23c1b72b79e1c4aed3fa9105a98c03db496ed,a497567b4d1d39c2db8aece4988009d2a01cb6ef7d0c72b60a6fc38826f2330d,90,-0.3687865443531584,0.01
4,2,unrounded_strict,side_informed,gh80,uniform,50.0,retention_bounded_plus_HU,0.001,1f1b4550b11567210be099e5e8f23c1b72b79e1c4aed3fa9105a98c03db496ed,27ee7416f496689c1763d76417ebc2e555c971d9b6eaacb047bc8f91be197aad,90,-0.3474461237746309,0.01
4,2,unrounded_strict,side_informed,gh80,uniform,50.0,retention_bounded_plus_HU,0.01,1f1b4550b11567210be099e5e8f23c1b72b79e1c4aed3fa9105a98c03db496ed,afd6fd06851532ae7a931c8684b31aba45aa9e8d0ffcd2709761d6f918f1c8da,90,-0.31992707366636475,0.01
4,2,unrounded_strict,side_informed,gh80,uniform,50.0,retention_bounded_plus_HU,0.1,1f1b4550b11567210be099e5e8f23c1b72b79e1c4aed3fa9105a98c03db496ed,06398c55234be08db9cb79d2e9a35e6e55617417cafbf080ef33b25726aa05ab,90,-0.3339930828227698,0.01
4,0,unrounded_strict,wholly_unseen,laplace,uniform,50.0,retention_bounded,0.0,d7e905532c95f9426e74fa022aa47b1e986c5aaf21cb55aa8b8416bab686337f,0d3845e99fa7c7e3dfc0c08bd3d25a1c6a652e3d95ea7261252cbc41acdcc15f,91,-0.6737044364950795,0.01
4,0,unrounded_strict,wholly_unseen,laplace,uniform,50.0,retention_bounded,0.0001,d7e905532c95f9426e74fa022aa47b1e986c5aaf21cb55aa8b8416bab686337f,fd321415f61bc4c8f58033fd344bfe41c16ae6418eb8e107abf639c461c5803c,91,-0.6718918502008944,0.01
4,0,unrounded_strict,wholly_unseen,laplace,uniform,50.0,retention_bounded,0.001,d7e905532c95f9426e74fa022aa47b1e986c5aaf21cb55aa8b8416bab686337f,40a010a70e5c522363b7f427f6e454497e8a4d584d7fbceb6086e5c085ffa3c5,91,-0.6601276253851751,0.01
4,0,unrounded_strict,wholly_unseen,laplace,uniform,50.0,retention_bounded,0.01,d7e905532c95f9426e74fa022aa47b1e986c5aaf21cb55aa8b8416bab686337f,33f042745c49319e18df04146b0113688f3176a8875776f0af6be2da3151273b,91,-0.6282417950166054,0.01
4,0,unrounded_strict,wholly_unseen,laplace,uniform,50.0,retention_bounded,0.1,d7e905532c95f9426e74fa022aa47b1e986c5aaf21cb55aa8b8416bab686337f,8153fdcf45de7e376036cc7649b4b46c3738b74466dc8ece54bde7980730093e,91,-0.6476973994960739,0.01
4,1,unrounded_strict,wholly_unseen,laplace,uniform,50.0,retention_bounded,0.0,a1facf9fdd8bd28031b4ce2e94ac3a60bfd00e883f65df0e1c9a47974e352ae6,824b4e0f3445adf3319f9b4de31f6ce28737437b4ebc29309ff3de21cf4a1c2b,90,-0.6737044364950795,0.01
4,1,unrounded_strict,wholly_unseen,laplace,uniform,50.0,retention_bounded,0.0001,a1facf9fdd8bd28031b4ce2e94ac3a60bfd00e883f65df0e1c9a47974e352ae6,a25a80320ce8eeb2146aa8aee4748a1e7e699598e802c91b9a3607f48f8d71f5,90,-0.6718918502008944,0.01
4,1,unrounded_strict,wholly_unseen,laplace,uniform,50.0,retention_bounded,0.001,a1facf9fdd8bd28031b4ce2e94ac3a60bfd00e883f65df0e1c9a47974e352ae6,cf23c9f44aeeb3b74ad6b76b002db105089e00e82ddb17adb6d3181032391a81,90,-0.6601276253851751,0.01
4,1,unrounded_strict,wholly_unseen,laplace,uniform,50.0,retention_bounded,0.01,a1facf9fdd8bd28031b4ce2e94ac3a60bfd00e883f65df0e1c9a47974e352ae6,bc4a9404c67935d4f5662566e268a888de1313deb39226596dcea915f9aa038f,90,-0.6282417950166054,0.01
4,1,unrounded_strict,wholly_unseen,laplace,uniform,50.0,retention_bounded,0.1,a1facf9fdd8bd28031b4ce2e94ac3a60bfd00e883f65df0e1c9a47974e352ae6,6b288eea5255fb189c305ce812819285de8542a6ce10d613ddd58a9d1eaea55e,90,-0.6476973994960739,0.01
4,2,unrounded_strict,wholly_unseen,laplace,uniform,50.0,retention_bounded,0.0,1f1b4550b11567210be099e5e8f23c1b72b79e1c4aed3fa9105a98c03db496ed,9476250324f65fec88bf46a3bbbf3e27f043751632d70d1da05b03dda99502dc,90,-0.6737044364950795,0.01
4,2,unrounded_strict,wholly_unseen,laplace,uniform,50.0,retention_bounded,0.0001,1f1b4550b11567210be099e5e8f23c1b72b79e1c4aed3fa9105a98c03db496ed,5799517c063e8a28495de2590cbdde137b8fb54363d9e2cdafcc3516709b9034,90,-0.6718918502008944,0.01
4,2,unrounded_strict,wholly_unseen,laplace,uniform,50.0,retention_bounded,0.001,1f1b4550b11567210be099e5e8f23c1b72b79e1c4aed3fa9105a98c03db496ed,1da4b8ba720f48fa10acf2fd99bf0284a6f1548aa70f9d4f255fcfd633683084,90,-0.6601276253851751,0.01
4,2,unrounded_strict,wholly_unseen,laplace,uniform,50.0,retention_bounded,0.01,1f1b4550b11567210be099e5e8f23c1b72b79e1c4aed3fa9105a98c03db496ed,26b286461a0c2a2aade450dad592073a7ea6429027f928e86544bd70b260d65d,90,-0.6282417950166054,0.01
4,2,unrounded_strict,wholly_unseen,laplace,uniform,50.0,retention_bounded,0.1,1f1b4550b11567210be099e5e8f23c1b72b79e1c4aed3fa9105a98c03db496ed,2e88e9dd3bf01cd6a76ee520a8088c032977182cfd89f18bb2070c3f277d66d1,90,-0.6476973994960739,0.01
4,0,unrounded_strict,wholly_unseen,laplace,uniform,50.0,retention_nonnegative,0.0,d7e905532c95f9426e74fa022aa47b1e986c5aaf21cb55aa8b8416bab686337f,b2a43414f143d7d9a1a0db9bf5f03344135bdd1000e09286d20cef0bdb60a5d6,91,-0.6737044361207136,0.01
4,0,unrounded_strict,wholly_unseen,laplace,uniform,50.0,retention_nonnegative,0.0001,d7e905532c95f9426e74fa022aa47b1e986c5aaf21cb55aa8b8416bab686337f,8c382543f73825142bc46f897af7b9ce6a9112b618ec3425865d52e0ac625977,91,-0.6711589062217367,0.01
4,0,unrounded_strict,wholly_unseen,laplace,uniform,50.0,retention_nonnegative,0.001,d7e905532c95f9426e74fa022aa47b1e986c5aaf21cb55aa8b8416bab686337f,fb61a51c4a1ba808f7a287d5e920fee2b14db16965458d94a98a3feb0d70f922,91,-0.6553953732335525,0.01
4,0,unrounded_strict,wholly_unseen,laplace,uniform,50.0,retention_nonnegative,0.01,d7e905532c95f9426e74fa022aa47b1e986c5aaf21cb55aa8b8416bab686337f,b11de9c5350ac12d6631f35e87d393efca8756bbcac416a24914ccd603aa7744,91,-0.6300751321816773,0.01
4,0,unrounded_strict,wholly_unseen,laplace,uniform,50.0,retention_nonnegative,0.1,d7e905532c95f9426e74fa022aa47b1e986c5aaf21cb55aa8b8416bab686337f,16e531955e6bf6616caf5a8ca4f847a973e10c4f5ae5a4030a0c9500701cdf87,91,-0.7008381913559982,0.01
4,1,unrounded_strict,wholly_unseen,laplace,uniform,50.0,retention_nonnegative,0.0,a1facf9fdd8bd28031b4ce2e94ac3a60bfd00e883f65df0e1c9a47974e352ae6,686bc88efb8bb536ca279e3a3d59bf5d32592df0568e1464f8e33e57a72f1430,90,-0.6737044361207136,0.01
4,1,unrounded_strict,wholly_unseen,laplace,uniform,50.0,retention_nonnegative,0.0001,a1facf9fdd8bd28031b4ce2e94ac3a60bfd00e883f65df0e1c9a47974e352ae6,e3fa51cb88a9b1e833e62bcf6b162eb48617cc59774cebea46e20144352dd07a,90,-0.6711589062217367,0.01
4,1,unrounded_strict,wholly_unseen,laplace,uniform,50.0,retention_nonnegative,0.001,a1facf9fdd8bd28031b4ce2e94ac3a60bfd00e883f65df0e1c9a47974e352ae6,ab22779d3cbe3a54b0edad225dcd45d5041c193e0955f1c2beba9579606e958d,90,-0.6553953732335525,0.01
4,1,unrounded_strict,wholly_unseen,laplace,uniform,50.0,retention_nonnegative,0.01,a1facf9fdd8bd28031b4ce2e94ac3a60bfd00e883f65df0e1c9a47974e352ae6,dc2e08cc3ed824d4ec874402f6401da0a8ba81f6db5dff58d7fe420715351690,90,-0.6300751321816773,0.01
4,1,unrounded_strict,wholly_unseen,laplace,uniform,50.0,retention_nonnegative,0.1,a1facf9fdd8bd28031b4ce2e94ac3a60bfd00e883f65df0e1c9a47974e352ae6,2bcf32232e2ec78dad8a09497b1871c1250522ac5d854dfae5407ee093ff39a0,90,-0.7008381913559982,0.01
4,2,unrounded_strict,wholly_unseen,laplace,uniform,50.0,retention_nonnegative,0.0,1f1b4550b11567210be099e5e8f23c1b72b79e1c4aed3fa9105a98c03db496ed,786cc8fec3a527d4957af4182f68ee9d9a0623121d50706923b8262361bb9292,90,-0.6737044361207136,0.01
4,2,unrounded_strict,wholly_unseen,laplace,uniform,50.0,retention_nonnegative,0.0001,1f1b4550b11567210be099e5e8f23c1b72b79e1c4aed3fa9105a98c03db496ed,b9698027847527c910af906551eadc1cd5cf410100b23f336f3ee3761e71b9cb,90,-0.6711589062217367,0.01
4,2,unrounded_strict,wholly_unseen,laplace,uniform,50.0,retention_nonnegative,0.001,1f1b4550b11567210be099e5e8f23c1b72b79e1c4aed3fa9105a98c03db496ed,190ed3e69cd11dc6a27006a93823e2e91e33cde702919deb3635fcabed6678dd,90,-0.6553953732335525,0.01
4,2,unrounded_strict,wholly_unseen,laplace,uniform,50.0,retention_nonnegative,0.01,1f1b4550b11567210be099e5e8f23c1b72b79e1c4aed3fa9105a98c03db496ed,f4f63a7e722c9f2a0f894374700a46755eedc3f8a18106be5fb948b7eeb2ceba,90,-0.6300751321816773,0.01
4,2,unrounded_strict,wholly_unseen,laplace,uniform,50.0,retention_nonnegative,0.1,1f1b4550b11567210be099e5e8f23c1b72b79e1c4aed3fa9105a98c03db496ed,8d1cdc5c867eaea9c06e788fc0731bf1fac9d36d7b1bb5cd3629ae6d768da3fe,90,-0.7008381913559982,0.01
4,0,unrounded_strict,wholly_unseen,laplace,uniform,50.0,current_only,0.0,d7e905532c95f9426e74fa022aa47b1e986c5aaf21cb55aa8b8416bab686337f,10cad74a88e0b2074bf93619e6bb3b380c832c039346561c0e3f5f1fe2089547,91,-0.9135282084081019,0.1
4,0,unrounded_strict,wholly_unseen,laplace,uniform,50.0,current_only,0.0001,d7e905532c95f9426e74fa022aa47b1e986c5aaf21cb55aa8b8416bab686337f,1a8e2fa32169bd526ce57a563ad64d4f58d807debe86b17099962703c786130b,91,-0.9132921649552714,0.1
4,0,unrounded_strict,wholly_unseen,laplace,uniform,50.0,current_only,0.001,d7e905532c95f9426e74fa022aa47b1e986c5aaf21cb55aa8b8416bab686337f,cf837eb9ffcc1543268f890685c5e1799db3453f71b79ad6cc67e83893aceefb,91,-0.911261070598835,0.1
4,0,unrounded_strict,wholly_unseen,laplace,uniform,50.0,current_only,0.01,d7e905532c95f9426e74fa022aa47b1e986c5aaf21cb55aa8b8416bab686337f,b7295c3f756fbfbfc11caaadb225e4c56322e3fbc74a4ec7036644fc2021a6ec,91,-0.897343834609552,0.1
4,0,unrounded_strict,wholly_unseen,laplace,uniform,50.0,current_only,0.1,d7e905532c95f9426e74fa022aa47b1e986c5aaf21cb55aa8b8416bab686337f,677e711f02ee713e38cc9836bd3c5304c6440c4de0b4056d5bca4de2d34177d1,91,-0.891151305794998,0.1
4,1,unrounded_strict,wholly_unseen,laplace,uniform,50.0,current_only,0.0,a1facf9fdd8bd28031b4ce2e94ac3a60bfd00e883f65df0e1c9a47974e352ae6,10d70a11392ef9246c21092c82d1b5d719ab026a2cdca003b1e01311da3a796d,90,-0.9135282084081019,0.1
4,1,unrounded_strict,wholly_unseen,laplace,uniform,50.0,current_only,0.0001,a1facf9fdd8bd28031b4ce2e94ac3a60bfd00e883f65df0e1c9a47974e352ae6,9374cc9db5c9ac506da62b565560e7c924e2fabc7faccdb5b3ff4a5316d65479,90,-0.9132921649552714,0.1
4,1,unrounded_strict,wholly_unseen,laplace,uniform,50.0,current_only,0.001,a1facf9fdd8bd28031b4ce2e94ac3a60bfd00e883f65df0e1c9a47974e352ae6,be1882cdbd89bdc0595221870f7bcf44ac18a11b139e8fdf3f88fb79a603a460,90,-0.911261070598835,0.1
4,1,unrounded_strict,wholly_unseen,laplace,uniform,50.0,current_only,0.01,a1facf9fdd8bd28031b4ce2e94ac3a60bfd00e883f65df0e1c9a47974e352ae6,e598af9a46640a45f094a843e07efbd2c7cfb7508447e771d9c1543165bfe12a,90,-0.897343834609552,0.1
4,1,unrounded_strict,wholly_unseen,laplace,uniform,50.0,current_only,0.1,a1facf9fdd8bd28031b4ce2e94ac3a60bfd00e883f65df0e1c9a47974e352ae6,1b9959016a546e1516f275232e7c03bee26aa7fd85c491999eb8041a1bf83c03,90,-0.891151305794998,0.1
4,2,unrounded_strict,wholly_unseen,laplace,uniform,50.0,current_only,0.0,1f1b4550b11567210be099e5e8f23c1b72b79e1c4aed3fa9105a98c03db496ed,6c84474721484c9226691910159814a3166180c85b326f0f2e4f06160be0ee9a,90,-0.9135282084081019,0.1
4,2,unrounded_strict,wholly_unseen,laplace,uniform,50.0,current_only,0.0001,1f1b4550b11567210be099e5e8f23c1b72b79e1c4aed3fa9105a98c03db496ed,deab5a7907f950986237b9dc83b603fb25bb55390b4faa873be8197c4fcc9d84,90,-0.9132921649552714,0.1
4,2,unrounded_strict,wholly_unseen,laplace,uniform,50.0,current_only,0.001,1f1b4550b11567210be099e5e8f23c1b72b79e1c4aed3fa9105a98c03db496ed,eb5b817e5f9a3c90d6cad5756252f4ba12d2dfcd922dec1ff82d76687a94429d,90,-0.911261070598835,0.1
4,2,unrounded_strict,wholly_unseen,laplace,uniform,50.0,current_only,0.01,1f1b4550b11567210be099e5e8f23c1b72b79e1c4aed3fa9105a98c03db496ed,7eaeec6ef7baf741fcb20745f8f70805d7e8a62bd3530de62bcfe4ab0c75637b,90,-0.897343834609552,0.1
4,2,unrounded_strict,wholly_unseen,laplace,uniform,50.0,current_only,0.1,1f1b4550b11567210be099e5e8f23c1b72b79e1c4aed3fa9105a98c03db496ed,4d9c4510fc95cd2bb40df1b92d86c6a561ae62c75bb76054f085b0e8d8e1c9a8,90,-0.891151305794998,0.1
4,0,unrounded_strict,wholly_unseen,laplace,uniform,50.0,input_plus_surface,0.0,d7e905532c95f9426e74fa022aa47b1e986c5aaf21cb55aa8b8416bab686337f,c4dcabbd12a4e7f8508e89834f0bef8adff1d9ed1b2889cf37221e2865f09d1e,91,-0.6490261852328063,0.01
4,0,unrounded_strict,wholly_unseen,laplace,uniform,50.0,input_plus_surface,0.0001,d7e905532c95f9426e74fa022aa47b1e986c5aaf21cb55aa8b8416bab686337f,50425d8ec9548b1cdfd648197ebb88942350d8eedb5b7319290605de12cb9413,91,-0.6469303417490089,0.01
4,0,unrounded_strict,wholly_unseen,laplace,uniform,50.0,input_plus_surface,0.001,d7e905532c95f9426e74fa022aa47b1e986c5aaf21cb55aa8b8416bab686337f,128c07b7926e0f4f392d43df4f2030d1ab370733a1f6beeba3ae2a5149ddb430,91,-0.6332412299844227,0.01
4,0,unrounded_strict,wholly_unseen,laplace,uniform,50.0,input_plus_surface,0.01,d7e905532c95f9426e74fa022aa47b1e986c5aaf21cb55aa8b8416bab686337f,bf79b21755696b7cf2e2daeeaa5271c76515f75cf8401463986aa3abf54d096c,91,-0.6022468221331723,0.01
4,0,unrounded_strict,wholly_unseen,laplace,uniform,50.0,input_plus_surface,0.1,d7e905532c95f9426e74fa022aa47b1e986c5aaf21cb55aa8b8416bab686337f,2d759e2acf9f65afd0d171119c5a8f33d15f818e61a9fa8ff4840c15badc5318,91,-0.6582396643821542,0.01
4,1,unrounded_strict,wholly_unseen,laplace,uniform,50.0,input_plus_surface,0.0,a1facf9fdd8bd28031b4ce2e94ac3a60bfd00e883f65df0e1c9a47974e352ae6,ca8e9a6954e6dbc2846b82aa4920fd0243978d0ef49cf584ae083f8d0413b1d5,90,-0.6490261852328063,0.01
4,1,unrounded_strict,wholly_unseen,laplace,uniform,50.0,input_plus_surface,0.0001,a1facf9fdd8bd28031b4ce2e94ac3a60bfd00e883f65df0e1c9a47974e352ae6,d4081613fe440164a71b42d17360351bec00f070843e78da360b5eabb9506b49,90,-0.6469303417490089,0.01
4,1,unrounded_strict,wholly_unseen,laplace,uniform,50.0,input_plus_surface,0.001,a1facf9fdd8bd28031b4ce2e94ac3a60bfd00e883f65df0e1c9a47974e352ae6,a020952a519ee2fb9e84144c18f5584150a29c1dacca95ee1e55f88f464fcffd,90,-0.6332412299844227,0.01
4,1,unrounded_strict,wholly_unseen,laplace,uniform,50.0,input_plus_surface,0.01,a1facf9fdd8bd28031b4ce2e94ac3a60bfd00e883f65df0e1c9a47974e352ae6,454d0b85ac7fb5132394b80bf0b368405dfde90be60de030b658de84d15913c9,90,-0.6022468221331723,0.01
4,1,unrounded_strict,wholly_unseen,laplace,uniform,50.0,input_plus_surface,0.1,a1facf9fdd8bd28031b4ce2e94ac3a60bfd00e883f65df0e1c9a47974e352ae6,152bc64ad288f0698f89e3abe1cb0607390daec575b30932249e8c4177bdd150,90,-0.6582396643821542,0.01
4,2,unrounded_strict,wholly_unseen,laplace,uniform,50.0,input_plus_surface,0.0,1f1b4550b11567210be099e5e8f23c1b72b79e1c4aed3fa9105a98c03db496ed,d8020ebd1b233572d0a5e46efd8293f07777d95ba24dbe85ed0122b275c79ac5,90,-0.6490261852328063,0.01
4,2,unrounded_strict,wholly_unseen,laplace,uniform,50.0,input_plus_surface,0.0001,1f1b4550b11567210be099e5e8f23c1b72b79e1c4aed3fa9105a98c03db496ed,7f53345f9485fee9b5d629563a8bd8a9a74999619a91fd59ac8308fbce026704,90,-0.6469303417490089,0.01
4,2,unrounded_strict,wholly_unseen,laplace,uniform,50.0,input_plus_surface,0.001,1f1b4550b11567210be099e5e8f23c1b72b79e1c4aed3fa9105a98c03db496ed,58925d1e82c2ac47a89b5f201af89f6c8ea06950d1ce91e91ef7ad44cd59027a,90,-0.6332412299844227,0.01
4,2,unrounded_strict,wholly_unseen,laplace,uniform,50.0,input_plus_surface,0.01,1f1b4550b11567210be099e5e8f23c1b72b79e1c4aed3fa9105a98c03db496ed,c25be54e29724e0f463ba3a3cb8b38ecdf60d7dbca0a9f4252fc10c7c496360b,90,-0.6022468221331723,0.01
4,2,unrounded_strict,wholly_unseen,laplace,uniform,50.0,input_plus_surface,0.1,1f1b4550b11567210be099e5e8f23c1b72b79e1c4aed3fa9105a98c03db496ed,b6f22cd96c7f682fce4305f1f9f8199c02f532aaa5addd391cd5a1acd492e958,90,-0.6582396643821542,0.01
4,0,unrounded_strict,wholly_unseen,laplace,uniform,50.0,HU_plus_surface,0.0,d7e905532c95f9426e74fa022aa47b1e986c5aaf21cb55aa8b8416bab686337f,490cbda26c78eaadce393436e6e9b43b5952eaaae42fa6388f0e0ba2ba5db860,91,-0.634350239059642,0.01
4,0,unrounded_strict,wholly_unseen,laplace,uniform,50.0,HU_plus_surface,0.0001,d7e905532c95f9426e74fa022aa47b1e986c5aaf21cb55aa8b8416bab686337f,d634e6eeb27339c45a3e358cf57b28b2192cccebee45fc63e382648917b77600,91,-0.6308216044661816,0.01
4,0,unrounded_strict,wholly_unseen,laplace,uniform,50.0,HU_plus_surface,0.001,d7e905532c95f9426e74fa022aa47b1e986c5aaf21cb55aa8b8416bab686337f,a0930477b0dbf82ccbef7175be02805bc74280297a57706b5db80792019429ff,91,-0.6111474042757722,0.01
4,0,unrounded_strict,wholly_unseen,laplace,uniform,50.0,HU_plus_surface,0.01,d7e905532c95f9426e74fa022aa47b1e986c5aaf21cb55aa8b8416bab686337f,69643a3017e107cbd42cbaefc995a43a13583a1a8f763d63633542aaed3cbe1f,91,-0.5791029037086282,0.01
4,0,unrounded_strict,wholly_unseen,laplace,uniform,50.0,HU_plus_surface,0.1,d7e905532c95f9426e74fa022aa47b1e986c5aaf21cb55aa8b8416bab686337f,f36fd3244373d20457ff2736613c79f7d95b8ab871e35733e789924520e6d60a,91,-0.6461547620413491,0.01
4,1,unrounded_strict,wholly_unseen,laplace,uniform,50.0,HU_plus_surface,0.0,a1facf9fdd8bd28031b4ce2e94ac3a60bfd00e883f65df0e1c9a47974e352ae6,e8964d0daf6021dff93d74c9e8cf40cba75ecec2ee5555aa7222951ef43ff00b,90,-0.634350239059642,0.01
4,1,unrounded_strict,wholly_unseen,laplace,uniform,50.0,HU_plus_surface,0.0001,a1facf9fdd8bd28031b4ce2e94ac3a60bfd00e883f65df0e1c9a47974e352ae6,b1aecdce6dfcab2afe1d1aac4f668decfb036e7ace4e88b74d44162e66696896,90,-0.6308216044661816,0.01
4,1,unrounded_strict,wholly_unseen,laplace,uniform,50.0,HU_plus_surface,0.001,a1facf9fdd8bd28031b4ce2e94ac3a60bfd00e883f65df0e1c9a47974e352ae6,eba5797b64cbaf1c8d0280552629145292aac4979797b186e3a631bb6927f7d5,90,-0.6111474042757722,0.01
4,1,unrounded_strict,wholly_unseen,laplace,uniform,50.0,HU_plus_surface,0.01,a1facf9fdd8bd28031b4ce2e94ac3a60bfd00e883f65df0e1c9a47974e352ae6,41e75baced96cd1857d95613b66d4bdb74ddead5619b1b815ad50f943784a0b7,90,-0.5791029037086282,0.01
4,1,unrounded_strict,wholly_unseen,laplace,uniform,50.0,HU_plus_surface,0.1,a1facf9fdd8bd28031b4ce2e94ac3a60bfd00e883f65df0e1c9a47974e352ae6,e6ce5d8964f7288e81bfbc3f393b7e2be5273ad8adb3601cfc0bc82e8ecc8f63,90,-0.6461547620413491,0.01
4,2,unrounded_strict,wholly_unseen,laplace,uniform,50.0,HU_plus_surface,0.0,1f1b4550b11567210be099e5e8f23c1b72b79e1c4aed3fa9105a98c03db496ed,c1a18c67236f49e3773aea183316e63e60600069d33d5e51ae704c8a12bd8ff2,90,-0.634350239059642,0.01
4,2,unrounded_strict,wholly_unseen,laplace,uniform,50.0,HU_plus_surface,0.0001,1f1b4550b11567210be099e5e8f23c1b72b79e1c4aed3fa9105a98c03db496ed,817689c4dbe80ac34df9116b3324fb16ce192602f7d258a9adf2905820df65ed,90,-0.6308216044661816,0.01
4,2,unrounded_strict,wholly_unseen,laplace,uniform,50.0,HU_plus_surface,0.001,1f1b4550b11567210be099e5e8f23c1b72b79e1c4aed3fa9105a98c03db496ed,26227817157b10441edebe66e4f5377190b84240807e0fb98d570eeedfc47c6e,90,-0.6111474042757722,0.01
4,2,unrounded_strict,wholly_unseen,laplace,uniform,50.0,HU_plus_surface,0.01,1f1b4550b11567210be099e5e8f23c1b72b79e1c4aed3fa9105a98c03db496ed,b59e08d0c646874ed26597290a9cb227e66b1c7134b68b05d664acdcb6297cad,90,-0.5791029037086282,0.01
4,2,unrounded_strict,wholly_unseen,laplace,uniform,50.0,HU_plus_surface,0.1,1f1b4550b11567210be099e5e8f23c1b72b79e1c4aed3fa9105a98c03db496ed,4f6610606ed0a448d4264345ce1568ac5d82e02361b44a65e3bd9161993b6785,90,-0.6461547620413491,0.01
4,0,unrounded_strict,wholly_unseen,laplace,uniform,50.0,retention_bounded_plus_HU,0.0,d7e905532c95f9426e74fa022aa47b1e986c5aaf21cb55aa8b8416bab686337f,39e33208749f4fb063b7543422000968359f5b36cfdc37fe757472d36e66ff1b,91,-0.6486870027231694,0.01
4,0,unrounded_strict,wholly_unseen,laplace,uniform,50.0,retention_bounded_plus_HU,0.0001,d7e905532c95f9426e74fa022aa47b1e986c5aaf21cb55aa8b8416bab686337f,a1c5e17d1fe7ff5ff7b58732d0551479e627d909d59fe3f354b6a6186c7513c9,91,-0.6444412230405037,0.01
4,0,unrounded_strict,wholly_unseen,laplace,uniform,50.0,retention_bounded_plus_HU,0.001,d7e905532c95f9426e74fa022aa47b1e986c5aaf21cb55aa8b8416bab686337f,b901661260d530a4743a55555f06e688084c42e5539a94785dd3b9ee54c8b1fd,91,-0.6232298043288277,0.01
4,0,unrounded_strict,wholly_unseen,laplace,uniform,50.0,retention_bounded_plus_HU,0.01,d7e905532c95f9426e74fa022aa47b1e986c5aaf21cb55aa8b8416bab686337f,f82f2081234a64c169174519e169ce0788ed1ce058263bbef257254a26033334,91,-0.595730916224206,0.01
4,0,unrounded_strict,wholly_unseen,laplace,uniform,50.0,retention_bounded_plus_HU,0.1,d7e905532c95f9426e74fa022aa47b1e986c5aaf21cb55aa8b8416bab686337f,9499bbe87cb90ba6d354353116c6d7ec09ef05d755715dc5779a0ed68e61f319,91,-0.6108675013101516,0.01
4,1,unrounded_strict,wholly_unseen,laplace,uniform,50.0,retention_bounded_plus_HU,0.0,a1facf9fdd8bd28031b4ce2e94ac3a60bfd00e883f65df0e1c9a47974e352ae6,89642edb731c5a43f70180cb2b2e7a3e74ad03d79adefe053ef0744bcfc03612,90,-0.6486870027231694,0.01
4,1,unrounded_strict,wholly_unseen,laplace,uniform,50.0,retention_bounded_plus_HU,0.0001,a1facf9fdd8bd28031b4ce2e94ac3a60bfd00e883f65df0e1c9a47974e352ae6,7b12a7c630e0987daada4caf570f0e00a956c76fc0fca7376e4d175b2ab519ef,90,-0.6444412230405037,0.01
4,1,unrounded_strict,wholly_unseen,laplace,uniform,50.0,retention_bounded_plus_HU,0.001,a1facf9fdd8bd28031b4ce2e94ac3a60bfd00e883f65df0e1c9a47974e352ae6,822a27ef495a9446a57002e12f7c0de62c8ff4300b58703657706563d98bd240,90,-0.6232298043288277,0.01
4,1,unrounded_strict,wholly_unseen,laplace,uniform,50.0,retention_bounded_plus_HU,0.01,a1facf9fdd8bd28031b4ce2e94ac3a60bfd00e883f65df0e1c9a47974e352ae6,a107b1ef5cdf4768bdba6aca5dd4e90b3560544944e76de69e7506112816b813,90,-0.595730916224206,0.01
4,1,unrounded_strict,wholly_unseen,laplace,uniform,50.0,retention_bounded_plus_HU,0.1,a1facf9fdd8bd28031b4ce2e94ac3a60bfd00e883f65df0e1c9a47974e352ae6,e683b916f9dd1c5632c5a65c392d1d423764e0ceaf13d55972c4955af1927948,90,-0.6108675013101516,0.01
4,2,unrounded_strict,wholly_unseen,laplace,uniform,50.0,retention_bounded_plus_HU,0.0,1f1b4550b11567210be099e5e8f23c1b72b79e1c4aed3fa9105a98c03db496ed,5943022bdc006bf81ed545a75d5f19eb0d4a29b684d4db5f7f1a3ca792a98817,90,-0.6486870027231694,0.01
4,2,unrounded_strict,wholly_unseen,laplace,uniform,50.0,retention_bounded_plus_HU,0.0001,1f1b4550b11567210be099e5e8f23c1b72b79e1c4aed3fa9105a98c03db496ed,98a094159c1ea9586e79571bca5455c6fbafd6bf2bfff328fd7376fe0dd3990c,90,-0.6444412230405037,0.01
4,2,unrounded_strict,wholly_unseen,laplace,uniform,50.0,retention_bounded_plus_HU,0.001,1f1b4550b11567210be099e5e8f23c1b72b79e1c4aed3fa9105a98c03db496ed,66ca71acedb5e8cdbfea17db9309dad29d2a98faef2766732ebb57ad2bfc06d3,90,-0.6232298043288277,0.01
4,2,unrounded_strict,wholly_unseen,laplace,uniform,50.0,retention_bounded_plus_HU,0.01,1f1b4550b11567210be099e5e8f23c1b72b79e1c4aed3fa9105a98c03db496ed,7fb019e9fcf00082cce93b7ea9fd83220b546d9eac200654308bb712499149c9,90,-0.595730916224206,0.01
4,2,unrounded_strict,wholly_unseen,laplace,uniform,50.0,retention_bounded_plus_HU,0.1,1f1b4550b11567210be099e5e8f23c1b72b79e1c4aed3fa9105a98c03db496ed,365bd1562547651f58bfa06b4bc3dd2ddcf45f0de173dbbad3b41431cc8ec371,90,-0.6108675013101516,0.01
4,0,unrounded_strict,wholly_unseen,gh80,uniform,50.0,HU_plus_surface,0.0,d7e905532c95f9426e74fa022aa47b1e986c5aaf21cb55aa8b8416bab686337f,aba290353c30681ac08a2ca89ff965c3bbce609fcbab65dc71bd61ce967a7c97,91,-0.6277372761204898,0.01
4,0,unrounded_strict,wholly_unseen,gh80,uniform,50.0,HU_plus_surface,0.0001,d7e905532c95f9426e74fa022aa47b1e986c5aaf21cb55aa8b8416bab686337f,fb1888924e82f3d28eb78eac2f674d74906f39f2e083e22f87393a7d6eac738c,91,-0.6245285990751684,0.01
4,0,unrounded_strict,wholly_unseen,gh80,uniform,50.0,HU_plus_surface,0.001,d7e905532c95f9426e74fa022aa47b1e986c5aaf21cb55aa8b8416bab686337f,40917336c44b59dea366a887dd79bd564e3cacd3e31ae63b434a6222b46612ce,91,-0.6064350337598474,0.01
4,0,unrounded_strict,wholly_unseen,gh80,uniform,50.0,HU_plus_surface,0.01,d7e905532c95f9426e74fa022aa47b1e986c5aaf21cb55aa8b8416bab686337f,b79533e1cbe9dd333ca9059008b2525263c1c5053e689f62558e364f4e61b64a,91,-0.5777882346938366,0.01
4,0,unrounded_strict,wholly_unseen,gh80,uniform,50.0,HU_plus_surface,0.1,d7e905532c95f9426e74fa022aa47b1e986c5aaf21cb55aa8b8416bab686337f,2d23d1568b7c3f36c5dd0884c74c0b3f3a9323f72fb9e00470d5915cc6023c11,91,-0.6479189643078265,0.01
4,1,unrounded_strict,wholly_unseen,gh80,uniform,50.0,HU_plus_surface,0.0,a1facf9fdd8bd28031b4ce2e94ac3a60bfd00e883f65df0e1c9a47974e352ae6,69f5b5e196573a3f2d0fdc975a5efa4bdb49ab0070fda64432a2baf5ba58297f,90,-0.6277372761204898,0.01
4,1,unrounded_strict,wholly_unseen,gh80,uniform,50.0,HU_plus_surface,0.0001,a1facf9fdd8bd28031b4ce2e94ac3a60bfd00e883f65df0e1c9a47974e352ae6,f688c9c150dac49c9cd0c0ed1c2a7cfc7e7f102cb1eebb6a7b91838cd5b45796,90,-0.6245285990751684,0.01
4,1,unrounded_strict,wholly_unseen,gh80,uniform,50.0,HU_plus_surface,0.001,a1facf9fdd8bd28031b4ce2e94ac3a60bfd00e883f65df0e1c9a47974e352ae6,67405188d93724c1cad6afe2d2e3158dce082e2d3a27d2d88c1f41f17f5ee2d7,90,-0.6064350337598474,0.01
4,1,unrounded_strict,wholly_unseen,gh80,uniform,50.0,HU_plus_surface,0.01,a1facf9fdd8bd28031b4ce2e94ac3a60bfd00e883f65df0e1c9a47974e352ae6,9ab79b82f0e00a1e6a183ea31226e1d8921122e65a432585e798383b3b9f9329,90,-0.5777882346938366,0.01
4,1,unrounded_strict,wholly_unseen,gh80,uniform,50.0,HU_plus_surface,0.1,a1facf9fdd8bd28031b4ce2e94ac3a60bfd00e883f65df0e1c9a47974e352ae6,d4abf19101f74184a6e25ca9fca53d9494fc96bdebceebe4f340a27829b6ac09,90,-0.6479189643078265,0.01
4,2,unrounded_strict,wholly_unseen,gh80,uniform,50.0,HU_plus_surface,0.0,1f1b4550b11567210be099e5e8f23c1b72b79e1c4aed3fa9105a98c03db496ed,51aa975209a3008320e6e325367ec9dcfc53b99593c3a9d58ef951f9759406c2,90,-0.6277372761204898,0.01
4,2,unrounded_strict,wholly_unseen,gh80,uniform,50.0,HU_plus_surface,0.0001,1f1b4550b11567210be099e5e8f23c1b72b79e1c4aed3fa9105a98c03db496ed,43623cac472e56115bae243929a648b9b057a5f969f72e73e1e3c3caf0e54b15,90,-0.6245285990751684,0.01
4,2,unrounded_strict,wholly_unseen,gh80,uniform,50.0,HU_plus_surface,0.001,1f1b4550b11567210be099e5e8f23c1b72b79e1c4aed3fa9105a98c03db496ed,b907b64f280bfcee085264c374cc2c160e50e49222e43c7baf53300ec03d9df3,90,-0.6064350337598474,0.01
4,2,unrounded_strict,wholly_unseen,gh80,uniform,50.0,HU_plus_surface,0.01,1f1b4550b11567210be099e5e8f23c1b72b79e1c4aed3fa9105a98c03db496ed,78a0ed12a2ccc2863786d948c2046567f832848d1707ca201c7496bc9bb9edd4,90,-0.5777882346938366,0.01
4,2,unrounded_strict,wholly_unseen,gh80,uniform,50.0,HU_plus_surface,0.1,1f1b4550b11567210be099e5e8f23c1b72b79e1c4aed3fa9105a98c03db496ed,68e7f4c08c2d475ad901aa6500d350ee5c66ba0f3788dd6c42cff2ae237f18a0,90,-0.6479189643078265,0.01
4,0,unrounded_strict,wholly_unseen,gh80,uniform,50.0,retention_bounded_plus_HU,0.0,d7e905532c95f9426e74fa022aa47b1e986c5aaf21cb55aa8b8416bab686337f,2ae1fb3474aacc69870cd1c7f50f04c2f697ee0c32efbab85a1cb0d7f2d83431,91,-0.6418126783095583,0.01
4,0,unrounded_strict,wholly_unseen,gh80,uniform,50.0,retention_bounded_plus_HU,0.0001,d7e905532c95f9426e74fa022aa47b1e986c5aaf21cb55aa8b8416bab686337f,36931fa673930295ae080d4e20e961c179f7a4ad8f29abdd91db4500fa412d2b,91,-0.6393314804105695,0.01
4,0,unrounded_strict,wholly_unseen,gh80,uniform,50.0,retention_bounded_plus_HU,0.001,d7e905532c95f9426e74fa022aa47b1e986c5aaf21cb55aa8b8416bab686337f,1c9d9bfd0aa418b6bb03842eca9caae2a3fe20f253bfa08fd07cf40d69d68f8b,91,-0.6216876993405142,0.01
4,0,unrounded_strict,wholly_unseen,gh80,uniform,50.0,retention_bounded_plus_HU,0.01,d7e905532c95f9426e74fa022aa47b1e986c5aaf21cb55aa8b8416bab686337f,62b202f5f6d5f6f3e22110b20572a3fbd99aa0793b28823216a2dcca68f6e835,91,-0.5983017593360208,0.01
4,0,unrounded_strict,wholly_unseen,gh80,uniform,50.0,retention_bounded_plus_HU,0.1,d7e905532c95f9426e74fa022aa47b1e986c5aaf21cb55aa8b8416bab686337f,b6b1cdb875deba0d48f4560317fa021027eb63a1ae744e3502dbc4781d0eecb9,91,-0.6130022483749126,0.01
4,1,unrounded_strict,wholly_unseen,gh80,uniform,50.0,retention_bounded_plus_HU,0.0,a1facf9fdd8bd28031b4ce2e94ac3a60bfd00e883f65df0e1c9a47974e352ae6,818cadaccfc28ae4181dcf861a236fdf31893ed74ef8de9da1c46edd0e62bcdd,90,-0.6418126783095583,0.01
4,1,unrounded_strict,wholly_unseen,gh80,uniform,50.0,retention_bounded_plus_HU,0.0001,a1facf9fdd8bd28031b4ce2e94ac3a60bfd00e883f65df0e1c9a47974e352ae6,369c7a9363147c5655bdba385f70e3f1a69af2b8642426c30f49f7e8a694adcd,90,-0.6393314804105695,0.01
4,1,unrounded_strict,wholly_unseen,gh80,uniform,50.0,retention_bounded_plus_HU,0.001,a1facf9fdd8bd28031b4ce2e94ac3a60bfd00e883f65df0e1c9a47974e352ae6,4d136e92ce8e7e3f30fbcac13b0922d4e03701a912140337a4a83f2516ec25a6,90,-0.6216876993405142,0.01
4,1,unrounded_strict,wholly_unseen,gh80,uniform,50.0,retention_bounded_plus_HU,0.01,a1facf9fdd8bd28031b4ce2e94ac3a60bfd00e883f65df0e1c9a47974e352ae6,d1bea509a65f2464abc8a8fdb72fa427874875aa60b16636d1b9dccaff9d6b46,90,-0.5983017593360208,0.01
4,1,unrounded_strict,wholly_unseen,gh80,uniform,50.0,retention_bounded_plus_HU,0.1,a1facf9fdd8bd28031b4ce2e94ac3a60bfd00e883f65df0e1c9a47974e352ae6,db619a388d6ede75be876fa1dbed1e6e74ede4c77f18e9cacbfa3098c29da32f,90,-0.6130022483749126,0.01
4,2,unrounded_strict,wholly_unseen,gh80,uniform,50.0,retention_bounded_plus_HU,0.0,1f1b4550b11567210be099e5e8f23c1b72b79e1c4aed3fa9105a98c03db496ed,559bdad05aa6820beaf11b798040d50966b973f3068a10bc498f2f601c1506c0,90,-0.6418126783095583,0.01
4,2,unrounded_strict,wholly_unseen,gh80,uniform,50.0,retention_bounded_plus_HU,0.0001,1f1b4550b11567210be099e5e8f23c1b72b79e1c4aed3fa9105a98c03db496ed,a497567b4d1d39c2db8aece4988009d2a01cb6ef7d0c72b60a6fc38826f2330d,90,-0.6393314804105695,0.01
4,2,unrounded_strict,wholly_unseen,gh80,uniform,50.0,retention_bounded_plus_HU,0.001,1f1b4550b11567210be099e5e8f23c1b72b79e1c4aed3fa9105a98c03db496ed,27ee7416f496689c1763d76417ebc2e555c971d9b6eaacb047bc8f91be197aad,90,-0.6216876993405142,0.01
4,2,unrounded_strict,wholly_unseen,gh80,uniform,50.0,retention_bounded_plus_HU,0.01,1f1b4550b11567210be099e5e8f23c1b72b79e1c4aed3fa9105a98c03db496ed,afd6fd06851532ae7a931c8684b31aba45aa9e8d0ffcd2709761d6f918f1c8da,90,-0.5983017593360208,0.01
4,2,unrounded_strict,wholly_unseen,gh80,uniform,50.0,retention_bounded_plus_HU,0.1,1f1b4550b11567210be099e5e8f23c1b72b79e1c4aed3fa9105a98c03db496ed,06398c55234be08db9cb79d2e9a35e6e55617417cafbf080ef33b25726aa05ab,90,-0.6130022483749126,0.01
