speaker_split	tracker_id	start_offset_ms	end_offset_ms	paired_speaker_support	support_defined_n_ge_35	f1_20_positive_speakers	f1_20_zero_speakers	dress_minus_fleece_f1_20_median_hz	f2_20_positive_speakers	f2_20_zero_speakers	fleece_minus_dress_f2_20_median_hz	f1_30_positive_speakers	f1_30_zero_speakers	dress_minus_fleece_f1_30_median_hz	f2_30_positive_speakers	f2_30_zero_speakers	fleece_minus_dress_f2_30_median_hz	f1_40_positive_speakers	f1_40_zero_speakers	dress_minus_fleece_f1_40_median_hz	f2_40_positive_speakers	f2_40_zero_speakers	fleece_minus_dress_f2_40_median_hz	f1_50_positive_speakers	f1_50_zero_speakers	dress_minus_fleece_f1_50_median_hz	f2_50_positive_speakers	f2_50_zero_speakers	fleece_minus_dress_f2_50_median_hz	f1_60_positive_speakers	f1_60_zero_speakers	dress_minus_fleece_f1_60_median_hz	f2_60_positive_speakers	f2_60_zero_speakers	fleece_minus_dress_f2_60_median_hz	f1_70_positive_speakers	f1_70_zero_speakers	dress_minus_fleece_f1_70_median_hz	f2_70_positive_speakers	f2_70_zero_speakers	fleece_minus_dress_f2_70_median_hz	f1_80_positive_speakers	f1_80_zero_speakers	dress_minus_fleece_f1_80_median_hz	f2_80_positive_speakers	f2_80_zero_speakers	fleece_minus_dress_f2_80_median_hz	q_order_result
DEVELOPMENT_EVEN	T4500_W025	-20	-20	43	DEFINED	42	0	135.102184507495	42	0	361.034754581537	43	0	175.028196563777	38	0	422.622415111116	43	0	207.367693448737	40	0	489.953342114053	43	0	229.054330123756	38	0	534.578734512864	43	0	247.519394157491	38	0	524.526642434371	43	0	257.348572492898	41	0	535.986231494308	43	0	234.108797283844	41	0	576.153062534491	DEFINED_ALL_14_POSITIVE
DEVELOPMENT_EVEN	T4500_W025	-20	-10	44	DEFINED	44	0	147.818385702713	40	0	372.072455585839	44	0	179.010794839518	39	0	438.946245740720	44	0	215.916931774908	39	0	481.752266167887	44	0	228.921207032919	40	0	524.634042915329	44	0	252.485368811092	42	0	504.775762928183	44	0	249.134440209241	41	0	516.490247939894	44	0	241.492914474496	40	0	541.038433746123	DEFINED_ALL_14_POSITIVE
DEVELOPMENT_EVEN	T4500_W025	-20	0	42	DEFINED	42	0	151.348305156071	40	0	399.255753426513	42	0	186.366520123175	38	0	446.376789540285	42	0	217.469412836418	39	0	492.293925715347	42	0	238.870372962311	39	0	508.431099797759	42	0	254.735109301937	41	0	528.406087407059	42	0	246.479363738740	40	0	548.444795829565	42	0	221.865663482631	41	0	514.212439784034	DEFINED_ALL_14_POSITIVE
DEVELOPMENT_EVEN	T4500_W025	-20	10	37	DEFINED	37	0	155.983880272304	34	0	443.741476701889	37	0	201.108150447527	34	0	469.991187409917	37	0	232.282775109715	35	0	564.814807017102	37	0	247.069172531630	34	0	547.118788888032	37	0	248.425686644386	35	0	580.545321213156	37	0	237.315461450569	35	0	577.479260918260	37	0	219.591502315071	36	0	448.666925572722	DEFINED_ALL_14_POSITIVE
DEVELOPMENT_EVEN	T4500_W025	-20	20	37	DEFINED	37	0	166.985256753728	36	0	477.827538927608	37	0	213.295811724156	35	0	556.337549681178	37	0	240.946112380932	35	0	584.487942612747	37	0	259.174313927357	36	0	537.741892941831	37	0	245.864962708637	36	0	570.186932033714	37	0	225.297613097942	35	0	525.533741563355	37	0	212.834569530950	34	0	403.581611440313	DEFINED_ALL_14_POSITIVE
DEVELOPMENT_EVEN	T4500_W025	-10	-20	44	DEFINED	44	0	158.480487717107	39	0	431.670643555132	44	0	196.532796187714	40	0	477.451675811073	44	0	220.167210168638	40	0	498.825465058969	44	0	237.631304907052	40	0	496.003242084077	44	0	252.688960553290	43	0	502.516914086394	44	0	252.662306948386	42	0	530.473171382851	44	0	235.952010470914	42	0	521.017352333586	DEFINED_ALL_14_POSITIVE
DEVELOPMENT_EVEN	T4500_W025	-10	-10	43	DEFINED	43	0	164.686118658359	39	0	440.613928026309	43	0	195.787840691093	39	0	471.611040366379	43	0	220.054200672925	41	0	491.201194737657	43	0	243.596782072164	38	0	504.811779330580	43	0	256.111493607341	40	0	548.094384213106	43	0	249.024892690693	40	0	540.400391265637	43	0	238.562434605458	41	0	554.928682843769	DEFINED_ALL_14_POSITIVE
DEVELOPMENT_EVEN	T4500_W025	-10	0	42	DEFINED	42	0	171.342398898481	39	0	451.600366067357	42	0	210.254287469790	40	0	505.516542933534	42	0	236.300363209888	39	0	527.859640456847	42	0	248.412539554689	39	0	489.139131193865	42	0	248.397463559811	40	0	512.375424569059	42	0	230.246490189484	39	0	536.326341298428	42	0	221.398097264034	40	0	504.824650789669	DEFINED_ALL_14_POSITIVE
DEVELOPMENT_EVEN	T4500_W025	-10	10	39	DEFINED	39	0	183.515060834177	35	0	481.639486459475	39	0	226.689611941350	37	0	515.466619420124	39	0	258.148318052973	36	0	559.636466840358	39	0	252.679237641185	38	0	553.000848813475	39	0	244.709482359296	38	0	597.839203858918	39	0	225.088405282313	38	0	565.589542479060	39	0	221.267662942351	38	0	440.793484350528	DEFINED_ALL_14_POSITIVE
DEVELOPMENT_EVEN	T4500_W025	-10	20	37	DEFINED	37	0	192.202935982449	34	0	491.784842196630	37	0	229.958389876375	34	0	558.593613482655	37	0	245.260455819897	34	0	569.526948823222	37	0	246.512866041252	34	0	586.157898905929	37	0	240.425216722655	35	0	569.348596527770	37	0	221.549417404404	36	0	521.594361929320	37	0	213.540135886926	32	0	371.518346727004	DEFINED_ALL_14_POSITIVE
DEVELOPMENT_EVEN	T4500_W025	0	-20	44	DEFINED	44	0	198.214481974918	39	0	437.540350637034	44	0	220.817668539621	42	0	480.372576329697	44	0	233.555195998645	41	0	494.132528251969	44	0	243.447964007835	39	0	509.653796402958	44	0	250.205630510627	43	0	474.765045270589	44	0	251.059987325418	42	0	506.469324191792	44	0	231.239555294314	42	0	508.404672997042	DEFINED_ALL_14_POSITIVE
DEVELOPMENT_EVEN	T4500_W025	0	-10	45	DEFINED	45	0	202.145152413385	42	0	447.726636606519	45	0	228.470626424808	42	0	490.395661316545	45	0	236.769069051322	40	0	509.968371471881	45	0	239.051967132759	44	0	489.756058080000	45	0	249.172541837318	43	0	477.729526458882	45	0	246.226745080111	43	0	514.037125377627	45	0	231.509506912324	44	0	481.964488492807	DEFINED_ALL_14_POSITIVE
DEVELOPMENT_EVEN	T4500_W025	0	0	46	DEFINED	46	0	216.689982879896	43	0	448.330964852276	46	0	232.813674978143	43	0	474.817885750131	46	0	246.177025591858	40	0	479.937064990816	46	0	252.894995321517	44	0	525.951996487245	46	0	251.897239444551	44	0	526.691224202870	46	0	233.516646274699	43	0	515.305170524895	46	0	215.828806590023	44	0	465.324558713532	DEFINED_ALL_14_POSITIVE
DEVELOPMENT_EVEN	T4500_W025	0	10	41	DEFINED	41	0	217.529849622729	38	0	513.673858655212	41	0	237.612235139480	37	0	495.434649003575	41	0	242.389314864078	36	0	527.480529323418	41	0	248.912550081158	38	0	530.348113255756	41	0	244.816725694853	39	0	553.261223429695	41	0	224.968263135567	39	0	522.972088760944	41	0	213.746263607255	39	0	413.091150422051	DEFINED_ALL_14_POSITIVE
DEVELOPMENT_EVEN	T4500_W025	0	20	41	DEFINED	41	0	228.708829258861	38	0	502.376403082722	41	0	252.675284277155	38	0	428.193889123669	41	0	253.904182369229	40	0	524.156847292839	41	0	247.122197389396	38	0	560.430123001271	41	0	236.292077313675	37	0	482.317376577036	41	0	227.054427663760	39	0	424.958702519587	41	0	204.327037142084	31	0	288.067242478147	DEFINED_ALL_14_POSITIVE
DEVELOPMENT_EVEN	T4500_W025	10	-20	46	DEFINED	46	0	223.255133331436	44	0	493.363814196181	46	0	226.407518987387	43	0	489.440131308853	46	0	245.344973550173	41	0	502.555475380278	46	0	242.054946584324	42	0	506.186444997508	46	0	255.578660305073	44	0	451.537554253950	46	0	252.489560613997	43	0	518.748298826607	46	0	249.888699904651	42	0	500.257626980777	DEFINED_ALL_14_POSITIVE
DEVELOPMENT_EVEN	T4500_W025	10	-10	47	DEFINED	47	0	232.246380859834	45	0	477.898776192743	47	0	238.616162888289	42	0	480.937703262930	47	0	249.273148139291	40	0	489.226042471355	47	0	254.420464799830	45	0	500.395376989022	47	0	247.342604982962	44	0	503.255416677441	47	0	249.465047452702	43	0	531.650671654141	47	0	227.684173817414	44	0	493.072623888280	DEFINED_ALL_14_POSITIVE
DEVELOPMENT_EVEN	T4500_W025	10	0	47	DEFINED	47	0	236.374357537573	43	0	494.875544866784	47	0	246.979947054311	41	0	488.339117962673	47	0	253.057066869269	45	0	500.317125163502	47	0	254.833625229121	44	0	516.953238172922	47	0	250.457837831954	44	0	519.630314684655	47	0	233.652863201040	43	0	494.694298252004	47	0	218.123275231367	43	0	452.753371089492	DEFINED_ALL_14_POSITIVE
DEVELOPMENT_EVEN	T4500_W025	10	10	42	DEFINED	42	0	230.393354978709	38	0	493.355401147171	42	0	249.050603280455	38	0	486.873848481621	42	0	248.353644541530	39	0	518.829934971456	42	0	247.184020849793	40	0	565.273684401925	42	0	238.885666028922	38	0	550.702181647134	42	0	225.203981005830	40	0	470.543090100586	42	0	213.791323651186	36	0	397.708140862183	DEFINED_ALL_14_POSITIVE
DEVELOPMENT_EVEN	T4500_W025	10	20	42	DEFINED	42	0	239.604447783179	37	0	457.941185217904	42	0	241.866494857290	37	0	510.375465531743	42	0	246.226870615856	39	0	512.326197562547	42	0	239.598627570488	39	0	522.212948905153	42	0	230.509379872810	40	0	466.676813121798	42	0	218.313642817888	39	0	410.744783963111	42	0	199.199911863200	29	0	266.335816873439	DEFINED_ALL_14_POSITIVE
DEVELOPMENT_EVEN	T4500_W025	20	-20	46	DEFINED	46	0	238.174978859343	41	0	456.376566152839	46	0	246.173595079431	41	0	437.476355053372	46	0	254.015412693626	39	0	458.755308734899	46	0	254.602597626020	44	0	486.881232790892	46	0	249.538332573789	43	0	470.015844947954	46	0	252.933371499032	43	0	496.264687542568	46	0	239.887172249945	43	0	504.237882685740	DEFINED_ALL_14_POSITIVE
DEVELOPMENT_EVEN	T4500_W025	20	-10	48	DEFINED	48	0	234.357329336647	43	0	480.619810806285	48	0	255.134264197910	43	0	477.163839762939	48	0	254.190365642379	45	0	505.678234721340	48	0	255.195347297472	45	0	516.586267165471	48	0	248.536158586454	45	0	510.924489890806	48	0	238.922147908453	43	0	520.792320119853	48	0	225.230677948755	45	0	473.085543725125	DEFINED_ALL_14_POSITIVE
DEVELOPMENT_EVEN	T4500_W025	20	0	45	DEFINED	45	0	249.262584005988	42	0	484.109262349253	45	0	251.193189396791	41	0	508.022839641481	45	0	249.705052101313	43	0	515.086923608667	45	0	248.370511538632	42	0	535.357744938113	45	0	243.205261639358	43	0	513.008352396415	45	0	220.608736181662	43	0	465.548506495318	45	0	214.452955644742	43	0	445.516048841165	DEFINED_ALL_14_POSITIVE
DEVELOPMENT_EVEN	T4500_W025	20	10	41	DEFINED	41	0	238.493121618943	38	0	511.444978635793	41	0	242.841189433681	38	0	551.436444067930	41	0	247.756412482016	39	0	569.334764308163	41	0	240.872743395183	39	0	546.851697770515	41	0	230.194082925458	40	0	529.690596705946	41	0	222.702249464764	38	0	451.415808374972	41	0	202.781312205071	38	0	382.317871901849	DEFINED_ALL_14_POSITIVE
DEVELOPMENT_EVEN	T4500_W025	20	20	41	DEFINED	41	0	250.143267832117	37	0	475.342564971137	41	0	246.241506917668	39	0	490.550412250669	41	0	248.254980314267	39	0	557.861399006838	41	0	239.288802279491	38	0	539.793807290301	41	0	228.225915163122	39	0	440.795403830348	41	0	217.078317636650	35	0	394.090433331831	40	0	196.763443348126	33	0	243.290514536305	DEFINED_ALL_14_POSITIVE
DEVELOPMENT_EVEN	T5000_W025	-20	-20	47	DEFINED	47	0	153.017184434883	46	0	368.632322176675	47	0	190.683621883602	47	0	479.244103575591	47	0	220.149315693868	46	0	527.937524630369	47	0	247.187588186481	47	0	556.061016928365	47	0	261.943569603073	47	0	584.331917123049	47	0	268.307754563175	46	0	586.459551735952	47	0	257.628138673343	46	0	603.476192201176	DEFINED_ALL_14_POSITIVE
DEVELOPMENT_EVEN	T5000_W025	-20	-10	47	DEFINED	47	0	157.493837010238	47	0	391.474115651877	47	0	194.977358212029	46	0	520.372572418082	47	0	229.792846556393	47	0	543.802830646442	47	0	255.173421446512	47	0	566.922646081488	47	0	270.516635663875	46	0	596.989584000372	47	0	264.513623724755	46	0	587.999313791746	47	0	257.785020838376	46	0	577.978652418699	DEFINED_ALL_14_POSITIVE
DEVELOPMENT_EVEN	T5000_W025	-20	0	47	DEFINED	47	0	165.356041837344	47	0	447.915553992578	47	0	203.181431431802	46	0	517.471201233993	47	0	243.718744464260	47	0	562.978111387146	47	0	265.380001928350	47	0	570.806824786598	47	0	277.196826724873	46	0	591.851850561679	47	0	256.250083644128	46	0	598.291463039183	47	0	244.133194597641	46	0	539.179864775524	DEFINED_ALL_14_POSITIVE
DEVELOPMENT_EVEN	T5000_W025	-20	10	47	DEFINED	47	0	175.463043770240	47	0	488.660580746986	47	0	217.889616903675	46	0	566.273834880041	47	0	255.074333878829	47	0	589.108693793032	47	0	270.521811034781	46	0	631.965922647448	47	0	264.720991119018	46	0	607.723996761086	47	0	253.339765946239	47	0	603.655108533037	47	0	241.859103501419	45	0	518.994626438430	DEFINED_ALL_14_POSITIVE
DEVELOPMENT_EVEN	T5000_W025	-20	20	47	DEFINED	47	0	179.881467439020	47	0	503.555193830844	47	0	230.146657865633	46	0	567.753695647599	47	0	266.348277337781	47	0	602.278010363089	47	0	276.862996381054	46	0	626.316491763227	47	0	260.681978039893	46	0	612.087032233077	47	0	245.568848159297	47	0	563.804346827018	47	0	217.495679522334	46	0	429.580995729924	DEFINED_ALL_14_POSITIVE
DEVELOPMENT_EVEN	T5000_W025	-10	-20	47	DEFINED	47	0	171.822803471712	47	0	456.013375311463	47	0	206.062261428096	46	0	533.566332176777	47	0	239.553421743239	47	0	544.669768154915	47	0	260.833497517210	47	0	566.922646081488	47	0	269.095227334340	46	0	592.533318033033	47	0	270.811070022704	46	0	588.315371468941	47	0	254.706408057283	46	0	589.233064010701	DEFINED_ALL_14_POSITIVE
DEVELOPMENT_EVEN	T5000_W025	-10	-10	47	DEFINED	47	0	181.103849637628	47	0	497.687039261423	47	0	221.971147130978	46	0	507.822645182759	47	0	249.661341455252	47	0	541.598239145899	47	0	265.380001928350	47	0	570.806824786598	47	0	275.812831583316	46	0	590.720904193368	47	0	260.111298745758	46	0	593.358416258081	47	0	258.472592593487	46	0	569.418629066394	DEFINED_ALL_14_POSITIVE
DEVELOPMENT_EVEN	T5000_W025	-10	0	47	DEFINED	47	0	188.157606021606	47	0	522.800037938985	47	0	233.263836293763	47	0	522.633597322221	47	0	262.154285683331	47	0	557.188730075585	47	0	270.899566394305	46	0	589.720338091896	47	0	272.026433629413	46	0	594.154072268259	47	0	257.905186439059	46	0	565.471084744485	47	0	245.498283546413	47	0	509.357335803380	DEFINED_ALL_14_POSITIVE
DEVELOPMENT_EVEN	T5000_W025	-10	10	46	DEFINED	46	0	201.026923509395	45	0	551.264110187881	46	0	242.931525792616	46	0	614.013157806835	46	0	264.582299887247	46	0	596.456823202012	46	0	274.040216235934	45	0	623.878731690099	46	0	264.520560096709	45	0	611.872886057459	46	0	247.500043242198	46	0	595.350060658487	46	0	240.771932331768	44	0	524.585251593918	DEFINED_ALL_14_POSITIVE
DEVELOPMENT_EVEN	T5000_W025	-10	20	47	DEFINED	47	0	213.239360502001	46	0	548.888613222469	47	0	251.142665206659	47	0	585.503071577624	47	0	269.345776924311	46	0	605.093427825836	47	0	268.810446351788	45	0	624.904511476839	47	0	260.244637511552	46	0	613.579588973901	47	0	239.375250095402	46	0	552.421860735069	47	0	217.459006141047	45	0	440.804655765560	DEFINED_ALL_14_POSITIVE
DEVELOPMENT_EVEN	T5000_W025	0	-20	49	DEFINED	49	0	207.676698877697	48	0	481.429668228135	49	0	230.565873907548	49	0	511.467614141636	49	0	254.594461716363	49	0	524.263610056918	49	0	263.044290877281	49	0	540.891090609818	49	0	266.507729894897	48	0	582.187884918251	49	0	265.905664205296	48	0	573.931227764027	49	0	254.740595450736	48	0	564.372919378135	DEFINED_ALL_14_POSITIVE
DEVELOPMENT_EVEN	T5000_W025	0	-10	49	DEFINED	49	0	214.119338114921	48	0	505.495944840517	49	0	238.943423322888	49	0	529.768396914610	49	0	260.945132416280	49	0	529.650061929605	49	0	270.511653372315	48	0	571.178334010531	49	0	269.373378291311	48	0	566.691896409811	49	0	257.346577798764	48	0	563.574339004303	49	0	245.016205275248	48	0	532.243206719815	DEFINED_ALL_14_POSITIVE
DEVELOPMENT_EVEN	T5000_W025	0	0	49	DEFINED	49	0	221.068814868192	49	0	496.259490347955	49	0	244.115847876165	49	0	516.164030772404	49	0	263.085401093496	49	0	539.466035353477	49	0	270.769839638777	48	0	589.502018591099	49	0	263.499211616416	48	0	562.626074382496	49	0	252.284658590489	48	0	547.319623292193	49	0	238.084858274020	49	0	470.312337101670	DEFINED_ALL_14_POSITIVE
DEVELOPMENT_EVEN	T5000_W025	0	10	48	DEFINED	48	0	232.707335633904	46	0	536.858237810828	48	0	258.199730908553	47	0	552.440593572121	48	0	266.843089510275	47	0	600.732452238225	48	0	264.633424570064	48	0	595.601607424731	48	0	253.967156994370	48	0	595.464817806370	48	0	247.433834191784	48	0	566.451726354203	48	0	230.931036644125	47	0	469.082806167521	DEFINED_ALL_14_POSITIVE
DEVELOPMENT_EVEN	T5000_W025	0	20	48	DEFINED	48	0	238.962514241535	47	0	553.446408532099	48	0	260.307400909075	48	0	564.937367958483	48	0	270.900785374299	48	0	602.533790398622	48	0	267.445882271621	47	0	574.709078762875	48	0	250.689089100622	47	0	569.928472161401	48	0	238.323257851755	46	0	517.724195274947	48	0	217.752828403518	45	0	374.445421935355	DEFINED_ALL_14_POSITIVE
DEVELOPMENT_EVEN	T5000_W025	10	-20	49	DEFINED	49	0	235.156377276751	49	0	509.416399864811	49	0	249.119000970740	49	0	515.500339095461	49	0	265.936383163972	49	0	540.556828595071	49	0	271.359503832442	48	0	566.372411897044	49	0	271.573441852202	48	0	562.844474618285	49	0	259.702370685591	48	0	571.418904282061	49	0	253.763194752337	48	0	561.260113611935	DEFINED_ALL_14_POSITIVE
DEVELOPMENT_EVEN	T5000_W025	10	-10	49	DEFINED	49	0	239.075717186332	49	0	510.741544784464	49	0	256.869210092092	49	0	515.462157358768	49	0	265.858907958701	48	0	549.296240093873	49	0	271.972625287579	48	0	582.523091890500	49	0	265.780351722391	48	0	560.669583803796	49	0	255.746322993230	48	0	552.748555235516	49	0	244.742711077635	48	0	514.034784808959	DEFINED_ALL_14_POSITIVE
DEVELOPMENT_EVEN	T5000_W025	10	0	49	DEFINED	49	0	240.417302820746	49	0	512.291569680210	49	0	260.708992891620	49	0	540.645980148670	49	0	270.181410922685	48	0	565.046610437964	49	0	270.709927705234	48	0	573.380468530849	49	0	261.793085408602	48	0	559.057355783290	49	0	245.811812009492	48	0	532.739193069856	49	0	230.308894759083	49	0	460.678012865204	DEFINED_ALL_14_POSITIVE
DEVELOPMENT_EVEN	T5000_W025	10	10	49	DEFINED	49	0	246.421167738529	49	0	549.904258024652	49	0	263.480303639857	47	0	566.476147230007	49	0	269.218501374120	48	0	609.037680232309	49	0	267.535997583243	48	0	579.867151435290	49	0	254.659678941749	49	0	581.012308145751	49	0	247.824778583803	49	0	524.711753312184	49	0	226.672550045141	49	0	428.730808795968	DEFINED_ALL_14_POSITIVE
DEVELOPMENT_EVEN	T5000_W025	10	20	48	DEFINED	48	0	250.887004983076	48	0	566.172715256974	48	0	264.408977142440	48	0	583.321871606222	48	0	263.986000028656	48	0	606.679022985931	48	0	264.072634653871	48	0	606.068823847080	48	0	244.262479179961	48	0	548.191244177668	48	0	236.051495193272	46	0	486.693948267942	46	0	207.547442062402	42	0	347.560412018986	DEFINED_ALL_14_POSITIVE
DEVELOPMENT_EVEN	T5000_W025	20	-20	48	DEFINED	48	0	252.413241599216	48	0	518.502451958150	48	0	266.444621104495	48	0	537.413258957739	48	0	273.836641652159	47	0	537.436551236761	48	0	277.240818357519	47	0	570.302022721519	48	0	275.068105409199	47	0	564.894342297659	48	0	266.282798629998	47	0	556.602342999832	48	0	260.407424104206	47	0	523.159699674686	DEFINED_ALL_14_POSITIVE
DEVELOPMENT_EVEN	T5000_W025	20	-10	49	DEFINED	49	0	251.914296796132	49	0	518.694398939961	49	0	263.441690872915	48	0	547.672053861541	49	0	270.733755866447	49	0	567.901320800476	49	0	270.746100514878	48	0	572.230817323638	49	0	273.166917759182	48	0	557.825908440132	49	0	257.897349885811	48	0	545.643668246128	49	0	238.031013288372	47	0	517.206540671267	DEFINED_ALL_14_POSITIVE
DEVELOPMENT_EVEN	T5000_W025	20	0	49	DEFINED	49	0	261.256514674093	49	0	530.907050476307	49	0	269.680165754491	48	0	547.652567806334	49	0	270.839189948642	48	0	581.045319043908	49	0	270.935115885350	48	0	555.404996043099	49	0	261.711894808226	48	0	552.895499402664	49	0	249.247668066448	48	0	512.791564956477	49	0	231.798559683307	47	0	448.026453644178	DEFINED_ALL_14_POSITIVE
DEVELOPMENT_EVEN	T5000_W025	20	10	49	DEFINED	49	0	266.201604077183	48	0	566.920616896757	49	0	269.640557271064	49	0	597.521645875634	49	0	269.732667072660	48	0	595.542703973023	49	0	264.229260204848	48	0	583.516278943392	49	0	249.781474664777	49	0	558.904435595387	49	0	241.754778291466	49	0	523.044788412440	49	0	220.890465054371	48	0	426.389101115652	DEFINED_ALL_14_POSITIVE
DEVELOPMENT_EVEN	T5000_W025	20	20	48	DEFINED	48	0	269.440588644556	46	0	573.503771304864	48	0	269.721154133568	48	0	603.185336581173	48	0	271.209517331334	47	0	594.948661782728	48	0	255.365390410327	47	0	606.007063781558	48	0	243.813452433835	48	0	539.630768062100	48	0	231.946283183707	44	0	467.736528119759	44	0	199.442535196064	44	0	305.196479983606	DEFINED_ALL_14_POSITIVE
DEVELOPMENT_EVEN	T5000_W030	-20	-20	47	DEFINED	47	0	160.602538507831	45	0	353.282057162061	47	0	195.034053171716	47	0	478.379582777969	47	0	221.006337348253	46	0	538.923230708038	47	0	248.015700018439	47	0	553.683348606921	47	0	262.021688120797	47	0	579.135302843113	47	0	264.795874982870	46	0	586.420936932970	47	0	263.637328469086	46	0	587.847161666890	DEFINED_ALL_14_POSITIVE
DEVELOPMENT_EVEN	T5000_W030	-20	-10	47	DEFINED	47	0	166.113297123370	47	0	395.032385883503	47	0	198.441515506341	47	0	535.645691154837	47	0	236.489106904667	47	0	540.354987298533	47	0	259.185203349569	47	0	568.176071133217	47	0	270.589083599472	46	0	585.284462883856	47	0	265.323605886825	46	0	595.920183704503	47	0	259.438723448565	46	0	580.135233471131	DEFINED_ALL_14_POSITIVE
DEVELOPMENT_EVEN	T5000_W030	-20	0	47	DEFINED	47	0	169.579664667241	47	0	448.849393650416	47	0	204.735840057867	46	0	517.066709071201	47	0	246.381659438796	47	0	542.872641313447	47	0	265.941702949368	47	0	575.093326883105	47	0	274.531659370273	46	0	592.326243491574	47	0	260.278188663698	46	0	598.800652908883	47	0	245.062230366105	47	0	524.843777375542	DEFINED_ALL_14_POSITIVE
DEVELOPMENT_EVEN	T5000_W030	-20	10	46	DEFINED	46	0	178.306873027555	46	0	492.230274696364	46	0	217.506503971242	46	0	555.534872355230	46	0	255.868091704121	46	0	586.305461239541	46	0	269.949785219089	45	0	635.130382400114	46	0	265.099354360032	45	0	611.813260321090	46	0	249.325376580287	46	0	608.256222719789	46	0	235.707600726169	45	0	524.439162794076	DEFINED_ALL_14_POSITIVE
DEVELOPMENT_EVEN	T5000_W030	-20	20	45	DEFINED	45	0	176.667112344865	45	0	496.615272423865	45	0	227.632502947531	45	0	565.664326318584	45	0	263.507309931618	45	0	605.818467882921	45	0	272.357391052170	44	0	621.150408064367	45	0	261.102975218353	44	0	616.881147931030	45	0	247.465752110005	45	0	565.469843311743	45	0	221.748357358488	44	0	463.235679263237	DEFINED_ALL_14_POSITIVE
DEVELOPMENT_EVEN	T5000_W030	-10	-20	47	DEFINED	47	0	177.908137523801	47	0	465.106373405323	47	0	208.819416189148	46	0	535.417805664568	47	0	240.639174437017	47	0	543.937419870175	47	0	259.784901936839	47	0	571.423082352640	47	0	269.635136295061	46	0	589.091830431570	47	0	269.050683677152	46	0	601.567739366886	47	0	266.114580424712	46	0	595.159530097645	DEFINED_ALL_14_POSITIVE
DEVELOPMENT_EVEN	T5000_W030	-10	-10	47	DEFINED	47	0	184.184225221222	47	0	502.988965397104	47	0	220.938359958320	47	0	512.075867494867	47	0	256.832452779863	47	0	549.502180215007	47	0	265.941702949368	47	0	575.093326883105	47	0	274.437681310104	46	0	587.213244439357	47	0	265.803222349463	46	0	600.271100927508	47	0	259.537647776697	46	0	569.988961119772	DEFINED_ALL_14_POSITIVE
DEVELOPMENT_EVEN	T5000_W030	-10	0	47	DEFINED	47	0	191.007101084763	47	0	507.821728496829	47	0	233.480993612465	47	0	524.317527819619	47	0	260.603747100449	47	0	555.580193931820	47	0	274.287831553010	46	0	579.245233427244	47	0	273.484613083250	46	0	586.682906129883	47	0	258.362621624276	46	0	570.456141294185	47	0	247.183398647998	47	0	517.212662809103	DEFINED_ALL_14_POSITIVE
DEVELOPMENT_EVEN	T5000_W030	-10	10	45	DEFINED	45	0	203.163506314739	45	0	535.008865249580	45	0	243.863928037627	45	0	576.997626162356	45	0	263.974244936713	44	0	589.343628925474	45	0	272.357391052170	44	0	621.508897337802	45	0	256.939734223197	44	0	605.342550550994	45	0	239.173949504328	45	0	584.543819853754	45	0	224.680887098122	44	0	502.924111328240	DEFINED_ALL_14_POSITIVE
DEVELOPMENT_EVEN	T5000_W030	-10	20	46	DEFINED	46	0	212.505349540471	45	0	539.763818885584	46	0	252.248342106183	46	0	580.457701410876	46	0	271.971104364862	46	0	604.826281847137	46	0	266.324589006757	44	0	620.704962391092	46	0	259.612756307899	45	0	619.873984891252	46	0	241.859408696158	45	0	545.009985713092	46	0	227.853903413751	44	0	455.559811442972	DEFINED_ALL_14_POSITIVE
DEVELOPMENT_EVEN	T5000_W030	0	-20	49	DEFINED	49	0	208.644740842083	49	0	478.982851874418	49	0	230.411197869577	49	0	512.847441959889	49	0	252.596856827228	49	0	520.072119077990	49	0	263.093417588196	48	0	545.957983935725	49	0	265.941387447280	48	0	577.269496049491	49	0	270.097086203709	48	0	563.108687215007	49	0	260.517028176813	48	0	559.987681686858	DEFINED_ALL_14_POSITIVE
DEVELOPMENT_EVEN	T5000_W030	0	-10	49	DEFINED	49	0	217.084958045956	49	0	505.461541150481	49	0	239.444556968066	49	0	514.097853137371	49	0	261.072289716638	49	0	540.620105198695	49	0	270.554241791110	48	0	543.433290228088	49	0	270.684968299964	48	0	565.374430702647	49	0	263.393053188973	48	0	564.255752113419	49	0	245.679744467549	48	0	534.973318198558	DEFINED_ALL_14_POSITIVE
DEVELOPMENT_EVEN	T5000_W030	0	0	49	DEFINED	49	0	221.025457746312	49	0	501.562787521591	49	0	245.568948651795	49	0	515.709642579166	49	0	264.547654462851	48	0	542.732722402161	49	0	270.796444562062	48	0	581.657672840468	49	0	271.135956495805	48	0	564.389812797971	49	0	256.241547043388	48	0	544.953976134925	49	0	242.877296281032	49	0	462.154520920318	DEFINED_ALL_14_POSITIVE
DEVELOPMENT_EVEN	T5000_W030	0	10	49	DEFINED	49	0	231.716768999566	47	0	551.322951083113	49	0	254.651778830082	48	0	550.434612682468	49	0	266.265074686116	48	0	582.071884932609	49	0	264.704755631867	48	0	592.270926078509	49	0	258.214289593962	48	0	589.303302936964	49	0	242.525917084706	48	0	565.213491556626	49	0	228.587104493630	47	0	453.440500945261	DEFINED_ALL_14_POSITIVE
DEVELOPMENT_EVEN	T5000_W030	0	20	49	DEFINED	49	0	240.429295928051	47	0	554.856447844194	49	0	261.839070143248	48	0	570.405627974078	49	0	270.979612887185	48	0	580.717012454349	49	0	268.364424675452	48	0	578.242183830999	49	0	251.313084899749	48	0	576.241909618066	49	0	238.316592504708	46	0	514.696793316131	49	0	219.950714716397	45	0	342.925997695423	DEFINED_ALL_14_POSITIVE
DEVELOPMENT_EVEN	T5000_W030	10	-20	49	DEFINED	49	0	235.843024566041	49	0	505.074826365529	49	0	257.772364918557	49	0	512.910783869657	49	0	263.063506405744	48	0	535.127609456175	49	0	270.804564623897	48	0	545.681753471890	49	0	270.987409646544	48	0	561.303948266570	49	0	264.340588216045	48	0	566.410591467869	49	0	255.010449041118	48	0	556.270286556743	DEFINED_ALL_14_POSITIVE
DEVELOPMENT_EVEN	T5000_W030	10	-10	49	DEFINED	49	0	243.403770768698	49	0	515.104297197463	49	0	253.275058165359	49	0	515.984053317655	49	0	262.699815899670	48	0	550.380323760832	49	0	270.952051088293	48	0	570.482310607825	49	0	266.297499193243	48	0	562.470951733450	49	0	257.750602779041	48	0	553.346869968203	49	0	244.604090090807	48	0	515.544933505539	DEFINED_ALL_14_POSITIVE
DEVELOPMENT_EVEN	T5000_W030	10	0	49	DEFINED	49	0	240.026995972259	49	0	520.739475690813	49	0	261.001771941317	49	0	539.635819326271	49	0	270.194928866144	48	0	562.556477025951	49	0	271.359769709759	48	0	567.760980846264	49	0	266.895590231789	48	0	557.182005875178	49	0	246.326129078650	48	0	525.957161216006	49	0	238.868146914054	49	0	461.961751805599	DEFINED_ALL_14_POSITIVE
DEVELOPMENT_EVEN	T5000_W030	10	10	49	DEFINED	49	0	250.217113524344	48	0	560.221414065311	49	0	264.188160964629	48	0	580.843600572854	49	0	270.792538390414	49	0	598.414051859090	49	0	268.364424675452	48	0	581.808687676091	49	0	255.183831264815	49	0	580.463649675109	49	0	241.619548114713	49	0	529.946820597645	49	0	228.695768420946	48	0	456.146671419475	DEFINED_ALL_14_POSITIVE
DEVELOPMENT_EVEN	T5000_W030	10	20	49	DEFINED	49	0	253.285797981525	49	0	571.289877169917	49	0	266.859260163661	48	0	577.761424613837	49	0	265.418623461830	48	0	600.683630399853	49	0	264.799650313340	48	0	581.994208569536	49	0	244.945039422596	48	0	551.234270349338	49	0	238.350553753284	47	0	489.139161441387	47	0	202.561186710678	44	0	352.986782690080	DEFINED_ALL_14_POSITIVE
DEVELOPMENT_EVEN	T5000_W030	20	-20	48	DEFINED	48	0	252.591387200800	47	0	510.138275602873	48	0	263.658490167328	48	0	520.062199309061	48	0	272.768550928599	47	0	542.190812524167	48	0	273.262806820606	47	0	559.859792963475	48	0	276.148472510320	47	0	558.938392194293	48	0	269.374465728470	47	0	553.181065037630	48	0	266.071880945410	47	0	521.579577663605	DEFINED_ALL_14_POSITIVE
DEVELOPMENT_EVEN	T5000_W030	20	-10	49	DEFINED	49	0	253.050806231847	47	0	518.057327062603	49	0	264.106759841265	47	0	546.979960370114	49	0	271.770327212536	49	0	564.548901684103	49	0	271.359769709759	48	0	572.631755640179	49	0	273.565037288578	48	0	554.662060673300	49	0	260.221509194035	48	0	546.139980726582	49	0	238.333769704457	48	0	499.335488525870	DEFINED_ALL_14_POSITIVE
DEVELOPMENT_EVEN	T5000_W030	20	0	49	DEFINED	49	0	258.714630216310	49	0	530.768629005659	49	0	269.248990331181	48	0	552.138012093307	49	0	268.844625524787	48	0	580.025259935023	49	0	275.638081826888	48	0	551.004285199363	49	0	257.821402495127	48	0	550.226268539947	49	0	248.242673177312	48	0	503.951402385682	49	0	228.210906616391	47	0	449.427448094129	DEFINED_ALL_14_POSITIVE
DEVELOPMENT_EVEN	T5000_W030	20	10	48	DEFINED	48	0	263.784943689188	47	0	565.265325090655	48	0	268.286416136366	48	0	590.174744420116	48	0	265.046959765003	47	0	595.108437273088	48	0	263.557052571085	47	0	579.754504614897	48	0	247.760014392016	48	0	554.915370035836	48	0	241.940602402145	46	0	483.364557275149	48	0	225.265710815847	46	0	418.070138998841	DEFINED_ALL_14_POSITIVE
DEVELOPMENT_EVEN	T5000_W030	20	20	49	DEFINED	49	0	269.882453162163	48	0	574.398170144781	49	0	268.351137233835	49	0	595.649772941178	49	0	267.037445736942	48	0	591.368775578008	49	0	259.704342658049	48	0	601.370126224698	49	0	244.470305665927	49	0	539.817327528419	49	0	226.363753404101	48	0	442.993550017938	46	0	198.541811005457	44	0	305.545156513327	DEFINED_ALL_14_POSITIVE
DEVELOPMENT_EVEN	T5500_W025	-20	-20	46	DEFINED	45	0	157.170984291799	46	0	404.055893986518	46	0	202.880095823975	46	0	495.704169589340	46	0	222.959005330413	46	0	558.886209905972	46	0	248.056844199630	46	0	592.042052302301	46	0	264.204000230373	46	0	573.590373041999	46	0	269.171312191223	46	0	606.582237401298	46	0	265.892248828108	46	0	581.269663815259	DEFINED_ALL_14_POSITIVE
DEVELOPMENT_EVEN	T5500_W025	-20	-10	47	DEFINED	47	0	171.353596847525	47	0	415.663216151064	47	0	202.384185618252	47	0	519.695275076171	47	0	235.624889414406	47	0	569.127588770383	47	0	260.875598110225	47	0	591.543695282029	47	0	273.025023393040	47	0	605.736945530408	47	0	271.704171234787	47	0	593.046880634166	47	0	258.545689930690	47	0	587.004253523906	DEFINED_ALL_14_POSITIVE
DEVELOPMENT_EVEN	T5500_W025	-20	0	47	DEFINED	46	0	181.111656953368	47	0	446.373786114588	47	0	203.926511928866	47	0	564.440113285410	47	0	247.652738367090	47	0	607.160134299547	47	0	268.928873294850	47	0	606.091403545658	47	0	274.088817289072	47	0	620.118371983584	47	0	268.479009540935	47	0	605.555848202998	47	0	244.502322515069	47	0	560.851323217993	DEFINED_ALL_14_POSITIVE
DEVELOPMENT_EVEN	T5500_W025	-20	10	47	DEFINED	47	0	184.591343978839	47	0	509.449642492804	47	0	222.765552710037	47	0	632.408231078271	47	0	264.257618938873	47	0	645.106597115450	47	0	274.830392594944	47	0	646.294370169845	47	0	271.371426288388	47	0	683.801321874024	47	0	256.935473951992	47	0	637.291129452297	47	0	236.929863844305	47	0	598.813281014405	DEFINED_ALL_14_POSITIVE
DEVELOPMENT_EVEN	T5500_W025	-20	20	46	DEFINED	46	0	186.548889019036	46	0	550.650485334738	46	0	235.327970870590	46	0	621.864385211914	46	0	270.742642675075	46	0	657.230650116846	46	0	272.064835496313	46	0	662.228063610179	46	0	264.817039548967	46	0	640.022005945637	46	0	243.407955837327	46	0	626.098757742056	46	0	213.691796270417	46	0	527.559516188379	DEFINED_ALL_14_POSITIVE
DEVELOPMENT_EVEN	T5500_W025	-10	-20	47	DEFINED	47	0	177.934753978404	47	0	495.064427052318	47	0	208.538079959161	47	0	552.581663950037	47	0	242.530383670769	47	0	574.874011580437	47	0	260.875598110225	47	0	591.543695282029	47	0	269.846038585113	47	0	608.949786040686	47	0	270.642188534854	47	0	641.680467771263	47	0	266.228327689629	47	0	594.623974313829	DEFINED_ALL_14_POSITIVE
DEVELOPMENT_EVEN	T5500_W025	-10	-10	47	DEFINED	47	0	189.730065718542	47	0	507.939842118551	47	0	225.337811594317	47	0	571.753302874354	47	0	254.322307061277	47	0	599.580515177674	47	0	268.928873294850	47	0	606.091403545658	47	0	273.262188240495	47	0	635.321887197844	47	0	268.802470570172	47	0	605.288171348367	47	0	255.715108513495	47	0	574.943359657408	DEFINED_ALL_14_POSITIVE
DEVELOPMENT_EVEN	T5500_W025	-10	0	47	DEFINED	47	0	194.587058637642	47	0	531.628260741393	47	0	237.140870722589	47	0	589.037135010372	47	0	265.551111095830	47	0	611.613278626334	47	0	276.292281377015	47	0	608.017609621702	47	0	271.824591766890	47	0	610.399527175437	47	0	264.431076482358	47	0	586.987169334429	47	0	239.641457536381	47	0	553.847321913580	DEFINED_ALL_14_POSITIVE
DEVELOPMENT_EVEN	T5500_W025	-10	10	47	DEFINED	47	0	204.506198662300	47	0	561.490174362679	47	0	249.154228308508	47	0	638.444214292145	47	0	271.896800190177	47	0	643.412424466978	47	0	272.469850871792	47	0	645.466248775892	47	0	272.885004567524	47	0	648.064450920740	47	0	257.574955206762	47	0	627.232312598173	47	0	231.697174413107	47	0	595.209526290820	DEFINED_ALL_14_POSITIVE
DEVELOPMENT_EVEN	T5500_W025	-10	20	46	DEFINED	46	0	213.503207699312	46	0	596.222251589736	46	0	258.004085334251	46	0	655.838604771892	46	0	277.938342038604	46	0	651.155972519375	46	0	275.348680961527	46	0	667.302112851374	46	0	262.228796629277	46	0	653.782830388001	46	0	242.651592445770	46	0	630.640524114545	46	0	201.635092772638	46	0	466.456146066025	DEFINED_ALL_14_POSITIVE
DEVELOPMENT_EVEN	T5500_W025	0	-20	49	DEFINED	49	0	206.323926275728	49	0	512.107908866359	49	0	236.389003725449	49	0	545.239017366787	49	0	253.088277709783	49	0	564.591861944828	49	0	264.208689013619	49	0	589.043266931100	49	0	273.204449069993	49	0	604.890374128043	49	0	276.772749671012	49	0	590.973424102478	49	0	265.137655525320	49	0	574.156789371316	DEFINED_ALL_14_POSITIVE
DEVELOPMENT_EVEN	T5500_W025	0	-10	49	DEFINED	49	0	213.651773046424	49	0	520.747749520421	49	0	244.912350275411	49	0	554.416514792091	49	0	260.289352142925	49	0	576.507713888378	49	0	268.496004671316	49	0	596.958367260356	49	0	268.371409379933	49	0	593.091255937663	49	0	271.615961800681	49	0	568.492250746021	49	0	256.617444792603	49	0	552.807597497339	DEFINED_ALL_14_POSITIVE
DEVELOPMENT_EVEN	T5500_W025	0	0	49	DEFINED	49	0	220.185259557202	49	0	534.475026590957	49	0	254.029712445157	49	0	558.915459413917	49	0	265.445778217728	49	0	594.945674483683	49	0	270.214897754425	49	0	593.243560572868	49	0	270.497642908196	49	0	579.533232437642	49	0	264.619810356097	49	0	566.714563764741	49	0	236.782965085566	49	0	520.944636448745	DEFINED_ALL_14_POSITIVE
DEVELOPMENT_EVEN	T5500_W025	0	10	48	DEFINED	48	0	231.187497278675	48	0	590.743079112347	48	0	256.962554580057	48	0	618.903047156856	48	0	267.604120172718	48	0	605.895629913591	48	0	270.355575931300	48	0	646.002059695945	48	0	265.768188642905	48	0	641.894684826823	48	0	243.529069347968	48	0	605.720498705870	48	0	231.163922683882	48	0	538.958722795667	DEFINED_ALL_14_POSITIVE
DEVELOPMENT_EVEN	T5500_W025	0	20	48	DEFINED	48	0	242.395659456542	48	0	599.435438703399	48	0	266.338218765050	48	0	625.175589843689	48	0	266.731302442563	48	0	622.506095714350	48	0	278.230485269650	48	0	637.815170526752	48	0	263.105025035025	48	0	615.841141038218	48	0	238.158354955087	48	0	577.159410065077	47	0	206.793295486699	47	0	426.052487524220	DEFINED_ALL_14_POSITIVE
DEVELOPMENT_EVEN	T5500_W025	10	-20	49	DEFINED	49	0	235.747043777942	49	0	546.222907401834	49	0	259.217483852659	49	0	563.135010556616	49	0	264.865223198079	49	0	584.172560767985	49	0	273.694390397335	49	0	596.958367260356	49	0	273.110247538500	49	0	610.460172306490	49	0	274.045346512850	49	0	578.045136798469	49	0	259.699310111035	49	0	567.802100632646	DEFINED_ALL_14_POSITIVE
DEVELOPMENT_EVEN	T5500_W025	10	-10	49	DEFINED	49	0	240.314362097635	49	0	560.506694904907	49	0	259.330516311269	49	0	601.342787744975	49	0	268.317839641853	49	0	605.659587206228	49	0	270.214897754425	49	0	593.243560572868	49	0	269.660768678152	49	0	583.856454628866	49	0	269.531812370423	49	0	566.094985240383	49	0	249.156665060024	49	0	542.538311679731	DEFINED_ALL_14_POSITIVE
DEVELOPMENT_EVEN	T5500_W025	10	0	49	DEFINED	49	0	248.367713762723	49	0	559.604522504419	49	0	262.843126889895	49	0	581.104421701454	49	0	267.879925384783	49	0	584.605911499143	49	0	273.950645805544	49	0	595.815773166177	49	0	276.620469714250	49	0	570.383536863052	49	0	260.652967258975	49	0	561.144916203401	49	0	231.603890946895	49	0	520.959168494470	DEFINED_ALL_14_POSITIVE
DEVELOPMENT_EVEN	T5500_W025	10	10	49	DEFINED	49	0	256.072893793103	49	0	606.891408321141	49	0	266.616220099955	49	0	611.811410170627	49	0	268.621736344592	49	0	624.454383806484	49	0	274.360552542519	49	0	636.246735285096	49	0	265.975142229587	49	0	612.850033838227	49	0	242.318290245300	49	0	579.717083764781	49	0	225.542353369861	49	0	518.331992195415	DEFINED_ALL_14_POSITIVE
DEVELOPMENT_EVEN	T5500_W025	10	20	48	DEFINED	48	0	263.124771417048	48	0	610.292266240112	48	0	270.788158572324	48	0	638.113651113311	48	0	270.802206677737	48	0	672.793005515692	48	0	272.661632100322	48	0	628.972658594081	48	0	252.591676080105	47	0	616.386778992312	48	0	235.514751247976	48	0	564.627122351332	47	0	215.426190116551	45	0	409.622085368575	DEFINED_ALL_14_POSITIVE
DEVELOPMENT_EVEN	T5500_W025	20	-20	48	DEFINED	48	0	258.919575444662	48	0	553.502104833960	48	0	268.840765410092	48	0	587.267521505774	48	0	273.649678988062	48	0	573.019027162508	48	0	275.895669793169	48	0	574.370691217651	48	0	280.766783194518	48	0	586.701053791315	48	0	272.193302692863	48	0	561.375889890398	48	0	261.849360626207	48	0	568.506020622126	DEFINED_ALL_14_POSITIVE
DEVELOPMENT_EVEN	T5500_W025	20	-10	49	DEFINED	49	0	261.399923365213	49	0	579.573970923476	49	0	269.220666854029	49	0	589.387479065831	49	0	270.141262618769	49	0	587.818144771093	49	0	276.865719556474	49	0	595.815773166177	49	0	273.801720773799	49	0	587.409504524368	49	0	266.971947036288	49	0	576.261384725436	49	0	244.714244515366	49	0	544.182129113294	DEFINED_ALL_14_POSITIVE
DEVELOPMENT_EVEN	T5500_W025	20	0	49	DEFINED	49	0	261.086099054389	49	0	584.492297213767	49	0	268.277797395613	49	0	600.977063907768	49	0	271.758622368703	49	0	609.071381897478	49	0	274.161245182996	49	0	584.304193327944	49	0	270.792842503368	49	0	576.341057829120	49	0	249.448662318618	49	0	551.452641361738	49	0	225.137875394376	49	0	516.820005396735	DEFINED_ALL_14_POSITIVE
DEVELOPMENT_EVEN	T5500_W025	20	10	49	DEFINED	49	0	271.775953104628	49	0	593.965556066049	49	0	268.715329141451	49	0	600.975778463447	49	0	270.773421801676	49	0	642.698053471069	49	0	270.638020116112	49	0	591.806470458488	49	0	256.326027037237	49	0	609.002956636713	49	0	238.666769653007	49	0	577.746228187541	49	0	215.141166832782	49	0	466.820378745286	DEFINED_ALL_14_POSITIVE
DEVELOPMENT_EVEN	T5500_W025	20	20	46	DEFINED	46	0	272.484967295093	46	0	607.136197411929	46	0	269.784307499989	46	0	681.857831850810	46	0	275.312613975769	46	0	656.199566385779	46	0	260.710975192507	46	0	637.477500689982	46	0	246.387032097693	46	0	595.098096095411	46	0	227.199845072503	46	0	548.547023475957	41	0	185.623264667147	41	0	412.535050001253	DEFINED_ALL_14_POSITIVE
DEVELOPMENT_EVEN	T5500_W030	-20	-20	47	DEFINED	46	0	165.355885499985	47	0	406.201127799500	47	0	200.942828416716	47	0	511.918050080375	47	0	220.615549704956	47	0	568.217142011751	47	0	249.732079940238	47	0	601.169629004354	47	0	263.752315767088	47	0	595.153560043257	47	0	268.518017367877	47	0	608.419116796722	47	0	264.980633027591	47	0	587.209496798787	DEFINED_ALL_14_POSITIVE
DEVELOPMENT_EVEN	T5500_W030	-20	-10	47	DEFINED	46	0	175.718113968340	47	0	446.339324280671	47	0	199.307629226922	47	0	534.463164688590	47	0	237.724479065513	47	0	569.049686057349	47	0	260.875823738477	47	0	596.825279744937	47	0	273.919613518236	47	0	606.363366952883	47	0	272.580181737728	47	0	601.678066207002	47	0	258.568210649568	47	0	587.081016149201	DEFINED_ALL_14_POSITIVE
DEVELOPMENT_EVEN	T5500_W030	-20	0	47	DEFINED	47	0	182.819424525948	47	0	467.697106683183	47	0	209.286575822167	47	0	565.126240761799	47	0	248.401664910465	47	0	607.073130921004	47	0	268.773715685725	47	0	607.722641730906	47	0	273.660281295585	47	0	615.358689055799	47	0	267.039211137321	47	0	607.930040780333	47	0	247.328754186663	47	0	546.194685757913	DEFINED_ALL_14_POSITIVE
DEVELOPMENT_EVEN	T5500_W030	-20	10	47	DEFINED	47	0	187.666324374499	47	0	518.310134006990	47	0	225.155963972026	47	0	629.521902657325	47	0	261.019192917294	47	0	658.652062787230	47	0	275.238324983702	47	0	644.391761738096	47	0	270.494662878873	47	0	659.135235509927	47	0	258.662514369360	47	0	636.985040632381	47	0	238.361842732648	47	0	593.443563257968	DEFINED_ALL_14_POSITIVE
DEVELOPMENT_EVEN	T5500_W030	-20	20	47	DEFINED	47	0	184.513177861983	47	0	547.606702785165	47	0	236.261649864705	47	0	628.087107858752	47	0	269.053891534451	47	0	655.100046659256	47	0	271.788709597740	47	0	660.876465084948	47	0	265.194658433150	47	0	644.127863697572	47	0	246.340135240425	47	0	628.899455322326	47	0	219.254633638147	47	0	518.604237630054	DEFINED_ALL_14_POSITIVE
DEVELOPMENT_EVEN	T5500_W030	-10	-20	47	DEFINED	47	0	176.450917258163	47	0	500.275849589773	47	0	209.621189801934	47	0	554.137459686795	47	0	244.143444430919	47	0	579.270412825799	47	0	260.875823738477	47	0	605.809361314535	47	0	268.289277854134	47	0	608.831231500764	47	0	270.543284031040	47	0	634.166580980050	47	0	266.218408489379	47	0	596.009031079594	DEFINED_ALL_14_POSITIVE
DEVELOPMENT_EVEN	T5500_W030	-10	-10	47	DEFINED	47	0	191.393877224253	47	0	508.843068777526	47	0	223.621219822524	47	0	578.161721397255	47	0	253.806779222354	47	0	625.501687755149	47	0	268.773715685725	47	0	607.722641730906	47	0	273.592255600917	47	0	631.235989562284	47	0	269.199298151644	47	0	602.886316587875	47	0	256.199984813414	47	0	576.338294949828	DEFINED_ALL_14_POSITIVE
DEVELOPMENT_EVEN	T5500_W030	-10	0	47	DEFINED	47	0	194.214823001145	47	0	534.721368428678	47	0	237.035692926627	47	0	591.532474260425	47	0	265.208260137786	47	0	609.658445631125	47	0	276.537628910821	47	0	607.333778733012	47	0	272.241180483776	47	0	610.751733458059	47	0	260.926354398658	47	0	597.703776712221	47	0	242.057151432031	47	0	555.329138295824	DEFINED_ALL_14_POSITIVE
DEVELOPMENT_EVEN	T5500_W030	-10	10	47	DEFINED	47	0	204.876961407774	47	0	563.447335879067	47	0	249.495876119192	47	0	640.649546250011	47	0	270.907546776334	47	0	646.959189853227	47	0	271.788709597740	47	0	642.135862104955	47	0	270.241042647298	47	0	654.557318923012	47	0	257.477340452961	47	0	627.768646829688	47	0	233.801053179536	47	0	591.387073699570	DEFINED_ALL_14_POSITIVE
DEVELOPMENT_EVEN	T5500_W030	-10	20	46	DEFINED	46	0	216.393904115259	46	0	596.190286895025	46	0	258.636395717247	46	0	654.528179516616	46	0	277.109369559230	46	0	637.890630756818	46	0	276.066919000156	46	0	667.841984682297	46	0	267.107117180554	46	0	657.285300986123	46	0	246.272004459886	46	0	609.940205926400	46	0	209.794356630043	46	0	470.979262952564	DEFINED_ALL_14_POSITIVE
DEVELOPMENT_EVEN	T5500_W030	0	-20	49	DEFINED	49	0	206.462231048259	49	0	512.965825582423	49	0	236.925240529598	49	0	545.097279385768	49	0	252.260311615132	49	0	581.775451387370	49	0	263.641846562921	49	0	586.823741508184	49	0	274.169455283473	49	0	610.393575808156	49	0	276.323389217319	49	0	588.292963164223	49	0	264.587357034702	49	0	573.606366019118	DEFINED_ALL_14_POSITIVE
DEVELOPMENT_EVEN	T5500_W030	0	-10	49	DEFINED	49	0	213.514130431808	49	0	526.945892376869	49	0	246.225530989080	49	0	561.298301787082	49	0	260.663920154428	49	0	595.067959402328	49	0	268.786220668849	49	0	576.599432647857	49	0	268.569920432405	49	0	594.390738661073	49	0	272.154033689334	49	0	566.271553927228	49	0	255.700681248640	49	0	548.141785117840	DEFINED_ALL_14_POSITIVE
DEVELOPMENT_EVEN	T5500_W030	0	0	49	DEFINED	49	0	220.100154275365	49	0	535.780773457129	49	0	253.947605492093	49	0	570.370074711848	49	0	265.780815688751	49	0	593.956974096408	49	0	270.060604452397	49	0	591.974967910820	49	0	270.039521277033	49	0	581.345278696534	49	0	261.907430806930	49	0	566.628337239941	49	0	239.234361626653	49	0	522.579427885262	DEFINED_ALL_14_POSITIVE
DEVELOPMENT_EVEN	T5500_W030	0	10	49	DEFINED	49	0	232.208876310133	49	0	593.786711741060	49	0	258.865395774724	49	0	613.179224573612	49	0	267.668434904447	49	0	603.387522550006	49	0	270.198329467853	49	0	637.412769175064	49	0	268.624431675588	49	0	616.051536380731	49	0	247.753565525811	49	0	611.149696298869	49	0	230.335574944027	49	0	551.476354094558	DEFINED_ALL_14_POSITIVE
DEVELOPMENT_EVEN	T5500_W030	0	20	49	DEFINED	49	0	241.212611286075	49	0	597.689941708990	49	0	268.674277834780	49	0	635.976086542684	49	0	270.138044439534	49	0	613.735283014305	49	0	274.326762540304	49	0	641.070178866509	49	0	262.618409378344	49	0	610.750279878054	49	0	238.508774468646	49	0	570.848242790351	46	0	198.895774604891	49	0	424.806563289674	DEFINED_ALL_14_POSITIVE
DEVELOPMENT_EVEN	T5500_W030	10	-20	49	DEFINED	49	0	233.522330019946	49	0	546.323811542216	49	0	256.139297498383	49	0	571.278188233306	49	0	265.895963736419	49	0	605.849749937127	49	0	273.604848081615	49	0	604.840881730811	49	0	272.752785755965	49	0	606.101025023886	49	0	275.137825237945	49	0	577.773959828941	49	0	259.343707092507	49	0	567.977354410810	DEFINED_ALL_14_POSITIVE
DEVELOPMENT_EVEN	T5500_W030	10	-10	49	DEFINED	49	0	239.950981206287	49	0	561.229667719812	49	0	259.356338884360	49	0	597.817485518829	49	0	267.014411325741	49	0	602.255070721280	49	0	270.060604452397	49	0	591.974967910820	49	0	269.634153872697	49	0	584.268546695747	49	0	269.881124779006	49	0	563.903661445730	49	0	249.393920696917	49	0	539.611523288730	DEFINED_ALL_14_POSITIVE
DEVELOPMENT_EVEN	T5500_W030	10	0	49	DEFINED	49	0	247.456365992434	49	0	564.639194233732	49	0	263.238873560480	49	0	615.045096365665	49	0	268.780907467069	49	0	587.709017392697	49	0	273.698843986497	49	0	595.515660938638	49	0	276.664473285733	49	0	568.211549877732	49	0	261.356750239891	49	0	546.645255669072	49	0	234.448824768884	49	0	512.225942397920	DEFINED_ALL_14_POSITIVE
DEVELOPMENT_EVEN	T5500_W030	10	10	49	DEFINED	49	0	256.045987628392	49	0	614.677516987358	49	0	267.069085021551	49	0	611.268605828886	49	0	268.285754196763	49	0	622.702599921411	49	0	274.326762540304	49	0	641.070178866509	49	0	266.579150693905	49	0	607.242442549411	49	0	246.371350097554	49	0	578.566424125694	49	0	226.965618034810	49	0	518.210466251240	DEFINED_ALL_14_POSITIVE
DEVELOPMENT_EVEN	T5500_W030	10	20	47	DEFINED	47	0	260.636167925483	47	0	612.670568445104	47	0	270.843940463181	47	0	616.919997515689	47	0	271.658592804091	47	0	672.593495654810	47	0	271.104303448189	47	0	650.739175125748	47	0	252.518921224702	47	0	614.143098412609	47	0	231.738059145340	47	0	569.068609768237	47	0	210.976461669555	46	0	442.587906360855	DEFINED_ALL_14_POSITIVE
DEVELOPMENT_EVEN	T5500_W030	20	-20	48	DEFINED	48	0	258.355495632056	48	0	554.724326413173	48	0	268.039171014616	48	0	584.764137737056	48	0	273.477194539071	48	0	571.196501694454	48	0	275.995059987071	48	0	573.742524259355	48	0	276.846531803124	48	0	589.547436211836	48	0	270.621432126901	48	0	561.567752519082	48	0	258.323239087795	48	0	567.769410669279	DEFINED_ALL_14_POSITIVE
DEVELOPMENT_EVEN	T5500_W030	20	-10	49	DEFINED	49	0	260.553491119994	49	0	594.412530313580	49	0	269.195844042383	49	0	601.287819999494	49	0	270.049568900928	49	0	610.000402051322	49	0	277.425414082549	49	0	595.515660938638	49	0	273.942039489329	49	0	582.860134132579	49	0	267.159520287280	49	0	571.217934163532	49	0	245.729150346244	49	0	538.202149945602	DEFINED_ALL_14_POSITIVE
DEVELOPMENT_EVEN	T5500_W030	20	0	49	DEFINED	49	0	261.809215991429	49	0	589.113997045086	49	0	268.348518264713	49	0	574.251385042987	49	0	270.798625163345	49	0	587.252890121081	49	0	273.821059773874	49	0	576.864972083370	49	0	270.528706645275	49	0	581.058998203566	49	0	252.515866847227	49	0	549.810967988807	49	0	230.417672804674	49	0	519.344107127713	DEFINED_ALL_14_POSITIVE
DEVELOPMENT_EVEN	T5500_W030	20	10	49	DEFINED	49	0	271.306769109021	49	0	616.669733130632	49	0	269.568704849504	49	0	619.422906238943	49	0	270.911397186564	49	0	641.011019042412	49	0	271.104303448189	49	0	591.089356524090	49	0	258.767503618469	49	0	615.932592501536	49	0	240.168064576162	49	0	573.696910004587	49	0	223.167676658680	49	0	499.945474373872	DEFINED_ALL_14_POSITIVE
DEVELOPMENT_EVEN	T5500_W030	20	20	47	DEFINED	47	0	272.411312219187	47	0	595.849096465697	47	0	268.771234490120	47	0	659.356378278752	47	0	274.349545852455	47	0	655.866512245614	47	0	258.688158174246	47	0	618.186498164920	47	0	244.896118146571	47	0	598.456948754053	46	0	226.293412116210	47	0	559.107428814847	42	0	175.593790490961	43	0	409.624621979530	DEFINED_ALL_14_POSITIVE
DEVELOPMENT_EVEN	T6000_W025	-20	-20	46	DEFINED	44	0	161.216412783450	44	0	484.211328057299	46	0	207.488144946831	45	0	522.003472496004	46	0	229.411632845198	46	0	563.465356527134	46	0	249.702609935658	46	0	600.825966947924	46	0	269.495687112853	46	0	625.884203490456	46	0	282.957043329979	46	0	627.494525817698	46	0	279.037372315816	46	0	628.804143134295	DEFINED_ALL_14_POSITIVE
DEVELOPMENT_EVEN	T6000_W025	-20	-10	46	DEFINED	45	0	172.792080029061	45	0	469.755955430845	46	0	214.436182698921	46	0	514.128855676920	46	0	239.330258537148	46	0	583.665902116601	46	0	263.173477393837	46	0	617.905477777335	46	0	280.917203422754	46	0	631.598917657482	46	0	286.191097889245	46	0	633.482335636272	46	0	272.843168663743	46	0	617.526939380028	DEFINED_ALL_14_POSITIVE
DEVELOPMENT_EVEN	T6000_W025	-20	0	47	DEFINED	45	0	188.733117312012	47	0	436.917762012559	47	0	213.157316908900	47	0	550.295657573132	47	0	244.575515278286	47	0	626.761441776517	47	0	274.616617544247	47	0	634.341016260402	47	0	292.203210588476	47	0	635.659174809352	47	0	276.816168634218	47	0	659.811407704045	47	0	251.729256144261	47	0	599.735637841095	DEFINED_ALL_14_POSITIVE
DEVELOPMENT_EVEN	T6000_W025	-20	10	44	DEFINED	44	0	197.371107825808	44	0	565.820093208367	44	0	227.638861776558	44	0	657.229806787814	44	0	263.800597610801	44	0	645.396079034599	44	0	282.061524814742	44	0	687.430957780669	44	0	276.348132581069	44	0	676.192348014107	44	0	273.419449801227	44	0	685.363988406585	44	0	247.531473596679	44	0	589.718339363106	DEFINED_ALL_14_POSITIVE
DEVELOPMENT_EVEN	T6000_W025	-20	20	44	DEFINED	44	0	205.958842335035	44	0	567.472710006525	44	0	238.302893759097	44	0	645.630308172068	44	0	274.369208474810	44	0	653.716911034105	44	0	287.321763034289	44	0	682.513856173959	44	0	278.695009237451	44	0	675.524040754025	44	0	253.181275236291	44	0	637.333545997879	44	0	232.725813097089	42	0	541.789947632604	DEFINED_ALL_14_POSITIVE
DEVELOPMENT_EVEN	T6000_W025	-10	-20	46	DEFINED	46	0	201.870436457371	46	0	527.539381906054	46	0	217.833894233120	46	0	562.219202959145	46	0	244.731052310871	46	0	591.663448773970	46	0	263.036511711079	46	0	636.303934799461	46	0	276.956428345483	46	0	628.795668070390	46	0	283.514766200112	46	0	627.671192216502	46	0	277.898896529008	46	0	638.366718243582	DEFINED_ALL_14_POSITIVE
DEVELOPMENT_EVEN	T6000_W025	-10	-10	46	DEFINED	46	0	200.641769029892	46	0	540.831572483872	46	0	230.485577115633	46	0	593.362888710346	46	0	254.456131120205	46	0	625.368718292738	46	0	274.829289097333	46	0	640.485690983830	46	0	283.920171287211	46	0	639.233769725997	46	0	280.937833611949	46	0	632.702145917217	46	0	262.109646030831	46	0	622.063192396916	DEFINED_ALL_14_POSITIVE
DEVELOPMENT_EVEN	T6000_W025	-10	0	46	DEFINED	46	0	205.192253629390	46	0	552.874474183401	46	0	237.602979417553	46	0	621.883584736763	46	0	265.520202317034	46	0	641.338989652561	46	0	280.852763815752	46	0	635.718331390063	46	0	285.943298188556	46	0	638.056173204384	46	0	276.107866173928	46	0	640.619500888379	46	0	252.741182221380	46	0	582.768042243797	DEFINED_ALL_14_POSITIVE
DEVELOPMENT_EVEN	T6000_W025	-10	10	45	DEFINED	45	0	212.724010006281	45	0	625.754345158918	45	0	250.357788402196	45	0	665.650530941376	45	0	274.248094243708	45	0	664.359165461085	45	0	285.125036948120	45	0	690.798159216213	45	0	277.481463594084	45	0	680.829611676628	45	0	269.408941839077	45	0	657.855940728345	45	0	237.948633407026	45	0	559.921546769422	DEFINED_ALL_14_POSITIVE
DEVELOPMENT_EVEN	T6000_W025	-10	20	44	DEFINED	44	0	220.358015501301	44	0	627.190777723379	44	0	260.125266004184	44	0	646.886831641386	44	0	285.919385621759	44	0	667.810494342953	44	0	280.991532725374	44	0	674.308019841628	44	0	277.399451705559	44	0	664.667066086870	44	0	256.664215018071	44	0	603.700453000418	43	0	219.583211283150	42	0	570.693110296379	DEFINED_ALL_14_POSITIVE
DEVELOPMENT_EVEN	T6000_W025	0	-20	48	DEFINED	48	0	209.305371619036	48	0	542.744607732146	48	0	234.410742140953	48	0	585.819727691299	48	0	256.149221785817	48	0	586.075589880872	48	0	268.712367799073	48	0	626.793690579394	48	0	279.128154766223	48	0	634.612069559555	48	0	283.822743660553	48	0	612.173665371564	48	0	267.960712384632	48	0	605.479199804084	DEFINED_ALL_14_POSITIVE
DEVELOPMENT_EVEN	T6000_W025	0	-10	48	DEFINED	48	0	220.116021908515	48	0	560.453942021310	48	0	246.326200148237	48	0	593.429735338623	48	0	262.327441168214	48	0	608.051434587617	48	0	277.162880061124	48	0	621.365852124074	48	0	281.536069339828	48	0	605.053464013829	48	0	273.507727602743	48	0	606.144852004090	48	0	263.139486705326	48	0	578.592466070934	DEFINED_ALL_14_POSITIVE
DEVELOPMENT_EVEN	T6000_W025	0	0	48	DEFINED	48	0	225.851527227908	48	0	573.456548020379	48	0	254.594431267344	48	0	610.727283485248	48	0	272.717409612461	48	0	610.627693315215	48	0	282.197517927831	48	0	627.401962607521	48	0	282.968706339060	48	0	616.063188866008	48	0	261.582316624744	48	0	586.017906649997	48	0	247.400013221895	47	0	542.627376704846	DEFINED_ALL_14_POSITIVE
DEVELOPMENT_EVEN	T6000_W025	0	10	46	DEFINED	46	0	235.576020775320	46	0	622.356422896366	46	0	263.801490688686	46	0	635.374343208232	46	0	278.744116558432	46	0	643.189632678429	46	0	280.442561734150	46	0	639.783236885252	46	0	276.079032016716	46	0	637.195846246135	46	0	261.765065177481	46	0	605.705919434416	46	0	231.967206074804	46	0	528.144034967304	DEFINED_ALL_14_POSITIVE
DEVELOPMENT_EVEN	T6000_W025	0	20	47	DEFINED	47	0	243.614095239188	47	0	637.160418047030	47	0	271.004371941961	47	0	665.144595936418	47	0	282.858136734301	47	0	681.849236875548	47	0	285.474484154368	47	0	657.432905063603	47	0	273.116009504135	47	0	634.328624746609	47	0	248.661529132239	47	0	574.572918292330	44	0	198.407473018980	46	0	527.686316050689	DEFINED_ALL_14_POSITIVE
DEVELOPMENT_EVEN	T6000_W025	10	-20	48	DEFINED	48	0	239.471832768651	48	0	589.308869152456	48	0	261.468519931120	48	0	604.877922982576	48	0	271.488840630816	48	0	617.706745475521	48	0	278.519245936851	48	0	628.386303844450	48	0	283.307540759566	48	0	613.268868120723	48	0	280.247733841944	48	0	610.746956291976	48	0	266.997979182235	48	0	598.103569655995	DEFINED_ALL_14_POSITIVE
DEVELOPMENT_EVEN	T6000_W025	10	-10	48	DEFINED	48	0	246.576533202585	48	0	602.200754025837	48	0	262.790011280993	48	0	608.408250577155	48	0	275.269157027989	48	0	624.698680668485	48	0	281.330917981059	48	0	615.854083996876	48	0	284.005812016100	48	0	615.056440041271	48	0	274.830821336136	48	0	613.058513622261	48	0	258.921175028110	48	0	574.598338114810	DEFINED_ALL_14_POSITIVE
DEVELOPMENT_EVEN	T6000_W025	10	0	47	DEFINED	47	0	252.458428235009	47	0	614.322429542560	47	0	265.777887215007	47	0	617.722331671583	47	0	279.195608495350	47	0	650.484902418379	47	0	282.444788374515	47	0	617.066891514545	47	0	271.000019532534	47	0	621.047782278558	47	0	263.195088871710	47	0	584.988358762566	47	0	239.560183191836	47	0	535.230182833492	DEFINED_ALL_14_POSITIVE
DEVELOPMENT_EVEN	T6000_W025	10	10	47	DEFINED	47	0	261.153147521260	47	0	642.694899747648	47	0	281.342535365847	47	0	636.825973160144	47	0	280.169751011775	47	0	657.957246226558	47	0	280.514781035249	47	0	635.709722167490	47	0	274.195809959622	47	0	630.436542518525	47	0	252.741899972886	47	0	564.234553088962	47	0	233.539165067190	46	0	529.736235643525	DEFINED_ALL_14_POSITIVE
DEVELOPMENT_EVEN	T6000_W025	10	20	46	DEFINED	46	0	261.571660076222	46	0	655.495478044112	46	0	277.363382985398	46	0	672.218484830204	46	0	279.671219639481	46	0	654.486545115699	46	0	277.430428311141	46	0	673.925238016707	46	0	262.406269418764	46	0	638.507465315184	46	0	243.214491955201	45	0	571.534674417285	43	0	210.433416739312	44	0	459.650400169431	DEFINED_ALL_14_POSITIVE
DEVELOPMENT_EVEN	T6000_W025	20	-20	46	DEFINED	46	0	264.140832824202	46	0	620.489595837345	46	0	275.568250976464	46	0	608.606191260487	46	0	279.172387851542	46	0	619.034778340104	46	0	284.053745900494	46	0	613.739586708331	46	0	286.032689007091	46	0	608.986074050474	46	0	281.642572116370	46	0	613.039033333892	46	0	274.252273116152	46	0	602.054646347160	DEFINED_ALL_14_POSITIVE
DEVELOPMENT_EVEN	T6000_W025	20	-10	48	DEFINED	48	0	268.697177804217	48	0	614.968270894247	48	0	277.344790862366	48	0	620.717627514780	48	0	283.157773260994	48	0	633.865818328094	48	0	284.460653802444	48	0	609.394258922679	48	0	281.401043032507	48	0	616.609710741622	48	0	270.622378280297	48	0	588.166667628637	48	0	255.133153059843	48	0	572.193061303059	DEFINED_ALL_14_POSITIVE
DEVELOPMENT_EVEN	T6000_W025	20	0	47	DEFINED	47	0	264.502924390915	47	0	627.063513281659	47	0	275.199755116041	47	0	643.213310542963	47	0	277.558251613364	47	0	625.570048183556	47	0	279.998700047008	47	0	612.719622657518	47	0	277.148293475332	47	0	597.110553984445	47	0	263.187046777826	47	0	582.836465041008	47	0	234.008556114451	47	0	507.168608989354	DEFINED_ALL_14_POSITIVE
DEVELOPMENT_EVEN	T6000_W025	20	10	47	DEFINED	47	0	278.576162682555	47	0	632.924262625664	47	0	280.612353878003	47	0	679.662870219733	47	0	280.565694418216	47	0	656.287166411569	47	0	278.974561450641	47	0	668.289871988410	47	0	266.749024983125	47	0	632.507046269430	47	0	250.950709170660	47	0	558.325723728031	47	0	229.897492150345	45	0	521.709970780827	DEFINED_ALL_14_POSITIVE
DEVELOPMENT_EVEN	T6000_W025	20	20	46	DEFINED	46	0	272.726594932634	46	0	648.601543323973	46	0	279.160841468288	46	0	656.308791109420	46	0	279.909845880997	46	0	660.865226747982	46	0	276.852116008544	46	0	664.266127063998	46	0	256.188614185886	46	0	599.741279727719	46	0	231.120595590723	45	0	575.632132658421	41	0	189.537123851386	42	0	436.419682201057	DEFINED_ALL_14_POSITIVE
CONFIRMATION_ODD	T4500_W025	-20	-20	46	DEFINED	45	0	149.980075968644	41	0	286.240266534185	46	0	183.786594698095	39	0	365.436389342811	46	0	213.731695278417	42	0	351.300381609114	46	0	228.507584458565	44	0	393.254364689625	46	0	242.759327118477	42	0	452.317360356298	46	0	265.591926770941	42	0	420.733878011500	46	0	265.554757263724	43	0	466.852541914353	DEFINED_ALL_14_POSITIVE
CONFIRMATION_ODD	T4500_W025	-20	-10	47	DEFINED	47	0	150.324813328718	42	0	291.206629789768	47	0	197.017747296862	43	0	354.751533946761	47	0	225.169077951207	45	0	378.345298449631	47	0	243.589117769705	44	0	417.660509382889	47	0	260.981074618061	43	0	419.536450507873	47	0	268.056739110311	42	0	422.271002938964	47	0	265.884410461914	44	0	488.117395509890	DEFINED_ALL_14_POSITIVE
CONFIRMATION_ODD	T4500_W025	-20	0	46	DEFINED	46	0	168.089571455578	41	0	349.867907657785	46	0	199.219892580689	43	0	360.287201928865	46	0	225.419821600643	44	0	391.119422794465	46	0	252.236173966692	43	0	428.254419239386	46	0	265.973528887058	43	0	420.220705989424	46	0	264.849301532050	42	0	485.479015664643	46	0	238.847081661985	45	0	443.419233797015	DEFINED_ALL_14_POSITIVE
CONFIRMATION_ODD	T4500_W025	-20	10	36	DEFINED	36	0	159.870659644427	31	0	345.467279646654	36	0	194.833010587723	33	0	342.564068878083	36	0	227.328966366028	32	0	398.509841922240	36	0	254.313680802757	35	0	443.217324879137	36	0	253.346745817827	30	0	443.462697740813	36	0	248.129508743551	34	0	475.920920887683	36	0	242.438208928687	31	0	332.063116262244	DEFINED_ALL_14_POSITIVE
CONFIRMATION_ODD	T4500_W025	-20	20	40	DEFINED	40	0	180.273256617606	35	0	434.535002183748	40	0	217.304013466509	37	0	480.032358022367	40	0	247.462977141194	38	0	413.580930533203	40	0	275.412747089891	38	0	486.194019445045	40	0	264.142370619271	35	0	476.296962982570	40	0	251.592558331887	37	0	391.316824199617	40	0	237.134047786362	35	0	296.115530365452	DEFINED_ALL_14_POSITIVE
CONFIRMATION_ODD	T4500_W025	-10	-20	47	DEFINED	47	0	182.721533876180	42	0	352.399878798565	47	0	198.352421188035	44	0	385.240720880387	47	0	221.545260803872	45	0	408.475463358436	47	0	240.743821815378	44	0	417.972367806480	47	0	249.832904635642	44	0	441.690791810408	47	0	257.504188705890	43	0	431.794153645379	47	0	265.645790553293	44	0	454.284047397797	DEFINED_ALL_14_POSITIVE
CONFIRMATION_ODD	T4500_W025	-10	-10	46	DEFINED	46	0	187.599279264588	40	0	354.993153485699	46	0	208.329456864433	43	0	375.872545447892	46	0	228.505558366656	42	0	395.139651240127	46	0	250.235710905410	44	0	409.646356487434	46	0	268.840996462054	42	0	420.517032792854	46	0	268.125129444239	41	0	479.855342914812	46	0	248.673710414434	44	0	486.242662825604	DEFINED_ALL_14_POSITIVE
CONFIRMATION_ODD	T4500_W025	-10	0	46	DEFINED	46	0	197.126671046533	42	0	362.733309706635	46	0	218.030032561112	44	0	417.992082358317	46	0	241.480544748906	43	0	433.039474859633	46	0	256.202397246403	43	0	435.036927902223	46	0	274.799947480810	42	0	447.080403306958	46	0	261.967512807859	43	0	475.596015837134	46	0	238.246148763632	44	0	404.104820075168	DEFINED_ALL_14_POSITIVE
CONFIRMATION_ODD	T4500_W025	-10	10	41	DEFINED	41	0	191.285974480318	36	0	395.818784165128	41	0	224.771665940592	36	0	448.788749846755	41	0	249.260020180382	40	0	435.316752934293	41	0	269.602897248471	39	0	481.899419322541	41	0	265.775602162550	36	0	433.607574145666	41	0	249.456467581657	40	0	495.059777594952	41	0	239.992576357184	33	0	316.357097432547	DEFINED_ALL_14_POSITIVE
CONFIRMATION_ODD	T4500_W025	-10	20	40	DEFINED	40	0	196.949074521703	34	0	396.063046362960	40	0	229.097294826063	34	0	380.255930007500	40	0	268.193581045036	38	0	408.058403536493	40	0	278.446002655563	37	0	426.686853328180	40	0	262.720854063159	36	0	485.340832497187	40	0	250.328751653221	34	0	388.603078163823	40	0	221.143288921677	34	0	195.853052180913	DEFINED_ALL_14_POSITIVE
CONFIRMATION_ODD	T4500_W025	0	-20	49	DEFINED	49	0	205.574695652727	45	0	366.596393498985	49	0	229.334677547136	46	0	421.728461494999	49	0	239.384685375337	45	0	440.178859921800	49	0	251.621470348543	46	0	408.415481110598	49	0	263.341199251003	46	0	445.787519414114	49	0	273.314552846092	45	0	432.297129200938	49	0	267.921963468600	46	0	439.889870020132	DEFINED_ALL_14_POSITIVE
CONFIRMATION_ODD	T4500_W025	0	-10	47	DEFINED	47	0	212.790267910712	44	0	388.164492151558	47	0	229.237816225093	45	0	409.722263065578	47	0	254.206482094512	43	0	416.058693370108	47	0	260.456929817403	45	0	435.388434388057	47	0	265.025833148029	45	0	458.253906321284	47	0	268.972453012949	43	0	478.217954276371	47	0	234.655236715548	45	0	464.883839436111	DEFINED_ALL_14_POSITIVE
CONFIRMATION_ODD	T4500_W025	0	0	47	DEFINED	47	0	209.035413739890	44	0	380.013520373012	47	0	239.969091257753	42	0	418.216876593978	47	0	262.775779382968	45	0	403.689659189312	47	0	263.357692434065	44	0	438.024041768755	47	0	251.546347149284	43	0	403.718980765355	47	0	239.545068004781	43	0	488.272623590808	47	0	236.658605136966	42	0	402.288816886211	DEFINED_ALL_14_POSITIVE
CONFIRMATION_ODD	T4500_W025	0	10	43	DEFINED	43	0	223.761916891944	38	0	454.379150981690	43	0	242.869768666806	39	0	456.682399765501	43	0	264.303689534563	42	0	439.089200304945	43	0	257.407519917741	41	0	428.224889065741	43	0	269.436461278541	40	0	447.257764649594	43	0	248.472518976982	41	0	423.943435803512	43	0	239.380965450486	36	0	320.784265925571	DEFINED_ALL_14_POSITIVE
CONFIRMATION_ODD	T4500_W025	0	20	41	DEFINED	41	0	228.668235066806	38	0	433.589369824363	41	0	248.988383018612	39	0	411.584552483361	41	0	260.054368548779	40	0	391.101255052735	41	0	253.873221584484	38	0	363.835765529256	41	0	240.895338500593	39	0	454.219406771639	41	0	235.887848746157	34	0	364.330093861725	41	0	217.280496514042	32	0	182.048294423802	DEFINED_ALL_14_POSITIVE
CONFIRMATION_ODD	T4500_W025	10	-20	49	DEFINED	49	0	230.407748790242	46	0	400.681170306192	49	0	243.362362778619	43	0	396.800250687759	49	0	258.685286357736	47	0	402.813716658537	49	0	261.273256245479	46	0	402.430371875743	49	0	265.043795521675	46	0	437.708828117960	49	0	257.502945016484	45	0	432.073975964892	49	0	258.673552292574	46	0	499.862597210945	DEFINED_ALL_14_POSITIVE
CONFIRMATION_ODD	T4500_W025	10	-10	50	DEFINED	50	0	235.055366522023	47	0	409.569951772867	50	0	248.791604801852	46	0	432.022817285963	50	0	259.845361439382	47	0	429.873280216893	50	0	260.055052010759	47	0	467.343567516167	50	0	272.317754435061	47	0	461.118254629038	50	0	252.244664558672	47	0	456.095910452938	50	0	256.245477045448	47	0	465.703503567398	DEFINED_ALL_14_POSITIVE
CONFIRMATION_ODD	T4500_W025	10	0	49	DEFINED	49	0	239.712367568347	46	0	406.992872084158	49	0	254.072118528099	47	0	395.607284479177	49	0	259.140739852051	46	0	419.446855676523	49	0	272.722473522721	46	0	447.319578658150	49	0	268.151751806948	44	0	420.854996335002	49	0	248.110920125690	45	0	457.405933734526	49	0	245.930416706160	44	0	381.986856952241	DEFINED_ALL_14_POSITIVE
CONFIRMATION_ODD	T4500_W025	10	10	45	DEFINED	45	0	243.212537917831	39	0	482.301910248010	45	0	257.496809683546	42	0	398.951092586375	45	0	257.646915722906	44	0	472.499079594714	45	0	256.807826799963	40	0	448.370755558881	45	0	267.951014648604	41	0	464.749654002833	45	0	251.029264097773	38	0	425.244772720763	45	0	238.402931763362	36	0	294.195023815658	DEFINED_ALL_14_POSITIVE
CONFIRMATION_ODD	T4500_W025	10	20	42	DEFINED	42	0	247.397817427309	38	0	447.916225755820	42	0	261.576115525417	38	0	373.628488655683	42	0	266.603440126570	39	0	390.927971196043	42	0	250.921641814105	38	0	448.415224396043	42	0	254.751924426614	39	0	487.059473677843	42	0	217.843679948121	35	0	350.789886189524	42	0	208.412149856129	34	0	222.943948862522	DEFINED_ALL_14_POSITIVE
CONFIRMATION_ODD	T4500_W025	20	-20	50	DEFINED	50	0	249.458381491665	46	0	393.710006393170	50	0	254.759676010193	48	0	412.022030056493	50	0	258.016385397440	47	0	395.683206174803	50	0	266.911712469447	47	0	443.218969914170	50	0	267.145761551743	47	0	452.250078978208	50	0	272.021083176536	45	0	447.198679278681	50	0	267.662668248902	46	0	459.698517531202	DEFINED_ALL_14_POSITIVE
CONFIRMATION_ODD	T4500_W025	20	-10	49	DEFINED	49	0	248.539089691018	45	0	446.751940287939	49	0	261.296985971785	45	0	413.262796518888	49	0	259.306263035744	47	0	441.222760803144	49	0	261.535957352664	46	0	434.992794742239	49	0	269.475493667116	45	0	412.491458575210	49	0	257.154087974060	47	0	468.698813516079	49	0	247.934428624718	47	0	434.712686436157	DEFINED_ALL_14_POSITIVE
CONFIRMATION_ODD	T4500_W025	20	0	48	DEFINED	48	0	251.832517617397	45	0	414.729033003156	48	0	264.908998310509	43	0	442.818512376327	48	0	260.027105637321	46	0	454.920067241808	48	0	254.543914890140	46	0	409.675472159271	48	0	248.843798330118	43	0	442.556215321571	48	0	246.352202890628	43	0	459.655843115494	48	0	218.004729330596	42	0	346.684977193919	DEFINED_ALL_14_POSITIVE
CONFIRMATION_ODD	T4500_W025	20	10	44	DEFINED	44	0	256.217961498122	39	0	404.236192205713	44	0	269.639484024255	43	0	364.793253425296	44	0	267.433153571523	42	0	414.461586328889	44	0	258.023371580445	40	0	382.397904707115	44	0	260.727989255599	39	0	451.535239670258	44	0	241.851021792356	37	0	308.961617628770	44	0	235.121998316773	38	0	238.287301987216	DEFINED_ALL_14_POSITIVE
CONFIRMATION_ODD	T4500_W025	20	20	42	DEFINED	42	0	258.351657027794	38	0	370.533450485834	42	0	272.454460830716	41	0	435.257564878593	42	0	281.348006291987	39	0	382.425726588255	42	0	274.827667721245	37	0	430.454617415034	42	0	250.553044925916	34	0	439.720226363293	42	0	241.737407514222	33	0	346.854206595279	42	0	207.347980271597	29	0	195.939024584805	DEFINED_ALL_14_POSITIVE
CONFIRMATION_ODD	T5000_W025	-20	-20	48	DEFINED	47	0	159.686166620852	43	0	372.090628472330	48	0	192.927674799108	47	0	418.196692792114	48	0	215.999011107157	48	0	448.120226364951	48	0	236.722532184865	47	0	512.076482426156	48	0	259.369796981140	47	0	544.450926699277	48	0	262.071338301530	46	0	547.986910544731	48	0	255.115824094045	47	0	533.380508330113	DEFINED_ALL_14_POSITIVE
CONFIRMATION_ODD	T5000_W025	-20	-10	49	DEFINED	49	0	163.369951105772	44	0	355.275768001901	49	0	196.309725434873	49	0	436.961764166886	49	0	222.399605266856	47	0	478.383048640383	49	0	248.781544717197	49	0	543.453207087050	49	0	266.603059067073	48	0	565.853614102615	49	0	264.275757147094	48	0	536.810041383573	49	0	263.671034533347	47	0	528.814943944314	DEFINED_ALL_14_POSITIVE
CONFIRMATION_ODD	T5000_W025	-20	0	47	DEFINED	45	0	159.924186751500	44	0	381.647538932717	47	0	205.714718035683	47	0	465.040266654211	47	0	237.599076897843	46	0	483.791733390817	47	0	261.398969845221	46	0	550.260274395392	47	0	269.060935791949	47	0	555.497686453966	47	0	269.819553838565	45	0	547.819630372447	47	0	259.080844875873	46	0	516.712362242264	DEFINED_ALL_14_POSITIVE
CONFIRMATION_ODD	T5000_W025	-20	10	47	DEFINED	46	0	178.596864485109	45	0	443.552426215549	47	0	210.619733087529	47	0	502.227298192480	47	0	241.679112019782	46	0	566.105881714657	47	0	267.014763646250	45	0	584.762044677572	47	0	278.427236879753	45	0	608.423125513252	47	0	262.467058153371	46	0	552.956978416874	47	0	255.975436070586	46	0	467.982579568929	DEFINED_ALL_14_POSITIVE
CONFIRMATION_ODD	T5000_W025	-20	20	44	DEFINED	44	0	182.420672610671	43	0	449.661417025776	44	0	221.196558466559	43	0	527.762717592930	44	0	259.626465255907	43	0	578.878092709714	44	0	265.225491058529	42	0	670.622418796307	44	0	275.244104543720	43	0	577.733147807268	44	0	269.325636382256	43	0	519.074843164857	44	0	242.675340729403	44	0	385.917821817683	DEFINED_ALL_14_POSITIVE
CONFIRMATION_ODD	T5000_W025	-10	-20	49	DEFINED	49	0	176.794460489933	49	0	416.916462953213	49	0	209.384662355316	49	0	469.338432373897	49	0	230.420246846183	47	0	496.476984048906	49	0	251.958221753033	49	0	555.695703661366	49	0	266.206997715466	47	0	551.747509551963	49	0	264.270561139122	47	0	564.719949167898	49	0	257.241554746428	47	0	534.620235347454	DEFINED_ALL_14_POSITIVE
CONFIRMATION_ODD	T5000_W025	-10	-10	49	DEFINED	49	0	196.518770181259	49	0	441.358819086613	49	0	212.818193783327	49	0	473.058838440797	49	0	239.593277171303	48	0	501.486831336958	49	0	261.398969845221	48	0	555.037521203345	49	0	264.976528890993	48	0	615.372785386131	49	0	267.165295680945	47	0	548.183103125119	49	0	260.620208357391	47	0	536.715451153630	DEFINED_ALL_14_POSITIVE
CONFIRMATION_ODD	T5000_W025	-10	0	49	DEFINED	48	0	195.492563685423	49	0	452.610223468754	49	0	225.646070493956	49	0	504.382796159531	49	0	256.389186157868	49	0	550.362851292227	49	0	263.969628549357	48	0	544.543250550048	49	0	268.724139947321	48	0	542.330199347367	49	0	258.014587969002	47	0	545.777459266297	49	0	253.746915086682	49	0	506.300804192506	DEFINED_ALL_14_POSITIVE
CONFIRMATION_ODD	T5000_W025	-10	10	47	DEFINED	47	0	204.386432267936	46	0	532.664619409972	47	0	233.213444632006	45	0	518.665746687920	47	0	260.127134335849	47	0	572.600667849143	47	0	271.951102669856	45	0	633.842707154740	47	0	291.565810198189	46	0	567.981442418105	47	0	264.148654853568	46	0	529.645899720162	47	0	260.435864437328	45	0	417.562531692554	DEFINED_ALL_14_POSITIVE
CONFIRMATION_ODD	T5000_W025	-10	20	46	DEFINED	46	0	208.260101083259	46	0	523.439428104953	46	0	238.102471555510	45	0	525.262517058001	46	0	263.852404956519	43	0	583.789378658379	46	0	274.299745337813	44	0	599.117366497953	46	0	270.583033889896	44	0	539.412519152321	46	0	254.577136486376	44	0	501.700861176818	46	0	224.893875595882	43	0	378.993310084376	DEFINED_ALL_14_POSITIVE
CONFIRMATION_ODD	T5000_W025	0	-20	50	DEFINED	50	0	204.138596678861	50	0	468.364316226716	50	0	227.963300112539	50	0	460.884322180726	50	0	243.325642017239	49	0	501.965487871661	50	0	258.455394232183	48	0	549.703109366157	50	0	266.561900895334	48	0	566.599077261184	50	0	272.251089405028	49	0	511.850094280798	50	0	265.870331333576	49	0	511.038698316500	DEFINED_ALL_14_POSITIVE
CONFIRMATION_ODD	T5000_W025	0	-10	50	DEFINED	50	0	211.000867330081	50	0	497.745907667914	50	0	236.260388605304	50	0	476.986709997957	50	0	258.449385417561	50	0	539.683156715412	50	0	276.223983383874	48	0	524.610015054699	50	0	280.057179446991	50	0	516.280494735975	50	0	273.870497798743	47	0	525.164662741824	50	0	267.393033473013	48	0	511.604730121452	DEFINED_ALL_14_POSITIVE
CONFIRMATION_ODD	T5000_W025	0	0	49	DEFINED	49	0	213.130563871949	49	0	470.174269868600	49	0	239.086254765701	47	0	487.028569942556	49	0	266.794969581524	48	0	545.156613875970	49	0	278.416129392599	48	0	537.269684329385	49	0	268.095836181792	47	0	523.521842859964	49	0	257.257024530125	47	0	511.585950473339	49	0	242.530734630461	49	0	473.609393524524	DEFINED_ALL_14_POSITIVE
CONFIRMATION_ODD	T5000_W025	0	10	46	DEFINED	46	0	223.029356904880	44	0	522.285321353823	46	0	244.582310645491	44	0	562.696996095694	46	0	270.463971705562	45	0	562.810532641977	46	0	274.799966753118	44	0	603.024157167636	46	0	264.901463566273	43	0	581.039456842935	46	0	263.079778236564	45	0	501.394023474302	46	0	241.079270898174	45	0	412.414509920808	DEFINED_ALL_14_POSITIVE
CONFIRMATION_ODD	T5000_W025	0	20	47	DEFINED	47	0	229.047179178717	45	0	507.387723357159	47	0	259.844744105359	46	0	567.142646885357	47	0	285.605004500636	46	0	575.090129875772	47	0	291.432137271628	45	0	546.667788638570	47	0	267.317719218682	45	0	505.232441929561	47	0	263.939716228793	44	0	435.350842825637	46	0	217.182805147427	41	0	334.815805836246	DEFINED_ALL_14_POSITIVE
CONFIRMATION_ODD	T5000_W025	10	-20	50	DEFINED	50	0	227.723428763191	50	0	489.007037226898	50	0	244.213961268234	49	0	507.864207576770	50	0	262.985853493388	49	0	521.911167414569	50	0	271.789758639787	48	0	533.466030689786	50	0	274.345279974637	49	0	542.177673109597	50	0	273.069129737988	50	0	512.763822529764	50	0	265.678641620870	48	0	518.442032600805	DEFINED_ALL_14_POSITIVE
CONFIRMATION_ODD	T5000_W025	10	-10	50	DEFINED	50	0	234.600070991279	50	0	479.873893386873	50	0	251.484116557757	49	0	529.069323976677	50	0	270.576742659687	49	0	565.207571132435	50	0	278.872635785243	50	0	545.086333477728	50	0	270.419587695513	49	0	513.845984184368	50	0	262.973721837777	48	0	521.186027574063	50	0	260.315588414370	49	0	487.058078574462	DEFINED_ALL_14_POSITIVE
CONFIRMATION_ODD	T5000_W025	10	0	50	DEFINED	50	0	239.714224628123	50	0	487.475267253108	50	0	259.218404931379	50	0	541.151216459284	50	0	277.633890889921	48	0	539.525211319813	50	0	274.694777342418	49	0	530.926274531059	50	0	268.566120125519	47	0	522.341798489212	50	0	258.353825460541	48	0	492.397151182853	50	0	249.917284119347	48	0	444.437047651657	DEFINED_ALL_14_POSITIVE
CONFIRMATION_ODD	T5000_W025	10	10	47	DEFINED	47	0	249.701416342238	47	0	531.853812824919	47	0	266.251337385542	45	0	564.136227701016	47	0	272.510911654282	44	0	595.202654579255	47	0	290.370697678025	46	0	586.301008416533	47	0	266.594473695937	44	0	520.460964689701	47	0	260.223293093940	46	0	494.260925588672	47	0	232.731698603321	45	0	402.889876080702	DEFINED_ALL_14_POSITIVE
CONFIRMATION_ODD	T5000_W025	10	20	44	DEFINED	44	0	246.948990650275	43	0	594.761070075831	44	0	268.156875184880	43	0	583.644571992711	44	0	274.291010444491	44	0	650.657508628682	44	0	269.161034795179	42	0	516.336601566110	44	0	267.959711156109	43	0	522.198176301200	44	0	247.275286709172	44	0	414.428463972835	44	0	205.544898868878	40	0	286.587197242318	DEFINED_ALL_14_POSITIVE
CONFIRMATION_ODD	T5000_W025	20	-20	50	DEFINED	50	0	246.011856473248	50	0	541.166340774241	50	0	258.757943513712	50	0	532.020071871449	50	0	276.029945826751	49	0	534.081053668514	50	0	288.880549702968	50	0	541.961725551029	50	0	289.884933410268	50	0	526.673421088526	50	0	278.652205204561	49	0	527.613841663243	50	0	280.813509155503	48	0	510.533143624284	DEFINED_ALL_14_POSITIVE
CONFIRMATION_ODD	T5000_W025	20	-10	50	DEFINED	50	0	249.916281616187	50	0	536.055746800489	50	0	266.410111472504	48	0	532.118225315841	50	0	276.389741027972	49	0	541.048639487285	50	0	274.694777342418	48	0	530.926274531059	50	0	270.302159966465	49	0	501.785356326433	50	0	262.917240314940	49	0	509.813790021552	50	0	247.571301855473	48	0	485.203650924509	DEFINED_ALL_14_POSITIVE
CONFIRMATION_ODD	T5000_W025	20	0	50	DEFINED	50	0	254.045484346887	49	0	502.869460562910	50	0	271.508735834275	48	0	561.973750748661	50	0	268.240318026730	48	0	547.877002636747	50	0	268.216876597194	48	0	519.565519284715	50	0	260.906489775605	47	0	512.541055548628	50	0	255.681930508342	49	0	480.004325646020	50	0	237.308562175200	49	0	425.466814324337	DEFINED_ALL_14_POSITIVE
CONFIRMATION_ODD	T5000_W025	20	10	45	DEFINED	45	0	257.977450629058	44	0	554.962919774614	45	0	269.765781218086	45	0	567.982178107585	45	0	283.519001242401	45	0	647.530662658514	45	0	270.114539666140	42	0	512.085929996510	45	0	270.359123328532	43	0	510.432502480712	45	0	263.284571183751	44	0	511.435003468144	45	0	226.383726077845	45	0	397.877858880945	DEFINED_ALL_14_POSITIVE
CONFIRMATION_ODD	T5000_W025	20	20	45	DEFINED	45	0	270.560427534359	43	0	582.616909749231	45	0	287.757780462555	44	0	573.259141702487	45	0	292.807019547207	44	0	535.080646180394	45	0	274.017526208326	43	0	529.505969314684	45	0	265.000698364789	42	0	504.106788608765	45	0	233.935208864119	43	0	396.804532329104	45	0	206.370912088063	39	0	226.500811116771	DEFINED_ALL_14_POSITIVE
CONFIRMATION_ODD	T5000_W030	-20	-20	48	DEFINED	46	0	152.383774433066	44	0	371.110721519109	48	0	192.227616616818	48	0	419.495610062262	48	0	216.474971534654	47	0	449.419370755825	48	0	237.247939120061	47	0	510.441097633595	48	0	256.345522249596	45	0	522.104217150246	48	0	259.861793779122	46	0	541.079311384405	48	0	255.407305066645	46	0	534.860159625882	DEFINED_ALL_14_POSITIVE
CONFIRMATION_ODD	T5000_W030	-20	-10	49	DEFINED	49	0	163.081761001085	45	0	361.301246293812	49	0	201.105019059182	48	0	444.797500958254	49	0	224.679877336171	47	0	468.093222005877	49	0	248.960953560407	49	0	528.338759520892	49	0	266.114439240148	48	0	562.804381253464	49	0	264.167049664810	49	0	545.062208680794	49	0	267.687061245373	48	0	523.385630860700	DEFINED_ALL_14_POSITIVE
CONFIRMATION_ODD	T5000_W030	-20	0	47	DEFINED	47	0	171.758843355673	46	0	386.816023166974	47	0	207.357293374465	47	0	490.402794640968	47	0	236.957644552894	46	0	517.618689638977	47	0	258.678374418863	47	0	551.230878861660	47	0	266.312394238116	46	0	568.794094734871	47	0	271.930109254007	45	0	543.437852692611	47	0	260.007287462230	45	0	514.354413999203	DEFINED_ALL_14_POSITIVE
CONFIRMATION_ODD	T5000_W030	-20	10	45	DEFINED	45	0	177.150832424288	44	0	435.422946568861	45	0	209.493273984111	44	0	503.405006676308	45	0	241.191696065753	45	0	529.992777831935	45	0	266.558236013351	43	0	590.371717550117	45	0	279.266612969901	44	0	586.133960725862	45	0	262.037147245240	43	0	543.642192789851	45	0	256.073455184941	44	0	460.576010398325	DEFINED_ALL_14_POSITIVE
CONFIRMATION_ODD	T5000_W030	-20	20	44	DEFINED	44	0	184.299364105450	43	0	449.594686278011	44	0	221.324048201087	44	0	514.503572738985	44	0	253.078225189175	43	0	585.050056823336	44	0	264.245759691499	42	0	671.460007397377	44	0	285.786878798062	44	0	571.248105105294	44	0	267.643825923894	43	0	487.171430288633	44	0	253.457427751742	44	0	436.657300733964	DEFINED_ALL_14_POSITIVE
CONFIRMATION_ODD	T5000_W030	-10	-20	49	DEFINED	49	0	187.027532929752	49	0	417.634948396146	49	0	209.714807198685	49	0	471.180196049780	49	0	231.410231908056	47	0	484.956646860767	49	0	251.006386561018	49	0	528.338759520892	49	0	265.087871797383	47	0	566.654931007257	49	0	264.136040663019	47	0	555.522284931616	49	0	257.997910108011	47	0	531.972213690900	DEFINED_ALL_14_POSITIVE
CONFIRMATION_ODD	T5000_W030	-10	-10	48	DEFINED	48	0	196.418891236700	48	0	445.623997720267	48	0	214.635700518452	48	0	464.793322490702	48	0	242.821150889526	47	0	495.391849863767	48	0	259.986165962114	48	0	546.397277697685	48	0	266.254131120509	47	0	603.354880067965	48	0	281.161030696004	47	0	546.471243155070	48	0	270.144042902547	46	0	521.222156424174	DEFINED_ALL_14_POSITIVE
CONFIRMATION_ODD	T5000_W030	-10	0	47	DEFINED	47	0	194.862565618840	47	0	466.002566647039	47	0	218.512327591063	47	0	501.199247113781	47	0	245.396208014969	47	0	543.250632623181	47	0	261.727192162924	46	0	556.774149213353	47	0	267.446308461026	47	0	542.827603776265	47	0	257.517817323584	46	0	513.608372710380	47	0	252.817472684909	47	0	504.495196162287	DEFINED_ALL_14_POSITIVE
CONFIRMATION_ODD	T5000_W030	-10	10	47	DEFINED	47	0	203.146811022767	46	0	531.214221207155	47	0	226.430981289579	44	0	517.525124259731	47	0	252.719244823672	47	0	574.773112264813	47	0	270.593160249324	45	0	651.929977845741	47	0	292.858509954474	45	0	556.409840273729	47	0	272.392030898773	45	0	522.463054176758	47	0	257.625572482887	45	0	457.903648560373	DEFINED_ALL_14_POSITIVE
CONFIRMATION_ODD	T5000_W030	-10	20	47	DEFINED	47	0	208.515642004311	47	0	523.165083214581	47	0	237.470090584288	46	0	540.066378069534	47	0	263.112367258731	46	0	586.639327104998	47	0	275.554621978515	45	0	605.527850191444	47	0	275.427583425229	45	0	535.155115264347	47	0	264.543826656388	46	0	500.836599508770	47	0	245.148456304242	43	0	406.996683633957	DEFINED_ALL_14_POSITIVE
CONFIRMATION_ODD	T5000_W030	0	-20	49	DEFINED	49	0	203.006641874263	49	0	478.336166892467	49	0	228.750369646325	48	0	456.203204830662	49	0	245.289949443329	48	0	475.086394258163	49	0	254.148580501633	48	0	523.680452422267	49	0	267.859592360833	47	0	564.274735593111	49	0	271.874025359676	49	0	538.815903716762	49	0	268.650535429728	47	0	511.989873157906	DEFINED_ALL_14_POSITIVE
CONFIRMATION_ODD	T5000_W030	0	-10	50	DEFINED	50	0	212.148808078216	50	0	494.262032157342	50	0	238.618642633800	50	0	447.766949592717	50	0	257.981085707570	50	0	525.489955765804	50	0	274.640744580110	48	0	531.388860239413	50	0	279.700473561356	50	0	518.189810885234	50	0	273.749872221691	47	0	522.419909186305	50	0	266.642910330644	48	0	507.631038817707	DEFINED_ALL_14_POSITIVE
CONFIRMATION_ODD	T5000_W030	0	0	49	DEFINED	49	0	215.853894146158	49	0	449.996579549009	49	0	240.558593729840	49	0	469.806837750953	49	0	256.201512995320	49	0	545.943821081043	49	0	276.310201018529	48	0	533.544161786339	49	0	267.947048745829	48	0	523.831679083781	49	0	259.907106632919	47	0	495.208248018136	49	0	242.011966207023	49	0	475.058751907128	DEFINED_ALL_14_POSITIVE
CONFIRMATION_ODD	T5000_W030	0	10	45	DEFINED	45	0	225.102577978804	43	0	493.203407821864	45	0	247.543240520952	43	0	562.276343558217	45	0	270.648752891978	44	0	583.440878754525	45	0	282.607742771171	45	0	578.379721216889	45	0	267.235615783526	44	0	527.881192674808	45	0	261.099212072542	44	0	493.342216731824	45	0	244.262444437528	45	0	421.653078081343	DEFINED_ALL_14_POSITIVE
CONFIRMATION_ODD	T5000_W030	0	20	47	DEFINED	47	0	230.096607897079	46	0	510.770830037290	47	0	260.888535937276	47	0	568.363326065616	47	0	286.626196521429	45	0	590.034675173090	47	0	292.611787966847	45	0	529.807631913106	47	0	267.797953509073	44	0	518.992782317250	47	0	260.882030326923	45	0	481.080054456863	46	0	222.404824434342	43	0	366.578673821720	DEFINED_ALL_14_POSITIVE
CONFIRMATION_ODD	T5000_W030	10	-20	49	DEFINED	49	0	228.901025449052	49	0	472.854463744969	49	0	245.612919058417	48	0	489.360759852533	49	0	260.980494326124	49	0	515.732301567945	49	0	271.503981255245	47	0	550.231740612190	49	0	276.066573776053	48	0	547.136276202751	49	0	278.044985290643	49	0	526.936699934170	49	0	270.267684439493	48	0	505.295904623313	DEFINED_ALL_14_POSITIVE
CONFIRMATION_ODD	T5000_W030	10	-10	50	DEFINED	50	0	234.915903566599	50	0	494.344706185119	50	0	251.581538387965	49	0	537.761002789552	50	0	264.168435673685	49	0	548.647144486290	50	0	277.591012913864	49	0	547.214880417220	50	0	270.235247669760	48	0	508.766175654790	50	0	267.052913386531	48	0	503.820637809924	50	0	261.760808284698	48	0	488.883381455111	DEFINED_ALL_14_POSITIVE
CONFIRMATION_ODD	T5000_W030	10	0	50	DEFINED	50	0	240.072127988077	50	0	500.172570630417	50	0	262.809664106168	50	0	520.463676057664	50	0	267.927463198385	49	0	556.677443781213	50	0	270.161848154929	50	0	526.985150114623	50	0	268.373739282949	49	0	509.308818893744	50	0	262.517144082415	48	0	475.297678517692	50	0	251.054266266551	49	0	457.895781819238	DEFINED_ALL_14_POSITIVE
CONFIRMATION_ODD	T5000_W030	10	10	48	DEFINED	48	0	252.241571227386	47	0	537.645000275659	48	0	268.323347158328	47	0	562.150148255850	48	0	281.121629681338	45	0	593.443753899975	48	0	292.320322027868	46	0	539.412374442288	48	0	272.128836977270	46	0	511.386030620440	48	0	264.752025178464	47	0	494.811148602538	48	0	242.140074218858	47	0	430.345649043343	DEFINED_ALL_14_POSITIVE
CONFIRMATION_ODD	T5000_W030	10	20	44	DEFINED	44	0	260.480088030335	44	0	578.327146000024	44	0	268.176170892133	44	0	570.576387250609	44	0	281.162575283856	43	0	655.650943792415	44	0	281.387976011054	43	0	503.057667822564	44	0	269.234167786936	43	0	517.808515277725	44	0	261.641324684172	42	0	447.310171299395	44	0	216.018450209761	42	0	309.705220256174	DEFINED_ALL_14_POSITIVE
CONFIRMATION_ODD	T5000_W030	20	-20	50	DEFINED	50	0	250.903372959623	49	0	532.200756178955	50	0	265.249392950502	50	0	511.985876833692	50	0	273.672142961444	49	0	552.187938059745	50	0	289.501373104947	49	0	566.639022211405	50	0	294.744469512924	50	0	526.232568340867	50	0	283.741673916730	49	0	522.873547416407	50	0	275.117650620064	49	0	504.832108945208	DEFINED_ALL_14_POSITIVE
CONFIRMATION_ODD	T5000_W030	20	-10	50	DEFINED	50	0	256.262018487561	50	0	534.456095201210	50	0	265.893611281219	49	0	523.451099909741	50	0	272.418196534498	48	0	561.105017918526	50	0	275.965107497071	48	0	533.011286372371	50	0	270.683970046063	48	0	490.451961008505	50	0	258.450981968640	48	0	488.187962509140	50	0	256.203907436474	48	0	494.435968334121	DEFINED_ALL_14_POSITIVE
CONFIRMATION_ODD	T5000_W030	20	0	50	DEFINED	50	0	254.019081010128	49	0	532.572836312651	50	0	264.988375010462	49	0	552.273845988884	50	0	269.761956935862	48	0	552.137634515818	50	0	267.868607374237	50	0	518.451182280914	50	0	261.297700714675	47	0	510.989081877315	50	0	258.540603126582	48	0	483.332171557890	50	0	241.683212145132	50	0	439.201020685336	DEFINED_ALL_14_POSITIVE
CONFIRMATION_ODD	T5000_W030	20	10	46	DEFINED	46	0	257.082663718073	46	0	587.196307754764	46	0	274.794975484753	46	0	570.833956260614	46	0	289.187436863618	46	0	574.457686160024	46	0	281.387976011054	45	0	497.702729897484	46	0	269.359121260711	44	0	509.698985240684	46	0	265.709642923990	45	0	511.360092911250	46	0	241.502713535382	45	0	420.309133863887	DEFINED_ALL_14_POSITIVE
CONFIRMATION_ODD	T5000_W030	20	20	46	DEFINED	46	0	263.379200743950	45	0	593.055466110799	46	0	290.352173651391	44	0	580.109420971291	46	0	296.960425323343	44	0	530.884920652504	46	0	277.835758312861	44	0	517.973908075250	46	0	264.561929304702	43	0	524.859248363959	46	0	256.722266472286	44	0	424.656726491515	45	0	212.253958605438	42	0	245.853825776819	DEFINED_ALL_14_POSITIVE
CONFIRMATION_ODD	T5500_W025	-20	-20	49	DEFINED	47	0	161.632161541696	48	0	388.002490393942	49	0	182.680604397548	49	0	500.856653885198	49	0	219.293770436579	49	0	521.867295447275	49	0	244.756969549374	49	0	629.697343553265	49	0	259.224320317814	49	0	632.019430265904	49	0	267.903118859314	49	0	647.392281896420	49	0	266.686383232808	49	0	669.172593476460	DEFINED_ALL_14_POSITIVE
CONFIRMATION_ODD	T5500_W025	-20	-10	49	DEFINED	45	0	168.037173298889	48	0	427.007970538375	49	0	196.910832702036	49	0	493.860815752930	49	0	232.994286847662	49	0	561.539420110641	49	0	256.972545064809	49	0	607.911624025076	49	0	265.830707232858	49	0	646.868915995873	49	0	270.411994102395	49	0	660.024422493788	49	0	272.313107252035	49	0	634.000162311032	DEFINED_ALL_14_POSITIVE
CONFIRMATION_ODD	T5500_W025	-20	0	49	DEFINED	48	0	148.840610321218	49	0	447.407875601682	49	0	212.106786994986	49	0	501.698794986702	49	0	241.922269062949	49	0	587.585723160619	49	0	257.713786267318	49	0	638.291217613368	49	0	264.442842909743	49	0	654.019181423939	49	0	270.233195204887	49	0	634.640977591210	49	0	248.347097916744	49	0	599.648147196987	DEFINED_ALL_14_POSITIVE
CONFIRMATION_ODD	T5500_W025	-20	10	45	DEFINED	43	0	175.861417180940	45	0	497.515929938507	45	0	219.868210114973	45	0	599.910614974190	45	0	243.014399467370	45	0	666.299781150743	45	0	260.355755539980	45	0	695.488125206448	45	0	279.531203211247	45	0	704.105598284827	45	0	263.473684267365	45	0	655.812809743079	45	0	242.973023930228	45	0	564.663391385233	DEFINED_ALL_14_POSITIVE
CONFIRMATION_ODD	T5500_W025	-20	20	46	DEFINED	46	0	183.690703672505	46	0	516.081465979457	46	0	227.604277519012	46	0	652.052663670146	46	0	263.143514096821	46	0	689.513946045254	46	0	270.785012758557	46	0	694.837309332204	46	0	284.593002555554	46	0	680.235171788526	46	0	264.067298796807	46	0	608.444739534818	46	0	227.081799845316	44	0	503.074092389360	DEFINED_ALL_14_POSITIVE
CONFIRMATION_ODD	T5500_W025	-10	-20	49	DEFINED	49	0	184.343632143182	49	0	487.010759414708	49	0	215.772535394071	49	0	517.028414601431	49	0	238.069326031132	49	0	595.201837218103	49	0	246.614539117230	49	0	618.859124713959	49	0	257.875931417511	49	0	650.999883941133	49	0	267.488530519288	49	0	654.866203787483	49	0	262.933849244193	49	0	645.187785262966	DEFINED_ALL_14_POSITIVE
CONFIRMATION_ODD	T5500_W025	-10	-10	49	DEFINED	49	0	192.023817302715	49	0	501.223630580993	49	0	221.905452620235	49	0	569.433974898055	49	0	245.996808404048	49	0	612.597367576956	49	0	257.713786267318	49	0	638.291217613368	49	0	266.137661573482	49	0	654.403101242058	49	0	264.816084615038	49	0	653.250447785466	49	0	271.362509106807	49	0	607.029133230899	DEFINED_ALL_14_POSITIVE
CONFIRMATION_ODD	T5500_W025	-10	0	49	DEFINED	48	0	200.884598944217	49	0	512.645820350118	49	0	230.383423671633	49	0	576.642468037225	49	0	250.458605406133	49	0	600.702057200135	49	0	262.248989086462	49	0	650.102749606114	49	0	276.560739650019	49	0	647.494145720059	49	0	275.102840175196	49	0	646.925745650781	49	0	247.370378267490	49	0	568.616926154467	DEFINED_ALL_14_POSITIVE
CONFIRMATION_ODD	T5500_W025	-10	10	46	DEFINED	46	0	206.637557606154	46	0	582.429929869172	46	0	235.406513874890	46	0	663.370706678132	46	0	257.080124452834	46	0	685.950957318469	46	0	269.483308273097	46	0	694.837309332204	46	0	274.638699056045	46	0	701.312504606559	46	0	258.281173135516	46	0	661.530799664713	46	0	241.064433830177	46	0	559.942814906888	DEFINED_ALL_14_POSITIVE
CONFIRMATION_ODD	T5500_W025	-10	20	45	DEFINED	45	0	212.199867247330	45	0	591.469317493546	45	0	247.399976983462	45	0	672.351945637681	45	0	266.996711115271	45	0	708.549079583546	45	0	278.306570802160	45	0	693.475403582615	45	0	264.835713916312	45	0	678.479567233610	45	0	252.319865789158	45	0	580.345043469136	44	0	215.509212127513	43	0	428.889829826974	DEFINED_ALL_14_POSITIVE
CONFIRMATION_ODD	T5500_W025	0	-20	49	DEFINED	49	0	219.377646648284	49	0	497.571255145220	49	0	238.256533900482	49	0	544.865007564920	49	0	252.465419938684	49	0	579.955097202473	49	0	257.290572891989	49	0	611.587540595508	49	0	267.282984474858	49	0	619.312952952715	49	0	267.817045246892	49	0	636.618370480837	49	0	265.718674502821	49	0	597.834324344363	DEFINED_ALL_14_POSITIVE
CONFIRMATION_ODD	T5500_W025	0	-10	50	DEFINED	50	0	224.453389997604	50	0	520.193875814278	50	0	248.165384753950	50	0	551.504787545004	50	0	263.042371084125	50	0	592.821705269117	50	0	263.244445964932	50	0	617.552178394439	50	0	273.486802712472	50	0	622.052820553966	50	0	272.620936132992	50	0	623.693219515094	50	0	256.656135237863	50	0	591.265373406697	DEFINED_ALL_14_POSITIVE
CONFIRMATION_ODD	T5500_W025	0	0	50	DEFINED	50	0	229.315281259337	50	0	525.799314437817	50	0	259.098642744943	50	0	570.079865542043	50	0	262.280535307140	50	0	620.441993077722	50	0	268.422133663089	50	0	616.673914255231	50	0	273.973263302189	50	0	642.612726223912	50	0	267.519525035464	50	0	609.871415094178	50	0	241.533623033007	50	0	558.220658051481	DEFINED_ALL_14_POSITIVE
CONFIRMATION_ODD	T5500_W025	0	10	47	DEFINED	47	0	239.486361388073	47	0	637.145485118390	47	0	262.615840029803	47	0	649.909995829979	47	0	266.334225099870	47	0	668.175451404453	47	0	275.878129939888	47	0	673.903026133288	47	0	272.981443043547	47	0	652.914687291738	47	0	260.266067203148	47	0	599.238672486130	47	0	244.300784706507	47	0	521.147280414880	DEFINED_ALL_14_POSITIVE
CONFIRMATION_ODD	T5500_W025	0	20	47	DEFINED	47	0	242.660413720603	47	0	660.030715741198	47	0	262.576827325543	47	0	649.719362235012	47	0	267.587851357761	47	0	671.813976370249	47	0	276.288413913720	47	0	679.387665219998	47	0	273.944529794508	47	0	629.567230976087	47	0	243.874493414887	47	0	569.937674280244	47	0	201.006428377153	45	0	383.699985884610	DEFINED_ALL_14_POSITIVE
CONFIRMATION_ODD	T5500_W025	10	-20	50	DEFINED	50	0	242.292411697959	50	0	567.469353018184	50	0	259.015462944362	50	0	573.941298578968	50	0	261.828557332720	50	0	607.878795845691	50	0	263.244445964932	50	0	613.517674216813	50	0	273.386634170009	50	0	615.970382576056	50	0	269.874069730575	50	0	631.453624582066	50	0	270.835680486704	50	0	611.998417234309	DEFINED_ALL_14_POSITIVE
CONFIRMATION_ODD	T5500_W025	10	-10	50	DEFINED	50	0	245.354955208690	50	0	568.640162517144	50	0	258.889080244485	50	0	592.703975419664	50	0	263.360808504436	50	0	627.448393689233	50	0	268.422133663089	50	0	617.003553899751	50	0	273.320789061579	50	0	633.389694559435	50	0	273.061699693754	50	0	621.868527349205	50	0	253.969285344410	50	0	571.620730789112	DEFINED_ALL_14_POSITIVE
CONFIRMATION_ODD	T5500_W025	10	0	50	DEFINED	50	0	248.507583994798	50	0	571.190270425964	50	0	262.748845079758	50	0	611.242876516576	50	0	268.167772484944	50	0	625.132170719909	50	0	273.460525171366	50	0	639.660102596675	50	0	267.430398608317	50	0	635.320297934159	50	0	262.206777827475	50	0	610.655384257860	50	0	238.274058226152	50	0	536.374362394722	DEFINED_ALL_14_POSITIVE
CONFIRMATION_ODD	T5500_W025	10	10	48	DEFINED	48	0	256.176048576916	48	0	648.120705692171	48	0	259.925994317181	48	0	658.864304394805	48	0	272.243977617997	48	0	672.017370146912	48	0	277.722062768142	48	0	670.952109951082	48	0	277.748994664415	48	0	649.145803387323	48	0	256.397079936742	48	0	549.600175711061	48	0	224.429294826740	47	0	514.707247271141	DEFINED_ALL_14_POSITIVE
CONFIRMATION_ODD	T5500_W025	10	20	45	DEFINED	45	0	259.432511678414	45	0	653.310307693063	45	0	268.664537027150	45	0	681.052959989024	45	0	272.590860669524	45	0	686.832607736034	45	0	277.219743797616	45	0	663.894633569645	45	0	262.094741422278	45	0	588.085534332665	45	0	250.927448394784	45	0	537.881450679241	45	0	210.675009498596	43	0	350.015544319425	DEFINED_ALL_14_POSITIVE
CONFIRMATION_ODD	T5500_W025	20	-20	50	DEFINED	50	0	262.956276118552	50	0	583.447764135989	50	0	263.305518067999	50	0	618.398369593325	50	0	265.431719092692	50	0	633.528423375342	50	0	267.524652769815	50	0	614.350972061140	50	0	276.911369276503	50	0	626.529001377488	50	0	275.482219141343	50	0	646.744112821575	50	0	274.970814060606	50	0	611.549725466179	DEFINED_ALL_14_POSITIVE
CONFIRMATION_ODD	T5500_W025	20	-10	50	DEFINED	50	0	259.874184502479	50	0	587.691802646240	50	0	264.989943527156	50	0	614.385282938904	50	0	269.184230404051	50	0	621.380134875751	50	0	273.460525171366	50	0	633.146096239916	50	0	273.834706450802	50	0	648.060522641867	50	0	267.388448442195	50	0	609.901274009912	50	0	250.602848086278	50	0	582.635490388410	DEFINED_ALL_14_POSITIVE
CONFIRMATION_ODD	T5500_W025	20	0	50	DEFINED	50	0	261.569292973019	50	0	605.226064902154	50	0	268.633291093190	50	0	631.015294221158	50	0	272.271876836076	50	0	633.998536904377	50	0	273.880338544393	50	0	648.556177150099	50	0	267.747719925284	50	0	626.841048918026	50	0	257.265671867570	50	0	583.500955811269	50	0	232.782778804383	50	0	515.464458016174	DEFINED_ALL_14_POSITIVE
CONFIRMATION_ODD	T5500_W025	20	10	46	DEFINED	46	0	266.713146969196	46	0	652.720124311838	46	0	270.892641281593	46	0	648.044919728789	46	0	275.862471779732	46	0	683.012113403622	46	0	280.195720803427	46	0	667.095858674750	46	0	268.033262149437	46	0	612.348217968316	46	0	245.368832049985	46	0	558.688646367960	46	0	219.930174790639	44	0	479.365517584791	DEFINED_ALL_14_POSITIVE
CONFIRMATION_ODD	T5500_W025	20	20	45	DEFINED	45	0	270.302034307825	45	0	656.410344818885	45	0	272.016643192092	45	0	676.674925781442	45	0	272.333408174434	45	0	680.354652779146	45	0	273.401256620325	45	0	640.643897869286	45	0	251.404265739197	45	0	572.719660607447	45	0	237.511319439104	44	0	484.303164895618	41	0	187.701070922687	41	0	344.249331034928	DEFINED_ALL_14_POSITIVE
CONFIRMATION_ODD	T5500_W030	-20	-20	49	DEFINED	47	0	164.759707847363	49	0	405.520408643971	49	0	181.113626010628	49	0	513.834304733787	49	0	221.980181361634	49	0	513.814912837953	49	0	241.513611813757	49	0	627.250722242455	49	0	256.131539046826	49	0	643.568851740465	49	0	266.873404367077	49	0	661.855109164332	49	0	262.534207487670	49	0	692.942060944247	DEFINED_ALL_14_POSITIVE
CONFIRMATION_ODD	T5500_W030	-20	-10	49	DEFINED	47	0	164.624947988134	49	0	451.615129645975	49	0	195.817062557190	49	0	535.080455469611	49	0	234.083149191480	49	0	582.432385470369	49	0	246.570834761887	49	0	619.009807704513	49	0	262.749332132376	49	0	652.626132242931	49	0	261.878270415426	49	0	666.407627406624	49	0	271.634475804844	49	0	612.809322028467	DEFINED_ALL_14_POSITIVE
CONFIRMATION_ODD	T5500_W030	-20	0	49	DEFINED	49	0	152.951653325511	49	0	460.866613769985	49	0	212.785479315125	49	0	527.760344729240	49	0	241.966038356669	49	0	603.961940445064	49	0	257.003620798379	49	0	638.160189274008	49	0	264.232495540503	49	0	652.146989155447	49	0	275.247237440006	49	0	637.168529410943	49	0	252.397243541843	49	0	608.832898885922	DEFINED_ALL_14_POSITIVE
CONFIRMATION_ODD	T5500_W030	-20	10	46	DEFINED	45	0	181.579842196804	46	0	502.374058641250	46	0	222.716919877348	46	0	590.377547987856	46	0	252.319867550770	46	0	662.358701920947	46	0	262.271572474162	46	0	691.140207534771	46	0	278.111527373001	46	0	692.527149892455	46	0	270.574748852859	46	0	667.732282957281	46	0	249.821150234051	46	0	568.611352436908	DEFINED_ALL_14_POSITIVE
CONFIRMATION_ODD	T5500_W030	-20	20	46	DEFINED	46	0	184.818967818434	46	0	532.851089956577	46	0	229.259571742705	46	0	628.286801213856	46	0	263.447415859303	46	0	693.631729903699	46	0	271.680399473688	46	0	695.682086466233	46	0	284.862203029732	46	0	680.430455786486	46	0	269.805423913482	46	0	623.134454753399	46	0	230.812559468667	45	0	530.547100240465	DEFINED_ALL_14_POSITIVE
CONFIRMATION_ODD	T5500_W030	-10	-20	49	DEFINED	49	0	188.514503249483	49	0	493.462080287520	49	0	217.492116306677	49	0	525.387482930566	49	0	238.128503277122	49	0	601.546897304859	49	0	246.570834761887	49	0	619.009807704513	49	0	261.739917409332	49	0	663.853480062180	49	0	265.275885894639	49	0	673.058569131030	49	0	260.067488830541	49	0	644.876741895177	DEFINED_ALL_14_POSITIVE
CONFIRMATION_ODD	T5500_W030	-10	-10	49	DEFINED	49	0	195.342741901468	49	0	506.069136422269	49	0	222.936466982949	49	0	540.937170581184	49	0	245.947162107278	49	0	624.318910063174	49	0	257.003620798379	49	0	638.160189274008	49	0	265.751806365250	49	0	653.721018966625	49	0	264.071536232961	49	0	673.432171862776	49	0	273.530611721861	49	0	597.975331112824	DEFINED_ALL_14_POSITIVE
CONFIRMATION_ODD	T5500_W030	-10	0	49	DEFINED	48	0	201.743305193146	49	0	511.975649840911	49	0	233.372328096519	49	0	575.314826009481	49	0	250.629862447231	49	0	610.170615406759	49	0	261.698265533524	49	0	651.006976084684	49	0	275.273872354404	49	0	651.937613501834	49	0	273.170395162121	49	0	647.936903913003	49	0	252.489457160040	49	0	572.425770730349	DEFINED_ALL_14_POSITIVE
CONFIRMATION_ODD	T5500_W030	-10	10	46	DEFINED	46	0	210.103100425684	46	0	596.687330187409	46	0	236.229028581667	46	0	661.462287465923	46	0	256.542850510101	46	0	693.091907497824	46	0	268.467567252252	46	0	695.682086466233	46	0	275.924479260054	46	0	692.888634576407	46	0	267.658021344429	46	0	632.068749796049	46	0	249.491666830747	46	0	562.109480014148	DEFINED_ALL_14_POSITIVE
CONFIRMATION_ODD	T5500_W030	-10	20	45	DEFINED	45	0	214.230429407578	45	0	600.312217399851	45	0	247.335253155730	45	0	668.681829913997	45	0	266.699262004926	45	0	690.853539741420	45	0	278.662592273065	45	0	697.939623336938	45	0	281.772296795604	45	0	679.274398278226	45	0	255.614566914044	45	0	586.816024743611	44	0	220.474775365286	44	0	480.290269815737	DEFINED_ALL_14_POSITIVE
CONFIRMATION_ODD	T5500_W030	0	-20	49	DEFINED	49	0	218.905878030758	49	0	510.319612465680	49	0	243.944937269332	49	0	544.530917267251	49	0	252.370358948504	49	0	580.764320924686	49	0	257.152844832154	49	0	610.831137541140	49	0	267.506199509347	49	0	618.135922992875	49	0	268.271174504547	49	0	655.517802556728	49	0	265.808991035717	49	0	600.525556789531	DEFINED_ALL_14_POSITIVE
CONFIRMATION_ODD	T5500_W030	0	-10	50	DEFINED	50	0	224.897434008221	50	0	512.746694994627	50	0	249.473515607346	50	0	566.207527487658	50	0	261.759337331578	50	0	598.978139024218	50	0	262.973946489266	50	0	618.267765345197	50	0	273.508704855027	50	0	624.241625505543	50	0	272.285294275646	50	0	622.473832086123	50	0	257.273127432688	50	0	573.806283880139	DEFINED_ALL_14_POSITIVE
CONFIRMATION_ODD	T5500_W030	0	0	50	DEFINED	50	0	236.011154560926	50	0	525.243148163737	50	0	259.661104935714	50	0	574.964314733154	50	0	260.116775358722	50	0	622.112397966379	50	0	267.653179239560	50	0	617.223421468434	50	0	273.590849263014	50	0	640.525128929854	50	0	260.818246716606	50	0	604.488098958884	50	0	242.002677318133	50	0	555.176954794821	DEFINED_ALL_14_POSITIVE
CONFIRMATION_ODD	T5500_W030	0	10	48	DEFINED	48	0	240.430709711691	48	0	625.283754929214	48	0	262.661805376389	48	0	651.432673799488	48	0	266.010889357005	48	0	664.554966328718	48	0	275.415830312146	48	0	671.257973690202	48	0	277.136665911608	48	0	657.644023245324	48	0	263.584869072461	48	0	598.147036119416	48	0	247.582891131751	48	0	539.903165388104	DEFINED_ALL_14_POSITIVE
CONFIRMATION_ODD	T5500_W030	0	20	47	DEFINED	47	0	249.570052934111	47	0	631.079558846510	47	0	262.291115363672	47	0	682.608823076233	47	0	266.325380176999	47	0	681.661295613803	47	0	278.455293758859	47	0	678.637460306556	47	0	275.857653173876	47	0	634.249699889091	47	0	246.096590621112	47	0	559.610961948706	47	0	208.552274210809	45	0	458.803397295202	DEFINED_ALL_14_POSITIVE
CONFIRMATION_ODD	T5500_W030	10	-20	50	DEFINED	50	0	247.891383676771	50	0	546.584848380991	50	0	256.323094753046	50	0	579.770001366239	50	0	260.424583441000	50	0	609.662738683006	50	0	262.973946489266	50	0	614.194515004134	50	0	274.602166549673	50	0	614.482835215045	50	0	269.720507939670	50	0	645.197002810806	50	0	270.397591662462	50	0	606.227789499691	DEFINED_ALL_14_POSITIVE
CONFIRMATION_ODD	T5500_W030	10	-10	50	DEFINED	50	0	251.006393584815	50	0	552.922768198265	50	0	258.602613505186	50	0	595.473735762699	50	0	262.737149015319	50	0	625.904053536625	50	0	267.653179239560	50	0	617.994466923662	50	0	273.036616366475	50	0	642.173945916064	50	0	273.133521207540	50	0	622.918419010520	50	0	253.955882893051	50	0	587.853278770912	DEFINED_ALL_14_POSITIVE
CONFIRMATION_ODD	T5500_W030	10	0	50	DEFINED	50	0	253.228137445969	50	0	574.024782662540	50	0	262.624008476006	50	0	613.465794278708	50	0	267.318094029342	50	0	623.936819588317	50	0	271.265407143457	50	0	639.733888991069	50	0	268.971157839470	50	0	629.114968350527	50	0	263.569531671693	50	0	607.200005983392	50	0	239.247533099921	50	0	531.085895865924	DEFINED_ALL_14_POSITIVE
CONFIRMATION_ODD	T5500_W030	10	10	48	DEFINED	48	0	256.078110730242	48	0	641.899964563100	48	0	262.721382020079	48	0	651.379065151036	48	0	271.230161340789	48	0	674.014248948244	48	0	278.884202779319	48	0	670.133332488536	48	0	279.024226101772	48	0	646.932406603831	48	0	258.074820309073	48	0	562.468913700833	47	0	225.002625851154	48	0	526.824532301540	DEFINED_ALL_14_POSITIVE
CONFIRMATION_ODD	T5500_W030	10	20	46	DEFINED	46	0	259.798395560757	46	0	662.852133718162	46	0	269.719026400448	46	0	663.449001806389	46	0	276.725178919111	46	0	672.427429124424	46	0	282.208709984871	46	0	670.554417778226	46	0	266.678117106009	46	0	608.354919851830	46	0	243.056714169816	46	0	547.415815712189	46	0	206.275050656967	44	0	393.500179517375	DEFINED_ALL_14_POSITIVE
CONFIRMATION_ODD	T5500_W030	20	-20	50	DEFINED	50	0	263.378827065682	50	0	592.441374177750	50	0	263.208924242600	50	0	617.420348749214	50	0	264.741134062875	50	0	631.627942763785	50	0	267.331296298518	50	0	613.854352046173	50	0	276.820848075591	50	0	629.159025814344	50	0	275.029387740912	50	0	630.649534931418	50	0	275.243376583438	50	0	615.180690874845	DEFINED_ALL_14_POSITIVE
CONFIRMATION_ODD	T5500_W030	20	-10	50	DEFINED	50	0	257.937766830043	50	0	596.444754596518	50	0	264.136566661951	50	0	609.613821970162	50	0	269.234065934024	50	0	615.326308600974	50	0	271.265407143457	50	0	629.331166853856	50	0	274.147560358957	50	0	634.404017087255	50	0	269.084746388967	50	0	600.105642200167	50	0	251.832156674423	50	0	585.022960924287	DEFINED_ALL_14_POSITIVE
CONFIRMATION_ODD	T5500_W030	20	0	50	DEFINED	50	0	260.918449931623	50	0	610.343771911855	50	0	266.352234505999	50	0	632.062284595218	50	0	270.878200989107	50	0	616.759873582110	50	0	273.695877931994	50	0	643.679004221883	50	0	267.403011437660	50	0	628.796691331170	50	0	257.346653269820	50	0	576.419344667503	50	0	231.514242233107	50	0	515.846413536069	DEFINED_ALL_14_POSITIVE
CONFIRMATION_ODD	T5500_W030	20	10	46	DEFINED	46	0	266.725598976403	46	0	652.536982517037	46	0	269.703866410520	46	0	667.021577044883	46	0	276.064118705350	46	0	678.597347137873	46	0	281.764241010744	46	0	671.955912572346	46	0	269.944108586213	46	0	622.931912937682	46	0	253.547677365914	46	0	552.648929929681	46	0	222.840464727405	45	0	509.318668983509	DEFINED_ALL_14_POSITIVE
CONFIRMATION_ODD	T5500_W030	20	20	47	DEFINED	47	0	276.457730039895	47	0	644.972367642684	47	0	277.356823225991	47	0	668.013927724754	47	0	275.342542691794	47	0	682.400267555767	47	0	275.671121474095	47	0	643.325904798874	47	0	249.939817690294	47	0	581.410292842253	47	0	236.896713007834	47	0	522.218860032803	45	0	200.550022630075	43	0	351.641925954190	DEFINED_ALL_14_POSITIVE
CONFIRMATION_ODD	T6000_W025	-20	-20	47	DEFINED	46	0	157.271737434770	46	0	464.100934333054	47	0	189.496299584510	47	0	548.439837191809	47	0	228.855666036354	47	0	601.753863795596	47	0	256.385309063461	47	0	654.328620955452	47	0	269.533027964692	47	0	662.677552093045	47	0	274.341237228468	47	0	690.749884361084	47	0	287.209233911979	47	0	665.708275527771	DEFINED_ALL_14_POSITIVE
CONFIRMATION_ODD	T6000_W025	-20	-10	49	DEFINED	47	0	165.894523464933	49	0	494.455180932433	49	0	210.039436596270	48	0	568.478208490216	49	0	245.327597060266	49	0	625.192172575747	49	0	277.447434402932	49	0	637.707320745365	49	0	289.729436098848	49	0	660.849533251740	49	0	297.030933670901	49	0	678.232790881871	49	0	275.879573811857	49	0	652.170259335137	DEFINED_ALL_14_POSITIVE
CONFIRMATION_ODD	T6000_W025	-20	0	49	DEFINED	47	0	169.666842853951	49	0	519.984178758495	49	0	227.208438253662	48	0	584.311546493482	49	0	250.193783584576	49	0	640.173587438042	49	0	283.353341376124	49	0	646.387742963159	49	0	296.657966493639	49	0	690.118134047521	49	0	285.256576997948	49	0	644.278046042733	49	0	274.287044213626	49	0	612.250187416518	DEFINED_ALL_14_POSITIVE
CONFIRMATION_ODD	T6000_W025	-20	10	46	DEFINED	45	0	180.063803391051	46	0	563.326066596286	45	0	232.426829154024	46	0	636.509947492144	46	0	261.262532640735	46	0	690.372829853899	46	0	280.280090100923	46	0	712.005814471212	46	0	293.772270402276	46	0	720.530226731000	46	0	283.534454502476	46	0	686.546177739985	46	0	265.267009778164	46	0	601.849800697188	DEFINED_ALL_14_POSITIVE
CONFIRMATION_ODD	T6000_W025	-20	20	45	DEFINED	45	0	187.364960098038	45	0	596.844781354667	45	0	237.836884325473	45	0	680.012213713842	45	0	271.044020275520	45	0	698.135619139143	45	0	289.801937227485	45	0	739.492791536977	45	0	294.939869818918	45	0	686.338646270869	45	0	262.549059278626	45	0	641.558990165293	44	0	231.776739249705	45	0	548.382573882701	DEFINED_ALL_14_POSITIVE
CONFIRMATION_ODD	T6000_W025	-10	-20	49	DEFINED	49	0	192.678338413570	48	0	535.321195714804	49	0	226.734410875927	49	0	591.956627297439	49	0	248.493019810489	49	0	626.483567076951	49	0	270.496682962365	49	0	633.041061229012	49	0	286.919869306537	49	0	653.556422239349	49	0	292.090423914338	49	0	669.802904083565	49	0	274.347139165006	49	0	637.321391010595	DEFINED_ALL_14_POSITIVE
CONFIRMATION_ODD	T6000_W025	-10	-10	49	DEFINED	49	0	200.548214144691	49	0	564.575077452850	49	0	237.876625498922	49	0	627.240353052670	49	0	262.633238312091	49	0	628.334905470386	49	0	283.353341376124	49	0	632.965368711324	49	0	293.350823982065	49	0	677.332673161108	49	0	290.366170054011	49	0	650.934644258147	49	0	275.834998407793	49	0	634.399595130214	DEFINED_ALL_14_POSITIVE
CONFIRMATION_ODD	T6000_W025	-10	0	49	DEFINED	48	0	214.127278869678	48	0	573.922946284717	49	0	242.147001703297	49	0	639.107118532047	49	0	264.789962918214	49	0	631.017203390285	49	0	278.473412036963	49	0	659.107927929168	49	0	287.561583741707	49	0	713.436832062039	49	0	280.858926222653	49	0	661.480952419708	49	0	257.449695860860	49	0	591.806569354430	DEFINED_ALL_14_POSITIVE
CONFIRMATION_ODD	T6000_W025	-10	10	45	DEFINED	45	0	214.826867131085	45	0	647.112230216063	45	0	249.021258054532	45	0	687.815301115557	45	0	273.803118342011	45	0	714.498323646110	45	0	290.210649715606	45	0	739.492791536977	45	0	297.281511643534	45	0	697.335774147196	45	0	274.798147389297	45	0	677.738510450715	45	0	262.389474208512	45	0	586.312613634575	DEFINED_ALL_14_POSITIVE
CONFIRMATION_ODD	T6000_W025	-10	20	42	DEFINED	42	0	217.466031053017	42	0	650.706290918891	42	0	249.570415629729	42	0	667.991732349929	42	0	289.375560225717	42	0	730.917094386375	42	0	291.770401377602	42	0	734.131347634156	42	0	282.600844091260	42	0	700.721957209563	42	0	270.063628372415	42	0	608.903762901402	38	0	223.802135451997	42	0	515.284813546676	DEFINED_ALL_14_POSITIVE
CONFIRMATION_ODD	T6000_W025	0	-20	50	DEFINED	50	0	228.236430589298	50	0	551.717775017988	50	0	251.202428718498	50	0	588.850466839940	50	0	260.544448023518	50	0	625.741802382302	50	0	282.135577288846	50	0	604.321595969808	50	0	291.288940697129	50	0	648.116473950401	50	0	291.579494348611	50	0	644.736145486340	50	0	276.448275871340	50	0	613.913693116274	DEFINED_ALL_14_POSITIVE
CONFIRMATION_ODD	T6000_W025	0	-10	50	DEFINED	50	0	234.685071076623	50	0	561.753535952975	50	0	260.087370294698	50	0	591.612669668395	50	0	272.711601850793	50	0	634.178379171386	50	0	290.245770596250	50	0	630.549360420339	50	0	293.342903696492	50	0	664.562668604658	50	0	278.521127632843	50	0	648.268392069449	50	0	280.149420777107	50	0	621.064725217287	DEFINED_ALL_14_POSITIVE
CONFIRMATION_ODD	T6000_W025	0	0	50	DEFINED	50	0	237.803055890439	50	0	588.485941580397	50	0	256.096973034318	50	0	603.517695862702	50	0	285.412424207732	50	0	623.967650477675	50	0	290.650220181631	50	0	657.548245975919	50	0	288.161490197311	50	0	661.408839607595	50	0	278.539437630266	50	0	634.296816183057	50	0	262.959103714195	50	0	575.015203650842	DEFINED_ALL_14_POSITIVE
CONFIRMATION_ODD	T6000_W025	0	10	46	DEFINED	46	0	238.785053282615	46	0	651.866432249266	46	0	256.203790230942	46	0	661.389376643183	46	0	292.268825033101	46	0	709.003605701848	46	0	296.095460515735	46	0	703.927959332883	46	0	277.876755257954	46	0	680.163088210304	46	0	265.996759855155	46	0	625.085866722097	46	0	256.324419349227	46	0	539.032030716405	DEFINED_ALL_14_POSITIVE
CONFIRMATION_ODD	T6000_W025	0	20	43	DEFINED	43	0	240.039200447872	43	0	696.130977336309	43	0	262.374030290671	43	0	705.996410464835	43	0	277.293857973809	43	0	709.725926946878	43	0	278.773900051470	43	0	720.019910369036	43	0	270.472755886561	43	0	661.668403543453	43	0	252.940457296273	43	0	559.602508132781	41	0	202.300409558949	42	0	485.522718559723	DEFINED_ALL_14_POSITIVE
CONFIRMATION_ODD	T6000_W025	10	-20	50	DEFINED	50	0	247.901509841299	50	0	583.441533541541	50	0	257.168552894951	50	0	606.359293434895	50	0	280.404217232080	50	0	621.361959954572	50	0	290.245770596250	50	0	630.549360420339	50	0	292.580146756762	50	0	665.842151722560	50	0	285.503273673759	50	0	664.966421495448	50	0	275.614284184544	50	0	642.214852031443	DEFINED_ALL_14_POSITIVE
CONFIRMATION_ODD	T6000_W025	10	-10	50	DEFINED	50	0	248.681880961840	50	0	592.647769979168	50	0	259.873585286303	50	0	610.558226462880	50	0	288.838555595586	50	0	643.103301167745	50	0	287.287462564627	50	0	657.548245975919	50	0	283.251845385006	50	0	657.065961861905	50	0	277.455201166568	50	0	607.270524408597	50	0	273.683392335496	50	0	594.341103817762	DEFINED_ALL_14_POSITIVE
CONFIRMATION_ODD	T6000_W025	10	0	50	DEFINED	50	0	258.033317345909	50	0	589.565013559078	50	0	270.106552276856	50	0	621.803725268432	50	0	287.924392029270	50	0	652.359601465554	50	0	295.300144770292	50	0	658.923817532564	50	0	280.793219809630	50	0	633.832909598877	50	0	284.811027160226	50	0	623.936519754283	50	0	256.569201077115	50	0	568.757761364128	DEFINED_ALL_14_POSITIVE
CONFIRMATION_ODD	T6000_W025	10	10	45	DEFINED	45	0	252.819855383763	45	0	645.215558809293	45	0	279.147505259511	45	0	713.263853399186	45	0	283.373488546134	45	0	703.141115485527	45	0	278.773900051470	45	0	706.666136741611	45	0	268.139957064432	45	0	650.068249054037	45	0	266.479314751494	45	0	595.117227308260	45	0	249.863608204034	45	0	524.331302094047	DEFINED_ALL_14_POSITIVE
CONFIRMATION_ODD	T6000_W025	10	20	41	DEFINED	41	0	271.697478343077	41	0	704.723193708826	41	0	304.832599462956	41	0	722.263090684405	41	0	310.415904821924	41	0	719.809920571072	41	0	284.712028845083	41	0	690.774739057398	41	0	277.274518719897	41	0	644.238164259959	41	0	260.014468181041	41	0	558.429854480908	39	0	205.291263155203	41	0	450.013996009020	DEFINED_ALL_14_POSITIVE
CONFIRMATION_ODD	T6000_W025	20	-20	50	DEFINED	50	0	265.644331516204	50	0	592.768389866713	50	0	285.753030156860	50	0	629.055639058563	50	0	295.906123824374	50	0	645.915026413013	50	0	301.004501240290	50	0	657.548245975919	50	0	302.470666074370	50	0	661.056656162869	50	0	279.125646012790	50	0	627.240940962103	50	0	280.304699768674	50	0	619.238917720015	DEFINED_ALL_14_POSITIVE
CONFIRMATION_ODD	T6000_W025	20	-10	50	DEFINED	50	0	276.355484065219	50	0	594.100234172059	50	0	279.611778621340	50	0	647.588081327087	50	0	292.457847355814	50	0	647.009831327624	50	0	295.300144770292	50	0	658.923817532564	50	0	292.110125205671	50	0	649.447164269808	50	0	285.643150966878	50	0	637.736093403263	50	0	270.931780822867	50	0	579.146370109854	DEFINED_ALL_14_POSITIVE
CONFIRMATION_ODD	T6000_W025	20	0	50	DEFINED	50	0	276.527548662959	50	0	628.112717914483	50	0	284.618662543269	50	0	632.923258871161	50	0	290.885017369806	50	0	635.238790866241	50	0	285.281199699608	50	0	668.299854597071	50	0	282.186296977649	50	0	640.428755670794	50	0	273.723446757197	50	0	603.363098633295	50	0	251.084379642878	50	0	555.139956595401	DEFINED_ALL_14_POSITIVE
CONFIRMATION_ODD	T6000_W025	20	10	46	DEFINED	46	0	282.143242953837	46	0	704.919815208604	46	0	287.380074424387	46	0	712.498402672916	46	0	289.231845084963	46	0	695.321605765181	46	0	278.298120125179	46	0	662.496642265913	46	0	273.192476133325	46	0	646.694886935030	46	0	263.404870012645	46	0	567.636756938228	45	0	225.445566712491	46	0	507.216516322258	DEFINED_ALL_14_POSITIVE
CONFIRMATION_ODD	T6000_W025	20	20	40	DEFINED	40	0	285.279878315551	40	0	707.699713003761	40	0	279.673608881810	40	0	704.099267113819	40	0	275.368131402580	40	0	734.196102909969	40	0	271.993623669487	40	0	667.713809772622	40	0	257.458225386422	40	0	599.837792633768	39	0	235.595491710932	40	0	517.776166094451	38	0	185.115698987644	36	0	353.356694948752	DEFINED_ALL_14_POSITIVE
