inventory_number	source_group	textgrid_basename	source_textgrid_relative_path	source_textgrid_size_bytes	source_textgrid_sha256	cell	target_hanzi_interval_1based	target_script_character_index_1based	occurrence_ordinal_within_cell	target_hanzi	hanzi_script	analysis_split	left_context_8	immediate_previous_hanzi	immediate_next_hanzi	right_context_8	construction_scope_class	construction_subtype	scope_rule_id	scope_evidence	wu_source_location	corrected_predicted_category	original_predicted_category	original_raw_target_pinyin	original_observed_category	original_decision	corrected_decision	acoustic_frame_status	scope_assignment_uses_pinyin	scope_assignment_uses_audio
4	SSB0005	SSB00050004.TextGrid	4/SSB00050004.TextGrid	4385	830f3db90781111f428c471286bc96f2a8bc4e983d7536b212d23f19e2bda177	BARE	11	10	1	一	黑客宣布只要拨打某一个电话	development	客宣布只要拨打某	某	个	个电话	CLEAR_SIMPLEX	SIMPLEX_MODIFIED_MOU	R3_REMAINING_SIMPLEX_YI_GE	visible_string=某一个; selected_一_is_immediately_followed_by_count_classifier_个	Wu 2024 journal p.370 examples (7)-(8) and p.381 example (20a)	YI_T2	YI_T2	yi2	YI_T2	MATCH	MATCH	ELIGIBLE_SIMPLEX_FRAME	FALSE	FALSE
64	SSB0005	SSB00050067.TextGrid	64/SSB00050067.TextGrid	4263	a785b176e4ca349aae3b4f09943f5fffb0e910ded02478955b62a56f9ca91a81	BARE	5	4	1	一	给团队一个必须兑现的承诺	development	给团队	队	个	个必须兑现的承诺	CLEAR_SIMPLEX	SIMPLEX_OTHER_EXTERNAL_CONTEXT	R3_REMAINING_SIMPLEX_YI_GE	selected_一_is_not_part_of_visible_complex_cardinal_and_is_immediately_followed_by_count_classifier_个	Wu 2024 journal p.370 examples (7)-(8) and p.381 example (20a)	YI_T2	YI_T2	yi2	YI_T2	MATCH	MATCH	ELIGIBLE_SIMPLEX_FRAME	FALSE	FALSE
100	SSB0005	SSB00050106.TextGrid	100/SSB00050106.TextGrid	4464	fa2b37ca795035ea12110f9e9f93ddb669a26ba3a71b489a25934930602d1d48	BARE	10	9	1	一	结果是几块牌子为一个目标服务	development	结果是几块牌子为	为	个	个目标服务	CLEAR_SIMPLEX	SIMPLEX_OTHER_EXTERNAL_CONTEXT	R3_REMAINING_SIMPLEX_YI_GE	selected_一_is_not_part_of_visible_complex_cardinal_and_is_immediately_followed_by_count_classifier_个	Wu 2024 journal p.370 examples (7)-(8) and p.381 example (20a)	YI_T2	YI_T2	yi2	YI_T2	MATCH	MATCH	ELIGIBLE_SIMPLEX_FRAME	FALSE	FALSE
231	SSB0005	SSB00050243.TextGrid	231/SSB00050243.TextGrid	5500	9f66fc8717e3e2bc31e3c8e2277f8998c2a44bfec3b3666472b60c5bf7c361c8	BARE	11	10	1	一	北京土地市场在时隔一个多月后再次开闸	development	京土地市场在时隔	隔	个	个多月后再次开闸	CLEAR_SIMPLEX	SIMPLEX_OTHER_EXTERNAL_CONTEXT	R3_REMAINING_SIMPLEX_YI_GE	selected_一_is_not_part_of_visible_complex_cardinal_and_is_immediately_followed_by_count_classifier_个	Wu 2024 journal p.370 examples (7)-(8) and p.381 example (20a)	YI_T2	YI_T2	yi2	YI_T2	MATCH	MATCH	ELIGIBLE_SIMPLEX_FRAME	FALSE	FALSE
359	SSB0005	SSB00050378.TextGrid	359/SSB00050378.TextGrid	6852	45e6fc169737697f14a3d158f6ec499e5e27f431655019aa57db7763cbe10624	BARE	11	10	1	一	广州妙龄女露宿街头一个多月自称痴因车祸失忆	development	州妙龄女露宿街头	头	个	个多月自称痴因车	CLEAR_SIMPLEX	SIMPLEX_OTHER_EXTERNAL_CONTEXT	R3_REMAINING_SIMPLEX_YI_GE	selected_一_is_not_part_of_visible_complex_cardinal_and_is_immediately_followed_by_count_classifier_个	Wu 2024 journal p.370 examples (7)-(8) and p.381 example (20a)	YI_T2	YI_T2	yi2	YI_T2	MATCH	MATCH	ELIGIBLE_SIMPLEX_FRAME	FALSE	FALSE
362	SSB0005	SSB00050381.TextGrid	362/SSB00050381.TextGrid	2366	613021492f12a74e5c5287a707319cb8089330b4d47a4dcec3d90d12915b2e49	BARE	2	1	1	一	一个人的情歌	development		START	个	个人的情歌	CLEAR_SIMPLEX	SIMPLEX_OTHER_EXTERNAL_CONTEXT	R3_REMAINING_SIMPLEX_YI_GE	selected_一_is_not_part_of_visible_complex_cardinal_and_is_immediately_followed_by_count_classifier_个	Wu 2024 journal p.370 examples (7)-(8) and p.381 example (20a)	YI_T2	YI_T2	yi2	YI_T2	MATCH	MATCH	ELIGIBLE_SIMPLEX_FRAME	FALSE	FALSE
443	SSB0005	SSB00050464.TextGrid	443/SSB00050464.TextGrid	6281	b5a0c29473ef7e60cd7609a849cb89dc47e53a976b35c6d85d14aefc541c9d09	BARE	8	7	1	一	他被匿名开另一个微博帐号安慰女友给爷笑个	development	他被匿名开另	另	个	个微博帐号安慰女	CLEAR_SIMPLEX	SIMPLEX_MODIFIED_LING	R3_REMAINING_SIMPLEX_YI_GE	visible_string=另一个; selected_一_is_immediately_followed_by_count_classifier_个	Wu 2024 journal p.370 examples (7)-(8) and p.381 example (20a)	YI_T2	YI_T2	yi2	YI_T2	MATCH	MATCH	ELIGIBLE_SIMPLEX_FRAME	FALSE	FALSE
536	SSB0009	SSB00090074.TextGrid	536/SSB00090074.TextGrid	6315	cba5c3ed7305aa0de1d2960e1ef98c5f66e698221418c7b4a1e4c3a6c7893fbb	BARE	2	1	1	一	一个水资源交易市场正在农民之间逐渐形成	development		START	个	个水资源交易市场	CLEAR_SIMPLEX	SIMPLEX_OTHER_EXTERNAL_CONTEXT	R3_REMAINING_SIMPLEX_YI_GE	selected_一_is_not_part_of_visible_complex_cardinal_and_is_immediately_followed_by_count_classifier_个	Wu 2024 journal p.370 examples (7)-(8) and p.381 example (20a)	YI_T2	YI_T2	yi2	YI_T2	MATCH	MATCH	ELIGIBLE_SIMPLEX_FRAME	FALSE	FALSE
765	SSB0009	SSB00090313.TextGrid	765/SSB00090313.TextGrid	4645	4cdd61df4818fe3db553f0b24ad7a749eb8ad71f088d8af2f08388187fb3d8ae	BARE	4	3	1	一	但是一个可回收的纸巾会怎么样	development	但是	是	个	个可回收的纸巾会	CLEAR_SIMPLEX	SIMPLEX_OTHER_EXTERNAL_CONTEXT	R3_REMAINING_SIMPLEX_YI_GE	selected_一_is_not_part_of_visible_complex_cardinal_and_is_immediately_followed_by_count_classifier_个	Wu 2024 journal p.370 examples (7)-(8) and p.381 example (20a)	YI_T2	YI_T2	yi2	YI_T2	MATCH	MATCH	ELIGIBLE_SIMPLEX_FRAME	FALSE	FALSE
795	SSB0009	SSB00090344.TextGrid	795/SSB00090344.TextGrid	2942	891f794aa219c811028272f9b3f4b73b00be974a8f79009c8c132cafbfd1d0de	BARE	5	4	1	一	我来到一个大房间	development	我来到	到	个	个大房间	CLEAR_SIMPLEX	SIMPLEX_OTHER_EXTERNAL_CONTEXT	R3_REMAINING_SIMPLEX_YI_GE	selected_一_is_not_part_of_visible_complex_cardinal_and_is_immediately_followed_by_count_classifier_个	Wu 2024 journal p.370 examples (7)-(8) and p.381 example (20a)	YI_T2	YI_T2	yi2	YI_T2	MATCH	MATCH	ELIGIBLE_SIMPLEX_FRAME	FALSE	FALSE
834	SSB0009	SSB00090385.TextGrid	834/SSB00090385.TextGrid	2750	42fc75ad6d4e26fe3646a73415b4912ba8c1488544ebd23531dd13cddeee6aca	BARE	6	5	1	一	墙体敲了一个洞	development	墙体敲了	了	个	个洞	CLEAR_SIMPLEX	SIMPLEX_OTHER_EXTERNAL_CONTEXT	R3_REMAINING_SIMPLEX_YI_GE	selected_一_is_not_part_of_visible_complex_cardinal_and_is_immediately_followed_by_count_classifier_个	Wu 2024 journal p.370 examples (7)-(8) and p.381 example (20a)	YI_T2	YI_T2	yi2	YI_T2	MATCH	MATCH	ELIGIBLE_SIMPLEX_FRAME	FALSE	FALSE
880	SSB0009	SSB00090434.TextGrid	880/SSB00090434.TextGrid	2999	eb72b6ebcbe7c778d2bf14c9e72264d32601fd10a3ae52c67b4a2ed50509dce5	BARE	9	8	1	一	伊迪丝是不是下一个	development	伊迪丝是不是下	下	个	个	CLEAR_SIMPLEX	SIMPLEX_SEQUENTIAL_XIA	R3_REMAINING_SIMPLEX_YI_GE	visible_string=下一个; selected_一_is_immediately_followed_by_count_classifier_个	Wu 2024 journal p.370 examples (7)-(8) and p.381 example (20a)	YI_T2	YI_T2	yi2	YI_T2	MATCH	MATCH	ELIGIBLE_SIMPLEX_FRAME	FALSE	FALSE
932	SSB0009	SSB00090486.TextGrid	932/SSB00090486.TextGrid	4272	bba3a7b2b23cb119831cbe3b5973d371de3ea4c695773c067ac955679214ec3e	BARE	8	7	1	一	此地的国王是一个驼背小老头	development	此地的国王是	是	个	个驼背小老头	CLEAR_SIMPLEX	SIMPLEX_OTHER_EXTERNAL_CONTEXT	R3_REMAINING_SIMPLEX_YI_GE	selected_一_is_not_part_of_visible_complex_cardinal_and_is_immediately_followed_by_count_classifier_个	Wu 2024 journal p.370 examples (7)-(8) and p.381 example (20a)	YI_T2	YI_T2	yi2	YI_T2	MATCH	MATCH	ELIGIBLE_SIMPLEX_FRAME	FALSE	FALSE
1132	SSB0011	SSB00110176.TextGrid	1132/SSB00110176.TextGrid	3121	227d8178dcd7b5ce948e16b464279a3c90dff68f84a5604a51bc3244aed10856	BARE	8	6	1	一	听一首歌念一个人	development	听一首歌念	念	个	个人	CLEAR_SIMPLEX	SIMPLEX_OTHER_EXTERNAL_CONTEXT	R3_REMAINING_SIMPLEX_YI_GE	selected_一_is_not_part_of_visible_complex_cardinal_and_is_immediately_followed_by_count_classifier_个	Wu 2024 journal p.370 examples (7)-(8) and p.381 example (20a)	YI_T2	YI_T2	yi2	YI_T2	MATCH	MATCH	ELIGIBLE_SIMPLEX_FRAME	FALSE	FALSE
1151	SSB0011	SSB00110195.TextGrid	1151/SSB00110195.TextGrid	5720	36c4da0077a9c682dcf20f582932115017d6f95cd9dbcecdef4e73aaebeb9bae	BARE	7	6	1	一	与所辖四十一个单位二千人签署确认书	development	与所辖四十	十	个	个单位二千人签署	CLEAR_COMPLEX_LAST_DIGIT	COMPLEX_CARDINAL_FINAL_DIGIT	R1_COMPLEX_FINAL_DIGIT	visible_multi_digit_cardinal=四十一; selected_一_is_final_digit_before_个	Wu 2024 journal p.381 example (28)	YI_T1	YI_T2	yi1	YI_T1	COUNTEREXAMPLE	MATCH	ELIGIBLE_COMPLEX_CONTROL_NOT_POOLED	FALSE	FALSE
1207	SSB0011	SSB00110255.TextGrid	1207/SSB00110255.TextGrid	5511	d4c25670890a963695e8427c0f7fc66136d9a4f479126d624efc7534e9febe67	BARE	10	9	1	一	第一次锻炼就骑了一个小时的动感单车	development	第一次锻炼就骑了	了	个	个小时的动感单车	CLEAR_SIMPLEX	SIMPLEX_OTHER_EXTERNAL_CONTEXT	R3_REMAINING_SIMPLEX_YI_GE	selected_一_is_not_part_of_visible_complex_cardinal_and_is_immediately_followed_by_count_classifier_个	Wu 2024 journal p.370 examples (7)-(8) and p.381 example (20a)	YI_T2	YI_T2	yi2	YI_T2	MATCH	MATCH	ELIGIBLE_SIMPLEX_FRAME	FALSE	FALSE
1232	SSB0011	SSB00110281.TextGrid	1232/SSB00110281.TextGrid	7766	11a55ad257ee48cc05752738310e818a0fd48086dc3b8087c50ac2fc03c94d2e	BARE	5	4	1	一	将会有一个小小的神器将为众多参赛者选手保驾护航	development	将会有	有	个	个小小的神器将为	CLEAR_SIMPLEX	SIMPLEX_OTHER_EXTERNAL_CONTEXT	R3_REMAINING_SIMPLEX_YI_GE	selected_一_is_not_part_of_visible_complex_cardinal_and_is_immediately_followed_by_count_classifier_个	Wu 2024 journal p.370 examples (7)-(8) and p.381 example (20a)	YI_T2	YI_T2	yi2	YI_T2	MATCH	MATCH	ELIGIBLE_SIMPLEX_FRAME	FALSE	FALSE
1286	SSB0011	SSB00110335.TextGrid	1286/SSB00110335.TextGrid	2941	092892726b933982994d89507bd5c5b06320a768af7535b654ec2926bd1d96e1	BARE	6	5	1	一	你还欠我一个拥抱	development	你还欠我	我	个	个拥抱	CLEAR_SIMPLEX	SIMPLEX_OTHER_EXTERNAL_CONTEXT	R3_REMAINING_SIMPLEX_YI_GE	selected_一_is_not_part_of_visible_complex_cardinal_and_is_immediately_followed_by_count_classifier_个	Wu 2024 journal p.370 examples (7)-(8) and p.381 example (20a)	YI_T2	YI_T2	yi2	YI_T2	MATCH	MATCH	ELIGIBLE_SIMPLEX_FRAME	FALSE	FALSE
1372	SSB0011	SSB00110425.TextGrid	1372/SSB00110425.TextGrid	6233	d90dc0f197d0bfffc59f91f843a05e1e1e105dda1982375ba7c1dabab8fb151a	BARE	4	3	1	一	它有一个我们都很陌生的名字自动体外除颤器	development	它有	有	个	个我们都很陌生的	CLEAR_SIMPLEX	SIMPLEX_OTHER_EXTERNAL_CONTEXT	R3_REMAINING_SIMPLEX_YI_GE	selected_一_is_not_part_of_visible_complex_cardinal_and_is_immediately_followed_by_count_classifier_个	Wu 2024 journal p.370 examples (7)-(8) and p.381 example (20a)	YI_T2	YI_T2	yi2	YI_T2	MATCH	MATCH	ELIGIBLE_SIMPLEX_FRAME	FALSE	FALSE
1442	SSB0012	SSB00120021.TextGrid	1442/SSB00120021.TextGrid	6160	148291936d81075b68c53ef9e264e96068241d9283ed0f5c582001f52b17b9e3	BARE	4	3	1	一	最后一个担心的理由是金融危机的变幻莫测	development	最后	后	个	个担心的理由是金	CLEAR_SIMPLEX	SIMPLEX_SEQUENTIAL_ZUIHOU	R3_REMAINING_SIMPLEX_YI_GE	visible_string=最后一个; selected_一_is_immediately_followed_by_count_classifier_个	Wu 2024 journal p.370 examples (7)-(8) and p.381 example (20a)	YI_T2	YI_T2	yi2	YI_T2	MATCH	MATCH	ELIGIBLE_SIMPLEX_FRAME	FALSE	FALSE
1560	SSB0012	SSB00120145.TextGrid	1560/SSB00120145.TextGrid	3550	78125d360fc2983e278c5db67e0b7df6839de710bd11ad973551b05477c6f8a2	BARE	7	6	1	一	岩石间豁开一个大裂口	development	岩石间豁开	开	个	个大裂口	CLEAR_SIMPLEX	SIMPLEX_OTHER_EXTERNAL_CONTEXT	R3_REMAINING_SIMPLEX_YI_GE	selected_一_is_not_part_of_visible_complex_cardinal_and_is_immediately_followed_by_count_classifier_个	Wu 2024 journal p.370 examples (7)-(8) and p.381 example (20a)	YI_T2	YI_T2	yi2	YI_T2	MATCH	MATCH	ELIGIBLE_SIMPLEX_FRAME	FALSE	FALSE
1673	SSB0012	SSB00120262.TextGrid	1673/SSB00120262.TextGrid	3166	edb8f985e81daf58958268e2c12a7cd22e7aa2dff015fd7db5d5ee18c2e1f673	BARE	8	7	1	一	身形离奇胀了一个码	development	身形离奇胀了	了	个	个码	CLEAR_SIMPLEX	SIMPLEX_OTHER_EXTERNAL_CONTEXT	R3_REMAINING_SIMPLEX_YI_GE	selected_一_is_not_part_of_visible_complex_cardinal_and_is_immediately_followed_by_count_classifier_个	Wu 2024 journal p.370 examples (7)-(8) and p.381 example (20a)	YI_T2	YI_T2	yi2	YI_T2	MATCH	MATCH	ELIGIBLE_SIMPLEX_FRAME	FALSE	FALSE
1702	SSB0012	SSB00120294.TextGrid	1702/SSB00120294.TextGrid	4716	8fa9fe29043128b06becc3c6a0ff62aa03bfcbb83544f1cd2e524717ac935f35	BARE	2	1	1	一	一个完完全全的陌生人身上了	development		START	个	个完完全全的陌生	CLEAR_SIMPLEX	SIMPLEX_OTHER_EXTERNAL_CONTEXT	R3_REMAINING_SIMPLEX_YI_GE	selected_一_is_not_part_of_visible_complex_cardinal_and_is_immediately_followed_by_count_classifier_个	Wu 2024 journal p.370 examples (7)-(8) and p.381 example (20a)	YI_T2	YI_T2	yi1	YI_T1	COUNTEREXAMPLE	COUNTEREXAMPLE	ELIGIBLE_SIMPLEX_FRAME	FALSE	FALSE
1728	SSB0012	SSB00120320.TextGrid	1728/SSB00120320.TextGrid	3960	54fe71e69243083acc857666e59d315e6b0e1769242ce5bf785ec610b33301dc	BARE	9	8	1	一	你将是他的最后一个受害者	development	你将是他的最后	后	个	个受害者	CLEAR_SIMPLEX	SIMPLEX_SEQUENTIAL_ZUIHOU	R3_REMAINING_SIMPLEX_YI_GE	visible_string=最后一个; selected_一_is_immediately_followed_by_count_classifier_个	Wu 2024 journal p.370 examples (7)-(8) and p.381 example (20a)	YI_T2	YI_T2	yi2	YI_T2	MATCH	MATCH	ELIGIBLE_SIMPLEX_FRAME	FALSE	FALSE
1769	SSB0012	SSB00120365.TextGrid	1769/SSB00120365.TextGrid	4719	f36f5921a57ed89f02ee48da53c24c8093fdd38f4c4ba8b5929835cc434116d1	BARE	6	5	1	一	然后出现一个满脸皱纹的老头子	development	然后出现	现	个	个满脸皱纹的老头	CLEAR_SIMPLEX	SIMPLEX_OTHER_EXTERNAL_CONTEXT	R3_REMAINING_SIMPLEX_YI_GE	selected_一_is_not_part_of_visible_complex_cardinal_and_is_immediately_followed_by_count_classifier_个	Wu 2024 journal p.370 examples (7)-(8) and p.381 example (20a)	YI_T2	YI_T2	yi2	YI_T2	MATCH	MATCH	ELIGIBLE_SIMPLEX_FRAME	FALSE	FALSE
1813	SSB0012	SSB00120414.TextGrid	1813/SSB00120414.TextGrid	4265	eb8f19bc831f532af9e6d4d7b8a5e6390044951c3894a4f00b40249054f29e7d	BARE	12	11	1	一	停机场的事我只告诉过一个人	development	场的事我只告诉过	过	个	个人	CLEAR_SIMPLEX	SIMPLEX_OTHER_EXTERNAL_CONTEXT	R3_REMAINING_SIMPLEX_YI_GE	selected_一_is_not_part_of_visible_complex_cardinal_and_is_immediately_followed_by_count_classifier_个	Wu 2024 journal p.370 examples (7)-(8) and p.381 example (20a)	YI_T2	YI_T2	yi2	YI_T2	MATCH	MATCH	ELIGIBLE_SIMPLEX_FRAME	FALSE	FALSE
1858	SSB0012	SSB00120462.TextGrid	1858/SSB00120462.TextGrid	5786	e913b036660f96234e7d55256e14545d8d6c68cee4853e7cfe8da9fcdd3472ec	BARE	5	4	1	一	见证了一个低倍了美国梦之队的中国队	development	见证了	了	个	个低倍了美国梦之	CLEAR_SIMPLEX	SIMPLEX_OTHER_EXTERNAL_CONTEXT	R3_REMAINING_SIMPLEX_YI_GE	selected_一_is_not_part_of_visible_complex_cardinal_and_is_immediately_followed_by_count_classifier_个	Wu 2024 journal p.370 examples (7)-(8) and p.381 example (20a)	YI_T2	YI_T2	yi2	YI_T2	MATCH	MATCH	ELIGIBLE_SIMPLEX_FRAME	FALSE	FALSE
1891	SSB0012	SSB00120497.TextGrid	1891/SSB00120497.TextGrid	3965	f6eaaa560584538084ae340a060336135408eee87199d2b21cca96a75583cf82	BARE	10	9	1	一	这种方法渗透到每一个细胞	development	这种方法渗透到每	每	个	个细胞	CLEAR_SIMPLEX	SIMPLEX_MODIFIED_MEI	R3_REMAINING_SIMPLEX_YI_GE	visible_string=每一个; selected_一_is_immediately_followed_by_count_classifier_个	Wu 2024 journal p.370 examples (7)-(8) and p.381 example (20a)	YI_T2	YI_T2	yi2	YI_T2	MATCH	MATCH	ELIGIBLE_SIMPLEX_FRAME	FALSE	FALSE
1916	SSB0016	SSB00160010.TextGrid	1916/SSB00160010.TextGrid	6411	e8e21a258a705b568682733bac70d71dcf04b316ca2d1b59b41bd0ecf7db50d7	BARE	9	8	1	一	我不觉得自己是一个关注精神健康的活跃分子	confirmation	我不觉得自己是	是	个	个关注精神健康的	CLEAR_SIMPLEX	SIMPLEX_OTHER_EXTERNAL_CONTEXT	R3_REMAINING_SIMPLEX_YI_GE	selected_一_is_not_part_of_visible_complex_cardinal_and_is_immediately_followed_by_count_classifier_个	Wu 2024 journal p.370 examples (7)-(8) and p.381 example (20a)	YI_T2	YI_T2	yi2	YI_T2	MATCH	MATCH	ELIGIBLE_SIMPLEX_FRAME	FALSE	FALSE
2053	SSB0016	SSB00160153.TextGrid	2053/SSB00160153.TextGrid	3504	1bf5dfa03f795e85fa7f6b7665ae1f7b5327a4e0ae3ad3129e0dd0b721238e20	BARE	9	8	1	一	有个晚上我做了一个梦	confirmation	有个晚上我做了	了	个	个梦	CLEAR_SIMPLEX	SIMPLEX_OTHER_EXTERNAL_CONTEXT	R3_REMAINING_SIMPLEX_YI_GE	selected_一_is_not_part_of_visible_complex_cardinal_and_is_immediately_followed_by_count_classifier_个	Wu 2024 journal p.370 examples (7)-(8) and p.381 example (20a)	YI_T2	YI_T2	yi2	YI_T2	MATCH	MATCH	ELIGIBLE_SIMPLEX_FRAME	FALSE	FALSE
2083	SSB0016	SSB00160185.TextGrid	2083/SSB00160185.TextGrid	4384	2838ab46ed02fbea96b52e01cc1b13c06843c15edf10830c90e1074e4309d631	BARE	10	9	1	一	这是在巴基斯坦的一个小村庄	confirmation	这是在巴基斯坦的	的	个	个小村庄	CLEAR_SIMPLEX	SIMPLEX_OTHER_EXTERNAL_CONTEXT	R3_REMAINING_SIMPLEX_YI_GE	selected_一_is_not_part_of_visible_complex_cardinal_and_is_immediately_followed_by_count_classifier_个	Wu 2024 journal p.370 examples (7)-(8) and p.381 example (20a)	YI_T2	YI_T2	yi2	YI_T2	MATCH	MATCH	ELIGIBLE_SIMPLEX_FRAME	FALSE	FALSE
2177	SSB0016	SSB00160285.TextGrid	2177/SSB00160285.TextGrid	1835	14a24a25e5a02d910703a18740c70c371754e236e1358e0ac1002cd2d9461fb1	BARE	4	3	1	一	播放一个	confirmation	播放	放	个	个	CLEAR_SIMPLEX	SIMPLEX_OTHER_EXTERNAL_CONTEXT	R3_REMAINING_SIMPLEX_YI_GE	selected_一_is_not_part_of_visible_complex_cardinal_and_is_immediately_followed_by_count_classifier_个	Wu 2024 journal p.370 examples (7)-(8) and p.381 example (20a)	YI_T2	YI_T2	yi2	YI_T2	MATCH	MATCH	ELIGIBLE_SIMPLEX_FRAME	FALSE	FALSE
2207	SSB0016	SSB00160315.TextGrid	2207/SSB00160315.TextGrid	3573	6e95a2bed7638ed8a3156079b0aa3fb78e837042e05e695533d3c31f764014d6	BARE	5	4	1	一	要嫁给一个很棒的男人	confirmation	要嫁给	给	个	个很棒的男人	CLEAR_SIMPLEX	SIMPLEX_OTHER_EXTERNAL_CONTEXT	R3_REMAINING_SIMPLEX_YI_GE	selected_一_is_not_part_of_visible_complex_cardinal_and_is_immediately_followed_by_count_classifier_个	Wu 2024 journal p.370 examples (7)-(8) and p.381 example (20a)	YI_T2	YI_T2	yi2	YI_T2	MATCH	MATCH	ELIGIBLE_SIMPLEX_FRAME	FALSE	FALSE
2275	SSB0016	SSB00160389.TextGrid	2275/SSB00160389.TextGrid	3791	95a8c6895d03a37be4b6887f7045ec75983f407be43bea09fc1fd59f315e7871	BARE	2	1	1	一	一个像夏天一个像秋天	confirmation		START	个	个像夏天一个像秋	CLEAR_SIMPLEX	SIMPLEX_OTHER_EXTERNAL_CONTEXT	R3_REMAINING_SIMPLEX_YI_GE	selected_一_is_not_part_of_visible_complex_cardinal_and_is_immediately_followed_by_count_classifier_个	Wu 2024 journal p.370 examples (7)-(8) and p.381 example (20a)	YI_T2	YI_T2	yi2	YI_T2	MATCH	MATCH	ELIGIBLE_SIMPLEX_FRAME	FALSE	FALSE
2275	SSB0016	SSB00160389.TextGrid	2275/SSB00160389.TextGrid	3791	95a8c6895d03a37be4b6887f7045ec75983f407be43bea09fc1fd59f315e7871	BARE	7	6	2	一	一个像夏天一个像秋天	confirmation	一个像夏天	天	个	个像秋天	CLEAR_SIMPLEX	SIMPLEX_OTHER_EXTERNAL_CONTEXT	R3_REMAINING_SIMPLEX_YI_GE	selected_一_is_not_part_of_visible_complex_cardinal_and_is_immediately_followed_by_count_classifier_个	Wu 2024 journal p.370 examples (7)-(8) and p.381 example (20a)	YI_T2	YI_T2	yi2	YI_T2	MATCH	MATCH	ELIGIBLE_SIMPLEX_FRAME	FALSE	FALSE
2288	SSB0016	SSB00160403.TextGrid	2288/SSB00160403.TextGrid	3993	89a2859d67e97b91dae8f3c9811aebd045bbe18fcdc64177d7544949239414e7	BARE	7	6	1	一	我受够了你一个人的自以为是	confirmation	我受够了你	你	个	个人的自以为是	CLEAR_SIMPLEX	SIMPLEX_OTHER_EXTERNAL_CONTEXT	R3_REMAINING_SIMPLEX_YI_GE	selected_一_is_not_part_of_visible_complex_cardinal_and_is_immediately_followed_by_count_classifier_个	Wu 2024 journal p.370 examples (7)-(8) and p.381 example (20a)	YI_T2	YI_T2	yi2	YI_T2	MATCH	MATCH	ELIGIBLE_SIMPLEX_FRAME	FALSE	FALSE
2373	SSB0016	SSB00160492.TextGrid	2373/SSB00160492.TextGrid	4525	7aa191e29d313153b83f24ccf5425137af3549ae8ce3c2099087284390ba667b	BARE	4	3	1	一	这是一个形成鲜明对比的中国	confirmation	这是	是	个	个形成鲜明对比的	CLEAR_SIMPLEX	SIMPLEX_OTHER_EXTERNAL_CONTEXT	R3_REMAINING_SIMPLEX_YI_GE	selected_一_is_not_part_of_visible_complex_cardinal_and_is_immediately_followed_by_count_classifier_个	Wu 2024 journal p.370 examples (7)-(8) and p.381 example (20a)	YI_T2	YI_T2	yi2	YI_T2	MATCH	MATCH	ELIGIBLE_SIMPLEX_FRAME	FALSE	FALSE
2412	SSB0018	SSB00180024.TextGrid	2412/SSB00180024.TextGrid	2308	d7e632a66ff595dd603dd80f18ed0c83315bf62cc191021faea811b5c40b6d6f	BARE	4	3	1	一	我的一个亲戚	development	我的	的	个	个亲戚	CLEAR_SIMPLEX	SIMPLEX_OTHER_EXTERNAL_CONTEXT	R3_REMAINING_SIMPLEX_YI_GE	selected_一_is_not_part_of_visible_complex_cardinal_and_is_immediately_followed_by_count_classifier_个	Wu 2024 journal p.370 examples (7)-(8) and p.381 example (20a)	YI_T2	YI_T2	yi2	YI_T2	MATCH	MATCH	ELIGIBLE_SIMPLEX_FRAME	FALSE	FALSE
2456	SSB0018	SSB00180073.TextGrid	2456/SSB00180073.TextGrid	3327	413363521e27b951a76153044ef812e7deaf56f08fef4275f89ba188afc62b20	BARE	7	6	1	一	但是我没有一个好案子	development	但是我没有	有	个	个好案子	CLEAR_SIMPLEX	SIMPLEX_OTHER_EXTERNAL_CONTEXT	R3_REMAINING_SIMPLEX_YI_GE	selected_一_is_not_part_of_visible_complex_cardinal_and_is_immediately_followed_by_count_classifier_个	Wu 2024 journal p.370 examples (7)-(8) and p.381 example (20a)	YI_T2	YI_T2	yi2	YI_T2	MATCH	MATCH	ELIGIBLE_SIMPLEX_FRAME	FALSE	FALSE
2492	SSB0018	SSB00180119.TextGrid	2492/SSB00180119.TextGrid	2931	b441156deaf624d3c8279d9debef2185c44710d4647fa0de0479ffabaee4df3a	BARE	8	6	1	一	搜一搜给我一个吻	development	搜一搜给我	我	个	个吻	CLEAR_SIMPLEX	SIMPLEX_OTHER_EXTERNAL_CONTEXT	R3_REMAINING_SIMPLEX_YI_GE	selected_一_is_not_part_of_visible_complex_cardinal_and_is_immediately_followed_by_count_classifier_个	Wu 2024 journal p.370 examples (7)-(8) and p.381 example (20a)	YI_T2	YI_T2	yi2	YI_T2	MATCH	MATCH	ELIGIBLE_SIMPLEX_FRAME	FALSE	FALSE
2493	SSB0018	SSB00180120.TextGrid	2493/SSB00180120.TextGrid	3453	09df6cbee07fd6de6ccee2ca07ee715d5a9118f5b0da917b452d9aa110302a5f	BARE	5	4	1	一	我找到一个宝贵的片子	development	我找到	到	个	个宝贵的片子	CLEAR_SIMPLEX	SIMPLEX_OTHER_EXTERNAL_CONTEXT	R3_REMAINING_SIMPLEX_YI_GE	selected_一_is_not_part_of_visible_complex_cardinal_and_is_immediately_followed_by_count_classifier_个	Wu 2024 journal p.370 examples (7)-(8) and p.381 example (20a)	YI_T2	YI_T2	yi2	YI_T2	MATCH	MATCH	ELIGIBLE_SIMPLEX_FRAME	FALSE	FALSE
2573	SSB0018	SSB00180220.TextGrid	2573/SSB00180220.TextGrid	3575	fc90892789359ce7d4526b22592d5034f383a31d69e0e855a216645f67fd18ee	BARE	8	7	1	一	每次有人登录一个站点	development	每次有人登录	录	个	个站点	CLEAR_SIMPLEX	SIMPLEX_OTHER_EXTERNAL_CONTEXT	R3_REMAINING_SIMPLEX_YI_GE	selected_一_is_not_part_of_visible_complex_cardinal_and_is_immediately_followed_by_count_classifier_个	Wu 2024 journal p.370 examples (7)-(8) and p.381 example (20a)	YI_T2	YI_T2	yi2	YI_T2	MATCH	MATCH	ELIGIBLE_SIMPLEX_FRAME	FALSE	FALSE
2598	SSB0018	SSB00180249.TextGrid	2598/SSB00180249.TextGrid	5548	648e0567e31414d720371d99a12100141bd6ef53abf58b85be09744cb71f47c2	BARE	10	9	1	一	没有具体数据只说一个总数是远远不够的	development	没有具体数据只说	说	个	个总数是远远不够	CLEAR_SIMPLEX	SIMPLEX_OTHER_EXTERNAL_CONTEXT	R3_REMAINING_SIMPLEX_YI_GE	selected_一_is_not_part_of_visible_complex_cardinal_and_is_immediately_followed_by_count_classifier_个	Wu 2024 journal p.370 examples (7)-(8) and p.381 example (20a)	YI_T2	YI_T2	yi2	YI_T2	MATCH	MATCH	ELIGIBLE_SIMPLEX_FRAME	FALSE	FALSE
2675	SSB0018	SSB00180341.TextGrid	2675/SSB00180341.TextGrid	3193	e56b3b8d64e4aa3750f3543b7c6e303745ec312fb790f76862054b6bae7b1093	BARE	4	3	1	一	那是一个信号或什么	development	那是	是	个	个信号或什么	CLEAR_SIMPLEX	SIMPLEX_OTHER_EXTERNAL_CONTEXT	R3_REMAINING_SIMPLEX_YI_GE	selected_一_is_not_part_of_visible_complex_cardinal_and_is_immediately_followed_by_count_classifier_个	Wu 2024 journal p.370 examples (7)-(8) and p.381 example (20a)	YI_T2	YI_T2	yi2	YI_T2	MATCH	MATCH	ELIGIBLE_SIMPLEX_FRAME	FALSE	FALSE
2697	SSB0018	SSB00180366.TextGrid	2697/SSB00180366.TextGrid	5360	7a9d5734a2d38d9a2d3dcaecadb6d12ba98a65c2ee73b3d86bc236f434e7cbf1	BARE	5	4	1	一	但这是一个对我丈夫而言很重要的时刻	development	但这是	是	个	个对我丈夫而言很	CLEAR_SIMPLEX	SIMPLEX_OTHER_EXTERNAL_CONTEXT	R3_REMAINING_SIMPLEX_YI_GE	selected_一_is_not_part_of_visible_complex_cardinal_and_is_immediately_followed_by_count_classifier_个	Wu 2024 journal p.370 examples (7)-(8) and p.381 example (20a)	YI_T2	YI_T2	yi2	YI_T2	MATCH	MATCH	ELIGIBLE_SIMPLEX_FRAME	FALSE	FALSE
2788	SSB0018	SSB00180474.TextGrid	2788/SSB00180474.TextGrid	5782	33962b4d204650e85a210ea528b724ef9feb71f8e186a6aff3e22f0749524441	BARE	17	15	1	一	第二我们利用这些道理去制作下一个计划	development	这些道理去制作下	下	个	个计划	CLEAR_SIMPLEX	SIMPLEX_SEQUENTIAL_XIA	R3_REMAINING_SIMPLEX_YI_GE	visible_string=下一个; selected_一_is_immediately_followed_by_count_classifier_个	Wu 2024 journal p.370 examples (7)-(8) and p.381 example (20a)	YI_T2	YI_T2	yi2	YI_T2	MATCH	MATCH	ELIGIBLE_SIMPLEX_FRAME	FALSE	FALSE
2856	SSB0033	SSB00330040.TextGrid	2856/SSB00330040.TextGrid	4085	6ece35b1aecb3044612bc693b6cec0f27c330770361ec03b5cad257c1d571e67	BARE	7	6	1	一	这款汽车有一个特别的功能	development	这款汽车有	有	个	个特别的功能	CLEAR_SIMPLEX	SIMPLEX_OTHER_EXTERNAL_CONTEXT	R3_REMAINING_SIMPLEX_YI_GE	selected_一_is_not_part_of_visible_complex_cardinal_and_is_immediately_followed_by_count_classifier_个	Wu 2024 journal p.370 examples (7)-(8) and p.381 example (20a)	YI_T2	YI_T2	yi2	YI_T2	MATCH	MATCH	ELIGIBLE_SIMPLEX_FRAME	FALSE	FALSE
2914	SSB0033	SSB00330101.TextGrid	2914/SSB00330101.TextGrid	3063	7e72c75d8f18adc549a18b6ecb703fb1fc59528396adeb4d90f26cd986c032a1	BARE	9	8	1	一	你可以给我联系一个	development	你可以给我联系	系	个	个	CLEAR_SIMPLEX	SIMPLEX_OTHER_EXTERNAL_CONTEXT	R3_REMAINING_SIMPLEX_YI_GE	selected_一_is_not_part_of_visible_complex_cardinal_and_is_immediately_followed_by_count_classifier_个	Wu 2024 journal p.370 examples (7)-(8) and p.381 example (20a)	YI_T2	YI_T2	yi2	YI_T2	MATCH	MATCH	ELIGIBLE_SIMPLEX_FRAME	FALSE	FALSE
2994	SSB0033	SSB00330183.TextGrid	2994/SSB00330183.TextGrid	2877	7a7ad5daa4c60437760c49039b19212f216e93a0c96cddaffcf6891ab2ad7c4d	BARE	6	5	1	一	总的来说一个组织	development	总的来说	说	个	个组织	CLEAR_SIMPLEX	SIMPLEX_OTHER_EXTERNAL_CONTEXT	R3_REMAINING_SIMPLEX_YI_GE	selected_一_is_not_part_of_visible_complex_cardinal_and_is_immediately_followed_by_count_classifier_个	Wu 2024 journal p.370 examples (7)-(8) and p.381 example (20a)	YI_T2	YI_T2	yi2	YI_T2	MATCH	MATCH	ELIGIBLE_SIMPLEX_FRAME	FALSE	FALSE
3053	SSB0033	SSB00330243.TextGrid	3053/SSB00330243.TextGrid	4087	531e80035f57a5586fcf196a26c22a058d1276be6bcc94042ed8187ac4420ee9	BARE	11	10	1	一	我不知道我是否可以一个响指	development	不知道我是否可以	以	个	个响指	CLEAR_SIMPLEX	SIMPLEX_OTHER_EXTERNAL_CONTEXT	R3_REMAINING_SIMPLEX_YI_GE	selected_一_is_not_part_of_visible_complex_cardinal_and_is_immediately_followed_by_count_classifier_个	Wu 2024 journal p.370 examples (7)-(8) and p.381 example (20a)	YI_T2	YI_T2	yi2	YI_T2	MATCH	MATCH	ELIGIBLE_SIMPLEX_FRAME	FALSE	FALSE
3215	SSB0033	SSB00330409.TextGrid	3215/SSB00330409.TextGrid	2365	0d788d76722a28370f28d23f92810062a48ab7f56e7b9f011d7c630d05a3a5b0	BARE	2	1	1	一	一个女性人类	development		START	个	个女性人类	CLEAR_SIMPLEX	SIMPLEX_OTHER_EXTERNAL_CONTEXT	R3_REMAINING_SIMPLEX_YI_GE	selected_一_is_not_part_of_visible_complex_cardinal_and_is_immediately_followed_by_count_classifier_个	Wu 2024 journal p.370 examples (7)-(8) and p.381 example (20a)	YI_T2	YI_T2	yi2	YI_T2	MATCH	MATCH	ELIGIBLE_SIMPLEX_FRAME	FALSE	FALSE
3401	SSB0038	SSB00380091.TextGrid	3401/SSB00380091.TextGrid	6482	41f71de6ed273d8b74360096044b62af62f684686539bb10b8886ba75d8022ea	BARE	8	7	1	一	图灵因为吃了一个被氯化氢浸泡过的苹果而死亡	development	图灵因为吃了	了	个	个被氯化氢浸泡过	CLEAR_SIMPLEX	SIMPLEX_OTHER_EXTERNAL_CONTEXT	R3_REMAINING_SIMPLEX_YI_GE	selected_一_is_not_part_of_visible_complex_cardinal_and_is_immediately_followed_by_count_classifier_个	Wu 2024 journal p.370 examples (7)-(8) and p.381 example (20a)	YI_T2	YI_T2	yi2	YI_T2	MATCH	MATCH	ELIGIBLE_SIMPLEX_FRAME	FALSE	FALSE
3423	SSB0038	SSB00380115.TextGrid	3423/SSB00380115.TextGrid	6402	d4a6c10cc0ccf75f678031246497c51ef8cbdccc8d48e22766d7cd7f0f05f863	BARE	17	13	1	一	前几天老板派谋大人参加了一个国际会议	development	板派谋大人参加了	了	个	个国际会议	CLEAR_SIMPLEX	SIMPLEX_OTHER_EXTERNAL_CONTEXT	R3_REMAINING_SIMPLEX_YI_GE	selected_一_is_not_part_of_visible_complex_cardinal_and_is_immediately_followed_by_count_classifier_个	Wu 2024 journal p.370 examples (7)-(8) and p.381 example (20a)	YI_T2	YI_T2	yi2	YI_T2	MATCH	MATCH	ELIGIBLE_SIMPLEX_FRAME	FALSE	FALSE
3452	SSB0038	SSB00380146.TextGrid	3452/SSB00380146.TextGrid	5971	b88e7be2dcd0034be0e75ca47f1f8122a87a254bed1f4e66d816ee59f1ef81a9	BARE	15	14	1	一	俱乐部领导决定在夺冠当晚开一个庆功宴	development	决定在夺冠当晚开	开	个	个庆功宴	CLEAR_SIMPLEX	SIMPLEX_OTHER_EXTERNAL_CONTEXT	R3_REMAINING_SIMPLEX_YI_GE	selected_一_is_not_part_of_visible_complex_cardinal_and_is_immediately_followed_by_count_classifier_个	Wu 2024 journal p.370 examples (7)-(8) and p.381 example (20a)	YI_T2	YI_T2	yi2	YI_T2	MATCH	MATCH	ELIGIBLE_SIMPLEX_FRAME	FALSE	FALSE
3465	SSB0038	SSB00380160.TextGrid	3465/SSB00380160.TextGrid	7276	46ba7eea61b6eafe20e5e422c8a86e2102bc46eeeb9d5dcc7105773860bbfdbe	BARE	18	16	1	一	性别在非政府项目和公益领域属于一个更广泛的范畴	development	目和公益领域属于	于	个	个更广泛的范畴	CLEAR_SIMPLEX	SIMPLEX_OTHER_EXTERNAL_CONTEXT	R3_REMAINING_SIMPLEX_YI_GE	selected_一_is_not_part_of_visible_complex_cardinal_and_is_immediately_followed_by_count_classifier_个	Wu 2024 journal p.370 examples (7)-(8) and p.381 example (20a)	YI_T2	YI_T2	yi2	YI_T2	MATCH	MATCH	ELIGIBLE_SIMPLEX_FRAME	FALSE	FALSE
3487	SSB0038	SSB00380184.TextGrid	3487/SSB00380184.TextGrid	3042	b262417e2f618ca1613bfaa7790cdad38061534bb8d0abf5065460d413744f57	BARE	3	2	1	一	你一个做妇女儿童的	development	你	你	个	个做妇女儿童的	CLEAR_SIMPLEX	SIMPLEX_OTHER_EXTERNAL_CONTEXT	R3_REMAINING_SIMPLEX_YI_GE	selected_一_is_not_part_of_visible_complex_cardinal_and_is_immediately_followed_by_count_classifier_个	Wu 2024 journal p.370 examples (7)-(8) and p.381 example (20a)	YI_T2	YI_T2	yi2	YI_T2	MATCH	MATCH	ELIGIBLE_SIMPLEX_FRAME	FALSE	FALSE
3494	SSB0038	SSB00380191.TextGrid	3494/SSB00380191.TextGrid	3961	719d4fb304879662fb63a60fc6be2e252c3b1d89b518b846f82e90c6f7cc3975	BARE	6	5	1	一	称土豪型一个月一千五百元	development	称土豪型	型	个	个月一千五百元	CLEAR_SIMPLEX	SIMPLEX_OTHER_EXTERNAL_CONTEXT	R3_REMAINING_SIMPLEX_YI_GE	selected_一_is_not_part_of_visible_complex_cardinal_and_is_immediately_followed_by_count_classifier_个	Wu 2024 journal p.370 examples (7)-(8) and p.381 example (20a)	YI_T2	YI_T2	yi2	YI_T2	MATCH	MATCH	ELIGIBLE_SIMPLEX_FRAME	FALSE	FALSE
3499	SSB0038	SSB00380196.TextGrid	3499/SSB00380196.TextGrid	5922	b526662b5740470740c5e8ac9a99860383f16fe3f363bdbc71ecafed4ffe0a70	BARE	12	11	1	一	做机器人目前就是解决一个小小的机器人	development	器人目前就是解决	决	个	个小小的机器人	CLEAR_SIMPLEX	SIMPLEX_OTHER_EXTERNAL_CONTEXT	R3_REMAINING_SIMPLEX_YI_GE	selected_一_is_not_part_of_visible_complex_cardinal_and_is_immediately_followed_by_count_classifier_个	Wu 2024 journal p.370 examples (7)-(8) and p.381 example (20a)	YI_T2	YI_T2	yi2	YI_T2	MATCH	MATCH	ELIGIBLE_SIMPLEX_FRAME	FALSE	FALSE
3603	SSB0038	SSB00380307.TextGrid	3603/SSB00380307.TextGrid	3061	3f61931d08d93d08b122bfd94b5cf09dac663228479df2420f966777b0810868	BARE	3	2	1	一	你一个做妇女儿童的	development	你	你	个	个做妇女儿童的	CLEAR_SIMPLEX	SIMPLEX_OTHER_EXTERNAL_CONTEXT	R3_REMAINING_SIMPLEX_YI_GE	selected_一_is_not_part_of_visible_complex_cardinal_and_is_immediately_followed_by_count_classifier_个	Wu 2024 journal p.370 examples (7)-(8) and p.381 example (20a)	YI_T2	YI_T2	yi2	YI_T2	MATCH	MATCH	ELIGIBLE_SIMPLEX_FRAME	FALSE	FALSE
3608	SSB0038	SSB00380312.TextGrid	3608/SSB00380312.TextGrid	7057	430cc52a9d061469c4c39fd4ef96f3701a4af6a31de1cd06e7c661ecee8cb254	BARE	9	8	1	一	如果在街上看到一个男同志身边簇拥着很多女生	development	如果在街上看到	到	个	个男同志身边簇拥	CLEAR_SIMPLEX	SIMPLEX_OTHER_EXTERNAL_CONTEXT	R3_REMAINING_SIMPLEX_YI_GE	selected_一_is_not_part_of_visible_complex_cardinal_and_is_immediately_followed_by_count_classifier_个	Wu 2024 journal p.370 examples (7)-(8) and p.381 example (20a)	YI_T2	YI_T2	yi2	YI_T2	MATCH	MATCH	ELIGIBLE_SIMPLEX_FRAME	FALSE	FALSE
3703	SSB0038	SSB00380413.TextGrid	3703/SSB00380413.TextGrid	4122	cf363535752d4724473c0cb88a0c7ed3bbc0f19ac8eba94eb4140436fc6cc9b3	BARE	10	9	1	一	千万不要局限于那一个大件	development	千万不要局限于那	那	个	个大件	CLEAR_SIMPLEX	SIMPLEX_OTHER_EXTERNAL_CONTEXT	R3_REMAINING_SIMPLEX_YI_GE	selected_一_is_not_part_of_visible_complex_cardinal_and_is_immediately_followed_by_count_classifier_个	Wu 2024 journal p.370 examples (7)-(8) and p.381 example (20a)	YI_T2	YI_T2	yi2	YI_T2	MATCH	MATCH	ELIGIBLE_SIMPLEX_FRAME	FALSE	FALSE
3814	SSB0043	SSB00430054.TextGrid	3814/SSB00430054.TextGrid	6148	dcceba2d47b083a6f128e48277e70bcef19f4303b3d5d587231728e971130ac9	BARE	15	14	1	一	我想达茜大概在那个时候经历一个可怕的事情	development	概在那个时候经历	历	个	个可怕的事情	CLEAR_SIMPLEX	SIMPLEX_OTHER_EXTERNAL_CONTEXT	R3_REMAINING_SIMPLEX_YI_GE	selected_一_is_not_part_of_visible_complex_cardinal_and_is_immediately_followed_by_count_classifier_个	Wu 2024 journal p.370 examples (7)-(8) and p.381 example (20a)	YI_T2	YI_T2	yi2	YI_T2	MATCH	MATCH	ELIGIBLE_SIMPLEX_FRAME	FALSE	FALSE
3851	SSB0043	SSB00430096.TextGrid	3851/SSB00430096.TextGrid	3770	65ce1a3799dfba5b087f8d49e407ac734f4b2e73a8826ffd64d2b6932c3e8295	BARE	4	3	1	一	这是一个比较快捷的方式	development	这是	是	个	个比较快捷的方式	CLEAR_SIMPLEX	SIMPLEX_OTHER_EXTERNAL_CONTEXT	R3_REMAINING_SIMPLEX_YI_GE	selected_一_is_not_part_of_visible_complex_cardinal_and_is_immediately_followed_by_count_classifier_个	Wu 2024 journal p.370 examples (7)-(8) and p.381 example (20a)	YI_T2	YI_T2	yi2	YI_T2	MATCH	MATCH	ELIGIBLE_SIMPLEX_FRAME	FALSE	FALSE
4026	SSB0043	SSB00430285.TextGrid	4026/SSB00430285.TextGrid	2947	a819122080f44dd0cd172df6c18590ada271a1c45e23480ccc05d5078ab0969a	BARE	6	5	1	一	来一首找一个字代替	development	来一首找	找	个	个字代替	CLEAR_SIMPLEX	SIMPLEX_OTHER_EXTERNAL_CONTEXT	R3_REMAINING_SIMPLEX_YI_GE	selected_一_is_not_part_of_visible_complex_cardinal_and_is_immediately_followed_by_count_classifier_个	Wu 2024 journal p.370 examples (7)-(8) and p.381 example (20a)	YI_T2	YI_T2	yi2	YI_T2	MATCH	MATCH	ELIGIBLE_SIMPLEX_FRAME	FALSE	FALSE
4077	SSB0043	SSB00430340.TextGrid	4077/SSB00430340.TextGrid	5603	1f232d2a27754e5dac8e2e39d9dfdf7f1a58129e82753086ac4d8ad5e7d29361	BARE	9	8	1	一	奥巴马考虑创建一个人才济济的政府机构	development	奥巴马考虑创建	建	个	个人才济济的政府	CLEAR_SIMPLEX	SIMPLEX_OTHER_EXTERNAL_CONTEXT	R3_REMAINING_SIMPLEX_YI_GE	selected_一_is_not_part_of_visible_complex_cardinal_and_is_immediately_followed_by_count_classifier_个	Wu 2024 journal p.370 examples (7)-(8) and p.381 example (20a)	YI_T2	YI_T2	yi2	YI_T2	MATCH	MATCH	ELIGIBLE_SIMPLEX_FRAME	FALSE	FALSE
4306	SSB0057	SSB00570087.TextGrid	4306/SSB00570087.TextGrid	6941	8cc3331fa63cf07fd76ea11f63f203afc40b216af8f774472a773c6a89586f97	ORDINAL	12	11	1	一	苹果刚刚成为世界上第一个市值突破七千亿的公司	development	刚刚成为世界上第	第	个	个市值突破七千亿	ORDINAL_ABSOLUTE	EXACT_DI_YI_GE	R0_EXACT_ORDINAL	selected_target_occurs_in_exact_第一个	Wu 2024 journal p.374 example (15)	YI_T1	YI_T1	yi2	YI_T2	COUNTEREXAMPLE	COUNTEREXAMPLE	ELIGIBLE_ORDINAL_FRAME	FALSE	FALSE
4612	SSB0057	SSB00570408.TextGrid	4612/SSB00570408.TextGrid	7127	2cefb62d9fbebc1baaaaf030cb454e293e4e997d8adc10d473f2cb2c39d155a0	ORDINAL	12	11	1	一	苹果刚刚成为世界上第一个市值突破七千亿的公司	development	刚刚成为世界上第	第	个	个市值突破七千亿	ORDINAL_ABSOLUTE	EXACT_DI_YI_GE	R0_EXACT_ORDINAL	selected_target_occurs_in_exact_第一个	Wu 2024 journal p.374 example (15)	YI_T1	YI_T1	yi2	YI_T2	COUNTEREXAMPLE	COUNTEREXAMPLE	ELIGIBLE_ORDINAL_FRAME	FALSE	FALSE
4695	SSB0073	SSB00730012.TextGrid	4695/SSB00730012.TextGrid	6482	93737f6544ccf9ee6ed1f2c7ab4450e983396f495d853ce704c18e94595269f5	BARE	8	7	1	一	其目的是确保一个完成和公正的严格检测体系	confirmation	其目的是确保	保	个	个完成和公正的严	CLEAR_SIMPLEX	SIMPLEX_OTHER_EXTERNAL_CONTEXT	R3_REMAINING_SIMPLEX_YI_GE	selected_一_is_not_part_of_visible_complex_cardinal_and_is_immediately_followed_by_count_classifier_个	Wu 2024 journal p.370 examples (7)-(8) and p.381 example (20a)	YI_T2	YI_T2	yi2	YI_T2	MATCH	MATCH	ELIGIBLE_SIMPLEX_FRAME	FALSE	FALSE
4734	SSB0073	SSB00730052.TextGrid	4734/SSB00730052.TextGrid	5588	bcfeeaa8a2d24b769d3ed3fa2bc97558fead6bf0844636c1377fd94684651880	BARE	11	9	1	一	由于该规定确定了一个诉讼前置程序	confirmation	由于该规定确定了	了	个	个诉讼前置程序	CLEAR_SIMPLEX	SIMPLEX_OTHER_EXTERNAL_CONTEXT	R3_REMAINING_SIMPLEX_YI_GE	selected_一_is_not_part_of_visible_complex_cardinal_and_is_immediately_followed_by_count_classifier_个	Wu 2024 journal p.370 examples (7)-(8) and p.381 example (20a)	YI_T2	YI_T2	yi2	YI_T2	MATCH	MATCH	ELIGIBLE_SIMPLEX_FRAME	FALSE	FALSE
4756	SSB0073	SSB00730076.TextGrid	4756/SSB00730076.TextGrid	6615	5376a83f59024a0a7620d31f55a01d24abb54cf6ed7fe99ea0210613b0ce1afa	BARE	4	3	1	一	其中一个重要的原因就是证券犯罪成本太低	confirmation	其中	中	个	个重要的原因就是	CLEAR_SIMPLEX	SIMPLEX_OTHER_EXTERNAL_CONTEXT	R3_REMAINING_SIMPLEX_YI_GE	selected_一_is_not_part_of_visible_complex_cardinal_and_is_immediately_followed_by_count_classifier_个	Wu 2024 journal p.370 examples (7)-(8) and p.381 example (20a)	YI_T2	YI_T2	yi2	YI_T2	MATCH	MATCH	ELIGIBLE_SIMPLEX_FRAME	FALSE	FALSE
4852	SSB0073	SSB00730176.TextGrid	4852/SSB00730176.TextGrid	6659	4afe53ef8230a77af842369fd5dc1fe8e619ce5a5ac0fc8901652dc78c007417	BARE	11	9	1	一	在现阶段我国这样一个强有力的卖场市场中	confirmation	在现阶段我国这样	样	个	个强有力的卖场市	CLEAR_SIMPLEX	SIMPLEX_OTHER_EXTERNAL_CONTEXT	R3_REMAINING_SIMPLEX_YI_GE	selected_一_is_not_part_of_visible_complex_cardinal_and_is_immediately_followed_by_count_classifier_个	Wu 2024 journal p.370 examples (7)-(8) and p.381 example (20a)	YI_T2	YI_T2	yi2	YI_T2	MATCH	MATCH	ELIGIBLE_SIMPLEX_FRAME	FALSE	FALSE
5144	SSB0073	SSB00730481.TextGrid	5144/SSB00730481.TextGrid	6533	cbe27b473efe58010135c50ba40b564705b369c86c26294ca636a9e94fb8645e	BARE	17	14	1	一	当晚竟被人发现死在自家三楼一个塑料桶内	confirmation	发现死在自家三楼	楼	个	个塑料桶内	CLEAR_SIMPLEX	SIMPLEX_OTHER_EXTERNAL_CONTEXT	R3_REMAINING_SIMPLEX_YI_GE	selected_一_is_not_part_of_visible_complex_cardinal_and_is_immediately_followed_by_count_classifier_个	Wu 2024 journal p.370 examples (7)-(8) and p.381 example (20a)	YI_T2	YI_T2	yi2	YI_T2	MATCH	MATCH	ELIGIBLE_SIMPLEX_FRAME	FALSE	FALSE
5176	SSB0080	SSB00800027.TextGrid	5176/SSB00800027.TextGrid	5493	5b0af98a4ed7b74922671d0af0bd3a1eeae1f4aed52087caec353739bdfc56dd	BARE	14	13	1	一	他曾将自己关在房间里整整一个星期	development	己关在房间里整整	整	个	个星期	CLEAR_SIMPLEX	SIMPLEX_OTHER_EXTERNAL_CONTEXT	R3_REMAINING_SIMPLEX_YI_GE	selected_一_is_not_part_of_visible_complex_cardinal_and_is_immediately_followed_by_count_classifier_个	Wu 2024 journal p.370 examples (7)-(8) and p.381 example (20a)	YI_T2	YI_T2	yi2	YI_T2	MATCH	MATCH	ELIGIBLE_SIMPLEX_FRAME	FALSE	FALSE
5177	SSB0080	SSB00800029.TextGrid	5177/SSB00800029.TextGrid	3056	f94d555e8c042399b8e0fbe54bba74b01d488c1e37907b039a80d5f25a3d7754	BARE	4	3	1	一	汤米一个饲鹰者的吗	development	汤米	米	个	个饲鹰者的吗	CLEAR_SIMPLEX	SIMPLEX_OTHER_EXTERNAL_CONTEXT	R3_REMAINING_SIMPLEX_YI_GE	selected_一_is_not_part_of_visible_complex_cardinal_and_is_immediately_followed_by_count_classifier_个	Wu 2024 journal p.370 examples (7)-(8) and p.381 example (20a)	YI_T2	YI_T2	yi2	YI_T2	MATCH	MATCH	ELIGIBLE_SIMPLEX_FRAME	FALSE	FALSE
5187	SSB0080	SSB00800041.TextGrid	5187/SSB00800041.TextGrid	7261	de9f100fe3d8032445faccce46910a2bfa39047ed0c9f641bb0796051b616523	BARE	21	20	1	一	那段时间对他来说可以说是人生中最黑暗的一个星期	development	是人生中最黑暗的	的	个	个星期	CLEAR_SIMPLEX	SIMPLEX_OTHER_EXTERNAL_CONTEXT	R3_REMAINING_SIMPLEX_YI_GE	selected_一_is_not_part_of_visible_complex_cardinal_and_is_immediately_followed_by_count_classifier_个	Wu 2024 journal p.370 examples (7)-(8) and p.381 example (20a)	YI_T2	YI_T2	yi2	YI_T2	MATCH	MATCH	ELIGIBLE_SIMPLEX_FRAME	FALSE	FALSE
5197	SSB0080	SSB00800051.TextGrid	5197/SSB00800051.TextGrid	4166	b15cbc6895c78689675c54bfe7095ef12b4e633cdf7cb890b58d4fcffc7ae51f	BARE	3	2	1	一	有一个异教徒看见你也在那里	development	有	有	个	个异教徒看见你也	CLEAR_SIMPLEX	SIMPLEX_OTHER_EXTERNAL_CONTEXT	R3_REMAINING_SIMPLEX_YI_GE	selected_一_is_not_part_of_visible_complex_cardinal_and_is_immediately_followed_by_count_classifier_个	Wu 2024 journal p.370 examples (7)-(8) and p.381 example (20a)	YI_T2	YI_T2	yi2	YI_T2	MATCH	MATCH	ELIGIBLE_SIMPLEX_FRAME	FALSE	FALSE
5284	SSB0080	SSB00800138.TextGrid	5284/SSB00800138.TextGrid	2943	16d718182e9a0e8379ca2ab803ec8ee9a8d96dfb2186694a80a30a749fd3ccad	BARE	4	3	1	一	这是一个药品广告	development	这是	是	个	个药品广告	CLEAR_SIMPLEX	SIMPLEX_OTHER_EXTERNAL_CONTEXT	R3_REMAINING_SIMPLEX_YI_GE	selected_一_is_not_part_of_visible_complex_cardinal_and_is_immediately_followed_by_count_classifier_个	Wu 2024 journal p.370 examples (7)-(8) and p.381 example (20a)	YI_T2	YI_T2	yi2	YI_T2	MATCH	MATCH	ELIGIBLE_SIMPLEX_FRAME	FALSE	FALSE
5306	SSB0080	SSB00800161.TextGrid	5306/SSB00800161.TextGrid	3073	29d889f7810cec6854fc4d4f29123553c6cfaeaf2f9304a8826679ee198338dd	BARE	4	3	1	一	他是一个不错的孩子	development	他是	是	个	个不错的孩子	CLEAR_SIMPLEX	SIMPLEX_OTHER_EXTERNAL_CONTEXT	R3_REMAINING_SIMPLEX_YI_GE	selected_一_is_not_part_of_visible_complex_cardinal_and_is_immediately_followed_by_count_classifier_个	Wu 2024 journal p.370 examples (7)-(8) and p.381 example (20a)	YI_T2	YI_T2	yi2	YI_T2	MATCH	MATCH	ELIGIBLE_SIMPLEX_FRAME	FALSE	FALSE
5321	SSB0080	SSB00800177.TextGrid	5321/SSB00800177.TextGrid	3940	bff77c223eb20a85738434eccf12b8a67f3b6720e2a9b27038832a47d929596a	BARE	3	2	1	一	向一个已婚男人投怀送抱	development	向	向	个	个已婚男人投怀送	CLEAR_SIMPLEX	SIMPLEX_OTHER_EXTERNAL_CONTEXT	R3_REMAINING_SIMPLEX_YI_GE	selected_一_is_not_part_of_visible_complex_cardinal_and_is_immediately_followed_by_count_classifier_个	Wu 2024 journal p.370 examples (7)-(8) and p.381 example (20a)	YI_T2	YI_T2	yi2	YI_T2	MATCH	MATCH	ELIGIBLE_SIMPLEX_FRAME	FALSE	FALSE
5331	SSB0080	SSB00800188.TextGrid	5331/SSB00800188.TextGrid	2109	30a0af5798823996a8bef0922e2093eb180ddbe997bd783227466e24c697b441	ORDINAL	3	2	1	一	第一个作品	development	第	第	个	个作品	ORDINAL_ABSOLUTE	EXACT_DI_YI_GE	R0_EXACT_ORDINAL	selected_target_occurs_in_exact_第一个	Wu 2024 journal p.374 example (15)	YI_T1	YI_T1	yi2	YI_T2	COUNTEREXAMPLE	COUNTEREXAMPLE	ELIGIBLE_ORDINAL_FRAME	FALSE	FALSE
5364	SSB0080	SSB00800221.TextGrid	5364/SSB00800221.TextGrid	4334	85fab8974331226f2fd7c0ebfcee2f8d1c425faca635ac596ca5a7d6537bd1c8	BARE	10	9	1	一	我们很快整理出了一个朋洗室	development	我们很快整理出了	了	个	个朋洗室	CLEAR_SIMPLEX	SIMPLEX_OTHER_EXTERNAL_CONTEXT	R3_REMAINING_SIMPLEX_YI_GE	selected_一_is_not_part_of_visible_complex_cardinal_and_is_immediately_followed_by_count_classifier_个	Wu 2024 journal p.370 examples (7)-(8) and p.381 example (20a)	YI_T2	YI_T2	yi2	YI_T2	MATCH	MATCH	ELIGIBLE_SIMPLEX_FRAME	FALSE	FALSE
5375	SSB0080	SSB00800232.TextGrid	5375/SSB00800232.TextGrid	5421	8744e385421574305b4a1d1f17a9d9530f9aaf043475c8fbd17a318dc737e988	BARE	16	15	1	一	我从没见过我哥这么热情地招待一个人	development	哥这么热情地招待	待	个	个人	CLEAR_SIMPLEX	SIMPLEX_OTHER_EXTERNAL_CONTEXT	R3_REMAINING_SIMPLEX_YI_GE	selected_一_is_not_part_of_visible_complex_cardinal_and_is_immediately_followed_by_count_classifier_个	Wu 2024 journal p.370 examples (7)-(8) and p.381 example (20a)	YI_T2	YI_T2	yi2	YI_T2	MATCH	MATCH	ELIGIBLE_SIMPLEX_FRAME	FALSE	FALSE
5443	SSB0080	SSB00800302.TextGrid	5443/SSB00800302.TextGrid	5307	4d04182c1fe511d8cfb55fca01358c575fe16f0d89c031759b4e8e9f843ceccf	BARE	12	11	1	一	你知道我们是去教堂见一个传教士吧	development	道我们是去教堂见	见	个	个传教士吧	CLEAR_SIMPLEX	SIMPLEX_OTHER_EXTERNAL_CONTEXT	R3_REMAINING_SIMPLEX_YI_GE	selected_一_is_not_part_of_visible_complex_cardinal_and_is_immediately_followed_by_count_classifier_个	Wu 2024 journal p.370 examples (7)-(8) and p.381 example (20a)	YI_T2	YI_T2	yi2	YI_T2	MATCH	MATCH	ELIGIBLE_SIMPLEX_FRAME	FALSE	FALSE
5467	SSB0080	SSB00800328.TextGrid	5467/SSB00800328.TextGrid	3793	e97f8c56d76e52051b948e74c8cce746750c2efee5341c1b22dd92ae1d3b4264	BARE	3	2	1	一	挑一个你喜欢的人来调查	development	挑	挑	个	个你喜欢的人来调	CLEAR_SIMPLEX	SIMPLEX_OTHER_EXTERNAL_CONTEXT	R3_REMAINING_SIMPLEX_YI_GE	selected_一_is_not_part_of_visible_complex_cardinal_and_is_immediately_followed_by_count_classifier_个	Wu 2024 journal p.370 examples (7)-(8) and p.381 example (20a)	YI_T2	YI_T2	yi2	YI_T2	MATCH	MATCH	ELIGIBLE_SIMPLEX_FRAME	FALSE	FALSE
5564	SSB0080	SSB00800427.TextGrid	5564/SSB00800427.TextGrid	6205	134813b6dc57500cea755fab1596fdfa2094bb2953d3ebb75eac6f3337aa9e10	BARE	2	1	1	一	一个小偷在一一五路公交车上对老人行窃时	development		START	个	个小偷在一一五路	CLEAR_SIMPLEX	SIMPLEX_OTHER_EXTERNAL_CONTEXT	R3_REMAINING_SIMPLEX_YI_GE	selected_一_is_not_part_of_visible_complex_cardinal_and_is_immediately_followed_by_count_classifier_个	Wu 2024 journal p.370 examples (7)-(8) and p.381 example (20a)	YI_T2	YI_T2	yi2	YI_T2	MATCH	MATCH	ELIGIBLE_SIMPLEX_FRAME	FALSE	FALSE
5632	SSB0080	SSB00800500.TextGrid	5632/SSB00800500.TextGrid	2552	4efb9221c8833d2ee05485b511988c605f599882017f893c872176716470d15d	BARE	2	1	1	一	一个清白的记录	development		START	个	个清白的记录	CLEAR_SIMPLEX	SIMPLEX_OTHER_EXTERNAL_CONTEXT	R3_REMAINING_SIMPLEX_YI_GE	selected_一_is_not_part_of_visible_complex_cardinal_and_is_immediately_followed_by_count_classifier_个	Wu 2024 journal p.370 examples (7)-(8) and p.381 example (20a)	YI_T2	YI_T2	yi2	YI_T2	MATCH	MATCH	ELIGIBLE_SIMPLEX_FRAME	FALSE	FALSE
5743	SSB0112	SSB01120117.TextGrid	5743/SSB01120117.TextGrid	5595	0743a1a5d8f243610d6894e17d65f52c3ea81491be4ce3a4c330c7b8bd221199	BARE	6	5	1	一	你知道有一个女人和她女儿死于那场火灾吧	development	你知道有	有	个	个女人和她女儿死	CLEAR_SIMPLEX	SIMPLEX_OTHER_EXTERNAL_CONTEXT	R3_REMAINING_SIMPLEX_YI_GE	selected_一_is_not_part_of_visible_complex_cardinal_and_is_immediately_followed_by_count_classifier_个	Wu 2024 journal p.370 examples (7)-(8) and p.381 example (20a)	YI_T2	YI_T2	yi2	YI_T2	MATCH	MATCH	ELIGIBLE_SIMPLEX_FRAME	FALSE	FALSE
5776	SSB0112	SSB01120154.TextGrid	5776/SSB01120154.TextGrid	4032	e8b3c825fc922e7c870a4930ad217123df2f250c34f9aa16e43cba8342abdb3a	BARE	3	2	1	一	对一个有优越才能的人来说	development	对	对	个	个有优越才能的人	CLEAR_SIMPLEX	SIMPLEX_OTHER_EXTERNAL_CONTEXT	R3_REMAINING_SIMPLEX_YI_GE	selected_一_is_not_part_of_visible_complex_cardinal_and_is_immediately_followed_by_count_classifier_个	Wu 2024 journal p.370 examples (7)-(8) and p.381 example (20a)	YI_T2	YI_T2	yi2	YI_T2	MATCH	MATCH	ELIGIBLE_SIMPLEX_FRAME	FALSE	FALSE
5787	SSB0112	SSB01120166.TextGrid	5787/SSB01120166.TextGrid	3898	cec0ecdeadbf73d84447e440ae32dc65a71d84600b09b26aa7fbec7caf6c1827	BARE	9	7	1	一	从二年前开始一个月二次	development	从二年前开始	始	个	个月二次	CLEAR_SIMPLEX	SIMPLEX_OTHER_EXTERNAL_CONTEXT	R3_REMAINING_SIMPLEX_YI_GE	selected_一_is_not_part_of_visible_complex_cardinal_and_is_immediately_followed_by_count_classifier_个	Wu 2024 journal p.370 examples (7)-(8) and p.381 example (20a)	YI_T2	YI_T2	yi2	YI_T2	MATCH	MATCH	ELIGIBLE_SIMPLEX_FRAME	FALSE	FALSE
5804	SSB0112	SSB01120186.TextGrid	5804/SSB01120186.TextGrid	2685	009d6bfb08b580c5cc65d37d88df7c1da80dade03c70578d8580230503d19b60	BARE	2	1	1	一	一个朋友跟我说	development		START	个	个朋友跟我说	CLEAR_SIMPLEX	SIMPLEX_OTHER_EXTERNAL_CONTEXT	R3_REMAINING_SIMPLEX_YI_GE	selected_一_is_not_part_of_visible_complex_cardinal_and_is_immediately_followed_by_count_classifier_个	Wu 2024 journal p.370 examples (7)-(8) and p.381 example (20a)	YI_T2	YI_T2	yi2	YI_T2	MATCH	MATCH	ELIGIBLE_SIMPLEX_FRAME	FALSE	FALSE
5812	SSB0112	SSB01120196.TextGrid	5812/SSB01120196.TextGrid	5159	d1a917c64b7e8efb3cab5f97de507550854e82b22f5fc0773fd71e5a91e9cb4e	BARE	4	3	1	一	如果一个知道未来的人指着一个小孩子	development	如果	果	个	个知道未来的人指	CLEAR_SIMPLEX	SIMPLEX_OTHER_EXTERNAL_CONTEXT	R3_REMAINING_SIMPLEX_YI_GE	selected_一_is_not_part_of_visible_complex_cardinal_and_is_immediately_followed_by_count_classifier_个	Wu 2024 journal p.370 examples (7)-(8) and p.381 example (20a)	YI_T2	YI_T2	yi2	YI_T2	MATCH	MATCH	ELIGIBLE_SIMPLEX_FRAME	FALSE	FALSE
5812	SSB0112	SSB01120196.TextGrid	5812/SSB01120196.TextGrid	5159	d1a917c64b7e8efb3cab5f97de507550854e82b22f5fc0773fd71e5a91e9cb4e	BARE	14	13	2	一	如果一个知道未来的人指着一个小孩子	development	知道未来的人指着	着	个	个小孩子	CLEAR_SIMPLEX	SIMPLEX_OTHER_EXTERNAL_CONTEXT	R3_REMAINING_SIMPLEX_YI_GE	selected_一_is_not_part_of_visible_complex_cardinal_and_is_immediately_followed_by_count_classifier_个	Wu 2024 journal p.370 examples (7)-(8) and p.381 example (20a)	YI_T2	YI_T2	yi2	YI_T2	MATCH	MATCH	ELIGIBLE_SIMPLEX_FRAME	FALSE	FALSE
5970	SSB0112	SSB01120368.TextGrid	5970/SSB01120368.TextGrid	2750	830541ecc94e30502663fff2845c0a8b4067e3678089cd5775c8c10b2c3403cc	BARE	6	5	1	一	两个门牌一个家	development	两个门牌	牌	个	个家	CLEAR_SIMPLEX	SIMPLEX_OTHER_EXTERNAL_CONTEXT	R3_REMAINING_SIMPLEX_YI_GE	selected_一_is_not_part_of_visible_complex_cardinal_and_is_immediately_followed_by_count_classifier_个	Wu 2024 journal p.370 examples (7)-(8) and p.381 example (20a)	YI_T2	YI_T2	yi2	YI_T2	MATCH	MATCH	ELIGIBLE_SIMPLEX_FRAME	FALSE	FALSE
6033	SSB0112	SSB01120438.TextGrid	6033/SSB01120438.TextGrid	2871	ca0c0713600d1782c2b7094b76b06d09ea09bddba426ff6e433d2f5607110baa	BARE	2	1	1	一	一个和我约会的人	development		START	个	个和我约会的人	CLEAR_SIMPLEX	SIMPLEX_OTHER_EXTERNAL_CONTEXT	R3_REMAINING_SIMPLEX_YI_GE	selected_一_is_not_part_of_visible_complex_cardinal_and_is_immediately_followed_by_count_classifier_个	Wu 2024 journal p.370 examples (7)-(8) and p.381 example (20a)	YI_T2	YI_T2	yi2	YI_T2	MATCH	MATCH	ELIGIBLE_SIMPLEX_FRAME	FALSE	FALSE
6042	SSB0112	SSB01120449.TextGrid	6042/SSB01120449.TextGrid	4005	1e1cc5ef17cb99ccbbc52d243d1891f17144e21996058c2decbc0b230b4fd498	BARE	6	5	1	一	你能明白一个囚徒的心思吗	development	你能明白	白	个	个囚徒的心思吗	CLEAR_SIMPLEX	SIMPLEX_OTHER_EXTERNAL_CONTEXT	R3_REMAINING_SIMPLEX_YI_GE	selected_一_is_not_part_of_visible_complex_cardinal_and_is_immediately_followed_by_count_classifier_个	Wu 2024 journal p.370 examples (7)-(8) and p.381 example (20a)	YI_T2	YI_T2	yi2	YI_T2	MATCH	MATCH	ELIGIBLE_SIMPLEX_FRAME	FALSE	FALSE
6090	SSB0122	SSB01220007.TextGrid	6090/SSB01220007.TextGrid	7579	cbb2ae399d3add3e27b950e44f0ae4d804c67ff87795874e9879d6bf55a0e109	BARE	21	19	1	一	可以说这也将是促进未来整体业务增长的一个重要环节	development	来整体业务增长的	的	个	个重要环节	CLEAR_SIMPLEX	SIMPLEX_OTHER_EXTERNAL_CONTEXT	R3_REMAINING_SIMPLEX_YI_GE	selected_一_is_not_part_of_visible_complex_cardinal_and_is_immediately_followed_by_count_classifier_个	Wu 2024 journal p.370 examples (7)-(8) and p.381 example (20a)	YI_T2	YI_T2	yi2	YI_T2	MATCH	MATCH	ELIGIBLE_SIMPLEX_FRAME	FALSE	FALSE
6129	SSB0122	SSB01220048.TextGrid	6129/SSB01220048.TextGrid	4262	e75aa3a83cc1e550d63d0bde1fa428c61fca5ddad9116cd8a120c483cde086d8	BARE	6	5	1	一	所以这是一个非常现实的问题	development	所以这是	是	个	个非常现实的问题	CLEAR_SIMPLEX	SIMPLEX_OTHER_EXTERNAL_CONTEXT	R3_REMAINING_SIMPLEX_YI_GE	selected_一_is_not_part_of_visible_complex_cardinal_and_is_immediately_followed_by_count_classifier_个	Wu 2024 journal p.370 examples (7)-(8) and p.381 example (20a)	YI_T2	YI_T2	yi2	YI_T2	MATCH	MATCH	ELIGIBLE_SIMPLEX_FRAME	FALSE	FALSE
6152	SSB0122	SSB01220073.TextGrid	6152/SSB01220073.TextGrid	4092	8d9d6a6ada297eeb3d8425070b25cbea12c76ffd98d9417a507792322b01af4b	BARE	6	5	1	一	我觉得摔一个跟头才长得快	development	我觉得摔	摔	个	个跟头才长得快	CLEAR_SIMPLEX	SIMPLEX_OTHER_EXTERNAL_CONTEXT	R3_REMAINING_SIMPLEX_YI_GE	selected_一_is_not_part_of_visible_complex_cardinal_and_is_immediately_followed_by_count_classifier_个	Wu 2024 journal p.370 examples (7)-(8) and p.381 example (20a)	YI_T2	YI_T2	yi2	YI_T2	MATCH	MATCH	ELIGIBLE_SIMPLEX_FRAME	FALSE	FALSE
6220	SSB0122	SSB01220149.TextGrid	6220/SSB01220149.TextGrid	4155	36349ec74f60a4bf5f935620e36d088f084a382d119310e8d8b3996451f184cc	BARE	10	9	1	一	仅仅是对不动产的一个政策	development	仅仅是对不动产的	的	个	个政策	CLEAR_SIMPLEX	SIMPLEX_OTHER_EXTERNAL_CONTEXT	R3_REMAINING_SIMPLEX_YI_GE	selected_一_is_not_part_of_visible_complex_cardinal_and_is_immediately_followed_by_count_classifier_个	Wu 2024 journal p.370 examples (7)-(8) and p.381 example (20a)	YI_T2	YI_T2	yi2	YI_T2	MATCH	MATCH	ELIGIBLE_SIMPLEX_FRAME	FALSE	FALSE
6240	SSB0122	SSB01220174.TextGrid	6240/SSB01220174.TextGrid	4586	d5ac2c064fc4a4b976c68289225fe9b295fef82869a9f31a22b56e5843324183	BARE	2	1	1	一	一个多月疯狂诈骗四百多万元	development		START	个	个多月疯狂诈骗四	CLEAR_SIMPLEX	SIMPLEX_OTHER_EXTERNAL_CONTEXT	R3_REMAINING_SIMPLEX_YI_GE	selected_一_is_not_part_of_visible_complex_cardinal_and_is_immediately_followed_by_count_classifier_个	Wu 2024 journal p.370 examples (7)-(8) and p.381 example (20a)	YI_T2	YI_T2	yi2	YI_T2	MATCH	MATCH	ELIGIBLE_SIMPLEX_FRAME	FALSE	FALSE
6347	SSB0122	SSB01220287.TextGrid	6347/SSB01220287.TextGrid	3384	b6ad58b70b02ea021f5754c761f0472dee6eba50de8d8a3b88dd295132bd4c1f	BARE	4	3	1	一	还有一个问题也很实在	development	还有	有	个	个问题也很实在	CLEAR_SIMPLEX	SIMPLEX_OTHER_EXTERNAL_CONTEXT	R3_REMAINING_SIMPLEX_YI_GE	selected_一_is_not_part_of_visible_complex_cardinal_and_is_immediately_followed_by_count_classifier_个	Wu 2024 journal p.370 examples (7)-(8) and p.381 example (20a)	YI_T2	YI_T2	yi2	YI_T2	MATCH	MATCH	ELIGIBLE_SIMPLEX_FRAME	FALSE	FALSE
6440	SSB0122	SSB01220386.TextGrid	6440/SSB01220386.TextGrid	5086	1f774bf2a6eebd2b50eb84db731b2b1db3e8577090291f807f9c3e32e7f5c5fd	BARE	12	11	1	一	所以安全问题其实也是一个商机问题	development	安全问题其实也是	是	个	个商机问题	CLEAR_SIMPLEX	SIMPLEX_OTHER_EXTERNAL_CONTEXT	R3_REMAINING_SIMPLEX_YI_GE	selected_一_is_not_part_of_visible_complex_cardinal_and_is_immediately_followed_by_count_classifier_个	Wu 2024 journal p.370 examples (7)-(8) and p.381 example (20a)	YI_T2	YI_T2	yi2	YI_T2	MATCH	MATCH	ELIGIBLE_SIMPLEX_FRAME	FALSE	FALSE
6480	SSB0122	SSB01220428.TextGrid	6480/SSB01220428.TextGrid	3505	9089d92b62f5d95dc06fd5d0bffd1bf61fd5055492502aac56272efc343d484c	BARE	5	4	1	一	面对同一个暂行条列	development	面对同	同	个	个暂行条列	CLEAR_SIMPLEX	SIMPLEX_MODIFIED_TONG	R3_REMAINING_SIMPLEX_YI_GE	visible_string=同一个; selected_一_is_immediately_followed_by_count_classifier_个	Wu 2024 journal p.370 examples (7)-(8) and p.381 example (20a)	YI_T2	YI_T2	yi2	YI_T2	MATCH	MATCH	ELIGIBLE_SIMPLEX_FRAME	FALSE	FALSE
6523	SSB0122	SSB01220473.TextGrid	6523/SSB01220473.TextGrid	4960	6fbffed4d3a047446ec7194eb74fb9d6e9ab9e6007d10f87e213c9d568d76076	BARE	12	11	1	一	每个不动产都有望获得一个身份证	development	不动产都有望获得	得	个	个身份证	CLEAR_SIMPLEX	SIMPLEX_OTHER_EXTERNAL_CONTEXT	R3_REMAINING_SIMPLEX_YI_GE	selected_一_is_not_part_of_visible_complex_cardinal_and_is_immediately_followed_by_count_classifier_个	Wu 2024 journal p.370 examples (7)-(8) and p.381 example (20a)	YI_T2	YI_T2	yi2	YI_T2	MATCH	MATCH	ELIGIBLE_SIMPLEX_FRAME	FALSE	FALSE
6591	SSB0133	SSB01330065.TextGrid	6591/SSB01330065.TextGrid	3500	538bc3783b1a317b7dbc7e6a724e56712ac4fd0ccbcabe3896187f302567c1ad	BARE	5	4	1	一	达州是一个美丽的城市	development	达州是	是	个	个美丽的城市	CLEAR_SIMPLEX	SIMPLEX_OTHER_EXTERNAL_CONTEXT	R3_REMAINING_SIMPLEX_YI_GE	selected_一_is_not_part_of_visible_complex_cardinal_and_is_immediately_followed_by_count_classifier_个	Wu 2024 journal p.370 examples (7)-(8) and p.381 example (20a)	YI_T2	YI_T2	yi2	YI_T2	MATCH	MATCH	ELIGIBLE_SIMPLEX_FRAME	FALSE	FALSE
6652	SSB0133	SSB01330131.TextGrid	6652/SSB01330131.TextGrid	6022	1e470ffe8c8eda95949272d43e180cc7757ce5067f2ff903282dc49c1f8fbfb6	BARE	7	6	1	一	试图打造为一个规模庞大的进口版广交会	development	试图打造为	为	个	个规模庞大的进口	CLEAR_SIMPLEX	SIMPLEX_OTHER_EXTERNAL_CONTEXT	R3_REMAINING_SIMPLEX_YI_GE	selected_一_is_not_part_of_visible_complex_cardinal_and_is_immediately_followed_by_count_classifier_个	Wu 2024 journal p.370 examples (7)-(8) and p.381 example (20a)	YI_T2	YI_T2	yi2	YI_T2	MATCH	MATCH	ELIGIBLE_SIMPLEX_FRAME	FALSE	FALSE
6656	SSB0133	SSB01330135.TextGrid	6656/SSB01330135.TextGrid	4264	c8ea2cd5deaa8b30c21a3a52be5f10b9543b57cce84db48fe9d6dd4e2599711e	BARE	12	10	1	一	该老人一生共养育一一个孩子	development	老人一生共养育一	一	个	个孩子	AMBIGUOUS_OR_OUTSIDE_SCOPE	APPARENT_DUPLICATED_YI_TRANSCRIPT	R2_UNRESOLVED_ADJACENT_YI	visible_sequence=一一个; intended_wording_or_tokenization_not_recoverable_from_hanzi	no source prediction assigned	NO_PREDICTION	YI_T2	yi1	YI_T1	COUNTEREXAMPLE	NO_CONCLUSION_SCOPE	INELIGIBLE_SCOPE_UNRESOLVED	FALSE	FALSE
6758	SSB0133	SSB01330244.TextGrid	6758/SSB01330244.TextGrid	4593	7fa7861a81c7aaa6d7399a9bdf022a5e1788c6790e0ceb975e89cce0be5342a8	BARE	6	5	1	一	确保拥有一个良好的身体状况	development	确保拥有	有	个	个良好的身体状况	CLEAR_SIMPLEX	SIMPLEX_OTHER_EXTERNAL_CONTEXT	R3_REMAINING_SIMPLEX_YI_GE	selected_一_is_not_part_of_visible_complex_cardinal_and_is_immediately_followed_by_count_classifier_个	Wu 2024 journal p.370 examples (7)-(8) and p.381 example (20a)	YI_T2	YI_T2	yi2	YI_T2	MATCH	MATCH	ELIGIBLE_SIMPLEX_FRAME	FALSE	FALSE
6816	SSB0133	SSB01330304.TextGrid	6816/SSB01330304.TextGrid	4520	6ab85656bd0349f7b0b0f693016e94b199a8c476eb8cc9eaac2b1dce62b4e507	BARE	6	5	1	一	如何建立一个双赢的生态环境	development	如何建立	立	个	个双赢的生态环境	CLEAR_SIMPLEX	SIMPLEX_OTHER_EXTERNAL_CONTEXT	R3_REMAINING_SIMPLEX_YI_GE	selected_一_is_not_part_of_visible_complex_cardinal_and_is_immediately_followed_by_count_classifier_个	Wu 2024 journal p.370 examples (7)-(8) and p.381 example (20a)	YI_T2	YI_T2	yi2	YI_T2	MATCH	MATCH	ELIGIBLE_SIMPLEX_FRAME	FALSE	FALSE
6981	SSB0139	SSB01390015.TextGrid	6981/SSB01390015.TextGrid	3813	968a16d4783b8a7b305b8673203de63fcb933d92a901df1bd18b1c47442c448a	ORDINAL	9	8	1	一	他当年接生的第一个孩子	development	他当年接生的第	第	个	个孩子	ORDINAL_ABSOLUTE	EXACT_DI_YI_GE	R0_EXACT_ORDINAL	selected_target_occurs_in_exact_第一个	Wu 2024 journal p.374 example (15)	YI_T1	YI_T1	yi2	YI_T2	COUNTEREXAMPLE	COUNTEREXAMPLE	ELIGIBLE_ORDINAL_FRAME	FALSE	FALSE
6998	SSB0139	SSB01390033.TextGrid	6998/SSB01390033.TextGrid	4658	1fef50513acce3ad023903d704835404f8cacbc4c17be011bee44d70b2c18cb0	BARE	4	3	1	一	而下一个重要时点则是九月底前	development	而下	下	个	个重要时点则是九	CLEAR_SIMPLEX	SIMPLEX_SEQUENTIAL_XIA	R3_REMAINING_SIMPLEX_YI_GE	visible_string=下一个; selected_一_is_immediately_followed_by_count_classifier_个	Wu 2024 journal p.370 examples (7)-(8) and p.381 example (20a)	YI_T2	YI_T2	yi2	YI_T2	MATCH	MATCH	ELIGIBLE_SIMPLEX_FRAME	FALSE	FALSE
7004	SSB0139	SSB01390039.TextGrid	7004/SSB01390039.TextGrid	5978	c8ed9cbf1af336e3fa57e46cea873777c2e5bf6a60c95c86dce3ff40b57e268b	BARE	14	13	1	一	国新社用肥大的鼻子嗅着每一个雇员的动作	development	肥大的鼻子嗅着每	每	个	个雇员的动作	CLEAR_SIMPLEX	SIMPLEX_MODIFIED_MEI	R3_REMAINING_SIMPLEX_YI_GE	visible_string=每一个; selected_一_is_immediately_followed_by_count_classifier_个	Wu 2024 journal p.370 examples (7)-(8) and p.381 example (20a)	YI_T2	YI_T2	yi2	YI_T2	MATCH	MATCH	ELIGIBLE_SIMPLEX_FRAME	FALSE	FALSE
7046	SSB0139	SSB01390082.TextGrid	7046/SSB01390082.TextGrid	6728	a5c75bcc862216a5b72f02abf693adde6f2d3e20887d629c1a10e8125d9af228	BARE	5	4	1	一	而这样一个计划所带来的设计难题也是相当迷人的	development	而这样	样	个	个计划所带来的设	CLEAR_SIMPLEX	SIMPLEX_OTHER_EXTERNAL_CONTEXT	R3_REMAINING_SIMPLEX_YI_GE	selected_一_is_not_part_of_visible_complex_cardinal_and_is_immediately_followed_by_count_classifier_个	Wu 2024 journal p.370 examples (7)-(8) and p.381 example (20a)	YI_T2	YI_T2	yi2	YI_T2	MATCH	MATCH	ELIGIBLE_SIMPLEX_FRAME	FALSE	FALSE
7085	SSB0139	SSB01390128.TextGrid	7085/SSB01390128.TextGrid	6480	15c579ff916af629a5e4c519bddc2c5eabc56ee1d5c1ad8390fef04a7a71bda2	BARE	13	12	1	一	在中央公园他让观众选了一个牌然后签上名	development	公园他让观众选了	了	个	个牌然后签上名	CLEAR_SIMPLEX	SIMPLEX_OTHER_EXTERNAL_CONTEXT	R3_REMAINING_SIMPLEX_YI_GE	selected_一_is_not_part_of_visible_complex_cardinal_and_is_immediately_followed_by_count_classifier_个	Wu 2024 journal p.370 examples (7)-(8) and p.381 example (20a)	YI_T2	YI_T2	yi2	YI_T2	MATCH	MATCH	ELIGIBLE_SIMPLEX_FRAME	FALSE	FALSE
7186	SSB0139	SSB01390236.TextGrid	7186/SSB01390236.TextGrid	4139	f1f3e4ca0b485e8c5742fcbba053cc5dec6b378d1c550e67d2273863701ba862	BARE	11	10	1	一	在我们内部都觉得是一个奇迹	development	我们内部都觉得是	是	个	个奇迹	CLEAR_SIMPLEX	SIMPLEX_OTHER_EXTERNAL_CONTEXT	R3_REMAINING_SIMPLEX_YI_GE	selected_一_is_not_part_of_visible_complex_cardinal_and_is_immediately_followed_by_count_classifier_个	Wu 2024 journal p.370 examples (7)-(8) and p.381 example (20a)	YI_T2	YI_T2	yi2	YI_T2	MATCH	MATCH	ELIGIBLE_SIMPLEX_FRAME	FALSE	FALSE
7274	SSB0139	SSB01390336.TextGrid	7274/SSB01390336.TextGrid	4768	4503600a3fd983a5ff753001b7bdbfba31a64a441fc8436b2583133bd38d61fe	BARE	9	8	1	一	然后把我扔到了一个不知名的地方	development	然后把我扔到了	了	个	个不知名的地方	CLEAR_SIMPLEX	SIMPLEX_OTHER_EXTERNAL_CONTEXT	R3_REMAINING_SIMPLEX_YI_GE	selected_一_is_not_part_of_visible_complex_cardinal_and_is_immediately_followed_by_count_classifier_个	Wu 2024 journal p.370 examples (7)-(8) and p.381 example (20a)	YI_T2	YI_T2	yi2	YI_T2	MATCH	MATCH	ELIGIBLE_SIMPLEX_FRAME	FALSE	FALSE
7286	SSB0139	SSB01390348.TextGrid	7286/SSB01390348.TextGrid	4836	c2ea5883c146c708579e075d74e771740eef9e68f3fa7f8df9cf77bd5d58cce5	BARE	12	11	1	一	近来量价两大指标总有一个要跌	development	量价两大指标总有	有	个	个要跌	CLEAR_SIMPLEX	SIMPLEX_OTHER_EXTERNAL_CONTEXT	R3_REMAINING_SIMPLEX_YI_GE	selected_一_is_not_part_of_visible_complex_cardinal_and_is_immediately_followed_by_count_classifier_个	Wu 2024 journal p.370 examples (7)-(8) and p.381 example (20a)	YI_T2	YI_T2	yi2	YI_T2	MATCH	MATCH	ELIGIBLE_SIMPLEX_FRAME	FALSE	FALSE
7414	SSB0139	SSB01390482.TextGrid	7414/SSB01390482.TextGrid	2885	63225fe1bc29397f1c34aaaa2e584aad40fee60f22af6b5a988eced73d7b4bf7	BARE	7	6	1	一	那就给我找一个人	development	那就给我找	找	个	个人	CLEAR_SIMPLEX	SIMPLEX_OTHER_EXTERNAL_CONTEXT	R3_REMAINING_SIMPLEX_YI_GE	selected_一_is_not_part_of_visible_complex_cardinal_and_is_immediately_followed_by_count_classifier_个	Wu 2024 journal p.370 examples (7)-(8) and p.381 example (20a)	YI_T2	YI_T2	yi2	YI_T2	MATCH	MATCH	ELIGIBLE_SIMPLEX_FRAME	FALSE	FALSE
7463	SSB0145	SSB01450024.TextGrid	7463/SSB01450024.TextGrid	5372	97875216e1e9707c27745eb855059c763fe19ed670040a26b2c0997d70a1ac8d	BARE	11	8	1	一	两只基金由以同一个基金经理掌管	development	两只基金由以同	同	个	个基金经理掌管	CLEAR_SIMPLEX	SIMPLEX_MODIFIED_TONG	R3_REMAINING_SIMPLEX_YI_GE	visible_string=同一个; selected_一_is_immediately_followed_by_count_classifier_个	Wu 2024 journal p.370 examples (7)-(8) and p.381 example (20a)	YI_T2	YI_T2	yi2	YI_T2	MATCH	MATCH	ELIGIBLE_SIMPLEX_FRAME	FALSE	FALSE
7590	SSB0145	SSB01450162.TextGrid	7590/SSB01450162.TextGrid	3945	4393092dff3ddc91c026dded36501f3068f4ae31a27f220a5b24d2679e2d7d5e	BARE	9	8	1	一	晚上顺产男婴后一个小时	development	晚上顺产男婴后	后	个	个小时	CLEAR_SIMPLEX	SIMPLEX_OTHER_EXTERNAL_CONTEXT	R3_REMAINING_SIMPLEX_YI_GE	selected_一_is_not_part_of_visible_complex_cardinal_and_is_immediately_followed_by_count_classifier_个	Wu 2024 journal p.370 examples (7)-(8) and p.381 example (20a)	YI_T2	YI_T2	yi2	YI_T2	MATCH	MATCH	ELIGIBLE_SIMPLEX_FRAME	FALSE	FALSE
7606	SSB0145	SSB01450178.TextGrid	7606/SSB01450178.TextGrid	3513	5e8429d6adef5e276893fc29c5710a0654a14aa3e34ebdd397c791bbbf69d66c	BARE	8	7	1	一	同时也传递了一个信息	development	同时也传递了	了	个	个信息	CLEAR_SIMPLEX	SIMPLEX_OTHER_EXTERNAL_CONTEXT	R3_REMAINING_SIMPLEX_YI_GE	selected_一_is_not_part_of_visible_complex_cardinal_and_is_immediately_followed_by_count_classifier_个	Wu 2024 journal p.370 examples (7)-(8) and p.381 example (20a)	YI_T2	YI_T2	yi2	YI_T2	MATCH	MATCH	ELIGIBLE_SIMPLEX_FRAME	FALSE	FALSE
7645	SSB0145	SSB01450220.TextGrid	7645/SSB01450220.TextGrid	4087	274375220a8e8d265e79eb3a881bacb1e0315e12b95c5b754f7ef2329cad7005	BARE	5	4	1	一	果然每一个胖子都是潜力股	development	果然每	每	个	个胖子都是潜力股	CLEAR_SIMPLEX	SIMPLEX_MODIFIED_MEI	R3_REMAINING_SIMPLEX_YI_GE	visible_string=每一个; selected_一_is_immediately_followed_by_count_classifier_个	Wu 2024 journal p.370 examples (7)-(8) and p.381 example (20a)	YI_T2	YI_T2	yi2	YI_T2	MATCH	MATCH	ELIGIBLE_SIMPLEX_FRAME	FALSE	FALSE
7695	SSB0145	SSB01450277.TextGrid	7695/SSB01450277.TextGrid	3071	c10ba12bebfeba9125d8079b3143af02311386bb024e2c74722a72bbcd4f2251	BARE	7	6	1	一	几乎瘦掉了一个自己	development	几乎瘦掉了	了	个	个自己	CLEAR_SIMPLEX	SIMPLEX_OTHER_EXTERNAL_CONTEXT	R3_REMAINING_SIMPLEX_YI_GE	selected_一_is_not_part_of_visible_complex_cardinal_and_is_immediately_followed_by_count_classifier_个	Wu 2024 journal p.370 examples (7)-(8) and p.381 example (20a)	YI_T2	YI_T2	yi2	YI_T2	MATCH	MATCH	ELIGIBLE_SIMPLEX_FRAME	FALSE	FALSE
7716	SSB0145	SSB01450300.TextGrid	7716/SSB01450300.TextGrid	4463	cc31079e77b93f823170cbb4a3ff4d2bc25268dd213d9b4a9fe8c11cee03b1d5	BARE	10	8	1	一	这只肥胖到底是一个什么概念	development	这只肥胖到底是	是	个	个什么概念	CLEAR_SIMPLEX	SIMPLEX_OTHER_EXTERNAL_CONTEXT	R3_REMAINING_SIMPLEX_YI_GE	selected_一_is_not_part_of_visible_complex_cardinal_and_is_immediately_followed_by_count_classifier_个	Wu 2024 journal p.370 examples (7)-(8) and p.381 example (20a)	YI_T2	YI_T2	yi2	YI_T2	MATCH	MATCH	ELIGIBLE_SIMPLEX_FRAME	FALSE	FALSE
7848	SSB0145	SSB01450454.TextGrid	7848/SSB01450454.TextGrid	3528	0e4ca50a3d57ec5a80cf1774c907184fecbe2f28359f5ff138d733babdeabe3b	BARE	9	8	1	一	以至于积木成了一个累赘	development	以至于积木成了	了	个	个累赘	CLEAR_SIMPLEX	SIMPLEX_OTHER_EXTERNAL_CONTEXT	R3_REMAINING_SIMPLEX_YI_GE	selected_一_is_not_part_of_visible_complex_cardinal_and_is_immediately_followed_by_count_classifier_个	Wu 2024 journal p.370 examples (7)-(8) and p.381 example (20a)	YI_T2	YI_T2	yi2	YI_T2	MATCH	MATCH	ELIGIBLE_SIMPLEX_FRAME	FALSE	FALSE
8124	SSB0149	SSB01490274.TextGrid	8124/SSB01490274.TextGrid	5328	922c85163af3477dad0b7a0829cfe0e45196b49784b7c7227ab7f2ce07efdae5	BARE	6	5	1	一	透露自己一个礼拜不出家门都没问题	confirmation	透露自己	己	个	个礼拜不出家门都	CLEAR_SIMPLEX	SIMPLEX_OTHER_EXTERNAL_CONTEXT	R3_REMAINING_SIMPLEX_YI_GE	selected_一_is_not_part_of_visible_complex_cardinal_and_is_immediately_followed_by_count_classifier_个	Wu 2024 journal p.370 examples (7)-(8) and p.381 example (20a)	YI_T2	YI_T2	yi2	YI_T2	MATCH	MATCH	ELIGIBLE_SIMPLEX_FRAME	FALSE	FALSE
8197	SSB0149	SSB01490354.TextGrid	8197/SSB01490354.TextGrid	4133	3ad5582d741cfd19904eb0698a88e9d0a12301de6504d2772092dbac491d248d	BARE	2	1	1	一	一个人被困在漆黑的桥厢里	confirmation		START	个	个人被困在漆黑的	CLEAR_SIMPLEX	SIMPLEX_OTHER_EXTERNAL_CONTEXT	R3_REMAINING_SIMPLEX_YI_GE	selected_一_is_not_part_of_visible_complex_cardinal_and_is_immediately_followed_by_count_classifier_个	Wu 2024 journal p.370 examples (7)-(8) and p.381 example (20a)	YI_T2	YI_T2	yi2	YI_T2	MATCH	MATCH	ELIGIBLE_SIMPLEX_FRAME	FALSE	FALSE
8252	SSB0149	SSB01490413.TextGrid	8252/SSB01490413.TextGrid	5340	16b6a237ab796a5fac8f4d2834878e8992f34aa46a690369a97ba7d15bd34680	BARE	9	7	1	一	记者能体会到一个小团队不懈的意志	confirmation	记者能体会到	到	个	个小团队不懈的意	CLEAR_SIMPLEX	SIMPLEX_OTHER_EXTERNAL_CONTEXT	R3_REMAINING_SIMPLEX_YI_GE	selected_一_is_not_part_of_visible_complex_cardinal_and_is_immediately_followed_by_count_classifier_个	Wu 2024 journal p.370 examples (7)-(8) and p.381 example (20a)	YI_T2	YI_T2	yi2	YI_T2	MATCH	MATCH	ELIGIBLE_SIMPLEX_FRAME	FALSE	FALSE
8254	SSB0149	SSB01490415.TextGrid	8254/SSB01490415.TextGrid	8159	824dba631887414a56251a01db4a9836ed60b7f58609edec1a148f7a890023a5	BARE	6	5	1	一	逆回购是一个比较灵活而且操作期限也比较短的工具	confirmation	逆回购是	是	个	个比较灵活而且操	CLEAR_SIMPLEX	SIMPLEX_OTHER_EXTERNAL_CONTEXT	R3_REMAINING_SIMPLEX_YI_GE	selected_一_is_not_part_of_visible_complex_cardinal_and_is_immediately_followed_by_count_classifier_个	Wu 2024 journal p.370 examples (7)-(8) and p.381 example (20a)	YI_T2	YI_T2	yi2	YI_T2	MATCH	MATCH	ELIGIBLE_SIMPLEX_FRAME	FALSE	FALSE
8290	SSB0149	SSB01490456.TextGrid	8290/SSB01490456.TextGrid	4784	399b536b60554126811db68a8d86b24fe9511e3d458cc357fc44bb3737004f84	BARE	10	9	1	一	可能会对市场形成一个新的拉动	confirmation	可能会对市场形成	成	个	个新的拉动	CLEAR_SIMPLEX	SIMPLEX_OTHER_EXTERNAL_CONTEXT	R3_REMAINING_SIMPLEX_YI_GE	selected_一_is_not_part_of_visible_complex_cardinal_and_is_immediately_followed_by_count_classifier_个	Wu 2024 journal p.370 examples (7)-(8) and p.381 example (20a)	YI_T2	YI_T2	yi2	YI_T2	MATCH	MATCH	ELIGIBLE_SIMPLEX_FRAME	FALSE	FALSE
8308	SSB0149	SSB01490474.TextGrid	8308/SSB01490474.TextGrid	4148	a83feaf3acc384cbb1ad1d45636954acb21226e876511a3a5a4c51061af6332b	BARE	6	5	1	一	只有有了一个基本的生态法则	confirmation	只有有了	了	个	个基本的生态法则	CLEAR_SIMPLEX	SIMPLEX_OTHER_EXTERNAL_CONTEXT	R3_REMAINING_SIMPLEX_YI_GE	selected_一_is_not_part_of_visible_complex_cardinal_and_is_immediately_followed_by_count_classifier_个	Wu 2024 journal p.370 examples (7)-(8) and p.381 example (20a)	YI_T2	YI_T2	yi2	YI_T2	MATCH	MATCH	ELIGIBLE_SIMPLEX_FRAME	FALSE	FALSE
8415	SSB0193	SSB01930119.TextGrid	8415/SSB01930119.TextGrid	3629	5f932335ff877094a30aa03a56f11c3ceb030db76f8b2201c71fe08290d8d199	BARE	5	4	1	一	他们中一个是高级顾问	development	他们中	中	个	个是高级顾问	CLEAR_SIMPLEX	SIMPLEX_OTHER_EXTERNAL_CONTEXT	R3_REMAINING_SIMPLEX_YI_GE	selected_一_is_not_part_of_visible_complex_cardinal_and_is_immediately_followed_by_count_classifier_个	Wu 2024 journal p.370 examples (7)-(8) and p.381 example (20a)	YI_T2	YI_T2	yi2	YI_T2	MATCH	MATCH	ELIGIBLE_SIMPLEX_FRAME	FALSE	FALSE
8499	SSB0193	SSB01930223.TextGrid	8499/SSB01930223.TextGrid	3694	87fcac354a2817ad82095462c4767b231e43388ac003026a475f408b0f9e49ce	BARE	7	6	1	一	这样大胆的一个计划需要	development	这样大胆的	的	个	个计划需要	CLEAR_SIMPLEX	SIMPLEX_OTHER_EXTERNAL_CONTEXT	R3_REMAINING_SIMPLEX_YI_GE	selected_一_is_not_part_of_visible_complex_cardinal_and_is_immediately_followed_by_count_classifier_个	Wu 2024 journal p.370 examples (7)-(8) and p.381 example (20a)	YI_T2	YI_T2	yi2	YI_T2	MATCH	MATCH	ELIGIBLE_SIMPLEX_FRAME	FALSE	FALSE
8559	SSB0193	SSB01930298.TextGrid	8559/SSB01930298.TextGrid	4711	30a38f20c5908a239252116fc58dbb18dacc3dd052e11fd4a33e17f632560478	BARE	9	7	1	一	随便听听爱上一个不回家的人	development	随便听听爱上	上	个	个不回家的人	CLEAR_SIMPLEX	SIMPLEX_SEQUENTIAL_SHANG	R3_REMAINING_SIMPLEX_YI_GE	visible_string=上一个; selected_一_is_immediately_followed_by_count_classifier_个	Wu 2024 journal p.370 examples (7)-(8) and p.381 example (20a)	YI_T2	YI_T2	yi2	YI_T2	MATCH	MATCH	ELIGIBLE_SIMPLEX_FRAME	FALSE	FALSE
8561	SSB0193	SSB01930300.TextGrid	8561/SSB01930300.TextGrid	3691	3de846533c67289c460e2a04e5f0dcc6a3c42a56502b20018e61a67c6e818cdd	BARE	2	1	1	一	一个不会自我毁灭的时代	development		START	个	个不会自我毁灭的	CLEAR_SIMPLEX	SIMPLEX_OTHER_EXTERNAL_CONTEXT	R3_REMAINING_SIMPLEX_YI_GE	selected_一_is_not_part_of_visible_complex_cardinal_and_is_immediately_followed_by_count_classifier_个	Wu 2024 journal p.370 examples (7)-(8) and p.381 example (20a)	YI_T2	YI_T2	yi2	YI_T2	MATCH	MATCH	ELIGIBLE_SIMPLEX_FRAME	FALSE	FALSE
8582	SSB0193	SSB01930328.TextGrid	8582/SSB01930328.TextGrid	4458	f8df1e9665315930d6dd1d196a6dfbb248c7449ba31ba407542a1081e2394591	BARE	8	7	1	一	你有没有听过一个叫埃及的地方	development	你有没有听过	过	个	个叫埃及的地方	CLEAR_SIMPLEX	SIMPLEX_OTHER_EXTERNAL_CONTEXT	R3_REMAINING_SIMPLEX_YI_GE	selected_一_is_not_part_of_visible_complex_cardinal_and_is_immediately_followed_by_count_classifier_个	Wu 2024 journal p.370 examples (7)-(8) and p.381 example (20a)	YI_T2	YI_T2	yi2	YI_T2	MATCH	MATCH	ELIGIBLE_SIMPLEX_FRAME	FALSE	FALSE
8608	SSB0193	SSB01930357.TextGrid	8608/SSB01930357.TextGrid	4199	65364bb76688ab48c94440029cfac60bbefb37b71df26156049f3bab9bc61ba9	BARE	10	9	1	一	但或许我能还你们一个公道	development	但或许我能还你们	们	个	个公道	CLEAR_SIMPLEX	SIMPLEX_OTHER_EXTERNAL_CONTEXT	R3_REMAINING_SIMPLEX_YI_GE	selected_一_is_not_part_of_visible_complex_cardinal_and_is_immediately_followed_by_count_classifier_个	Wu 2024 journal p.370 examples (7)-(8) and p.381 example (20a)	YI_T2	YI_T2	yi2	YI_T2	MATCH	MATCH	ELIGIBLE_SIMPLEX_FRAME	FALSE	FALSE
8674	SSB0193	SSB01930429.TextGrid	8674/SSB01930429.TextGrid	5139	9d626e5572ddc61ec1488bf59c3771a0f6d688b6dd3b8e6506a344426685316f	BARE	13	11	1	一	婚姻法新解释只不过是一个导火索	development	法新解释只不过是	是	个	个导火索	CLEAR_SIMPLEX	SIMPLEX_OTHER_EXTERNAL_CONTEXT	R3_REMAINING_SIMPLEX_YI_GE	selected_一_is_not_part_of_visible_complex_cardinal_and_is_immediately_followed_by_count_classifier_个	Wu 2024 journal p.370 examples (7)-(8) and p.381 example (20a)	YI_T2	YI_T2	yi2	YI_T2	MATCH	MATCH	ELIGIBLE_SIMPLEX_FRAME	FALSE	FALSE
8684	SSB0193	SSB01930441.TextGrid	8684/SSB01930441.TextGrid	5024	dd5dab39d3de52dee7bb7670e2fd75955605a5ee7c26ba728fed286311841a78	BARE	6	5	1	一	你要为了一个叛徒而忤逆国王的意思吗	development	你要为了	了	个	个叛徒而忤逆国王	CLEAR_SIMPLEX	SIMPLEX_OTHER_EXTERNAL_CONTEXT	R3_REMAINING_SIMPLEX_YI_GE	selected_一_is_not_part_of_visible_complex_cardinal_and_is_immediately_followed_by_count_classifier_个	Wu 2024 journal p.370 examples (7)-(8) and p.381 example (20a)	YI_T2	YI_T2	yi2	YI_T2	MATCH	MATCH	ELIGIBLE_SIMPLEX_FRAME	FALSE	FALSE
8732	SSB0193	SSB01930499.TextGrid	8732/SSB01930499.TextGrid	5716	ddddfa8a8a90e0a5546efd1f95932d4dd947155e56dbe9949654d6ee6e3533ea	BARE	14	13	1	一	这是我们的一些成员制订的一个冒险计划	development	的一些成员制订的	的	个	个冒险计划	CLEAR_SIMPLEX	SIMPLEX_OTHER_EXTERNAL_CONTEXT	R3_REMAINING_SIMPLEX_YI_GE	selected_一_is_not_part_of_visible_complex_cardinal_and_is_immediately_followed_by_count_classifier_个	Wu 2024 journal p.370 examples (7)-(8) and p.381 example (20a)	YI_T2	YI_T2	yi2	YI_T2	MATCH	MATCH	ELIGIBLE_SIMPLEX_FRAME	FALSE	FALSE
8756	SSB0197	SSB01970019.TextGrid	8756/SSB01970019.TextGrid	3942	5159a5a65c1ac380f2a564fe32999a7dafd9ed2df2df4e1b44cb250dc4aaaab7	BARE	10	9	1	一	这里是比较完善的一个基地	development	这里是比较完善的	的	个	个基地	CLEAR_SIMPLEX	SIMPLEX_OTHER_EXTERNAL_CONTEXT	R3_REMAINING_SIMPLEX_YI_GE	selected_一_is_not_part_of_visible_complex_cardinal_and_is_immediately_followed_by_count_classifier_个	Wu 2024 journal p.370 examples (7)-(8) and p.381 example (20a)	YI_T2	YI_T2	yi2	YI_T2	MATCH	MATCH	ELIGIBLE_SIMPLEX_FRAME	FALSE	FALSE
8908	SSB0197	SSB01970183.TextGrid	8908/SSB01970183.TextGrid	4653	bd01cf8a0a8f5d1ab311bd14366d29a5664f12e9aadeee5922dac0501f4f4353	BARE	10	9	1	一	这项运动不仅是我一个人的事情	development	这项运动不仅是我	我	个	个人的事情	CLEAR_SIMPLEX	SIMPLEX_OTHER_EXTERNAL_CONTEXT	R3_REMAINING_SIMPLEX_YI_GE	selected_一_is_not_part_of_visible_complex_cardinal_and_is_immediately_followed_by_count_classifier_个	Wu 2024 journal p.370 examples (7)-(8) and p.381 example (20a)	YI_T2	YI_T2	yi2	YI_T2	MATCH	MATCH	ELIGIBLE_SIMPLEX_FRAME	FALSE	FALSE
8976	SSB0197	SSB01970253.TextGrid	8976/SSB01970253.TextGrid	4073	ab20cc42e47709e3a682a95d021e44dec4a3f1427a0db00c36d3b4dd08bbe6d9	BARE	5	4	1	一	但其中一个箱子的锁被撬	development	但其中	中	个	个箱子的锁被撬	CLEAR_SIMPLEX	SIMPLEX_OTHER_EXTERNAL_CONTEXT	R3_REMAINING_SIMPLEX_YI_GE	selected_一_is_not_part_of_visible_complex_cardinal_and_is_immediately_followed_by_count_classifier_个	Wu 2024 journal p.370 examples (7)-(8) and p.381 example (20a)	YI_T2	YI_T2	yi2	YI_T2	MATCH	MATCH	ELIGIBLE_SIMPLEX_FRAME	FALSE	FALSE
9015	SSB0197	SSB01970294.TextGrid	9015/SSB01970294.TextGrid	6555	cdaed93e542431b45c63dee0cd989877a023d3cb7b6f314f24a4a2096b74ef3e	BARE	19	18	1	一	这名在读医学博士与骗子先后交手三十一个回合	development	骗子先后交手三十	十	个	个回合	CLEAR_COMPLEX_LAST_DIGIT	COMPLEX_CARDINAL_FINAL_DIGIT	R1_COMPLEX_FINAL_DIGIT	visible_multi_digit_cardinal=三十一; selected_一_is_final_digit_before_个	Wu 2024 journal p.381 example (28)	YI_T1	YI_T2	yi1	YI_T1	COUNTEREXAMPLE	MATCH	ELIGIBLE_COMPLEX_CONTROL_NOT_POOLED	FALSE	FALSE
9147	SSB0197	SSB01970433.TextGrid	9147/SSB01970433.TextGrid	4199	9d9fbc8c53bdb8864491e09b960dd028731ff33c6b34afa5b6fdf0847ecd16c6	BARE	11	10	1	一	尽管活动已经结束近一个月	development	管活动已经结束近	近	个	个月	CLEAR_SIMPLEX	SIMPLEX_OTHER_EXTERNAL_CONTEXT	R3_REMAINING_SIMPLEX_YI_GE	selected_一_is_not_part_of_visible_complex_cardinal_and_is_immediately_followed_by_count_classifier_个	Wu 2024 journal p.370 examples (7)-(8) and p.381 example (20a)	YI_T2	YI_T2	yi2	YI_T2	MATCH	MATCH	ELIGIBLE_SIMPLEX_FRAME	FALSE	FALSE
9231	SSB0200	SSB02000039.TextGrid	9231/SSB02000039.TextGrid	3887	035ddf3f930f82aa9235242f45ea3e1b6a3056fde5fa6f7465549e5b5be5aecb	BARE	8	6	1	一	如今成为了一个半植物人	development	如今成为了	了	个	个半植物人	CLEAR_SIMPLEX	SIMPLEX_OTHER_EXTERNAL_CONTEXT	R3_REMAINING_SIMPLEX_YI_GE	selected_一_is_not_part_of_visible_complex_cardinal_and_is_immediately_followed_by_count_classifier_个	Wu 2024 journal p.370 examples (7)-(8) and p.381 example (20a)	YI_T2	YI_T2	yi2	YI_T2	MATCH	MATCH	ELIGIBLE_SIMPLEX_FRAME	FALSE	FALSE
9235	SSB0200	SSB02000043.TextGrid	9235/SSB02000043.TextGrid	4728	782ba42d1c2cf5487acf846cc9fee8ea6d9c40f2f05bab633f7ab05f17dac599	BARE	6	5	1	一	脚下踏着一个非常酷的电动小车	development	脚下踏着	着	个	个非常酷的电动小	CLEAR_SIMPLEX	SIMPLEX_OTHER_EXTERNAL_CONTEXT	R3_REMAINING_SIMPLEX_YI_GE	selected_一_is_not_part_of_visible_complex_cardinal_and_is_immediately_followed_by_count_classifier_个	Wu 2024 journal p.370 examples (7)-(8) and p.381 example (20a)	YI_T2	YI_T2	yi2	YI_T2	MATCH	MATCH	ELIGIBLE_SIMPLEX_FRAME	FALSE	FALSE
9261	SSB0200	SSB02000070.TextGrid	9261/SSB02000070.TextGrid	4325	0182c39b8e8a1ca344a57184212d7e87172b63d9d97ffda9bc6aadce6dea1b35	BARE	4	3	1	一	碰到一个漂亮妹砣有点心动	development	碰到	到	个	个漂亮妹砣有点心	CLEAR_SIMPLEX	SIMPLEX_OTHER_EXTERNAL_CONTEXT	R3_REMAINING_SIMPLEX_YI_GE	selected_一_is_not_part_of_visible_complex_cardinal_and_is_immediately_followed_by_count_classifier_个	Wu 2024 journal p.370 examples (7)-(8) and p.381 example (20a)	YI_T2	YI_T2	yi2	YI_T2	MATCH	MATCH	ELIGIBLE_SIMPLEX_FRAME	FALSE	FALSE
9356	SSB0200	SSB02000172.TextGrid	9356/SSB02000172.TextGrid	5284	948292430ae4c84c5829424371ac95d56b99af65ba4a117525fb59e05375dbab	BARE	9	8	1	一	那么其天然就是一个极好的输入方式	development	那么其天然就是	是	个	个极好的输入方式	CLEAR_SIMPLEX	SIMPLEX_OTHER_EXTERNAL_CONTEXT	R3_REMAINING_SIMPLEX_YI_GE	selected_一_is_not_part_of_visible_complex_cardinal_and_is_immediately_followed_by_count_classifier_个	Wu 2024 journal p.370 examples (7)-(8) and p.381 example (20a)	YI_T2	YI_T2	yi2	YI_T2	MATCH	MATCH	ELIGIBLE_SIMPLEX_FRAME	FALSE	FALSE
9409	SSB0200	SSB02000230.TextGrid	9409/SSB02000230.TextGrid	4339	46570c23a95e7e730d2d4ea5ec60e4c4208aa528b287f5fe21dca421d8d4a895	BARE	2	1	1	一	一个月收入达到七千到八千元	development		START	个	个月收入达到七千	CLEAR_SIMPLEX	SIMPLEX_OTHER_EXTERNAL_CONTEXT	R3_REMAINING_SIMPLEX_YI_GE	selected_一_is_not_part_of_visible_complex_cardinal_and_is_immediately_followed_by_count_classifier_个	Wu 2024 journal p.370 examples (7)-(8) and p.381 example (20a)	YI_T2	YI_T2	yi2	YI_T2	MATCH	MATCH	ELIGIBLE_SIMPLEX_FRAME	FALSE	FALSE
9416	SSB0200	SSB02000237.TextGrid	9416/SSB02000237.TextGrid	4793	b156b9ac6d72f05ba30521927d7126da411dce4cdc2894697f29a2eae9ca92c2	BARE	7	6	1	一	这也将催生一个全新的游戏模式	development	这也将催生	生	个	个全新的游戏模式	CLEAR_SIMPLEX	SIMPLEX_OTHER_EXTERNAL_CONTEXT	R3_REMAINING_SIMPLEX_YI_GE	selected_一_is_not_part_of_visible_complex_cardinal_and_is_immediately_followed_by_count_classifier_个	Wu 2024 journal p.370 examples (7)-(8) and p.381 example (20a)	YI_T2	YI_T2	yi2	YI_T2	MATCH	MATCH	ELIGIBLE_SIMPLEX_FRAME	FALSE	FALSE
9578	SSB0200	SSB02000408.TextGrid	9578/SSB02000408.TextGrid	4086	63cd9bf45be0200a389433f77c3217ec4f58cfd43322f3eecbddd0f45a059fde	BARE	10	9	1	一	他就是世界田径的一个奇迹	development	他就是世界田径的	的	个	个奇迹	CLEAR_SIMPLEX	SIMPLEX_OTHER_EXTERNAL_CONTEXT	R3_REMAINING_SIMPLEX_YI_GE	selected_一_is_not_part_of_visible_complex_cardinal_and_is_immediately_followed_by_count_classifier_个	Wu 2024 journal p.370 examples (7)-(8) and p.381 example (20a)	YI_T2	YI_T2	yi2	YI_T2	MATCH	MATCH	ELIGIBLE_SIMPLEX_FRAME	FALSE	FALSE
9614	SSB0200	SSB02000447.TextGrid	9614/SSB02000447.TextGrid	4473	599e8a280910b68b02da029c0cb74b8bae44ada1f420f79806d2f0d9469c9dde	BARE	5	4	1	一	每装配一个产品要多长时间	development	每装配	配	个	个产品要多长时间	CLEAR_SIMPLEX	SIMPLEX_OTHER_EXTERNAL_CONTEXT	R3_REMAINING_SIMPLEX_YI_GE	selected_一_is_not_part_of_visible_complex_cardinal_and_is_immediately_followed_by_count_classifier_个	Wu 2024 journal p.370 examples (7)-(8) and p.381 example (20a)	YI_T2	YI_T2	yi2	YI_T2	MATCH	MATCH	ELIGIBLE_SIMPLEX_FRAME	FALSE	FALSE
9710	SSB0241	SSB02410065.TextGrid	9710/SSB02410065.TextGrid	3319	fdca307aeef9b658522cc36ad278b5dcad9e7e8a4ac2f4ce104a6f5ab7d591b2	BARE	6	4	1	一	但最近一个时期以来	development	但最近	近	个	个时期以来	CLEAR_SIMPLEX	SIMPLEX_OTHER_EXTERNAL_CONTEXT	R3_REMAINING_SIMPLEX_YI_GE	selected_一_is_not_part_of_visible_complex_cardinal_and_is_immediately_followed_by_count_classifier_个	Wu 2024 journal p.370 examples (7)-(8) and p.381 example (20a)	YI_T2	YI_T2	yi2	YI_T2	MATCH	MATCH	ELIGIBLE_SIMPLEX_FRAME	FALSE	FALSE
9724	SSB0241	SSB02410079.TextGrid	9724/SSB02410079.TextGrid	4330	52a0759ef2c0a4bf5bd4368b5ea4c7184a8f85bc48f2e014e62cc804d3408c66	BARE	9	8	1	一	影片大卖的其中一个重要原因	development	影片大卖的其中	中	个	个重要原因	CLEAR_SIMPLEX	SIMPLEX_OTHER_EXTERNAL_CONTEXT	R3_REMAINING_SIMPLEX_YI_GE	selected_一_is_not_part_of_visible_complex_cardinal_and_is_immediately_followed_by_count_classifier_个	Wu 2024 journal p.370 examples (7)-(8) and p.381 example (20a)	YI_T2	YI_T2	yi2	YI_T2	MATCH	MATCH	ELIGIBLE_SIMPLEX_FRAME	FALSE	FALSE
9744	SSB0241	SSB02410103.TextGrid	9744/SSB02410103.TextGrid	4121	60331ac1e6da54903090fb4308542b7b19046c342bc9540b04afd043b68839d6	BARE	2	1	1	一	一个月前的雅加达世锦赛	development		START	个	个月前的雅加达世	CLEAR_SIMPLEX	SIMPLEX_OTHER_EXTERNAL_CONTEXT	R3_REMAINING_SIMPLEX_YI_GE	selected_一_is_not_part_of_visible_complex_cardinal_and_is_immediately_followed_by_count_classifier_个	Wu 2024 journal p.370 examples (7)-(8) and p.381 example (20a)	YI_T2	YI_T2	yi2	YI_T2	MATCH	MATCH	ELIGIBLE_SIMPLEX_FRAME	FALSE	FALSE
10044	SSB0241	SSB02410423.TextGrid	10044/SSB02410423.TextGrid	4194	85f940d7fcf4caae62df11aea554c2e22553fb6f50ff3789fdc1940c7f944154	BARE	8	6	1	一	相时机拆掉一个中等县城	development	相时机拆掉	掉	个	个中等县城	CLEAR_SIMPLEX	SIMPLEX_OTHER_EXTERNAL_CONTEXT	R3_REMAINING_SIMPLEX_YI_GE	selected_一_is_not_part_of_visible_complex_cardinal_and_is_immediately_followed_by_count_classifier_个	Wu 2024 journal p.370 examples (7)-(8) and p.381 example (20a)	YI_T2	YI_T2	yi2	YI_T2	MATCH	MATCH	ELIGIBLE_SIMPLEX_FRAME	FALSE	FALSE
10071	SSB0241	SSB02410453.TextGrid	10071/SSB02410453.TextGrid	7236	187a975620d7caaeec513789b6225a8159e11a0ed68a371f66442f9062630ef0	ORDINAL	19	17	1	一	一家人开开心心度过搬迁新居后的第一个传统节日	development	过搬迁新居后的第	第	个	个传统节日	ORDINAL_ABSOLUTE	EXACT_DI_YI_GE	R0_EXACT_ORDINAL	selected_target_occurs_in_exact_第一个	Wu 2024 journal p.374 example (15)	YI_T1	YI_T1	yi1	YI_T1	MATCH	MATCH	ELIGIBLE_ORDINAL_FRAME	FALSE	FALSE
10159	SSB0246	SSB02460076.TextGrid	10159/SSB02460076.TextGrid	4146	f087d9752dbdb825536fa74b6a711924a835dd515c7134a3adebabb61e521730	BARE	8	7	1	一	虽然是出席同一个品牌活动	development	虽然是出席同	同	个	个品牌活动	CLEAR_SIMPLEX	SIMPLEX_MODIFIED_TONG	R3_REMAINING_SIMPLEX_YI_GE	visible_string=同一个; selected_一_is_immediately_followed_by_count_classifier_个	Wu 2024 journal p.370 examples (7)-(8) and p.381 example (20a)	YI_T2	YI_T2	yi2	YI_T2	MATCH	MATCH	ELIGIBLE_SIMPLEX_FRAME	FALSE	FALSE
10203	SSB0246	SSB02460126.TextGrid	10203/SSB02460126.TextGrid	4852	0773e915e06708166c9c09ead58e3e0c64ab610d246e38164260028929a49f23	BARE	10	9	1	一	将为奇异博士打造一个全新的故事	development	将为奇异博士打造	造	个	个全新的故事	CLEAR_SIMPLEX	SIMPLEX_OTHER_EXTERNAL_CONTEXT	R3_REMAINING_SIMPLEX_YI_GE	selected_一_is_not_part_of_visible_complex_cardinal_and_is_immediately_followed_by_count_classifier_个	Wu 2024 journal p.370 examples (7)-(8) and p.381 example (20a)	YI_T2	YI_T2	yi2	YI_T2	MATCH	MATCH	ELIGIBLE_SIMPLEX_FRAME	FALSE	FALSE
10229	SSB0246	SSB02460154.TextGrid	10229/SSB02460154.TextGrid	5363	d109165e6c20890a714a8688e3954854a5df9867629c00c5c73130a3bf984b40	BARE	15	14	1	一	今日美国报道中所提出的这样一个疑问	development	道中所提出的这样	样	个	个疑问	CLEAR_SIMPLEX	SIMPLEX_OTHER_EXTERNAL_CONTEXT	R3_REMAINING_SIMPLEX_YI_GE	selected_一_is_not_part_of_visible_complex_cardinal_and_is_immediately_followed_by_count_classifier_个	Wu 2024 journal p.370 examples (7)-(8) and p.381 example (20a)	YI_T2	YI_T2	yi2	YI_T2	MATCH	MATCH	ELIGIBLE_SIMPLEX_FRAME	FALSE	FALSE
10307	SSB0246	SSB02460245.TextGrid	10307/SSB02460245.TextGrid	6428	851bda4b9adab6ab616406fff84d129650a1c54cbde7892682a76ae1ce3706c1	ORDINAL	3	2	1	一	第一个突破万亿美元市值的到底会不会是苹果呢	development	第	第	个	个突破万亿美元市	ORDINAL_ABSOLUTE	EXACT_DI_YI_GE	R0_EXACT_ORDINAL	selected_target_occurs_in_exact_第一个	Wu 2024 journal p.374 example (15)	YI_T1	YI_T1	yi2	YI_T2	COUNTEREXAMPLE	COUNTEREXAMPLE	ELIGIBLE_ORDINAL_FRAME	FALSE	FALSE
10310	SSB0246	SSB02460248.TextGrid	10310/SSB02460248.TextGrid	6241	7bb51d925cbbd51299807017ded731b6fb55e1efb54ba0a0abad1cf2ceff3fcc	BARE	18	16	1	一	浙江人有多爱创业每十二人中就有一个老板	development	业每十二人中就有	有	个	个老板	CLEAR_SIMPLEX	SIMPLEX_OTHER_EXTERNAL_CONTEXT	R3_REMAINING_SIMPLEX_YI_GE	selected_一_is_not_part_of_visible_complex_cardinal_and_is_immediately_followed_by_count_classifier_个	Wu 2024 journal p.370 examples (7)-(8) and p.381 example (20a)	YI_T2	YI_T2	yi2	YI_T2	MATCH	MATCH	ELIGIBLE_SIMPLEX_FRAME	FALSE	FALSE
10339	SSB0246	SSB02460279.TextGrid	10339/SSB02460279.TextGrid	6098	a090c781b2a90702a943873531a890880abed716b8d84bc7125641b51140d108	BARE	4	3	1	一	看到一个穿着白色衣服留披肩发的工作人员	development	看到	到	个	个穿着白色衣服留	CLEAR_SIMPLEX	SIMPLEX_OTHER_EXTERNAL_CONTEXT	R3_REMAINING_SIMPLEX_YI_GE	selected_一_is_not_part_of_visible_complex_cardinal_and_is_immediately_followed_by_count_classifier_个	Wu 2024 journal p.370 examples (7)-(8) and p.381 example (20a)	YI_T2	YI_T2	yi2	YI_T2	MATCH	MATCH	ELIGIBLE_SIMPLEX_FRAME	FALSE	FALSE
10349	SSB0246	SSB02460290.TextGrid	10349/SSB02460290.TextGrid	5164	cb32829303306e98d52d7bb83c87e98401482279fcb4b0aa79e4f691230cc223	BARE	14	13	1	一	平均每一二个浙江人中就有一个老板	development	二个浙江人中就有	有	个	个老板	CLEAR_SIMPLEX	SIMPLEX_OTHER_EXTERNAL_CONTEXT	R3_REMAINING_SIMPLEX_YI_GE	selected_一_is_not_part_of_visible_complex_cardinal_and_is_immediately_followed_by_count_classifier_个	Wu 2024 journal p.370 examples (7)-(8) and p.381 example (20a)	YI_T2	YI_T2	yi2	YI_T2	MATCH	MATCH	ELIGIBLE_SIMPLEX_FRAME	FALSE	FALSE
10370	SSB0246	SSB02460311.TextGrid	10370/SSB02460311.TextGrid	7082	443d893b09942a39698faf32952bff0203c6c7d40db09bd4a58f2f4c8794ea3b	BARE	14	13	1	一	而是单刀直入地把他塑造成一个可以施展超能力的英雄	development	直入地把他塑造成	成	个	个可以施展超能力	CLEAR_SIMPLEX	SIMPLEX_OTHER_EXTERNAL_CONTEXT	R3_REMAINING_SIMPLEX_YI_GE	selected_一_is_not_part_of_visible_complex_cardinal_and_is_immediately_followed_by_count_classifier_个	Wu 2024 journal p.370 examples (7)-(8) and p.381 example (20a)	YI_T2	YI_T2	yi2	YI_T2	MATCH	MATCH	ELIGIBLE_SIMPLEX_FRAME	FALSE	FALSE
10374	SSB0246	SSB02460316.TextGrid	10374/SSB02460316.TextGrid	7022	7bd73fa1a5f05c23040430bbd4b1549e11d9438bc50d1ee0d005b2a3a6cc9bff	BARE	16	15	1	一	我国城镇旧房改造和危房处置是一个动态连续过程	development	改造和危房处置是	是	个	个动态连续过程	CLEAR_SIMPLEX	SIMPLEX_OTHER_EXTERNAL_CONTEXT	R3_REMAINING_SIMPLEX_YI_GE	selected_一_is_not_part_of_visible_complex_cardinal_and_is_immediately_followed_by_count_classifier_个	Wu 2024 journal p.370 examples (7)-(8) and p.381 example (20a)	YI_T2	YI_T2	yi2	YI_T2	MATCH	MATCH	ELIGIBLE_SIMPLEX_FRAME	FALSE	FALSE
10434	SSB0246	SSB02460384.TextGrid	10434/SSB02460384.TextGrid	5422	cf178d4b5731597b0c36f83af5173823e2e79795951dc5cdd7eaae9be2c91cd9	BARE	14	13	1	一	在萧山区第二中等职业学校一个班级里	development	第二中等职业学校	校	个	个班级里	CLEAR_SIMPLEX	SIMPLEX_OTHER_EXTERNAL_CONTEXT	R3_REMAINING_SIMPLEX_YI_GE	selected_一_is_not_part_of_visible_complex_cardinal_and_is_immediately_followed_by_count_classifier_个	Wu 2024 journal p.370 examples (7)-(8) and p.381 example (20a)	YI_T2	YI_T2	yi2	YI_T2	MATCH	MATCH	ELIGIBLE_SIMPLEX_FRAME	FALSE	FALSE
10477	SSB0246	SSB02460431.TextGrid	10477/SSB02460431.TextGrid	3627	8500353e06bccc8b54e7ac0f4a93ea6e53e207d87607171638eb5945170c9aa5	BARE	4	3	1	一	对于一个本就利薄的领域	development	对于	于	个	个本就利薄的领域	CLEAR_SIMPLEX	SIMPLEX_OTHER_EXTERNAL_CONTEXT	R3_REMAINING_SIMPLEX_YI_GE	selected_一_is_not_part_of_visible_complex_cardinal_and_is_immediately_followed_by_count_classifier_个	Wu 2024 journal p.370 examples (7)-(8) and p.381 example (20a)	YI_T2	YI_T2	yi2	YI_T2	MATCH	MATCH	ELIGIBLE_SIMPLEX_FRAME	FALSE	FALSE
10557	SSB0261	SSB02610029.TextGrid	10557/SSB02610029.TextGrid	5407	a1a2ae93ad72a1de6abe6ebe97d3aaf811cc7c85f6f2423d497034b7c7992115	BARE	11	10	1	一	全然不知我体内附着一个疯癫鹰女神	development	然不知我体内附着	着	个	个疯癫鹰女神	CLEAR_SIMPLEX	SIMPLEX_OTHER_EXTERNAL_CONTEXT	R3_REMAINING_SIMPLEX_YI_GE	selected_一_is_not_part_of_visible_complex_cardinal_and_is_immediately_followed_by_count_classifier_个	Wu 2024 journal p.370 examples (7)-(8) and p.381 example (20a)	YI_T2	YI_T2	yi2	YI_T2	MATCH	MATCH	ELIGIBLE_SIMPLEX_FRAME	FALSE	FALSE
10678	SSB0261	SSB02610155.TextGrid	10678/SSB02610155.TextGrid	3627	d411829b667d95e6a06949a0137b7f205e97dc8a684565a168f6e47db617ed2b	BARE	3	2	1	一	有一个孤独的大号儿演奏者	development	有	有	个	个孤独的大号儿演	CLEAR_SIMPLEX	SIMPLEX_OTHER_EXTERNAL_CONTEXT	R3_REMAINING_SIMPLEX_YI_GE	selected_一_is_not_part_of_visible_complex_cardinal_and_is_immediately_followed_by_count_classifier_个	Wu 2024 journal p.370 examples (7)-(8) and p.381 example (20a)	YI_T2	YI_T2	yi2	YI_T2	MATCH	MATCH	ELIGIBLE_SIMPLEX_FRAME	FALSE	FALSE
10704	SSB0261	SSB02610182.TextGrid	10704/SSB02610182.TextGrid	4151	39b744f3bee2683644490bc4bf62d590aff1f3023c398535b4343886ed0aa3ce	BARE	5	4	1	一	包装成一个很大的企业集团	development	包装成	成	个	个很大的企业集团	CLEAR_SIMPLEX	SIMPLEX_OTHER_EXTERNAL_CONTEXT	R3_REMAINING_SIMPLEX_YI_GE	selected_一_is_not_part_of_visible_complex_cardinal_and_is_immediately_followed_by_count_classifier_个	Wu 2024 journal p.370 examples (7)-(8) and p.381 example (20a)	YI_T2	YI_T2	yi2	YI_T2	MATCH	MATCH	ELIGIBLE_SIMPLEX_FRAME	FALSE	FALSE
10725	SSB0261	SSB02610204.TextGrid	10725/SSB02610204.TextGrid	4080	1f6637891f55847797ee2c8071b9f61a686445a14c4b22d0e52a57828f20c341	BARE	7	6	1	一	我有次见过一个人跑了九里	development	我有次见过	过	个	个人跑了九里	CLEAR_SIMPLEX	SIMPLEX_OTHER_EXTERNAL_CONTEXT	R3_REMAINING_SIMPLEX_YI_GE	selected_一_is_not_part_of_visible_complex_cardinal_and_is_immediately_followed_by_count_classifier_个	Wu 2024 journal p.370 examples (7)-(8) and p.381 example (20a)	YI_T2	YI_T2	yi2	YI_T2	MATCH	MATCH	ELIGIBLE_SIMPLEX_FRAME	FALSE	FALSE
10755	SSB0261	SSB02610238.TextGrid	10755/SSB02610238.TextGrid	2113	a48bd338cc81c50b41ed88f96c166895bf9f12eec4e6e382e53c2905751f57d9	BARE	2	1	1	一	一个礼拜前	development		START	个	个礼拜前	CLEAR_SIMPLEX	SIMPLEX_OTHER_EXTERNAL_CONTEXT	R3_REMAINING_SIMPLEX_YI_GE	selected_一_is_not_part_of_visible_complex_cardinal_and_is_immediately_followed_by_count_classifier_个	Wu 2024 journal p.370 examples (7)-(8) and p.381 example (20a)	YI_T2	YI_T2	yi2	YI_T2	MATCH	MATCH	ELIGIBLE_SIMPLEX_FRAME	FALSE	FALSE
10876	SSB0261	SSB02610369.TextGrid	10876/SSB02610369.TextGrid	3559	6dee3a82c85b182d1a26d86b2ca48d3618302766814ee70c47ad7f721c77e3f1	BARE	7	6	1	一	我们要设立一个基准线	development	我们要设立	立	个	个基准线	CLEAR_SIMPLEX	SIMPLEX_OTHER_EXTERNAL_CONTEXT	R3_REMAINING_SIMPLEX_YI_GE	selected_一_is_not_part_of_visible_complex_cardinal_and_is_immediately_followed_by_count_classifier_个	Wu 2024 journal p.370 examples (7)-(8) and p.381 example (20a)	YI_T2	YI_T2	yi2	YI_T2	MATCH	MATCH	ELIGIBLE_SIMPLEX_FRAME	FALSE	FALSE
10988	SSB0261	SSB02610488.TextGrid	10988/SSB02610488.TextGrid	3758	bc59144f41e5a4cd2cad37861446503dc984420dd5e60240ed87a8e00b07b304	BARE	4	3	1	一	他是一个和我同龄的男孩儿	development	他是	是	个	个和我同龄的男孩	CLEAR_SIMPLEX	SIMPLEX_OTHER_EXTERNAL_CONTEXT	R3_REMAINING_SIMPLEX_YI_GE	selected_一_is_not_part_of_visible_complex_cardinal_and_is_immediately_followed_by_count_classifier_个	Wu 2024 journal p.370 examples (7)-(8) and p.381 example (20a)	YI_T2	YI_T2	yi2	YI_T2	MATCH	MATCH	ELIGIBLE_SIMPLEX_FRAME	FALSE	FALSE
11051	SSB0267	SSB02670053.TextGrid	11051/SSB02670053.TextGrid	4075	7373bd72333340361d44eaae28b9e2bb56f27f3e53e5b4142be03201b5b58bb6	BARE	5	4	1	一	给他们一个未接来电就好了	confirmation	给他们	们	个	个未接来电就好了	CLEAR_SIMPLEX	SIMPLEX_OTHER_EXTERNAL_CONTEXT	R3_REMAINING_SIMPLEX_YI_GE	selected_一_is_not_part_of_visible_complex_cardinal_and_is_immediately_followed_by_count_classifier_个	Wu 2024 journal p.370 examples (7)-(8) and p.381 example (20a)	YI_T2	YI_T2	yi2	YI_T2	MATCH	MATCH	ELIGIBLE_SIMPLEX_FRAME	FALSE	FALSE
11227	SSB0267	SSB02670239.TextGrid	11227/SSB02670239.TextGrid	3619	92d9e631f22583d8367361b4af5d0a53a7c2fb821e6529fa831565c3a640e1a8	BARE	2	1	1	一	一个我很不想干的工作	confirmation		START	个	个我很不想干的工	CLEAR_SIMPLEX	SIMPLEX_OTHER_EXTERNAL_CONTEXT	R3_REMAINING_SIMPLEX_YI_GE	selected_一_is_not_part_of_visible_complex_cardinal_and_is_immediately_followed_by_count_classifier_个	Wu 2024 journal p.370 examples (7)-(8) and p.381 example (20a)	YI_T2	YI_T2	yi2	YI_T2	MATCH	MATCH	ELIGIBLE_SIMPLEX_FRAME	FALSE	FALSE
11249	SSB0267	SSB02670267.TextGrid	11249/SSB02670267.TextGrid	4185	99feda6d3aa92251a0700160ef0c2ba21e3223be495129d253589e4f2643840e	ORDINAL	12	10	1	一	播放第四排第六行第一个字	confirmation	放第四排第六行第	第	个	个字	ORDINAL_ABSOLUTE	EXACT_DI_YI_GE	R0_EXACT_ORDINAL	selected_target_occurs_in_exact_第一个	Wu 2024 journal p.374 example (15)	YI_T1	YI_T1	yi1	YI_T1	MATCH	MATCH	ELIGIBLE_ORDINAL_FRAME	FALSE	FALSE
11380	SSB0267	SSB02670405.TextGrid	11380/SSB02670405.TextGrid	5348	d73cdd103d380ed97be8a79a97cbf79f54e7301dbe18ee1462cb0cd0250a1b00	BARE	8	7	1	一	他还有些话托一个叫紫霞仙子的人说	confirmation	他还有些话托	托	个	个叫紫霞仙子的人	CLEAR_SIMPLEX	SIMPLEX_OTHER_EXTERNAL_CONTEXT	R3_REMAINING_SIMPLEX_YI_GE	selected_一_is_not_part_of_visible_complex_cardinal_and_is_immediately_followed_by_count_classifier_个	Wu 2024 journal p.370 examples (7)-(8) and p.381 example (20a)	YI_T2	YI_T2	yi2	YI_T2	MATCH	MATCH	ELIGIBLE_SIMPLEX_FRAME	FALSE	FALSE
11476	SSB0273	SSB02730003.TextGrid	11476/SSB02730003.TextGrid	4090	a5053e4d7e7b15f7eb2f86e964e9e34e32959998be163eda5bc9388f39f8fd47	BARE	7	6	1	一	在她面前是一个诡异的镜子	confirmation	在她面前是	是	个	个诡异的镜子	CLEAR_SIMPLEX	SIMPLEX_OTHER_EXTERNAL_CONTEXT	R3_REMAINING_SIMPLEX_YI_GE	selected_一_is_not_part_of_visible_complex_cardinal_and_is_immediately_followed_by_count_classifier_个	Wu 2024 journal p.370 examples (7)-(8) and p.381 example (20a)	YI_T2	YI_T2	yi2	YI_T2	MATCH	MATCH	ELIGIBLE_SIMPLEX_FRAME	FALSE	FALSE
11616	SSB0273	SSB02730155.TextGrid	11616/SSB02730155.TextGrid	3375	1dad80127857312de4070a3f030137076a93663dfda3c15e6f58881d4604ce8e	BARE	5	4	1	一	但这是一个粗略的估计	confirmation	但这是	是	个	个粗略的估计	CLEAR_SIMPLEX	SIMPLEX_OTHER_EXTERNAL_CONTEXT	R3_REMAINING_SIMPLEX_YI_GE	selected_一_is_not_part_of_visible_complex_cardinal_and_is_immediately_followed_by_count_classifier_个	Wu 2024 journal p.370 examples (7)-(8) and p.381 example (20a)	YI_T2	YI_T2	yi2	YI_T2	MATCH	MATCH	ELIGIBLE_SIMPLEX_FRAME	FALSE	FALSE
11658	SSB0273	SSB02730197.TextGrid	11658/SSB02730197.TextGrid	3642	5491441438b004850ddc1be58b5d02a1187eef8577ab74f0023f5f6ea4e09b40	BARE	4	3	1	一	这是一个多么眼熟的故事	confirmation	这是	是	个	个多么眼熟的故事	CLEAR_SIMPLEX	SIMPLEX_OTHER_EXTERNAL_CONTEXT	R3_REMAINING_SIMPLEX_YI_GE	selected_一_is_not_part_of_visible_complex_cardinal_and_is_immediately_followed_by_count_classifier_个	Wu 2024 journal p.370 examples (7)-(8) and p.381 example (20a)	YI_T2	YI_T2	yi2	YI_T2	MATCH	MATCH	ELIGIBLE_SIMPLEX_FRAME	FALSE	FALSE
11671	SSB0273	SSB02730211.TextGrid	11671/SSB02730211.TextGrid	6543	232656b2786d44e71fd9b305b0614e8920c270e450b7d5ce4a7c0ecc1976f946	BARE	7	6	1	一	苹果开发了一个由各种产品和服务组成的生态链	confirmation	苹果开发了	了	个	个由各种产品和服	CLEAR_SIMPLEX	SIMPLEX_OTHER_EXTERNAL_CONTEXT	R3_REMAINING_SIMPLEX_YI_GE	selected_一_is_not_part_of_visible_complex_cardinal_and_is_immediately_followed_by_count_classifier_个	Wu 2024 journal p.370 examples (7)-(8) and p.381 example (20a)	YI_T2	YI_T2	yi2	YI_T2	MATCH	MATCH	ELIGIBLE_SIMPLEX_FRAME	FALSE	FALSE
11676	SSB0273	SSB02730216.TextGrid	11676/SSB02730216.TextGrid	6430	421ead922e3ecbb54757f1f534b492596ee7f5f5ed8c7126b40c1cc303cf6249	BARE	17	16	1	一	那么让所有这些大一统的设备还在一个品牌名下	confirmation	大一统的设备还在	在	个	个品牌名下	CLEAR_SIMPLEX	SIMPLEX_OTHER_EXTERNAL_CONTEXT	R3_REMAINING_SIMPLEX_YI_GE	selected_一_is_not_part_of_visible_complex_cardinal_and_is_immediately_followed_by_count_classifier_个	Wu 2024 journal p.370 examples (7)-(8) and p.381 example (20a)	YI_T2	YI_T2	yi2	YI_T2	MATCH	MATCH	ELIGIBLE_SIMPLEX_FRAME	FALSE	FALSE
11692	SSB0273	SSB02730233.TextGrid	11692/SSB02730233.TextGrid	3068	db1d77ad0f9e3918058d3caea9ca507110ac5b47fa6c474a49af3b0abcb3fed9	BARE	2	1	1	一	一个女孩儿站在床上	confirmation		START	个	个女孩儿站在床上	CLEAR_SIMPLEX	SIMPLEX_OTHER_EXTERNAL_CONTEXT	R3_REMAINING_SIMPLEX_YI_GE	selected_一_is_not_part_of_visible_complex_cardinal_and_is_immediately_followed_by_count_classifier_个	Wu 2024 journal p.370 examples (7)-(8) and p.381 example (20a)	YI_T2	YI_T2	yi2	YI_T2	MATCH	MATCH	ELIGIBLE_SIMPLEX_FRAME	FALSE	FALSE
11900	SSB0273	SSB02730456.TextGrid	11900/SSB02730456.TextGrid	6836	675fb420877a60ce693574ea80cee5924dbb0542932602293c0dc752f960a6fe	BARE	13	11	1	一	另一头隐隐约约浮现出一个大人和一个小孩的影子	confirmation	头隐隐约约浮现出	出	个	个大人和一个小孩	CLEAR_SIMPLEX	SIMPLEX_OTHER_EXTERNAL_CONTEXT	R3_REMAINING_SIMPLEX_YI_GE	selected_一_is_not_part_of_visible_complex_cardinal_and_is_immediately_followed_by_count_classifier_个	Wu 2024 journal p.370 examples (7)-(8) and p.381 example (20a)	YI_T2	YI_T2	yi2	YI_T2	MATCH	MATCH	ELIGIBLE_SIMPLEX_FRAME	FALSE	FALSE
11900	SSB0273	SSB02730456.TextGrid	11900/SSB02730456.TextGrid	6836	675fb420877a60ce693574ea80cee5924dbb0542932602293c0dc752f960a6fe	BARE	18	16	2	一	另一头隐隐约约浮现出一个大人和一个小孩的影子	confirmation	浮现出一个大人和	和	个	个小孩的影子	CLEAR_SIMPLEX	SIMPLEX_OTHER_EXTERNAL_CONTEXT	R3_REMAINING_SIMPLEX_YI_GE	selected_一_is_not_part_of_visible_complex_cardinal_and_is_immediately_followed_by_count_classifier_个	Wu 2024 journal p.370 examples (7)-(8) and p.381 example (20a)	YI_T2	YI_T2	yi2	YI_T2	MATCH	MATCH	ELIGIBLE_SIMPLEX_FRAME	FALSE	FALSE
11923	SSB0273	SSB02730479.TextGrid	11923/SSB02730479.TextGrid	6856	3c64039403e5e9649d6d36b940d9d81c00fc99cb793705268e9201a63eceb748	BARE	8	6	1	一	再保险也是一个很重要的改善偿付能力的措施	confirmation	再保险也是	是	个	个很重要的改善偿	CLEAR_SIMPLEX	SIMPLEX_OTHER_EXTERNAL_CONTEXT	R3_REMAINING_SIMPLEX_YI_GE	selected_一_is_not_part_of_visible_complex_cardinal_and_is_immediately_followed_by_count_classifier_个	Wu 2024 journal p.370 examples (7)-(8) and p.381 example (20a)	YI_T2	YI_T2	yi2	YI_T2	MATCH	MATCH	ELIGIBLE_SIMPLEX_FRAME	FALSE	FALSE
11934	SSB0287	SSB02870001.TextGrid	11934/SSB02870001.TextGrid	3642	7d10775824ca5aaa441d1cd05655e38b4fc39733c94e47c6d07809660eab1ed4	BARE	7	6	1	一	接下来会有一个小调整	development	接下来会有	有	个	个小调整	CLEAR_SIMPLEX	SIMPLEX_OTHER_EXTERNAL_CONTEXT	R3_REMAINING_SIMPLEX_YI_GE	selected_一_is_not_part_of_visible_complex_cardinal_and_is_immediately_followed_by_count_classifier_个	Wu 2024 journal p.370 examples (7)-(8) and p.381 example (20a)	YI_T2	YI_T2	yi2	YI_T2	MATCH	MATCH	ELIGIBLE_SIMPLEX_FRAME	FALSE	FALSE
11935	SSB0287	SSB02870002.TextGrid	11935/SSB02870002.TextGrid	4266	7d4eb77ae670b71bc07810d3d375b9690c432e04f2954d2f2b1c61cc46d85f72	BARE	11	10	1	一	他一直是我最尊敬的一个对手	development	一直是我最尊敬的	的	个	个对手	CLEAR_SIMPLEX	SIMPLEX_OTHER_EXTERNAL_CONTEXT	R3_REMAINING_SIMPLEX_YI_GE	selected_一_is_not_part_of_visible_complex_cardinal_and_is_immediately_followed_by_count_classifier_个	Wu 2024 journal p.370 examples (7)-(8) and p.381 example (20a)	YI_T2	YI_T2	yi2	YI_T2	MATCH	MATCH	ELIGIBLE_SIMPLEX_FRAME	FALSE	FALSE
11953	SSB0287	SSB02870020.TextGrid	11953/SSB02870020.TextGrid	6948	6ede08019ca3fc86b00eff492528c11206c31297be897f7a2441caacd2666422	BARE	4	3	1	一	而每一个在华开展业务的外资汽车品牌都会告诉特斯拉	development	而每	每	个	个在华开展业务的	CLEAR_SIMPLEX	SIMPLEX_MODIFIED_MEI	R3_REMAINING_SIMPLEX_YI_GE	visible_string=每一个; selected_一_is_immediately_followed_by_count_classifier_个	Wu 2024 journal p.370 examples (7)-(8) and p.381 example (20a)	YI_T2	YI_T2	yi2	YI_T2	MATCH	MATCH	ELIGIBLE_SIMPLEX_FRAME	FALSE	FALSE
11959	SSB0287	SSB02870026.TextGrid	11959/SSB02870026.TextGrid	3831	ef9262cbe8748b6bb14bf7c02834839d740d6996f941751a547dfa7a6810f970	BARE	11	10	1	一	他始终是站在中间那一个	development	始终是站在中间那	那	个	个	CLEAR_SIMPLEX	SIMPLEX_OTHER_EXTERNAL_CONTEXT	R3_REMAINING_SIMPLEX_YI_GE	selected_一_is_not_part_of_visible_complex_cardinal_and_is_immediately_followed_by_count_classifier_个	Wu 2024 journal p.370 examples (7)-(8) and p.381 example (20a)	YI_T2	YI_T2	yi2	YI_T2	MATCH	MATCH	ELIGIBLE_SIMPLEX_FRAME	FALSE	FALSE
11967	SSB0287	SSB02870034.TextGrid	11967/SSB02870034.TextGrid	4024	ca96c044718104cfb3482b0a3b3b7428b3fcda9ec3bb867730f1881ec1cf5aa5	BARE	12	11	1	一	调到第八排第三行最后一个	development	第八排第三行最后	后	个	个	CLEAR_SIMPLEX	SIMPLEX_SEQUENTIAL_ZUIHOU	R3_REMAINING_SIMPLEX_YI_GE	visible_string=最后一个; selected_一_is_immediately_followed_by_count_classifier_个	Wu 2024 journal p.370 examples (7)-(8) and p.381 example (20a)	YI_T2	YI_T2	yi2	YI_T2	MATCH	MATCH	ELIGIBLE_SIMPLEX_FRAME	FALSE	FALSE
12120	SSB0287	SSB02870192.TextGrid	12120/SSB02870192.TextGrid	5041	04927e39241e7daed91eabed659d7af6fb9b04d5284c492a151ff18c514dfa39	BARE	10	9	1	一	现在最重要的是有一个健康的身体	development	现在最重要的是有	有	个	个健康的身体	CLEAR_SIMPLEX	SIMPLEX_OTHER_EXTERNAL_CONTEXT	R3_REMAINING_SIMPLEX_YI_GE	selected_一_is_not_part_of_visible_complex_cardinal_and_is_immediately_followed_by_count_classifier_个	Wu 2024 journal p.370 examples (7)-(8) and p.381 example (20a)	YI_T2	YI_T2	yi2	YI_T2	MATCH	MATCH	ELIGIBLE_SIMPLEX_FRAME	FALSE	FALSE
12144	SSB0287	SSB02870218.TextGrid	12144/SSB02870218.TextGrid	7299	d9e4bd956b6ad51641351e16d9da90f606b6e12536726b818f77f1a10a3bcc37	BARE	23	20	1	一	而特斯拉在这里遇到的麻烦是它全球境况的一个缩影	development	烦是它全球境况的	的	个	个缩影	CLEAR_SIMPLEX	SIMPLEX_OTHER_EXTERNAL_CONTEXT	R3_REMAINING_SIMPLEX_YI_GE	selected_一_is_not_part_of_visible_complex_cardinal_and_is_immediately_followed_by_count_classifier_个	Wu 2024 journal p.370 examples (7)-(8) and p.381 example (20a)	YI_T2	YI_T2	yi2	YI_T2	MATCH	MATCH	ELIGIBLE_SIMPLEX_FRAME	FALSE	FALSE
12159	SSB0287	SSB02870235.TextGrid	12159/SSB02870235.TextGrid	1741	a3ac5f42a7a0fe4936015e89c196ddd0e994c4f3db3fd33072c3b44e76793074	BARE	3	2	1	一	爱一个人	development	爱	爱	个	个人	CLEAR_SIMPLEX	SIMPLEX_OTHER_EXTERNAL_CONTEXT	R3_REMAINING_SIMPLEX_YI_GE	selected_一_is_not_part_of_visible_complex_cardinal_and_is_immediately_followed_by_count_classifier_个	Wu 2024 journal p.370 examples (7)-(8) and p.381 example (20a)	YI_T2	YI_T2	yi2	YI_T2	MATCH	MATCH	ELIGIBLE_SIMPLEX_FRAME	FALSE	FALSE
12195	SSB0287	SSB02870272.TextGrid	12195/SSB02870272.TextGrid	1799	791c291054fa4132810bf99f9a9126d606b12f7fb4866c6f27f1ee6e2239b2bc	BARE	3	2	1	一	放一个我	development	放	放	个	个我	CLEAR_SIMPLEX	SIMPLEX_OTHER_EXTERNAL_CONTEXT	R3_REMAINING_SIMPLEX_YI_GE	selected_一_is_not_part_of_visible_complex_cardinal_and_is_immediately_followed_by_count_classifier_个	Wu 2024 journal p.370 examples (7)-(8) and p.381 example (20a)	YI_T2	YI_T2	yi2	YI_T2	MATCH	MATCH	ELIGIBLE_SIMPLEX_FRAME	FALSE	FALSE
12239	SSB0287	SSB02870318.TextGrid	12239/SSB02870318.TextGrid	6615	7650493112d2c1aa1daaebfaa02ad7b80b3d11a14b9bc64bfe049137ddc58067	BARE	16	15	1	一	特斯拉原本希望中国成为和北美一个规模的市场	development	望中国成为和北美	美	个	个规模的市场	CLEAR_SIMPLEX	SIMPLEX_OTHER_EXTERNAL_CONTEXT	R3_REMAINING_SIMPLEX_YI_GE	selected_一_is_not_part_of_visible_complex_cardinal_and_is_immediately_followed_by_count_classifier_个	Wu 2024 journal p.370 examples (7)-(8) and p.381 example (20a)	YI_T2	YI_T2	yi2	YI_T2	MATCH	MATCH	ELIGIBLE_SIMPLEX_FRAME	FALSE	FALSE
12306	SSB0287	SSB02870392.TextGrid	12306/SSB02870392.TextGrid	3455	7c2719a2764c1f3c608a3df7768315d52c9a0a9a3184d4d62f104b5186f55bc3	BARE	8	7	1	一	但还迟迟没有一个结果	development	但还迟迟没有	有	个	个结果	CLEAR_SIMPLEX	SIMPLEX_OTHER_EXTERNAL_CONTEXT	R3_REMAINING_SIMPLEX_YI_GE	selected_一_is_not_part_of_visible_complex_cardinal_and_is_immediately_followed_by_count_classifier_个	Wu 2024 journal p.370 examples (7)-(8) and p.381 example (20a)	YI_T2	YI_T2	yi2	YI_T2	MATCH	MATCH	ELIGIBLE_SIMPLEX_FRAME	FALSE	FALSE
12448	SSB0288	SSB02880052.TextGrid	12448/SSB02880052.TextGrid	5410	2235e5434bcea1273007641146e8fa1c424eb35212633b940c40645e6c901a27	BARE	6	5	1	一	但它也有一个被称为树木的力量的项目	development	但它也有	有	个	个被称为树木的力	CLEAR_SIMPLEX	SIMPLEX_OTHER_EXTERNAL_CONTEXT	R3_REMAINING_SIMPLEX_YI_GE	selected_一_is_not_part_of_visible_complex_cardinal_and_is_immediately_followed_by_count_classifier_个	Wu 2024 journal p.370 examples (7)-(8) and p.381 example (20a)	YI_T2	YI_T2	yi2	YI_T2	MATCH	MATCH	ELIGIBLE_SIMPLEX_FRAME	FALSE	FALSE
12522	SSB0288	SSB02880139.TextGrid	12522/SSB02880139.TextGrid	7552	e5cf599898b6bd70d629ec1de23c0d64e252bdfccd08ad729976741d703f2cdb	BARE	2	1	1	一	一个家庭仅可选择一个项目的唯一套型进行意向登记	development		START	个	个家庭仅可选择一	CLEAR_SIMPLEX	SIMPLEX_OTHER_EXTERNAL_CONTEXT	R3_REMAINING_SIMPLEX_YI_GE	selected_一_is_not_part_of_visible_complex_cardinal_and_is_immediately_followed_by_count_classifier_个	Wu 2024 journal p.370 examples (7)-(8) and p.381 example (20a)	YI_T2	YI_T2	yi2	YI_T2	MATCH	MATCH	ELIGIBLE_SIMPLEX_FRAME	FALSE	FALSE
12522	SSB0288	SSB02880139.TextGrid	12522/SSB02880139.TextGrid	7552	e5cf599898b6bd70d629ec1de23c0d64e252bdfccd08ad729976741d703f2cdb	BARE	10	9	2	一	一个家庭仅可选择一个项目的唯一套型进行意向登记	development	一个家庭仅可选择	择	个	个项目的唯一套型	CLEAR_SIMPLEX	SIMPLEX_OTHER_EXTERNAL_CONTEXT	R3_REMAINING_SIMPLEX_YI_GE	selected_一_is_not_part_of_visible_complex_cardinal_and_is_immediately_followed_by_count_classifier_个	Wu 2024 journal p.370 examples (7)-(8) and p.381 example (20a)	YI_T2	YI_T2	yi2	YI_T2	MATCH	MATCH	ELIGIBLE_SIMPLEX_FRAME	FALSE	FALSE
12611	SSB0288	SSB02880239.TextGrid	12611/SSB02880239.TextGrid	3194	f5d04fb44872744ae89aada31b5a462cd6af67d4e9d6b3137517f70df836eb16	BARE	4	3	1	一	这是一个很好的概念	development	这是	是	个	个很好的概念	CLEAR_SIMPLEX	SIMPLEX_OTHER_EXTERNAL_CONTEXT	R3_REMAINING_SIMPLEX_YI_GE	selected_一_is_not_part_of_visible_complex_cardinal_and_is_immediately_followed_by_count_classifier_个	Wu 2024 journal p.370 examples (7)-(8) and p.381 example (20a)	YI_T2	YI_T2	yi2	YI_T2	MATCH	MATCH	ELIGIBLE_SIMPLEX_FRAME	FALSE	FALSE
12710	SSB0288	SSB02880348.TextGrid	12710/SSB02880348.TextGrid	4700	c0b5afc19f79c6be0c903fe89cf8c84d3a28f0b8d1f49a0c849a2fb0f8f26abb	BARE	9	8	1	一	我们不得不面对一个残酷的现实	development	我们不得不面对	对	个	个残酷的现实	CLEAR_SIMPLEX	SIMPLEX_OTHER_EXTERNAL_CONTEXT	R3_REMAINING_SIMPLEX_YI_GE	selected_一_is_not_part_of_visible_complex_cardinal_and_is_immediately_followed_by_count_classifier_个	Wu 2024 journal p.370 examples (7)-(8) and p.381 example (20a)	YI_T2	YI_T2	yi2	YI_T2	MATCH	MATCH	ELIGIBLE_SIMPLEX_FRAME	FALSE	FALSE
12887	SSB0299	SSB02990066.TextGrid	12887/SSB02990066.TextGrid	4065	6d3bccc53abecddcecd00841f5a63b1b3b2a5b6bac0e41ac1ecf1f15ee6a6ec4	ORDINAL	12	10	1	一	选中第四排第一行第一个	development	中第四排第一行第	第	个	个	ORDINAL_ABSOLUTE	EXACT_DI_YI_GE	R0_EXACT_ORDINAL	selected_target_occurs_in_exact_第一个	Wu 2024 journal p.374 example (15)	YI_T1	YI_T1	yi2	YI_T2	COUNTEREXAMPLE	COUNTEREXAMPLE	ELIGIBLE_ORDINAL_FRAME	FALSE	FALSE
12918	SSB0299	SSB02990097.TextGrid	12918/SSB02990097.TextGrid	3318	dbc1c6f15a81762959fef583de224845da01e83d14a11033a3610cb818d26529	BARE	4	3	1	一	总之一个病人的状态	development	总之	之	个	个病人的状态	CLEAR_SIMPLEX	SIMPLEX_OTHER_EXTERNAL_CONTEXT	R3_REMAINING_SIMPLEX_YI_GE	selected_一_is_not_part_of_visible_complex_cardinal_and_is_immediately_followed_by_count_classifier_个	Wu 2024 journal p.370 examples (7)-(8) and p.381 example (20a)	YI_T2	YI_T2	yi2	YI_T2	MATCH	MATCH	ELIGIBLE_SIMPLEX_FRAME	FALSE	FALSE
12922	SSB0299	SSB02990101.TextGrid	12922/SSB02990101.TextGrid	7785	7129e145e143470a1ce0d5d173a8421f5f1ff50b9efebc5a90e678899540e0d9	BARE	19	17	1	一	忽然看到一对轻年轻的父母手里抱着一个七八岁的小男孩	development	轻的父母手里抱着	着	个	个七八岁的小男孩	CLEAR_SIMPLEX	SIMPLEX_OTHER_EXTERNAL_CONTEXT	R3_REMAINING_SIMPLEX_YI_GE	selected_一_is_not_part_of_visible_complex_cardinal_and_is_immediately_followed_by_count_classifier_个	Wu 2024 journal p.370 examples (7)-(8) and p.381 example (20a)	YI_T2	YI_T2	yi2	YI_T2	MATCH	MATCH	ELIGIBLE_SIMPLEX_FRAME	FALSE	FALSE
13044	SSB0299	SSB02990234.TextGrid	13044/SSB02990234.TextGrid	4297	c699c6e9c8f8eadee22ad208457c3401b0be973b132e4b933bd1ac4acadee17b	BARE	5	4	1	一	你走啦一个人死总好过一齐死	development	你走啦	啦	个	个人死总好过一齐	CLEAR_SIMPLEX	SIMPLEX_OTHER_EXTERNAL_CONTEXT	R3_REMAINING_SIMPLEX_YI_GE	selected_一_is_not_part_of_visible_complex_cardinal_and_is_immediately_followed_by_count_classifier_个	Wu 2024 journal p.370 examples (7)-(8) and p.381 example (20a)	YI_T2	YI_T2	yi2	YI_T2	MATCH	MATCH	ELIGIBLE_SIMPLEX_FRAME	FALSE	FALSE
13087	SSB0299	SSB02990278.TextGrid	13087/SSB02990278.TextGrid	4213	ccde5da77664ec792aee68d8485801e8d4a6cd566ea31aeceb257f013658f7bb	BARE	7	6	1	一	我们必须去一个大点儿儿的城市	development	我们必须去	去	个	个大点儿儿的城市	CLEAR_SIMPLEX	SIMPLEX_OTHER_EXTERNAL_CONTEXT	R3_REMAINING_SIMPLEX_YI_GE	selected_一_is_not_part_of_visible_complex_cardinal_and_is_immediately_followed_by_count_classifier_个	Wu 2024 journal p.370 examples (7)-(8) and p.381 example (20a)	YI_T2	YI_T2	yi2	YI_T2	MATCH	MATCH	ELIGIBLE_SIMPLEX_FRAME	FALSE	FALSE
13144	SSB0299	SSB02990337.TextGrid	13144/SSB02990337.TextGrid	3928	2a761e9dc758f45f945e9b288c5e09fd87e84840d36edbb19cbc24e644ddb36b	BARE	5	4	1	一	而且我一个家长朋友也没有	development	而且我	我	个	个家长朋友也没有	CLEAR_SIMPLEX	SIMPLEX_OTHER_EXTERNAL_CONTEXT	R3_REMAINING_SIMPLEX_YI_GE	selected_一_is_not_part_of_visible_complex_cardinal_and_is_immediately_followed_by_count_classifier_个	Wu 2024 journal p.370 examples (7)-(8) and p.381 example (20a)	YI_T2	YI_T2	yi2	YI_T2	MATCH	MATCH	ELIGIBLE_SIMPLEX_FRAME	FALSE	FALSE
13148	SSB0299	SSB02990341.TextGrid	13148/SSB02990341.TextGrid	3114	fe5a3e4479925f61606fd7404bb41967c79621d8776cac182f1890925f74ac8f	BARE	7	6	1	一	搜索下给我一个吻	development	搜索下给我	我	个	个吻	CLEAR_SIMPLEX	SIMPLEX_OTHER_EXTERNAL_CONTEXT	R3_REMAINING_SIMPLEX_YI_GE	selected_一_is_not_part_of_visible_complex_cardinal_and_is_immediately_followed_by_count_classifier_个	Wu 2024 journal p.370 examples (7)-(8) and p.381 example (20a)	YI_T2	YI_T2	yi2	YI_T2	MATCH	MATCH	ELIGIBLE_SIMPLEX_FRAME	FALSE	FALSE
13176	SSB0299	SSB02990370.TextGrid	13176/SSB02990370.TextGrid	4685	fd1b2d97a6e181104e1e2a1dc1fe289106f13875a04f30c28bb11f5ddfc356ba	BARE	13	11	1	一	也许她跟安德烈待在同一个地方	development	她跟安德烈待在同	同	个	个地方	CLEAR_SIMPLEX	SIMPLEX_MODIFIED_TONG	R3_REMAINING_SIMPLEX_YI_GE	visible_string=同一个; selected_一_is_immediately_followed_by_count_classifier_个	Wu 2024 journal p.370 examples (7)-(8) and p.381 example (20a)	YI_T2	YI_T2	yi2	YI_T2	MATCH	MATCH	ELIGIBLE_SIMPLEX_FRAME	FALSE	FALSE
13199	SSB0299	SSB02990395.TextGrid	13199/SSB02990395.TextGrid	5455	86479cd4084138f3246126b6c528c0df8f4bb80eb04fb90da93435d48336ec65	BARE	14	12	1	一	这饼干是以马萨塞萨州的一个镇命名的	development	是以马萨塞萨州的	的	个	个镇命名的	CLEAR_SIMPLEX	SIMPLEX_OTHER_EXTERNAL_CONTEXT	R3_REMAINING_SIMPLEX_YI_GE	selected_一_is_not_part_of_visible_complex_cardinal_and_is_immediately_followed_by_count_classifier_个	Wu 2024 journal p.370 examples (7)-(8) and p.381 example (20a)	YI_T2	YI_T2	yi2	YI_T2	MATCH	MATCH	ELIGIBLE_SIMPLEX_FRAME	FALSE	FALSE
13394	SSB0307	SSB03070082.TextGrid	13394/SSB03070082.TextGrid	2934	972e8337cc0f1a80ea1a14d7751716d897a1921619d5fbb9ab92834f078d2df8	BARE	4	3	1	一	如果一个人有心事	development	如果	果	个	个人有心事	CLEAR_SIMPLEX	SIMPLEX_OTHER_EXTERNAL_CONTEXT	R3_REMAINING_SIMPLEX_YI_GE	selected_一_is_not_part_of_visible_complex_cardinal_and_is_immediately_followed_by_count_classifier_个	Wu 2024 journal p.370 examples (7)-(8) and p.381 example (20a)	YI_T2	YI_T2	yi2	YI_T2	MATCH	MATCH	ELIGIBLE_SIMPLEX_FRAME	FALSE	FALSE
13439	SSB0307	SSB03070129.TextGrid	13439/SSB03070129.TextGrid	4387	d8cc86addc094db4a570b0003695b56274bca8cbd1e891aefbfe2d2f7b8f698a	BARE	11	10	1	一	很多人可以管就带来一个问题	development	多人可以管就带来	来	个	个问题	CLEAR_SIMPLEX	SIMPLEX_OTHER_EXTERNAL_CONTEXT	R3_REMAINING_SIMPLEX_YI_GE	selected_一_is_not_part_of_visible_complex_cardinal_and_is_immediately_followed_by_count_classifier_个	Wu 2024 journal p.370 examples (7)-(8) and p.381 example (20a)	YI_T2	YI_T2	yi2	YI_T2	MATCH	MATCH	ELIGIBLE_SIMPLEX_FRAME	FALSE	FALSE
13445	SSB0307	SSB03070135.TextGrid	13445/SSB03070135.TextGrid	2622	3759927902bf963cc5dc39a9ff41e6913e10e3b91617360a559d4c7716d97675	BARE	2	1	1	一	一个对他好的人	development		START	个	个对他好的人	CLEAR_SIMPLEX	SIMPLEX_OTHER_EXTERNAL_CONTEXT	R3_REMAINING_SIMPLEX_YI_GE	selected_一_is_not_part_of_visible_complex_cardinal_and_is_immediately_followed_by_count_classifier_个	Wu 2024 journal p.370 examples (7)-(8) and p.381 example (20a)	YI_T2	YI_T2	yi2	YI_T2	MATCH	MATCH	ELIGIBLE_SIMPLEX_FRAME	FALSE	FALSE
13454	SSB0307	SSB03070144.TextGrid	13454/SSB03070144.TextGrid	5344	de17d80d6f79c37a6f4dec97715c10e5d0918b9549f08b9c480b2d5402152762	BARE	10	9	1	一	我们很有可能见证一个新物种的诞生	development	我们很有可能见证	证	个	个新物种的诞生	CLEAR_SIMPLEX	SIMPLEX_OTHER_EXTERNAL_CONTEXT	R3_REMAINING_SIMPLEX_YI_GE	selected_一_is_not_part_of_visible_complex_cardinal_and_is_immediately_followed_by_count_classifier_个	Wu 2024 journal p.370 examples (7)-(8) and p.381 example (20a)	YI_T2	YI_T2	yi2	YI_T2	MATCH	MATCH	ELIGIBLE_SIMPLEX_FRAME	FALSE	FALSE
13492	SSB0307	SSB03070185.TextGrid	13492/SSB03070185.TextGrid	3201	161dd4018906a742bcfbe817877ded2bb4495bdadc1425f1b33f7e01731a305b	BARE	4	3	1	一	都有一个共同的元素	development	都有	有	个	个共同的元素	CLEAR_SIMPLEX	SIMPLEX_OTHER_EXTERNAL_CONTEXT	R3_REMAINING_SIMPLEX_YI_GE	selected_一_is_not_part_of_visible_complex_cardinal_and_is_immediately_followed_by_count_classifier_个	Wu 2024 journal p.370 examples (7)-(8) and p.381 example (20a)	YI_T2	YI_T2	yi2	YI_T2	MATCH	MATCH	ELIGIBLE_SIMPLEX_FRAME	FALSE	FALSE
13624	SSB0307	SSB03070327.TextGrid	13624/SSB03070327.TextGrid	3122	a85e89ecf53e3f138f0ba2738d8fdd043676e3b2dc103eb13c2cf50b7d5d1b83	BARE	7	6	1	一	这几乎成了一个规律	development	这几乎成了	了	个	个规律	CLEAR_SIMPLEX	SIMPLEX_OTHER_EXTERNAL_CONTEXT	R3_REMAINING_SIMPLEX_YI_GE	selected_一_is_not_part_of_visible_complex_cardinal_and_is_immediately_followed_by_count_classifier_个	Wu 2024 journal p.370 examples (7)-(8) and p.381 example (20a)	YI_T2	YI_T2	yi2	YI_T2	MATCH	MATCH	ELIGIBLE_SIMPLEX_FRAME	FALSE	FALSE
13665	SSB0307	SSB03070369.TextGrid	13665/SSB03070369.TextGrid	3699	6e818f21ee913b0ada7cf675f600f18431cad3dc97c46e28eb5e0c80c58054e3	BARE	9	8	1	一	每个男孩都得到一个苹果	development	每个男孩都得到	到	个	个苹果	CLEAR_SIMPLEX	SIMPLEX_OTHER_EXTERNAL_CONTEXT	R3_REMAINING_SIMPLEX_YI_GE	selected_一_is_not_part_of_visible_complex_cardinal_and_is_immediately_followed_by_count_classifier_个	Wu 2024 journal p.370 examples (7)-(8) and p.381 example (20a)	YI_T2	YI_T2	yi2	YI_T2	MATCH	MATCH	ELIGIBLE_SIMPLEX_FRAME	FALSE	FALSE
13775	SSB0307	SSB03070488.TextGrid	13775/SSB03070488.TextGrid	4665	70dcc9ca8004ae41a6328fdc4baba567251c57da44cfd9e67dee65d0dfaf4297	BARE	13	12	1	一	你只需按下虚拟世界里的一个按钮	development	按下虚拟世界里的	的	个	个按钮	CLEAR_SIMPLEX	SIMPLEX_OTHER_EXTERNAL_CONTEXT	R3_REMAINING_SIMPLEX_YI_GE	selected_一_is_not_part_of_visible_complex_cardinal_and_is_immediately_followed_by_count_classifier_个	Wu 2024 journal p.370 examples (7)-(8) and p.381 example (20a)	YI_T2	YI_T2	yi2	YI_T2	MATCH	MATCH	ELIGIBLE_SIMPLEX_FRAME	FALSE	FALSE
13791	SSB0307	SSB03070505.TextGrid	13791/SSB03070505.TextGrid	3770	dd2c2efa65f100371cfd23759ef4c9dda3adc026d7162b1bfcabe206c323d1a6	BARE	9	8	1	一	我室友还带回来一个姑娘	development	我室友还带回来	来	个	个姑娘	CLEAR_SIMPLEX	SIMPLEX_OTHER_EXTERNAL_CONTEXT	R3_REMAINING_SIMPLEX_YI_GE	selected_一_is_not_part_of_visible_complex_cardinal_and_is_immediately_followed_by_count_classifier_个	Wu 2024 journal p.370 examples (7)-(8) and p.381 example (20a)	YI_T2	YI_T2	yi2	YI_T2	MATCH	MATCH	ELIGIBLE_SIMPLEX_FRAME	FALSE	FALSE
13856	SSB0309	SSB03090061.TextGrid	13856/SSB03090061.TextGrid	3885	ebba7b50cc9476e6fb7dd6c27babdf74f976c147838ddaaeadeab335a5f38524	BARE	2	1	1	一	一个人的寂寞两个人的错	development		START	个	个人的寂寞两个人	CLEAR_SIMPLEX	SIMPLEX_OTHER_EXTERNAL_CONTEXT	R3_REMAINING_SIMPLEX_YI_GE	selected_一_is_not_part_of_visible_complex_cardinal_and_is_immediately_followed_by_count_classifier_个	Wu 2024 journal p.370 examples (7)-(8) and p.381 example (20a)	YI_T2	YI_T2	yi2	YI_T2	MATCH	MATCH	ELIGIBLE_SIMPLEX_FRAME	FALSE	FALSE
13862	SSB0309	SSB03090067.TextGrid	13862/SSB03090067.TextGrid	6168	aafcf25b89a3748ee5bcd5b6c177feb993ef233288c3ddc21ab43ed332363795	BARE	18	15	1	一	实在要是要对我他们的表现打上一个问号儿	development	我他们的表现打上	上	个	个问号儿	CLEAR_SIMPLEX	SIMPLEX_SEQUENTIAL_SHANG	R3_REMAINING_SIMPLEX_YI_GE	visible_string=上一个; selected_一_is_immediately_followed_by_count_classifier_个	Wu 2024 journal p.370 examples (7)-(8) and p.381 example (20a)	YI_T2	YI_T2	yi2	YI_T2	MATCH	MATCH	ELIGIBLE_SIMPLEX_FRAME	FALSE	FALSE
13967	SSB0309	SSB03090175.TextGrid	13967/SSB03090175.TextGrid	5847	a629c97760b5b57220e2952f58d1317640ef48df8c69ef6c99a7f36060d398b6	BARE	14	13	1	一	金友华出生于安徽省无为县一个农民家庭	development	生于安徽省无为县	县	个	个农民家庭	CLEAR_SIMPLEX	SIMPLEX_OTHER_EXTERNAL_CONTEXT	R3_REMAINING_SIMPLEX_YI_GE	selected_一_is_not_part_of_visible_complex_cardinal_and_is_immediately_followed_by_count_classifier_个	Wu 2024 journal p.370 examples (7)-(8) and p.381 example (20a)	YI_T2	YI_T2	yi2	YI_T2	MATCH	MATCH	ELIGIBLE_SIMPLEX_FRAME	FALSE	FALSE
14040	SSB0309	SSB03090248.TextGrid	14040/SSB03090248.TextGrid	5654	ddec6960a45da1735b37679e9b3eceddcc26a84b6f5241410ee43d67cfb6d523	BARE	3	2	1	一	每一个人都分发了一份儿格兰诺拉麦片条儿	development	每	每	个	个人都分发了一份	CLEAR_SIMPLEX	SIMPLEX_MODIFIED_MEI	R3_REMAINING_SIMPLEX_YI_GE	visible_string=每一个; selected_一_is_immediately_followed_by_count_classifier_个	Wu 2024 journal p.370 examples (7)-(8) and p.381 example (20a)	YI_T2	YI_T2	yi2	YI_T2	MATCH	MATCH	ELIGIBLE_SIMPLEX_FRAME	FALSE	FALSE
14123	SSB0309	SSB03090335.TextGrid	14123/SSB03090335.TextGrid	5332	d4365e7ba6a3f27a879ff687e3ddbe9b6388a353714ecf36c38f38b8265a9d65	BARE	12	10	1	一	然而市场却给予了其一个响亮的耳光	development	而市场却给予了其	其	个	个响亮的耳光	CLEAR_SIMPLEX	SIMPLEX_OTHER_EXTERNAL_CONTEXT	R3_REMAINING_SIMPLEX_YI_GE	selected_一_is_not_part_of_visible_complex_cardinal_and_is_immediately_followed_by_count_classifier_个	Wu 2024 journal p.370 examples (7)-(8) and p.381 example (20a)	YI_T2	YI_T2	yi2	YI_T2	MATCH	MATCH	ELIGIBLE_SIMPLEX_FRAME	FALSE	FALSE
14166	SSB0309	SSB03090380.TextGrid	14166/SSB03090380.TextGrid	7866	0208a6fbb74b5dcc473320d914512d70c4cf5ed63664f66e87826316c6162d34	BARE	15	13	1	一	心跳健身监监控装置可衡量一个人的运动量和速率	development	监监控装置可衡量	量	个	个人的运动量和速	CLEAR_SIMPLEX	SIMPLEX_OTHER_EXTERNAL_CONTEXT	R3_REMAINING_SIMPLEX_YI_GE	selected_一_is_not_part_of_visible_complex_cardinal_and_is_immediately_followed_by_count_classifier_个	Wu 2024 journal p.370 examples (7)-(8) and p.381 example (20a)	YI_T2	YI_T2	yi2	YI_T2	MATCH	MATCH	ELIGIBLE_SIMPLEX_FRAME	FALSE	FALSE
14202	SSB0309	SSB03090416.TextGrid	14202/SSB03090416.TextGrid	7179	a22eb919db2b082ba5eb3593f4573c99b4f2ff2fc8c77e588ee7b34c6868487d	BARE	2	1	1	一	一个专门针对病人建立的社交平台病人如我面试	development		START	个	个专门针对病人建	CLEAR_SIMPLEX	SIMPLEX_OTHER_EXTERNAL_CONTEXT	R3_REMAINING_SIMPLEX_YI_GE	selected_一_is_not_part_of_visible_complex_cardinal_and_is_immediately_followed_by_count_classifier_个	Wu 2024 journal p.370 examples (7)-(8) and p.381 example (20a)	YI_T2	YI_T2	yi2	YI_T2	MATCH	MATCH	ELIGIBLE_SIMPLEX_FRAME	FALSE	FALSE
14234	SSB0309	SSB03090449.TextGrid	14234/SSB03090449.TextGrid	5984	74a4a8a21d669f8c8a4b192aab075a1f66685c260946349add1cb9aed344b9d0	BARE	14	13	1	一	它为病人和研究人员搭建了一个交流平台	development	和研究人员搭建了	了	个	个交流平台	CLEAR_SIMPLEX	SIMPLEX_OTHER_EXTERNAL_CONTEXT	R3_REMAINING_SIMPLEX_YI_GE	selected_一_is_not_part_of_visible_complex_cardinal_and_is_immediately_followed_by_count_classifier_个	Wu 2024 journal p.370 examples (7)-(8) and p.381 example (20a)	YI_T2	YI_T2	yi2	YI_T2	MATCH	MATCH	ELIGIBLE_SIMPLEX_FRAME	FALSE	FALSE
14377	SSB0315	SSB03150137.TextGrid	14377/SSB03150137.TextGrid	3263	d6c4c8a67c10374a945f58346565795e7bd7b8cb5aca06512573398cae46483c	BARE	4	3	1	一	写着一个鲜红的拆字	confirmation	写着	着	个	个鲜红的拆字	CLEAR_SIMPLEX	SIMPLEX_OTHER_EXTERNAL_CONTEXT	R3_REMAINING_SIMPLEX_YI_GE	selected_一_is_not_part_of_visible_complex_cardinal_and_is_immediately_followed_by_count_classifier_个	Wu 2024 journal p.370 examples (7)-(8) and p.381 example (20a)	YI_T2	YI_T2	yi2	YI_T2	MATCH	MATCH	ELIGIBLE_SIMPLEX_FRAME	FALSE	FALSE
14399	SSB0315	SSB03150163.TextGrid	14399/SSB03150163.TextGrid	7631	9b1e6a3f294ba1516e46d8fa72815f7d907198992d648328f32dc9e4b1ab353a	BARE	14	12	1	一	需要注意的是饭前饭后一一个小时都不要进行跳绳训练	confirmation	意的是饭前饭后一	一	个	个小时都不要进行	AMBIGUOUS_OR_OUTSIDE_SCOPE	APPARENT_DUPLICATED_YI_TRANSCRIPT	R2_UNRESOLVED_ADJACENT_YI	visible_sequence=一一个; intended_wording_or_tokenization_not_recoverable_from_hanzi	no source prediction assigned	NO_PREDICTION	YI_T2	yi2	YI_T2	MATCH	NO_CONCLUSION_SCOPE	INELIGIBLE_SCOPE_UNRESOLVED	FALSE	FALSE
14432	SSB0315	SSB03150199.TextGrid	14432/SSB03150199.TextGrid	3735	fed92557cdb40d5cde5aa002e6ee89f17b502a9fdfe1df9349d28b46f4c92eae	BARE	9	7	1	一	苹果几乎在每一个环节	confirmation	苹果几乎在每	每	个	个环节	CLEAR_SIMPLEX	SIMPLEX_MODIFIED_MEI	R3_REMAINING_SIMPLEX_YI_GE	visible_string=每一个; selected_一_is_immediately_followed_by_count_classifier_个	Wu 2024 journal p.370 examples (7)-(8) and p.381 example (20a)	YI_T2	YI_T2	yi4	YI_T4	COUNTEREXAMPLE	COUNTEREXAMPLE	ELIGIBLE_SIMPLEX_FRAME	FALSE	FALSE
14450	SSB0315	SSB03150218.TextGrid	14450/SSB03150218.TextGrid	6233	71db6e6595066d4f0e682174bff2c52ccec4c3fcbf4544ff4558073072460125	BARE	2	1	1	一	一个只懂得原地作战的拳手与人携沙袋无异	confirmation		START	个	个只懂得原地作战	CLEAR_SIMPLEX	SIMPLEX_OTHER_EXTERNAL_CONTEXT	R3_REMAINING_SIMPLEX_YI_GE	selected_一_is_not_part_of_visible_complex_cardinal_and_is_immediately_followed_by_count_classifier_个	Wu 2024 journal p.370 examples (7)-(8) and p.381 example (20a)	YI_T2	YI_T2	yi2	YI_T2	MATCH	MATCH	ELIGIBLE_SIMPLEX_FRAME	FALSE	FALSE
14516	SSB0315	SSB03150292.TextGrid	14516/SSB03150292.TextGrid	6590	0806794545df2a59082707dff1c1d7ce53ed1bc813d074df4668e334c6452706	BARE	10	9	1	一	事实上也难以确定一个行之四海皆准的有效方法	confirmation	事实上也难以确定	定	个	个行之四海皆准的	CLEAR_SIMPLEX	SIMPLEX_OTHER_EXTERNAL_CONTEXT	R3_REMAINING_SIMPLEX_YI_GE	selected_一_is_not_part_of_visible_complex_cardinal_and_is_immediately_followed_by_count_classifier_个	Wu 2024 journal p.370 examples (7)-(8) and p.381 example (20a)	YI_T2	YI_T2	yi2	YI_T2	MATCH	MATCH	ELIGIBLE_SIMPLEX_FRAME	FALSE	FALSE
14656	SSB0315	SSB03150445.TextGrid	14656/SSB03150445.TextGrid	5040	e1629028688842d99837e60b2cbf1747b26ec11b285d6386fa065624ed52b132	BARE	8	7	1	一	是看到路面上一个又一个熟悉的身影	confirmation	是看到路面上	上	个	个又一个熟悉的身	CLEAR_SIMPLEX	SIMPLEX_SEQUENTIAL_SHANG	R3_REMAINING_SIMPLEX_YI_GE	visible_string=上一个; selected_一_is_immediately_followed_by_count_classifier_个	Wu 2024 journal p.370 examples (7)-(8) and p.381 example (20a)	YI_T2	YI_T2	yi2	YI_T2	MATCH	MATCH	ELIGIBLE_SIMPLEX_FRAME	FALSE	FALSE
14656	SSB0315	SSB03150445.TextGrid	14656/SSB03150445.TextGrid	5040	e1629028688842d99837e60b2cbf1747b26ec11b285d6386fa065624ed52b132	BARE	11	10	2	一	是看到路面上一个又一个熟悉的身影	confirmation	看到路面上一个又	又	个	个熟悉的身影	CLEAR_SIMPLEX	SIMPLEX_OTHER_EXTERNAL_CONTEXT	R3_REMAINING_SIMPLEX_YI_GE	selected_一_is_not_part_of_visible_complex_cardinal_and_is_immediately_followed_by_count_classifier_个	Wu 2024 journal p.370 examples (7)-(8) and p.381 example (20a)	YI_T2	YI_T2	yi2	YI_T2	MATCH	MATCH	ELIGIBLE_SIMPLEX_FRAME	FALSE	FALSE
14676	SSB0315	SSB03150467.TextGrid	14676/SSB03150467.TextGrid	6048	b1165d252ec30b11f5dd10f0e5cc2cd5568ae30d8ca795df1fcc1c8403bf210a	BARE	13	12	1	一	就是通过将空气电离进入一个等离子状态	confirmation	过将空气电离进入	入	个	个等离子状态	CLEAR_SIMPLEX	SIMPLEX_OTHER_EXTERNAL_CONTEXT	R3_REMAINING_SIMPLEX_YI_GE	selected_一_is_not_part_of_visible_complex_cardinal_and_is_immediately_followed_by_count_classifier_个	Wu 2024 journal p.370 examples (7)-(8) and p.381 example (20a)	YI_T2	YI_T2	yi2	YI_T2	MATCH	MATCH	ELIGIBLE_SIMPLEX_FRAME	FALSE	FALSE
14716	SSB0316	SSB03160032.TextGrid	14716/SSB03160032.TextGrid	2869	9d791324369f27d5deddb532e025f3cfc1c8520b2243788cbbdda253fbe23563	BARE	6	5	1	一	这是很大一个原因	development	这是很大	大	个	个原因	CLEAR_SIMPLEX	SIMPLEX_OTHER_EXTERNAL_CONTEXT	R3_REMAINING_SIMPLEX_YI_GE	selected_一_is_not_part_of_visible_complex_cardinal_and_is_immediately_followed_by_count_classifier_个	Wu 2024 journal p.370 examples (7)-(8) and p.381 example (20a)	YI_T2	YI_T2	yi2	YI_T2	MATCH	MATCH	ELIGIBLE_SIMPLEX_FRAME	FALSE	FALSE
14721	SSB0316	SSB03160037.TextGrid	14721/SSB03160037.TextGrid	4596	4a5fc157373fbd45ac5eb97b49c5c6bc3053031c52c2ab0a718ebb62883f276e	BARE	11	10	1	一	新京报你经常提及的一个词就是	development	京报你经常提及的	的	个	个词就是	CLEAR_SIMPLEX	SIMPLEX_OTHER_EXTERNAL_CONTEXT	R3_REMAINING_SIMPLEX_YI_GE	selected_一_is_not_part_of_visible_complex_cardinal_and_is_immediately_followed_by_count_classifier_个	Wu 2024 journal p.370 examples (7)-(8) and p.381 example (20a)	YI_T2	YI_T2	yi2	YI_T2	MATCH	MATCH	ELIGIBLE_SIMPLEX_FRAME	FALSE	FALSE
14763	SSB0316	SSB03160082.TextGrid	14763/SSB03160082.TextGrid	4697	2c970d5d61c220f15ba08c1ad287d139fa183d6f4e94570e5801eb0aed3a7c5e	BARE	10	9	1	一	约翰看起来不更像一个大男人吗	development	约翰看起来不更像	像	个	个大男人吗	CLEAR_SIMPLEX	SIMPLEX_OTHER_EXTERNAL_CONTEXT	R3_REMAINING_SIMPLEX_YI_GE	selected_一_is_not_part_of_visible_complex_cardinal_and_is_immediately_followed_by_count_classifier_个	Wu 2024 journal p.370 examples (7)-(8) and p.381 example (20a)	YI_T2	YI_T2	yi2	YI_T2	MATCH	MATCH	ELIGIBLE_SIMPLEX_FRAME	FALSE	FALSE
14796	SSB0316	SSB03160116.TextGrid	14796/SSB03160116.TextGrid	4654	c5ff38f40554c2f728f112afcbe06d3eba9a134bd5a256ceba5c2a47ab00841d	BARE	5	4	1	一	但没有一个人能够识破他的身份	development	但没有	有	个	个人能够识破他的	CLEAR_SIMPLEX	SIMPLEX_OTHER_EXTERNAL_CONTEXT	R3_REMAINING_SIMPLEX_YI_GE	selected_一_is_not_part_of_visible_complex_cardinal_and_is_immediately_followed_by_count_classifier_个	Wu 2024 journal p.370 examples (7)-(8) and p.381 example (20a)	YI_T2	YI_T2	yi2	YI_T2	MATCH	MATCH	ELIGIBLE_SIMPLEX_FRAME	FALSE	FALSE
14832	SSB0316	SSB03160154.TextGrid	14832/SSB03160154.TextGrid	5969	03cec1d0e026e3d6fbbe83b2fe5d5e0f745219a842754d3dd138c273afdc71c3	BARE	4	3	1	一	没有一个负责任的成年人教你不使用暴力地	development	没有	有	个	个负责任的成年人	CLEAR_SIMPLEX	SIMPLEX_OTHER_EXTERNAL_CONTEXT	R3_REMAINING_SIMPLEX_YI_GE	selected_一_is_not_part_of_visible_complex_cardinal_and_is_immediately_followed_by_count_classifier_个	Wu 2024 journal p.370 examples (7)-(8) and p.381 example (20a)	YI_T2	YI_T2	yi2	YI_T2	MATCH	MATCH	ELIGIBLE_SIMPLEX_FRAME	FALSE	FALSE
14844	SSB0316	SSB03160168.TextGrid	14844/SSB03160168.TextGrid	3955	dff76331afff650e6925d5092cd07e16b9ef60418087f3b7453739cb81720936	BARE	10	9	1	一	现在请允许我再举一个例子	development	现在请允许我再举	举	个	个例子	CLEAR_SIMPLEX	SIMPLEX_OTHER_EXTERNAL_CONTEXT	R3_REMAINING_SIMPLEX_YI_GE	selected_一_is_not_part_of_visible_complex_cardinal_and_is_immediately_followed_by_count_classifier_个	Wu 2024 journal p.370 examples (7)-(8) and p.381 example (20a)	YI_T2	YI_T2	yi2	YI_T2	MATCH	MATCH	ELIGIBLE_SIMPLEX_FRAME	FALSE	FALSE
14885	SSB0316	SSB03160213.TextGrid	14885/SSB03160213.TextGrid	7581	03d8fd09861d6ec556f0262a00fc056ab12bb35865a046012930d41c0bf6129a	BARE	16	15	1	一	我们认为开发商不敢轻易涨价的一个原因就是消化库存	development	商不敢轻易涨价的	的	个	个原因就是消化库	CLEAR_SIMPLEX	SIMPLEX_OTHER_EXTERNAL_CONTEXT	R3_REMAINING_SIMPLEX_YI_GE	selected_一_is_not_part_of_visible_complex_cardinal_and_is_immediately_followed_by_count_classifier_个	Wu 2024 journal p.370 examples (7)-(8) and p.381 example (20a)	YI_T2	YI_T2	yi2	YI_T2	MATCH	MATCH	ELIGIBLE_SIMPLEX_FRAME	FALSE	FALSE
14891	SSB0316	SSB03160219.TextGrid	14891/SSB03160219.TextGrid	2246	691c09da7c04cb059b57b1cae6b3f69e2967adbd7a51a5b02c6dea1597f4d8e0	ORDINAL	3	2	1	一	第一个是游戏	development	第	第	个	个是游戏	ORDINAL_ABSOLUTE	EXACT_DI_YI_GE	R0_EXACT_ORDINAL	selected_target_occurs_in_exact_第一个	Wu 2024 journal p.374 example (15)	YI_T1	YI_T1	yi1	YI_T1	MATCH	MATCH	ELIGIBLE_ORDINAL_FRAME	FALSE	FALSE
14921	SSB0316	SSB03160256.TextGrid	14921/SSB03160256.TextGrid	2882	8d6117c3808f72be8cc971f67487495e037803851b7f122f182d8fa13a72f5ea	BARE	5	4	1	一	我找到一个新朋友	development	我找到	到	个	个新朋友	CLEAR_SIMPLEX	SIMPLEX_OTHER_EXTERNAL_CONTEXT	R3_REMAINING_SIMPLEX_YI_GE	selected_一_is_not_part_of_visible_complex_cardinal_and_is_immediately_followed_by_count_classifier_个	Wu 2024 journal p.370 examples (7)-(8) and p.381 example (20a)	YI_T2	YI_T2	yi2	YI_T2	MATCH	MATCH	ELIGIBLE_SIMPLEX_FRAME	FALSE	FALSE
14935	SSB0316	SSB03160272.TextGrid	14935/SSB03160272.TextGrid	4461	578932051638a1d3c4b1f84d2471ac32f23307b7f5903e0199aad5845b168960	BARE	8	7	1	一	我不知道你是一个注重心思的人	development	我不知道你是	是	个	个注重心思的人	CLEAR_SIMPLEX	SIMPLEX_OTHER_EXTERNAL_CONTEXT	R3_REMAINING_SIMPLEX_YI_GE	selected_一_is_not_part_of_visible_complex_cardinal_and_is_immediately_followed_by_count_classifier_个	Wu 2024 journal p.370 examples (7)-(8) and p.381 example (20a)	YI_T2	YI_T2	yi2	YI_T2	MATCH	MATCH	ELIGIBLE_SIMPLEX_FRAME	FALSE	FALSE
15175	SSB0323	SSB03230015.TextGrid	15175/SSB03230015.TextGrid	4402	9a891d637b1160a1e48e5874f4dcf2f3c63d22d0593d5dfd593765a3f3bc03d2	BARE	6	5	1	一	今年九月一个深沉沉的日子	development	今年九月	月	个	个深沉沉的日子	CLEAR_SIMPLEX	SIMPLEX_OTHER_EXTERNAL_CONTEXT	R3_REMAINING_SIMPLEX_YI_GE	selected_一_is_not_part_of_visible_complex_cardinal_and_is_immediately_followed_by_count_classifier_个	Wu 2024 journal p.370 examples (7)-(8) and p.381 example (20a)	YI_T2	YI_T2	yi2	YI_T2	MATCH	MATCH	ELIGIBLE_SIMPLEX_FRAME	FALSE	FALSE
15197	SSB0323	SSB03230038.TextGrid	15197/SSB03230038.TextGrid	3619	f4828cad305958a2c2b659a8d8a81df548f55cb5a8a1dce27303c6abe4841bb3	BARE	5	4	1	一	从嘉兴一个人赶了过来	development	从嘉兴	兴	个	个人赶了过来	CLEAR_SIMPLEX	SIMPLEX_OTHER_EXTERNAL_CONTEXT	R3_REMAINING_SIMPLEX_YI_GE	selected_一_is_not_part_of_visible_complex_cardinal_and_is_immediately_followed_by_count_classifier_个	Wu 2024 journal p.370 examples (7)-(8) and p.381 example (20a)	YI_T2	YI_T2	yi2	YI_T2	MATCH	MATCH	ELIGIBLE_SIMPLEX_FRAME	FALSE	FALSE
15402	SSB0323	SSB03230257.TextGrid	15402/SSB03230257.TextGrid	7150	5aaff39cbae30d549a729b7a7de710379b9fa1fa3f24dd914c6b0099cdfd494b	BARE	20	18	1	一	智能可穿戴设备是继智能手机之后的下一个爆发市场	development	智能手机之后的下	下	个	个爆发市场	CLEAR_SIMPLEX	SIMPLEX_SEQUENTIAL_XIA	R3_REMAINING_SIMPLEX_YI_GE	visible_string=下一个; selected_一_is_immediately_followed_by_count_classifier_个	Wu 2024 journal p.370 examples (7)-(8) and p.381 example (20a)	YI_T2	YI_T2	yi2	YI_T2	MATCH	MATCH	ELIGIBLE_SIMPLEX_FRAME	FALSE	FALSE
15559	SSB0323	SSB03230432.TextGrid	15559/SSB03230432.TextGrid	3962	eb5c126702364016ab748d627afb3870659b55f995fa988882147c65cf66d214	BARE	8	7	1	一	苹果手表有了一个好的开始	development	苹果手表有了	了	个	个好的开始	CLEAR_SIMPLEX	SIMPLEX_OTHER_EXTERNAL_CONTEXT	R3_REMAINING_SIMPLEX_YI_GE	selected_一_is_not_part_of_visible_complex_cardinal_and_is_immediately_followed_by_count_classifier_个	Wu 2024 journal p.370 examples (7)-(8) and p.381 example (20a)	YI_T2	YI_T2	yi2	YI_T2	MATCH	MATCH	ELIGIBLE_SIMPLEX_FRAME	FALSE	FALSE
15587	SSB0323	SSB03230462.TextGrid	15587/SSB03230462.TextGrid	6310	77828f6a07f13020dd832c5b221fd0da4a255ec73441f7bf8f0d72e3f6298f7a	BARE	6	5	1	一	这里还有一个更为深重的意义诸神之战诞生地	development	这里还有	有	个	个更为深重的意义	CLEAR_SIMPLEX	SIMPLEX_OTHER_EXTERNAL_CONTEXT	R3_REMAINING_SIMPLEX_YI_GE	selected_一_is_not_part_of_visible_complex_cardinal_and_is_immediately_followed_by_count_classifier_个	Wu 2024 journal p.370 examples (7)-(8) and p.381 example (20a)	YI_T2	YI_T2	yi2	YI_T2	MATCH	MATCH	ELIGIBLE_SIMPLEX_FRAME	FALSE	FALSE
15649	SSB0338	SSB03380045.TextGrid	15649/SSB03380045.TextGrid	5760	2c2c7190aa89e47d40c0b535b903acd99cadcc319d02457983817912765d341f	BARE	12	11	1	一	另一些新婚夫妇会举行一个简单的婚庆	development	些新婚夫妇会举行	行	个	个简单的婚庆	CLEAR_SIMPLEX	SIMPLEX_OTHER_EXTERNAL_CONTEXT	R3_REMAINING_SIMPLEX_YI_GE	selected_一_is_not_part_of_visible_complex_cardinal_and_is_immediately_followed_by_count_classifier_个	Wu 2024 journal p.370 examples (7)-(8) and p.381 example (20a)	YI_T2	YI_T2	yi2	YI_T2	MATCH	MATCH	ELIGIBLE_SIMPLEX_FRAME	FALSE	FALSE
15712	SSB0338	SSB03380111.TextGrid	15712/SSB03380111.TextGrid	4135	5ea8c40ff5f807071ca2b544e4212a39514b29bebdcc238e4107bc09f8cc5e24	BARE	2	1	1	一	一个人无缘无故又怎会爆炸呢	development		START	个	个人无缘无故又怎	CLEAR_SIMPLEX	SIMPLEX_OTHER_EXTERNAL_CONTEXT	R3_REMAINING_SIMPLEX_YI_GE	selected_一_is_not_part_of_visible_complex_cardinal_and_is_immediately_followed_by_count_classifier_个	Wu 2024 journal p.370 examples (7)-(8) and p.381 example (20a)	YI_T2	YI_T2	yi2	YI_T2	MATCH	MATCH	ELIGIBLE_SIMPLEX_FRAME	FALSE	FALSE
15727	SSB0338	SSB03380127.TextGrid	15727/SSB03380127.TextGrid	5218	ec0bf711a16633284bc0c52890de51eb2a262e4cc67de3046988c37808663808	BARE	4	3	1	一	寄上一个回邮信封索取免费资料包	development	寄上	上	个	个回邮信封索取免	CLEAR_SIMPLEX	SIMPLEX_SEQUENTIAL_SHANG	R3_REMAINING_SIMPLEX_YI_GE	visible_string=上一个; selected_一_is_immediately_followed_by_count_classifier_个	Wu 2024 journal p.370 examples (7)-(8) and p.381 example (20a)	YI_T2	YI_T2	yi2	YI_T2	MATCH	MATCH	ELIGIBLE_SIMPLEX_FRAME	FALSE	FALSE
15770	SSB0338	SSB03380173.TextGrid	15770/SSB03380173.TextGrid	4720	8b978fc2361a7ff3744310d89af9d3877ddbb5c0c81c44706683a23a6319a94c	BARE	8	7	1	一	他要把我带去一个位置不明的地点	development	他要把我带去	去	个	个位置不明的地点	CLEAR_SIMPLEX	SIMPLEX_OTHER_EXTERNAL_CONTEXT	R3_REMAINING_SIMPLEX_YI_GE	selected_一_is_not_part_of_visible_complex_cardinal_and_is_immediately_followed_by_count_classifier_个	Wu 2024 journal p.370 examples (7)-(8) and p.381 example (20a)	YI_T2	YI_T2	yi2	YI_T2	MATCH	MATCH	ELIGIBLE_SIMPLEX_FRAME	FALSE	FALSE
15810	SSB0338	SSB03380216.TextGrid	15810/SSB03380216.TextGrid	2728	1a1843930953df71f1dfc88c5fb26fbb003ce26315a5cdf6bc9cf3e044b6324e	BARE	6	5	1	一	房间里有一个人	development	房间里有	有	个	个人	CLEAR_SIMPLEX	SIMPLEX_OTHER_EXTERNAL_CONTEXT	R3_REMAINING_SIMPLEX_YI_GE	selected_一_is_not_part_of_visible_complex_cardinal_and_is_immediately_followed_by_count_classifier_个	Wu 2024 journal p.370 examples (7)-(8) and p.381 example (20a)	YI_T2	YI_T2	yi2	YI_T2	MATCH	MATCH	ELIGIBLE_SIMPLEX_FRAME	FALSE	FALSE
15907	SSB0338	SSB03380316.TextGrid	15907/SSB03380316.TextGrid	5425	bcb7c4ccfaa13fd063e7d2eab4340f70b1dfa44953e24d6f9a53617b83e91e4d	BARE	13	12	1	一	卢卡斯如父亲的期望成为一个正常的人	development	如父亲的期望成为	为	个	个正常的人	CLEAR_SIMPLEX	SIMPLEX_OTHER_EXTERNAL_CONTEXT	R3_REMAINING_SIMPLEX_YI_GE	selected_一_is_not_part_of_visible_complex_cardinal_and_is_immediately_followed_by_count_classifier_个	Wu 2024 journal p.370 examples (7)-(8) and p.381 example (20a)	YI_T2	YI_T2	yi2	YI_T2	MATCH	MATCH	ELIGIBLE_SIMPLEX_FRAME	FALSE	FALSE
16239	SSB0339	SSB03390155.TextGrid	16239/SSB03390155.TextGrid	4086	2b53cf2ccb562d9942900de7888fe95a828281edf5113dc29679047fdc619693	BARE	10	9	1	一	从头到脚裹得那叫一个严实	development	从头到脚裹得那叫	叫	个	个严实	CLEAR_SIMPLEX	SIMPLEX_OTHER_EXTERNAL_CONTEXT	R3_REMAINING_SIMPLEX_YI_GE	selected_一_is_not_part_of_visible_complex_cardinal_and_is_immediately_followed_by_count_classifier_个	Wu 2024 journal p.370 examples (7)-(8) and p.381 example (20a)	YI_T2	YI_T2	yi2	YI_T2	MATCH	MATCH	ELIGIBLE_SIMPLEX_FRAME	FALSE	FALSE
16311	SSB0339	SSB03390230.TextGrid	16311/SSB03390230.TextGrid	2352	fa9d7a67da5b7c9dd2b08a2209858dd57ff9554c03b034bad1e18a99988e52cf	BARE	3	2	1	一	我一个人进去	development	我	我	个	个人进去	CLEAR_SIMPLEX	SIMPLEX_OTHER_EXTERNAL_CONTEXT	R3_REMAINING_SIMPLEX_YI_GE	selected_一_is_not_part_of_visible_complex_cardinal_and_is_immediately_followed_by_count_classifier_个	Wu 2024 journal p.370 examples (7)-(8) and p.381 example (20a)	YI_T2	YI_T2	yi2	YI_T2	MATCH	MATCH	ELIGIBLE_SIMPLEX_FRAME	FALSE	FALSE
16322	SSB0339	SSB03390242.TextGrid	16322/SSB03390242.TextGrid	2812	6040f3aa4c5db05e654990c01683c637d873406fbac5d4761884ecb3d07004dd	BARE	3	2	1	一	来一个邓紫棋的歌	development	来	来	个	个邓紫棋的歌	CLEAR_SIMPLEX	SIMPLEX_OTHER_EXTERNAL_CONTEXT	R3_REMAINING_SIMPLEX_YI_GE	selected_一_is_not_part_of_visible_complex_cardinal_and_is_immediately_followed_by_count_classifier_个	Wu 2024 journal p.370 examples (7)-(8) and p.381 example (20a)	YI_T2	YI_T2	yi2	YI_T2	MATCH	MATCH	ELIGIBLE_SIMPLEX_FRAME	FALSE	FALSE
16361	SSB0339	SSB03390281.TextGrid	16361/SSB03390281.TextGrid	3585	89fe4793a366869128c5a1ebb806a1517cec3591ce8b4b6184106e8764f50199	BARE	2	1	1	一	一个英雄就应该能忍受	development		START	个	个英雄就应该能忍	CLEAR_SIMPLEX	SIMPLEX_OTHER_EXTERNAL_CONTEXT	R3_REMAINING_SIMPLEX_YI_GE	selected_一_is_not_part_of_visible_complex_cardinal_and_is_immediately_followed_by_count_classifier_个	Wu 2024 journal p.370 examples (7)-(8) and p.381 example (20a)	YI_T2	YI_T2	yi2	YI_T2	MATCH	MATCH	ELIGIBLE_SIMPLEX_FRAME	FALSE	FALSE
16373	SSB0339	SSB03390295.TextGrid	16373/SSB03390295.TextGrid	3636	ea52670971c12278ce7f1483620e733562522cfc4f0ef7c1a3f3660d0bfefcc0	BARE	7	6	1	一	你们确实有一个共通点	development	你们确实有	有	个	个共通点	CLEAR_SIMPLEX	SIMPLEX_OTHER_EXTERNAL_CONTEXT	R3_REMAINING_SIMPLEX_YI_GE	selected_一_is_not_part_of_visible_complex_cardinal_and_is_immediately_followed_by_count_classifier_个	Wu 2024 journal p.370 examples (7)-(8) and p.381 example (20a)	YI_T2	YI_T2	yi2	YI_T2	MATCH	MATCH	ELIGIBLE_SIMPLEX_FRAME	FALSE	FALSE
16467	SSB0339	SSB03390393.TextGrid	16467/SSB03390393.TextGrid	6603	e7c373c5254f7c18b02a3a3f76fb2bb3dc3c35e5bc5b700007d9966415b009fe	BARE	7	6	1	一	伤痛则从另一个方面界定了霍恩女士的性格	development	伤痛则从另	另	个	个方面界定了霍恩	CLEAR_SIMPLEX	SIMPLEX_MODIFIED_LING	R3_REMAINING_SIMPLEX_YI_GE	visible_string=另一个; selected_一_is_immediately_followed_by_count_classifier_个	Wu 2024 journal p.370 examples (7)-(8) and p.381 example (20a)	YI_T2	YI_T2	yi2	YI_T2	MATCH	MATCH	ELIGIBLE_SIMPLEX_FRAME	FALSE	FALSE
16509	SSB0339	SSB03390436.TextGrid	16509/SSB03390436.TextGrid	3575	73badd046b85707446531f1bc50c7ce63c4aa2395606b2b6f31f24fe06bf5cdf	BARE	4	3	1	一	我是一个电脑销售人员	development	我是	是	个	个电脑销售人员	CLEAR_SIMPLEX	SIMPLEX_OTHER_EXTERNAL_CONTEXT	R3_REMAINING_SIMPLEX_YI_GE	selected_一_is_not_part_of_visible_complex_cardinal_and_is_immediately_followed_by_count_classifier_个	Wu 2024 journal p.370 examples (7)-(8) and p.381 example (20a)	YI_T2	YI_T2	yi2	YI_T2	MATCH	MATCH	ELIGIBLE_SIMPLEX_FRAME	FALSE	FALSE
16590	SSB0341	SSB03410011.TextGrid	16590/SSB03410011.TextGrid	2935	4344e1e3a3df69c4112ae6211cb6fc136e0241bf30d62c6f0f82b45209755f06	BARE	5	4	1	一	现在我一个单位的	development	现在我	我	个	个单位的	CLEAR_SIMPLEX	SIMPLEX_OTHER_EXTERNAL_CONTEXT	R3_REMAINING_SIMPLEX_YI_GE	selected_一_is_not_part_of_visible_complex_cardinal_and_is_immediately_followed_by_count_classifier_个	Wu 2024 journal p.370 examples (7)-(8) and p.381 example (20a)	YI_T2	YI_T2	yi2	YI_T2	MATCH	MATCH	ELIGIBLE_SIMPLEX_FRAME	FALSE	FALSE
16594	SSB0341	SSB03410015.TextGrid	16594/SSB03410015.TextGrid	5661	3fcc7b6246d63a5446d16d0a485e0835e5b7362a54e930a91d08a9cf3ee04402	BARE	7	6	1	一	候选人需要一个匿名的推荐人兼支持者	development	候选人需要	要	个	个匿名的推荐人兼	CLEAR_SIMPLEX	SIMPLEX_OTHER_EXTERNAL_CONTEXT	R3_REMAINING_SIMPLEX_YI_GE	selected_一_is_not_part_of_visible_complex_cardinal_and_is_immediately_followed_by_count_classifier_个	Wu 2024 journal p.370 examples (7)-(8) and p.381 example (20a)	YI_T2	YI_T2	yi2	YI_T2	MATCH	MATCH	ELIGIBLE_SIMPLEX_FRAME	FALSE	FALSE
16601	SSB0341	SSB03410022.TextGrid	16601/SSB03410022.TextGrid	4081	230f0a70fd3a9debf912f71b2e49b4e0c308fafcd8cd4e75c1d097d9fde715c4	ORDINAL	11	10	1	一	我们能看到朋友投第一个球	development	们能看到朋友投第	第	个	个球	ORDINAL_ABSOLUTE	EXACT_DI_YI_GE	R0_EXACT_ORDINAL	selected_target_occurs_in_exact_第一个	Wu 2024 journal p.374 example (15)	YI_T1	YI_T1	yi1	YI_T1	MATCH	MATCH	ELIGIBLE_ORDINAL_FRAME	FALSE	FALSE
16768	SSB0341	SSB03410194.TextGrid	16768/SSB03410194.TextGrid	3451	cdc187a306ea988500d86b0811e0e98976fd604da67c0d6700733a23faf315d9	BARE	10	8	1	一	直到杰森碰上了一个	development	直到杰森碰上了	了	个	个	CLEAR_SIMPLEX	SIMPLEX_OTHER_EXTERNAL_CONTEXT	R3_REMAINING_SIMPLEX_YI_GE	selected_一_is_not_part_of_visible_complex_cardinal_and_is_immediately_followed_by_count_classifier_个	Wu 2024 journal p.370 examples (7)-(8) and p.381 example (20a)	YI_T2	YI_T2	yi2	YI_T2	MATCH	MATCH	ELIGIBLE_SIMPLEX_FRAME	FALSE	FALSE
16834	SSB0341	SSB03410262.TextGrid	16834/SSB03410262.TextGrid	3047	305ec329a406f69a7a018d6b2ce9e0da69cbc23d7ab39cb5a39203dd0283e582	ORDINAL	6	5	1	一	希望是第一个到达的	development	希望是第	第	个	个到达的	ORDINAL_ABSOLUTE	EXACT_DI_YI_GE	R0_EXACT_ORDINAL	selected_target_occurs_in_exact_第一个	Wu 2024 journal p.374 example (15)	YI_T1	YI_T1	yi1	YI_T1	MATCH	MATCH	ELIGIBLE_ORDINAL_FRAME	FALSE	FALSE
16869	SSB0341	SSB03410299.TextGrid	16869/SSB03410299.TextGrid	5348	d50904203ac210d583e36afa985ae0712562d3e38bd0d6e654bae71744658324	BARE	8	6	1	一	整队人没有一个可以支持你的证供	development	整队人没有	有	个	个可以支持你的证	CLEAR_SIMPLEX	SIMPLEX_OTHER_EXTERNAL_CONTEXT	R3_REMAINING_SIMPLEX_YI_GE	selected_一_is_not_part_of_visible_complex_cardinal_and_is_immediately_followed_by_count_classifier_个	Wu 2024 journal p.370 examples (7)-(8) and p.381 example (20a)	YI_T2	YI_T2	yi2	YI_T2	MATCH	MATCH	ELIGIBLE_SIMPLEX_FRAME	FALSE	FALSE
16943	SSB0341	SSB03410376.TextGrid	16943/SSB03410376.TextGrid	3443	cbef519556097e47c027c6574286a59ac41714243b2baa418bf480bb13531243	ORDINAL	3	2	1	一	第一个登上太空的是谁	development	第	第	个	个登上太空的是谁	ORDINAL_ABSOLUTE	EXACT_DI_YI_GE	R0_EXACT_ORDINAL	selected_target_occurs_in_exact_第一个	Wu 2024 journal p.374 example (15)	YI_T1	YI_T1	yi1	YI_T1	MATCH	MATCH	ELIGIBLE_ORDINAL_FRAME	FALSE	FALSE
16959	SSB0341	SSB03410394.TextGrid	16959/SSB03410394.TextGrid	3825	e25d7845bd84b0b0df377b2dbfd4a7df0da33ab6e763df5afd86444185bd7aab	BARE	5	4	1	一	如果每一个硬件的品牌商	development	如果每	每	个	个硬件的品牌商	CLEAR_SIMPLEX	SIMPLEX_MODIFIED_MEI	R3_REMAINING_SIMPLEX_YI_GE	visible_string=每一个; selected_一_is_immediately_followed_by_count_classifier_个	Wu 2024 journal p.370 examples (7)-(8) and p.381 example (20a)	YI_T2	YI_T2	yi2	YI_T2	MATCH	MATCH	ELIGIBLE_SIMPLEX_FRAME	FALSE	FALSE
17147	SSB0342	SSB03420084.TextGrid	17147/SSB03420084.TextGrid	3325	9eaf04e33d334d1ce1d37b47c315dc1d21f623bdb7df2925263ea1af00d01b87	BARE	6	5	1	一	降幅收窄一个百分点	development	降幅收窄	窄	个	个百分点	CLEAR_SIMPLEX	SIMPLEX_OTHER_EXTERNAL_CONTEXT	R3_REMAINING_SIMPLEX_YI_GE	selected_一_is_not_part_of_visible_complex_cardinal_and_is_immediately_followed_by_count_classifier_个	Wu 2024 journal p.370 examples (7)-(8) and p.381 example (20a)	YI_T2	YI_T2	yi2	YI_T2	MATCH	MATCH	ELIGIBLE_SIMPLEX_FRAME	FALSE	FALSE
17166	SSB0342	SSB03420105.TextGrid	17166/SSB03420105.TextGrid	4972	717e15ebfa3d4224c89c0b432cad67242c2b06f68f2cc6a8f9fbebe8d239aced	BARE	6	5	1	一	降幅收窄一个百分点销售额五亿元	development	降幅收窄	窄	个	个百分点销售额五	CLEAR_SIMPLEX	SIMPLEX_OTHER_EXTERNAL_CONTEXT	R3_REMAINING_SIMPLEX_YI_GE	selected_一_is_not_part_of_visible_complex_cardinal_and_is_immediately_followed_by_count_classifier_个	Wu 2024 journal p.370 examples (7)-(8) and p.381 example (20a)	YI_T2	YI_T2	yi2	YI_T2	MATCH	MATCH	ELIGIBLE_SIMPLEX_FRAME	FALSE	FALSE
17176	SSB0342	SSB03420115.TextGrid	17176/SSB03420115.TextGrid	3240	04cf9914065d72c31d87687f6a1f63aa4251b39cec99570c9a61de71d707eeab	BARE	6	5	1	一	增速提高一个百分点	development	增速提高	高	个	个百分点	CLEAR_SIMPLEX	SIMPLEX_OTHER_EXTERNAL_CONTEXT	R3_REMAINING_SIMPLEX_YI_GE	selected_一_is_not_part_of_visible_complex_cardinal_and_is_immediately_followed_by_count_classifier_个	Wu 2024 journal p.370 examples (7)-(8) and p.381 example (20a)	YI_T2	YI_T2	yi2	YI_T2	MATCH	MATCH	ELIGIBLE_SIMPLEX_FRAME	FALSE	FALSE
17180	SSB0342	SSB03420119.TextGrid	17180/SSB03420119.TextGrid	5118	d7b114d2c20c90201ef8d386fcdadc7766f85a2964e5407afa08f70ff2d2f83e	BARE	13	12	1	一	许海峰澎湃资料在河北的一个小城里	development	澎湃资料在河北的	的	个	个小城里	CLEAR_SIMPLEX	SIMPLEX_OTHER_EXTERNAL_CONTEXT	R3_REMAINING_SIMPLEX_YI_GE	selected_一_is_not_part_of_visible_complex_cardinal_and_is_immediately_followed_by_count_classifier_个	Wu 2024 journal p.370 examples (7)-(8) and p.381 example (20a)	YI_T2	YI_T2	yi2	YI_T2	MATCH	MATCH	ELIGIBLE_SIMPLEX_FRAME	FALSE	FALSE
17183	SSB0342	SSB03420122.TextGrid	17183/SSB03420122.TextGrid	4453	9f6f6a940032f82e225c70b9ab339123b9b02f911147b1c770bf06fdff8a1d18	BARE	10	9	1	一	降幅比九月份收窄一个百分点	development	降幅比九月份收窄	窄	个	个百分点	CLEAR_SIMPLEX	SIMPLEX_OTHER_EXTERNAL_CONTEXT	R3_REMAINING_SIMPLEX_YI_GE	selected_一_is_not_part_of_visible_complex_cardinal_and_is_immediately_followed_by_count_classifier_个	Wu 2024 journal p.370 examples (7)-(8) and p.381 example (20a)	YI_T2	YI_T2	yi2	YI_T2	MATCH	MATCH	ELIGIBLE_SIMPLEX_FRAME	FALSE	FALSE
17210	SSB0342	SSB03420149.TextGrid	17210/SSB03420149.TextGrid	3373	62d8ad183f3cbfae2cc3ddcd2f4f45ffa40598d0b541c4a0c6d0d85c635f2f66	BARE	6	5	1	一	增速回落一个百分点	development	增速回落	落	个	个百分点	CLEAR_SIMPLEX	SIMPLEX_OTHER_EXTERNAL_CONTEXT	R3_REMAINING_SIMPLEX_YI_GE	selected_一_is_not_part_of_visible_complex_cardinal_and_is_immediately_followed_by_count_classifier_个	Wu 2024 journal p.370 examples (7)-(8) and p.381 example (20a)	YI_T2	YI_T2	yi2	YI_T2	MATCH	MATCH	ELIGIBLE_SIMPLEX_FRAME	FALSE	FALSE
17287	SSB0342	SSB03420230.TextGrid	17287/SSB03420230.TextGrid	3325	80b16b7748a94ff0d955b64ab15690f66437cd7a6239744dcf394ee84bd0ccdb	BARE	6	5	1	一	降幅收窄一个百分点	development	降幅收窄	窄	个	个百分点	CLEAR_SIMPLEX	SIMPLEX_OTHER_EXTERNAL_CONTEXT	R3_REMAINING_SIMPLEX_YI_GE	selected_一_is_not_part_of_visible_complex_cardinal_and_is_immediately_followed_by_count_classifier_个	Wu 2024 journal p.370 examples (7)-(8) and p.381 example (20a)	YI_T2	YI_T2	yi2	YI_T2	MATCH	MATCH	ELIGIBLE_SIMPLEX_FRAME	FALSE	FALSE
17289	SSB0342	SSB03420232.TextGrid	17289/SSB03420232.TextGrid	4657	5d4530cff29984bedd34cb60055b1c9e2d27fffae7e1f847e669653a84edbb74	BARE	11	9	1	一	增速比九月份回落一个百分点	development	增速比九月份回落	落	个	个百分点	CLEAR_SIMPLEX	SIMPLEX_OTHER_EXTERNAL_CONTEXT	R3_REMAINING_SIMPLEX_YI_GE	selected_一_is_not_part_of_visible_complex_cardinal_and_is_immediately_followed_by_count_classifier_个	Wu 2024 journal p.370 examples (7)-(8) and p.381 example (20a)	YI_T2	YI_T2	yi2	YI_T2	MATCH	MATCH	ELIGIBLE_SIMPLEX_FRAME	FALSE	FALSE
17310	SSB0342	SSB03420254.TextGrid	17310/SSB03420254.TextGrid	3258	310a7d1a60c2e72183e9c60a3037f0370a0502db80d2325417700c8353cddfa8	BARE	6	5	1	一	增速提高一个百分点	development	增速提高	高	个	个百分点	CLEAR_SIMPLEX	SIMPLEX_OTHER_EXTERNAL_CONTEXT	R3_REMAINING_SIMPLEX_YI_GE	selected_一_is_not_part_of_visible_complex_cardinal_and_is_immediately_followed_by_count_classifier_个	Wu 2024 journal p.370 examples (7)-(8) and p.381 example (20a)	YI_T2	YI_T2	yi2	YI_T2	MATCH	MATCH	ELIGIBLE_SIMPLEX_FRAME	FALSE	FALSE
17328	SSB0342	SSB03420272.TextGrid	17328/SSB03420272.TextGrid	4387	910df22b5e9a8f744d914949800c50e2340260622ee6531ae258a1abce27a66e	BARE	9	8	1	一	降幅比上月减缓一个百分点	development	降幅比上月减缓	缓	个	个百分点	CLEAR_SIMPLEX	SIMPLEX_OTHER_EXTERNAL_CONTEXT	R3_REMAINING_SIMPLEX_YI_GE	selected_一_is_not_part_of_visible_complex_cardinal_and_is_immediately_followed_by_count_classifier_个	Wu 2024 journal p.370 examples (7)-(8) and p.381 example (20a)	YI_T2	YI_T2	yi2	YI_T2	MATCH	MATCH	ELIGIBLE_SIMPLEX_FRAME	FALSE	FALSE
17402	SSB0342	SSB03420353.TextGrid	17402/SSB03420353.TextGrid	2606	437090971b6d2da168033080875086579655caacb1ada6b414506265e9044b4b	BARE	5	4	1	一	很好的一个女生	development	很好的	的	个	个女生	CLEAR_SIMPLEX	SIMPLEX_OTHER_EXTERNAL_CONTEXT	R3_REMAINING_SIMPLEX_YI_GE	selected_一_is_not_part_of_visible_complex_cardinal_and_is_immediately_followed_by_count_classifier_个	Wu 2024 journal p.370 examples (7)-(8) and p.381 example (20a)	YI_T2	YI_T2	yi2	YI_T2	MATCH	MATCH	ELIGIBLE_SIMPLEX_FRAME	FALSE	FALSE
17462	SSB0342	SSB03420414.TextGrid	17462/SSB03420414.TextGrid	4467	c73632cdba7675d9d1f04b8f92aa5fa3d37db50ef2b5aadf05760c56880532f0	BARE	10	9	1	一	降幅比九月份收窄一个百分点	development	降幅比九月份收窄	窄	个	个百分点	CLEAR_SIMPLEX	SIMPLEX_OTHER_EXTERNAL_CONTEXT	R3_REMAINING_SIMPLEX_YI_GE	selected_一_is_not_part_of_visible_complex_cardinal_and_is_immediately_followed_by_count_classifier_个	Wu 2024 journal p.370 examples (7)-(8) and p.381 example (20a)	YI_T2	YI_T2	yi2	YI_T2	MATCH	MATCH	ELIGIBLE_SIMPLEX_FRAME	FALSE	FALSE
17495	SSB0342	SSB03420449.TextGrid	17495/SSB03420449.TextGrid	3207	ee48fc3464ee919d45c0ba0dbfe23040a09337cc3445918f2a66165bd00a9843	BARE	6	5	1	一	增速提高一个百分点	development	增速提高	高	个	个百分点	CLEAR_SIMPLEX	SIMPLEX_OTHER_EXTERNAL_CONTEXT	R3_REMAINING_SIMPLEX_YI_GE	selected_一_is_not_part_of_visible_complex_cardinal_and_is_immediately_followed_by_count_classifier_个	Wu 2024 journal p.370 examples (7)-(8) and p.381 example (20a)	YI_T2	YI_T2	yi2	YI_T2	MATCH	MATCH	ELIGIBLE_SIMPLEX_FRAME	FALSE	FALSE
17501	SSB0342	SSB03420456.TextGrid	17501/SSB03420456.TextGrid	3256	f511f59fa1b08ffb3ee834ea171d8fc3a1a3d680a5173c11db2fed6828f6840c	BARE	6	5	1	一	增速提高一个百分点	development	增速提高	高	个	个百分点	CLEAR_SIMPLEX	SIMPLEX_OTHER_EXTERNAL_CONTEXT	R3_REMAINING_SIMPLEX_YI_GE	selected_一_is_not_part_of_visible_complex_cardinal_and_is_immediately_followed_by_count_classifier_个	Wu 2024 journal p.370 examples (7)-(8) and p.381 example (20a)	YI_T2	YI_T2	yi2	YI_T2	MATCH	MATCH	ELIGIBLE_SIMPLEX_FRAME	FALSE	FALSE
17528	SSB0342	SSB03420485.TextGrid	17528/SSB03420485.TextGrid	4351	6e3cfe64c7b513389fd2af61865e69e46abe7e15d6edbbeb3b6564a0194259e0	BARE	10	9	1	一	增速比九月份提高一个百分点	development	增速比九月份提高	高	个	个百分点	CLEAR_SIMPLEX	SIMPLEX_OTHER_EXTERNAL_CONTEXT	R3_REMAINING_SIMPLEX_YI_GE	selected_一_is_not_part_of_visible_complex_cardinal_and_is_immediately_followed_by_count_classifier_个	Wu 2024 journal p.370 examples (7)-(8) and p.381 example (20a)	YI_T2	YI_T2	yi2	YI_T2	MATCH	MATCH	ELIGIBLE_SIMPLEX_FRAME	FALSE	FALSE
17549	SSB0354	SSB03540017.TextGrid	17549/SSB03540017.TextGrid	3121	f7267eb71a995eb9d3f63e33af97ee6cf710bcb2a0866a802e80649bf00f6766	BARE	6	5	1	一	我射伤了一个押运人	confirmation	我射伤了	了	个	个押运人	CLEAR_SIMPLEX	SIMPLEX_OTHER_EXTERNAL_CONTEXT	R3_REMAINING_SIMPLEX_YI_GE	selected_一_is_not_part_of_visible_complex_cardinal_and_is_immediately_followed_by_count_classifier_个	Wu 2024 journal p.370 examples (7)-(8) and p.381 example (20a)	YI_T2	YI_T2	yi2	YI_T2	MATCH	MATCH	ELIGIBLE_SIMPLEX_FRAME	FALSE	FALSE
17566	SSB0354	SSB03540036.TextGrid	17566/SSB03540036.TextGrid	3572	4198f8df8d1c378b532bbca228576a3052bfd259b163b48a5b6f14fa84f2f251	BARE	2	1	1	一	一个青少队变成预备队	confirmation		START	个	个青少队变成预备	CLEAR_SIMPLEX	SIMPLEX_OTHER_EXTERNAL_CONTEXT	R3_REMAINING_SIMPLEX_YI_GE	selected_一_is_not_part_of_visible_complex_cardinal_and_is_immediately_followed_by_count_classifier_个	Wu 2024 journal p.370 examples (7)-(8) and p.381 example (20a)	YI_T2	YI_T2	yi2	YI_T2	MATCH	MATCH	ELIGIBLE_SIMPLEX_FRAME	FALSE	FALSE
17659	SSB0354	SSB03540134.TextGrid	17659/SSB03540134.TextGrid	3688	74b46e4f7f4bc1fbf453ceb65abb04ad84aaa940a363fe08489aa60fc5d94ebc	BARE	11	9	1	一	第七排第五行最后一个	confirmation	第七排第五行最后	后	个	个	CLEAR_SIMPLEX	SIMPLEX_SEQUENTIAL_ZUIHOU	R3_REMAINING_SIMPLEX_YI_GE	visible_string=最后一个; selected_一_is_immediately_followed_by_count_classifier_个	Wu 2024 journal p.370 examples (7)-(8) and p.381 example (20a)	YI_T2	YI_T2	yi2	YI_T2	MATCH	MATCH	ELIGIBLE_SIMPLEX_FRAME	FALSE	FALSE
17670	SSB0354	SSB03540146.TextGrid	17670/SSB03540146.TextGrid	2832	57e73af852e148512a5b4cb47d52e80fa619614fdbfa0e044e0fecfc2737c0f2	BARE	6	5	1	一	这至少得一个星期	confirmation	这至少得	得	个	个星期	CLEAR_SIMPLEX	SIMPLEX_OTHER_EXTERNAL_CONTEXT	R3_REMAINING_SIMPLEX_YI_GE	selected_一_is_not_part_of_visible_complex_cardinal_and_is_immediately_followed_by_count_classifier_个	Wu 2024 journal p.370 examples (7)-(8) and p.381 example (20a)	YI_T2	YI_T2	yi2	YI_T2	MATCH	MATCH	ELIGIBLE_SIMPLEX_FRAME	FALSE	FALSE
17694	SSB0354	SSB03540170.TextGrid	17694/SSB03540170.TextGrid	2421	0482c52aef2bdd850b8c931593a18513a5710bc8e10ec2fb619e2cf08aed0160	BARE	4	3	1	一	不是一个团队	confirmation	不是	是	个	个团队	CLEAR_SIMPLEX	SIMPLEX_OTHER_EXTERNAL_CONTEXT	R3_REMAINING_SIMPLEX_YI_GE	selected_一_is_not_part_of_visible_complex_cardinal_and_is_immediately_followed_by_count_classifier_个	Wu 2024 journal p.370 examples (7)-(8) and p.381 example (20a)	YI_T2	YI_T2	yi2	YI_T2	MATCH	MATCH	ELIGIBLE_SIMPLEX_FRAME	FALSE	FALSE
17705	SSB0354	SSB03540181.TextGrid	17705/SSB03540181.TextGrid	3692	f89b49e4a23fce703e23cfee3ec33f944116008260e29036b6cc09ba3981e15e	BARE	4	3	1	一	作为一个齐诺生物学家	confirmation	作为	为	个	个齐诺生物学家	CLEAR_SIMPLEX	SIMPLEX_OTHER_EXTERNAL_CONTEXT	R3_REMAINING_SIMPLEX_YI_GE	selected_一_is_not_part_of_visible_complex_cardinal_and_is_immediately_followed_by_count_classifier_个	Wu 2024 journal p.370 examples (7)-(8) and p.381 example (20a)	YI_T2	YI_T2	yi2	YI_T2	MATCH	MATCH	ELIGIBLE_SIMPLEX_FRAME	FALSE	FALSE
17767	SSB0354	SSB03540248.TextGrid	17767/SSB03540248.TextGrid	7175	facf4c6239d89a33aadab8a6deb45523c6525789256dca0c8c4eabc106fcf3a6	BARE	3	2	1	一	十一个典型城市土地成交均价为五千元每平方米	confirmation	十	十	个	个典型城市土地成	CLEAR_COMPLEX_LAST_DIGIT	COMPLEX_CARDINAL_FINAL_DIGIT	R1_COMPLEX_FINAL_DIGIT	visible_multi_digit_cardinal=十一; selected_一_is_final_digit_before_个	Wu 2024 journal p.381 example (28)	YI_T1	YI_T2	yi1	YI_T1	COUNTEREXAMPLE	MATCH	ELIGIBLE_COMPLEX_CONTROL_NOT_POOLED	FALSE	FALSE
17938	SSB0354	SSB03540430.TextGrid	17938/SSB03540430.TextGrid	4274	57a0dfe1a869bccae831f50a5bd25d1cf90abf838be982063c607ba0b0d574ea	BARE	11	10	1	一	他人生的流向就拐了一个弯	confirmation	人生的流向就拐了	了	个	个弯	CLEAR_SIMPLEX	SIMPLEX_OTHER_EXTERNAL_CONTEXT	R3_REMAINING_SIMPLEX_YI_GE	selected_一_is_not_part_of_visible_complex_cardinal_and_is_immediately_followed_by_count_classifier_个	Wu 2024 journal p.370 examples (7)-(8) and p.381 example (20a)	YI_T2	YI_T2	yi2	YI_T2	MATCH	MATCH	ELIGIBLE_SIMPLEX_FRAME	FALSE	FALSE
17959	SSB0354	SSB03540453.TextGrid	17959/SSB03540453.TextGrid	2141	5035c417684e06ec9d61194ce00c7de8008274c119a180889d9b867f61269da2	BARE	2	1	1	一	一个小苹果	confirmation		START	个	个小苹果	CLEAR_SIMPLEX	SIMPLEX_OTHER_EXTERNAL_CONTEXT	R3_REMAINING_SIMPLEX_YI_GE	selected_一_is_not_part_of_visible_complex_cardinal_and_is_immediately_followed_by_count_classifier_个	Wu 2024 journal p.370 examples (7)-(8) and p.381 example (20a)	YI_T2	YI_T2	yi2	YI_T2	MATCH	MATCH	ELIGIBLE_SIMPLEX_FRAME	FALSE	FALSE
17970	SSB0354	SSB03540464.TextGrid	17970/SSB03540464.TextGrid	3199	b7d900c87a4bdeacaf4ac3e41696ba642386aba01fea9cc9ad5bbb301d745554	BARE	4	3	1	一	这是一个惨痛的提醒	confirmation	这是	是	个	个惨痛的提醒	CLEAR_SIMPLEX	SIMPLEX_OTHER_EXTERNAL_CONTEXT	R3_REMAINING_SIMPLEX_YI_GE	selected_一_is_not_part_of_visible_complex_cardinal_and_is_immediately_followed_by_count_classifier_个	Wu 2024 journal p.370 examples (7)-(8) and p.381 example (20a)	YI_T2	YI_T2	yi2	YI_T2	MATCH	MATCH	ELIGIBLE_SIMPLEX_FRAME	FALSE	FALSE
18015	SSB0354	SSB03540511.TextGrid	18015/SSB03540511.TextGrid	6867	a25c76f3c45e9d2a3cc353201934e26e7744d4e6396fa07e11ede7b7df878fe6	BARE	17	14	1	一	中山大学女生秋白化名正陷入一个又一个漩涡	confirmation	生秋白化名正陷入	入	个	个又一个漩涡	CLEAR_SIMPLEX	SIMPLEX_OTHER_EXTERNAL_CONTEXT	R3_REMAINING_SIMPLEX_YI_GE	selected_一_is_not_part_of_visible_complex_cardinal_and_is_immediately_followed_by_count_classifier_个	Wu 2024 journal p.370 examples (7)-(8) and p.381 example (20a)	YI_T2	YI_T2	yi2	YI_T2	MATCH	MATCH	ELIGIBLE_SIMPLEX_FRAME	FALSE	FALSE
18015	SSB0354	SSB03540511.TextGrid	18015/SSB03540511.TextGrid	6867	a25c76f3c45e9d2a3cc353201934e26e7744d4e6396fa07e11ede7b7df878fe6	BARE	20	17	2	一	中山大学女生秋白化名正陷入一个又一个漩涡	confirmation	化名正陷入一个又	又	个	个漩涡	CLEAR_SIMPLEX	SIMPLEX_OTHER_EXTERNAL_CONTEXT	R3_REMAINING_SIMPLEX_YI_GE	selected_一_is_not_part_of_visible_complex_cardinal_and_is_immediately_followed_by_count_classifier_个	Wu 2024 journal p.370 examples (7)-(8) and p.381 example (20a)	YI_T2	YI_T2	yi2	YI_T2	MATCH	MATCH	ELIGIBLE_SIMPLEX_FRAME	FALSE	FALSE
18043	SSB0366	SSB03660027.TextGrid	18043/SSB03660027.TextGrid	4797	01b8c7c6461ec6f0872530819be992819e63f5affca7d6502a01cf3ec4a65717	BARE	11	10	1	一	这一政策将刺激出又一个千亿市场	development	一政策将刺激出又	又	个	个千亿市场	CLEAR_SIMPLEX	SIMPLEX_OTHER_EXTERNAL_CONTEXT	R3_REMAINING_SIMPLEX_YI_GE	selected_一_is_not_part_of_visible_complex_cardinal_and_is_immediately_followed_by_count_classifier_个	Wu 2024 journal p.370 examples (7)-(8) and p.381 example (20a)	YI_T2	YI_T2	yi2	YI_T2	MATCH	MATCH	ELIGIBLE_SIMPLEX_FRAME	FALSE	FALSE
18126	SSB0366	SSB03660118.TextGrid	18126/SSB03660118.TextGrid	2929	eed2ff39acacf3cb46b924f3ab50af40b6fa98bf752e455ed755521e42aab7b8	BARE	7	6	1	一	如果我讨厌一个人	development	如果我讨厌	厌	个	个人	CLEAR_SIMPLEX	SIMPLEX_OTHER_EXTERNAL_CONTEXT	R3_REMAINING_SIMPLEX_YI_GE	selected_一_is_not_part_of_visible_complex_cardinal_and_is_immediately_followed_by_count_classifier_个	Wu 2024 journal p.370 examples (7)-(8) and p.381 example (20a)	YI_T2	YI_T2	yi2	YI_T2	MATCH	MATCH	ELIGIBLE_SIMPLEX_FRAME	FALSE	FALSE
18164	SSB0366	SSB03660158.TextGrid	18164/SSB03660158.TextGrid	5668	84b78def25e1181027cb99b00066870cd500765c08c72098b871dae8345c384b	BARE	13	12	1	一	考古学家发现他们被埋在一个巨大的墓中	development	家发现他们被埋在	在	个	个巨大的墓中	CLEAR_SIMPLEX	SIMPLEX_OTHER_EXTERNAL_CONTEXT	R3_REMAINING_SIMPLEX_YI_GE	selected_一_is_not_part_of_visible_complex_cardinal_and_is_immediately_followed_by_count_classifier_个	Wu 2024 journal p.370 examples (7)-(8) and p.381 example (20a)	YI_T2	YI_T2	yi2	YI_T2	MATCH	MATCH	ELIGIBLE_SIMPLEX_FRAME	FALSE	FALSE
18307	SSB0366	SSB03660309.TextGrid	18307/SSB03660309.TextGrid	2809	a029b3e69db0b902590d7c13058c7d584cd8bdedf2ed32d38ce500479fb26111	BARE	8	7	1	一	因为你嫁给了一个	development	因为你嫁给了	了	个	个	CLEAR_SIMPLEX	SIMPLEX_OTHER_EXTERNAL_CONTEXT	R3_REMAINING_SIMPLEX_YI_GE	selected_一_is_not_part_of_visible_complex_cardinal_and_is_immediately_followed_by_count_classifier_个	Wu 2024 journal p.370 examples (7)-(8) and p.381 example (20a)	YI_T2	YI_T2	yi2	YI_T2	MATCH	MATCH	ELIGIBLE_SIMPLEX_FRAME	FALSE	FALSE
18331	SSB0366	SSB03660333.TextGrid	18331/SSB03660333.TextGrid	4774	c4c79142746bb191ae698e1dddeff74481603c8b41b060be2b7a6dcb0c0333c1	BARE	8	7	1	一	是对财务报告一个必要和有益的补充	development	是对财务报告	告	个	个必要和有益的补	CLEAR_SIMPLEX	SIMPLEX_OTHER_EXTERNAL_CONTEXT	R3_REMAINING_SIMPLEX_YI_GE	selected_一_is_not_part_of_visible_complex_cardinal_and_is_immediately_followed_by_count_classifier_个	Wu 2024 journal p.370 examples (7)-(8) and p.381 example (20a)	YI_T2	YI_T2	yi2	YI_T2	MATCH	MATCH	ELIGIBLE_SIMPLEX_FRAME	FALSE	FALSE
18371	SSB0366	SSB03660375.TextGrid	18371/SSB03660375.TextGrid	6485	1425a97f5e515911c560a2248432f1785de57a803789e7a6c1730d39f910e0ff	BARE	12	11	1	一	然后尤尼丝向我讲述了一个四年前发生的事情	development	尤尼丝向我讲述了	了	个	个四年前发生的事	CLEAR_SIMPLEX	SIMPLEX_OTHER_EXTERNAL_CONTEXT	R3_REMAINING_SIMPLEX_YI_GE	selected_一_is_not_part_of_visible_complex_cardinal_and_is_immediately_followed_by_count_classifier_个	Wu 2024 journal p.370 examples (7)-(8) and p.381 example (20a)	YI_T2	YI_T2	yi2	YI_T2	MATCH	MATCH	ELIGIBLE_SIMPLEX_FRAME	FALSE	FALSE
18377	SSB0366	SSB03660381.TextGrid	18377/SSB03660381.TextGrid	6871	142406a367c7a45330b2ef7bbe4a3c0d9b9f353ade85a5baf3c2982933797c2f	BARE	2	1	1	一	一个超导体将通行孔径的能量转到能量电池中	development		START	个	个超导体将通行孔	CLEAR_SIMPLEX	SIMPLEX_OTHER_EXTERNAL_CONTEXT	R3_REMAINING_SIMPLEX_YI_GE	selected_一_is_not_part_of_visible_complex_cardinal_and_is_immediately_followed_by_count_classifier_个	Wu 2024 journal p.370 examples (7)-(8) and p.381 example (20a)	YI_T2	YI_T2	yi2	YI_T2	MATCH	MATCH	ELIGIBLE_SIMPLEX_FRAME	FALSE	FALSE
18378	SSB0366	SSB03660382.TextGrid	18378/SSB03660382.TextGrid	3566	9dc38cf6d3d83b955b7744c4ad56fcd171e6d3f25b12bc2cc9ac82efe5c3eff0	BARE	4	3	1	一	还和一个结了婚的男人	development	还和	和	个	个结了婚的男人	CLEAR_SIMPLEX	SIMPLEX_OTHER_EXTERNAL_CONTEXT	R3_REMAINING_SIMPLEX_YI_GE	selected_一_is_not_part_of_visible_complex_cardinal_and_is_immediately_followed_by_count_classifier_个	Wu 2024 journal p.370 examples (7)-(8) and p.381 example (20a)	YI_T2	YI_T2	yi2	YI_T2	MATCH	MATCH	ELIGIBLE_SIMPLEX_FRAME	FALSE	FALSE
18386	SSB0366	SSB03660392.TextGrid	18386/SSB03660392.TextGrid	3455	8a8a27cb36ef863466cf2b01c3020a6394de1b11ba8c5d854114e81eb6280f45	BARE	6	5	1	一	并不只是一个人在奔跑	development	并不只是	是	个	个人在奔跑	CLEAR_SIMPLEX	SIMPLEX_OTHER_EXTERNAL_CONTEXT	R3_REMAINING_SIMPLEX_YI_GE	selected_一_is_not_part_of_visible_complex_cardinal_and_is_immediately_followed_by_count_classifier_个	Wu 2024 journal p.370 examples (7)-(8) and p.381 example (20a)	YI_T2	YI_T2	yi2	YI_T2	MATCH	MATCH	ELIGIBLE_SIMPLEX_FRAME	FALSE	FALSE
18407	SSB0366	SSB03660414.TextGrid	18407/SSB03660414.TextGrid	3586	4bd510296e603b53298743b6d37793e9a94ae398bfed397b6c073d6714f58ba5	BARE	6	5	1	一	它工作在一个窗口之中	development	它工作在	在	个	个窗口之中	CLEAR_SIMPLEX	SIMPLEX_OTHER_EXTERNAL_CONTEXT	R3_REMAINING_SIMPLEX_YI_GE	selected_一_is_not_part_of_visible_complex_cardinal_and_is_immediately_followed_by_count_classifier_个	Wu 2024 journal p.370 examples (7)-(8) and p.381 example (20a)	YI_T2	YI_T2	yi2	YI_T2	MATCH	MATCH	ELIGIBLE_SIMPLEX_FRAME	FALSE	FALSE
18408	SSB0366	SSB03660415.TextGrid	18408/SSB03660415.TextGrid	4464	e24ad4f5b97af57eadce12b3c7cdb6a688dc6dd3cf8f1cf7f0dbd4be1c5832f4	BARE	13	12	1	一	我就知道自己代表的不是一个人	development	道自己代表的不是	是	个	个人	CLEAR_SIMPLEX	SIMPLEX_OTHER_EXTERNAL_CONTEXT	R3_REMAINING_SIMPLEX_YI_GE	selected_一_is_not_part_of_visible_complex_cardinal_and_is_immediately_followed_by_count_classifier_个	Wu 2024 journal p.370 examples (7)-(8) and p.381 example (20a)	YI_T2	YI_T2	yi2	YI_T2	MATCH	MATCH	ELIGIBLE_SIMPLEX_FRAME	FALSE	FALSE
18410	SSB0366	SSB03660417.TextGrid	18410/SSB03660417.TextGrid	2751	6ebf4fe8dccecdd4ebbdc8a899f5d8faf17d1672bb07939e683fc49d92807661	BARE	5	4	1	一	这肯是一个陷阱	development	这肯是	是	个	个陷阱	CLEAR_SIMPLEX	SIMPLEX_OTHER_EXTERNAL_CONTEXT	R3_REMAINING_SIMPLEX_YI_GE	selected_一_is_not_part_of_visible_complex_cardinal_and_is_immediately_followed_by_count_classifier_个	Wu 2024 journal p.370 examples (7)-(8) and p.381 example (20a)	YI_T2	YI_T2	yi2	YI_T2	MATCH	MATCH	ELIGIBLE_SIMPLEX_FRAME	FALSE	FALSE
18467	SSB0366	SSB03660476.TextGrid	18467/SSB03660476.TextGrid	6050	919d8b7cb79ae2f9a5aea310237500150456c2febbc7e93b6f87dbe2785b98fd	BARE	9	8	1	一	柯林看上去就像一个戴着小贝雷帽的法国佬	development	柯林看上去就像	像	个	个戴着小贝雷帽的	CLEAR_SIMPLEX	SIMPLEX_OTHER_EXTERNAL_CONTEXT	R3_REMAINING_SIMPLEX_YI_GE	selected_一_is_not_part_of_visible_complex_cardinal_and_is_immediately_followed_by_count_classifier_个	Wu 2024 journal p.370 examples (7)-(8) and p.381 example (20a)	YI_T2	YI_T2	yi2	YI_T2	MATCH	MATCH	ELIGIBLE_SIMPLEX_FRAME	FALSE	FALSE
18491	SSB0366	SSB03660501.TextGrid	18491/SSB03660501.TextGrid	5528	69ce0e77cdb41ded7e63a263f01169e150b25f7925dfc203e45b286ece907b9e	BARE	15	14	1	一	然后用付费电话给他妻子打了一个电话	development	电话给他妻子打了	了	个	个电话	CLEAR_SIMPLEX	SIMPLEX_OTHER_EXTERNAL_CONTEXT	R3_REMAINING_SIMPLEX_YI_GE	selected_一_is_not_part_of_visible_complex_cardinal_and_is_immediately_followed_by_count_classifier_个	Wu 2024 journal p.370 examples (7)-(8) and p.381 example (20a)	YI_T2	YI_T2	yi2	YI_T2	MATCH	MATCH	ELIGIBLE_SIMPLEX_FRAME	FALSE	FALSE
18500	SSB0375	SSB03750006.TextGrid	18500/SSB03750006.TextGrid	5079	5831cf5cb366112e48454ee51623f85997660f7b60a14448d45e58dd62e35a86	BARE	13	12	1	一	所以柯林基本上是爱上了一个概念吗	development	林基本上是爱上了	了	个	个概念吗	CLEAR_SIMPLEX	SIMPLEX_OTHER_EXTERNAL_CONTEXT	R3_REMAINING_SIMPLEX_YI_GE	selected_一_is_not_part_of_visible_complex_cardinal_and_is_immediately_followed_by_count_classifier_个	Wu 2024 journal p.370 examples (7)-(8) and p.381 example (20a)	YI_T2	YI_T2	yi2	YI_T2	MATCH	MATCH	ELIGIBLE_SIMPLEX_FRAME	FALSE	FALSE
18514	SSB0375	SSB03750020.TextGrid	18514/SSB03750020.TextGrid	2423	075324f36291e33a105f7c662bf39b9489dbf39426acab4c0dc1105ecc38d71a	BARE	2	1	1	一	一个喜欢松露	development		START	个	个喜欢松露	CLEAR_SIMPLEX	SIMPLEX_OTHER_EXTERNAL_CONTEXT	R3_REMAINING_SIMPLEX_YI_GE	selected_一_is_not_part_of_visible_complex_cardinal_and_is_immediately_followed_by_count_classifier_个	Wu 2024 journal p.370 examples (7)-(8) and p.381 example (20a)	YI_T2	YI_T2	yi2	YI_T2	MATCH	MATCH	ELIGIBLE_SIMPLEX_FRAME	FALSE	FALSE
18631	SSB0375	SSB03750141.TextGrid	18631/SSB03750141.TextGrid	4821	6f2112493b2b054bd3ba8a2fa305939ad73eb8d57d54c4e1b97a4e36e296cb8d	BARE	10	9	1	一	下决心在一天面对一个微型恐惧	development	下决心在一天面对	对	个	个微型恐惧	CLEAR_SIMPLEX	SIMPLEX_OTHER_EXTERNAL_CONTEXT	R3_REMAINING_SIMPLEX_YI_GE	selected_一_is_not_part_of_visible_complex_cardinal_and_is_immediately_followed_by_count_classifier_个	Wu 2024 journal p.370 examples (7)-(8) and p.381 example (20a)	YI_T2	YI_T2	yi2	YI_T2	MATCH	MATCH	ELIGIBLE_SIMPLEX_FRAME	FALSE	FALSE
18753	SSB0375	SSB03750267.TextGrid	18753/SSB03750267.TextGrid	3878	7e9e9f46949ca2d7e7806887841708546585d0e1b70f74c8c58d3729dc39e5d5	BARE	4	3	1	一	少你一个平米你也看不出来	development	少你	你	个	个平米你也看不出	CLEAR_SIMPLEX	SIMPLEX_OTHER_EXTERNAL_CONTEXT	R3_REMAINING_SIMPLEX_YI_GE	selected_一_is_not_part_of_visible_complex_cardinal_and_is_immediately_followed_by_count_classifier_个	Wu 2024 journal p.370 examples (7)-(8) and p.381 example (20a)	YI_T2	YI_T2	yi2	YI_T2	MATCH	MATCH	ELIGIBLE_SIMPLEX_FRAME	FALSE	FALSE
18810	SSB0375	SSB03750327.TextGrid	18810/SSB03750327.TextGrid	6287	0cf29eb828f04485ceb3d2b7e72cbe66a77ecbc58e04e008d32b9aee4981dd5b	BARE	18	17	1	一	如果报纸广告上的哪个楼盘单独印了一个房型	development	哪个楼盘单独印了	了	个	个房型	CLEAR_SIMPLEX	SIMPLEX_OTHER_EXTERNAL_CONTEXT	R3_REMAINING_SIMPLEX_YI_GE	selected_一_is_not_part_of_visible_complex_cardinal_and_is_immediately_followed_by_count_classifier_个	Wu 2024 journal p.370 examples (7)-(8) and p.381 example (20a)	YI_T2	YI_T2	yi2	YI_T2	MATCH	MATCH	ELIGIBLE_SIMPLEX_FRAME	FALSE	FALSE
18847	SSB0375	SSB03750366.TextGrid	18847/SSB03750366.TextGrid	3188	2691b3ba47bf452e3c71829f755752ed445a00bd7a383f6720c9b6f22012eabc	BARE	7	6	1	一	今天我们有一个预约	development	今天我们有	有	个	个预约	CLEAR_SIMPLEX	SIMPLEX_OTHER_EXTERNAL_CONTEXT	R3_REMAINING_SIMPLEX_YI_GE	selected_一_is_not_part_of_visible_complex_cardinal_and_is_immediately_followed_by_count_classifier_个	Wu 2024 journal p.370 examples (7)-(8) and p.381 example (20a)	YI_T2	YI_T2	yi2	YI_T2	MATCH	MATCH	ELIGIBLE_SIMPLEX_FRAME	FALSE	FALSE
19023	SSB0379	SSB03790052.TextGrid	19023/SSB03790052.TextGrid	4717	1f8350bb6bb64cdef6feee9bf6e8108e495b1fcdc741885fc07df77fa398c429	BARE	4	3	1	一	他下一个目标也许是这孩子的母亲	development	他下	下	个	个目标也许是这孩	CLEAR_SIMPLEX	SIMPLEX_SEQUENTIAL_XIA	R3_REMAINING_SIMPLEX_YI_GE	visible_string=下一个; selected_一_is_immediately_followed_by_count_classifier_个	Wu 2024 journal p.370 examples (7)-(8) and p.381 example (20a)	YI_T2	YI_T2	yi2	YI_T2	MATCH	MATCH	ELIGIBLE_SIMPLEX_FRAME	FALSE	FALSE
19131	SSB0379	SSB03790164.TextGrid	19131/SSB03790164.TextGrid	4137	a36d6417c84be5d6de5c4f5204a4efe0cf7e93653e47151e9fe578ca5acc8b98	BARE	8	7	1	一	努力让自己像一个中国公司	development	努力让自己像	像	个	个中国公司	CLEAR_SIMPLEX	SIMPLEX_OTHER_EXTERNAL_CONTEXT	R3_REMAINING_SIMPLEX_YI_GE	selected_一_is_not_part_of_visible_complex_cardinal_and_is_immediately_followed_by_count_classifier_个	Wu 2024 journal p.370 examples (7)-(8) and p.381 example (20a)	YI_T2	YI_T2	yi2	YI_T2	MATCH	MATCH	ELIGIBLE_SIMPLEX_FRAME	FALSE	FALSE
19274	SSB0379	SSB03790315.TextGrid	19274/SSB03790315.TextGrid	5168	c2043df225a96a804a21025a61f05b88639a4ab5eeb3e37bdf976f546b42b3e7	BARE	9	8	1	一	这个穷人家住在一个污秽的小屋里面	development	这个穷人家住在	在	个	个污秽的小屋里面	CLEAR_SIMPLEX	SIMPLEX_OTHER_EXTERNAL_CONTEXT	R3_REMAINING_SIMPLEX_YI_GE	selected_一_is_not_part_of_visible_complex_cardinal_and_is_immediately_followed_by_count_classifier_个	Wu 2024 journal p.370 examples (7)-(8) and p.381 example (20a)	YI_T2	YI_T2	yi2	YI_T2	MATCH	MATCH	ELIGIBLE_SIMPLEX_FRAME	FALSE	FALSE
19284	SSB0379	SSB03790325.TextGrid	19284/SSB03790325.TextGrid	4356	7974633e541be13ea2e275b393e34d48d2fd06a8c547e7bc4498fbadeda0949b	BARE	5	4	1	一	如果下一个被害人是你的女儿呢	development	如果下	下	个	个被害人是你的女	CLEAR_SIMPLEX	SIMPLEX_SEQUENTIAL_XIA	R3_REMAINING_SIMPLEX_YI_GE	visible_string=下一个; selected_一_is_immediately_followed_by_count_classifier_个	Wu 2024 journal p.370 examples (7)-(8) and p.381 example (20a)	YI_T2	YI_T2	yi2	YI_T2	MATCH	MATCH	ELIGIBLE_SIMPLEX_FRAME	FALSE	FALSE
19413	SSB0379	SSB03790461.TextGrid	19413/SSB03790461.TextGrid	3931	25640ddf4b132b7c33cc2f636c3f1ee6149afaf1ebd2c12cba123f12b6562688	BARE	7	6	1	一	唱一首爱上一个不回家的人	development	唱一首爱上	上	个	个不回家的人	CLEAR_SIMPLEX	SIMPLEX_SEQUENTIAL_SHANG	R3_REMAINING_SIMPLEX_YI_GE	visible_string=上一个; selected_一_is_immediately_followed_by_count_classifier_个	Wu 2024 journal p.370 examples (7)-(8) and p.381 example (20a)	YI_T2	YI_T2	yi2	YI_T2	MATCH	MATCH	ELIGIBLE_SIMPLEX_FRAME	FALSE	FALSE
19498	SSB0380	SSB03800042.TextGrid	19498/SSB03800042.TextGrid	5532	0d9ce881df434d0bfce40739f53d32d8a645dc6a2b9606a9c2517bc6ac30efcf	BARE	9	8	1	一	然后他们发现了一个聪明的办法来分析	development	然后他们发现了	了	个	个聪明的办法来分	CLEAR_SIMPLEX	SIMPLEX_OTHER_EXTERNAL_CONTEXT	R3_REMAINING_SIMPLEX_YI_GE	selected_一_is_not_part_of_visible_complex_cardinal_and_is_immediately_followed_by_count_classifier_个	Wu 2024 journal p.370 examples (7)-(8) and p.381 example (20a)	YI_T2	YI_T2	yi2	YI_T2	MATCH	MATCH	ELIGIBLE_SIMPLEX_FRAME	FALSE	FALSE
19598	SSB0380	SSB03800146.TextGrid	19598/SSB03800146.TextGrid	3513	b2e5473afcf60baa39bff7428cc37dc1bca9589fda345f6a631bf9b605ccf39e	BARE	5	4	1	一	清晰是一个传奇的东西	development	清晰是	是	个	个传奇的东西	CLEAR_SIMPLEX	SIMPLEX_OTHER_EXTERNAL_CONTEXT	R3_REMAINING_SIMPLEX_YI_GE	selected_一_is_not_part_of_visible_complex_cardinal_and_is_immediately_followed_by_count_classifier_个	Wu 2024 journal p.370 examples (7)-(8) and p.381 example (20a)	YI_T2	YI_T2	yi2	YI_T2	MATCH	MATCH	ELIGIBLE_SIMPLEX_FRAME	FALSE	FALSE
19628	SSB0380	SSB03800178.TextGrid	19628/SSB03800178.TextGrid	3758	6c25091e026a57ada22b11df82c6ba3d343c71158ea8d14d85d13838db06b3ae	BARE	7	6	1	一	但我准备做一个蕾丝头饰	development	但我准备做	做	个	个蕾丝头饰	CLEAR_SIMPLEX	SIMPLEX_OTHER_EXTERNAL_CONTEXT	R3_REMAINING_SIMPLEX_YI_GE	selected_一_is_not_part_of_visible_complex_cardinal_and_is_immediately_followed_by_count_classifier_个	Wu 2024 journal p.370 examples (7)-(8) and p.381 example (20a)	YI_T2	YI_T2	yi2	YI_T2	MATCH	MATCH	ELIGIBLE_SIMPLEX_FRAME	FALSE	FALSE
19644	SSB0380	SSB03800194.TextGrid	19644/SSB03800194.TextGrid	3827	916ef661e61302b27b89f9abe8a6d67594612caf1e24715cf5ad02b3ecdb0a51	BARE	10	9	1	一	我会带着这里的每一个矮人	development	我会带着这里的每	每	个	个矮人	CLEAR_SIMPLEX	SIMPLEX_MODIFIED_MEI	R3_REMAINING_SIMPLEX_YI_GE	visible_string=每一个; selected_一_is_immediately_followed_by_count_classifier_个	Wu 2024 journal p.370 examples (7)-(8) and p.381 example (20a)	YI_T2	YI_T2	yi2	YI_T2	MATCH	MATCH	ELIGIBLE_SIMPLEX_FRAME	FALSE	FALSE
19651	SSB0380	SSB03800201.TextGrid	19651/SSB03800201.TextGrid	2307	296bebbedb1d31552fe3cf9300f8a4ed3ad0a6425d4f6fb49902bf355a6d0ea4	BARE	5	4	1	一	我订到一个位	development	我订到	到	个	个位	CLEAR_SIMPLEX	SIMPLEX_OTHER_EXTERNAL_CONTEXT	R3_REMAINING_SIMPLEX_YI_GE	selected_一_is_not_part_of_visible_complex_cardinal_and_is_immediately_followed_by_count_classifier_个	Wu 2024 journal p.370 examples (7)-(8) and p.381 example (20a)	YI_T2	YI_T2	yi2	YI_T2	MATCH	MATCH	ELIGIBLE_SIMPLEX_FRAME	FALSE	FALSE
19862	SSB0380	SSB03800419.TextGrid	19862/SSB03800419.TextGrid	4499	dd69eaf258a07a1bea3e0c04881917c4c7c37e75f8389bbc4dc5088174c12034	BARE	7	6	1	一	如果统一用一个城市的刷卡器具	development	如果统一用	用	个	个城市的刷卡器具	CLEAR_SIMPLEX	SIMPLEX_OTHER_EXTERNAL_CONTEXT	R3_REMAINING_SIMPLEX_YI_GE	selected_一_is_not_part_of_visible_complex_cardinal_and_is_immediately_followed_by_count_classifier_个	Wu 2024 journal p.370 examples (7)-(8) and p.381 example (20a)	YI_T2	YI_T2	yi2	YI_T2	MATCH	MATCH	ELIGIBLE_SIMPLEX_FRAME	FALSE	FALSE
19878	SSB0380	SSB03800435.TextGrid	19878/SSB03800435.TextGrid	2244	66ab92d58514a18b5d07c57999822f6f1a5b28c086c5f53a31ccfed29f9b1bfd	BARE	3	2	1	一	上一个文件	development	上	上	个	个文件	CLEAR_SIMPLEX	SIMPLEX_SEQUENTIAL_SHANG	R3_REMAINING_SIMPLEX_YI_GE	visible_string=上一个; selected_一_is_immediately_followed_by_count_classifier_个	Wu 2024 journal p.370 examples (7)-(8) and p.381 example (20a)	YI_T2	YI_T2	yi2	YI_T2	MATCH	MATCH	ELIGIBLE_SIMPLEX_FRAME	FALSE	FALSE
19904	SSB0380	SSB03800462.TextGrid	19904/SSB03800462.TextGrid	6810	07b352f9258b44ec7a3a7eb82a9aebede7c152055be898ad33625c5f6b43650f	BARE	12	11	1	一	为什么我们会选择这样一个愚蠢的名字仍是一个谜	development	么我们会选择这样	样	个	个愚蠢的名字仍是	CLEAR_SIMPLEX	SIMPLEX_OTHER_EXTERNAL_CONTEXT	R3_REMAINING_SIMPLEX_YI_GE	selected_一_is_not_part_of_visible_complex_cardinal_and_is_immediately_followed_by_count_classifier_个	Wu 2024 journal p.370 examples (7)-(8) and p.381 example (20a)	YI_T2	YI_T2	yi2	YI_T2	MATCH	MATCH	ELIGIBLE_SIMPLEX_FRAME	FALSE	FALSE
19904	SSB0380	SSB03800462.TextGrid	19904/SSB03800462.TextGrid	6810	07b352f9258b44ec7a3a7eb82a9aebede7c152055be898ad33625c5f6b43650f	BARE	21	20	2	一	为什么我们会选择这样一个愚蠢的名字仍是一个谜	development	个愚蠢的名字仍是	是	个	个谜	CLEAR_SIMPLEX	SIMPLEX_OTHER_EXTERNAL_CONTEXT	R3_REMAINING_SIMPLEX_YI_GE	selected_一_is_not_part_of_visible_complex_cardinal_and_is_immediately_followed_by_count_classifier_个	Wu 2024 journal p.370 examples (7)-(8) and p.381 example (20a)	YI_T2	YI_T2	yi2	YI_T2	MATCH	MATCH	ELIGIBLE_SIMPLEX_FRAME	FALSE	FALSE
19919	SSB0380	SSB03800477.TextGrid	19919/SSB03800477.TextGrid	3737	64365cd3bbf3c3ef74effe6fa187c19f64aa41c69c1d34a69def74c7a447aa72	BARE	10	9	1	一	小暗的听一首歌念一个人	development	小暗的听一首歌念	念	个	个人	CLEAR_SIMPLEX	SIMPLEX_OTHER_EXTERNAL_CONTEXT	R3_REMAINING_SIMPLEX_YI_GE	selected_一_is_not_part_of_visible_complex_cardinal_and_is_immediately_followed_by_count_classifier_个	Wu 2024 journal p.370 examples (7)-(8) and p.381 example (20a)	YI_T2	YI_T2	yi2	YI_T2	MATCH	MATCH	ELIGIBLE_SIMPLEX_FRAME	FALSE	FALSE
19924	SSB0380	SSB03800482.TextGrid	19924/SSB03800482.TextGrid	2795	c92b8f92a0367c49935b3ce10ceb3db7aa7b04237007411e3a89c8f0db59c029	BARE	4	3	1	一	他是一个儒雅巨人	development	他是	是	个	个儒雅巨人	CLEAR_SIMPLEX	SIMPLEX_OTHER_EXTERNAL_CONTEXT	R3_REMAINING_SIMPLEX_YI_GE	selected_一_is_not_part_of_visible_complex_cardinal_and_is_immediately_followed_by_count_classifier_个	Wu 2024 journal p.370 examples (7)-(8) and p.381 example (20a)	YI_T2	YI_T2	yi2	YI_T2	MATCH	MATCH	ELIGIBLE_SIMPLEX_FRAME	FALSE	FALSE
20055	SSB0382	SSB03820109.TextGrid	20055/SSB03820109.TextGrid	3948	fbb923d371ce655e12fa7d54dd74fd611c74d06b88d0af4355b835d72a2e96d5	BARE	7	6	1	一	购房者要有一个适应的过程	confirmation	购房者要有	有	个	个适应的过程	CLEAR_SIMPLEX	SIMPLEX_OTHER_EXTERNAL_CONTEXT	R3_REMAINING_SIMPLEX_YI_GE	selected_一_is_not_part_of_visible_complex_cardinal_and_is_immediately_followed_by_count_classifier_个	Wu 2024 journal p.370 examples (7)-(8) and p.381 example (20a)	YI_T2	YI_T2	yi2	YI_T2	MATCH	MATCH	ELIGIBLE_SIMPLEX_FRAME	FALSE	FALSE
20103	SSB0382	SSB03820162.TextGrid	20103/SSB03820162.TextGrid	4833	f753cb1f86070653192099d1a9dba9d4b5a54371561cde7e3d85e76843a38416	BARE	7	6	1	一	信息时报讯一个月前来学校参观	confirmation	信息时报讯	讯	个	个月前来学校参观	CLEAR_SIMPLEX	SIMPLEX_OTHER_EXTERNAL_CONTEXT	R3_REMAINING_SIMPLEX_YI_GE	selected_一_is_not_part_of_visible_complex_cardinal_and_is_immediately_followed_by_count_classifier_个	Wu 2024 journal p.370 examples (7)-(8) and p.381 example (20a)	YI_T2	YI_T2	yi2	YI_T2	MATCH	MATCH	ELIGIBLE_SIMPLEX_FRAME	FALSE	FALSE
20108	SSB0382	SSB03820167.TextGrid	20108/SSB03820167.TextGrid	7371	15e14b0dbf02bad75027fb9912a7a8595a8ccc8190c220ad97c995286b116f1a	BARE	18	16	1	一	爱立信和沃尔沃用两年时间打造了一个车联网云平台	confirmation	用两年时间打造了	了	个	个车联网云平台	CLEAR_SIMPLEX	SIMPLEX_OTHER_EXTERNAL_CONTEXT	R3_REMAINING_SIMPLEX_YI_GE	selected_一_is_not_part_of_visible_complex_cardinal_and_is_immediately_followed_by_count_classifier_个	Wu 2024 journal p.370 examples (7)-(8) and p.381 example (20a)	YI_T2	YI_T2	yi2	YI_T2	MATCH	MATCH	ELIGIBLE_SIMPLEX_FRAME	FALSE	FALSE
20149	SSB0382	SSB03820213.TextGrid	20149/SSB03820213.TextGrid	4596	fb752a53c76df3441a0e09366b7edc550fd6b8a325f2490a0bac917c3aafd852	BARE	6	5	1	一	房地产是一个回报率最高的行业	confirmation	房地产是	是	个	个回报率最高的行	CLEAR_SIMPLEX	SIMPLEX_OTHER_EXTERNAL_CONTEXT	R3_REMAINING_SIMPLEX_YI_GE	selected_一_is_not_part_of_visible_complex_cardinal_and_is_immediately_followed_by_count_classifier_个	Wu 2024 journal p.370 examples (7)-(8) and p.381 example (20a)	YI_T2	YI_T2	yi1	YI_T1	COUNTEREXAMPLE	COUNTEREXAMPLE	ELIGIBLE_SIMPLEX_FRAME	FALSE	FALSE
20174	SSB0382	SSB03820242.TextGrid	20174/SSB03820242.TextGrid	3632	f25e29617314e37ed1c9bb2f9763e8d425bb4b77bcded67c01a72375f68261fe	BARE	7	6	1	一	带泪的鱼的一个人唱情歌	confirmation	带泪的鱼的	的	个	个人唱情歌	CLEAR_SIMPLEX	SIMPLEX_OTHER_EXTERNAL_CONTEXT	R3_REMAINING_SIMPLEX_YI_GE	selected_一_is_not_part_of_visible_complex_cardinal_and_is_immediately_followed_by_count_classifier_个	Wu 2024 journal p.370 examples (7)-(8) and p.381 example (20a)	YI_T2	YI_T2	yi2	YI_T2	MATCH	MATCH	ELIGIBLE_SIMPLEX_FRAME	FALSE	FALSE
20406	SSB0385	SSB03850008.TextGrid	20406/SSB03850008.TextGrid	4077	ee8c91074d1b9a6f53d64867488360af3a910bf440f98b84aa5a2c0acc32b232	BARE	6	5	1	一	怎么冒出一个没有赛牌的跑者	development	怎么冒出	出	个	个没有赛牌的跑者	CLEAR_SIMPLEX	SIMPLEX_OTHER_EXTERNAL_CONTEXT	R3_REMAINING_SIMPLEX_YI_GE	selected_一_is_not_part_of_visible_complex_cardinal_and_is_immediately_followed_by_count_classifier_个	Wu 2024 journal p.370 examples (7)-(8) and p.381 example (20a)	YI_T2	YI_T2	yi2	YI_T2	MATCH	MATCH	ELIGIBLE_SIMPLEX_FRAME	FALSE	FALSE
20420	SSB0385	SSB03850023.TextGrid	20420/SSB03850023.TextGrid	4306	eb494bc29773bd795d9e51d112dbf312602316ccf6b9026e5a8111564a62083e	BARE	6	5	1	一	我却有过一个人的马拉松经历	development	我却有过	过	个	个人的马拉松经历	CLEAR_SIMPLEX	SIMPLEX_OTHER_EXTERNAL_CONTEXT	R3_REMAINING_SIMPLEX_YI_GE	selected_一_is_not_part_of_visible_complex_cardinal_and_is_immediately_followed_by_count_classifier_个	Wu 2024 journal p.370 examples (7)-(8) and p.381 example (20a)	YI_T2	YI_T2	yi2	YI_T2	MATCH	MATCH	ELIGIBLE_SIMPLEX_FRAME	FALSE	FALSE
20421	SSB0385	SSB03850024.TextGrid	20421/SSB03850024.TextGrid	3137	ed41adf23fbc5e3b987fa021eba22e02c9646018a518ab7d15b688903aba6f8b	BARE	4	3	1	一	后期一个在住宅称王	development	后期	期	个	个在住宅称王	CLEAR_SIMPLEX	SIMPLEX_OTHER_EXTERNAL_CONTEXT	R3_REMAINING_SIMPLEX_YI_GE	selected_一_is_not_part_of_visible_complex_cardinal_and_is_immediately_followed_by_count_classifier_个	Wu 2024 journal p.370 examples (7)-(8) and p.381 example (20a)	YI_T2	YI_T2	yi2	YI_T2	MATCH	MATCH	ELIGIBLE_SIMPLEX_FRAME	FALSE	FALSE
20442	SSB0385	SSB03850045.TextGrid	20442/SSB03850045.TextGrid	5252	4d80ae29dbe7d8f542e2dbaa41150005912809a4b912b2f4579162516bfff3dc	BARE	9	8	1	一	房地产市场进入一个新的发展阶段	development	房地产市场进入	入	个	个新的发展阶段	CLEAR_SIMPLEX	SIMPLEX_OTHER_EXTERNAL_CONTEXT	R3_REMAINING_SIMPLEX_YI_GE	selected_一_is_not_part_of_visible_complex_cardinal_and_is_immediately_followed_by_count_classifier_个	Wu 2024 journal p.370 examples (7)-(8) and p.381 example (20a)	YI_T2	YI_T2	yi2	YI_T2	MATCH	MATCH	ELIGIBLE_SIMPLEX_FRAME	FALSE	FALSE
20445	SSB0385	SSB03850048.TextGrid	20445/SSB03850048.TextGrid	4137	d6b8a4699ff8ce6f555a5fdc172da0eac23c3d3a1b1ce87cfaebee80b40ea78b	BARE	8	7	1	一	我还没有跑过一个马拉松比赛	development	我还没有跑过	过	个	个马拉松比赛	CLEAR_SIMPLEX	SIMPLEX_OTHER_EXTERNAL_CONTEXT	R3_REMAINING_SIMPLEX_YI_GE	selected_一_is_not_part_of_visible_complex_cardinal_and_is_immediately_followed_by_count_classifier_个	Wu 2024 journal p.370 examples (7)-(8) and p.381 example (20a)	YI_T2	YI_T2	yi2	YI_T2	MATCH	MATCH	ELIGIBLE_SIMPLEX_FRAME	FALSE	FALSE
20453	SSB0385	SSB03850057.TextGrid	20453/SSB03850057.TextGrid	5539	785803b106162133f56176cb459c5ec5094ea050974bc7e22cc4b3f778abb8f1	BARE	7	6	1	一	我凑上去和一个志愿者说能给我瓶喝吗	development	我凑上去和	和	个	个志愿者说能给我	CLEAR_SIMPLEX	SIMPLEX_OTHER_EXTERNAL_CONTEXT	R3_REMAINING_SIMPLEX_YI_GE	selected_一_is_not_part_of_visible_complex_cardinal_and_is_immediately_followed_by_count_classifier_个	Wu 2024 journal p.370 examples (7)-(8) and p.381 example (20a)	YI_T2	YI_T2	yi2	YI_T2	MATCH	MATCH	ELIGIBLE_SIMPLEX_FRAME	FALSE	FALSE
20544	SSB0385	SSB03850153.TextGrid	20544/SSB03850153.TextGrid	4960	d9f4ab4825b9a4356817c74394b6c040953f1dcbc3c4a6e70fe1217ec7bca15b	BARE	10	9	1	一	更没有想到会经历一个人的马拉松	development	更没有想到会经历	历	个	个人的马拉松	CLEAR_SIMPLEX	SIMPLEX_OTHER_EXTERNAL_CONTEXT	R3_REMAINING_SIMPLEX_YI_GE	selected_一_is_not_part_of_visible_complex_cardinal_and_is_immediately_followed_by_count_classifier_个	Wu 2024 journal p.370 examples (7)-(8) and p.381 example (20a)	YI_T2	YI_T2	yi2	YI_T2	MATCH	MATCH	ELIGIBLE_SIMPLEX_FRAME	FALSE	FALSE
20597	SSB0385	SSB03850207.TextGrid	20597/SSB03850207.TextGrid	3115	15286608eccaf190f91f882b30a69d0b62006f3927c6d5a8596f0bb8d2211718	BARE	2	1	1	一	一个企业有哪些部门	development		START	个	个企业有哪些部门	CLEAR_SIMPLEX	SIMPLEX_OTHER_EXTERNAL_CONTEXT	R3_REMAINING_SIMPLEX_YI_GE	selected_一_is_not_part_of_visible_complex_cardinal_and_is_immediately_followed_by_count_classifier_个	Wu 2024 journal p.370 examples (7)-(8) and p.381 example (20a)	YI_T2	YI_T2	yi2	YI_T2	MATCH	MATCH	ELIGIBLE_SIMPLEX_FRAME	FALSE	FALSE
20684	SSB0385	SSB03850303.TextGrid	20684/SSB03850303.TextGrid	4172	72b3edb9b289b5b141dd458d3b86fa71aa9b522723c1d21b9d4002f790228c17	BARE	9	8	1	一	在赛事还剩不到一个月的时间	development	在赛事还剩不到	到	个	个月的时间	CLEAR_SIMPLEX	SIMPLEX_OTHER_EXTERNAL_CONTEXT	R3_REMAINING_SIMPLEX_YI_GE	selected_一_is_not_part_of_visible_complex_cardinal_and_is_immediately_followed_by_count_classifier_个	Wu 2024 journal p.370 examples (7)-(8) and p.381 example (20a)	YI_T2	YI_T2	yi2	YI_T2	MATCH	MATCH	ELIGIBLE_SIMPLEX_FRAME	FALSE	FALSE
20719	SSB0385	SSB03850338.TextGrid	20719/SSB03850338.TextGrid	3363	3ab04ec324f932efbfda0890cadcadac76a39279f69656d8159f7e642bb6c960	BARE	5	4	1	一	我继续一个人的马拉松	development	我继续	续	个	个人的马拉松	CLEAR_SIMPLEX	SIMPLEX_OTHER_EXTERNAL_CONTEXT	R3_REMAINING_SIMPLEX_YI_GE	selected_一_is_not_part_of_visible_complex_cardinal_and_is_immediately_followed_by_count_classifier_个	Wu 2024 journal p.370 examples (7)-(8) and p.381 example (20a)	YI_T2	YI_T2	yi2	YI_T2	MATCH	MATCH	ELIGIBLE_SIMPLEX_FRAME	FALSE	FALSE
20757	SSB0385	SSB03850379.TextGrid	20757/SSB03850379.TextGrid	2935	3c56360d8291c0c404ae8c05f07ef748352d529759d1de83e43c193eee469663	BARE	4	3	1	一	偶遇一个问路的跑者	development	偶遇	遇	个	个问路的跑者	CLEAR_SIMPLEX	SIMPLEX_OTHER_EXTERNAL_CONTEXT	R3_REMAINING_SIMPLEX_YI_GE	selected_一_is_not_part_of_visible_complex_cardinal_and_is_immediately_followed_by_count_classifier_个	Wu 2024 journal p.370 examples (7)-(8) and p.381 example (20a)	YI_T2	YI_T2	yi2	YI_T2	MATCH	MATCH	ELIGIBLE_SIMPLEX_FRAME	FALSE	FALSE
20790	SSB0385	SSB03850414.TextGrid	20790/SSB03850414.TextGrid	3590	6a6c611c8949d6a36323c80a9f59af2c0897c91208a902426ac4b39c194780d4	BARE	2	1	1	一	一个是早期在南面称王	development		START	个	个是早期在南面称	CLEAR_SIMPLEX	SIMPLEX_OTHER_EXTERNAL_CONTEXT	R3_REMAINING_SIMPLEX_YI_GE	selected_一_is_not_part_of_visible_complex_cardinal_and_is_immediately_followed_by_count_classifier_个	Wu 2024 journal p.370 examples (7)-(8) and p.381 example (20a)	YI_T2	YI_T2	yi2	YI_T2	MATCH	MATCH	ELIGIBLE_SIMPLEX_FRAME	FALSE	FALSE
20816	SSB0385	SSB03850441.TextGrid	20816/SSB03850441.TextGrid	5308	0bdf6ca8d231e48e952261cc2a22d740c0bcea90484da444c3ebdb92d5069e14	BARE	8	7	1	一	在清早看看每一个标志性的北京建筑	development	在清早看看每	每	个	个标志性的北京建	CLEAR_SIMPLEX	SIMPLEX_MODIFIED_MEI	R3_REMAINING_SIMPLEX_YI_GE	visible_string=每一个; selected_一_is_immediately_followed_by_count_classifier_个	Wu 2024 journal p.370 examples (7)-(8) and p.381 example (20a)	YI_T2	YI_T2	yi2	YI_T2	MATCH	MATCH	ELIGIBLE_SIMPLEX_FRAME	FALSE	FALSE
20820	SSB0385	SSB03850445.TextGrid	20820/SSB03850445.TextGrid	4410	77e1e22e60a1e3a2d4abd3b89d3d4e1d5f00da9b0daeca3a648e13c9252cc3ba	BARE	2	1	1	一	一个超级地产梦之队就此诞生	development		START	个	个超级地产梦之队	CLEAR_SIMPLEX	SIMPLEX_OTHER_EXTERNAL_CONTEXT	R3_REMAINING_SIMPLEX_YI_GE	selected_一_is_not_part_of_visible_complex_cardinal_and_is_immediately_followed_by_count_classifier_个	Wu 2024 journal p.370 examples (7)-(8) and p.381 example (20a)	YI_T2	YI_T2	yi2	YI_T2	MATCH	MATCH	ELIGIBLE_SIMPLEX_FRAME	FALSE	FALSE
20833	SSB0385	SSB03850459.TextGrid	20833/SSB03850459.TextGrid	4590	13303bb2f815f4ccf2a5a75b40c0486e58d1211fb2fb18841928a45ef3218cea	BARE	11	10	1	一	在距离正式比赛开跑一个月的时候	development	距离正式比赛开跑	跑	个	个月的时候	CLEAR_SIMPLEX	SIMPLEX_OTHER_EXTERNAL_CONTEXT	R3_REMAINING_SIMPLEX_YI_GE	selected_一_is_not_part_of_visible_complex_cardinal_and_is_immediately_followed_by_count_classifier_个	Wu 2024 journal p.370 examples (7)-(8) and p.381 example (20a)	YI_T2	YI_T2	yi2	YI_T2	MATCH	MATCH	ELIGIBLE_SIMPLEX_FRAME	FALSE	FALSE
21061	SSB0393	SSB03930234.TextGrid	21061/SSB03930234.TextGrid	5167	fa30f258ff4cffe737441e07961deae9405714149f92aea8147fc49cec4a760d	BARE	9	8	1	一	杰森把比较低的一个层次称为世俗层	development	杰森把比较低的	的	个	个层次称为世俗层	CLEAR_SIMPLEX	SIMPLEX_OTHER_EXTERNAL_CONTEXT	R3_REMAINING_SIMPLEX_YI_GE	selected_一_is_not_part_of_visible_complex_cardinal_and_is_immediately_followed_by_count_classifier_个	Wu 2024 journal p.370 examples (7)-(8) and p.381 example (20a)	YI_T2	YI_T2	yi2	YI_T2	MATCH	MATCH	ELIGIBLE_SIMPLEX_FRAME	FALSE	FALSE
21064	SSB0393	SSB03930237.TextGrid	21064/SSB03930237.TextGrid	5838	49d3596818eb6eb626c1b5ccb9d5ac4fb1c260d0e805eb2a87f77668dd7f7afa	BARE	11	10	1	一	他把胳膊放肆地搭在一个可爱的小女孩儿身上	development	把胳膊放肆地搭在	在	个	个可爱的小女孩儿	CLEAR_SIMPLEX	SIMPLEX_OTHER_EXTERNAL_CONTEXT	R3_REMAINING_SIMPLEX_YI_GE	selected_一_is_not_part_of_visible_complex_cardinal_and_is_immediately_followed_by_count_classifier_个	Wu 2024 journal p.370 examples (7)-(8) and p.381 example (20a)	YI_T2	YI_T2	yi2	YI_T2	MATCH	MATCH	ELIGIBLE_SIMPLEX_FRAME	FALSE	FALSE
21091	SSB0393	SSB03930265.TextGrid	21091/SSB03930265.TextGrid	4269	f358fad1af5d4b90c94eabf2f672dc54e6c364ecaf7cf569b699539436ba5286	BARE	13	12	1	一	来发现那个最适合我们的一个	development	那个最适合我们的	的	个	个	CLEAR_SIMPLEX	SIMPLEX_OTHER_EXTERNAL_CONTEXT	R3_REMAINING_SIMPLEX_YI_GE	selected_一_is_not_part_of_visible_complex_cardinal_and_is_immediately_followed_by_count_classifier_个	Wu 2024 journal p.370 examples (7)-(8) and p.381 example (20a)	YI_T2	YI_T2	yi2	YI_T2	MATCH	MATCH	ELIGIBLE_SIMPLEX_FRAME	FALSE	FALSE
21145	SSB0393	SSB03930319.TextGrid	21145/SSB03930319.TextGrid	4334	d9a6b59e4dcf7d8c283609bdb9a1fe503e6eacdb30246c43adef5e9926e60b2e	BARE	5	4	1	一	创造了一个又一个辉煌的成绩	development	创造了	了	个	个又一个辉煌的成	CLEAR_SIMPLEX	SIMPLEX_OTHER_EXTERNAL_CONTEXT	R3_REMAINING_SIMPLEX_YI_GE	selected_一_is_not_part_of_visible_complex_cardinal_and_is_immediately_followed_by_count_classifier_个	Wu 2024 journal p.370 examples (7)-(8) and p.381 example (20a)	YI_T2	YI_T2	yi2	YI_T2	MATCH	MATCH	ELIGIBLE_SIMPLEX_FRAME	FALSE	FALSE
21145	SSB0393	SSB03930319.TextGrid	21145/SSB03930319.TextGrid	4334	d9a6b59e4dcf7d8c283609bdb9a1fe503e6eacdb30246c43adef5e9926e60b2e	BARE	8	7	2	一	创造了一个又一个辉煌的成绩	development	创造了一个又	又	个	个辉煌的成绩	CLEAR_SIMPLEX	SIMPLEX_OTHER_EXTERNAL_CONTEXT	R3_REMAINING_SIMPLEX_YI_GE	selected_一_is_not_part_of_visible_complex_cardinal_and_is_immediately_followed_by_count_classifier_个	Wu 2024 journal p.370 examples (7)-(8) and p.381 example (20a)	YI_T2	YI_T2	yi2	YI_T2	MATCH	MATCH	ELIGIBLE_SIMPLEX_FRAME	FALSE	FALSE
21148	SSB0393	SSB03930324.TextGrid	21148/SSB03930324.TextGrid	4199	68a57dc103c426d97cf5ba5d62ae5bbf2759b327d0e9b99d71d8c3bf460679e7	BARE	4	3	1	一	还有一个跟刚才那个一样搞笑	development	还有	有	个	个跟刚才那个一样	CLEAR_SIMPLEX	SIMPLEX_OTHER_EXTERNAL_CONTEXT	R3_REMAINING_SIMPLEX_YI_GE	selected_一_is_not_part_of_visible_complex_cardinal_and_is_immediately_followed_by_count_classifier_个	Wu 2024 journal p.370 examples (7)-(8) and p.381 example (20a)	YI_T2	YI_T2	yi2	YI_T2	MATCH	MATCH	ELIGIBLE_SIMPLEX_FRAME	FALSE	FALSE
21162	SSB0393	SSB03930338.TextGrid	21162/SSB03930338.TextGrid	5517	c5b98fbdfcf12473896b0a52d49a23ba55f168be7811796810150e2345e97bb3	ORDINAL	18	14	1	一	选中下载选中第四排第一行第一个	development	中第四排第一行第	第	个	个	ORDINAL_ABSOLUTE	EXACT_DI_YI_GE	R0_EXACT_ORDINAL	selected_target_occurs_in_exact_第一个	Wu 2024 journal p.374 example (15)	YI_T1	YI_T1	yi1	YI_T1	MATCH	MATCH	ELIGIBLE_ORDINAL_FRAME	FALSE	FALSE
21349	SSB0394	SSB03940023.TextGrid	21349/SSB03940023.TextGrid	3700	bb3541130faad3f782716353dff78bbc49515ff80a0e4a017a2411373e97eb35	BARE	8	7	1	一	对于在场的每一个人来说	development	对于在场的每	每	个	个人来说	CLEAR_SIMPLEX	SIMPLEX_MODIFIED_MEI	R3_REMAINING_SIMPLEX_YI_GE	visible_string=每一个; selected_一_is_immediately_followed_by_count_classifier_个	Wu 2024 journal p.370 examples (7)-(8) and p.381 example (20a)	YI_T2	YI_T2	yi2	YI_T2	MATCH	MATCH	ELIGIBLE_SIMPLEX_FRAME	FALSE	FALSE
21413	SSB0394	SSB03940093.TextGrid	21413/SSB03940093.TextGrid	2231	b98577f926698cfd0c25b394c88f000e10acfb9899dc62f8d6c2ae9be74aac11	BARE	6	5	1	一	因为我有一个	development	因为我有	有	个	个	CLEAR_SIMPLEX	SIMPLEX_OTHER_EXTERNAL_CONTEXT	R3_REMAINING_SIMPLEX_YI_GE	selected_一_is_not_part_of_visible_complex_cardinal_and_is_immediately_followed_by_count_classifier_个	Wu 2024 journal p.370 examples (7)-(8) and p.381 example (20a)	YI_T2	YI_T2	yi2	YI_T2	MATCH	MATCH	ELIGIBLE_SIMPLEX_FRAME	FALSE	FALSE
21419	SSB0394	SSB03940099.TextGrid	21419/SSB03940099.TextGrid	4324	94979817cbfda61eab49e37e193ff976dd25d201d7039b1a92ec9753c4d95ea0	BARE	10	9	1	一	朗普告诉我那属于一个强大咒语	development	朗普告诉我那属于	于	个	个强大咒语	CLEAR_SIMPLEX	SIMPLEX_OTHER_EXTERNAL_CONTEXT	R3_REMAINING_SIMPLEX_YI_GE	selected_一_is_not_part_of_visible_complex_cardinal_and_is_immediately_followed_by_count_classifier_个	Wu 2024 journal p.370 examples (7)-(8) and p.381 example (20a)	YI_T2	YI_T2	yi2	YI_T2	MATCH	MATCH	ELIGIBLE_SIMPLEX_FRAME	FALSE	FALSE
21514	SSB0394	SSB03940207.TextGrid	21514/SSB03940207.TextGrid	4094	dba484b285810060695c8af0fc779941dceeb8d4a8e283f3ff21d909b731b04e	BARE	2	1	1	一	一个人渴望柴火是可同情的	development		START	个	个人渴望柴火是可	CLEAR_SIMPLEX	SIMPLEX_OTHER_EXTERNAL_CONTEXT	R3_REMAINING_SIMPLEX_YI_GE	selected_一_is_not_part_of_visible_complex_cardinal_and_is_immediately_followed_by_count_classifier_个	Wu 2024 journal p.370 examples (7)-(8) and p.381 example (20a)	YI_T2	YI_T2	yi2	YI_T2	MATCH	MATCH	ELIGIBLE_SIMPLEX_FRAME	FALSE	FALSE
21572	SSB0394	SSB03940272.TextGrid	21572/SSB03940272.TextGrid	2755	2bc276eb326dfc4b42121e58d0dae23b10cdaf4bcde38088961b954ab85f1756	BARE	2	1	1	一	一个图片指南针	development		START	个	个图片指南针	CLEAR_SIMPLEX	SIMPLEX_OTHER_EXTERNAL_CONTEXT	R3_REMAINING_SIMPLEX_YI_GE	selected_一_is_not_part_of_visible_complex_cardinal_and_is_immediately_followed_by_count_classifier_个	Wu 2024 journal p.370 examples (7)-(8) and p.381 example (20a)	YI_T2	YI_T2	yi2	YI_T2	MATCH	MATCH	ELIGIBLE_SIMPLEX_FRAME	FALSE	FALSE
21677	SSB0394	SSB03940392.TextGrid	21677/SSB03940392.TextGrid	3178	0c994efdd6422fa0eb2b6d74d439d544bc69b3131563367740ec5fb68a78ccf8	BARE	7	6	1	一	我不会让你一个人了	development	我不会让你	你	个	个人了	CLEAR_SIMPLEX	SIMPLEX_OTHER_EXTERNAL_CONTEXT	R3_REMAINING_SIMPLEX_YI_GE	selected_一_is_not_part_of_visible_complex_cardinal_and_is_immediately_followed_by_count_classifier_个	Wu 2024 journal p.370 examples (7)-(8) and p.381 example (20a)	YI_T2	YI_T2	yi2	YI_T2	MATCH	MATCH	ELIGIBLE_SIMPLEX_FRAME	FALSE	FALSE
21680	SSB0394	SSB03940395.TextGrid	21680/SSB03940395.TextGrid	3348	8dd0c767a294fdd0939e0583d6d0bd0e1796c409860ef1f67a8f6d04ce096cfa	BARE	4	3	1	一	发现一个击昏就行了	development	发现	现	个	个击昏就行了	CLEAR_SIMPLEX	SIMPLEX_OTHER_EXTERNAL_CONTEXT	R3_REMAINING_SIMPLEX_YI_GE	selected_一_is_not_part_of_visible_complex_cardinal_and_is_immediately_followed_by_count_classifier_个	Wu 2024 journal p.370 examples (7)-(8) and p.381 example (20a)	YI_T2	YI_T2	yi2	YI_T2	MATCH	MATCH	ELIGIBLE_SIMPLEX_FRAME	FALSE	FALSE
21727	SSB0394	SSB03940452.TextGrid	21727/SSB03940452.TextGrid	3771	7a87c151ad44d26b67bec320e3281c6c1238b28cf0a041062cb1dd19335d6808	BARE	6	5	1	一	他是跟另一个女生在一块儿	development	他是跟另	另	个	个女生在一块儿	CLEAR_SIMPLEX	SIMPLEX_MODIFIED_LING	R3_REMAINING_SIMPLEX_YI_GE	visible_string=另一个; selected_一_is_immediately_followed_by_count_classifier_个	Wu 2024 journal p.370 examples (7)-(8) and p.381 example (20a)	YI_T2	YI_T2	yi2	YI_T2	MATCH	MATCH	ELIGIBLE_SIMPLEX_FRAME	FALSE	FALSE
21755	SSB0394	SSB03940484.TextGrid	21755/SSB03940484.TextGrid	3700	2fa1b49dc754663c36fe3fcf8b165316adc8c6ca6a87e0e66087ba48e82ca6b7	BARE	9	8	1	一	然后当我跑到另一个大海	development	然后当我跑到另	另	个	个大海	CLEAR_SIMPLEX	SIMPLEX_MODIFIED_LING	R3_REMAINING_SIMPLEX_YI_GE	visible_string=另一个; selected_一_is_immediately_followed_by_count_classifier_个	Wu 2024 journal p.370 examples (7)-(8) and p.381 example (20a)	YI_T2	YI_T2	yi2	YI_T2	MATCH	MATCH	ELIGIBLE_SIMPLEX_FRAME	FALSE	FALSE
21769	SSB0394	SSB03940500.TextGrid	21769/SSB03940500.TextGrid	4337	2ba24a5b670161bc90e0f716d4df1d755f120fbb18b374b163da958a25971f07	BARE	7	6	1	一	你知不知道一个词叫天定命运	development	你知不知道	道	个	个词叫天定命运	CLEAR_SIMPLEX	SIMPLEX_OTHER_EXTERNAL_CONTEXT	R3_REMAINING_SIMPLEX_YI_GE	selected_一_is_not_part_of_visible_complex_cardinal_and_is_immediately_followed_by_count_classifier_个	Wu 2024 journal p.370 examples (7)-(8) and p.381 example (20a)	YI_T2	YI_T2	yi2	YI_T2	MATCH	MATCH	ELIGIBLE_SIMPLEX_FRAME	FALSE	FALSE
21772	SSB0394	SSB03940503.TextGrid	21772/SSB03940503.TextGrid	2438	2965640c80dfb3bbb0a57e19a93ee329edc603a5dc7e3e9f12d23c227fc572f8	BARE	2	1	1	一	一个从未改变	development		START	个	个从未改变	CLEAR_SIMPLEX	SIMPLEX_OTHER_EXTERNAL_CONTEXT	R3_REMAINING_SIMPLEX_YI_GE	selected_一_is_not_part_of_visible_complex_cardinal_and_is_immediately_followed_by_count_classifier_个	Wu 2024 journal p.370 examples (7)-(8) and p.381 example (20a)	YI_T2	YI_T2	yi2	YI_T2	MATCH	MATCH	ELIGIBLE_SIMPLEX_FRAME	FALSE	FALSE
21802	SSB0395	SSB03950028.TextGrid	21802/SSB03950028.TextGrid	6431	e80cac88e095680c06db6baddd32ae64139f1ef1958bb38470597adb95106682	BARE	9	8	1	一	怎么保证他们有一个合理的竞争是规划的重点	confirmation	怎么保证他们有	有	个	个合理的竞争是规	CLEAR_SIMPLEX	SIMPLEX_OTHER_EXTERNAL_CONTEXT	R3_REMAINING_SIMPLEX_YI_GE	selected_一_is_not_part_of_visible_complex_cardinal_and_is_immediately_followed_by_count_classifier_个	Wu 2024 journal p.370 examples (7)-(8) and p.381 example (20a)	YI_T2	YI_T2	yi2	YI_T2	MATCH	MATCH	ELIGIBLE_SIMPLEX_FRAME	FALSE	FALSE
21874	SSB0395	SSB03950105.TextGrid	21874/SSB03950105.TextGrid	3266	4cff861e660c845d51524a8f6d6fa5ca7fe1c9b0c1d003108ff84a6ac21faba5	BARE	2	1	1	一	一个小男孩儿误入球场	confirmation		START	个	个小男孩儿误入球	CLEAR_SIMPLEX	SIMPLEX_OTHER_EXTERNAL_CONTEXT	R3_REMAINING_SIMPLEX_YI_GE	selected_一_is_not_part_of_visible_complex_cardinal_and_is_immediately_followed_by_count_classifier_个	Wu 2024 journal p.370 examples (7)-(8) and p.381 example (20a)	YI_T2	YI_T2	yi2	YI_T2	MATCH	MATCH	ELIGIBLE_SIMPLEX_FRAME	FALSE	FALSE
21880	SSB0395	SSB03950112.TextGrid	21880/SSB03950112.TextGrid	1861	ae47cb5499aea5ac2169e421c8aec9850c9cdf06e5820f65c5bee81cb1c0f78f	BARE	2	1	1	一	一个伤心	confirmation		START	个	个伤心	CLEAR_SIMPLEX	SIMPLEX_OTHER_EXTERNAL_CONTEXT	R3_REMAINING_SIMPLEX_YI_GE	selected_一_is_not_part_of_visible_complex_cardinal_and_is_immediately_followed_by_count_classifier_个	Wu 2024 journal p.370 examples (7)-(8) and p.381 example (20a)	YI_T2	YI_T2	yi2	YI_T2	MATCH	MATCH	ELIGIBLE_SIMPLEX_FRAME	FALSE	FALSE
21896	SSB0395	SSB03950129.TextGrid	21896/SSB03950129.TextGrid	4343	136bcdbcf332a3885a0289a60acb6b4707fb806c434392b20f6a0a4e75f1f922	BARE	10	9	1	一	是苹果公司史上的一个里程碑	confirmation	是苹果公司史上的	的	个	个里程碑	CLEAR_SIMPLEX	SIMPLEX_OTHER_EXTERNAL_CONTEXT	R3_REMAINING_SIMPLEX_YI_GE	selected_一_is_not_part_of_visible_complex_cardinal_and_is_immediately_followed_by_count_classifier_个	Wu 2024 journal p.370 examples (7)-(8) and p.381 example (20a)	YI_T2	YI_T2	yi2	YI_T2	MATCH	MATCH	ELIGIBLE_SIMPLEX_FRAME	FALSE	FALSE
21924	SSB0395	SSB03950161.TextGrid	21924/SSB03950161.TextGrid	6976	e19bccb222a53f6d46586b450a51f6847632d41c9aba3aef4bec0c722be0de5d	BARE	18	17	1	一	约会应用软件如今已是现代求爱术的一个正常部分	confirmation	已是现代求爱术的	的	个	个正常部分	CLEAR_SIMPLEX	SIMPLEX_OTHER_EXTERNAL_CONTEXT	R3_REMAINING_SIMPLEX_YI_GE	selected_一_is_not_part_of_visible_complex_cardinal_and_is_immediately_followed_by_count_classifier_个	Wu 2024 journal p.370 examples (7)-(8) and p.381 example (20a)	YI_T2	YI_T2	yi2	YI_T2	MATCH	MATCH	ELIGIBLE_SIMPLEX_FRAME	FALSE	FALSE
21984	SSB0395	SSB03950225.TextGrid	21984/SSB03950225.TextGrid	6097	e7f6a4d36f156203d679630bba74b5a12fd09b2a9bab45abee2c0e6c8f495171	BARE	7	6	1	一	最近网络上一个视频片段被疯狂转载	confirmation	最近网络上	上	个	个视频片段被疯狂	CLEAR_SIMPLEX	SIMPLEX_SEQUENTIAL_SHANG	R3_REMAINING_SIMPLEX_YI_GE	visible_string=上一个; selected_一_is_immediately_followed_by_count_classifier_个	Wu 2024 journal p.370 examples (7)-(8) and p.381 example (20a)	YI_T2	YI_T2	yi2	YI_T2	MATCH	MATCH	ELIGIBLE_SIMPLEX_FRAME	FALSE	FALSE
22061	SSB0395	SSB03950311.TextGrid	22061/SSB03950311.TextGrid	4777	8051eaa25b0b280a858970bad31466f64c95c01e754cbdf9595fb2ff348add34	BARE	3	2	1	一	但一个月仅有两个学员主动报名	confirmation	但	但	个	个月仅有两个学员	CLEAR_SIMPLEX	SIMPLEX_OTHER_EXTERNAL_CONTEXT	R3_REMAINING_SIMPLEX_YI_GE	selected_一_is_not_part_of_visible_complex_cardinal_and_is_immediately_followed_by_count_classifier_个	Wu 2024 journal p.370 examples (7)-(8) and p.381 example (20a)	YI_T2	YI_T2	yi2	YI_T2	MATCH	MATCH	ELIGIBLE_SIMPLEX_FRAME	FALSE	FALSE
22146	SSB0395	SSB03950404.TextGrid	22146/SSB03950404.TextGrid	2175	69a44c9f61021547c611ed297251d24742be96f45ae1f9cbab8b7fed41375c69	ORDINAL	6	5	1	一	第二排第一个	confirmation	第二排第	第	个	个	ORDINAL_ABSOLUTE	EXACT_DI_YI_GE	R0_EXACT_ORDINAL	selected_target_occurs_in_exact_第一个	Wu 2024 journal p.374 example (15)	YI_T1	YI_T1	yi1	YI_T1	MATCH	MATCH	ELIGIBLE_ORDINAL_FRAME	FALSE	FALSE
22218	SSB0395	SSB03950481.TextGrid	22218/SSB03950481.TextGrid	5868	b630439663a563a29a2d580f5327eb1b664a65f24c0bc1e8b67c3cefd892c9d6	BARE	17	16	1	一	不得已她只能在飞机上站了整整十一个小时	confirmation	飞机上站了整整十	十	个	个小时	CLEAR_COMPLEX_LAST_DIGIT	COMPLEX_CARDINAL_FINAL_DIGIT	R1_COMPLEX_FINAL_DIGIT	visible_multi_digit_cardinal=十一; selected_一_is_final_digit_before_个	Wu 2024 journal p.381 example (28)	YI_T1	YI_T2	yi1	YI_T1	COUNTEREXAMPLE	MATCH	ELIGIBLE_COMPLEX_CONTROL_NOT_POOLED	FALSE	FALSE
22383	SSB0407	SSB04070181.TextGrid	22383/SSB04070181.TextGrid	3442	3cafe7c4a638395052171c6fc2fddffbc8886d49b3e95db70fa922301a99262b	BARE	3	2	1	一	我一个朋友想买那里的	development	我	我	个	个朋友想买那里的	CLEAR_SIMPLEX	SIMPLEX_OTHER_EXTERNAL_CONTEXT	R3_REMAINING_SIMPLEX_YI_GE	selected_一_is_not_part_of_visible_complex_cardinal_and_is_immediately_followed_by_count_classifier_个	Wu 2024 journal p.370 examples (7)-(8) and p.381 example (20a)	YI_T2	YI_T2	yi2	YI_T2	MATCH	MATCH	ELIGIBLE_SIMPLEX_FRAME	FALSE	FALSE
22529	SSB0407	SSB04070358.TextGrid	22529/SSB04070358.TextGrid	3072	457f4c28d7743c5e7450ba0c6c6a4b385922914067bcf389d33761f3c67a5f49	BARE	9	8	1	一	我们可以找另外一个	development	我们可以找另外	外	个	个	CLEAR_SIMPLEX	SIMPLEX_OTHER_EXTERNAL_CONTEXT	R3_REMAINING_SIMPLEX_YI_GE	selected_一_is_not_part_of_visible_complex_cardinal_and_is_immediately_followed_by_count_classifier_个	Wu 2024 journal p.370 examples (7)-(8) and p.381 example (20a)	YI_T2	YI_T2	yi2	YI_T2	MATCH	MATCH	ELIGIBLE_SIMPLEX_FRAME	FALSE	FALSE
22535	SSB0407	SSB04070365.TextGrid	22535/SSB04070365.TextGrid	7046	0f86cc2145668e270c5a472af1dc7059d98ee6da613deee335976f75856f7e88	BARE	4	3	1	一	它是一个上面系有我名牌的大型皮制黑蓝色行李箱	development	它是	是	个	个上面系有我名牌	CLEAR_SIMPLEX	SIMPLEX_OTHER_EXTERNAL_CONTEXT	R3_REMAINING_SIMPLEX_YI_GE	selected_一_is_not_part_of_visible_complex_cardinal_and_is_immediately_followed_by_count_classifier_个	Wu 2024 journal p.370 examples (7)-(8) and p.381 example (20a)	YI_T2	YI_T2	yi2	YI_T2	MATCH	MATCH	ELIGIBLE_SIMPLEX_FRAME	FALSE	FALSE
22563	SSB0407	SSB04070405.TextGrid	22563/SSB04070405.TextGrid	6406	c78b598df230363137e30404c27b5b711f9c8ecf51098470a56ecbe5bdbbfdfb	BARE	15	14	1	一	我不明白为什么我嫁给了这么一个不体贴的男人	development	什么我嫁给了这么	么	个	个不体贴的男人	CLEAR_SIMPLEX	SIMPLEX_OTHER_EXTERNAL_CONTEXT	R3_REMAINING_SIMPLEX_YI_GE	selected_一_is_not_part_of_visible_complex_cardinal_and_is_immediately_followed_by_count_classifier_个	Wu 2024 journal p.370 examples (7)-(8) and p.381 example (20a)	YI_T2	YI_T2	yi2	YI_T2	MATCH	MATCH	ELIGIBLE_SIMPLEX_FRAME	FALSE	FALSE
22665	SSB0415	SSB04150022.TextGrid	22665/SSB04150022.TextGrid	3444	8f76b328d221240298f9be96c3c0d00f455c71eb37d8fb71dc297fcc8aae4c97	BARE	8	7	1	一	获得了仅剩的一个名额	development	获得了仅剩的	的	个	个名额	CLEAR_SIMPLEX	SIMPLEX_OTHER_EXTERNAL_CONTEXT	R3_REMAINING_SIMPLEX_YI_GE	selected_一_is_not_part_of_visible_complex_cardinal_and_is_immediately_followed_by_count_classifier_个	Wu 2024 journal p.370 examples (7)-(8) and p.381 example (20a)	YI_T2	YI_T2	yi2	YI_T2	MATCH	MATCH	ELIGIBLE_SIMPLEX_FRAME	FALSE	FALSE
22691	SSB0415	SSB04150051.TextGrid	22691/SSB04150051.TextGrid	5722	e853658f3c377eb83cac6ac87fff24ab6d703464e6942a985626cd59889e0d3b	BARE	12	11	1	一	在农村广阔天地搭建起一个优越的平台	development	村广阔天地搭建起	起	个	个优越的平台	CLEAR_SIMPLEX	SIMPLEX_OTHER_EXTERNAL_CONTEXT	R3_REMAINING_SIMPLEX_YI_GE	selected_一_is_not_part_of_visible_complex_cardinal_and_is_immediately_followed_by_count_classifier_个	Wu 2024 journal p.370 examples (7)-(8) and p.381 example (20a)	YI_T2	YI_T2	yi2	YI_T2	MATCH	MATCH	ELIGIBLE_SIMPLEX_FRAME	FALSE	FALSE
22864	SSB0415	SSB04150235.TextGrid	22864/SSB04150235.TextGrid	3629	14f4c601111914f1bb2f19c1e9e36096112a91deea60191e75eb6d3ac64e5755	BARE	9	7	1	一	放首歌来听有一个地方	development	放首歌来听有	有	个	个地方	CLEAR_SIMPLEX	SIMPLEX_OTHER_EXTERNAL_CONTEXT	R3_REMAINING_SIMPLEX_YI_GE	selected_一_is_not_part_of_visible_complex_cardinal_and_is_immediately_followed_by_count_classifier_个	Wu 2024 journal p.370 examples (7)-(8) and p.381 example (20a)	YI_T2	YI_T2	yi2	YI_T2	MATCH	MATCH	ELIGIBLE_SIMPLEX_FRAME	FALSE	FALSE
22891	SSB0415	SSB04150264.TextGrid	22891/SSB04150264.TextGrid	4391	b59901d478c6c78202854ec527dd9a8074dd9a195916c061cd0f90088efb5c66	BARE	10	8	1	一	放首歌来听给我一个理由忘记	development	放首歌来听给我	我	个	个理由忘记	CLEAR_SIMPLEX	SIMPLEX_OTHER_EXTERNAL_CONTEXT	R3_REMAINING_SIMPLEX_YI_GE	selected_一_is_not_part_of_visible_complex_cardinal_and_is_immediately_followed_by_count_classifier_个	Wu 2024 journal p.370 examples (7)-(8) and p.381 example (20a)	YI_T2	YI_T2	yi2	YI_T2	MATCH	MATCH	ELIGIBLE_SIMPLEX_FRAME	FALSE	FALSE
22957	SSB0415	SSB04150335.TextGrid	22957/SSB04150335.TextGrid	4202	0b07824b77fb2cb0abd957697a73e218547d0ab92b8c7a6adcb4183ac7349cbc	BARE	11	9	1	一	中国队收获的不止一个名额	development	中国队收获的不止	止	个	个名额	CLEAR_SIMPLEX	SIMPLEX_OTHER_EXTERNAL_CONTEXT	R3_REMAINING_SIMPLEX_YI_GE	selected_一_is_not_part_of_visible_complex_cardinal_and_is_immediately_followed_by_count_classifier_个	Wu 2024 journal p.370 examples (7)-(8) and p.381 example (20a)	YI_T2	YI_T2	yi2	YI_T2	MATCH	MATCH	ELIGIBLE_SIMPLEX_FRAME	FALSE	FALSE
23177	SSB0426	SSB04260112.TextGrid	23177/SSB04260112.TextGrid	4811	e1138170c2ad57f2e75400cc83c5be6766b879ce6c84f61c750e5d1ebcd27cff	BARE	11	10	1	一	但夏普也计划压缩为一个月的工资	confirmation	夏普也计划压缩为	为	个	个月的工资	CLEAR_SIMPLEX	SIMPLEX_OTHER_EXTERNAL_CONTEXT	R3_REMAINING_SIMPLEX_YI_GE	selected_一_is_not_part_of_visible_complex_cardinal_and_is_immediately_followed_by_count_classifier_个	Wu 2024 journal p.370 examples (7)-(8) and p.381 example (20a)	YI_T2	YI_T2	yi2	YI_T2	MATCH	MATCH	ELIGIBLE_SIMPLEX_FRAME	FALSE	FALSE
23222	SSB0426	SSB04260172.TextGrid	23222/SSB04260172.TextGrid	4764	6d8433f8f8192100efefc4ed8304f2f2ff492fab0813847c2104c20fff6137b3	BARE	8	7	1	一	有关部门并无一个明确的时间表	confirmation	有关部门并无	无	个	个明确的时间表	CLEAR_SIMPLEX	SIMPLEX_OTHER_EXTERNAL_CONTEXT	R3_REMAINING_SIMPLEX_YI_GE	selected_一_is_not_part_of_visible_complex_cardinal_and_is_immediately_followed_by_count_classifier_个	Wu 2024 journal p.370 examples (7)-(8) and p.381 example (20a)	YI_T2	YI_T2	yi2	YI_T2	MATCH	MATCH	ELIGIBLE_SIMPLEX_FRAME	FALSE	FALSE
23236	SSB0426	SSB04260192.TextGrid	23236/SSB04260192.TextGrid	4008	cb7ab38a5df32e1979bb04a404cc41651de2a53aca425bed08201a75024b0da8	BARE	8	7	1	一	在来之前挂了一个礼拜的水	confirmation	在来之前挂了	了	个	个礼拜的水	CLEAR_SIMPLEX	SIMPLEX_OTHER_EXTERNAL_CONTEXT	R3_REMAINING_SIMPLEX_YI_GE	selected_一_is_not_part_of_visible_complex_cardinal_and_is_immediately_followed_by_count_classifier_个	Wu 2024 journal p.370 examples (7)-(8) and p.381 example (20a)	YI_T2	YI_T2	yi2	YI_T2	MATCH	MATCH	ELIGIBLE_SIMPLEX_FRAME	FALSE	FALSE
23262	SSB0426	SSB04260226.TextGrid	23262/SSB04260226.TextGrid	4276	3c6d748a5313231a244e5ff40118658fad8eb580d79311b2f6fe1f4f3bd43220	BARE	7	6	1	一	教育营地是一个比较有序的业务	confirmation	教育营地是	是	个	个比较有序的业务	CLEAR_SIMPLEX	SIMPLEX_OTHER_EXTERNAL_CONTEXT	R3_REMAINING_SIMPLEX_YI_GE	selected_一_is_not_part_of_visible_complex_cardinal_and_is_immediately_followed_by_count_classifier_个	Wu 2024 journal p.370 examples (7)-(8) and p.381 example (20a)	YI_T2	YI_T2	yi2	YI_T2	MATCH	MATCH	ELIGIBLE_SIMPLEX_FRAME	FALSE	FALSE
23326	SSB0426	SSB04260305.TextGrid	23326/SSB04260305.TextGrid	5222	486b67fbbd446873b95222163c4b981ec1cf7ce16f78975d4d9b3f94dd27d671	BARE	4	3	1	一	共计一个万科广场在建或者规划中	confirmation	共计	计	个	个万科广场在建或	CLEAR_SIMPLEX	SIMPLEX_OTHER_EXTERNAL_CONTEXT	R3_REMAINING_SIMPLEX_YI_GE	selected_一_is_not_part_of_visible_complex_cardinal_and_is_immediately_followed_by_count_classifier_个	Wu 2024 journal p.370 examples (7)-(8) and p.381 example (20a)	YI_T2	YI_T2	yi2	YI_T2	MATCH	MATCH	ELIGIBLE_SIMPLEX_FRAME	FALSE	FALSE
23327	SSB0426	SSB04260308.TextGrid	23327/SSB04260308.TextGrid	5784	1db6c6556005473fad00f3bc34612ee1cbf6785b4989281d8ac85122e4d45560	BARE	19	18	1	一	目前已经开业和正在准备开业的业务有一个	confirmation	准备开业的业务有	有	个	个	CLEAR_SIMPLEX	SIMPLEX_OTHER_EXTERNAL_CONTEXT	R3_REMAINING_SIMPLEX_YI_GE	selected_一_is_not_part_of_visible_complex_cardinal_and_is_immediately_followed_by_count_classifier_个	Wu 2024 journal p.370 examples (7)-(8) and p.381 example (20a)	YI_T2	YI_T2	yi2	YI_T2	MATCH	MATCH	ELIGIBLE_SIMPLEX_FRAME	FALSE	FALSE
23358	SSB0426	SSB04260349.TextGrid	23358/SSB04260349.TextGrid	5928	806a98bf96693a7f3553da2471068b0d0594ba01158cb97e8445079a4f8a1e72	BARE	13	12	1	一	至今年年末将同时运营一一个万科广场	confirmation	年末将同时运营一	一	个	个万科广场	AMBIGUOUS_OR_OUTSIDE_SCOPE	APPARENT_DUPLICATED_YI_TRANSCRIPT	R2_UNRESOLVED_ADJACENT_YI	visible_sequence=一一个; intended_wording_or_tokenization_not_recoverable_from_hanzi	no source prediction assigned	NO_PREDICTION	YI_T2	yi2	YI_T2	MATCH	NO_CONCLUSION_SCOPE	INELIGIBLE_SCOPE_UNRESOLVED	FALSE	FALSE
23363	SSB0426	SSB04260357.TextGrid	23363/SSB04260357.TextGrid	4960	72683ca616baab913b8a165be4e61fbff079a25ef88664cef2bb05c6dbb3f5cd	BARE	11	10	1	一	万科上海至少会布局一个万科广场	confirmation	科上海至少会布局	局	个	个万科广场	CLEAR_SIMPLEX	SIMPLEX_OTHER_EXTERNAL_CONTEXT	R3_REMAINING_SIMPLEX_YI_GE	selected_一_is_not_part_of_visible_complex_cardinal_and_is_immediately_followed_by_count_classifier_个	Wu 2024 journal p.370 examples (7)-(8) and p.381 example (20a)	YI_T2	YI_T2	yi2	YI_T2	MATCH	MATCH	ELIGIBLE_SIMPLEX_FRAME	FALSE	FALSE
23367	SSB0426	SSB04260362.TextGrid	23367/SSB04260362.TextGrid	3891	cf7190130d255fd6a51c2722395e02a40ee308861c0313ac79393b33a472c258	BARE	7	6	1	一	公路改革是一个渐进过程	confirmation	公路改革是	是	个	个渐进过程	CLEAR_SIMPLEX	SIMPLEX_OTHER_EXTERNAL_CONTEXT	R3_REMAINING_SIMPLEX_YI_GE	selected_一_is_not_part_of_visible_complex_cardinal_and_is_immediately_followed_by_count_classifier_个	Wu 2024 journal p.370 examples (7)-(8) and p.381 example (20a)	YI_T2	YI_T2	yi2	YI_T2	MATCH	MATCH	ELIGIBLE_SIMPLEX_FRAME	FALSE	FALSE
23369	SSB0426	SSB04260364.TextGrid	23369/SSB04260364.TextGrid	6114	e7d52afada07e3e42c59a9f29ea64169d8bed460b91d4710cfe118b9db73321e	BARE	11	10	1	一	也相信交通部能创建一个公平有序的市场	confirmation	相信交通部能创建	建	个	个公平有序的市场	CLEAR_SIMPLEX	SIMPLEX_OTHER_EXTERNAL_CONTEXT	R3_REMAINING_SIMPLEX_YI_GE	selected_一_is_not_part_of_visible_complex_cardinal_and_is_immediately_followed_by_count_classifier_个	Wu 2024 journal p.370 examples (7)-(8) and p.381 example (20a)	YI_T2	YI_T2	yi2	YI_T2	MATCH	MATCH	ELIGIBLE_SIMPLEX_FRAME	FALSE	FALSE
23410	SSB0426	SSB04260419.TextGrid	23410/SSB04260419.TextGrid	4405	752a777a5958e27a584704b8cc50ac847dbf575134aa3c702d8ce170f443eedc	BARE	4	3	1	一	还需一个相对集中的建设周期	confirmation	还需	需	个	个相对集中的建设	CLEAR_SIMPLEX	SIMPLEX_OTHER_EXTERNAL_CONTEXT	R3_REMAINING_SIMPLEX_YI_GE	selected_一_is_not_part_of_visible_complex_cardinal_and_is_immediately_followed_by_count_classifier_个	Wu 2024 journal p.370 examples (7)-(8) and p.381 example (20a)	YI_T2	YI_T2	yi2	YI_T2	MATCH	MATCH	ELIGIBLE_SIMPLEX_FRAME	FALSE	FALSE
23436	SSB0426	SSB04260451.TextGrid	23436/SSB04260451.TextGrid	4222	5bfcfb27254b08f6eb9d83d1f31aeb385b6498f4ce06f63bb7e81d85187485c4	BARE	12	11	1	一	后来又紧急住院安胎近一个月	confirmation	又紧急住院安胎近	近	个	个月	CLEAR_SIMPLEX	SIMPLEX_OTHER_EXTERNAL_CONTEXT	R3_REMAINING_SIMPLEX_YI_GE	selected_一_is_not_part_of_visible_complex_cardinal_and_is_immediately_followed_by_count_classifier_个	Wu 2024 journal p.370 examples (7)-(8) and p.381 example (20a)	YI_T2	YI_T2	yi2	YI_T2	MATCH	MATCH	ELIGIBLE_SIMPLEX_FRAME	FALSE	FALSE
23442	SSB0426	SSB04260461.TextGrid	23442/SSB04260461.TextGrid	4658	3b1b3afbc003acbe2126ec322ad6ac3d0468b970be6231ef35c3f142bf30024f	BARE	7	6	1	一	截至目前有一个万科广场已开业	confirmation	截至目前有	有	个	个万科广场已开业	CLEAR_SIMPLEX	SIMPLEX_OTHER_EXTERNAL_CONTEXT	R3_REMAINING_SIMPLEX_YI_GE	selected_一_is_not_part_of_visible_complex_cardinal_and_is_immediately_followed_by_count_classifier_个	Wu 2024 journal p.370 examples (7)-(8) and p.381 example (20a)	YI_T2	YI_T2	yi2	YI_T2	MATCH	MATCH	ELIGIBLE_SIMPLEX_FRAME	FALSE	FALSE
23839	SSB0427	SSB04270416.TextGrid	23839/SSB04270416.TextGrid	6298	77d7102e57403d497273c72b1a0d6bd783eb20f14ef851cfbed27754034fdb0c	ORDINAL	10	9	1	一	我们上线了国内第一个新能源汽车销售电商	confirmation	我们上线了国内第	第	个	个新能源汽车销售	ORDINAL_ABSOLUTE	EXACT_DI_YI_GE	R0_EXACT_ORDINAL	selected_target_occurs_in_exact_第一个	Wu 2024 journal p.374 example (15)	YI_T1	YI_T1	yi1	YI_T1	MATCH	MATCH	ELIGIBLE_ORDINAL_FRAME	FALSE	FALSE
23938	SSB0434	SSB04340039.TextGrid	23938/SSB04340039.TextGrid	3887	dbe48cfdae15574dc4d1f30edc2d2bd03d19e763b19833c1941cc056361a7478	BARE	6	5	1	一	而肚子是一个高清显示屏	development	而肚子是	是	个	个高清显示屏	CLEAR_SIMPLEX	SIMPLEX_OTHER_EXTERNAL_CONTEXT	R3_REMAINING_SIMPLEX_YI_GE	selected_一_is_not_part_of_visible_complex_cardinal_and_is_immediately_followed_by_count_classifier_个	Wu 2024 journal p.370 examples (7)-(8) and p.381 example (20a)	YI_T2	YI_T2	yi2	YI_T2	MATCH	MATCH	ELIGIBLE_SIMPLEX_FRAME	FALSE	FALSE
23960	SSB0434	SSB04340068.TextGrid	23960/SSB04340068.TextGrid	5587	97dcef91d8ef1dd0a503bc4cf4d63e9238c6191135b82528f6889c497f1219fd	BARE	5	4	1	一	休见近一个月的乒超联赛重燃战火	development	休见近	近	个	个月的乒超联赛重	CLEAR_SIMPLEX	SIMPLEX_OTHER_EXTERNAL_CONTEXT	R3_REMAINING_SIMPLEX_YI_GE	selected_一_is_not_part_of_visible_complex_cardinal_and_is_immediately_followed_by_count_classifier_个	Wu 2024 journal p.370 examples (7)-(8) and p.381 example (20a)	YI_T2	YI_T2	yi2	YI_T2	MATCH	MATCH	ELIGIBLE_SIMPLEX_FRAME	FALSE	FALSE
23963	SSB0434	SSB04340071.TextGrid	23963/SSB04340071.TextGrid	3197	5f7dc17a4306db6bb2ac0267bd6b304549043966ef856cb063c6db4245fcca05	BARE	4	3	1	一	需要一个小时的时间	development	需要	要	个	个小时的时间	CLEAR_SIMPLEX	SIMPLEX_OTHER_EXTERNAL_CONTEXT	R3_REMAINING_SIMPLEX_YI_GE	selected_一_is_not_part_of_visible_complex_cardinal_and_is_immediately_followed_by_count_classifier_个	Wu 2024 journal p.370 examples (7)-(8) and p.381 example (20a)	YI_T2	YI_T2	yi2	YI_T2	MATCH	MATCH	ELIGIBLE_SIMPLEX_FRAME	FALSE	FALSE
24053	SSB0434	SSB04340179.TextGrid	24053/SSB04340179.TextGrid	4959	4eb87daf31804911eb56211429614c2e4d87e7ac3aff256c4e70cd6dfba87d36	BARE	10	9	1	一	有可能成为北京下一个经济副中心	development	有可能成为北京下	下	个	个经济副中心	CLEAR_SIMPLEX	SIMPLEX_SEQUENTIAL_XIA	R3_REMAINING_SIMPLEX_YI_GE	visible_string=下一个; selected_一_is_immediately_followed_by_count_classifier_个	Wu 2024 journal p.370 examples (7)-(8) and p.381 example (20a)	YI_T2	YI_T2	yi2	YI_T2	MATCH	MATCH	ELIGIBLE_SIMPLEX_FRAME	FALSE	FALSE
24115	SSB0434	SSB04340248.TextGrid	24115/SSB04340248.TextGrid	4522	9ba4dda142ccbc5eb61ba371e28fc380741f319c7cbb37a06c500964cb641944	BARE	6	5	1	一	在座的每一个人都能保证身体	development	在座的每	每	个	个人都能保证身体	CLEAR_SIMPLEX	SIMPLEX_MODIFIED_MEI	R3_REMAINING_SIMPLEX_YI_GE	visible_string=每一个; selected_一_is_immediately_followed_by_count_classifier_个	Wu 2024 journal p.370 examples (7)-(8) and p.381 example (20a)	YI_T2	YI_T2	yi2	YI_T2	MATCH	MATCH	ELIGIBLE_SIMPLEX_FRAME	FALSE	FALSE
24119	SSB0434	SSB04340252.TextGrid	24119/SSB04340252.TextGrid	5331	0f53172446ec45a727b3c455bf3f95a182e69ec4c16b9f676ae30423bebc8db8	BARE	16	12	1	一	其实它涉及二次网签这样一个问题	development	涉及二次网签这样	样	个	个问题	CLEAR_SIMPLEX	SIMPLEX_OTHER_EXTERNAL_CONTEXT	R3_REMAINING_SIMPLEX_YI_GE	selected_一_is_not_part_of_visible_complex_cardinal_and_is_immediately_followed_by_count_classifier_个	Wu 2024 journal p.370 examples (7)-(8) and p.381 example (20a)	YI_T2	YI_T2	yi2	YI_T2	MATCH	MATCH	ELIGIBLE_SIMPLEX_FRAME	FALSE	FALSE
24175	SSB0434	SSB04340317.TextGrid	24175/SSB04340317.TextGrid	5971	e852f8d5366e85f7010facb6164dc8e7e62a096152aecfad9ee11c6ce1e784f2	BARE	6	5	1	一	休战了近一个月的乒超联赛重燃战火	development	休战了近	近	个	个月的乒超联赛重	CLEAR_SIMPLEX	SIMPLEX_OTHER_EXTERNAL_CONTEXT	R3_REMAINING_SIMPLEX_YI_GE	selected_一_is_not_part_of_visible_complex_cardinal_and_is_immediately_followed_by_count_classifier_个	Wu 2024 journal p.370 examples (7)-(8) and p.381 example (20a)	YI_T2	YI_T2	yi2	YI_T2	MATCH	MATCH	ELIGIBLE_SIMPLEX_FRAME	FALSE	FALSE
24320	SSB0435	SSB04350010.TextGrid	24320/SSB04350010.TextGrid	2544	c6dc87e1a9cb4fbfcb0b954e27004f8985528993efd6e6c961828b982cabfb2c	BARE	4	3	1	一	设立一个警报	development	设立	立	个	个警报	CLEAR_SIMPLEX	SIMPLEX_OTHER_EXTERNAL_CONTEXT	R3_REMAINING_SIMPLEX_YI_GE	selected_一_is_not_part_of_visible_complex_cardinal_and_is_immediately_followed_by_count_classifier_个	Wu 2024 journal p.370 examples (7)-(8) and p.381 example (20a)	YI_T2	YI_T2	yi3	YI_OTHER_TONE	COUNTEREXAMPLE	COUNTEREXAMPLE	ELIGIBLE_SIMPLEX_FRAME	FALSE	FALSE
24330	SSB0435	SSB04350020.TextGrid	24330/SSB04350020.TextGrid	3799	1478f40f76a2ae9def76187cca3f5699d0700794e3d298cc2607ecbf848bc8a9	BARE	5	4	1	一	你们每一个人都被选中了	development	你们每	每	个	个人都被选中了	CLEAR_SIMPLEX	SIMPLEX_MODIFIED_MEI	R3_REMAINING_SIMPLEX_YI_GE	visible_string=每一个; selected_一_is_immediately_followed_by_count_classifier_个	Wu 2024 journal p.370 examples (7)-(8) and p.381 example (20a)	YI_T2	YI_T2	yi2	YI_T2	MATCH	MATCH	ELIGIBLE_SIMPLEX_FRAME	FALSE	FALSE
24395	SSB0435	SSB04350088.TextGrid	24395/SSB04350088.TextGrid	2737	3699e54ef28ecdd41969b7b9933e63e4b5a364d49faf2443496d177b721bfe92	BARE	5	4	1	一	家里放一个小孩儿	development	家里放	放	个	个小孩儿	CLEAR_SIMPLEX	SIMPLEX_OTHER_EXTERNAL_CONTEXT	R3_REMAINING_SIMPLEX_YI_GE	selected_一_is_not_part_of_visible_complex_cardinal_and_is_immediately_followed_by_count_classifier_个	Wu 2024 journal p.370 examples (7)-(8) and p.381 example (20a)	YI_T2	YI_T2	yi2	YI_T2	MATCH	MATCH	ELIGIBLE_SIMPLEX_FRAME	FALSE	FALSE
24457	SSB0435	SSB04350152.TextGrid	24457/SSB04350152.TextGrid	6298	edc61d8d2e335ee777a4f02e963735e2336c9aa8dd94885a5e1251bee1128f42	BARE	14	12	1	一	最少使用的原则就是获取一个人的信息量时	development	用的原则就是获取	取	个	个人的信息量时	CLEAR_SIMPLEX	SIMPLEX_OTHER_EXTERNAL_CONTEXT	R3_REMAINING_SIMPLEX_YI_GE	selected_一_is_not_part_of_visible_complex_cardinal_and_is_immediately_followed_by_count_classifier_个	Wu 2024 journal p.370 examples (7)-(8) and p.381 example (20a)	YI_T2	YI_T2	yi2	YI_T2	MATCH	MATCH	ELIGIBLE_SIMPLEX_FRAME	FALSE	FALSE
24516	SSB0435	SSB04350213.TextGrid	24516/SSB04350213.TextGrid	4402	5d204e43b137fb6a53e81db428901dd8275e4d6566d7181e82abaecc2951a931	BARE	9	8	1	一	一些网站本是办一个很小的事	development	一些网站本是办	办	个	个很小的事	CLEAR_SIMPLEX	SIMPLEX_OTHER_EXTERNAL_CONTEXT	R3_REMAINING_SIMPLEX_YI_GE	selected_一_is_not_part_of_visible_complex_cardinal_and_is_immediately_followed_by_count_classifier_个	Wu 2024 journal p.370 examples (7)-(8) and p.381 example (20a)	YI_T2	YI_T2	yi2	YI_T2	MATCH	MATCH	ELIGIBLE_SIMPLEX_FRAME	FALSE	FALSE
24555	SSB0435	SSB04350252.TextGrid	24555/SSB04350252.TextGrid	2113	b37ce3a6375d1e163be596bb4730490ae020cc6b2c2c26cf6da3a0098fcb3322	BARE	5	4	1	一	别只干一个	development	别只干	干	个	个	CLEAR_SIMPLEX	SIMPLEX_OTHER_EXTERNAL_CONTEXT	R3_REMAINING_SIMPLEX_YI_GE	selected_一_is_not_part_of_visible_complex_cardinal_and_is_immediately_followed_by_count_classifier_个	Wu 2024 journal p.370 examples (7)-(8) and p.381 example (20a)	YI_T2	YI_T2	yi2	YI_T2	MATCH	MATCH	ELIGIBLE_SIMPLEX_FRAME	FALSE	FALSE
24571	SSB0435	SSB04350268.TextGrid	24571/SSB04350268.TextGrid	2497	c9244f87303a818d18277c2409b79721030bba63c00443fcea7b0b221755784e	BARE	3	2	1	一	有一个服务器群	development	有	有	个	个服务器群	CLEAR_SIMPLEX	SIMPLEX_OTHER_EXTERNAL_CONTEXT	R3_REMAINING_SIMPLEX_YI_GE	selected_一_is_not_part_of_visible_complex_cardinal_and_is_immediately_followed_by_count_classifier_个	Wu 2024 journal p.370 examples (7)-(8) and p.381 example (20a)	YI_T2	YI_T2	yi2	YI_T2	MATCH	MATCH	ELIGIBLE_SIMPLEX_FRAME	FALSE	FALSE
24758	SSB0435	SSB04350461.TextGrid	24758/SSB04350461.TextGrid	3252	1bd64727594cad0a0c1ecc21acbb620e83caeb180a2338ef06e682ad4828a5e3	BARE	7	6	1	一	从前我遇到一个男孩儿	development	从前我遇到	到	个	个男孩儿	CLEAR_SIMPLEX	SIMPLEX_OTHER_EXTERNAL_CONTEXT	R3_REMAINING_SIMPLEX_YI_GE	selected_一_is_not_part_of_visible_complex_cardinal_and_is_immediately_followed_by_count_classifier_个	Wu 2024 journal p.370 examples (7)-(8) and p.381 example (20a)	YI_T2	YI_T2	yi2	YI_T2	MATCH	MATCH	ELIGIBLE_SIMPLEX_FRAME	FALSE	FALSE
24769	SSB0435	SSB04350472.TextGrid	24769/SSB04350472.TextGrid	2357	647870a979440f7d033e5fc5e3fa18d7da15113bf3940bae8cff4ea8ad5f03f1	BARE	3	2	1	一	另一个计划呢	development	另	另	个	个计划呢	CLEAR_SIMPLEX	SIMPLEX_MODIFIED_LING	R3_REMAINING_SIMPLEX_YI_GE	visible_string=另一个; selected_一_is_immediately_followed_by_count_classifier_个	Wu 2024 journal p.370 examples (7)-(8) and p.381 example (20a)	YI_T2	YI_T2	yi2	YI_T2	MATCH	MATCH	ELIGIBLE_SIMPLEX_FRAME	FALSE	FALSE
24805	SSB0435	SSB04350511.TextGrid	24805/SSB04350511.TextGrid	3516	096f163019a81e73f8459285e6387f0dfba9417b4972e17eac39d8566459e04c	BARE	9	8	1	一	可我们现在少了一个人	development	可我们现在少了	了	个	个人	CLEAR_SIMPLEX	SIMPLEX_OTHER_EXTERNAL_CONTEXT	R3_REMAINING_SIMPLEX_YI_GE	selected_一_is_not_part_of_visible_complex_cardinal_and_is_immediately_followed_by_count_classifier_个	Wu 2024 journal p.370 examples (7)-(8) and p.381 example (20a)	YI_T2	YI_T2	yi2	YI_T2	MATCH	MATCH	ELIGIBLE_SIMPLEX_FRAME	FALSE	FALSE
24839	SSB0470	SSB04700032.TextGrid	24839/SSB04700032.TextGrid	4202	cd32fd4bf8019e40c08b7e7eb3cb8f4ddbe54b98d33cc56e1d16695a4e23c26e	BARE	7	6	1	一	我只不过是一个不合格的男人	development	我只不过是	是	个	个不合格的男人	CLEAR_SIMPLEX	SIMPLEX_OTHER_EXTERNAL_CONTEXT	R3_REMAINING_SIMPLEX_YI_GE	selected_一_is_not_part_of_visible_complex_cardinal_and_is_immediately_followed_by_count_classifier_个	Wu 2024 journal p.370 examples (7)-(8) and p.381 example (20a)	YI_T2	YI_T2	yi2	YI_T2	MATCH	MATCH	ELIGIBLE_SIMPLEX_FRAME	FALSE	FALSE
25142	SSB0470	SSB04700349.TextGrid	25142/SSB04700349.TextGrid	4430	8681738c1a772f3a483422c37299d448881247b08d84123027b3d0b301f806db	BARE	5	4	1	一	我们有一个私人问题想请教你	development	我们有	有	个	个私人问题想请教	CLEAR_SIMPLEX	SIMPLEX_OTHER_EXTERNAL_CONTEXT	R3_REMAINING_SIMPLEX_YI_GE	selected_一_is_not_part_of_visible_complex_cardinal_and_is_immediately_followed_by_count_classifier_个	Wu 2024 journal p.370 examples (7)-(8) and p.381 example (20a)	YI_T2	YI_T2	yi2	YI_T2	MATCH	MATCH	ELIGIBLE_SIMPLEX_FRAME	FALSE	FALSE
25204	SSB0470	SSB04700413.TextGrid	25204/SSB04700413.TextGrid	4586	8ff70b0122f9839b9bd350ec096f82f30f2a6799b7ea6a808175b7cca0c3143a	BARE	9	8	1	一	开始跑步并不是一个理想的状态	development	开始跑步并不是	是	个	个理想的状态	CLEAR_SIMPLEX	SIMPLEX_OTHER_EXTERNAL_CONTEXT	R3_REMAINING_SIMPLEX_YI_GE	selected_一_is_not_part_of_visible_complex_cardinal_and_is_immediately_followed_by_count_classifier_个	Wu 2024 journal p.370 examples (7)-(8) and p.381 example (20a)	YI_T2	YI_T2	yi2	YI_T2	MATCH	MATCH	ELIGIBLE_SIMPLEX_FRAME	FALSE	FALSE
25219	SSB0470	SSB04700429.TextGrid	25219/SSB04700429.TextGrid	3245	046945f490c54068344e0af55d5fbc54a5cf5d2823eb5f9876f508d1019ab861	BARE	3	2	1	一	有一个疼爱自己的爸爸	development	有	有	个	个疼爱自己的爸爸	CLEAR_SIMPLEX	SIMPLEX_OTHER_EXTERNAL_CONTEXT	R3_REMAINING_SIMPLEX_YI_GE	selected_一_is_not_part_of_visible_complex_cardinal_and_is_immediately_followed_by_count_classifier_个	Wu 2024 journal p.370 examples (7)-(8) and p.381 example (20a)	YI_T2	YI_T2	yi2	YI_T2	MATCH	MATCH	ELIGIBLE_SIMPLEX_FRAME	FALSE	FALSE
25220	SSB0470	SSB04700430.TextGrid	25220/SSB04700430.TextGrid	3492	0901991a282b069443f5aa1da82981658510c7ac26141aea1cdcf3e01c18c572	BARE	6	5	1	一	但百丽儿一个子都得不到	development	但百丽儿	儿	个	个子都得不到	CLEAR_SIMPLEX	SIMPLEX_OTHER_EXTERNAL_CONTEXT	R3_REMAINING_SIMPLEX_YI_GE	selected_一_is_not_part_of_visible_complex_cardinal_and_is_immediately_followed_by_count_classifier_个	Wu 2024 journal p.370 examples (7)-(8) and p.381 example (20a)	YI_T2	YI_T2	yi2	YI_T2	MATCH	MATCH	ELIGIBLE_SIMPLEX_FRAME	FALSE	FALSE
25244	SSB0470	SSB04700454.TextGrid	25244/SSB04700454.TextGrid	2215	d07c0d4f568819c50bd0f8982c611eebba5155c33357fb00f09cba29a2989d42	BARE	3	2	1	一	等一个夏天	development	等	等	个	个夏天	CLEAR_SIMPLEX	SIMPLEX_OTHER_EXTERNAL_CONTEXT	R3_REMAINING_SIMPLEX_YI_GE	selected_一_is_not_part_of_visible_complex_cardinal_and_is_immediately_followed_by_count_classifier_个	Wu 2024 journal p.370 examples (7)-(8) and p.381 example (20a)	YI_T2	YI_T2	yi2	YI_T2	MATCH	MATCH	ELIGIBLE_SIMPLEX_FRAME	FALSE	FALSE
25306	SSB0482	SSB04820008.TextGrid	25306/SSB04820008.TextGrid	6466	628d0af59c702fa4a526860a6e382f96c5f1255154ea2bc262047431adeabb1e	BARE	15	11	1	一	却只有金隅翡丽蓝爵堡一个别墅型楼盘在售	development	有金隅翡丽蓝爵堡	堡	个	个别墅型楼盘在售	CLEAR_SIMPLEX	SIMPLEX_OTHER_EXTERNAL_CONTEXT	R3_REMAINING_SIMPLEX_YI_GE	selected_一_is_not_part_of_visible_complex_cardinal_and_is_immediately_followed_by_count_classifier_个	Wu 2024 journal p.370 examples (7)-(8) and p.381 example (20a)	YI_T2	YI_T2	yi2	YI_T2	MATCH	MATCH	ELIGIBLE_SIMPLEX_FRAME	FALSE	FALSE
25393	SSB0482	SSB04820098.TextGrid	25393/SSB04820098.TextGrid	4463	361309f67f67c9fdfdab40c5772664003240a5acac02846e934155183cb13058	BARE	11	10	1	一	郭金猛的情况并不是一个特例	development	金猛的情况并不是	是	个	个特例	CLEAR_SIMPLEX	SIMPLEX_OTHER_EXTERNAL_CONTEXT	R3_REMAINING_SIMPLEX_YI_GE	selected_一_is_not_part_of_visible_complex_cardinal_and_is_immediately_followed_by_count_classifier_个	Wu 2024 journal p.370 examples (7)-(8) and p.381 example (20a)	YI_T2	YI_T2	yi2	YI_T2	MATCH	MATCH	ELIGIBLE_SIMPLEX_FRAME	FALSE	FALSE
25641	SSB0482	SSB04820368.TextGrid	25641/SSB04820368.TextGrid	4718	217489b9792ac3ae5c5f268d004c1e561b1fed3ba2786efc31861418d0620447	BARE	12	11	1	一	刘虹今天圆了北京观众一个梦	development	今天圆了北京观众	众	个	个梦	CLEAR_SIMPLEX	SIMPLEX_OTHER_EXTERNAL_CONTEXT	R3_REMAINING_SIMPLEX_YI_GE	selected_一_is_not_part_of_visible_complex_cardinal_and_is_immediately_followed_by_count_classifier_个	Wu 2024 journal p.370 examples (7)-(8) and p.381 example (20a)	YI_T2	YI_T2	yi2	YI_T2	MATCH	MATCH	ELIGIBLE_SIMPLEX_FRAME	FALSE	FALSE
25743	SSB0482	SSB04820476.TextGrid	25743/SSB04820476.TextGrid	3556	171e742d756d054d2eace74e66888f1e051ffc8c99d0def5c0141f4cb79d7faf	BARE	3	2	1	一	放一个歌曲贝加尔湖畔	development	放	放	个	个歌曲贝加尔湖畔	CLEAR_SIMPLEX	SIMPLEX_OTHER_EXTERNAL_CONTEXT	R3_REMAINING_SIMPLEX_YI_GE	selected_一_is_not_part_of_visible_complex_cardinal_and_is_immediately_followed_by_count_classifier_个	Wu 2024 journal p.370 examples (7)-(8) and p.381 example (20a)	YI_T2	YI_T2	yi2	YI_T2	MATCH	MATCH	ELIGIBLE_SIMPLEX_FRAME	FALSE	FALSE
25757	SSB0502	SSB05020007.TextGrid	25757/SSB05020007.TextGrid	3393	427e97e855e59fc418aaab4d98dbe1190ba0838a892e9e0302050f85dc7032a1	BARE	2	1	1	一	一个最直观的表现是	development		START	个	个最直观的表现是	CLEAR_SIMPLEX	SIMPLEX_OTHER_EXTERNAL_CONTEXT	R3_REMAINING_SIMPLEX_YI_GE	selected_一_is_not_part_of_visible_complex_cardinal_and_is_immediately_followed_by_count_classifier_个	Wu 2024 journal p.370 examples (7)-(8) and p.381 example (20a)	YI_T2	YI_T2	yi2	YI_T2	MATCH	MATCH	ELIGIBLE_SIMPLEX_FRAME	FALSE	FALSE
25761	SSB0502	SSB05020011.TextGrid	25761/SSB05020011.TextGrid	3259	f500e8f994546da3402b09b7f9b9273a78578f3890091642bf79477a9cd9a584	BARE	7	6	1	一	自行车挂上一个拖斗	development	自行车挂上	上	个	个拖斗	CLEAR_SIMPLEX	SIMPLEX_SEQUENTIAL_SHANG	R3_REMAINING_SIMPLEX_YI_GE	visible_string=上一个; selected_一_is_immediately_followed_by_count_classifier_个	Wu 2024 journal p.370 examples (7)-(8) and p.381 example (20a)	YI_T2	YI_T2	yi2	YI_T2	MATCH	MATCH	ELIGIBLE_SIMPLEX_FRAME	FALSE	FALSE
25814	SSB0502	SSB05020067.TextGrid	25814/SSB05020067.TextGrid	3638	ae3790c54819658433d9c91f81732a7c050c1d7792c790c99482b23cb6576031	BARE	2	1	1	一	一个随身携带的小手电	development		START	个	个随身携带的小手	CLEAR_SIMPLEX	SIMPLEX_OTHER_EXTERNAL_CONTEXT	R3_REMAINING_SIMPLEX_YI_GE	selected_一_is_not_part_of_visible_complex_cardinal_and_is_immediately_followed_by_count_classifier_个	Wu 2024 journal p.370 examples (7)-(8) and p.381 example (20a)	YI_T2	YI_T2	yi2	YI_T2	MATCH	MATCH	ELIGIBLE_SIMPLEX_FRAME	FALSE	FALSE
25829	SSB0502	SSB05020082.TextGrid	25829/SSB05020082.TextGrid	3419	3faaf1117039ab4bbc17d3e260583c2da98a4d5049a08b14907297b6b9b276ec	BARE	4	3	1	一	还有一个值得注意的数据	development	还有	有	个	个值得注意的数据	CLEAR_SIMPLEX	SIMPLEX_OTHER_EXTERNAL_CONTEXT	R3_REMAINING_SIMPLEX_YI_GE	selected_一_is_not_part_of_visible_complex_cardinal_and_is_immediately_followed_by_count_classifier_个	Wu 2024 journal p.370 examples (7)-(8) and p.381 example (20a)	YI_T2	YI_T2	yi2	YI_T2	MATCH	MATCH	ELIGIBLE_SIMPLEX_FRAME	FALSE	FALSE
25874	SSB0502	SSB05020130.TextGrid	25874/SSB05020130.TextGrid	4385	6643440f726d1f31d447e6e5768bcba2d70d1a7a572404a66353ada77b876249	BARE	10	9	1	一	不能把鸡蛋放进同一个篮子里	development	不能把鸡蛋放进同	同	个	个篮子里	CLEAR_SIMPLEX	SIMPLEX_MODIFIED_TONG	R3_REMAINING_SIMPLEX_YI_GE	visible_string=同一个; selected_一_is_immediately_followed_by_count_classifier_个	Wu 2024 journal p.370 examples (7)-(8) and p.381 example (20a)	YI_T2	YI_T2	yi2	YI_T2	MATCH	MATCH	ELIGIBLE_SIMPLEX_FRAME	FALSE	FALSE
25890	SSB0502	SSB05020146.TextGrid	25890/SSB05020146.TextGrid	7208	6c7209e58f1b2763a3d45e86da619875cb647d0c9856e3f44ccebe8afe22b9de	BARE	16	15	1	一	据称是当事人之一在派出所通过一个亲戚的微博发的	development	之一在派出所通过	过	个	个亲戚的微博发的	CLEAR_SIMPLEX	SIMPLEX_OTHER_EXTERNAL_CONTEXT	R3_REMAINING_SIMPLEX_YI_GE	selected_一_is_not_part_of_visible_complex_cardinal_and_is_immediately_followed_by_count_classifier_个	Wu 2024 journal p.370 examples (7)-(8) and p.381 example (20a)	YI_T2	YI_T2	yi2	YI_T2	MATCH	MATCH	ELIGIBLE_SIMPLEX_FRAME	FALSE	FALSE
25906	SSB0502	SSB05020163.TextGrid	25906/SSB05020163.TextGrid	3387	d8451845fcf8c4ea680ac5cb1f5c967cdeb47cb74ddf34bebbea9c916c383452	BARE	2	1	1	一	一个最直观的表现是	development		START	个	个最直观的表现是	CLEAR_SIMPLEX	SIMPLEX_OTHER_EXTERNAL_CONTEXT	R3_REMAINING_SIMPLEX_YI_GE	selected_一_is_not_part_of_visible_complex_cardinal_and_is_immediately_followed_by_count_classifier_个	Wu 2024 journal p.370 examples (7)-(8) and p.381 example (20a)	YI_T2	YI_T2	yi2	YI_T2	MATCH	MATCH	ELIGIBLE_SIMPLEX_FRAME	FALSE	FALSE
25974	SSB0502	SSB05020235.TextGrid	25974/SSB05020235.TextGrid	5592	ae28ebcf797f22b4134d5e5dfdd7fded7966e065e18b27574313edc75aeb931e	ORDINAL	3	2	1	一	第一个利好政策是再融资的进一步放开	development	第	第	个	个利好政策是再融	ORDINAL_ABSOLUTE	EXACT_DI_YI_GE	R0_EXACT_ORDINAL	selected_target_occurs_in_exact_第一个	Wu 2024 journal p.374 example (15)	YI_T1	YI_T1	yi1	YI_T1	MATCH	MATCH	ELIGIBLE_ORDINAL_FRAME	FALSE	FALSE
26050	SSB0502	SSB05020312.TextGrid	26050/SSB05020312.TextGrid	5334	ed146b6e2d094f8ee5cf58b9f62e37f135d9814c09dda6bf887d277256eb8c12	BARE	10	9	1	一	信息化发展正进入一个新的历史阶段	development	信息化发展正进入	入	个	个新的历史阶段	CLEAR_SIMPLEX	SIMPLEX_OTHER_EXTERNAL_CONTEXT	R3_REMAINING_SIMPLEX_YI_GE	selected_一_is_not_part_of_visible_complex_cardinal_and_is_immediately_followed_by_count_classifier_个	Wu 2024 journal p.370 examples (7)-(8) and p.381 example (20a)	YI_T2	YI_T2	yi2	YI_T2	MATCH	MATCH	ELIGIBLE_SIMPLEX_FRAME	FALSE	FALSE
26172	SSB0502	SSB05020439.TextGrid	26172/SSB05020439.TextGrid	4784	d5fd6174931d183c0914a896450aaa6721cb5cba8c3939308f98127edbdec206	BARE	7	6	1	一	这给了厂商一个一飞冲天的可能	development	这给了厂商	商	个	个一飞冲天的可能	CLEAR_SIMPLEX	SIMPLEX_OTHER_EXTERNAL_CONTEXT	R3_REMAINING_SIMPLEX_YI_GE	selected_一_is_not_part_of_visible_complex_cardinal_and_is_immediately_followed_by_count_classifier_个	Wu 2024 journal p.370 examples (7)-(8) and p.381 example (20a)	YI_T2	YI_T2	yi2	YI_T2	MATCH	MATCH	ELIGIBLE_SIMPLEX_FRAME	FALSE	FALSE
26187	SSB0502	SSB05020454.TextGrid	26187/SSB05020454.TextGrid	3251	c7b3ba433f69886beacc4b87c2d173aa38dff98c08318ef329c786a4b2c9ffcc	BARE	7	6	1	一	当前和今后一个时期	development	当前和今后	后	个	个时期	CLEAR_SIMPLEX	SIMPLEX_OTHER_EXTERNAL_CONTEXT	R3_REMAINING_SIMPLEX_YI_GE	selected_一_is_not_part_of_visible_complex_cardinal_and_is_immediately_followed_by_count_classifier_个	Wu 2024 journal p.370 examples (7)-(8) and p.381 example (20a)	YI_T2	YI_T2	yi2	YI_T2	MATCH	MATCH	ELIGIBLE_SIMPLEX_FRAME	FALSE	FALSE
26199	SSB0502	SSB05020468.TextGrid	26199/SSB05020468.TextGrid	2307	b2da70d8dbf8057a2bf2c53ff7287eb7548d6b97918ab2746eb86099caa02c61	BARE	3	2	1	一	下一个天亮	development	下	下	个	个天亮	CLEAR_SIMPLEX	SIMPLEX_SEQUENTIAL_XIA	R3_REMAINING_SIMPLEX_YI_GE	visible_string=下一个; selected_一_is_immediately_followed_by_count_classifier_个	Wu 2024 journal p.370 examples (7)-(8) and p.381 example (20a)	YI_T2	YI_T2	yi2	YI_T2	MATCH	MATCH	ELIGIBLE_SIMPLEX_FRAME	FALSE	FALSE
26281	SSB0534	SSB05340069.TextGrid	26281/SSB05340069.TextGrid	5189	e596e91cca2011de12ef30f7d28585f9989a71f63bc56552a5f4789413939e43	BARE	6	5	1	一	我们需要一个不干扰人民生活的政府	confirmation	我们需要	要	个	个不干扰人民生活	CLEAR_SIMPLEX	SIMPLEX_OTHER_EXTERNAL_CONTEXT	R3_REMAINING_SIMPLEX_YI_GE	selected_一_is_not_part_of_visible_complex_cardinal_and_is_immediately_followed_by_count_classifier_个	Wu 2024 journal p.370 examples (7)-(8) and p.381 example (20a)	YI_T2	YI_T2	yi2	YI_T2	MATCH	MATCH	ELIGIBLE_SIMPLEX_FRAME	FALSE	FALSE
26389	SSB0534	SSB05340182.TextGrid	26389/SSB05340182.TextGrid	4082	80348187e93b88dbb735211eb5821b0d9f5d3d74c6bb1e8c803b2ad8f530b05b	BARE	5	4	1	一	她曾跟一个搞音乐的人交往	confirmation	她曾跟	跟	个	个搞音乐的人交往	CLEAR_SIMPLEX	SIMPLEX_OTHER_EXTERNAL_CONTEXT	R3_REMAINING_SIMPLEX_YI_GE	selected_一_is_not_part_of_visible_complex_cardinal_and_is_immediately_followed_by_count_classifier_个	Wu 2024 journal p.370 examples (7)-(8) and p.381 example (20a)	YI_T2	YI_T2	yi2	YI_T2	MATCH	MATCH	ELIGIBLE_SIMPLEX_FRAME	FALSE	FALSE
26397	SSB0534	SSB05340192.TextGrid	26397/SSB05340192.TextGrid	6346	5aa7d4952630bf7587ea511c44a63ded315fd04f46d497a36685f4f462a99bc1	BARE	3	2	1	一	另一个次元里的地球也许就不是我们的辖区了	confirmation	另	另	个	个次元里的地球也	CLEAR_SIMPLEX	SIMPLEX_MODIFIED_LING	R3_REMAINING_SIMPLEX_YI_GE	visible_string=另一个; selected_一_is_immediately_followed_by_count_classifier_个	Wu 2024 journal p.370 examples (7)-(8) and p.381 example (20a)	YI_T2	YI_T2	yi2	YI_T2	MATCH	MATCH	ELIGIBLE_SIMPLEX_FRAME	FALSE	FALSE
26526	SSB0534	SSB05340328.TextGrid	26526/SSB05340328.TextGrid	3987	8fd10f5c8a4a6c3d7aaf3a7d8d6d4a28e1e61efb348e26e43bbee5e17c279650	BARE	6	5	1	一	他在模仿一个连环杀人犯	confirmation	他在模仿	仿	个	个连环杀人犯	CLEAR_SIMPLEX	SIMPLEX_OTHER_EXTERNAL_CONTEXT	R3_REMAINING_SIMPLEX_YI_GE	selected_一_is_not_part_of_visible_complex_cardinal_and_is_immediately_followed_by_count_classifier_个	Wu 2024 journal p.370 examples (7)-(8) and p.381 example (20a)	YI_T2	YI_T2	yi2	YI_T2	MATCH	MATCH	ELIGIBLE_SIMPLEX_FRAME	FALSE	FALSE
26573	SSB0534	SSB05340379.TextGrid	26573/SSB05340379.TextGrid	5707	33a48b8446114ff8ae45f5235285de32bf84b216ae1b96066333a4b1b5e7e03f	BARE	8	7	1	一	积极情绪的另一个特点是具有同样的信号	confirmation	积极情绪的另	另	个	个特点是具有同样	CLEAR_SIMPLEX	SIMPLEX_MODIFIED_LING	R3_REMAINING_SIMPLEX_YI_GE	visible_string=另一个; selected_一_is_immediately_followed_by_count_classifier_个	Wu 2024 journal p.370 examples (7)-(8) and p.381 example (20a)	YI_T2	YI_T2	yi2	YI_T2	MATCH	MATCH	ELIGIBLE_SIMPLEX_FRAME	FALSE	FALSE
26580	SSB0534	SSB05340386.TextGrid	26580/SSB05340386.TextGrid	3266	02418adb73fed2a0cb18a8a01ae8275a4540e7c3b4dabcfd062ced1ebdcd84fb	BARE	7	6	1	一	我们就剩这一个球了	confirmation	我们就剩这	这	个	个球了	CLEAR_SIMPLEX	SIMPLEX_OTHER_EXTERNAL_CONTEXT	R3_REMAINING_SIMPLEX_YI_GE	selected_一_is_not_part_of_visible_complex_cardinal_and_is_immediately_followed_by_count_classifier_个	Wu 2024 journal p.370 examples (7)-(8) and p.381 example (20a)	YI_T2	YI_T2	yi2	YI_T2	MATCH	MATCH	ELIGIBLE_SIMPLEX_FRAME	FALSE	FALSE
26595	SSB0534	SSB05340402.TextGrid	26595/SSB05340402.TextGrid	3318	b2f66cd0da20c4b187b0b8ef75212e70b1e13b91b1b79e48e74445f951d74928	BARE	7	6	1	一	你不能腾出一个房间	confirmation	你不能腾出	出	个	个房间	CLEAR_SIMPLEX	SIMPLEX_OTHER_EXTERNAL_CONTEXT	R3_REMAINING_SIMPLEX_YI_GE	selected_一_is_not_part_of_visible_complex_cardinal_and_is_immediately_followed_by_count_classifier_个	Wu 2024 journal p.370 examples (7)-(8) and p.381 example (20a)	YI_T2	YI_T2	yi2	YI_T2	MATCH	MATCH	ELIGIBLE_SIMPLEX_FRAME	FALSE	FALSE
27075	SSB0535	SSB05350458.TextGrid	27075/SSB05350458.TextGrid	6024	623398612c5461f193848f77018e0dbc096058410894f9d3500e773516dafe24	BARE	7	6	1	一	二十一世纪一个成熟的物联网最重要的是什么	development	二十一世纪	纪	个	个成熟的物联网最	CLEAR_SIMPLEX	SIMPLEX_OTHER_EXTERNAL_CONTEXT	R3_REMAINING_SIMPLEX_YI_GE	selected_一_is_not_part_of_visible_complex_cardinal_and_is_immediately_followed_by_count_classifier_个	Wu 2024 journal p.370 examples (7)-(8) and p.381 example (20a)	YI_T2	YI_T2	yi2	YI_T2	MATCH	MATCH	ELIGIBLE_SIMPLEX_FRAME	FALSE	FALSE
27090	SSB0539	SSB05390015.TextGrid	27090/SSB05390015.TextGrid	2753	c6425c6e1306ab392e38ec5c58ee413b7839462b39f2cdc2512e731b080e50bc	BARE	8	7	1	一	他是无聊的那一个	development	他是无聊的那	那	个	个	CLEAR_SIMPLEX	SIMPLEX_OTHER_EXTERNAL_CONTEXT	R3_REMAINING_SIMPLEX_YI_GE	selected_一_is_not_part_of_visible_complex_cardinal_and_is_immediately_followed_by_count_classifier_个	Wu 2024 journal p.370 examples (7)-(8) and p.381 example (20a)	YI_T2	YI_T2	yi2	YI_T2	MATCH	MATCH	ELIGIBLE_SIMPLEX_FRAME	FALSE	FALSE
27166	SSB0539	SSB05390095.TextGrid	27166/SSB05390095.TextGrid	5202	ee22240edde103cf2b3a0ddd37c5fd87b2aebd8decc4721a6ae44b4b256ad447	BARE	9	8	1	一	上苏树脂可能是一个天然或合成树脂	development	上苏树脂可能是	是	个	个天然或合成树脂	CLEAR_SIMPLEX	SIMPLEX_OTHER_EXTERNAL_CONTEXT	R3_REMAINING_SIMPLEX_YI_GE	selected_一_is_not_part_of_visible_complex_cardinal_and_is_immediately_followed_by_count_classifier_个	Wu 2024 journal p.370 examples (7)-(8) and p.381 example (20a)	YI_T2	YI_T2	yi2	YI_T2	MATCH	MATCH	ELIGIBLE_SIMPLEX_FRAME	FALSE	FALSE
27314	SSB0539	SSB05390248.TextGrid	27314/SSB05390248.TextGrid	6596	7f25209de6798a52ecb13c45b98d19384e5fa4d2eafb9de1cad4b438823b2bde	BARE	9	8	1	一	管理者可能会使一个行之有效的制度陷于瘫痪	development	管理者可能会使	使	个	个行之有效的制度	CLEAR_SIMPLEX	SIMPLEX_OTHER_EXTERNAL_CONTEXT	R3_REMAINING_SIMPLEX_YI_GE	selected_一_is_not_part_of_visible_complex_cardinal_and_is_immediately_followed_by_count_classifier_个	Wu 2024 journal p.370 examples (7)-(8) and p.381 example (20a)	YI_T2	YI_T2	yi2	YI_T2	MATCH	MATCH	ELIGIBLE_SIMPLEX_FRAME	FALSE	FALSE
27320	SSB0539	SSB05390254.TextGrid	27320/SSB05390254.TextGrid	5541	3dc66164e723125f468db0590cf24f102c95a0e0ba70848d8c5b6c805047dd41	BARE	14	13	1	一	清教徒们在普利茅斯创建了一个殖民地	development	在普利茅斯创建了	了	个	个殖民地	CLEAR_SIMPLEX	SIMPLEX_OTHER_EXTERNAL_CONTEXT	R3_REMAINING_SIMPLEX_YI_GE	selected_一_is_not_part_of_visible_complex_cardinal_and_is_immediately_followed_by_count_classifier_个	Wu 2024 journal p.370 examples (7)-(8) and p.381 example (20a)	YI_T2	YI_T2	yi2	YI_T2	MATCH	MATCH	ELIGIBLE_SIMPLEX_FRAME	FALSE	FALSE
27452	SSB0539	SSB05390396.TextGrid	27452/SSB05390396.TextGrid	3706	8665d540339eabdf2df5c43bfbf1b6b40074d688ae0903b01f7dffb3acc49950	BARE	9	8	1	一	卡瑞娜会再失去一个熟人	development	卡瑞娜会再失去	去	个	个熟人	CLEAR_SIMPLEX	SIMPLEX_OTHER_EXTERNAL_CONTEXT	R3_REMAINING_SIMPLEX_YI_GE	selected_一_is_not_part_of_visible_complex_cardinal_and_is_immediately_followed_by_count_classifier_个	Wu 2024 journal p.370 examples (7)-(8) and p.381 example (20a)	YI_T2	YI_T2	yi2	YI_T2	MATCH	MATCH	ELIGIBLE_SIMPLEX_FRAME	FALSE	FALSE
27475	SSB0539	SSB05390420.TextGrid	27475/SSB05390420.TextGrid	4714	22b9ec98c2a04463acd1349d11fc9f6a1149c76a8133008c21dc57c5fefb84f8	BARE	4	3	1	一	画着一个老船长把观察孔挖空	development	画着	着	个	个老船长把观察孔	CLEAR_SIMPLEX	SIMPLEX_OTHER_EXTERNAL_CONTEXT	R3_REMAINING_SIMPLEX_YI_GE	selected_一_is_not_part_of_visible_complex_cardinal_and_is_immediately_followed_by_count_classifier_个	Wu 2024 journal p.370 examples (7)-(8) and p.381 example (20a)	YI_T2	YI_T2	yi2	YI_T2	MATCH	MATCH	ELIGIBLE_SIMPLEX_FRAME	FALSE	FALSE
27607	SSB0544	SSB05440052.TextGrid	27607/SSB05440052.TextGrid	4901	4e2b0f06137c4cb13bb079f3687dd54cff739fd9af1e6cd69a01bf08da166579	BARE	2	1	1	一	一个可以容纳五万多名观众的地方	development		START	个	个可以容纳五万多	CLEAR_SIMPLEX	SIMPLEX_OTHER_EXTERNAL_CONTEXT	R3_REMAINING_SIMPLEX_YI_GE	selected_一_is_not_part_of_visible_complex_cardinal_and_is_immediately_followed_by_count_classifier_个	Wu 2024 journal p.370 examples (7)-(8) and p.381 example (20a)	YI_T2	YI_T2	yi2	YI_T2	MATCH	MATCH	ELIGIBLE_SIMPLEX_FRAME	FALSE	FALSE
27740	SSB0544	SSB05440198.TextGrid	27740/SSB05440198.TextGrid	5798	13a2087a79a43e9314beb33f3b7d46326a2dfa1a6ee78b932cee1d751cf4276a	BARE	17	16	1	一	安子的励志故事被誉为深圳特区的一个象征	development	被誉为深圳特区的	的	个	个象征	CLEAR_SIMPLEX	SIMPLEX_OTHER_EXTERNAL_CONTEXT	R3_REMAINING_SIMPLEX_YI_GE	selected_一_is_not_part_of_visible_complex_cardinal_and_is_immediately_followed_by_count_classifier_个	Wu 2024 journal p.370 examples (7)-(8) and p.381 example (20a)	YI_T2	YI_T2	yi1	YI_T1	COUNTEREXAMPLE	COUNTEREXAMPLE	ELIGIBLE_SIMPLEX_FRAME	FALSE	FALSE
27761	SSB0544	SSB05440219.TextGrid	27761/SSB05440219.TextGrid	4720	f2ba7066eea6f2e3980eb43b26d741aa34e6be2e572d94f7f9e69d3f4212570f	BARE	10	9	1	一	并成为资本市场的一个重要产品	development	并成为资本市场的	的	个	个重要产品	CLEAR_SIMPLEX	SIMPLEX_OTHER_EXTERNAL_CONTEXT	R3_REMAINING_SIMPLEX_YI_GE	selected_一_is_not_part_of_visible_complex_cardinal_and_is_immediately_followed_by_count_classifier_个	Wu 2024 journal p.370 examples (7)-(8) and p.381 example (20a)	YI_T2	YI_T2	yi2	YI_T2	MATCH	MATCH	ELIGIBLE_SIMPLEX_FRAME	FALSE	FALSE
27961	SSB0544	SSB05440445.TextGrid	27961/SSB05440445.TextGrid	3072	80d970463069f8d62043cc0357be5edfb0e3d2d5cb47429ac7998194581b0e6b	BARE	7	6	1	一	这由此引出一个问题	development	这由此引出	出	个	个问题	CLEAR_SIMPLEX	SIMPLEX_OTHER_EXTERNAL_CONTEXT	R3_REMAINING_SIMPLEX_YI_GE	selected_一_is_not_part_of_visible_complex_cardinal_and_is_immediately_followed_by_count_classifier_个	Wu 2024 journal p.370 examples (7)-(8) and p.381 example (20a)	YI_T2	YI_T2	yi2	YI_T2	MATCH	MATCH	ELIGIBLE_SIMPLEX_FRAME	FALSE	FALSE
28059	SSB0565	SSB05650069.TextGrid	28059/SSB05650069.TextGrid	5635	24756b8806bc9918c96df8ac23108e8ad2dcb90154ddae4608e9223d67466f25	BARE	7	6	1	一	你该如何跟一个想要你的玩具的朋友沟通	development	你该如何跟	跟	个	个想要你的玩具的	CLEAR_SIMPLEX	SIMPLEX_OTHER_EXTERNAL_CONTEXT	R3_REMAINING_SIMPLEX_YI_GE	selected_一_is_not_part_of_visible_complex_cardinal_and_is_immediately_followed_by_count_classifier_个	Wu 2024 journal p.370 examples (7)-(8) and p.381 example (20a)	YI_T2	YI_T2	yi2	YI_T2	MATCH	MATCH	ELIGIBLE_SIMPLEX_FRAME	FALSE	FALSE
28213	SSB0565	SSB05650245.TextGrid	28213/SSB05650245.TextGrid	3881	21608ea3f7fc7b3e533b731e160d319d00c21cd65783c813b2839577bf9f7892	BARE	2	1	1	一	一个能把你推到边缘的人	development		START	个	个能把你推到边缘	CLEAR_SIMPLEX	SIMPLEX_OTHER_EXTERNAL_CONTEXT	R3_REMAINING_SIMPLEX_YI_GE	selected_一_is_not_part_of_visible_complex_cardinal_and_is_immediately_followed_by_count_classifier_个	Wu 2024 journal p.370 examples (7)-(8) and p.381 example (20a)	YI_T2	YI_T2	yi2	YI_T2	MATCH	MATCH	ELIGIBLE_SIMPLEX_FRAME	FALSE	FALSE
28240	SSB0565	SSB05650274.TextGrid	28240/SSB05650274.TextGrid	4887	c423c14f392c0ae15ecf2dbe9985f9e548653c91df4e5b1263a62aba3dfb0f16	BARE	15	14	1	一	弗罗拉永远无法原谅自己杀了一个	development	无法原谅自己杀了	了	个	个	CLEAR_SIMPLEX	SIMPLEX_OTHER_EXTERNAL_CONTEXT	R3_REMAINING_SIMPLEX_YI_GE	selected_一_is_not_part_of_visible_complex_cardinal_and_is_immediately_followed_by_count_classifier_个	Wu 2024 journal p.370 examples (7)-(8) and p.381 example (20a)	YI_T2	YI_T2	yi2	YI_T2	MATCH	MATCH	ELIGIBLE_SIMPLEX_FRAME	FALSE	FALSE
28247	SSB0565	SSB05650283.TextGrid	28247/SSB05650283.TextGrid	3571	ffe391555a22924581b873861c051ad6ee665ec5120af9f3f21fab3f18a23159	BARE	9	8	1	一	我给米歇尔最后一个任务	development	我给米歇尔最后	后	个	个任务	CLEAR_SIMPLEX	SIMPLEX_SEQUENTIAL_ZUIHOU	R3_REMAINING_SIMPLEX_YI_GE	visible_string=最后一个; selected_一_is_immediately_followed_by_count_classifier_个	Wu 2024 journal p.370 examples (7)-(8) and p.381 example (20a)	YI_T2	YI_T2	yi2	YI_T2	MATCH	MATCH	ELIGIBLE_SIMPLEX_FRAME	FALSE	FALSE
28267	SSB0565	SSB05650304.TextGrid	28267/SSB05650304.TextGrid	4085	098d53fe7e05bc94f05c91a0f6e9db705dc78c93571b8bea01f956b7e5f48efd	BARE	11	10	1	一	机器的内部结构都是一个道理	development	器的内部结构都是	是	个	个道理	CLEAR_SIMPLEX	SIMPLEX_OTHER_EXTERNAL_CONTEXT	R3_REMAINING_SIMPLEX_YI_GE	selected_一_is_not_part_of_visible_complex_cardinal_and_is_immediately_followed_by_count_classifier_个	Wu 2024 journal p.370 examples (7)-(8) and p.381 example (20a)	YI_T2	YI_T2	yi2	YI_T2	MATCH	MATCH	ELIGIBLE_SIMPLEX_FRAME	FALSE	FALSE
28304	SSB0565	SSB05650346.TextGrid	28304/SSB05650346.TextGrid	5223	746f1d7bec8d3333dc7e60b8fd079f1d2ec27d6f614cc04483e331cce3c98afa	BARE	6	5	1	一	其实就是一个有着潜在危险的小炸弹	development	其实就是	是	个	个有着潜在危险的	CLEAR_SIMPLEX	SIMPLEX_OTHER_EXTERNAL_CONTEXT	R3_REMAINING_SIMPLEX_YI_GE	selected_一_is_not_part_of_visible_complex_cardinal_and_is_immediately_followed_by_count_classifier_个	Wu 2024 journal p.370 examples (7)-(8) and p.381 example (20a)	YI_T2	YI_T2	yi2	YI_T2	MATCH	MATCH	ELIGIBLE_SIMPLEX_FRAME	FALSE	FALSE
28375	SSB0565	SSB05650428.TextGrid	28375/SSB05650428.TextGrid	6046	240dcc43c7cd7059da60422df07a8b97e0c4a1bc9030faeb23e8cb4ce7b6c25d	BARE	3	2	1	一	她一个月前加入黄立成创立的交友软件	development	她	她	个	个月前加入黄立成	CLEAR_SIMPLEX	SIMPLEX_OTHER_EXTERNAL_CONTEXT	R3_REMAINING_SIMPLEX_YI_GE	selected_一_is_not_part_of_visible_complex_cardinal_and_is_immediately_followed_by_count_classifier_个	Wu 2024 journal p.370 examples (7)-(8) and p.381 example (20a)	YI_T2	YI_T2	yi2	YI_T2	MATCH	MATCH	ELIGIBLE_SIMPLEX_FRAME	FALSE	FALSE
28428	SSB0565	SSB05650486.TextGrid	28428/SSB05650486.TextGrid	4512	754f38674908cdeda059145bc7c556d53fe4e69ca1a520a2b26cc7e46159d611	BARE	3	2	1	一	和一个与黑帮老大有关系的警探	development	和	和	个	个与黑帮老大有关	CLEAR_SIMPLEX	SIMPLEX_OTHER_EXTERNAL_CONTEXT	R3_REMAINING_SIMPLEX_YI_GE	selected_一_is_not_part_of_visible_complex_cardinal_and_is_immediately_followed_by_count_classifier_个	Wu 2024 journal p.370 examples (7)-(8) and p.381 example (20a)	YI_T2	YI_T2	yi2	YI_T2	MATCH	MATCH	ELIGIBLE_SIMPLEX_FRAME	FALSE	FALSE
28438	SSB0565	SSB05650497.TextGrid	28438/SSB05650497.TextGrid	5607	8ea6908ac4e303666a4c86dfd1a394777ffb8d3e7c6a0cdc3a17334bad6cf399	BARE	15	14	1	一	该宅邸高高地坐落于太平洋的一个海角上	development	地坐落于太平洋的	的	个	个海角上	CLEAR_SIMPLEX	SIMPLEX_OTHER_EXTERNAL_CONTEXT	R3_REMAINING_SIMPLEX_YI_GE	selected_一_is_not_part_of_visible_complex_cardinal_and_is_immediately_followed_by_count_classifier_个	Wu 2024 journal p.370 examples (7)-(8) and p.381 example (20a)	YI_T2	YI_T2	yi2	YI_T2	MATCH	MATCH	ELIGIBLE_SIMPLEX_FRAME	FALSE	FALSE
28837	SSB0570	SSB05700412.TextGrid	28837/SSB05700412.TextGrid	5397	13eb9d4375195f825ea411076b7f28e9bcea6bc3307328a56920ff9b98cf1474	BARE	4	3	1	一	另外一个国际泳联的官员也在现场	confirmation	另外	外	个	个国际泳联的官员	CLEAR_SIMPLEX	SIMPLEX_OTHER_EXTERNAL_CONTEXT	R3_REMAINING_SIMPLEX_YI_GE	selected_一_is_not_part_of_visible_complex_cardinal_and_is_immediately_followed_by_count_classifier_个	Wu 2024 journal p.370 examples (7)-(8) and p.381 example (20a)	YI_T2	YI_T2	yi2	YI_T2	MATCH	MATCH	ELIGIBLE_SIMPLEX_FRAME	FALSE	FALSE
28927	SSB0578	SSB05780024.TextGrid	28927/SSB05780024.TextGrid	4027	749eec84be39ead12a81267b674e47dcbd21aaeef8d8cb6e7f368811bbccbb8b	BARE	4	3	1	一	这是一个纯粹的白人居住区	development	这是	是	个	个纯粹的白人居住	CLEAR_SIMPLEX	SIMPLEX_OTHER_EXTERNAL_CONTEXT	R3_REMAINING_SIMPLEX_YI_GE	selected_一_is_not_part_of_visible_complex_cardinal_and_is_immediately_followed_by_count_classifier_个	Wu 2024 journal p.370 examples (7)-(8) and p.381 example (20a)	YI_T2	YI_T2	yi2	YI_T2	MATCH	MATCH	ELIGIBLE_SIMPLEX_FRAME	FALSE	FALSE
28937	SSB0578	SSB05780034.TextGrid	28937/SSB05780034.TextGrid	4253	8cb9e1b162145c1a3d3846ac7f2e10fcc9322dc26e58ec4bd57d9914266495df	BARE	9	7	1	一	所以希望有另一个人的帮忙	development	所以希望有另	另	个	个人的帮忙	CLEAR_SIMPLEX	SIMPLEX_MODIFIED_LING	R3_REMAINING_SIMPLEX_YI_GE	visible_string=另一个; selected_一_is_immediately_followed_by_count_classifier_个	Wu 2024 journal p.370 examples (7)-(8) and p.381 example (20a)	YI_T2	YI_T2	yi2	YI_T2	MATCH	MATCH	ELIGIBLE_SIMPLEX_FRAME	FALSE	FALSE
28996	SSB0578	SSB05780097.TextGrid	28996/SSB05780097.TextGrid	4276	03c613fae3cfd6a6eadc34ac86632c080041abb7b25f719171ec36e1e3891546	ORDINAL	3	2	1	一	第一个跑到十秒整的中国人	development	第	第	个	个跑到十秒整的中	ORDINAL_ABSOLUTE	EXACT_DI_YI_GE	R0_EXACT_ORDINAL	selected_target_occurs_in_exact_第一个	Wu 2024 journal p.374 example (15)	YI_T1	YI_T1	yi1	YI_T1	MATCH	MATCH	ELIGIBLE_ORDINAL_FRAME	FALSE	FALSE
29005	SSB0578	SSB05780107.TextGrid	29005/SSB05780107.TextGrid	3199	2b36985987848097db02cbbe52c98129fe3cf82e230a076403d541056c44e0c6	BARE	4	3	1	一	这是一个多种族群体	development	这是	是	个	个多种族群体	CLEAR_SIMPLEX	SIMPLEX_OTHER_EXTERNAL_CONTEXT	R3_REMAINING_SIMPLEX_YI_GE	selected_一_is_not_part_of_visible_complex_cardinal_and_is_immediately_followed_by_count_classifier_个	Wu 2024 journal p.370 examples (7)-(8) and p.381 example (20a)	YI_T2	YI_T2	yi2	YI_T2	MATCH	MATCH	ELIGIBLE_SIMPLEX_FRAME	FALSE	FALSE
29082	SSB0578	SSB05780189.TextGrid	29082/SSB05780189.TextGrid	2375	5e9ffbc3806a7b4cd0b9601112304e875cd718c6f1c9b65f5ffb5e9504fe9762	BARE	2	1	1	一	一个人在北京	development		START	个	个人在北京	CLEAR_SIMPLEX	SIMPLEX_OTHER_EXTERNAL_CONTEXT	R3_REMAINING_SIMPLEX_YI_GE	selected_一_is_not_part_of_visible_complex_cardinal_and_is_immediately_followed_by_count_classifier_个	Wu 2024 journal p.370 examples (7)-(8) and p.381 example (20a)	YI_T2	YI_T2	yi2	YI_T2	MATCH	MATCH	ELIGIBLE_SIMPLEX_FRAME	FALSE	FALSE
29374	SSB0578	SSB05780502.TextGrid	29374/SSB05780502.TextGrid	6657	79534860098072cdd3eab98a4f5cbc9def13a813ab26f6708f2828695a4117ef	BARE	15	13	1	一	所以拿不出五点七万台这样一个比较准确的数字	development	出五点七万台这样	样	个	个比较准确的数字	CLEAR_SIMPLEX	SIMPLEX_OTHER_EXTERNAL_CONTEXT	R3_REMAINING_SIMPLEX_YI_GE	selected_一_is_not_part_of_visible_complex_cardinal_and_is_immediately_followed_by_count_classifier_个	Wu 2024 journal p.370 examples (7)-(8) and p.381 example (20a)	YI_T2	YI_T2	yi2	YI_T2	MATCH	MATCH	ELIGIBLE_SIMPLEX_FRAME	FALSE	FALSE
29459	SSB0588	SSB05880082.TextGrid	29459/SSB05880082.TextGrid	6310	7cc67f1e716d84153215c332c735dfe874d858ea0211cb81b8c77ec15380e475	BARE	2	1	1	一	一个企业软件儿的设计创新都是为了提升效率	development		START	个	个企业软件儿的设	CLEAR_SIMPLEX	SIMPLEX_OTHER_EXTERNAL_CONTEXT	R3_REMAINING_SIMPLEX_YI_GE	selected_一_is_not_part_of_visible_complex_cardinal_and_is_immediately_followed_by_count_classifier_个	Wu 2024 journal p.370 examples (7)-(8) and p.381 example (20a)	YI_T2	YI_T2	yi2	YI_T2	MATCH	MATCH	ELIGIBLE_SIMPLEX_FRAME	FALSE	FALSE
29466	SSB0588	SSB05880089.TextGrid	29466/SSB05880089.TextGrid	2226	a2728a5442a7e3e02345331cb73f9fc2f2ab3e56e1d163b80b062002ce163a93	BARE	3	2	1	一	来一个氧气	development	来	来	个	个氧气	CLEAR_SIMPLEX	SIMPLEX_OTHER_EXTERNAL_CONTEXT	R3_REMAINING_SIMPLEX_YI_GE	selected_一_is_not_part_of_visible_complex_cardinal_and_is_immediately_followed_by_count_classifier_个	Wu 2024 journal p.370 examples (7)-(8) and p.381 example (20a)	YI_T2	YI_T2	yi2	YI_T2	MATCH	MATCH	ELIGIBLE_SIMPLEX_FRAME	FALSE	FALSE
29669	SSB0588	SSB05880309.TextGrid	29669/SSB05880309.TextGrid	5691	fc0dc26c141279c7bb012fc5fc854a36ef661790f6414e8f1582aab5e2abf788	BARE	17	14	1	一	关于谁该邀功受赏的纠纷扼杀一个计划	development	功受赏的纠纷扼杀	杀	个	个计划	CLEAR_SIMPLEX	SIMPLEX_OTHER_EXTERNAL_CONTEXT	R3_REMAINING_SIMPLEX_YI_GE	selected_一_is_not_part_of_visible_complex_cardinal_and_is_immediately_followed_by_count_classifier_个	Wu 2024 journal p.370 examples (7)-(8) and p.381 example (20a)	YI_T2	YI_T2	yi2	YI_T2	MATCH	MATCH	ELIGIBLE_SIMPLEX_FRAME	FALSE	FALSE
29734	SSB0588	SSB05880378.TextGrid	29734/SSB05880378.TextGrid	4901	016e14aacde3243c14a5cf9b964221d0f6c643529238efb52d409a8b2e1a1ba5	BARE	10	9	1	一	这样他们就可以买一个资产负前表	development	这样他们就可以买	买	个	个资产负前表	CLEAR_SIMPLEX	SIMPLEX_OTHER_EXTERNAL_CONTEXT	R3_REMAINING_SIMPLEX_YI_GE	selected_一_is_not_part_of_visible_complex_cardinal_and_is_immediately_followed_by_count_classifier_个	Wu 2024 journal p.370 examples (7)-(8) and p.381 example (20a)	YI_T2	YI_T2	yi2	YI_T2	MATCH	MATCH	ELIGIBLE_SIMPLEX_FRAME	FALSE	FALSE
29751	SSB0588	SSB05880396.TextGrid	29751/SSB05880396.TextGrid	3512	8976d7b3c134793b1ac22814f51ab4f275d0421ed9d03453e3c179a6f6328cc0	BARE	5	4	1	一	听说他一个月前退伍了	development	听说他	他	个	个月前退伍了	CLEAR_SIMPLEX	SIMPLEX_OTHER_EXTERNAL_CONTEXT	R3_REMAINING_SIMPLEX_YI_GE	selected_一_is_not_part_of_visible_complex_cardinal_and_is_immediately_followed_by_count_classifier_个	Wu 2024 journal p.370 examples (7)-(8) and p.381 example (20a)	YI_T2	YI_T2	yi2	YI_T2	MATCH	MATCH	ELIGIBLE_SIMPLEX_FRAME	FALSE	FALSE
29924	SSB0590	SSB05900080.TextGrid	29924/SSB05900080.TextGrid	4097	226d175789526d5c787e3974e31c7a44f2d0d201784a069d492a7b3ad85dbfea	BARE	5	4	1	一	今天是一个非常重要的日子	development	今天是	是	个	个非常重要的日子	CLEAR_SIMPLEX	SIMPLEX_OTHER_EXTERNAL_CONTEXT	R3_REMAINING_SIMPLEX_YI_GE	selected_一_is_not_part_of_visible_complex_cardinal_and_is_immediately_followed_by_count_classifier_个	Wu 2024 journal p.370 examples (7)-(8) and p.381 example (20a)	YI_T2	YI_T2	yi2	YI_T2	MATCH	MATCH	ELIGIBLE_SIMPLEX_FRAME	FALSE	FALSE
29969	SSB0590	SSB05900126.TextGrid	29969/SSB05900126.TextGrid	3387	8959f763e555d1c3b643fd4d4eca195b09fe78322431032d15bb320271d30328	BARE	5	4	1	一	是通过一个邮政信箱	development	是通过	过	个	个邮政信箱	CLEAR_SIMPLEX	SIMPLEX_OTHER_EXTERNAL_CONTEXT	R3_REMAINING_SIMPLEX_YI_GE	selected_一_is_not_part_of_visible_complex_cardinal_and_is_immediately_followed_by_count_classifier_个	Wu 2024 journal p.370 examples (7)-(8) and p.381 example (20a)	YI_T2	YI_T2	yi2	YI_T2	MATCH	MATCH	ELIGIBLE_SIMPLEX_FRAME	FALSE	FALSE
29999	SSB0590	SSB05900156.TextGrid	29999/SSB05900156.TextGrid	6567	68261d5312667defa9b22cde82c468564a56be21b7da8ece00becf5dc5123034	BARE	8	6	1	一	我承诺祭献一个灵魂并且只有我能打破协议	development	我承诺祭献	献	个	个灵魂并且只有我	CLEAR_SIMPLEX	SIMPLEX_OTHER_EXTERNAL_CONTEXT	R3_REMAINING_SIMPLEX_YI_GE	selected_一_is_not_part_of_visible_complex_cardinal_and_is_immediately_followed_by_count_classifier_个	Wu 2024 journal p.370 examples (7)-(8) and p.381 example (20a)	YI_T2	YI_T2	yi2	YI_T2	MATCH	MATCH	ELIGIBLE_SIMPLEX_FRAME	FALSE	FALSE
30054	SSB0590	SSB05900212.TextGrid	30054/SSB05900212.TextGrid	4767	de424c90fbb7e924496de3b6e645df4f83645d3e1b8892245d19b6e15d676e9b	BARE	11	10	1	一	每个人都准备好了下一个任务了吗	development	个人都准备好了下	下	个	个任务了吗	CLEAR_SIMPLEX	SIMPLEX_SEQUENTIAL_XIA	R3_REMAINING_SIMPLEX_YI_GE	visible_string=下一个; selected_一_is_immediately_followed_by_count_classifier_个	Wu 2024 journal p.370 examples (7)-(8) and p.381 example (20a)	YI_T2	YI_T2	yi2	YI_T2	MATCH	MATCH	ELIGIBLE_SIMPLEX_FRAME	FALSE	FALSE
30079	SSB0590	SSB05900237.TextGrid	30079/SSB05900237.TextGrid	3316	98d4f7533cc7093bdd0772a38f45bd3f1919762d88547ab2580be595ff58d796	BARE	3	2	1	一	另一个明天跟我约了	development	另	另	个	个明天跟我约了	CLEAR_SIMPLEX	SIMPLEX_MODIFIED_LING	R3_REMAINING_SIMPLEX_YI_GE	visible_string=另一个; selected_一_is_immediately_followed_by_count_classifier_个	Wu 2024 journal p.370 examples (7)-(8) and p.381 example (20a)	YI_T2	YI_T2	yi2	YI_T2	MATCH	MATCH	ELIGIBLE_SIMPLEX_FRAME	FALSE	FALSE
30118	SSB0590	SSB05900277.TextGrid	30118/SSB05900277.TextGrid	3703	e0927d91853fa9b9818e9d5bd8f9bebf83f85ccfad1629e5bcfdda40f7346ebb	BARE	9	8	1	一	我们不会去收养一个孩子	development	我们不会去收养	养	个	个孩子	CLEAR_SIMPLEX	SIMPLEX_OTHER_EXTERNAL_CONTEXT	R3_REMAINING_SIMPLEX_YI_GE	selected_一_is_not_part_of_visible_complex_cardinal_and_is_immediately_followed_by_count_classifier_个	Wu 2024 journal p.370 examples (7)-(8) and p.381 example (20a)	YI_T2	YI_T2	yi2	YI_T2	MATCH	MATCH	ELIGIBLE_SIMPLEX_FRAME	FALSE	FALSE
30202	SSB0590	SSB05900365.TextGrid	30202/SSB05900365.TextGrid	5342	699a54d78d77c4f6dd386a0ec9c149a189a951a64bd23e42375aa3dfd0cbfab5	BARE	8	6	1	一	你并非唯一一个拥有了第二次机会的人	development	你并非唯一	一	个	个拥有了第二次机	CLEAR_SIMPLEX	SIMPLEX_AFTER_LEXICAL_WEIYI_PREFIX	R3_REMAINING_SIMPLEX_YI_GE	visible_prefix=唯一; selected_target_is_second_一_and_is_immediately_followed_by_个	Wu 2024 journal p.370 examples (7)-(8) and p.381 example (20a)	YI_T2	YI_T2	yi2	YI_T2	MATCH	MATCH	ELIGIBLE_SIMPLEX_FRAME	FALSE	FALSE
30290	SSB0590	SSB05900458.TextGrid	30290/SSB05900458.TextGrid	4571	b6b46cf08147f472ae9c9158c9267c18f84278c8b5500578eea6adf6472cc5f9	BARE	8	6	1	一	但是我还是一个没买过太贵了	development	但是我还是	是	个	个没买过太贵了	CLEAR_SIMPLEX	SIMPLEX_OTHER_EXTERNAL_CONTEXT	R3_REMAINING_SIMPLEX_YI_GE	selected_一_is_not_part_of_visible_complex_cardinal_and_is_immediately_followed_by_count_classifier_个	Wu 2024 journal p.370 examples (7)-(8) and p.381 example (20a)	YI_T2	YI_T2	yi2	YI_T2	MATCH	MATCH	ELIGIBLE_SIMPLEX_FRAME	FALSE	FALSE
30313	SSB0590	SSB05900482.TextGrid	30313/SSB05900482.TextGrid	3936	8cf47afa3994ab4ccd74b1b0e96820cfa27e16319da2bec8569867003f01ad81	BARE	9	8	1	一	但它们都属于同一个母公司	development	但它们都属于同	同	个	个母公司	CLEAR_SIMPLEX	SIMPLEX_MODIFIED_TONG	R3_REMAINING_SIMPLEX_YI_GE	visible_string=同一个; selected_一_is_immediately_followed_by_count_classifier_个	Wu 2024 journal p.370 examples (7)-(8) and p.381 example (20a)	YI_T2	YI_T2	yi1	YI_T1	COUNTEREXAMPLE	COUNTEREXAMPLE	ELIGIBLE_SIMPLEX_FRAME	FALSE	FALSE
30531	SSB0594	SSB05940218.TextGrid	30531/SSB05940218.TextGrid	6346	f7465c24447ec865ab1c652b880660b0fa0a31fed265faba5090995c79ce53d8	BARE	10	8	1	一	你并不需要拥有一个博士学位才能操作它们	development	你并不需要拥有	有	个	个博士学位才能操	CLEAR_SIMPLEX	SIMPLEX_OTHER_EXTERNAL_CONTEXT	R3_REMAINING_SIMPLEX_YI_GE	selected_一_is_not_part_of_visible_complex_cardinal_and_is_immediately_followed_by_count_classifier_个	Wu 2024 journal p.370 examples (7)-(8) and p.381 example (20a)	YI_T2	YI_T2	yi2	YI_T2	MATCH	MATCH	ELIGIBLE_SIMPLEX_FRAME	FALSE	FALSE
30643	SSB0594	SSB05940339.TextGrid	30643/SSB05940339.TextGrid	6243	62435bbb638925eb968a4ebd40367e8e7e3c5a490769b6c871216cafdc7ad63e	BARE	7	6	1	一	你购买的是一个体验这是硬件和软件的集成	development	你购买的是	是	个	个体验这是硬件和	CLEAR_SIMPLEX	SIMPLEX_OTHER_EXTERNAL_CONTEXT	R3_REMAINING_SIMPLEX_YI_GE	selected_一_is_not_part_of_visible_complex_cardinal_and_is_immediately_followed_by_count_classifier_个	Wu 2024 journal p.370 examples (7)-(8) and p.381 example (20a)	YI_T2	YI_T2	yi2	YI_T2	MATCH	MATCH	ELIGIBLE_SIMPLEX_FRAME	FALSE	FALSE
30725	SSB0594	SSB05940428.TextGrid	30725/SSB05940428.TextGrid	4056	07e0ed8d856ff7eccf9ceaf57c64ad75de59dd3f2b0302e5090b7bbced5386db	BARE	10	9	1	一	希望可以快点度过一个星期	development	希望可以快点度过	过	个	个星期	CLEAR_SIMPLEX	SIMPLEX_OTHER_EXTERNAL_CONTEXT	R3_REMAINING_SIMPLEX_YI_GE	selected_一_is_not_part_of_visible_complex_cardinal_and_is_immediately_followed_by_count_classifier_个	Wu 2024 journal p.370 examples (7)-(8) and p.381 example (20a)	YI_T2	YI_T2	yi2	YI_T2	MATCH	MATCH	ELIGIBLE_SIMPLEX_FRAME	FALSE	FALSE
30841	SSB0599	SSB05990069.TextGrid	30841/SSB05990069.TextGrid	3315	61d283a4af2615b11b01e3d5ff1d7211d04ffda9f12eacb0e1b0d79e456abf85	BARE	4	3	1	一	他是一个活泼的教练	development	他是	是	个	个活泼的教练	CLEAR_SIMPLEX	SIMPLEX_OTHER_EXTERNAL_CONTEXT	R3_REMAINING_SIMPLEX_YI_GE	selected_一_is_not_part_of_visible_complex_cardinal_and_is_immediately_followed_by_count_classifier_个	Wu 2024 journal p.370 examples (7)-(8) and p.381 example (20a)	YI_T2	YI_T2	yi2	YI_T2	MATCH	MATCH	ELIGIBLE_SIMPLEX_FRAME	FALSE	FALSE
30894	SSB0599	SSB05990128.TextGrid	30894/SSB05990128.TextGrid	5175	d64f06866b656e6a4bfc64e22d5c19ae074896bdc44a3e4f11bba39f96a4dc0c	BARE	14	13	1	一	其很有可能成为金融市场的一个入口	development	能成为金融市场的	的	个	个入口	CLEAR_SIMPLEX	SIMPLEX_OTHER_EXTERNAL_CONTEXT	R3_REMAINING_SIMPLEX_YI_GE	selected_一_is_not_part_of_visible_complex_cardinal_and_is_immediately_followed_by_count_classifier_个	Wu 2024 journal p.370 examples (7)-(8) and p.381 example (20a)	YI_T2	YI_T2	yi2	YI_T2	MATCH	MATCH	ELIGIBLE_SIMPLEX_FRAME	FALSE	FALSE
30921	SSB0599	SSB05990157.TextGrid	30921/SSB05990157.TextGrid	3131	089a332b941821870d7e39a2d0ca868025dd117b80933aed95f1cea16dd09444	BARE	4	3	1	一	这是一个很大的惊喜	development	这是	是	个	个很大的惊喜	CLEAR_SIMPLEX	SIMPLEX_OTHER_EXTERNAL_CONTEXT	R3_REMAINING_SIMPLEX_YI_GE	selected_一_is_not_part_of_visible_complex_cardinal_and_is_immediately_followed_by_count_classifier_个	Wu 2024 journal p.370 examples (7)-(8) and p.381 example (20a)	YI_T2	YI_T2	yi2	YI_T2	MATCH	MATCH	ELIGIBLE_SIMPLEX_FRAME	FALSE	FALSE
31017	SSB0599	SSB05990261.TextGrid	31017/SSB05990261.TextGrid	5385	0d658f885b55c53f1a297a47809f53d5023a904fd4ac1611e77cef8d1ef48aed	BARE	15	13	1	一	跟以前相比我就是完全换了一个人	development	比我就是完全换了	了	个	个人	CLEAR_SIMPLEX	SIMPLEX_OTHER_EXTERNAL_CONTEXT	R3_REMAINING_SIMPLEX_YI_GE	selected_一_is_not_part_of_visible_complex_cardinal_and_is_immediately_followed_by_count_classifier_个	Wu 2024 journal p.370 examples (7)-(8) and p.381 example (20a)	YI_T2	YI_T2	yi2	YI_T2	MATCH	MATCH	ELIGIBLE_SIMPLEX_FRAME	FALSE	FALSE
31174	SSB0599	SSB05990428.TextGrid	31174/SSB05990428.TextGrid	3445	c373e5c27cf21c60137343fc906f60f808d4166c3e5255f61f11148ec153ba8d	BARE	5	4	1	一	兰迪是一个非常好的人	development	兰迪是	是	个	个非常好的人	CLEAR_SIMPLEX	SIMPLEX_OTHER_EXTERNAL_CONTEXT	R3_REMAINING_SIMPLEX_YI_GE	selected_一_is_not_part_of_visible_complex_cardinal_and_is_immediately_followed_by_count_classifier_个	Wu 2024 journal p.370 examples (7)-(8) and p.381 example (20a)	YI_T2	YI_T2	yi2	YI_T2	MATCH	MATCH	ELIGIBLE_SIMPLEX_FRAME	FALSE	FALSE
31545	SSB0601	SSB06010342.TextGrid	31545/SSB06010342.TextGrid	6433	95f61dc640253fdf6065e55877135856175869913cbc88cf22b874294fc00595	BARE	12	11	1	一	性治疗已经悄然发展成一个隐秘而庞大的产业	confirmation	疗已经悄然发展成	成	个	个隐秘而庞大的产	CLEAR_SIMPLEX	SIMPLEX_OTHER_EXTERNAL_CONTEXT	R3_REMAINING_SIMPLEX_YI_GE	selected_一_is_not_part_of_visible_complex_cardinal_and_is_immediately_followed_by_count_classifier_个	Wu 2024 journal p.370 examples (7)-(8) and p.381 example (20a)	YI_T2	YI_T2	yi2	YI_T2	MATCH	MATCH	ELIGIBLE_SIMPLEX_FRAME	FALSE	FALSE
31580	SSB0601	SSB06010380.TextGrid	31580/SSB06010380.TextGrid	3006	a73259db2ee430aa1bcfd0b0e4d38fa3ebe35b2e5827ddbc63ff277f73e73ec4	BARE	3	2	1	一	这一个应用更有意义	confirmation	这	这	个	个应用更有意义	CLEAR_SIMPLEX	SIMPLEX_OTHER_EXTERNAL_CONTEXT	R3_REMAINING_SIMPLEX_YI_GE	selected_一_is_not_part_of_visible_complex_cardinal_and_is_immediately_followed_by_count_classifier_个	Wu 2024 journal p.370 examples (7)-(8) and p.381 example (20a)	YI_T2	YI_T2	yi2	YI_T2	MATCH	MATCH	ELIGIBLE_SIMPLEX_FRAME	FALSE	FALSE
31930	SSB0603	SSB06030237.TextGrid	31930/SSB06030237.TextGrid	6066	d5617587dee568bcf759414859944cf14d9b719125ed36871460d02ba7670046	BARE	17	16	1	一	杰森在超市遇见了杰森在牛津时的一个朋友	development	了杰森在牛津时的	的	个	个朋友	CLEAR_SIMPLEX	SIMPLEX_OTHER_EXTERNAL_CONTEXT	R3_REMAINING_SIMPLEX_YI_GE	selected_一_is_not_part_of_visible_complex_cardinal_and_is_immediately_followed_by_count_classifier_个	Wu 2024 journal p.370 examples (7)-(8) and p.381 example (20a)	YI_T2	YI_T2	yi2	YI_T2	MATCH	MATCH	ELIGIBLE_SIMPLEX_FRAME	FALSE	FALSE
32083	SSB0603	SSB06030397.TextGrid	32083/SSB06030397.TextGrid	4206	07444286ba62ba1abf7c044864433a15f257f45271e5f2b6e847847b0cbbd115	BARE	9	8	1	一	我们现在开车去一个无人之地	development	我们现在开车去	去	个	个无人之地	CLEAR_SIMPLEX	SIMPLEX_OTHER_EXTERNAL_CONTEXT	R3_REMAINING_SIMPLEX_YI_GE	selected_一_is_not_part_of_visible_complex_cardinal_and_is_immediately_followed_by_count_classifier_个	Wu 2024 journal p.370 examples (7)-(8) and p.381 example (20a)	YI_T2	YI_T2	yi2	YI_T2	MATCH	MATCH	ELIGIBLE_SIMPLEX_FRAME	FALSE	FALSE
32105	SSB0603	SSB06030419.TextGrid	32105/SSB06030419.TextGrid	5996	4a43f153db6a33fa65a799f5a0d1aa9918b28bce2bdb328d19d421ee9c681224	BARE	5	4	1	一	这只是一个在发生债务危机时的典型案例罢了	development	这只是	是	个	个在发生债务危机	CLEAR_SIMPLEX	SIMPLEX_OTHER_EXTERNAL_CONTEXT	R3_REMAINING_SIMPLEX_YI_GE	selected_一_is_not_part_of_visible_complex_cardinal_and_is_immediately_followed_by_count_classifier_个	Wu 2024 journal p.370 examples (7)-(8) and p.381 example (20a)	YI_T2	YI_T2	yi2	YI_T2	MATCH	MATCH	ELIGIBLE_SIMPLEX_FRAME	FALSE	FALSE
32282	SSB0606	SSB06060097.TextGrid	32282/SSB06060097.TextGrid	4489	8a7285cd661a5bdbde4f2137c45f7f493610dad1fa64042b27c5f0d5a96ebf2b	BARE	11	10	1	一	本溪小伙小刘想出了一个办法	development	溪小伙小刘想出了	了	个	个办法	CLEAR_SIMPLEX	SIMPLEX_OTHER_EXTERNAL_CONTEXT	R3_REMAINING_SIMPLEX_YI_GE	selected_一_is_not_part_of_visible_complex_cardinal_and_is_immediately_followed_by_count_classifier_个	Wu 2024 journal p.370 examples (7)-(8) and p.381 example (20a)	YI_T2	YI_T2	yi2	YI_T2	MATCH	MATCH	ELIGIBLE_SIMPLEX_FRAME	FALSE	FALSE
32305	SSB0606	SSB06060121.TextGrid	32305/SSB06060121.TextGrid	3950	414c0f981fdb8f354afa60953725b552ef6bbedd9d86bdb664f781e6fd7a2ef1	BARE	5	4	1	一	不过对一个五岁的孩子来说	development	不过对	对	个	个五岁的孩子来说	CLEAR_SIMPLEX	SIMPLEX_OTHER_EXTERNAL_CONTEXT	R3_REMAINING_SIMPLEX_YI_GE	selected_一_is_not_part_of_visible_complex_cardinal_and_is_immediately_followed_by_count_classifier_个	Wu 2024 journal p.370 examples (7)-(8) and p.381 example (20a)	YI_T2	YI_T2	yi2	YI_T2	MATCH	MATCH	ELIGIBLE_SIMPLEX_FRAME	FALSE	FALSE
32312	SSB0606	SSB06060128.TextGrid	32312/SSB06060128.TextGrid	3640	6c65b4c488f0bf1062e76cde8d12cf5e1c382e202caf39b8398502fed88f5e2b	BARE	7	6	1	一	而且我不是一个人在战斗	development	而且我不是	是	个	个人在战斗	CLEAR_SIMPLEX	SIMPLEX_OTHER_EXTERNAL_CONTEXT	R3_REMAINING_SIMPLEX_YI_GE	selected_一_is_not_part_of_visible_complex_cardinal_and_is_immediately_followed_by_count_classifier_个	Wu 2024 journal p.370 examples (7)-(8) and p.381 example (20a)	YI_T2	YI_T2	yi2	YI_T2	MATCH	MATCH	ELIGIBLE_SIMPLEX_FRAME	FALSE	FALSE
32358	SSB0606	SSB06060179.TextGrid	32358/SSB06060179.TextGrid	4341	623fc9bc9e413fedf5d0bf5b045e0292be58f793314c67ce663b00d9c5eea605	BARE	3	2	1	一	是一个很有价值很有意义的课题	development	是	是	个	个很有价值很有意	CLEAR_SIMPLEX	SIMPLEX_OTHER_EXTERNAL_CONTEXT	R3_REMAINING_SIMPLEX_YI_GE	selected_一_is_not_part_of_visible_complex_cardinal_and_is_immediately_followed_by_count_classifier_个	Wu 2024 journal p.370 examples (7)-(8) and p.381 example (20a)	YI_T2	YI_T2	yi2	YI_T2	MATCH	MATCH	ELIGIBLE_SIMPLEX_FRAME	FALSE	FALSE
32367	SSB0606	SSB06060189.TextGrid	32367/SSB06060189.TextGrid	5200	f243c4c9c54f307f69856cf97ec7c3e913240814a39da7ad9a6e0180afce3a6d	BARE	14	12	1	一	喀山游泳世锦赛迎来最后一个比赛日	development	泳世锦赛迎来最后	后	个	个比赛日	CLEAR_SIMPLEX	SIMPLEX_SEQUENTIAL_ZUIHOU	R3_REMAINING_SIMPLEX_YI_GE	visible_string=最后一个; selected_一_is_immediately_followed_by_count_classifier_个	Wu 2024 journal p.370 examples (7)-(8) and p.381 example (20a)	YI_T2	YI_T2	yi2	YI_T2	MATCH	MATCH	ELIGIBLE_SIMPLEX_FRAME	FALSE	FALSE
32405	SSB0606	SSB06060233.TextGrid	32405/SSB06060233.TextGrid	5063	b4e5f0d9b2ce3fd401cbc9f3aedcc57eb805213688611dc9180e06b30e8e829f	ORDINAL	15	14	1	一	某市税务机关在进行评估的第一个月	development	关在进行评估的第	第	个	个月	ORDINAL_ABSOLUTE	EXACT_DI_YI_GE	R0_EXACT_ORDINAL	selected_target_occurs_in_exact_第一个	Wu 2024 journal p.374 example (15)	YI_T1	YI_T1	yi1	YI_T1	MATCH	MATCH	ELIGIBLE_ORDINAL_FRAME	FALSE	FALSE
32472	SSB0606	SSB06060304.TextGrid	32472/SSB06060304.TextGrid	5030	6a6e8f0b858a8ddcd0dc30f2c8681a1699921f4c1a067c81ade638938a0041df	BARE	11	10	1	一	这对于安妮来说也是一个不小的挑战	development	对于安妮来说也是	是	个	个不小的挑战	CLEAR_SIMPLEX	SIMPLEX_OTHER_EXTERNAL_CONTEXT	R3_REMAINING_SIMPLEX_YI_GE	selected_一_is_not_part_of_visible_complex_cardinal_and_is_immediately_followed_by_count_classifier_个	Wu 2024 journal p.370 examples (7)-(8) and p.381 example (20a)	YI_T2	YI_T2	yi2	YI_T2	MATCH	MATCH	ELIGIBLE_SIMPLEX_FRAME	FALSE	FALSE
32590	SSB0606	SSB06060433.TextGrid	32590/SSB06060433.TextGrid	4449	010c684fcb7787eb4c33c7d59713d94b4acc8b3794fec0cf33bd8d091c146245	BARE	7	6	1	一	争取来年考一个更大的大学	development	争取来年考	考	个	个更大的大学	CLEAR_SIMPLEX	SIMPLEX_OTHER_EXTERNAL_CONTEXT	R3_REMAINING_SIMPLEX_YI_GE	selected_一_is_not_part_of_visible_complex_cardinal_and_is_immediately_followed_by_count_classifier_个	Wu 2024 journal p.370 examples (7)-(8) and p.381 example (20a)	YI_T2	YI_T2	yi2	YI_T2	MATCH	MATCH	ELIGIBLE_SIMPLEX_FRAME	FALSE	FALSE
32830	SSB0607	SSB06070201.TextGrid	32830/SSB06070201.TextGrid	4285	12f0d94098082dfb96e0e06a521ab85a0c51b9fcbbd5fb0916f0435926a8b308	BARE	5	4	1	一	至少是一个很能伪造证书的人	development	至少是	是	个	个很能伪造证书的	CLEAR_SIMPLEX	SIMPLEX_OTHER_EXTERNAL_CONTEXT	R3_REMAINING_SIMPLEX_YI_GE	selected_一_is_not_part_of_visible_complex_cardinal_and_is_immediately_followed_by_count_classifier_个	Wu 2024 journal p.370 examples (7)-(8) and p.381 example (20a)	YI_T2	YI_T2	yi2	YI_T2	MATCH	MATCH	ELIGIBLE_SIMPLEX_FRAME	FALSE	FALSE
32834	SSB0607	SSB06070206.TextGrid	32834/SSB06070206.TextGrid	4136	d071a79af334b2e4476deb252fe0f31f4921b2a8dd48e8bb09f7b3ec42231041	BARE	5	4	1	一	差不多一个迷你棉花糖大小	development	差不多	多	个	个迷你棉花糖大小	CLEAR_SIMPLEX	SIMPLEX_OTHER_EXTERNAL_CONTEXT	R3_REMAINING_SIMPLEX_YI_GE	selected_一_is_not_part_of_visible_complex_cardinal_and_is_immediately_followed_by_count_classifier_个	Wu 2024 journal p.370 examples (7)-(8) and p.381 example (20a)	YI_T2	YI_T2	yi2	YI_T2	MATCH	MATCH	ELIGIBLE_SIMPLEX_FRAME	FALSE	FALSE
32852	SSB0607	SSB06070227.TextGrid	32852/SSB06070227.TextGrid	3189	043ca74bd62bc3fc46b4c58634e8ffd37b134aec854946aaa681eae68177033c	BARE	7	6	1	一	就是干掉了一个牧师	development	就是干掉了	了	个	个牧师	CLEAR_SIMPLEX	SIMPLEX_OTHER_EXTERNAL_CONTEXT	R3_REMAINING_SIMPLEX_YI_GE	selected_一_is_not_part_of_visible_complex_cardinal_and_is_immediately_followed_by_count_classifier_个	Wu 2024 journal p.370 examples (7)-(8) and p.381 example (20a)	YI_T2	YI_T2	yi2	YI_T2	MATCH	MATCH	ELIGIBLE_SIMPLEX_FRAME	FALSE	FALSE
33124	SSB0609	SSB06090006.TextGrid	33124/SSB06090006.TextGrid	4982	8f0d9a64d5eb90535ab57c78278cde617b83b4603c8bcd0ddabdcb6839713802	BARE	8	7	1	一	目前尚未形成一个成熟的运营模式	development	目前尚未形成	成	个	个成熟的运营模式	CLEAR_SIMPLEX	SIMPLEX_OTHER_EXTERNAL_CONTEXT	R3_REMAINING_SIMPLEX_YI_GE	selected_一_is_not_part_of_visible_complex_cardinal_and_is_immediately_followed_by_count_classifier_个	Wu 2024 journal p.370 examples (7)-(8) and p.381 example (20a)	YI_T2	YI_T2	yi2	YI_T2	MATCH	MATCH	ELIGIBLE_SIMPLEX_FRAME	FALSE	FALSE
33152	SSB0609	SSB06090035.TextGrid	33152/SSB06090035.TextGrid	7572	af0b6fe6f31ed8847982bede1eb6839e46e981a09fc05a7f5301441cc4f2c28b	BARE	16	15	1	一	这个庞大的市场用户量吸引着每一个传统行业向其靠近	development	场用户量吸引着每	每	个	个传统行业向其靠	CLEAR_SIMPLEX	SIMPLEX_MODIFIED_MEI	R3_REMAINING_SIMPLEX_YI_GE	visible_string=每一个; selected_一_is_immediately_followed_by_count_classifier_个	Wu 2024 journal p.370 examples (7)-(8) and p.381 example (20a)	YI_T2	YI_T2	yi2	YI_T2	MATCH	MATCH	ELIGIBLE_SIMPLEX_FRAME	FALSE	FALSE
33263	SSB0609	SSB06090152.TextGrid	33263/SSB06090152.TextGrid	6913	7aa39b993c649b84a936862cd86f2bf9218ef4dd4ceac3b9594263950db0fb64	BARE	7	6	1	一	我们不能拿一个几十人的单位和一个几千人的单位	development	我们不能拿	拿	个	个几十人的单位和	CLEAR_SIMPLEX	SIMPLEX_OTHER_EXTERNAL_CONTEXT	R3_REMAINING_SIMPLEX_YI_GE	selected_一_is_not_part_of_visible_complex_cardinal_and_is_immediately_followed_by_count_classifier_个	Wu 2024 journal p.370 examples (7)-(8) and p.381 example (20a)	YI_T2	YI_T2	yi2	YI_T2	MATCH	MATCH	ELIGIBLE_SIMPLEX_FRAME	FALSE	FALSE
33263	SSB0609	SSB06090152.TextGrid	33263/SSB06090152.TextGrid	6913	7aa39b993c649b84a936862cd86f2bf9218ef4dd4ceac3b9594263950db0fb64	BARE	17	15	2	一	我们不能拿一个几十人的单位和一个几千人的单位	development	个几十人的单位和	和	个	个几千人的单位	CLEAR_SIMPLEX	SIMPLEX_OTHER_EXTERNAL_CONTEXT	R3_REMAINING_SIMPLEX_YI_GE	selected_一_is_not_part_of_visible_complex_cardinal_and_is_immediately_followed_by_count_classifier_个	Wu 2024 journal p.370 examples (7)-(8) and p.381 example (20a)	YI_T2	YI_T2	yi2	YI_T2	MATCH	MATCH	ELIGIBLE_SIMPLEX_FRAME	FALSE	FALSE
33295	SSB0609	SSB06090187.TextGrid	33295/SSB06090187.TextGrid	3946	bef411172528f66ec4662a41f4bc8266fa8abf3f51ada6d48f4ea9bb3bb01267	BARE	7	6	1	一	这应该说是一个很大的进步	development	这应该说是	是	个	个很大的进步	CLEAR_SIMPLEX	SIMPLEX_OTHER_EXTERNAL_CONTEXT	R3_REMAINING_SIMPLEX_YI_GE	selected_一_is_not_part_of_visible_complex_cardinal_and_is_immediately_followed_by_count_classifier_个	Wu 2024 journal p.370 examples (7)-(8) and p.381 example (20a)	YI_T2	YI_T2	yi2	YI_T2	MATCH	MATCH	ELIGIBLE_SIMPLEX_FRAME	FALSE	FALSE
33319	SSB0609	SSB06090213.TextGrid	33319/SSB06090213.TextGrid	5039	d9358a76edd5f039a6fb56427f5a1f09ab56880ee7b0476c7db8f2ee87f44504	BARE	4	3	1	一	任何一个企业的创新之路都绕不开它	development	任何	何	个	个企业的创新之路	CLEAR_SIMPLEX	SIMPLEX_OTHER_EXTERNAL_CONTEXT	R3_REMAINING_SIMPLEX_YI_GE	selected_一_is_not_part_of_visible_complex_cardinal_and_is_immediately_followed_by_count_classifier_个	Wu 2024 journal p.370 examples (7)-(8) and p.381 example (20a)	YI_T2	YI_T2	yi2	YI_T2	MATCH	MATCH	ELIGIBLE_SIMPLEX_FRAME	FALSE	FALSE
33333	SSB0609	SSB06090227.TextGrid	33333/SSB06090227.TextGrid	4525	2414104447716c76e09c2952ea36e0db47fea704c1cdcdbb9ddb39999ee3c720	BARE	12	11	1	一	这只是公布的很笼统的一个数据	development	是公布的很笼统的	的	个	个数据	CLEAR_SIMPLEX	SIMPLEX_OTHER_EXTERNAL_CONTEXT	R3_REMAINING_SIMPLEX_YI_GE	selected_一_is_not_part_of_visible_complex_cardinal_and_is_immediately_followed_by_count_classifier_个	Wu 2024 journal p.370 examples (7)-(8) and p.381 example (20a)	YI_T2	YI_T2	yi2	YI_T2	MATCH	MATCH	ELIGIBLE_SIMPLEX_FRAME	FALSE	FALSE
33364	SSB0609	SSB06090260.TextGrid	33364/SSB06090260.TextGrid	4402	8d73d17acf63f583ca02726f2254a0c674a969a849b67661118f60c547feef8a	BARE	2	1	1	一	一个城市举办双奥尚属首次	development		START	个	个城市举办双奥尚	CLEAR_SIMPLEX	SIMPLEX_OTHER_EXTERNAL_CONTEXT	R3_REMAINING_SIMPLEX_YI_GE	selected_一_is_not_part_of_visible_complex_cardinal_and_is_immediately_followed_by_count_classifier_个	Wu 2024 journal p.370 examples (7)-(8) and p.381 example (20a)	YI_T2	YI_T2	yi2	YI_T2	MATCH	MATCH	ELIGIBLE_SIMPLEX_FRAME	FALSE	FALSE
33394	SSB0609	SSB06090292.TextGrid	33394/SSB06090292.TextGrid	3741	ef5a853da9a3fa2d93fb3625785d5bff1695cc120c23b6322ddfb33970279acf	BARE	7	6	1	一	可能也需要一个认识过程	development	可能也需要	要	个	个认识过程	CLEAR_SIMPLEX	SIMPLEX_OTHER_EXTERNAL_CONTEXT	R3_REMAINING_SIMPLEX_YI_GE	selected_一_is_not_part_of_visible_complex_cardinal_and_is_immediately_followed_by_count_classifier_个	Wu 2024 journal p.370 examples (7)-(8) and p.381 example (20a)	YI_T2	YI_T2	yi2	YI_T2	MATCH	MATCH	ELIGIBLE_SIMPLEX_FRAME	FALSE	FALSE
33410	SSB0609	SSB06090309.TextGrid	33410/SSB06090309.TextGrid	4632	7e6573a64d1bc0f674dd7fc2c019f12b34164fc20a5b4375cc73b883baa1185d	BARE	4	3	1	一	发现一个女孩子的裙子很漂亮	development	发现	现	个	个女孩子的裙子很	CLEAR_SIMPLEX	SIMPLEX_OTHER_EXTERNAL_CONTEXT	R3_REMAINING_SIMPLEX_YI_GE	selected_一_is_not_part_of_visible_complex_cardinal_and_is_immediately_followed_by_count_classifier_个	Wu 2024 journal p.370 examples (7)-(8) and p.381 example (20a)	YI_T2	YI_T2	yi2	YI_T2	MATCH	MATCH	ELIGIBLE_SIMPLEX_FRAME	FALSE	FALSE
33478	SSB0609	SSB06090384.TextGrid	33478/SSB06090384.TextGrid	4956	75b968bdd375b73d57d7558f000762133ed5b7810a1b191c5febacc468c0c9b3	BARE	4	3	1	一	但是一个国家如此则早已不是新闻	development	但是	是	个	个国家如此则早已	CLEAR_SIMPLEX	SIMPLEX_OTHER_EXTERNAL_CONTEXT	R3_REMAINING_SIMPLEX_YI_GE	selected_一_is_not_part_of_visible_complex_cardinal_and_is_immediately_followed_by_count_classifier_个	Wu 2024 journal p.370 examples (7)-(8) and p.381 example (20a)	YI_T2	YI_T2	yi2	YI_T2	MATCH	MATCH	ELIGIBLE_SIMPLEX_FRAME	FALSE	FALSE
33496	SSB0609	SSB06090403.TextGrid	33496/SSB06090403.TextGrid	5849	b03a9f32a87aeb5be559614018116ef1097bcce93cb93fa5d8005bbb1901308c	BARE	11	10	1	一	申办世界杯足球赛是一个非常复杂的问题	development	办世界杯足球赛是	是	个	个非常复杂的问题	CLEAR_SIMPLEX	SIMPLEX_OTHER_EXTERNAL_CONTEXT	R3_REMAINING_SIMPLEX_YI_GE	selected_一_is_not_part_of_visible_complex_cardinal_and_is_immediately_followed_by_count_classifier_个	Wu 2024 journal p.370 examples (7)-(8) and p.381 example (20a)	YI_T2	YI_T2	yi2	YI_T2	MATCH	MATCH	ELIGIBLE_SIMPLEX_FRAME	FALSE	FALSE
33602	SSB0614	SSB06140036.TextGrid	33602/SSB06140036.TextGrid	4491	a302ae6d5eeb5c1c6a73488fbabee0a845798958e21b58573c421e96b3c9881e	BARE	11	10	1	一	国王马不停蹄地赶了一个月的路	development	王马不停蹄地赶了	了	个	个月的路	CLEAR_SIMPLEX	SIMPLEX_OTHER_EXTERNAL_CONTEXT	R3_REMAINING_SIMPLEX_YI_GE	selected_一_is_not_part_of_visible_complex_cardinal_and_is_immediately_followed_by_count_classifier_个	Wu 2024 journal p.370 examples (7)-(8) and p.381 example (20a)	YI_T2	YI_T2	yi2	YI_T2	MATCH	MATCH	ELIGIBLE_SIMPLEX_FRAME	FALSE	FALSE
33726	SSB0614	SSB06140165.TextGrid	33726/SSB06140165.TextGrid	3773	a20cb3b03c0906c766ef82ce467c7eec365f72d03b019975cfbe85f269581e09	BARE	4	3	1	一	没有一个红袜球迷会忘记	development	没有	有	个	个红袜球迷会忘记	CLEAR_SIMPLEX	SIMPLEX_OTHER_EXTERNAL_CONTEXT	R3_REMAINING_SIMPLEX_YI_GE	selected_一_is_not_part_of_visible_complex_cardinal_and_is_immediately_followed_by_count_classifier_个	Wu 2024 journal p.370 examples (7)-(8) and p.381 example (20a)	YI_T2	YI_T2	yi2	YI_T2	MATCH	MATCH	ELIGIBLE_SIMPLEX_FRAME	FALSE	FALSE
33730	SSB0614	SSB06140169.TextGrid	33730/SSB06140169.TextGrid	3832	8df25323befc9a71f5fe2b69bc299f20c544f86c6d153e9b6b4205ba4ed8741c	BARE	4	3	1	一	还有一个男人对他的承诺	development	还有	有	个	个男人对他的承诺	CLEAR_SIMPLEX	SIMPLEX_OTHER_EXTERNAL_CONTEXT	R3_REMAINING_SIMPLEX_YI_GE	selected_一_is_not_part_of_visible_complex_cardinal_and_is_immediately_followed_by_count_classifier_个	Wu 2024 journal p.370 examples (7)-(8) and p.381 example (20a)	YI_T2	YI_T2	yi2	YI_T2	MATCH	MATCH	ELIGIBLE_SIMPLEX_FRAME	FALSE	FALSE
33828	SSB0614	SSB06140271.TextGrid	33828/SSB06140271.TextGrid	5037	f6d43c266743ba59f76cb5a22a442b625a05d47acb7b000164e8239754d20f1d	BARE	11	9	1	一	现在他也即将成为一个电视明星	development	现在他也即将成为	为	个	个电视明星	CLEAR_SIMPLEX	SIMPLEX_OTHER_EXTERNAL_CONTEXT	R3_REMAINING_SIMPLEX_YI_GE	selected_一_is_not_part_of_visible_complex_cardinal_and_is_immediately_followed_by_count_classifier_个	Wu 2024 journal p.370 examples (7)-(8) and p.381 example (20a)	YI_T2	YI_T2	yi2	YI_T2	MATCH	MATCH	ELIGIBLE_SIMPLEX_FRAME	FALSE	FALSE
33950	SSB0614	SSB06140400.TextGrid	33950/SSB06140400.TextGrid	4393	824aa216f0264060ec43c5a9418fdf8db5a5bc83bae514a4ad3edf970e7a3e74	BARE	3	2	1	一	这一个星期去不了学学舞蹈了	development	这	这	个	个星期去不了学学	CLEAR_SIMPLEX	SIMPLEX_OTHER_EXTERNAL_CONTEXT	R3_REMAINING_SIMPLEX_YI_GE	selected_一_is_not_part_of_visible_complex_cardinal_and_is_immediately_followed_by_count_classifier_个	Wu 2024 journal p.370 examples (7)-(8) and p.381 example (20a)	YI_T2	YI_T2	yi2	YI_T2	MATCH	MATCH	ELIGIBLE_SIMPLEX_FRAME	FALSE	FALSE
33990	SSB0614	SSB06140440.TextGrid	33990/SSB06140440.TextGrid	6558	968da4c19797adb7c9ba4121f48d85f27a6a0443b5181d56b6a73d7ffcea67dc	BARE	17	16	1	一	但让海信等传统厂商不得不正视的一个现实是	development	厂商不得不正视的	的	个	个现实是	CLEAR_SIMPLEX	SIMPLEX_OTHER_EXTERNAL_CONTEXT	R3_REMAINING_SIMPLEX_YI_GE	selected_一_is_not_part_of_visible_complex_cardinal_and_is_immediately_followed_by_count_classifier_个	Wu 2024 journal p.370 examples (7)-(8) and p.381 example (20a)	YI_T2	YI_T2	yi2	YI_T2	MATCH	MATCH	ELIGIBLE_SIMPLEX_FRAME	FALSE	FALSE
34087	SSB0623	SSB06230034.TextGrid	34087/SSB06230034.TextGrid	3067	24803fb0d274adc6dfa8a110a4f2dea1cd69daa424868069528580232e55e5c0	BARE	7	6	1	一	他们想除掉一个人	development	他们想除掉	掉	个	个人	CLEAR_SIMPLEX	SIMPLEX_OTHER_EXTERNAL_CONTEXT	R3_REMAINING_SIMPLEX_YI_GE	selected_一_is_not_part_of_visible_complex_cardinal_and_is_immediately_followed_by_count_classifier_个	Wu 2024 journal p.370 examples (7)-(8) and p.381 example (20a)	YI_T2	YI_T2	yi2	YI_T2	MATCH	MATCH	ELIGIBLE_SIMPLEX_FRAME	FALSE	FALSE
34090	SSB0623	SSB06230038.TextGrid	34090/SSB06230038.TextGrid	5266	d4ffe35264d48e99a02c6f3a978e3e5590f5cfb6997d4321dfcca7af19f8744f	BARE	2	1	1	一	一个人的头如果与雕像像大小相同	development		START	个	个人的头如果与雕	CLEAR_SIMPLEX	SIMPLEX_OTHER_EXTERNAL_CONTEXT	R3_REMAINING_SIMPLEX_YI_GE	selected_一_is_not_part_of_visible_complex_cardinal_and_is_immediately_followed_by_count_classifier_个	Wu 2024 journal p.370 examples (7)-(8) and p.381 example (20a)	YI_T2	YI_T2	yi2	YI_T2	MATCH	MATCH	ELIGIBLE_SIMPLEX_FRAME	FALSE	FALSE
34183	SSB0623	SSB06230140.TextGrid	34183/SSB06230140.TextGrid	2985	fe66be6453414c09c724eed42daab2c125567fdccd499feb549e60d5b4be4864	BARE	2	1	1	一	一个叫布巴的混蛋	development		START	个	个叫布巴的混蛋	CLEAR_SIMPLEX	SIMPLEX_OTHER_EXTERNAL_CONTEXT	R3_REMAINING_SIMPLEX_YI_GE	selected_一_is_not_part_of_visible_complex_cardinal_and_is_immediately_followed_by_count_classifier_个	Wu 2024 journal p.370 examples (7)-(8) and p.381 example (20a)	YI_T2	YI_T2	yi2	YI_T2	MATCH	MATCH	ELIGIBLE_SIMPLEX_FRAME	FALSE	FALSE
34223	SSB0623	SSB06230183.TextGrid	34223/SSB06230183.TextGrid	4516	3516acbd11a8d6109aa097d3843e2e8605c9998ad73671e16ec5b727ed6c860a	BARE	12	11	1	一	他替我前男友斯图调查一个案子	development	我前男友斯图调查	查	个	个案子	CLEAR_SIMPLEX	SIMPLEX_OTHER_EXTERNAL_CONTEXT	R3_REMAINING_SIMPLEX_YI_GE	selected_一_is_not_part_of_visible_complex_cardinal_and_is_immediately_followed_by_count_classifier_个	Wu 2024 journal p.370 examples (7)-(8) and p.381 example (20a)	YI_T2	YI_T2	yi2	YI_T2	MATCH	MATCH	ELIGIBLE_SIMPLEX_FRAME	FALSE	FALSE
34273	SSB0623	SSB06230243.TextGrid	34273/SSB06230243.TextGrid	4633	049715a538a9e4ea212a67b3d1d9afd75a7642b6a6db025545b836043871e710	BARE	6	5	1	一	黛比需要一个你这样的自然疗愈者	development	黛比需要	要	个	个你这样的自然疗	CLEAR_SIMPLEX	SIMPLEX_OTHER_EXTERNAL_CONTEXT	R3_REMAINING_SIMPLEX_YI_GE	selected_一_is_not_part_of_visible_complex_cardinal_and_is_immediately_followed_by_count_classifier_个	Wu 2024 journal p.370 examples (7)-(8) and p.381 example (20a)	YI_T2	YI_T2	yi2	YI_T2	MATCH	MATCH	ELIGIBLE_SIMPLEX_FRAME	FALSE	FALSE
34291	SSB0623	SSB06230261.TextGrid	34291/SSB06230261.TextGrid	4462	c0f3283f982ab3a48709194a160c0e3d7c2f933dbee24594975a9f90cb3e85f0	ORDINAL	8	7	1	一	旨在以人生第一个五公里为起点	development	旨在以人生第	第	个	个五公里为起点	ORDINAL_ABSOLUTE	EXACT_DI_YI_GE	R0_EXACT_ORDINAL	selected_target_occurs_in_exact_第一个	Wu 2024 journal p.374 example (15)	YI_T1	YI_T1	yi1	YI_T1	MATCH	MATCH	ELIGIBLE_ORDINAL_FRAME	FALSE	FALSE
34402	SSB0623	SSB06230387.TextGrid	34402/SSB06230387.TextGrid	5655	5723503e1f7be5755e8d80604e7dc968edff3f767fcaa61d1feedc9eca23a287	BARE	4	3	1	一	这是一个可以学到行为与故意斯奥斯行动	development	这是	是	个	个可以学到行为与	CLEAR_SIMPLEX	SIMPLEX_OTHER_EXTERNAL_CONTEXT	R3_REMAINING_SIMPLEX_YI_GE	selected_一_is_not_part_of_visible_complex_cardinal_and_is_immediately_followed_by_count_classifier_个	Wu 2024 journal p.370 examples (7)-(8) and p.381 example (20a)	YI_T2	YI_T2	yi2	YI_T2	MATCH	MATCH	ELIGIBLE_SIMPLEX_FRAME	FALSE	FALSE
34597	SSB0629	SSB06290094.TextGrid	34597/SSB06290094.TextGrid	4013	fa426df251512130423299014dc6061926ec4ff4561f84ead878c441078e984e	BARE	4	3	1	一	还有一个违规扩区一万公顷	confirmation	还有	有	个	个违规扩区一万公	CLEAR_SIMPLEX	SIMPLEX_OTHER_EXTERNAL_CONTEXT	R3_REMAINING_SIMPLEX_YI_GE	selected_一_is_not_part_of_visible_complex_cardinal_and_is_immediately_followed_by_count_classifier_个	Wu 2024 journal p.370 examples (7)-(8) and p.381 example (20a)	YI_T2	YI_T2	yi3	YI_OTHER_TONE	COUNTEREXAMPLE	COUNTEREXAMPLE	ELIGIBLE_SIMPLEX_FRAME	FALSE	FALSE
34599	SSB0629	SSB06290096.TextGrid	34599/SSB06290096.TextGrid	5126	b4f74e1f4c297efcd43580bcaeea94a08542b4e75db8441e7425441fcbb6fb9e	BARE	4	3	1	一	加上一个仍在建的太舞四季滑雪场	confirmation	加上	上	个	个仍在建的太舞四	CLEAR_SIMPLEX	SIMPLEX_SEQUENTIAL_SHANG	R3_REMAINING_SIMPLEX_YI_GE	visible_string=上一个; selected_一_is_immediately_followed_by_count_classifier_个	Wu 2024 journal p.370 examples (7)-(8) and p.381 example (20a)	YI_T2	YI_T2	yi2	YI_T2	MATCH	MATCH	ELIGIBLE_SIMPLEX_FRAME	FALSE	FALSE
34686	SSB0629	SSB06290191.TextGrid	34686/SSB06290191.TextGrid	4077	1aec5a46d6876da5ba6f53f47dade199945d1a3d2f4cc82e91ae1a00d38b2709	BARE	3	2	1	一	有一个突破土地或城市规划	confirmation	有	有	个	个突破土地或城市	CLEAR_SIMPLEX	SIMPLEX_OTHER_EXTERNAL_CONTEXT	R3_REMAINING_SIMPLEX_YI_GE	selected_一_is_not_part_of_visible_complex_cardinal_and_is_immediately_followed_by_count_classifier_个	Wu 2024 journal p.370 examples (7)-(8) and p.381 example (20a)	YI_T2	YI_T2	yi2	YI_T2	MATCH	MATCH	ELIGIBLE_SIMPLEX_FRAME	FALSE	FALSE
34819	SSB0629	SSB06290338.TextGrid	34819/SSB06290338.TextGrid	3269	f65893f9c47bcd8bef8acc254d10e18faf529058f5495345cfa785e37435a997	BARE	8	7	1	一	台港警方追查一个月	confirmation	台港警方追查	查	个	个月	CLEAR_SIMPLEX	SIMPLEX_OTHER_EXTERNAL_CONTEXT	R3_REMAINING_SIMPLEX_YI_GE	selected_一_is_not_part_of_visible_complex_cardinal_and_is_immediately_followed_by_count_classifier_个	Wu 2024 journal p.370 examples (7)-(8) and p.381 example (20a)	YI_T2	YI_T2	yi2	YI_T2	MATCH	MATCH	ELIGIBLE_SIMPLEX_FRAME	FALSE	FALSE
34822	SSB0629	SSB06290341.TextGrid	34822/SSB06290341.TextGrid	7624	9930414cece9b43d9572c1b74b59eaca66bc7d827c72acf124b0f1a2a34f0395	BARE	19	15	1	一	据称是当事人之一在派出所通过一个亲戚的微博儿发的	confirmation	之一在派出所通过	过	个	个亲戚的微博儿发	CLEAR_SIMPLEX	SIMPLEX_OTHER_EXTERNAL_CONTEXT	R3_REMAINING_SIMPLEX_YI_GE	selected_一_is_not_part_of_visible_complex_cardinal_and_is_immediately_followed_by_count_classifier_个	Wu 2024 journal p.370 examples (7)-(8) and p.381 example (20a)	YI_T2	YI_T2	yi2	YI_T2	MATCH	MATCH	ELIGIBLE_SIMPLEX_FRAME	FALSE	FALSE
34891	SSB0629	SSB06290414.TextGrid	34891/SSB06290414.TextGrid	5151	747ee91097704f0406f3ba4d9228f919378f3698300bef3a732e5340717cc746	BARE	14	12	1	一	苹果涉足汽车行业并不是一个好主意	confirmation	足汽车行业并不是	是	个	个好主意	CLEAR_SIMPLEX	SIMPLEX_OTHER_EXTERNAL_CONTEXT	R3_REMAINING_SIMPLEX_YI_GE	selected_一_is_not_part_of_visible_complex_cardinal_and_is_immediately_followed_by_count_classifier_个	Wu 2024 journal p.370 examples (7)-(8) and p.381 example (20a)	YI_T2	YI_T2	yi2	YI_T2	MATCH	MATCH	ELIGIBLE_SIMPLEX_FRAME	FALSE	FALSE
34951	SSB0629	SSB06290479.TextGrid	34951/SSB06290479.TextGrid	6793	2def87de0b482ff6bb4f2750250a52b3efd2411a89fef63498716aee4b22db1b	BARE	4	3	1	一	这样一个全球白电的格局短期内是难以撬动的	confirmation	这样	样	个	个全球白电的格局	CLEAR_SIMPLEX	SIMPLEX_OTHER_EXTERNAL_CONTEXT	R3_REMAINING_SIMPLEX_YI_GE	selected_一_is_not_part_of_visible_complex_cardinal_and_is_immediately_followed_by_count_classifier_个	Wu 2024 journal p.370 examples (7)-(8) and p.381 example (20a)	YI_T2	YI_T2	yi2	YI_T2	MATCH	MATCH	ELIGIBLE_SIMPLEX_FRAME	FALSE	FALSE
34979	SSB0631	SSB06310023.TextGrid	34979/SSB06310023.TextGrid	3689	19aabf36138461afb415eecbcf76d0d30aae1397de83e0125e215b504e6a4503	BARE	9	7	1	一	我脑海中只有一个信念	development	我脑海中只有	有	个	个信念	CLEAR_SIMPLEX	SIMPLEX_OTHER_EXTERNAL_CONTEXT	R3_REMAINING_SIMPLEX_YI_GE	selected_一_is_not_part_of_visible_complex_cardinal_and_is_immediately_followed_by_count_classifier_个	Wu 2024 journal p.370 examples (7)-(8) and p.381 example (20a)	YI_T2	YI_T2	yi2	YI_T2	MATCH	MATCH	ELIGIBLE_SIMPLEX_FRAME	FALSE	FALSE
35037	SSB0631	SSB06310088.TextGrid	35037/SSB06310088.TextGrid	5889	336c96292c7810f8903d617cdfde967620c346bc9f5d15ad55c3dcb83c6c5360	BARE	2	1	1	一	一个具体的有效存续期不能没完没了	development		START	个	个具体的有效存续	CLEAR_SIMPLEX	SIMPLEX_OTHER_EXTERNAL_CONTEXT	R3_REMAINING_SIMPLEX_YI_GE	selected_一_is_not_part_of_visible_complex_cardinal_and_is_immediately_followed_by_count_classifier_个	Wu 2024 journal p.370 examples (7)-(8) and p.381 example (20a)	YI_T2	YI_T2	yi2	YI_T2	MATCH	MATCH	ELIGIBLE_SIMPLEX_FRAME	FALSE	FALSE
35194	SSB0631	SSB06310256.TextGrid	35194/SSB06310256.TextGrid	3385	e4fc32883cbf9f60b951bce3fafc24bae7ee41f2f364cdc46e481314e502d0da	BARE	7	6	1	一	人工智能是一个方向	development	人工智能是	是	个	个方向	CLEAR_SIMPLEX	SIMPLEX_OTHER_EXTERNAL_CONTEXT	R3_REMAINING_SIMPLEX_YI_GE	selected_一_is_not_part_of_visible_complex_cardinal_and_is_immediately_followed_by_count_classifier_个	Wu 2024 journal p.370 examples (7)-(8) and p.381 example (20a)	YI_T2	YI_T2	yi2	YI_T2	MATCH	MATCH	ELIGIBLE_SIMPLEX_FRAME	FALSE	FALSE
35198	SSB0631	SSB06310260.TextGrid	35198/SSB06310260.TextGrid	6596	8d61e52cabbc335d10a522330d63215d595c305b830ce5e0358490136f1bca29	BARE	11	9	1	一	该科一六日诞生了一个今年以来最重的羊宝宝	development	该科一六日诞生了	了	个	个今年以来最重的	CLEAR_SIMPLEX	SIMPLEX_OTHER_EXTERNAL_CONTEXT	R3_REMAINING_SIMPLEX_YI_GE	selected_一_is_not_part_of_visible_complex_cardinal_and_is_immediately_followed_by_count_classifier_个	Wu 2024 journal p.370 examples (7)-(8) and p.381 example (20a)	YI_T2	YI_T2	yi2	YI_T2	MATCH	MATCH	ELIGIBLE_SIMPLEX_FRAME	FALSE	FALSE
35229	SSB0631	SSB06310295.TextGrid	35229/SSB06310295.TextGrid	3816	94e1ef2090abbef1f47503026da0338734e5bd644ded27c740883e72265fa177	BARE	5	4	1	一	这不是一个部门能说了算	development	这不是	是	个	个部门能说了算	CLEAR_SIMPLEX	SIMPLEX_OTHER_EXTERNAL_CONTEXT	R3_REMAINING_SIMPLEX_YI_GE	selected_一_is_not_part_of_visible_complex_cardinal_and_is_immediately_followed_by_count_classifier_个	Wu 2024 journal p.370 examples (7)-(8) and p.381 example (20a)	YI_T2	YI_T2	yi2	YI_T2	MATCH	MATCH	ELIGIBLE_SIMPLEX_FRAME	FALSE	FALSE
35257	SSB0631	SSB06310326.TextGrid	35257/SSB06310326.TextGrid	6206	d928e645e21462420674504c532e87446b88a2d98a99d60d6f31523485dda66c	BARE	16	12	1	一	我将在星球大战八中扮演一个反派角色	development	星球大战八中扮演	演	个	个反派角色	CLEAR_SIMPLEX	SIMPLEX_OTHER_EXTERNAL_CONTEXT	R3_REMAINING_SIMPLEX_YI_GE	selected_一_is_not_part_of_visible_complex_cardinal_and_is_immediately_followed_by_count_classifier_个	Wu 2024 journal p.370 examples (7)-(8) and p.381 example (20a)	YI_T2	YI_T2	yi2	YI_T2	MATCH	MATCH	ELIGIBLE_SIMPLEX_FRAME	FALSE	FALSE
35289	SSB0631	SSB06310363.TextGrid	35289/SSB06310363.TextGrid	6157	2d7d16d47ae1f6a283ceb04a3ccb91e62d0342f4131814d19ae113772e3bcb5e	BARE	18	16	1	一	因为消费者不一定全屋家电都买同一个品牌	development	定全屋家电都买同	同	个	个品牌	CLEAR_SIMPLEX	SIMPLEX_MODIFIED_TONG	R3_REMAINING_SIMPLEX_YI_GE	visible_string=同一个; selected_一_is_immediately_followed_by_count_classifier_个	Wu 2024 journal p.370 examples (7)-(8) and p.381 example (20a)	YI_T2	YI_T2	yi2	YI_T2	MATCH	MATCH	ELIGIBLE_SIMPLEX_FRAME	FALSE	FALSE
35434	SSB0632	SSB06320038.TextGrid	35434/SSB06320038.TextGrid	3770	b9500b1ff6d11a1d9e201838a24d510d2b8ce60f0a6c2ef7e8042beece696ac1	BARE	4	3	1	一	这是一个典型的美国故事	development	这是	是	个	个典型的美国故事	CLEAR_SIMPLEX	SIMPLEX_OTHER_EXTERNAL_CONTEXT	R3_REMAINING_SIMPLEX_YI_GE	selected_一_is_not_part_of_visible_complex_cardinal_and_is_immediately_followed_by_count_classifier_个	Wu 2024 journal p.370 examples (7)-(8) and p.381 example (20a)	YI_T2	YI_T2	yi2	YI_T2	MATCH	MATCH	ELIGIBLE_SIMPLEX_FRAME	FALSE	FALSE
35439	SSB0632	SSB06320043.TextGrid	35439/SSB06320043.TextGrid	4722	d61a806e0dee5c2f450206b9178cf9041b4f6e89bda4941af9842bf46e65d73d	BARE	13	11	1	一	被卡在二楼和三楼间近一个小时	development	在二楼和三楼间近	近	个	个小时	CLEAR_SIMPLEX	SIMPLEX_OTHER_EXTERNAL_CONTEXT	R3_REMAINING_SIMPLEX_YI_GE	selected_一_is_not_part_of_visible_complex_cardinal_and_is_immediately_followed_by_count_classifier_个	Wu 2024 journal p.370 examples (7)-(8) and p.381 example (20a)	YI_T2	YI_T2	yi2	YI_T2	MATCH	MATCH	ELIGIBLE_SIMPLEX_FRAME	FALSE	FALSE
35456	SSB0632	SSB06320062.TextGrid	35456/SSB06320062.TextGrid	5031	53f65cd6f3df887d14a9b744ebe486ade3074de314e05dc59471eea544e8f2ef	BARE	10	9	1	一	投入笔记本市场是一个不错的选择	development	投入笔记本市场是	是	个	个不错的选择	CLEAR_SIMPLEX	SIMPLEX_OTHER_EXTERNAL_CONTEXT	R3_REMAINING_SIMPLEX_YI_GE	selected_一_is_not_part_of_visible_complex_cardinal_and_is_immediately_followed_by_count_classifier_个	Wu 2024 journal p.370 examples (7)-(8) and p.381 example (20a)	YI_T2	YI_T2	yi2	YI_T2	MATCH	MATCH	ELIGIBLE_SIMPLEX_FRAME	FALSE	FALSE
35554	SSB0632	SSB06320162.TextGrid	35554/SSB06320162.TextGrid	4136	6c61bbccde173313304c7e330cb77e1b2a9b9a147eecf671892f53300387456c	BARE	7	6	1	一	也终于做了一个艰难的决定	development	也终于做了	了	个	个艰难的决定	CLEAR_SIMPLEX	SIMPLEX_OTHER_EXTERNAL_CONTEXT	R3_REMAINING_SIMPLEX_YI_GE	selected_一_is_not_part_of_visible_complex_cardinal_and_is_immediately_followed_by_count_classifier_个	Wu 2024 journal p.370 examples (7)-(8) and p.381 example (20a)	YI_T2	YI_T2	yi2	YI_T2	MATCH	MATCH	ELIGIBLE_SIMPLEX_FRAME	FALSE	FALSE
35754	SSB0632	SSB06320368.TextGrid	35754/SSB06320368.TextGrid	6094	e0857b93a088303e6bf1740db016116db8fab3d5ee4bcf00a4a29e968ed35d51	BARE	2	1	1	一	一个由自己控制的公司更易于集中精力创新	development		START	个	个由自己控制的公	CLEAR_SIMPLEX	SIMPLEX_OTHER_EXTERNAL_CONTEXT	R3_REMAINING_SIMPLEX_YI_GE	selected_一_is_not_part_of_visible_complex_cardinal_and_is_immediately_followed_by_count_classifier_个	Wu 2024 journal p.370 examples (7)-(8) and p.381 example (20a)	YI_T2	YI_T2	yi2	YI_T2	MATCH	MATCH	ELIGIBLE_SIMPLEX_FRAME	FALSE	FALSE
35836	SSB0632	SSB06320451.TextGrid	35836/SSB06320451.TextGrid	3564	9c4cbfd6b05f03e6edfc7fb941f8cbc8c1a45dbbbe19b87d9767b9a3b896087c	BARE	2	1	1	一	一个人在密闭的环境下	development		START	个	个人在密闭的环境	CLEAR_SIMPLEX	SIMPLEX_OTHER_EXTERNAL_CONTEXT	R3_REMAINING_SIMPLEX_YI_GE	selected_一_is_not_part_of_visible_complex_cardinal_and_is_immediately_followed_by_count_classifier_个	Wu 2024 journal p.370 examples (7)-(8) and p.381 example (20a)	YI_T2	YI_T2	yi2	YI_T2	MATCH	MATCH	ELIGIBLE_SIMPLEX_FRAME	FALSE	FALSE
35873	SSB0666	SSB06660031.TextGrid	35873/SSB06660031.TextGrid	4375	1d99e362661faa64e521a0fc77f16408faa9ab5d232f597457e04e001cb3d45d	BARE	12	10	1	一	我感觉杰森是孤零零一个人	development	感觉杰森是孤零零	零	个	个人	CLEAR_SIMPLEX	SIMPLEX_OTHER_EXTERNAL_CONTEXT	R3_REMAINING_SIMPLEX_YI_GE	selected_一_is_not_part_of_visible_complex_cardinal_and_is_immediately_followed_by_count_classifier_个	Wu 2024 journal p.370 examples (7)-(8) and p.381 example (20a)	YI_T2	YI_T2	yi2	YI_T2	MATCH	MATCH	ELIGIBLE_SIMPLEX_FRAME	FALSE	FALSE
36096	SSB0666	SSB06660265.TextGrid	36096/SSB06660265.TextGrid	6342	0e536ddb590eaa5b0e1fea4ff774d07443c8796ac2cbd05e30247c611a43cfc8	BARE	4	3	1	一	作为一个尚有许多地方傲实提高的马圈新人	development	作为	为	个	个尚有许多地方傲	CLEAR_SIMPLEX	SIMPLEX_OTHER_EXTERNAL_CONTEXT	R3_REMAINING_SIMPLEX_YI_GE	selected_一_is_not_part_of_visible_complex_cardinal_and_is_immediately_followed_by_count_classifier_个	Wu 2024 journal p.370 examples (7)-(8) and p.381 example (20a)	YI_T2	YI_T2	yi2	YI_T2	MATCH	MATCH	ELIGIBLE_SIMPLEX_FRAME	FALSE	FALSE
36195	SSB0666	SSB06660367.TextGrid	36195/SSB06660367.TextGrid	4837	04357097daab3945c09192592e031d99994b55e8ffac703497f48474f0f3e540	BARE	8	7	1	一	柯林相信这是一个高级贩毒团伙儿	development	柯林相信这是	是	个	个高级贩毒团伙儿	CLEAR_SIMPLEX	SIMPLEX_OTHER_EXTERNAL_CONTEXT	R3_REMAINING_SIMPLEX_YI_GE	selected_一_is_not_part_of_visible_complex_cardinal_and_is_immediately_followed_by_count_classifier_个	Wu 2024 journal p.370 examples (7)-(8) and p.381 example (20a)	YI_T2	YI_T2	yi2	YI_T2	MATCH	MATCH	ELIGIBLE_SIMPLEX_FRAME	FALSE	FALSE
36272	SSB0666	SSB06660448.TextGrid	36272/SSB06660448.TextGrid	3946	f7b82e93b925dc021a4aa8e3c0dfb59d1c99fda413e82b214576c750b99295cf	BARE	8	7	1	一	每个句子都有一个规范推导	development	每个句子都有	有	个	个规范推导	CLEAR_SIMPLEX	SIMPLEX_OTHER_EXTERNAL_CONTEXT	R3_REMAINING_SIMPLEX_YI_GE	selected_一_is_not_part_of_visible_complex_cardinal_and_is_immediately_followed_by_count_classifier_个	Wu 2024 journal p.370 examples (7)-(8) and p.381 example (20a)	YI_T2	YI_T2	yi2	YI_T2	MATCH	MATCH	ELIGIBLE_SIMPLEX_FRAME	FALSE	FALSE
36334	SSB0668	SSB06680008.TextGrid	36334/SSB06680008.TextGrid	4340	dfe771c1c78022f614bf00c3c03852643d285fe0f4398c8cefee3db1940e01e6	BARE	2	1	1	一	一个星期里惬意的时候终于到了	confirmation		START	个	个星期里惬意的时	CLEAR_SIMPLEX	SIMPLEX_OTHER_EXTERNAL_CONTEXT	R3_REMAINING_SIMPLEX_YI_GE	selected_一_is_not_part_of_visible_complex_cardinal_and_is_immediately_followed_by_count_classifier_个	Wu 2024 journal p.370 examples (7)-(8) and p.381 example (20a)	YI_T2	YI_T2	yi2	YI_T2	MATCH	MATCH	ELIGIBLE_SIMPLEX_FRAME	FALSE	FALSE
36342	SSB0668	SSB06680016.TextGrid	36342/SSB06680016.TextGrid	4345	23c238a54cb541315041fec15ea5591d982ab5098d65f7cae1692f1e834e1bf3	BARE	5	4	1	一	某人在一个法律事务所主持会议	confirmation	某人在	在	个	个法律事务所主持	CLEAR_SIMPLEX	SIMPLEX_OTHER_EXTERNAL_CONTEXT	R3_REMAINING_SIMPLEX_YI_GE	selected_一_is_not_part_of_visible_complex_cardinal_and_is_immediately_followed_by_count_classifier_个	Wu 2024 journal p.370 examples (7)-(8) and p.381 example (20a)	YI_T2	YI_T2	yi2	YI_T2	MATCH	MATCH	ELIGIBLE_SIMPLEX_FRAME	FALSE	FALSE
36663	SSB0668	SSB06680343.TextGrid	36663/SSB06680343.TextGrid	3510	e236175b4794177050a424bb60493dd67562dca72de475ab6038b70b8ef2cdf5	BARE	4	3	1	一	喜欢一个人也要有节制	confirmation	喜欢	欢	个	个人也要有节制	CLEAR_SIMPLEX	SIMPLEX_OTHER_EXTERNAL_CONTEXT	R3_REMAINING_SIMPLEX_YI_GE	selected_一_is_not_part_of_visible_complex_cardinal_and_is_immediately_followed_by_count_classifier_个	Wu 2024 journal p.370 examples (7)-(8) and p.381 example (20a)	YI_T2	YI_T2	yi2	YI_T2	MATCH	MATCH	ELIGIBLE_SIMPLEX_FRAME	FALSE	FALSE
36669	SSB0668	SSB06680349.TextGrid	36669/SSB06680349.TextGrid	3277	f67fef1200fb38112e906f76855e1f011559145ccc13cd4850fc4871f2eaa1fc	ORDINAL	10	8	1	一	第一排第一行第一个	confirmation	第一排第一行第	第	个	个	ORDINAL_ABSOLUTE	EXACT_DI_YI_GE	R0_EXACT_ORDINAL	selected_target_occurs_in_exact_第一个	Wu 2024 journal p.374 example (15)	YI_T1	YI_T1	yi1	YI_T1	MATCH	MATCH	ELIGIBLE_ORDINAL_FRAME	FALSE	FALSE
36690	SSB0668	SSB06680371.TextGrid	36690/SSB06680371.TextGrid	2744	b851a4f45db6b7a65d11a99bfeb3f5ca65ed6c053920b7cd8843cdbacd282426	ORDINAL	5	4	1	一	那我第一个走好了	confirmation	那我第	第	个	个走好了	ORDINAL_ABSOLUTE	EXACT_DI_YI_GE	R0_EXACT_ORDINAL	selected_target_occurs_in_exact_第一个	Wu 2024 journal p.374 example (15)	YI_T1	YI_T1	yi1	YI_T1	MATCH	MATCH	ELIGIBLE_ORDINAL_FRAME	FALSE	FALSE
36701	SSB0668	SSB06680383.TextGrid	36701/SSB06680383.TextGrid	3755	f80aa4f8ccd53c1a6ece0ce444c7f47d39f46c7cbc5943dd3857bbde44e00329	BARE	9	8	1	一	黎瑞恩的一人有一个梦想	confirmation	黎瑞恩的一人有	有	个	个梦想	CLEAR_SIMPLEX	SIMPLEX_OTHER_EXTERNAL_CONTEXT	R3_REMAINING_SIMPLEX_YI_GE	selected_一_is_not_part_of_visible_complex_cardinal_and_is_immediately_followed_by_count_classifier_个	Wu 2024 journal p.370 examples (7)-(8) and p.381 example (20a)	YI_T2	YI_T2	yi2	YI_T2	MATCH	MATCH	ELIGIBLE_SIMPLEX_FRAME	FALSE	FALSE
36725	SSB0668	SSB06680408.TextGrid	36725/SSB06680408.TextGrid	4213	d443430075d460c40c5090d39e53bcaaa9f7d1702bddfeb9602c389c21382c62	BARE	6	5	1	一	她是最后一个见到她儿子的人	confirmation	她是最后	后	个	个见到她儿子的人	CLEAR_SIMPLEX	SIMPLEX_SEQUENTIAL_ZUIHOU	R3_REMAINING_SIMPLEX_YI_GE	visible_string=最后一个; selected_一_is_immediately_followed_by_count_classifier_个	Wu 2024 journal p.370 examples (7)-(8) and p.381 example (20a)	YI_T2	YI_T2	yi2	YI_T2	MATCH	MATCH	ELIGIBLE_SIMPLEX_FRAME	FALSE	FALSE
36835	SSB0671	SSB06710012.TextGrid	36835/SSB06710012.TextGrid	5399	23660ece76c266925295eb9106866d8a6ba1817de7121d58bc2c9752b8e19301	BARE	2	1	1	一	一个佛罗拉不愿意让我看见的秘密之处	development		START	个	个佛罗拉不愿意让	CLEAR_SIMPLEX	SIMPLEX_OTHER_EXTERNAL_CONTEXT	R3_REMAINING_SIMPLEX_YI_GE	selected_一_is_not_part_of_visible_complex_cardinal_and_is_immediately_followed_by_count_classifier_个	Wu 2024 journal p.370 examples (7)-(8) and p.381 example (20a)	YI_T2	YI_T2	yi2	YI_T2	MATCH	MATCH	ELIGIBLE_SIMPLEX_FRAME	FALSE	FALSE
36855	SSB0671	SSB06710032.TextGrid	36855/SSB06710032.TextGrid	3251	d3d4bde40a462e5989e4ae17d24e81680853055b3b300dbde6e1b65324b9e5ff	BARE	6	5	1	一	当你念出一个个名字	development	当你念出	出	个	个个名字	CLEAR_SIMPLEX	SIMPLEX_OTHER_EXTERNAL_CONTEXT	R3_REMAINING_SIMPLEX_YI_GE	selected_一_is_not_part_of_visible_complex_cardinal_and_is_immediately_followed_by_count_classifier_个	Wu 2024 journal p.370 examples (7)-(8) and p.381 example (20a)	YI_T2	YI_T2	yi2	YI_T2	MATCH	MATCH	ELIGIBLE_SIMPLEX_FRAME	FALSE	FALSE
36922	SSB0671	SSB06710103.TextGrid	36922/SSB06710103.TextGrid	5227	e67b1fc4922a93f87b7bd701f344094eaf78d871c3bc88d30489fb49c2213706	BARE	5	4	1	一	就拿出一个具有独立品牌的获奖名单	development	就拿出	出	个	个具有独立品牌的	CLEAR_SIMPLEX	SIMPLEX_OTHER_EXTERNAL_CONTEXT	R3_REMAINING_SIMPLEX_YI_GE	selected_一_is_not_part_of_visible_complex_cardinal_and_is_immediately_followed_by_count_classifier_个	Wu 2024 journal p.370 examples (7)-(8) and p.381 example (20a)	YI_T2	YI_T2	yi2	YI_T2	MATCH	MATCH	ELIGIBLE_SIMPLEX_FRAME	FALSE	FALSE
36950	SSB0671	SSB06710132.TextGrid	36950/SSB06710132.TextGrid	2868	9dd5c291ded1135e7463719ded6698c939b8b2d4d2185ccd9b67fce5f318f538	BARE	6	5	1	一	马克是哪一个男孩儿	development	马克是哪	哪	个	个男孩儿	CLEAR_SIMPLEX	SIMPLEX_OTHER_EXTERNAL_CONTEXT	R3_REMAINING_SIMPLEX_YI_GE	selected_一_is_not_part_of_visible_complex_cardinal_and_is_immediately_followed_by_count_classifier_个	Wu 2024 journal p.370 examples (7)-(8) and p.381 example (20a)	YI_T2	YI_T2	yi2	YI_T2	MATCH	MATCH	ELIGIBLE_SIMPLEX_FRAME	FALSE	FALSE
37061	SSB0671	SSB06710246.TextGrid	37061/SSB06710246.TextGrid	3710	867a4c0cd6dfeb0ae74873e26d873b71bf3357424fc5c5ef2b46ca78fe22f538	BARE	6	5	1	一	我能成为一个很好的助手	development	我能成为	为	个	个很好的助手	CLEAR_SIMPLEX	SIMPLEX_OTHER_EXTERNAL_CONTEXT	R3_REMAINING_SIMPLEX_YI_GE	selected_一_is_not_part_of_visible_complex_cardinal_and_is_immediately_followed_by_count_classifier_个	Wu 2024 journal p.370 examples (7)-(8) and p.381 example (20a)	YI_T2	YI_T2	yi2	YI_T2	MATCH	MATCH	ELIGIBLE_SIMPLEX_FRAME	FALSE	FALSE
37070	SSB0671	SSB06710256.TextGrid	37070/SSB06710256.TextGrid	2870	452ea2ccdf287b42b2f80f402ec6c1bea9735a90e055cb5335cd1833e311ae58	BARE	2	1	1	一	一个女孩儿惨遭杀害	development		START	个	个女孩儿惨遭杀害	CLEAR_SIMPLEX	SIMPLEX_OTHER_EXTERNAL_CONTEXT	R3_REMAINING_SIMPLEX_YI_GE	selected_一_is_not_part_of_visible_complex_cardinal_and_is_immediately_followed_by_count_classifier_个	Wu 2024 journal p.370 examples (7)-(8) and p.381 example (20a)	YI_T2	YI_T2	yi2	YI_T2	MATCH	MATCH	ELIGIBLE_SIMPLEX_FRAME	FALSE	FALSE
37200	SSB0671	SSB06710387.TextGrid	37200/SSB06710387.TextGrid	2681	b8187c311626c9231639acebf4aabda0ec31fee78575bf20be93db9b24fc4155	BARE	5	4	1	一	还有另一个男人	development	还有另	另	个	个男人	CLEAR_SIMPLEX	SIMPLEX_MODIFIED_LING	R3_REMAINING_SIMPLEX_YI_GE	visible_string=另一个; selected_一_is_immediately_followed_by_count_classifier_个	Wu 2024 journal p.370 examples (7)-(8) and p.381 example (20a)	YI_T2	YI_T2	yi2	YI_T2	MATCH	MATCH	ELIGIBLE_SIMPLEX_FRAME	FALSE	FALSE
37244	SSB0671	SSB06710433.TextGrid	37244/SSB06710433.TextGrid	5701	457851021e1a7ead136508ff28a69b04002cb6141a14ef2eac27261c3d6b10ca	BARE	7	6	1	一	但是我们每一个行动必须以组织为准则	development	但是我们每	每	个	个行动必须以组织	CLEAR_SIMPLEX	SIMPLEX_MODIFIED_MEI	R3_REMAINING_SIMPLEX_YI_GE	visible_string=每一个; selected_一_is_immediately_followed_by_count_classifier_个	Wu 2024 journal p.370 examples (7)-(8) and p.381 example (20a)	YI_T2	YI_T2	yi2	YI_T2	MATCH	MATCH	ELIGIBLE_SIMPLEX_FRAME	FALSE	FALSE
37258	SSB0671	SSB06710448.TextGrid	37258/SSB06710448.TextGrid	5978	a4f92336a3b9170c0279a9603624070edc37d9aa96e3d78a0beb0516de597c31	BARE	14	13	1	一	是任何事情都有可能发生的一个绝好例子	development	情都有可能发生的	的	个	个绝好例子	CLEAR_SIMPLEX	SIMPLEX_OTHER_EXTERNAL_CONTEXT	R3_REMAINING_SIMPLEX_YI_GE	selected_一_is_not_part_of_visible_complex_cardinal_and_is_immediately_followed_by_count_classifier_个	Wu 2024 journal p.370 examples (7)-(8) and p.381 example (20a)	YI_T2	YI_T2	yi2	YI_T2	MATCH	MATCH	ELIGIBLE_SIMPLEX_FRAME	FALSE	FALSE
37312	SSB0671	SSB06710504.TextGrid	37312/SSB06710504.TextGrid	6031	d87637923983ae0f921d31908c77a6d16f281f1dec008f2871415e480b86c35a	BARE	17	15	1	一	因为每个人必须真正为自己订下一个目标	development	须真正为自己订下	下	个	个目标	CLEAR_SIMPLEX	SIMPLEX_SEQUENTIAL_XIA	R3_REMAINING_SIMPLEX_YI_GE	visible_string=下一个; selected_一_is_immediately_followed_by_count_classifier_个	Wu 2024 journal p.370 examples (7)-(8) and p.381 example (20a)	YI_T2	YI_T2	yi2	YI_T2	MATCH	MATCH	ELIGIBLE_SIMPLEX_FRAME	FALSE	FALSE
37538	SSB0686	SSB06860270.TextGrid	37538/SSB06860270.TextGrid	3512	5bca757057c8c7e1c347cc2c21fdc72b90168063d458d05a3077dafbecd2b3cd	BARE	6	5	1	一	我告诉你一个有趣的故事	confirmation	我告诉你	你	个	个有趣的故事	CLEAR_SIMPLEX	SIMPLEX_OTHER_EXTERNAL_CONTEXT	R3_REMAINING_SIMPLEX_YI_GE	selected_一_is_not_part_of_visible_complex_cardinal_and_is_immediately_followed_by_count_classifier_个	Wu 2024 journal p.370 examples (7)-(8) and p.381 example (20a)	YI_T2	YI_T2	yi2	YI_T2	MATCH	MATCH	ELIGIBLE_SIMPLEX_FRAME	FALSE	FALSE
37661	SSB0686	SSB06860420.TextGrid	37661/SSB06860420.TextGrid	4243	3a8b554cdd0b4b92913c1aaa24ce46a5198ecfc3cbf71d0a4dd8a604994c5c8a	BARE	11	9	1	一	陪审团成员看着一一个被告	confirmation	陪审团成员看着一	一	个	个被告	AMBIGUOUS_OR_OUTSIDE_SCOPE	APPARENT_DUPLICATED_YI_TRANSCRIPT	R2_UNRESOLVED_ADJACENT_YI	visible_sequence=一一个; intended_wording_or_tokenization_not_recoverable_from_hanzi	no source prediction assigned	NO_PREDICTION	YI_T2	yi2	YI_T2	MATCH	NO_CONCLUSION_SCOPE	INELIGIBLE_SCOPE_UNRESOLVED	FALSE	FALSE
37765	SSB0700	SSB07000025.TextGrid	37765/SSB07000025.TextGrid	3827	bab8f51a38e28d0d66b6d3cb03c11bfdc30b6f53f1826ab014b39c6d9cbd1057	BARE	2	1	1	一	一个是欠缺这方面的意识	development		START	个	个是欠缺这方面的	CLEAR_SIMPLEX	SIMPLEX_OTHER_EXTERNAL_CONTEXT	R3_REMAINING_SIMPLEX_YI_GE	selected_一_is_not_part_of_visible_complex_cardinal_and_is_immediately_followed_by_count_classifier_个	Wu 2024 journal p.370 examples (7)-(8) and p.381 example (20a)	YI_T2	YI_T2	yi2	YI_T2	MATCH	MATCH	ELIGIBLE_SIMPLEX_FRAME	FALSE	FALSE
37886	SSB0700	SSB07000163.TextGrid	37886/SSB07000163.TextGrid	3875	9012f301eb6dd6c0cedbc8d46d9ec6dd1ad6c8e90e365e095b476a28ab92e521	BARE	6	5	1	一	将被分配一个转换设备	development	将被分配	配	个	个转换设备	CLEAR_SIMPLEX	SIMPLEX_OTHER_EXTERNAL_CONTEXT	R3_REMAINING_SIMPLEX_YI_GE	selected_一_is_not_part_of_visible_complex_cardinal_and_is_immediately_followed_by_count_classifier_个	Wu 2024 journal p.370 examples (7)-(8) and p.381 example (20a)	YI_T2	YI_T2	yi2	YI_T2	MATCH	MATCH	ELIGIBLE_SIMPLEX_FRAME	FALSE	FALSE
37887	SSB0700	SSB07000164.TextGrid	37887/SSB07000164.TextGrid	3413	c53b02328a89a4e869e2523490bba18298346e86c7cb823c858ed17f413421ee	BARE	4	3	1	一	作为一个优秀运动员	development	作为	为	个	个优秀运动员	CLEAR_SIMPLEX	SIMPLEX_OTHER_EXTERNAL_CONTEXT	R3_REMAINING_SIMPLEX_YI_GE	selected_一_is_not_part_of_visible_complex_cardinal_and_is_immediately_followed_by_count_classifier_个	Wu 2024 journal p.370 examples (7)-(8) and p.381 example (20a)	YI_T2	YI_T2	yi2	YI_T2	MATCH	MATCH	ELIGIBLE_SIMPLEX_FRAME	FALSE	FALSE
38019	SSB0700	SSB07000303.TextGrid	38019/SSB07000303.TextGrid	7639	c1133dc57b41c713948c772859991e29f6439b7aab06b72ccf0029104a9d55bb	BARE	7	5	1	一	立法制定一个专门针对土壤的法律显得很迫切	development	立法制定	定	个	个专门针对土壤的	CLEAR_SIMPLEX	SIMPLEX_OTHER_EXTERNAL_CONTEXT	R3_REMAINING_SIMPLEX_YI_GE	selected_一_is_not_part_of_visible_complex_cardinal_and_is_immediately_followed_by_count_classifier_个	Wu 2024 journal p.370 examples (7)-(8) and p.381 example (20a)	YI_T2	YI_T2	yi2	YI_T2	MATCH	MATCH	ELIGIBLE_SIMPLEX_FRAME	FALSE	FALSE
38055	SSB0700	SSB07000341.TextGrid	38055/SSB07000341.TextGrid	3952	c2f7aea427c80f29af5228da3077d9b210ea2acd69660592f90b876e1c1ccebf	BARE	2	1	1	一	一个是欠缺这方面的能力	development		START	个	个是欠缺这方面的	CLEAR_SIMPLEX	SIMPLEX_OTHER_EXTERNAL_CONTEXT	R3_REMAINING_SIMPLEX_YI_GE	selected_一_is_not_part_of_visible_complex_cardinal_and_is_immediately_followed_by_count_classifier_个	Wu 2024 journal p.370 examples (7)-(8) and p.381 example (20a)	YI_T2	YI_T2	yi2	YI_T2	MATCH	MATCH	ELIGIBLE_SIMPLEX_FRAME	FALSE	FALSE
38095	SSB0700	SSB07000384.TextGrid	38095/SSB07000384.TextGrid	7986	51ad520eb488791f1f3b4c566f85e5329e42ab54866c9f85df19c3269a93980d	BARE	7	6	1	一	这些表现出一个男子单打选手能力的方面上有所欠缺	development	这些表现出	出	个	个男子单打选手能	CLEAR_SIMPLEX	SIMPLEX_OTHER_EXTERNAL_CONTEXT	R3_REMAINING_SIMPLEX_YI_GE	selected_一_is_not_part_of_visible_complex_cardinal_and_is_immediately_followed_by_count_classifier_个	Wu 2024 journal p.370 examples (7)-(8) and p.381 example (20a)	YI_T2	YI_T2	yi2	YI_T2	MATCH	MATCH	ELIGIBLE_SIMPLEX_FRAME	FALSE	FALSE
38197	SSB0710	SSB07100010.TextGrid	38197/SSB07100010.TextGrid	4011	7f2fa9f266b62ff539978b9350789f970d87f301ee4010dd8c256101f2dc9c6a	BARE	2	1	1	一	一个用了步枪很多年的人	development		START	个	个用了步枪很多年	CLEAR_SIMPLEX	SIMPLEX_OTHER_EXTERNAL_CONTEXT	R3_REMAINING_SIMPLEX_YI_GE	selected_一_is_not_part_of_visible_complex_cardinal_and_is_immediately_followed_by_count_classifier_个	Wu 2024 journal p.370 examples (7)-(8) and p.381 example (20a)	YI_T2	YI_T2	yi2	YI_T2	MATCH	MATCH	ELIGIBLE_SIMPLEX_FRAME	FALSE	FALSE
38200	SSB0710	SSB07100013.TextGrid	38200/SSB07100013.TextGrid	4137	35430553bcd9d7ba8b2d6eebbe540fe9f5a7c8f16b1e0e5ac1465fa4460ef1c9	BARE	8	7	1	一	小时候欧玩过一个类似的游戏	development	小时候欧玩过	过	个	个类似的游戏	CLEAR_SIMPLEX	SIMPLEX_OTHER_EXTERNAL_CONTEXT	R3_REMAINING_SIMPLEX_YI_GE	selected_一_is_not_part_of_visible_complex_cardinal_and_is_immediately_followed_by_count_classifier_个	Wu 2024 journal p.370 examples (7)-(8) and p.381 example (20a)	YI_T2	YI_T2	yi2	YI_T2	MATCH	MATCH	ELIGIBLE_SIMPLEX_FRAME	FALSE	FALSE
38211	SSB0710	SSB07100025.TextGrid	38211/SSB07100025.TextGrid	3884	50f443f7482d016e6810372d74556ccf63e8a1551a5b06b65c143f8ff4732cea	BARE	7	6	1	一	我在和你说一个孩子的痛苦	development	我在和你说	说	个	个孩子的痛苦	CLEAR_SIMPLEX	SIMPLEX_OTHER_EXTERNAL_CONTEXT	R3_REMAINING_SIMPLEX_YI_GE	selected_一_is_not_part_of_visible_complex_cardinal_and_is_immediately_followed_by_count_classifier_个	Wu 2024 journal p.370 examples (7)-(8) and p.381 example (20a)	YI_T2	YI_T2	yi2	YI_T2	MATCH	MATCH	ELIGIBLE_SIMPLEX_FRAME	FALSE	FALSE
38330	SSB0710	SSB07100151.TextGrid	38330/SSB07100151.TextGrid	3002	ac988d35f3454972bae4ea788a09a7a5d80e95508623de99b364692dabcfb389	BARE	2	1	1	一	一个漂亮一个难看	development		START	个	个漂亮一个难看	CLEAR_SIMPLEX	SIMPLEX_OTHER_EXTERNAL_CONTEXT	R3_REMAINING_SIMPLEX_YI_GE	selected_一_is_not_part_of_visible_complex_cardinal_and_is_immediately_followed_by_count_classifier_个	Wu 2024 journal p.370 examples (7)-(8) and p.381 example (20a)	YI_T2	YI_T2	yi2	YI_T2	MATCH	MATCH	ELIGIBLE_SIMPLEX_FRAME	FALSE	FALSE
38330	SSB0710	SSB07100151.TextGrid	38330/SSB07100151.TextGrid	3002	ac988d35f3454972bae4ea788a09a7a5d80e95508623de99b364692dabcfb389	BARE	6	5	2	一	一个漂亮一个难看	development	一个漂亮	亮	个	个难看	CLEAR_SIMPLEX	SIMPLEX_OTHER_EXTERNAL_CONTEXT	R3_REMAINING_SIMPLEX_YI_GE	selected_一_is_not_part_of_visible_complex_cardinal_and_is_immediately_followed_by_count_classifier_个	Wu 2024 journal p.370 examples (7)-(8) and p.381 example (20a)	YI_T2	YI_T2	yi2	YI_T2	MATCH	MATCH	ELIGIBLE_SIMPLEX_FRAME	FALSE	FALSE
38586	SSB0710	SSB07100414.TextGrid	38586/SSB07100414.TextGrid	5157	451341835ad92b47c41a2e8056cff747cefbc2c15c889ed4f08436c85bc93a50	BARE	10	9	1	一	智能家居作为三星一个全新的战场	development	智能家居作为三星	星	个	个全新的战场	CLEAR_SIMPLEX	SIMPLEX_OTHER_EXTERNAL_CONTEXT	R3_REMAINING_SIMPLEX_YI_GE	selected_一_is_not_part_of_visible_complex_cardinal_and_is_immediately_followed_by_count_classifier_个	Wu 2024 journal p.370 examples (7)-(8) and p.381 example (20a)	YI_T2	YI_T2	yi2	YI_T2	MATCH	MATCH	ELIGIBLE_SIMPLEX_FRAME	FALSE	FALSE
38621	SSB0710	SSB07100453.TextGrid	38621/SSB07100453.TextGrid	5672	a2a6d64fe50b5f6c9dad87d282424eab2d95f2448d85006248e2f24b67a284c3	BARE	5	4	1	一	这就是一个小三战胜了大婆儿熬走了小四	development	这就是	是	个	个小三战胜了大婆	CLEAR_SIMPLEX	SIMPLEX_OTHER_EXTERNAL_CONTEXT	R3_REMAINING_SIMPLEX_YI_GE	selected_一_is_not_part_of_visible_complex_cardinal_and_is_immediately_followed_by_count_classifier_个	Wu 2024 journal p.370 examples (7)-(8) and p.381 example (20a)	YI_T2	YI_T2	yi2	YI_T2	MATCH	MATCH	ELIGIBLE_SIMPLEX_FRAME	FALSE	FALSE
38679	SSB0720	SSB07200005.TextGrid	38679/SSB07200005.TextGrid	4764	177067acf972c480878b15c56ed374de13c3adaa9ac292863faf8a3f594e1f88	BARE	3	2	1	一	以一个容积率为三的项目用地为例	development	以	以	个	个容积率为三的项	CLEAR_SIMPLEX	SIMPLEX_OTHER_EXTERNAL_CONTEXT	R3_REMAINING_SIMPLEX_YI_GE	selected_一_is_not_part_of_visible_complex_cardinal_and_is_immediately_followed_by_count_classifier_个	Wu 2024 journal p.370 examples (7)-(8) and p.381 example (20a)	YI_T2	YI_T2	yi2	YI_T2	MATCH	MATCH	ELIGIBLE_SIMPLEX_FRAME	FALSE	FALSE
38772	SSB0720	SSB07200104.TextGrid	38772/SSB07200104.TextGrid	5856	21d59397a9e619d02a7b0750d4fcf6945245bbc21a9b8d63d69e473faed2dd9f	BARE	7	6	1	一	我们专门有一个确保交易服务安全的团队	development	我们专门有	有	个	个确保交易服务安	CLEAR_SIMPLEX	SIMPLEX_OTHER_EXTERNAL_CONTEXT	R3_REMAINING_SIMPLEX_YI_GE	selected_一_is_not_part_of_visible_complex_cardinal_and_is_immediately_followed_by_count_classifier_个	Wu 2024 journal p.370 examples (7)-(8) and p.381 example (20a)	YI_T2	YI_T2	yi2	YI_T2	MATCH	MATCH	ELIGIBLE_SIMPLEX_FRAME	FALSE	FALSE
38796	SSB0720	SSB07200131.TextGrid	38796/SSB07200131.TextGrid	5920	0636922aed431c7e3aac469eef060a649cc142841caa353c4929442beffc4c47	BARE	11	10	1	一	绍兴柯桥一家金店将一个包裹寄往深圳	development	兴柯桥一家金店将	将	个	个包裹寄往深圳	CLEAR_SIMPLEX	SIMPLEX_OTHER_EXTERNAL_CONTEXT	R3_REMAINING_SIMPLEX_YI_GE	selected_一_is_not_part_of_visible_complex_cardinal_and_is_immediately_followed_by_count_classifier_个	Wu 2024 journal p.370 examples (7)-(8) and p.381 example (20a)	YI_T2	YI_T2	yi2	YI_T2	MATCH	MATCH	ELIGIBLE_SIMPLEX_FRAME	FALSE	FALSE
38953	SSB0720	SSB07200303.TextGrid	38953/SSB07200303.TextGrid	5971	1fb6dffd7fd7a02e315b2034e2626781e057fe849398919533031fb70c8ca9b0	BARE	15	14	1	一	如果能够通过买房为子女获得一个好的学位	development	过买房为子女获得	得	个	个好的学位	CLEAR_SIMPLEX	SIMPLEX_OTHER_EXTERNAL_CONTEXT	R3_REMAINING_SIMPLEX_YI_GE	selected_一_is_not_part_of_visible_complex_cardinal_and_is_immediately_followed_by_count_classifier_个	Wu 2024 journal p.370 examples (7)-(8) and p.381 example (20a)	YI_T2	YI_T2	yi2	YI_T2	MATCH	MATCH	ELIGIBLE_SIMPLEX_FRAME	FALSE	FALSE
39016	SSB0720	SSB07200374.TextGrid	39016/SSB07200374.TextGrid	4410	0ba3fd0d4709f652ff141d47e240c287166b7d9c322675cae3376b30a4a42fbd	BARE	7	6	1	一	郎平完全是一个缔造者的角色	development	郎平完全是	是	个	个缔造者的角色	CLEAR_SIMPLEX	SIMPLEX_OTHER_EXTERNAL_CONTEXT	R3_REMAINING_SIMPLEX_YI_GE	selected_一_is_not_part_of_visible_complex_cardinal_and_is_immediately_followed_by_count_classifier_个	Wu 2024 journal p.370 examples (7)-(8) and p.381 example (20a)	YI_T2	YI_T2	yi2	YI_T2	MATCH	MATCH	ELIGIBLE_SIMPLEX_FRAME	FALSE	FALSE
39029	SSB0720	SSB07200387.TextGrid	39029/SSB07200387.TextGrid	7702	41ee62b6d92bc888cf028a3bbcfa50564cc70af3a981cadd81c0e9b00da7365f	BARE	15	14	1	一	而独栋别墅常常就作为开发商一个项目的楼王产品发售	development	常常就作为开发商	商	个	个项目的楼王产品	CLEAR_SIMPLEX	SIMPLEX_OTHER_EXTERNAL_CONTEXT	R3_REMAINING_SIMPLEX_YI_GE	selected_一_is_not_part_of_visible_complex_cardinal_and_is_immediately_followed_by_count_classifier_个	Wu 2024 journal p.370 examples (7)-(8) and p.381 example (20a)	YI_T2	YI_T2	yi2	YI_T2	MATCH	MATCH	ELIGIBLE_SIMPLEX_FRAME	FALSE	FALSE
39080	SSB0720	SSB07200440.TextGrid	39080/SSB07200440.TextGrid	7536	12f5beab943538db0039900888b59f447e321c0cb9d1a3cca4627f0d2fdc9fa7	ORDINAL	19	18	1	一	郎平也拿下自己作为主教练所获得的第一个世界冠军	development	主教练所获得的第	第	个	个世界冠军	ORDINAL_ABSOLUTE	EXACT_DI_YI_GE	R0_EXACT_ORDINAL	selected_target_occurs_in_exact_第一个	Wu 2024 journal p.374 example (15)	YI_T1	YI_T1	yi1	YI_T1	MATCH	MATCH	ELIGIBLE_ORDINAL_FRAME	FALSE	FALSE
39108	SSB0720	SSB07200473.TextGrid	39108/SSB07200473.TextGrid	7670	e11dff3b0ea62c13eedd87f9dca6300b360c8ce792828b75a0d292522c91fbec	BARE	19	17	1	一	为地方政府批地和审批规划中提供了一个确切的标准	development	审批规划中提供了	了	个	个确切的标准	CLEAR_SIMPLEX	SIMPLEX_OTHER_EXTERNAL_CONTEXT	R3_REMAINING_SIMPLEX_YI_GE	selected_一_is_not_part_of_visible_complex_cardinal_and_is_immediately_followed_by_count_classifier_个	Wu 2024 journal p.370 examples (7)-(8) and p.381 example (20a)	YI_T2	YI_T2	yi2	YI_T2	MATCH	MATCH	ELIGIBLE_SIMPLEX_FRAME	FALSE	FALSE
39153	SSB0723	SSB07230037.TextGrid	39153/SSB07230037.TextGrid	3764	d3a498e47fb72dcc3612a5fac015499ec774c28201407719abb17c599880b792	BARE	9	8	1	一	推网上子品牌是一个趋势	development	推网上子品牌是	是	个	个趋势	CLEAR_SIMPLEX	SIMPLEX_OTHER_EXTERNAL_CONTEXT	R3_REMAINING_SIMPLEX_YI_GE	selected_一_is_not_part_of_visible_complex_cardinal_and_is_immediately_followed_by_count_classifier_个	Wu 2024 journal p.370 examples (7)-(8) and p.381 example (20a)	YI_T2	YI_T2	yi2	YI_T2	MATCH	MATCH	ELIGIBLE_SIMPLEX_FRAME	FALSE	FALSE
39262	SSB0723	SSB07230155.TextGrid	39262/SSB07230155.TextGrid	6187	8753726f67d24292dacf586c9ac8d4a533c6724b61fb637752d4d064464194b1	BARE	8	7	1	一	自动洗狗机是一个叫罗曼雅里的法国人发明的	development	自动洗狗机是	是	个	个叫罗曼雅里的法	CLEAR_SIMPLEX	SIMPLEX_OTHER_EXTERNAL_CONTEXT	R3_REMAINING_SIMPLEX_YI_GE	selected_一_is_not_part_of_visible_complex_cardinal_and_is_immediately_followed_by_count_classifier_个	Wu 2024 journal p.370 examples (7)-(8) and p.381 example (20a)	YI_T2	YI_T2	yi2	YI_T2	MATCH	MATCH	ELIGIBLE_SIMPLEX_FRAME	FALSE	FALSE
39291	SSB0723	SSB07230186.TextGrid	39291/SSB07230186.TextGrid	3058	5e18b6bcd5a038ed7f98945723c3c9e392092864d93b1dbde0385619c79da250	BARE	6	5	1	一	她收到了一个好消息	development	她收到了	了	个	个好消息	CLEAR_SIMPLEX	SIMPLEX_OTHER_EXTERNAL_CONTEXT	R3_REMAINING_SIMPLEX_YI_GE	selected_一_is_not_part_of_visible_complex_cardinal_and_is_immediately_followed_by_count_classifier_个	Wu 2024 journal p.370 examples (7)-(8) and p.381 example (20a)	YI_T2	YI_T2	yi2	YI_T2	MATCH	MATCH	ELIGIBLE_SIMPLEX_FRAME	FALSE	FALSE
39307	SSB0723	SSB07230203.TextGrid	39307/SSB07230203.TextGrid	5410	72f5219e5aced2ee7d4aad39b6d9c60d62a6cf399a11b7185fe95c76d2989bb4	BARE	11	10	1	一	无公害可追溯绝对是一个避不开的痛点	development	公害可追溯绝对是	是	个	个避不开的痛点	CLEAR_SIMPLEX	SIMPLEX_OTHER_EXTERNAL_CONTEXT	R3_REMAINING_SIMPLEX_YI_GE	selected_一_is_not_part_of_visible_complex_cardinal_and_is_immediately_followed_by_count_classifier_个	Wu 2024 journal p.370 examples (7)-(8) and p.381 example (20a)	YI_T2	YI_T2	yi2	YI_T2	MATCH	MATCH	ELIGIBLE_SIMPLEX_FRAME	FALSE	FALSE
39361	SSB0723	SSB07230260.TextGrid	39361/SSB07230260.TextGrid	5790	aed2f5c1ca6aa5302cbad4cca4048762b162015e0151fc613149d5412020e415	BARE	5	4	1	一	成为又一个加速推出高端项目的重要因素	development	成为又	又	个	个加速推出高端项	CLEAR_SIMPLEX	SIMPLEX_OTHER_EXTERNAL_CONTEXT	R3_REMAINING_SIMPLEX_YI_GE	selected_一_is_not_part_of_visible_complex_cardinal_and_is_immediately_followed_by_count_classifier_个	Wu 2024 journal p.370 examples (7)-(8) and p.381 example (20a)	YI_T2	YI_T2	yi2	YI_T2	MATCH	MATCH	ELIGIBLE_SIMPLEX_FRAME	FALSE	FALSE
39370	SSB0723	SSB07230269.TextGrid	39370/SSB07230269.TextGrid	4397	3c7146d0e8a08d9ad6da52f8e4ba938b8cd110d525e1141ed0ef9ac449f2cbf8	BARE	3	2	1	一	据一个亲眼见过实物的网友说	development	据	据	个	个亲眼见过实物的	CLEAR_SIMPLEX	SIMPLEX_OTHER_EXTERNAL_CONTEXT	R3_REMAINING_SIMPLEX_YI_GE	selected_一_is_not_part_of_visible_complex_cardinal_and_is_immediately_followed_by_count_classifier_个	Wu 2024 journal p.370 examples (7)-(8) and p.381 example (20a)	YI_T2	YI_T2	yi2	YI_T2	MATCH	MATCH	ELIGIBLE_SIMPLEX_FRAME	FALSE	FALSE
39390	SSB0723	SSB07230290.TextGrid	39390/SSB07230290.TextGrid	6431	729b80f7a46906069f0f071dbf87935f610cb4dfeebae0d780b55507f76c962a	BARE	9	8	1	一	不少人心中仍有一个疑问说好的变申办为邀请	development	不少人心中仍有	有	个	个疑问说好的变申	CLEAR_SIMPLEX	SIMPLEX_OTHER_EXTERNAL_CONTEXT	R3_REMAINING_SIMPLEX_YI_GE	selected_一_is_not_part_of_visible_complex_cardinal_and_is_immediately_followed_by_count_classifier_个	Wu 2024 journal p.370 examples (7)-(8) and p.381 example (20a)	YI_T2	YI_T2	yi2	YI_T2	MATCH	MATCH	ELIGIBLE_SIMPLEX_FRAME	FALSE	FALSE
39471	SSB0723	SSB07230380.TextGrid	39471/SSB07230380.TextGrid	6327	fba2839f1fa84045eb5538159356d59b6f1242733d6c32142093a4f536d714fb	BARE	13	12	1	一	目前仅有金隅翡丽蓝爵堡一个别墅型项目在售	development	有金隅翡丽蓝爵堡	堡	个	个别墅型项目在售	CLEAR_SIMPLEX	SIMPLEX_OTHER_EXTERNAL_CONTEXT	R3_REMAINING_SIMPLEX_YI_GE	selected_一_is_not_part_of_visible_complex_cardinal_and_is_immediately_followed_by_count_classifier_个	Wu 2024 journal p.370 examples (7)-(8) and p.381 example (20a)	YI_T2	YI_T2	yi2	YI_T2	MATCH	MATCH	ELIGIBLE_SIMPLEX_FRAME	FALSE	FALSE
39487	SSB0723	SSB07230396.TextGrid	39487/SSB07230396.TextGrid	4199	8bb087fc2e4b4bb784ae783156fdee8170bf5aab598949007e10d2bc9113ed7b	BARE	5	4	1	一	看看这一个个响当当的名号	development	看看这	这	个	个个响当当的名号	CLEAR_SIMPLEX	SIMPLEX_OTHER_EXTERNAL_CONTEXT	R3_REMAINING_SIMPLEX_YI_GE	selected_一_is_not_part_of_visible_complex_cardinal_and_is_immediately_followed_by_count_classifier_个	Wu 2024 journal p.370 examples (7)-(8) and p.381 example (20a)	YI_T2	YI_T2	yi2	YI_T2	MATCH	MATCH	ELIGIBLE_SIMPLEX_FRAME	FALSE	FALSE
39498	SSB0723	SSB07230407.TextGrid	39498/SSB07230407.TextGrid	3949	5f6828f00ff950fdfbe9bf6abb38e8bf06e3f097c24a53fe812579e8638e471d	BARE	5	4	1	一	沃勒是一个非常冷酷的寡妇	development	沃勒是	是	个	个非常冷酷的寡妇	CLEAR_SIMPLEX	SIMPLEX_OTHER_EXTERNAL_CONTEXT	R3_REMAINING_SIMPLEX_YI_GE	selected_一_is_not_part_of_visible_complex_cardinal_and_is_immediately_followed_by_count_classifier_个	Wu 2024 journal p.370 examples (7)-(8) and p.381 example (20a)	YI_T2	YI_T2	yi2	YI_T2	MATCH	MATCH	ELIGIBLE_SIMPLEX_FRAME	FALSE	FALSE
39514	SSB0723	SSB07230423.TextGrid	39514/SSB07230423.TextGrid	6434	c28645f508566d2dd9b8c15ba5bd1cceec181b4e9b6ce8a3ec1bb35ba11d3873	BARE	17	15	1	一	也将北京商品住宅成交价格再上一个新台阶	development	住宅成交价格再上	上	个	个新台阶	CLEAR_SIMPLEX	SIMPLEX_SEQUENTIAL_SHANG	R3_REMAINING_SIMPLEX_YI_GE	visible_string=上一个; selected_一_is_immediately_followed_by_count_classifier_个	Wu 2024 journal p.370 examples (7)-(8) and p.381 example (20a)	YI_T2	YI_T2	yi2	YI_T2	MATCH	MATCH	ELIGIBLE_SIMPLEX_FRAME	FALSE	FALSE
39724	SSB0737	SSB07370162.TextGrid	39724/SSB07370162.TextGrid	6232	d55e0ded9914f1dd40d6f7ac03a3aeb9b43b06c66928aac042f88b3ef8770f31	BARE	7	6	1	一	我问卢卡斯一个问题可卢卡斯就是胡扯个没完	development	我问卢卡斯	斯	个	个问题可卢卡斯就	CLEAR_SIMPLEX	SIMPLEX_OTHER_EXTERNAL_CONTEXT	R3_REMAINING_SIMPLEX_YI_GE	selected_一_is_not_part_of_visible_complex_cardinal_and_is_immediately_followed_by_count_classifier_个	Wu 2024 journal p.370 examples (7)-(8) and p.381 example (20a)	YI_T2	YI_T2	yi2	YI_T2	MATCH	MATCH	ELIGIBLE_SIMPLEX_FRAME	FALSE	FALSE
39790	SSB0737	SSB07370229.TextGrid	39790/SSB07370229.TextGrid	5908	2f26d2ceb37e3929f2208872ce608bfacfffb8ddf18a019bdb219b809b47c954	BARE	3	2	1	一	来一个新鲜鸡肉自作的公司三明治怎麽样	development	来	来	个	个新鲜鸡肉自作的	CLEAR_SIMPLEX	SIMPLEX_OTHER_EXTERNAL_CONTEXT	R3_REMAINING_SIMPLEX_YI_GE	selected_一_is_not_part_of_visible_complex_cardinal_and_is_immediately_followed_by_count_classifier_个	Wu 2024 journal p.370 examples (7)-(8) and p.381 example (20a)	YI_T2	YI_T2	yi2	YI_T2	MATCH	MATCH	ELIGIBLE_SIMPLEX_FRAME	FALSE	FALSE
39907	SSB0737	SSB07370349.TextGrid	39907/SSB07370349.TextGrid	3179	618e3062d0cc7138a345f15950098d0fe9db9371ecc11c2d5ce318024468ef2f	BARE	7	6	1	一	他们给了我一个工作	development	他们给了我	我	个	个工作	CLEAR_SIMPLEX	SIMPLEX_OTHER_EXTERNAL_CONTEXT	R3_REMAINING_SIMPLEX_YI_GE	selected_一_is_not_part_of_visible_complex_cardinal_and_is_immediately_followed_by_count_classifier_个	Wu 2024 journal p.370 examples (7)-(8) and p.381 example (20a)	YI_T2	YI_T2	yi2	YI_T2	MATCH	MATCH	ELIGIBLE_SIMPLEX_FRAME	FALSE	FALSE
39934	SSB0737	SSB07370377.TextGrid	39934/SSB07370377.TextGrid	6445	60e70e8f71bdc97553bb4aa15828673f7ad795734883d1a1de6e5f70d302d95f	BARE	14	13	1	一	如果百丽儿是在长岛遇见了一个普通的男生的话	development	儿是在长岛遇见了	了	个	个普通的男生的话	CLEAR_SIMPLEX	SIMPLEX_OTHER_EXTERNAL_CONTEXT	R3_REMAINING_SIMPLEX_YI_GE	selected_一_is_not_part_of_visible_complex_cardinal_and_is_immediately_followed_by_count_classifier_个	Wu 2024 journal p.370 examples (7)-(8) and p.381 example (20a)	YI_T2	YI_T2	yi2	YI_T2	MATCH	MATCH	ELIGIBLE_SIMPLEX_FRAME	FALSE	FALSE
39961	SSB0737	SSB07370405.TextGrid	39961/SSB07370405.TextGrid	3529	02b32a8f7ee5cc780e214f7716de19ff2f2184ea1fd6d103d5360828a3ec6c26	BARE	8	7	1	一	两个人的回忆一个人过	development	两个人的回忆	忆	个	个人过	CLEAR_SIMPLEX	SIMPLEX_OTHER_EXTERNAL_CONTEXT	R3_REMAINING_SIMPLEX_YI_GE	selected_一_is_not_part_of_visible_complex_cardinal_and_is_immediately_followed_by_count_classifier_个	Wu 2024 journal p.370 examples (7)-(8) and p.381 example (20a)	YI_T2	YI_T2	yi2	YI_T2	MATCH	MATCH	ELIGIBLE_SIMPLEX_FRAME	FALSE	FALSE
39979	SSB0737	SSB07370424.TextGrid	39979/SSB07370424.TextGrid	3009	e370fd6e710531b874bb849577af03017958f7f732654c2c11e85f2de807d2c6	BARE	4	3	1	一	爱上一个不该爱的人	development	爱上	上	个	个不该爱的人	CLEAR_SIMPLEX	SIMPLEX_SEQUENTIAL_SHANG	R3_REMAINING_SIMPLEX_YI_GE	visible_string=上一个; selected_一_is_immediately_followed_by_count_classifier_个	Wu 2024 journal p.370 examples (7)-(8) and p.381 example (20a)	YI_T2	YI_T2	yi2	YI_T2	MATCH	MATCH	ELIGIBLE_SIMPLEX_FRAME	FALSE	FALSE
40300	SSB0746	SSB07460265.TextGrid	40300/SSB07460265.TextGrid	6671	7dd39ee842990d8990a95f57c9455f19315b963bb5bc258793381605185fc1b0	BARE	20	17	1	一	汤米说但这是在经济循环周期之外的一个感受	confirmation	济循环周期之外的	的	个	个感受	CLEAR_SIMPLEX	SIMPLEX_OTHER_EXTERNAL_CONTEXT	R3_REMAINING_SIMPLEX_YI_GE	selected_一_is_not_part_of_visible_complex_cardinal_and_is_immediately_followed_by_count_classifier_个	Wu 2024 journal p.370 examples (7)-(8) and p.381 example (20a)	YI_T2	YI_T2	yi2	YI_T2	MATCH	MATCH	ELIGIBLE_SIMPLEX_FRAME	FALSE	FALSE
40322	SSB0746	SSB07460291.TextGrid	40322/SSB07460291.TextGrid	4577	5c81a68b3ed3471f28d8c19486e73191fd2a3ef13a476061af28818ed0b7c228	BARE	9	8	1	一	我们认为约翰有一个隐蔽的地点	confirmation	我们认为约翰有	有	个	个隐蔽的地点	CLEAR_SIMPLEX	SIMPLEX_OTHER_EXTERNAL_CONTEXT	R3_REMAINING_SIMPLEX_YI_GE	selected_一_is_not_part_of_visible_complex_cardinal_and_is_immediately_followed_by_count_classifier_个	Wu 2024 journal p.370 examples (7)-(8) and p.381 example (20a)	YI_T2	YI_T2	yi2	YI_T2	MATCH	MATCH	ELIGIBLE_SIMPLEX_FRAME	FALSE	FALSE
40359	SSB0746	SSB07460334.TextGrid	40359/SSB07460334.TextGrid	5645	bbee53547528aaf97e0ef016093ca99bf40c0b01f316a1b745277376ca456fa0	BARE	16	14	1	一	卡斯帕罗夫试图引诱深蓝进入一个陷阱	confirmation	试图引诱深蓝进入	入	个	个陷阱	CLEAR_SIMPLEX	SIMPLEX_OTHER_EXTERNAL_CONTEXT	R3_REMAINING_SIMPLEX_YI_GE	selected_一_is_not_part_of_visible_complex_cardinal_and_is_immediately_followed_by_count_classifier_个	Wu 2024 journal p.370 examples (7)-(8) and p.381 example (20a)	YI_T2	YI_T2	yi2	YI_T2	MATCH	MATCH	ELIGIBLE_SIMPLEX_FRAME	FALSE	FALSE
40371	SSB0746	SSB07460348.TextGrid	40371/SSB07460348.TextGrid	7039	ae461c4f81b8c0f8e6c410c9d72a677b8b8d1e7fa3c6ac832c974cfc8dc32446	BARE	6	5	1	一	只有当地一个信奉印度教的占星家相信约翰还活着	confirmation	只有当地	地	个	个信奉印度教的占	CLEAR_SIMPLEX	SIMPLEX_OTHER_EXTERNAL_CONTEXT	R3_REMAINING_SIMPLEX_YI_GE	selected_一_is_not_part_of_visible_complex_cardinal_and_is_immediately_followed_by_count_classifier_个	Wu 2024 journal p.370 examples (7)-(8) and p.381 example (20a)	YI_T2	YI_T2	yi2	YI_T2	MATCH	MATCH	ELIGIBLE_SIMPLEX_FRAME	FALSE	FALSE
40489	SSB0746	SSB07460484.TextGrid	40489/SSB07460484.TextGrid	7066	9e90faef639e3e6047ce839860c9adddbc512ef23da381701c8c7581c78b8bd3	BARE	18	16	1	一	矗立在会场旁宏伟的双子塔标记了一个新的里程碑	confirmation	伟的双子塔标记了	了	个	个新的里程碑	CLEAR_SIMPLEX	SIMPLEX_OTHER_EXTERNAL_CONTEXT	R3_REMAINING_SIMPLEX_YI_GE	selected_一_is_not_part_of_visible_complex_cardinal_and_is_immediately_followed_by_count_classifier_个	Wu 2024 journal p.370 examples (7)-(8) and p.381 example (20a)	YI_T2	YI_T2	yi2	YI_T2	MATCH	MATCH	ELIGIBLE_SIMPLEX_FRAME	FALSE	FALSE
40556	SSB0748	SSB07480044.TextGrid	40556/SSB07480044.TextGrid	4401	f3f31e7f2f84f54f538c3016c0fe23208d6940cc32e66da05e88a1523d379a11	BARE	10	9	1	一	在腕带两端设计有一个可调扣	development	在腕带两端设计有	有	个	个可调扣	CLEAR_SIMPLEX	SIMPLEX_OTHER_EXTERNAL_CONTEXT	R3_REMAINING_SIMPLEX_YI_GE	selected_一_is_not_part_of_visible_complex_cardinal_and_is_immediately_followed_by_count_classifier_个	Wu 2024 journal p.370 examples (7)-(8) and p.381 example (20a)	YI_T2	YI_T2	yi2	YI_T2	MATCH	MATCH	ELIGIBLE_SIMPLEX_FRAME	FALSE	FALSE
40636	SSB0748	SSB07480129.TextGrid	40636/SSB07480129.TextGrid	6085	f4debac645649b1886849c34cad761aa367d444b7f5487a8bd6a2eabc1fc596b	ORDINAL	11	10	1	一	她发现女子停留的第一个柜台里少了一枚戒指	development	发现女子停留的第	第	个	个柜台里少了一枚	ORDINAL_ABSOLUTE	EXACT_DI_YI_GE	R0_EXACT_ORDINAL	selected_target_occurs_in_exact_第一个	Wu 2024 journal p.374 example (15)	YI_T1	YI_T1	yi1	YI_T1	MATCH	MATCH	ELIGIBLE_ORDINAL_FRAME	FALSE	FALSE
40651	SSB0748	SSB07480144.TextGrid	40651/SSB07480144.TextGrid	4853	e1d28ba92d92df90b3b9f6ed3ec6ff04430e4bad18db61d57c8896c28829c337	BARE	2	1	1	一	一个是最近身体上有很多种伤病	development		START	个	个是最近身体上有	CLEAR_SIMPLEX	SIMPLEX_OTHER_EXTERNAL_CONTEXT	R3_REMAINING_SIMPLEX_YI_GE	selected_一_is_not_part_of_visible_complex_cardinal_and_is_immediately_followed_by_count_classifier_个	Wu 2024 journal p.370 examples (7)-(8) and p.381 example (20a)	YI_T2	YI_T2	yi2	YI_T2	MATCH	MATCH	ELIGIBLE_SIMPLEX_FRAME	FALSE	FALSE
40747	SSB0748	SSB07480246.TextGrid	40747/SSB07480246.TextGrid	4134	ac9f8eccfd080027d7684e01a2c115f0fe0939ea6a95db6d482dfdf8ec60778a	BARE	5	4	1	一	侧边有一个手腕的测量标尺	development	侧边有	有	个	个手腕的测量标尺	CLEAR_SIMPLEX	SIMPLEX_OTHER_EXTERNAL_CONTEXT	R3_REMAINING_SIMPLEX_YI_GE	selected_一_is_not_part_of_visible_complex_cardinal_and_is_immediately_followed_by_count_classifier_个	Wu 2024 journal p.370 examples (7)-(8) and p.381 example (20a)	YI_T2	YI_T2	yi2	YI_T2	MATCH	MATCH	ELIGIBLE_SIMPLEX_FRAME	FALSE	FALSE
40761	SSB0748	SSB07480261.TextGrid	40761/SSB07480261.TextGrid	6296	dbaf6e7a90289fb60ddfe0a348fc983fee6626171b4e1000b85b1793a8b0232c	BARE	15	14	1	一	剩下的洽谈转型重组的时间仅一个季度左右	development	转型重组的时间仅	仅	个	个季度左右	CLEAR_SIMPLEX	SIMPLEX_OTHER_EXTERNAL_CONTEXT	R3_REMAINING_SIMPLEX_YI_GE	selected_一_is_not_part_of_visible_complex_cardinal_and_is_immediately_followed_by_count_classifier_个	Wu 2024 journal p.370 examples (7)-(8) and p.381 example (20a)	YI_T2	YI_T2	yi2	YI_T2	MATCH	MATCH	ELIGIBLE_SIMPLEX_FRAME	FALSE	FALSE
40887	SSB0748	SSB07480398.TextGrid	40887/SSB07480398.TextGrid	6887	564dda894721ae3f536251f50ec69b8d71347d54222fbdda5064413ce92ab109	BARE	9	8	1	一	大家终于找到了一个适合服务类商品的电子商务模式	development	大家终于找到了	了	个	个适合服务类商品	CLEAR_SIMPLEX	SIMPLEX_OTHER_EXTERNAL_CONTEXT	R3_REMAINING_SIMPLEX_YI_GE	selected_一_is_not_part_of_visible_complex_cardinal_and_is_immediately_followed_by_count_classifier_个	Wu 2024 journal p.370 examples (7)-(8) and p.381 example (20a)	YI_T2	YI_T2	yi2	YI_T2	MATCH	MATCH	ELIGIBLE_SIMPLEX_FRAME	FALSE	FALSE
40897	SSB0748	SSB07480409.TextGrid	40897/SSB07480409.TextGrid	6671	03d27a2bf5e6daa6749a6c6f8f3e5c0248b697690976d6f228ceeb0b00225a53	BARE	9	8	1	一	张继科坦言如果一个职业运动员光训练不比赛	development	张继科坦言如果	果	个	个职业运动员光训	CLEAR_SIMPLEX	SIMPLEX_OTHER_EXTERNAL_CONTEXT	R3_REMAINING_SIMPLEX_YI_GE	selected_一_is_not_part_of_visible_complex_cardinal_and_is_immediately_followed_by_count_classifier_个	Wu 2024 journal p.370 examples (7)-(8) and p.381 example (20a)	YI_T2	YI_T2	yi2	YI_T2	MATCH	MATCH	ELIGIBLE_SIMPLEX_FRAME	FALSE	FALSE
40904	SSB0748	SSB07480416.TextGrid	40904/SSB07480416.TextGrid	3858	5e4e0ef98cb8e96dd3e72e025e38e38f23a7238a7b4aff142441b806e8395dcf	BARE	6	5	1	一	正面仅有一个手环的图案	development	正面仅有	有	个	个手环的图案	CLEAR_SIMPLEX	SIMPLEX_OTHER_EXTERNAL_CONTEXT	R3_REMAINING_SIMPLEX_YI_GE	selected_一_is_not_part_of_visible_complex_cardinal_and_is_immediately_followed_by_count_classifier_个	Wu 2024 journal p.370 examples (7)-(8) and p.381 example (20a)	YI_T2	YI_T2	yi2	YI_T2	MATCH	MATCH	ELIGIBLE_SIMPLEX_FRAME	FALSE	FALSE
40941	SSB0748	SSB07480458.TextGrid	40941/SSB07480458.TextGrid	3513	fd687e7a5e0ecea6ccccfbf507e3d6e8c2ebee469670e15ea4b9b770c73c0512	BARE	2	1	1	一	一个非常人性化的设计	development		START	个	个非常人性化的设	CLEAR_SIMPLEX	SIMPLEX_OTHER_EXTERNAL_CONTEXT	R3_REMAINING_SIMPLEX_YI_GE	selected_一_is_not_part_of_visible_complex_cardinal_and_is_immediately_followed_by_count_classifier_个	Wu 2024 journal p.370 examples (7)-(8) and p.381 example (20a)	YI_T2	YI_T2	yi2	YI_T2	MATCH	MATCH	ELIGIBLE_SIMPLEX_FRAME	FALSE	FALSE
