inventory_number	source_group	textgrid_basename	cell	target_hanzi_interval_1based	target_script_character_index_1based	occurrence_ordinal_within_cell	target_hanzi	hanzi_script	analysis_split	left_context_8	immediate_previous_hanzi	immediate_next_hanzi	right_context_8	construction_scope_class	construction_subtype	scope_rule_id	scope_evidence	wu_source_location	corrected_predicted_category	original_predicted_category	original_raw_target_pinyin	original_observed_category	original_decision	corrected_decision	acoustic_frame_status	scope_assignment_uses_pinyin	scope_assignment_uses_audio
4	SSB0005	SSB00050004.TextGrid	BARE	11	10	1	一	黑客宣布只要拨打某一个电话	development	客宣布只要拨打某	某	个	个电话	CLEAR_SIMPLEX	SIMPLEX_MODIFIED_MOU	R3_REMAINING_SIMPLEX_YI_GE	visible_string=某一个; selected_一_is_immediately_followed_by_count_classifier_个	Wu 2024 journal p.370 examples (7)-(8) and p.381 example (20a)	YI_T2	YI_T2	yi2	YI_T2	MATCH	MATCH	ELIGIBLE_SIMPLEX_FRAME	FALSE	FALSE
64	SSB0005	SSB00050067.TextGrid	BARE	5	4	1	一	给团队一个必须兑现的承诺	development	给团队	队	个	个必须兑现的承诺	CLEAR_SIMPLEX	SIMPLEX_OTHER_EXTERNAL_CONTEXT	R3_REMAINING_SIMPLEX_YI_GE	selected_一_is_not_part_of_visible_complex_cardinal_and_is_immediately_followed_by_count_classifier_个	Wu 2024 journal p.370 examples (7)-(8) and p.381 example (20a)	YI_T2	YI_T2	yi2	YI_T2	MATCH	MATCH	ELIGIBLE_SIMPLEX_FRAME	FALSE	FALSE
100	SSB0005	SSB00050106.TextGrid	BARE	10	9	1	一	结果是几块牌子为一个目标服务	development	结果是几块牌子为	为	个	个目标服务	CLEAR_SIMPLEX	SIMPLEX_OTHER_EXTERNAL_CONTEXT	R3_REMAINING_SIMPLEX_YI_GE	selected_一_is_not_part_of_visible_complex_cardinal_and_is_immediately_followed_by_count_classifier_个	Wu 2024 journal p.370 examples (7)-(8) and p.381 example (20a)	YI_T2	YI_T2	yi2	YI_T2	MATCH	MATCH	ELIGIBLE_SIMPLEX_FRAME	FALSE	FALSE
231	SSB0005	SSB00050243.TextGrid	BARE	11	10	1	一	北京土地市场在时隔一个多月后再次开闸	development	京土地市场在时隔	隔	个	个多月后再次开闸	CLEAR_SIMPLEX	SIMPLEX_OTHER_EXTERNAL_CONTEXT	R3_REMAINING_SIMPLEX_YI_GE	selected_一_is_not_part_of_visible_complex_cardinal_and_is_immediately_followed_by_count_classifier_个	Wu 2024 journal p.370 examples (7)-(8) and p.381 example (20a)	YI_T2	YI_T2	yi2	YI_T2	MATCH	MATCH	ELIGIBLE_SIMPLEX_FRAME	FALSE	FALSE
359	SSB0005	SSB00050378.TextGrid	BARE	11	10	1	一	广州妙龄女露宿街头一个多月自称痴因车祸失忆	development	州妙龄女露宿街头	头	个	个多月自称痴因车	CLEAR_SIMPLEX	SIMPLEX_OTHER_EXTERNAL_CONTEXT	R3_REMAINING_SIMPLEX_YI_GE	selected_一_is_not_part_of_visible_complex_cardinal_and_is_immediately_followed_by_count_classifier_个	Wu 2024 journal p.370 examples (7)-(8) and p.381 example (20a)	YI_T2	YI_T2	yi2	YI_T2	MATCH	MATCH	ELIGIBLE_SIMPLEX_FRAME	FALSE	FALSE
362	SSB0005	SSB00050381.TextGrid	BARE	2	1	1	一	一个人的情歌	development		START	个	个人的情歌	CLEAR_SIMPLEX	SIMPLEX_OTHER_EXTERNAL_CONTEXT	R3_REMAINING_SIMPLEX_YI_GE	selected_一_is_not_part_of_visible_complex_cardinal_and_is_immediately_followed_by_count_classifier_个	Wu 2024 journal p.370 examples (7)-(8) and p.381 example (20a)	YI_T2	YI_T2	yi2	YI_T2	MATCH	MATCH	ELIGIBLE_SIMPLEX_FRAME	FALSE	FALSE
443	SSB0005	SSB00050464.TextGrid	BARE	8	7	1	一	他被匿名开另一个微博帐号安慰女友给爷笑个	development	他被匿名开另	另	个	个微博帐号安慰女	CLEAR_SIMPLEX	SIMPLEX_MODIFIED_LING	R3_REMAINING_SIMPLEX_YI_GE	visible_string=另一个; selected_一_is_immediately_followed_by_count_classifier_个	Wu 2024 journal p.370 examples (7)-(8) and p.381 example (20a)	YI_T2	YI_T2	yi2	YI_T2	MATCH	MATCH	ELIGIBLE_SIMPLEX_FRAME	FALSE	FALSE
536	SSB0009	SSB00090074.TextGrid	BARE	2	1	1	一	一个水资源交易市场正在农民之间逐渐形成	development		START	个	个水资源交易市场	CLEAR_SIMPLEX	SIMPLEX_OTHER_EXTERNAL_CONTEXT	R3_REMAINING_SIMPLEX_YI_GE	selected_一_is_not_part_of_visible_complex_cardinal_and_is_immediately_followed_by_count_classifier_个	Wu 2024 journal p.370 examples (7)-(8) and p.381 example (20a)	YI_T2	YI_T2	yi2	YI_T2	MATCH	MATCH	ELIGIBLE_SIMPLEX_FRAME	FALSE	FALSE
765	SSB0009	SSB00090313.TextGrid	BARE	4	3	1	一	但是一个可回收的纸巾会怎么样	development	但是	是	个	个可回收的纸巾会	CLEAR_SIMPLEX	SIMPLEX_OTHER_EXTERNAL_CONTEXT	R3_REMAINING_SIMPLEX_YI_GE	selected_一_is_not_part_of_visible_complex_cardinal_and_is_immediately_followed_by_count_classifier_个	Wu 2024 journal p.370 examples (7)-(8) and p.381 example (20a)	YI_T2	YI_T2	yi2	YI_T2	MATCH	MATCH	ELIGIBLE_SIMPLEX_FRAME	FALSE	FALSE
795	SSB0009	SSB00090344.TextGrid	BARE	5	4	1	一	我来到一个大房间	development	我来到	到	个	个大房间	CLEAR_SIMPLEX	SIMPLEX_OTHER_EXTERNAL_CONTEXT	R3_REMAINING_SIMPLEX_YI_GE	selected_一_is_not_part_of_visible_complex_cardinal_and_is_immediately_followed_by_count_classifier_个	Wu 2024 journal p.370 examples (7)-(8) and p.381 example (20a)	YI_T2	YI_T2	yi2	YI_T2	MATCH	MATCH	ELIGIBLE_SIMPLEX_FRAME	FALSE	FALSE
834	SSB0009	SSB00090385.TextGrid	BARE	6	5	1	一	墙体敲了一个洞	development	墙体敲了	了	个	个洞	CLEAR_SIMPLEX	SIMPLEX_OTHER_EXTERNAL_CONTEXT	R3_REMAINING_SIMPLEX_YI_GE	selected_一_is_not_part_of_visible_complex_cardinal_and_is_immediately_followed_by_count_classifier_个	Wu 2024 journal p.370 examples (7)-(8) and p.381 example (20a)	YI_T2	YI_T2	yi2	YI_T2	MATCH	MATCH	ELIGIBLE_SIMPLEX_FRAME	FALSE	FALSE
880	SSB0009	SSB00090434.TextGrid	BARE	9	8	1	一	伊迪丝是不是下一个	development	伊迪丝是不是下	下	个	个	CLEAR_SIMPLEX	SIMPLEX_SEQUENTIAL_XIA	R3_REMAINING_SIMPLEX_YI_GE	visible_string=下一个; selected_一_is_immediately_followed_by_count_classifier_个	Wu 2024 journal p.370 examples (7)-(8) and p.381 example (20a)	YI_T2	YI_T2	yi2	YI_T2	MATCH	MATCH	ELIGIBLE_SIMPLEX_FRAME	FALSE	FALSE
932	SSB0009	SSB00090486.TextGrid	BARE	8	7	1	一	此地的国王是一个驼背小老头	development	此地的国王是	是	个	个驼背小老头	CLEAR_SIMPLEX	SIMPLEX_OTHER_EXTERNAL_CONTEXT	R3_REMAINING_SIMPLEX_YI_GE	selected_一_is_not_part_of_visible_complex_cardinal_and_is_immediately_followed_by_count_classifier_个	Wu 2024 journal p.370 examples (7)-(8) and p.381 example (20a)	YI_T2	YI_T2	yi2	YI_T2	MATCH	MATCH	ELIGIBLE_SIMPLEX_FRAME	FALSE	FALSE
1132	SSB0011	SSB00110176.TextGrid	BARE	8	6	1	一	听一首歌念一个人	development	听一首歌念	念	个	个人	CLEAR_SIMPLEX	SIMPLEX_OTHER_EXTERNAL_CONTEXT	R3_REMAINING_SIMPLEX_YI_GE	selected_一_is_not_part_of_visible_complex_cardinal_and_is_immediately_followed_by_count_classifier_个	Wu 2024 journal p.370 examples (7)-(8) and p.381 example (20a)	YI_T2	YI_T2	yi2	YI_T2	MATCH	MATCH	ELIGIBLE_SIMPLEX_FRAME	FALSE	FALSE
1151	SSB0011	SSB00110195.TextGrid	BARE	7	6	1	一	与所辖四十一个单位二千人签署确认书	development	与所辖四十	十	个	个单位二千人签署	CLEAR_COMPLEX_LAST_DIGIT	COMPLEX_CARDINAL_FINAL_DIGIT	R1_COMPLEX_FINAL_DIGIT	visible_multi_digit_cardinal=四十一; selected_一_is_final_digit_before_个	Wu 2024 journal p.381 example (28)	YI_T1	YI_T2	yi1	YI_T1	COUNTEREXAMPLE	MATCH	ELIGIBLE_COMPLEX_CONTROL_NOT_POOLED	FALSE	FALSE
1207	SSB0011	SSB00110255.TextGrid	BARE	10	9	1	一	第一次锻炼就骑了一个小时的动感单车	development	第一次锻炼就骑了	了	个	个小时的动感单车	CLEAR_SIMPLEX	SIMPLEX_OTHER_EXTERNAL_CONTEXT	R3_REMAINING_SIMPLEX_YI_GE	selected_一_is_not_part_of_visible_complex_cardinal_and_is_immediately_followed_by_count_classifier_个	Wu 2024 journal p.370 examples (7)-(8) and p.381 example (20a)	YI_T2	YI_T2	yi2	YI_T2	MATCH	MATCH	ELIGIBLE_SIMPLEX_FRAME	FALSE	FALSE
1232	SSB0011	SSB00110281.TextGrid	BARE	5	4	1	一	将会有一个小小的神器将为众多参赛者选手保驾护航	development	将会有	有	个	个小小的神器将为	CLEAR_SIMPLEX	SIMPLEX_OTHER_EXTERNAL_CONTEXT	R3_REMAINING_SIMPLEX_YI_GE	selected_一_is_not_part_of_visible_complex_cardinal_and_is_immediately_followed_by_count_classifier_个	Wu 2024 journal p.370 examples (7)-(8) and p.381 example (20a)	YI_T2	YI_T2	yi2	YI_T2	MATCH	MATCH	ELIGIBLE_SIMPLEX_FRAME	FALSE	FALSE
1286	SSB0011	SSB00110335.TextGrid	BARE	6	5	1	一	你还欠我一个拥抱	development	你还欠我	我	个	个拥抱	CLEAR_SIMPLEX	SIMPLEX_OTHER_EXTERNAL_CONTEXT	R3_REMAINING_SIMPLEX_YI_GE	selected_一_is_not_part_of_visible_complex_cardinal_and_is_immediately_followed_by_count_classifier_个	Wu 2024 journal p.370 examples (7)-(8) and p.381 example (20a)	YI_T2	YI_T2	yi2	YI_T2	MATCH	MATCH	ELIGIBLE_SIMPLEX_FRAME	FALSE	FALSE
1372	SSB0011	SSB00110425.TextGrid	BARE	4	3	1	一	它有一个我们都很陌生的名字自动体外除颤器	development	它有	有	个	个我们都很陌生的	CLEAR_SIMPLEX	SIMPLEX_OTHER_EXTERNAL_CONTEXT	R3_REMAINING_SIMPLEX_YI_GE	selected_一_is_not_part_of_visible_complex_cardinal_and_is_immediately_followed_by_count_classifier_个	Wu 2024 journal p.370 examples (7)-(8) and p.381 example (20a)	YI_T2	YI_T2	yi2	YI_T2	MATCH	MATCH	ELIGIBLE_SIMPLEX_FRAME	FALSE	FALSE
1442	SSB0012	SSB00120021.TextGrid	BARE	4	3	1	一	最后一个担心的理由是金融危机的变幻莫测	development	最后	后	个	个担心的理由是金	CLEAR_SIMPLEX	SIMPLEX_SEQUENTIAL_ZUIHOU	R3_REMAINING_SIMPLEX_YI_GE	visible_string=最后一个; selected_一_is_immediately_followed_by_count_classifier_个	Wu 2024 journal p.370 examples (7)-(8) and p.381 example (20a)	YI_T2	YI_T2	yi2	YI_T2	MATCH	MATCH	ELIGIBLE_SIMPLEX_FRAME	FALSE	FALSE
1560	SSB0012	SSB00120145.TextGrid	BARE	7	6	1	一	岩石间豁开一个大裂口	development	岩石间豁开	开	个	个大裂口	CLEAR_SIMPLEX	SIMPLEX_OTHER_EXTERNAL_CONTEXT	R3_REMAINING_SIMPLEX_YI_GE	selected_一_is_not_part_of_visible_complex_cardinal_and_is_immediately_followed_by_count_classifier_个	Wu 2024 journal p.370 examples (7)-(8) and p.381 example (20a)	YI_T2	YI_T2	yi2	YI_T2	MATCH	MATCH	ELIGIBLE_SIMPLEX_FRAME	FALSE	FALSE
1673	SSB0012	SSB00120262.TextGrid	BARE	8	7	1	一	身形离奇胀了一个码	development	身形离奇胀了	了	个	个码	CLEAR_SIMPLEX	SIMPLEX_OTHER_EXTERNAL_CONTEXT	R3_REMAINING_SIMPLEX_YI_GE	selected_一_is_not_part_of_visible_complex_cardinal_and_is_immediately_followed_by_count_classifier_个	Wu 2024 journal p.370 examples (7)-(8) and p.381 example (20a)	YI_T2	YI_T2	yi2	YI_T2	MATCH	MATCH	ELIGIBLE_SIMPLEX_FRAME	FALSE	FALSE
1702	SSB0012	SSB00120294.TextGrid	BARE	2	1	1	一	一个完完全全的陌生人身上了	development		START	个	个完完全全的陌生	CLEAR_SIMPLEX	SIMPLEX_OTHER_EXTERNAL_CONTEXT	R3_REMAINING_SIMPLEX_YI_GE	selected_一_is_not_part_of_visible_complex_cardinal_and_is_immediately_followed_by_count_classifier_个	Wu 2024 journal p.370 examples (7)-(8) and p.381 example (20a)	YI_T2	YI_T2	yi1	YI_T1	COUNTEREXAMPLE	COUNTEREXAMPLE	ELIGIBLE_SIMPLEX_FRAME	FALSE	FALSE
1728	SSB0012	SSB00120320.TextGrid	BARE	9	8	1	一	你将是他的最后一个受害者	development	你将是他的最后	后	个	个受害者	CLEAR_SIMPLEX	SIMPLEX_SEQUENTIAL_ZUIHOU	R3_REMAINING_SIMPLEX_YI_GE	visible_string=最后一个; selected_一_is_immediately_followed_by_count_classifier_个	Wu 2024 journal p.370 examples (7)-(8) and p.381 example (20a)	YI_T2	YI_T2	yi2	YI_T2	MATCH	MATCH	ELIGIBLE_SIMPLEX_FRAME	FALSE	FALSE
1769	SSB0012	SSB00120365.TextGrid	BARE	6	5	1	一	然后出现一个满脸皱纹的老头子	development	然后出现	现	个	个满脸皱纹的老头	CLEAR_SIMPLEX	SIMPLEX_OTHER_EXTERNAL_CONTEXT	R3_REMAINING_SIMPLEX_YI_GE	selected_一_is_not_part_of_visible_complex_cardinal_and_is_immediately_followed_by_count_classifier_个	Wu 2024 journal p.370 examples (7)-(8) and p.381 example (20a)	YI_T2	YI_T2	yi2	YI_T2	MATCH	MATCH	ELIGIBLE_SIMPLEX_FRAME	FALSE	FALSE
1813	SSB0012	SSB00120414.TextGrid	BARE	12	11	1	一	停机场的事我只告诉过一个人	development	场的事我只告诉过	过	个	个人	CLEAR_SIMPLEX	SIMPLEX_OTHER_EXTERNAL_CONTEXT	R3_REMAINING_SIMPLEX_YI_GE	selected_一_is_not_part_of_visible_complex_cardinal_and_is_immediately_followed_by_count_classifier_个	Wu 2024 journal p.370 examples (7)-(8) and p.381 example (20a)	YI_T2	YI_T2	yi2	YI_T2	MATCH	MATCH	ELIGIBLE_SIMPLEX_FRAME	FALSE	FALSE
1858	SSB0012	SSB00120462.TextGrid	BARE	5	4	1	一	见证了一个低倍了美国梦之队的中国队	development	见证了	了	个	个低倍了美国梦之	CLEAR_SIMPLEX	SIMPLEX_OTHER_EXTERNAL_CONTEXT	R3_REMAINING_SIMPLEX_YI_GE	selected_一_is_not_part_of_visible_complex_cardinal_and_is_immediately_followed_by_count_classifier_个	Wu 2024 journal p.370 examples (7)-(8) and p.381 example (20a)	YI_T2	YI_T2	yi2	YI_T2	MATCH	MATCH	ELIGIBLE_SIMPLEX_FRAME	FALSE	FALSE
1891	SSB0012	SSB00120497.TextGrid	BARE	10	9	1	一	这种方法渗透到每一个细胞	development	这种方法渗透到每	每	个	个细胞	CLEAR_SIMPLEX	SIMPLEX_MODIFIED_MEI	R3_REMAINING_SIMPLEX_YI_GE	visible_string=每一个; selected_一_is_immediately_followed_by_count_classifier_个	Wu 2024 journal p.370 examples (7)-(8) and p.381 example (20a)	YI_T2	YI_T2	yi2	YI_T2	MATCH	MATCH	ELIGIBLE_SIMPLEX_FRAME	FALSE	FALSE
1916	SSB0016	SSB00160010.TextGrid	BARE	9	8	1	一	我不觉得自己是一个关注精神健康的活跃分子	confirmation	我不觉得自己是	是	个	个关注精神健康的	CLEAR_SIMPLEX	SIMPLEX_OTHER_EXTERNAL_CONTEXT	R3_REMAINING_SIMPLEX_YI_GE	selected_一_is_not_part_of_visible_complex_cardinal_and_is_immediately_followed_by_count_classifier_个	Wu 2024 journal p.370 examples (7)-(8) and p.381 example (20a)	YI_T2	YI_T2	yi2	YI_T2	MATCH	MATCH	ELIGIBLE_SIMPLEX_FRAME	FALSE	FALSE
2053	SSB0016	SSB00160153.TextGrid	BARE	9	8	1	一	有个晚上我做了一个梦	confirmation	有个晚上我做了	了	个	个梦	CLEAR_SIMPLEX	SIMPLEX_OTHER_EXTERNAL_CONTEXT	R3_REMAINING_SIMPLEX_YI_GE	selected_一_is_not_part_of_visible_complex_cardinal_and_is_immediately_followed_by_count_classifier_个	Wu 2024 journal p.370 examples (7)-(8) and p.381 example (20a)	YI_T2	YI_T2	yi2	YI_T2	MATCH	MATCH	ELIGIBLE_SIMPLEX_FRAME	FALSE	FALSE
2083	SSB0016	SSB00160185.TextGrid	BARE	10	9	1	一	这是在巴基斯坦的一个小村庄	confirmation	这是在巴基斯坦的	的	个	个小村庄	CLEAR_SIMPLEX	SIMPLEX_OTHER_EXTERNAL_CONTEXT	R3_REMAINING_SIMPLEX_YI_GE	selected_一_is_not_part_of_visible_complex_cardinal_and_is_immediately_followed_by_count_classifier_个	Wu 2024 journal p.370 examples (7)-(8) and p.381 example (20a)	YI_T2	YI_T2	yi2	YI_T2	MATCH	MATCH	ELIGIBLE_SIMPLEX_FRAME	FALSE	FALSE
2177	SSB0016	SSB00160285.TextGrid	BARE	4	3	1	一	播放一个	confirmation	播放	放	个	个	CLEAR_SIMPLEX	SIMPLEX_OTHER_EXTERNAL_CONTEXT	R3_REMAINING_SIMPLEX_YI_GE	selected_一_is_not_part_of_visible_complex_cardinal_and_is_immediately_followed_by_count_classifier_个	Wu 2024 journal p.370 examples (7)-(8) and p.381 example (20a)	YI_T2	YI_T2	yi2	YI_T2	MATCH	MATCH	ELIGIBLE_SIMPLEX_FRAME	FALSE	FALSE
2207	SSB0016	SSB00160315.TextGrid	BARE	5	4	1	一	要嫁给一个很棒的男人	confirmation	要嫁给	给	个	个很棒的男人	CLEAR_SIMPLEX	SIMPLEX_OTHER_EXTERNAL_CONTEXT	R3_REMAINING_SIMPLEX_YI_GE	selected_一_is_not_part_of_visible_complex_cardinal_and_is_immediately_followed_by_count_classifier_个	Wu 2024 journal p.370 examples (7)-(8) and p.381 example (20a)	YI_T2	YI_T2	yi2	YI_T2	MATCH	MATCH	ELIGIBLE_SIMPLEX_FRAME	FALSE	FALSE
2275	SSB0016	SSB00160389.TextGrid	BARE	2	1	1	一	一个像夏天一个像秋天	confirmation		START	个	个像夏天一个像秋	CLEAR_SIMPLEX	SIMPLEX_OTHER_EXTERNAL_CONTEXT	R3_REMAINING_SIMPLEX_YI_GE	selected_一_is_not_part_of_visible_complex_cardinal_and_is_immediately_followed_by_count_classifier_个	Wu 2024 journal p.370 examples (7)-(8) and p.381 example (20a)	YI_T2	YI_T2	yi2	YI_T2	MATCH	MATCH	ELIGIBLE_SIMPLEX_FRAME	FALSE	FALSE
2275	SSB0016	SSB00160389.TextGrid	BARE	7	6	2	一	一个像夏天一个像秋天	confirmation	一个像夏天	天	个	个像秋天	CLEAR_SIMPLEX	SIMPLEX_OTHER_EXTERNAL_CONTEXT	R3_REMAINING_SIMPLEX_YI_GE	selected_一_is_not_part_of_visible_complex_cardinal_and_is_immediately_followed_by_count_classifier_个	Wu 2024 journal p.370 examples (7)-(8) and p.381 example (20a)	YI_T2	YI_T2	yi2	YI_T2	MATCH	MATCH	ELIGIBLE_SIMPLEX_FRAME	FALSE	FALSE
2288	SSB0016	SSB00160403.TextGrid	BARE	7	6	1	一	我受够了你一个人的自以为是	confirmation	我受够了你	你	个	个人的自以为是	CLEAR_SIMPLEX	SIMPLEX_OTHER_EXTERNAL_CONTEXT	R3_REMAINING_SIMPLEX_YI_GE	selected_一_is_not_part_of_visible_complex_cardinal_and_is_immediately_followed_by_count_classifier_个	Wu 2024 journal p.370 examples (7)-(8) and p.381 example (20a)	YI_T2	YI_T2	yi2	YI_T2	MATCH	MATCH	ELIGIBLE_SIMPLEX_FRAME	FALSE	FALSE
2373	SSB0016	SSB00160492.TextGrid	BARE	4	3	1	一	这是一个形成鲜明对比的中国	confirmation	这是	是	个	个形成鲜明对比的	CLEAR_SIMPLEX	SIMPLEX_OTHER_EXTERNAL_CONTEXT	R3_REMAINING_SIMPLEX_YI_GE	selected_一_is_not_part_of_visible_complex_cardinal_and_is_immediately_followed_by_count_classifier_个	Wu 2024 journal p.370 examples (7)-(8) and p.381 example (20a)	YI_T2	YI_T2	yi2	YI_T2	MATCH	MATCH	ELIGIBLE_SIMPLEX_FRAME	FALSE	FALSE
2412	SSB0018	SSB00180024.TextGrid	BARE	4	3	1	一	我的一个亲戚	development	我的	的	个	个亲戚	CLEAR_SIMPLEX	SIMPLEX_OTHER_EXTERNAL_CONTEXT	R3_REMAINING_SIMPLEX_YI_GE	selected_一_is_not_part_of_visible_complex_cardinal_and_is_immediately_followed_by_count_classifier_个	Wu 2024 journal p.370 examples (7)-(8) and p.381 example (20a)	YI_T2	YI_T2	yi2	YI_T2	MATCH	MATCH	ELIGIBLE_SIMPLEX_FRAME	FALSE	FALSE
2456	SSB0018	SSB00180073.TextGrid	BARE	7	6	1	一	但是我没有一个好案子	development	但是我没有	有	个	个好案子	CLEAR_SIMPLEX	SIMPLEX_OTHER_EXTERNAL_CONTEXT	R3_REMAINING_SIMPLEX_YI_GE	selected_一_is_not_part_of_visible_complex_cardinal_and_is_immediately_followed_by_count_classifier_个	Wu 2024 journal p.370 examples (7)-(8) and p.381 example (20a)	YI_T2	YI_T2	yi2	YI_T2	MATCH	MATCH	ELIGIBLE_SIMPLEX_FRAME	FALSE	FALSE
2492	SSB0018	SSB00180119.TextGrid	BARE	8	6	1	一	搜一搜给我一个吻	development	搜一搜给我	我	个	个吻	CLEAR_SIMPLEX	SIMPLEX_OTHER_EXTERNAL_CONTEXT	R3_REMAINING_SIMPLEX_YI_GE	selected_一_is_not_part_of_visible_complex_cardinal_and_is_immediately_followed_by_count_classifier_个	Wu 2024 journal p.370 examples (7)-(8) and p.381 example (20a)	YI_T2	YI_T2	yi2	YI_T2	MATCH	MATCH	ELIGIBLE_SIMPLEX_FRAME	FALSE	FALSE
2493	SSB0018	SSB00180120.TextGrid	BARE	5	4	1	一	我找到一个宝贵的片子	development	我找到	到	个	个宝贵的片子	CLEAR_SIMPLEX	SIMPLEX_OTHER_EXTERNAL_CONTEXT	R3_REMAINING_SIMPLEX_YI_GE	selected_一_is_not_part_of_visible_complex_cardinal_and_is_immediately_followed_by_count_classifier_个	Wu 2024 journal p.370 examples (7)-(8) and p.381 example (20a)	YI_T2	YI_T2	yi2	YI_T2	MATCH	MATCH	ELIGIBLE_SIMPLEX_FRAME	FALSE	FALSE
2573	SSB0018	SSB00180220.TextGrid	BARE	8	7	1	一	每次有人登录一个站点	development	每次有人登录	录	个	个站点	CLEAR_SIMPLEX	SIMPLEX_OTHER_EXTERNAL_CONTEXT	R3_REMAINING_SIMPLEX_YI_GE	selected_一_is_not_part_of_visible_complex_cardinal_and_is_immediately_followed_by_count_classifier_个	Wu 2024 journal p.370 examples (7)-(8) and p.381 example (20a)	YI_T2	YI_T2	yi2	YI_T2	MATCH	MATCH	ELIGIBLE_SIMPLEX_FRAME	FALSE	FALSE
2598	SSB0018	SSB00180249.TextGrid	BARE	10	9	1	一	没有具体数据只说一个总数是远远不够的	development	没有具体数据只说	说	个	个总数是远远不够	CLEAR_SIMPLEX	SIMPLEX_OTHER_EXTERNAL_CONTEXT	R3_REMAINING_SIMPLEX_YI_GE	selected_一_is_not_part_of_visible_complex_cardinal_and_is_immediately_followed_by_count_classifier_个	Wu 2024 journal p.370 examples (7)-(8) and p.381 example (20a)	YI_T2	YI_T2	yi2	YI_T2	MATCH	MATCH	ELIGIBLE_SIMPLEX_FRAME	FALSE	FALSE
2675	SSB0018	SSB00180341.TextGrid	BARE	4	3	1	一	那是一个信号或什么	development	那是	是	个	个信号或什么	CLEAR_SIMPLEX	SIMPLEX_OTHER_EXTERNAL_CONTEXT	R3_REMAINING_SIMPLEX_YI_GE	selected_一_is_not_part_of_visible_complex_cardinal_and_is_immediately_followed_by_count_classifier_个	Wu 2024 journal p.370 examples (7)-(8) and p.381 example (20a)	YI_T2	YI_T2	yi2	YI_T2	MATCH	MATCH	ELIGIBLE_SIMPLEX_FRAME	FALSE	FALSE
2697	SSB0018	SSB00180366.TextGrid	BARE	5	4	1	一	但这是一个对我丈夫而言很重要的时刻	development	但这是	是	个	个对我丈夫而言很	CLEAR_SIMPLEX	SIMPLEX_OTHER_EXTERNAL_CONTEXT	R3_REMAINING_SIMPLEX_YI_GE	selected_一_is_not_part_of_visible_complex_cardinal_and_is_immediately_followed_by_count_classifier_个	Wu 2024 journal p.370 examples (7)-(8) and p.381 example (20a)	YI_T2	YI_T2	yi2	YI_T2	MATCH	MATCH	ELIGIBLE_SIMPLEX_FRAME	FALSE	FALSE
2788	SSB0018	SSB00180474.TextGrid	BARE	17	15	1	一	第二我们利用这些道理去制作下一个计划	development	这些道理去制作下	下	个	个计划	CLEAR_SIMPLEX	SIMPLEX_SEQUENTIAL_XIA	R3_REMAINING_SIMPLEX_YI_GE	visible_string=下一个; selected_一_is_immediately_followed_by_count_classifier_个	Wu 2024 journal p.370 examples (7)-(8) and p.381 example (20a)	YI_T2	YI_T2	yi2	YI_T2	MATCH	MATCH	ELIGIBLE_SIMPLEX_FRAME	FALSE	FALSE
2856	SSB0033	SSB00330040.TextGrid	BARE	7	6	1	一	这款汽车有一个特别的功能	development	这款汽车有	有	个	个特别的功能	CLEAR_SIMPLEX	SIMPLEX_OTHER_EXTERNAL_CONTEXT	R3_REMAINING_SIMPLEX_YI_GE	selected_一_is_not_part_of_visible_complex_cardinal_and_is_immediately_followed_by_count_classifier_个	Wu 2024 journal p.370 examples (7)-(8) and p.381 example (20a)	YI_T2	YI_T2	yi2	YI_T2	MATCH	MATCH	ELIGIBLE_SIMPLEX_FRAME	FALSE	FALSE
2914	SSB0033	SSB00330101.TextGrid	BARE	9	8	1	一	你可以给我联系一个	development	你可以给我联系	系	个	个	CLEAR_SIMPLEX	SIMPLEX_OTHER_EXTERNAL_CONTEXT	R3_REMAINING_SIMPLEX_YI_GE	selected_一_is_not_part_of_visible_complex_cardinal_and_is_immediately_followed_by_count_classifier_个	Wu 2024 journal p.370 examples (7)-(8) and p.381 example (20a)	YI_T2	YI_T2	yi2	YI_T2	MATCH	MATCH	ELIGIBLE_SIMPLEX_FRAME	FALSE	FALSE
2994	SSB0033	SSB00330183.TextGrid	BARE	6	5	1	一	总的来说一个组织	development	总的来说	说	个	个组织	CLEAR_SIMPLEX	SIMPLEX_OTHER_EXTERNAL_CONTEXT	R3_REMAINING_SIMPLEX_YI_GE	selected_一_is_not_part_of_visible_complex_cardinal_and_is_immediately_followed_by_count_classifier_个	Wu 2024 journal p.370 examples (7)-(8) and p.381 example (20a)	YI_T2	YI_T2	yi2	YI_T2	MATCH	MATCH	ELIGIBLE_SIMPLEX_FRAME	FALSE	FALSE
3053	SSB0033	SSB00330243.TextGrid	BARE	11	10	1	一	我不知道我是否可以一个响指	development	不知道我是否可以	以	个	个响指	CLEAR_SIMPLEX	SIMPLEX_OTHER_EXTERNAL_CONTEXT	R3_REMAINING_SIMPLEX_YI_GE	selected_一_is_not_part_of_visible_complex_cardinal_and_is_immediately_followed_by_count_classifier_个	Wu 2024 journal p.370 examples (7)-(8) and p.381 example (20a)	YI_T2	YI_T2	yi2	YI_T2	MATCH	MATCH	ELIGIBLE_SIMPLEX_FRAME	FALSE	FALSE
3215	SSB0033	SSB00330409.TextGrid	BARE	2	1	1	一	一个女性人类	development		START	个	个女性人类	CLEAR_SIMPLEX	SIMPLEX_OTHER_EXTERNAL_CONTEXT	R3_REMAINING_SIMPLEX_YI_GE	selected_一_is_not_part_of_visible_complex_cardinal_and_is_immediately_followed_by_count_classifier_个	Wu 2024 journal p.370 examples (7)-(8) and p.381 example (20a)	YI_T2	YI_T2	yi2	YI_T2	MATCH	MATCH	ELIGIBLE_SIMPLEX_FRAME	FALSE	FALSE
3401	SSB0038	SSB00380091.TextGrid	BARE	8	7	1	一	图灵因为吃了一个被氯化氢浸泡过的苹果而死亡	development	图灵因为吃了	了	个	个被氯化氢浸泡过	CLEAR_SIMPLEX	SIMPLEX_OTHER_EXTERNAL_CONTEXT	R3_REMAINING_SIMPLEX_YI_GE	selected_一_is_not_part_of_visible_complex_cardinal_and_is_immediately_followed_by_count_classifier_个	Wu 2024 journal p.370 examples (7)-(8) and p.381 example (20a)	YI_T2	YI_T2	yi2	YI_T2	MATCH	MATCH	ELIGIBLE_SIMPLEX_FRAME	FALSE	FALSE
3423	SSB0038	SSB00380115.TextGrid	BARE	17	13	1	一	前几天老板派谋大人参加了一个国际会议	development	板派谋大人参加了	了	个	个国际会议	CLEAR_SIMPLEX	SIMPLEX_OTHER_EXTERNAL_CONTEXT	R3_REMAINING_SIMPLEX_YI_GE	selected_一_is_not_part_of_visible_complex_cardinal_and_is_immediately_followed_by_count_classifier_个	Wu 2024 journal p.370 examples (7)-(8) and p.381 example (20a)	YI_T2	YI_T2	yi2	YI_T2	MATCH	MATCH	ELIGIBLE_SIMPLEX_FRAME	FALSE	FALSE
3452	SSB0038	SSB00380146.TextGrid	BARE	15	14	1	一	俱乐部领导决定在夺冠当晚开一个庆功宴	development	决定在夺冠当晚开	开	个	个庆功宴	CLEAR_SIMPLEX	SIMPLEX_OTHER_EXTERNAL_CONTEXT	R3_REMAINING_SIMPLEX_YI_GE	selected_一_is_not_part_of_visible_complex_cardinal_and_is_immediately_followed_by_count_classifier_个	Wu 2024 journal p.370 examples (7)-(8) and p.381 example (20a)	YI_T2	YI_T2	yi2	YI_T2	MATCH	MATCH	ELIGIBLE_SIMPLEX_FRAME	FALSE	FALSE
3465	SSB0038	SSB00380160.TextGrid	BARE	18	16	1	一	性别在非政府项目和公益领域属于一个更广泛的范畴	development	目和公益领域属于	于	个	个更广泛的范畴	CLEAR_SIMPLEX	SIMPLEX_OTHER_EXTERNAL_CONTEXT	R3_REMAINING_SIMPLEX_YI_GE	selected_一_is_not_part_of_visible_complex_cardinal_and_is_immediately_followed_by_count_classifier_个	Wu 2024 journal p.370 examples (7)-(8) and p.381 example (20a)	YI_T2	YI_T2	yi2	YI_T2	MATCH	MATCH	ELIGIBLE_SIMPLEX_FRAME	FALSE	FALSE
3487	SSB0038	SSB00380184.TextGrid	BARE	3	2	1	一	你一个做妇女儿童的	development	你	你	个	个做妇女儿童的	CLEAR_SIMPLEX	SIMPLEX_OTHER_EXTERNAL_CONTEXT	R3_REMAINING_SIMPLEX_YI_GE	selected_一_is_not_part_of_visible_complex_cardinal_and_is_immediately_followed_by_count_classifier_个	Wu 2024 journal p.370 examples (7)-(8) and p.381 example (20a)	YI_T2	YI_T2	yi2	YI_T2	MATCH	MATCH	ELIGIBLE_SIMPLEX_FRAME	FALSE	FALSE
3494	SSB0038	SSB00380191.TextGrid	BARE	6	5	1	一	称土豪型一个月一千五百元	development	称土豪型	型	个	个月一千五百元	CLEAR_SIMPLEX	SIMPLEX_OTHER_EXTERNAL_CONTEXT	R3_REMAINING_SIMPLEX_YI_GE	selected_一_is_not_part_of_visible_complex_cardinal_and_is_immediately_followed_by_count_classifier_个	Wu 2024 journal p.370 examples (7)-(8) and p.381 example (20a)	YI_T2	YI_T2	yi2	YI_T2	MATCH	MATCH	ELIGIBLE_SIMPLEX_FRAME	FALSE	FALSE
3499	SSB0038	SSB00380196.TextGrid	BARE	12	11	1	一	做机器人目前就是解决一个小小的机器人	development	器人目前就是解决	决	个	个小小的机器人	CLEAR_SIMPLEX	SIMPLEX_OTHER_EXTERNAL_CONTEXT	R3_REMAINING_SIMPLEX_YI_GE	selected_一_is_not_part_of_visible_complex_cardinal_and_is_immediately_followed_by_count_classifier_个	Wu 2024 journal p.370 examples (7)-(8) and p.381 example (20a)	YI_T2	YI_T2	yi2	YI_T2	MATCH	MATCH	ELIGIBLE_SIMPLEX_FRAME	FALSE	FALSE
3603	SSB0038	SSB00380307.TextGrid	BARE	3	2	1	一	你一个做妇女儿童的	development	你	你	个	个做妇女儿童的	CLEAR_SIMPLEX	SIMPLEX_OTHER_EXTERNAL_CONTEXT	R3_REMAINING_SIMPLEX_YI_GE	selected_一_is_not_part_of_visible_complex_cardinal_and_is_immediately_followed_by_count_classifier_个	Wu 2024 journal p.370 examples (7)-(8) and p.381 example (20a)	YI_T2	YI_T2	yi2	YI_T2	MATCH	MATCH	ELIGIBLE_SIMPLEX_FRAME	FALSE	FALSE
3608	SSB0038	SSB00380312.TextGrid	BARE	9	8	1	一	如果在街上看到一个男同志身边簇拥着很多女生	development	如果在街上看到	到	个	个男同志身边簇拥	CLEAR_SIMPLEX	SIMPLEX_OTHER_EXTERNAL_CONTEXT	R3_REMAINING_SIMPLEX_YI_GE	selected_一_is_not_part_of_visible_complex_cardinal_and_is_immediately_followed_by_count_classifier_个	Wu 2024 journal p.370 examples (7)-(8) and p.381 example (20a)	YI_T2	YI_T2	yi2	YI_T2	MATCH	MATCH	ELIGIBLE_SIMPLEX_FRAME	FALSE	FALSE
3703	SSB0038	SSB00380413.TextGrid	BARE	10	9	1	一	千万不要局限于那一个大件	development	千万不要局限于那	那	个	个大件	CLEAR_SIMPLEX	SIMPLEX_OTHER_EXTERNAL_CONTEXT	R3_REMAINING_SIMPLEX_YI_GE	selected_一_is_not_part_of_visible_complex_cardinal_and_is_immediately_followed_by_count_classifier_个	Wu 2024 journal p.370 examples (7)-(8) and p.381 example (20a)	YI_T2	YI_T2	yi2	YI_T2	MATCH	MATCH	ELIGIBLE_SIMPLEX_FRAME	FALSE	FALSE
3814	SSB0043	SSB00430054.TextGrid	BARE	15	14	1	一	我想达茜大概在那个时候经历一个可怕的事情	development	概在那个时候经历	历	个	个可怕的事情	CLEAR_SIMPLEX	SIMPLEX_OTHER_EXTERNAL_CONTEXT	R3_REMAINING_SIMPLEX_YI_GE	selected_一_is_not_part_of_visible_complex_cardinal_and_is_immediately_followed_by_count_classifier_个	Wu 2024 journal p.370 examples (7)-(8) and p.381 example (20a)	YI_T2	YI_T2	yi2	YI_T2	MATCH	MATCH	ELIGIBLE_SIMPLEX_FRAME	FALSE	FALSE
3851	SSB0043	SSB00430096.TextGrid	BARE	4	3	1	一	这是一个比较快捷的方式	development	这是	是	个	个比较快捷的方式	CLEAR_SIMPLEX	SIMPLEX_OTHER_EXTERNAL_CONTEXT	R3_REMAINING_SIMPLEX_YI_GE	selected_一_is_not_part_of_visible_complex_cardinal_and_is_immediately_followed_by_count_classifier_个	Wu 2024 journal p.370 examples (7)-(8) and p.381 example (20a)	YI_T2	YI_T2	yi2	YI_T2	MATCH	MATCH	ELIGIBLE_SIMPLEX_FRAME	FALSE	FALSE
4026	SSB0043	SSB00430285.TextGrid	BARE	6	5	1	一	来一首找一个字代替	development	来一首找	找	个	个字代替	CLEAR_SIMPLEX	SIMPLEX_OTHER_EXTERNAL_CONTEXT	R3_REMAINING_SIMPLEX_YI_GE	selected_一_is_not_part_of_visible_complex_cardinal_and_is_immediately_followed_by_count_classifier_个	Wu 2024 journal p.370 examples (7)-(8) and p.381 example (20a)	YI_T2	YI_T2	yi2	YI_T2	MATCH	MATCH	ELIGIBLE_SIMPLEX_FRAME	FALSE	FALSE
4077	SSB0043	SSB00430340.TextGrid	BARE	9	8	1	一	奥巴马考虑创建一个人才济济的政府机构	development	奥巴马考虑创建	建	个	个人才济济的政府	CLEAR_SIMPLEX	SIMPLEX_OTHER_EXTERNAL_CONTEXT	R3_REMAINING_SIMPLEX_YI_GE	selected_一_is_not_part_of_visible_complex_cardinal_and_is_immediately_followed_by_count_classifier_个	Wu 2024 journal p.370 examples (7)-(8) and p.381 example (20a)	YI_T2	YI_T2	yi2	YI_T2	MATCH	MATCH	ELIGIBLE_SIMPLEX_FRAME	FALSE	FALSE
4306	SSB0057	SSB00570087.TextGrid	ORDINAL	12	11	1	一	苹果刚刚成为世界上第一个市值突破七千亿的公司	development	刚刚成为世界上第	第	个	个市值突破七千亿	ORDINAL_ABSOLUTE	EXACT_DI_YI_GE	R0_EXACT_ORDINAL	selected_target_occurs_in_exact_第一个	Wu 2024 journal p.374 example (15)	YI_T1	YI_T1	yi2	YI_T2	COUNTEREXAMPLE	COUNTEREXAMPLE	ELIGIBLE_ORDINAL_FRAME	FALSE	FALSE
4612	SSB0057	SSB00570408.TextGrid	ORDINAL	12	11	1	一	苹果刚刚成为世界上第一个市值突破七千亿的公司	development	刚刚成为世界上第	第	个	个市值突破七千亿	ORDINAL_ABSOLUTE	EXACT_DI_YI_GE	R0_EXACT_ORDINAL	selected_target_occurs_in_exact_第一个	Wu 2024 journal p.374 example (15)	YI_T1	YI_T1	yi2	YI_T2	COUNTEREXAMPLE	COUNTEREXAMPLE	ELIGIBLE_ORDINAL_FRAME	FALSE	FALSE
4695	SSB0073	SSB00730012.TextGrid	BARE	8	7	1	一	其目的是确保一个完成和公正的严格检测体系	confirmation	其目的是确保	保	个	个完成和公正的严	CLEAR_SIMPLEX	SIMPLEX_OTHER_EXTERNAL_CONTEXT	R3_REMAINING_SIMPLEX_YI_GE	selected_一_is_not_part_of_visible_complex_cardinal_and_is_immediately_followed_by_count_classifier_个	Wu 2024 journal p.370 examples (7)-(8) and p.381 example (20a)	YI_T2	YI_T2	yi2	YI_T2	MATCH	MATCH	ELIGIBLE_SIMPLEX_FRAME	FALSE	FALSE
4734	SSB0073	SSB00730052.TextGrid	BARE	11	9	1	一	由于该规定确定了一个诉讼前置程序	confirmation	由于该规定确定了	了	个	个诉讼前置程序	CLEAR_SIMPLEX	SIMPLEX_OTHER_EXTERNAL_CONTEXT	R3_REMAINING_SIMPLEX_YI_GE	selected_一_is_not_part_of_visible_complex_cardinal_and_is_immediately_followed_by_count_classifier_个	Wu 2024 journal p.370 examples (7)-(8) and p.381 example (20a)	YI_T2	YI_T2	yi2	YI_T2	MATCH	MATCH	ELIGIBLE_SIMPLEX_FRAME	FALSE	FALSE
4756	SSB0073	SSB00730076.TextGrid	BARE	4	3	1	一	其中一个重要的原因就是证券犯罪成本太低	confirmation	其中	中	个	个重要的原因就是	CLEAR_SIMPLEX	SIMPLEX_OTHER_EXTERNAL_CONTEXT	R3_REMAINING_SIMPLEX_YI_GE	selected_一_is_not_part_of_visible_complex_cardinal_and_is_immediately_followed_by_count_classifier_个	Wu 2024 journal p.370 examples (7)-(8) and p.381 example (20a)	YI_T2	YI_T2	yi2	YI_T2	MATCH	MATCH	ELIGIBLE_SIMPLEX_FRAME	FALSE	FALSE
4852	SSB0073	SSB00730176.TextGrid	BARE	11	9	1	一	在现阶段我国这样一个强有力的卖场市场中	confirmation	在现阶段我国这样	样	个	个强有力的卖场市	CLEAR_SIMPLEX	SIMPLEX_OTHER_EXTERNAL_CONTEXT	R3_REMAINING_SIMPLEX_YI_GE	selected_一_is_not_part_of_visible_complex_cardinal_and_is_immediately_followed_by_count_classifier_个	Wu 2024 journal p.370 examples (7)-(8) and p.381 example (20a)	YI_T2	YI_T2	yi2	YI_T2	MATCH	MATCH	ELIGIBLE_SIMPLEX_FRAME	FALSE	FALSE
5144	SSB0073	SSB00730481.TextGrid	BARE	17	14	1	一	当晚竟被人发现死在自家三楼一个塑料桶内	confirmation	发现死在自家三楼	楼	个	个塑料桶内	CLEAR_SIMPLEX	SIMPLEX_OTHER_EXTERNAL_CONTEXT	R3_REMAINING_SIMPLEX_YI_GE	selected_一_is_not_part_of_visible_complex_cardinal_and_is_immediately_followed_by_count_classifier_个	Wu 2024 journal p.370 examples (7)-(8) and p.381 example (20a)	YI_T2	YI_T2	yi2	YI_T2	MATCH	MATCH	ELIGIBLE_SIMPLEX_FRAME	FALSE	FALSE
5176	SSB0080	SSB00800027.TextGrid	BARE	14	13	1	一	他曾将自己关在房间里整整一个星期	development	己关在房间里整整	整	个	个星期	CLEAR_SIMPLEX	SIMPLEX_OTHER_EXTERNAL_CONTEXT	R3_REMAINING_SIMPLEX_YI_GE	selected_一_is_not_part_of_visible_complex_cardinal_and_is_immediately_followed_by_count_classifier_个	Wu 2024 journal p.370 examples (7)-(8) and p.381 example (20a)	YI_T2	YI_T2	yi2	YI_T2	MATCH	MATCH	ELIGIBLE_SIMPLEX_FRAME	FALSE	FALSE
5177	SSB0080	SSB00800029.TextGrid	BARE	4	3	1	一	汤米一个饲鹰者的吗	development	汤米	米	个	个饲鹰者的吗	CLEAR_SIMPLEX	SIMPLEX_OTHER_EXTERNAL_CONTEXT	R3_REMAINING_SIMPLEX_YI_GE	selected_一_is_not_part_of_visible_complex_cardinal_and_is_immediately_followed_by_count_classifier_个	Wu 2024 journal p.370 examples (7)-(8) and p.381 example (20a)	YI_T2	YI_T2	yi2	YI_T2	MATCH	MATCH	ELIGIBLE_SIMPLEX_FRAME	FALSE	FALSE
5187	SSB0080	SSB00800041.TextGrid	BARE	21	20	1	一	那段时间对他来说可以说是人生中最黑暗的一个星期	development	是人生中最黑暗的	的	个	个星期	CLEAR_SIMPLEX	SIMPLEX_OTHER_EXTERNAL_CONTEXT	R3_REMAINING_SIMPLEX_YI_GE	selected_一_is_not_part_of_visible_complex_cardinal_and_is_immediately_followed_by_count_classifier_个	Wu 2024 journal p.370 examples (7)-(8) and p.381 example (20a)	YI_T2	YI_T2	yi2	YI_T2	MATCH	MATCH	ELIGIBLE_SIMPLEX_FRAME	FALSE	FALSE
5197	SSB0080	SSB00800051.TextGrid	BARE	3	2	1	一	有一个异教徒看见你也在那里	development	有	有	个	个异教徒看见你也	CLEAR_SIMPLEX	SIMPLEX_OTHER_EXTERNAL_CONTEXT	R3_REMAINING_SIMPLEX_YI_GE	selected_一_is_not_part_of_visible_complex_cardinal_and_is_immediately_followed_by_count_classifier_个	Wu 2024 journal p.370 examples (7)-(8) and p.381 example (20a)	YI_T2	YI_T2	yi2	YI_T2	MATCH	MATCH	ELIGIBLE_SIMPLEX_FRAME	FALSE	FALSE
5284	SSB0080	SSB00800138.TextGrid	BARE	4	3	1	一	这是一个药品广告	development	这是	是	个	个药品广告	CLEAR_SIMPLEX	SIMPLEX_OTHER_EXTERNAL_CONTEXT	R3_REMAINING_SIMPLEX_YI_GE	selected_一_is_not_part_of_visible_complex_cardinal_and_is_immediately_followed_by_count_classifier_个	Wu 2024 journal p.370 examples (7)-(8) and p.381 example (20a)	YI_T2	YI_T2	yi2	YI_T2	MATCH	MATCH	ELIGIBLE_SIMPLEX_FRAME	FALSE	FALSE
5306	SSB0080	SSB00800161.TextGrid	BARE	4	3	1	一	他是一个不错的孩子	development	他是	是	个	个不错的孩子	CLEAR_SIMPLEX	SIMPLEX_OTHER_EXTERNAL_CONTEXT	R3_REMAINING_SIMPLEX_YI_GE	selected_一_is_not_part_of_visible_complex_cardinal_and_is_immediately_followed_by_count_classifier_个	Wu 2024 journal p.370 examples (7)-(8) and p.381 example (20a)	YI_T2	YI_T2	yi2	YI_T2	MATCH	MATCH	ELIGIBLE_SIMPLEX_FRAME	FALSE	FALSE
5321	SSB0080	SSB00800177.TextGrid	BARE	3	2	1	一	向一个已婚男人投怀送抱	development	向	向	个	个已婚男人投怀送	CLEAR_SIMPLEX	SIMPLEX_OTHER_EXTERNAL_CONTEXT	R3_REMAINING_SIMPLEX_YI_GE	selected_一_is_not_part_of_visible_complex_cardinal_and_is_immediately_followed_by_count_classifier_个	Wu 2024 journal p.370 examples (7)-(8) and p.381 example (20a)	YI_T2	YI_T2	yi2	YI_T2	MATCH	MATCH	ELIGIBLE_SIMPLEX_FRAME	FALSE	FALSE
5331	SSB0080	SSB00800188.TextGrid	ORDINAL	3	2	1	一	第一个作品	development	第	第	个	个作品	ORDINAL_ABSOLUTE	EXACT_DI_YI_GE	R0_EXACT_ORDINAL	selected_target_occurs_in_exact_第一个	Wu 2024 journal p.374 example (15)	YI_T1	YI_T1	yi2	YI_T2	COUNTEREXAMPLE	COUNTEREXAMPLE	ELIGIBLE_ORDINAL_FRAME	FALSE	FALSE
5364	SSB0080	SSB00800221.TextGrid	BARE	10	9	1	一	我们很快整理出了一个朋洗室	development	我们很快整理出了	了	个	个朋洗室	CLEAR_SIMPLEX	SIMPLEX_OTHER_EXTERNAL_CONTEXT	R3_REMAINING_SIMPLEX_YI_GE	selected_一_is_not_part_of_visible_complex_cardinal_and_is_immediately_followed_by_count_classifier_个	Wu 2024 journal p.370 examples (7)-(8) and p.381 example (20a)	YI_T2	YI_T2	yi2	YI_T2	MATCH	MATCH	ELIGIBLE_SIMPLEX_FRAME	FALSE	FALSE
5375	SSB0080	SSB00800232.TextGrid	BARE	16	15	1	一	我从没见过我哥这么热情地招待一个人	development	哥这么热情地招待	待	个	个人	CLEAR_SIMPLEX	SIMPLEX_OTHER_EXTERNAL_CONTEXT	R3_REMAINING_SIMPLEX_YI_GE	selected_一_is_not_part_of_visible_complex_cardinal_and_is_immediately_followed_by_count_classifier_个	Wu 2024 journal p.370 examples (7)-(8) and p.381 example (20a)	YI_T2	YI_T2	yi2	YI_T2	MATCH	MATCH	ELIGIBLE_SIMPLEX_FRAME	FALSE	FALSE
5443	SSB0080	SSB00800302.TextGrid	BARE	12	11	1	一	你知道我们是去教堂见一个传教士吧	development	道我们是去教堂见	见	个	个传教士吧	CLEAR_SIMPLEX	SIMPLEX_OTHER_EXTERNAL_CONTEXT	R3_REMAINING_SIMPLEX_YI_GE	selected_一_is_not_part_of_visible_complex_cardinal_and_is_immediately_followed_by_count_classifier_个	Wu 2024 journal p.370 examples (7)-(8) and p.381 example (20a)	YI_T2	YI_T2	yi2	YI_T2	MATCH	MATCH	ELIGIBLE_SIMPLEX_FRAME	FALSE	FALSE
5467	SSB0080	SSB00800328.TextGrid	BARE	3	2	1	一	挑一个你喜欢的人来调查	development	挑	挑	个	个你喜欢的人来调	CLEAR_SIMPLEX	SIMPLEX_OTHER_EXTERNAL_CONTEXT	R3_REMAINING_SIMPLEX_YI_GE	selected_一_is_not_part_of_visible_complex_cardinal_and_is_immediately_followed_by_count_classifier_个	Wu 2024 journal p.370 examples (7)-(8) and p.381 example (20a)	YI_T2	YI_T2	yi2	YI_T2	MATCH	MATCH	ELIGIBLE_SIMPLEX_FRAME	FALSE	FALSE
5564	SSB0080	SSB00800427.TextGrid	BARE	2	1	1	一	一个小偷在一一五路公交车上对老人行窃时	development		START	个	个小偷在一一五路	CLEAR_SIMPLEX	SIMPLEX_OTHER_EXTERNAL_CONTEXT	R3_REMAINING_SIMPLEX_YI_GE	selected_一_is_not_part_of_visible_complex_cardinal_and_is_immediately_followed_by_count_classifier_个	Wu 2024 journal p.370 examples (7)-(8) and p.381 example (20a)	YI_T2	YI_T2	yi2	YI_T2	MATCH	MATCH	ELIGIBLE_SIMPLEX_FRAME	FALSE	FALSE
5632	SSB0080	SSB00800500.TextGrid	BARE	2	1	1	一	一个清白的记录	development		START	个	个清白的记录	CLEAR_SIMPLEX	SIMPLEX_OTHER_EXTERNAL_CONTEXT	R3_REMAINING_SIMPLEX_YI_GE	selected_一_is_not_part_of_visible_complex_cardinal_and_is_immediately_followed_by_count_classifier_个	Wu 2024 journal p.370 examples (7)-(8) and p.381 example (20a)	YI_T2	YI_T2	yi2	YI_T2	MATCH	MATCH	ELIGIBLE_SIMPLEX_FRAME	FALSE	FALSE
5743	SSB0112	SSB01120117.TextGrid	BARE	6	5	1	一	你知道有一个女人和她女儿死于那场火灾吧	development	你知道有	有	个	个女人和她女儿死	CLEAR_SIMPLEX	SIMPLEX_OTHER_EXTERNAL_CONTEXT	R3_REMAINING_SIMPLEX_YI_GE	selected_一_is_not_part_of_visible_complex_cardinal_and_is_immediately_followed_by_count_classifier_个	Wu 2024 journal p.370 examples (7)-(8) and p.381 example (20a)	YI_T2	YI_T2	yi2	YI_T2	MATCH	MATCH	ELIGIBLE_SIMPLEX_FRAME	FALSE	FALSE
5776	SSB0112	SSB01120154.TextGrid	BARE	3	2	1	一	对一个有优越才能的人来说	development	对	对	个	个有优越才能的人	CLEAR_SIMPLEX	SIMPLEX_OTHER_EXTERNAL_CONTEXT	R3_REMAINING_SIMPLEX_YI_GE	selected_一_is_not_part_of_visible_complex_cardinal_and_is_immediately_followed_by_count_classifier_个	Wu 2024 journal p.370 examples (7)-(8) and p.381 example (20a)	YI_T2	YI_T2	yi2	YI_T2	MATCH	MATCH	ELIGIBLE_SIMPLEX_FRAME	FALSE	FALSE
5787	SSB0112	SSB01120166.TextGrid	BARE	9	7	1	一	从二年前开始一个月二次	development	从二年前开始	始	个	个月二次	CLEAR_SIMPLEX	SIMPLEX_OTHER_EXTERNAL_CONTEXT	R3_REMAINING_SIMPLEX_YI_GE	selected_一_is_not_part_of_visible_complex_cardinal_and_is_immediately_followed_by_count_classifier_个	Wu 2024 journal p.370 examples (7)-(8) and p.381 example (20a)	YI_T2	YI_T2	yi2	YI_T2	MATCH	MATCH	ELIGIBLE_SIMPLEX_FRAME	FALSE	FALSE
5804	SSB0112	SSB01120186.TextGrid	BARE	2	1	1	一	一个朋友跟我说	development		START	个	个朋友跟我说	CLEAR_SIMPLEX	SIMPLEX_OTHER_EXTERNAL_CONTEXT	R3_REMAINING_SIMPLEX_YI_GE	selected_一_is_not_part_of_visible_complex_cardinal_and_is_immediately_followed_by_count_classifier_个	Wu 2024 journal p.370 examples (7)-(8) and p.381 example (20a)	YI_T2	YI_T2	yi2	YI_T2	MATCH	MATCH	ELIGIBLE_SIMPLEX_FRAME	FALSE	FALSE
5812	SSB0112	SSB01120196.TextGrid	BARE	4	3	1	一	如果一个知道未来的人指着一个小孩子	development	如果	果	个	个知道未来的人指	CLEAR_SIMPLEX	SIMPLEX_OTHER_EXTERNAL_CONTEXT	R3_REMAINING_SIMPLEX_YI_GE	selected_一_is_not_part_of_visible_complex_cardinal_and_is_immediately_followed_by_count_classifier_个	Wu 2024 journal p.370 examples (7)-(8) and p.381 example (20a)	YI_T2	YI_T2	yi2	YI_T2	MATCH	MATCH	ELIGIBLE_SIMPLEX_FRAME	FALSE	FALSE
5812	SSB0112	SSB01120196.TextGrid	BARE	14	13	2	一	如果一个知道未来的人指着一个小孩子	development	知道未来的人指着	着	个	个小孩子	CLEAR_SIMPLEX	SIMPLEX_OTHER_EXTERNAL_CONTEXT	R3_REMAINING_SIMPLEX_YI_GE	selected_一_is_not_part_of_visible_complex_cardinal_and_is_immediately_followed_by_count_classifier_个	Wu 2024 journal p.370 examples (7)-(8) and p.381 example (20a)	YI_T2	YI_T2	yi2	YI_T2	MATCH	MATCH	ELIGIBLE_SIMPLEX_FRAME	FALSE	FALSE
5970	SSB0112	SSB01120368.TextGrid	BARE	6	5	1	一	两个门牌一个家	development	两个门牌	牌	个	个家	CLEAR_SIMPLEX	SIMPLEX_OTHER_EXTERNAL_CONTEXT	R3_REMAINING_SIMPLEX_YI_GE	selected_一_is_not_part_of_visible_complex_cardinal_and_is_immediately_followed_by_count_classifier_个	Wu 2024 journal p.370 examples (7)-(8) and p.381 example (20a)	YI_T2	YI_T2	yi2	YI_T2	MATCH	MATCH	ELIGIBLE_SIMPLEX_FRAME	FALSE	FALSE
6033	SSB0112	SSB01120438.TextGrid	BARE	2	1	1	一	一个和我约会的人	development		START	个	个和我约会的人	CLEAR_SIMPLEX	SIMPLEX_OTHER_EXTERNAL_CONTEXT	R3_REMAINING_SIMPLEX_YI_GE	selected_一_is_not_part_of_visible_complex_cardinal_and_is_immediately_followed_by_count_classifier_个	Wu 2024 journal p.370 examples (7)-(8) and p.381 example (20a)	YI_T2	YI_T2	yi2	YI_T2	MATCH	MATCH	ELIGIBLE_SIMPLEX_FRAME	FALSE	FALSE
6042	SSB0112	SSB01120449.TextGrid	BARE	6	5	1	一	你能明白一个囚徒的心思吗	development	你能明白	白	个	个囚徒的心思吗	CLEAR_SIMPLEX	SIMPLEX_OTHER_EXTERNAL_CONTEXT	R3_REMAINING_SIMPLEX_YI_GE	selected_一_is_not_part_of_visible_complex_cardinal_and_is_immediately_followed_by_count_classifier_个	Wu 2024 journal p.370 examples (7)-(8) and p.381 example (20a)	YI_T2	YI_T2	yi2	YI_T2	MATCH	MATCH	ELIGIBLE_SIMPLEX_FRAME	FALSE	FALSE
6090	SSB0122	SSB01220007.TextGrid	BARE	21	19	1	一	可以说这也将是促进未来整体业务增长的一个重要环节	development	来整体业务增长的	的	个	个重要环节	CLEAR_SIMPLEX	SIMPLEX_OTHER_EXTERNAL_CONTEXT	R3_REMAINING_SIMPLEX_YI_GE	selected_一_is_not_part_of_visible_complex_cardinal_and_is_immediately_followed_by_count_classifier_个	Wu 2024 journal p.370 examples (7)-(8) and p.381 example (20a)	YI_T2	YI_T2	yi2	YI_T2	MATCH	MATCH	ELIGIBLE_SIMPLEX_FRAME	FALSE	FALSE
6129	SSB0122	SSB01220048.TextGrid	BARE	6	5	1	一	所以这是一个非常现实的问题	development	所以这是	是	个	个非常现实的问题	CLEAR_SIMPLEX	SIMPLEX_OTHER_EXTERNAL_CONTEXT	R3_REMAINING_SIMPLEX_YI_GE	selected_一_is_not_part_of_visible_complex_cardinal_and_is_immediately_followed_by_count_classifier_个	Wu 2024 journal p.370 examples (7)-(8) and p.381 example (20a)	YI_T2	YI_T2	yi2	YI_T2	MATCH	MATCH	ELIGIBLE_SIMPLEX_FRAME	FALSE	FALSE
6152	SSB0122	SSB01220073.TextGrid	BARE	6	5	1	一	我觉得摔一个跟头才长得快	development	我觉得摔	摔	个	个跟头才长得快	CLEAR_SIMPLEX	SIMPLEX_OTHER_EXTERNAL_CONTEXT	R3_REMAINING_SIMPLEX_YI_GE	selected_一_is_not_part_of_visible_complex_cardinal_and_is_immediately_followed_by_count_classifier_个	Wu 2024 journal p.370 examples (7)-(8) and p.381 example (20a)	YI_T2	YI_T2	yi2	YI_T2	MATCH	MATCH	ELIGIBLE_SIMPLEX_FRAME	FALSE	FALSE
6220	SSB0122	SSB01220149.TextGrid	BARE	10	9	1	一	仅仅是对不动产的一个政策	development	仅仅是对不动产的	的	个	个政策	CLEAR_SIMPLEX	SIMPLEX_OTHER_EXTERNAL_CONTEXT	R3_REMAINING_SIMPLEX_YI_GE	selected_一_is_not_part_of_visible_complex_cardinal_and_is_immediately_followed_by_count_classifier_个	Wu 2024 journal p.370 examples (7)-(8) and p.381 example (20a)	YI_T2	YI_T2	yi2	YI_T2	MATCH	MATCH	ELIGIBLE_SIMPLEX_FRAME	FALSE	FALSE
6240	SSB0122	SSB01220174.TextGrid	BARE	2	1	1	一	一个多月疯狂诈骗四百多万元	development		START	个	个多月疯狂诈骗四	CLEAR_SIMPLEX	SIMPLEX_OTHER_EXTERNAL_CONTEXT	R3_REMAINING_SIMPLEX_YI_GE	selected_一_is_not_part_of_visible_complex_cardinal_and_is_immediately_followed_by_count_classifier_个	Wu 2024 journal p.370 examples (7)-(8) and p.381 example (20a)	YI_T2	YI_T2	yi2	YI_T2	MATCH	MATCH	ELIGIBLE_SIMPLEX_FRAME	FALSE	FALSE
6347	SSB0122	SSB01220287.TextGrid	BARE	4	3	1	一	还有一个问题也很实在	development	还有	有	个	个问题也很实在	CLEAR_SIMPLEX	SIMPLEX_OTHER_EXTERNAL_CONTEXT	R3_REMAINING_SIMPLEX_YI_GE	selected_一_is_not_part_of_visible_complex_cardinal_and_is_immediately_followed_by_count_classifier_个	Wu 2024 journal p.370 examples (7)-(8) and p.381 example (20a)	YI_T2	YI_T2	yi2	YI_T2	MATCH	MATCH	ELIGIBLE_SIMPLEX_FRAME	FALSE	FALSE
6440	SSB0122	SSB01220386.TextGrid	BARE	12	11	1	一	所以安全问题其实也是一个商机问题	development	安全问题其实也是	是	个	个商机问题	CLEAR_SIMPLEX	SIMPLEX_OTHER_EXTERNAL_CONTEXT	R3_REMAINING_SIMPLEX_YI_GE	selected_一_is_not_part_of_visible_complex_cardinal_and_is_immediately_followed_by_count_classifier_个	Wu 2024 journal p.370 examples (7)-(8) and p.381 example (20a)	YI_T2	YI_T2	yi2	YI_T2	MATCH	MATCH	ELIGIBLE_SIMPLEX_FRAME	FALSE	FALSE
6480	SSB0122	SSB01220428.TextGrid	BARE	5	4	1	一	面对同一个暂行条列	development	面对同	同	个	个暂行条列	CLEAR_SIMPLEX	SIMPLEX_MODIFIED_TONG	R3_REMAINING_SIMPLEX_YI_GE	visible_string=同一个; selected_一_is_immediately_followed_by_count_classifier_个	Wu 2024 journal p.370 examples (7)-(8) and p.381 example (20a)	YI_T2	YI_T2	yi2	YI_T2	MATCH	MATCH	ELIGIBLE_SIMPLEX_FRAME	FALSE	FALSE
6523	SSB0122	SSB01220473.TextGrid	BARE	12	11	1	一	每个不动产都有望获得一个身份证	development	不动产都有望获得	得	个	个身份证	CLEAR_SIMPLEX	SIMPLEX_OTHER_EXTERNAL_CONTEXT	R3_REMAINING_SIMPLEX_YI_GE	selected_一_is_not_part_of_visible_complex_cardinal_and_is_immediately_followed_by_count_classifier_个	Wu 2024 journal p.370 examples (7)-(8) and p.381 example (20a)	YI_T2	YI_T2	yi2	YI_T2	MATCH	MATCH	ELIGIBLE_SIMPLEX_FRAME	FALSE	FALSE
6591	SSB0133	SSB01330065.TextGrid	BARE	5	4	1	一	达州是一个美丽的城市	development	达州是	是	个	个美丽的城市	CLEAR_SIMPLEX	SIMPLEX_OTHER_EXTERNAL_CONTEXT	R3_REMAINING_SIMPLEX_YI_GE	selected_一_is_not_part_of_visible_complex_cardinal_and_is_immediately_followed_by_count_classifier_个	Wu 2024 journal p.370 examples (7)-(8) and p.381 example (20a)	YI_T2	YI_T2	yi2	YI_T2	MATCH	MATCH	ELIGIBLE_SIMPLEX_FRAME	FALSE	FALSE
6652	SSB0133	SSB01330131.TextGrid	BARE	7	6	1	一	试图打造为一个规模庞大的进口版广交会	development	试图打造为	为	个	个规模庞大的进口	CLEAR_SIMPLEX	SIMPLEX_OTHER_EXTERNAL_CONTEXT	R3_REMAINING_SIMPLEX_YI_GE	selected_一_is_not_part_of_visible_complex_cardinal_and_is_immediately_followed_by_count_classifier_个	Wu 2024 journal p.370 examples (7)-(8) and p.381 example (20a)	YI_T2	YI_T2	yi2	YI_T2	MATCH	MATCH	ELIGIBLE_SIMPLEX_FRAME	FALSE	FALSE
6656	SSB0133	SSB01330135.TextGrid	BARE	12	10	1	一	该老人一生共养育一一个孩子	development	老人一生共养育一	一	个	个孩子	AMBIGUOUS_OR_OUTSIDE_SCOPE	APPARENT_DUPLICATED_YI_TRANSCRIPT	R2_UNRESOLVED_ADJACENT_YI	visible_sequence=一一个; intended_wording_or_tokenization_not_recoverable_from_hanzi	no source prediction assigned	NO_PREDICTION	YI_T2	yi1	YI_T1	COUNTEREXAMPLE	NO_CONCLUSION_SCOPE	INELIGIBLE_SCOPE_UNRESOLVED	FALSE	FALSE
6758	SSB0133	SSB01330244.TextGrid	BARE	6	5	1	一	确保拥有一个良好的身体状况	development	确保拥有	有	个	个良好的身体状况	CLEAR_SIMPLEX	SIMPLEX_OTHER_EXTERNAL_CONTEXT	R3_REMAINING_SIMPLEX_YI_GE	selected_一_is_not_part_of_visible_complex_cardinal_and_is_immediately_followed_by_count_classifier_个	Wu 2024 journal p.370 examples (7)-(8) and p.381 example (20a)	YI_T2	YI_T2	yi2	YI_T2	MATCH	MATCH	ELIGIBLE_SIMPLEX_FRAME	FALSE	FALSE
6816	SSB0133	SSB01330304.TextGrid	BARE	6	5	1	一	如何建立一个双赢的生态环境	development	如何建立	立	个	个双赢的生态环境	CLEAR_SIMPLEX	SIMPLEX_OTHER_EXTERNAL_CONTEXT	R3_REMAINING_SIMPLEX_YI_GE	selected_一_is_not_part_of_visible_complex_cardinal_and_is_immediately_followed_by_count_classifier_个	Wu 2024 journal p.370 examples (7)-(8) and p.381 example (20a)	YI_T2	YI_T2	yi2	YI_T2	MATCH	MATCH	ELIGIBLE_SIMPLEX_FRAME	FALSE	FALSE
6981	SSB0139	SSB01390015.TextGrid	ORDINAL	9	8	1	一	他当年接生的第一个孩子	development	他当年接生的第	第	个	个孩子	ORDINAL_ABSOLUTE	EXACT_DI_YI_GE	R0_EXACT_ORDINAL	selected_target_occurs_in_exact_第一个	Wu 2024 journal p.374 example (15)	YI_T1	YI_T1	yi2	YI_T2	COUNTEREXAMPLE	COUNTEREXAMPLE	ELIGIBLE_ORDINAL_FRAME	FALSE	FALSE
6998	SSB0139	SSB01390033.TextGrid	BARE	4	3	1	一	而下一个重要时点则是九月底前	development	而下	下	个	个重要时点则是九	CLEAR_SIMPLEX	SIMPLEX_SEQUENTIAL_XIA	R3_REMAINING_SIMPLEX_YI_GE	visible_string=下一个; selected_一_is_immediately_followed_by_count_classifier_个	Wu 2024 journal p.370 examples (7)-(8) and p.381 example (20a)	YI_T2	YI_T2	yi2	YI_T2	MATCH	MATCH	ELIGIBLE_SIMPLEX_FRAME	FALSE	FALSE
7004	SSB0139	SSB01390039.TextGrid	BARE	14	13	1	一	国新社用肥大的鼻子嗅着每一个雇员的动作	development	肥大的鼻子嗅着每	每	个	个雇员的动作	CLEAR_SIMPLEX	SIMPLEX_MODIFIED_MEI	R3_REMAINING_SIMPLEX_YI_GE	visible_string=每一个; selected_一_is_immediately_followed_by_count_classifier_个	Wu 2024 journal p.370 examples (7)-(8) and p.381 example (20a)	YI_T2	YI_T2	yi2	YI_T2	MATCH	MATCH	ELIGIBLE_SIMPLEX_FRAME	FALSE	FALSE
7046	SSB0139	SSB01390082.TextGrid	BARE	5	4	1	一	而这样一个计划所带来的设计难题也是相当迷人的	development	而这样	样	个	个计划所带来的设	CLEAR_SIMPLEX	SIMPLEX_OTHER_EXTERNAL_CONTEXT	R3_REMAINING_SIMPLEX_YI_GE	selected_一_is_not_part_of_visible_complex_cardinal_and_is_immediately_followed_by_count_classifier_个	Wu 2024 journal p.370 examples (7)-(8) and p.381 example (20a)	YI_T2	YI_T2	yi2	YI_T2	MATCH	MATCH	ELIGIBLE_SIMPLEX_FRAME	FALSE	FALSE
7085	SSB0139	SSB01390128.TextGrid	BARE	13	12	1	一	在中央公园他让观众选了一个牌然后签上名	development	公园他让观众选了	了	个	个牌然后签上名	CLEAR_SIMPLEX	SIMPLEX_OTHER_EXTERNAL_CONTEXT	R3_REMAINING_SIMPLEX_YI_GE	selected_一_is_not_part_of_visible_complex_cardinal_and_is_immediately_followed_by_count_classifier_个	Wu 2024 journal p.370 examples (7)-(8) and p.381 example (20a)	YI_T2	YI_T2	yi2	YI_T2	MATCH	MATCH	ELIGIBLE_SIMPLEX_FRAME	FALSE	FALSE
7186	SSB0139	SSB01390236.TextGrid	BARE	11	10	1	一	在我们内部都觉得是一个奇迹	development	我们内部都觉得是	是	个	个奇迹	CLEAR_SIMPLEX	SIMPLEX_OTHER_EXTERNAL_CONTEXT	R3_REMAINING_SIMPLEX_YI_GE	selected_一_is_not_part_of_visible_complex_cardinal_and_is_immediately_followed_by_count_classifier_个	Wu 2024 journal p.370 examples (7)-(8) and p.381 example (20a)	YI_T2	YI_T2	yi2	YI_T2	MATCH	MATCH	ELIGIBLE_SIMPLEX_FRAME	FALSE	FALSE
7274	SSB0139	SSB01390336.TextGrid	BARE	9	8	1	一	然后把我扔到了一个不知名的地方	development	然后把我扔到了	了	个	个不知名的地方	CLEAR_SIMPLEX	SIMPLEX_OTHER_EXTERNAL_CONTEXT	R3_REMAINING_SIMPLEX_YI_GE	selected_一_is_not_part_of_visible_complex_cardinal_and_is_immediately_followed_by_count_classifier_个	Wu 2024 journal p.370 examples (7)-(8) and p.381 example (20a)	YI_T2	YI_T2	yi2	YI_T2	MATCH	MATCH	ELIGIBLE_SIMPLEX_FRAME	FALSE	FALSE
7286	SSB0139	SSB01390348.TextGrid	BARE	12	11	1	一	近来量价两大指标总有一个要跌	development	量价两大指标总有	有	个	个要跌	CLEAR_SIMPLEX	SIMPLEX_OTHER_EXTERNAL_CONTEXT	R3_REMAINING_SIMPLEX_YI_GE	selected_一_is_not_part_of_visible_complex_cardinal_and_is_immediately_followed_by_count_classifier_个	Wu 2024 journal p.370 examples (7)-(8) and p.381 example (20a)	YI_T2	YI_T2	yi2	YI_T2	MATCH	MATCH	ELIGIBLE_SIMPLEX_FRAME	FALSE	FALSE
7414	SSB0139	SSB01390482.TextGrid	BARE	7	6	1	一	那就给我找一个人	development	那就给我找	找	个	个人	CLEAR_SIMPLEX	SIMPLEX_OTHER_EXTERNAL_CONTEXT	R3_REMAINING_SIMPLEX_YI_GE	selected_一_is_not_part_of_visible_complex_cardinal_and_is_immediately_followed_by_count_classifier_个	Wu 2024 journal p.370 examples (7)-(8) and p.381 example (20a)	YI_T2	YI_T2	yi2	YI_T2	MATCH	MATCH	ELIGIBLE_SIMPLEX_FRAME	FALSE	FALSE
7463	SSB0145	SSB01450024.TextGrid	BARE	11	8	1	一	两只基金由以同一个基金经理掌管	development	两只基金由以同	同	个	个基金经理掌管	CLEAR_SIMPLEX	SIMPLEX_MODIFIED_TONG	R3_REMAINING_SIMPLEX_YI_GE	visible_string=同一个; selected_一_is_immediately_followed_by_count_classifier_个	Wu 2024 journal p.370 examples (7)-(8) and p.381 example (20a)	YI_T2	YI_T2	yi2	YI_T2	MATCH	MATCH	ELIGIBLE_SIMPLEX_FRAME	FALSE	FALSE
7590	SSB0145	SSB01450162.TextGrid	BARE	9	8	1	一	晚上顺产男婴后一个小时	development	晚上顺产男婴后	后	个	个小时	CLEAR_SIMPLEX	SIMPLEX_OTHER_EXTERNAL_CONTEXT	R3_REMAINING_SIMPLEX_YI_GE	selected_一_is_not_part_of_visible_complex_cardinal_and_is_immediately_followed_by_count_classifier_个	Wu 2024 journal p.370 examples (7)-(8) and p.381 example (20a)	YI_T2	YI_T2	yi2	YI_T2	MATCH	MATCH	ELIGIBLE_SIMPLEX_FRAME	FALSE	FALSE
7606	SSB0145	SSB01450178.TextGrid	BARE	8	7	1	一	同时也传递了一个信息	development	同时也传递了	了	个	个信息	CLEAR_SIMPLEX	SIMPLEX_OTHER_EXTERNAL_CONTEXT	R3_REMAINING_SIMPLEX_YI_GE	selected_一_is_not_part_of_visible_complex_cardinal_and_is_immediately_followed_by_count_classifier_个	Wu 2024 journal p.370 examples (7)-(8) and p.381 example (20a)	YI_T2	YI_T2	yi2	YI_T2	MATCH	MATCH	ELIGIBLE_SIMPLEX_FRAME	FALSE	FALSE
7645	SSB0145	SSB01450220.TextGrid	BARE	5	4	1	一	果然每一个胖子都是潜力股	development	果然每	每	个	个胖子都是潜力股	CLEAR_SIMPLEX	SIMPLEX_MODIFIED_MEI	R3_REMAINING_SIMPLEX_YI_GE	visible_string=每一个; selected_一_is_immediately_followed_by_count_classifier_个	Wu 2024 journal p.370 examples (7)-(8) and p.381 example (20a)	YI_T2	YI_T2	yi2	YI_T2	MATCH	MATCH	ELIGIBLE_SIMPLEX_FRAME	FALSE	FALSE
7695	SSB0145	SSB01450277.TextGrid	BARE	7	6	1	一	几乎瘦掉了一个自己	development	几乎瘦掉了	了	个	个自己	CLEAR_SIMPLEX	SIMPLEX_OTHER_EXTERNAL_CONTEXT	R3_REMAINING_SIMPLEX_YI_GE	selected_一_is_not_part_of_visible_complex_cardinal_and_is_immediately_followed_by_count_classifier_个	Wu 2024 journal p.370 examples (7)-(8) and p.381 example (20a)	YI_T2	YI_T2	yi2	YI_T2	MATCH	MATCH	ELIGIBLE_SIMPLEX_FRAME	FALSE	FALSE
7716	SSB0145	SSB01450300.TextGrid	BARE	10	8	1	一	这只肥胖到底是一个什么概念	development	这只肥胖到底是	是	个	个什么概念	CLEAR_SIMPLEX	SIMPLEX_OTHER_EXTERNAL_CONTEXT	R3_REMAINING_SIMPLEX_YI_GE	selected_一_is_not_part_of_visible_complex_cardinal_and_is_immediately_followed_by_count_classifier_个	Wu 2024 journal p.370 examples (7)-(8) and p.381 example (20a)	YI_T2	YI_T2	yi2	YI_T2	MATCH	MATCH	ELIGIBLE_SIMPLEX_FRAME	FALSE	FALSE
7848	SSB0145	SSB01450454.TextGrid	BARE	9	8	1	一	以至于积木成了一个累赘	development	以至于积木成了	了	个	个累赘	CLEAR_SIMPLEX	SIMPLEX_OTHER_EXTERNAL_CONTEXT	R3_REMAINING_SIMPLEX_YI_GE	selected_一_is_not_part_of_visible_complex_cardinal_and_is_immediately_followed_by_count_classifier_个	Wu 2024 journal p.370 examples (7)-(8) and p.381 example (20a)	YI_T2	YI_T2	yi2	YI_T2	MATCH	MATCH	ELIGIBLE_SIMPLEX_FRAME	FALSE	FALSE
8124	SSB0149	SSB01490274.TextGrid	BARE	6	5	1	一	透露自己一个礼拜不出家门都没问题	confirmation	透露自己	己	个	个礼拜不出家门都	CLEAR_SIMPLEX	SIMPLEX_OTHER_EXTERNAL_CONTEXT	R3_REMAINING_SIMPLEX_YI_GE	selected_一_is_not_part_of_visible_complex_cardinal_and_is_immediately_followed_by_count_classifier_个	Wu 2024 journal p.370 examples (7)-(8) and p.381 example (20a)	YI_T2	YI_T2	yi2	YI_T2	MATCH	MATCH	ELIGIBLE_SIMPLEX_FRAME	FALSE	FALSE
8197	SSB0149	SSB01490354.TextGrid	BARE	2	1	1	一	一个人被困在漆黑的桥厢里	confirmation		START	个	个人被困在漆黑的	CLEAR_SIMPLEX	SIMPLEX_OTHER_EXTERNAL_CONTEXT	R3_REMAINING_SIMPLEX_YI_GE	selected_一_is_not_part_of_visible_complex_cardinal_and_is_immediately_followed_by_count_classifier_个	Wu 2024 journal p.370 examples (7)-(8) and p.381 example (20a)	YI_T2	YI_T2	yi2	YI_T2	MATCH	MATCH	ELIGIBLE_SIMPLEX_FRAME	FALSE	FALSE
8252	SSB0149	SSB01490413.TextGrid	BARE	9	7	1	一	记者能体会到一个小团队不懈的意志	confirmation	记者能体会到	到	个	个小团队不懈的意	CLEAR_SIMPLEX	SIMPLEX_OTHER_EXTERNAL_CONTEXT	R3_REMAINING_SIMPLEX_YI_GE	selected_一_is_not_part_of_visible_complex_cardinal_and_is_immediately_followed_by_count_classifier_个	Wu 2024 journal p.370 examples (7)-(8) and p.381 example (20a)	YI_T2	YI_T2	yi2	YI_T2	MATCH	MATCH	ELIGIBLE_SIMPLEX_FRAME	FALSE	FALSE
8254	SSB0149	SSB01490415.TextGrid	BARE	6	5	1	一	逆回购是一个比较灵活而且操作期限也比较短的工具	confirmation	逆回购是	是	个	个比较灵活而且操	CLEAR_SIMPLEX	SIMPLEX_OTHER_EXTERNAL_CONTEXT	R3_REMAINING_SIMPLEX_YI_GE	selected_一_is_not_part_of_visible_complex_cardinal_and_is_immediately_followed_by_count_classifier_个	Wu 2024 journal p.370 examples (7)-(8) and p.381 example (20a)	YI_T2	YI_T2	yi2	YI_T2	MATCH	MATCH	ELIGIBLE_SIMPLEX_FRAME	FALSE	FALSE
8290	SSB0149	SSB01490456.TextGrid	BARE	10	9	1	一	可能会对市场形成一个新的拉动	confirmation	可能会对市场形成	成	个	个新的拉动	CLEAR_SIMPLEX	SIMPLEX_OTHER_EXTERNAL_CONTEXT	R3_REMAINING_SIMPLEX_YI_GE	selected_一_is_not_part_of_visible_complex_cardinal_and_is_immediately_followed_by_count_classifier_个	Wu 2024 journal p.370 examples (7)-(8) and p.381 example (20a)	YI_T2	YI_T2	yi2	YI_T2	MATCH	MATCH	ELIGIBLE_SIMPLEX_FRAME	FALSE	FALSE
8308	SSB0149	SSB01490474.TextGrid	BARE	6	5	1	一	只有有了一个基本的生态法则	confirmation	只有有了	了	个	个基本的生态法则	CLEAR_SIMPLEX	SIMPLEX_OTHER_EXTERNAL_CONTEXT	R3_REMAINING_SIMPLEX_YI_GE	selected_一_is_not_part_of_visible_complex_cardinal_and_is_immediately_followed_by_count_classifier_个	Wu 2024 journal p.370 examples (7)-(8) and p.381 example (20a)	YI_T2	YI_T2	yi2	YI_T2	MATCH	MATCH	ELIGIBLE_SIMPLEX_FRAME	FALSE	FALSE
8415	SSB0193	SSB01930119.TextGrid	BARE	5	4	1	一	他们中一个是高级顾问	development	他们中	中	个	个是高级顾问	CLEAR_SIMPLEX	SIMPLEX_OTHER_EXTERNAL_CONTEXT	R3_REMAINING_SIMPLEX_YI_GE	selected_一_is_not_part_of_visible_complex_cardinal_and_is_immediately_followed_by_count_classifier_个	Wu 2024 journal p.370 examples (7)-(8) and p.381 example (20a)	YI_T2	YI_T2	yi2	YI_T2	MATCH	MATCH	ELIGIBLE_SIMPLEX_FRAME	FALSE	FALSE
8499	SSB0193	SSB01930223.TextGrid	BARE	7	6	1	一	这样大胆的一个计划需要	development	这样大胆的	的	个	个计划需要	CLEAR_SIMPLEX	SIMPLEX_OTHER_EXTERNAL_CONTEXT	R3_REMAINING_SIMPLEX_YI_GE	selected_一_is_not_part_of_visible_complex_cardinal_and_is_immediately_followed_by_count_classifier_个	Wu 2024 journal p.370 examples (7)-(8) and p.381 example (20a)	YI_T2	YI_T2	yi2	YI_T2	MATCH	MATCH	ELIGIBLE_SIMPLEX_FRAME	FALSE	FALSE
8559	SSB0193	SSB01930298.TextGrid	BARE	9	7	1	一	随便听听爱上一个不回家的人	development	随便听听爱上	上	个	个不回家的人	CLEAR_SIMPLEX	SIMPLEX_SEQUENTIAL_SHANG	R3_REMAINING_SIMPLEX_YI_GE	visible_string=上一个; selected_一_is_immediately_followed_by_count_classifier_个	Wu 2024 journal p.370 examples (7)-(8) and p.381 example (20a)	YI_T2	YI_T2	yi2	YI_T2	MATCH	MATCH	ELIGIBLE_SIMPLEX_FRAME	FALSE	FALSE
8561	SSB0193	SSB01930300.TextGrid	BARE	2	1	1	一	一个不会自我毁灭的时代	development		START	个	个不会自我毁灭的	CLEAR_SIMPLEX	SIMPLEX_OTHER_EXTERNAL_CONTEXT	R3_REMAINING_SIMPLEX_YI_GE	selected_一_is_not_part_of_visible_complex_cardinal_and_is_immediately_followed_by_count_classifier_个	Wu 2024 journal p.370 examples (7)-(8) and p.381 example (20a)	YI_T2	YI_T2	yi2	YI_T2	MATCH	MATCH	ELIGIBLE_SIMPLEX_FRAME	FALSE	FALSE
8582	SSB0193	SSB01930328.TextGrid	BARE	8	7	1	一	你有没有听过一个叫埃及的地方	development	你有没有听过	过	个	个叫埃及的地方	CLEAR_SIMPLEX	SIMPLEX_OTHER_EXTERNAL_CONTEXT	R3_REMAINING_SIMPLEX_YI_GE	selected_一_is_not_part_of_visible_complex_cardinal_and_is_immediately_followed_by_count_classifier_个	Wu 2024 journal p.370 examples (7)-(8) and p.381 example (20a)	YI_T2	YI_T2	yi2	YI_T2	MATCH	MATCH	ELIGIBLE_SIMPLEX_FRAME	FALSE	FALSE
8608	SSB0193	SSB01930357.TextGrid	BARE	10	9	1	一	但或许我能还你们一个公道	development	但或许我能还你们	们	个	个公道	CLEAR_SIMPLEX	SIMPLEX_OTHER_EXTERNAL_CONTEXT	R3_REMAINING_SIMPLEX_YI_GE	selected_一_is_not_part_of_visible_complex_cardinal_and_is_immediately_followed_by_count_classifier_个	Wu 2024 journal p.370 examples (7)-(8) and p.381 example (20a)	YI_T2	YI_T2	yi2	YI_T2	MATCH	MATCH	ELIGIBLE_SIMPLEX_FRAME	FALSE	FALSE
8674	SSB0193	SSB01930429.TextGrid	BARE	13	11	1	一	婚姻法新解释只不过是一个导火索	development	法新解释只不过是	是	个	个导火索	CLEAR_SIMPLEX	SIMPLEX_OTHER_EXTERNAL_CONTEXT	R3_REMAINING_SIMPLEX_YI_GE	selected_一_is_not_part_of_visible_complex_cardinal_and_is_immediately_followed_by_count_classifier_个	Wu 2024 journal p.370 examples (7)-(8) and p.381 example (20a)	YI_T2	YI_T2	yi2	YI_T2	MATCH	MATCH	ELIGIBLE_SIMPLEX_FRAME	FALSE	FALSE
8684	SSB0193	SSB01930441.TextGrid	BARE	6	5	1	一	你要为了一个叛徒而忤逆国王的意思吗	development	你要为了	了	个	个叛徒而忤逆国王	CLEAR_SIMPLEX	SIMPLEX_OTHER_EXTERNAL_CONTEXT	R3_REMAINING_SIMPLEX_YI_GE	selected_一_is_not_part_of_visible_complex_cardinal_and_is_immediately_followed_by_count_classifier_个	Wu 2024 journal p.370 examples (7)-(8) and p.381 example (20a)	YI_T2	YI_T2	yi2	YI_T2	MATCH	MATCH	ELIGIBLE_SIMPLEX_FRAME	FALSE	FALSE
8732	SSB0193	SSB01930499.TextGrid	BARE	14	13	1	一	这是我们的一些成员制订的一个冒险计划	development	的一些成员制订的	的	个	个冒险计划	CLEAR_SIMPLEX	SIMPLEX_OTHER_EXTERNAL_CONTEXT	R3_REMAINING_SIMPLEX_YI_GE	selected_一_is_not_part_of_visible_complex_cardinal_and_is_immediately_followed_by_count_classifier_个	Wu 2024 journal p.370 examples (7)-(8) and p.381 example (20a)	YI_T2	YI_T2	yi2	YI_T2	MATCH	MATCH	ELIGIBLE_SIMPLEX_FRAME	FALSE	FALSE
8756	SSB0197	SSB01970019.TextGrid	BARE	10	9	1	一	这里是比较完善的一个基地	development	这里是比较完善的	的	个	个基地	CLEAR_SIMPLEX	SIMPLEX_OTHER_EXTERNAL_CONTEXT	R3_REMAINING_SIMPLEX_YI_GE	selected_一_is_not_part_of_visible_complex_cardinal_and_is_immediately_followed_by_count_classifier_个	Wu 2024 journal p.370 examples (7)-(8) and p.381 example (20a)	YI_T2	YI_T2	yi2	YI_T2	MATCH	MATCH	ELIGIBLE_SIMPLEX_FRAME	FALSE	FALSE
8908	SSB0197	SSB01970183.TextGrid	BARE	10	9	1	一	这项运动不仅是我一个人的事情	development	这项运动不仅是我	我	个	个人的事情	CLEAR_SIMPLEX	SIMPLEX_OTHER_EXTERNAL_CONTEXT	R3_REMAINING_SIMPLEX_YI_GE	selected_一_is_not_part_of_visible_complex_cardinal_and_is_immediately_followed_by_count_classifier_个	Wu 2024 journal p.370 examples (7)-(8) and p.381 example (20a)	YI_T2	YI_T2	yi2	YI_T2	MATCH	MATCH	ELIGIBLE_SIMPLEX_FRAME	FALSE	FALSE
8976	SSB0197	SSB01970253.TextGrid	BARE	5	4	1	一	但其中一个箱子的锁被撬	development	但其中	中	个	个箱子的锁被撬	CLEAR_SIMPLEX	SIMPLEX_OTHER_EXTERNAL_CONTEXT	R3_REMAINING_SIMPLEX_YI_GE	selected_一_is_not_part_of_visible_complex_cardinal_and_is_immediately_followed_by_count_classifier_个	Wu 2024 journal p.370 examples (7)-(8) and p.381 example (20a)	YI_T2	YI_T2	yi2	YI_T2	MATCH	MATCH	ELIGIBLE_SIMPLEX_FRAME	FALSE	FALSE
9015	SSB0197	SSB01970294.TextGrid	BARE	19	18	1	一	这名在读医学博士与骗子先后交手三十一个回合	development	骗子先后交手三十	十	个	个回合	CLEAR_COMPLEX_LAST_DIGIT	COMPLEX_CARDINAL_FINAL_DIGIT	R1_COMPLEX_FINAL_DIGIT	visible_multi_digit_cardinal=三十一; selected_一_is_final_digit_before_个	Wu 2024 journal p.381 example (28)	YI_T1	YI_T2	yi1	YI_T1	COUNTEREXAMPLE	MATCH	ELIGIBLE_COMPLEX_CONTROL_NOT_POOLED	FALSE	FALSE
9147	SSB0197	SSB01970433.TextGrid	BARE	11	10	1	一	尽管活动已经结束近一个月	development	管活动已经结束近	近	个	个月	CLEAR_SIMPLEX	SIMPLEX_OTHER_EXTERNAL_CONTEXT	R3_REMAINING_SIMPLEX_YI_GE	selected_一_is_not_part_of_visible_complex_cardinal_and_is_immediately_followed_by_count_classifier_个	Wu 2024 journal p.370 examples (7)-(8) and p.381 example (20a)	YI_T2	YI_T2	yi2	YI_T2	MATCH	MATCH	ELIGIBLE_SIMPLEX_FRAME	FALSE	FALSE
9231	SSB0200	SSB02000039.TextGrid	BARE	8	6	1	一	如今成为了一个半植物人	development	如今成为了	了	个	个半植物人	CLEAR_SIMPLEX	SIMPLEX_OTHER_EXTERNAL_CONTEXT	R3_REMAINING_SIMPLEX_YI_GE	selected_一_is_not_part_of_visible_complex_cardinal_and_is_immediately_followed_by_count_classifier_个	Wu 2024 journal p.370 examples (7)-(8) and p.381 example (20a)	YI_T2	YI_T2	yi2	YI_T2	MATCH	MATCH	ELIGIBLE_SIMPLEX_FRAME	FALSE	FALSE
9235	SSB0200	SSB02000043.TextGrid	BARE	6	5	1	一	脚下踏着一个非常酷的电动小车	development	脚下踏着	着	个	个非常酷的电动小	CLEAR_SIMPLEX	SIMPLEX_OTHER_EXTERNAL_CONTEXT	R3_REMAINING_SIMPLEX_YI_GE	selected_一_is_not_part_of_visible_complex_cardinal_and_is_immediately_followed_by_count_classifier_个	Wu 2024 journal p.370 examples (7)-(8) and p.381 example (20a)	YI_T2	YI_T2	yi2	YI_T2	MATCH	MATCH	ELIGIBLE_SIMPLEX_FRAME	FALSE	FALSE
9261	SSB0200	SSB02000070.TextGrid	BARE	4	3	1	一	碰到一个漂亮妹砣有点心动	development	碰到	到	个	个漂亮妹砣有点心	CLEAR_SIMPLEX	SIMPLEX_OTHER_EXTERNAL_CONTEXT	R3_REMAINING_SIMPLEX_YI_GE	selected_一_is_not_part_of_visible_complex_cardinal_and_is_immediately_followed_by_count_classifier_个	Wu 2024 journal p.370 examples (7)-(8) and p.381 example (20a)	YI_T2	YI_T2	yi2	YI_T2	MATCH	MATCH	ELIGIBLE_SIMPLEX_FRAME	FALSE	FALSE
9356	SSB0200	SSB02000172.TextGrid	BARE	9	8	1	一	那么其天然就是一个极好的输入方式	development	那么其天然就是	是	个	个极好的输入方式	CLEAR_SIMPLEX	SIMPLEX_OTHER_EXTERNAL_CONTEXT	R3_REMAINING_SIMPLEX_YI_GE	selected_一_is_not_part_of_visible_complex_cardinal_and_is_immediately_followed_by_count_classifier_个	Wu 2024 journal p.370 examples (7)-(8) and p.381 example (20a)	YI_T2	YI_T2	yi2	YI_T2	MATCH	MATCH	ELIGIBLE_SIMPLEX_FRAME	FALSE	FALSE
9409	SSB0200	SSB02000230.TextGrid	BARE	2	1	1	一	一个月收入达到七千到八千元	development		START	个	个月收入达到七千	CLEAR_SIMPLEX	SIMPLEX_OTHER_EXTERNAL_CONTEXT	R3_REMAINING_SIMPLEX_YI_GE	selected_一_is_not_part_of_visible_complex_cardinal_and_is_immediately_followed_by_count_classifier_个	Wu 2024 journal p.370 examples (7)-(8) and p.381 example (20a)	YI_T2	YI_T2	yi2	YI_T2	MATCH	MATCH	ELIGIBLE_SIMPLEX_FRAME	FALSE	FALSE
9416	SSB0200	SSB02000237.TextGrid	BARE	7	6	1	一	这也将催生一个全新的游戏模式	development	这也将催生	生	个	个全新的游戏模式	CLEAR_SIMPLEX	SIMPLEX_OTHER_EXTERNAL_CONTEXT	R3_REMAINING_SIMPLEX_YI_GE	selected_一_is_not_part_of_visible_complex_cardinal_and_is_immediately_followed_by_count_classifier_个	Wu 2024 journal p.370 examples (7)-(8) and p.381 example (20a)	YI_T2	YI_T2	yi2	YI_T2	MATCH	MATCH	ELIGIBLE_SIMPLEX_FRAME	FALSE	FALSE
9578	SSB0200	SSB02000408.TextGrid	BARE	10	9	1	一	他就是世界田径的一个奇迹	development	他就是世界田径的	的	个	个奇迹	CLEAR_SIMPLEX	SIMPLEX_OTHER_EXTERNAL_CONTEXT	R3_REMAINING_SIMPLEX_YI_GE	selected_一_is_not_part_of_visible_complex_cardinal_and_is_immediately_followed_by_count_classifier_个	Wu 2024 journal p.370 examples (7)-(8) and p.381 example (20a)	YI_T2	YI_T2	yi2	YI_T2	MATCH	MATCH	ELIGIBLE_SIMPLEX_FRAME	FALSE	FALSE
9614	SSB0200	SSB02000447.TextGrid	BARE	5	4	1	一	每装配一个产品要多长时间	development	每装配	配	个	个产品要多长时间	CLEAR_SIMPLEX	SIMPLEX_OTHER_EXTERNAL_CONTEXT	R3_REMAINING_SIMPLEX_YI_GE	selected_一_is_not_part_of_visible_complex_cardinal_and_is_immediately_followed_by_count_classifier_个	Wu 2024 journal p.370 examples (7)-(8) and p.381 example (20a)	YI_T2	YI_T2	yi2	YI_T2	MATCH	MATCH	ELIGIBLE_SIMPLEX_FRAME	FALSE	FALSE
9710	SSB0241	SSB02410065.TextGrid	BARE	6	4	1	一	但最近一个时期以来	development	但最近	近	个	个时期以来	CLEAR_SIMPLEX	SIMPLEX_OTHER_EXTERNAL_CONTEXT	R3_REMAINING_SIMPLEX_YI_GE	selected_一_is_not_part_of_visible_complex_cardinal_and_is_immediately_followed_by_count_classifier_个	Wu 2024 journal p.370 examples (7)-(8) and p.381 example (20a)	YI_T2	YI_T2	yi2	YI_T2	MATCH	MATCH	ELIGIBLE_SIMPLEX_FRAME	FALSE	FALSE
9724	SSB0241	SSB02410079.TextGrid	BARE	9	8	1	一	影片大卖的其中一个重要原因	development	影片大卖的其中	中	个	个重要原因	CLEAR_SIMPLEX	SIMPLEX_OTHER_EXTERNAL_CONTEXT	R3_REMAINING_SIMPLEX_YI_GE	selected_一_is_not_part_of_visible_complex_cardinal_and_is_immediately_followed_by_count_classifier_个	Wu 2024 journal p.370 examples (7)-(8) and p.381 example (20a)	YI_T2	YI_T2	yi2	YI_T2	MATCH	MATCH	ELIGIBLE_SIMPLEX_FRAME	FALSE	FALSE
9744	SSB0241	SSB02410103.TextGrid	BARE	2	1	1	一	一个月前的雅加达世锦赛	development		START	个	个月前的雅加达世	CLEAR_SIMPLEX	SIMPLEX_OTHER_EXTERNAL_CONTEXT	R3_REMAINING_SIMPLEX_YI_GE	selected_一_is_not_part_of_visible_complex_cardinal_and_is_immediately_followed_by_count_classifier_个	Wu 2024 journal p.370 examples (7)-(8) and p.381 example (20a)	YI_T2	YI_T2	yi2	YI_T2	MATCH	MATCH	ELIGIBLE_SIMPLEX_FRAME	FALSE	FALSE
10044	SSB0241	SSB02410423.TextGrid	BARE	8	6	1	一	相时机拆掉一个中等县城	development	相时机拆掉	掉	个	个中等县城	CLEAR_SIMPLEX	SIMPLEX_OTHER_EXTERNAL_CONTEXT	R3_REMAINING_SIMPLEX_YI_GE	selected_一_is_not_part_of_visible_complex_cardinal_and_is_immediately_followed_by_count_classifier_个	Wu 2024 journal p.370 examples (7)-(8) and p.381 example (20a)	YI_T2	YI_T2	yi2	YI_T2	MATCH	MATCH	ELIGIBLE_SIMPLEX_FRAME	FALSE	FALSE
10071	SSB0241	SSB02410453.TextGrid	ORDINAL	19	17	1	一	一家人开开心心度过搬迁新居后的第一个传统节日	development	过搬迁新居后的第	第	个	个传统节日	ORDINAL_ABSOLUTE	EXACT_DI_YI_GE	R0_EXACT_ORDINAL	selected_target_occurs_in_exact_第一个	Wu 2024 journal p.374 example (15)	YI_T1	YI_T1	yi1	YI_T1	MATCH	MATCH	ELIGIBLE_ORDINAL_FRAME	FALSE	FALSE
10159	SSB0246	SSB02460076.TextGrid	BARE	8	7	1	一	虽然是出席同一个品牌活动	development	虽然是出席同	同	个	个品牌活动	CLEAR_SIMPLEX	SIMPLEX_MODIFIED_TONG	R3_REMAINING_SIMPLEX_YI_GE	visible_string=同一个; selected_一_is_immediately_followed_by_count_classifier_个	Wu 2024 journal p.370 examples (7)-(8) and p.381 example (20a)	YI_T2	YI_T2	yi2	YI_T2	MATCH	MATCH	ELIGIBLE_SIMPLEX_FRAME	FALSE	FALSE
10203	SSB0246	SSB02460126.TextGrid	BARE	10	9	1	一	将为奇异博士打造一个全新的故事	development	将为奇异博士打造	造	个	个全新的故事	CLEAR_SIMPLEX	SIMPLEX_OTHER_EXTERNAL_CONTEXT	R3_REMAINING_SIMPLEX_YI_GE	selected_一_is_not_part_of_visible_complex_cardinal_and_is_immediately_followed_by_count_classifier_个	Wu 2024 journal p.370 examples (7)-(8) and p.381 example (20a)	YI_T2	YI_T2	yi2	YI_T2	MATCH	MATCH	ELIGIBLE_SIMPLEX_FRAME	FALSE	FALSE
10229	SSB0246	SSB02460154.TextGrid	BARE	15	14	1	一	今日美国报道中所提出的这样一个疑问	development	道中所提出的这样	样	个	个疑问	CLEAR_SIMPLEX	SIMPLEX_OTHER_EXTERNAL_CONTEXT	R3_REMAINING_SIMPLEX_YI_GE	selected_一_is_not_part_of_visible_complex_cardinal_and_is_immediately_followed_by_count_classifier_个	Wu 2024 journal p.370 examples (7)-(8) and p.381 example (20a)	YI_T2	YI_T2	yi2	YI_T2	MATCH	MATCH	ELIGIBLE_SIMPLEX_FRAME	FALSE	FALSE
10307	SSB0246	SSB02460245.TextGrid	ORDINAL	3	2	1	一	第一个突破万亿美元市值的到底会不会是苹果呢	development	第	第	个	个突破万亿美元市	ORDINAL_ABSOLUTE	EXACT_DI_YI_GE	R0_EXACT_ORDINAL	selected_target_occurs_in_exact_第一个	Wu 2024 journal p.374 example (15)	YI_T1	YI_T1	yi2	YI_T2	COUNTEREXAMPLE	COUNTEREXAMPLE	ELIGIBLE_ORDINAL_FRAME	FALSE	FALSE
10310	SSB0246	SSB02460248.TextGrid	BARE	18	16	1	一	浙江人有多爱创业每十二人中就有一个老板	development	业每十二人中就有	有	个	个老板	CLEAR_SIMPLEX	SIMPLEX_OTHER_EXTERNAL_CONTEXT	R3_REMAINING_SIMPLEX_YI_GE	selected_一_is_not_part_of_visible_complex_cardinal_and_is_immediately_followed_by_count_classifier_个	Wu 2024 journal p.370 examples (7)-(8) and p.381 example (20a)	YI_T2	YI_T2	yi2	YI_T2	MATCH	MATCH	ELIGIBLE_SIMPLEX_FRAME	FALSE	FALSE
10339	SSB0246	SSB02460279.TextGrid	BARE	4	3	1	一	看到一个穿着白色衣服留披肩发的工作人员	development	看到	到	个	个穿着白色衣服留	CLEAR_SIMPLEX	SIMPLEX_OTHER_EXTERNAL_CONTEXT	R3_REMAINING_SIMPLEX_YI_GE	selected_一_is_not_part_of_visible_complex_cardinal_and_is_immediately_followed_by_count_classifier_个	Wu 2024 journal p.370 examples (7)-(8) and p.381 example (20a)	YI_T2	YI_T2	yi2	YI_T2	MATCH	MATCH	ELIGIBLE_SIMPLEX_FRAME	FALSE	FALSE
10349	SSB0246	SSB02460290.TextGrid	BARE	14	13	1	一	平均每一二个浙江人中就有一个老板	development	二个浙江人中就有	有	个	个老板	CLEAR_SIMPLEX	SIMPLEX_OTHER_EXTERNAL_CONTEXT	R3_REMAINING_SIMPLEX_YI_GE	selected_一_is_not_part_of_visible_complex_cardinal_and_is_immediately_followed_by_count_classifier_个	Wu 2024 journal p.370 examples (7)-(8) and p.381 example (20a)	YI_T2	YI_T2	yi2	YI_T2	MATCH	MATCH	ELIGIBLE_SIMPLEX_FRAME	FALSE	FALSE
10370	SSB0246	SSB02460311.TextGrid	BARE	14	13	1	一	而是单刀直入地把他塑造成一个可以施展超能力的英雄	development	直入地把他塑造成	成	个	个可以施展超能力	CLEAR_SIMPLEX	SIMPLEX_OTHER_EXTERNAL_CONTEXT	R3_REMAINING_SIMPLEX_YI_GE	selected_一_is_not_part_of_visible_complex_cardinal_and_is_immediately_followed_by_count_classifier_个	Wu 2024 journal p.370 examples (7)-(8) and p.381 example (20a)	YI_T2	YI_T2	yi2	YI_T2	MATCH	MATCH	ELIGIBLE_SIMPLEX_FRAME	FALSE	FALSE
10374	SSB0246	SSB02460316.TextGrid	BARE	16	15	1	一	我国城镇旧房改造和危房处置是一个动态连续过程	development	改造和危房处置是	是	个	个动态连续过程	CLEAR_SIMPLEX	SIMPLEX_OTHER_EXTERNAL_CONTEXT	R3_REMAINING_SIMPLEX_YI_GE	selected_一_is_not_part_of_visible_complex_cardinal_and_is_immediately_followed_by_count_classifier_个	Wu 2024 journal p.370 examples (7)-(8) and p.381 example (20a)	YI_T2	YI_T2	yi2	YI_T2	MATCH	MATCH	ELIGIBLE_SIMPLEX_FRAME	FALSE	FALSE
10434	SSB0246	SSB02460384.TextGrid	BARE	14	13	1	一	在萧山区第二中等职业学校一个班级里	development	第二中等职业学校	校	个	个班级里	CLEAR_SIMPLEX	SIMPLEX_OTHER_EXTERNAL_CONTEXT	R3_REMAINING_SIMPLEX_YI_GE	selected_一_is_not_part_of_visible_complex_cardinal_and_is_immediately_followed_by_count_classifier_个	Wu 2024 journal p.370 examples (7)-(8) and p.381 example (20a)	YI_T2	YI_T2	yi2	YI_T2	MATCH	MATCH	ELIGIBLE_SIMPLEX_FRAME	FALSE	FALSE
10477	SSB0246	SSB02460431.TextGrid	BARE	4	3	1	一	对于一个本就利薄的领域	development	对于	于	个	个本就利薄的领域	CLEAR_SIMPLEX	SIMPLEX_OTHER_EXTERNAL_CONTEXT	R3_REMAINING_SIMPLEX_YI_GE	selected_一_is_not_part_of_visible_complex_cardinal_and_is_immediately_followed_by_count_classifier_个	Wu 2024 journal p.370 examples (7)-(8) and p.381 example (20a)	YI_T2	YI_T2	yi2	YI_T2	MATCH	MATCH	ELIGIBLE_SIMPLEX_FRAME	FALSE	FALSE
10557	SSB0261	SSB02610029.TextGrid	BARE	11	10	1	一	全然不知我体内附着一个疯癫鹰女神	development	然不知我体内附着	着	个	个疯癫鹰女神	CLEAR_SIMPLEX	SIMPLEX_OTHER_EXTERNAL_CONTEXT	R3_REMAINING_SIMPLEX_YI_GE	selected_一_is_not_part_of_visible_complex_cardinal_and_is_immediately_followed_by_count_classifier_个	Wu 2024 journal p.370 examples (7)-(8) and p.381 example (20a)	YI_T2	YI_T2	yi2	YI_T2	MATCH	MATCH	ELIGIBLE_SIMPLEX_FRAME	FALSE	FALSE
10678	SSB0261	SSB02610155.TextGrid	BARE	3	2	1	一	有一个孤独的大号儿演奏者	development	有	有	个	个孤独的大号儿演	CLEAR_SIMPLEX	SIMPLEX_OTHER_EXTERNAL_CONTEXT	R3_REMAINING_SIMPLEX_YI_GE	selected_一_is_not_part_of_visible_complex_cardinal_and_is_immediately_followed_by_count_classifier_个	Wu 2024 journal p.370 examples (7)-(8) and p.381 example (20a)	YI_T2	YI_T2	yi2	YI_T2	MATCH	MATCH	ELIGIBLE_SIMPLEX_FRAME	FALSE	FALSE
10704	SSB0261	SSB02610182.TextGrid	BARE	5	4	1	一	包装成一个很大的企业集团	development	包装成	成	个	个很大的企业集团	CLEAR_SIMPLEX	SIMPLEX_OTHER_EXTERNAL_CONTEXT	R3_REMAINING_SIMPLEX_YI_GE	selected_一_is_not_part_of_visible_complex_cardinal_and_is_immediately_followed_by_count_classifier_个	Wu 2024 journal p.370 examples (7)-(8) and p.381 example (20a)	YI_T2	YI_T2	yi2	YI_T2	MATCH	MATCH	ELIGIBLE_SIMPLEX_FRAME	FALSE	FALSE
10725	SSB0261	SSB02610204.TextGrid	BARE	7	6	1	一	我有次见过一个人跑了九里	development	我有次见过	过	个	个人跑了九里	CLEAR_SIMPLEX	SIMPLEX_OTHER_EXTERNAL_CONTEXT	R3_REMAINING_SIMPLEX_YI_GE	selected_一_is_not_part_of_visible_complex_cardinal_and_is_immediately_followed_by_count_classifier_个	Wu 2024 journal p.370 examples (7)-(8) and p.381 example (20a)	YI_T2	YI_T2	yi2	YI_T2	MATCH	MATCH	ELIGIBLE_SIMPLEX_FRAME	FALSE	FALSE
10755	SSB0261	SSB02610238.TextGrid	BARE	2	1	1	一	一个礼拜前	development		START	个	个礼拜前	CLEAR_SIMPLEX	SIMPLEX_OTHER_EXTERNAL_CONTEXT	R3_REMAINING_SIMPLEX_YI_GE	selected_一_is_not_part_of_visible_complex_cardinal_and_is_immediately_followed_by_count_classifier_个	Wu 2024 journal p.370 examples (7)-(8) and p.381 example (20a)	YI_T2	YI_T2	yi2	YI_T2	MATCH	MATCH	ELIGIBLE_SIMPLEX_FRAME	FALSE	FALSE
10876	SSB0261	SSB02610369.TextGrid	BARE	7	6	1	一	我们要设立一个基准线	development	我们要设立	立	个	个基准线	CLEAR_SIMPLEX	SIMPLEX_OTHER_EXTERNAL_CONTEXT	R3_REMAINING_SIMPLEX_YI_GE	selected_一_is_not_part_of_visible_complex_cardinal_and_is_immediately_followed_by_count_classifier_个	Wu 2024 journal p.370 examples (7)-(8) and p.381 example (20a)	YI_T2	YI_T2	yi2	YI_T2	MATCH	MATCH	ELIGIBLE_SIMPLEX_FRAME	FALSE	FALSE
10988	SSB0261	SSB02610488.TextGrid	BARE	4	3	1	一	他是一个和我同龄的男孩儿	development	他是	是	个	个和我同龄的男孩	CLEAR_SIMPLEX	SIMPLEX_OTHER_EXTERNAL_CONTEXT	R3_REMAINING_SIMPLEX_YI_GE	selected_一_is_not_part_of_visible_complex_cardinal_and_is_immediately_followed_by_count_classifier_个	Wu 2024 journal p.370 examples (7)-(8) and p.381 example (20a)	YI_T2	YI_T2	yi2	YI_T2	MATCH	MATCH	ELIGIBLE_SIMPLEX_FRAME	FALSE	FALSE
11051	SSB0267	SSB02670053.TextGrid	BARE	5	4	1	一	给他们一个未接来电就好了	confirmation	给他们	们	个	个未接来电就好了	CLEAR_SIMPLEX	SIMPLEX_OTHER_EXTERNAL_CONTEXT	R3_REMAINING_SIMPLEX_YI_GE	selected_一_is_not_part_of_visible_complex_cardinal_and_is_immediately_followed_by_count_classifier_个	Wu 2024 journal p.370 examples (7)-(8) and p.381 example (20a)	YI_T2	YI_T2	yi2	YI_T2	MATCH	MATCH	ELIGIBLE_SIMPLEX_FRAME	FALSE	FALSE
11227	SSB0267	SSB02670239.TextGrid	BARE	2	1	1	一	一个我很不想干的工作	confirmation		START	个	个我很不想干的工	CLEAR_SIMPLEX	SIMPLEX_OTHER_EXTERNAL_CONTEXT	R3_REMAINING_SIMPLEX_YI_GE	selected_一_is_not_part_of_visible_complex_cardinal_and_is_immediately_followed_by_count_classifier_个	Wu 2024 journal p.370 examples (7)-(8) and p.381 example (20a)	YI_T2	YI_T2	yi2	YI_T2	MATCH	MATCH	ELIGIBLE_SIMPLEX_FRAME	FALSE	FALSE
11249	SSB0267	SSB02670267.TextGrid	ORDINAL	12	10	1	一	播放第四排第六行第一个字	confirmation	放第四排第六行第	第	个	个字	ORDINAL_ABSOLUTE	EXACT_DI_YI_GE	R0_EXACT_ORDINAL	selected_target_occurs_in_exact_第一个	Wu 2024 journal p.374 example (15)	YI_T1	YI_T1	yi1	YI_T1	MATCH	MATCH	ELIGIBLE_ORDINAL_FRAME	FALSE	FALSE
11380	SSB0267	SSB02670405.TextGrid	BARE	8	7	1	一	他还有些话托一个叫紫霞仙子的人说	confirmation	他还有些话托	托	个	个叫紫霞仙子的人	CLEAR_SIMPLEX	SIMPLEX_OTHER_EXTERNAL_CONTEXT	R3_REMAINING_SIMPLEX_YI_GE	selected_一_is_not_part_of_visible_complex_cardinal_and_is_immediately_followed_by_count_classifier_个	Wu 2024 journal p.370 examples (7)-(8) and p.381 example (20a)	YI_T2	YI_T2	yi2	YI_T2	MATCH	MATCH	ELIGIBLE_SIMPLEX_FRAME	FALSE	FALSE
11476	SSB0273	SSB02730003.TextGrid	BARE	7	6	1	一	在她面前是一个诡异的镜子	confirmation	在她面前是	是	个	个诡异的镜子	CLEAR_SIMPLEX	SIMPLEX_OTHER_EXTERNAL_CONTEXT	R3_REMAINING_SIMPLEX_YI_GE	selected_一_is_not_part_of_visible_complex_cardinal_and_is_immediately_followed_by_count_classifier_个	Wu 2024 journal p.370 examples (7)-(8) and p.381 example (20a)	YI_T2	YI_T2	yi2	YI_T2	MATCH	MATCH	ELIGIBLE_SIMPLEX_FRAME	FALSE	FALSE
11616	SSB0273	SSB02730155.TextGrid	BARE	5	4	1	一	但这是一个粗略的估计	confirmation	但这是	是	个	个粗略的估计	CLEAR_SIMPLEX	SIMPLEX_OTHER_EXTERNAL_CONTEXT	R3_REMAINING_SIMPLEX_YI_GE	selected_一_is_not_part_of_visible_complex_cardinal_and_is_immediately_followed_by_count_classifier_个	Wu 2024 journal p.370 examples (7)-(8) and p.381 example (20a)	YI_T2	YI_T2	yi2	YI_T2	MATCH	MATCH	ELIGIBLE_SIMPLEX_FRAME	FALSE	FALSE
11658	SSB0273	SSB02730197.TextGrid	BARE	4	3	1	一	这是一个多么眼熟的故事	confirmation	这是	是	个	个多么眼熟的故事	CLEAR_SIMPLEX	SIMPLEX_OTHER_EXTERNAL_CONTEXT	R3_REMAINING_SIMPLEX_YI_GE	selected_一_is_not_part_of_visible_complex_cardinal_and_is_immediately_followed_by_count_classifier_个	Wu 2024 journal p.370 examples (7)-(8) and p.381 example (20a)	YI_T2	YI_T2	yi2	YI_T2	MATCH	MATCH	ELIGIBLE_SIMPLEX_FRAME	FALSE	FALSE
11671	SSB0273	SSB02730211.TextGrid	BARE	7	6	1	一	苹果开发了一个由各种产品和服务组成的生态链	confirmation	苹果开发了	了	个	个由各种产品和服	CLEAR_SIMPLEX	SIMPLEX_OTHER_EXTERNAL_CONTEXT	R3_REMAINING_SIMPLEX_YI_GE	selected_一_is_not_part_of_visible_complex_cardinal_and_is_immediately_followed_by_count_classifier_个	Wu 2024 journal p.370 examples (7)-(8) and p.381 example (20a)	YI_T2	YI_T2	yi2	YI_T2	MATCH	MATCH	ELIGIBLE_SIMPLEX_FRAME	FALSE	FALSE
11676	SSB0273	SSB02730216.TextGrid	BARE	17	16	1	一	那么让所有这些大一统的设备还在一个品牌名下	confirmation	大一统的设备还在	在	个	个品牌名下	CLEAR_SIMPLEX	SIMPLEX_OTHER_EXTERNAL_CONTEXT	R3_REMAINING_SIMPLEX_YI_GE	selected_一_is_not_part_of_visible_complex_cardinal_and_is_immediately_followed_by_count_classifier_个	Wu 2024 journal p.370 examples (7)-(8) and p.381 example (20a)	YI_T2	YI_T2	yi2	YI_T2	MATCH	MATCH	ELIGIBLE_SIMPLEX_FRAME	FALSE	FALSE
11692	SSB0273	SSB02730233.TextGrid	BARE	2	1	1	一	一个女孩儿站在床上	confirmation		START	个	个女孩儿站在床上	CLEAR_SIMPLEX	SIMPLEX_OTHER_EXTERNAL_CONTEXT	R3_REMAINING_SIMPLEX_YI_GE	selected_一_is_not_part_of_visible_complex_cardinal_and_is_immediately_followed_by_count_classifier_个	Wu 2024 journal p.370 examples (7)-(8) and p.381 example (20a)	YI_T2	YI_T2	yi2	YI_T2	MATCH	MATCH	ELIGIBLE_SIMPLEX_FRAME	FALSE	FALSE
11900	SSB0273	SSB02730456.TextGrid	BARE	13	11	1	一	另一头隐隐约约浮现出一个大人和一个小孩的影子	confirmation	头隐隐约约浮现出	出	个	个大人和一个小孩	CLEAR_SIMPLEX	SIMPLEX_OTHER_EXTERNAL_CONTEXT	R3_REMAINING_SIMPLEX_YI_GE	selected_一_is_not_part_of_visible_complex_cardinal_and_is_immediately_followed_by_count_classifier_个	Wu 2024 journal p.370 examples (7)-(8) and p.381 example (20a)	YI_T2	YI_T2	yi2	YI_T2	MATCH	MATCH	ELIGIBLE_SIMPLEX_FRAME	FALSE	FALSE
11900	SSB0273	SSB02730456.TextGrid	BARE	18	16	2	一	另一头隐隐约约浮现出一个大人和一个小孩的影子	confirmation	浮现出一个大人和	和	个	个小孩的影子	CLEAR_SIMPLEX	SIMPLEX_OTHER_EXTERNAL_CONTEXT	R3_REMAINING_SIMPLEX_YI_GE	selected_一_is_not_part_of_visible_complex_cardinal_and_is_immediately_followed_by_count_classifier_个	Wu 2024 journal p.370 examples (7)-(8) and p.381 example (20a)	YI_T2	YI_T2	yi2	YI_T2	MATCH	MATCH	ELIGIBLE_SIMPLEX_FRAME	FALSE	FALSE
11923	SSB0273	SSB02730479.TextGrid	BARE	8	6	1	一	再保险也是一个很重要的改善偿付能力的措施	confirmation	再保险也是	是	个	个很重要的改善偿	CLEAR_SIMPLEX	SIMPLEX_OTHER_EXTERNAL_CONTEXT	R3_REMAINING_SIMPLEX_YI_GE	selected_一_is_not_part_of_visible_complex_cardinal_and_is_immediately_followed_by_count_classifier_个	Wu 2024 journal p.370 examples (7)-(8) and p.381 example (20a)	YI_T2	YI_T2	yi2	YI_T2	MATCH	MATCH	ELIGIBLE_SIMPLEX_FRAME	FALSE	FALSE
11934	SSB0287	SSB02870001.TextGrid	BARE	7	6	1	一	接下来会有一个小调整	development	接下来会有	有	个	个小调整	CLEAR_SIMPLEX	SIMPLEX_OTHER_EXTERNAL_CONTEXT	R3_REMAINING_SIMPLEX_YI_GE	selected_一_is_not_part_of_visible_complex_cardinal_and_is_immediately_followed_by_count_classifier_个	Wu 2024 journal p.370 examples (7)-(8) and p.381 example (20a)	YI_T2	YI_T2	yi2	YI_T2	MATCH	MATCH	ELIGIBLE_SIMPLEX_FRAME	FALSE	FALSE
11935	SSB0287	SSB02870002.TextGrid	BARE	11	10	1	一	他一直是我最尊敬的一个对手	development	一直是我最尊敬的	的	个	个对手	CLEAR_SIMPLEX	SIMPLEX_OTHER_EXTERNAL_CONTEXT	R3_REMAINING_SIMPLEX_YI_GE	selected_一_is_not_part_of_visible_complex_cardinal_and_is_immediately_followed_by_count_classifier_个	Wu 2024 journal p.370 examples (7)-(8) and p.381 example (20a)	YI_T2	YI_T2	yi2	YI_T2	MATCH	MATCH	ELIGIBLE_SIMPLEX_FRAME	FALSE	FALSE
11953	SSB0287	SSB02870020.TextGrid	BARE	4	3	1	一	而每一个在华开展业务的外资汽车品牌都会告诉特斯拉	development	而每	每	个	个在华开展业务的	CLEAR_SIMPLEX	SIMPLEX_MODIFIED_MEI	R3_REMAINING_SIMPLEX_YI_GE	visible_string=每一个; selected_一_is_immediately_followed_by_count_classifier_个	Wu 2024 journal p.370 examples (7)-(8) and p.381 example (20a)	YI_T2	YI_T2	yi2	YI_T2	MATCH	MATCH	ELIGIBLE_SIMPLEX_FRAME	FALSE	FALSE
11959	SSB0287	SSB02870026.TextGrid	BARE	11	10	1	一	他始终是站在中间那一个	development	始终是站在中间那	那	个	个	CLEAR_SIMPLEX	SIMPLEX_OTHER_EXTERNAL_CONTEXT	R3_REMAINING_SIMPLEX_YI_GE	selected_一_is_not_part_of_visible_complex_cardinal_and_is_immediately_followed_by_count_classifier_个	Wu 2024 journal p.370 examples (7)-(8) and p.381 example (20a)	YI_T2	YI_T2	yi2	YI_T2	MATCH	MATCH	ELIGIBLE_SIMPLEX_FRAME	FALSE	FALSE
11967	SSB0287	SSB02870034.TextGrid	BARE	12	11	1	一	调到第八排第三行最后一个	development	第八排第三行最后	后	个	个	CLEAR_SIMPLEX	SIMPLEX_SEQUENTIAL_ZUIHOU	R3_REMAINING_SIMPLEX_YI_GE	visible_string=最后一个; selected_一_is_immediately_followed_by_count_classifier_个	Wu 2024 journal p.370 examples (7)-(8) and p.381 example (20a)	YI_T2	YI_T2	yi2	YI_T2	MATCH	MATCH	ELIGIBLE_SIMPLEX_FRAME	FALSE	FALSE
12120	SSB0287	SSB02870192.TextGrid	BARE	10	9	1	一	现在最重要的是有一个健康的身体	development	现在最重要的是有	有	个	个健康的身体	CLEAR_SIMPLEX	SIMPLEX_OTHER_EXTERNAL_CONTEXT	R3_REMAINING_SIMPLEX_YI_GE	selected_一_is_not_part_of_visible_complex_cardinal_and_is_immediately_followed_by_count_classifier_个	Wu 2024 journal p.370 examples (7)-(8) and p.381 example (20a)	YI_T2	YI_T2	yi2	YI_T2	MATCH	MATCH	ELIGIBLE_SIMPLEX_FRAME	FALSE	FALSE
12144	SSB0287	SSB02870218.TextGrid	BARE	23	20	1	一	而特斯拉在这里遇到的麻烦是它全球境况的一个缩影	development	烦是它全球境况的	的	个	个缩影	CLEAR_SIMPLEX	SIMPLEX_OTHER_EXTERNAL_CONTEXT	R3_REMAINING_SIMPLEX_YI_GE	selected_一_is_not_part_of_visible_complex_cardinal_and_is_immediately_followed_by_count_classifier_个	Wu 2024 journal p.370 examples (7)-(8) and p.381 example (20a)	YI_T2	YI_T2	yi2	YI_T2	MATCH	MATCH	ELIGIBLE_SIMPLEX_FRAME	FALSE	FALSE
12159	SSB0287	SSB02870235.TextGrid	BARE	3	2	1	一	爱一个人	development	爱	爱	个	个人	CLEAR_SIMPLEX	SIMPLEX_OTHER_EXTERNAL_CONTEXT	R3_REMAINING_SIMPLEX_YI_GE	selected_一_is_not_part_of_visible_complex_cardinal_and_is_immediately_followed_by_count_classifier_个	Wu 2024 journal p.370 examples (7)-(8) and p.381 example (20a)	YI_T2	YI_T2	yi2	YI_T2	MATCH	MATCH	ELIGIBLE_SIMPLEX_FRAME	FALSE	FALSE
12195	SSB0287	SSB02870272.TextGrid	BARE	3	2	1	一	放一个我	development	放	放	个	个我	CLEAR_SIMPLEX	SIMPLEX_OTHER_EXTERNAL_CONTEXT	R3_REMAINING_SIMPLEX_YI_GE	selected_一_is_not_part_of_visible_complex_cardinal_and_is_immediately_followed_by_count_classifier_个	Wu 2024 journal p.370 examples (7)-(8) and p.381 example (20a)	YI_T2	YI_T2	yi2	YI_T2	MATCH	MATCH	ELIGIBLE_SIMPLEX_FRAME	FALSE	FALSE
12239	SSB0287	SSB02870318.TextGrid	BARE	16	15	1	一	特斯拉原本希望中国成为和北美一个规模的市场	development	望中国成为和北美	美	个	个规模的市场	CLEAR_SIMPLEX	SIMPLEX_OTHER_EXTERNAL_CONTEXT	R3_REMAINING_SIMPLEX_YI_GE	selected_一_is_not_part_of_visible_complex_cardinal_and_is_immediately_followed_by_count_classifier_个	Wu 2024 journal p.370 examples (7)-(8) and p.381 example (20a)	YI_T2	YI_T2	yi2	YI_T2	MATCH	MATCH	ELIGIBLE_SIMPLEX_FRAME	FALSE	FALSE
12306	SSB0287	SSB02870392.TextGrid	BARE	8	7	1	一	但还迟迟没有一个结果	development	但还迟迟没有	有	个	个结果	CLEAR_SIMPLEX	SIMPLEX_OTHER_EXTERNAL_CONTEXT	R3_REMAINING_SIMPLEX_YI_GE	selected_一_is_not_part_of_visible_complex_cardinal_and_is_immediately_followed_by_count_classifier_个	Wu 2024 journal p.370 examples (7)-(8) and p.381 example (20a)	YI_T2	YI_T2	yi2	YI_T2	MATCH	MATCH	ELIGIBLE_SIMPLEX_FRAME	FALSE	FALSE
12448	SSB0288	SSB02880052.TextGrid	BARE	6	5	1	一	但它也有一个被称为树木的力量的项目	development	但它也有	有	个	个被称为树木的力	CLEAR_SIMPLEX	SIMPLEX_OTHER_EXTERNAL_CONTEXT	R3_REMAINING_SIMPLEX_YI_GE	selected_一_is_not_part_of_visible_complex_cardinal_and_is_immediately_followed_by_count_classifier_个	Wu 2024 journal p.370 examples (7)-(8) and p.381 example (20a)	YI_T2	YI_T2	yi2	YI_T2	MATCH	MATCH	ELIGIBLE_SIMPLEX_FRAME	FALSE	FALSE
12522	SSB0288	SSB02880139.TextGrid	BARE	2	1	1	一	一个家庭仅可选择一个项目的唯一套型进行意向登记	development		START	个	个家庭仅可选择一	CLEAR_SIMPLEX	SIMPLEX_OTHER_EXTERNAL_CONTEXT	R3_REMAINING_SIMPLEX_YI_GE	selected_一_is_not_part_of_visible_complex_cardinal_and_is_immediately_followed_by_count_classifier_个	Wu 2024 journal p.370 examples (7)-(8) and p.381 example (20a)	YI_T2	YI_T2	yi2	YI_T2	MATCH	MATCH	ELIGIBLE_SIMPLEX_FRAME	FALSE	FALSE
12522	SSB0288	SSB02880139.TextGrid	BARE	10	9	2	一	一个家庭仅可选择一个项目的唯一套型进行意向登记	development	一个家庭仅可选择	择	个	个项目的唯一套型	CLEAR_SIMPLEX	SIMPLEX_OTHER_EXTERNAL_CONTEXT	R3_REMAINING_SIMPLEX_YI_GE	selected_一_is_not_part_of_visible_complex_cardinal_and_is_immediately_followed_by_count_classifier_个	Wu 2024 journal p.370 examples (7)-(8) and p.381 example (20a)	YI_T2	YI_T2	yi2	YI_T2	MATCH	MATCH	ELIGIBLE_SIMPLEX_FRAME	FALSE	FALSE
12611	SSB0288	SSB02880239.TextGrid	BARE	4	3	1	一	这是一个很好的概念	development	这是	是	个	个很好的概念	CLEAR_SIMPLEX	SIMPLEX_OTHER_EXTERNAL_CONTEXT	R3_REMAINING_SIMPLEX_YI_GE	selected_一_is_not_part_of_visible_complex_cardinal_and_is_immediately_followed_by_count_classifier_个	Wu 2024 journal p.370 examples (7)-(8) and p.381 example (20a)	YI_T2	YI_T2	yi2	YI_T2	MATCH	MATCH	ELIGIBLE_SIMPLEX_FRAME	FALSE	FALSE
12710	SSB0288	SSB02880348.TextGrid	BARE	9	8	1	一	我们不得不面对一个残酷的现实	development	我们不得不面对	对	个	个残酷的现实	CLEAR_SIMPLEX	SIMPLEX_OTHER_EXTERNAL_CONTEXT	R3_REMAINING_SIMPLEX_YI_GE	selected_一_is_not_part_of_visible_complex_cardinal_and_is_immediately_followed_by_count_classifier_个	Wu 2024 journal p.370 examples (7)-(8) and p.381 example (20a)	YI_T2	YI_T2	yi2	YI_T2	MATCH	MATCH	ELIGIBLE_SIMPLEX_FRAME	FALSE	FALSE
12887	SSB0299	SSB02990066.TextGrid	ORDINAL	12	10	1	一	选中第四排第一行第一个	development	中第四排第一行第	第	个	个	ORDINAL_ABSOLUTE	EXACT_DI_YI_GE	R0_EXACT_ORDINAL	selected_target_occurs_in_exact_第一个	Wu 2024 journal p.374 example (15)	YI_T1	YI_T1	yi2	YI_T2	COUNTEREXAMPLE	COUNTEREXAMPLE	ELIGIBLE_ORDINAL_FRAME	FALSE	FALSE
12918	SSB0299	SSB02990097.TextGrid	BARE	4	3	1	一	总之一个病人的状态	development	总之	之	个	个病人的状态	CLEAR_SIMPLEX	SIMPLEX_OTHER_EXTERNAL_CONTEXT	R3_REMAINING_SIMPLEX_YI_GE	selected_一_is_not_part_of_visible_complex_cardinal_and_is_immediately_followed_by_count_classifier_个	Wu 2024 journal p.370 examples (7)-(8) and p.381 example (20a)	YI_T2	YI_T2	yi2	YI_T2	MATCH	MATCH	ELIGIBLE_SIMPLEX_FRAME	FALSE	FALSE
12922	SSB0299	SSB02990101.TextGrid	BARE	19	17	1	一	忽然看到一对轻年轻的父母手里抱着一个七八岁的小男孩	development	轻的父母手里抱着	着	个	个七八岁的小男孩	CLEAR_SIMPLEX	SIMPLEX_OTHER_EXTERNAL_CONTEXT	R3_REMAINING_SIMPLEX_YI_GE	selected_一_is_not_part_of_visible_complex_cardinal_and_is_immediately_followed_by_count_classifier_个	Wu 2024 journal p.370 examples (7)-(8) and p.381 example (20a)	YI_T2	YI_T2	yi2	YI_T2	MATCH	MATCH	ELIGIBLE_SIMPLEX_FRAME	FALSE	FALSE
13044	SSB0299	SSB02990234.TextGrid	BARE	5	4	1	一	你走啦一个人死总好过一齐死	development	你走啦	啦	个	个人死总好过一齐	CLEAR_SIMPLEX	SIMPLEX_OTHER_EXTERNAL_CONTEXT	R3_REMAINING_SIMPLEX_YI_GE	selected_一_is_not_part_of_visible_complex_cardinal_and_is_immediately_followed_by_count_classifier_个	Wu 2024 journal p.370 examples (7)-(8) and p.381 example (20a)	YI_T2	YI_T2	yi2	YI_T2	MATCH	MATCH	ELIGIBLE_SIMPLEX_FRAME	FALSE	FALSE
13087	SSB0299	SSB02990278.TextGrid	BARE	7	6	1	一	我们必须去一个大点儿儿的城市	development	我们必须去	去	个	个大点儿儿的城市	CLEAR_SIMPLEX	SIMPLEX_OTHER_EXTERNAL_CONTEXT	R3_REMAINING_SIMPLEX_YI_GE	selected_一_is_not_part_of_visible_complex_cardinal_and_is_immediately_followed_by_count_classifier_个	Wu 2024 journal p.370 examples (7)-(8) and p.381 example (20a)	YI_T2	YI_T2	yi2	YI_T2	MATCH	MATCH	ELIGIBLE_SIMPLEX_FRAME	FALSE	FALSE
13144	SSB0299	SSB02990337.TextGrid	BARE	5	4	1	一	而且我一个家长朋友也没有	development	而且我	我	个	个家长朋友也没有	CLEAR_SIMPLEX	SIMPLEX_OTHER_EXTERNAL_CONTEXT	R3_REMAINING_SIMPLEX_YI_GE	selected_一_is_not_part_of_visible_complex_cardinal_and_is_immediately_followed_by_count_classifier_个	Wu 2024 journal p.370 examples (7)-(8) and p.381 example (20a)	YI_T2	YI_T2	yi2	YI_T2	MATCH	MATCH	ELIGIBLE_SIMPLEX_FRAME	FALSE	FALSE
13148	SSB0299	SSB02990341.TextGrid	BARE	7	6	1	一	搜索下给我一个吻	development	搜索下给我	我	个	个吻	CLEAR_SIMPLEX	SIMPLEX_OTHER_EXTERNAL_CONTEXT	R3_REMAINING_SIMPLEX_YI_GE	selected_一_is_not_part_of_visible_complex_cardinal_and_is_immediately_followed_by_count_classifier_个	Wu 2024 journal p.370 examples (7)-(8) and p.381 example (20a)	YI_T2	YI_T2	yi2	YI_T2	MATCH	MATCH	ELIGIBLE_SIMPLEX_FRAME	FALSE	FALSE
13176	SSB0299	SSB02990370.TextGrid	BARE	13	11	1	一	也许她跟安德烈待在同一个地方	development	她跟安德烈待在同	同	个	个地方	CLEAR_SIMPLEX	SIMPLEX_MODIFIED_TONG	R3_REMAINING_SIMPLEX_YI_GE	visible_string=同一个; selected_一_is_immediately_followed_by_count_classifier_个	Wu 2024 journal p.370 examples (7)-(8) and p.381 example (20a)	YI_T2	YI_T2	yi2	YI_T2	MATCH	MATCH	ELIGIBLE_SIMPLEX_FRAME	FALSE	FALSE
13199	SSB0299	SSB02990395.TextGrid	BARE	14	12	1	一	这饼干是以马萨塞萨州的一个镇命名的	development	是以马萨塞萨州的	的	个	个镇命名的	CLEAR_SIMPLEX	SIMPLEX_OTHER_EXTERNAL_CONTEXT	R3_REMAINING_SIMPLEX_YI_GE	selected_一_is_not_part_of_visible_complex_cardinal_and_is_immediately_followed_by_count_classifier_个	Wu 2024 journal p.370 examples (7)-(8) and p.381 example (20a)	YI_T2	YI_T2	yi2	YI_T2	MATCH	MATCH	ELIGIBLE_SIMPLEX_FRAME	FALSE	FALSE
13394	SSB0307	SSB03070082.TextGrid	BARE	4	3	1	一	如果一个人有心事	development	如果	果	个	个人有心事	CLEAR_SIMPLEX	SIMPLEX_OTHER_EXTERNAL_CONTEXT	R3_REMAINING_SIMPLEX_YI_GE	selected_一_is_not_part_of_visible_complex_cardinal_and_is_immediately_followed_by_count_classifier_个	Wu 2024 journal p.370 examples (7)-(8) and p.381 example (20a)	YI_T2	YI_T2	yi2	YI_T2	MATCH	MATCH	ELIGIBLE_SIMPLEX_FRAME	FALSE	FALSE
13439	SSB0307	SSB03070129.TextGrid	BARE	11	10	1	一	很多人可以管就带来一个问题	development	多人可以管就带来	来	个	个问题	CLEAR_SIMPLEX	SIMPLEX_OTHER_EXTERNAL_CONTEXT	R3_REMAINING_SIMPLEX_YI_GE	selected_一_is_not_part_of_visible_complex_cardinal_and_is_immediately_followed_by_count_classifier_个	Wu 2024 journal p.370 examples (7)-(8) and p.381 example (20a)	YI_T2	YI_T2	yi2	YI_T2	MATCH	MATCH	ELIGIBLE_SIMPLEX_FRAME	FALSE	FALSE
13445	SSB0307	SSB03070135.TextGrid	BARE	2	1	1	一	一个对他好的人	development		START	个	个对他好的人	CLEAR_SIMPLEX	SIMPLEX_OTHER_EXTERNAL_CONTEXT	R3_REMAINING_SIMPLEX_YI_GE	selected_一_is_not_part_of_visible_complex_cardinal_and_is_immediately_followed_by_count_classifier_个	Wu 2024 journal p.370 examples (7)-(8) and p.381 example (20a)	YI_T2	YI_T2	yi2	YI_T2	MATCH	MATCH	ELIGIBLE_SIMPLEX_FRAME	FALSE	FALSE
13454	SSB0307	SSB03070144.TextGrid	BARE	10	9	1	一	我们很有可能见证一个新物种的诞生	development	我们很有可能见证	证	个	个新物种的诞生	CLEAR_SIMPLEX	SIMPLEX_OTHER_EXTERNAL_CONTEXT	R3_REMAINING_SIMPLEX_YI_GE	selected_一_is_not_part_of_visible_complex_cardinal_and_is_immediately_followed_by_count_classifier_个	Wu 2024 journal p.370 examples (7)-(8) and p.381 example (20a)	YI_T2	YI_T2	yi2	YI_T2	MATCH	MATCH	ELIGIBLE_SIMPLEX_FRAME	FALSE	FALSE
13492	SSB0307	SSB03070185.TextGrid	BARE	4	3	1	一	都有一个共同的元素	development	都有	有	个	个共同的元素	CLEAR_SIMPLEX	SIMPLEX_OTHER_EXTERNAL_CONTEXT	R3_REMAINING_SIMPLEX_YI_GE	selected_一_is_not_part_of_visible_complex_cardinal_and_is_immediately_followed_by_count_classifier_个	Wu 2024 journal p.370 examples (7)-(8) and p.381 example (20a)	YI_T2	YI_T2	yi2	YI_T2	MATCH	MATCH	ELIGIBLE_SIMPLEX_FRAME	FALSE	FALSE
13624	SSB0307	SSB03070327.TextGrid	BARE	7	6	1	一	这几乎成了一个规律	development	这几乎成了	了	个	个规律	CLEAR_SIMPLEX	SIMPLEX_OTHER_EXTERNAL_CONTEXT	R3_REMAINING_SIMPLEX_YI_GE	selected_一_is_not_part_of_visible_complex_cardinal_and_is_immediately_followed_by_count_classifier_个	Wu 2024 journal p.370 examples (7)-(8) and p.381 example (20a)	YI_T2	YI_T2	yi2	YI_T2	MATCH	MATCH	ELIGIBLE_SIMPLEX_FRAME	FALSE	FALSE
13665	SSB0307	SSB03070369.TextGrid	BARE	9	8	1	一	每个男孩都得到一个苹果	development	每个男孩都得到	到	个	个苹果	CLEAR_SIMPLEX	SIMPLEX_OTHER_EXTERNAL_CONTEXT	R3_REMAINING_SIMPLEX_YI_GE	selected_一_is_not_part_of_visible_complex_cardinal_and_is_immediately_followed_by_count_classifier_个	Wu 2024 journal p.370 examples (7)-(8) and p.381 example (20a)	YI_T2	YI_T2	yi2	YI_T2	MATCH	MATCH	ELIGIBLE_SIMPLEX_FRAME	FALSE	FALSE
13775	SSB0307	SSB03070488.TextGrid	BARE	13	12	1	一	你只需按下虚拟世界里的一个按钮	development	按下虚拟世界里的	的	个	个按钮	CLEAR_SIMPLEX	SIMPLEX_OTHER_EXTERNAL_CONTEXT	R3_REMAINING_SIMPLEX_YI_GE	selected_一_is_not_part_of_visible_complex_cardinal_and_is_immediately_followed_by_count_classifier_个	Wu 2024 journal p.370 examples (7)-(8) and p.381 example (20a)	YI_T2	YI_T2	yi2	YI_T2	MATCH	MATCH	ELIGIBLE_SIMPLEX_FRAME	FALSE	FALSE
13791	SSB0307	SSB03070505.TextGrid	BARE	9	8	1	一	我室友还带回来一个姑娘	development	我室友还带回来	来	个	个姑娘	CLEAR_SIMPLEX	SIMPLEX_OTHER_EXTERNAL_CONTEXT	R3_REMAINING_SIMPLEX_YI_GE	selected_一_is_not_part_of_visible_complex_cardinal_and_is_immediately_followed_by_count_classifier_个	Wu 2024 journal p.370 examples (7)-(8) and p.381 example (20a)	YI_T2	YI_T2	yi2	YI_T2	MATCH	MATCH	ELIGIBLE_SIMPLEX_FRAME	FALSE	FALSE
13856	SSB0309	SSB03090061.TextGrid	BARE	2	1	1	一	一个人的寂寞两个人的错	development		START	个	个人的寂寞两个人	CLEAR_SIMPLEX	SIMPLEX_OTHER_EXTERNAL_CONTEXT	R3_REMAINING_SIMPLEX_YI_GE	selected_一_is_not_part_of_visible_complex_cardinal_and_is_immediately_followed_by_count_classifier_个	Wu 2024 journal p.370 examples (7)-(8) and p.381 example (20a)	YI_T2	YI_T2	yi2	YI_T2	MATCH	MATCH	ELIGIBLE_SIMPLEX_FRAME	FALSE	FALSE
13862	SSB0309	SSB03090067.TextGrid	BARE	18	15	1	一	实在要是要对我他们的表现打上一个问号儿	development	我他们的表现打上	上	个	个问号儿	CLEAR_SIMPLEX	SIMPLEX_SEQUENTIAL_SHANG	R3_REMAINING_SIMPLEX_YI_GE	visible_string=上一个; selected_一_is_immediately_followed_by_count_classifier_个	Wu 2024 journal p.370 examples (7)-(8) and p.381 example (20a)	YI_T2	YI_T2	yi2	YI_T2	MATCH	MATCH	ELIGIBLE_SIMPLEX_FRAME	FALSE	FALSE
13967	SSB0309	SSB03090175.TextGrid	BARE	14	13	1	一	金友华出生于安徽省无为县一个农民家庭	development	生于安徽省无为县	县	个	个农民家庭	CLEAR_SIMPLEX	SIMPLEX_OTHER_EXTERNAL_CONTEXT	R3_REMAINING_SIMPLEX_YI_GE	selected_一_is_not_part_of_visible_complex_cardinal_and_is_immediately_followed_by_count_classifier_个	Wu 2024 journal p.370 examples (7)-(8) and p.381 example (20a)	YI_T2	YI_T2	yi2	YI_T2	MATCH	MATCH	ELIGIBLE_SIMPLEX_FRAME	FALSE	FALSE
14040	SSB0309	SSB03090248.TextGrid	BARE	3	2	1	一	每一个人都分发了一份儿格兰诺拉麦片条儿	development	每	每	个	个人都分发了一份	CLEAR_SIMPLEX	SIMPLEX_MODIFIED_MEI	R3_REMAINING_SIMPLEX_YI_GE	visible_string=每一个; selected_一_is_immediately_followed_by_count_classifier_个	Wu 2024 journal p.370 examples (7)-(8) and p.381 example (20a)	YI_T2	YI_T2	yi2	YI_T2	MATCH	MATCH	ELIGIBLE_SIMPLEX_FRAME	FALSE	FALSE
14123	SSB0309	SSB03090335.TextGrid	BARE	12	10	1	一	然而市场却给予了其一个响亮的耳光	development	而市场却给予了其	其	个	个响亮的耳光	CLEAR_SIMPLEX	SIMPLEX_OTHER_EXTERNAL_CONTEXT	R3_REMAINING_SIMPLEX_YI_GE	selected_一_is_not_part_of_visible_complex_cardinal_and_is_immediately_followed_by_count_classifier_个	Wu 2024 journal p.370 examples (7)-(8) and p.381 example (20a)	YI_T2	YI_T2	yi2	YI_T2	MATCH	MATCH	ELIGIBLE_SIMPLEX_FRAME	FALSE	FALSE
14166	SSB0309	SSB03090380.TextGrid	BARE	15	13	1	一	心跳健身监监控装置可衡量一个人的运动量和速率	development	监监控装置可衡量	量	个	个人的运动量和速	CLEAR_SIMPLEX	SIMPLEX_OTHER_EXTERNAL_CONTEXT	R3_REMAINING_SIMPLEX_YI_GE	selected_一_is_not_part_of_visible_complex_cardinal_and_is_immediately_followed_by_count_classifier_个	Wu 2024 journal p.370 examples (7)-(8) and p.381 example (20a)	YI_T2	YI_T2	yi2	YI_T2	MATCH	MATCH	ELIGIBLE_SIMPLEX_FRAME	FALSE	FALSE
14202	SSB0309	SSB03090416.TextGrid	BARE	2	1	1	一	一个专门针对病人建立的社交平台病人如我面试	development		START	个	个专门针对病人建	CLEAR_SIMPLEX	SIMPLEX_OTHER_EXTERNAL_CONTEXT	R3_REMAINING_SIMPLEX_YI_GE	selected_一_is_not_part_of_visible_complex_cardinal_and_is_immediately_followed_by_count_classifier_个	Wu 2024 journal p.370 examples (7)-(8) and p.381 example (20a)	YI_T2	YI_T2	yi2	YI_T2	MATCH	MATCH	ELIGIBLE_SIMPLEX_FRAME	FALSE	FALSE
14234	SSB0309	SSB03090449.TextGrid	BARE	14	13	1	一	它为病人和研究人员搭建了一个交流平台	development	和研究人员搭建了	了	个	个交流平台	CLEAR_SIMPLEX	SIMPLEX_OTHER_EXTERNAL_CONTEXT	R3_REMAINING_SIMPLEX_YI_GE	selected_一_is_not_part_of_visible_complex_cardinal_and_is_immediately_followed_by_count_classifier_个	Wu 2024 journal p.370 examples (7)-(8) and p.381 example (20a)	YI_T2	YI_T2	yi2	YI_T2	MATCH	MATCH	ELIGIBLE_SIMPLEX_FRAME	FALSE	FALSE
14377	SSB0315	SSB03150137.TextGrid	BARE	4	3	1	一	写着一个鲜红的拆字	confirmation	写着	着	个	个鲜红的拆字	CLEAR_SIMPLEX	SIMPLEX_OTHER_EXTERNAL_CONTEXT	R3_REMAINING_SIMPLEX_YI_GE	selected_一_is_not_part_of_visible_complex_cardinal_and_is_immediately_followed_by_count_classifier_个	Wu 2024 journal p.370 examples (7)-(8) and p.381 example (20a)	YI_T2	YI_T2	yi2	YI_T2	MATCH	MATCH	ELIGIBLE_SIMPLEX_FRAME	FALSE	FALSE
14399	SSB0315	SSB03150163.TextGrid	BARE	14	12	1	一	需要注意的是饭前饭后一一个小时都不要进行跳绳训练	confirmation	意的是饭前饭后一	一	个	个小时都不要进行	AMBIGUOUS_OR_OUTSIDE_SCOPE	APPARENT_DUPLICATED_YI_TRANSCRIPT	R2_UNRESOLVED_ADJACENT_YI	visible_sequence=一一个; intended_wording_or_tokenization_not_recoverable_from_hanzi	no source prediction assigned	NO_PREDICTION	YI_T2	yi2	YI_T2	MATCH	NO_CONCLUSION_SCOPE	INELIGIBLE_SCOPE_UNRESOLVED	FALSE	FALSE
14432	SSB0315	SSB03150199.TextGrid	BARE	9	7	1	一	苹果几乎在每一个环节	confirmation	苹果几乎在每	每	个	个环节	CLEAR_SIMPLEX	SIMPLEX_MODIFIED_MEI	R3_REMAINING_SIMPLEX_YI_GE	visible_string=每一个; selected_一_is_immediately_followed_by_count_classifier_个	Wu 2024 journal p.370 examples (7)-(8) and p.381 example (20a)	YI_T2	YI_T2	yi4	YI_T4	COUNTEREXAMPLE	COUNTEREXAMPLE	ELIGIBLE_SIMPLEX_FRAME	FALSE	FALSE
14450	SSB0315	SSB03150218.TextGrid	BARE	2	1	1	一	一个只懂得原地作战的拳手与人携沙袋无异	confirmation		START	个	个只懂得原地作战	CLEAR_SIMPLEX	SIMPLEX_OTHER_EXTERNAL_CONTEXT	R3_REMAINING_SIMPLEX_YI_GE	selected_一_is_not_part_of_visible_complex_cardinal_and_is_immediately_followed_by_count_classifier_个	Wu 2024 journal p.370 examples (7)-(8) and p.381 example (20a)	YI_T2	YI_T2	yi2	YI_T2	MATCH	MATCH	ELIGIBLE_SIMPLEX_FRAME	FALSE	FALSE
14516	SSB0315	SSB03150292.TextGrid	BARE	10	9	1	一	事实上也难以确定一个行之四海皆准的有效方法	confirmation	事实上也难以确定	定	个	个行之四海皆准的	CLEAR_SIMPLEX	SIMPLEX_OTHER_EXTERNAL_CONTEXT	R3_REMAINING_SIMPLEX_YI_GE	selected_一_is_not_part_of_visible_complex_cardinal_and_is_immediately_followed_by_count_classifier_个	Wu 2024 journal p.370 examples (7)-(8) and p.381 example (20a)	YI_T2	YI_T2	yi2	YI_T2	MATCH	MATCH	ELIGIBLE_SIMPLEX_FRAME	FALSE	FALSE
14656	SSB0315	SSB03150445.TextGrid	BARE	8	7	1	一	是看到路面上一个又一个熟悉的身影	confirmation	是看到路面上	上	个	个又一个熟悉的身	CLEAR_SIMPLEX	SIMPLEX_SEQUENTIAL_SHANG	R3_REMAINING_SIMPLEX_YI_GE	visible_string=上一个; selected_一_is_immediately_followed_by_count_classifier_个	Wu 2024 journal p.370 examples (7)-(8) and p.381 example (20a)	YI_T2	YI_T2	yi2	YI_T2	MATCH	MATCH	ELIGIBLE_SIMPLEX_FRAME	FALSE	FALSE
14656	SSB0315	SSB03150445.TextGrid	BARE	11	10	2	一	是看到路面上一个又一个熟悉的身影	confirmation	看到路面上一个又	又	个	个熟悉的身影	CLEAR_SIMPLEX	SIMPLEX_OTHER_EXTERNAL_CONTEXT	R3_REMAINING_SIMPLEX_YI_GE	selected_一_is_not_part_of_visible_complex_cardinal_and_is_immediately_followed_by_count_classifier_个	Wu 2024 journal p.370 examples (7)-(8) and p.381 example (20a)	YI_T2	YI_T2	yi2	YI_T2	MATCH	MATCH	ELIGIBLE_SIMPLEX_FRAME	FALSE	FALSE
14676	SSB0315	SSB03150467.TextGrid	BARE	13	12	1	一	就是通过将空气电离进入一个等离子状态	confirmation	过将空气电离进入	入	个	个等离子状态	CLEAR_SIMPLEX	SIMPLEX_OTHER_EXTERNAL_CONTEXT	R3_REMAINING_SIMPLEX_YI_GE	selected_一_is_not_part_of_visible_complex_cardinal_and_is_immediately_followed_by_count_classifier_个	Wu 2024 journal p.370 examples (7)-(8) and p.381 example (20a)	YI_T2	YI_T2	yi2	YI_T2	MATCH	MATCH	ELIGIBLE_SIMPLEX_FRAME	FALSE	FALSE
14716	SSB0316	SSB03160032.TextGrid	BARE	6	5	1	一	这是很大一个原因	development	这是很大	大	个	个原因	CLEAR_SIMPLEX	SIMPLEX_OTHER_EXTERNAL_CONTEXT	R3_REMAINING_SIMPLEX_YI_GE	selected_一_is_not_part_of_visible_complex_cardinal_and_is_immediately_followed_by_count_classifier_个	Wu 2024 journal p.370 examples (7)-(8) and p.381 example (20a)	YI_T2	YI_T2	yi2	YI_T2	MATCH	MATCH	ELIGIBLE_SIMPLEX_FRAME	FALSE	FALSE
14721	SSB0316	SSB03160037.TextGrid	BARE	11	10	1	一	新京报你经常提及的一个词就是	development	京报你经常提及的	的	个	个词就是	CLEAR_SIMPLEX	SIMPLEX_OTHER_EXTERNAL_CONTEXT	R3_REMAINING_SIMPLEX_YI_GE	selected_一_is_not_part_of_visible_complex_cardinal_and_is_immediately_followed_by_count_classifier_个	Wu 2024 journal p.370 examples (7)-(8) and p.381 example (20a)	YI_T2	YI_T2	yi2	YI_T2	MATCH	MATCH	ELIGIBLE_SIMPLEX_FRAME	FALSE	FALSE
14763	SSB0316	SSB03160082.TextGrid	BARE	10	9	1	一	约翰看起来不更像一个大男人吗	development	约翰看起来不更像	像	个	个大男人吗	CLEAR_SIMPLEX	SIMPLEX_OTHER_EXTERNAL_CONTEXT	R3_REMAINING_SIMPLEX_YI_GE	selected_一_is_not_part_of_visible_complex_cardinal_and_is_immediately_followed_by_count_classifier_个	Wu 2024 journal p.370 examples (7)-(8) and p.381 example (20a)	YI_T2	YI_T2	yi2	YI_T2	MATCH	MATCH	ELIGIBLE_SIMPLEX_FRAME	FALSE	FALSE
14796	SSB0316	SSB03160116.TextGrid	BARE	5	4	1	一	但没有一个人能够识破他的身份	development	但没有	有	个	个人能够识破他的	CLEAR_SIMPLEX	SIMPLEX_OTHER_EXTERNAL_CONTEXT	R3_REMAINING_SIMPLEX_YI_GE	selected_一_is_not_part_of_visible_complex_cardinal_and_is_immediately_followed_by_count_classifier_个	Wu 2024 journal p.370 examples (7)-(8) and p.381 example (20a)	YI_T2	YI_T2	yi2	YI_T2	MATCH	MATCH	ELIGIBLE_SIMPLEX_FRAME	FALSE	FALSE
14832	SSB0316	SSB03160154.TextGrid	BARE	4	3	1	一	没有一个负责任的成年人教你不使用暴力地	development	没有	有	个	个负责任的成年人	CLEAR_SIMPLEX	SIMPLEX_OTHER_EXTERNAL_CONTEXT	R3_REMAINING_SIMPLEX_YI_GE	selected_一_is_not_part_of_visible_complex_cardinal_and_is_immediately_followed_by_count_classifier_个	Wu 2024 journal p.370 examples (7)-(8) and p.381 example (20a)	YI_T2	YI_T2	yi2	YI_T2	MATCH	MATCH	ELIGIBLE_SIMPLEX_FRAME	FALSE	FALSE
14844	SSB0316	SSB03160168.TextGrid	BARE	10	9	1	一	现在请允许我再举一个例子	development	现在请允许我再举	举	个	个例子	CLEAR_SIMPLEX	SIMPLEX_OTHER_EXTERNAL_CONTEXT	R3_REMAINING_SIMPLEX_YI_GE	selected_一_is_not_part_of_visible_complex_cardinal_and_is_immediately_followed_by_count_classifier_个	Wu 2024 journal p.370 examples (7)-(8) and p.381 example (20a)	YI_T2	YI_T2	yi2	YI_T2	MATCH	MATCH	ELIGIBLE_SIMPLEX_FRAME	FALSE	FALSE
14885	SSB0316	SSB03160213.TextGrid	BARE	16	15	1	一	我们认为开发商不敢轻易涨价的一个原因就是消化库存	development	商不敢轻易涨价的	的	个	个原因就是消化库	CLEAR_SIMPLEX	SIMPLEX_OTHER_EXTERNAL_CONTEXT	R3_REMAINING_SIMPLEX_YI_GE	selected_一_is_not_part_of_visible_complex_cardinal_and_is_immediately_followed_by_count_classifier_个	Wu 2024 journal p.370 examples (7)-(8) and p.381 example (20a)	YI_T2	YI_T2	yi2	YI_T2	MATCH	MATCH	ELIGIBLE_SIMPLEX_FRAME	FALSE	FALSE
14891	SSB0316	SSB03160219.TextGrid	ORDINAL	3	2	1	一	第一个是游戏	development	第	第	个	个是游戏	ORDINAL_ABSOLUTE	EXACT_DI_YI_GE	R0_EXACT_ORDINAL	selected_target_occurs_in_exact_第一个	Wu 2024 journal p.374 example (15)	YI_T1	YI_T1	yi1	YI_T1	MATCH	MATCH	ELIGIBLE_ORDINAL_FRAME	FALSE	FALSE
14921	SSB0316	SSB03160256.TextGrid	BARE	5	4	1	一	我找到一个新朋友	development	我找到	到	个	个新朋友	CLEAR_SIMPLEX	SIMPLEX_OTHER_EXTERNAL_CONTEXT	R3_REMAINING_SIMPLEX_YI_GE	selected_一_is_not_part_of_visible_complex_cardinal_and_is_immediately_followed_by_count_classifier_个	Wu 2024 journal p.370 examples (7)-(8) and p.381 example (20a)	YI_T2	YI_T2	yi2	YI_T2	MATCH	MATCH	ELIGIBLE_SIMPLEX_FRAME	FALSE	FALSE
14935	SSB0316	SSB03160272.TextGrid	BARE	8	7	1	一	我不知道你是一个注重心思的人	development	我不知道你是	是	个	个注重心思的人	CLEAR_SIMPLEX	SIMPLEX_OTHER_EXTERNAL_CONTEXT	R3_REMAINING_SIMPLEX_YI_GE	selected_一_is_not_part_of_visible_complex_cardinal_and_is_immediately_followed_by_count_classifier_个	Wu 2024 journal p.370 examples (7)-(8) and p.381 example (20a)	YI_T2	YI_T2	yi2	YI_T2	MATCH	MATCH	ELIGIBLE_SIMPLEX_FRAME	FALSE	FALSE
15175	SSB0323	SSB03230015.TextGrid	BARE	6	5	1	一	今年九月一个深沉沉的日子	development	今年九月	月	个	个深沉沉的日子	CLEAR_SIMPLEX	SIMPLEX_OTHER_EXTERNAL_CONTEXT	R3_REMAINING_SIMPLEX_YI_GE	selected_一_is_not_part_of_visible_complex_cardinal_and_is_immediately_followed_by_count_classifier_个	Wu 2024 journal p.370 examples (7)-(8) and p.381 example (20a)	YI_T2	YI_T2	yi2	YI_T2	MATCH	MATCH	ELIGIBLE_SIMPLEX_FRAME	FALSE	FALSE
15197	SSB0323	SSB03230038.TextGrid	BARE	5	4	1	一	从嘉兴一个人赶了过来	development	从嘉兴	兴	个	个人赶了过来	CLEAR_SIMPLEX	SIMPLEX_OTHER_EXTERNAL_CONTEXT	R3_REMAINING_SIMPLEX_YI_GE	selected_一_is_not_part_of_visible_complex_cardinal_and_is_immediately_followed_by_count_classifier_个	Wu 2024 journal p.370 examples (7)-(8) and p.381 example (20a)	YI_T2	YI_T2	yi2	YI_T2	MATCH	MATCH	ELIGIBLE_SIMPLEX_FRAME	FALSE	FALSE
15402	SSB0323	SSB03230257.TextGrid	BARE	20	18	1	一	智能可穿戴设备是继智能手机之后的下一个爆发市场	development	智能手机之后的下	下	个	个爆发市场	CLEAR_SIMPLEX	SIMPLEX_SEQUENTIAL_XIA	R3_REMAINING_SIMPLEX_YI_GE	visible_string=下一个; selected_一_is_immediately_followed_by_count_classifier_个	Wu 2024 journal p.370 examples (7)-(8) and p.381 example (20a)	YI_T2	YI_T2	yi2	YI_T2	MATCH	MATCH	ELIGIBLE_SIMPLEX_FRAME	FALSE	FALSE
15559	SSB0323	SSB03230432.TextGrid	BARE	8	7	1	一	苹果手表有了一个好的开始	development	苹果手表有了	了	个	个好的开始	CLEAR_SIMPLEX	SIMPLEX_OTHER_EXTERNAL_CONTEXT	R3_REMAINING_SIMPLEX_YI_GE	selected_一_is_not_part_of_visible_complex_cardinal_and_is_immediately_followed_by_count_classifier_个	Wu 2024 journal p.370 examples (7)-(8) and p.381 example (20a)	YI_T2	YI_T2	yi2	YI_T2	MATCH	MATCH	ELIGIBLE_SIMPLEX_FRAME	FALSE	FALSE
15587	SSB0323	SSB03230462.TextGrid	BARE	6	5	1	一	这里还有一个更为深重的意义诸神之战诞生地	development	这里还有	有	个	个更为深重的意义	CLEAR_SIMPLEX	SIMPLEX_OTHER_EXTERNAL_CONTEXT	R3_REMAINING_SIMPLEX_YI_GE	selected_一_is_not_part_of_visible_complex_cardinal_and_is_immediately_followed_by_count_classifier_个	Wu 2024 journal p.370 examples (7)-(8) and p.381 example (20a)	YI_T2	YI_T2	yi2	YI_T2	MATCH	MATCH	ELIGIBLE_SIMPLEX_FRAME	FALSE	FALSE
15649	SSB0338	SSB03380045.TextGrid	BARE	12	11	1	一	另一些新婚夫妇会举行一个简单的婚庆	development	些新婚夫妇会举行	行	个	个简单的婚庆	CLEAR_SIMPLEX	SIMPLEX_OTHER_EXTERNAL_CONTEXT	R3_REMAINING_SIMPLEX_YI_GE	selected_一_is_not_part_of_visible_complex_cardinal_and_is_immediately_followed_by_count_classifier_个	Wu 2024 journal p.370 examples (7)-(8) and p.381 example (20a)	YI_T2	YI_T2	yi2	YI_T2	MATCH	MATCH	ELIGIBLE_SIMPLEX_FRAME	FALSE	FALSE
15712	SSB0338	SSB03380111.TextGrid	BARE	2	1	1	一	一个人无缘无故又怎会爆炸呢	development		START	个	个人无缘无故又怎	CLEAR_SIMPLEX	SIMPLEX_OTHER_EXTERNAL_CONTEXT	R3_REMAINING_SIMPLEX_YI_GE	selected_一_is_not_part_of_visible_complex_cardinal_and_is_immediately_followed_by_count_classifier_个	Wu 2024 journal p.370 examples (7)-(8) and p.381 example (20a)	YI_T2	YI_T2	yi2	YI_T2	MATCH	MATCH	ELIGIBLE_SIMPLEX_FRAME	FALSE	FALSE
15727	SSB0338	SSB03380127.TextGrid	BARE	4	3	1	一	寄上一个回邮信封索取免费资料包	development	寄上	上	个	个回邮信封索取免	CLEAR_SIMPLEX	SIMPLEX_SEQUENTIAL_SHANG	R3_REMAINING_SIMPLEX_YI_GE	visible_string=上一个; selected_一_is_immediately_followed_by_count_classifier_个	Wu 2024 journal p.370 examples (7)-(8) and p.381 example (20a)	YI_T2	YI_T2	yi2	YI_T2	MATCH	MATCH	ELIGIBLE_SIMPLEX_FRAME	FALSE	FALSE
15770	SSB0338	SSB03380173.TextGrid	BARE	8	7	1	一	他要把我带去一个位置不明的地点	development	他要把我带去	去	个	个位置不明的地点	CLEAR_SIMPLEX	SIMPLEX_OTHER_EXTERNAL_CONTEXT	R3_REMAINING_SIMPLEX_YI_GE	selected_一_is_not_part_of_visible_complex_cardinal_and_is_immediately_followed_by_count_classifier_个	Wu 2024 journal p.370 examples (7)-(8) and p.381 example (20a)	YI_T2	YI_T2	yi2	YI_T2	MATCH	MATCH	ELIGIBLE_SIMPLEX_FRAME	FALSE	FALSE
15810	SSB0338	SSB03380216.TextGrid	BARE	6	5	1	一	房间里有一个人	development	房间里有	有	个	个人	CLEAR_SIMPLEX	SIMPLEX_OTHER_EXTERNAL_CONTEXT	R3_REMAINING_SIMPLEX_YI_GE	selected_一_is_not_part_of_visible_complex_cardinal_and_is_immediately_followed_by_count_classifier_个	Wu 2024 journal p.370 examples (7)-(8) and p.381 example (20a)	YI_T2	YI_T2	yi2	YI_T2	MATCH	MATCH	ELIGIBLE_SIMPLEX_FRAME	FALSE	FALSE
15907	SSB0338	SSB03380316.TextGrid	BARE	13	12	1	一	卢卡斯如父亲的期望成为一个正常的人	development	如父亲的期望成为	为	个	个正常的人	CLEAR_SIMPLEX	SIMPLEX_OTHER_EXTERNAL_CONTEXT	R3_REMAINING_SIMPLEX_YI_GE	selected_一_is_not_part_of_visible_complex_cardinal_and_is_immediately_followed_by_count_classifier_个	Wu 2024 journal p.370 examples (7)-(8) and p.381 example (20a)	YI_T2	YI_T2	yi2	YI_T2	MATCH	MATCH	ELIGIBLE_SIMPLEX_FRAME	FALSE	FALSE
16239	SSB0339	SSB03390155.TextGrid	BARE	10	9	1	一	从头到脚裹得那叫一个严实	development	从头到脚裹得那叫	叫	个	个严实	CLEAR_SIMPLEX	SIMPLEX_OTHER_EXTERNAL_CONTEXT	R3_REMAINING_SIMPLEX_YI_GE	selected_一_is_not_part_of_visible_complex_cardinal_and_is_immediately_followed_by_count_classifier_个	Wu 2024 journal p.370 examples (7)-(8) and p.381 example (20a)	YI_T2	YI_T2	yi2	YI_T2	MATCH	MATCH	ELIGIBLE_SIMPLEX_FRAME	FALSE	FALSE
16311	SSB0339	SSB03390230.TextGrid	BARE	3	2	1	一	我一个人进去	development	我	我	个	个人进去	CLEAR_SIMPLEX	SIMPLEX_OTHER_EXTERNAL_CONTEXT	R3_REMAINING_SIMPLEX_YI_GE	selected_一_is_not_part_of_visible_complex_cardinal_and_is_immediately_followed_by_count_classifier_个	Wu 2024 journal p.370 examples (7)-(8) and p.381 example (20a)	YI_T2	YI_T2	yi2	YI_T2	MATCH	MATCH	ELIGIBLE_SIMPLEX_FRAME	FALSE	FALSE
16322	SSB0339	SSB03390242.TextGrid	BARE	3	2	1	一	来一个邓紫棋的歌	development	来	来	个	个邓紫棋的歌	CLEAR_SIMPLEX	SIMPLEX_OTHER_EXTERNAL_CONTEXT	R3_REMAINING_SIMPLEX_YI_GE	selected_一_is_not_part_of_visible_complex_cardinal_and_is_immediately_followed_by_count_classifier_个	Wu 2024 journal p.370 examples (7)-(8) and p.381 example (20a)	YI_T2	YI_T2	yi2	YI_T2	MATCH	MATCH	ELIGIBLE_SIMPLEX_FRAME	FALSE	FALSE
16361	SSB0339	SSB03390281.TextGrid	BARE	2	1	1	一	一个英雄就应该能忍受	development		START	个	个英雄就应该能忍	CLEAR_SIMPLEX	SIMPLEX_OTHER_EXTERNAL_CONTEXT	R3_REMAINING_SIMPLEX_YI_GE	selected_一_is_not_part_of_visible_complex_cardinal_and_is_immediately_followed_by_count_classifier_个	Wu 2024 journal p.370 examples (7)-(8) and p.381 example (20a)	YI_T2	YI_T2	yi2	YI_T2	MATCH	MATCH	ELIGIBLE_SIMPLEX_FRAME	FALSE	FALSE
16373	SSB0339	SSB03390295.TextGrid	BARE	7	6	1	一	你们确实有一个共通点	development	你们确实有	有	个	个共通点	CLEAR_SIMPLEX	SIMPLEX_OTHER_EXTERNAL_CONTEXT	R3_REMAINING_SIMPLEX_YI_GE	selected_一_is_not_part_of_visible_complex_cardinal_and_is_immediately_followed_by_count_classifier_个	Wu 2024 journal p.370 examples (7)-(8) and p.381 example (20a)	YI_T2	YI_T2	yi2	YI_T2	MATCH	MATCH	ELIGIBLE_SIMPLEX_FRAME	FALSE	FALSE
16467	SSB0339	SSB03390393.TextGrid	BARE	7	6	1	一	伤痛则从另一个方面界定了霍恩女士的性格	development	伤痛则从另	另	个	个方面界定了霍恩	CLEAR_SIMPLEX	SIMPLEX_MODIFIED_LING	R3_REMAINING_SIMPLEX_YI_GE	visible_string=另一个; selected_一_is_immediately_followed_by_count_classifier_个	Wu 2024 journal p.370 examples (7)-(8) and p.381 example (20a)	YI_T2	YI_T2	yi2	YI_T2	MATCH	MATCH	ELIGIBLE_SIMPLEX_FRAME	FALSE	FALSE
16509	SSB0339	SSB03390436.TextGrid	BARE	4	3	1	一	我是一个电脑销售人员	development	我是	是	个	个电脑销售人员	CLEAR_SIMPLEX	SIMPLEX_OTHER_EXTERNAL_CONTEXT	R3_REMAINING_SIMPLEX_YI_GE	selected_一_is_not_part_of_visible_complex_cardinal_and_is_immediately_followed_by_count_classifier_个	Wu 2024 journal p.370 examples (7)-(8) and p.381 example (20a)	YI_T2	YI_T2	yi2	YI_T2	MATCH	MATCH	ELIGIBLE_SIMPLEX_FRAME	FALSE	FALSE
16590	SSB0341	SSB03410011.TextGrid	BARE	5	4	1	一	现在我一个单位的	development	现在我	我	个	个单位的	CLEAR_SIMPLEX	SIMPLEX_OTHER_EXTERNAL_CONTEXT	R3_REMAINING_SIMPLEX_YI_GE	selected_一_is_not_part_of_visible_complex_cardinal_and_is_immediately_followed_by_count_classifier_个	Wu 2024 journal p.370 examples (7)-(8) and p.381 example (20a)	YI_T2	YI_T2	yi2	YI_T2	MATCH	MATCH	ELIGIBLE_SIMPLEX_FRAME	FALSE	FALSE
16594	SSB0341	SSB03410015.TextGrid	BARE	7	6	1	一	候选人需要一个匿名的推荐人兼支持者	development	候选人需要	要	个	个匿名的推荐人兼	CLEAR_SIMPLEX	SIMPLEX_OTHER_EXTERNAL_CONTEXT	R3_REMAINING_SIMPLEX_YI_GE	selected_一_is_not_part_of_visible_complex_cardinal_and_is_immediately_followed_by_count_classifier_个	Wu 2024 journal p.370 examples (7)-(8) and p.381 example (20a)	YI_T2	YI_T2	yi2	YI_T2	MATCH	MATCH	ELIGIBLE_SIMPLEX_FRAME	FALSE	FALSE
16601	SSB0341	SSB03410022.TextGrid	ORDINAL	11	10	1	一	我们能看到朋友投第一个球	development	们能看到朋友投第	第	个	个球	ORDINAL_ABSOLUTE	EXACT_DI_YI_GE	R0_EXACT_ORDINAL	selected_target_occurs_in_exact_第一个	Wu 2024 journal p.374 example (15)	YI_T1	YI_T1	yi1	YI_T1	MATCH	MATCH	ELIGIBLE_ORDINAL_FRAME	FALSE	FALSE
16768	SSB0341	SSB03410194.TextGrid	BARE	10	8	1	一	直到杰森碰上了一个	development	直到杰森碰上了	了	个	个	CLEAR_SIMPLEX	SIMPLEX_OTHER_EXTERNAL_CONTEXT	R3_REMAINING_SIMPLEX_YI_GE	selected_一_is_not_part_of_visible_complex_cardinal_and_is_immediately_followed_by_count_classifier_个	Wu 2024 journal p.370 examples (7)-(8) and p.381 example (20a)	YI_T2	YI_T2	yi2	YI_T2	MATCH	MATCH	ELIGIBLE_SIMPLEX_FRAME	FALSE	FALSE
16834	SSB0341	SSB03410262.TextGrid	ORDINAL	6	5	1	一	希望是第一个到达的	development	希望是第	第	个	个到达的	ORDINAL_ABSOLUTE	EXACT_DI_YI_GE	R0_EXACT_ORDINAL	selected_target_occurs_in_exact_第一个	Wu 2024 journal p.374 example (15)	YI_T1	YI_T1	yi1	YI_T1	MATCH	MATCH	ELIGIBLE_ORDINAL_FRAME	FALSE	FALSE
16869	SSB0341	SSB03410299.TextGrid	BARE	8	6	1	一	整队人没有一个可以支持你的证供	development	整队人没有	有	个	个可以支持你的证	CLEAR_SIMPLEX	SIMPLEX_OTHER_EXTERNAL_CONTEXT	R3_REMAINING_SIMPLEX_YI_GE	selected_一_is_not_part_of_visible_complex_cardinal_and_is_immediately_followed_by_count_classifier_个	Wu 2024 journal p.370 examples (7)-(8) and p.381 example (20a)	YI_T2	YI_T2	yi2	YI_T2	MATCH	MATCH	ELIGIBLE_SIMPLEX_FRAME	FALSE	FALSE
16943	SSB0341	SSB03410376.TextGrid	ORDINAL	3	2	1	一	第一个登上太空的是谁	development	第	第	个	个登上太空的是谁	ORDINAL_ABSOLUTE	EXACT_DI_YI_GE	R0_EXACT_ORDINAL	selected_target_occurs_in_exact_第一个	Wu 2024 journal p.374 example (15)	YI_T1	YI_T1	yi1	YI_T1	MATCH	MATCH	ELIGIBLE_ORDINAL_FRAME	FALSE	FALSE
16959	SSB0341	SSB03410394.TextGrid	BARE	5	4	1	一	如果每一个硬件的品牌商	development	如果每	每	个	个硬件的品牌商	CLEAR_SIMPLEX	SIMPLEX_MODIFIED_MEI	R3_REMAINING_SIMPLEX_YI_GE	visible_string=每一个; selected_一_is_immediately_followed_by_count_classifier_个	Wu 2024 journal p.370 examples (7)-(8) and p.381 example (20a)	YI_T2	YI_T2	yi2	YI_T2	MATCH	MATCH	ELIGIBLE_SIMPLEX_FRAME	FALSE	FALSE
17147	SSB0342	SSB03420084.TextGrid	BARE	6	5	1	一	降幅收窄一个百分点	development	降幅收窄	窄	个	个百分点	CLEAR_SIMPLEX	SIMPLEX_OTHER_EXTERNAL_CONTEXT	R3_REMAINING_SIMPLEX_YI_GE	selected_一_is_not_part_of_visible_complex_cardinal_and_is_immediately_followed_by_count_classifier_个	Wu 2024 journal p.370 examples (7)-(8) and p.381 example (20a)	YI_T2	YI_T2	yi2	YI_T2	MATCH	MATCH	ELIGIBLE_SIMPLEX_FRAME	FALSE	FALSE
17166	SSB0342	SSB03420105.TextGrid	BARE	6	5	1	一	降幅收窄一个百分点销售额五亿元	development	降幅收窄	窄	个	个百分点销售额五	CLEAR_SIMPLEX	SIMPLEX_OTHER_EXTERNAL_CONTEXT	R3_REMAINING_SIMPLEX_YI_GE	selected_一_is_not_part_of_visible_complex_cardinal_and_is_immediately_followed_by_count_classifier_个	Wu 2024 journal p.370 examples (7)-(8) and p.381 example (20a)	YI_T2	YI_T2	yi2	YI_T2	MATCH	MATCH	ELIGIBLE_SIMPLEX_FRAME	FALSE	FALSE
17176	SSB0342	SSB03420115.TextGrid	BARE	6	5	1	一	增速提高一个百分点	development	增速提高	高	个	个百分点	CLEAR_SIMPLEX	SIMPLEX_OTHER_EXTERNAL_CONTEXT	R3_REMAINING_SIMPLEX_YI_GE	selected_一_is_not_part_of_visible_complex_cardinal_and_is_immediately_followed_by_count_classifier_个	Wu 2024 journal p.370 examples (7)-(8) and p.381 example (20a)	YI_T2	YI_T2	yi2	YI_T2	MATCH	MATCH	ELIGIBLE_SIMPLEX_FRAME	FALSE	FALSE
17180	SSB0342	SSB03420119.TextGrid	BARE	13	12	1	一	许海峰澎湃资料在河北的一个小城里	development	澎湃资料在河北的	的	个	个小城里	CLEAR_SIMPLEX	SIMPLEX_OTHER_EXTERNAL_CONTEXT	R3_REMAINING_SIMPLEX_YI_GE	selected_一_is_not_part_of_visible_complex_cardinal_and_is_immediately_followed_by_count_classifier_个	Wu 2024 journal p.370 examples (7)-(8) and p.381 example (20a)	YI_T2	YI_T2	yi2	YI_T2	MATCH	MATCH	ELIGIBLE_SIMPLEX_FRAME	FALSE	FALSE
17183	SSB0342	SSB03420122.TextGrid	BARE	10	9	1	一	降幅比九月份收窄一个百分点	development	降幅比九月份收窄	窄	个	个百分点	CLEAR_SIMPLEX	SIMPLEX_OTHER_EXTERNAL_CONTEXT	R3_REMAINING_SIMPLEX_YI_GE	selected_一_is_not_part_of_visible_complex_cardinal_and_is_immediately_followed_by_count_classifier_个	Wu 2024 journal p.370 examples (7)-(8) and p.381 example (20a)	YI_T2	YI_T2	yi2	YI_T2	MATCH	MATCH	ELIGIBLE_SIMPLEX_FRAME	FALSE	FALSE
17210	SSB0342	SSB03420149.TextGrid	BARE	6	5	1	一	增速回落一个百分点	development	增速回落	落	个	个百分点	CLEAR_SIMPLEX	SIMPLEX_OTHER_EXTERNAL_CONTEXT	R3_REMAINING_SIMPLEX_YI_GE	selected_一_is_not_part_of_visible_complex_cardinal_and_is_immediately_followed_by_count_classifier_个	Wu 2024 journal p.370 examples (7)-(8) and p.381 example (20a)	YI_T2	YI_T2	yi2	YI_T2	MATCH	MATCH	ELIGIBLE_SIMPLEX_FRAME	FALSE	FALSE
17287	SSB0342	SSB03420230.TextGrid	BARE	6	5	1	一	降幅收窄一个百分点	development	降幅收窄	窄	个	个百分点	CLEAR_SIMPLEX	SIMPLEX_OTHER_EXTERNAL_CONTEXT	R3_REMAINING_SIMPLEX_YI_GE	selected_一_is_not_part_of_visible_complex_cardinal_and_is_immediately_followed_by_count_classifier_个	Wu 2024 journal p.370 examples (7)-(8) and p.381 example (20a)	YI_T2	YI_T2	yi2	YI_T2	MATCH	MATCH	ELIGIBLE_SIMPLEX_FRAME	FALSE	FALSE
17289	SSB0342	SSB03420232.TextGrid	BARE	11	9	1	一	增速比九月份回落一个百分点	development	增速比九月份回落	落	个	个百分点	CLEAR_SIMPLEX	SIMPLEX_OTHER_EXTERNAL_CONTEXT	R3_REMAINING_SIMPLEX_YI_GE	selected_一_is_not_part_of_visible_complex_cardinal_and_is_immediately_followed_by_count_classifier_个	Wu 2024 journal p.370 examples (7)-(8) and p.381 example (20a)	YI_T2	YI_T2	yi2	YI_T2	MATCH	MATCH	ELIGIBLE_SIMPLEX_FRAME	FALSE	FALSE
17310	SSB0342	SSB03420254.TextGrid	BARE	6	5	1	一	增速提高一个百分点	development	增速提高	高	个	个百分点	CLEAR_SIMPLEX	SIMPLEX_OTHER_EXTERNAL_CONTEXT	R3_REMAINING_SIMPLEX_YI_GE	selected_一_is_not_part_of_visible_complex_cardinal_and_is_immediately_followed_by_count_classifier_个	Wu 2024 journal p.370 examples (7)-(8) and p.381 example (20a)	YI_T2	YI_T2	yi2	YI_T2	MATCH	MATCH	ELIGIBLE_SIMPLEX_FRAME	FALSE	FALSE
17328	SSB0342	SSB03420272.TextGrid	BARE	9	8	1	一	降幅比上月减缓一个百分点	development	降幅比上月减缓	缓	个	个百分点	CLEAR_SIMPLEX	SIMPLEX_OTHER_EXTERNAL_CONTEXT	R3_REMAINING_SIMPLEX_YI_GE	selected_一_is_not_part_of_visible_complex_cardinal_and_is_immediately_followed_by_count_classifier_个	Wu 2024 journal p.370 examples (7)-(8) and p.381 example (20a)	YI_T2	YI_T2	yi2	YI_T2	MATCH	MATCH	ELIGIBLE_SIMPLEX_FRAME	FALSE	FALSE
17402	SSB0342	SSB03420353.TextGrid	BARE	5	4	1	一	很好的一个女生	development	很好的	的	个	个女生	CLEAR_SIMPLEX	SIMPLEX_OTHER_EXTERNAL_CONTEXT	R3_REMAINING_SIMPLEX_YI_GE	selected_一_is_not_part_of_visible_complex_cardinal_and_is_immediately_followed_by_count_classifier_个	Wu 2024 journal p.370 examples (7)-(8) and p.381 example (20a)	YI_T2	YI_T2	yi2	YI_T2	MATCH	MATCH	ELIGIBLE_SIMPLEX_FRAME	FALSE	FALSE
17462	SSB0342	SSB03420414.TextGrid	BARE	10	9	1	一	降幅比九月份收窄一个百分点	development	降幅比九月份收窄	窄	个	个百分点	CLEAR_SIMPLEX	SIMPLEX_OTHER_EXTERNAL_CONTEXT	R3_REMAINING_SIMPLEX_YI_GE	selected_一_is_not_part_of_visible_complex_cardinal_and_is_immediately_followed_by_count_classifier_个	Wu 2024 journal p.370 examples (7)-(8) and p.381 example (20a)	YI_T2	YI_T2	yi2	YI_T2	MATCH	MATCH	ELIGIBLE_SIMPLEX_FRAME	FALSE	FALSE
17495	SSB0342	SSB03420449.TextGrid	BARE	6	5	1	一	增速提高一个百分点	development	增速提高	高	个	个百分点	CLEAR_SIMPLEX	SIMPLEX_OTHER_EXTERNAL_CONTEXT	R3_REMAINING_SIMPLEX_YI_GE	selected_一_is_not_part_of_visible_complex_cardinal_and_is_immediately_followed_by_count_classifier_个	Wu 2024 journal p.370 examples (7)-(8) and p.381 example (20a)	YI_T2	YI_T2	yi2	YI_T2	MATCH	MATCH	ELIGIBLE_SIMPLEX_FRAME	FALSE	FALSE
17501	SSB0342	SSB03420456.TextGrid	BARE	6	5	1	一	增速提高一个百分点	development	增速提高	高	个	个百分点	CLEAR_SIMPLEX	SIMPLEX_OTHER_EXTERNAL_CONTEXT	R3_REMAINING_SIMPLEX_YI_GE	selected_一_is_not_part_of_visible_complex_cardinal_and_is_immediately_followed_by_count_classifier_个	Wu 2024 journal p.370 examples (7)-(8) and p.381 example (20a)	YI_T2	YI_T2	yi2	YI_T2	MATCH	MATCH	ELIGIBLE_SIMPLEX_FRAME	FALSE	FALSE
17528	SSB0342	SSB03420485.TextGrid	BARE	10	9	1	一	增速比九月份提高一个百分点	development	增速比九月份提高	高	个	个百分点	CLEAR_SIMPLEX	SIMPLEX_OTHER_EXTERNAL_CONTEXT	R3_REMAINING_SIMPLEX_YI_GE	selected_一_is_not_part_of_visible_complex_cardinal_and_is_immediately_followed_by_count_classifier_个	Wu 2024 journal p.370 examples (7)-(8) and p.381 example (20a)	YI_T2	YI_T2	yi2	YI_T2	MATCH	MATCH	ELIGIBLE_SIMPLEX_FRAME	FALSE	FALSE
17549	SSB0354	SSB03540017.TextGrid	BARE	6	5	1	一	我射伤了一个押运人	confirmation	我射伤了	了	个	个押运人	CLEAR_SIMPLEX	SIMPLEX_OTHER_EXTERNAL_CONTEXT	R3_REMAINING_SIMPLEX_YI_GE	selected_一_is_not_part_of_visible_complex_cardinal_and_is_immediately_followed_by_count_classifier_个	Wu 2024 journal p.370 examples (7)-(8) and p.381 example (20a)	YI_T2	YI_T2	yi2	YI_T2	MATCH	MATCH	ELIGIBLE_SIMPLEX_FRAME	FALSE	FALSE
17566	SSB0354	SSB03540036.TextGrid	BARE	2	1	1	一	一个青少队变成预备队	confirmation		START	个	个青少队变成预备	CLEAR_SIMPLEX	SIMPLEX_OTHER_EXTERNAL_CONTEXT	R3_REMAINING_SIMPLEX_YI_GE	selected_一_is_not_part_of_visible_complex_cardinal_and_is_immediately_followed_by_count_classifier_个	Wu 2024 journal p.370 examples (7)-(8) and p.381 example (20a)	YI_T2	YI_T2	yi2	YI_T2	MATCH	MATCH	ELIGIBLE_SIMPLEX_FRAME	FALSE	FALSE
17659	SSB0354	SSB03540134.TextGrid	BARE	11	9	1	一	第七排第五行最后一个	confirmation	第七排第五行最后	后	个	个	CLEAR_SIMPLEX	SIMPLEX_SEQUENTIAL_ZUIHOU	R3_REMAINING_SIMPLEX_YI_GE	visible_string=最后一个; selected_一_is_immediately_followed_by_count_classifier_个	Wu 2024 journal p.370 examples (7)-(8) and p.381 example (20a)	YI_T2	YI_T2	yi2	YI_T2	MATCH	MATCH	ELIGIBLE_SIMPLEX_FRAME	FALSE	FALSE
17670	SSB0354	SSB03540146.TextGrid	BARE	6	5	1	一	这至少得一个星期	confirmation	这至少得	得	个	个星期	CLEAR_SIMPLEX	SIMPLEX_OTHER_EXTERNAL_CONTEXT	R3_REMAINING_SIMPLEX_YI_GE	selected_一_is_not_part_of_visible_complex_cardinal_and_is_immediately_followed_by_count_classifier_个	Wu 2024 journal p.370 examples (7)-(8) and p.381 example (20a)	YI_T2	YI_T2	yi2	YI_T2	MATCH	MATCH	ELIGIBLE_SIMPLEX_FRAME	FALSE	FALSE
17694	SSB0354	SSB03540170.TextGrid	BARE	4	3	1	一	不是一个团队	confirmation	不是	是	个	个团队	CLEAR_SIMPLEX	SIMPLEX_OTHER_EXTERNAL_CONTEXT	R3_REMAINING_SIMPLEX_YI_GE	selected_一_is_not_part_of_visible_complex_cardinal_and_is_immediately_followed_by_count_classifier_个	Wu 2024 journal p.370 examples (7)-(8) and p.381 example (20a)	YI_T2	YI_T2	yi2	YI_T2	MATCH	MATCH	ELIGIBLE_SIMPLEX_FRAME	FALSE	FALSE
17705	SSB0354	SSB03540181.TextGrid	BARE	4	3	1	一	作为一个齐诺生物学家	confirmation	作为	为	个	个齐诺生物学家	CLEAR_SIMPLEX	SIMPLEX_OTHER_EXTERNAL_CONTEXT	R3_REMAINING_SIMPLEX_YI_GE	selected_一_is_not_part_of_visible_complex_cardinal_and_is_immediately_followed_by_count_classifier_个	Wu 2024 journal p.370 examples (7)-(8) and p.381 example (20a)	YI_T2	YI_T2	yi2	YI_T2	MATCH	MATCH	ELIGIBLE_SIMPLEX_FRAME	FALSE	FALSE
17767	SSB0354	SSB03540248.TextGrid	BARE	3	2	1	一	十一个典型城市土地成交均价为五千元每平方米	confirmation	十	十	个	个典型城市土地成	CLEAR_COMPLEX_LAST_DIGIT	COMPLEX_CARDINAL_FINAL_DIGIT	R1_COMPLEX_FINAL_DIGIT	visible_multi_digit_cardinal=十一; selected_一_is_final_digit_before_个	Wu 2024 journal p.381 example (28)	YI_T1	YI_T2	yi1	YI_T1	COUNTEREXAMPLE	MATCH	ELIGIBLE_COMPLEX_CONTROL_NOT_POOLED	FALSE	FALSE
17938	SSB0354	SSB03540430.TextGrid	BARE	11	10	1	一	他人生的流向就拐了一个弯	confirmation	人生的流向就拐了	了	个	个弯	CLEAR_SIMPLEX	SIMPLEX_OTHER_EXTERNAL_CONTEXT	R3_REMAINING_SIMPLEX_YI_GE	selected_一_is_not_part_of_visible_complex_cardinal_and_is_immediately_followed_by_count_classifier_个	Wu 2024 journal p.370 examples (7)-(8) and p.381 example (20a)	YI_T2	YI_T2	yi2	YI_T2	MATCH	MATCH	ELIGIBLE_SIMPLEX_FRAME	FALSE	FALSE
17959	SSB0354	SSB03540453.TextGrid	BARE	2	1	1	一	一个小苹果	confirmation		START	个	个小苹果	CLEAR_SIMPLEX	SIMPLEX_OTHER_EXTERNAL_CONTEXT	R3_REMAINING_SIMPLEX_YI_GE	selected_一_is_not_part_of_visible_complex_cardinal_and_is_immediately_followed_by_count_classifier_个	Wu 2024 journal p.370 examples (7)-(8) and p.381 example (20a)	YI_T2	YI_T2	yi2	YI_T2	MATCH	MATCH	ELIGIBLE_SIMPLEX_FRAME	FALSE	FALSE
17970	SSB0354	SSB03540464.TextGrid	BARE	4	3	1	一	这是一个惨痛的提醒	confirmation	这是	是	个	个惨痛的提醒	CLEAR_SIMPLEX	SIMPLEX_OTHER_EXTERNAL_CONTEXT	R3_REMAINING_SIMPLEX_YI_GE	selected_一_is_not_part_of_visible_complex_cardinal_and_is_immediately_followed_by_count_classifier_个	Wu 2024 journal p.370 examples (7)-(8) and p.381 example (20a)	YI_T2	YI_T2	yi2	YI_T2	MATCH	MATCH	ELIGIBLE_SIMPLEX_FRAME	FALSE	FALSE
18015	SSB0354	SSB03540511.TextGrid	BARE	17	14	1	一	中山大学女生秋白化名正陷入一个又一个漩涡	confirmation	生秋白化名正陷入	入	个	个又一个漩涡	CLEAR_SIMPLEX	SIMPLEX_OTHER_EXTERNAL_CONTEXT	R3_REMAINING_SIMPLEX_YI_GE	selected_一_is_not_part_of_visible_complex_cardinal_and_is_immediately_followed_by_count_classifier_个	Wu 2024 journal p.370 examples (7)-(8) and p.381 example (20a)	YI_T2	YI_T2	yi2	YI_T2	MATCH	MATCH	ELIGIBLE_SIMPLEX_FRAME	FALSE	FALSE
18015	SSB0354	SSB03540511.TextGrid	BARE	20	17	2	一	中山大学女生秋白化名正陷入一个又一个漩涡	confirmation	化名正陷入一个又	又	个	个漩涡	CLEAR_SIMPLEX	SIMPLEX_OTHER_EXTERNAL_CONTEXT	R3_REMAINING_SIMPLEX_YI_GE	selected_一_is_not_part_of_visible_complex_cardinal_and_is_immediately_followed_by_count_classifier_个	Wu 2024 journal p.370 examples (7)-(8) and p.381 example (20a)	YI_T2	YI_T2	yi2	YI_T2	MATCH	MATCH	ELIGIBLE_SIMPLEX_FRAME	FALSE	FALSE
18043	SSB0366	SSB03660027.TextGrid	BARE	11	10	1	一	这一政策将刺激出又一个千亿市场	development	一政策将刺激出又	又	个	个千亿市场	CLEAR_SIMPLEX	SIMPLEX_OTHER_EXTERNAL_CONTEXT	R3_REMAINING_SIMPLEX_YI_GE	selected_一_is_not_part_of_visible_complex_cardinal_and_is_immediately_followed_by_count_classifier_个	Wu 2024 journal p.370 examples (7)-(8) and p.381 example (20a)	YI_T2	YI_T2	yi2	YI_T2	MATCH	MATCH	ELIGIBLE_SIMPLEX_FRAME	FALSE	FALSE
18126	SSB0366	SSB03660118.TextGrid	BARE	7	6	1	一	如果我讨厌一个人	development	如果我讨厌	厌	个	个人	CLEAR_SIMPLEX	SIMPLEX_OTHER_EXTERNAL_CONTEXT	R3_REMAINING_SIMPLEX_YI_GE	selected_一_is_not_part_of_visible_complex_cardinal_and_is_immediately_followed_by_count_classifier_个	Wu 2024 journal p.370 examples (7)-(8) and p.381 example (20a)	YI_T2	YI_T2	yi2	YI_T2	MATCH	MATCH	ELIGIBLE_SIMPLEX_FRAME	FALSE	FALSE
18164	SSB0366	SSB03660158.TextGrid	BARE	13	12	1	一	考古学家发现他们被埋在一个巨大的墓中	development	家发现他们被埋在	在	个	个巨大的墓中	CLEAR_SIMPLEX	SIMPLEX_OTHER_EXTERNAL_CONTEXT	R3_REMAINING_SIMPLEX_YI_GE	selected_一_is_not_part_of_visible_complex_cardinal_and_is_immediately_followed_by_count_classifier_个	Wu 2024 journal p.370 examples (7)-(8) and p.381 example (20a)	YI_T2	YI_T2	yi2	YI_T2	MATCH	MATCH	ELIGIBLE_SIMPLEX_FRAME	FALSE	FALSE
18307	SSB0366	SSB03660309.TextGrid	BARE	8	7	1	一	因为你嫁给了一个	development	因为你嫁给了	了	个	个	CLEAR_SIMPLEX	SIMPLEX_OTHER_EXTERNAL_CONTEXT	R3_REMAINING_SIMPLEX_YI_GE	selected_一_is_not_part_of_visible_complex_cardinal_and_is_immediately_followed_by_count_classifier_个	Wu 2024 journal p.370 examples (7)-(8) and p.381 example (20a)	YI_T2	YI_T2	yi2	YI_T2	MATCH	MATCH	ELIGIBLE_SIMPLEX_FRAME	FALSE	FALSE
18331	SSB0366	SSB03660333.TextGrid	BARE	8	7	1	一	是对财务报告一个必要和有益的补充	development	是对财务报告	告	个	个必要和有益的补	CLEAR_SIMPLEX	SIMPLEX_OTHER_EXTERNAL_CONTEXT	R3_REMAINING_SIMPLEX_YI_GE	selected_一_is_not_part_of_visible_complex_cardinal_and_is_immediately_followed_by_count_classifier_个	Wu 2024 journal p.370 examples (7)-(8) and p.381 example (20a)	YI_T2	YI_T2	yi2	YI_T2	MATCH	MATCH	ELIGIBLE_SIMPLEX_FRAME	FALSE	FALSE
18371	SSB0366	SSB03660375.TextGrid	BARE	12	11	1	一	然后尤尼丝向我讲述了一个四年前发生的事情	development	尤尼丝向我讲述了	了	个	个四年前发生的事	CLEAR_SIMPLEX	SIMPLEX_OTHER_EXTERNAL_CONTEXT	R3_REMAINING_SIMPLEX_YI_GE	selected_一_is_not_part_of_visible_complex_cardinal_and_is_immediately_followed_by_count_classifier_个	Wu 2024 journal p.370 examples (7)-(8) and p.381 example (20a)	YI_T2	YI_T2	yi2	YI_T2	MATCH	MATCH	ELIGIBLE_SIMPLEX_FRAME	FALSE	FALSE
18377	SSB0366	SSB03660381.TextGrid	BARE	2	1	1	一	一个超导体将通行孔径的能量转到能量电池中	development		START	个	个超导体将通行孔	CLEAR_SIMPLEX	SIMPLEX_OTHER_EXTERNAL_CONTEXT	R3_REMAINING_SIMPLEX_YI_GE	selected_一_is_not_part_of_visible_complex_cardinal_and_is_immediately_followed_by_count_classifier_个	Wu 2024 journal p.370 examples (7)-(8) and p.381 example (20a)	YI_T2	YI_T2	yi2	YI_T2	MATCH	MATCH	ELIGIBLE_SIMPLEX_FRAME	FALSE	FALSE
18378	SSB0366	SSB03660382.TextGrid	BARE	4	3	1	一	还和一个结了婚的男人	development	还和	和	个	个结了婚的男人	CLEAR_SIMPLEX	SIMPLEX_OTHER_EXTERNAL_CONTEXT	R3_REMAINING_SIMPLEX_YI_GE	selected_一_is_not_part_of_visible_complex_cardinal_and_is_immediately_followed_by_count_classifier_个	Wu 2024 journal p.370 examples (7)-(8) and p.381 example (20a)	YI_T2	YI_T2	yi2	YI_T2	MATCH	MATCH	ELIGIBLE_SIMPLEX_FRAME	FALSE	FALSE
18386	SSB0366	SSB03660392.TextGrid	BARE	6	5	1	一	并不只是一个人在奔跑	development	并不只是	是	个	个人在奔跑	CLEAR_SIMPLEX	SIMPLEX_OTHER_EXTERNAL_CONTEXT	R3_REMAINING_SIMPLEX_YI_GE	selected_一_is_not_part_of_visible_complex_cardinal_and_is_immediately_followed_by_count_classifier_个	Wu 2024 journal p.370 examples (7)-(8) and p.381 example (20a)	YI_T2	YI_T2	yi2	YI_T2	MATCH	MATCH	ELIGIBLE_SIMPLEX_FRAME	FALSE	FALSE
18407	SSB0366	SSB03660414.TextGrid	BARE	6	5	1	一	它工作在一个窗口之中	development	它工作在	在	个	个窗口之中	CLEAR_SIMPLEX	SIMPLEX_OTHER_EXTERNAL_CONTEXT	R3_REMAINING_SIMPLEX_YI_GE	selected_一_is_not_part_of_visible_complex_cardinal_and_is_immediately_followed_by_count_classifier_个	Wu 2024 journal p.370 examples (7)-(8) and p.381 example (20a)	YI_T2	YI_T2	yi2	YI_T2	MATCH	MATCH	ELIGIBLE_SIMPLEX_FRAME	FALSE	FALSE
18408	SSB0366	SSB03660415.TextGrid	BARE	13	12	1	一	我就知道自己代表的不是一个人	development	道自己代表的不是	是	个	个人	CLEAR_SIMPLEX	SIMPLEX_OTHER_EXTERNAL_CONTEXT	R3_REMAINING_SIMPLEX_YI_GE	selected_一_is_not_part_of_visible_complex_cardinal_and_is_immediately_followed_by_count_classifier_个	Wu 2024 journal p.370 examples (7)-(8) and p.381 example (20a)	YI_T2	YI_T2	yi2	YI_T2	MATCH	MATCH	ELIGIBLE_SIMPLEX_FRAME	FALSE	FALSE
18410	SSB0366	SSB03660417.TextGrid	BARE	5	4	1	一	这肯是一个陷阱	development	这肯是	是	个	个陷阱	CLEAR_SIMPLEX	SIMPLEX_OTHER_EXTERNAL_CONTEXT	R3_REMAINING_SIMPLEX_YI_GE	selected_一_is_not_part_of_visible_complex_cardinal_and_is_immediately_followed_by_count_classifier_个	Wu 2024 journal p.370 examples (7)-(8) and p.381 example (20a)	YI_T2	YI_T2	yi2	YI_T2	MATCH	MATCH	ELIGIBLE_SIMPLEX_FRAME	FALSE	FALSE
18467	SSB0366	SSB03660476.TextGrid	BARE	9	8	1	一	柯林看上去就像一个戴着小贝雷帽的法国佬	development	柯林看上去就像	像	个	个戴着小贝雷帽的	CLEAR_SIMPLEX	SIMPLEX_OTHER_EXTERNAL_CONTEXT	R3_REMAINING_SIMPLEX_YI_GE	selected_一_is_not_part_of_visible_complex_cardinal_and_is_immediately_followed_by_count_classifier_个	Wu 2024 journal p.370 examples (7)-(8) and p.381 example (20a)	YI_T2	YI_T2	yi2	YI_T2	MATCH	MATCH	ELIGIBLE_SIMPLEX_FRAME	FALSE	FALSE
18491	SSB0366	SSB03660501.TextGrid	BARE	15	14	1	一	然后用付费电话给他妻子打了一个电话	development	电话给他妻子打了	了	个	个电话	CLEAR_SIMPLEX	SIMPLEX_OTHER_EXTERNAL_CONTEXT	R3_REMAINING_SIMPLEX_YI_GE	selected_一_is_not_part_of_visible_complex_cardinal_and_is_immediately_followed_by_count_classifier_个	Wu 2024 journal p.370 examples (7)-(8) and p.381 example (20a)	YI_T2	YI_T2	yi2	YI_T2	MATCH	MATCH	ELIGIBLE_SIMPLEX_FRAME	FALSE	FALSE
18500	SSB0375	SSB03750006.TextGrid	BARE	13	12	1	一	所以柯林基本上是爱上了一个概念吗	development	林基本上是爱上了	了	个	个概念吗	CLEAR_SIMPLEX	SIMPLEX_OTHER_EXTERNAL_CONTEXT	R3_REMAINING_SIMPLEX_YI_GE	selected_一_is_not_part_of_visible_complex_cardinal_and_is_immediately_followed_by_count_classifier_个	Wu 2024 journal p.370 examples (7)-(8) and p.381 example (20a)	YI_T2	YI_T2	yi2	YI_T2	MATCH	MATCH	ELIGIBLE_SIMPLEX_FRAME	FALSE	FALSE
18514	SSB0375	SSB03750020.TextGrid	BARE	2	1	1	一	一个喜欢松露	development		START	个	个喜欢松露	CLEAR_SIMPLEX	SIMPLEX_OTHER_EXTERNAL_CONTEXT	R3_REMAINING_SIMPLEX_YI_GE	selected_一_is_not_part_of_visible_complex_cardinal_and_is_immediately_followed_by_count_classifier_个	Wu 2024 journal p.370 examples (7)-(8) and p.381 example (20a)	YI_T2	YI_T2	yi2	YI_T2	MATCH	MATCH	ELIGIBLE_SIMPLEX_FRAME	FALSE	FALSE
18631	SSB0375	SSB03750141.TextGrid	BARE	10	9	1	一	下决心在一天面对一个微型恐惧	development	下决心在一天面对	对	个	个微型恐惧	CLEAR_SIMPLEX	SIMPLEX_OTHER_EXTERNAL_CONTEXT	R3_REMAINING_SIMPLEX_YI_GE	selected_一_is_not_part_of_visible_complex_cardinal_and_is_immediately_followed_by_count_classifier_个	Wu 2024 journal p.370 examples (7)-(8) and p.381 example (20a)	YI_T2	YI_T2	yi2	YI_T2	MATCH	MATCH	ELIGIBLE_SIMPLEX_FRAME	FALSE	FALSE
18753	SSB0375	SSB03750267.TextGrid	BARE	4	3	1	一	少你一个平米你也看不出来	development	少你	你	个	个平米你也看不出	CLEAR_SIMPLEX	SIMPLEX_OTHER_EXTERNAL_CONTEXT	R3_REMAINING_SIMPLEX_YI_GE	selected_一_is_not_part_of_visible_complex_cardinal_and_is_immediately_followed_by_count_classifier_个	Wu 2024 journal p.370 examples (7)-(8) and p.381 example (20a)	YI_T2	YI_T2	yi2	YI_T2	MATCH	MATCH	ELIGIBLE_SIMPLEX_FRAME	FALSE	FALSE
18810	SSB0375	SSB03750327.TextGrid	BARE	18	17	1	一	如果报纸广告上的哪个楼盘单独印了一个房型	development	哪个楼盘单独印了	了	个	个房型	CLEAR_SIMPLEX	SIMPLEX_OTHER_EXTERNAL_CONTEXT	R3_REMAINING_SIMPLEX_YI_GE	selected_一_is_not_part_of_visible_complex_cardinal_and_is_immediately_followed_by_count_classifier_个	Wu 2024 journal p.370 examples (7)-(8) and p.381 example (20a)	YI_T2	YI_T2	yi2	YI_T2	MATCH	MATCH	ELIGIBLE_SIMPLEX_FRAME	FALSE	FALSE
18847	SSB0375	SSB03750366.TextGrid	BARE	7	6	1	一	今天我们有一个预约	development	今天我们有	有	个	个预约	CLEAR_SIMPLEX	SIMPLEX_OTHER_EXTERNAL_CONTEXT	R3_REMAINING_SIMPLEX_YI_GE	selected_一_is_not_part_of_visible_complex_cardinal_and_is_immediately_followed_by_count_classifier_个	Wu 2024 journal p.370 examples (7)-(8) and p.381 example (20a)	YI_T2	YI_T2	yi2	YI_T2	MATCH	MATCH	ELIGIBLE_SIMPLEX_FRAME	FALSE	FALSE
19023	SSB0379	SSB03790052.TextGrid	BARE	4	3	1	一	他下一个目标也许是这孩子的母亲	development	他下	下	个	个目标也许是这孩	CLEAR_SIMPLEX	SIMPLEX_SEQUENTIAL_XIA	R3_REMAINING_SIMPLEX_YI_GE	visible_string=下一个; selected_一_is_immediately_followed_by_count_classifier_个	Wu 2024 journal p.370 examples (7)-(8) and p.381 example (20a)	YI_T2	YI_T2	yi2	YI_T2	MATCH	MATCH	ELIGIBLE_SIMPLEX_FRAME	FALSE	FALSE
19131	SSB0379	SSB03790164.TextGrid	BARE	8	7	1	一	努力让自己像一个中国公司	development	努力让自己像	像	个	个中国公司	CLEAR_SIMPLEX	SIMPLEX_OTHER_EXTERNAL_CONTEXT	R3_REMAINING_SIMPLEX_YI_GE	selected_一_is_not_part_of_visible_complex_cardinal_and_is_immediately_followed_by_count_classifier_个	Wu 2024 journal p.370 examples (7)-(8) and p.381 example (20a)	YI_T2	YI_T2	yi2	YI_T2	MATCH	MATCH	ELIGIBLE_SIMPLEX_FRAME	FALSE	FALSE
19274	SSB0379	SSB03790315.TextGrid	BARE	9	8	1	一	这个穷人家住在一个污秽的小屋里面	development	这个穷人家住在	在	个	个污秽的小屋里面	CLEAR_SIMPLEX	SIMPLEX_OTHER_EXTERNAL_CONTEXT	R3_REMAINING_SIMPLEX_YI_GE	selected_一_is_not_part_of_visible_complex_cardinal_and_is_immediately_followed_by_count_classifier_个	Wu 2024 journal p.370 examples (7)-(8) and p.381 example (20a)	YI_T2	YI_T2	yi2	YI_T2	MATCH	MATCH	ELIGIBLE_SIMPLEX_FRAME	FALSE	FALSE
19284	SSB0379	SSB03790325.TextGrid	BARE	5	4	1	一	如果下一个被害人是你的女儿呢	development	如果下	下	个	个被害人是你的女	CLEAR_SIMPLEX	SIMPLEX_SEQUENTIAL_XIA	R3_REMAINING_SIMPLEX_YI_GE	visible_string=下一个; selected_一_is_immediately_followed_by_count_classifier_个	Wu 2024 journal p.370 examples (7)-(8) and p.381 example (20a)	YI_T2	YI_T2	yi2	YI_T2	MATCH	MATCH	ELIGIBLE_SIMPLEX_FRAME	FALSE	FALSE
19413	SSB0379	SSB03790461.TextGrid	BARE	7	6	1	一	唱一首爱上一个不回家的人	development	唱一首爱上	上	个	个不回家的人	CLEAR_SIMPLEX	SIMPLEX_SEQUENTIAL_SHANG	R3_REMAINING_SIMPLEX_YI_GE	visible_string=上一个; selected_一_is_immediately_followed_by_count_classifier_个	Wu 2024 journal p.370 examples (7)-(8) and p.381 example (20a)	YI_T2	YI_T2	yi2	YI_T2	MATCH	MATCH	ELIGIBLE_SIMPLEX_FRAME	FALSE	FALSE
19498	SSB0380	SSB03800042.TextGrid	BARE	9	8	1	一	然后他们发现了一个聪明的办法来分析	development	然后他们发现了	了	个	个聪明的办法来分	CLEAR_SIMPLEX	SIMPLEX_OTHER_EXTERNAL_CONTEXT	R3_REMAINING_SIMPLEX_YI_GE	selected_一_is_not_part_of_visible_complex_cardinal_and_is_immediately_followed_by_count_classifier_个	Wu 2024 journal p.370 examples (7)-(8) and p.381 example (20a)	YI_T2	YI_T2	yi2	YI_T2	MATCH	MATCH	ELIGIBLE_SIMPLEX_FRAME	FALSE	FALSE
19598	SSB0380	SSB03800146.TextGrid	BARE	5	4	1	一	清晰是一个传奇的东西	development	清晰是	是	个	个传奇的东西	CLEAR_SIMPLEX	SIMPLEX_OTHER_EXTERNAL_CONTEXT	R3_REMAINING_SIMPLEX_YI_GE	selected_一_is_not_part_of_visible_complex_cardinal_and_is_immediately_followed_by_count_classifier_个	Wu 2024 journal p.370 examples (7)-(8) and p.381 example (20a)	YI_T2	YI_T2	yi2	YI_T2	MATCH	MATCH	ELIGIBLE_SIMPLEX_FRAME	FALSE	FALSE
19628	SSB0380	SSB03800178.TextGrid	BARE	7	6	1	一	但我准备做一个蕾丝头饰	development	但我准备做	做	个	个蕾丝头饰	CLEAR_SIMPLEX	SIMPLEX_OTHER_EXTERNAL_CONTEXT	R3_REMAINING_SIMPLEX_YI_GE	selected_一_is_not_part_of_visible_complex_cardinal_and_is_immediately_followed_by_count_classifier_个	Wu 2024 journal p.370 examples (7)-(8) and p.381 example (20a)	YI_T2	YI_T2	yi2	YI_T2	MATCH	MATCH	ELIGIBLE_SIMPLEX_FRAME	FALSE	FALSE
19644	SSB0380	SSB03800194.TextGrid	BARE	10	9	1	一	我会带着这里的每一个矮人	development	我会带着这里的每	每	个	个矮人	CLEAR_SIMPLEX	SIMPLEX_MODIFIED_MEI	R3_REMAINING_SIMPLEX_YI_GE	visible_string=每一个; selected_一_is_immediately_followed_by_count_classifier_个	Wu 2024 journal p.370 examples (7)-(8) and p.381 example (20a)	YI_T2	YI_T2	yi2	YI_T2	MATCH	MATCH	ELIGIBLE_SIMPLEX_FRAME	FALSE	FALSE
19651	SSB0380	SSB03800201.TextGrid	BARE	5	4	1	一	我订到一个位	development	我订到	到	个	个位	CLEAR_SIMPLEX	SIMPLEX_OTHER_EXTERNAL_CONTEXT	R3_REMAINING_SIMPLEX_YI_GE	selected_一_is_not_part_of_visible_complex_cardinal_and_is_immediately_followed_by_count_classifier_个	Wu 2024 journal p.370 examples (7)-(8) and p.381 example (20a)	YI_T2	YI_T2	yi2	YI_T2	MATCH	MATCH	ELIGIBLE_SIMPLEX_FRAME	FALSE	FALSE
19862	SSB0380	SSB03800419.TextGrid	BARE	7	6	1	一	如果统一用一个城市的刷卡器具	development	如果统一用	用	个	个城市的刷卡器具	CLEAR_SIMPLEX	SIMPLEX_OTHER_EXTERNAL_CONTEXT	R3_REMAINING_SIMPLEX_YI_GE	selected_一_is_not_part_of_visible_complex_cardinal_and_is_immediately_followed_by_count_classifier_个	Wu 2024 journal p.370 examples (7)-(8) and p.381 example (20a)	YI_T2	YI_T2	yi2	YI_T2	MATCH	MATCH	ELIGIBLE_SIMPLEX_FRAME	FALSE	FALSE
19878	SSB0380	SSB03800435.TextGrid	BARE	3	2	1	一	上一个文件	development	上	上	个	个文件	CLEAR_SIMPLEX	SIMPLEX_SEQUENTIAL_SHANG	R3_REMAINING_SIMPLEX_YI_GE	visible_string=上一个; selected_一_is_immediately_followed_by_count_classifier_个	Wu 2024 journal p.370 examples (7)-(8) and p.381 example (20a)	YI_T2	YI_T2	yi2	YI_T2	MATCH	MATCH	ELIGIBLE_SIMPLEX_FRAME	FALSE	FALSE
19904	SSB0380	SSB03800462.TextGrid	BARE	12	11	1	一	为什么我们会选择这样一个愚蠢的名字仍是一个谜	development	么我们会选择这样	样	个	个愚蠢的名字仍是	CLEAR_SIMPLEX	SIMPLEX_OTHER_EXTERNAL_CONTEXT	R3_REMAINING_SIMPLEX_YI_GE	selected_一_is_not_part_of_visible_complex_cardinal_and_is_immediately_followed_by_count_classifier_个	Wu 2024 journal p.370 examples (7)-(8) and p.381 example (20a)	YI_T2	YI_T2	yi2	YI_T2	MATCH	MATCH	ELIGIBLE_SIMPLEX_FRAME	FALSE	FALSE
19904	SSB0380	SSB03800462.TextGrid	BARE	21	20	2	一	为什么我们会选择这样一个愚蠢的名字仍是一个谜	development	个愚蠢的名字仍是	是	个	个谜	CLEAR_SIMPLEX	SIMPLEX_OTHER_EXTERNAL_CONTEXT	R3_REMAINING_SIMPLEX_YI_GE	selected_一_is_not_part_of_visible_complex_cardinal_and_is_immediately_followed_by_count_classifier_个	Wu 2024 journal p.370 examples (7)-(8) and p.381 example (20a)	YI_T2	YI_T2	yi2	YI_T2	MATCH	MATCH	ELIGIBLE_SIMPLEX_FRAME	FALSE	FALSE
19919	SSB0380	SSB03800477.TextGrid	BARE	10	9	1	一	小暗的听一首歌念一个人	development	小暗的听一首歌念	念	个	个人	CLEAR_SIMPLEX	SIMPLEX_OTHER_EXTERNAL_CONTEXT	R3_REMAINING_SIMPLEX_YI_GE	selected_一_is_not_part_of_visible_complex_cardinal_and_is_immediately_followed_by_count_classifier_个	Wu 2024 journal p.370 examples (7)-(8) and p.381 example (20a)	YI_T2	YI_T2	yi2	YI_T2	MATCH	MATCH	ELIGIBLE_SIMPLEX_FRAME	FALSE	FALSE
19924	SSB0380	SSB03800482.TextGrid	BARE	4	3	1	一	他是一个儒雅巨人	development	他是	是	个	个儒雅巨人	CLEAR_SIMPLEX	SIMPLEX_OTHER_EXTERNAL_CONTEXT	R3_REMAINING_SIMPLEX_YI_GE	selected_一_is_not_part_of_visible_complex_cardinal_and_is_immediately_followed_by_count_classifier_个	Wu 2024 journal p.370 examples (7)-(8) and p.381 example (20a)	YI_T2	YI_T2	yi2	YI_T2	MATCH	MATCH	ELIGIBLE_SIMPLEX_FRAME	FALSE	FALSE
20055	SSB0382	SSB03820109.TextGrid	BARE	7	6	1	一	购房者要有一个适应的过程	confirmation	购房者要有	有	个	个适应的过程	CLEAR_SIMPLEX	SIMPLEX_OTHER_EXTERNAL_CONTEXT	R3_REMAINING_SIMPLEX_YI_GE	selected_一_is_not_part_of_visible_complex_cardinal_and_is_immediately_followed_by_count_classifier_个	Wu 2024 journal p.370 examples (7)-(8) and p.381 example (20a)	YI_T2	YI_T2	yi2	YI_T2	MATCH	MATCH	ELIGIBLE_SIMPLEX_FRAME	FALSE	FALSE
20103	SSB0382	SSB03820162.TextGrid	BARE	7	6	1	一	信息时报讯一个月前来学校参观	confirmation	信息时报讯	讯	个	个月前来学校参观	CLEAR_SIMPLEX	SIMPLEX_OTHER_EXTERNAL_CONTEXT	R3_REMAINING_SIMPLEX_YI_GE	selected_一_is_not_part_of_visible_complex_cardinal_and_is_immediately_followed_by_count_classifier_个	Wu 2024 journal p.370 examples (7)-(8) and p.381 example (20a)	YI_T2	YI_T2	yi2	YI_T2	MATCH	MATCH	ELIGIBLE_SIMPLEX_FRAME	FALSE	FALSE
20108	SSB0382	SSB03820167.TextGrid	BARE	18	16	1	一	爱立信和沃尔沃用两年时间打造了一个车联网云平台	confirmation	用两年时间打造了	了	个	个车联网云平台	CLEAR_SIMPLEX	SIMPLEX_OTHER_EXTERNAL_CONTEXT	R3_REMAINING_SIMPLEX_YI_GE	selected_一_is_not_part_of_visible_complex_cardinal_and_is_immediately_followed_by_count_classifier_个	Wu 2024 journal p.370 examples (7)-(8) and p.381 example (20a)	YI_T2	YI_T2	yi2	YI_T2	MATCH	MATCH	ELIGIBLE_SIMPLEX_FRAME	FALSE	FALSE
20149	SSB0382	SSB03820213.TextGrid	BARE	6	5	1	一	房地产是一个回报率最高的行业	confirmation	房地产是	是	个	个回报率最高的行	CLEAR_SIMPLEX	SIMPLEX_OTHER_EXTERNAL_CONTEXT	R3_REMAINING_SIMPLEX_YI_GE	selected_一_is_not_part_of_visible_complex_cardinal_and_is_immediately_followed_by_count_classifier_个	Wu 2024 journal p.370 examples (7)-(8) and p.381 example (20a)	YI_T2	YI_T2	yi1	YI_T1	COUNTEREXAMPLE	COUNTEREXAMPLE	ELIGIBLE_SIMPLEX_FRAME	FALSE	FALSE
20174	SSB0382	SSB03820242.TextGrid	BARE	7	6	1	一	带泪的鱼的一个人唱情歌	confirmation	带泪的鱼的	的	个	个人唱情歌	CLEAR_SIMPLEX	SIMPLEX_OTHER_EXTERNAL_CONTEXT	R3_REMAINING_SIMPLEX_YI_GE	selected_一_is_not_part_of_visible_complex_cardinal_and_is_immediately_followed_by_count_classifier_个	Wu 2024 journal p.370 examples (7)-(8) and p.381 example (20a)	YI_T2	YI_T2	yi2	YI_T2	MATCH	MATCH	ELIGIBLE_SIMPLEX_FRAME	FALSE	FALSE
20406	SSB0385	SSB03850008.TextGrid	BARE	6	5	1	一	怎么冒出一个没有赛牌的跑者	development	怎么冒出	出	个	个没有赛牌的跑者	CLEAR_SIMPLEX	SIMPLEX_OTHER_EXTERNAL_CONTEXT	R3_REMAINING_SIMPLEX_YI_GE	selected_一_is_not_part_of_visible_complex_cardinal_and_is_immediately_followed_by_count_classifier_个	Wu 2024 journal p.370 examples (7)-(8) and p.381 example (20a)	YI_T2	YI_T2	yi2	YI_T2	MATCH	MATCH	ELIGIBLE_SIMPLEX_FRAME	FALSE	FALSE
20420	SSB0385	SSB03850023.TextGrid	BARE	6	5	1	一	我却有过一个人的马拉松经历	development	我却有过	过	个	个人的马拉松经历	CLEAR_SIMPLEX	SIMPLEX_OTHER_EXTERNAL_CONTEXT	R3_REMAINING_SIMPLEX_YI_GE	selected_一_is_not_part_of_visible_complex_cardinal_and_is_immediately_followed_by_count_classifier_个	Wu 2024 journal p.370 examples (7)-(8) and p.381 example (20a)	YI_T2	YI_T2	yi2	YI_T2	MATCH	MATCH	ELIGIBLE_SIMPLEX_FRAME	FALSE	FALSE
20421	SSB0385	SSB03850024.TextGrid	BARE	4	3	1	一	后期一个在住宅称王	development	后期	期	个	个在住宅称王	CLEAR_SIMPLEX	SIMPLEX_OTHER_EXTERNAL_CONTEXT	R3_REMAINING_SIMPLEX_YI_GE	selected_一_is_not_part_of_visible_complex_cardinal_and_is_immediately_followed_by_count_classifier_个	Wu 2024 journal p.370 examples (7)-(8) and p.381 example (20a)	YI_T2	YI_T2	yi2	YI_T2	MATCH	MATCH	ELIGIBLE_SIMPLEX_FRAME	FALSE	FALSE
20442	SSB0385	SSB03850045.TextGrid	BARE	9	8	1	一	房地产市场进入一个新的发展阶段	development	房地产市场进入	入	个	个新的发展阶段	CLEAR_SIMPLEX	SIMPLEX_OTHER_EXTERNAL_CONTEXT	R3_REMAINING_SIMPLEX_YI_GE	selected_一_is_not_part_of_visible_complex_cardinal_and_is_immediately_followed_by_count_classifier_个	Wu 2024 journal p.370 examples (7)-(8) and p.381 example (20a)	YI_T2	YI_T2	yi2	YI_T2	MATCH	MATCH	ELIGIBLE_SIMPLEX_FRAME	FALSE	FALSE
20445	SSB0385	SSB03850048.TextGrid	BARE	8	7	1	一	我还没有跑过一个马拉松比赛	development	我还没有跑过	过	个	个马拉松比赛	CLEAR_SIMPLEX	SIMPLEX_OTHER_EXTERNAL_CONTEXT	R3_REMAINING_SIMPLEX_YI_GE	selected_一_is_not_part_of_visible_complex_cardinal_and_is_immediately_followed_by_count_classifier_个	Wu 2024 journal p.370 examples (7)-(8) and p.381 example (20a)	YI_T2	YI_T2	yi2	YI_T2	MATCH	MATCH	ELIGIBLE_SIMPLEX_FRAME	FALSE	FALSE
20453	SSB0385	SSB03850057.TextGrid	BARE	7	6	1	一	我凑上去和一个志愿者说能给我瓶喝吗	development	我凑上去和	和	个	个志愿者说能给我	CLEAR_SIMPLEX	SIMPLEX_OTHER_EXTERNAL_CONTEXT	R3_REMAINING_SIMPLEX_YI_GE	selected_一_is_not_part_of_visible_complex_cardinal_and_is_immediately_followed_by_count_classifier_个	Wu 2024 journal p.370 examples (7)-(8) and p.381 example (20a)	YI_T2	YI_T2	yi2	YI_T2	MATCH	MATCH	ELIGIBLE_SIMPLEX_FRAME	FALSE	FALSE
20544	SSB0385	SSB03850153.TextGrid	BARE	10	9	1	一	更没有想到会经历一个人的马拉松	development	更没有想到会经历	历	个	个人的马拉松	CLEAR_SIMPLEX	SIMPLEX_OTHER_EXTERNAL_CONTEXT	R3_REMAINING_SIMPLEX_YI_GE	selected_一_is_not_part_of_visible_complex_cardinal_and_is_immediately_followed_by_count_classifier_个	Wu 2024 journal p.370 examples (7)-(8) and p.381 example (20a)	YI_T2	YI_T2	yi2	YI_T2	MATCH	MATCH	ELIGIBLE_SIMPLEX_FRAME	FALSE	FALSE
20597	SSB0385	SSB03850207.TextGrid	BARE	2	1	1	一	一个企业有哪些部门	development		START	个	个企业有哪些部门	CLEAR_SIMPLEX	SIMPLEX_OTHER_EXTERNAL_CONTEXT	R3_REMAINING_SIMPLEX_YI_GE	selected_一_is_not_part_of_visible_complex_cardinal_and_is_immediately_followed_by_count_classifier_个	Wu 2024 journal p.370 examples (7)-(8) and p.381 example (20a)	YI_T2	YI_T2	yi2	YI_T2	MATCH	MATCH	ELIGIBLE_SIMPLEX_FRAME	FALSE	FALSE
20684	SSB0385	SSB03850303.TextGrid	BARE	9	8	1	一	在赛事还剩不到一个月的时间	development	在赛事还剩不到	到	个	个月的时间	CLEAR_SIMPLEX	SIMPLEX_OTHER_EXTERNAL_CONTEXT	R3_REMAINING_SIMPLEX_YI_GE	selected_一_is_not_part_of_visible_complex_cardinal_and_is_immediately_followed_by_count_classifier_个	Wu 2024 journal p.370 examples (7)-(8) and p.381 example (20a)	YI_T2	YI_T2	yi2	YI_T2	MATCH	MATCH	ELIGIBLE_SIMPLEX_FRAME	FALSE	FALSE
20719	SSB0385	SSB03850338.TextGrid	BARE	5	4	1	一	我继续一个人的马拉松	development	我继续	续	个	个人的马拉松	CLEAR_SIMPLEX	SIMPLEX_OTHER_EXTERNAL_CONTEXT	R3_REMAINING_SIMPLEX_YI_GE	selected_一_is_not_part_of_visible_complex_cardinal_and_is_immediately_followed_by_count_classifier_个	Wu 2024 journal p.370 examples (7)-(8) and p.381 example (20a)	YI_T2	YI_T2	yi2	YI_T2	MATCH	MATCH	ELIGIBLE_SIMPLEX_FRAME	FALSE	FALSE
20757	SSB0385	SSB03850379.TextGrid	BARE	4	3	1	一	偶遇一个问路的跑者	development	偶遇	遇	个	个问路的跑者	CLEAR_SIMPLEX	SIMPLEX_OTHER_EXTERNAL_CONTEXT	R3_REMAINING_SIMPLEX_YI_GE	selected_一_is_not_part_of_visible_complex_cardinal_and_is_immediately_followed_by_count_classifier_个	Wu 2024 journal p.370 examples (7)-(8) and p.381 example (20a)	YI_T2	YI_T2	yi2	YI_T2	MATCH	MATCH	ELIGIBLE_SIMPLEX_FRAME	FALSE	FALSE
20790	SSB0385	SSB03850414.TextGrid	BARE	2	1	1	一	一个是早期在南面称王	development		START	个	个是早期在南面称	CLEAR_SIMPLEX	SIMPLEX_OTHER_EXTERNAL_CONTEXT	R3_REMAINING_SIMPLEX_YI_GE	selected_一_is_not_part_of_visible_complex_cardinal_and_is_immediately_followed_by_count_classifier_个	Wu 2024 journal p.370 examples (7)-(8) and p.381 example (20a)	YI_T2	YI_T2	yi2	YI_T2	MATCH	MATCH	ELIGIBLE_SIMPLEX_FRAME	FALSE	FALSE
20816	SSB0385	SSB03850441.TextGrid	BARE	8	7	1	一	在清早看看每一个标志性的北京建筑	development	在清早看看每	每	个	个标志性的北京建	CLEAR_SIMPLEX	SIMPLEX_MODIFIED_MEI	R3_REMAINING_SIMPLEX_YI_GE	visible_string=每一个; selected_一_is_immediately_followed_by_count_classifier_个	Wu 2024 journal p.370 examples (7)-(8) and p.381 example (20a)	YI_T2	YI_T2	yi2	YI_T2	MATCH	MATCH	ELIGIBLE_SIMPLEX_FRAME	FALSE	FALSE
20820	SSB0385	SSB03850445.TextGrid	BARE	2	1	1	一	一个超级地产梦之队就此诞生	development		START	个	个超级地产梦之队	CLEAR_SIMPLEX	SIMPLEX_OTHER_EXTERNAL_CONTEXT	R3_REMAINING_SIMPLEX_YI_GE	selected_一_is_not_part_of_visible_complex_cardinal_and_is_immediately_followed_by_count_classifier_个	Wu 2024 journal p.370 examples (7)-(8) and p.381 example (20a)	YI_T2	YI_T2	yi2	YI_T2	MATCH	MATCH	ELIGIBLE_SIMPLEX_FRAME	FALSE	FALSE
20833	SSB0385	SSB03850459.TextGrid	BARE	11	10	1	一	在距离正式比赛开跑一个月的时候	development	距离正式比赛开跑	跑	个	个月的时候	CLEAR_SIMPLEX	SIMPLEX_OTHER_EXTERNAL_CONTEXT	R3_REMAINING_SIMPLEX_YI_GE	selected_一_is_not_part_of_visible_complex_cardinal_and_is_immediately_followed_by_count_classifier_个	Wu 2024 journal p.370 examples (7)-(8) and p.381 example (20a)	YI_T2	YI_T2	yi2	YI_T2	MATCH	MATCH	ELIGIBLE_SIMPLEX_FRAME	FALSE	FALSE
21061	SSB0393	SSB03930234.TextGrid	BARE	9	8	1	一	杰森把比较低的一个层次称为世俗层	development	杰森把比较低的	的	个	个层次称为世俗层	CLEAR_SIMPLEX	SIMPLEX_OTHER_EXTERNAL_CONTEXT	R3_REMAINING_SIMPLEX_YI_GE	selected_一_is_not_part_of_visible_complex_cardinal_and_is_immediately_followed_by_count_classifier_个	Wu 2024 journal p.370 examples (7)-(8) and p.381 example (20a)	YI_T2	YI_T2	yi2	YI_T2	MATCH	MATCH	ELIGIBLE_SIMPLEX_FRAME	FALSE	FALSE
21064	SSB0393	SSB03930237.TextGrid	BARE	11	10	1	一	他把胳膊放肆地搭在一个可爱的小女孩儿身上	development	把胳膊放肆地搭在	在	个	个可爱的小女孩儿	CLEAR_SIMPLEX	SIMPLEX_OTHER_EXTERNAL_CONTEXT	R3_REMAINING_SIMPLEX_YI_GE	selected_一_is_not_part_of_visible_complex_cardinal_and_is_immediately_followed_by_count_classifier_个	Wu 2024 journal p.370 examples (7)-(8) and p.381 example (20a)	YI_T2	YI_T2	yi2	YI_T2	MATCH	MATCH	ELIGIBLE_SIMPLEX_FRAME	FALSE	FALSE
21091	SSB0393	SSB03930265.TextGrid	BARE	13	12	1	一	来发现那个最适合我们的一个	development	那个最适合我们的	的	个	个	CLEAR_SIMPLEX	SIMPLEX_OTHER_EXTERNAL_CONTEXT	R3_REMAINING_SIMPLEX_YI_GE	selected_一_is_not_part_of_visible_complex_cardinal_and_is_immediately_followed_by_count_classifier_个	Wu 2024 journal p.370 examples (7)-(8) and p.381 example (20a)	YI_T2	YI_T2	yi2	YI_T2	MATCH	MATCH	ELIGIBLE_SIMPLEX_FRAME	FALSE	FALSE
21145	SSB0393	SSB03930319.TextGrid	BARE	5	4	1	一	创造了一个又一个辉煌的成绩	development	创造了	了	个	个又一个辉煌的成	CLEAR_SIMPLEX	SIMPLEX_OTHER_EXTERNAL_CONTEXT	R3_REMAINING_SIMPLEX_YI_GE	selected_一_is_not_part_of_visible_complex_cardinal_and_is_immediately_followed_by_count_classifier_个	Wu 2024 journal p.370 examples (7)-(8) and p.381 example (20a)	YI_T2	YI_T2	yi2	YI_T2	MATCH	MATCH	ELIGIBLE_SIMPLEX_FRAME	FALSE	FALSE
21145	SSB0393	SSB03930319.TextGrid	BARE	8	7	2	一	创造了一个又一个辉煌的成绩	development	创造了一个又	又	个	个辉煌的成绩	CLEAR_SIMPLEX	SIMPLEX_OTHER_EXTERNAL_CONTEXT	R3_REMAINING_SIMPLEX_YI_GE	selected_一_is_not_part_of_visible_complex_cardinal_and_is_immediately_followed_by_count_classifier_个	Wu 2024 journal p.370 examples (7)-(8) and p.381 example (20a)	YI_T2	YI_T2	yi2	YI_T2	MATCH	MATCH	ELIGIBLE_SIMPLEX_FRAME	FALSE	FALSE
21148	SSB0393	SSB03930324.TextGrid	BARE	4	3	1	一	还有一个跟刚才那个一样搞笑	development	还有	有	个	个跟刚才那个一样	CLEAR_SIMPLEX	SIMPLEX_OTHER_EXTERNAL_CONTEXT	R3_REMAINING_SIMPLEX_YI_GE	selected_一_is_not_part_of_visible_complex_cardinal_and_is_immediately_followed_by_count_classifier_个	Wu 2024 journal p.370 examples (7)-(8) and p.381 example (20a)	YI_T2	YI_T2	yi2	YI_T2	MATCH	MATCH	ELIGIBLE_SIMPLEX_FRAME	FALSE	FALSE
21162	SSB0393	SSB03930338.TextGrid	ORDINAL	18	14	1	一	选中下载选中第四排第一行第一个	development	中第四排第一行第	第	个	个	ORDINAL_ABSOLUTE	EXACT_DI_YI_GE	R0_EXACT_ORDINAL	selected_target_occurs_in_exact_第一个	Wu 2024 journal p.374 example (15)	YI_T1	YI_T1	yi1	YI_T1	MATCH	MATCH	ELIGIBLE_ORDINAL_FRAME	FALSE	FALSE
21349	SSB0394	SSB03940023.TextGrid	BARE	8	7	1	一	对于在场的每一个人来说	development	对于在场的每	每	个	个人来说	CLEAR_SIMPLEX	SIMPLEX_MODIFIED_MEI	R3_REMAINING_SIMPLEX_YI_GE	visible_string=每一个; selected_一_is_immediately_followed_by_count_classifier_个	Wu 2024 journal p.370 examples (7)-(8) and p.381 example (20a)	YI_T2	YI_T2	yi2	YI_T2	MATCH	MATCH	ELIGIBLE_SIMPLEX_FRAME	FALSE	FALSE
21413	SSB0394	SSB03940093.TextGrid	BARE	6	5	1	一	因为我有一个	development	因为我有	有	个	个	CLEAR_SIMPLEX	SIMPLEX_OTHER_EXTERNAL_CONTEXT	R3_REMAINING_SIMPLEX_YI_GE	selected_一_is_not_part_of_visible_complex_cardinal_and_is_immediately_followed_by_count_classifier_个	Wu 2024 journal p.370 examples (7)-(8) and p.381 example (20a)	YI_T2	YI_T2	yi2	YI_T2	MATCH	MATCH	ELIGIBLE_SIMPLEX_FRAME	FALSE	FALSE
21419	SSB0394	SSB03940099.TextGrid	BARE	10	9	1	一	朗普告诉我那属于一个强大咒语	development	朗普告诉我那属于	于	个	个强大咒语	CLEAR_SIMPLEX	SIMPLEX_OTHER_EXTERNAL_CONTEXT	R3_REMAINING_SIMPLEX_YI_GE	selected_一_is_not_part_of_visible_complex_cardinal_and_is_immediately_followed_by_count_classifier_个	Wu 2024 journal p.370 examples (7)-(8) and p.381 example (20a)	YI_T2	YI_T2	yi2	YI_T2	MATCH	MATCH	ELIGIBLE_SIMPLEX_FRAME	FALSE	FALSE
21514	SSB0394	SSB03940207.TextGrid	BARE	2	1	1	一	一个人渴望柴火是可同情的	development		START	个	个人渴望柴火是可	CLEAR_SIMPLEX	SIMPLEX_OTHER_EXTERNAL_CONTEXT	R3_REMAINING_SIMPLEX_YI_GE	selected_一_is_not_part_of_visible_complex_cardinal_and_is_immediately_followed_by_count_classifier_个	Wu 2024 journal p.370 examples (7)-(8) and p.381 example (20a)	YI_T2	YI_T2	yi2	YI_T2	MATCH	MATCH	ELIGIBLE_SIMPLEX_FRAME	FALSE	FALSE
21572	SSB0394	SSB03940272.TextGrid	BARE	2	1	1	一	一个图片指南针	development		START	个	个图片指南针	CLEAR_SIMPLEX	SIMPLEX_OTHER_EXTERNAL_CONTEXT	R3_REMAINING_SIMPLEX_YI_GE	selected_一_is_not_part_of_visible_complex_cardinal_and_is_immediately_followed_by_count_classifier_个	Wu 2024 journal p.370 examples (7)-(8) and p.381 example (20a)	YI_T2	YI_T2	yi2	YI_T2	MATCH	MATCH	ELIGIBLE_SIMPLEX_FRAME	FALSE	FALSE
21677	SSB0394	SSB03940392.TextGrid	BARE	7	6	1	一	我不会让你一个人了	development	我不会让你	你	个	个人了	CLEAR_SIMPLEX	SIMPLEX_OTHER_EXTERNAL_CONTEXT	R3_REMAINING_SIMPLEX_YI_GE	selected_一_is_not_part_of_visible_complex_cardinal_and_is_immediately_followed_by_count_classifier_个	Wu 2024 journal p.370 examples (7)-(8) and p.381 example (20a)	YI_T2	YI_T2	yi2	YI_T2	MATCH	MATCH	ELIGIBLE_SIMPLEX_FRAME	FALSE	FALSE
21680	SSB0394	SSB03940395.TextGrid	BARE	4	3	1	一	发现一个击昏就行了	development	发现	现	个	个击昏就行了	CLEAR_SIMPLEX	SIMPLEX_OTHER_EXTERNAL_CONTEXT	R3_REMAINING_SIMPLEX_YI_GE	selected_一_is_not_part_of_visible_complex_cardinal_and_is_immediately_followed_by_count_classifier_个	Wu 2024 journal p.370 examples (7)-(8) and p.381 example (20a)	YI_T2	YI_T2	yi2	YI_T2	MATCH	MATCH	ELIGIBLE_SIMPLEX_FRAME	FALSE	FALSE
21727	SSB0394	SSB03940452.TextGrid	BARE	6	5	1	一	他是跟另一个女生在一块儿	development	他是跟另	另	个	个女生在一块儿	CLEAR_SIMPLEX	SIMPLEX_MODIFIED_LING	R3_REMAINING_SIMPLEX_YI_GE	visible_string=另一个; selected_一_is_immediately_followed_by_count_classifier_个	Wu 2024 journal p.370 examples (7)-(8) and p.381 example (20a)	YI_T2	YI_T2	yi2	YI_T2	MATCH	MATCH	ELIGIBLE_SIMPLEX_FRAME	FALSE	FALSE
21755	SSB0394	SSB03940484.TextGrid	BARE	9	8	1	一	然后当我跑到另一个大海	development	然后当我跑到另	另	个	个大海	CLEAR_SIMPLEX	SIMPLEX_MODIFIED_LING	R3_REMAINING_SIMPLEX_YI_GE	visible_string=另一个; selected_一_is_immediately_followed_by_count_classifier_个	Wu 2024 journal p.370 examples (7)-(8) and p.381 example (20a)	YI_T2	YI_T2	yi2	YI_T2	MATCH	MATCH	ELIGIBLE_SIMPLEX_FRAME	FALSE	FALSE
21769	SSB0394	SSB03940500.TextGrid	BARE	7	6	1	一	你知不知道一个词叫天定命运	development	你知不知道	道	个	个词叫天定命运	CLEAR_SIMPLEX	SIMPLEX_OTHER_EXTERNAL_CONTEXT	R3_REMAINING_SIMPLEX_YI_GE	selected_一_is_not_part_of_visible_complex_cardinal_and_is_immediately_followed_by_count_classifier_个	Wu 2024 journal p.370 examples (7)-(8) and p.381 example (20a)	YI_T2	YI_T2	yi2	YI_T2	MATCH	MATCH	ELIGIBLE_SIMPLEX_FRAME	FALSE	FALSE
21772	SSB0394	SSB03940503.TextGrid	BARE	2	1	1	一	一个从未改变	development		START	个	个从未改变	CLEAR_SIMPLEX	SIMPLEX_OTHER_EXTERNAL_CONTEXT	R3_REMAINING_SIMPLEX_YI_GE	selected_一_is_not_part_of_visible_complex_cardinal_and_is_immediately_followed_by_count_classifier_个	Wu 2024 journal p.370 examples (7)-(8) and p.381 example (20a)	YI_T2	YI_T2	yi2	YI_T2	MATCH	MATCH	ELIGIBLE_SIMPLEX_FRAME	FALSE	FALSE
21802	SSB0395	SSB03950028.TextGrid	BARE	9	8	1	一	怎么保证他们有一个合理的竞争是规划的重点	confirmation	怎么保证他们有	有	个	个合理的竞争是规	CLEAR_SIMPLEX	SIMPLEX_OTHER_EXTERNAL_CONTEXT	R3_REMAINING_SIMPLEX_YI_GE	selected_一_is_not_part_of_visible_complex_cardinal_and_is_immediately_followed_by_count_classifier_个	Wu 2024 journal p.370 examples (7)-(8) and p.381 example (20a)	YI_T2	YI_T2	yi2	YI_T2	MATCH	MATCH	ELIGIBLE_SIMPLEX_FRAME	FALSE	FALSE
21874	SSB0395	SSB03950105.TextGrid	BARE	2	1	1	一	一个小男孩儿误入球场	confirmation		START	个	个小男孩儿误入球	CLEAR_SIMPLEX	SIMPLEX_OTHER_EXTERNAL_CONTEXT	R3_REMAINING_SIMPLEX_YI_GE	selected_一_is_not_part_of_visible_complex_cardinal_and_is_immediately_followed_by_count_classifier_个	Wu 2024 journal p.370 examples (7)-(8) and p.381 example (20a)	YI_T2	YI_T2	yi2	YI_T2	MATCH	MATCH	ELIGIBLE_SIMPLEX_FRAME	FALSE	FALSE
21880	SSB0395	SSB03950112.TextGrid	BARE	2	1	1	一	一个伤心	confirmation		START	个	个伤心	CLEAR_SIMPLEX	SIMPLEX_OTHER_EXTERNAL_CONTEXT	R3_REMAINING_SIMPLEX_YI_GE	selected_一_is_not_part_of_visible_complex_cardinal_and_is_immediately_followed_by_count_classifier_个	Wu 2024 journal p.370 examples (7)-(8) and p.381 example (20a)	YI_T2	YI_T2	yi2	YI_T2	MATCH	MATCH	ELIGIBLE_SIMPLEX_FRAME	FALSE	FALSE
21896	SSB0395	SSB03950129.TextGrid	BARE	10	9	1	一	是苹果公司史上的一个里程碑	confirmation	是苹果公司史上的	的	个	个里程碑	CLEAR_SIMPLEX	SIMPLEX_OTHER_EXTERNAL_CONTEXT	R3_REMAINING_SIMPLEX_YI_GE	selected_一_is_not_part_of_visible_complex_cardinal_and_is_immediately_followed_by_count_classifier_个	Wu 2024 journal p.370 examples (7)-(8) and p.381 example (20a)	YI_T2	YI_T2	yi2	YI_T2	MATCH	MATCH	ELIGIBLE_SIMPLEX_FRAME	FALSE	FALSE
21924	SSB0395	SSB03950161.TextGrid	BARE	18	17	1	一	约会应用软件如今已是现代求爱术的一个正常部分	confirmation	已是现代求爱术的	的	个	个正常部分	CLEAR_SIMPLEX	SIMPLEX_OTHER_EXTERNAL_CONTEXT	R3_REMAINING_SIMPLEX_YI_GE	selected_一_is_not_part_of_visible_complex_cardinal_and_is_immediately_followed_by_count_classifier_个	Wu 2024 journal p.370 examples (7)-(8) and p.381 example (20a)	YI_T2	YI_T2	yi2	YI_T2	MATCH	MATCH	ELIGIBLE_SIMPLEX_FRAME	FALSE	FALSE
21984	SSB0395	SSB03950225.TextGrid	BARE	7	6	1	一	最近网络上一个视频片段被疯狂转载	confirmation	最近网络上	上	个	个视频片段被疯狂	CLEAR_SIMPLEX	SIMPLEX_SEQUENTIAL_SHANG	R3_REMAINING_SIMPLEX_YI_GE	visible_string=上一个; selected_一_is_immediately_followed_by_count_classifier_个	Wu 2024 journal p.370 examples (7)-(8) and p.381 example (20a)	YI_T2	YI_T2	yi2	YI_T2	MATCH	MATCH	ELIGIBLE_SIMPLEX_FRAME	FALSE	FALSE
22061	SSB0395	SSB03950311.TextGrid	BARE	3	2	1	一	但一个月仅有两个学员主动报名	confirmation	但	但	个	个月仅有两个学员	CLEAR_SIMPLEX	SIMPLEX_OTHER_EXTERNAL_CONTEXT	R3_REMAINING_SIMPLEX_YI_GE	selected_一_is_not_part_of_visible_complex_cardinal_and_is_immediately_followed_by_count_classifier_个	Wu 2024 journal p.370 examples (7)-(8) and p.381 example (20a)	YI_T2	YI_T2	yi2	YI_T2	MATCH	MATCH	ELIGIBLE_SIMPLEX_FRAME	FALSE	FALSE
22146	SSB0395	SSB03950404.TextGrid	ORDINAL	6	5	1	一	第二排第一个	confirmation	第二排第	第	个	个	ORDINAL_ABSOLUTE	EXACT_DI_YI_GE	R0_EXACT_ORDINAL	selected_target_occurs_in_exact_第一个	Wu 2024 journal p.374 example (15)	YI_T1	YI_T1	yi1	YI_T1	MATCH	MATCH	ELIGIBLE_ORDINAL_FRAME	FALSE	FALSE
22218	SSB0395	SSB03950481.TextGrid	BARE	17	16	1	一	不得已她只能在飞机上站了整整十一个小时	confirmation	飞机上站了整整十	十	个	个小时	CLEAR_COMPLEX_LAST_DIGIT	COMPLEX_CARDINAL_FINAL_DIGIT	R1_COMPLEX_FINAL_DIGIT	visible_multi_digit_cardinal=十一; selected_一_is_final_digit_before_个	Wu 2024 journal p.381 example (28)	YI_T1	YI_T2	yi1	YI_T1	COUNTEREXAMPLE	MATCH	ELIGIBLE_COMPLEX_CONTROL_NOT_POOLED	FALSE	FALSE
22383	SSB0407	SSB04070181.TextGrid	BARE	3	2	1	一	我一个朋友想买那里的	development	我	我	个	个朋友想买那里的	CLEAR_SIMPLEX	SIMPLEX_OTHER_EXTERNAL_CONTEXT	R3_REMAINING_SIMPLEX_YI_GE	selected_一_is_not_part_of_visible_complex_cardinal_and_is_immediately_followed_by_count_classifier_个	Wu 2024 journal p.370 examples (7)-(8) and p.381 example (20a)	YI_T2	YI_T2	yi2	YI_T2	MATCH	MATCH	ELIGIBLE_SIMPLEX_FRAME	FALSE	FALSE
22529	SSB0407	SSB04070358.TextGrid	BARE	9	8	1	一	我们可以找另外一个	development	我们可以找另外	外	个	个	CLEAR_SIMPLEX	SIMPLEX_OTHER_EXTERNAL_CONTEXT	R3_REMAINING_SIMPLEX_YI_GE	selected_一_is_not_part_of_visible_complex_cardinal_and_is_immediately_followed_by_count_classifier_个	Wu 2024 journal p.370 examples (7)-(8) and p.381 example (20a)	YI_T2	YI_T2	yi2	YI_T2	MATCH	MATCH	ELIGIBLE_SIMPLEX_FRAME	FALSE	FALSE
22535	SSB0407	SSB04070365.TextGrid	BARE	4	3	1	一	它是一个上面系有我名牌的大型皮制黑蓝色行李箱	development	它是	是	个	个上面系有我名牌	CLEAR_SIMPLEX	SIMPLEX_OTHER_EXTERNAL_CONTEXT	R3_REMAINING_SIMPLEX_YI_GE	selected_一_is_not_part_of_visible_complex_cardinal_and_is_immediately_followed_by_count_classifier_个	Wu 2024 journal p.370 examples (7)-(8) and p.381 example (20a)	YI_T2	YI_T2	yi2	YI_T2	MATCH	MATCH	ELIGIBLE_SIMPLEX_FRAME	FALSE	FALSE
22563	SSB0407	SSB04070405.TextGrid	BARE	15	14	1	一	我不明白为什么我嫁给了这么一个不体贴的男人	development	什么我嫁给了这么	么	个	个不体贴的男人	CLEAR_SIMPLEX	SIMPLEX_OTHER_EXTERNAL_CONTEXT	R3_REMAINING_SIMPLEX_YI_GE	selected_一_is_not_part_of_visible_complex_cardinal_and_is_immediately_followed_by_count_classifier_个	Wu 2024 journal p.370 examples (7)-(8) and p.381 example (20a)	YI_T2	YI_T2	yi2	YI_T2	MATCH	MATCH	ELIGIBLE_SIMPLEX_FRAME	FALSE	FALSE
22665	SSB0415	SSB04150022.TextGrid	BARE	8	7	1	一	获得了仅剩的一个名额	development	获得了仅剩的	的	个	个名额	CLEAR_SIMPLEX	SIMPLEX_OTHER_EXTERNAL_CONTEXT	R3_REMAINING_SIMPLEX_YI_GE	selected_一_is_not_part_of_visible_complex_cardinal_and_is_immediately_followed_by_count_classifier_个	Wu 2024 journal p.370 examples (7)-(8) and p.381 example (20a)	YI_T2	YI_T2	yi2	YI_T2	MATCH	MATCH	ELIGIBLE_SIMPLEX_FRAME	FALSE	FALSE
22691	SSB0415	SSB04150051.TextGrid	BARE	12	11	1	一	在农村广阔天地搭建起一个优越的平台	development	村广阔天地搭建起	起	个	个优越的平台	CLEAR_SIMPLEX	SIMPLEX_OTHER_EXTERNAL_CONTEXT	R3_REMAINING_SIMPLEX_YI_GE	selected_一_is_not_part_of_visible_complex_cardinal_and_is_immediately_followed_by_count_classifier_个	Wu 2024 journal p.370 examples (7)-(8) and p.381 example (20a)	YI_T2	YI_T2	yi2	YI_T2	MATCH	MATCH	ELIGIBLE_SIMPLEX_FRAME	FALSE	FALSE
22864	SSB0415	SSB04150235.TextGrid	BARE	9	7	1	一	放首歌来听有一个地方	development	放首歌来听有	有	个	个地方	CLEAR_SIMPLEX	SIMPLEX_OTHER_EXTERNAL_CONTEXT	R3_REMAINING_SIMPLEX_YI_GE	selected_一_is_not_part_of_visible_complex_cardinal_and_is_immediately_followed_by_count_classifier_个	Wu 2024 journal p.370 examples (7)-(8) and p.381 example (20a)	YI_T2	YI_T2	yi2	YI_T2	MATCH	MATCH	ELIGIBLE_SIMPLEX_FRAME	FALSE	FALSE
22891	SSB0415	SSB04150264.TextGrid	BARE	10	8	1	一	放首歌来听给我一个理由忘记	development	放首歌来听给我	我	个	个理由忘记	CLEAR_SIMPLEX	SIMPLEX_OTHER_EXTERNAL_CONTEXT	R3_REMAINING_SIMPLEX_YI_GE	selected_一_is_not_part_of_visible_complex_cardinal_and_is_immediately_followed_by_count_classifier_个	Wu 2024 journal p.370 examples (7)-(8) and p.381 example (20a)	YI_T2	YI_T2	yi2	YI_T2	MATCH	MATCH	ELIGIBLE_SIMPLEX_FRAME	FALSE	FALSE
22957	SSB0415	SSB04150335.TextGrid	BARE	11	9	1	一	中国队收获的不止一个名额	development	中国队收获的不止	止	个	个名额	CLEAR_SIMPLEX	SIMPLEX_OTHER_EXTERNAL_CONTEXT	R3_REMAINING_SIMPLEX_YI_GE	selected_一_is_not_part_of_visible_complex_cardinal_and_is_immediately_followed_by_count_classifier_个	Wu 2024 journal p.370 examples (7)-(8) and p.381 example (20a)	YI_T2	YI_T2	yi2	YI_T2	MATCH	MATCH	ELIGIBLE_SIMPLEX_FRAME	FALSE	FALSE
23177	SSB0426	SSB04260112.TextGrid	BARE	11	10	1	一	但夏普也计划压缩为一个月的工资	confirmation	夏普也计划压缩为	为	个	个月的工资	CLEAR_SIMPLEX	SIMPLEX_OTHER_EXTERNAL_CONTEXT	R3_REMAINING_SIMPLEX_YI_GE	selected_一_is_not_part_of_visible_complex_cardinal_and_is_immediately_followed_by_count_classifier_个	Wu 2024 journal p.370 examples (7)-(8) and p.381 example (20a)	YI_T2	YI_T2	yi2	YI_T2	MATCH	MATCH	ELIGIBLE_SIMPLEX_FRAME	FALSE	FALSE
23222	SSB0426	SSB04260172.TextGrid	BARE	8	7	1	一	有关部门并无一个明确的时间表	confirmation	有关部门并无	无	个	个明确的时间表	CLEAR_SIMPLEX	SIMPLEX_OTHER_EXTERNAL_CONTEXT	R3_REMAINING_SIMPLEX_YI_GE	selected_一_is_not_part_of_visible_complex_cardinal_and_is_immediately_followed_by_count_classifier_个	Wu 2024 journal p.370 examples (7)-(8) and p.381 example (20a)	YI_T2	YI_T2	yi2	YI_T2	MATCH	MATCH	ELIGIBLE_SIMPLEX_FRAME	FALSE	FALSE
23236	SSB0426	SSB04260192.TextGrid	BARE	8	7	1	一	在来之前挂了一个礼拜的水	confirmation	在来之前挂了	了	个	个礼拜的水	CLEAR_SIMPLEX	SIMPLEX_OTHER_EXTERNAL_CONTEXT	R3_REMAINING_SIMPLEX_YI_GE	selected_一_is_not_part_of_visible_complex_cardinal_and_is_immediately_followed_by_count_classifier_个	Wu 2024 journal p.370 examples (7)-(8) and p.381 example (20a)	YI_T2	YI_T2	yi2	YI_T2	MATCH	MATCH	ELIGIBLE_SIMPLEX_FRAME	FALSE	FALSE
23262	SSB0426	SSB04260226.TextGrid	BARE	7	6	1	一	教育营地是一个比较有序的业务	confirmation	教育营地是	是	个	个比较有序的业务	CLEAR_SIMPLEX	SIMPLEX_OTHER_EXTERNAL_CONTEXT	R3_REMAINING_SIMPLEX_YI_GE	selected_一_is_not_part_of_visible_complex_cardinal_and_is_immediately_followed_by_count_classifier_个	Wu 2024 journal p.370 examples (7)-(8) and p.381 example (20a)	YI_T2	YI_T2	yi2	YI_T2	MATCH	MATCH	ELIGIBLE_SIMPLEX_FRAME	FALSE	FALSE
23326	SSB0426	SSB04260305.TextGrid	BARE	4	3	1	一	共计一个万科广场在建或者规划中	confirmation	共计	计	个	个万科广场在建或	CLEAR_SIMPLEX	SIMPLEX_OTHER_EXTERNAL_CONTEXT	R3_REMAINING_SIMPLEX_YI_GE	selected_一_is_not_part_of_visible_complex_cardinal_and_is_immediately_followed_by_count_classifier_个	Wu 2024 journal p.370 examples (7)-(8) and p.381 example (20a)	YI_T2	YI_T2	yi2	YI_T2	MATCH	MATCH	ELIGIBLE_SIMPLEX_FRAME	FALSE	FALSE
23327	SSB0426	SSB04260308.TextGrid	BARE	19	18	1	一	目前已经开业和正在准备开业的业务有一个	confirmation	准备开业的业务有	有	个	个	CLEAR_SIMPLEX	SIMPLEX_OTHER_EXTERNAL_CONTEXT	R3_REMAINING_SIMPLEX_YI_GE	selected_一_is_not_part_of_visible_complex_cardinal_and_is_immediately_followed_by_count_classifier_个	Wu 2024 journal p.370 examples (7)-(8) and p.381 example (20a)	YI_T2	YI_T2	yi2	YI_T2	MATCH	MATCH	ELIGIBLE_SIMPLEX_FRAME	FALSE	FALSE
23358	SSB0426	SSB04260349.TextGrid	BARE	13	12	1	一	至今年年末将同时运营一一个万科广场	confirmation	年末将同时运营一	一	个	个万科广场	AMBIGUOUS_OR_OUTSIDE_SCOPE	APPARENT_DUPLICATED_YI_TRANSCRIPT	R2_UNRESOLVED_ADJACENT_YI	visible_sequence=一一个; intended_wording_or_tokenization_not_recoverable_from_hanzi	no source prediction assigned	NO_PREDICTION	YI_T2	yi2	YI_T2	MATCH	NO_CONCLUSION_SCOPE	INELIGIBLE_SCOPE_UNRESOLVED	FALSE	FALSE
23363	SSB0426	SSB04260357.TextGrid	BARE	11	10	1	一	万科上海至少会布局一个万科广场	confirmation	科上海至少会布局	局	个	个万科广场	CLEAR_SIMPLEX	SIMPLEX_OTHER_EXTERNAL_CONTEXT	R3_REMAINING_SIMPLEX_YI_GE	selected_一_is_not_part_of_visible_complex_cardinal_and_is_immediately_followed_by_count_classifier_个	Wu 2024 journal p.370 examples (7)-(8) and p.381 example (20a)	YI_T2	YI_T2	yi2	YI_T2	MATCH	MATCH	ELIGIBLE_SIMPLEX_FRAME	FALSE	FALSE
23367	SSB0426	SSB04260362.TextGrid	BARE	7	6	1	一	公路改革是一个渐进过程	confirmation	公路改革是	是	个	个渐进过程	CLEAR_SIMPLEX	SIMPLEX_OTHER_EXTERNAL_CONTEXT	R3_REMAINING_SIMPLEX_YI_GE	selected_一_is_not_part_of_visible_complex_cardinal_and_is_immediately_followed_by_count_classifier_个	Wu 2024 journal p.370 examples (7)-(8) and p.381 example (20a)	YI_T2	YI_T2	yi2	YI_T2	MATCH	MATCH	ELIGIBLE_SIMPLEX_FRAME	FALSE	FALSE
23369	SSB0426	SSB04260364.TextGrid	BARE	11	10	1	一	也相信交通部能创建一个公平有序的市场	confirmation	相信交通部能创建	建	个	个公平有序的市场	CLEAR_SIMPLEX	SIMPLEX_OTHER_EXTERNAL_CONTEXT	R3_REMAINING_SIMPLEX_YI_GE	selected_一_is_not_part_of_visible_complex_cardinal_and_is_immediately_followed_by_count_classifier_个	Wu 2024 journal p.370 examples (7)-(8) and p.381 example (20a)	YI_T2	YI_T2	yi2	YI_T2	MATCH	MATCH	ELIGIBLE_SIMPLEX_FRAME	FALSE	FALSE
23410	SSB0426	SSB04260419.TextGrid	BARE	4	3	1	一	还需一个相对集中的建设周期	confirmation	还需	需	个	个相对集中的建设	CLEAR_SIMPLEX	SIMPLEX_OTHER_EXTERNAL_CONTEXT	R3_REMAINING_SIMPLEX_YI_GE	selected_一_is_not_part_of_visible_complex_cardinal_and_is_immediately_followed_by_count_classifier_个	Wu 2024 journal p.370 examples (7)-(8) and p.381 example (20a)	YI_T2	YI_T2	yi2	YI_T2	MATCH	MATCH	ELIGIBLE_SIMPLEX_FRAME	FALSE	FALSE
23436	SSB0426	SSB04260451.TextGrid	BARE	12	11	1	一	后来又紧急住院安胎近一个月	confirmation	又紧急住院安胎近	近	个	个月	CLEAR_SIMPLEX	SIMPLEX_OTHER_EXTERNAL_CONTEXT	R3_REMAINING_SIMPLEX_YI_GE	selected_一_is_not_part_of_visible_complex_cardinal_and_is_immediately_followed_by_count_classifier_个	Wu 2024 journal p.370 examples (7)-(8) and p.381 example (20a)	YI_T2	YI_T2	yi2	YI_T2	MATCH	MATCH	ELIGIBLE_SIMPLEX_FRAME	FALSE	FALSE
23442	SSB0426	SSB04260461.TextGrid	BARE	7	6	1	一	截至目前有一个万科广场已开业	confirmation	截至目前有	有	个	个万科广场已开业	CLEAR_SIMPLEX	SIMPLEX_OTHER_EXTERNAL_CONTEXT	R3_REMAINING_SIMPLEX_YI_GE	selected_一_is_not_part_of_visible_complex_cardinal_and_is_immediately_followed_by_count_classifier_个	Wu 2024 journal p.370 examples (7)-(8) and p.381 example (20a)	YI_T2	YI_T2	yi2	YI_T2	MATCH	MATCH	ELIGIBLE_SIMPLEX_FRAME	FALSE	FALSE
23839	SSB0427	SSB04270416.TextGrid	ORDINAL	10	9	1	一	我们上线了国内第一个新能源汽车销售电商	confirmation	我们上线了国内第	第	个	个新能源汽车销售	ORDINAL_ABSOLUTE	EXACT_DI_YI_GE	R0_EXACT_ORDINAL	selected_target_occurs_in_exact_第一个	Wu 2024 journal p.374 example (15)	YI_T1	YI_T1	yi1	YI_T1	MATCH	MATCH	ELIGIBLE_ORDINAL_FRAME	FALSE	FALSE
23938	SSB0434	SSB04340039.TextGrid	BARE	6	5	1	一	而肚子是一个高清显示屏	development	而肚子是	是	个	个高清显示屏	CLEAR_SIMPLEX	SIMPLEX_OTHER_EXTERNAL_CONTEXT	R3_REMAINING_SIMPLEX_YI_GE	selected_一_is_not_part_of_visible_complex_cardinal_and_is_immediately_followed_by_count_classifier_个	Wu 2024 journal p.370 examples (7)-(8) and p.381 example (20a)	YI_T2	YI_T2	yi2	YI_T2	MATCH	MATCH	ELIGIBLE_SIMPLEX_FRAME	FALSE	FALSE
23960	SSB0434	SSB04340068.TextGrid	BARE	5	4	1	一	休见近一个月的乒超联赛重燃战火	development	休见近	近	个	个月的乒超联赛重	CLEAR_SIMPLEX	SIMPLEX_OTHER_EXTERNAL_CONTEXT	R3_REMAINING_SIMPLEX_YI_GE	selected_一_is_not_part_of_visible_complex_cardinal_and_is_immediately_followed_by_count_classifier_个	Wu 2024 journal p.370 examples (7)-(8) and p.381 example (20a)	YI_T2	YI_T2	yi2	YI_T2	MATCH	MATCH	ELIGIBLE_SIMPLEX_FRAME	FALSE	FALSE
23963	SSB0434	SSB04340071.TextGrid	BARE	4	3	1	一	需要一个小时的时间	development	需要	要	个	个小时的时间	CLEAR_SIMPLEX	SIMPLEX_OTHER_EXTERNAL_CONTEXT	R3_REMAINING_SIMPLEX_YI_GE	selected_一_is_not_part_of_visible_complex_cardinal_and_is_immediately_followed_by_count_classifier_个	Wu 2024 journal p.370 examples (7)-(8) and p.381 example (20a)	YI_T2	YI_T2	yi2	YI_T2	MATCH	MATCH	ELIGIBLE_SIMPLEX_FRAME	FALSE	FALSE
24053	SSB0434	SSB04340179.TextGrid	BARE	10	9	1	一	有可能成为北京下一个经济副中心	development	有可能成为北京下	下	个	个经济副中心	CLEAR_SIMPLEX	SIMPLEX_SEQUENTIAL_XIA	R3_REMAINING_SIMPLEX_YI_GE	visible_string=下一个; selected_一_is_immediately_followed_by_count_classifier_个	Wu 2024 journal p.370 examples (7)-(8) and p.381 example (20a)	YI_T2	YI_T2	yi2	YI_T2	MATCH	MATCH	ELIGIBLE_SIMPLEX_FRAME	FALSE	FALSE
24115	SSB0434	SSB04340248.TextGrid	BARE	6	5	1	一	在座的每一个人都能保证身体	development	在座的每	每	个	个人都能保证身体	CLEAR_SIMPLEX	SIMPLEX_MODIFIED_MEI	R3_REMAINING_SIMPLEX_YI_GE	visible_string=每一个; selected_一_is_immediately_followed_by_count_classifier_个	Wu 2024 journal p.370 examples (7)-(8) and p.381 example (20a)	YI_T2	YI_T2	yi2	YI_T2	MATCH	MATCH	ELIGIBLE_SIMPLEX_FRAME	FALSE	FALSE
24119	SSB0434	SSB04340252.TextGrid	BARE	16	12	1	一	其实它涉及二次网签这样一个问题	development	涉及二次网签这样	样	个	个问题	CLEAR_SIMPLEX	SIMPLEX_OTHER_EXTERNAL_CONTEXT	R3_REMAINING_SIMPLEX_YI_GE	selected_一_is_not_part_of_visible_complex_cardinal_and_is_immediately_followed_by_count_classifier_个	Wu 2024 journal p.370 examples (7)-(8) and p.381 example (20a)	YI_T2	YI_T2	yi2	YI_T2	MATCH	MATCH	ELIGIBLE_SIMPLEX_FRAME	FALSE	FALSE
24175	SSB0434	SSB04340317.TextGrid	BARE	6	5	1	一	休战了近一个月的乒超联赛重燃战火	development	休战了近	近	个	个月的乒超联赛重	CLEAR_SIMPLEX	SIMPLEX_OTHER_EXTERNAL_CONTEXT	R3_REMAINING_SIMPLEX_YI_GE	selected_一_is_not_part_of_visible_complex_cardinal_and_is_immediately_followed_by_count_classifier_个	Wu 2024 journal p.370 examples (7)-(8) and p.381 example (20a)	YI_T2	YI_T2	yi2	YI_T2	MATCH	MATCH	ELIGIBLE_SIMPLEX_FRAME	FALSE	FALSE
24320	SSB0435	SSB04350010.TextGrid	BARE	4	3	1	一	设立一个警报	development	设立	立	个	个警报	CLEAR_SIMPLEX	SIMPLEX_OTHER_EXTERNAL_CONTEXT	R3_REMAINING_SIMPLEX_YI_GE	selected_一_is_not_part_of_visible_complex_cardinal_and_is_immediately_followed_by_count_classifier_个	Wu 2024 journal p.370 examples (7)-(8) and p.381 example (20a)	YI_T2	YI_T2	yi3	YI_OTHER_TONE	COUNTEREXAMPLE	COUNTEREXAMPLE	ELIGIBLE_SIMPLEX_FRAME	FALSE	FALSE
24330	SSB0435	SSB04350020.TextGrid	BARE	5	4	1	一	你们每一个人都被选中了	development	你们每	每	个	个人都被选中了	CLEAR_SIMPLEX	SIMPLEX_MODIFIED_MEI	R3_REMAINING_SIMPLEX_YI_GE	visible_string=每一个; selected_一_is_immediately_followed_by_count_classifier_个	Wu 2024 journal p.370 examples (7)-(8) and p.381 example (20a)	YI_T2	YI_T2	yi2	YI_T2	MATCH	MATCH	ELIGIBLE_SIMPLEX_FRAME	FALSE	FALSE
24395	SSB0435	SSB04350088.TextGrid	BARE	5	4	1	一	家里放一个小孩儿	development	家里放	放	个	个小孩儿	CLEAR_SIMPLEX	SIMPLEX_OTHER_EXTERNAL_CONTEXT	R3_REMAINING_SIMPLEX_YI_GE	selected_一_is_not_part_of_visible_complex_cardinal_and_is_immediately_followed_by_count_classifier_个	Wu 2024 journal p.370 examples (7)-(8) and p.381 example (20a)	YI_T2	YI_T2	yi2	YI_T2	MATCH	MATCH	ELIGIBLE_SIMPLEX_FRAME	FALSE	FALSE
24457	SSB0435	SSB04350152.TextGrid	BARE	14	12	1	一	最少使用的原则就是获取一个人的信息量时	development	用的原则就是获取	取	个	个人的信息量时	CLEAR_SIMPLEX	SIMPLEX_OTHER_EXTERNAL_CONTEXT	R3_REMAINING_SIMPLEX_YI_GE	selected_一_is_not_part_of_visible_complex_cardinal_and_is_immediately_followed_by_count_classifier_个	Wu 2024 journal p.370 examples (7)-(8) and p.381 example (20a)	YI_T2	YI_T2	yi2	YI_T2	MATCH	MATCH	ELIGIBLE_SIMPLEX_FRAME	FALSE	FALSE
24516	SSB0435	SSB04350213.TextGrid	BARE	9	8	1	一	一些网站本是办一个很小的事	development	一些网站本是办	办	个	个很小的事	CLEAR_SIMPLEX	SIMPLEX_OTHER_EXTERNAL_CONTEXT	R3_REMAINING_SIMPLEX_YI_GE	selected_一_is_not_part_of_visible_complex_cardinal_and_is_immediately_followed_by_count_classifier_个	Wu 2024 journal p.370 examples (7)-(8) and p.381 example (20a)	YI_T2	YI_T2	yi2	YI_T2	MATCH	MATCH	ELIGIBLE_SIMPLEX_FRAME	FALSE	FALSE
24555	SSB0435	SSB04350252.TextGrid	BARE	5	4	1	一	别只干一个	development	别只干	干	个	个	CLEAR_SIMPLEX	SIMPLEX_OTHER_EXTERNAL_CONTEXT	R3_REMAINING_SIMPLEX_YI_GE	selected_一_is_not_part_of_visible_complex_cardinal_and_is_immediately_followed_by_count_classifier_个	Wu 2024 journal p.370 examples (7)-(8) and p.381 example (20a)	YI_T2	YI_T2	yi2	YI_T2	MATCH	MATCH	ELIGIBLE_SIMPLEX_FRAME	FALSE	FALSE
24571	SSB0435	SSB04350268.TextGrid	BARE	3	2	1	一	有一个服务器群	development	有	有	个	个服务器群	CLEAR_SIMPLEX	SIMPLEX_OTHER_EXTERNAL_CONTEXT	R3_REMAINING_SIMPLEX_YI_GE	selected_一_is_not_part_of_visible_complex_cardinal_and_is_immediately_followed_by_count_classifier_个	Wu 2024 journal p.370 examples (7)-(8) and p.381 example (20a)	YI_T2	YI_T2	yi2	YI_T2	MATCH	MATCH	ELIGIBLE_SIMPLEX_FRAME	FALSE	FALSE
24758	SSB0435	SSB04350461.TextGrid	BARE	7	6	1	一	从前我遇到一个男孩儿	development	从前我遇到	到	个	个男孩儿	CLEAR_SIMPLEX	SIMPLEX_OTHER_EXTERNAL_CONTEXT	R3_REMAINING_SIMPLEX_YI_GE	selected_一_is_not_part_of_visible_complex_cardinal_and_is_immediately_followed_by_count_classifier_个	Wu 2024 journal p.370 examples (7)-(8) and p.381 example (20a)	YI_T2	YI_T2	yi2	YI_T2	MATCH	MATCH	ELIGIBLE_SIMPLEX_FRAME	FALSE	FALSE
24769	SSB0435	SSB04350472.TextGrid	BARE	3	2	1	一	另一个计划呢	development	另	另	个	个计划呢	CLEAR_SIMPLEX	SIMPLEX_MODIFIED_LING	R3_REMAINING_SIMPLEX_YI_GE	visible_string=另一个; selected_一_is_immediately_followed_by_count_classifier_个	Wu 2024 journal p.370 examples (7)-(8) and p.381 example (20a)	YI_T2	YI_T2	yi2	YI_T2	MATCH	MATCH	ELIGIBLE_SIMPLEX_FRAME	FALSE	FALSE
24805	SSB0435	SSB04350511.TextGrid	BARE	9	8	1	一	可我们现在少了一个人	development	可我们现在少了	了	个	个人	CLEAR_SIMPLEX	SIMPLEX_OTHER_EXTERNAL_CONTEXT	R3_REMAINING_SIMPLEX_YI_GE	selected_一_is_not_part_of_visible_complex_cardinal_and_is_immediately_followed_by_count_classifier_个	Wu 2024 journal p.370 examples (7)-(8) and p.381 example (20a)	YI_T2	YI_T2	yi2	YI_T2	MATCH	MATCH	ELIGIBLE_SIMPLEX_FRAME	FALSE	FALSE
24839	SSB0470	SSB04700032.TextGrid	BARE	7	6	1	一	我只不过是一个不合格的男人	development	我只不过是	是	个	个不合格的男人	CLEAR_SIMPLEX	SIMPLEX_OTHER_EXTERNAL_CONTEXT	R3_REMAINING_SIMPLEX_YI_GE	selected_一_is_not_part_of_visible_complex_cardinal_and_is_immediately_followed_by_count_classifier_个	Wu 2024 journal p.370 examples (7)-(8) and p.381 example (20a)	YI_T2	YI_T2	yi2	YI_T2	MATCH	MATCH	ELIGIBLE_SIMPLEX_FRAME	FALSE	FALSE
25142	SSB0470	SSB04700349.TextGrid	BARE	5	4	1	一	我们有一个私人问题想请教你	development	我们有	有	个	个私人问题想请教	CLEAR_SIMPLEX	SIMPLEX_OTHER_EXTERNAL_CONTEXT	R3_REMAINING_SIMPLEX_YI_GE	selected_一_is_not_part_of_visible_complex_cardinal_and_is_immediately_followed_by_count_classifier_个	Wu 2024 journal p.370 examples (7)-(8) and p.381 example (20a)	YI_T2	YI_T2	yi2	YI_T2	MATCH	MATCH	ELIGIBLE_SIMPLEX_FRAME	FALSE	FALSE
25204	SSB0470	SSB04700413.TextGrid	BARE	9	8	1	一	开始跑步并不是一个理想的状态	development	开始跑步并不是	是	个	个理想的状态	CLEAR_SIMPLEX	SIMPLEX_OTHER_EXTERNAL_CONTEXT	R3_REMAINING_SIMPLEX_YI_GE	selected_一_is_not_part_of_visible_complex_cardinal_and_is_immediately_followed_by_count_classifier_个	Wu 2024 journal p.370 examples (7)-(8) and p.381 example (20a)	YI_T2	YI_T2	yi2	YI_T2	MATCH	MATCH	ELIGIBLE_SIMPLEX_FRAME	FALSE	FALSE
25219	SSB0470	SSB04700429.TextGrid	BARE	3	2	1	一	有一个疼爱自己的爸爸	development	有	有	个	个疼爱自己的爸爸	CLEAR_SIMPLEX	SIMPLEX_OTHER_EXTERNAL_CONTEXT	R3_REMAINING_SIMPLEX_YI_GE	selected_一_is_not_part_of_visible_complex_cardinal_and_is_immediately_followed_by_count_classifier_个	Wu 2024 journal p.370 examples (7)-(8) and p.381 example (20a)	YI_T2	YI_T2	yi2	YI_T2	MATCH	MATCH	ELIGIBLE_SIMPLEX_FRAME	FALSE	FALSE
25220	SSB0470	SSB04700430.TextGrid	BARE	6	5	1	一	但百丽儿一个子都得不到	development	但百丽儿	儿	个	个子都得不到	CLEAR_SIMPLEX	SIMPLEX_OTHER_EXTERNAL_CONTEXT	R3_REMAINING_SIMPLEX_YI_GE	selected_一_is_not_part_of_visible_complex_cardinal_and_is_immediately_followed_by_count_classifier_个	Wu 2024 journal p.370 examples (7)-(8) and p.381 example (20a)	YI_T2	YI_T2	yi2	YI_T2	MATCH	MATCH	ELIGIBLE_SIMPLEX_FRAME	FALSE	FALSE
25244	SSB0470	SSB04700454.TextGrid	BARE	3	2	1	一	等一个夏天	development	等	等	个	个夏天	CLEAR_SIMPLEX	SIMPLEX_OTHER_EXTERNAL_CONTEXT	R3_REMAINING_SIMPLEX_YI_GE	selected_一_is_not_part_of_visible_complex_cardinal_and_is_immediately_followed_by_count_classifier_个	Wu 2024 journal p.370 examples (7)-(8) and p.381 example (20a)	YI_T2	YI_T2	yi2	YI_T2	MATCH	MATCH	ELIGIBLE_SIMPLEX_FRAME	FALSE	FALSE
25306	SSB0482	SSB04820008.TextGrid	BARE	15	11	1	一	却只有金隅翡丽蓝爵堡一个别墅型楼盘在售	development	有金隅翡丽蓝爵堡	堡	个	个别墅型楼盘在售	CLEAR_SIMPLEX	SIMPLEX_OTHER_EXTERNAL_CONTEXT	R3_REMAINING_SIMPLEX_YI_GE	selected_一_is_not_part_of_visible_complex_cardinal_and_is_immediately_followed_by_count_classifier_个	Wu 2024 journal p.370 examples (7)-(8) and p.381 example (20a)	YI_T2	YI_T2	yi2	YI_T2	MATCH	MATCH	ELIGIBLE_SIMPLEX_FRAME	FALSE	FALSE
25393	SSB0482	SSB04820098.TextGrid	BARE	11	10	1	一	郭金猛的情况并不是一个特例	development	金猛的情况并不是	是	个	个特例	CLEAR_SIMPLEX	SIMPLEX_OTHER_EXTERNAL_CONTEXT	R3_REMAINING_SIMPLEX_YI_GE	selected_一_is_not_part_of_visible_complex_cardinal_and_is_immediately_followed_by_count_classifier_个	Wu 2024 journal p.370 examples (7)-(8) and p.381 example (20a)	YI_T2	YI_T2	yi2	YI_T2	MATCH	MATCH	ELIGIBLE_SIMPLEX_FRAME	FALSE	FALSE
25641	SSB0482	SSB04820368.TextGrid	BARE	12	11	1	一	刘虹今天圆了北京观众一个梦	development	今天圆了北京观众	众	个	个梦	CLEAR_SIMPLEX	SIMPLEX_OTHER_EXTERNAL_CONTEXT	R3_REMAINING_SIMPLEX_YI_GE	selected_一_is_not_part_of_visible_complex_cardinal_and_is_immediately_followed_by_count_classifier_个	Wu 2024 journal p.370 examples (7)-(8) and p.381 example (20a)	YI_T2	YI_T2	yi2	YI_T2	MATCH	MATCH	ELIGIBLE_SIMPLEX_FRAME	FALSE	FALSE
25743	SSB0482	SSB04820476.TextGrid	BARE	3	2	1	一	放一个歌曲贝加尔湖畔	development	放	放	个	个歌曲贝加尔湖畔	CLEAR_SIMPLEX	SIMPLEX_OTHER_EXTERNAL_CONTEXT	R3_REMAINING_SIMPLEX_YI_GE	selected_一_is_not_part_of_visible_complex_cardinal_and_is_immediately_followed_by_count_classifier_个	Wu 2024 journal p.370 examples (7)-(8) and p.381 example (20a)	YI_T2	YI_T2	yi2	YI_T2	MATCH	MATCH	ELIGIBLE_SIMPLEX_FRAME	FALSE	FALSE
25757	SSB0502	SSB05020007.TextGrid	BARE	2	1	1	一	一个最直观的表现是	development		START	个	个最直观的表现是	CLEAR_SIMPLEX	SIMPLEX_OTHER_EXTERNAL_CONTEXT	R3_REMAINING_SIMPLEX_YI_GE	selected_一_is_not_part_of_visible_complex_cardinal_and_is_immediately_followed_by_count_classifier_个	Wu 2024 journal p.370 examples (7)-(8) and p.381 example (20a)	YI_T2	YI_T2	yi2	YI_T2	MATCH	MATCH	ELIGIBLE_SIMPLEX_FRAME	FALSE	FALSE
25761	SSB0502	SSB05020011.TextGrid	BARE	7	6	1	一	自行车挂上一个拖斗	development	自行车挂上	上	个	个拖斗	CLEAR_SIMPLEX	SIMPLEX_SEQUENTIAL_SHANG	R3_REMAINING_SIMPLEX_YI_GE	visible_string=上一个; selected_一_is_immediately_followed_by_count_classifier_个	Wu 2024 journal p.370 examples (7)-(8) and p.381 example (20a)	YI_T2	YI_T2	yi2	YI_T2	MATCH	MATCH	ELIGIBLE_SIMPLEX_FRAME	FALSE	FALSE
25814	SSB0502	SSB05020067.TextGrid	BARE	2	1	1	一	一个随身携带的小手电	development		START	个	个随身携带的小手	CLEAR_SIMPLEX	SIMPLEX_OTHER_EXTERNAL_CONTEXT	R3_REMAINING_SIMPLEX_YI_GE	selected_一_is_not_part_of_visible_complex_cardinal_and_is_immediately_followed_by_count_classifier_个	Wu 2024 journal p.370 examples (7)-(8) and p.381 example (20a)	YI_T2	YI_T2	yi2	YI_T2	MATCH	MATCH	ELIGIBLE_SIMPLEX_FRAME	FALSE	FALSE
25829	SSB0502	SSB05020082.TextGrid	BARE	4	3	1	一	还有一个值得注意的数据	development	还有	有	个	个值得注意的数据	CLEAR_SIMPLEX	SIMPLEX_OTHER_EXTERNAL_CONTEXT	R3_REMAINING_SIMPLEX_YI_GE	selected_一_is_not_part_of_visible_complex_cardinal_and_is_immediately_followed_by_count_classifier_个	Wu 2024 journal p.370 examples (7)-(8) and p.381 example (20a)	YI_T2	YI_T2	yi2	YI_T2	MATCH	MATCH	ELIGIBLE_SIMPLEX_FRAME	FALSE	FALSE
25874	SSB0502	SSB05020130.TextGrid	BARE	10	9	1	一	不能把鸡蛋放进同一个篮子里	development	不能把鸡蛋放进同	同	个	个篮子里	CLEAR_SIMPLEX	SIMPLEX_MODIFIED_TONG	R3_REMAINING_SIMPLEX_YI_GE	visible_string=同一个; selected_一_is_immediately_followed_by_count_classifier_个	Wu 2024 journal p.370 examples (7)-(8) and p.381 example (20a)	YI_T2	YI_T2	yi2	YI_T2	MATCH	MATCH	ELIGIBLE_SIMPLEX_FRAME	FALSE	FALSE
25890	SSB0502	SSB05020146.TextGrid	BARE	16	15	1	一	据称是当事人之一在派出所通过一个亲戚的微博发的	development	之一在派出所通过	过	个	个亲戚的微博发的	CLEAR_SIMPLEX	SIMPLEX_OTHER_EXTERNAL_CONTEXT	R3_REMAINING_SIMPLEX_YI_GE	selected_一_is_not_part_of_visible_complex_cardinal_and_is_immediately_followed_by_count_classifier_个	Wu 2024 journal p.370 examples (7)-(8) and p.381 example (20a)	YI_T2	YI_T2	yi2	YI_T2	MATCH	MATCH	ELIGIBLE_SIMPLEX_FRAME	FALSE	FALSE
25906	SSB0502	SSB05020163.TextGrid	BARE	2	1	1	一	一个最直观的表现是	development		START	个	个最直观的表现是	CLEAR_SIMPLEX	SIMPLEX_OTHER_EXTERNAL_CONTEXT	R3_REMAINING_SIMPLEX_YI_GE	selected_一_is_not_part_of_visible_complex_cardinal_and_is_immediately_followed_by_count_classifier_个	Wu 2024 journal p.370 examples (7)-(8) and p.381 example (20a)	YI_T2	YI_T2	yi2	YI_T2	MATCH	MATCH	ELIGIBLE_SIMPLEX_FRAME	FALSE	FALSE
25974	SSB0502	SSB05020235.TextGrid	ORDINAL	3	2	1	一	第一个利好政策是再融资的进一步放开	development	第	第	个	个利好政策是再融	ORDINAL_ABSOLUTE	EXACT_DI_YI_GE	R0_EXACT_ORDINAL	selected_target_occurs_in_exact_第一个	Wu 2024 journal p.374 example (15)	YI_T1	YI_T1	yi1	YI_T1	MATCH	MATCH	ELIGIBLE_ORDINAL_FRAME	FALSE	FALSE
26050	SSB0502	SSB05020312.TextGrid	BARE	10	9	1	一	信息化发展正进入一个新的历史阶段	development	信息化发展正进入	入	个	个新的历史阶段	CLEAR_SIMPLEX	SIMPLEX_OTHER_EXTERNAL_CONTEXT	R3_REMAINING_SIMPLEX_YI_GE	selected_一_is_not_part_of_visible_complex_cardinal_and_is_immediately_followed_by_count_classifier_个	Wu 2024 journal p.370 examples (7)-(8) and p.381 example (20a)	YI_T2	YI_T2	yi2	YI_T2	MATCH	MATCH	ELIGIBLE_SIMPLEX_FRAME	FALSE	FALSE
26172	SSB0502	SSB05020439.TextGrid	BARE	7	6	1	一	这给了厂商一个一飞冲天的可能	development	这给了厂商	商	个	个一飞冲天的可能	CLEAR_SIMPLEX	SIMPLEX_OTHER_EXTERNAL_CONTEXT	R3_REMAINING_SIMPLEX_YI_GE	selected_一_is_not_part_of_visible_complex_cardinal_and_is_immediately_followed_by_count_classifier_个	Wu 2024 journal p.370 examples (7)-(8) and p.381 example (20a)	YI_T2	YI_T2	yi2	YI_T2	MATCH	MATCH	ELIGIBLE_SIMPLEX_FRAME	FALSE	FALSE
26187	SSB0502	SSB05020454.TextGrid	BARE	7	6	1	一	当前和今后一个时期	development	当前和今后	后	个	个时期	CLEAR_SIMPLEX	SIMPLEX_OTHER_EXTERNAL_CONTEXT	R3_REMAINING_SIMPLEX_YI_GE	selected_一_is_not_part_of_visible_complex_cardinal_and_is_immediately_followed_by_count_classifier_个	Wu 2024 journal p.370 examples (7)-(8) and p.381 example (20a)	YI_T2	YI_T2	yi2	YI_T2	MATCH	MATCH	ELIGIBLE_SIMPLEX_FRAME	FALSE	FALSE
26199	SSB0502	SSB05020468.TextGrid	BARE	3	2	1	一	下一个天亮	development	下	下	个	个天亮	CLEAR_SIMPLEX	SIMPLEX_SEQUENTIAL_XIA	R3_REMAINING_SIMPLEX_YI_GE	visible_string=下一个; selected_一_is_immediately_followed_by_count_classifier_个	Wu 2024 journal p.370 examples (7)-(8) and p.381 example (20a)	YI_T2	YI_T2	yi2	YI_T2	MATCH	MATCH	ELIGIBLE_SIMPLEX_FRAME	FALSE	FALSE
26281	SSB0534	SSB05340069.TextGrid	BARE	6	5	1	一	我们需要一个不干扰人民生活的政府	confirmation	我们需要	要	个	个不干扰人民生活	CLEAR_SIMPLEX	SIMPLEX_OTHER_EXTERNAL_CONTEXT	R3_REMAINING_SIMPLEX_YI_GE	selected_一_is_not_part_of_visible_complex_cardinal_and_is_immediately_followed_by_count_classifier_个	Wu 2024 journal p.370 examples (7)-(8) and p.381 example (20a)	YI_T2	YI_T2	yi2	YI_T2	MATCH	MATCH	ELIGIBLE_SIMPLEX_FRAME	FALSE	FALSE
26389	SSB0534	SSB05340182.TextGrid	BARE	5	4	1	一	她曾跟一个搞音乐的人交往	confirmation	她曾跟	跟	个	个搞音乐的人交往	CLEAR_SIMPLEX	SIMPLEX_OTHER_EXTERNAL_CONTEXT	R3_REMAINING_SIMPLEX_YI_GE	selected_一_is_not_part_of_visible_complex_cardinal_and_is_immediately_followed_by_count_classifier_个	Wu 2024 journal p.370 examples (7)-(8) and p.381 example (20a)	YI_T2	YI_T2	yi2	YI_T2	MATCH	MATCH	ELIGIBLE_SIMPLEX_FRAME	FALSE	FALSE
26397	SSB0534	SSB05340192.TextGrid	BARE	3	2	1	一	另一个次元里的地球也许就不是我们的辖区了	confirmation	另	另	个	个次元里的地球也	CLEAR_SIMPLEX	SIMPLEX_MODIFIED_LING	R3_REMAINING_SIMPLEX_YI_GE	visible_string=另一个; selected_一_is_immediately_followed_by_count_classifier_个	Wu 2024 journal p.370 examples (7)-(8) and p.381 example (20a)	YI_T2	YI_T2	yi2	YI_T2	MATCH	MATCH	ELIGIBLE_SIMPLEX_FRAME	FALSE	FALSE
26526	SSB0534	SSB05340328.TextGrid	BARE	6	5	1	一	他在模仿一个连环杀人犯	confirmation	他在模仿	仿	个	个连环杀人犯	CLEAR_SIMPLEX	SIMPLEX_OTHER_EXTERNAL_CONTEXT	R3_REMAINING_SIMPLEX_YI_GE	selected_一_is_not_part_of_visible_complex_cardinal_and_is_immediately_followed_by_count_classifier_个	Wu 2024 journal p.370 examples (7)-(8) and p.381 example (20a)	YI_T2	YI_T2	yi2	YI_T2	MATCH	MATCH	ELIGIBLE_SIMPLEX_FRAME	FALSE	FALSE
26573	SSB0534	SSB05340379.TextGrid	BARE	8	7	1	一	积极情绪的另一个特点是具有同样的信号	confirmation	积极情绪的另	另	个	个特点是具有同样	CLEAR_SIMPLEX	SIMPLEX_MODIFIED_LING	R3_REMAINING_SIMPLEX_YI_GE	visible_string=另一个; selected_一_is_immediately_followed_by_count_classifier_个	Wu 2024 journal p.370 examples (7)-(8) and p.381 example (20a)	YI_T2	YI_T2	yi2	YI_T2	MATCH	MATCH	ELIGIBLE_SIMPLEX_FRAME	FALSE	FALSE
26580	SSB0534	SSB05340386.TextGrid	BARE	7	6	1	一	我们就剩这一个球了	confirmation	我们就剩这	这	个	个球了	CLEAR_SIMPLEX	SIMPLEX_OTHER_EXTERNAL_CONTEXT	R3_REMAINING_SIMPLEX_YI_GE	selected_一_is_not_part_of_visible_complex_cardinal_and_is_immediately_followed_by_count_classifier_个	Wu 2024 journal p.370 examples (7)-(8) and p.381 example (20a)	YI_T2	YI_T2	yi2	YI_T2	MATCH	MATCH	ELIGIBLE_SIMPLEX_FRAME	FALSE	FALSE
26595	SSB0534	SSB05340402.TextGrid	BARE	7	6	1	一	你不能腾出一个房间	confirmation	你不能腾出	出	个	个房间	CLEAR_SIMPLEX	SIMPLEX_OTHER_EXTERNAL_CONTEXT	R3_REMAINING_SIMPLEX_YI_GE	selected_一_is_not_part_of_visible_complex_cardinal_and_is_immediately_followed_by_count_classifier_个	Wu 2024 journal p.370 examples (7)-(8) and p.381 example (20a)	YI_T2	YI_T2	yi2	YI_T2	MATCH	MATCH	ELIGIBLE_SIMPLEX_FRAME	FALSE	FALSE
27075	SSB0535	SSB05350458.TextGrid	BARE	7	6	1	一	二十一世纪一个成熟的物联网最重要的是什么	development	二十一世纪	纪	个	个成熟的物联网最	CLEAR_SIMPLEX	SIMPLEX_OTHER_EXTERNAL_CONTEXT	R3_REMAINING_SIMPLEX_YI_GE	selected_一_is_not_part_of_visible_complex_cardinal_and_is_immediately_followed_by_count_classifier_个	Wu 2024 journal p.370 examples (7)-(8) and p.381 example (20a)	YI_T2	YI_T2	yi2	YI_T2	MATCH	MATCH	ELIGIBLE_SIMPLEX_FRAME	FALSE	FALSE
27090	SSB0539	SSB05390015.TextGrid	BARE	8	7	1	一	他是无聊的那一个	development	他是无聊的那	那	个	个	CLEAR_SIMPLEX	SIMPLEX_OTHER_EXTERNAL_CONTEXT	R3_REMAINING_SIMPLEX_YI_GE	selected_一_is_not_part_of_visible_complex_cardinal_and_is_immediately_followed_by_count_classifier_个	Wu 2024 journal p.370 examples (7)-(8) and p.381 example (20a)	YI_T2	YI_T2	yi2	YI_T2	MATCH	MATCH	ELIGIBLE_SIMPLEX_FRAME	FALSE	FALSE
27166	SSB0539	SSB05390095.TextGrid	BARE	9	8	1	一	上苏树脂可能是一个天然或合成树脂	development	上苏树脂可能是	是	个	个天然或合成树脂	CLEAR_SIMPLEX	SIMPLEX_OTHER_EXTERNAL_CONTEXT	R3_REMAINING_SIMPLEX_YI_GE	selected_一_is_not_part_of_visible_complex_cardinal_and_is_immediately_followed_by_count_classifier_个	Wu 2024 journal p.370 examples (7)-(8) and p.381 example (20a)	YI_T2	YI_T2	yi2	YI_T2	MATCH	MATCH	ELIGIBLE_SIMPLEX_FRAME	FALSE	FALSE
27314	SSB0539	SSB05390248.TextGrid	BARE	9	8	1	一	管理者可能会使一个行之有效的制度陷于瘫痪	development	管理者可能会使	使	个	个行之有效的制度	CLEAR_SIMPLEX	SIMPLEX_OTHER_EXTERNAL_CONTEXT	R3_REMAINING_SIMPLEX_YI_GE	selected_一_is_not_part_of_visible_complex_cardinal_and_is_immediately_followed_by_count_classifier_个	Wu 2024 journal p.370 examples (7)-(8) and p.381 example (20a)	YI_T2	YI_T2	yi2	YI_T2	MATCH	MATCH	ELIGIBLE_SIMPLEX_FRAME	FALSE	FALSE
27320	SSB0539	SSB05390254.TextGrid	BARE	14	13	1	一	清教徒们在普利茅斯创建了一个殖民地	development	在普利茅斯创建了	了	个	个殖民地	CLEAR_SIMPLEX	SIMPLEX_OTHER_EXTERNAL_CONTEXT	R3_REMAINING_SIMPLEX_YI_GE	selected_一_is_not_part_of_visible_complex_cardinal_and_is_immediately_followed_by_count_classifier_个	Wu 2024 journal p.370 examples (7)-(8) and p.381 example (20a)	YI_T2	YI_T2	yi2	YI_T2	MATCH	MATCH	ELIGIBLE_SIMPLEX_FRAME	FALSE	FALSE
27452	SSB0539	SSB05390396.TextGrid	BARE	9	8	1	一	卡瑞娜会再失去一个熟人	development	卡瑞娜会再失去	去	个	个熟人	CLEAR_SIMPLEX	SIMPLEX_OTHER_EXTERNAL_CONTEXT	R3_REMAINING_SIMPLEX_YI_GE	selected_一_is_not_part_of_visible_complex_cardinal_and_is_immediately_followed_by_count_classifier_个	Wu 2024 journal p.370 examples (7)-(8) and p.381 example (20a)	YI_T2	YI_T2	yi2	YI_T2	MATCH	MATCH	ELIGIBLE_SIMPLEX_FRAME	FALSE	FALSE
27475	SSB0539	SSB05390420.TextGrid	BARE	4	3	1	一	画着一个老船长把观察孔挖空	development	画着	着	个	个老船长把观察孔	CLEAR_SIMPLEX	SIMPLEX_OTHER_EXTERNAL_CONTEXT	R3_REMAINING_SIMPLEX_YI_GE	selected_一_is_not_part_of_visible_complex_cardinal_and_is_immediately_followed_by_count_classifier_个	Wu 2024 journal p.370 examples (7)-(8) and p.381 example (20a)	YI_T2	YI_T2	yi2	YI_T2	MATCH	MATCH	ELIGIBLE_SIMPLEX_FRAME	FALSE	FALSE
27607	SSB0544	SSB05440052.TextGrid	BARE	2	1	1	一	一个可以容纳五万多名观众的地方	development		START	个	个可以容纳五万多	CLEAR_SIMPLEX	SIMPLEX_OTHER_EXTERNAL_CONTEXT	R3_REMAINING_SIMPLEX_YI_GE	selected_一_is_not_part_of_visible_complex_cardinal_and_is_immediately_followed_by_count_classifier_个	Wu 2024 journal p.370 examples (7)-(8) and p.381 example (20a)	YI_T2	YI_T2	yi2	YI_T2	MATCH	MATCH	ELIGIBLE_SIMPLEX_FRAME	FALSE	FALSE
27740	SSB0544	SSB05440198.TextGrid	BARE	17	16	1	一	安子的励志故事被誉为深圳特区的一个象征	development	被誉为深圳特区的	的	个	个象征	CLEAR_SIMPLEX	SIMPLEX_OTHER_EXTERNAL_CONTEXT	R3_REMAINING_SIMPLEX_YI_GE	selected_一_is_not_part_of_visible_complex_cardinal_and_is_immediately_followed_by_count_classifier_个	Wu 2024 journal p.370 examples (7)-(8) and p.381 example (20a)	YI_T2	YI_T2	yi1	YI_T1	COUNTEREXAMPLE	COUNTEREXAMPLE	ELIGIBLE_SIMPLEX_FRAME	FALSE	FALSE
27761	SSB0544	SSB05440219.TextGrid	BARE	10	9	1	一	并成为资本市场的一个重要产品	development	并成为资本市场的	的	个	个重要产品	CLEAR_SIMPLEX	SIMPLEX_OTHER_EXTERNAL_CONTEXT	R3_REMAINING_SIMPLEX_YI_GE	selected_一_is_not_part_of_visible_complex_cardinal_and_is_immediately_followed_by_count_classifier_个	Wu 2024 journal p.370 examples (7)-(8) and p.381 example (20a)	YI_T2	YI_T2	yi2	YI_T2	MATCH	MATCH	ELIGIBLE_SIMPLEX_FRAME	FALSE	FALSE
27961	SSB0544	SSB05440445.TextGrid	BARE	7	6	1	一	这由此引出一个问题	development	这由此引出	出	个	个问题	CLEAR_SIMPLEX	SIMPLEX_OTHER_EXTERNAL_CONTEXT	R3_REMAINING_SIMPLEX_YI_GE	selected_一_is_not_part_of_visible_complex_cardinal_and_is_immediately_followed_by_count_classifier_个	Wu 2024 journal p.370 examples (7)-(8) and p.381 example (20a)	YI_T2	YI_T2	yi2	YI_T2	MATCH	MATCH	ELIGIBLE_SIMPLEX_FRAME	FALSE	FALSE
28059	SSB0565	SSB05650069.TextGrid	BARE	7	6	1	一	你该如何跟一个想要你的玩具的朋友沟通	development	你该如何跟	跟	个	个想要你的玩具的	CLEAR_SIMPLEX	SIMPLEX_OTHER_EXTERNAL_CONTEXT	R3_REMAINING_SIMPLEX_YI_GE	selected_一_is_not_part_of_visible_complex_cardinal_and_is_immediately_followed_by_count_classifier_个	Wu 2024 journal p.370 examples (7)-(8) and p.381 example (20a)	YI_T2	YI_T2	yi2	YI_T2	MATCH	MATCH	ELIGIBLE_SIMPLEX_FRAME	FALSE	FALSE
28213	SSB0565	SSB05650245.TextGrid	BARE	2	1	1	一	一个能把你推到边缘的人	development		START	个	个能把你推到边缘	CLEAR_SIMPLEX	SIMPLEX_OTHER_EXTERNAL_CONTEXT	R3_REMAINING_SIMPLEX_YI_GE	selected_一_is_not_part_of_visible_complex_cardinal_and_is_immediately_followed_by_count_classifier_个	Wu 2024 journal p.370 examples (7)-(8) and p.381 example (20a)	YI_T2	YI_T2	yi2	YI_T2	MATCH	MATCH	ELIGIBLE_SIMPLEX_FRAME	FALSE	FALSE
28240	SSB0565	SSB05650274.TextGrid	BARE	15	14	1	一	弗罗拉永远无法原谅自己杀了一个	development	无法原谅自己杀了	了	个	个	CLEAR_SIMPLEX	SIMPLEX_OTHER_EXTERNAL_CONTEXT	R3_REMAINING_SIMPLEX_YI_GE	selected_一_is_not_part_of_visible_complex_cardinal_and_is_immediately_followed_by_count_classifier_个	Wu 2024 journal p.370 examples (7)-(8) and p.381 example (20a)	YI_T2	YI_T2	yi2	YI_T2	MATCH	MATCH	ELIGIBLE_SIMPLEX_FRAME	FALSE	FALSE
28247	SSB0565	SSB05650283.TextGrid	BARE	9	8	1	一	我给米歇尔最后一个任务	development	我给米歇尔最后	后	个	个任务	CLEAR_SIMPLEX	SIMPLEX_SEQUENTIAL_ZUIHOU	R3_REMAINING_SIMPLEX_YI_GE	visible_string=最后一个; selected_一_is_immediately_followed_by_count_classifier_个	Wu 2024 journal p.370 examples (7)-(8) and p.381 example (20a)	YI_T2	YI_T2	yi2	YI_T2	MATCH	MATCH	ELIGIBLE_SIMPLEX_FRAME	FALSE	FALSE
28267	SSB0565	SSB05650304.TextGrid	BARE	11	10	1	一	机器的内部结构都是一个道理	development	器的内部结构都是	是	个	个道理	CLEAR_SIMPLEX	SIMPLEX_OTHER_EXTERNAL_CONTEXT	R3_REMAINING_SIMPLEX_YI_GE	selected_一_is_not_part_of_visible_complex_cardinal_and_is_immediately_followed_by_count_classifier_个	Wu 2024 journal p.370 examples (7)-(8) and p.381 example (20a)	YI_T2	YI_T2	yi2	YI_T2	MATCH	MATCH	ELIGIBLE_SIMPLEX_FRAME	FALSE	FALSE
28304	SSB0565	SSB05650346.TextGrid	BARE	6	5	1	一	其实就是一个有着潜在危险的小炸弹	development	其实就是	是	个	个有着潜在危险的	CLEAR_SIMPLEX	SIMPLEX_OTHER_EXTERNAL_CONTEXT	R3_REMAINING_SIMPLEX_YI_GE	selected_一_is_not_part_of_visible_complex_cardinal_and_is_immediately_followed_by_count_classifier_个	Wu 2024 journal p.370 examples (7)-(8) and p.381 example (20a)	YI_T2	YI_T2	yi2	YI_T2	MATCH	MATCH	ELIGIBLE_SIMPLEX_FRAME	FALSE	FALSE
28375	SSB0565	SSB05650428.TextGrid	BARE	3	2	1	一	她一个月前加入黄立成创立的交友软件	development	她	她	个	个月前加入黄立成	CLEAR_SIMPLEX	SIMPLEX_OTHER_EXTERNAL_CONTEXT	R3_REMAINING_SIMPLEX_YI_GE	selected_一_is_not_part_of_visible_complex_cardinal_and_is_immediately_followed_by_count_classifier_个	Wu 2024 journal p.370 examples (7)-(8) and p.381 example (20a)	YI_T2	YI_T2	yi2	YI_T2	MATCH	MATCH	ELIGIBLE_SIMPLEX_FRAME	FALSE	FALSE
28428	SSB0565	SSB05650486.TextGrid	BARE	3	2	1	一	和一个与黑帮老大有关系的警探	development	和	和	个	个与黑帮老大有关	CLEAR_SIMPLEX	SIMPLEX_OTHER_EXTERNAL_CONTEXT	R3_REMAINING_SIMPLEX_YI_GE	selected_一_is_not_part_of_visible_complex_cardinal_and_is_immediately_followed_by_count_classifier_个	Wu 2024 journal p.370 examples (7)-(8) and p.381 example (20a)	YI_T2	YI_T2	yi2	YI_T2	MATCH	MATCH	ELIGIBLE_SIMPLEX_FRAME	FALSE	FALSE
28438	SSB0565	SSB05650497.TextGrid	BARE	15	14	1	一	该宅邸高高地坐落于太平洋的一个海角上	development	地坐落于太平洋的	的	个	个海角上	CLEAR_SIMPLEX	SIMPLEX_OTHER_EXTERNAL_CONTEXT	R3_REMAINING_SIMPLEX_YI_GE	selected_一_is_not_part_of_visible_complex_cardinal_and_is_immediately_followed_by_count_classifier_个	Wu 2024 journal p.370 examples (7)-(8) and p.381 example (20a)	YI_T2	YI_T2	yi2	YI_T2	MATCH	MATCH	ELIGIBLE_SIMPLEX_FRAME	FALSE	FALSE
28837	SSB0570	SSB05700412.TextGrid	BARE	4	3	1	一	另外一个国际泳联的官员也在现场	confirmation	另外	外	个	个国际泳联的官员	CLEAR_SIMPLEX	SIMPLEX_OTHER_EXTERNAL_CONTEXT	R3_REMAINING_SIMPLEX_YI_GE	selected_一_is_not_part_of_visible_complex_cardinal_and_is_immediately_followed_by_count_classifier_个	Wu 2024 journal p.370 examples (7)-(8) and p.381 example (20a)	YI_T2	YI_T2	yi2	YI_T2	MATCH	MATCH	ELIGIBLE_SIMPLEX_FRAME	FALSE	FALSE
28927	SSB0578	SSB05780024.TextGrid	BARE	4	3	1	一	这是一个纯粹的白人居住区	development	这是	是	个	个纯粹的白人居住	CLEAR_SIMPLEX	SIMPLEX_OTHER_EXTERNAL_CONTEXT	R3_REMAINING_SIMPLEX_YI_GE	selected_一_is_not_part_of_visible_complex_cardinal_and_is_immediately_followed_by_count_classifier_个	Wu 2024 journal p.370 examples (7)-(8) and p.381 example (20a)	YI_T2	YI_T2	yi2	YI_T2	MATCH	MATCH	ELIGIBLE_SIMPLEX_FRAME	FALSE	FALSE
28937	SSB0578	SSB05780034.TextGrid	BARE	9	7	1	一	所以希望有另一个人的帮忙	development	所以希望有另	另	个	个人的帮忙	CLEAR_SIMPLEX	SIMPLEX_MODIFIED_LING	R3_REMAINING_SIMPLEX_YI_GE	visible_string=另一个; selected_一_is_immediately_followed_by_count_classifier_个	Wu 2024 journal p.370 examples (7)-(8) and p.381 example (20a)	YI_T2	YI_T2	yi2	YI_T2	MATCH	MATCH	ELIGIBLE_SIMPLEX_FRAME	FALSE	FALSE
28996	SSB0578	SSB05780097.TextGrid	ORDINAL	3	2	1	一	第一个跑到十秒整的中国人	development	第	第	个	个跑到十秒整的中	ORDINAL_ABSOLUTE	EXACT_DI_YI_GE	R0_EXACT_ORDINAL	selected_target_occurs_in_exact_第一个	Wu 2024 journal p.374 example (15)	YI_T1	YI_T1	yi1	YI_T1	MATCH	MATCH	ELIGIBLE_ORDINAL_FRAME	FALSE	FALSE
29005	SSB0578	SSB05780107.TextGrid	BARE	4	3	1	一	这是一个多种族群体	development	这是	是	个	个多种族群体	CLEAR_SIMPLEX	SIMPLEX_OTHER_EXTERNAL_CONTEXT	R3_REMAINING_SIMPLEX_YI_GE	selected_一_is_not_part_of_visible_complex_cardinal_and_is_immediately_followed_by_count_classifier_个	Wu 2024 journal p.370 examples (7)-(8) and p.381 example (20a)	YI_T2	YI_T2	yi2	YI_T2	MATCH	MATCH	ELIGIBLE_SIMPLEX_FRAME	FALSE	FALSE
29082	SSB0578	SSB05780189.TextGrid	BARE	2	1	1	一	一个人在北京	development		START	个	个人在北京	CLEAR_SIMPLEX	SIMPLEX_OTHER_EXTERNAL_CONTEXT	R3_REMAINING_SIMPLEX_YI_GE	selected_一_is_not_part_of_visible_complex_cardinal_and_is_immediately_followed_by_count_classifier_个	Wu 2024 journal p.370 examples (7)-(8) and p.381 example (20a)	YI_T2	YI_T2	yi2	YI_T2	MATCH	MATCH	ELIGIBLE_SIMPLEX_FRAME	FALSE	FALSE
29374	SSB0578	SSB05780502.TextGrid	BARE	15	13	1	一	所以拿不出五点七万台这样一个比较准确的数字	development	出五点七万台这样	样	个	个比较准确的数字	CLEAR_SIMPLEX	SIMPLEX_OTHER_EXTERNAL_CONTEXT	R3_REMAINING_SIMPLEX_YI_GE	selected_一_is_not_part_of_visible_complex_cardinal_and_is_immediately_followed_by_count_classifier_个	Wu 2024 journal p.370 examples (7)-(8) and p.381 example (20a)	YI_T2	YI_T2	yi2	YI_T2	MATCH	MATCH	ELIGIBLE_SIMPLEX_FRAME	FALSE	FALSE
29459	SSB0588	SSB05880082.TextGrid	BARE	2	1	1	一	一个企业软件儿的设计创新都是为了提升效率	development		START	个	个企业软件儿的设	CLEAR_SIMPLEX	SIMPLEX_OTHER_EXTERNAL_CONTEXT	R3_REMAINING_SIMPLEX_YI_GE	selected_一_is_not_part_of_visible_complex_cardinal_and_is_immediately_followed_by_count_classifier_个	Wu 2024 journal p.370 examples (7)-(8) and p.381 example (20a)	YI_T2	YI_T2	yi2	YI_T2	MATCH	MATCH	ELIGIBLE_SIMPLEX_FRAME	FALSE	FALSE
29466	SSB0588	SSB05880089.TextGrid	BARE	3	2	1	一	来一个氧气	development	来	来	个	个氧气	CLEAR_SIMPLEX	SIMPLEX_OTHER_EXTERNAL_CONTEXT	R3_REMAINING_SIMPLEX_YI_GE	selected_一_is_not_part_of_visible_complex_cardinal_and_is_immediately_followed_by_count_classifier_个	Wu 2024 journal p.370 examples (7)-(8) and p.381 example (20a)	YI_T2	YI_T2	yi2	YI_T2	MATCH	MATCH	ELIGIBLE_SIMPLEX_FRAME	FALSE	FALSE
29669	SSB0588	SSB05880309.TextGrid	BARE	17	14	1	一	关于谁该邀功受赏的纠纷扼杀一个计划	development	功受赏的纠纷扼杀	杀	个	个计划	CLEAR_SIMPLEX	SIMPLEX_OTHER_EXTERNAL_CONTEXT	R3_REMAINING_SIMPLEX_YI_GE	selected_一_is_not_part_of_visible_complex_cardinal_and_is_immediately_followed_by_count_classifier_个	Wu 2024 journal p.370 examples (7)-(8) and p.381 example (20a)	YI_T2	YI_T2	yi2	YI_T2	MATCH	MATCH	ELIGIBLE_SIMPLEX_FRAME	FALSE	FALSE
29734	SSB0588	SSB05880378.TextGrid	BARE	10	9	1	一	这样他们就可以买一个资产负前表	development	这样他们就可以买	买	个	个资产负前表	CLEAR_SIMPLEX	SIMPLEX_OTHER_EXTERNAL_CONTEXT	R3_REMAINING_SIMPLEX_YI_GE	selected_一_is_not_part_of_visible_complex_cardinal_and_is_immediately_followed_by_count_classifier_个	Wu 2024 journal p.370 examples (7)-(8) and p.381 example (20a)	YI_T2	YI_T2	yi2	YI_T2	MATCH	MATCH	ELIGIBLE_SIMPLEX_FRAME	FALSE	FALSE
29751	SSB0588	SSB05880396.TextGrid	BARE	5	4	1	一	听说他一个月前退伍了	development	听说他	他	个	个月前退伍了	CLEAR_SIMPLEX	SIMPLEX_OTHER_EXTERNAL_CONTEXT	R3_REMAINING_SIMPLEX_YI_GE	selected_一_is_not_part_of_visible_complex_cardinal_and_is_immediately_followed_by_count_classifier_个	Wu 2024 journal p.370 examples (7)-(8) and p.381 example (20a)	YI_T2	YI_T2	yi2	YI_T2	MATCH	MATCH	ELIGIBLE_SIMPLEX_FRAME	FALSE	FALSE
29924	SSB0590	SSB05900080.TextGrid	BARE	5	4	1	一	今天是一个非常重要的日子	development	今天是	是	个	个非常重要的日子	CLEAR_SIMPLEX	SIMPLEX_OTHER_EXTERNAL_CONTEXT	R3_REMAINING_SIMPLEX_YI_GE	selected_一_is_not_part_of_visible_complex_cardinal_and_is_immediately_followed_by_count_classifier_个	Wu 2024 journal p.370 examples (7)-(8) and p.381 example (20a)	YI_T2	YI_T2	yi2	YI_T2	MATCH	MATCH	ELIGIBLE_SIMPLEX_FRAME	FALSE	FALSE
29969	SSB0590	SSB05900126.TextGrid	BARE	5	4	1	一	是通过一个邮政信箱	development	是通过	过	个	个邮政信箱	CLEAR_SIMPLEX	SIMPLEX_OTHER_EXTERNAL_CONTEXT	R3_REMAINING_SIMPLEX_YI_GE	selected_一_is_not_part_of_visible_complex_cardinal_and_is_immediately_followed_by_count_classifier_个	Wu 2024 journal p.370 examples (7)-(8) and p.381 example (20a)	YI_T2	YI_T2	yi2	YI_T2	MATCH	MATCH	ELIGIBLE_SIMPLEX_FRAME	FALSE	FALSE
29999	SSB0590	SSB05900156.TextGrid	BARE	8	6	1	一	我承诺祭献一个灵魂并且只有我能打破协议	development	我承诺祭献	献	个	个灵魂并且只有我	CLEAR_SIMPLEX	SIMPLEX_OTHER_EXTERNAL_CONTEXT	R3_REMAINING_SIMPLEX_YI_GE	selected_一_is_not_part_of_visible_complex_cardinal_and_is_immediately_followed_by_count_classifier_个	Wu 2024 journal p.370 examples (7)-(8) and p.381 example (20a)	YI_T2	YI_T2	yi2	YI_T2	MATCH	MATCH	ELIGIBLE_SIMPLEX_FRAME	FALSE	FALSE
30054	SSB0590	SSB05900212.TextGrid	BARE	11	10	1	一	每个人都准备好了下一个任务了吗	development	个人都准备好了下	下	个	个任务了吗	CLEAR_SIMPLEX	SIMPLEX_SEQUENTIAL_XIA	R3_REMAINING_SIMPLEX_YI_GE	visible_string=下一个; selected_一_is_immediately_followed_by_count_classifier_个	Wu 2024 journal p.370 examples (7)-(8) and p.381 example (20a)	YI_T2	YI_T2	yi2	YI_T2	MATCH	MATCH	ELIGIBLE_SIMPLEX_FRAME	FALSE	FALSE
30079	SSB0590	SSB05900237.TextGrid	BARE	3	2	1	一	另一个明天跟我约了	development	另	另	个	个明天跟我约了	CLEAR_SIMPLEX	SIMPLEX_MODIFIED_LING	R3_REMAINING_SIMPLEX_YI_GE	visible_string=另一个; selected_一_is_immediately_followed_by_count_classifier_个	Wu 2024 journal p.370 examples (7)-(8) and p.381 example (20a)	YI_T2	YI_T2	yi2	YI_T2	MATCH	MATCH	ELIGIBLE_SIMPLEX_FRAME	FALSE	FALSE
30118	SSB0590	SSB05900277.TextGrid	BARE	9	8	1	一	我们不会去收养一个孩子	development	我们不会去收养	养	个	个孩子	CLEAR_SIMPLEX	SIMPLEX_OTHER_EXTERNAL_CONTEXT	R3_REMAINING_SIMPLEX_YI_GE	selected_一_is_not_part_of_visible_complex_cardinal_and_is_immediately_followed_by_count_classifier_个	Wu 2024 journal p.370 examples (7)-(8) and p.381 example (20a)	YI_T2	YI_T2	yi2	YI_T2	MATCH	MATCH	ELIGIBLE_SIMPLEX_FRAME	FALSE	FALSE
30202	SSB0590	SSB05900365.TextGrid	BARE	8	6	1	一	你并非唯一一个拥有了第二次机会的人	development	你并非唯一	一	个	个拥有了第二次机	CLEAR_SIMPLEX	SIMPLEX_AFTER_LEXICAL_WEIYI_PREFIX	R3_REMAINING_SIMPLEX_YI_GE	visible_prefix=唯一; selected_target_is_second_一_and_is_immediately_followed_by_个	Wu 2024 journal p.370 examples (7)-(8) and p.381 example (20a)	YI_T2	YI_T2	yi2	YI_T2	MATCH	MATCH	ELIGIBLE_SIMPLEX_FRAME	FALSE	FALSE
30290	SSB0590	SSB05900458.TextGrid	BARE	8	6	1	一	但是我还是一个没买过太贵了	development	但是我还是	是	个	个没买过太贵了	CLEAR_SIMPLEX	SIMPLEX_OTHER_EXTERNAL_CONTEXT	R3_REMAINING_SIMPLEX_YI_GE	selected_一_is_not_part_of_visible_complex_cardinal_and_is_immediately_followed_by_count_classifier_个	Wu 2024 journal p.370 examples (7)-(8) and p.381 example (20a)	YI_T2	YI_T2	yi2	YI_T2	MATCH	MATCH	ELIGIBLE_SIMPLEX_FRAME	FALSE	FALSE
30313	SSB0590	SSB05900482.TextGrid	BARE	9	8	1	一	但它们都属于同一个母公司	development	但它们都属于同	同	个	个母公司	CLEAR_SIMPLEX	SIMPLEX_MODIFIED_TONG	R3_REMAINING_SIMPLEX_YI_GE	visible_string=同一个; selected_一_is_immediately_followed_by_count_classifier_个	Wu 2024 journal p.370 examples (7)-(8) and p.381 example (20a)	YI_T2	YI_T2	yi1	YI_T1	COUNTEREXAMPLE	COUNTEREXAMPLE	ELIGIBLE_SIMPLEX_FRAME	FALSE	FALSE
30531	SSB0594	SSB05940218.TextGrid	BARE	10	8	1	一	你并不需要拥有一个博士学位才能操作它们	development	你并不需要拥有	有	个	个博士学位才能操	CLEAR_SIMPLEX	SIMPLEX_OTHER_EXTERNAL_CONTEXT	R3_REMAINING_SIMPLEX_YI_GE	selected_一_is_not_part_of_visible_complex_cardinal_and_is_immediately_followed_by_count_classifier_个	Wu 2024 journal p.370 examples (7)-(8) and p.381 example (20a)	YI_T2	YI_T2	yi2	YI_T2	MATCH	MATCH	ELIGIBLE_SIMPLEX_FRAME	FALSE	FALSE
30643	SSB0594	SSB05940339.TextGrid	BARE	7	6	1	一	你购买的是一个体验这是硬件和软件的集成	development	你购买的是	是	个	个体验这是硬件和	CLEAR_SIMPLEX	SIMPLEX_OTHER_EXTERNAL_CONTEXT	R3_REMAINING_SIMPLEX_YI_GE	selected_一_is_not_part_of_visible_complex_cardinal_and_is_immediately_followed_by_count_classifier_个	Wu 2024 journal p.370 examples (7)-(8) and p.381 example (20a)	YI_T2	YI_T2	yi2	YI_T2	MATCH	MATCH	ELIGIBLE_SIMPLEX_FRAME	FALSE	FALSE
30725	SSB0594	SSB05940428.TextGrid	BARE	10	9	1	一	希望可以快点度过一个星期	development	希望可以快点度过	过	个	个星期	CLEAR_SIMPLEX	SIMPLEX_OTHER_EXTERNAL_CONTEXT	R3_REMAINING_SIMPLEX_YI_GE	selected_一_is_not_part_of_visible_complex_cardinal_and_is_immediately_followed_by_count_classifier_个	Wu 2024 journal p.370 examples (7)-(8) and p.381 example (20a)	YI_T2	YI_T2	yi2	YI_T2	MATCH	MATCH	ELIGIBLE_SIMPLEX_FRAME	FALSE	FALSE
30841	SSB0599	SSB05990069.TextGrid	BARE	4	3	1	一	他是一个活泼的教练	development	他是	是	个	个活泼的教练	CLEAR_SIMPLEX	SIMPLEX_OTHER_EXTERNAL_CONTEXT	R3_REMAINING_SIMPLEX_YI_GE	selected_一_is_not_part_of_visible_complex_cardinal_and_is_immediately_followed_by_count_classifier_个	Wu 2024 journal p.370 examples (7)-(8) and p.381 example (20a)	YI_T2	YI_T2	yi2	YI_T2	MATCH	MATCH	ELIGIBLE_SIMPLEX_FRAME	FALSE	FALSE
30894	SSB0599	SSB05990128.TextGrid	BARE	14	13	1	一	其很有可能成为金融市场的一个入口	development	能成为金融市场的	的	个	个入口	CLEAR_SIMPLEX	SIMPLEX_OTHER_EXTERNAL_CONTEXT	R3_REMAINING_SIMPLEX_YI_GE	selected_一_is_not_part_of_visible_complex_cardinal_and_is_immediately_followed_by_count_classifier_个	Wu 2024 journal p.370 examples (7)-(8) and p.381 example (20a)	YI_T2	YI_T2	yi2	YI_T2	MATCH	MATCH	ELIGIBLE_SIMPLEX_FRAME	FALSE	FALSE
30921	SSB0599	SSB05990157.TextGrid	BARE	4	3	1	一	这是一个很大的惊喜	development	这是	是	个	个很大的惊喜	CLEAR_SIMPLEX	SIMPLEX_OTHER_EXTERNAL_CONTEXT	R3_REMAINING_SIMPLEX_YI_GE	selected_一_is_not_part_of_visible_complex_cardinal_and_is_immediately_followed_by_count_classifier_个	Wu 2024 journal p.370 examples (7)-(8) and p.381 example (20a)	YI_T2	YI_T2	yi2	YI_T2	MATCH	MATCH	ELIGIBLE_SIMPLEX_FRAME	FALSE	FALSE
31017	SSB0599	SSB05990261.TextGrid	BARE	15	13	1	一	跟以前相比我就是完全换了一个人	development	比我就是完全换了	了	个	个人	CLEAR_SIMPLEX	SIMPLEX_OTHER_EXTERNAL_CONTEXT	R3_REMAINING_SIMPLEX_YI_GE	selected_一_is_not_part_of_visible_complex_cardinal_and_is_immediately_followed_by_count_classifier_个	Wu 2024 journal p.370 examples (7)-(8) and p.381 example (20a)	YI_T2	YI_T2	yi2	YI_T2	MATCH	MATCH	ELIGIBLE_SIMPLEX_FRAME	FALSE	FALSE
31174	SSB0599	SSB05990428.TextGrid	BARE	5	4	1	一	兰迪是一个非常好的人	development	兰迪是	是	个	个非常好的人	CLEAR_SIMPLEX	SIMPLEX_OTHER_EXTERNAL_CONTEXT	R3_REMAINING_SIMPLEX_YI_GE	selected_一_is_not_part_of_visible_complex_cardinal_and_is_immediately_followed_by_count_classifier_个	Wu 2024 journal p.370 examples (7)-(8) and p.381 example (20a)	YI_T2	YI_T2	yi2	YI_T2	MATCH	MATCH	ELIGIBLE_SIMPLEX_FRAME	FALSE	FALSE
31545	SSB0601	SSB06010342.TextGrid	BARE	12	11	1	一	性治疗已经悄然发展成一个隐秘而庞大的产业	confirmation	疗已经悄然发展成	成	个	个隐秘而庞大的产	CLEAR_SIMPLEX	SIMPLEX_OTHER_EXTERNAL_CONTEXT	R3_REMAINING_SIMPLEX_YI_GE	selected_一_is_not_part_of_visible_complex_cardinal_and_is_immediately_followed_by_count_classifier_个	Wu 2024 journal p.370 examples (7)-(8) and p.381 example (20a)	YI_T2	YI_T2	yi2	YI_T2	MATCH	MATCH	ELIGIBLE_SIMPLEX_FRAME	FALSE	FALSE
31580	SSB0601	SSB06010380.TextGrid	BARE	3	2	1	一	这一个应用更有意义	confirmation	这	这	个	个应用更有意义	CLEAR_SIMPLEX	SIMPLEX_OTHER_EXTERNAL_CONTEXT	R3_REMAINING_SIMPLEX_YI_GE	selected_一_is_not_part_of_visible_complex_cardinal_and_is_immediately_followed_by_count_classifier_个	Wu 2024 journal p.370 examples (7)-(8) and p.381 example (20a)	YI_T2	YI_T2	yi2	YI_T2	MATCH	MATCH	ELIGIBLE_SIMPLEX_FRAME	FALSE	FALSE
31930	SSB0603	SSB06030237.TextGrid	BARE	17	16	1	一	杰森在超市遇见了杰森在牛津时的一个朋友	development	了杰森在牛津时的	的	个	个朋友	CLEAR_SIMPLEX	SIMPLEX_OTHER_EXTERNAL_CONTEXT	R3_REMAINING_SIMPLEX_YI_GE	selected_一_is_not_part_of_visible_complex_cardinal_and_is_immediately_followed_by_count_classifier_个	Wu 2024 journal p.370 examples (7)-(8) and p.381 example (20a)	YI_T2	YI_T2	yi2	YI_T2	MATCH	MATCH	ELIGIBLE_SIMPLEX_FRAME	FALSE	FALSE
32083	SSB0603	SSB06030397.TextGrid	BARE	9	8	1	一	我们现在开车去一个无人之地	development	我们现在开车去	去	个	个无人之地	CLEAR_SIMPLEX	SIMPLEX_OTHER_EXTERNAL_CONTEXT	R3_REMAINING_SIMPLEX_YI_GE	selected_一_is_not_part_of_visible_complex_cardinal_and_is_immediately_followed_by_count_classifier_个	Wu 2024 journal p.370 examples (7)-(8) and p.381 example (20a)	YI_T2	YI_T2	yi2	YI_T2	MATCH	MATCH	ELIGIBLE_SIMPLEX_FRAME	FALSE	FALSE
32105	SSB0603	SSB06030419.TextGrid	BARE	5	4	1	一	这只是一个在发生债务危机时的典型案例罢了	development	这只是	是	个	个在发生债务危机	CLEAR_SIMPLEX	SIMPLEX_OTHER_EXTERNAL_CONTEXT	R3_REMAINING_SIMPLEX_YI_GE	selected_一_is_not_part_of_visible_complex_cardinal_and_is_immediately_followed_by_count_classifier_个	Wu 2024 journal p.370 examples (7)-(8) and p.381 example (20a)	YI_T2	YI_T2	yi2	YI_T2	MATCH	MATCH	ELIGIBLE_SIMPLEX_FRAME	FALSE	FALSE
32282	SSB0606	SSB06060097.TextGrid	BARE	11	10	1	一	本溪小伙小刘想出了一个办法	development	溪小伙小刘想出了	了	个	个办法	CLEAR_SIMPLEX	SIMPLEX_OTHER_EXTERNAL_CONTEXT	R3_REMAINING_SIMPLEX_YI_GE	selected_一_is_not_part_of_visible_complex_cardinal_and_is_immediately_followed_by_count_classifier_个	Wu 2024 journal p.370 examples (7)-(8) and p.381 example (20a)	YI_T2	YI_T2	yi2	YI_T2	MATCH	MATCH	ELIGIBLE_SIMPLEX_FRAME	FALSE	FALSE
32305	SSB0606	SSB06060121.TextGrid	BARE	5	4	1	一	不过对一个五岁的孩子来说	development	不过对	对	个	个五岁的孩子来说	CLEAR_SIMPLEX	SIMPLEX_OTHER_EXTERNAL_CONTEXT	R3_REMAINING_SIMPLEX_YI_GE	selected_一_is_not_part_of_visible_complex_cardinal_and_is_immediately_followed_by_count_classifier_个	Wu 2024 journal p.370 examples (7)-(8) and p.381 example (20a)	YI_T2	YI_T2	yi2	YI_T2	MATCH	MATCH	ELIGIBLE_SIMPLEX_FRAME	FALSE	FALSE
32312	SSB0606	SSB06060128.TextGrid	BARE	7	6	1	一	而且我不是一个人在战斗	development	而且我不是	是	个	个人在战斗	CLEAR_SIMPLEX	SIMPLEX_OTHER_EXTERNAL_CONTEXT	R3_REMAINING_SIMPLEX_YI_GE	selected_一_is_not_part_of_visible_complex_cardinal_and_is_immediately_followed_by_count_classifier_个	Wu 2024 journal p.370 examples (7)-(8) and p.381 example (20a)	YI_T2	YI_T2	yi2	YI_T2	MATCH	MATCH	ELIGIBLE_SIMPLEX_FRAME	FALSE	FALSE
32358	SSB0606	SSB06060179.TextGrid	BARE	3	2	1	一	是一个很有价值很有意义的课题	development	是	是	个	个很有价值很有意	CLEAR_SIMPLEX	SIMPLEX_OTHER_EXTERNAL_CONTEXT	R3_REMAINING_SIMPLEX_YI_GE	selected_一_is_not_part_of_visible_complex_cardinal_and_is_immediately_followed_by_count_classifier_个	Wu 2024 journal p.370 examples (7)-(8) and p.381 example (20a)	YI_T2	YI_T2	yi2	YI_T2	MATCH	MATCH	ELIGIBLE_SIMPLEX_FRAME	FALSE	FALSE
32367	SSB0606	SSB06060189.TextGrid	BARE	14	12	1	一	喀山游泳世锦赛迎来最后一个比赛日	development	泳世锦赛迎来最后	后	个	个比赛日	CLEAR_SIMPLEX	SIMPLEX_SEQUENTIAL_ZUIHOU	R3_REMAINING_SIMPLEX_YI_GE	visible_string=最后一个; selected_一_is_immediately_followed_by_count_classifier_个	Wu 2024 journal p.370 examples (7)-(8) and p.381 example (20a)	YI_T2	YI_T2	yi2	YI_T2	MATCH	MATCH	ELIGIBLE_SIMPLEX_FRAME	FALSE	FALSE
32405	SSB0606	SSB06060233.TextGrid	ORDINAL	15	14	1	一	某市税务机关在进行评估的第一个月	development	关在进行评估的第	第	个	个月	ORDINAL_ABSOLUTE	EXACT_DI_YI_GE	R0_EXACT_ORDINAL	selected_target_occurs_in_exact_第一个	Wu 2024 journal p.374 example (15)	YI_T1	YI_T1	yi1	YI_T1	MATCH	MATCH	ELIGIBLE_ORDINAL_FRAME	FALSE	FALSE
32472	SSB0606	SSB06060304.TextGrid	BARE	11	10	1	一	这对于安妮来说也是一个不小的挑战	development	对于安妮来说也是	是	个	个不小的挑战	CLEAR_SIMPLEX	SIMPLEX_OTHER_EXTERNAL_CONTEXT	R3_REMAINING_SIMPLEX_YI_GE	selected_一_is_not_part_of_visible_complex_cardinal_and_is_immediately_followed_by_count_classifier_个	Wu 2024 journal p.370 examples (7)-(8) and p.381 example (20a)	YI_T2	YI_T2	yi2	YI_T2	MATCH	MATCH	ELIGIBLE_SIMPLEX_FRAME	FALSE	FALSE
32590	SSB0606	SSB06060433.TextGrid	BARE	7	6	1	一	争取来年考一个更大的大学	development	争取来年考	考	个	个更大的大学	CLEAR_SIMPLEX	SIMPLEX_OTHER_EXTERNAL_CONTEXT	R3_REMAINING_SIMPLEX_YI_GE	selected_一_is_not_part_of_visible_complex_cardinal_and_is_immediately_followed_by_count_classifier_个	Wu 2024 journal p.370 examples (7)-(8) and p.381 example (20a)	YI_T2	YI_T2	yi2	YI_T2	MATCH	MATCH	ELIGIBLE_SIMPLEX_FRAME	FALSE	FALSE
32830	SSB0607	SSB06070201.TextGrid	BARE	5	4	1	一	至少是一个很能伪造证书的人	development	至少是	是	个	个很能伪造证书的	CLEAR_SIMPLEX	SIMPLEX_OTHER_EXTERNAL_CONTEXT	R3_REMAINING_SIMPLEX_YI_GE	selected_一_is_not_part_of_visible_complex_cardinal_and_is_immediately_followed_by_count_classifier_个	Wu 2024 journal p.370 examples (7)-(8) and p.381 example (20a)	YI_T2	YI_T2	yi2	YI_T2	MATCH	MATCH	ELIGIBLE_SIMPLEX_FRAME	FALSE	FALSE
32834	SSB0607	SSB06070206.TextGrid	BARE	5	4	1	一	差不多一个迷你棉花糖大小	development	差不多	多	个	个迷你棉花糖大小	CLEAR_SIMPLEX	SIMPLEX_OTHER_EXTERNAL_CONTEXT	R3_REMAINING_SIMPLEX_YI_GE	selected_一_is_not_part_of_visible_complex_cardinal_and_is_immediately_followed_by_count_classifier_个	Wu 2024 journal p.370 examples (7)-(8) and p.381 example (20a)	YI_T2	YI_T2	yi2	YI_T2	MATCH	MATCH	ELIGIBLE_SIMPLEX_FRAME	FALSE	FALSE
32852	SSB0607	SSB06070227.TextGrid	BARE	7	6	1	一	就是干掉了一个牧师	development	就是干掉了	了	个	个牧师	CLEAR_SIMPLEX	SIMPLEX_OTHER_EXTERNAL_CONTEXT	R3_REMAINING_SIMPLEX_YI_GE	selected_一_is_not_part_of_visible_complex_cardinal_and_is_immediately_followed_by_count_classifier_个	Wu 2024 journal p.370 examples (7)-(8) and p.381 example (20a)	YI_T2	YI_T2	yi2	YI_T2	MATCH	MATCH	ELIGIBLE_SIMPLEX_FRAME	FALSE	FALSE
33124	SSB0609	SSB06090006.TextGrid	BARE	8	7	1	一	目前尚未形成一个成熟的运营模式	development	目前尚未形成	成	个	个成熟的运营模式	CLEAR_SIMPLEX	SIMPLEX_OTHER_EXTERNAL_CONTEXT	R3_REMAINING_SIMPLEX_YI_GE	selected_一_is_not_part_of_visible_complex_cardinal_and_is_immediately_followed_by_count_classifier_个	Wu 2024 journal p.370 examples (7)-(8) and p.381 example (20a)	YI_T2	YI_T2	yi2	YI_T2	MATCH	MATCH	ELIGIBLE_SIMPLEX_FRAME	FALSE	FALSE
33152	SSB0609	SSB06090035.TextGrid	BARE	16	15	1	一	这个庞大的市场用户量吸引着每一个传统行业向其靠近	development	场用户量吸引着每	每	个	个传统行业向其靠	CLEAR_SIMPLEX	SIMPLEX_MODIFIED_MEI	R3_REMAINING_SIMPLEX_YI_GE	visible_string=每一个; selected_一_is_immediately_followed_by_count_classifier_个	Wu 2024 journal p.370 examples (7)-(8) and p.381 example (20a)	YI_T2	YI_T2	yi2	YI_T2	MATCH	MATCH	ELIGIBLE_SIMPLEX_FRAME	FALSE	FALSE
33263	SSB0609	SSB06090152.TextGrid	BARE	7	6	1	一	我们不能拿一个几十人的单位和一个几千人的单位	development	我们不能拿	拿	个	个几十人的单位和	CLEAR_SIMPLEX	SIMPLEX_OTHER_EXTERNAL_CONTEXT	R3_REMAINING_SIMPLEX_YI_GE	selected_一_is_not_part_of_visible_complex_cardinal_and_is_immediately_followed_by_count_classifier_个	Wu 2024 journal p.370 examples (7)-(8) and p.381 example (20a)	YI_T2	YI_T2	yi2	YI_T2	MATCH	MATCH	ELIGIBLE_SIMPLEX_FRAME	FALSE	FALSE
33263	SSB0609	SSB06090152.TextGrid	BARE	17	15	2	一	我们不能拿一个几十人的单位和一个几千人的单位	development	个几十人的单位和	和	个	个几千人的单位	CLEAR_SIMPLEX	SIMPLEX_OTHER_EXTERNAL_CONTEXT	R3_REMAINING_SIMPLEX_YI_GE	selected_一_is_not_part_of_visible_complex_cardinal_and_is_immediately_followed_by_count_classifier_个	Wu 2024 journal p.370 examples (7)-(8) and p.381 example (20a)	YI_T2	YI_T2	yi2	YI_T2	MATCH	MATCH	ELIGIBLE_SIMPLEX_FRAME	FALSE	FALSE
33295	SSB0609	SSB06090187.TextGrid	BARE	7	6	1	一	这应该说是一个很大的进步	development	这应该说是	是	个	个很大的进步	CLEAR_SIMPLEX	SIMPLEX_OTHER_EXTERNAL_CONTEXT	R3_REMAINING_SIMPLEX_YI_GE	selected_一_is_not_part_of_visible_complex_cardinal_and_is_immediately_followed_by_count_classifier_个	Wu 2024 journal p.370 examples (7)-(8) and p.381 example (20a)	YI_T2	YI_T2	yi2	YI_T2	MATCH	MATCH	ELIGIBLE_SIMPLEX_FRAME	FALSE	FALSE
33319	SSB0609	SSB06090213.TextGrid	BARE	4	3	1	一	任何一个企业的创新之路都绕不开它	development	任何	何	个	个企业的创新之路	CLEAR_SIMPLEX	SIMPLEX_OTHER_EXTERNAL_CONTEXT	R3_REMAINING_SIMPLEX_YI_GE	selected_一_is_not_part_of_visible_complex_cardinal_and_is_immediately_followed_by_count_classifier_个	Wu 2024 journal p.370 examples (7)-(8) and p.381 example (20a)	YI_T2	YI_T2	yi2	YI_T2	MATCH	MATCH	ELIGIBLE_SIMPLEX_FRAME	FALSE	FALSE
33333	SSB0609	SSB06090227.TextGrid	BARE	12	11	1	一	这只是公布的很笼统的一个数据	development	是公布的很笼统的	的	个	个数据	CLEAR_SIMPLEX	SIMPLEX_OTHER_EXTERNAL_CONTEXT	R3_REMAINING_SIMPLEX_YI_GE	selected_一_is_not_part_of_visible_complex_cardinal_and_is_immediately_followed_by_count_classifier_个	Wu 2024 journal p.370 examples (7)-(8) and p.381 example (20a)	YI_T2	YI_T2	yi2	YI_T2	MATCH	MATCH	ELIGIBLE_SIMPLEX_FRAME	FALSE	FALSE
33364	SSB0609	SSB06090260.TextGrid	BARE	2	1	1	一	一个城市举办双奥尚属首次	development		START	个	个城市举办双奥尚	CLEAR_SIMPLEX	SIMPLEX_OTHER_EXTERNAL_CONTEXT	R3_REMAINING_SIMPLEX_YI_GE	selected_一_is_not_part_of_visible_complex_cardinal_and_is_immediately_followed_by_count_classifier_个	Wu 2024 journal p.370 examples (7)-(8) and p.381 example (20a)	YI_T2	YI_T2	yi2	YI_T2	MATCH	MATCH	ELIGIBLE_SIMPLEX_FRAME	FALSE	FALSE
33394	SSB0609	SSB06090292.TextGrid	BARE	7	6	1	一	可能也需要一个认识过程	development	可能也需要	要	个	个认识过程	CLEAR_SIMPLEX	SIMPLEX_OTHER_EXTERNAL_CONTEXT	R3_REMAINING_SIMPLEX_YI_GE	selected_一_is_not_part_of_visible_complex_cardinal_and_is_immediately_followed_by_count_classifier_个	Wu 2024 journal p.370 examples (7)-(8) and p.381 example (20a)	YI_T2	YI_T2	yi2	YI_T2	MATCH	MATCH	ELIGIBLE_SIMPLEX_FRAME	FALSE	FALSE
33410	SSB0609	SSB06090309.TextGrid	BARE	4	3	1	一	发现一个女孩子的裙子很漂亮	development	发现	现	个	个女孩子的裙子很	CLEAR_SIMPLEX	SIMPLEX_OTHER_EXTERNAL_CONTEXT	R3_REMAINING_SIMPLEX_YI_GE	selected_一_is_not_part_of_visible_complex_cardinal_and_is_immediately_followed_by_count_classifier_个	Wu 2024 journal p.370 examples (7)-(8) and p.381 example (20a)	YI_T2	YI_T2	yi2	YI_T2	MATCH	MATCH	ELIGIBLE_SIMPLEX_FRAME	FALSE	FALSE
33478	SSB0609	SSB06090384.TextGrid	BARE	4	3	1	一	但是一个国家如此则早已不是新闻	development	但是	是	个	个国家如此则早已	CLEAR_SIMPLEX	SIMPLEX_OTHER_EXTERNAL_CONTEXT	R3_REMAINING_SIMPLEX_YI_GE	selected_一_is_not_part_of_visible_complex_cardinal_and_is_immediately_followed_by_count_classifier_个	Wu 2024 journal p.370 examples (7)-(8) and p.381 example (20a)	YI_T2	YI_T2	yi2	YI_T2	MATCH	MATCH	ELIGIBLE_SIMPLEX_FRAME	FALSE	FALSE
33496	SSB0609	SSB06090403.TextGrid	BARE	11	10	1	一	申办世界杯足球赛是一个非常复杂的问题	development	办世界杯足球赛是	是	个	个非常复杂的问题	CLEAR_SIMPLEX	SIMPLEX_OTHER_EXTERNAL_CONTEXT	R3_REMAINING_SIMPLEX_YI_GE	selected_一_is_not_part_of_visible_complex_cardinal_and_is_immediately_followed_by_count_classifier_个	Wu 2024 journal p.370 examples (7)-(8) and p.381 example (20a)	YI_T2	YI_T2	yi2	YI_T2	MATCH	MATCH	ELIGIBLE_SIMPLEX_FRAME	FALSE	FALSE
33602	SSB0614	SSB06140036.TextGrid	BARE	11	10	1	一	国王马不停蹄地赶了一个月的路	development	王马不停蹄地赶了	了	个	个月的路	CLEAR_SIMPLEX	SIMPLEX_OTHER_EXTERNAL_CONTEXT	R3_REMAINING_SIMPLEX_YI_GE	selected_一_is_not_part_of_visible_complex_cardinal_and_is_immediately_followed_by_count_classifier_个	Wu 2024 journal p.370 examples (7)-(8) and p.381 example (20a)	YI_T2	YI_T2	yi2	YI_T2	MATCH	MATCH	ELIGIBLE_SIMPLEX_FRAME	FALSE	FALSE
33726	SSB0614	SSB06140165.TextGrid	BARE	4	3	1	一	没有一个红袜球迷会忘记	development	没有	有	个	个红袜球迷会忘记	CLEAR_SIMPLEX	SIMPLEX_OTHER_EXTERNAL_CONTEXT	R3_REMAINING_SIMPLEX_YI_GE	selected_一_is_not_part_of_visible_complex_cardinal_and_is_immediately_followed_by_count_classifier_个	Wu 2024 journal p.370 examples (7)-(8) and p.381 example (20a)	YI_T2	YI_T2	yi2	YI_T2	MATCH	MATCH	ELIGIBLE_SIMPLEX_FRAME	FALSE	FALSE
33730	SSB0614	SSB06140169.TextGrid	BARE	4	3	1	一	还有一个男人对他的承诺	development	还有	有	个	个男人对他的承诺	CLEAR_SIMPLEX	SIMPLEX_OTHER_EXTERNAL_CONTEXT	R3_REMAINING_SIMPLEX_YI_GE	selected_一_is_not_part_of_visible_complex_cardinal_and_is_immediately_followed_by_count_classifier_个	Wu 2024 journal p.370 examples (7)-(8) and p.381 example (20a)	YI_T2	YI_T2	yi2	YI_T2	MATCH	MATCH	ELIGIBLE_SIMPLEX_FRAME	FALSE	FALSE
33828	SSB0614	SSB06140271.TextGrid	BARE	11	9	1	一	现在他也即将成为一个电视明星	development	现在他也即将成为	为	个	个电视明星	CLEAR_SIMPLEX	SIMPLEX_OTHER_EXTERNAL_CONTEXT	R3_REMAINING_SIMPLEX_YI_GE	selected_一_is_not_part_of_visible_complex_cardinal_and_is_immediately_followed_by_count_classifier_个	Wu 2024 journal p.370 examples (7)-(8) and p.381 example (20a)	YI_T2	YI_T2	yi2	YI_T2	MATCH	MATCH	ELIGIBLE_SIMPLEX_FRAME	FALSE	FALSE
33950	SSB0614	SSB06140400.TextGrid	BARE	3	2	1	一	这一个星期去不了学学舞蹈了	development	这	这	个	个星期去不了学学	CLEAR_SIMPLEX	SIMPLEX_OTHER_EXTERNAL_CONTEXT	R3_REMAINING_SIMPLEX_YI_GE	selected_一_is_not_part_of_visible_complex_cardinal_and_is_immediately_followed_by_count_classifier_个	Wu 2024 journal p.370 examples (7)-(8) and p.381 example (20a)	YI_T2	YI_T2	yi2	YI_T2	MATCH	MATCH	ELIGIBLE_SIMPLEX_FRAME	FALSE	FALSE
33990	SSB0614	SSB06140440.TextGrid	BARE	17	16	1	一	但让海信等传统厂商不得不正视的一个现实是	development	厂商不得不正视的	的	个	个现实是	CLEAR_SIMPLEX	SIMPLEX_OTHER_EXTERNAL_CONTEXT	R3_REMAINING_SIMPLEX_YI_GE	selected_一_is_not_part_of_visible_complex_cardinal_and_is_immediately_followed_by_count_classifier_个	Wu 2024 journal p.370 examples (7)-(8) and p.381 example (20a)	YI_T2	YI_T2	yi2	YI_T2	MATCH	MATCH	ELIGIBLE_SIMPLEX_FRAME	FALSE	FALSE
34087	SSB0623	SSB06230034.TextGrid	BARE	7	6	1	一	他们想除掉一个人	development	他们想除掉	掉	个	个人	CLEAR_SIMPLEX	SIMPLEX_OTHER_EXTERNAL_CONTEXT	R3_REMAINING_SIMPLEX_YI_GE	selected_一_is_not_part_of_visible_complex_cardinal_and_is_immediately_followed_by_count_classifier_个	Wu 2024 journal p.370 examples (7)-(8) and p.381 example (20a)	YI_T2	YI_T2	yi2	YI_T2	MATCH	MATCH	ELIGIBLE_SIMPLEX_FRAME	FALSE	FALSE
34090	SSB0623	SSB06230038.TextGrid	BARE	2	1	1	一	一个人的头如果与雕像像大小相同	development		START	个	个人的头如果与雕	CLEAR_SIMPLEX	SIMPLEX_OTHER_EXTERNAL_CONTEXT	R3_REMAINING_SIMPLEX_YI_GE	selected_一_is_not_part_of_visible_complex_cardinal_and_is_immediately_followed_by_count_classifier_个	Wu 2024 journal p.370 examples (7)-(8) and p.381 example (20a)	YI_T2	YI_T2	yi2	YI_T2	MATCH	MATCH	ELIGIBLE_SIMPLEX_FRAME	FALSE	FALSE
34183	SSB0623	SSB06230140.TextGrid	BARE	2	1	1	一	一个叫布巴的混蛋	development		START	个	个叫布巴的混蛋	CLEAR_SIMPLEX	SIMPLEX_OTHER_EXTERNAL_CONTEXT	R3_REMAINING_SIMPLEX_YI_GE	selected_一_is_not_part_of_visible_complex_cardinal_and_is_immediately_followed_by_count_classifier_个	Wu 2024 journal p.370 examples (7)-(8) and p.381 example (20a)	YI_T2	YI_T2	yi2	YI_T2	MATCH	MATCH	ELIGIBLE_SIMPLEX_FRAME	FALSE	FALSE
34223	SSB0623	SSB06230183.TextGrid	BARE	12	11	1	一	他替我前男友斯图调查一个案子	development	我前男友斯图调查	查	个	个案子	CLEAR_SIMPLEX	SIMPLEX_OTHER_EXTERNAL_CONTEXT	R3_REMAINING_SIMPLEX_YI_GE	selected_一_is_not_part_of_visible_complex_cardinal_and_is_immediately_followed_by_count_classifier_个	Wu 2024 journal p.370 examples (7)-(8) and p.381 example (20a)	YI_T2	YI_T2	yi2	YI_T2	MATCH	MATCH	ELIGIBLE_SIMPLEX_FRAME	FALSE	FALSE
34273	SSB0623	SSB06230243.TextGrid	BARE	6	5	1	一	黛比需要一个你这样的自然疗愈者	development	黛比需要	要	个	个你这样的自然疗	CLEAR_SIMPLEX	SIMPLEX_OTHER_EXTERNAL_CONTEXT	R3_REMAINING_SIMPLEX_YI_GE	selected_一_is_not_part_of_visible_complex_cardinal_and_is_immediately_followed_by_count_classifier_个	Wu 2024 journal p.370 examples (7)-(8) and p.381 example (20a)	YI_T2	YI_T2	yi2	YI_T2	MATCH	MATCH	ELIGIBLE_SIMPLEX_FRAME	FALSE	FALSE
34291	SSB0623	SSB06230261.TextGrid	ORDINAL	8	7	1	一	旨在以人生第一个五公里为起点	development	旨在以人生第	第	个	个五公里为起点	ORDINAL_ABSOLUTE	EXACT_DI_YI_GE	R0_EXACT_ORDINAL	selected_target_occurs_in_exact_第一个	Wu 2024 journal p.374 example (15)	YI_T1	YI_T1	yi1	YI_T1	MATCH	MATCH	ELIGIBLE_ORDINAL_FRAME	FALSE	FALSE
34402	SSB0623	SSB06230387.TextGrid	BARE	4	3	1	一	这是一个可以学到行为与故意斯奥斯行动	development	这是	是	个	个可以学到行为与	CLEAR_SIMPLEX	SIMPLEX_OTHER_EXTERNAL_CONTEXT	R3_REMAINING_SIMPLEX_YI_GE	selected_一_is_not_part_of_visible_complex_cardinal_and_is_immediately_followed_by_count_classifier_个	Wu 2024 journal p.370 examples (7)-(8) and p.381 example (20a)	YI_T2	YI_T2	yi2	YI_T2	MATCH	MATCH	ELIGIBLE_SIMPLEX_FRAME	FALSE	FALSE
34597	SSB0629	SSB06290094.TextGrid	BARE	4	3	1	一	还有一个违规扩区一万公顷	confirmation	还有	有	个	个违规扩区一万公	CLEAR_SIMPLEX	SIMPLEX_OTHER_EXTERNAL_CONTEXT	R3_REMAINING_SIMPLEX_YI_GE	selected_一_is_not_part_of_visible_complex_cardinal_and_is_immediately_followed_by_count_classifier_个	Wu 2024 journal p.370 examples (7)-(8) and p.381 example (20a)	YI_T2	YI_T2	yi3	YI_OTHER_TONE	COUNTEREXAMPLE	COUNTEREXAMPLE	ELIGIBLE_SIMPLEX_FRAME	FALSE	FALSE
34599	SSB0629	SSB06290096.TextGrid	BARE	4	3	1	一	加上一个仍在建的太舞四季滑雪场	confirmation	加上	上	个	个仍在建的太舞四	CLEAR_SIMPLEX	SIMPLEX_SEQUENTIAL_SHANG	R3_REMAINING_SIMPLEX_YI_GE	visible_string=上一个; selected_一_is_immediately_followed_by_count_classifier_个	Wu 2024 journal p.370 examples (7)-(8) and p.381 example (20a)	YI_T2	YI_T2	yi2	YI_T2	MATCH	MATCH	ELIGIBLE_SIMPLEX_FRAME	FALSE	FALSE
34686	SSB0629	SSB06290191.TextGrid	BARE	3	2	1	一	有一个突破土地或城市规划	confirmation	有	有	个	个突破土地或城市	CLEAR_SIMPLEX	SIMPLEX_OTHER_EXTERNAL_CONTEXT	R3_REMAINING_SIMPLEX_YI_GE	selected_一_is_not_part_of_visible_complex_cardinal_and_is_immediately_followed_by_count_classifier_个	Wu 2024 journal p.370 examples (7)-(8) and p.381 example (20a)	YI_T2	YI_T2	yi2	YI_T2	MATCH	MATCH	ELIGIBLE_SIMPLEX_FRAME	FALSE	FALSE
34819	SSB0629	SSB06290338.TextGrid	BARE	8	7	1	一	台港警方追查一个月	confirmation	台港警方追查	查	个	个月	CLEAR_SIMPLEX	SIMPLEX_OTHER_EXTERNAL_CONTEXT	R3_REMAINING_SIMPLEX_YI_GE	selected_一_is_not_part_of_visible_complex_cardinal_and_is_immediately_followed_by_count_classifier_个	Wu 2024 journal p.370 examples (7)-(8) and p.381 example (20a)	YI_T2	YI_T2	yi2	YI_T2	MATCH	MATCH	ELIGIBLE_SIMPLEX_FRAME	FALSE	FALSE
34822	SSB0629	SSB06290341.TextGrid	BARE	19	15	1	一	据称是当事人之一在派出所通过一个亲戚的微博儿发的	confirmation	之一在派出所通过	过	个	个亲戚的微博儿发	CLEAR_SIMPLEX	SIMPLEX_OTHER_EXTERNAL_CONTEXT	R3_REMAINING_SIMPLEX_YI_GE	selected_一_is_not_part_of_visible_complex_cardinal_and_is_immediately_followed_by_count_classifier_个	Wu 2024 journal p.370 examples (7)-(8) and p.381 example (20a)	YI_T2	YI_T2	yi2	YI_T2	MATCH	MATCH	ELIGIBLE_SIMPLEX_FRAME	FALSE	FALSE
34891	SSB0629	SSB06290414.TextGrid	BARE	14	12	1	一	苹果涉足汽车行业并不是一个好主意	confirmation	足汽车行业并不是	是	个	个好主意	CLEAR_SIMPLEX	SIMPLEX_OTHER_EXTERNAL_CONTEXT	R3_REMAINING_SIMPLEX_YI_GE	selected_一_is_not_part_of_visible_complex_cardinal_and_is_immediately_followed_by_count_classifier_个	Wu 2024 journal p.370 examples (7)-(8) and p.381 example (20a)	YI_T2	YI_T2	yi2	YI_T2	MATCH	MATCH	ELIGIBLE_SIMPLEX_FRAME	FALSE	FALSE
34951	SSB0629	SSB06290479.TextGrid	BARE	4	3	1	一	这样一个全球白电的格局短期内是难以撬动的	confirmation	这样	样	个	个全球白电的格局	CLEAR_SIMPLEX	SIMPLEX_OTHER_EXTERNAL_CONTEXT	R3_REMAINING_SIMPLEX_YI_GE	selected_一_is_not_part_of_visible_complex_cardinal_and_is_immediately_followed_by_count_classifier_个	Wu 2024 journal p.370 examples (7)-(8) and p.381 example (20a)	YI_T2	YI_T2	yi2	YI_T2	MATCH	MATCH	ELIGIBLE_SIMPLEX_FRAME	FALSE	FALSE
34979	SSB0631	SSB06310023.TextGrid	BARE	9	7	1	一	我脑海中只有一个信念	development	我脑海中只有	有	个	个信念	CLEAR_SIMPLEX	SIMPLEX_OTHER_EXTERNAL_CONTEXT	R3_REMAINING_SIMPLEX_YI_GE	selected_一_is_not_part_of_visible_complex_cardinal_and_is_immediately_followed_by_count_classifier_个	Wu 2024 journal p.370 examples (7)-(8) and p.381 example (20a)	YI_T2	YI_T2	yi2	YI_T2	MATCH	MATCH	ELIGIBLE_SIMPLEX_FRAME	FALSE	FALSE
35037	SSB0631	SSB06310088.TextGrid	BARE	2	1	1	一	一个具体的有效存续期不能没完没了	development		START	个	个具体的有效存续	CLEAR_SIMPLEX	SIMPLEX_OTHER_EXTERNAL_CONTEXT	R3_REMAINING_SIMPLEX_YI_GE	selected_一_is_not_part_of_visible_complex_cardinal_and_is_immediately_followed_by_count_classifier_个	Wu 2024 journal p.370 examples (7)-(8) and p.381 example (20a)	YI_T2	YI_T2	yi2	YI_T2	MATCH	MATCH	ELIGIBLE_SIMPLEX_FRAME	FALSE	FALSE
35194	SSB0631	SSB06310256.TextGrid	BARE	7	6	1	一	人工智能是一个方向	development	人工智能是	是	个	个方向	CLEAR_SIMPLEX	SIMPLEX_OTHER_EXTERNAL_CONTEXT	R3_REMAINING_SIMPLEX_YI_GE	selected_一_is_not_part_of_visible_complex_cardinal_and_is_immediately_followed_by_count_classifier_个	Wu 2024 journal p.370 examples (7)-(8) and p.381 example (20a)	YI_T2	YI_T2	yi2	YI_T2	MATCH	MATCH	ELIGIBLE_SIMPLEX_FRAME	FALSE	FALSE
35198	SSB0631	SSB06310260.TextGrid	BARE	11	9	1	一	该科一六日诞生了一个今年以来最重的羊宝宝	development	该科一六日诞生了	了	个	个今年以来最重的	CLEAR_SIMPLEX	SIMPLEX_OTHER_EXTERNAL_CONTEXT	R3_REMAINING_SIMPLEX_YI_GE	selected_一_is_not_part_of_visible_complex_cardinal_and_is_immediately_followed_by_count_classifier_个	Wu 2024 journal p.370 examples (7)-(8) and p.381 example (20a)	YI_T2	YI_T2	yi2	YI_T2	MATCH	MATCH	ELIGIBLE_SIMPLEX_FRAME	FALSE	FALSE
35229	SSB0631	SSB06310295.TextGrid	BARE	5	4	1	一	这不是一个部门能说了算	development	这不是	是	个	个部门能说了算	CLEAR_SIMPLEX	SIMPLEX_OTHER_EXTERNAL_CONTEXT	R3_REMAINING_SIMPLEX_YI_GE	selected_一_is_not_part_of_visible_complex_cardinal_and_is_immediately_followed_by_count_classifier_个	Wu 2024 journal p.370 examples (7)-(8) and p.381 example (20a)	YI_T2	YI_T2	yi2	YI_T2	MATCH	MATCH	ELIGIBLE_SIMPLEX_FRAME	FALSE	FALSE
35257	SSB0631	SSB06310326.TextGrid	BARE	16	12	1	一	我将在星球大战八中扮演一个反派角色	development	星球大战八中扮演	演	个	个反派角色	CLEAR_SIMPLEX	SIMPLEX_OTHER_EXTERNAL_CONTEXT	R3_REMAINING_SIMPLEX_YI_GE	selected_一_is_not_part_of_visible_complex_cardinal_and_is_immediately_followed_by_count_classifier_个	Wu 2024 journal p.370 examples (7)-(8) and p.381 example (20a)	YI_T2	YI_T2	yi2	YI_T2	MATCH	MATCH	ELIGIBLE_SIMPLEX_FRAME	FALSE	FALSE
35289	SSB0631	SSB06310363.TextGrid	BARE	18	16	1	一	因为消费者不一定全屋家电都买同一个品牌	development	定全屋家电都买同	同	个	个品牌	CLEAR_SIMPLEX	SIMPLEX_MODIFIED_TONG	R3_REMAINING_SIMPLEX_YI_GE	visible_string=同一个; selected_一_is_immediately_followed_by_count_classifier_个	Wu 2024 journal p.370 examples (7)-(8) and p.381 example (20a)	YI_T2	YI_T2	yi2	YI_T2	MATCH	MATCH	ELIGIBLE_SIMPLEX_FRAME	FALSE	FALSE
35434	SSB0632	SSB06320038.TextGrid	BARE	4	3	1	一	这是一个典型的美国故事	development	这是	是	个	个典型的美国故事	CLEAR_SIMPLEX	SIMPLEX_OTHER_EXTERNAL_CONTEXT	R3_REMAINING_SIMPLEX_YI_GE	selected_一_is_not_part_of_visible_complex_cardinal_and_is_immediately_followed_by_count_classifier_个	Wu 2024 journal p.370 examples (7)-(8) and p.381 example (20a)	YI_T2	YI_T2	yi2	YI_T2	MATCH	MATCH	ELIGIBLE_SIMPLEX_FRAME	FALSE	FALSE
35439	SSB0632	SSB06320043.TextGrid	BARE	13	11	1	一	被卡在二楼和三楼间近一个小时	development	在二楼和三楼间近	近	个	个小时	CLEAR_SIMPLEX	SIMPLEX_OTHER_EXTERNAL_CONTEXT	R3_REMAINING_SIMPLEX_YI_GE	selected_一_is_not_part_of_visible_complex_cardinal_and_is_immediately_followed_by_count_classifier_个	Wu 2024 journal p.370 examples (7)-(8) and p.381 example (20a)	YI_T2	YI_T2	yi2	YI_T2	MATCH	MATCH	ELIGIBLE_SIMPLEX_FRAME	FALSE	FALSE
35456	SSB0632	SSB06320062.TextGrid	BARE	10	9	1	一	投入笔记本市场是一个不错的选择	development	投入笔记本市场是	是	个	个不错的选择	CLEAR_SIMPLEX	SIMPLEX_OTHER_EXTERNAL_CONTEXT	R3_REMAINING_SIMPLEX_YI_GE	selected_一_is_not_part_of_visible_complex_cardinal_and_is_immediately_followed_by_count_classifier_个	Wu 2024 journal p.370 examples (7)-(8) and p.381 example (20a)	YI_T2	YI_T2	yi2	YI_T2	MATCH	MATCH	ELIGIBLE_SIMPLEX_FRAME	FALSE	FALSE
35554	SSB0632	SSB06320162.TextGrid	BARE	7	6	1	一	也终于做了一个艰难的决定	development	也终于做了	了	个	个艰难的决定	CLEAR_SIMPLEX	SIMPLEX_OTHER_EXTERNAL_CONTEXT	R3_REMAINING_SIMPLEX_YI_GE	selected_一_is_not_part_of_visible_complex_cardinal_and_is_immediately_followed_by_count_classifier_个	Wu 2024 journal p.370 examples (7)-(8) and p.381 example (20a)	YI_T2	YI_T2	yi2	YI_T2	MATCH	MATCH	ELIGIBLE_SIMPLEX_FRAME	FALSE	FALSE
35754	SSB0632	SSB06320368.TextGrid	BARE	2	1	1	一	一个由自己控制的公司更易于集中精力创新	development		START	个	个由自己控制的公	CLEAR_SIMPLEX	SIMPLEX_OTHER_EXTERNAL_CONTEXT	R3_REMAINING_SIMPLEX_YI_GE	selected_一_is_not_part_of_visible_complex_cardinal_and_is_immediately_followed_by_count_classifier_个	Wu 2024 journal p.370 examples (7)-(8) and p.381 example (20a)	YI_T2	YI_T2	yi2	YI_T2	MATCH	MATCH	ELIGIBLE_SIMPLEX_FRAME	FALSE	FALSE
35836	SSB0632	SSB06320451.TextGrid	BARE	2	1	1	一	一个人在密闭的环境下	development		START	个	个人在密闭的环境	CLEAR_SIMPLEX	SIMPLEX_OTHER_EXTERNAL_CONTEXT	R3_REMAINING_SIMPLEX_YI_GE	selected_一_is_not_part_of_visible_complex_cardinal_and_is_immediately_followed_by_count_classifier_个	Wu 2024 journal p.370 examples (7)-(8) and p.381 example (20a)	YI_T2	YI_T2	yi2	YI_T2	MATCH	MATCH	ELIGIBLE_SIMPLEX_FRAME	FALSE	FALSE
35873	SSB0666	SSB06660031.TextGrid	BARE	12	10	1	一	我感觉杰森是孤零零一个人	development	感觉杰森是孤零零	零	个	个人	CLEAR_SIMPLEX	SIMPLEX_OTHER_EXTERNAL_CONTEXT	R3_REMAINING_SIMPLEX_YI_GE	selected_一_is_not_part_of_visible_complex_cardinal_and_is_immediately_followed_by_count_classifier_个	Wu 2024 journal p.370 examples (7)-(8) and p.381 example (20a)	YI_T2	YI_T2	yi2	YI_T2	MATCH	MATCH	ELIGIBLE_SIMPLEX_FRAME	FALSE	FALSE
36096	SSB0666	SSB06660265.TextGrid	BARE	4	3	1	一	作为一个尚有许多地方傲实提高的马圈新人	development	作为	为	个	个尚有许多地方傲	CLEAR_SIMPLEX	SIMPLEX_OTHER_EXTERNAL_CONTEXT	R3_REMAINING_SIMPLEX_YI_GE	selected_一_is_not_part_of_visible_complex_cardinal_and_is_immediately_followed_by_count_classifier_个	Wu 2024 journal p.370 examples (7)-(8) and p.381 example (20a)	YI_T2	YI_T2	yi2	YI_T2	MATCH	MATCH	ELIGIBLE_SIMPLEX_FRAME	FALSE	FALSE
36195	SSB0666	SSB06660367.TextGrid	BARE	8	7	1	一	柯林相信这是一个高级贩毒团伙儿	development	柯林相信这是	是	个	个高级贩毒团伙儿	CLEAR_SIMPLEX	SIMPLEX_OTHER_EXTERNAL_CONTEXT	R3_REMAINING_SIMPLEX_YI_GE	selected_一_is_not_part_of_visible_complex_cardinal_and_is_immediately_followed_by_count_classifier_个	Wu 2024 journal p.370 examples (7)-(8) and p.381 example (20a)	YI_T2	YI_T2	yi2	YI_T2	MATCH	MATCH	ELIGIBLE_SIMPLEX_FRAME	FALSE	FALSE
36272	SSB0666	SSB06660448.TextGrid	BARE	8	7	1	一	每个句子都有一个规范推导	development	每个句子都有	有	个	个规范推导	CLEAR_SIMPLEX	SIMPLEX_OTHER_EXTERNAL_CONTEXT	R3_REMAINING_SIMPLEX_YI_GE	selected_一_is_not_part_of_visible_complex_cardinal_and_is_immediately_followed_by_count_classifier_个	Wu 2024 journal p.370 examples (7)-(8) and p.381 example (20a)	YI_T2	YI_T2	yi2	YI_T2	MATCH	MATCH	ELIGIBLE_SIMPLEX_FRAME	FALSE	FALSE
36334	SSB0668	SSB06680008.TextGrid	BARE	2	1	1	一	一个星期里惬意的时候终于到了	confirmation		START	个	个星期里惬意的时	CLEAR_SIMPLEX	SIMPLEX_OTHER_EXTERNAL_CONTEXT	R3_REMAINING_SIMPLEX_YI_GE	selected_一_is_not_part_of_visible_complex_cardinal_and_is_immediately_followed_by_count_classifier_个	Wu 2024 journal p.370 examples (7)-(8) and p.381 example (20a)	YI_T2	YI_T2	yi2	YI_T2	MATCH	MATCH	ELIGIBLE_SIMPLEX_FRAME	FALSE	FALSE
36342	SSB0668	SSB06680016.TextGrid	BARE	5	4	1	一	某人在一个法律事务所主持会议	confirmation	某人在	在	个	个法律事务所主持	CLEAR_SIMPLEX	SIMPLEX_OTHER_EXTERNAL_CONTEXT	R3_REMAINING_SIMPLEX_YI_GE	selected_一_is_not_part_of_visible_complex_cardinal_and_is_immediately_followed_by_count_classifier_个	Wu 2024 journal p.370 examples (7)-(8) and p.381 example (20a)	YI_T2	YI_T2	yi2	YI_T2	MATCH	MATCH	ELIGIBLE_SIMPLEX_FRAME	FALSE	FALSE
36663	SSB0668	SSB06680343.TextGrid	BARE	4	3	1	一	喜欢一个人也要有节制	confirmation	喜欢	欢	个	个人也要有节制	CLEAR_SIMPLEX	SIMPLEX_OTHER_EXTERNAL_CONTEXT	R3_REMAINING_SIMPLEX_YI_GE	selected_一_is_not_part_of_visible_complex_cardinal_and_is_immediately_followed_by_count_classifier_个	Wu 2024 journal p.370 examples (7)-(8) and p.381 example (20a)	YI_T2	YI_T2	yi2	YI_T2	MATCH	MATCH	ELIGIBLE_SIMPLEX_FRAME	FALSE	FALSE
36669	SSB0668	SSB06680349.TextGrid	ORDINAL	10	8	1	一	第一排第一行第一个	confirmation	第一排第一行第	第	个	个	ORDINAL_ABSOLUTE	EXACT_DI_YI_GE	R0_EXACT_ORDINAL	selected_target_occurs_in_exact_第一个	Wu 2024 journal p.374 example (15)	YI_T1	YI_T1	yi1	YI_T1	MATCH	MATCH	ELIGIBLE_ORDINAL_FRAME	FALSE	FALSE
36690	SSB0668	SSB06680371.TextGrid	ORDINAL	5	4	1	一	那我第一个走好了	confirmation	那我第	第	个	个走好了	ORDINAL_ABSOLUTE	EXACT_DI_YI_GE	R0_EXACT_ORDINAL	selected_target_occurs_in_exact_第一个	Wu 2024 journal p.374 example (15)	YI_T1	YI_T1	yi1	YI_T1	MATCH	MATCH	ELIGIBLE_ORDINAL_FRAME	FALSE	FALSE
36701	SSB0668	SSB06680383.TextGrid	BARE	9	8	1	一	黎瑞恩的一人有一个梦想	confirmation	黎瑞恩的一人有	有	个	个梦想	CLEAR_SIMPLEX	SIMPLEX_OTHER_EXTERNAL_CONTEXT	R3_REMAINING_SIMPLEX_YI_GE	selected_一_is_not_part_of_visible_complex_cardinal_and_is_immediately_followed_by_count_classifier_个	Wu 2024 journal p.370 examples (7)-(8) and p.381 example (20a)	YI_T2	YI_T2	yi2	YI_T2	MATCH	MATCH	ELIGIBLE_SIMPLEX_FRAME	FALSE	FALSE
36725	SSB0668	SSB06680408.TextGrid	BARE	6	5	1	一	她是最后一个见到她儿子的人	confirmation	她是最后	后	个	个见到她儿子的人	CLEAR_SIMPLEX	SIMPLEX_SEQUENTIAL_ZUIHOU	R3_REMAINING_SIMPLEX_YI_GE	visible_string=最后一个; selected_一_is_immediately_followed_by_count_classifier_个	Wu 2024 journal p.370 examples (7)-(8) and p.381 example (20a)	YI_T2	YI_T2	yi2	YI_T2	MATCH	MATCH	ELIGIBLE_SIMPLEX_FRAME	FALSE	FALSE
36835	SSB0671	SSB06710012.TextGrid	BARE	2	1	1	一	一个佛罗拉不愿意让我看见的秘密之处	development		START	个	个佛罗拉不愿意让	CLEAR_SIMPLEX	SIMPLEX_OTHER_EXTERNAL_CONTEXT	R3_REMAINING_SIMPLEX_YI_GE	selected_一_is_not_part_of_visible_complex_cardinal_and_is_immediately_followed_by_count_classifier_个	Wu 2024 journal p.370 examples (7)-(8) and p.381 example (20a)	YI_T2	YI_T2	yi2	YI_T2	MATCH	MATCH	ELIGIBLE_SIMPLEX_FRAME	FALSE	FALSE
36855	SSB0671	SSB06710032.TextGrid	BARE	6	5	1	一	当你念出一个个名字	development	当你念出	出	个	个个名字	CLEAR_SIMPLEX	SIMPLEX_OTHER_EXTERNAL_CONTEXT	R3_REMAINING_SIMPLEX_YI_GE	selected_一_is_not_part_of_visible_complex_cardinal_and_is_immediately_followed_by_count_classifier_个	Wu 2024 journal p.370 examples (7)-(8) and p.381 example (20a)	YI_T2	YI_T2	yi2	YI_T2	MATCH	MATCH	ELIGIBLE_SIMPLEX_FRAME	FALSE	FALSE
36922	SSB0671	SSB06710103.TextGrid	BARE	5	4	1	一	就拿出一个具有独立品牌的获奖名单	development	就拿出	出	个	个具有独立品牌的	CLEAR_SIMPLEX	SIMPLEX_OTHER_EXTERNAL_CONTEXT	R3_REMAINING_SIMPLEX_YI_GE	selected_一_is_not_part_of_visible_complex_cardinal_and_is_immediately_followed_by_count_classifier_个	Wu 2024 journal p.370 examples (7)-(8) and p.381 example (20a)	YI_T2	YI_T2	yi2	YI_T2	MATCH	MATCH	ELIGIBLE_SIMPLEX_FRAME	FALSE	FALSE
36950	SSB0671	SSB06710132.TextGrid	BARE	6	5	1	一	马克是哪一个男孩儿	development	马克是哪	哪	个	个男孩儿	CLEAR_SIMPLEX	SIMPLEX_OTHER_EXTERNAL_CONTEXT	R3_REMAINING_SIMPLEX_YI_GE	selected_一_is_not_part_of_visible_complex_cardinal_and_is_immediately_followed_by_count_classifier_个	Wu 2024 journal p.370 examples (7)-(8) and p.381 example (20a)	YI_T2	YI_T2	yi2	YI_T2	MATCH	MATCH	ELIGIBLE_SIMPLEX_FRAME	FALSE	FALSE
37061	SSB0671	SSB06710246.TextGrid	BARE	6	5	1	一	我能成为一个很好的助手	development	我能成为	为	个	个很好的助手	CLEAR_SIMPLEX	SIMPLEX_OTHER_EXTERNAL_CONTEXT	R3_REMAINING_SIMPLEX_YI_GE	selected_一_is_not_part_of_visible_complex_cardinal_and_is_immediately_followed_by_count_classifier_个	Wu 2024 journal p.370 examples (7)-(8) and p.381 example (20a)	YI_T2	YI_T2	yi2	YI_T2	MATCH	MATCH	ELIGIBLE_SIMPLEX_FRAME	FALSE	FALSE
37070	SSB0671	SSB06710256.TextGrid	BARE	2	1	1	一	一个女孩儿惨遭杀害	development		START	个	个女孩儿惨遭杀害	CLEAR_SIMPLEX	SIMPLEX_OTHER_EXTERNAL_CONTEXT	R3_REMAINING_SIMPLEX_YI_GE	selected_一_is_not_part_of_visible_complex_cardinal_and_is_immediately_followed_by_count_classifier_个	Wu 2024 journal p.370 examples (7)-(8) and p.381 example (20a)	YI_T2	YI_T2	yi2	YI_T2	MATCH	MATCH	ELIGIBLE_SIMPLEX_FRAME	FALSE	FALSE
37200	SSB0671	SSB06710387.TextGrid	BARE	5	4	1	一	还有另一个男人	development	还有另	另	个	个男人	CLEAR_SIMPLEX	SIMPLEX_MODIFIED_LING	R3_REMAINING_SIMPLEX_YI_GE	visible_string=另一个; selected_一_is_immediately_followed_by_count_classifier_个	Wu 2024 journal p.370 examples (7)-(8) and p.381 example (20a)	YI_T2	YI_T2	yi2	YI_T2	MATCH	MATCH	ELIGIBLE_SIMPLEX_FRAME	FALSE	FALSE
37244	SSB0671	SSB06710433.TextGrid	BARE	7	6	1	一	但是我们每一个行动必须以组织为准则	development	但是我们每	每	个	个行动必须以组织	CLEAR_SIMPLEX	SIMPLEX_MODIFIED_MEI	R3_REMAINING_SIMPLEX_YI_GE	visible_string=每一个; selected_一_is_immediately_followed_by_count_classifier_个	Wu 2024 journal p.370 examples (7)-(8) and p.381 example (20a)	YI_T2	YI_T2	yi2	YI_T2	MATCH	MATCH	ELIGIBLE_SIMPLEX_FRAME	FALSE	FALSE
37258	SSB0671	SSB06710448.TextGrid	BARE	14	13	1	一	是任何事情都有可能发生的一个绝好例子	development	情都有可能发生的	的	个	个绝好例子	CLEAR_SIMPLEX	SIMPLEX_OTHER_EXTERNAL_CONTEXT	R3_REMAINING_SIMPLEX_YI_GE	selected_一_is_not_part_of_visible_complex_cardinal_and_is_immediately_followed_by_count_classifier_个	Wu 2024 journal p.370 examples (7)-(8) and p.381 example (20a)	YI_T2	YI_T2	yi2	YI_T2	MATCH	MATCH	ELIGIBLE_SIMPLEX_FRAME	FALSE	FALSE
37312	SSB0671	SSB06710504.TextGrid	BARE	17	15	1	一	因为每个人必须真正为自己订下一个目标	development	须真正为自己订下	下	个	个目标	CLEAR_SIMPLEX	SIMPLEX_SEQUENTIAL_XIA	R3_REMAINING_SIMPLEX_YI_GE	visible_string=下一个; selected_一_is_immediately_followed_by_count_classifier_个	Wu 2024 journal p.370 examples (7)-(8) and p.381 example (20a)	YI_T2	YI_T2	yi2	YI_T2	MATCH	MATCH	ELIGIBLE_SIMPLEX_FRAME	FALSE	FALSE
37538	SSB0686	SSB06860270.TextGrid	BARE	6	5	1	一	我告诉你一个有趣的故事	confirmation	我告诉你	你	个	个有趣的故事	CLEAR_SIMPLEX	SIMPLEX_OTHER_EXTERNAL_CONTEXT	R3_REMAINING_SIMPLEX_YI_GE	selected_一_is_not_part_of_visible_complex_cardinal_and_is_immediately_followed_by_count_classifier_个	Wu 2024 journal p.370 examples (7)-(8) and p.381 example (20a)	YI_T2	YI_T2	yi2	YI_T2	MATCH	MATCH	ELIGIBLE_SIMPLEX_FRAME	FALSE	FALSE
37661	SSB0686	SSB06860420.TextGrid	BARE	11	9	1	一	陪审团成员看着一一个被告	confirmation	陪审团成员看着一	一	个	个被告	AMBIGUOUS_OR_OUTSIDE_SCOPE	APPARENT_DUPLICATED_YI_TRANSCRIPT	R2_UNRESOLVED_ADJACENT_YI	visible_sequence=一一个; intended_wording_or_tokenization_not_recoverable_from_hanzi	no source prediction assigned	NO_PREDICTION	YI_T2	yi2	YI_T2	MATCH	NO_CONCLUSION_SCOPE	INELIGIBLE_SCOPE_UNRESOLVED	FALSE	FALSE
37765	SSB0700	SSB07000025.TextGrid	BARE	2	1	1	一	一个是欠缺这方面的意识	development		START	个	个是欠缺这方面的	CLEAR_SIMPLEX	SIMPLEX_OTHER_EXTERNAL_CONTEXT	R3_REMAINING_SIMPLEX_YI_GE	selected_一_is_not_part_of_visible_complex_cardinal_and_is_immediately_followed_by_count_classifier_个	Wu 2024 journal p.370 examples (7)-(8) and p.381 example (20a)	YI_T2	YI_T2	yi2	YI_T2	MATCH	MATCH	ELIGIBLE_SIMPLEX_FRAME	FALSE	FALSE
37886	SSB0700	SSB07000163.TextGrid	BARE	6	5	1	一	将被分配一个转换设备	development	将被分配	配	个	个转换设备	CLEAR_SIMPLEX	SIMPLEX_OTHER_EXTERNAL_CONTEXT	R3_REMAINING_SIMPLEX_YI_GE	selected_一_is_not_part_of_visible_complex_cardinal_and_is_immediately_followed_by_count_classifier_个	Wu 2024 journal p.370 examples (7)-(8) and p.381 example (20a)	YI_T2	YI_T2	yi2	YI_T2	MATCH	MATCH	ELIGIBLE_SIMPLEX_FRAME	FALSE	FALSE
37887	SSB0700	SSB07000164.TextGrid	BARE	4	3	1	一	作为一个优秀运动员	development	作为	为	个	个优秀运动员	CLEAR_SIMPLEX	SIMPLEX_OTHER_EXTERNAL_CONTEXT	R3_REMAINING_SIMPLEX_YI_GE	selected_一_is_not_part_of_visible_complex_cardinal_and_is_immediately_followed_by_count_classifier_个	Wu 2024 journal p.370 examples (7)-(8) and p.381 example (20a)	YI_T2	YI_T2	yi2	YI_T2	MATCH	MATCH	ELIGIBLE_SIMPLEX_FRAME	FALSE	FALSE
38019	SSB0700	SSB07000303.TextGrid	BARE	7	5	1	一	立法制定一个专门针对土壤的法律显得很迫切	development	立法制定	定	个	个专门针对土壤的	CLEAR_SIMPLEX	SIMPLEX_OTHER_EXTERNAL_CONTEXT	R3_REMAINING_SIMPLEX_YI_GE	selected_一_is_not_part_of_visible_complex_cardinal_and_is_immediately_followed_by_count_classifier_个	Wu 2024 journal p.370 examples (7)-(8) and p.381 example (20a)	YI_T2	YI_T2	yi2	YI_T2	MATCH	MATCH	ELIGIBLE_SIMPLEX_FRAME	FALSE	FALSE
38055	SSB0700	SSB07000341.TextGrid	BARE	2	1	1	一	一个是欠缺这方面的能力	development		START	个	个是欠缺这方面的	CLEAR_SIMPLEX	SIMPLEX_OTHER_EXTERNAL_CONTEXT	R3_REMAINING_SIMPLEX_YI_GE	selected_一_is_not_part_of_visible_complex_cardinal_and_is_immediately_followed_by_count_classifier_个	Wu 2024 journal p.370 examples (7)-(8) and p.381 example (20a)	YI_T2	YI_T2	yi2	YI_T2	MATCH	MATCH	ELIGIBLE_SIMPLEX_FRAME	FALSE	FALSE
38095	SSB0700	SSB07000384.TextGrid	BARE	7	6	1	一	这些表现出一个男子单打选手能力的方面上有所欠缺	development	这些表现出	出	个	个男子单打选手能	CLEAR_SIMPLEX	SIMPLEX_OTHER_EXTERNAL_CONTEXT	R3_REMAINING_SIMPLEX_YI_GE	selected_一_is_not_part_of_visible_complex_cardinal_and_is_immediately_followed_by_count_classifier_个	Wu 2024 journal p.370 examples (7)-(8) and p.381 example (20a)	YI_T2	YI_T2	yi2	YI_T2	MATCH	MATCH	ELIGIBLE_SIMPLEX_FRAME	FALSE	FALSE
38197	SSB0710	SSB07100010.TextGrid	BARE	2	1	1	一	一个用了步枪很多年的人	development		START	个	个用了步枪很多年	CLEAR_SIMPLEX	SIMPLEX_OTHER_EXTERNAL_CONTEXT	R3_REMAINING_SIMPLEX_YI_GE	selected_一_is_not_part_of_visible_complex_cardinal_and_is_immediately_followed_by_count_classifier_个	Wu 2024 journal p.370 examples (7)-(8) and p.381 example (20a)	YI_T2	YI_T2	yi2	YI_T2	MATCH	MATCH	ELIGIBLE_SIMPLEX_FRAME	FALSE	FALSE
38200	SSB0710	SSB07100013.TextGrid	BARE	8	7	1	一	小时候欧玩过一个类似的游戏	development	小时候欧玩过	过	个	个类似的游戏	CLEAR_SIMPLEX	SIMPLEX_OTHER_EXTERNAL_CONTEXT	R3_REMAINING_SIMPLEX_YI_GE	selected_一_is_not_part_of_visible_complex_cardinal_and_is_immediately_followed_by_count_classifier_个	Wu 2024 journal p.370 examples (7)-(8) and p.381 example (20a)	YI_T2	YI_T2	yi2	YI_T2	MATCH	MATCH	ELIGIBLE_SIMPLEX_FRAME	FALSE	FALSE
38211	SSB0710	SSB07100025.TextGrid	BARE	7	6	1	一	我在和你说一个孩子的痛苦	development	我在和你说	说	个	个孩子的痛苦	CLEAR_SIMPLEX	SIMPLEX_OTHER_EXTERNAL_CONTEXT	R3_REMAINING_SIMPLEX_YI_GE	selected_一_is_not_part_of_visible_complex_cardinal_and_is_immediately_followed_by_count_classifier_个	Wu 2024 journal p.370 examples (7)-(8) and p.381 example (20a)	YI_T2	YI_T2	yi2	YI_T2	MATCH	MATCH	ELIGIBLE_SIMPLEX_FRAME	FALSE	FALSE
38330	SSB0710	SSB07100151.TextGrid	BARE	2	1	1	一	一个漂亮一个难看	development		START	个	个漂亮一个难看	CLEAR_SIMPLEX	SIMPLEX_OTHER_EXTERNAL_CONTEXT	R3_REMAINING_SIMPLEX_YI_GE	selected_一_is_not_part_of_visible_complex_cardinal_and_is_immediately_followed_by_count_classifier_个	Wu 2024 journal p.370 examples (7)-(8) and p.381 example (20a)	YI_T2	YI_T2	yi2	YI_T2	MATCH	MATCH	ELIGIBLE_SIMPLEX_FRAME	FALSE	FALSE
38330	SSB0710	SSB07100151.TextGrid	BARE	6	5	2	一	一个漂亮一个难看	development	一个漂亮	亮	个	个难看	CLEAR_SIMPLEX	SIMPLEX_OTHER_EXTERNAL_CONTEXT	R3_REMAINING_SIMPLEX_YI_GE	selected_一_is_not_part_of_visible_complex_cardinal_and_is_immediately_followed_by_count_classifier_个	Wu 2024 journal p.370 examples (7)-(8) and p.381 example (20a)	YI_T2	YI_T2	yi2	YI_T2	MATCH	MATCH	ELIGIBLE_SIMPLEX_FRAME	FALSE	FALSE
38586	SSB0710	SSB07100414.TextGrid	BARE	10	9	1	一	智能家居作为三星一个全新的战场	development	智能家居作为三星	星	个	个全新的战场	CLEAR_SIMPLEX	SIMPLEX_OTHER_EXTERNAL_CONTEXT	R3_REMAINING_SIMPLEX_YI_GE	selected_一_is_not_part_of_visible_complex_cardinal_and_is_immediately_followed_by_count_classifier_个	Wu 2024 journal p.370 examples (7)-(8) and p.381 example (20a)	YI_T2	YI_T2	yi2	YI_T2	MATCH	MATCH	ELIGIBLE_SIMPLEX_FRAME	FALSE	FALSE
38621	SSB0710	SSB07100453.TextGrid	BARE	5	4	1	一	这就是一个小三战胜了大婆儿熬走了小四	development	这就是	是	个	个小三战胜了大婆	CLEAR_SIMPLEX	SIMPLEX_OTHER_EXTERNAL_CONTEXT	R3_REMAINING_SIMPLEX_YI_GE	selected_一_is_not_part_of_visible_complex_cardinal_and_is_immediately_followed_by_count_classifier_个	Wu 2024 journal p.370 examples (7)-(8) and p.381 example (20a)	YI_T2	YI_T2	yi2	YI_T2	MATCH	MATCH	ELIGIBLE_SIMPLEX_FRAME	FALSE	FALSE
38679	SSB0720	SSB07200005.TextGrid	BARE	3	2	1	一	以一个容积率为三的项目用地为例	development	以	以	个	个容积率为三的项	CLEAR_SIMPLEX	SIMPLEX_OTHER_EXTERNAL_CONTEXT	R3_REMAINING_SIMPLEX_YI_GE	selected_一_is_not_part_of_visible_complex_cardinal_and_is_immediately_followed_by_count_classifier_个	Wu 2024 journal p.370 examples (7)-(8) and p.381 example (20a)	YI_T2	YI_T2	yi2	YI_T2	MATCH	MATCH	ELIGIBLE_SIMPLEX_FRAME	FALSE	FALSE
38772	SSB0720	SSB07200104.TextGrid	BARE	7	6	1	一	我们专门有一个确保交易服务安全的团队	development	我们专门有	有	个	个确保交易服务安	CLEAR_SIMPLEX	SIMPLEX_OTHER_EXTERNAL_CONTEXT	R3_REMAINING_SIMPLEX_YI_GE	selected_一_is_not_part_of_visible_complex_cardinal_and_is_immediately_followed_by_count_classifier_个	Wu 2024 journal p.370 examples (7)-(8) and p.381 example (20a)	YI_T2	YI_T2	yi2	YI_T2	MATCH	MATCH	ELIGIBLE_SIMPLEX_FRAME	FALSE	FALSE
38796	SSB0720	SSB07200131.TextGrid	BARE	11	10	1	一	绍兴柯桥一家金店将一个包裹寄往深圳	development	兴柯桥一家金店将	将	个	个包裹寄往深圳	CLEAR_SIMPLEX	SIMPLEX_OTHER_EXTERNAL_CONTEXT	R3_REMAINING_SIMPLEX_YI_GE	selected_一_is_not_part_of_visible_complex_cardinal_and_is_immediately_followed_by_count_classifier_个	Wu 2024 journal p.370 examples (7)-(8) and p.381 example (20a)	YI_T2	YI_T2	yi2	YI_T2	MATCH	MATCH	ELIGIBLE_SIMPLEX_FRAME	FALSE	FALSE
38953	SSB0720	SSB07200303.TextGrid	BARE	15	14	1	一	如果能够通过买房为子女获得一个好的学位	development	过买房为子女获得	得	个	个好的学位	CLEAR_SIMPLEX	SIMPLEX_OTHER_EXTERNAL_CONTEXT	R3_REMAINING_SIMPLEX_YI_GE	selected_一_is_not_part_of_visible_complex_cardinal_and_is_immediately_followed_by_count_classifier_个	Wu 2024 journal p.370 examples (7)-(8) and p.381 example (20a)	YI_T2	YI_T2	yi2	YI_T2	MATCH	MATCH	ELIGIBLE_SIMPLEX_FRAME	FALSE	FALSE
39016	SSB0720	SSB07200374.TextGrid	BARE	7	6	1	一	郎平完全是一个缔造者的角色	development	郎平完全是	是	个	个缔造者的角色	CLEAR_SIMPLEX	SIMPLEX_OTHER_EXTERNAL_CONTEXT	R3_REMAINING_SIMPLEX_YI_GE	selected_一_is_not_part_of_visible_complex_cardinal_and_is_immediately_followed_by_count_classifier_个	Wu 2024 journal p.370 examples (7)-(8) and p.381 example (20a)	YI_T2	YI_T2	yi2	YI_T2	MATCH	MATCH	ELIGIBLE_SIMPLEX_FRAME	FALSE	FALSE
39029	SSB0720	SSB07200387.TextGrid	BARE	15	14	1	一	而独栋别墅常常就作为开发商一个项目的楼王产品发售	development	常常就作为开发商	商	个	个项目的楼王产品	CLEAR_SIMPLEX	SIMPLEX_OTHER_EXTERNAL_CONTEXT	R3_REMAINING_SIMPLEX_YI_GE	selected_一_is_not_part_of_visible_complex_cardinal_and_is_immediately_followed_by_count_classifier_个	Wu 2024 journal p.370 examples (7)-(8) and p.381 example (20a)	YI_T2	YI_T2	yi2	YI_T2	MATCH	MATCH	ELIGIBLE_SIMPLEX_FRAME	FALSE	FALSE
39080	SSB0720	SSB07200440.TextGrid	ORDINAL	19	18	1	一	郎平也拿下自己作为主教练所获得的第一个世界冠军	development	主教练所获得的第	第	个	个世界冠军	ORDINAL_ABSOLUTE	EXACT_DI_YI_GE	R0_EXACT_ORDINAL	selected_target_occurs_in_exact_第一个	Wu 2024 journal p.374 example (15)	YI_T1	YI_T1	yi1	YI_T1	MATCH	MATCH	ELIGIBLE_ORDINAL_FRAME	FALSE	FALSE
39108	SSB0720	SSB07200473.TextGrid	BARE	19	17	1	一	为地方政府批地和审批规划中提供了一个确切的标准	development	审批规划中提供了	了	个	个确切的标准	CLEAR_SIMPLEX	SIMPLEX_OTHER_EXTERNAL_CONTEXT	R3_REMAINING_SIMPLEX_YI_GE	selected_一_is_not_part_of_visible_complex_cardinal_and_is_immediately_followed_by_count_classifier_个	Wu 2024 journal p.370 examples (7)-(8) and p.381 example (20a)	YI_T2	YI_T2	yi2	YI_T2	MATCH	MATCH	ELIGIBLE_SIMPLEX_FRAME	FALSE	FALSE
39153	SSB0723	SSB07230037.TextGrid	BARE	9	8	1	一	推网上子品牌是一个趋势	development	推网上子品牌是	是	个	个趋势	CLEAR_SIMPLEX	SIMPLEX_OTHER_EXTERNAL_CONTEXT	R3_REMAINING_SIMPLEX_YI_GE	selected_一_is_not_part_of_visible_complex_cardinal_and_is_immediately_followed_by_count_classifier_个	Wu 2024 journal p.370 examples (7)-(8) and p.381 example (20a)	YI_T2	YI_T2	yi2	YI_T2	MATCH	MATCH	ELIGIBLE_SIMPLEX_FRAME	FALSE	FALSE
39262	SSB0723	SSB07230155.TextGrid	BARE	8	7	1	一	自动洗狗机是一个叫罗曼雅里的法国人发明的	development	自动洗狗机是	是	个	个叫罗曼雅里的法	CLEAR_SIMPLEX	SIMPLEX_OTHER_EXTERNAL_CONTEXT	R3_REMAINING_SIMPLEX_YI_GE	selected_一_is_not_part_of_visible_complex_cardinal_and_is_immediately_followed_by_count_classifier_个	Wu 2024 journal p.370 examples (7)-(8) and p.381 example (20a)	YI_T2	YI_T2	yi2	YI_T2	MATCH	MATCH	ELIGIBLE_SIMPLEX_FRAME	FALSE	FALSE
39291	SSB0723	SSB07230186.TextGrid	BARE	6	5	1	一	她收到了一个好消息	development	她收到了	了	个	个好消息	CLEAR_SIMPLEX	SIMPLEX_OTHER_EXTERNAL_CONTEXT	R3_REMAINING_SIMPLEX_YI_GE	selected_一_is_not_part_of_visible_complex_cardinal_and_is_immediately_followed_by_count_classifier_个	Wu 2024 journal p.370 examples (7)-(8) and p.381 example (20a)	YI_T2	YI_T2	yi2	YI_T2	MATCH	MATCH	ELIGIBLE_SIMPLEX_FRAME	FALSE	FALSE
39307	SSB0723	SSB07230203.TextGrid	BARE	11	10	1	一	无公害可追溯绝对是一个避不开的痛点	development	公害可追溯绝对是	是	个	个避不开的痛点	CLEAR_SIMPLEX	SIMPLEX_OTHER_EXTERNAL_CONTEXT	R3_REMAINING_SIMPLEX_YI_GE	selected_一_is_not_part_of_visible_complex_cardinal_and_is_immediately_followed_by_count_classifier_个	Wu 2024 journal p.370 examples (7)-(8) and p.381 example (20a)	YI_T2	YI_T2	yi2	YI_T2	MATCH	MATCH	ELIGIBLE_SIMPLEX_FRAME	FALSE	FALSE
39361	SSB0723	SSB07230260.TextGrid	BARE	5	4	1	一	成为又一个加速推出高端项目的重要因素	development	成为又	又	个	个加速推出高端项	CLEAR_SIMPLEX	SIMPLEX_OTHER_EXTERNAL_CONTEXT	R3_REMAINING_SIMPLEX_YI_GE	selected_一_is_not_part_of_visible_complex_cardinal_and_is_immediately_followed_by_count_classifier_个	Wu 2024 journal p.370 examples (7)-(8) and p.381 example (20a)	YI_T2	YI_T2	yi2	YI_T2	MATCH	MATCH	ELIGIBLE_SIMPLEX_FRAME	FALSE	FALSE
39370	SSB0723	SSB07230269.TextGrid	BARE	3	2	1	一	据一个亲眼见过实物的网友说	development	据	据	个	个亲眼见过实物的	CLEAR_SIMPLEX	SIMPLEX_OTHER_EXTERNAL_CONTEXT	R3_REMAINING_SIMPLEX_YI_GE	selected_一_is_not_part_of_visible_complex_cardinal_and_is_immediately_followed_by_count_classifier_个	Wu 2024 journal p.370 examples (7)-(8) and p.381 example (20a)	YI_T2	YI_T2	yi2	YI_T2	MATCH	MATCH	ELIGIBLE_SIMPLEX_FRAME	FALSE	FALSE
39390	SSB0723	SSB07230290.TextGrid	BARE	9	8	1	一	不少人心中仍有一个疑问说好的变申办为邀请	development	不少人心中仍有	有	个	个疑问说好的变申	CLEAR_SIMPLEX	SIMPLEX_OTHER_EXTERNAL_CONTEXT	R3_REMAINING_SIMPLEX_YI_GE	selected_一_is_not_part_of_visible_complex_cardinal_and_is_immediately_followed_by_count_classifier_个	Wu 2024 journal p.370 examples (7)-(8) and p.381 example (20a)	YI_T2	YI_T2	yi2	YI_T2	MATCH	MATCH	ELIGIBLE_SIMPLEX_FRAME	FALSE	FALSE
39471	SSB0723	SSB07230380.TextGrid	BARE	13	12	1	一	目前仅有金隅翡丽蓝爵堡一个别墅型项目在售	development	有金隅翡丽蓝爵堡	堡	个	个别墅型项目在售	CLEAR_SIMPLEX	SIMPLEX_OTHER_EXTERNAL_CONTEXT	R3_REMAINING_SIMPLEX_YI_GE	selected_一_is_not_part_of_visible_complex_cardinal_and_is_immediately_followed_by_count_classifier_个	Wu 2024 journal p.370 examples (7)-(8) and p.381 example (20a)	YI_T2	YI_T2	yi2	YI_T2	MATCH	MATCH	ELIGIBLE_SIMPLEX_FRAME	FALSE	FALSE
39487	SSB0723	SSB07230396.TextGrid	BARE	5	4	1	一	看看这一个个响当当的名号	development	看看这	这	个	个个响当当的名号	CLEAR_SIMPLEX	SIMPLEX_OTHER_EXTERNAL_CONTEXT	R3_REMAINING_SIMPLEX_YI_GE	selected_一_is_not_part_of_visible_complex_cardinal_and_is_immediately_followed_by_count_classifier_个	Wu 2024 journal p.370 examples (7)-(8) and p.381 example (20a)	YI_T2	YI_T2	yi2	YI_T2	MATCH	MATCH	ELIGIBLE_SIMPLEX_FRAME	FALSE	FALSE
39498	SSB0723	SSB07230407.TextGrid	BARE	5	4	1	一	沃勒是一个非常冷酷的寡妇	development	沃勒是	是	个	个非常冷酷的寡妇	CLEAR_SIMPLEX	SIMPLEX_OTHER_EXTERNAL_CONTEXT	R3_REMAINING_SIMPLEX_YI_GE	selected_一_is_not_part_of_visible_complex_cardinal_and_is_immediately_followed_by_count_classifier_个	Wu 2024 journal p.370 examples (7)-(8) and p.381 example (20a)	YI_T2	YI_T2	yi2	YI_T2	MATCH	MATCH	ELIGIBLE_SIMPLEX_FRAME	FALSE	FALSE
39514	SSB0723	SSB07230423.TextGrid	BARE	17	15	1	一	也将北京商品住宅成交价格再上一个新台阶	development	住宅成交价格再上	上	个	个新台阶	CLEAR_SIMPLEX	SIMPLEX_SEQUENTIAL_SHANG	R3_REMAINING_SIMPLEX_YI_GE	visible_string=上一个; selected_一_is_immediately_followed_by_count_classifier_个	Wu 2024 journal p.370 examples (7)-(8) and p.381 example (20a)	YI_T2	YI_T2	yi2	YI_T2	MATCH	MATCH	ELIGIBLE_SIMPLEX_FRAME	FALSE	FALSE
39724	SSB0737	SSB07370162.TextGrid	BARE	7	6	1	一	我问卢卡斯一个问题可卢卡斯就是胡扯个没完	development	我问卢卡斯	斯	个	个问题可卢卡斯就	CLEAR_SIMPLEX	SIMPLEX_OTHER_EXTERNAL_CONTEXT	R3_REMAINING_SIMPLEX_YI_GE	selected_一_is_not_part_of_visible_complex_cardinal_and_is_immediately_followed_by_count_classifier_个	Wu 2024 journal p.370 examples (7)-(8) and p.381 example (20a)	YI_T2	YI_T2	yi2	YI_T2	MATCH	MATCH	ELIGIBLE_SIMPLEX_FRAME	FALSE	FALSE
39790	SSB0737	SSB07370229.TextGrid	BARE	3	2	1	一	来一个新鲜鸡肉自作的公司三明治怎麽样	development	来	来	个	个新鲜鸡肉自作的	CLEAR_SIMPLEX	SIMPLEX_OTHER_EXTERNAL_CONTEXT	R3_REMAINING_SIMPLEX_YI_GE	selected_一_is_not_part_of_visible_complex_cardinal_and_is_immediately_followed_by_count_classifier_个	Wu 2024 journal p.370 examples (7)-(8) and p.381 example (20a)	YI_T2	YI_T2	yi2	YI_T2	MATCH	MATCH	ELIGIBLE_SIMPLEX_FRAME	FALSE	FALSE
39907	SSB0737	SSB07370349.TextGrid	BARE	7	6	1	一	他们给了我一个工作	development	他们给了我	我	个	个工作	CLEAR_SIMPLEX	SIMPLEX_OTHER_EXTERNAL_CONTEXT	R3_REMAINING_SIMPLEX_YI_GE	selected_一_is_not_part_of_visible_complex_cardinal_and_is_immediately_followed_by_count_classifier_个	Wu 2024 journal p.370 examples (7)-(8) and p.381 example (20a)	YI_T2	YI_T2	yi2	YI_T2	MATCH	MATCH	ELIGIBLE_SIMPLEX_FRAME	FALSE	FALSE
39934	SSB0737	SSB07370377.TextGrid	BARE	14	13	1	一	如果百丽儿是在长岛遇见了一个普通的男生的话	development	儿是在长岛遇见了	了	个	个普通的男生的话	CLEAR_SIMPLEX	SIMPLEX_OTHER_EXTERNAL_CONTEXT	R3_REMAINING_SIMPLEX_YI_GE	selected_一_is_not_part_of_visible_complex_cardinal_and_is_immediately_followed_by_count_classifier_个	Wu 2024 journal p.370 examples (7)-(8) and p.381 example (20a)	YI_T2	YI_T2	yi2	YI_T2	MATCH	MATCH	ELIGIBLE_SIMPLEX_FRAME	FALSE	FALSE
39961	SSB0737	SSB07370405.TextGrid	BARE	8	7	1	一	两个人的回忆一个人过	development	两个人的回忆	忆	个	个人过	CLEAR_SIMPLEX	SIMPLEX_OTHER_EXTERNAL_CONTEXT	R3_REMAINING_SIMPLEX_YI_GE	selected_一_is_not_part_of_visible_complex_cardinal_and_is_immediately_followed_by_count_classifier_个	Wu 2024 journal p.370 examples (7)-(8) and p.381 example (20a)	YI_T2	YI_T2	yi2	YI_T2	MATCH	MATCH	ELIGIBLE_SIMPLEX_FRAME	FALSE	FALSE
39979	SSB0737	SSB07370424.TextGrid	BARE	4	3	1	一	爱上一个不该爱的人	development	爱上	上	个	个不该爱的人	CLEAR_SIMPLEX	SIMPLEX_SEQUENTIAL_SHANG	R3_REMAINING_SIMPLEX_YI_GE	visible_string=上一个; selected_一_is_immediately_followed_by_count_classifier_个	Wu 2024 journal p.370 examples (7)-(8) and p.381 example (20a)	YI_T2	YI_T2	yi2	YI_T2	MATCH	MATCH	ELIGIBLE_SIMPLEX_FRAME	FALSE	FALSE
40300	SSB0746	SSB07460265.TextGrid	BARE	20	17	1	一	汤米说但这是在经济循环周期之外的一个感受	confirmation	济循环周期之外的	的	个	个感受	CLEAR_SIMPLEX	SIMPLEX_OTHER_EXTERNAL_CONTEXT	R3_REMAINING_SIMPLEX_YI_GE	selected_一_is_not_part_of_visible_complex_cardinal_and_is_immediately_followed_by_count_classifier_个	Wu 2024 journal p.370 examples (7)-(8) and p.381 example (20a)	YI_T2	YI_T2	yi2	YI_T2	MATCH	MATCH	ELIGIBLE_SIMPLEX_FRAME	FALSE	FALSE
40322	SSB0746	SSB07460291.TextGrid	BARE	9	8	1	一	我们认为约翰有一个隐蔽的地点	confirmation	我们认为约翰有	有	个	个隐蔽的地点	CLEAR_SIMPLEX	SIMPLEX_OTHER_EXTERNAL_CONTEXT	R3_REMAINING_SIMPLEX_YI_GE	selected_一_is_not_part_of_visible_complex_cardinal_and_is_immediately_followed_by_count_classifier_个	Wu 2024 journal p.370 examples (7)-(8) and p.381 example (20a)	YI_T2	YI_T2	yi2	YI_T2	MATCH	MATCH	ELIGIBLE_SIMPLEX_FRAME	FALSE	FALSE
40359	SSB0746	SSB07460334.TextGrid	BARE	16	14	1	一	卡斯帕罗夫试图引诱深蓝进入一个陷阱	confirmation	试图引诱深蓝进入	入	个	个陷阱	CLEAR_SIMPLEX	SIMPLEX_OTHER_EXTERNAL_CONTEXT	R3_REMAINING_SIMPLEX_YI_GE	selected_一_is_not_part_of_visible_complex_cardinal_and_is_immediately_followed_by_count_classifier_个	Wu 2024 journal p.370 examples (7)-(8) and p.381 example (20a)	YI_T2	YI_T2	yi2	YI_T2	MATCH	MATCH	ELIGIBLE_SIMPLEX_FRAME	FALSE	FALSE
40371	SSB0746	SSB07460348.TextGrid	BARE	6	5	1	一	只有当地一个信奉印度教的占星家相信约翰还活着	confirmation	只有当地	地	个	个信奉印度教的占	CLEAR_SIMPLEX	SIMPLEX_OTHER_EXTERNAL_CONTEXT	R3_REMAINING_SIMPLEX_YI_GE	selected_一_is_not_part_of_visible_complex_cardinal_and_is_immediately_followed_by_count_classifier_个	Wu 2024 journal p.370 examples (7)-(8) and p.381 example (20a)	YI_T2	YI_T2	yi2	YI_T2	MATCH	MATCH	ELIGIBLE_SIMPLEX_FRAME	FALSE	FALSE
40489	SSB0746	SSB07460484.TextGrid	BARE	18	16	1	一	矗立在会场旁宏伟的双子塔标记了一个新的里程碑	confirmation	伟的双子塔标记了	了	个	个新的里程碑	CLEAR_SIMPLEX	SIMPLEX_OTHER_EXTERNAL_CONTEXT	R3_REMAINING_SIMPLEX_YI_GE	selected_一_is_not_part_of_visible_complex_cardinal_and_is_immediately_followed_by_count_classifier_个	Wu 2024 journal p.370 examples (7)-(8) and p.381 example (20a)	YI_T2	YI_T2	yi2	YI_T2	MATCH	MATCH	ELIGIBLE_SIMPLEX_FRAME	FALSE	FALSE
40556	SSB0748	SSB07480044.TextGrid	BARE	10	9	1	一	在腕带两端设计有一个可调扣	development	在腕带两端设计有	有	个	个可调扣	CLEAR_SIMPLEX	SIMPLEX_OTHER_EXTERNAL_CONTEXT	R3_REMAINING_SIMPLEX_YI_GE	selected_一_is_not_part_of_visible_complex_cardinal_and_is_immediately_followed_by_count_classifier_个	Wu 2024 journal p.370 examples (7)-(8) and p.381 example (20a)	YI_T2	YI_T2	yi2	YI_T2	MATCH	MATCH	ELIGIBLE_SIMPLEX_FRAME	FALSE	FALSE
40636	SSB0748	SSB07480129.TextGrid	ORDINAL	11	10	1	一	她发现女子停留的第一个柜台里少了一枚戒指	development	发现女子停留的第	第	个	个柜台里少了一枚	ORDINAL_ABSOLUTE	EXACT_DI_YI_GE	R0_EXACT_ORDINAL	selected_target_occurs_in_exact_第一个	Wu 2024 journal p.374 example (15)	YI_T1	YI_T1	yi1	YI_T1	MATCH	MATCH	ELIGIBLE_ORDINAL_FRAME	FALSE	FALSE
40651	SSB0748	SSB07480144.TextGrid	BARE	2	1	1	一	一个是最近身体上有很多种伤病	development		START	个	个是最近身体上有	CLEAR_SIMPLEX	SIMPLEX_OTHER_EXTERNAL_CONTEXT	R3_REMAINING_SIMPLEX_YI_GE	selected_一_is_not_part_of_visible_complex_cardinal_and_is_immediately_followed_by_count_classifier_个	Wu 2024 journal p.370 examples (7)-(8) and p.381 example (20a)	YI_T2	YI_T2	yi2	YI_T2	MATCH	MATCH	ELIGIBLE_SIMPLEX_FRAME	FALSE	FALSE
40747	SSB0748	SSB07480246.TextGrid	BARE	5	4	1	一	侧边有一个手腕的测量标尺	development	侧边有	有	个	个手腕的测量标尺	CLEAR_SIMPLEX	SIMPLEX_OTHER_EXTERNAL_CONTEXT	R3_REMAINING_SIMPLEX_YI_GE	selected_一_is_not_part_of_visible_complex_cardinal_and_is_immediately_followed_by_count_classifier_个	Wu 2024 journal p.370 examples (7)-(8) and p.381 example (20a)	YI_T2	YI_T2	yi2	YI_T2	MATCH	MATCH	ELIGIBLE_SIMPLEX_FRAME	FALSE	FALSE
40761	SSB0748	SSB07480261.TextGrid	BARE	15	14	1	一	剩下的洽谈转型重组的时间仅一个季度左右	development	转型重组的时间仅	仅	个	个季度左右	CLEAR_SIMPLEX	SIMPLEX_OTHER_EXTERNAL_CONTEXT	R3_REMAINING_SIMPLEX_YI_GE	selected_一_is_not_part_of_visible_complex_cardinal_and_is_immediately_followed_by_count_classifier_个	Wu 2024 journal p.370 examples (7)-(8) and p.381 example (20a)	YI_T2	YI_T2	yi2	YI_T2	MATCH	MATCH	ELIGIBLE_SIMPLEX_FRAME	FALSE	FALSE
40887	SSB0748	SSB07480398.TextGrid	BARE	9	8	1	一	大家终于找到了一个适合服务类商品的电子商务模式	development	大家终于找到了	了	个	个适合服务类商品	CLEAR_SIMPLEX	SIMPLEX_OTHER_EXTERNAL_CONTEXT	R3_REMAINING_SIMPLEX_YI_GE	selected_一_is_not_part_of_visible_complex_cardinal_and_is_immediately_followed_by_count_classifier_个	Wu 2024 journal p.370 examples (7)-(8) and p.381 example (20a)	YI_T2	YI_T2	yi2	YI_T2	MATCH	MATCH	ELIGIBLE_SIMPLEX_FRAME	FALSE	FALSE
40897	SSB0748	SSB07480409.TextGrid	BARE	9	8	1	一	张继科坦言如果一个职业运动员光训练不比赛	development	张继科坦言如果	果	个	个职业运动员光训	CLEAR_SIMPLEX	SIMPLEX_OTHER_EXTERNAL_CONTEXT	R3_REMAINING_SIMPLEX_YI_GE	selected_一_is_not_part_of_visible_complex_cardinal_and_is_immediately_followed_by_count_classifier_个	Wu 2024 journal p.370 examples (7)-(8) and p.381 example (20a)	YI_T2	YI_T2	yi2	YI_T2	MATCH	MATCH	ELIGIBLE_SIMPLEX_FRAME	FALSE	FALSE
40904	SSB0748	SSB07480416.TextGrid	BARE	6	5	1	一	正面仅有一个手环的图案	development	正面仅有	有	个	个手环的图案	CLEAR_SIMPLEX	SIMPLEX_OTHER_EXTERNAL_CONTEXT	R3_REMAINING_SIMPLEX_YI_GE	selected_一_is_not_part_of_visible_complex_cardinal_and_is_immediately_followed_by_count_classifier_个	Wu 2024 journal p.370 examples (7)-(8) and p.381 example (20a)	YI_T2	YI_T2	yi2	YI_T2	MATCH	MATCH	ELIGIBLE_SIMPLEX_FRAME	FALSE	FALSE
40941	SSB0748	SSB07480458.TextGrid	BARE	2	1	1	一	一个非常人性化的设计	development		START	个	个非常人性化的设	CLEAR_SIMPLEX	SIMPLEX_OTHER_EXTERNAL_CONTEXT	R3_REMAINING_SIMPLEX_YI_GE	selected_一_is_not_part_of_visible_complex_cardinal_and_is_immediately_followed_by_count_classifier_个	Wu 2024 journal p.370 examples (7)-(8) and p.381 example (20a)	YI_T2	YI_T2	yi2	YI_T2	MATCH	MATCH	ELIGIBLE_SIMPLEX_FRAME	FALSE	FALSE
